title,artists,album,inLibrary,likeStatus,duration,duration_seconds,videoId,played_at,run_id
The Marriage Of Figaro - Overture,The Cavendish Orchestra,The Music Of Mozart,False,INDIFFERENT,4:21,261,xNjhlUmAvuQ,2024-08-31T05:52:47Z,commit:777ac1af
Seventy Six Trombones,Robert Preston & Original Broadway Cast Of The Music Man,The Music Man (Original Broadway Cast),False,INDIFFERENT,3:02,182,rYxNbEos2O4,2024-08-31T05:49:45Z,commit:777ac1af
J.S. Bach: 'Little' Fugue In G Minor BWV578 (1997 Digital Remaster),"Leopold Stokowski, Symphonica Orchestra",Bach By Stokowski,False,INDIFFERENT,3:57,237,XuDuEMVcSrM,2024-08-31T05:45:48Z,commit:777ac1af
Ya Got Trouble,Robert Preston,The Music Man (Original Soundtrack),False,INDIFFERENT,4:00,240,ESQI-UsUNJA,2024-08-31T05:41:48Z,commit:777ac1af
"Hello Muddah, Hello Fadduh! (A Letter from Camp)",Allan Sherman,My Son the Nut,False,INDIFFERENT,2:55,175,XLKcfmf4GS4,2024-08-31T05:38:53Z,commit:777ac1af
Superman Main Theme,Banda Sinfonica Nacional De Ucrania,Musica Universal Vol 2,False,INDIFFERENT,4:28,268,6SnsaW0--h4,2024-08-31T05:34:25Z,commit:777ac1af
Overture/Rock Island,Vern Reed,The Music Man (Original Broadway Cast),True,LIKE,5:30,330,0yJ8IGGuRFE,2024-08-31T05:28:55Z,commit:777ac1af
Starwater,Sean Ono Lennon;Devon Hoff;Yuka C. Honda;Michael Leonhart;João Nogueira;Mauro Refosco;Ches Smith;Johnny Mathar,ASTERISMS,,INDIFFERENT,7:58,478,nHuTfRMrzdE,2024-08-31T05:20:57Z,commit:777ac1af
Ouachita,Sad Daddy,Fresh Catch,False,INDIFFERENT,3:39,219,lnj-OeqT3yI,2024-08-31T05:17:18Z,commit:777ac1af
Hero,Sturgill Simpson,"Cuttin' Grass, Vol. 2 (Cowboy Arms Sessions)",,INDIFFERENT,3:05,185,oK_b7EPH4I0,2024-08-31T05:14:13Z,commit:777ac1af
Such a Night,Dr. John,In The Right Place,False,INDIFFERENT,2:58,178,fj9lG30WzcA,2024-08-31T05:11:15Z,commit:777ac1af
Knob Creek,Steep Canyon Rangers,Nobody Knows You,True,LIKE,5:18,318,qR44ixdhjl0,2024-08-31T05:05:57Z,commit:777ac1af
My Good Gal,Old Crow Medicine Show,Big Iron World,False,INDIFFERENT,4:19,259,wSxrth7Qcrs,2024-08-31T05:01:38Z,commit:777ac1af
Ain't No Grave,Crooked Still,Shaken By A Low Sound,,INDIFFERENT,3:22,202,eb4W_3KC50g,2024-08-31T04:58:16Z,commit:777ac1af
Country Squire,Tyler Childers,Country Squire,,LIKE,3:22,202,KYIav77fPsA,2024-08-31T04:54:54Z,commit:777ac1af
"I Can't Help Myself (Sugar Pie, Honey Bunch)",Four Tops,Four Tops Second Album,False,INDIFFERENT,2:41,161,8Jtokmp8zoE,2024-08-31T04:52:13Z,commit:777ac1af
Can't Help Falling in Love,Elvis Presley,Platinum - A Life In Music,False,INDIFFERENT,2:59,179,pZuJKQ6uzHE,2024-08-31T04:49:14Z,commit:777ac1af
Oogum Boogum Song,Brenton Wood,Oogum Boogum,False,INDIFFERENT,3:07,187,Qkp54Q6SLwc,2024-08-31T04:46:07Z,commit:777ac1af
Try a Little Tenderness,Otis Redding,Complete & Unbelievable: The Otis Redding Dictionary of Soul,False,INDIFFERENT,3:22,202,HKKbMBJgDJ4,2024-08-31T04:42:45Z,commit:777ac1af
What Becomes Of The Brokenhearted,Jimmy Ruffin,Sings Top Ten,False,INDIFFERENT,2:59,179,SZfnKqAGlfY,2024-08-31T04:39:46Z,commit:777ac1af
Chain Gang,Sam Cooke,30 Greatest Hits: Portrait of a Legend 1951-1964,False,INDIFFERENT,2:37,157,_f7gY0W7HuA,2024-08-31T04:37:09Z,commit:777ac1af
The Weight (Remastered 2000),The Band,Music From Big Pink,False,INDIFFERENT,4:35,275,QWu-f7HFFJE,2024-08-31T04:32:34Z,commit:777ac1af
I've Been Loving You Too Long,Otis Redding,Otis Blue: Otis Redding Sings Soul (Collector's Edition),False,INDIFFERENT,3:02,182,hSdpqRNd0QU,2024-08-31T04:29:32Z,commit:777ac1af
Crying Shame,The Teskey Brothers,Half Mile Harvest,False,INDIFFERENT,3:52,232,t9-xIX7fzgI,2024-08-31T04:25:40Z,commit:777ac1af
Chain of Fools,Aretha Franklin,Lady Soul (With Bonus Selections),False,INDIFFERENT,4:23,263,o0s5CP2kXsc,2024-08-31T04:21:17Z,commit:777ac1af
It's a Man's Man's World,James Brown,Love Ballads Vol. 3,False,INDIFFERENT,2:49,169,Q9D07D_Bz-U,2024-08-31T04:18:28Z,commit:777ac1af
(Sittin' On) the Dock of the Bay,Otis Redding,The Dock of the Bay,False,INDIFFERENT,2:47,167,Zu5chXCp1Ag,2024-08-31T04:15:41Z,commit:777ac1af
I Wish I Knew How It Would Feel to Be Free,Nina Simone,Silk & Soul (Expanded Edition),False,INDIFFERENT,3:09,189,gKXtM-dgZzg,2024-08-31T04:12:32Z,commit:777ac1af
Green Onions,Booker T. & The M.G.'s,Green Onions (Stax Remasters),False,INDIFFERENT,2:56,176,9aiVTfkWdX8,2024-08-31T04:09:36Z,commit:777ac1af
The Right Time,Ray Charles,The Ray Charles Story Volume 2,False,INDIFFERENT,3:31,211,x21B-TqOk7I,2024-08-31T04:06:05Z,commit:777ac1af
You've Really Got A Hold On Me,The Miracles,The Fabulous Miracles,False,INDIFFERENT,2:58,178,DRd-bjFfjNc,2024-08-31T04:03:07Z,commit:777ac1af
All Along the Watchtower,The Jimi Hendrix Experience,Smash Hits,False,INDIFFERENT,4:01,241,Jt-ysw-Dy58,2024-08-31T03:59:06Z,commit:777ac1af
I'd Rather Go Blind (feat. Roxie Ray),Dojo Cuts,Take from Me (feat. Roxie Ray),False,INDIFFERENT,3:07,187,xEyqEIYJnYk,2024-08-31T03:55:59Z,commit:777ac1af
I Heard It Through The Grapevine,Marvin Gaye,In The Groove,False,INDIFFERENT,3:15,195,kAPj9oP4q_w,2024-08-31T03:52:44Z,commit:777ac1af
I'd Rather Go Blind,Etta James,Tell Mama,False,INDIFFERENT,2:37,157,Bcus42ihkTI,2024-08-31T03:50:07Z,commit:777ac1af
Tired Of Being Alone,Al Green,Gets Next To You,True,LIKE,2:53,173,BEBHIV9L3uc,2024-08-31T03:47:14Z,commit:777ac1af
A Change Is Gonna Come,Sam Cooke,30 Greatest Hits: Portrait of a Legend 1951-1964,False,INDIFFERENT,3:14,194,Z5zDRtEC0x0,2024-08-31T03:44:00Z,commit:777ac1af
Suspicious Minds,Elvis Presley,Elvis 30 #1 Hits,False,INDIFFERENT,4:33,273,xt8XQLvKBUs,2024-08-31T03:39:27Z,commit:777ac1af
Feeling Good,Nina Simone,I Put A Spell On You,False,INDIFFERENT,2:54,174,BNMKGYiJpvg,2024-08-31T03:36:33Z,commit:777ac1af
These Arms of Mine,Otis Redding,Pain in My Heart,False,INDIFFERENT,2:35,155,ep-utVRc2aE,2024-08-31T03:33:58Z,commit:777ac1af
Bring It On Home To Me,Sam Cooke,30 Greatest Hits: Portrait of a Legend 1951-1964,False,INDIFFERENT,2:46,166,HE1hf2nhi0s,2024-08-31T03:31:12Z,commit:777ac1af
Broken Pencils,Ivan the Tolerable,Firefighters in Reverse,,INDIFFERENT,2:33,153,XMBp-KIM9HA,2024-08-29T20:29:49Z,commit:777ac1af
New Soap,Ivan the Tolerable,Firefighters in Reverse,,INDIFFERENT,2:45,165,twWMu63vOfU,2024-08-29T20:27:04Z,commit:777ac1af
I'm New Here,Gil Scott-Heron,I'm New Here,,LIKE,3:34,214,dcfZcQQqneM,2024-08-29T15:20:29Z,commit:777ac1af
Oh Babe It Ain't No Lie,"David Rawlings, Gillian Welch",All The Good Times,True,LIKE,4:25,265,ltW9poRvS58,2024-08-29T15:16:04Z,commit:777ac1af
Mole in the Ground,Joe Walsh,Sweet Loam,,LIKE,3:33,213,sEQLMr54EnY,2024-08-29T15:12:31Z,commit:777ac1af
Carol Brown,Flight of the Conchords,I Told You I Was Freaky,True,LIKE,3:26,206,Hz5SFQsLzAg,2024-08-29T15:09:05Z,commit:777ac1af
Queen of Baths,Ivan the Tolerable,Wild Nature,,INDIFFERENT,4:57,297,9Mn937ExWcM,2024-08-29T10:19:34Z,commit:777ac1af
Rubbing Teeth,Ivan the Tolerable,Wild Nature,,INDIFFERENT,3:16,196,l_jEpmdYQfg,2024-08-29T10:16:18Z,commit:777ac1af
The Cat Song,Ivan the Tolerable,Wild Nature,,INDIFFERENT,9:00,540,6pesT8zYFZE,2024-08-29T10:07:18Z,commit:777ac1af
25 Minutes Over Albert Park,Ivan the Tolerable,Wild Nature,,INDIFFERENT,26:33,1593,g0aBV0l5NsY,2024-08-29T09:40:45Z,commit:777ac1af
Threnody,Goldmund,The Malady Of Elegance,False,INDIFFERENT,4:41,281,u1hq9W-d_z8,2024-08-29T09:36:04Z,commit:777ac1af
"Brown Noise - Perfect for Sleep, Study And Focus - Black Screen | Relaxing Sound In 24H","1.8M views, BEST SLEEP NOISE",,,LIKE,24:00:08,86408,3ZQLdo1dR8Q,2024-08-28T09:35:56Z,commit:777ac1af
Lovin' You,Railroad Earth,Amen Corner,False,INDIFFERENT,4:28,268,k6vN1HxXkv0,2024-08-28T09:31:28Z,commit:777ac1af
Helpless (feat. Old Crow Medicine Show),Molly Tuttle,Helpless,False,INDIFFERENT,4:26,266,VjVZDKCX_AQ,2024-08-28T09:27:02Z,commit:777ac1af
Winter's Come and Gone (from The Hunger Games: The Ballad of Songbirds & Snakes),Charles Wesley Godwin,The Hunger Games: The Ballad of Songbirds & Snakes (Music From & Inspired By),,INDIFFERENT,2:50,170,aHtHBiAgysU,2024-08-28T09:24:12Z,commit:777ac1af
Sticks That Made Thunder,The SteelDrivers,The SteelDrivers,False,INDIFFERENT,4:10,250,-5NcA34-mv0,2024-08-28T09:20:02Z,commit:777ac1af
Wool (from The Hunger Games: The Ballad of Songbirds & Snakes),Flatland Cavalry,The Hunger Games: The Ballad of Songbirds & Snakes (Music From & Inspired By),,INDIFFERENT,3:50,230,epz80uwyivw,2024-08-28T09:16:12Z,commit:777ac1af
Little Worlds,Watchhouse,Such Jubilee,False,INDIFFERENT,3:31,211,7RfUG3KIfuQ,2024-08-28T09:12:41Z,commit:777ac1af
The Man From Waco (Billy Horton Sessions),Charley Crockett,The Man From Waco (Billy Horton Sessions),False,INDIFFERENT,3:29,209,64ZlDbn7QIQ,2024-08-28T09:09:12Z,commit:777ac1af
I'm Holding You,Ween,12 Golden Country Greats,,LIKE,4:03,243,YzTbyJaFmIw,2024-08-28T09:05:09Z,commit:777ac1af
Gutted,Bella White,Just Like Leaving,False,INDIFFERENT,4:07,247,v9fb1R1G-A0,2024-08-28T09:01:02Z,commit:777ac1af
The Great Compromise,John Prine,Diamonds in the Rough,False,INDIFFERENT,4:57,297,yvrTmgHQoiE,2024-08-28T08:56:05Z,commit:777ac1af
Smokestacks On The Skyline,John R. Miller,Heat Comes Down,False,INDIFFERENT,3:15,195,uIFP8mwb-fc,2024-08-28T08:52:50Z,commit:777ac1af
In Spite of Ourselves (feat. Iris DeMent),John Prine,In Spite of Ourselves,False,INDIFFERENT,3:34,214,WWclZpTBRaU,2024-08-28T08:49:16Z,commit:777ac1af
Enough To Leave,Billy Strings,Home,,INDIFFERENT,3:45,225,c-dhLSbSfe0,2024-08-28T08:45:31Z,commit:777ac1af
Coat Of Many Colors,Sierra Ferrell,Coat Of Many Colors,True,LIKE,3:14,194,fB_G-NoVoQ8,2024-08-28T08:42:17Z,commit:777ac1af
In Dreams,Sierra Ferrell,In Dreams,False,INDIFFERENT,2:42,162,geDSalt-_gA,2024-08-28T08:39:35Z,commit:777ac1af
I Need Never Get Old,Nathaniel Rateliff & The Night Sweats,Nathaniel Rateliff & The Night Sweats,True,LIKE,4:14,254,-FWrwbHqu5w,2024-08-28T08:35:21Z,commit:777ac1af
Rye Whiskey,Punch Brothers,Antifogmatic,True,INDIFFERENT,3:29,209,jXfE-e4a3GU,2024-08-28T08:31:52Z,commit:777ac1af
He's Fine,The Secret Sisters,You Don't Own Me Anymore,True,LIKE,3:44,224,BmyN2rlwPpc,2024-08-28T08:28:08Z,commit:777ac1af
Ladada,Dr. Dog,Abandoned Mansion,False,INDIFFERENT,3:39,219,PyJpzZdPpFU,2024-08-28T08:24:29Z,commit:777ac1af
Roma Fade,Andrew Bird,Are You Serious (Deluxe Edition),False,INDIFFERENT,4:04,244,sCg54snaq7s,2024-08-28T08:20:25Z,commit:777ac1af
The Truth,Dr. Dog,B-Room (Deluxe Edition),False,INDIFFERENT,4:27,267,g3yGmhJ608E,2024-08-28T08:15:58Z,commit:777ac1af
Imitosis,Andrew Bird,Armchair Apocryph,False,INDIFFERENT,4:01,241,sQNqt_jN7ic,2024-08-28T08:11:57Z,commit:777ac1af
This Is A Photograph,Kevin Morby,This Is A Photograph,False,INDIFFERENT,3:31,211,2OKUh6giwE0,2024-08-28T08:08:26Z,commit:777ac1af
I Fell In Love Today,Ween,Shinola (Vol. 1),False,INDIFFERENT,4:10,250,-p-RaiH9MxQ,2024-08-28T08:04:16Z,commit:777ac1af
Lonesome,Dr. Dog,Be The Void (Deluxe Edition),False,INDIFFERENT,3:19,199,n30eGPE9Mpg,2024-08-28T08:00:57Z,commit:777ac1af
Float On,Modest Mouse,Good News For People Who Love Bad News,False,INDIFFERENT,3:29,209,88XhEqgmRhM,2024-08-28T07:57:28Z,commit:777ac1af
Unlucky Skin,Shakey Graves,Unlucky Skin,False,INDIFFERENT,3:19,199,Uu_Lx2jWpIM,2024-08-28T07:54:09Z,commit:777ac1af
Railroad Earth,Railroad Earth,Elko,False,INDIFFERENT,6:00,360,GmQpMh_vslI,2024-08-28T07:48:09Z,commit:777ac1af
Ooh La La,Redbird,Live At The Cafe Carpe,False,INDIFFERENT,3:33,213,L5ryzBPx0tQ,2024-08-28T07:44:36Z,commit:777ac1af
That Old Black Hole,Dr. Dog,Be The Void (Deluxe Edition),False,INDIFFERENT,3:22,202,pwwotb1uuEA,2024-08-28T07:41:14Z,commit:777ac1af
Sunbleached,Pigeon Pit,Feather River Canyon Blues,False,INDIFFERENT,3:07,187,Pp-3Ygu5cuQ,2024-08-28T07:38:07Z,commit:777ac1af
Someday,The Strokes,Is This It,False,INDIFFERENT,3:04,184,eArVJFjd6S0,2024-08-28T07:35:03Z,commit:777ac1af
To Live Is To Fly,Townes Van Zandt,"High, Low And In Between",,INDIFFERENT,3:16,196,ChSn6wDhNL8,2024-08-28T07:31:47Z,commit:777ac1af
Capsized,Andrew Bird,Are You Serious,False,INDIFFERENT,3:42,222,-vxQjhFtY_Q,2024-08-28T07:28:05Z,commit:777ac1af
For the First Time,Mac DeMarco,This Old Dog,False,INDIFFERENT,3:03,183,cZCm_i6YvAk,2024-08-28T07:25:02Z,commit:777ac1af
How Long Must I Wait,Dr. Dog,Be The Void (Deluxe Edition),False,INDIFFERENT,3:41,221,EE1VxbdsvF4,2024-08-28T07:21:21Z,commit:777ac1af
Furr,Blitzen Trapper,Furr (10th Anniversary Deluxe Edition),,LIKE,4:07,247,WYEi5se7fes,2024-08-28T07:17:14Z,commit:777ac1af
Jackie Wants a Black Eye,Dr. Dog,"Shame, Shame (Deluxe Edition)",False,INDIFFERENT,3:05,185,Up4_PXw70AQ,2024-08-28T07:14:09Z,commit:777ac1af
Do Wrong Right,The Devil Makes Three,Do Wrong Right,,INDIFFERENT,4:22,262,sJkInfxSgW0,2024-08-28T07:09:47Z,commit:777ac1af
Ain't Nobody Gonna Miss Me When I'm Gone,Tony Rice,Tony Rice Plays And Sings Bluegrass,False,INDIFFERENT,2:52,172,tSW6PHdN7dY,2024-08-28T07:06:55Z,commit:777ac1af
Back in the Goodle Days,"Chris Coole, John Showman",Much Further out Than Inevitable: A Fiddle and Banjo Tribute to Some Music of John Hartford,,INDIFFERENT,2:48,168,BMMvOIny1N8,2024-08-28T07:04:07Z,commit:777ac1af
Mike and John in the Wilderness,"Chris Coole, John Showman",Much Further out Than Inevitable: A Fiddle and Banjo Tribute to Some Music of John Hartford,,INDIFFERENT,2:28,148,ziYhDzR1ZMc,2024-08-28T07:01:39Z,commit:777ac1af
Howard Hugh's Blues,"Chris Coole, John Showman",Much Further out Than Inevitable: A Fiddle and Banjo Tribute to Some Music of John Hartford,,INDIFFERENT,3:06,186,QXhA392CkA4,2024-08-28T06:58:33Z,commit:777ac1af
Stamboat Whistle Blues,"Chris Coole, John Showman",Much Further out Than Inevitable: A Fiddle and Banjo Tribute to Some Music of John Hartford,,INDIFFERENT,3:23,203,UIJW3UgEqmI,2024-08-28T06:55:10Z,commit:777ac1af
First Girl I Loved,"Chris Coole, John Showman",Much Further out Than Inevitable: A Fiddle and Banjo Tribute to Some Music of John Hartford,,INDIFFERENT,4:31,271,366K0WlaoW4,2024-08-28T06:50:39Z,commit:777ac1af
Over the Road to Maysville,"Chris Coole, John Showman",Much Further out Than Inevitable: A Fiddle and Banjo Tribute to Some Music of John Hartford,,INDIFFERENT,3:56,236,g-Ta9mb6tjc,2024-08-28T06:46:43Z,commit:777ac1af
Long Hot Summer Days,"Chris Coole, John Showman",Much Further out Than Inevitable: A Fiddle and Banjo Tribute to Some Music of John Hartford,,INDIFFERENT,3:01,181,pGr0pnan_Os,2024-08-28T06:43:42Z,commit:777ac1af
Grandmammy Look at Uncle Sam,"Chris Coole, John Showman",Much Further out Than Inevitable: A Fiddle and Banjo Tribute to Some Music of John Hartford,,INDIFFERENT,2:39,159,VFLc18eckjs,2024-08-28T06:41:03Z,commit:777ac1af
On the Road,"Chris Coole, John Showman",Much Further out Than Inevitable: A Fiddle and Banjo Tribute to Some Music of John Hartford,,INDIFFERENT,4:03,243,DMaNO3Ipkwo,2024-08-28T06:37:00Z,commit:777ac1af
The Julia Belle Swain,"Chris Coole, John Showman",Much Further out Than Inevitable: A Fiddle and Banjo Tribute to Some Music of John Hartford,,INDIFFERENT,5:03,303,w82tVg8a1pc,2024-08-28T06:31:57Z,commit:777ac1af
Don't Leave Your Records in the Sun,"Chris Coole, John Showman",Much Further out Than Inevitable: A Fiddle and Banjo Tribute to Some Music of John Hartford,,INDIFFERENT,2:47,167,t_2GTfGqpNQ,2024-08-28T06:29:10Z,commit:777ac1af
Teddy Bears' Picnic,"David Grisman, Jerry Garcia",Not For Kids Only,False,INDIFFERENT,4:27,267,-9AUiLJnoDg,2024-08-28T06:24:43Z,commit:777ac1af
"Blackjack Davy (feat. Andrew Marlin, Noam Pikelny, Chris Eldridge & Alex Hargreaves)",Mighty Poplar,Mighty Poplar,,INDIFFERENT,3:07,187,cgc_BbcfOCg,2024-08-28T06:21:36Z,commit:777ac1af
Howard Hughes Blues,Robert Ellis & Courtney Hartman,Dear John,,LIKE,2:50,170,dRQMM47WlW0,2024-08-28T06:18:46Z,commit:777ac1af
"Let Him Go on Mama (feat. Andrew Marlin, Noam Pikelny, Chris Eldridge & Alex Hargreaves)",Mighty Poplar,Mighty Poplar,,INDIFFERENT,4:10,250,9CLcIOv4MtY,2024-08-28T06:14:36Z,commit:777ac1af
Ye Jacobites By Name,Ian Bruce,The King Has Landed,False,INDIFFERENT,3:01,181,MygaENlJDWc,2024-08-28T06:11:35Z,commit:777ac1af
"Little Joe (feat. Andrew Marlin, Noam Pikelny, Chris Eldridge & Alex Hargreaves)",Mighty Poplar,Mighty Poplar,,LIKE,3:04,184,xQ-kxkDP8H0,2024-08-28T06:08:31Z,commit:777ac1af
Argile Mou Giati Svinis,"Eleni Tsaligopoulou, Imam Baildi, Isvoleas",The Imam Baildi Cookbook,False,INDIFFERENT,5:09,309,p9ZigT4HKKk,2024-08-28T06:03:22Z,commit:777ac1af
A Thousand Shapes of Change,Tommy Guerrero,Sunshine Radio,,INDIFFERENT,3:55,235,G-L-IykvHA4,2024-08-28T05:59:27Z,commit:777ac1af
Poso Lipame (Remix),"Imam Baildi, Sofia Vebo",Imam Baildi,,LIKE,4:19,259,i5anQOAebeM,2024-08-28T05:55:08Z,commit:777ac1af
Ten Dollar High,Medeski Martin & Wood,Uninvisible,False,INDIFFERENT,3:43,223,30Knv_ZJ9-A,2024-08-28T05:51:25Z,commit:777ac1af
The Meeting,Hugo Kant,Out Of Time,False,INDIFFERENT,4:36,276,WaF72tZyDsI,2024-08-28T05:46:49Z,commit:777ac1af
Hipps,El Michels Affair,Adult Themes,False,INDIFFERENT,3:29,209,IC5VqwM8pp8,2024-08-28T05:43:20Z,commit:777ac1af
Division,Tycho,Epoch,,INDIFFERENT,3:59,239,iqe_3zbWakA,2024-08-28T05:39:21Z,commit:777ac1af
Sousta,Imam Baildi,Imam Baildi,,INDIFFERENT,6:18,378,w5vW1ZTk07A,2024-08-28T05:33:03Z,commit:777ac1af
Dimeni San Arhodissa (Remix),"Imam Baildi, Ioanna Georgakopoulou, Stelios Keromitis",Imam Baildi,,INDIFFERENT,3:50,230,TQJqH3OaqOg,2024-08-28T05:29:13Z,commit:777ac1af
Ta Xena Heria,Imam Baildi,Imam Baildi,,INDIFFERENT,4:48,288,fJUAKRTQVMM,2024-08-28T05:24:25Z,commit:777ac1af
To Minore Tis Avgis (Remix),Imam Baildi,Imam Baildi,,INDIFFERENT,4:31,271,uAXN-fF0A-E,2024-08-28T05:19:54Z,commit:777ac1af
Comely,Imam Baildi,Imam Baildi,,INDIFFERENT,5:48,348,60INuggcIqo,2024-08-28T05:14:06Z,commit:777ac1af
O Pasatebos (Remix),"Imam Baildi, Ioanna Georgakopoulou, Manolis Hiotis",Imam Baildi,,LIKE,4:53,293,071hUw3KCTM,2024-08-28T05:09:13Z,commit:777ac1af
Samba Clarina,Imam Baildi,Imam Baildi,,INDIFFERENT,4:12,252,__VVOYVVsiI,2024-08-28T05:05:01Z,commit:777ac1af
Den Thelo Pia Na Xanarthis (Remix),"Imam Baildi, Manolis Hiotis, Meri Lida",Imam Baildi,,INDIFFERENT,3:32,212,6AUsfSpud7o,2024-08-28T05:01:29Z,commit:777ac1af
I Zoi Mas Ine Ligi (Remix),"Imam Baildi, Sofia Vebo",Imam Baildi,,INDIFFERENT,5:48,348,XT2R5paKPtk,2024-08-28T04:55:41Z,commit:777ac1af
Lausd,Jurassic 5,Quality Control,False,INDIFFERENT,4:08,248,CSpKXQpJFJs,2024-08-28T04:51:33Z,commit:777ac1af
Contact,Jurassic 5,Quality Control,False,INDIFFERENT,1:16,76,JXC_ic0E3No,2024-08-28T04:50:17Z,commit:777ac1af
Buddy (feat. Jungle Brothers & Q-Tip),De La Soul,3 Feet High and Rising,True,INDIFFERENT,4:55,295,Sk73NThhUno,2024-08-28T04:45:22Z,commit:777ac1af
Quality Control,Jurassic 5,Quality Control,True,LIKE,4:49,289,iNlhYgHMD6A,2024-08-28T04:40:33Z,commit:777ac1af
The Contrarian,Ivan the Tolerable,Wild Nature,,INDIFFERENT,8:09,489,DaI1bZ32HXQ,2024-08-28T04:32:24Z,commit:777ac1af
Queen of Quilts,Ivan the Tolerable,Wild Nature,,LIKE,4:19,259,XNAw3a95DUE,2024-08-28T04:28:05Z,commit:777ac1af
Catch Me Up,Gomez,Split The Difference,False,INDIFFERENT,3:48,228,6avYxnaX4sI,2024-08-28T04:24:17Z,commit:777ac1af
Mean Mother Blues,Seldom Scene,Act 3,True,LIKE,3:03,183,k5Sz1rG7vRA,2024-08-28T04:21:14Z,commit:777ac1af
Lonesome Road,Madeleine Peyroux,Careless Love,False,INDIFFERENT,3:12,192,l646BNzDWZ4,2024-08-28T04:18:02Z,commit:777ac1af
This Is the Life,"""Weird Al"" Yankovic",Dare To Be Stupid,True,LIKE,3:07,187,7EvkWFR83yY,2024-08-28T04:14:55Z,commit:777ac1af
California Sober (feat. Willie Nelson),Billy Strings,California Sober,True,LIKE,3:51,231,AmxvLgvc8IE,2024-08-28T04:11:04Z,commit:777ac1af
Scaled to Survive,Leyla McCalla,Sun Without the Heat,,LIKE,3:32,212,x0YHv1G4JLk,2024-08-28T04:07:32Z,commit:777ac1af
Atlantic Oscillations,Quantic,Atlantic Oscillations,False,INDIFFERENT,5:52,352,r6ap1cxsXYQ,2024-08-28T04:01:40Z,commit:777ac1af
Be Real,Kolter,"KOLTERCAMP, Vol. I",False,INDIFFERENT,7:34,454,KVKA-D3BqAY,2024-08-28T03:54:06Z,commit:777ac1af
Go Slow,Boogie Belgique,Volta,False,INDIFFERENT,3:57,237,GvsFQDBJZe0,2024-08-28T03:50:09Z,commit:777ac1af
Acquamarina,Erobique,No. 2,False,INDIFFERENT,4:17,257,9QfU9Q4SLjA,2024-08-28T03:45:52Z,commit:777ac1af
Lightenup,Parcels,Parcels,False,INDIFFERENT,3:58,238,e95AYrvZIno,2024-08-28T03:41:54Z,commit:777ac1af
One True Light (Mixed),Crazy P,Bargrooves Summer 2018 (Mixed),False,INDIFFERENT,4:50,290,ZAl3QqXDukg,2024-08-28T03:37:04Z,commit:777ac1af
Feel Alive,The Dreggs,Feel Alive,False,INDIFFERENT,3:28,208,vi4nkOteMaw,2024-08-28T03:33:36Z,commit:777ac1af
Cosmic Backseat Education,Blitzen Trapper,Cosmic Backseat Education,False,INDIFFERENT,3:20,200,OpVXGvnqV6w,2024-08-28T03:30:16Z,commit:777ac1af
A Love International,Khruangbin,A Love International,False,INDIFFERENT,4:16,256,p7HJi7VLF0w,2024-08-28T03:26:00Z,commit:777ac1af
Mantas,Erobique,No. 2,False,INDIFFERENT,5:16,316,rlrsiQvqGzQ,2024-08-28T03:20:44Z,commit:777ac1af
Queen of Quilts,Ivan the Tolerable,Wild Nature,,INDIFFERENT,4:19,259,XNAw3a95DUE,2024-08-28T03:16:25Z,commit:777ac1af
Broken Pencils,Ivan the Tolerable,Firefighters in Reverse,,INDIFFERENT,2:33,153,XMBp-KIM9HA,2024-08-28T03:13:52Z,commit:777ac1af
New Soap,Ivan the Tolerable,Firefighters in Reverse,,INDIFFERENT,2:45,165,twWMu63vOfU,2024-08-28T03:11:07Z,commit:777ac1af
Queen of Quilts,Ivan the Tolerable,Wild Nature,,INDIFFERENT,4:19,259,XNAw3a95DUE,2024-08-28T03:06:48Z,commit:777ac1af
Autoportrait,Ivan the Tolerable,Firefighters in Reverse,,INDIFFERENT,3:18,198,bXZD5uTpfMU,2024-08-28T03:03:30Z,commit:777ac1af
Wild Nature,Ivan the Tolerable,Firefighters in Reverse,,INDIFFERENT,3:44,224,PQFrNsmWH14,2024-08-28T02:59:46Z,commit:777ac1af
On Green Dolphin Street,The Tony Rice Unit,Backwaters,,INDIFFERENT,3:37,217,NdkPZUUcDEY,2024-08-28T02:56:09Z,commit:777ac1af
A Child Is Born,The Tony Rice Unit,Backwaters,,INDIFFERENT,3:36,216,c96lntKxHk8,2024-08-28T02:52:33Z,commit:777ac1af
My Favourite Things,The Tony Rice Unit,Backwaters,,INDIFFERENT,5:18,318,juN8Y-V7_Es,2024-08-28T02:47:15Z,commit:777ac1af
Backwaters,The Tony Rice Unit,Backwaters,,INDIFFERENT,6:11,371,R5Lm0gQbHn8,2024-08-28T02:41:04Z,commit:777ac1af
Just Some Bar In The French Quarters,The Tony Rice Unit,Backwaters,,INDIFFERENT,3:03,183,BLWIy04SaqM,2024-08-28T02:38:01Z,commit:777ac1af
Mobius Mambo,The Tony Rice Unit,Backwaters,,LIKE,5:26,326,FTCVDrmjQUk,2024-08-28T02:32:35Z,commit:777ac1af
There's Nothing New Under the Sun,The Clark McLane Band,Commonfolk,,INDIFFERENT,3:50,230,v_5S1S1eYJI,2024-08-28T02:28:45Z,commit:777ac1af
The Theme,The Clark McLane Band,Commonfolk,,LIKE,1:18,78,9Ll97FLz9_0,2024-08-28T02:27:27Z,commit:777ac1af
The One I Love is Gone,The Price Sisters,The Price Sisters,False,INDIFFERENT,3:35,215,uUKUzbVWvmY,2024-08-28T02:23:52Z,commit:777ac1af
Columbus Stockade Blues,"Doc Watson, Richard Watson",Third Generation Blues,False,INDIFFERENT,3:32,212,rVAXyZCbFdI,2024-08-28T02:20:20Z,commit:777ac1af
What Does The Deep Sea Say,"Doc Watson, Fred Price, & Clint Howard",Riding The Midnight Train,False,INDIFFERENT,3:33,213,LwSB8pt8bsY,2024-08-28T02:16:47Z,commit:777ac1af
"Daniel Donato's Cosmic Country 9/23/2023 Boulder, CO (Full Show)","21K views, Daniel Donato",,,LIKE,3:00:59,10859,Nrp1Mf3Z8iA,2024-08-27T23:15:48Z,commit:777ac1af
"Daniel Donato’s Cosmic Country “Blue Skies” 01/19/24 Hollywood, CA 4K","83 views, Todd Norris",,,INDIFFERENT,10:45,645,0Wm8W-pR2aw,2024-08-27T23:05:03Z,commit:777ac1af
"Blue Skies- Daniel Donato Cosmic Country Torrin Daniels 10/23/22 Park City Music Hall Bridgeport, CT","367 views, Matt Frazier",,,INDIFFERENT,5:43,343,RBMhhKfX3ws,2024-08-27T22:59:20Z,commit:777ac1af
"Daniel Donato's Cosmic Country - Blue Skies - Venice West - Venice, CA July 8, 2023","209 views, John Ziegwied-Front & Center Concert Videos",,,INDIFFERENT,7:33,453,B1e32JSjwx8,2024-08-27T22:51:47Z,commit:777ac1af
Deal,Jerry Garcia,Garcia,False,INDIFFERENT,3:12,192,C1IMWsWQrkY,2024-08-27T22:48:35Z,commit:777ac1af
Transdermal Celebration,Ween,Quebec,False,INDIFFERENT,3:26,206,Nt9uNomdCHg,2024-08-27T22:45:09Z,commit:777ac1af
The Argus,Ween,Quebec,False,INDIFFERENT,4:54,294,Y3qguNFflow,2024-08-27T22:40:15Z,commit:777ac1af
Esperanza,Hermanos Gutiérrez,Esperanza,True,LIKE,5:29,329,mlIMIJIcpn8,2024-08-27T22:34:46Z,commit:777ac1af
Long Monday,John Prine,Fair and Square,False,INDIFFERENT,3:23,203,na9krSY8qso,2024-08-27T22:31:23Z,commit:777ac1af
"Conspiracies, Cults & UFOs",John R. Miller,"Conspiracies, Cults & UFOs",,LIKE,2:53,173,dTc_IQiUXtI,2024-08-27T22:28:30Z,commit:777ac1af
Insomnia Blues,John R. Miller,Heat Comes Down,True,LIKE,4:01,241,L1pRpcEhT0c,2024-08-27T22:24:29Z,commit:777ac1af
The Railroad Boy,Vandaveer,"Oh, Willie, Please...",,INDIFFERENT,4:13,253,pVLCWMjbefI,2024-08-27T22:20:16Z,commit:777ac1af
Omie Wise,Vandaveer,"Oh, Willie, Please...",,INDIFFERENT,4:46,286,AjgpPqG7v1E,2024-08-27T22:15:30Z,commit:777ac1af
Pretty Polly,Vandaveer,"Oh, Willie, Please...",,INDIFFERENT,3:49,229,9Sejo_rSr0Y,2024-08-27T22:11:41Z,commit:777ac1af
The Banks Of The Ohio,Vandaveer,"Oh, Willie, Please...",,INDIFFERENT,4:04,244,rf8ckGk0Yt4,2024-08-27T22:07:37Z,commit:777ac1af
"Grey Eagle (feat. Andrew Marlin, Noam Pikelny, Chris Eldridge & Alex Hargreaves)",Mighty Poplar,Grey Eagle / A Distant Land to Roam,False,INDIFFERENT,3:50,230,lgQ03n__Xzc,2024-08-27T22:03:47Z,commit:777ac1af
"Little Joe (feat. Andrew Marlin, Noam Pikelny, Chris Eldridge & Alex Hargreaves)",Mighty Poplar,Mighty Poplar,,LIKE,3:04,184,xQ-kxkDP8H0,2024-08-27T22:00:43Z,commit:777ac1af
I'm New Here,Gil Scott-Heron,I'm New Here,,LIKE,3:34,214,dcfZcQQqneM,2024-08-27T21:57:09Z,commit:777ac1af
Oh Babe It Ain't No Lie,"David Rawlings, Gillian Welch",All The Good Times,True,LIKE,4:25,265,ltW9poRvS58,2024-08-27T21:52:44Z,commit:777ac1af
Poso Lipame (Remix),"Imam Baildi, Sofia Vebo",Imam Baildi,,LIKE,4:19,259,i5anQOAebeM,2024-08-27T21:48:25Z,commit:777ac1af
Mole in the Ground,Joe Walsh,Sweet Loam,,LIKE,3:33,213,sEQLMr54EnY,2024-08-27T21:44:52Z,commit:777ac1af
Carol Brown,Flight of the Conchords,I Told You I Was Freaky,True,LIKE,3:26,206,Hz5SFQsLzAg,2024-08-27T21:41:26Z,commit:777ac1af
"Little Joe (feat. Andrew Marlin, Noam Pikelny, Chris Eldridge & Alex Hargreaves)",Mighty Poplar,Mighty Poplar,,LIKE,3:04,184,xQ-kxkDP8H0,2024-08-27T21:38:22Z,commit:777ac1af
Shocked,The Disco Biscuits,"2024/02/06 Aspen, CO",,INDIFFERENT,14:56,896,LpKHHYho31Y,2024-08-27T21:23:26Z,commit:777ac1af
M.E.M.P.H.I.S.,The Disco Biscuits,"2024/02/06 Aspen, CO",,LIKE,25:52,1552,cnsTtaqnarc,2024-08-27T20:57:34Z,commit:777ac1af
Wondering,Widespread Panic,Everyday,False,INDIFFERENT,3:55,235,FSnzHBO2UbA,2024-08-27T20:53:39Z,commit:777ac1af
Doin' things Right,Billy Strings,Turmoil & Tinfoil,,INDIFFERENT,4:14,254,7BQ3s0VylVg,2024-08-27T20:49:25Z,commit:777ac1af
Excuse Me While I Break My Own Heart Tonight (Strangers Almanac Album Version),Whiskeytown,Strangers Almanac,False,INDIFFERENT,3:15,195,b1Pz3uG3SQs,2024-08-27T20:46:10Z,commit:777ac1af
Shine,Trey Anastasio,Shine,False,INDIFFERENT,3:09,189,nzehK2y9nrE,2024-08-27T20:43:01Z,commit:777ac1af
Eleanor Rigby (Live) (feat. Jerry Garcia Band),Jerry Garcia Band,"After Midnight: Kean College, 2/28/80",False,INDIFFERENT,3:21,201,9I-7x1QZ0qU,2024-08-27T20:39:40Z,commit:777ac1af
Blank Stare,Shubh Saran,Hmayra,False,INDIFFERENT,4:35,275,3IwN0mrmL4M,2024-08-27T20:35:05Z,commit:777ac1af
Nobody's Loss,Widespread Panic,Til the Medicine Takes,,INDIFFERENT,4:59,299,TYH1vnn5naQ,2024-08-27T20:30:06Z,commit:777ac1af
All Time Low,Widespread Panic,Til the Medicine Takes,,INDIFFERENT,4:10,250,HO_7bbEPo-4,2024-08-27T20:25:56Z,commit:777ac1af
Christmas Katie,Widespread Panic,Til the Medicine Takes,,INDIFFERENT,5:28,328,NUdPUPISYOM,2024-08-27T20:20:28Z,commit:777ac1af
One Arm Steve,Widespread Panic,Til the Medicine Takes,,INDIFFERENT,3:26,206,Pz8-H4gBBo0,2024-08-27T20:17:02Z,commit:777ac1af
Blue Indian,Widespread Panic,Til the Medicine Takes,,LIKE,4:53,293,Ph4EvL5dwD4,2024-08-27T20:12:09Z,commit:777ac1af
Bear's Gone Fishin',Widespread Panic,Til the Medicine Takes,,INDIFFERENT,4:24,264,Rza5eWjYAPs,2024-08-27T20:07:45Z,commit:777ac1af
Surprise Valley,Widespread Panic,Til the Medicine Takes,,INDIFFERENT,6:15,375,1bWQDrSfzz0,2024-08-27T20:01:30Z,commit:777ac1af
What Your Soul Sings (Remastered 2006),Massive Attack,Collected,,INDIFFERENT,6:38,398,tpeyWd23LHM,2024-08-27T19:54:52Z,commit:777ac1af
Risingson (Remastered 2006),Massive Attack,Collected,,INDIFFERENT,4:58,298,IPYPPkCAdCM,2024-08-27T19:49:54Z,commit:777ac1af
Unfinished Sympathy (Remastered 2006),Massive Attack,Collected,,INDIFFERENT,5:13,313,kw1LsAU6laY,2024-08-27T19:44:41Z,commit:777ac1af
Butterfly Caught (Remastered 2006),Massive Attack,Collected,,INDIFFERENT,5:09,309,wytCI0gTfVw,2024-08-27T19:39:32Z,commit:777ac1af
Protection (Remastered 2006) (feat. Tracey Thorn),Massive Attack,Collected,,INDIFFERENT,7:46,466,HqlUQaZgduo,2024-08-27T19:31:46Z,commit:777ac1af
Inertia Creeps (Remastered 2006),Massive Attack,Collected,,INDIFFERENT,5:55,355,8FWsVkrIRlQ,2024-08-27T19:25:51Z,commit:777ac1af
Teardrop (Remastered 2006) (feat. Elizabeth Fraser),Massive Attack,Collected,,INDIFFERENT,5:29,329,jXxMNuKsQJ4,2024-08-27T19:20:22Z,commit:777ac1af
Angel (Remastered 2006) (feat. Horace Andy),Massive Attack,Collected,,INDIFFERENT,6:15,375,DKe1CRmavTU,2024-08-27T19:14:07Z,commit:777ac1af
Karmacoma (Remastered 2006),Massive Attack,Collected,,INDIFFERENT,5:14,314,XHXsBrsUnqU,2024-08-27T19:08:53Z,commit:777ac1af
Safe From Harm (Remastered 2006),Massive Attack,Collected,,INDIFFERENT,5:20,320,qj-X380FBoM,2024-08-27T19:03:33Z,commit:777ac1af
Protection (feat. Tracey Thorn),Massive Attack,Protection,False,INDIFFERENT,7:52,472,h3-PvKIc3e4,2024-08-27T18:55:41Z,commit:777ac1af
Panhandle Country,"Bobby Hicks, Kenny Baker",Darkness On The Delta,,INDIFFERENT,1:54,114,_DLUT37TUgI,2024-08-27T18:53:47Z,commit:777ac1af
Silver Bells,"Bobby Hicks, Kenny Baker",Darkness On The Delta,,INDIFFERENT,2:47,167,fLJSD9B5g4U,2024-08-27T18:51:00Z,commit:777ac1af
Chuck-A-Luck,"Bobby Hicks, Kenny Baker",Darkness On The Delta,,INDIFFERENT,2:25,145,B2FJget83f0,2024-08-27T18:48:35Z,commit:777ac1af
Farewell Blues,"Bobby Hicks, Kenny Baker",Darkness On The Delta,,INDIFFERENT,2:48,168,O2B0RDq0X0o,2024-08-27T18:45:47Z,commit:777ac1af
Westphalia Waltz,"Bobby Hicks, Kenny Baker",Darkness On The Delta,,INDIFFERENT,3:40,220,H7lcMgt0ZBI,2024-08-27T18:42:07Z,commit:777ac1af
Tallahassee,"Bobby Hicks, Kenny Baker",Darkness On The Delta,,INDIFFERENT,2:15,135,qB36fHrwL50,2024-08-27T18:39:52Z,commit:777ac1af
Faded Love,"Bobby Hicks, Kenny Baker",Darkness On The Delta,,INDIFFERENT,3:17,197,8MteCcJVH4A,2024-08-27T18:36:35Z,commit:777ac1af
Louisville Breakdown,"Bobby Hicks, Kenny Baker",Darkness On The Delta,,INDIFFERENT,2:17,137,j5jbi61G-Q0,2024-08-27T18:34:18Z,commit:777ac1af
McHattie's Waltz,"Bobby Hicks, Kenny Baker",Darkness On The Delta,,INDIFFERENT,3:26,206,iPbnKy-Mt34,2024-08-27T18:30:52Z,commit:777ac1af
Darkness On The Delta,"Bobby Hicks, Kenny Baker",Darkness On The Delta,,INDIFFERENT,3:10,190,Ei4f--Txyrs,2024-08-27T18:27:42Z,commit:777ac1af
Roanoke,"Bobby Hicks, Kenny Baker",Darkness On The Delta,,INDIFFERENT,2:29,149,8cmcu1mUND0,2024-08-27T18:25:13Z,commit:777ac1af
Aubrey Haynie - Mc Hattie´s waltz,"692 views, Our Kitchen",,,INDIFFERENT,3:21,201,QtsB9kNpnrI,2024-08-27T18:21:52Z,commit:777ac1af
Up On The Blue Ridge - Scott Vestal,"35K views, 81crowe",,,INDIFFERENT,3:28,208,3HtKisER9gk,2024-08-27T18:18:24Z,commit:777ac1af
"""St. Anne's Reel"" - Mandolin","17K views, Jim Denman",,,INDIFFERENT,2:23,143,9J0c-rOH4kc,2024-08-27T18:16:01Z,commit:777ac1af
Midnight on the Water (Instrumental),"Mark Howard, Matt Combs, Stuart Duncan",Smoky Mountain Old Time Traditions,False,INDIFFERENT,2:56,176,t-5EEJgPi50,2024-08-27T18:13:05Z,commit:777ac1af
Old Spinning Wheel (Instrumental),"Mark Howard, Stuart Duncan",Smoky Mountain Old Time Traditions,False,INDIFFERENT,2:40,160,N5CZ-PiT6lw,2024-08-27T18:10:25Z,commit:777ac1af
Tennessee Waltz (Instrumental),"Mark Howard, Stuart Duncan",Smoky Mountain Old Time Traditions,True,LIKE,3:10,190,YbuyCIbfeM0,2024-08-27T18:07:15Z,commit:777ac1af
Wildwood Flower (Instrumental),"Alisa Jones, Mark Howard, Stuart Duncan",Smoky Mountain Old Time Traditions,False,INDIFFERENT,2:26,146,8hGK5sFIjY4,2024-08-27T18:04:49Z,commit:777ac1af
Westphalia Waltz (Instrumental),"Alisa Jones, Mark Howard, Stuart Duncan",Smoky Mountain Old Time Traditions,False,INDIFFERENT,3:34,214,xLTUNdF8d_M,2024-08-27T18:01:15Z,commit:777ac1af
Mountain Home (Instrumental),"Mark Howard, Stuart Duncan",Smoky Mountain Old Time Traditions,False,INDIFFERENT,2:56,176,FbARyvXbnLg,2024-08-27T17:58:19Z,commit:777ac1af
Oxford Comma,Vampire Weekend,Vampire Weekend,False,INDIFFERENT,3:16,196,Xol4RPRnuXQ,2024-08-27T17:55:03Z,commit:777ac1af
The Endless Road,Tommy Guerrero,Road to Knowhere,,INDIFFERENT,4:58,298,qTsgZ6l_S5w,2024-08-27T17:50:05Z,commit:777ac1af
Where Water Once Was,Tommy Guerrero,Road to Knowhere,,INDIFFERENT,3:30,210,tLVSomAfAXc,2024-08-27T17:46:35Z,commit:777ac1af
A Distant Closeness,Tommy Guerrero,Road to Knowhere,,INDIFFERENT,3:07,187,5u6kPca43Ss,2024-08-27T17:43:28Z,commit:777ac1af
Postcard Home,Tommy Guerrero,Road to Knowhere,,INDIFFERENT,3:30,210,e-TRJr5tt48,2024-08-27T17:39:58Z,commit:777ac1af
Slow Roll,Tommy Guerrero,Road to Knowhere,,INDIFFERENT,3:11,191,Sdh6U945PI0,2024-08-27T17:36:47Z,commit:777ac1af
Sidewalk Soul,Tommy Guerrero,Road to Knowhere,,INDIFFERENT,4:53,293,CIxz8AEAgSI,2024-08-27T17:31:54Z,commit:777ac1af
Heat in the Streets,Tommy Guerrero,Road to Knowhere,,INDIFFERENT,3:13,193,JhZDP8hkJnU,2024-08-27T17:28:41Z,commit:777ac1af
Silent Miles (Bonus Track),Tommy Guerrero,Road to Knowhere,,INDIFFERENT,2:57,177,hZMRSM8c8as,2024-08-27T17:25:44Z,commit:777ac1af
Headin West (Bonus Track),Tommy Guerrero,Road to Knowhere,,INDIFFERENT,2:58,178,pr7hgE2t5Yk,2024-08-27T17:22:46Z,commit:777ac1af
Los padres,Tommy Guerrero,Road to Knowhere,,INDIFFERENT,4:02,242,hKigd2bn3pM,2024-08-27T17:18:44Z,commit:777ac1af
Highway Hustle,Tommy Guerrero,Road to Knowhere,,INDIFFERENT,3:34,214,H_mfhywcKDw,2024-08-27T17:15:10Z,commit:777ac1af
White Sands,Tommy Guerrero,Road to Knowhere,,INDIFFERENT,2:59,179,AAHjDgtYTiI,2024-08-27T17:12:11Z,commit:777ac1af
El camino negro,Tommy Guerrero,Road to Knowhere,,LIKE,5:08,308,F5UlllPBfCw,2024-08-27T17:07:03Z,commit:777ac1af
"Jordan (feat. Ricky Skaggs, Mo Pitney & Mark Fain)",Darin & Brooke Aldridge,Jordan,False,INDIFFERENT,3:05,185,nRLsEV32Plg,2024-08-27T16:53:48Z,commit:777ac1af
David Grisman - Neon Tetra,"21K views, Joey Jo-Jo Junior Shabadoo",,,INDIFFERENT,6:29,389,-YhUjjCNkm0,2024-08-27T16:47:19Z,commit:777ac1af
Tony Rice Unit - My Favorite Things,"562 views, Maya Danieli",,,LIKE,5:10,310,Xin7hebjkBg,2024-08-27T16:42:09Z,commit:777ac1af
Undone In Sorrow,Crooked Still,Still Crooked,False,INDIFFERENT,3:06,186,1bbeoCV3lOs,2024-08-27T16:39:03Z,commit:777ac1af
Freeborn Man,Tony Rice,Guitar,,INDIFFERENT,2:50,170,bKgFB4V5wtE,2024-08-27T16:36:13Z,commit:777ac1af
The Garden (from The Hunger Games: The Ballad of Songbirds & Snakes),Sierra Ferrell,The Hunger Games: The Ballad of Songbirds & Snakes (Music From & Inspired By),,LIKE,3:43,223,oqyL-fDiXkU,2024-08-27T16:32:30Z,commit:777ac1af
Bury Me Beneath The Willow (from The Hunger Games: The Ballad of Songbirds & Snakes),Molly Tuttle,The Hunger Games: The Ballad of Songbirds & Snakes (Music From & Inspired By),,LIKE,3:43,223,otqQ8yVnIqE,2024-08-27T16:28:47Z,commit:777ac1af
Tried,"BADBADNOTGOOD, Little Dragon",Tried,False,INDIFFERENT,3:33,213,nZcV8DQhQsc,2024-08-27T16:25:14Z,commit:777ac1af
Good to Be Back Home (feat. Menahan Street Band),Charles Bradley,Changes,False,INDIFFERENT,3:02,182,SkioNKJMSUY,2024-08-27T16:22:12Z,commit:777ac1af
Tunnel Vision,"Kelly Finnigan, Monophonics",It's Only Us,False,INDIFFERENT,5:21,321,CDGf2gntq_U,2024-08-27T16:16:51Z,commit:777ac1af
Maiden's Prayer,"Grisman, Kobialka, Buffalo, Kerwin, and Nyggaard",Common Chord,,LIKE,3:44,224,FWNKtk0gTJo,2024-08-27T16:13:07Z,commit:777ac1af
Wayfaring Strager,"Grisman, Ickes, Meyer, Nygaard",Common Chord,,LIKE,5:37,337,Zkw9BXapoWA,2024-08-27T16:07:30Z,commit:777ac1af
Midnight on the Water,"Grisman, Meyer, Kobialka, Buffalo, Trischka, and Nygaard",Common Chord,,INDIFFERENT,4:17,257,Lwg6jocv3Yc,2024-08-27T16:03:13Z,commit:777ac1af
Eighth of January,"Grisman, Nygaard, Meyer, Kobialka, Buffalo, and Trischka",Common Chord,,INDIFFERENT,3:02,182,NsoZ_xDACE8,2024-08-27T16:00:11Z,commit:777ac1af
Dark is a Dungeon,"Grisman, Kobialka, Buffalo, Kerwin, and Coria",Common Chord,,INDIFFERENT,5:52,352,oI0Uz0jfw-k,2024-08-27T15:54:19Z,commit:777ac1af
Barbara Allen,"Grisman, Kerwin, Kobialka, Nygaard",Common Chord,,INDIFFERENT,3:43,223,M6TW_3mIf70,2024-08-27T15:50:36Z,commit:777ac1af
Blackberry Turnpike,"Grisman, Kobialka, Meyer, Nygaard",Common Chord,,INDIFFERENT,5:02,302,Tg5P08tXlPc,2024-08-27T15:45:34Z,commit:777ac1af
Ashokan Farewell,"Garcia, Grisman, Meyer, Nygaard",Common Chord,,INDIFFERENT,5:20,320,T_xnnAnZOGA,2024-08-27T15:40:14Z,commit:777ac1af
Wayfaring Strager,"Grisman, Ickes, Meyer, Nygaard",Common Chord,,LIKE,5:37,337,Zkw9BXapoWA,2024-08-27T15:34:37Z,commit:777ac1af
I Ain't Broke But I'm Badly Bent,Old & In The Way,That High Lonesome Sound,False,INDIFFERENT,2:52,172,PjEBpLwarsM,2024-08-27T15:31:45Z,commit:777ac1af
Hadley's Lament,The Henhouse Prowlers,A Dark Rumor,False,INDIFFERENT,3:54,234,szqx3XraF0k,2024-08-27T15:27:51Z,commit:777ac1af
Angel's Waltz (feat. Bobby Hicks),Mike Barnett featuring Bobby Hicks,Portraits in Fiddles,False,INDIFFERENT,3:33,213,YtWNf9OgHdo,2024-08-27T15:24:18Z,commit:777ac1af
Okeechobee Wind (feat. Jesse McReynolds),Mike Barnett featuring Jesse McReynolds,Portraits in Fiddles,False,INDIFFERENT,4:27,267,2c08nTcAGHQ,2024-08-27T15:19:51Z,commit:777ac1af
Midnight on the Water,"John Reischman, Scott Nygaard",The Harmonic Tone Revealers,False,INDIFFERENT,5:11,311,B-CPbYZ-ey0,2024-08-27T15:14:40Z,commit:777ac1af
Mc Hattie's Waltz,Aubrey Haynie,The Bluegrass Fiddle Album,,LIKE,3:21,201,w-dRJcJxDY4,2024-08-27T15:11:19Z,commit:777ac1af
The Girl Who Broke My Heart,"John Reischman, Scott Nygaard",The Harmonic Tone Revealers,True,LIKE,3:51,231,TnInlWva5_o,2024-08-27T15:07:28Z,commit:777ac1af
I Am a Pilgrim,"John Reischman, Scott Nygaard",The Harmonic Tone Revealers,True,LIKE,3:03,183,nAbDtQ7eto8,2024-08-27T15:04:25Z,commit:777ac1af
The Hobo Song,Old & In The Way,Breakdown,False,INDIFFERENT,4:58,298,-wq8S7fw-JQ,2024-08-27T14:59:27Z,commit:777ac1af
I'm On My Way Back To The Old Home,Old & In The Way,That High Lonesome Sound,False,INDIFFERENT,2:54,174,X8zggZXb6po,2024-08-27T14:56:33Z,commit:777ac1af
The Great Pretender,Old & In The Way,That High Lonesome Sound,True,LIKE,3:39,219,goE5qv5eh3M,2024-08-27T14:52:54Z,commit:777ac1af
I'll Break Out,Country Gentlemen,Live In Japan,,INDIFFERENT,4:12,252,1YKVL7Q8u80,2024-08-27T14:48:42Z,commit:777ac1af
Redwood Hill,Country Gentlemen,Live In Japan,,INDIFFERENT,3:05,185,ji9ynW8vstw,2024-08-27T14:45:37Z,commit:777ac1af
East Virginia Blues,Country Gentlemen,Live In Japan,,INDIFFERENT,3:09,189,DynWMwdIMsY,2024-08-27T14:42:28Z,commit:777ac1af
Foggy Mountain Breakdown,Country Gentlemen,Live In Japan,,INDIFFERENT,2:26,146,jz6DoyTBo1Y,2024-08-27T14:40:02Z,commit:777ac1af
Cripple Creek,Country Gentlemen,Live In Japan,,INDIFFERENT,4:06,246,vCZ9iQjjHk4,2024-08-27T14:35:56Z,commit:777ac1af
He Will Set Your Fields On Fire,Country Gentlemen,Live In Japan,,INDIFFERENT,4:17,257,znlXbBk18JA,2024-08-27T14:31:39Z,commit:777ac1af
Country Roads,Country Gentlemen,Live In Japan,,INDIFFERENT,2:53,173,efuhX6UJb8c,2024-08-27T14:28:46Z,commit:777ac1af
Walking Down The Line,Country Gentlemen,Live In Japan,,INDIFFERENT,2:14,134,pgLLQpWOnvc,2024-08-27T14:26:32Z,commit:777ac1af
Legend Of The Rebel Soldier,Country Gentlemen,Live In Japan,,INDIFFERENT,3:35,215,KBlDFfn4uEc,2024-08-27T14:22:57Z,commit:777ac1af
Train 45,Country Gentlemen,Live In Japan,,INDIFFERENT,4:07,247,GFrn6800XnA,2024-08-27T14:18:50Z,commit:777ac1af
Little Bessie,Country Gentlemen,Live In Japan,,INDIFFERENT,3:45,225,9qD7l5IxG0w,2024-08-27T14:15:05Z,commit:777ac1af
Fox On The Run,Country Gentlemen,Live In Japan,,INDIFFERENT,2:50,170,dsNeE6DeSsk,2024-08-27T14:12:15Z,commit:777ac1af
Matterhorn,Country Gentlemen,Live In Japan,,LIKE,3:14,194,4T2hzBJfrVY,2024-08-27T14:09:01Z,commit:777ac1af
Jerry Plays Tony's D-28,"David Grisman, Jerry Garcia, Tony Rice",The Pizza Tapes Extra Large Edition,,INDIFFERENT,5:48,348,ZEPdjRieW30,2024-08-27T14:03:13Z,commit:777ac1af
Drifting Too Far From Shore 1,"David Grisman, Jerry Garcia, Tony Rice",The Pizza Tapes Extra Large Edition,,INDIFFERENT,4:59,299,E0FKqW73Yuo,2024-08-27T13:58:14Z,commit:777ac1af
Nestles Quick,"David Grisman, Jerry Garcia, Tony Rice",The Pizza Tapes Extra Large Edition,,INDIFFERENT,1:13,73,4tPY7E49l-A,2024-08-27T13:57:01Z,commit:777ac1af
Drifting Too Far From Shore,"David Grisman, Jerry Garcia, Tony Rice",The Pizza Tapes Extra Large Edition,,INDIFFERENT,3:45,225,5n-FdgXDz7c,2024-08-27T13:53:16Z,commit:777ac1af
Rosa Lee McFall 2,"David Grisman, Jerry Garcia, Tony Rice",The Pizza Tapes Extra Large Edition,,INDIFFERENT,3:09,189,MCBQtjOvS-Y,2024-08-27T13:50:07Z,commit:777ac1af
Rosa Lee McFall 1,"David Grisman, Jerry Garcia, Tony Rice",The Pizza Tapes Extra Large Edition,,INDIFFERENT,3:14,194,Tn6J91sCMC8,2024-08-27T13:46:53Z,commit:777ac1af
Rosa Lee McFall/Run Through,"David Grisman, Jerry Garcia, Tony Rice",The Pizza Tapes Extra Large Edition,,INDIFFERENT,0:43,43,SM-baQIkt-U,2024-08-27T13:46:10Z,commit:777ac1af
Long Dark Veil 1/Incomplete,"David Grisman, Jerry Garcia, Tony Rice",The Pizza Tapes Extra Large Edition,,INDIFFERENT,2:49,169,BX9uWIFrwII,2024-08-27T13:43:21Z,commit:777ac1af
Long Dark Veil/Run Through,"David Grisman, Jerry Garcia, Tony Rice",The Pizza Tapes Extra Large Edition,,INDIFFERENT,6:54,414,DHvWaEpKz-0,2024-08-27T13:36:27Z,commit:777ac1af
Summertime,"David Grisman, Jerry Garcia, Tony Rice",The Pizza Tapes Extra Large Edition,,INDIFFERENT,5:49,349,AZvx1avM4Fo,2024-08-27T13:30:38Z,commit:777ac1af
Guitar Space,"David Grisman, Jerry Garcia, Tony Rice",The Pizza Tapes Extra Large Edition,,INDIFFERENT,3:20,200,WTgWj6E3h2A,2024-08-27T13:27:18Z,commit:777ac1af
Summertime/Run Through,"David Grisman, Jerry Garcia, Tony Rice",The Pizza Tapes Extra Large Edition,,INDIFFERENT,5:39,339,lgxriHUYlDo,2024-08-27T13:21:39Z,commit:777ac1af
Shady Grove 3,"David Grisman, Jerry Garcia, Tony Rice",The Pizza Tapes Extra Large Edition,,INDIFFERENT,9:06,546,U98zIFG-9Ps,2024-08-27T13:12:33Z,commit:777ac1af
Shady Grove 2,"David Grisman, Jerry Garcia, Tony Rice",The Pizza Tapes Extra Large Edition,,INDIFFERENT,5:04,304,aw4Wg5WUzLw,2024-08-27T13:07:29Z,commit:777ac1af
Shady Jam,"David Grisman, Jerry Garcia, Tony Rice",The Pizza Tapes Extra Large Edition,,INDIFFERENT,3:40,220,zPd5fUgUJRs,2024-08-27T13:03:49Z,commit:777ac1af
Shady Grove 1/Incomplete,"David Grisman, Jerry Garcia, Tony Rice",The Pizza Tapes Extra Large Edition,,INDIFFERENT,3:00,180,eBvuVcLdkUo,2024-08-27T13:00:49Z,commit:777ac1af
Shady Grove,"David Grisman, Jerry Garcia, Tony Rice",The Pizza Tapes Extra Large Edition,,INDIFFERENT,2:57,177,rrrOZScy_uo,2024-08-27T12:57:52Z,commit:777ac1af
Louis Collins 2,"David Grisman, Jerry Garcia, Tony Rice",The Pizza Tapes Extra Large Edition,,INDIFFERENT,6:09,369,lMaf1wuEoA8,2024-08-27T12:51:43Z,commit:777ac1af
Louis Collins 1,"David Grisman, Jerry Garcia, Tony Rice",The Pizza Tapes Extra Large Edition,,INDIFFERENT,7:13,433,P0x4UoDfXNs,2024-08-27T12:44:30Z,commit:777ac1af
Man of Constant Sorrow 2,"David Grisman, Jerry Garcia, Tony Rice",The Pizza Tapes Extra Large Edition,,INDIFFERENT,5:08,308,eDNwgxZfvp0,2024-08-27T12:39:22Z,commit:777ac1af
Constant Patter,"David Grisman, Jerry Garcia, Tony Rice",The Pizza Tapes Extra Large Edition,,INDIFFERENT,2:51,171,TW34kXY2zAw,2024-08-27T12:36:31Z,commit:777ac1af
Man of Constant Sorrow 1,"David Grisman, Jerry Garcia, Tony Rice",The Pizza Tapes Extra Large Edition,,INDIFFERENT,5:03,303,na94ANwO3ms,2024-08-27T12:31:28Z,commit:777ac1af
Always Late,"David Grisman, Jerry Garcia, Tony Rice",The Pizza Tapes Extra Large Edition,,INDIFFERENT,3:03,183,PPcdZ3ANemQ,2024-08-27T12:28:25Z,commit:777ac1af
Man of Constant Sorrow/Instrumental,"David Grisman, Jerry Garcia, Tony Rice",The Pizza Tapes Extra Large Edition,,INDIFFERENT,4:13,253,YViVpzdGsIA,2024-08-27T12:24:12Z,commit:777ac1af
Man of Constant Sorrow/Run Through,"David Grisman, Jerry Garcia, Tony Rice",The Pizza Tapes Extra Large Edition,,INDIFFERENT,4:53,293,AijmQou0oTw,2024-08-27T12:19:19Z,commit:777ac1af
Pizza Preamble,"David Grisman, Jerry Garcia, Tony Rice",The Pizza Tapes Extra Large Edition,,INDIFFERENT,2:13,133,NwUT5-UPpVk,2024-08-27T12:17:06Z,commit:777ac1af
Appetizer,"David Grisman, Jerry Garcia, Tony Rice",The Pizza Tapes,,INDIFFERENT,0:14,14,w6KzMbOJCkg,2024-08-27T12:16:52Z,commit:777ac1af
Mi Amor,Hermanos Gutiérrez,Eternamente,False,INDIFFERENT,4:26,266,g6kTEGEX7I0,2024-08-27T12:12:26Z,commit:777ac1af
Western Bronco,Hermanos Gutiérrez,Eternamente,False,INDIFFERENT,3:14,194,zuAeyfY5rqQ,2024-08-27T12:09:12Z,commit:777ac1af
El Mar,Hermanos Gutiérrez,Eternamente,False,INDIFFERENT,2:55,175,vwdQCS20nFs,2024-08-27T12:06:17Z,commit:777ac1af
Hijos Del Sol,Hermanos Gutiérrez,Eternamente,False,INDIFFERENT,2:57,177,Do183Jau5T8,2024-08-27T12:03:20Z,commit:777ac1af
El Jardin,Hermanos Gutiérrez,Eternamente,False,INDIFFERENT,3:21,201,x9gFBjQcP8w,2024-08-27T11:59:59Z,commit:777ac1af
Esperanza,Hermanos Gutiérrez,Eternamente,False,INDIFFERENT,5:29,329,btBPJSxGUIw,2024-08-27T11:54:30Z,commit:777ac1af
Mango,standards,Fruit Island,False,INDIFFERENT,3:11,191,nZIarhkvVys,2024-08-27T11:51:19Z,commit:777ac1af
Dusk 'Til Dawn,Staffan Carlén,There Is Always Tomorrow,False,INDIFFERENT,3:14,194,da5-uvj8xcQ,2024-08-27T11:48:05Z,commit:777ac1af
Slow Roll,Tommy Guerrero,Road to Knowhere,,INDIFFERENT,3:11,191,Sdh6U945PI0,2024-08-27T11:44:54Z,commit:777ac1af
La Verdad,Hermanos Gutiérrez,El Bueno Y El Malo,False,INDIFFERENT,3:59,239,oMk4fVjrfwc,2024-08-27T11:40:55Z,commit:777ac1af
Le Cimetière des Mouches,Meimuna,Le Cimetière des Mouches,False,INDIFFERENT,3:01,181,vxgE58o22ag,2024-08-27T11:37:54Z,commit:777ac1af
Master and Servant (feat. Mélanie Pain & Martin Gore),Nouvelle Vague,3,False,INDIFFERENT,3:20,200,p6k2qagKfvs,2024-08-27T11:34:34Z,commit:777ac1af
Sicily' Box (feat. Rocco Palladino),"Venna, Yussef Dayes, & Marco Bernardis",Sicily' Box,False,INDIFFERENT,4:06,246,w_a5mRbwr-o,2024-08-27T11:30:28Z,commit:777ac1af
Lecce 74,"El Búho, Yeahman",Ostriconi,False,INDIFFERENT,5:07,307,DKIHgu_kCUA,2024-08-27T11:25:21Z,commit:777ac1af
Brighter Than The Sun,Dustin Tebbutt,First Light,False,INDIFFERENT,4:51,291,GADKODYRwC8,2024-08-27T11:20:30Z,commit:777ac1af
A Calf Born in Winter (Live at Sydney Opera House),Khruangbin,Live at Sydney Opera House,False,INDIFFERENT,4:00,240,ilQGhLGWfZo,2024-08-27T11:16:30Z,commit:777ac1af
Totem Transport,Arc De Soleil,No Cardigan in Michigan Please (Prologue),False,INDIFFERENT,3:22,202,GsanQTBD4lQ,2024-08-27T11:13:08Z,commit:777ac1af
White Sands,Tommy Guerrero,Road to Knowhere,,INDIFFERENT,2:59,179,AAHjDgtYTiI,2024-08-27T11:10:09Z,commit:777ac1af
El Lobo Blanco,Hermanos Gutiérrez,Hoy Como Ayer,False,INDIFFERENT,3:35,215,GNieVJzP8u8,2024-08-27T11:06:34Z,commit:777ac1af
Jadiz,Boozoo Bajou,Lambique - EP,False,INDIFFERENT,4:26,266,rOHj15vqo2k,2024-08-27T11:02:08Z,commit:777ac1af
Cumbia del Olvido,Nicola Cruz,Prender el Alma,,INDIFFERENT,3:37,217,DGR_A47PN24,2024-08-27T10:58:31Z,commit:777ac1af
All That We Perceive,Thievery Corporation,The Richest Man In Babylon,False,INDIFFERENT,3:47,227,7HHiqHr0dtw,2024-08-27T10:54:44Z,commit:777ac1af
All of My Life,Kevin Morby,Still Life,False,INDIFFERENT,3:30,210,RGh05RNHbyc,2024-08-27T10:51:14Z,commit:777ac1af
Tecolotin,El Búho,Cenotes,,INDIFFERENT,4:23,263,k-YNiKlQTyU,2024-08-27T10:46:51Z,commit:777ac1af
She's Knocking,Ikebe Shakedown,The Way Home,False,INDIFFERENT,3:14,194,5gXrbaDHMrM,2024-08-27T10:43:37Z,commit:777ac1af
August 10,Khruangbin,Con Todo El Mundo,True,LIKE,4:25,265,NA48_XQcuwc,2024-08-27T10:39:12Z,commit:777ac1af
Miniyamba,"Yeahman, Hajna, & Mina Shankha",Shika Shika / Botanas Series,False,INDIFFERENT,4:11,251,HZlofxCghnQ,2024-08-27T10:35:01Z,commit:777ac1af
Ven a mi,Ours Samplus,Bepolar,False,INDIFFERENT,3:42,222,ehdxEAB3JDQ,2024-08-27T10:31:19Z,commit:777ac1af
Reflections of Now,Tommy Guerrero,Amber of Memory,False,INDIFFERENT,4:11,251,AunFgn7qbZU,2024-08-27T10:27:08Z,commit:777ac1af
Mumbo Sugar,Arc De Soleil,Libertalia,False,INDIFFERENT,3:09,189,1FSPY3aYVEg,2024-08-27T10:23:59Z,commit:777ac1af
Dorado Valley,Hermanos Gutiérrez,El Bueno Y El Malo,False,INDIFFERENT,3:27,207,ZnuLT3HltXI,2024-08-27T10:20:32Z,commit:777ac1af
Calixta,Hermanos Gutiérrez,Hijos Del Sol,,LIKE,3:10,190,IcOJoEAbbas,2024-08-27T10:17:22Z,commit:777ac1af
Railroad Vista,Hermanos Gutiérrez,Hijos Del Sol,,INDIFFERENT,2:45,165,g-8qJIttFZs,2024-08-27T10:14:37Z,commit:777ac1af
Sonora,Hermanos Gutiérrez,Hijos Del Sol,,INDIFFERENT,1:04,64,LZ38ikaznFE,2024-08-27T10:13:33Z,commit:777ac1af
Rain God,Hermanos Gutiérrez,Hijos Del Sol,,INDIFFERENT,2:25,145,6STh3SW9ORY,2024-08-27T10:11:08Z,commit:777ac1af
Nuevo Mundo,Hermanos Gutiérrez,Hijos Del Sol,,INDIFFERENT,4:25,265,g_nEsKduJC0,2024-08-27T10:06:43Z,commit:777ac1af
Agua Roja,Hermanos Gutiérrez,Hijos Del Sol,,INDIFFERENT,2:07,127,UlPJkghiiyI,2024-08-27T10:04:36Z,commit:777ac1af
Hijos Del Sol,Hermanos Gutiérrez,Hijos Del Sol,,INDIFFERENT,2:57,177,MJqXQ-NOFYM,2024-08-27T10:01:39Z,commit:777ac1af
Recuerdos,Hermanos Gutiérrez,Hijos Del Sol,,INDIFFERENT,1:03,63,X_FjmBpUOEs,2024-08-27T10:00:36Z,commit:777ac1af
Western Bronco,Hermanos Gutiérrez,Hijos Del Sol,,INDIFFERENT,3:14,194,sYR2__JDXXE,2024-08-27T09:57:22Z,commit:777ac1af
Mesa Redonda,Hermanos Gutiérrez,Hijos Del Sol,,INDIFFERENT,2:56,176,Q3bpkZ8i3JU,2024-08-27T09:54:26Z,commit:777ac1af
Road Song,Ikebe Shakedown,The Beast / Road Song,False,INDIFFERENT,3:01,181,oUqknxyD8k4,2024-08-27T09:51:25Z,commit:777ac1af
Tired of Fighting,Menahan Street Band,Make the Road By Walking,False,INDIFFERENT,3:32,212,F-OeFm6y384,2024-08-27T09:47:53Z,commit:777ac1af
By the Sea at the End of the World,Tommy Guerrero,Sunshine Radio,,LIKE,2:50,170,RRuCrMGZ1oQ,2024-08-27T09:45:03Z,commit:777ac1af
You Never Can Tell (C'est la Vie),Emmylou Harris,Profile: Best of Emmylou Harris,False,INDIFFERENT,3:27,207,-7S6XVoIVDI,2024-08-27T09:41:36Z,commit:777ac1af
Short Skirt / Long Jacket,CAKE,Comfort Eagle,False,INDIFFERENT,3:25,205,85zV1fpSJQ0,2024-08-27T09:38:11Z,commit:777ac1af
Where Did You Sleep Last Night,Jake Blount,Spider Tales,,INDIFFERENT,3:57,237,txQb-IU8AXc,2024-08-27T09:34:14Z,commit:777ac1af
More,Nils Frahm,Late Night Tales: Jon Hopkins,,INDIFFERENT,8:55,535,4IfRf7ybeRI,2024-08-27T09:25:19Z,commit:777ac1af
Verbena Tea with Rebekah Raff,Teebs,Late Night Tales: Jon Hopkins,,INDIFFERENT,4:24,264,-tdjDGzxDSE,2024-08-27T09:20:55Z,commit:777ac1af
Yr Love,Holy Other,Late Night Tales: Jon Hopkins,,INDIFFERENT,4:42,282,H8T8h_UOaVA,2024-08-27T09:16:13Z,commit:777ac1af
Hold Me Down,Darkstar,Late Night Tales: Jon Hopkins,,INDIFFERENT,7:17,437,yiscDwJOPwg,2024-08-27T09:08:56Z,commit:777ac1af
Sleepers Beat Theme,Ben Lukas Boysen,Late Night Tales: Jon Hopkins,,INDIFFERENT,4:37,277,rN6dGKRjX38,2024-08-27T09:04:19Z,commit:777ac1af
Radio Ballet,Eluvium,Copia,False,INDIFFERENT,3:12,192,7wJabCIbR0I,2024-08-27T09:01:07Z,commit:777ac1af
Requiem On Frankfort Ave,Eluvium,Copia,False,INDIFFERENT,2:41,161,DDsDz8MPiA8,2024-08-27T08:58:26Z,commit:777ac1af
Prelude For Time Feelers,Eluvium,Copia,False,INDIFFERENT,5:48,348,xuZnS2cNJhc,2024-08-27T08:52:38Z,commit:777ac1af
Seeing You Off The Edges,Eluvium,Copia,False,INDIFFERENT,5:03,303,3YWyjdGLDPI,2024-08-27T08:47:35Z,commit:777ac1af
Indoor Swimming At The Space Station,Eluvium,Copia,False,INDIFFERENT,10:29,629,83JW5ZhVSWc,2024-08-27T08:37:06Z,commit:777ac1af
Amreik,Eluvium,Copia,False,INDIFFERENT,3:18,198,0Tue2zPAXMY,2024-08-27T08:33:48Z,commit:777ac1af
Wien,Labradford,Fixed: : Context,False,INDIFFERENT,5:45,345,uSWSMzc2l-M,2024-08-27T08:28:03Z,commit:777ac1af
More Tea,ill.Gates,More Tea,False,INDIFFERENT,3:59,239,_awk88vCpTI,2024-08-27T08:24:04Z,commit:777ac1af
GUD VIBRATIONS,NGHTMRE & SLANDER,GUD VIBRATIONS,False,INDIFFERENT,3:44,224,7izcwIgIwHc,2024-08-27T08:20:20Z,commit:777ac1af
Bambaataa,"Boogie T, SubDocta",Old Gold EP,False,INDIFFERENT,4:05,245,Z8bM45YJBj0,2024-08-27T08:16:15Z,commit:777ac1af
Get Up And Dance!,The Record Company,Play Loud,False,INDIFFERENT,4:34,274,dF3JM7w3Kd4,2024-08-27T08:11:41Z,commit:777ac1af
Sabotage,Beastie Boys,Ill Communication,False,INDIFFERENT,2:59,179,B8CD2Rco8cQ,2024-08-27T08:08:42Z,commit:777ac1af
Learn My Lesson (EP Version),The Sheepdogs,Five Easy Pieces,False,INDIFFERENT,3:39,219,4kkB16j3KYA,2024-08-27T08:05:03Z,commit:777ac1af
Astro Funk,GRiZ,Astro Funk,False,INDIFFERENT,3:16,196,ZMEhD9dGEVg,2024-08-27T08:01:47Z,commit:777ac1af
Little Wires,Esseks,A HOLE IN THE FOURTH WALL,False,INDIFFERENT,3:15,195,x6SeMpYnsq0,2024-08-27T07:58:32Z,commit:777ac1af
Through Walls,Esseks,A HOLE IN THE FOURTH WALL,False,INDIFFERENT,3:25,205,DlTSoJ6C0zc,2024-08-27T07:55:07Z,commit:777ac1af
Badness,Esseks,A HOLE IN THE FOURTH WALL,False,INDIFFERENT,2:36,156,PRX7wmkv8Jg,2024-08-27T07:52:31Z,commit:777ac1af
Tunnels (feat. Wax Future),Esseks,A HOLE IN THE FOURTH WALL,False,INDIFFERENT,2:10,130,er9F600qznM,2024-08-27T07:50:21Z,commit:777ac1af
Bully,Esseks,A HOLE IN THE FOURTH WALL,False,INDIFFERENT,2:25,145,TfRIbnDAv3A,2024-08-27T07:47:56Z,commit:777ac1af
Heavy Meta,Esseks,A HOLE IN THE FOURTH WALL,False,INDIFFERENT,3:09,189,xXNa4ZXP5JU,2024-08-27T07:44:47Z,commit:777ac1af
Only1,Esseks,A HOLE IN THE FOURTH WALL,False,INDIFFERENT,2:59,179,32cOhYm2Nko,2024-08-27T07:41:48Z,commit:777ac1af
Use Me,Beans & Fatback,Use Me,False,INDIFFERENT,2:48,168,OtTbcNjBoIo,2024-08-27T07:39:00Z,commit:777ac1af
City Lights,Radio Moscow,Brain Cycles,False,INDIFFERENT,3:58,238,LnA3yDOOA8U,2024-08-27T07:35:02Z,commit:777ac1af
Sexx Laws,Beck,Midnite Vultures,False,INDIFFERENT,3:40,220,hrzB3mStz9Q,2024-08-27T07:31:22Z,commit:777ac1af
Black Halo,Black Pistol Fire,Look Alive,False,INDIFFERENT,3:27,207,NqwrUaMWumk,2024-08-27T07:27:55Z,commit:777ac1af
Figure It Out,Royal Blood,Royal Blood,False,INDIFFERENT,3:04,184,Qc2-2GEM4KY,2024-08-27T07:24:51Z,commit:777ac1af
Sweet Melancholia,The Red Goes Black,I Quit You Dead City,False,INDIFFERENT,6:09,369,VIrHRraln9w,2024-08-27T07:18:42Z,commit:777ac1af
Mega Gun,"Getter, MUST DIE!",Allegiance,False,INDIFFERENT,3:56,236,x6zJ2jI9KtY,2024-08-27T07:14:46Z,commit:777ac1af
Spaceships On I-285,Daily Bread,"Navigator, Standby",False,INDIFFERENT,3:48,228,IpP5uM5mO80,2024-08-27T07:10:58Z,commit:777ac1af
Lisztomania,Phoenix,Wolfgang Amadeus Phoenix,False,INDIFFERENT,4:02,242,j55r_akkRvQ,2024-08-27T07:06:56Z,commit:777ac1af
Roll Bones,The Record Company,All Of This Life,False,INDIFFERENT,3:42,222,b1guTs4RcGo,2024-08-27T07:03:14Z,commit:777ac1af
Shambles,Handsome As Sin,Tell Me How You Died,False,INDIFFERENT,3:29,209,3WwUNkUXwwA,2024-08-27T06:59:45Z,commit:777ac1af
Open Your Mind,Big Gigantic & GRiZ,Open Your Mind,False,INDIFFERENT,2:55,175,vWKTyBneUT8,2024-08-27T06:56:50Z,commit:777ac1af
Deeper,Zingara,Mind & Body,False,INDIFFERENT,3:57,237,tKfQDIYAofA,2024-08-27T06:52:53Z,commit:777ac1af
Everything You're Breathing For,The Parlor Mob,And You Were A Crow,False,INDIFFERENT,3:46,226,5BPG7xA0zaU,2024-08-27T06:49:07Z,commit:777ac1af
Howlin' for You,The Black Keys,Brothers (Deluxe Remastered Anniversary Edition),False,INDIFFERENT,3:12,192,mTuPZUbWQe0,2024-08-27T06:45:55Z,commit:777ac1af
Heaven Help Me,The Bones of J.R. Jones,Heaven Help Me,False,INDIFFERENT,3:05,185,cB8E1_rh8LY,2024-08-27T06:42:50Z,commit:777ac1af
Comfort Eagle,CAKE,Comfort Eagle,False,INDIFFERENT,3:41,221,Q2elSNrRxus,2024-08-27T06:39:09Z,commit:777ac1af
An Honest Mistake,The Bravery,The Bravery,False,INDIFFERENT,3:40,220,2XuhnyOVN00,2024-08-27T06:35:29Z,commit:777ac1af
Rewind,Blunts & Blondes,Rewind,False,INDIFFERENT,3:37,217,lk5y_2uXeQk,2024-08-27T06:31:52Z,commit:777ac1af
Dusty Bugs,"Opiuo, Vorso",Dusty Bugs,False,INDIFFERENT,5:09,309,D3IP_tMa_Jc,2024-08-27T06:26:43Z,commit:777ac1af
SHADOW SELF,LSDREAM,SHADOW SELF,False,INDIFFERENT,4:09,249,nmHeEJSox5o,2024-08-27T06:22:34Z,commit:777ac1af
Love Don’t,Nathaniel Rateliff & The Night Sweats,The Future,False,INDIFFERENT,5:11,311,744NnRExh00,2024-08-27T06:17:23Z,commit:777ac1af
On The Block,Shlump,Fracture,True,LIKE,4:16,256,M9iyUbhaQzs,2024-08-27T06:13:07Z,commit:777ac1af
Do Your Worst,Rival Sons,Feral Roots,False,INDIFFERENT,3:31,211,la_A3YOsT0E,2024-08-27T06:09:36Z,commit:777ac1af
You Do You,Manic Focus,You Do You,False,INDIFFERENT,3:36,216,AIWDbxSwAG8,2024-08-27T06:06:00Z,commit:777ac1af
Up All Night,Beck,Colors,False,INDIFFERENT,3:11,191,0ZJ9PNtmRCs,2024-08-27T06:02:49Z,commit:777ac1af
How High,The Record Company,Play Loud,False,INDIFFERENT,3:13,193,2Qb8w2ULZAE,2024-08-27T05:59:36Z,commit:777ac1af
Overflow,Henry's Funeral Shoe,Comfortable Skin,False,INDIFFERENT,3:28,208,NRal3ArNtSc,2024-08-27T05:56:08Z,commit:777ac1af
I Know the Truth,Pretty Lights,I Know the Truth,False,INDIFFERENT,4:48,288,qP2yHL8oeFo,2024-08-27T05:51:20Z,commit:777ac1af
Madison Area,Tortoise,A Lazarus Taxon,False,INDIFFERENT,3:28,208,OnjYL9gFgAM,2024-08-27T05:47:52Z,commit:777ac1af
Blue Station,Tortoise,A Lazarus Taxon,False,INDIFFERENT,5:35,335,cXtQ7v5Yguw,2024-08-27T05:42:17Z,commit:777ac1af
Vaus,Tortoise,A Lazarus Taxon,False,INDIFFERENT,5:02,302,oeSDtQ4Urj8,2024-08-27T05:37:15Z,commit:777ac1af
Restelss Waters,Tortoise,A Lazarus Taxon,False,INDIFFERENT,3:42,222,tI8KD5n-e7A,2024-08-27T05:33:33Z,commit:777ac1af
A Grape Dope,Tortoise,A Lazarus Taxon,False,INDIFFERENT,4:13,253,doRA5dIBHCw,2024-08-27T05:29:20Z,commit:777ac1af
Wait,Tortoise,A Lazarus Taxon,False,INDIFFERENT,4:28,268,qE30gdlw4FE,2024-08-27T05:24:52Z,commit:777ac1af
Autumn Sweater,Tortoise,A Lazarus Taxon,False,INDIFFERENT,7:08,428,chZC5dKrHGY,2024-08-27T05:17:44Z,commit:777ac1af
Didjeridoo,Tortoise,A Lazarus Taxon,False,INDIFFERENT,4:34,274,OSTFVzLOnuw,2024-08-27T05:13:10Z,commit:777ac1af
Whitewater,Tortoise,A Lazarus Taxon,False,INDIFFERENT,5:07,307,uWnOoHvN7Q4,2024-08-27T05:08:03Z,commit:777ac1af
To Day Retrieval,Tortoise,A Lazarus Taxon,False,INDIFFERENT,3:59,239,dkclaWcTmzg,2024-08-27T05:04:04Z,commit:777ac1af
Sexual For Elizabeth,Tortoise,A Lazarus Taxon,False,INDIFFERENT,4:50,290,4H2AyCYqzdc,2024-08-27T04:59:14Z,commit:777ac1af
Blackbird,Tortoise,A Lazarus Taxon,False,INDIFFERENT,5:02,302,sfCpwFz8YkQ,2024-08-27T04:54:12Z,commit:777ac1af
The Source of Uncertainty,Tortoise,A Lazarus Taxon,False,INDIFFERENT,3:43,223,jSU_oBkIkmw,2024-08-27T04:50:29Z,commit:777ac1af
Gamera,Tortoise,A Lazarus Taxon,False,INDIFFERENT,11:54,714,o_W4y2b4ri8,2024-08-27T04:38:35Z,commit:777ac1af
Breathless,Corinne Bailey Rae,Corinne Bailey Rae,False,INDIFFERENT,4:16,256,mdoxIFeDYeg,2024-08-27T04:34:19Z,commit:777ac1af
16 CARRIAGES,Beyoncé,16 CARRIAGES,False,INDIFFERENT,3:54,234,-fV37wdHG8U,2024-08-27T04:30:25Z,commit:777ac1af
Not Ready to Make Nice,The Chicks,Taking The Long Way,False,INDIFFERENT,3:58,238,o8jxSOldUms,2024-08-27T04:26:27Z,commit:777ac1af
Daddy Lessons (feat. The Chicks),Beyoncé,Daddy Lessons,False,INDIFFERENT,6:26,386,4ogc5Pbtxa0,2024-08-27T04:20:01Z,commit:777ac1af
TEXAS HOLD 'EM,Beyoncé,TEXAS HOLD 'EM,False,INDIFFERENT,3:56,236,ZdxuDk3HLcA,2024-08-27T04:16:05Z,commit:777ac1af
Wyoming,Benjamin Tod & Western AF,Wyoming,False,INDIFFERENT,5:31,331,GfLXlo5c4Co,2024-08-27T04:10:34Z,commit:777ac1af
Killers of the Flower Moon,Charley Crockett,Killers of the Flower Moon,False,INDIFFERENT,3:14,194,5xB7l8VhJ8A,2024-08-27T04:07:20Z,commit:777ac1af
Azalea,Blackberry Smoke,Azalea,False,INDIFFERENT,4:17,257,pvDFVTZ8Fpc,2024-08-27T04:03:03Z,commit:777ac1af
Whispering Waltz,Sierra Ferrell,Long Time Coming,,INDIFFERENT,3:22,202,14UKa4QhU1U,2024-08-27T03:59:41Z,commit:777ac1af
Let's All Help the Cowboys (Sing the Blues),Colter Wall,Cypress Hills and the Big Country,False,INDIFFERENT,3:05,185,PzvWPyRfP0A,2024-08-27T03:56:36Z,commit:777ac1af
Right Back to It (feat. MJ Lenderman),Waxahatchee,Right Back to It,False,INDIFFERENT,4:34,274,msugPlJJ19g,2024-08-27T03:52:02Z,commit:777ac1af
When A Cowboy Trades His Spurs For Wings,Willie Watson & Tim Blake Nelson,The Ballad of Buster Scruggs (Original Motion Picture Soundtrack),False,INDIFFERENT,2:35,155,Jcqtjo9Y8eA,2024-08-27T03:49:27Z,commit:777ac1af
Days Can Turn Around,Sarah Jarosz,Days Can Turn Around,False,INDIFFERENT,3:59,239,8dqLxZFVQI4,2024-08-27T03:45:28Z,commit:777ac1af
Black Sedan,Charley Crockett,The Man from Waco,False,INDIFFERENT,3:25,205,4Y9RolTqiuM,2024-08-27T03:42:03Z,commit:777ac1af
Bury Me Beneath The Willow (from The Hunger Games: The Ballad of Songbirds & Snakes),Molly Tuttle,The Hunger Games: The Ballad of Songbirds & Snakes (Music From & Inspired By),,LIKE,3:43,223,otqQ8yVnIqE,2024-08-27T03:38:20Z,commit:777ac1af
Burial Ground,The Decemberists,Burial Ground,False,INDIFFERENT,4:05,245,kffF-wHYJ1c,2024-08-27T03:34:15Z,commit:777ac1af
Burn Me Once (from The Hunger Games: The Ballad of Songbirds & Snakes),Bella White,The Hunger Games: The Ballad of Songbirds & Snakes (Music From & Inspired By),,INDIFFERENT,3:21,201,CeYXXxSPHUc,2024-08-27T03:30:54Z,commit:777ac1af
Jeremiah,Sierra Ferrell,Jeremiah / Why’d Ya Do It,False,INDIFFERENT,3:05,185,Zqr4zb-0Ps0,2024-08-27T03:27:49Z,commit:777ac1af
I Could Drive You Crazy,Sierra Ferrell,I Could Drive You Crazy,False,INDIFFERENT,3:37,217,33KrmfvEQLE,2024-08-27T03:24:12Z,commit:777ac1af
I've Got a Feeling I'm Falling,Annette Hanshaw,She's Got It,False,INDIFFERENT,2:56,176,v7kFJiCKY1E,2024-08-27T03:21:16Z,commit:777ac1af
Forest Of My Soul,Moontricks,Forest Of My Soul,False,INDIFFERENT,3:41,221,8T7VpH_Zfl8,2024-08-27T03:17:35Z,commit:777ac1af
Carol Brown,Flight of the Conchords,I Told You I Was Freaky,True,LIKE,3:26,206,Hz5SFQsLzAg,2024-08-27T03:14:09Z,commit:777ac1af
My Sweet Lord (2020 Mix),George Harrison,All Things Must Pass (50th Anniversary;Super Deluxe),False,INDIFFERENT,4:42,282,th1vGHFm8WI,2024-08-27T03:09:27Z,commit:777ac1af
Friction,TAUK,Collisions,False,INDIFFERENT,5:01,301,ITUIBxdU0Jc,2024-08-27T03:04:26Z,commit:777ac1af
Me and Bobby McGee,Janis Joplin,Pearl (Legacy Edition),False,INDIFFERENT,4:32,272,-ggFIeg5u1M,2024-08-27T02:59:54Z,commit:777ac1af
It Should Have Been Me,Yvonne Fair,The Bitch Is Black,False,INDIFFERENT,3:34,214,Q4yJDlHMpTE,2024-08-27T02:56:20Z,commit:777ac1af
Lay All Your Love On Me,ABBA,Super Trouper,False,INDIFFERENT,4:35,275,5mHzaIehRTE,2024-08-27T02:51:45Z,commit:777ac1af
Phyllis,Lettuce,Crush,False,INDIFFERENT,6:50,410,uhMLUZ9-eT0,2024-08-27T02:44:55Z,commit:777ac1af
"Silver Springs (Live at Warner Brothers Studios in Burbank, CA 5/23/97)",Fleetwood Mac,The Dance,False,INDIFFERENT,5:42,342,-RYRoQO15ZI,2024-08-27T02:39:13Z,commit:777ac1af
Gypsy (2002 Remaster),Fleetwood Mac,The Very Best Of Fleetwood Mac,False,INDIFFERENT,4:23,263,rX57RBmD3eI,2024-08-27T02:34:50Z,commit:777ac1af
Another Light,Henry Green,Another Light,False,INDIFFERENT,3:29,209,pQycH8qZNzQ,2024-08-27T02:31:21Z,commit:777ac1af
Psychos,Jenny Lewis,Psychos,False,INDIFFERENT,3:06,186,1JIvfi0v4ZY,2024-08-27T02:28:15Z,commit:777ac1af
Back Of The Car,Andrey Azizov,Back Of The Car,False,INDIFFERENT,3:33,213,P4ad7sgXOkM,2024-08-27T02:24:42Z,commit:777ac1af
Rynodub,The Motet,The Motet,False,INDIFFERENT,6:32,392,5Z5y085y_Bs,2024-08-27T02:18:10Z,commit:777ac1af
Swing,EVVY,EVVY,False,INDIFFERENT,3:56,236,LbBk1xcax4E,2024-08-27T02:14:14Z,commit:777ac1af
At the Show,Marco Benevento,At the Show,False,INDIFFERENT,3:26,206,vAYO17n3yCY,2024-08-27T02:10:48Z,commit:777ac1af
The Weight,Weval,The Weight,False,INDIFFERENT,4:46,286,nmUjSyRCWPw,2024-08-27T02:06:02Z,commit:777ac1af
Come Back To You,Crooked Colours,Vera,False,INDIFFERENT,3:09,189,F2sMZqJeC_g,2024-08-27T02:02:53Z,commit:777ac1af
Hometown,Nature TV,Hometown,False,INDIFFERENT,3:43,223,Wa7TB18l05o,2024-08-27T01:59:10Z,commit:777ac1af
Everybody Wants to Rule the World,Lettuce,Everybody Wants to Rule the World,False,INDIFFERENT,4:51,291,axzIv6l5a9E,2024-08-27T01:54:19Z,commit:777ac1af
Street Fighter Mas,Kamasi Washington,Heaven and Earth,False,INDIFFERENT,5:59,359,-c0U2W7N6fg,2024-08-27T01:48:20Z,commit:777ac1af
Texas Sun,"Khruangbin, Leon Bridges",Texas Sun,False,INDIFFERENT,4:13,253,VFXR6pUMjUU,2024-08-27T01:44:07Z,commit:777ac1af
Moonmung,HED,Moonmung,False,INDIFFERENT,4:21,261,I7nWtmAIhSM,2024-08-27T01:39:46Z,commit:777ac1af
Never Mess With Sunday,Yppah,Eighty One,False,INDIFFERENT,4:31,271,bD96pf1jR7A,2024-08-27T01:35:15Z,commit:777ac1af
This Must Be the Place (Naive Melody) [2005 Remaster],Talking Heads,Speaking in Tongues (Deluxe Version),False,INDIFFERENT,4:57,297,fsccjsW8bSY,2024-08-27T01:30:18Z,commit:777ac1af
Maestro (Tears Don't Lie),Wilder Woods,Maestro (Tears Don't Lie),False,INDIFFERENT,3:23,203,sNbde8aNrzw,2024-08-27T01:26:55Z,commit:777ac1af
In Flight (two),Mild Orange,Mild Orange,False,INDIFFERENT,3:01,181,vuN8omCnxDk,2024-08-27T01:23:54Z,commit:777ac1af
"Me, You And Everybody",Gomez,Split The Difference,False,INDIFFERENT,4:25,265,THlMbZozSc0,2024-08-27T01:19:29Z,commit:777ac1af
Hand Back Down,The Devil Makes Three,I'm a Stranger Here (Deluxe),False,INDIFFERENT,3:27,207,72H3SjH1lf0,2024-08-27T01:16:02Z,commit:777ac1af
The Force,Lettuce,Crush,False,INDIFFERENT,3:41,221,3DuGtGk5oF0,2024-08-27T01:12:21Z,commit:777ac1af
Trampoline,Karina Rykman,Joyride,False,INDIFFERENT,4:01,241,lrdRaKDpEEI,2024-08-27T01:08:20Z,commit:777ac1af
Run Of The Mill,Karina Rykman,Joyride,False,INDIFFERENT,3:29,209,HBFwes8Uppk,2024-08-27T01:04:51Z,commit:777ac1af
Skylark / Slowlark,Karina Rykman,Joyride,False,INDIFFERENT,4:18,258,FA8gyW30cKU,2024-08-27T01:00:33Z,commit:777ac1af
All That You Wanted,Karina Rykman,Joyride,False,INDIFFERENT,3:30,210,sGlnXSv8nWE,2024-08-27T00:57:03Z,commit:777ac1af
Plants,Karina Rykman,Joyride,False,INDIFFERENT,5:11,311,m1KH57EPfLM,2024-08-27T00:51:52Z,commit:777ac1af
Beacon,Karina Rykman,Joyride,False,INDIFFERENT,3:09,189,3iOYdwIYESQ,2024-08-27T00:48:43Z,commit:777ac1af
Elevator,Karina Rykman,Joyride,False,INDIFFERENT,4:03,243,82Ng5zxG9SI,2024-08-27T00:44:40Z,commit:777ac1af
Fever Dream,Karina Rykman,Joyride,False,INDIFFERENT,3:45,225,SunEOWjc_6o,2024-08-27T00:40:55Z,commit:777ac1af
Joyride,Karina Rykman,Joyride,False,INDIFFERENT,3:48,228,uAge_txE9EU,2024-08-27T00:37:07Z,commit:777ac1af
Cumbia Sobre el Mar (El Búho Remix),"Flowering Inferno, Quantic",Tributaries: A Remix Album (El Búho Remixes),False,INDIFFERENT,5:13,313,7nsd0-5X5is,2024-08-27T00:31:54Z,commit:777ac1af
Mesa Redonda,Hermanos Gutiérrez,Hijos Del Sol,False,INDIFFERENT,2:56,176,Q3bpkZ8i3JU,2024-08-27T00:28:58Z,commit:777ac1af
Cumbia del Olvido,Nicola Cruz,Prender el Alma,,INDIFFERENT,3:37,217,DGR_A47PN24,2024-08-27T00:25:21Z,commit:777ac1af
Lecce 74,"El Búho, Yeahman",Ostriconi,False,INDIFFERENT,5:07,307,DKIHgu_kCUA,2024-08-27T00:20:14Z,commit:777ac1af
Colibria,Nicola Cruz,Prender el Alma,,LIKE,8:03,483,WLfFtctgWg4,2024-08-27T00:12:11Z,commit:777ac1af
Roll The Bones,Shakey Graves,Roll The Bones,False,INDIFFERENT,4:05,245,7ro_Z1s2x-g,2024-08-27T00:08:06Z,commit:777ac1af
Take The High Road,Sarah Jarosz,Polaroid Lovers,False,INDIFFERENT,4:36,276,ue1Ri6mVtdk,2024-08-27T00:03:30Z,commit:777ac1af
White Lines and Neon Signs,The Wooks,Little Circles,False,INDIFFERENT,3:22,202,-Cp04tA2B-w,2024-08-27T00:00:08Z,commit:777ac1af
The Muse,The Wood Brothers,The Muse,False,INDIFFERENT,3:21,201,Dq--l6pKv7s,2024-08-26T23:56:47Z,commit:777ac1af
Like a Wave,Cat Clyde,Ivory Castanets,False,INDIFFERENT,3:11,191,as1EzpWyP7U,2024-08-26T23:53:36Z,commit:777ac1af
Chimney Swifts,Brad Kolodner,Chimney Swifts,,LIKE,3:47,227,Xrf5C8vgqfs,2024-08-26T23:49:49Z,commit:777ac1af
Lonesome Friends of Science,John Prine,The Tree of Forgiveness,False,INDIFFERENT,4:42,282,GmTGfF4zEt8,2024-08-26T23:45:07Z,commit:777ac1af
Until the Last Light Fades,Watchhouse,This Side of Jordan,False,INDIFFERENT,3:20,200,XvMnhkoNeFY,2024-08-26T23:41:47Z,commit:777ac1af
Hard Times,Gillian Welch,The Harrow & The Harvest,False,INDIFFERENT,4:52,292,0Lwr1aW6jr8,2024-08-26T23:36:55Z,commit:777ac1af
Polar Opposites,"Iron Horse, Pickin' On Series",The Bluegrass Tribute to Modest Mouse: Something You've Never Heard Before,False,INDIFFERENT,3:26,206,cs4hxhnFOLU,2024-08-26T23:33:29Z,commit:777ac1af
Gospel Plow,Chance McCoy and The Appalachian String Band,Debut,,LIKE,4:37,277,KLPuLU2bH3s,2024-08-26T23:28:52Z,commit:777ac1af
Bells Of Every Chapel (feat. Billy Strings),Sierra Ferrell,Bells Of Every Chapel,,LIKE,4:16,256,YGMAQw5mcqI,2024-08-26T23:24:36Z,commit:777ac1af
4 & 20 Blues,Redbird,Live At The Cafe Carpe,False,INDIFFERENT,3:35,215,BBF1R88xXJ8,2024-08-26T23:21:01Z,commit:777ac1af
Burn Me Once (from The Hunger Games: The Ballad of Songbirds & Snakes),Bella White,The Hunger Games: The Ballad of Songbirds & Snakes (Music From & Inspired By),,INDIFFERENT,3:21,201,CeYXXxSPHUc,2024-08-26T23:17:40Z,commit:777ac1af
Just Like Heaven,The Infamous Stringdusters,"Undercover, Vol. 2",False,INDIFFERENT,4:09,249,3mvKtj5W5qM,2024-08-26T23:13:31Z,commit:777ac1af
West Virginia Waltz,Sierra Ferrell,Long Time Coming,,INDIFFERENT,3:34,214,1bE7LApwxUk,2024-08-26T23:09:57Z,commit:777ac1af
The Bartender,The SteelDrivers,Bad For You,False,INDIFFERENT,3:30,210,t2D9fZE4cSY,2024-08-26T23:06:27Z,commit:777ac1af
Too Many Places,The Brothers Comatose,Too Many Places,False,INDIFFERENT,3:24,204,9U-p-NKUQlY,2024-08-26T23:03:03Z,commit:777ac1af
Two Hits and the Joint Turned Brown,Yonder Mountain String Band,"Mountain Tracks, Vol. 2",False,INDIFFERENT,3:39,219,SwK6xYTdd3k,2024-08-26T22:59:24Z,commit:777ac1af
Far Away Across The Sea,Sierra Ferrell,Long Time Coming,,INDIFFERENT,3:18,198,EMbNMV3sGPw,2024-08-26T22:56:06Z,commit:777ac1af
One Engine (from The Hunger Games Soundtrack),The Decemberists,The Hunger Games: Songs From District 12 And Beyond,False,INDIFFERENT,3:02,182,E0povHTiToM,2024-08-26T22:53:04Z,commit:777ac1af
Three White Horses  ,Andrew Bird,Hands Of Glory,False,INDIFFERENT,3:10,190,mGVbOaD2-Cg,2024-08-26T22:49:54Z,commit:777ac1af
Something on Your Mind,Karen Dalton,Something on Your Mind,False,INDIFFERENT,3:26,206,Dddo5DjMn8g,2024-08-26T22:46:28Z,commit:777ac1af
Fox Hunt,Sierra Ferrell,Fox Hunt,False,INDIFFERENT,3:17,197,lLVITH62c8I,2024-08-26T22:43:11Z,commit:777ac1af
Cocaine Blues,Townes Van Zandt,Roadsongs,False,INDIFFERENT,4:04,244,wIzSBzZh144,2024-08-26T22:39:07Z,commit:777ac1af
Good At What I Do,Sarah Jarosz,Polaroid Lovers,False,INDIFFERENT,3:48,228,OwJ-fi_5mSA,2024-08-26T22:35:19Z,commit:777ac1af
Long Black Veil,"David Grisman, Jerry Garcia, Tony Rice",The Pizza Tapes,,INDIFFERENT,4:31,271,gkwh3GAvM-8,2024-08-26T22:30:48Z,commit:777ac1af
Little Sadie,Crooked Still,Shaken By A Low Sound,,INDIFFERENT,2:36,156,MWJJHhqoqDk,2024-08-26T22:28:12Z,commit:777ac1af
Bury Me Beneath The Willow (from The Hunger Games: The Ballad of Songbirds & Snakes),Molly Tuttle,The Hunger Games: The Ballad of Songbirds & Snakes (Music From & Inspired By),,LIKE,3:43,223,otqQ8yVnIqE,2024-08-26T22:24:29Z,commit:777ac1af
Wreck of the Edmund Fitzgerald,Punch Brothers,Hell on Church Street,,INDIFFERENT,4:46,286,DhTRNU1mnVA,2024-08-26T22:19:43Z,commit:777ac1af
"My Old Kentucky Home, Goodnight",John Prine,"My Old Kentucky Home, Goodnight",False,INDIFFERENT,3:46,226,_Zf31oTrx48,2024-08-26T22:15:57Z,commit:777ac1af
Lovin' Arms,The Wood Brothers,Loaded,False,INDIFFERENT,3:21,201,w8qydN1w4m4,2024-08-26T22:12:36Z,commit:777ac1af
Welcome to Hard Times,Charley Crockett,Welcome to Hard Times,False,INDIFFERENT,3:06,186,rdIbTjWr_JQ,2024-08-26T22:09:30Z,commit:777ac1af
Caleb Meyer,Gillian Welch,Hell Among The Yearlings,False,INDIFFERENT,3:01,181,xFhwINRf0KI,2024-08-26T22:06:29Z,commit:777ac1af
In Dreams (Alternative Version),Sierra Ferrell,In Dreams (Alternative Version),False,INDIFFERENT,2:44,164,PnTdOv5oA2o,2024-08-26T22:03:45Z,commit:777ac1af
Just Like Leaving,Bella White,Just Like Leaving,False,INDIFFERENT,3:27,207,oviDGUsgHhY,2024-08-26T22:00:18Z,commit:777ac1af
Gracefully Facedown (Live),The Devil Makes Three,Kexp Presents: The Devil Makes Three Live in Studio - EP,True,LIKE,3:27,207,FGt1_5rUr14,2024-08-26T21:56:51Z,commit:777ac1af
Half Mile Down,Old Crow Medicine Show,Carry Me Back,False,INDIFFERENT,3:02,182,4E_AjWGsQJ0,2024-08-26T21:53:49Z,commit:777ac1af
Helix (Live / AAA),Justice,Access All Arenas,,INDIFFERENT,4:07,247,10JPFw0ieqI,2024-08-26T21:49:42Z,commit:777ac1af
16 CARRIAGES,Beyoncé,16 CARRIAGES,False,INDIFFERENT,3:54,234,-fV37wdHG8U,2024-08-26T21:45:48Z,commit:777ac1af
TEXAS HOLD 'EM,Beyoncé,TEXAS HOLD 'EM,False,INDIFFERENT,3:56,236,ZdxuDk3HLcA,2024-08-26T21:41:52Z,commit:777ac1af
Pure As The Driven Snow (from The Hunger Games: The Ballad of Songbirds & Snakes),"Rachel Zegler, The Covey Band",The Hunger Games: The Ballad of Songbirds & Snakes (Music From & Inspired By),,INDIFFERENT,3:54,234,ISucPnIrgBs,2024-08-26T21:37:58Z,commit:777ac1af
I Could Drive You Crazy,Sierra Ferrell,I Could Drive You Crazy,False,INDIFFERENT,3:37,217,33KrmfvEQLE,2024-08-26T21:34:21Z,commit:777ac1af
Sovietoblaster,Rotfront,Emigrantski Raggamuffin,False,INDIFFERENT,3:09,189,LJzafeZ2BCU,2024-08-26T21:31:12Z,commit:777ac1af
Wake Me Up,Russkaja,Barada,False,INDIFFERENT,4:06,246,vIbfj52D8fc,2024-08-26T21:27:06Z,commit:777ac1af
Addvice,Days N Daze,Show Me the Blueprints.,False,INDIFFERENT,3:22,202,u94J7VX7Twc,2024-08-26T21:23:44Z,commit:777ac1af
The Maker,The Goddamn Gallows,The Maker,False,INDIFFERENT,4:15,255,CqNR62zVftg,2024-08-26T21:19:29Z,commit:777ac1af
Lay Your Head Down,Mad Caddies,Keep It Going,False,INDIFFERENT,3:28,208,FpNd_YhhCNg,2024-08-26T21:16:01Z,commit:777ac1af
Khosid Wedding Dance,Diego's Umbrella,Double Panther,False,INDIFFERENT,3:04,184,NrYqRGjEb4c,2024-08-26T21:12:57Z,commit:777ac1af
Another Bag of Bricks,Flogging Molly,Drunken Lullabies,False,INDIFFERENT,3:46,226,SDEAYajgtE8,2024-08-26T21:09:11Z,commit:777ac1af
Somewhere in the Between,Streetlight Manifesto,Somewhere in the Between,False,INDIFFERENT,3:44,224,in8M3ej2Wg0,2024-08-26T21:05:27Z,commit:777ac1af
Sparkle,Phish,Rift,False,INDIFFERENT,3:55,235,W-dzJx3NGm0,2024-08-26T21:01:32Z,commit:777ac1af
Sail Away,Happy Ol'McWeasel,No Offence,False,INDIFFERENT,3:46,226,E6c9HECL3RM,2024-08-26T20:57:46Z,commit:777ac1af
It IS The Other Side of Rainbow,Gogol Bordello,Pura Vida Conspiracy,False,INDIFFERENT,3:17,197,1ZqQfau3r6o,2024-08-26T20:54:29Z,commit:777ac1af
Trans-Continental Hustle,Gogol Bordello,Trans-Continental Hustle,True,LIKE,4:17,257,m25XvcLsROQ,2024-08-26T20:50:12Z,commit:777ac1af
Break The Spell,Gogol Bordello,Trans-Continental Hustle,False,INDIFFERENT,4:07,247,RdT8ArioxdI,2024-08-26T20:46:05Z,commit:777ac1af
In The Meantime In Pernambuco,Gogol Bordello,Trans-Continental Hustle,False,INDIFFERENT,3:12,192,AxWl1Gpyby0,2024-08-26T20:42:53Z,commit:777ac1af
To Rise Above,Gogol Bordello,Trans-Continental Hustle,False,INDIFFERENT,3:48,228,r8KgK_SAA44,2024-08-26T20:39:05Z,commit:777ac1af
Last One Goes The Hope,Gogol Bordello,Trans-Continental Hustle,False,INDIFFERENT,4:35,275,_SyzWyBp0Iw,2024-08-26T20:34:30Z,commit:777ac1af
Raise The Knowledge,Gogol Bordello,Trans-Continental Hustle,False,INDIFFERENT,4:57,297,WNsrLGP-fzo,2024-08-26T20:29:33Z,commit:777ac1af
Uma Menina,Gogol Bordello,Trans-Continental Hustle,False,INDIFFERENT,4:35,275,bwIjHhTSGos,2024-08-26T20:24:58Z,commit:777ac1af
When Universes Collide,Gogol Bordello,Trans-Continental Hustle,False,INDIFFERENT,4:49,289,MwO2I_m-WIs,2024-08-26T20:20:09Z,commit:777ac1af
Immigraniada (We Comin' Rougher),Gogol Bordello,Trans-Continental Hustle,False,INDIFFERENT,3:46,226,LzLy6dDSbR4,2024-08-26T20:16:23Z,commit:777ac1af
Rebellious Love,Gogol Bordello,Trans-Continental Hustle,False,INDIFFERENT,3:58,238,hWdoKG_odpw,2024-08-26T20:12:25Z,commit:777ac1af
Sun On My Side,Gogol Bordello,Trans-Continental Hustle,False,INDIFFERENT,4:25,265,RH7Xzd4PmwQ,2024-08-26T20:08:00Z,commit:777ac1af
My Companjera,Gogol Bordello,Trans-Continental Hustle,False,INDIFFERENT,3:23,203,djWvmGtZsi4,2024-08-26T20:04:37Z,commit:777ac1af
Pala Tute,Gogol Bordello,Trans-Continental Hustle,False,INDIFFERENT,4:06,246,0J8S-qbxhpc,2024-08-26T20:00:31Z,commit:777ac1af
Start Wearing Purple,Gogol Bordello,Gypsy Punks: Underdog World Strike,False,INDIFFERENT,3:43,223,VJZwzoQQw8U,2024-08-26T19:56:48Z,commit:777ac1af
Daniel Saw The Stone (Negro-Spiritual),"The Golden Gate Quartet & Clyde Riddick, Clyde Wright, J. Caleb Ginyard, Orlando Wilson","""Serie All Stars Music"" Nº 039 Exclusive Remastered From Original Vinyl First Edition (Vintage Lps) ""Negro - Spirituals"" ""Gospel""",True,LIKE,2:21,141,UdN9B7UVkYs,2024-08-26T19:54:27Z,commit:777ac1af
"Don't Think Twice, It's All Right",The Infamous Stringdusters,Undercover,True,LIKE,4:26,266,Wewb33DJSz0,2024-08-26T19:50:01Z,commit:777ac1af
Sirens,The Infamous Stringdusters,Laws Of Gravity,,INDIFFERENT,4:06,246,rkkdozeToqk,2024-08-26T19:45:55Z,commit:777ac1af
1901: A Canyon Odyssey,The Infamous Stringdusters,Laws Of Gravity,,LIKE,4:35,275,ncqZjGXC-AA,2024-08-26T19:41:20Z,commit:777ac1af
Black Rock,The Infamous Stringdusters,The Infamous Stringdusters,False,INDIFFERENT,3:32,212,kQUvdEQav4U,2024-08-26T19:37:48Z,commit:777ac1af
Long White Line,Sturgill Simpson,Metamodern Sounds in Country Music,False,INDIFFERENT,4:02,242,qrZ0E0B7vd0,2024-08-26T19:33:46Z,commit:777ac1af
Taking Water,Billy Strings,Home,,INDIFFERENT,4:09,249,GeJvfEoZiAM,2024-08-26T19:29:37Z,commit:777ac1af
"(Good Old Electric) Washing Machine (Circa 1943) (Buddha Remastered - September 3, 2001)",John Hartford,RCA Country Legends: John Hartford,False,INDIFFERENT,2:06,126,FEp3iMp7WRU,2024-08-26T19:27:31Z,commit:777ac1af
Mole in the Ground,Joe Walsh,Sweet Loam,,LIKE,3:33,213,sEQLMr54EnY,2024-08-26T19:23:58Z,commit:777ac1af
Waves,Moontricks,Currents,False,INDIFFERENT,3:49,229,Rv_hklBykCE,2024-08-26T19:20:09Z,commit:777ac1af
Ballet in the Underground,Moontricks,Currents,False,INDIFFERENT,3:26,206,1sG7Bk-9sVg,2024-08-26T19:16:43Z,commit:777ac1af
Dark Matter,Moontricks,Currents,False,INDIFFERENT,3:21,201,wgkN6ITpbZA,2024-08-26T19:13:22Z,commit:777ac1af
Merlot,Moontricks,Currents,False,INDIFFERENT,3:34,214,4n_C2hTEAds,2024-08-26T19:09:48Z,commit:777ac1af
Embers,Moontricks,Currents,False,INDIFFERENT,3:59,239,KKVuFXusKYU,2024-08-26T19:05:49Z,commit:777ac1af
The Edge,"Dirtwire, Moontricks",Currents,False,INDIFFERENT,3:46,226,huaiuJThZTo,2024-08-26T19:02:03Z,commit:777ac1af
Parting Ways,"KR3TURE, Moontricks",Currents,False,INDIFFERENT,4:01,241,2wVx67-D0oE,2024-08-26T18:58:02Z,commit:777ac1af
Currents,Moontricks,Currents,False,INDIFFERENT,4:44,284,lVIXOBYJf3s,2024-08-26T18:53:18Z,commit:777ac1af
Birdtimes,Moontricks,Currents,False,INDIFFERENT,4:48,288,B2iQW3p3Wc8,2024-08-26T18:48:30Z,commit:777ac1af
Animals,Moontricks,Currents,False,INDIFFERENT,4:26,266,hHJFCFvFJ0U,2024-08-26T18:44:04Z,commit:777ac1af
Forest of My Soul,Moontricks,Currents,False,INDIFFERENT,3:41,221,Vstxfnkq5ZU,2024-08-26T18:40:23Z,commit:777ac1af
Future Cries of No Tomorrow,Ruptured World,Exoplanetary,False,INDIFFERENT,5:25,325,Sx2NguXQtrQ,2024-08-26T18:34:58Z,commit:777ac1af
At the Gates of Dawn,Poemme,Moments in Golden Light,False,INDIFFERENT,6:47,407,vcKNgFkHkD4,2024-08-26T18:28:11Z,commit:777ac1af
At the Mercy of the Waves,Clem Leek,Holly Lane,False,INDIFFERENT,4:59,299,8bDewwR407M,2024-08-26T18:23:12Z,commit:777ac1af
No Drums,Tim Hecker,"Ravedeath, 1972",False,INDIFFERENT,3:24,204,qdmbbiMRe48,2024-08-26T18:19:48Z,commit:777ac1af
Beneath the City Trees,Rhian Sheehan,Seven Tales of the North Wind,False,INDIFFERENT,4:59,299,zKQaLon3CuE,2024-08-26T18:14:49Z,commit:777ac1af
Dying Alone,Hammock,Dying Alone,False,INDIFFERENT,3:55,235,LFE7JeF56SY,2024-08-26T18:10:54Z,commit:777ac1af
Poa Alpina,Biosphere,Substrata 2,False,INDIFFERENT,4:10,250,B0R14OCTuUc,2024-08-26T18:06:44Z,commit:777ac1af
Fairy Light,EIRLYS,Fairy Light,False,INDIFFERENT,2:47,167,xHTLZkpzOls,2024-08-26T18:03:57Z,commit:777ac1af
Angle of List,Loscil,Sea Island,,INDIFFERENT,6:45,405,lCz268SkPXc,2024-08-26T17:57:12Z,commit:777ac1af
Endless Fragments of Time,Deep Watch,Endless Fragments of Time,False,INDIFFERENT,3:36,216,bjWlLpe6Qeo,2024-08-26T17:53:36Z,commit:777ac1af
Against The Sky (2005 Digital Remaster),"Brian Eno, Harold Budd",The Pearl,False,INDIFFERENT,4:53,293,vwMFMHfEoh4,2024-08-26T17:48:43Z,commit:777ac1af
The Night,Warmth,The Night,False,INDIFFERENT,6:58,418,zN_xASFhR-A,2024-08-26T17:41:45Z,commit:777ac1af
Geologic Time Scale,Hyperion Towers,Rovaniemi,False,INDIFFERENT,3:20,200,0jvmbfCAhr8,2024-08-26T17:38:25Z,commit:777ac1af
Motoc,loscil,Plume,False,INDIFFERENT,6:29,389,zBCKNhgD2A8,2024-08-26T17:31:56Z,commit:777ac1af
Tweezer,"627K views, Phish",,,INDIFFERENT,35:21,2121,Gh5cjk2E86w,2024-08-26T16:56:35Z,commit:777ac1af
Whiskey In The Jar,"David Grisman, Jerry Garcia",Shady Grove,False,INDIFFERENT,4:16,256,Y2nkQQkjCU8,2024-08-26T16:52:19Z,commit:777ac1af
Church Street Blues,Tony Rice,Church Street Blues,False,INDIFFERENT,3:09,189,UHYkvDo2rXc,2024-08-26T16:49:10Z,commit:777ac1af
Oh Babe It Ain't No Lie,"David Rawlings, Gillian Welch",All The Good Times,True,LIKE,4:25,265,ltW9poRvS58,2024-08-26T16:44:45Z,commit:777ac1af
That Wrecking Ball,Watchhouse,Such Jubilee,False,INDIFFERENT,3:15,195,_kjrzn45_xc,2024-08-26T16:41:30Z,commit:777ac1af
On And On,Tony Rice,Tony Rice Plays And Sings Bluegrass,False,INDIFFERENT,3:08,188,CLG5yE99qmo,2024-08-26T16:38:22Z,commit:777ac1af
Graveyard,The Devil Makes Three,The Devil Makes Three,False,INDIFFERENT,3:26,206,K7FYQn6ou9Y,2024-08-26T16:34:56Z,commit:777ac1af
Not Gentle On My Mind,Chuck Darwin & the Knuckle Draggers,For Educational Purposes Only,True,LIKE,2:10,130,fwlkSDX-JT8,2024-08-26T16:32:46Z,commit:777ac1af
Gentle On My Mind,John Hartford,RCA Country Legends: John Hartford,False,INDIFFERENT,3:03,183,7AMJe4TwH8E,2024-08-26T16:29:43Z,commit:777ac1af
Mole in the Ground,Joe Walsh,Sweet Loam,,LIKE,3:33,213,sEQLMr54EnY,2024-08-26T16:26:10Z,commit:777ac1af
"Little Joe (feat. Andrew Marlin, Noam Pikelny, Chris Eldridge & Alex Hargreaves)",Mighty Poplar,Mighty Poplar,,LIKE,3:04,184,xQ-kxkDP8H0,2024-08-26T16:23:06Z,commit:777ac1af
Down At Mylow's House,Norman Blake,Slow Train Through Georgia,,INDIFFERENT,1:21,81,xKu44NRE-Lg,2024-08-26T16:21:45Z,commit:777ac1af
Columbus Stockade Blues,Norman Blake,Slow Train Through Georgia,,INDIFFERENT,3:32,212,BorhL7SCGps,2024-08-26T16:18:13Z,commit:777ac1af
The Banks Of Good Hope / The Green Fields Of America,Norman Blake,Slow Train Through Georgia,,INDIFFERENT,5:57,357,z6X2LUfbLME,2024-08-26T16:12:16Z,commit:777ac1af
Richland Avenue Rag,Norman Blake,Slow Train Through Georgia,,INDIFFERENT,1:58,118,3pT0WJjtmEU,2024-08-26T16:10:18Z,commit:777ac1af
Six White Horses,Norman Blake,Slow Train Through Georgia,,INDIFFERENT,5:01,301,FgJB9AYpfWQ,2024-08-26T16:05:17Z,commit:777ac1af
Weave And Way,Norman Blake,Slow Train Through Georgia,,INDIFFERENT,2:24,144,hwSMnHvH4vc,2024-08-26T16:02:53Z,commit:777ac1af
Little Joe,Norman Blake,Slow Train Through Georgia,,INDIFFERENT,2:50,170,B_V4_ipuDCo,2024-08-26T16:00:03Z,commit:777ac1af
Cattle In The Cane,Norman Blake,Slow Train Through Georgia,,INDIFFERENT,2:13,133,w5mKo0aZ0wY,2024-08-26T15:57:50Z,commit:777ac1af
The Streamlined Cannonball,Norman Blake,Slow Train Through Georgia,,INDIFFERENT,5:00,300,DPomnzOxEhs,2024-08-26T15:52:50Z,commit:777ac1af
Nobody's Business,Norman Blake,Slow Train Through Georgia,,INDIFFERENT,3:16,196,O8w68g5RoEA,2024-08-26T15:49:34Z,commit:777ac1af
Macon Rag,Norman Blake,Slow Train Through Georgia,,INDIFFERENT,2:44,164,L3ModzIIXqw,2024-08-26T15:46:50Z,commit:777ac1af
Ginseng Sullivan,Norman Blake,Slow Train Through Georgia,,INDIFFERENT,3:32,212,HJPGO88UDJg,2024-08-26T15:43:18Z,commit:777ac1af
Nashville Blues,Norman Blake,Slow Train Through Georgia,,INDIFFERENT,3:48,228,Ec7eqf2IdUc,2024-08-26T15:39:30Z,commit:777ac1af
Bully Of The Town,Norman Blake,Slow Train Through Georgia,,LIKE,2:03,123,SPuk-wDOZmc,2024-08-26T15:37:27Z,commit:777ac1af
Done Gone,Norman Blake,Slow Train Through Georgia,,INDIFFERENT,1:40,100,EdE2lWRDv9Y,2024-08-26T15:35:47Z,commit:777ac1af
Church St. Blues,Norman Blake,Slow Train Through Georgia,,INDIFFERENT,2:54,174,zN9s810sAss,2024-08-26T15:32:53Z,commit:777ac1af
Randall Collins,Norman Blake,Slow Train Through Georgia,,INDIFFERENT,1:55,115,nHoBqt3S2R4,2024-08-26T15:30:58Z,commit:777ac1af
Spanish Fandango,Norman Blake,Slow Train Through Georgia,,INDIFFERENT,3:49,229,fqndMoeQhXM,2024-08-26T15:27:09Z,commit:777ac1af
Down Home Summertime Blues,Norman Blake,Slow Train Through Georgia,,INDIFFERENT,3:41,221,qhPMLk2ZJSk,2024-08-26T15:23:28Z,commit:777ac1af
Old Grey Mare,Norman Blake,Slow Train Through Georgia,,INDIFFERENT,3:31,211,76xp2GdKFnQ,2024-08-26T15:19:57Z,commit:777ac1af
Slow Train Through Georgia,Norman Blake,Slow Train Through Georgia,,INDIFFERENT,4:08,248,jt7SD_0KUwo,2024-08-26T15:15:49Z,commit:777ac1af
Fiddler's Dram / Whiskey Before Breakfast,Norman Blake,Slow Train Through Georgia,,INDIFFERENT,3:34,214,H0mItgpJVaU,2024-08-26T15:12:15Z,commit:777ac1af
"I Think It's Gonna Rain Today (feat. Vassar Clements, Jerry Douglas, Todd Phillips & Sam Bush)",Tony Rice,Cold On The Shoulder,,INDIFFERENT,2:41,161,_9TnXrAs8Vs,2024-08-26T15:09:34Z,commit:777ac1af
"Likes Of Me (feat. Vassar Clements, Jerry Douglas, Todd Phillips & Sam Bush)",Tony Rice,Cold On The Shoulder,,LIKE,2:56,176,oZpYMddziuA,2024-08-26T15:06:38Z,commit:777ac1af
"If You Only Knew (feat. Jerry Douglas, Todd Phillips, Bobby Hicks & Larry Rice)",Tony Rice,Cold On The Shoulder,,INDIFFERENT,2:17,137,CPRt-jaexzA,2024-08-26T15:04:21Z,commit:777ac1af
"Why Don't You Tell Me So (feat. Jerry Douglas, Todd Phillips, Bobby Hicks & Larry Rice)",Tony Rice,Cold On The Shoulder,,INDIFFERENT,3:12,192,fuQSElwSF9M,2024-08-26T15:01:09Z,commit:777ac1af
"Song For Life (feat. Jerry Douglas, Todd Phillips, Bobby Hicks & Larry Rice)",Tony Rice,Cold On The Shoulder,,INDIFFERENT,3:01,181,pRFG6tYfumg,2024-08-26T14:58:08Z,commit:777ac1af
"Muleskinner Blues (feat. Vassar Clements, Jerry Douglas, Todd Phillips & Sam Bush)",Tony Rice,Cold On The Shoulder,,INDIFFERENT,4:24,264,W1sr4-PhvWk,2024-08-26T14:53:44Z,commit:777ac1af
Bitter Green,Tony Rice,Cold On The Shoulder,,INDIFFERENT,2:46,166,ald1NEJfGGQ,2024-08-26T14:50:58Z,commit:777ac1af
"Fare Thee Well (feat. Jerry Douglas, Todd Phillips, Bobby Hicks & Larry Rice)",Tony Rice,Cold On The Shoulder,,INDIFFERENT,3:22,202,-pJMutbp_vw,2024-08-26T14:47:36Z,commit:777ac1af
"John Hardy (feat. Vassar Clements, Jerry Douglas, Todd Phillips & Sam Bush)",Tony Rice,Cold On The Shoulder,,INDIFFERENT,3:30,210,RmgJA4HxH6o,2024-08-26T14:44:06Z,commit:777ac1af
"Wayfaring Stranger (feat. Vassar Clements, Jerry Douglas, Todd Phillips & Sam Bush)",Tony Rice,Cold On The Shoulder,,INDIFFERENT,5:24,324,krOse7LY-8M,2024-08-26T14:38:42Z,commit:777ac1af
Cold On The Shoulder,Tony Rice,Cold On The Shoulder,,INDIFFERENT,2:35,155,1mLZ6BBi8eA,2024-08-26T14:36:07Z,commit:777ac1af
Fast Floyd,The Tony Rice Unit,Acoustics,False,INDIFFERENT,3:20,200,sns0OOpfOo4,2024-08-26T14:32:47Z,commit:777ac1af
New Waltz,The Tony Rice Unit,Acoustics,False,INDIFFERENT,5:12,312,GZDtqM7gyGY,2024-08-26T14:27:35Z,commit:777ac1af
Swing '51,The Tony Rice Unit,Acoustics,False,INDIFFERENT,3:13,193,uXdG0DXT9-0,2024-08-26T14:24:22Z,commit:777ac1af
So Much,The Tony Rice Unit,Acoustics,False,INDIFFERENT,5:13,313,9RGNGosRy90,2024-08-26T14:19:09Z,commit:777ac1af
Four On Six,The Tony Rice Unit,Acoustics,False,INDIFFERENT,3:43,223,EvYMocf9Pc0,2024-08-26T14:15:26Z,commit:777ac1af
Old Gray Coat,The Tony Rice Unit,Acoustics,False,INDIFFERENT,3:55,235,q9co4MLTEK8,2024-08-26T14:11:31Z,commit:777ac1af
Blues For Paradise,The Tony Rice Unit,Acoustics,False,INDIFFERENT,3:45,225,1okdWH0mAfk,2024-08-26T14:07:46Z,commit:777ac1af
Gasology,The Tony Rice Unit,Acoustics,False,INDIFFERENT,5:18,318,Vg1qiuBMNxA,2024-08-26T14:02:28Z,commit:777ac1af
Makers Mark,The Tony Rice Unit,Devlin,,INDIFFERENT,5:21,321,DXtWJGOxqvM,2024-08-26T13:57:07Z,commit:777ac1af
Vonetta,The Tony Rice Unit,Devlin,,INDIFFERENT,3:33,213,usj9ma2DtZM,2024-08-26T13:53:34Z,commit:777ac1af
"Whoa Baby, Every Day I Wake Up With The Blues",The Tony Rice Unit,Devlin,,INDIFFERENT,4:01,241,3LPqq_jYmto,2024-08-26T13:49:33Z,commit:777ac1af
Birdland Breakdown,The Tony Rice Unit,Devlin,,INDIFFERENT,3:33,213,sEQRP79bPLE,2024-08-26T13:46:00Z,commit:777ac1af
Moses Sole,The Tony Rice Unit,Devlin,,INDIFFERENT,4:57,297,agVKD_ODvGw,2024-08-26T13:41:03Z,commit:777ac1af
Mar West,The Tony Rice Unit,Devlin,,LIKE,5:34,334,GeCEeTuhD8A,2024-08-26T13:35:29Z,commit:777ac1af
EBA,The Tony Rice Unit,Devlin,,INDIFFERENT,3:23,203,op2AMJbangI,2024-08-26T13:32:06Z,commit:777ac1af
Nardis,The Tony Rice Unit,Devlin,,INDIFFERENT,3:51,231,tgJkOQ4CMqA,2024-08-26T13:28:15Z,commit:777ac1af
Night Coach,The Tony Rice Unit,Devlin,,INDIFFERENT,4:13,253,O3DEWRtbWlw,2024-08-26T13:24:02Z,commit:777ac1af
Neon Tetra,The Tony Rice Unit,Devlin,,INDIFFERENT,4:29,269,TmpE0JBVpf4,2024-08-26T13:19:33Z,commit:777ac1af
Untitled As Of Yet,The Tony Rice Unit,Devlin,,INDIFFERENT,4:28,268,kCcVqsYNnJg,2024-08-26T13:15:05Z,commit:777ac1af
Within Specs,The Tony Rice Unit,Devlin,,INDIFFERENT,3:47,227,aGA_GDFfq4Y,2024-08-26T13:11:18Z,commit:777ac1af
Waltz For Indira,The Tony Rice Unit,Devlin,,INDIFFERENT,3:25,205,Mg3s7sdD2f4,2024-08-26T13:07:53Z,commit:777ac1af
Is That So,The Tony Rice Unit,Devlin,,INDIFFERENT,4:30,270,CdV4M9AK9YA,2024-08-26T13:03:23Z,commit:777ac1af
Devlin,The Tony Rice Unit,Devlin,,INDIFFERENT,5:21,321,f31oRgP_OzA,2024-08-26T12:58:02Z,commit:777ac1af
Summer Wages,Tony Rice,Native American,False,INDIFFERENT,4:04,244,8Us9Q1T96jo,2024-08-26T12:53:58Z,commit:777ac1af
John Wilkes Booth,Tony Rice,Native American,False,INDIFFERENT,3:53,233,w1q5J_jHFBY,2024-08-26T12:50:05Z,commit:777ac1af
Brother To The Wind,Tony Rice,Native American,False,INDIFFERENT,3:29,209,kjcSkapes1I,2024-08-26T12:46:36Z,commit:777ac1af
Changes,Tony Rice,Native American,False,INDIFFERENT,2:22,142,5406Qh1AE6A,2024-08-26T12:44:14Z,commit:777ac1af
Nothin' Like A Hundred Miles,Tony Rice,Native American,False,INDIFFERENT,4:22,262,-VjeX183G3k,2024-08-26T12:39:52Z,commit:777ac1af
Go My Way,Tony Rice,Native American,False,INDIFFERENT,2:49,169,lwLpjUSryy4,2024-08-26T12:37:03Z,commit:777ac1af
Urge For Going,Tony Rice,Native American,False,INDIFFERENT,5:52,352,el2c6Fv999U,2024-08-26T12:31:11Z,commit:777ac1af
Why You Been Gone So Long,Tony Rice,Native American,False,INDIFFERENT,3:23,203,xXoOU2D8vFc,2024-08-26T12:27:48Z,commit:777ac1af
Night Flyer,Tony Rice,Native American,True,LIKE,4:01,241,lMHUTwCJ5fw,2024-08-26T12:23:47Z,commit:777ac1af
St. James Hospital,Tony Rice,Native American,False,INDIFFERENT,5:00,300,cYVivsD36C8,2024-08-26T12:18:47Z,commit:777ac1af
Shadows,Tony Rice,Native American,False,INDIFFERENT,3:44,224,pWIidAZXz_M,2024-08-26T12:15:03Z,commit:777ac1af
Poso Lipame (Remix),"Imam Baildi, Sofia Vebo",Imam Baildi,,LIKE,4:19,259,i5anQOAebeM,2024-08-26T12:10:44Z,commit:777ac1af
Immigrant Punk,Gogol Bordello,Gypsy Punks: Underdog World Strike,False,INDIFFERENT,3:46,226,KvJ1SXE1gGo,2024-08-26T12:06:58Z,commit:777ac1af
Ultimate,Gogol Bordello,Super Taranta!,,INDIFFERENT,3:30,210,Bri8g-gF10U,2024-08-26T12:03:28Z,commit:777ac1af
Tribal Connection,Gogol Bordello,Super Taranta!,,INDIFFERENT,5:06,306,JcP_Ovyflvk,2024-08-26T11:58:22Z,commit:777ac1af
Baro Foro,Gogol Bordello,Multi Kontra Culti vs Irony,False,INDIFFERENT,9:03,543,n4zttlq8T4s,2024-08-26T11:49:19Z,commit:777ac1af
Trans-Continental Hustle,Gogol Bordello,Trans-Continental Hustle,True,LIKE,4:17,257,m25XvcLsROQ,2024-08-26T11:45:02Z,commit:777ac1af
Sun On My Side,Gogol Bordello,Trans-Continental Hustle,False,INDIFFERENT,4:25,265,RH7Xzd4PmwQ,2024-08-26T11:40:37Z,commit:777ac1af
Supertheory of Supereverything,Gogol Bordello,Super Taranta!,,INDIFFERENT,2:56,176,zG25S2hIoKE,2024-08-26T11:37:41Z,commit:777ac1af
Tearin' It Up,Gramatik,SB2,False,INDIFFERENT,4:17,257,6REkESrP2w8,2024-08-26T11:33:24Z,commit:777ac1af
Send It,Marvel Years,The Arrival,False,INDIFFERENT,3:50,230,9_VGvwBgN7M,2024-08-26T11:29:34Z,commit:777ac1af
So Much in the Dark,Pretty Lights,Glowing in the Darkest Night,False,INDIFFERENT,7:23,443,mTgk_nW9sgw,2024-08-26T11:22:11Z,commit:777ac1af
Guatem,Ours Samplus,Antares,False,INDIFFERENT,3:13,193,G2zxpFXaSdc,2024-08-26T11:18:58Z,commit:777ac1af
You Shall Rise,Mononome,Tale of the Phoenix,False,INDIFFERENT,4:08,248,E6mwuRqmqI4,2024-08-26T11:14:50Z,commit:777ac1af
Cream On Chrome,Ratatat,Magnifique,False,INDIFFERENT,4:16,256,ie1vVkzrlx0,2024-08-26T11:10:34Z,commit:777ac1af
Shempi,Ratatat,LP3,False,INDIFFERENT,3:58,238,OSColf1oUPQ,2024-08-26T11:06:36Z,commit:777ac1af
Moreland Ave Blues,Daily Bread,Big Beat Ignition: Denver,False,INDIFFERENT,3:30,210,356lWpKHz10,2024-08-26T11:03:06Z,commit:777ac1af
If I Could Feel Again,Pretty Lights,Passing by Behind Your Eyes,False,INDIFFERENT,5:41,341,6s9Y3ITaI_I,2024-08-26T10:57:25Z,commit:777ac1af
Finally Moving,Pretty Lights,Taking up Your Precious Time,False,INDIFFERENT,4:38,278,rSW-L4kXun8,2024-08-26T10:52:47Z,commit:777ac1af
Bridges,Koresma,Bridges,True,LIKE,3:42,222,DGSCbrPS7yY,2024-08-26T10:49:05Z,commit:777ac1af
Southern Man,Akshin Alizadeh,Bust Free 12,False,INDIFFERENT,3:58,238,otVCKP5NnTg,2024-08-26T10:45:07Z,commit:777ac1af
You Wish,Nightmares on Wax,In A Space Outta Sound,False,INDIFFERENT,3:31,211,tkEPEKSmlYI,2024-08-26T10:41:36Z,commit:777ac1af
Start Shootin',Little People,"Unreleased Bits & Pieces, Pt. 2",False,INDIFFERENT,6:13,373,zdlEybzi3I4,2024-08-26T10:35:23Z,commit:777ac1af
Bison Grass,Poldoore,Bust Free 17,False,INDIFFERENT,3:18,198,mK6taOUk3uk,2024-08-26T10:32:05Z,commit:777ac1af
Thongs & Strings,Beat Fatigue,Six Strings Attached EP,False,INDIFFERENT,3:54,234,TBcg2pfjzRQ,2024-08-26T10:28:11Z,commit:777ac1af
Wu Tang Clan Ain't Nuthing ta F' Wit,El Michels Affair,Return To The 37th Chamber,,INDIFFERENT,2:35,155,Vus1JBAwPz4,2024-08-26T10:25:36Z,commit:777ac1af
Home,Moontricks,Home EP,False,INDIFFERENT,4:47,287,sX7llC6Yblc,2024-08-26T10:20:49Z,commit:777ac1af
Around the Block (feat. Talib Kweli),Pretty Lights,A Color Map of the Sun (Deluxe Version),True,INDIFFERENT,4:14,254,xfAw--9-5LU,2024-08-26T10:16:35Z,commit:777ac1af
Hazard Pay,AntXres,MIRAGE,False,INDIFFERENT,3:13,193,cRbZBPYQMdc,2024-08-26T10:13:22Z,commit:777ac1af
Still Here,Gramatik,SB2,False,INDIFFERENT,3:31,211,OWIsprjk3D4,2024-08-26T10:09:51Z,commit:777ac1af
Muy Tranquilo,Gramatik,Coffee Shop Selection,False,INDIFFERENT,3:54,234,f0JOXlZdhic,2024-08-26T10:05:57Z,commit:777ac1af
Only Yesterday,Pretty Lights,Only Yesterday,False,INDIFFERENT,6:16,376,nIrDh9AXacI,2024-08-26T09:59:41Z,commit:777ac1af
Orchestrated Incident,Gramatik,SB2,False,INDIFFERENT,3:43,223,Ps7Oii-LeRs,2024-08-26T09:55:58Z,commit:777ac1af
Dungeon Sound,Gramatik,SB3,False,INDIFFERENT,3:53,233,IiYUs0ezEaI,2024-08-26T09:52:05Z,commit:777ac1af
Valhalla,Emancipator,Dusk to Dawn,False,INDIFFERENT,5:08,308,AMdKnZiwixk,2024-08-26T09:46:57Z,commit:777ac1af
High School Art Class,Pretty Lights,Spilling over Every Side,False,INDIFFERENT,8:53,533,11QwV4D6y7E,2024-08-26T09:38:04Z,commit:777ac1af
Feeling Good (Bassnectar Remix),Nina Simone,Verve Remixed: The First Ladies,False,INDIFFERENT,3:47,227,WAXHuvnbD3g,2024-08-26T09:34:17Z,commit:777ac1af
Ricky's Theme,Beastie Boys,Ill Communication,False,INDIFFERENT,3:44,224,N_kZ2Q6uZEk,2024-08-26T09:30:33Z,commit:777ac1af
Illusion of Choice,Gramatik,#digitalfreedom EP,False,INDIFFERENT,4:59,299,6XqzqRUa2BQ,2024-08-26T09:25:34Z,commit:777ac1af
Remember Me,Blue Boy,Remember Me,False,INDIFFERENT,7:04,424,D0iBkRVgERw,2024-08-26T09:18:30Z,commit:777ac1af
We Can Fly (feat. Torch),Manic Focus,Cerebral Eclipse,False,INDIFFERENT,4:22,262,Tlvpfu3SQt4,2024-08-26T09:14:08Z,commit:777ac1af
Can't Stop Me Now,Pretty Lights,Passing by Behind Your Eyes,False,INDIFFERENT,4:45,285,ySu1QPdVzMY,2024-08-26T09:09:23Z,commit:777ac1af
Hot Like Dimes,Pretty Lights,Spilling over Every Side,False,INDIFFERENT,7:24,444,mWgEZw7LzLI,2024-08-26T09:01:59Z,commit:777ac1af
Abrasive,Ratatat,Magnifique,False,INDIFFERENT,4:17,257,YCnzInuu-Lo,2024-08-26T08:57:42Z,commit:777ac1af
The Whip,Dirtwire,Showdown,False,INDIFFERENT,4:22,262,k9FpXMaU8mA,2024-08-26T08:53:20Z,commit:777ac1af
Anti Pop Song,Ancient Astronauts,Into Bass and Time,False,INDIFFERENT,5:02,302,8Dcyn0lGc6M,2024-08-26T08:48:18Z,commit:777ac1af
Gold Coast Hustle,Pretty Lights,Glowing in the Darkest Night,False,INDIFFERENT,4:54,294,iZu7mrOxEl8,2024-08-26T08:43:24Z,commit:777ac1af
Jambox,The Floozies,Do Your Thing,,INDIFFERENT,4:25,265,rabiVPM6v7g,2024-08-26T08:38:59Z,commit:777ac1af
C.R.E.A.M.,El Michels Affair,Enter The 37th Chamber,,LIKE,2:54,174,6LjdJgTSIRo,2024-08-26T08:36:05Z,commit:777ac1af
Wolf Drawn,Emancipator,Soon It Will Be Cold Enough,,INDIFFERENT,3:20,200,lEi-anyhrLE,2024-08-26T08:32:45Z,commit:777ac1af
Start Shootin',Little People,Mickey Mouse Operation,False,INDIFFERENT,3:36,216,TRxgOHucrp8,2024-08-26T08:29:09Z,commit:777ac1af
We Won't Land,Manic Focus,Distant Perspective,False,INDIFFERENT,3:15,195,1PFqqcP2ItI,2024-08-26T08:25:54Z,commit:777ac1af
Straight Cruisin',Marvel Years,The Arrival,False,INDIFFERENT,3:56,236,E1qAC6wgA4I,2024-08-26T08:21:58Z,commit:777ac1af
We Must Go On,Pretty Lights,We Must Go On,False,INDIFFERENT,5:44,344,r0fOP2__QbI,2024-08-26T08:16:14Z,commit:777ac1af
Just Jammin',Gramatik,SB2,False,INDIFFERENT,6:30,390,5vqXhPxdiC0,2024-08-26T08:09:44Z,commit:777ac1af
A Beautiful Mine (Theme Music From Mad Men),RJD2,Magnificent City Instrumentals,False,INDIFFERENT,5:30,330,f0NYZdxnMWY,2024-08-26T08:04:14Z,commit:777ac1af
Tearin' It Up,Gramatik,SB2,False,INDIFFERENT,4:17,257,6REkESrP2w8,2024-08-26T07:59:57Z,commit:777ac1af
Calvert Street Rock,Ancient Astronauts,Into Bass and Time,False,INDIFFERENT,3:33,213,5ZgWFkSTtco,2024-08-26T07:56:24Z,commit:777ac1af
Ethereal,"League of Legends, Pretty Lights",DJ Sona,False,INDIFFERENT,4:13,253,fxx95ZNmpVE,2024-08-26T07:52:11Z,commit:777ac1af
Worldwide,Ancient Astronauts,Into Bass and Time,False,INDIFFERENT,4:06,246,w_CLwXhsJqE,2024-08-26T07:48:05Z,commit:777ac1af
Someday Baby,Manic Focus,Distant Perspective,False,INDIFFERENT,3:25,205,3qIFThcf5Mg,2024-08-26T07:44:40Z,commit:777ac1af
Shadow Boxing,El Michels Affair,Return To The 37th Chamber,,INDIFFERENT,2:48,168,cNByKATcj6E,2024-08-26T07:41:52Z,commit:777ac1af
The Culture,Gramatik,SB2,False,INDIFFERENT,3:49,229,J5fpXJbWm_Y,2024-08-26T07:38:03Z,commit:777ac1af
Brave Men (feat. ESKOBARS),Gramatik,The Age of Reason (10th Anniversary Deluxe Edition),False,INDIFFERENT,6:02,362,L1BXg2eNy7U,2024-08-26T07:32:01Z,commit:777ac1af
Tree Trunks,Late Night Radio,Soap Box,False,INDIFFERENT,4:29,269,4LhRANWg5Do,2024-08-26T07:27:32Z,commit:777ac1af
Fisticuffs at Dawn,Little People,"Unreleased Bits & Pieces, Pt. 1",False,INDIFFERENT,6:14,374,1QT9PvvL3Ok,2024-08-26T07:21:18Z,commit:777ac1af
Uzi (Pinky Ring),El Michels Affair,Enter The 37th Chamber,,INDIFFERENT,3:11,191,t95Cf-zkAMg,2024-08-26T07:18:07Z,commit:777ac1af
Svenghali,Tractorbeam,"2024/02/11 Boulder, CO",,INDIFFERENT,6:34,394,1nWJYbqu6d0,2024-08-26T07:11:33Z,commit:777ac1af
The Great Abyss,Tractorbeam,"2024/02/11 Boulder, CO",,INDIFFERENT,13:53,833,wk2Nn8fLBc8,2024-08-26T06:57:40Z,commit:777ac1af
Times Square,Tractorbeam,"2024/02/11 Boulder, CO",,INDIFFERENT,10:52,652,U6ahS7jSYDM,2024-08-26T06:46:48Z,commit:777ac1af
Dino Baby,Tractorbeam,"2024/02/11 Boulder, CO",,INDIFFERENT,11:21,681,vp0Trr_fvBw,2024-08-26T06:35:27Z,commit:777ac1af
I-man,Tractorbeam,"2024/02/11 Boulder, CO",,INDIFFERENT,13:09,789,IDsfy7j9bLk,2024-08-26T06:22:18Z,commit:777ac1af
M1,Tractorbeam,"2024/02/11 Boulder, CO",,INDIFFERENT,18:34,1114,mZ0fapE6K2s,2024-08-26T06:03:44Z,commit:777ac1af
Another Plan Of Attack,Tractorbeam,"2024/02/11 Boulder, CO",,INDIFFERENT,19:14,1154,-mUL5lcNEY0,2024-08-26T05:44:30Z,commit:777ac1af
"Oh, Babe It Ain't No Lie",Joe Walsh,Sweet Loam,,LIKE,4:15,255,DOPS6z_-wNs,2024-08-26T05:40:15Z,commit:777ac1af
I Remembered When I Knew,Joe Walsh,Sweet Loam,,INDIFFERENT,4:46,286,DmGco_jLyLk,2024-08-26T05:35:29Z,commit:777ac1af
Sunday Morning Reel,Joe Walsh,Sweet Loam,,INDIFFERENT,2:39,159,50cbsSlZQ_o,2024-08-26T05:32:50Z,commit:777ac1af
Hold Whatcha Got,Joe Walsh,Sweet Loam,,INDIFFERENT,2:53,173,c6V0hOnWk4s,2024-08-26T05:29:57Z,commit:777ac1af
Early,Joe Walsh,Sweet Loam,,INDIFFERENT,3:32,212,n2nt2NOLiwI,2024-08-26T05:26:25Z,commit:777ac1af
Bob's Bucket,Joe Walsh,Sweet Loam,,INDIFFERENT,1:49,109,szYb-w1eeN0,2024-08-26T05:24:36Z,commit:777ac1af
I Shall Be Released,Joe Walsh,Sweet Loam,,INDIFFERENT,5:27,327,E_5sbQDONeQ,2024-08-26T05:19:09Z,commit:777ac1af
Emily's Welcome to Portland,Joe Walsh,Sweet Loam,,INDIFFERENT,4:32,272,hp4c4NRE87g,2024-08-26T05:14:37Z,commit:777ac1af
Mole in the Ground,Joe Walsh,Sweet Loam,,LIKE,3:33,213,sEQLMr54EnY,2024-08-26T05:11:04Z,commit:777ac1af
Wolfcat Breakdown,Joe Walsh,Sweet Loam,,INDIFFERENT,3:23,203,SDF06Q6NeqQ,2024-08-26T05:07:41Z,commit:777ac1af
Ain't No One Like You / Solly's Little Favorite,Joe Walsh,Sweet Loam,,INDIFFERENT,3:59,239,Gyj8YTQQqs4,2024-08-26T05:03:42Z,commit:777ac1af
Matterhorn,Country Gentlemen,Live In Japan,False,INDIFFERENT,3:14,194,4T2hzBJfrVY,2024-08-26T05:00:28Z,commit:777ac1af
Another Plan Of Attack,Tractorbeam,"2024/02/11 Boulder, CO",,INDIFFERENT,19:14,1154,-mUL5lcNEY0,2024-08-26T04:41:14Z,commit:777ac1af
Orch Theme,Tractorbeam,"2024/02/11 Boulder, CO",,INDIFFERENT,17:27,1047,teNvAqNgnMU,2024-08-26T04:23:47Z,commit:777ac1af
Hide And Seek,Tractorbeam,"2024/02/11 Boulder, CO",,INDIFFERENT,20:18,1218,9qMOezP7Fu8,2024-08-26T04:03:29Z,commit:777ac1af
In The Woods,Hugo Kant,The Point Of No Return,False,INDIFFERENT,4:35,275,IFWhOamJOpc,2024-08-26T03:58:54Z,commit:777ac1af
Sometimes,Wax Tailor,Hope & Sorrow,False,INDIFFERENT,3:41,221,R2LiOOB5w_E,2024-08-26T03:55:13Z,commit:777ac1af
Golden Age,Chinese Man,Shikantaza,False,INDIFFERENT,4:17,257,WXUY9oxLd4o,2024-08-26T03:50:56Z,commit:777ac1af
Heavy Rain,Cabinet,This Is Cabinet: Set 2,,INDIFFERENT,4:26,266,82D536Y9S34,2024-08-26T03:46:30Z,commit:777ac1af
Mr. Spaceman,Cabinet,This Is Cabinet: Set 2,,INDIFFERENT,4:56,296,R2A9b_yJjxY,2024-08-26T03:41:34Z,commit:777ac1af
Susquehanna Breakdown,Cabinet,This Is Cabinet: Set 2,,INDIFFERENT,3:07,187,S3hTxQqOkDI,2024-08-26T03:38:27Z,commit:777ac1af
The Dove,Cabinet,This Is Cabinet: Set 2,,INDIFFERENT,7:12,432,eHRvJ6Deav4,2024-08-26T03:31:15Z,commit:777ac1af
Poor Man's Blues,Cabinet,This Is Cabinet: Set 2,,INDIFFERENT,3:12,192,6eWhynIw-Iw,2024-08-26T03:28:03Z,commit:777ac1af
Doors,Cabinet,This Is Cabinet: Set 2,,INDIFFERENT,5:12,312,jYOBgwU35K0,2024-08-26T03:22:51Z,commit:777ac1af
Caroline,Cabinet,This Is Cabinet: Set 2,,INDIFFERENT,8:34,514,1cKy_EaQMXI,2024-08-26T03:14:17Z,commit:777ac1af
Deep River Blues,Cabinet,The Sugarhouse Sessions,True,LIKE,6:24,384,hHv8hvuT4Wo,2024-08-26T03:07:53Z,commit:777ac1af
Mole in the Ground,Pappy,Pappy Time,,INDIFFERENT,2:41,161,PX1HQY5sHyQ,2024-08-26T03:05:12Z,commit:777ac1af
Ghostwriter,RJD2,Deadringer: Deluxe,True,LIKE,5:17,317,hY08FkhpPjk,2024-08-26T02:59:55Z,commit:777ac1af
Once Upon a Time (feat. Tumi & Zubz),Chinese Man,Once Upon a Time,False,INDIFFERENT,3:44,224,Vs1sy98ZhLE,2024-08-26T02:56:11Z,commit:777ac1af
Joeira (feat. João Pedreira),Kurup,Joeira,True,LIKE,5:02,302,Rq4_GZAYcOI,2024-08-26T02:51:09Z,commit:777ac1af
Kaleidoscope,Kingzeek,"Now, Open Your Eyes",,INDIFFERENT,5:44,344,qRgFDbUgGno,2024-08-26T02:45:25Z,commit:777ac1af
Night Beak,Kingzeek,"Now, Open Your Eyes",,INDIFFERENT,2:17,137,CAMrBLuuzqc,2024-08-26T02:43:08Z,commit:777ac1af
Edward,Kingzeek,"Now, Open Your Eyes",,INDIFFERENT,2:48,168,Cuxrqx--ax4,2024-08-26T02:40:20Z,commit:777ac1af
Cross Harp Style,Kingzeek,"Now, Open Your Eyes",,INDIFFERENT,3:53,233,zTiyu4OSPkQ,2024-08-26T02:36:27Z,commit:777ac1af
Tangle Wood,Kingzeek,"Now, Open Your Eyes",,INDIFFERENT,3:57,237,ka4-jPajj7M,2024-08-26T02:32:30Z,commit:777ac1af
Eight O Two Two Two Three,Kingzeek,"Now, Open Your Eyes",,INDIFFERENT,4:05,245,jU7WkSjXCkU,2024-08-26T02:28:25Z,commit:777ac1af
Good Mourning,Kingzeek,"Now, Open Your Eyes",,INDIFFERENT,3:34,214,8RyFzq4ruvY,2024-08-26T02:24:51Z,commit:777ac1af
Now Open Your Eyes,Kingzeek,"Now, Open Your Eyes",,INDIFFERENT,2:45,165,j7OHfM8bAus,2024-08-26T02:22:06Z,commit:777ac1af
Word 4 Word,Kingzeek,"Now, Open Your Eyes",,INDIFFERENT,3:03,183,-RbsuAxyiM8,2024-08-26T02:19:03Z,commit:777ac1af
Good Day,Kingzeek,"Now, Open Your Eyes",,INDIFFERENT,3:24,204,3VSXL2pTyEs,2024-08-26T02:15:39Z,commit:777ac1af
Blue Bird,Ours Samplus,Orphan Loops,False,INDIFFERENT,3:52,232,mygg65UV6iM,2024-08-26T02:11:47Z,commit:777ac1af
Freaky Circus (feat. Mr LIF & Napoleon Da Legend),Wax Tailor,Fishing For Accidents,False,INDIFFERENT,3:22,202,lR3XZ_Sdl6Y,2024-08-26T02:08:25Z,commit:777ac1af
Run Run Run (Scatter) [Chill Bump Remix] (feat. Ex-I),Chinese Man,Sho-Bro,False,INDIFFERENT,3:41,221,kxnnpVjIUSM,2024-08-26T02:04:44Z,commit:777ac1af
Courage,Patrick O'Hearn,Transitions,False,INDIFFERENT,3:21,201,mlJTqWKRwnM,2024-08-26T02:01:23Z,commit:777ac1af
Days To Come (feat. Bajka),Bonobo,Days To Come,True,INDIFFERENT,3:50,230,dq67Un8Z2Cw,2024-08-26T01:57:33Z,commit:777ac1af
Ungodly Fruit,Wax Tailor,Tales of the Forgotten Melodies,,INDIFFERENT,3:01,181,q_Y2xEWDVXQ,2024-08-26T01:54:32Z,commit:777ac1af
Count Your Blessings,Hint,Portakabin Fever,False,LIKE,6:09,369,5SdSDDEYGSE,2024-08-26T01:48:23Z,commit:777ac1af
You Wish,Nightmares on Wax,In A Space Outta Sound,False,INDIFFERENT,3:31,211,tkEPEKSmlYI,2024-08-26T01:44:52Z,commit:777ac1af
Clouds (Insight Vol. 3),Koresma,Clouds (Insight Vol. 3),False,INDIFFERENT,3:48,228,QL_7_ioPuPo,2024-08-26T01:41:04Z,commit:777ac1af
Periscope Up,Emancipator,Soon It Will Be Cold Enough,,INDIFFERENT,3:05,185,QvNRIcwiXVY,2024-08-26T01:37:59Z,commit:777ac1af
Take The Wheel,Steep Canyon Rangers,Tell The Ones I Love,False,INDIFFERENT,4:37,277,thN9Gag3Js8,2024-08-26T01:33:22Z,commit:777ac1af
Lone Pine Hill,Justin Townes Earle,The Good Life,False,INDIFFERENT,3:04,184,XA84Y2Dg9NM,2024-08-26T01:30:18Z,commit:777ac1af
Mole in the Ground,Joe Walsh,Sweet Loam,,LIKE,3:33,213,sEQLMr54EnY,2024-08-26T01:26:45Z,commit:777ac1af
If It Hadn't Been For Love,The SteelDrivers,The SteelDrivers,False,INDIFFERENT,4:00,240,TzSC2FiGXwE,2024-08-26T01:22:45Z,commit:777ac1af
Big Sciota,Bryan Sutton,Not Too Far From The Tree,,LIKE,2:57,177,JzT8TiNMB3I,2024-08-26T01:19:48Z,commit:777ac1af
"North Country Blues (feat. Andrew Marlin, Noam Pikelny, Chris Eldridge & Alex Hargreaves)",Mighty Poplar,Mighty Poplar,,INDIFFERENT,4:09,249,n-fO1jLPkxo,2024-08-26T01:15:39Z,commit:777ac1af
"Oh, Babe It Ain't No Lie",Joe Walsh,Sweet Loam,,LIKE,4:15,255,DOPS6z_-wNs,2024-08-26T01:11:24Z,commit:777ac1af
Mole in the Ground,Joe Walsh,Sweet Loam,,LIKE,3:33,213,sEQLMr54EnY,2024-08-26T01:07:51Z,commit:777ac1af
My Lagan Love,"Lisa Hannigan, The Chieftains",Voice of Ages (Deluxe Edition),,INDIFFERENT,4:28,268,djgmNiVfGNY,2024-08-26T01:03:23Z,commit:777ac1af
The Lark In The Clear Air / Olam Punch,"Punch Brothers, The Chieftains",Voice of Ages (Deluxe Edition),,INDIFFERENT,3:21,201,Qoc8hFvnkxY,2024-08-26T01:00:02Z,commit:777ac1af
Lily Love,"The Chieftains, The Civil Wars",Voice of Ages (Deluxe Edition),,INDIFFERENT,3:01,181,qYYZYdAdSGU,2024-08-26T00:57:01Z,commit:777ac1af
Pretty Little Girl,The Chieftains,Voice of Ages (Deluxe Edition),,INDIFFERENT,2:49,169,tvTdJfDvyls,2024-08-26T00:54:12Z,commit:777ac1af
Come All Ye Fair And Tender Ladies,The Chieftains,Voice of Ages (Deluxe Edition),,INDIFFERENT,4:21,261,s0k_SoSBEe4,2024-08-26T00:49:51Z,commit:777ac1af
Carolina Rua / Reel - The Ladies Pantalettes,"Imelda May, The Chieftains",Voice of Ages (Deluxe Edition),,INDIFFERENT,3:58,238,UXhe2PBI5Xs,2024-08-26T00:45:53Z,commit:777ac1af
"10,000 Miles Away",The Skullduggers,Staggers and Jags,False,INDIFFERENT,3:25,205,gHWoWOS64y8,2024-08-26T00:42:28Z,commit:777ac1af
The Frost Is All Over,"Punch Brothers, The Chieftains",Voice of Ages (Deluxe Edition),,LIKE,3:07,187,O_GrL3qYQz0,2024-08-26T00:39:21Z,commit:777ac1af
My Darlin' Hometown,John Prine,Fair and Square,False,INDIFFERENT,3:15,195,ZPZirGHcyQ4,2024-08-26T00:36:06Z,commit:777ac1af
The Raggle Taggle Gypsy,The Chieftains,Further Down The Old Plank Road,True,LIKE,3:08,188,FnHhb3o9T2w,2024-08-26T00:32:58Z,commit:777ac1af
Mean Mother Blues,Julian Lage & Chris Eldridge,Avalon,,LIKE,3:44,224,7yD5urQ29_A,2024-08-26T00:29:14Z,commit:777ac1af
Mean Mother Blues,Seldom Scene,Act 3,True,LIKE,3:03,183,k5Sz1rG7vRA,2024-08-26T00:26:11Z,commit:777ac1af
"Little Joe (feat. Andrew Marlin, Noam Pikelny, Chris Eldridge & Alex Hargreaves)",Mighty Poplar,Mighty Poplar,,LIKE,3:04,184,xQ-kxkDP8H0,2024-08-26T00:23:07Z,commit:777ac1af
Walk On Boy,"Doc Watson, Richard Watson",Third Generation Blues,False,INDIFFERENT,3:09,189,yZHxipCR63Y,2024-08-26T00:19:58Z,commit:777ac1af
Wagon Wheel (Live),Old Crow Medicine Show & David Rawlings,World Café (Live),False,INDIFFERENT,4:05,245,CbotRSFMK_U,2024-08-26T00:15:53Z,commit:777ac1af
I Need Never Get Old,Nathaniel Rateliff & The Night Sweats,Nathaniel Rateliff & The Night Sweats,True,LIKE,4:14,254,-FWrwbHqu5w,2024-08-26T00:11:39Z,commit:777ac1af
"Up on the Divide (feat. Andrew Marlin, Noam Pikelny, Chris Eldridge & Alex Hargreaves)",Mighty Poplar,Up on the Divide,False,INDIFFERENT,3:21,201,qf_ubaUuqLs,2024-08-26T00:08:18Z,commit:777ac1af
It's Raining Here This Morning,"Norman Blake, Tony Rice",Norman Blake & Tony Rice 2,,INDIFFERENT,3:38,218,YXJHpgNymOA,2024-08-26T00:04:40Z,commit:777ac1af
Chained to the Couch,The Devil Makes Three,The Devil Makes Three,False,INDIFFERENT,3:32,212,K_zi2zjEebU,2024-08-26T00:01:08Z,commit:777ac1af
Mole in the Ground,Joe Walsh,Sweet Loam,True,LIKE,3:33,213,sEQLMr54EnY,2024-08-25T23:57:35Z,commit:777ac1af
"Lord, Won't You Help Me",Blue Highway,"It's A Long, Long Road",False,INDIFFERENT,2:29,149,IM8j15VFM90,2024-08-25T23:55:06Z,commit:777ac1af
Magnolia Wind,Guy Clark,The Dark,False,INDIFFERENT,3:50,230,vLqmZLMPnyo,2024-08-25T23:51:16Z,commit:777ac1af
Marie (Acoustic Live),Townes Van Zandt,Somebody Had To Write It,False,INDIFFERENT,5:02,302,Ox2oYo-RFeo,2024-08-25T23:46:14Z,commit:777ac1af
Upside Down,Watchhouse,Watchhouse,False,INDIFFERENT,4:09,249,M-vqio6tkxA,2024-08-25T23:42:05Z,commit:777ac1af
"Story of Isaac (feat. Andrew Marlin, Noam Pikelny, Chris Eldridge & Alex Hargreaves)",Mighty Poplar,Mighty Poplar,,INDIFFERENT,6:21,381,2cydfPSto7c,2024-08-25T23:35:44Z,commit:777ac1af
"Kicking Up the Devil on a Holiday / Dr. Hecock's Jig (feat. Andrew Marlin, Noam Pikelny, Chris Eldridge & Alex Hargreaves)",Mighty Poplar,Mighty Poplar,,INDIFFERENT,5:51,351,FUpVDX-BpMs,2024-08-25T23:29:53Z,commit:777ac1af
"Let Him Go on Mama (feat. Andrew Marlin, Noam Pikelny, Chris Eldridge & Alex Hargreaves)",Mighty Poplar,Mighty Poplar,,INDIFFERENT,4:10,250,9CLcIOv4MtY,2024-08-25T23:25:43Z,commit:777ac1af
"Little Joe (feat. Andrew Marlin, Noam Pikelny, Chris Eldridge & Alex Hargreaves)",Mighty Poplar,Mighty Poplar,,INDIFFERENT,3:04,184,xQ-kxkDP8H0,2024-08-25T23:22:39Z,commit:777ac1af
"North Country Blues (feat. Andrew Marlin, Noam Pikelny, Chris Eldridge & Alex Hargreaves)",Mighty Poplar,Mighty Poplar,,INDIFFERENT,4:09,249,n-fO1jLPkxo,2024-08-25T23:18:30Z,commit:777ac1af
"Blackjack Davy (feat. Andrew Marlin, Noam Pikelny, Chris Eldridge & Alex Hargreaves)",Mighty Poplar,Mighty Poplar,,INDIFFERENT,3:07,187,cgc_BbcfOCg,2024-08-25T23:15:23Z,commit:777ac1af
"Lovin' Babe (feat. Andrew Marlin, Noam Pikelny, Chris Eldridge & Alex Hargreaves)",Mighty Poplar,Mighty Poplar,,INDIFFERENT,5:49,349,78HytXIPSKY,2024-08-25T23:09:34Z,commit:777ac1af
"Grey Eagle (feat. Andrew Marlin, Noam Pikelny, Chris Eldridge & Alex Hargreaves)",Mighty Poplar,Mighty Poplar,,LIKE,3:50,230,v2h5wWNQREA,2024-08-25T23:05:44Z,commit:777ac1af
"Up on the Divide (feat. Andrew Marlin, Noam Pikelny, Chris Eldridge & Alex Hargreaves)",Mighty Poplar,Mighty Poplar,,INDIFFERENT,3:21,201,N1rC1veHA_s,2024-08-25T23:02:23Z,commit:777ac1af
"A Distant Land to Roam (feat. Andrew Marlin, Noam Pikelny, Chris Eldridge & Alex Hargreaves)",Mighty Poplar,Mighty Poplar,,INDIFFERENT,2:34,154,YaC4M0M0hM4,2024-08-25T22:59:49Z,commit:777ac1af
Dump the Bosses Off Your Back,Joe Glazer,I Will Win: Songs of the Wobblies,False,INDIFFERENT,2:35,155,2UMhh7myVDQ,2024-08-25T22:57:14Z,commit:777ac1af
War on the Workers,Anne Feeney,Original Recordings,False,INDIFFERENT,3:35,215,ShWwVui2gAU,2024-08-25T22:53:39Z,commit:777ac1af
The World Turned Upside Down Parts 1 & 2,Leon Rosselson,The World Turned Upside Down: Rosselsongs 1960-2010,False,INDIFFERENT,6:12,372,lXXD8hrcU_o,2024-08-25T22:47:27Z,commit:777ac1af
"There Is Power In The Union (Live From Victoria, Courtenay, And Vancouver, British Columbia / February, 1981)",Utah Phillips,"We Have Fed You All A Thousand Years (Live From Victoria, Courtenay, And Vancouver, British Columbia / February, 1981)",False,INDIFFERENT,3:47,227,uk8lwXnetqA,2024-08-25T22:43:40Z,commit:777ac1af
Resistance,David Rovics,Return,False,INDIFFERENT,3:41,221,FNrghYnolCA,2024-08-25T22:39:59Z,commit:777ac1af
The Middle,Trampled By Turtles,The Middle,False,INDIFFERENT,4:29,269,EFx4zMSnmrI,2024-08-25T22:35:30Z,commit:777ac1af
Jesus Christ,Woody Guthrie,"This Land is Your Land: The Asch Recordings, Vol. 1",False,INDIFFERENT,2:39,159,_KZg_t9UyJY,2024-08-25T22:32:51Z,commit:777ac1af
Tops of the Trees,The Brothers Comatose,City Painted Gold,False,INDIFFERENT,4:17,257,GEdmY9sy4as,2024-08-25T22:28:34Z,commit:777ac1af
Pour 'Em Kinda Strong,Corb Lund,Cabin Fever,False,INDIFFERENT,3:33,213,VUNl87K-NVM,2024-08-25T22:25:01Z,commit:777ac1af
That Bastard Son,The Dead South,Good Company,False,INDIFFERENT,3:55,235,njQ4-tnhvM8,2024-08-25T22:21:06Z,commit:777ac1af
Eve Of Destruction,Barry McGuire,Eve Of Destruction,False,INDIFFERENT,3:36,216,_38SWIIKITE,2024-08-25T22:17:30Z,commit:777ac1af
Whiskey,Tejon Street Corner Thieves,Every Last Drop,False,INDIFFERENT,3:52,232,2-xcu0dVjSs,2024-08-25T22:13:38Z,commit:777ac1af
"Workers of the World, Awaken!",Magpie,When We Stand Together,False,INDIFFERENT,4:57,297,5YJ55KT_5Q8,2024-08-25T22:08:41Z,commit:777ac1af
Sing to the Mountain,Elephant Revival,Elephant Revival,False,INDIFFERENT,3:43,223,-pxJe83McU8,2024-08-25T22:04:58Z,commit:777ac1af
Sweet Child O' Mine,"Iron Horse, Pickin' On Series",The Bluegrass Tribute to Guns n' Roses,False,INDIFFERENT,4:02,242,gHSXOYYmM1s,2024-08-25T22:00:56Z,commit:777ac1af
House Of The Rising Sun,Kennedy Strings,Country Unplugged - Volume One,False,INDIFFERENT,3:20,200,62vZ4SKF_DI,2024-08-25T21:57:36Z,commit:777ac1af
Solidarity Forever,Fast Rattler,Hand On the Plow (feat. Bodhi Busick),False,INDIFFERENT,4:11,251,FFJ6Vv7Sn6o,2024-08-25T21:53:25Z,commit:777ac1af
The Preacher and the Slave,Utah Phillips,We Have Fed You All a Thousand Years,False,INDIFFERENT,4:12,252,RHyGpFncovU,2024-08-25T21:49:13Z,commit:777ac1af
Keep Me Around,The Wood Brothers,The Muse,False,INDIFFERENT,3:38,218,UemotcGuPqM,2024-08-25T21:45:35Z,commit:777ac1af
Codeine,Trampled By Turtles,Blue Sky and the Devil,False,INDIFFERENT,3:09,189,ZP_m4W38p0s,2024-08-25T21:42:26Z,commit:777ac1af
Union Maid,Old Crow Medicine Show,Big Iron World,False,INDIFFERENT,2:37,157,maKtRj1Hd7Q,2024-08-25T21:39:49Z,commit:777ac1af
My Golden Years,The Lemon Twigs,They Don't Know How To Fall In Place,False,INDIFFERENT,3:14,194,eLx-zKVgbeo,2024-08-25T21:36:35Z,commit:777ac1af
They Don't Know How To Fall In Place,The Lemon Twigs,They Don't Know How To Fall In Place,False,INDIFFERENT,3:34,214,EYsanxdNfHc,2024-08-25T21:33:01Z,commit:777ac1af
Jolene,Dolly Parton,Jolene,False,INDIFFERENT,2:42,162,ZCwWAD6ZuPk,2024-08-25T21:30:19Z,commit:777ac1af
Machismo,Gomez,Machismo,False,INDIFFERENT,3:37,217,rg3ktS_TxjU,2024-08-25T21:26:42Z,commit:777ac1af
Pretend We're Dead,L7,Bricks Are Heavy,False,INDIFFERENT,3:56,236,g-UOTOqtU0M,2024-08-25T21:22:46Z,commit:777ac1af
The Golden Eel,Ween,The Mollusk,False,INDIFFERENT,4:04,244,rvLhmd0v7KQ,2024-08-25T21:18:42Z,commit:777ac1af
Connection,Elastica,Elastica,False,INDIFFERENT,2:21,141,NtWsraDoaLc,2024-08-25T21:16:21Z,commit:777ac1af
Stayin' Alive,Les Claypool's Duo De Twang,Four Foot Shack,True,LIKE,4:45,285,qr8WiERrpGg,2024-08-25T21:11:36Z,commit:777ac1af
Fuckin With My Head (Mountain Dew Rock),Beck,Mellow Gold,False,INDIFFERENT,3:40,220,0OYDMemvo0U,2024-08-25T21:07:56Z,commit:777ac1af
Never There,CAKE,Prolonging the Magic,False,INDIFFERENT,2:45,165,VhGp8Id0HRU,2024-08-25T21:05:11Z,commit:777ac1af
Girls & Boys,Prince,4Ever,False,INDIFFERENT,3:28,208,aghE4x7aYUQ,2024-08-25T21:01:43Z,commit:777ac1af
Carolina Rig,Les Claypool And The Holy Mackerel,Highball With The Devil,False,INDIFFERENT,3:01,181,5bCKmD5m1vo,2024-08-25T20:58:42Z,commit:777ac1af
Bull In The Heather,Sonic Youth,"Experimental Jet Set, Trash And No Star",False,INDIFFERENT,3:05,185,PGPOcQ14Eo0,2024-08-25T20:55:37Z,commit:777ac1af
Roses Are Free,Ween,Chocolate and Cheese,,INDIFFERENT,4:35,275,zdme_jIIqvM,2024-08-25T20:51:02Z,commit:777ac1af
Where It's At,Beck,Odelay (Deluxe Edition),False,INDIFFERENT,5:31,331,xLY-BugKWk0,2024-08-25T20:45:31Z,commit:777ac1af
Rumble of the Diesel,Les Claypool,Of Whales And Woe,False,INDIFFERENT,4:03,243,_-ceV24iOn0,2024-08-25T20:41:28Z,commit:777ac1af
Fire It Up,Modest Mouse,We Were Dead Before The Ship Even Sank,False,INDIFFERENT,4:35,275,fv0la5bp1Js,2024-08-25T20:36:53Z,commit:777ac1af
Spinal Meningitis (Got Me Down),Ween,Chocolate and Cheese,,INDIFFERENT,2:53,173,E7M9k8826hM,2024-08-25T20:34:00Z,commit:777ac1af
Loser,Beck,Loser,False,INDIFFERENT,3:56,236,5Z1-5wNjMgs,2024-08-25T20:30:04Z,commit:777ac1af
Primed by 29,Les Claypool,Of Fungi And Foe,False,INDIFFERENT,3:26,206,S3EkquLPkV4,2024-08-25T20:26:38Z,commit:777ac1af
Robots,Flight of the Conchords,Flight Of The Conchords,False,INDIFFERENT,3:43,223,NI9nopaieEc,2024-08-25T20:22:55Z,commit:777ac1af
6 Underground (Nellee Hoopers Edit),Sneaker Pimps,6 Underground,False,INDIFFERENT,3:56,236,rz1OckangUo,2024-08-25T20:18:59Z,commit:777ac1af
Short Skirt / Long Jacket,CAKE,Comfort Eagle,False,INDIFFERENT,3:25,205,85zV1fpSJQ0,2024-08-25T20:15:34Z,commit:777ac1af
E-Pro,Beck,E-Pro,False,INDIFFERENT,3:24,204,de2kIbkAMWs,2024-08-25T20:12:10Z,commit:777ac1af
Buzzards of Green Hill,Les Claypool's Duo De Twang,Four Foot Shack,False,INDIFFERENT,4:04,244,ZrwsnreihjE,2024-08-25T20:08:06Z,commit:777ac1af
Once in a Lifetime,Talking Heads,Remain in Light,False,INDIFFERENT,4:19,259,KwIGtGdY5OY,2024-08-25T20:03:47Z,commit:777ac1af
Voodoo Lady,Ween,Chocolate and Cheese,,INDIFFERENT,3:49,229,dIeFSqdag4w,2024-08-25T19:59:58Z,commit:777ac1af
I Can't Put My Finger on It,Ween,Chocolate and Cheese,,INDIFFERENT,2:48,168,nLomc7_fwJI,2024-08-25T19:57:10Z,commit:777ac1af
Calamity Song,The Decemberists,The King Is Dead,,INDIFFERENT,3:49,229,2XG5Zuk6K6c,2024-08-25T19:53:21Z,commit:777ac1af
Carol Brown,Flight of the Conchords,I Told You I Was Freaky,True,LIKE,3:26,206,Hz5SFQsLzAg,2024-08-25T19:49:55Z,commit:777ac1af
Down By The Riverside (feat. The Dependable Boys),"Sam Price Trio, Sister Rosetta Tharpe",Gospel Train (Expanded Edition),,INDIFFERENT,2:31,151,ASgRqF_9IH0,2024-08-25T19:47:24Z,commit:777ac1af
"She's A Bad Mama Jama (She's Built, She's Stacked) (Single Version)",Carl Carlton,Carl Carlton (Expanded Edition),False,INDIFFERENT,3:56,236,OJyRbq0CT_w,2024-08-25T19:43:28Z,commit:777ac1af
Jonah,"Sam Price Trio, Sister Rosetta Tharpe",Gospel Train (Expanded Edition),,INDIFFERENT,3:01,181,8G2exxkUqmA,2024-08-25T19:40:27Z,commit:777ac1af
Left Handed Kisses (feat. Fiona Apple),Andrew Bird,Are You Serious,False,INDIFFERENT,3:15,195,JP5rZbGHKx4,2024-08-25T19:37:12Z,commit:777ac1af
My Journey To The Sky,"Marie Knight, Sam Price Trio, Sister Rosetta Tharpe",Gospel Train (Expanded Edition),,INDIFFERENT,3:11,191,k8QAhVWGRkw,2024-08-25T19:34:01Z,commit:777ac1af
MY HOUSE,Beyoncé,MY HOUSE,False,INDIFFERENT,4:23,263,wuBdV0BIIMw,2024-08-25T19:29:38Z,commit:777ac1af
Don't Take Everybody To Be Your Friend,"Sam Price Trio, Sister Rosetta Tharpe",Gospel Train (Expanded Edition),,INDIFFERENT,2:26,146,2RVQnXAvQco,2024-08-25T19:27:12Z,commit:777ac1af
Vegas (From the Original Motion Picture Soundtrack ELVIS),Doja Cat,Vegas (From the Original Motion Picture Soundtrack ELVIS),False,INDIFFERENT,3:03,183,0ZwRIThLxGA,2024-08-25T19:24:09Z,commit:777ac1af
Murder On The Dancefloor,Sophie Ellis-Bextor,Read My Lips,False,INDIFFERENT,3:51,231,TEGkUHzd8hI,2024-08-25T19:20:18Z,commit:777ac1af
Paint The Town Red,Doja Cat,Scarlet,False,INDIFFERENT,3:51,231,TfOsGnWy8qA,2024-08-25T19:16:27Z,commit:777ac1af
Walk On By,Aretha Franklin,Runnin' Out of Fools (Expanded Edition),False,INDIFFERENT,2:48,168,Z51s22JR9HI,2024-08-25T19:13:39Z,commit:777ac1af
Lose Control (Live),"Freak Freely, Teddy Swims",Lose Control (Live),False,INDIFFERENT,4:01,241,dRSsYKEyccc,2024-08-25T19:09:38Z,commit:777ac1af
When The Lights Go Out,Sarah Jarosz,When The Lights Go Out,False,INDIFFERENT,3:16,196,QIn1f_cCRl0,2024-08-25T19:06:22Z,commit:777ac1af
The Sea,Sierra Ferrell,The Sea,True,LIKE,3:33,213,XJv58Q93_s0,2024-08-25T19:02:49Z,commit:777ac1af
Hard Steppin',Ikebe Shakedown,Hard Steppin',False,INDIFFERENT,3:04,184,UJj7EgN8aus,2024-08-25T18:59:45Z,commit:777ac1af
Make Me Feel,Janelle Monáe,Dirty Computer,False,INDIFFERENT,3:15,195,18k1LJX4DjA,2024-08-25T18:56:30Z,commit:777ac1af
Sweet Amarillo,Old Crow Medicine Show,Remedy,False,INDIFFERENT,3:23,203,Xy5Q2nAm1QM,2024-08-25T18:53:07Z,commit:777ac1af
Nina Simone & Lauryn Hill - Feeling Good (Prod. Amerigo Gazaway),"266K views, Soul Mates Records",,,INDIFFERENT,4:59,299,25BP-eioBG4,2024-08-25T18:48:08Z,commit:777ac1af
Cabin Song (from The Hunger Games: The Ballad of Songbirds & Snakes),Billy Strings,The Hunger Games: The Ballad of Songbirds & Snakes (Music From & Inspired By),,INDIFFERENT,3:27,207,4Y2ak4hh1aI,2024-08-25T18:44:41Z,commit:777ac1af
TEXAS HOLD 'EM,Beyoncé,TEXAS HOLD 'EM,True,LIKE,3:56,236,g92AYBlNOi0,2024-08-25T18:40:45Z,commit:777ac1af
Drinkin' and Dreamin',Waylon Jennings,Turn The Page,False,INDIFFERENT,3:01,181,Rse-eSFFz9s,2024-08-25T18:37:44Z,commit:777ac1af
All Around You,Sturgill Simpson,Cuttin' Grass - Vol. 1 (Butcher Shoppe Sessions),False,INDIFFERENT,3:10,190,kXGugEWmnSg,2024-08-25T18:34:34Z,commit:777ac1af
Boot Scootin' Boogie,Brooks & Dunn,Brand New Man,False,INDIFFERENT,3:18,198,-ImiHzmG78w,2024-08-25T18:31:16Z,commit:777ac1af
Sam Stone,John Prine,John Prine,False,INDIFFERENT,4:17,257,UcI-O3FdZZs,2024-08-25T18:26:59Z,commit:777ac1af
You Ask Me To,Waylon Jennings,Honky Tonk Heroes,False,INDIFFERENT,2:32,152,pF_OcJwnmiM,2024-08-25T18:24:27Z,commit:777ac1af
Jolene,Miley Montana,Western Unplugged - Volume Two,,LIKE,3:00,180,L83gJZvKZCw,2024-08-25T18:21:27Z,commit:777ac1af
"Take Me Home, Country Roads",John Denver,"Poems, Prayers and Promises",False,INDIFFERENT,3:11,191,c0dvabcWVo0,2024-08-25T18:18:16Z,commit:777ac1af
Tennessee Jed (2001 Remaster),Grateful Dead,Europe '72 (Live; 2001 Remaster),False,INDIFFERENT,7:11,431,K5KEQ-sC6vg,2024-08-25T18:11:05Z,commit:777ac1af
Jambalaya (On The Bayou),Hank Williams,Honky Tonkin (Expanded Undubbed Edition),False,INDIFFERENT,2:55,175,wL54kBsWUhU,2024-08-25T18:08:10Z,commit:777ac1af
Never Could Toe the Mark,Waylon Jennings,Never Could Toe the Mark,False,INDIFFERENT,2:58,178,9fXPv1vkct4,2024-08-25T18:05:12Z,commit:777ac1af
Mountain Dew,The Stanley Brothers,16 Greatest Hits,False,INDIFFERENT,2:44,164,x81du4NMHZ0,2024-08-25T18:02:28Z,commit:777ac1af
Song of the South,Alabama,Southern Star,False,INDIFFERENT,3:12,192,AneYVYWd7N8,2024-08-25T17:59:16Z,commit:777ac1af
Six Days On The Road,Dave Dudley,20th Century Masters: The Millennium Collection: Best Of Dave Dudley,False,INDIFFERENT,2:15,135,otkytn8L-Cw,2024-08-25T17:57:01Z,commit:777ac1af
Blue Side Of The Mountain,The SteelDrivers,The SteelDrivers,False,INDIFFERENT,3:30,210,yGapWlREj0c,2024-08-25T17:53:31Z,commit:777ac1af
Are You Sure Hank Done It This Way,Waylon Jennings,Dreaming My Dreams,False,INDIFFERENT,2:55,175,ax3D70GXjzI,2024-08-25T17:50:36Z,commit:777ac1af
Thank God I'm a Country Boy,John Denver,Back Home Again,False,INDIFFERENT,3:14,194,GSJaaZgIwtE,2024-08-25T17:47:22Z,commit:777ac1af
Whiskey River,Willie Nelson,Shotgun Willie,False,INDIFFERENT,4:08,248,Yhbe3ueCLPw,2024-08-25T17:43:14Z,commit:777ac1af
Feelin' Good Again,Robert Earl Keen,Walking Distance,True,LIKE,3:17,197,g5i6duhB9mk,2024-08-25T17:39:57Z,commit:777ac1af
Cocaine Habit,Old Crow Medicine Show,Big Iron World,False,INDIFFERENT,2:43,163,L7DU6V_-TMQ,2024-08-25T17:37:14Z,commit:777ac1af
Carol Brown,Flight of the Conchords,I Told You I Was Freaky,True,LIKE,3:26,206,Hz5SFQsLzAg,2024-08-25T17:33:48Z,commit:777ac1af
Clay Pigeons,Michael Cera,True That,True,LIKE,3:05,185,C5UdjCGi8sY,2024-08-25T17:30:43Z,commit:777ac1af
I Been to Georgia on a Fast Train,Billy Joe Shaver,The Complete Columbia Recordings ('81-'87),False,INDIFFERENT,2:57,177,Bj_kqaCkiS8,2024-08-25T17:27:46Z,commit:777ac1af
Clay Pigeons,Blaze Foley,Live at the Austin Outhouse,False,INDIFFERENT,4:15,255,CG_tq5foiiw,2024-08-25T17:23:31Z,commit:777ac1af
Honky Tonk Heroes,Waylon Jennings,Honky Tonk Heroes,False,INDIFFERENT,3:36,216,SRJhsYf-jok,2024-08-25T17:19:55Z,commit:777ac1af
Deep River Blues,Doc Watson,Rambling Hobo,False,INDIFFERENT,3:10,190,lebF-xPszP0,2024-08-25T17:16:45Z,commit:777ac1af
I Been to Georgia on a Fast Train,Billy Joe Shaver,The Complete Columbia Recordings ('81-'87),False,INDIFFERENT,2:57,177,Bj_kqaCkiS8,2024-08-25T17:13:48Z,commit:777ac1af
Highwayman,The Highwaymen,Outlaws Super Hits,False,INDIFFERENT,3:03,183,6IeIsPbWhGE,2024-08-25T17:10:45Z,commit:777ac1af
Fire On the Mountain,Iron Horse,Ridin' Out The Storm,False,INDIFFERENT,3:18,198,1xEyds9Z4II,2024-08-25T17:07:27Z,commit:777ac1af
There's More Pretty Girls Than One,"Ricky Skaggs, Tony Rice",Skaggs And Rice,,INDIFFERENT,3:05,185,mSjwUJvu0PI,2024-08-25T17:04:22Z,commit:777ac1af
I'm a Ramblin' Man,Waylon Jennings,The Ramblin' Man,True,LIKE,2:47,167,_WO1PGuN6bE,2024-08-25T17:01:35Z,commit:777ac1af
Honky Tonkin' (1948 Single Version),"Hank Williams, The Drifting Cowboys",Honky Tonkin (Expanded Undubbed Edition),False,INDIFFERENT,2:47,167,UNZqfkdVyLE,2024-08-25T16:58:48Z,commit:777ac1af
Me and Paul,Willie Nelson,Me and Paul,False,INDIFFERENT,2:55,175,g0n0_MqOcbE,2024-08-25T16:55:53Z,commit:777ac1af
Wedding Bells,"Hank Williams, The Drifting Cowboys",Sings,False,INDIFFERENT,2:57,177,ft3x7X2t8As,2024-08-25T16:52:56Z,commit:777ac1af
Slow Train,Billy Strings,Billy Strings - EP,True,LIKE,4:00,240,dXiyTY6Ctdg,2024-08-25T16:48:56Z,commit:777ac1af
Please Don't Bury Me,John Prine,Souvenirs,False,INDIFFERENT,3:07,187,0VQbVajArNM,2024-08-25T16:45:49Z,commit:777ac1af
Heaven Sent,The SteelDrivers,The SteelDrivers,False,INDIFFERENT,3:49,229,9JPt4leVFmw,2024-08-25T16:42:00Z,commit:777ac1af
Black Rock,The Infamous Stringdusters,The Infamous Stringdusters,False,INDIFFERENT,3:32,212,kQUvdEQav4U,2024-08-25T16:38:28Z,commit:777ac1af
Aces and Twos,The Devil Makes Three,Do Wrong Right,,INDIFFERENT,3:11,191,NQcaBGq8pfg,2024-08-25T16:35:17Z,commit:777ac1af
I Hear Them All,Old Crow Medicine Show,Big Iron World,False,INDIFFERENT,3:04,184,kiJDZbvj8Vc,2024-08-25T16:32:13Z,commit:777ac1af
Fall On My Knees,Old Crow Medicine Show,Down Home Girl,,LIKE,2:15,135,kcth96CfkTs,2024-08-25T16:29:58Z,commit:777ac1af
Down Home Girl,Old Crow Medicine Show,Down Home Girl,,INDIFFERENT,3:47,227,6BG7d8_JaXI,2024-08-25T16:26:11Z,commit:777ac1af
James River Blues,Old Crow Medicine Show,Down Home Girl,,INDIFFERENT,3:07,187,AaRIkX1JfEY,2024-08-25T16:23:04Z,commit:777ac1af
Lonely At The Top,Jamey Johnson,The Guitar Song,True,LIKE,3:14,194,Bhz6f6fNhiM,2024-08-25T16:19:50Z,commit:777ac1af
If I Needed You,Townes Van Zandt,The Late Great Townes Van Zandt,False,INDIFFERENT,3:45,225,CDCaflb6-Yk,2024-08-25T16:16:05Z,commit:777ac1af
Chevy Van,Waylon Jennings,Hangin' Tough,False,INDIFFERENT,3:06,186,jkb3x98wQKg,2024-08-25T16:12:59Z,commit:777ac1af
Georgia On A Fast Train,Billy Joe Shaver,Tramp On Your Street,False,INDIFFERENT,3:14,194,kgzJTrcJUKQ,2024-08-25T16:09:45Z,commit:777ac1af
Old Five and Dimers Like Me,Emmylou Harris,All I Intended to Be,False,INDIFFERENT,4:15,255,3uNDg2PTIEM,2024-08-25T16:05:30Z,commit:777ac1af
Nothin',Townes Van Zandt,Delta Momma Blues,False,INDIFFERENT,2:47,167,c3-D96TNdnY,2024-08-25T16:02:43Z,commit:777ac1af
"Lonesome On'ry and Mean (Live WSM-FM Broadcast Remastered) (WSM-FM Broadcast Grand Ole Opry, Nashville Texas 12th October 1978 Remastered)",Waylon Jennings,"Legendary FM Broadcasts - WSM-FM Gran Ole Opry, Nashville Texas 12th October 1978",False,INDIFFERENT,3:10,190,Xbv3ns61W10,2024-08-25T15:59:33Z,commit:777ac1af
Ramblin' Fever,Merle Haggard,Ramblin' Fever,False,INDIFFERENT,3:12,192,Wvd6jNsdMZI,2024-08-25T15:56:21Z,commit:777ac1af
One More Night In Brooklyn,Justin Townes Earle,Harlem River Blues,False,INDIFFERENT,3:05,185,ST3Mhhg9R5g,2024-08-25T15:53:16Z,commit:777ac1af
Big Country Blues,Townes Van Zandt,In the Beginning,False,INDIFFERENT,3:31,211,ZXAk5AFwntQ,2024-08-25T15:49:45Z,commit:777ac1af
Some Days,Sturgill Simpson,High Top Mountain,False,INDIFFERENT,3:31,211,_R4mzHQWAok,2024-08-25T15:46:14Z,commit:777ac1af
Quiet Man,John Prine,John Prine,False,INDIFFERENT,2:53,173,G27ZP3_V6Is,2024-08-25T15:43:21Z,commit:777ac1af
Tennessee,Sturgill Simpson,"Cuttin' Grass, Vol. 2 (Cowboy Arms Sessions)",,INDIFFERENT,3:15,195,bo8DDMFC-9Q,2024-08-25T15:40:06Z,commit:777ac1af
All the Best,John Prine,The Missing Years,False,INDIFFERENT,3:29,209,4SxgSSA2izg,2024-08-25T15:36:37Z,commit:777ac1af
Corpus Christi Bay,Robert Earl Keen,A Bigger Piece Of Sky,False,INDIFFERENT,3:58,238,ztibpXAryg4,2024-08-25T15:32:39Z,commit:777ac1af
Dead Flowers,Townes Van Zandt,Roadsongs,False,INDIFFERENT,4:48,288,xRc_MIntiFg,2024-08-25T15:27:51Z,commit:777ac1af
Nothing’s Working,Billy Strings,Renewal,,INDIFFERENT,3:16,196,qr-oaaIOAHI,2024-08-25T15:24:35Z,commit:777ac1af
All The Gold In California (From The HBO Series True Detective),"Nick Cave, Warren Ellis",True Detective (Music From The HBO Series),False,INDIFFERENT,2:27,147,yueHhnyPFAo,2024-08-25T15:22:08Z,commit:777ac1af
All the Gold In California,Larry Gatlin & The Gatlin Brothers,16 Biggest Hits,False,INDIFFERENT,2:40,160,0DgtSMOPcR0,2024-08-25T15:19:28Z,commit:777ac1af
All The Gold In California,Brother Marshall & The Choir of Fire,All The Gold In California,,LIKE,2:46,166,A-o-xPc1kJU,2024-08-25T15:16:42Z,commit:777ac1af
Old Number Seven,The Devil Makes Three,The Devil Makes Three,False,INDIFFERENT,3:21,201,1tp4Vyltijw,2024-08-25T15:13:21Z,commit:777ac1af
Big Cheeseburgers and Good French Fries,Blaze Foley,Oval Room,False,INDIFFERENT,3:23,203,5w_waVfudRU,2024-08-25T15:09:58Z,commit:777ac1af
Higher Than The Wall,The SteelDrivers,Reckless,False,INDIFFERENT,3:48,228,uYtUzcPKZSw,2024-08-25T15:06:10Z,commit:777ac1af
Clay Pigeons,Blaze Foley,Sittin' by the Road,False,INDIFFERENT,3:00,180,swqNfDjj47A,2024-08-25T15:03:10Z,commit:777ac1af
Clay Pigeons,John Prine,Fair and Square,True,LIKE,4:28,268,20Rucu7uNwc,2024-08-25T14:58:42Z,commit:777ac1af
Let's Talk Dirty in Hawaiian,John Prine,German Afternoons,True,LIKE,3:14,194,0os3xFzz4FQ,2024-08-25T14:55:28Z,commit:777ac1af
Honky Tonk Heroes (Like Me),Waylon Jennings,Wanted! The Outlaws,True,LIKE,3:30,210,8LIDR2ySLlo,2024-08-25T14:51:58Z,commit:777ac1af
Feelin' Good Again,Robert Earl Keen,Live Dinner Reunion,False,INDIFFERENT,3:15,195,2KKISQoiwjI,2024-08-25T14:48:43Z,commit:777ac1af
Don't Cry,Charley Crockett,Don't Cry,False,INDIFFERENT,3:22,202,DULcRnY8-wA,2024-08-25T14:45:21Z,commit:777ac1af
My Good Gal,Old Crow Medicine Show,Big Iron World,False,INDIFFERENT,4:19,259,wSxrth7Qcrs,2024-08-25T14:41:02Z,commit:777ac1af
Slow Rollin' Low,Waylon Jennings,This Time,False,INDIFFERENT,2:46,166,fnVHbv_kNRk,2024-08-25T14:38:16Z,commit:777ac1af
Fish and Whistle,John Prine,Souvenirs,False,INDIFFERENT,3:01,181,NW3FH-Ax_ZE,2024-08-25T14:35:15Z,commit:777ac1af
Atlantic City,The Wooks,Little Circles,False,INDIFFERENT,3:58,238,sFfFzOrJiiU,2024-08-25T14:31:17Z,commit:777ac1af
Feeling Good Again,Robert Earl Keen,Live At The Ryman,True,LIKE,3:15,195,kILoGKT7YIw,2024-08-25T14:28:02Z,commit:777ac1af
Old Man,"841K views, Beck",,,LIKE,3:23,203,X98XFT3FzRQ,2024-08-25T14:24:39Z,commit:777ac1af
Ain’t Got No Money,"81K views, Justin Townes Earle",,,LIKE,3:06,186,Dvd15bFIKJQ,2024-08-25T14:21:33Z,commit:777ac1af
Old Friends,"103K views, J Mascis",,,INDIFFERENT,4:14,254,2ds7REMJR2c,2024-08-25T14:17:19Z,commit:777ac1af
The Hazards Of Love 4 (The Drowned),The Decemberists,Hazards Of Love,,INDIFFERENT,5:58,358,0sQGeChArDQ,2024-08-25T14:11:21Z,commit:777ac1af
The Wanting Comes In Waves (Reprise),The Decemberists,Hazards Of Love,,INDIFFERENT,1:31,91,vuq9GRTF5K4,2024-08-25T14:09:50Z,commit:777ac1af
The Hazards Of Love 3 (Revenge!),The Decemberists,Hazards Of Love,,LIKE,3:22,202,TBVuF32ORI8,2024-08-25T14:06:28Z,commit:777ac1af
Margaret In Captivity,The Decemberists,Hazards Of Love,,INDIFFERENT,3:08,188,jgPlu0hd0SI,2024-08-25T14:03:20Z,commit:777ac1af
Annan Water,The Decemberists,Hazards Of Love,,INDIFFERENT,5:12,312,zko-ZQLFEkA,2024-08-25T13:58:08Z,commit:777ac1af
The Queen's Rebuke / The Crossing,The Decemberists,Hazards Of Love,,INDIFFERENT,3:57,237,ScNUgpTLWHQ,2024-08-25T13:54:11Z,commit:777ac1af
The Abduction Of Margaret,The Decemberists,Hazards Of Love,,INDIFFERENT,2:07,127,DiqDng0xqVQ,2024-08-25T13:52:04Z,commit:777ac1af
The Rake's Song,The Decemberists,Hazards Of Love,,INDIFFERENT,3:16,196,5QF1VHeSqi4,2024-08-25T13:48:48Z,commit:777ac1af
An Interlude,The Decemberists,Hazards Of Love,,INDIFFERENT,1:41,101,95ps-l0XlBk,2024-08-25T13:47:07Z,commit:777ac1af
The Wanting Comes In Waves / Repaid,The Decemberists,Hazards Of Love,,INDIFFERENT,6:27,387,wv-_bAkILnE,2024-08-25T13:40:40Z,commit:777ac1af
Isn't It A Lovely Night?,The Decemberists,Hazards Of Love,,INDIFFERENT,3:39,219,RV2cou8wMgM,2024-08-25T13:37:01Z,commit:777ac1af
The Queen's Approach,The Decemberists,Hazards Of Love,,INDIFFERENT,0:30,30,DFJNFR0Ygxg,2024-08-25T13:36:31Z,commit:777ac1af
The Hazards Of Love 2 (Wager All),The Decemberists,Hazards Of Love,,INDIFFERENT,4:26,266,lmLhwoAVVhA,2024-08-25T13:32:05Z,commit:777ac1af
Won't Want For Love (Margaret In The Taiga),The Decemberists,Hazards Of Love,,INDIFFERENT,4:07,247,ZmIw1xnuBGI,2024-08-25T13:27:58Z,commit:777ac1af
A Bower Scene,The Decemberists,Hazards Of Love,,INDIFFERENT,2:09,129,-voSkTzsxOU,2024-08-25T13:25:49Z,commit:777ac1af
The Hazards Of Love 1 (The Prettiest Whistles Won't Wrestle The Thistles Undone),The Decemberists,Hazards Of Love,,INDIFFERENT,4:19,259,Jv2ZcEtbJ7I,2024-08-25T13:21:30Z,commit:777ac1af
Prelude,The Decemberists,Hazards Of Love,,INDIFFERENT,3:05,185,DZZL9CU4X7g,2024-08-25T13:18:25Z,commit:777ac1af
The Hazards Of Love 3 (Revenge!),The Decemberists,Hazards Of Love,,LIKE,3:22,202,TBVuF32ORI8,2024-08-25T13:15:03Z,commit:777ac1af
ruin your day,TeYo,ruin your day,False,INDIFFERENT,3:23,203,LMa3QqtGV7U,2024-08-25T13:11:40Z,commit:777ac1af
Soldier Jane,Beck,The Information,False,INDIFFERENT,3:59,239,9_HYi7s6TE0,2024-08-25T13:07:41Z,commit:777ac1af
This Is the Life,"""Weird Al"" Yankovic",Dare To Be Stupid,True,LIKE,3:07,187,7EvkWFR83yY,2024-08-25T13:04:34Z,commit:777ac1af
Zak and Sara,Ben Folds,Rockin' The Suburbs,False,INDIFFERENT,3:12,192,g1J8np9w77U,2024-08-25T13:01:22Z,commit:777ac1af
Shadow Stabbing,CAKE,Comfort Eagle,False,INDIFFERENT,3:08,188,bsL1wgy1j-Q,2024-08-25T12:58:14Z,commit:777ac1af
Jolene,Miley Montana,Western Unplugged - Volume Two,False,INDIFFERENT,3:00,180,L83gJZvKZCw,2024-08-25T12:55:14Z,commit:777ac1af
The Kids Don't Stand a Chance,Vampire Weekend,Vampire Weekend,False,INDIFFERENT,4:03,243,e1yGaf5phIA,2024-08-25T12:51:11Z,commit:777ac1af
Pandy Fackler,Ween,White Pepper,,INDIFFERENT,3:57,237,DsAx3DvPCI0,2024-08-25T12:47:14Z,commit:777ac1af
Carol Brown,Flight of the Conchords,I Told You I Was Freaky,True,LIKE,3:26,206,Hz5SFQsLzAg,2024-08-25T12:43:48Z,commit:777ac1af
Float On,Modest Mouse,Good News For People Who Love Bad News,False,INDIFFERENT,3:29,209,88XhEqgmRhM,2024-08-25T12:40:19Z,commit:777ac1af
White Sky,Vampire Weekend,Contra,False,INDIFFERENT,2:59,179,oNy6F-VIsos,2024-08-25T12:37:20Z,commit:777ac1af
Back To Nature (feat. Kuauhtli Vasquez & Wixarika Tribe),Nightmares on Wax,Shape The Future,False,INDIFFERENT,7:36,456,gwulHFqJavA,2024-08-25T12:29:44Z,commit:777ac1af
After Dark,Sugi.wa,After Dark,False,INDIFFERENT,2:46,166,Do0lH6GDy7w,2024-08-25T12:26:58Z,commit:777ac1af
Backyard Puddles,Sleepy Fish,Everything Fades to Blue,False,INDIFFERENT,3:11,191,zR5XFhtb0D8,2024-08-25T12:23:47Z,commit:777ac1af
A Day at the Beach,Pandrezz & j’san,Hometown,False,INDIFFERENT,2:50,170,UiCRuNo4dGg,2024-08-25T12:20:57Z,commit:777ac1af
Layover,Aso,Memoir Collections II – Dream Journal,False,INDIFFERENT,4:35,275,TkzwXLq83xE,2024-08-25T12:16:22Z,commit:777ac1af
Moony,The BREED,Moony,False,INDIFFERENT,2:07,127,SSy4VdjEJKM,2024-08-25T12:14:15Z,commit:777ac1af
Iridescence,G Mills,Chillhop Daydreams 2,False,INDIFFERENT,2:52,172,ZeCN3q2UZBE,2024-08-25T12:11:23Z,commit:777ac1af
illusions,Idealism,Chillhop Essentials Fall 2018,False,INDIFFERENT,2:49,169,t9Fsh5eVoG4,2024-08-25T12:08:34Z,commit:777ac1af
Aftermath,Beamer,Aftermath,False,INDIFFERENT,2:55,175,uCW2sZZofhk,2024-08-25T12:05:39Z,commit:777ac1af
why dont we,sans,why dont we,False,INDIFFERENT,3:18,198,rKGRuQBnatM,2024-08-25T12:02:21Z,commit:777ac1af
All My Life,Brenk Sinatra,Boss Spieler University,False,INDIFFERENT,3:18,198,ITW3C8lIQlk,2024-08-25T11:59:03Z,commit:777ac1af
Angel Eyes,Strehlow,Chillhop Essentials Fall 2019,False,INDIFFERENT,2:55,175,XJjW2yebIAM,2024-08-25T11:56:08Z,commit:777ac1af
Bad Man,Blues Saraceno,Outlaw Blues 2,False,INDIFFERENT,3:27,207,xbFB3Lgn1fY,2024-08-25T11:52:41Z,commit:777ac1af
Walking at a Downtown Pace,Parquet Courts,Sympathy for Life,False,INDIFFERENT,4:47,287,WVH5CWcBgRk,2024-08-25T11:47:54Z,commit:777ac1af
Adult Diversion,Alvvays,Alvvays,False,INDIFFERENT,3:28,208,duVqDFskfCQ,2024-08-25T11:44:26Z,commit:777ac1af
Crashed Out,Beach Fossils,Clash the Truth,False,INDIFFERENT,3:25,205,tCDxaC9N1Ec,2024-08-25T11:41:01Z,commit:777ac1af
Operaz (feat. Youthstar & A.S.M.),"Chinese Man, Tha Trickaz",Operaz,False,INDIFFERENT,3:23,203,rIcwQ-Jy9sE,2024-08-25T11:37:38Z,commit:777ac1af
Tango Del Fuego,"Georgia Gibbs, Parov Stelar",Voodoo Sonic: The Album,False,INDIFFERENT,3:04,184,hPMSy8jPI5k,2024-08-25T11:34:34Z,commit:777ac1af
The Midnight Special 2002,Mischief Brew,Songs From Under The Sink,,INDIFFERENT,3:36,216,axMyj-r2-RY,2024-08-25T11:30:58Z,commit:777ac1af
How Did I Get Out Alive?,Mischief Brew,Songs From Under The Sink,,INDIFFERENT,3:16,196,vD7VEGc1sWw,2024-08-25T11:27:42Z,commit:777ac1af
The Dreams Of The Morning,Mischief Brew,Songs From Under The Sink,,INDIFFERENT,4:28,268,D8LYrFldL8A,2024-08-25T11:23:14Z,commit:777ac1af
A Rebel's Romance (Full band),Mischief Brew,Songs From Under The Sink,,INDIFFERENT,3:48,228,n3-gKZ_xDRQ,2024-08-25T11:19:26Z,commit:777ac1af
"Coffee, God, And Cigarettes",Mischief Brew,Songs From Under The Sink,,INDIFFERENT,2:20,140,KKclBgisCMA,2024-08-25T11:17:06Z,commit:777ac1af
All Our Comrades,Mischief Brew,Songs From Under The Sink,,INDIFFERENT,1:57,117,AURNOu67Y10,2024-08-25T11:15:09Z,commit:777ac1af
Love And Rage,Mischief Brew,Songs From Under The Sink,,INDIFFERENT,3:27,207,JL2gJhmMPww,2024-08-25T11:11:42Z,commit:777ac1af
Gratitude And Thanks,Mischief Brew,Songs From Under The Sink,,INDIFFERENT,3:55,235,V7XAqcGJpDg,2024-08-25T11:07:47Z,commit:777ac1af
Save A City...,Mischief Brew,Songs From Under The Sink,,INDIFFERENT,4:25,265,ge96Wpeg2rU,2024-08-25T11:03:22Z,commit:777ac1af
Children Play With Matches,Mischief Brew,Songs From Under The Sink,,INDIFFERENT,3:02,182,ojyRtSoR5dY,2024-08-25T11:00:20Z,commit:777ac1af
"Gimme Coffee, Or Death",Mischief Brew,Songs From Under The Sink,,LIKE,3:26,206,Xe0txCMKLTY,2024-08-25T10:56:54Z,commit:777ac1af
Tell Me A Story,Mischief Brew,Songs From Under The Sink,,INDIFFERENT,3:42,222,LbQh5B6zGo0,2024-08-25T10:53:12Z,commit:777ac1af
"Thanks, Bastards!",Mischief Brew,Songs From Under The Sink,,INDIFFERENT,3:20,200,7YXxZ6DRl4s,2024-08-25T10:49:52Z,commit:777ac1af
"Oh, Susquehanna!",Defiance Ohio,The Great Depression,True,LIKE,3:37,217,UBrgHEF8EfE,2024-08-25T10:46:15Z,commit:777ac1af
I’m Getting Better (And I’m Feeling It Right Now),The Record Company,All Of This Life,False,INDIFFERENT,3:16,196,7SAK78vF-wE,2024-08-25T10:42:59Z,commit:777ac1af
Cytoplasm,The Doozers,Cytoplasm,False,INDIFFERENT,3:09,189,VM_4qXeaqZY,2024-08-25T10:39:50Z,commit:777ac1af
New Romantic Novocaine,Moses Gunn Collective,Mercy Mountain,False,INDIFFERENT,4:31,271,8H0VxMIz7MI,2024-08-25T10:35:19Z,commit:777ac1af
Snake Farm,Ray Wylie Hubbard,Snake Farm,False,INDIFFERENT,3:55,235,Qgy7PLAgF-Y,2024-08-25T10:31:24Z,commit:777ac1af
The Heat,The Bones of J.R. Jones,Spirit's Furnace,False,INDIFFERENT,3:15,195,vuYynruLwJ8,2024-08-25T10:28:09Z,commit:777ac1af
Doused,DIIV,Oshin,False,INDIFFERENT,3:43,223,Ekz6BLGeHz8,2024-08-25T10:24:26Z,commit:777ac1af
Ticklish Warrior,Thee Oh Sees,A Weird Exits,False,INDIFFERENT,3:06,186,xvD423QRYXI,2024-08-25T10:21:20Z,commit:777ac1af
Sheathed Wings,Dan Deacon,Gliss Riffer,False,INDIFFERENT,4:09,249,PudSpoy_AMA,2024-08-25T10:17:11Z,commit:777ac1af
You Can't Teach An Old Dog New Tricks,Seasick Steve,You Can't Teach an Old Dog New Tricks,False,INDIFFERENT,3:35,215,vLSwakll9bc,2024-08-25T10:13:36Z,commit:777ac1af
Oriental Job,Gramatik,SB3,False,INDIFFERENT,3:14,194,JwxXnHpm_i0,2024-08-25T10:10:22Z,commit:777ac1af
IDK,Van Houten,IDK,False,INDIFFERENT,3:28,208,QJC0lyLCA08,2024-08-25T10:06:54Z,commit:777ac1af
Camel Walk,New Strangers,Camel Walk,False,INDIFFERENT,3:37,217,Am8eRB8qbTw,2024-08-25T10:03:17Z,commit:777ac1af
B.W.'s Blues,Tommy Guerrero,Loose Grooves and Bastard Blues,False,INDIFFERENT,4:50,290,6_xl4yubX9c,2024-08-25T09:58:27Z,commit:777ac1af
Comedown,Parcels,Parcels,False,INDIFFERENT,3:09,189,ooel-79wV-c,2024-08-25T09:55:18Z,commit:777ac1af
Esperanza,Hermanos Gutiérrez,Esperanza,False,INDIFFERENT,5:29,329,mlIMIJIcpn8,2024-08-25T09:49:49Z,commit:777ac1af
Los Estimados,Tati Falco,Los Estimados,False,INDIFFERENT,4:38,278,kNkf3TW_jZQ,2024-08-25T09:45:11Z,commit:777ac1af
Cosmic Trip,Air,Le voyage dans la lune,False,INDIFFERENT,4:10,250,G7fvtQp6PNQ,2024-08-25T09:41:01Z,commit:777ac1af
Over Here,Mostly Sonny,Over Here,True,INDIFFERENT,4:45,285,-6aFRlYW8yA,2024-08-25T09:36:16Z,commit:777ac1af
TEXAS HOLD 'EM,Beyoncé,TEXAS HOLD 'EM,False,INDIFFERENT,3:56,236,g92AYBlNOi0,2024-08-25T09:32:20Z,commit:777ac1af
16 CARRIAGES,Beyoncé,16 CARRIAGES,False,INDIFFERENT,3:54,234,-fV37wdHG8U,2024-08-25T09:28:26Z,commit:777ac1af
We Went Our Own Ways,Matt Storm,We Went Our Own Ways,False,INDIFFERENT,3:39,219,U-qAia-KMAc,2024-08-25T09:24:47Z,commit:777ac1af
Take My Soul,Thievery Corporation,Culture Of Fear,False,INDIFFERENT,3:52,232,kCINhl451o8,2024-08-25T09:20:55Z,commit:777ac1af
A.O.E,Portico Quartet,Monument,False,INDIFFERENT,5:36,336,ZsIRi9sBx6I,2024-08-25T09:15:19Z,commit:777ac1af
Teardrops,NEIL FRANCES,Teardrops,False,INDIFFERENT,3:19,199,823_KoZr4mo,2024-08-25T09:12:00Z,commit:777ac1af
Tercera Vencida,Tati Falco,Tercera Vencida,False,INDIFFERENT,3:49,229,quP4vgdI6aU,2024-08-25T09:08:11Z,commit:777ac1af
The Moment,Skinshape,Life & Love,False,INDIFFERENT,3:56,236,RIKyyT0o3O8,2024-08-25T09:04:15Z,commit:777ac1af
Postcard Home,Tommy Guerrero,Road to Knowhere,,INDIFFERENT,3:30,210,e-TRJr5tt48,2024-08-25T09:00:45Z,commit:777ac1af
Blue Balloon,Ween,La Cucaracha,False,INDIFFERENT,3:52,232,keU_osVjFlM,2024-08-25T08:56:53Z,commit:777ac1af
Hai Van Dub,Tati Falco,Selva Y Mar,,LIKE,5:02,302,5zALSEmuax0,2024-08-25T08:51:51Z,commit:777ac1af
Employment,Layten Kramer,Employment,False,INDIFFERENT,3:26,206,s8U5ypW9kIc,2024-08-25T08:48:25Z,commit:777ac1af
Pelota,Khruangbin,Mordechai,False,INDIFFERENT,2:48,168,pk9qhimEE-w,2024-08-25T08:45:37Z,commit:777ac1af
Take My Time,Skinshape,Life & Love,False,INDIFFERENT,3:03,183,S-9J8LF8BkA,2024-08-25T08:42:34Z,commit:777ac1af
Haydee,Tati Falco,Haydee,False,INDIFFERENT,3:41,221,pmGtXwcJx5k,2024-08-25T08:38:53Z,commit:777ac1af
Tercera Vencida,Tati Falco,Cámara Azul,False,INDIFFERENT,3:49,229,rVM6-r6lG8Y,2024-08-25T08:35:04Z,commit:777ac1af
Sangrecita,Tati Falco,Cámara Azul,False,INDIFFERENT,3:48,228,3CaXPUU7lKA,2024-08-25T08:31:16Z,commit:777ac1af
Los Estimados,Tati Falco,Cámara Azul,False,INDIFFERENT,4:38,278,llXW8nBBVR0,2024-08-25T08:26:38Z,commit:777ac1af
"Flos Potentia (Sugar, Cotton, Tabacco)",Ron Trent & Khruangbin,What Do the Stars Say to You,,INDIFFERENT,5:35,335,jQG_ozWUjMk,2024-08-25T08:21:03Z,commit:777ac1af
Selva y mar,Tati Falco,Selva Y Mar,,INDIFFERENT,4:09,249,_tDkBTkhoBA,2024-08-25T08:16:54Z,commit:777ac1af
Haydee,Tati Falco,Selva Y Mar,,INDIFFERENT,3:41,221,7InDNp7zyAA,2024-08-25T08:13:13Z,commit:777ac1af
Taman Negara,Tati Falco,Selva Y Mar,,INDIFFERENT,1:10,70,wd4XfAg2Fdk,2024-08-25T08:12:03Z,commit:777ac1af
Selva y mar,Tati Falco,Selva y mar,,INDIFFERENT,4:09,249,3lKI9DpYBrQ,2024-08-25T08:07:54Z,commit:777ac1af
What Would You Do,"Kieran Kane, Rayna Gellert",When the Sun Goes Down,False,INDIFFERENT,3:25,205,FJg03-RZeCA,2024-08-25T08:04:29Z,commit:777ac1af
Pleased To Meet You,Jack Davies and The Bush Chooks,"the nighttime, the wind, the crocodile",False,INDIFFERENT,3:53,233,HONJrJ-fv2A,2024-08-25T08:00:36Z,commit:777ac1af
Washing Day,Surprise Chef,Daylight Savings,,LIKE,4:29,269,MZ6agrHnnzU,2024-08-25T07:56:07Z,commit:777ac1af
Doubting Thomas,Nickel Creek,Why Should The Fire Die?,False,INDIFFERENT,3:20,200,hhE-GLvh27A,2024-08-25T07:52:47Z,commit:777ac1af
White Daisy Passing,Rocky Votolato,Makers,False,INDIFFERENT,3:12,192,ljKv9TkbQL4,2024-08-25T07:49:35Z,commit:777ac1af
The Blackest Crow,Brittany Haas,Brittany Haas,False,INDIFFERENT,3:35,215,hZbpP9If9y0,2024-08-25T07:46:00Z,commit:777ac1af
Train on the Island,Rayna Gellert & Susie Goehring,Starch & Iron,,INDIFFERENT,3:02,182,50Qo4B968Rk,2024-08-25T07:42:58Z,commit:777ac1af
Aska Me,Moondog,H'art Songs,,INDIFFERENT,1:59,119,pg1PMVr8rpk,2024-08-25T07:40:59Z,commit:777ac1af
"I'm This, I'm That",Moondog,H'art Songs,,INDIFFERENT,3:49,229,RYcudGCpXaE,2024-08-25T07:37:10Z,commit:777ac1af
Enough About Human Rights,Moondog,H'art Songs,,INDIFFERENT,3:36,216,QTquCZSTGNE,2024-08-25T07:33:34Z,commit:777ac1af
Do Your Thing,Moondog,H'art Songs,,INDIFFERENT,3:10,190,E86phiV8w2M,2024-08-25T07:30:24Z,commit:777ac1af
I'm In The World,Moondog,H'art Songs,,INDIFFERENT,3:42,222,LuByqRxiRQc,2024-08-25T07:26:42Z,commit:777ac1af
Here's To John Wesley Hardin,Moondog,H'art Songs,,INDIFFERENT,7:00,420,P5jUa7CxmWc,2024-08-25T07:19:42Z,commit:777ac1af
I'm Just A Hop Head,Moondog,H'art Songs,,INDIFFERENT,2:45,165,phu641BKec0,2024-08-25T07:16:57Z,commit:777ac1af
Choo Choo Lullaby,Moondog,H'art Songs,,INDIFFERENT,5:59,359,PW8xezP84Lo,2024-08-25T07:10:58Z,commit:777ac1af
Pigmy Pig,Moondog,H'art Songs,,INDIFFERENT,3:18,198,iFm06wNY0cs,2024-08-25T07:07:40Z,commit:777ac1af
High On A Rocky Ledge,Moondog,H'art Songs,,LIKE,4:28,268,8MhwjtkyI2w,2024-08-25T07:03:12Z,commit:777ac1af
Adaptations (feat. Wowflower),"Koresma, Richard Houghten, & Kyle McEvoy",Adaptations,False,INDIFFERENT,2:58,178,4dlXLshfOSY,2024-08-25T07:00:14Z,commit:777ac1af
Confessions,BADBADNOTGOOD,III,False,INDIFFERENT,5:01,301,F8t6VwJUO3Y,2024-08-25T06:55:13Z,commit:777ac1af
Cut Me Down,Kevin Morby,Singing Saw,False,INDIFFERENT,3:33,213,1mGYSgquvnE,2024-08-25T06:51:40Z,commit:777ac1af
Run Away,Sarah Jarosz,Follow Me Down,False,INDIFFERENT,3:22,202,lwKoGKp0QXk,2024-08-25T06:48:18Z,commit:777ac1af
"Three Views of a Japanese Garden, part 3 (live)",Rudy Adrian,MoonWater,False,INDIFFERENT,6:03,363,myu76IuqaN8,2024-08-25T06:42:15Z,commit:777ac1af
Black Eyed Dog,Nick Drake,Made To Love Magic,False,INDIFFERENT,3:28,208,-y4T_wYJ7YE,2024-08-25T06:38:47Z,commit:777ac1af
Jai Ramachandra,Alice Coltrane,Kirtan: Turiya Sings,False,INDIFFERENT,6:01,361,cWowqFjC07s,2024-08-25T06:32:46Z,commit:777ac1af
I'll Never Be Free,"Ella Fitzgerald, Louise Jordan & His Typmany Five",Ella & Friends,False,INDIFFERENT,3:13,193,OEDn6QWv0x0,2024-08-25T06:29:33Z,commit:777ac1af
Leave Me Alone,Hugo Kant,The Point Of No Return,True,LIKE,3:27,207,-JV-_B1iCGk,2024-08-25T06:26:06Z,commit:777ac1af
Fall on my Knees,Rayna Gellert & Susie Goehring,Starch & Iron,,INDIFFERENT,3:13,193,Nyz8KxSiXcU,2024-08-25T06:22:53Z,commit:777ac1af
Ooh La La,Redbird,Live At The Cafe Carpe,False,INDIFFERENT,3:33,213,L5ryzBPx0tQ,2024-08-25T06:19:20Z,commit:777ac1af
Wondering Where The Lions Are,Bruce Cockburn,Dancing In The Dragon's Jaws (Deluxe Edition),False,INDIFFERENT,3:48,228,6tvAPbuZtyM,2024-08-25T06:15:32Z,commit:777ac1af
La vie en rose (Single Version),Louis Armstrong And His Orchestra,Satchmo Serenades,False,INDIFFERENT,3:24,204,M9FRCxGMz-0,2024-08-25T06:12:08Z,commit:777ac1af
Cataracts,Andrew Bird,Armchair Apocryph,False,INDIFFERENT,3:13,193,cew1BlRT270,2024-08-25T06:08:55Z,commit:777ac1af
Tunnel Vision,"Kelly Finnigan, Monophonics",It's Only Us,False,INDIFFERENT,5:21,321,CDGf2gntq_U,2024-08-25T06:03:34Z,commit:777ac1af
Move Through Water,"Anthéne, Stijn Hüwels",Into The Setting Sun,False,INDIFFERENT,4:47,287,e3pGmMp6xPo,2024-08-25T05:58:47Z,commit:777ac1af
In The Moment,Jim James,Eternally Even,False,INDIFFERENT,4:10,250,uFq7buliSAs,2024-08-25T05:54:37Z,commit:777ac1af
Yuma,Justin Townes Earle,Yuma,False,INDIFFERENT,3:06,186,nJBn8Y6gIpY,2024-08-25T05:51:31Z,commit:777ac1af
Vargtimme,Helios,Eingya,False,INDIFFERENT,3:57,237,L28nPxY5Egk,2024-08-25T05:47:34Z,commit:777ac1af
No Distraction (Khruangbin Remix),Beck,No Distraction (Khruangbin Remix),False,INDIFFERENT,3:19,199,iMXBkJnBxi8,2024-08-25T05:44:15Z,commit:777ac1af
Over My Head,Ikebe Shakedown,Kings Left Behind,False,INDIFFERENT,3:26,206,v4gFyAF_0-8,2024-08-25T05:40:49Z,commit:777ac1af
Maybe,The Ink Spots,The Anthology,True,LIKE,3:03,183,Wd_fO_SUgPs,2024-08-25T05:37:46Z,commit:777ac1af
Live Jam in Polynesia,Arc De Soleil,Libertalia,False,INDIFFERENT,3:07,187,bHhet-GCZzw,2024-08-25T05:34:39Z,commit:777ac1af
Before,Bibio,Ribbons,False,INDIFFERENT,3:12,192,AvkUtologtY,2024-08-25T05:31:27Z,commit:777ac1af
15 Acres,"Kieran Kane, Rayna Gellert",The Ledges,False,INDIFFERENT,3:32,212,G5xekQaQpUQ,2024-08-25T05:27:55Z,commit:777ac1af
We Like To Party,The Disco Biscuits,"2024/02/07 Aspen, CO",,INDIFFERENT,31:34,1894,i8FKAkHFBB4,2024-08-25T04:56:21Z,commit:777ac1af
Henry Lee,Vandaveer,"Oh, Willie, Please...",,INDIFFERENT,4:35,275,jca3aKmFkC8,2024-08-25T04:51:46Z,commit:777ac1af
Long Journey Home,Billy Strings,Me / And / Dad,False,INDIFFERENT,2:58,178,-szCz0iBEmk,2024-08-25T04:08:24Z,commit:777ac1af
Insomnia Blues,John R. Miller,Heat Comes Down,True,LIKE,4:01,241,L1pRpcEhT0c,2024-08-25T04:04:23Z,commit:777ac1af
Spite,Vandaveer,Dig Down Deep,True,LIKE,2:40,160,EQH5IhBfWUk,2024-08-25T04:01:43Z,commit:777ac1af
Lonesome Moonlight Waltz,Noam Pikelny,Noam Pikelny Plays Kenny Baker Plays Bill Monroe,False,INDIFFERENT,4:36,276,3a3FCO7FGaA,2024-08-25T03:57:07Z,commit:777ac1af
Penny Sweets,Winter Aid,The Murmur of the Land,False,INDIFFERENT,4:25,265,_B41hDJtOd8,2024-08-25T03:52:42Z,commit:777ac1af
Ten Million Slaves,Otis Taylor,Respect the Dead,False,INDIFFERENT,3:19,199,knCip_B6pLY,2024-08-25T03:49:23Z,commit:777ac1af
Intentional Injury (From The HBO Series True Detective),"Bonnie ""Prince"" Billy",Intentional Injury (From The HBO Series True Detective),False,INDIFFERENT,2:25,145,AwMEzPdf7M0,2024-08-25T03:46:58Z,commit:777ac1af
Madman,Sean Rowe,Madman,False,INDIFFERENT,4:00,240,SYngFgT6LCo,2024-08-25T03:42:58Z,commit:777ac1af
Back In Brazil,Paul McCartney,Egypt Station,False,INDIFFERENT,3:21,201,ImWuByyHtsI,2024-08-25T03:39:37Z,commit:777ac1af
John Wilkes Booth,Tony Rice,Native American,False,INDIFFERENT,3:53,233,w1q5J_jHFBY,2024-08-25T03:35:44Z,commit:777ac1af
Daffodil Blues,Pokey LaFarge,Riverboat Soul,,INDIFFERENT,3:30,210,aiqZTW1BAQc,2024-08-25T03:32:14Z,commit:777ac1af
Old Black Dog,Pokey LaFarge,Riverboat Soul,,INDIFFERENT,3:04,184,OKBqFatcyTo,2024-08-25T03:29:10Z,commit:777ac1af
Migraines and Heartpains,Pokey LaFarge,Riverboat Soul,,INDIFFERENT,2:43,163,IfqOfZO98JI,2024-08-25T03:26:27Z,commit:777ac1af
In the Graveyard Now,Pokey LaFarge,Riverboat Soul,,LIKE,3:35,215,I6QECy-D904,2024-08-25T03:22:52Z,commit:777ac1af
Bag of Bones,Pokey LaFarge,Riverboat Soul,,INDIFFERENT,4:05,245,iyB1JhMsw0o,2024-08-25T03:18:47Z,commit:777ac1af
Sweet Potato Blues,Pokey LaFarge,Riverboat Soul,,DISLIKE,3:54,234,Kj5p9VGCmWY,2024-08-25T03:14:53Z,commit:777ac1af
Won't Make Love at All,Pokey LaFarge,Riverboat Soul,,INDIFFERENT,2:59,179,9GCHokxOXhg,2024-08-25T03:11:54Z,commit:777ac1af
Claude Jones,Pokey LaFarge,Riverboat Soul,,INDIFFERENT,3:39,219,7xSlyfCkNPk,2024-08-25T03:08:15Z,commit:777ac1af
La La Blues,Pokey LaFarge,Riverboat Soul,,INDIFFERENT,3:43,223,D_dYw7JVj8U,2024-08-25T03:04:32Z,commit:777ac1af
Two-Faced Tom,Pokey LaFarge,Riverboat Soul,,INDIFFERENT,3:16,196,a_iWNWjQFZ0,2024-08-25T03:01:16Z,commit:777ac1af
Money Is The Meat In The Coconut,David Rawlings,Poor David's Almanack,,LIKE,2:23,143,vwe5K642jTo,2024-08-25T02:58:53Z,commit:777ac1af
Digital Buddha,The Disco Biscuits,"2024/02/07 Aspen, CO",,INDIFFERENT,16:19,979,vYaTFxbYLx8,2024-08-25T02:42:34Z,commit:777ac1af
Caves Of The East,The Disco Biscuits,"2024/02/07 Aspen, CO",,INDIFFERENT,23:08,1388,aanoOc7jf5c,2024-08-25T02:19:26Z,commit:777ac1af
Morph Dusseldorf,The Disco Biscuits,"2024/02/07 Aspen, CO",,INDIFFERENT,2:09,129,yHZEBqjP1Vc,2024-08-25T02:17:17Z,commit:777ac1af
The Overture,The Disco Biscuits,"2024/02/07 Aspen, CO",,INDIFFERENT,14:54,894,VgqgOB-7Q90,2024-08-25T02:02:23Z,commit:777ac1af
Gangster,The Disco Biscuits,"2024/02/07 Aspen, CO",,INDIFFERENT,4:17,257,EyOoYm8NFRE,2024-08-25T01:58:06Z,commit:777ac1af
Morph Dusseldorf,The Disco Biscuits,"2024/02/07 Aspen, CO",,INDIFFERENT,17:45,1065,z1uqYzTRZ-w,2024-08-25T01:40:21Z,commit:777ac1af
No Recollection,The Disco Biscuits,"2024/02/06 Aspen, CO",,INDIFFERENT,18:35,1115,AXpgGG1k3Gw,2024-08-25T01:21:46Z,commit:777ac1af
I-man,The Disco Biscuits,"2024/02/06 Aspen, CO",,INDIFFERENT,40:44,2444,5X7KyTkufls,2024-08-25T00:41:02Z,commit:777ac1af
Jam,The Disco Biscuits,"2024/02/06 Aspen, CO",,INDIFFERENT,19:08,1148,UPZFnSa5dwo,2024-08-25T00:21:54Z,commit:777ac1af
Home Again,The Disco Biscuits,"2024/02/06 Aspen, CO",,INDIFFERENT,3:53,233,TSiNwWuTjaQ,2024-08-25T00:18:01Z,commit:777ac1af
Crickets,The Disco Biscuits,"2024/02/06 Aspen, CO",,INDIFFERENT,18:07,1087,SmqN5FVfZGY,2024-08-24T23:59:54Z,commit:777ac1af
Dino Baby,The Disco Biscuits,"2024/02/06 Aspen, CO",,INDIFFERENT,21:23,1283,lVb73sOaH7Y,2024-08-24T23:38:31Z,commit:777ac1af
Shocked,The Disco Biscuits,"2024/02/06 Aspen, CO",,INDIFFERENT,14:56,896,LpKHHYho31Y,2024-08-24T23:23:35Z,commit:777ac1af
M.E.M.P.H.I.S.,The Disco Biscuits,"2024/02/06 Aspen, CO",,INDIFFERENT,25:52,1552,cnsTtaqnarc,2024-08-24T22:57:43Z,commit:777ac1af
Me And Chuck,Les Claypool And The Holy Mackerel,Highball With The Devil,False,INDIFFERENT,3:00,180,RiVAnoeANsw,2024-08-24T22:54:43Z,commit:777ac1af
Man in the Box,Les Claypool's Duo De Twang,Four Foot Shack,False,INDIFFERENT,5:12,312,GA6VLgdD0YA,2024-08-24T22:49:31Z,commit:777ac1af
Hendershot,Les Claypool And The Holy Mackerel,Highball With The Devil,False,INDIFFERENT,2:27,147,5wRmhiu8Qpg,2024-08-24T22:47:04Z,commit:777ac1af
Ding Dang,Les Claypool,Purple Onion,False,INDIFFERENT,5:49,349,gW_-D2gUJKw,2024-08-24T22:41:15Z,commit:777ac1af
Holy Mackerel (Albulm Version),Les Claypool And The Holy Mackerel,Highball With The Devil,False,INDIFFERENT,3:53,233,_9qdYnDVxvc,2024-08-24T22:37:22Z,commit:777ac1af
Running The Gauntlet,Les Claypool And The Holy Mackerel,Highball With The Devil,False,INDIFFERENT,1:37,97,Lz3IayXoE6Y,2024-08-24T22:35:45Z,commit:777ac1af
Long in the Tooth,Les Claypool,Purple Onion,False,INDIFFERENT,1:51,111,nKdySXrXgp4,2024-08-24T22:33:54Z,commit:777ac1af
Wynona's Big Brown Beaver - Les Claypool's Duo de Twang,"72K views, Rebekah Wallace",,,LIKE,4:48,288,Vzz0wC1YxCQ,2024-08-24T22:29:06Z,commit:777ac1af
Buzzards of Green Hill,Les Claypool,Purple Onion,False,INDIFFERENT,4:04,244,deg29DuET1c,2024-08-24T22:25:02Z,commit:777ac1af
David Makalaster,Les Claypool,Purple Onion,False,INDIFFERENT,4:38,278,MeXLa-7Nm40,2024-08-24T22:20:24Z,commit:777ac1af
Robot Chicken,Les Claypool,Of Whales And Woe,False,INDIFFERENT,0:40,40,71M2NhYkfLQ,2024-08-24T22:19:44Z,commit:777ac1af
Cosmic Highway,Les Claypool,Purple Onion,False,INDIFFERENT,7:15,435,9XXlQTSYSK8,2024-08-24T22:12:29Z,commit:777ac1af
George E. Porge,Les Claypool And The Holy Mackerel,Highball With The Devil,False,INDIFFERENT,2:32,152,t8EUKFRFmiU,2024-08-24T22:09:57Z,commit:777ac1af
Say Yes (Phonovisions Symphonic Version),Wax Tailor,Phonovisions Symphonic Orchestra,False,INDIFFERENT,5:12,312,LK-hzfHyVng,2024-08-24T22:04:45Z,commit:777ac1af
To Dry Up (Phonovisions Symphonic Version),Wax Tailor,Phonovisions Symphonic Orchestra,False,INDIFFERENT,4:40,280,KFDE8_z4c_Y,2024-08-24T22:00:05Z,commit:777ac1af
Am I Free (Phonovisions Symphonic Version),Wax Tailor,Phonovisions Symphonic Orchestra,False,INDIFFERENT,5:07,307,R5AcHgE3F7g,2024-08-24T21:54:58Z,commit:777ac1af
Que Sera (Phonovisions Symphonic Version),Wax Tailor,Phonovisions Symphonic Orchestra,False,INDIFFERENT,3:23,203,VP2WQcHsUW0,2024-08-24T21:51:35Z,commit:777ac1af
Seize the Day (Phonovisions Symphonic Version),Wax Tailor,Phonovisions Symphonic Orchestra,False,INDIFFERENT,3:07,187,lSDXCj7rmxo,2024-08-24T21:48:28Z,commit:777ac1af
B-Boy On Wax (Phonovisions Symphonic Version),Wax Tailor,Phonovisions Symphonic Orchestra,False,INDIFFERENT,3:47,227,RFqBFi2A6dE,2024-08-24T21:44:41Z,commit:777ac1af
House Of Wax (Phonovisions Symphonic Version),Wax Tailor,Phonovisions Symphonic Orchestra,False,INDIFFERENT,3:34,214,5ZGIrMoynW0,2024-08-24T21:41:07Z,commit:777ac1af
Our Dance (Phonovisions Symphonic Version),Wax Tailor,Phonovisions Symphonic Orchestra,False,INDIFFERENT,5:03,303,HG3MRqln-cY,2024-08-24T21:36:04Z,commit:777ac1af
Dragon Chasers (Phonovisions Symphonic Version),Wax Tailor,Phonovisions Symphonic Orchestra,False,INDIFFERENT,3:23,203,IvIFnIaTOMg,2024-08-24T21:32:41Z,commit:777ac1af
City Vapors (Phonovisions Symphonic Version),Wax Tailor,Phonovisions Symphonic Orchestra,False,INDIFFERENT,1:16,76,MymPJhbdyCg,2024-08-24T21:31:25Z,commit:777ac1af
Positively Inclined (Phonovisions Symphonic Version),Wax Tailor,Phonovisions Symphonic Orchestra,False,INDIFFERENT,4:22,262,bvylSy8Rkfk,2024-08-24T21:27:03Z,commit:777ac1af
The Sound (Phonovisions Symphonic Version),Wax Tailor,Phonovisions Symphonic Orchestra,False,INDIFFERENT,3:38,218,wlfdzmZdGfs,2024-08-24T21:23:25Z,commit:777ac1af
Heart Stop (Phonovisions Symphonic Version),Wax Tailor,Phonovisions Symphonic Orchestra,False,INDIFFERENT,3:13,193,nRaivx2EWUI,2024-08-24T21:20:12Z,commit:777ac1af
Only Once (Phonovisions Symphonic Version),Wax Tailor,Phonovisions Symphonic Orchestra,False,INDIFFERENT,2:45,165,wU5ZktbBfBE,2024-08-24T21:17:27Z,commit:777ac1af
Like An Hourglass (Phonovisions Symphonic Version),Wax Tailor,Phonovisions Symphonic Orchestra,False,INDIFFERENT,1:01,61,k2_LYtq7q4I,2024-08-24T21:16:26Z,commit:777ac1af
Down In Flame (Phonovisions Symphonic Version),Wax Tailor,Phonovisions Symphonic Orchestra,False,INDIFFERENT,4:30,270,jGjbaOga5qM,2024-08-24T21:11:56Z,commit:777ac1af
Dry Your Eyes (Phonovisions Symphonic Version),Wax Tailor,Phonovisions Symphonic Orchestra,False,INDIFFERENT,3:48,228,VbkfyRqeLyg,2024-08-24T21:08:08Z,commit:777ac1af
High On A Mountain,"Del McCoury, The Dixie Pals",High On A Mountain,False,INDIFFERENT,2:52,172,eNQNVuw0i6I,2024-08-24T21:05:16Z,commit:777ac1af
Ain't No Grave,Crooked Still,Shaken By A Low Sound,,INDIFFERENT,3:22,202,eb4W_3KC50g,2024-08-24T21:01:54Z,commit:777ac1af
Freeborn Man,Tony Rice,Guitar,,INDIFFERENT,2:50,170,bKgFB4V5wtE,2024-08-24T20:59:04Z,commit:777ac1af
Your Love Is Like A Flower,The Bluegrass Album Band,"The Bluegrass Album, Vol. 2",False,INDIFFERENT,3:01,181,LDLMpgUL4qQ,2024-08-24T20:56:03Z,commit:777ac1af
Never Make It Home,Split Lip Rayfield,Never Make It Home,False,INDIFFERENT,3:10,190,g6dg_JKDW8k,2024-08-24T20:52:53Z,commit:777ac1af
Walkin' Boss,"David Grisman, Jerry Garcia",Jerry Garcia & David Grisman,False,INDIFFERENT,5:18,318,_q9LD0r7sdQ,2024-08-24T20:47:35Z,commit:777ac1af
Gold Rush,The Tony Rice Unit,Unit Of Measure,False,INDIFFERENT,3:03,183,eIQpNHuH7r0,2024-08-24T20:44:32Z,commit:777ac1af
Earl's Breakdown,Flatt & Scruggs,Foggy Mountain Jamboree (Expanded Edition),True,LIKE,3:00,180,nC95BwtJjkM,2024-08-24T20:41:32Z,commit:777ac1af
Long Journey Home,"Billy Strings, Don Julin",Rock Of Ages,False,INDIFFERENT,3:01,181,wyHbtmZOZBA,2024-08-24T20:38:31Z,commit:777ac1af
Rosalie McFall,Grateful Dead,Reckoning (Live),False,INDIFFERENT,2:54,174,pTE8JgDpcmw,2024-08-24T20:35:37Z,commit:777ac1af
Gracefully Facedown (Live),The Devil Makes Three,Kexp Presents: The Devil Makes Three Live in Studio - EP,True,LIKE,3:27,207,FGt1_5rUr14,2024-08-24T20:32:10Z,commit:777ac1af
Southern Flavor,Bill Monroe,Country Music Hall Of Fame,True,LIKE,3:18,198,lAODCVBSUd8,2024-08-24T20:28:52Z,commit:777ac1af
The Great Pretender,Old & In The Way,That High Lonesome Sound,True,LIKE,3:39,219,goE5qv5eh3M,2024-08-24T20:25:13Z,commit:777ac1af
Shake Sugaree,Muireann Bradley,I Kept These Old Blues,True,LIKE,5:49,349,2HYgGoG2OpU,2024-08-24T20:19:24Z,commit:777ac1af
Columbus Stockade Blues,"Doc Watson, Richard Watson",Third Generation Blues,False,INDIFFERENT,3:32,212,rVAXyZCbFdI,2024-08-24T20:15:52Z,commit:777ac1af
Knob Creek,Steep Canyon Rangers,Nobody Knows You,True,LIKE,5:18,318,qR44ixdhjl0,2024-08-24T20:10:34Z,commit:777ac1af
Salt Creek,Tony Rice,Guitar,,INDIFFERENT,3:46,226,IU-zRYkV5Fc,2024-08-24T20:06:48Z,commit:777ac1af
"A Distant Land to Roam (feat. Andrew Marlin, Noam Pikelny, Chris Eldridge & Alex Hargreaves)",Mighty Poplar,Mighty Poplar,,INDIFFERENT,2:34,154,YaC4M0M0hM4,2024-08-24T20:04:14Z,commit:777ac1af
"Let Him Go on Mama (feat. Andrew Marlin, Noam Pikelny, Chris Eldridge & Alex Hargreaves)",Mighty Poplar,Mighty Poplar,,INDIFFERENT,4:10,250,9CLcIOv4MtY,2024-08-24T20:00:04Z,commit:777ac1af
"Little Joe (feat. Andrew Marlin, Noam Pikelny, Chris Eldridge & Alex Hargreaves)",Mighty Poplar,Mighty Poplar,,INDIFFERENT,3:04,184,xQ-kxkDP8H0,2024-08-24T19:57:00Z,commit:777ac1af
Lonesome Moonlight Waltz,Noam Pikelny,Noam Pikelny Plays Kenny Baker Plays Bill Monroe,False,INDIFFERENT,4:36,276,3a3FCO7FGaA,2024-08-24T19:52:24Z,commit:777ac1af
Mañana Tepotzlan,El Búho,Cenotes,,INDIFFERENT,4:00,240,sKbi5vndi5Q,2024-08-24T19:48:24Z,commit:777ac1af
Maria Sabina (feat. Huaira),Rodrigo Gallardo,El Origen,False,INDIFFERENT,5:19,319,fITJU2AJIFE,2024-08-24T19:43:05Z,commit:777ac1af
Cumbia Sobre el Mar (El Búho Remix),"Flowering Inferno, Quantic",Tributaries: A Remix Album (El Búho Remixes),False,INDIFFERENT,5:13,313,7nsd0-5X5is,2024-08-24T19:37:52Z,commit:777ac1af
Deelahli,Yeahman & Mina Shankha,Ostriconi,False,INDIFFERENT,4:47,287,8fbN48Zo6fA,2024-08-24T19:33:05Z,commit:777ac1af
Adios Potosi,Lagartijeando,Jallalla,False,INDIFFERENT,4:24,264,PEN9NCB7VcA,2024-08-24T19:28:41Z,commit:777ac1af
Cumbia de Tototl,El Búho,Tamoachan,False,INDIFFERENT,3:52,232,LoxijR0ZjBw,2024-08-24T19:24:49Z,commit:777ac1af
A la Muerte (Nicola Cruz Remix),Rodrigo Gallardo,El Origen,False,INDIFFERENT,4:19,259,LPcmvv7Uc78,2024-08-24T19:20:30Z,commit:777ac1af
Yam,Satori,Yam,False,INDIFFERENT,9:33,573,ykcJKB6bfac,2024-08-24T19:10:57Z,commit:777ac1af
Say Yes (feat. ASM),Wax Tailor,In the Mood for Life,False,INDIFFERENT,3:39,219,Oj6WYt6OC6c,2024-08-24T19:07:18Z,commit:777ac1af
Madera (Rapossa Remix),"ANuT, MoM",Madera / Emola,False,INDIFFERENT,8:18,498,LLMKrEUaAwo,2024-08-24T18:59:00Z,commit:777ac1af
Andromeda,Be Svendsen,Between a Smile and a Tear,True,LIKE,6:46,406,NZeDtoH-lHg,2024-08-24T18:52:14Z,commit:777ac1af
Sure The Sun Will Rise,Hugo Kant,Far From Home,False,INDIFFERENT,4:56,296,Tg7DOKzVAoE,2024-08-24T18:47:18Z,commit:777ac1af
Apito da Mata,Kurup,Arquivos Relíquia,False,INDIFFERENT,4:23,263,f4nhdFqFGh4,2024-08-24T18:42:55Z,commit:777ac1af
Just Jazz,Ours Samplus,"Tour De Manège, Vol. 2 : Le Train Fantôme",False,INDIFFERENT,3:18,198,8yHkwxQfwA8,2024-08-24T18:39:37Z,commit:777ac1af
Falling for You,NEIL FRANCES,Falling for You,False,INDIFFERENT,3:11,191,4qqvGwsyLNg,2024-08-24T18:36:26Z,commit:777ac1af
Pasale,El Búho,Chinampa,False,INDIFFERENT,3:31,211,YMvfDAo2djI,2024-08-24T18:32:55Z,commit:777ac1af
Aliens,Oceanvs Orientalis,Indoor Voyager EP,False,INDIFFERENT,5:38,338,qY-ZyMeUEfM,2024-08-24T18:27:17Z,commit:777ac1af
Crazy,Gnarls Barkley,St. Elsewhere,False,INDIFFERENT,3:03,183,4awyKrjzCg0,2024-08-24T18:24:14Z,commit:777ac1af
"IknowhowIfeel - from Hansa Studios, Berlin",Parcels,Live Vol. 1,False,INDIFFERENT,2:56,176,UJfbSUkyrbg,2024-08-24T18:21:18Z,commit:777ac1af
Magicman,Bonobo,One Offs (Remixes & B Sides),,INDIFFERENT,4:39,279,5_mjJXjOnaI,2024-08-24T18:16:39Z,commit:777ac1af
Rio Negro,Xique-Xique,Xaxoeira,,INDIFFERENT,5:53,353,2ccfm4O1UBU,2024-08-24T18:10:46Z,commit:777ac1af
"The Knocks, Sofi Tukker - Brazilian Soul | Daco Remix","5.1M views, Da Co",,,INDIFFERENT,5:43,343,xruWvv46KOU,2024-08-24T18:05:03Z,commit:777ac1af
Ordinary Man,Chinese Man,"The Groove Sessions, Vol. 2",False,INDIFFERENT,3:39,219,XByMktVdrTc,2024-08-24T18:01:24Z,commit:777ac1af
Sometimes,Wax Tailor,Hope & Sorrow,False,INDIFFERENT,3:41,221,R2LiOOB5w_E,2024-08-24T17:57:43Z,commit:777ac1af
Miniyamba,"Yeahman, Hajna, & Mina Shankha",Shika Shika / Botanas Series,False,INDIFFERENT,4:11,251,HZlofxCghnQ,2024-08-24T17:53:32Z,commit:777ac1af
Teardrop (feat. Elizabeth Fraser),Massive Attack,Mezzanine,False,INDIFFERENT,5:31,331,3h-JYx76QNM,2024-08-24T17:48:01Z,commit:777ac1af
Passion,Nightmares on Wax,Passion,False,INDIFFERENT,3:28,208,hiRuhU_dKV4,2024-08-24T17:44:33Z,commit:777ac1af
Finally Moving,Pretty Lights,Taking up Your Precious Time,False,INDIFFERENT,4:38,278,rSW-L4kXun8,2024-08-24T17:39:55Z,commit:777ac1af
Blue Bird,Ours Samplus,Orphan Loops,False,INDIFFERENT,3:52,232,mygg65UV6iM,2024-08-24T17:36:03Z,commit:777ac1af
Ghostwriter,RJD2,Deadringer: Deluxe,False,INDIFFERENT,5:17,317,hY08FkhpPjk,2024-08-24T17:30:46Z,commit:777ac1af
Porro Del Tucán,El Búho,Cumbias Imaquinarias - EP,False,INDIFFERENT,3:40,220,a0hkg9I5_zY,2024-08-24T17:27:06Z,commit:777ac1af
Old Fashioned Love,"Amanda Shires, Bobbie Nelson",Loving You,,INDIFFERENT,3:16,196,q49L6XRaiQs,2024-08-24T17:23:50Z,commit:777ac1af
Always On My Mind,"Amanda Shires, Bobbie Nelson",Loving You,,INDIFFERENT,3:55,235,gHgNj4kNEcE,2024-08-24T17:19:55Z,commit:777ac1af
Waltz Across Texas,"Amanda Shires, Bobbie Nelson",Loving You,,LIKE,2:48,168,-KyVMOLTCoI,2024-08-24T17:17:07Z,commit:777ac1af
Strictly Reserved for You (feat. Menahan Street Band),Charles Bradley,Victim of Love,False,INDIFFERENT,3:43,223,8eR2L-KQSi4,2024-08-24T17:13:24Z,commit:777ac1af
Sicily' Box (feat. Rocco Palladino),"Venna, Yussef Dayes, & Marco Bernardis",Sicily' Box,False,INDIFFERENT,4:06,246,w_a5mRbwr-o,2024-08-24T17:09:18Z,commit:777ac1af
Rome,Dojo Cuts,Tomorrow's Gonna Come,False,INDIFFERENT,3:39,219,MukcKY1PI4I,2024-08-24T17:05:39Z,commit:777ac1af
Like Yesterday,Monophonics,Like Yesterday,False,INDIFFERENT,4:12,252,iF3Fsdbuje0,2024-08-24T17:01:27Z,commit:777ac1af
Through the Mosaic,Tommy Guerrero,Amber of Memory,False,INDIFFERENT,4:18,258,QPJ9D0pc9ok,2024-08-24T16:57:09Z,commit:777ac1af
Fire (Reworked by Blackjoy),Thomas Naïm,Sounds of Jimi (Reworks),True,LIKE,4:58,298,NMw5wQp89g4,2024-08-24T16:52:11Z,commit:777ac1af
dancing,NEIL FRANCES,There Is No Neil Frances,False,INDIFFERENT,2:55,175,k7CMDzAabeY,2024-08-24T16:49:16Z,commit:777ac1af
Your Old Place,Pax,Because We're Old,False,INDIFFERENT,4:07,247,I-SNm5hk-PM,2024-08-24T16:45:09Z,commit:777ac1af
Good Time Charley's Got the Blues,Charley Crockett,Lil G.L.'s Blue Bonanza,False,INDIFFERENT,3:12,192,Z83DjsDM9oA,2024-08-24T16:41:57Z,commit:777ac1af
The Illusion,Ikebe Shakedown,Stone by Stone,False,INDIFFERENT,3:33,213,7O0_8sVzVts,2024-08-24T16:38:24Z,commit:777ac1af
Long in the Tooth,The Budos Band,Long in the Tooth,False,INDIFFERENT,3:42,222,US3eV4E8o2k,2024-08-24T16:34:42Z,commit:777ac1af
Mumbo Sugar,Arc De Soleil,Libertalia,False,INDIFFERENT,3:09,189,1FSPY3aYVEg,2024-08-24T16:31:33Z,commit:777ac1af
Dos Uvas,Pale Jay,Dos Uvas,False,INDIFFERENT,3:30,210,nfmuT82fL5Y,2024-08-24T16:28:03Z,commit:777ac1af
"High Tide, Storm Rising",Skinshape,"High Tide, Storm Rising",False,INDIFFERENT,3:57,237,2t1EiWjHFt8,2024-08-24T16:24:06Z,commit:777ac1af
"You Think I Don't Know (But I Know) (feat. Menahan Street Band, The Gospel Queens & The Sha La Das)",Charles Bradley,Changes,False,INDIFFERENT,3:28,208,LsfHoduFu4A,2024-08-24T16:20:38Z,commit:777ac1af
Ala Vida,El Michels Affair,Yeti Season (Deluxe Version),False,INDIFFERENT,3:53,233,UgLEeINmXBk,2024-08-24T16:16:45Z,commit:777ac1af
Tired of Fighting,Menahan Street Band,Make the Road By Walking,False,INDIFFERENT,3:32,212,F-OeFm6y384,2024-08-24T16:13:13Z,commit:777ac1af
Judgement Day,The Devil Makes Three,"Longjohns, Boots and a Belt",True,LIKE,3:16,196,EXggV8Ildh4,2024-08-24T16:09:57Z,commit:777ac1af
Gonna Write a Letter,Waylon Jennings,Black On Black,False,INDIFFERENT,2:39,159,1HJj9uz48QU,2024-08-24T16:07:18Z,commit:777ac1af
Freight train,Elizabeth Cotten,Freight Train and Other North Carolina Folk Songs and Tunes,,INDIFFERENT,2:46,166,If5ZGXKG9bw,2024-08-24T16:04:32Z,commit:777ac1af
Garden Song,John R. Miller,Service Engine,False,INDIFFERENT,3:14,194,hF5GH5BLTQI,2024-08-24T16:01:18Z,commit:777ac1af
Talk On Indolence,The Avett Brothers,Four Thieves Gone,False,INDIFFERENT,3:40,220,yYhhrXb2cSM,2024-08-24T15:57:38Z,commit:777ac1af
Caroline,Old Crow Medicine Show,Tennessee Pusher,False,INDIFFERENT,3:34,214,hJUV6vTekLY,2024-08-24T15:54:04Z,commit:777ac1af
Why You Been Gone So Long,Tony Rice,Native American,False,INDIFFERENT,3:23,203,xXoOU2D8vFc,2024-08-24T15:50:41Z,commit:777ac1af
While I'm Waiting Here,Billy Strings,Turmoil & Tinfoil,,INDIFFERENT,4:37,277,5wPaOycRfj0,2024-08-24T15:46:04Z,commit:777ac1af
Let It Ride,The Wooks,Glory Bound,False,INDIFFERENT,4:01,241,xtl80FWOueY,2024-08-24T15:42:03Z,commit:777ac1af
Harlan Road,Timmyty,Western Unplugged - Volume Two,False,INDIFFERENT,3:14,194,1RcJCiW0Imo,2024-08-24T15:38:49Z,commit:777ac1af
Harpers Ferry Moon,John R. Miller,Heat Comes Down,False,INDIFFERENT,4:03,243,9mYlG4-doGw,2024-08-24T15:34:46Z,commit:777ac1af
Insomnia Blues,John R. Miller,Heat Comes Down,True,LIKE,4:01,241,L1pRpcEhT0c,2024-08-24T15:30:45Z,commit:777ac1af
Manic Depression,The Jimi Hendrix Experience,Are You Experienced,False,INDIFFERENT,3:43,223,_OmzEQzaaU4,2024-08-24T15:27:02Z,commit:777ac1af
White Light/White Heat,The Velvet Underground,White Light / White Heat,True,LIKE,2:48,168,AJy0LP8iYPg,2024-08-24T15:24:14Z,commit:777ac1af
One More Time,Daft Punk,Discovery,,INDIFFERENT,5:21,321,fa5IWHDbftI,2024-08-24T15:18:53Z,commit:777ac1af
Matchbox,Carl Perkins,Deluxe: Greatest Hits - Carl Perkins,False,INDIFFERENT,2:11,131,OTA8m_luor4,2024-08-24T15:16:42Z,commit:777ac1af
Sat By A Tree,Dan Deacon,Mystic Familiar,False,INDIFFERENT,4:26,266,HQe-lZPrR8o,2024-08-24T15:12:16Z,commit:777ac1af
All Along the Watchtower,The Jimi Hendrix Experience,Smash Hits,False,INDIFFERENT,4:01,241,Jt-ysw-Dy58,2024-08-24T15:08:15Z,commit:777ac1af
Get It While You Can,The Infamous Stringdusters,The Infamous Stringdusters,False,INDIFFERENT,4:17,257,vCcjcWt0cf0,2024-08-24T15:03:58Z,commit:777ac1af
Beaumont Rag,The Tony Rice Unit,Unit Of Measure,False,INDIFFERENT,3:38,218,IRlUwaooWUE,2024-08-24T15:00:20Z,commit:777ac1af
The Man Who Would Speak True,Blitzen Trapper,Destroyer of the Void,False,INDIFFERENT,3:07,187,bvQMdOb79R4,2024-08-24T14:57:13Z,commit:777ac1af
"The Good, The Bad And The Home-Schooled",Jacob Jolliff,The Jacob Jolliff Band,,LIKE,4:41,281,AY8j4hYobrw,2024-08-24T14:52:32Z,commit:777ac1af
Everything Is Cool,John Prine,The Missing Years,False,INDIFFERENT,2:47,167,F0t7bBwtwwI,2024-08-24T14:49:45Z,commit:777ac1af
Are You Sure Hank Done It This Way,Waylon Jennings,Greatest Hits,True,LIKE,2:55,175,6PLPmmfeNd4,2024-08-24T14:46:50Z,commit:777ac1af
I've Been Everywhere,Johnny Cash,American II: Unchained,False,INDIFFERENT,3:17,197,mNj6spCtUE0,2024-08-24T14:43:33Z,commit:777ac1af
The Gambler,Kenny Rogers,The Gambler,False,INDIFFERENT,3:35,215,w4RvskuFnPY,2024-08-24T14:39:58Z,commit:777ac1af
Good Enough,Molly Tuttle,Rise,False,LIKE,2:55,175,4xhEawmV0lw,2024-08-24T14:37:03Z,commit:777ac1af
Graveyard,The Devil Makes Three,The Devil Makes Three,False,INDIFFERENT,3:26,206,K7FYQn6ou9Y,2024-08-24T14:33:37Z,commit:777ac1af
Drinkin' Whiskey Tonight,Pokey LaFarge,Middle of Everywhere,,LIKE,2:53,173,GWqjF81M5h4,2024-08-24T14:30:44Z,commit:777ac1af
Faster Horses (The Cowboy And The Poet),Tom T. Hall,"Tom T. Hall - Storyteller, Poet, Philosopher",False,INDIFFERENT,2:53,173,UD8ytadaNI8,2024-08-24T14:27:51Z,commit:777ac1af
Tumblin',The California Honeydrops,Tumblin',False,INDIFFERENT,3:45,225,OInpYs6Ri-I,2024-08-24T14:24:06Z,commit:777ac1af
Twist,Phish,Farmhouse,False,INDIFFERENT,3:25,205,tQkv_kniI9Q,2024-08-24T14:20:41Z,commit:777ac1af
Brittle,loscil,First Narrows,,INDIFFERENT,7:33,453,F3xOARtKKKg,2024-08-24T14:13:08Z,commit:777ac1af
Call to Arms,Sturgill Simpson,A Sailor's Guide to Earth,True,LIKE,5:30,330,VuiR4AtH1fc,2024-08-24T14:07:38Z,commit:777ac1af
Joseph's Dream,John Hartford,Nobody Knows What You Do,False,INDIFFERENT,4:25,265,7hTvyV7Qc-g,2024-08-24T14:03:13Z,commit:777ac1af
"Big River (Live at Boston Music Hall, November 30, 1973)",Grateful Dead,"Dick's Picks Vol. 14: Boston Music Hall, Boston, MA 11/30/73 & 12/2/73 (Live)",True,LIKE,5:31,331,VayOJSDDnPE,2024-08-24T13:57:42Z,commit:777ac1af
It's Gonna Be (Alright),Ween,The Mollusk,False,INDIFFERENT,3:18,198,mYAdOvq9tKc,2024-08-24T13:54:24Z,commit:777ac1af
Television Rules the Nation / Crescendolls,Daft Punk,Alive 2007,,INDIFFERENT,4:51,291,F6e2rM2-oLY,2024-08-24T13:49:33Z,commit:777ac1af
Whiskey In The Jar,"David Grisman, Jerry Garcia",Shady Grove,False,INDIFFERENT,4:16,256,Y2nkQQkjCU8,2024-08-24T13:45:17Z,commit:777ac1af
Y'all Come Back Saloon,The Oak Ridge Boys,Y'all Come Back Saloon,False,INDIFFERENT,2:56,176,sH_4dSOXj90,2024-08-24T13:42:21Z,commit:777ac1af
Blue Ridge Cabin Home,The Bluegrass Album Band,The Bluegrass Album,False,INDIFFERENT,3:12,192,fJhnPA_dAHU,2024-08-24T13:39:09Z,commit:777ac1af
On And On,Tony Rice,Tony Rice Plays And Sings Bluegrass,False,INDIFFERENT,3:08,188,CLG5yE99qmo,2024-08-24T13:36:01Z,commit:777ac1af
Hit Parade Of Love,Seldom Scene,Live At The Cellar Door,False,INDIFFERENT,3:18,198,QjjGEIgrWpA,2024-08-24T13:32:43Z,commit:777ac1af
Sun Is Setting in the Sea,"Inna de Yard, Winston McAnuff",Family Affair,False,INDIFFERENT,3:11,191,CWZFgkB4UBM,2024-08-24T13:29:32Z,commit:777ac1af
Cumbia Espacial,Ondatrópica,Ondatrópica,,INDIFFERENT,4:06,246,98TjsAKOMhY,2024-08-24T13:25:26Z,commit:777ac1af
Last Words,Pinnacle Sound & Sebastien -Sebdog- Daugas,Soul Medicine,False,INDIFFERENT,2:45,165,sdpf_1xrZDs,2024-08-24T13:22:41Z,commit:777ac1af
Perilous Game,"Jolly Joseph, Pinnacle Sound",Soul Medicine,False,INDIFFERENT,2:40,160,OXsVsdV3XVU,2024-08-24T13:20:01Z,commit:777ac1af
She A Di Best,"I Fi, Pinnacle Sound",Soul Medicine,False,INDIFFERENT,2:51,171,dg2FjtHiAPQ,2024-08-24T13:17:10Z,commit:777ac1af
Cowbell Skank,Pinnacle Sound,Soul Medicine,False,INDIFFERENT,0:30,30,PROobXTQcmc,2024-08-24T13:16:40Z,commit:777ac1af
Psalm 2,"Emanuel & The Bionites, Pinnacle Sound",Soul Medicine,False,INDIFFERENT,4:11,251,8yt-HQHeLuQ,2024-08-24T13:12:29Z,commit:777ac1af
She Does It Better,"Marcus I, Pinnacle Sound",Soul Medicine,False,INDIFFERENT,3:39,219,KGT0j9IOBHk,2024-08-24T13:08:50Z,commit:777ac1af
"Thankful (feat. Jr Thomas & The Volcanos, Jr Thomas & The Volcanos)",Pinnacle Sound,Soul Medicine,False,INDIFFERENT,2:52,172,6x3ZCE_9Wcc,2024-08-24T13:05:58Z,commit:777ac1af
I Can Do The Same,"Jolly Joseph, Pinnacle Sound",Soul Medicine,False,INDIFFERENT,3:26,206,d22Qrw7mHBc,2024-08-24T13:02:32Z,commit:777ac1af
Silence,"Marcus I, Pinnacle Sound",Soul Medicine,True,LIKE,3:14,194,30y8Xj5Izxg,2024-08-24T12:59:18Z,commit:777ac1af
Stay Alert,Pinnacle Sound,Soul Medicine,False,INDIFFERENT,0:38,38,tBjf3G9FMm0,2024-08-24T12:58:40Z,commit:777ac1af
Come On Board,Pinnacle Sound & Sebastien -Sebdog- Daugas,Soul Medicine,False,INDIFFERENT,2:44,164,IXfczuWkyXw,2024-08-24T12:55:56Z,commit:777ac1af
Menorah,"Emanuel & The Bionites, Pinnacle Sound",Soul Medicine,False,INDIFFERENT,3:43,223,v3f0ktFrDJM,2024-08-24T12:52:13Z,commit:777ac1af
Choices,"Marcus I, Pinnacle Sound",Soul Medicine,False,INDIFFERENT,2:44,164,ZEMLPnSWHos,2024-08-24T12:49:29Z,commit:777ac1af
20191011 You Made The Bed,Mac DeMarco,One Wayne G,,LIKE,2:14,134,_fNh0qgGf3s,2024-08-24T12:47:15Z,commit:777ac1af
One Toke Over the Line,Brewer & Shipley,One Toke Over The Line: The Best Of Brewer & Shipley,True,LIKE,3:20,200,L9HXClusp_E,2024-08-24T12:43:55Z,commit:777ac1af
Desperado,The Langley Schools Music Project,Innocence and Despair,,LIKE,3:36,216,2H9xirgRM2w,2024-08-24T12:40:19Z,commit:777ac1af
Easy Listening Ween -  Vol. 1 Compilation,"47K views, Matt",,,LIKE,1:19:02,4742,uj3MiS9t26U,2024-08-24T11:21:17Z,commit:777ac1af
Tulsa Time,The California Honeydrops,Covers from the Cave,,LIKE,3:11,191,jjbzeMCvzMQ,2024-08-24T11:18:06Z,commit:777ac1af
Cry For Me (OurVinyl Sessions),"OurVinyl, The California Honeydrops",The California Honeydrops | OurVinyl Sessions,True,LIKE,6:22,382,J217cOFyx_U,2024-08-24T11:11:44Z,commit:777ac1af
Tulsa Time,Don Williams,20 Greatest Hits,True,LIKE,3:13,193,KSRWuAxh9v0,2024-08-24T11:08:31Z,commit:777ac1af
You Never Can Tell,The California Honeydrops,You Never Can Tell,True,LIKE,4:39,279,V4yVOrQPsYM,2024-08-24T11:03:52Z,commit:777ac1af
"Brown Noise - Perfect for Sleep, Study And Focus - Black Screen | Relaxing Sound In 24H","1.4M views, BEST SLEEP NOISE",,,LIKE,24:00:08,86408,3ZQLdo1dR8Q,2024-08-23T11:03:44Z,commit:777ac1af
Money Is The Meat In The Coconut,David Rawlings,Poor David's Almanack,,LIKE,2:23,143,vwe5K642jTo,2024-08-23T11:01:21Z,commit:777ac1af
The Theme,The Clark McLane Band,Commonfolk,,LIKE,1:18,78,9Ll97FLz9_0,2024-08-23T11:00:03Z,commit:777ac1af
Don't Pass Me By,"Ringo Starr, Vandaveer",Give More Love,True,LIKE,3:38,218,PK97gG0WXsc,2024-08-23T10:56:25Z,commit:777ac1af
All Together for the Taking,Vandaveer,A Minor Spell,True,LIKE,5:19,319,3mdqL2u6lj8,2024-08-23T10:51:06Z,commit:777ac1af
Listen To The Radio,"Billy Strings, Molly Tuttle",Listen To The Radio,False,INDIFFERENT,4:01,241,bwGBHuUSgrM,2024-08-23T10:47:05Z,commit:777ac1af
Summer Lens,John R. Miller,Heat Comes Down,False,INDIFFERENT,3:23,203,uxzLZ0WHKFk,2024-08-23T10:43:42Z,commit:777ac1af
Like A Summer Thursday,Townes Van Zandt,Our Mother The Mountain,False,INDIFFERENT,3:05,185,NR-mpaRROz8,2024-08-23T10:40:37Z,commit:777ac1af
Gentle On My Mind,John Hartford,RCA Country Legends: John Hartford,False,INDIFFERENT,3:03,183,7AMJe4TwH8E,2024-08-23T10:37:34Z,commit:777ac1af
I Cast a Lonesome Shadow,Charley Crockett,Lil G.L.'s Honky Tonk Jubilee,False,INDIFFERENT,3:07,187,ImddTISXBGA,2024-08-23T10:34:27Z,commit:777ac1af
Don't Be a Stranger,Blitzen Trapper,VII,False,INDIFFERENT,3:25,205,hEMVCry00mE,2024-08-23T10:31:02Z,commit:777ac1af
The Late John Garfield Blues,John Prine,Diamonds in the Rough,False,INDIFFERENT,3:07,187,vXqWdF0L4F4,2024-08-23T10:27:55Z,commit:777ac1af
I'm Holding You,Ween,12 Golden Country Greats,,LIKE,4:03,243,YzTbyJaFmIw,2024-08-23T10:23:52Z,commit:777ac1af
Hallelu,The Devil Makes Three,I'm a Stranger Here (Deluxe),False,INDIFFERENT,2:36,156,Kd2yr73SEzI,2024-08-23T10:21:16Z,commit:777ac1af
Real Low Down Lonesome,"Early James, Sierra Ferrell",Real Low Down Lonesome,False,INDIFFERENT,4:30,270,WDNvttys-m8,2024-08-23T10:16:46Z,commit:777ac1af
Smokestacks On The Skyline,John R. Miller,Heat Comes Down,False,INDIFFERENT,3:15,195,uIFP8mwb-fc,2024-08-23T10:13:31Z,commit:777ac1af
Insomnia Blues,John R. Miller,Heat Comes Down,True,LIKE,4:01,241,L1pRpcEhT0c,2024-08-23T10:09:30Z,commit:777ac1af
Tears Stupid Tears,Nick Shoulders,Lonely Like Me,False,INDIFFERENT,3:26,206,ejlRrtETp68,2024-08-23T10:06:04Z,commit:777ac1af
Crumbling Pie,John R. Miller,Heat Comes Down,False,INDIFFERENT,4:15,255,c_B0zpr22oo,2024-08-23T10:01:49Z,commit:777ac1af
"Playing in the Band (1) [Live, February, 1978] (1; Live, February, 1978)",Grateful Dead,"Dick's Picks Vol. 18: Dane County Coliseum, Madison, WI 2/3/78 / UNI-Dome, University of Iowa, Cedar Falls, IA 2/5/78 (Live)",False,INDIFFERENT,24:36,1476,cMsADxcbSkA,2024-08-23T09:37:13Z,commit:777ac1af
Eyes of the World (Live February 1978),Grateful Dead,"Dick's Picks Vol. 18: Dane County Coliseum, Madison, WI 2/3/78 / UNI-Dome, University of Iowa, Cedar Falls, IA 2/5/78 (Live)",False,INDIFFERENT,14:38,878,_dXf7QuuXik,2024-08-23T09:22:35Z,commit:777ac1af
Estimated Prophet (Live February 1978),Grateful Dead,"Dick's Picks Vol. 18: Dane County Coliseum, Madison, WI 2/3/78 / UNI-Dome, University of Iowa, Cedar Falls, IA 2/5/78 (Live)",False,INDIFFERENT,12:17,737,Uauhqfu0raA,2024-08-23T09:10:18Z,commit:777ac1af
"The Music Never Stopped (Live February, 1978)",Grateful Dead,"Dick's Picks Vol. 18: Dane County Coliseum, Madison, WI 2/3/78 / UNI-Dome, University of Iowa, Cedar Falls, IA 2/5/78 (Live)",False,INDIFFERENT,8:07,487,yYddDcjRSbk,2024-08-23T09:02:11Z,commit:777ac1af
Deal (Live February 1978),Grateful Dead,"Dick's Picks Vol. 18: Dane County Coliseum, Madison, WI 2/3/78 / UNI-Dome, University of Iowa, Cedar Falls, IA 2/5/78 (Live)",False,INDIFFERENT,6:35,395,K9u8ynKtUSs,2024-08-23T08:55:36Z,commit:777ac1af
"Passenger (Live, February, 1978)",Grateful Dead,"Dick's Picks Vol. 18: Dane County Coliseum, Madison, WI 2/3/78 / UNI-Dome, University of Iowa, Cedar Falls, IA 2/5/78 (Live)",False,INDIFFERENT,5:41,341,j6Xf8PqRajU,2024-08-23T08:49:55Z,commit:777ac1af
Brown-Eyed Women (Live February 1978),Grateful Dead,"Dick's Picks Vol. 18: Dane County Coliseum, Madison, WI 2/3/78 / UNI-Dome, University of Iowa, Cedar Falls, IA 2/5/78 (Live)",False,INDIFFERENT,5:35,335,_EcJ5np8_io,2024-08-23T08:44:20Z,commit:777ac1af
"Looks like Rain (Live, February, 1978)",Grateful Dead,"Dick's Picks Vol. 18: Dane County Coliseum, Madison, WI 2/3/78 / UNI-Dome, University of Iowa, Cedar Falls, IA 2/5/78 (Live)",False,INDIFFERENT,8:00,480,5TNHlE8FlSg,2024-08-23T08:36:20Z,commit:777ac1af
Dupree's Diamond Blues (Live February 1978),Grateful Dead,"Dick's Picks Vol. 18: Dane County Coliseum, Madison, WI 2/3/78 / UNI-Dome, University of Iowa, Cedar Falls, IA 2/5/78 (Live)",False,INDIFFERENT,4:38,278,9gplAhBLTqM,2024-08-23T08:31:42Z,commit:777ac1af
It's All over Now (Live February 1978),Grateful Dead,"Dick's Picks Vol. 18: Dane County Coliseum, Madison, WI 2/3/78 / UNI-Dome, University of Iowa, Cedar Falls, IA 2/5/78 (Live)",False,INDIFFERENT,7:40,460,iaaClQpneGA,2024-08-23T08:24:02Z,commit:777ac1af
They Love Each Other (Live February 1978),Grateful Dead,"Dick's Picks Vol. 18: Dane County Coliseum, Madison, WI 2/3/78 / UNI-Dome, University of Iowa, Cedar Falls, IA 2/5/78 (Live)",False,INDIFFERENT,7:43,463,drc-osk63ds,2024-08-23T08:16:19Z,commit:777ac1af
"New Minglewood Blues (Live, February, 1978)",Grateful Dead,"Dick's Picks Vol. 18: Dane County Coliseum, Madison, WI 2/3/78 / UNI-Dome, University of Iowa, Cedar Falls, IA 2/5/78 (Live)",False,INDIFFERENT,5:42,342,1xNXtZJNg4o,2024-08-23T08:10:37Z,commit:777ac1af
Cold Rain and Snow (Live February 1978),Grateful Dead,"Dick's Picks Vol. 18: Dane County Coliseum, Madison, WI 2/3/78 / UNI-Dome, University of Iowa, Cedar Falls, IA 2/5/78 (Live)",False,INDIFFERENT,6:18,378,bkS0_a3XPQM,2024-08-23T08:04:19Z,commit:777ac1af
"Good Lovin' (Live, February, 1978)",Grateful Dead,"Dick's Picks Vol. 18: Dane County Coliseum, Madison, WI 2/3/78 / UNI-Dome, University of Iowa, Cedar Falls, IA 2/5/78 (Live)",False,INDIFFERENT,6:15,375,CBhbdTaXz2I,2024-08-23T07:58:04Z,commit:777ac1af
"Bertha (Live, February, 1978)",Grateful Dead,"Dick's Picks Vol. 18: Dane County Coliseum, Madison, WI 2/3/78 / UNI-Dome, University of Iowa, Cedar Falls, IA 2/5/78 (Live)",False,INDIFFERENT,6:43,403,KLZ15OjMtE4,2024-08-23T07:51:21Z,commit:777ac1af
Ways & Means,Vandaveer,A Minor Spell,False,INDIFFERENT,5:05,305,E6_QrINbHcs,2024-08-23T07:46:16Z,commit:777ac1af
All Together for the Taking,Vandaveer,A Minor Spell,True,LIKE,5:19,319,3mdqL2u6lj8,2024-08-23T07:40:57Z,commit:777ac1af
Good Morning,Vandaveer,A Minor Spell,False,INDIFFERENT,4:22,262,qojbDLZTvkY,2024-08-23T07:36:35Z,commit:777ac1af
Everything Is Spinning,Vandaveer,A Minor Spell,False,INDIFFERENT,4:30,270,jeWA4HEXXKo,2024-08-23T07:32:05Z,commit:777ac1af
The Waking Hour (A Minor Spell),Vandaveer,A Minor Spell,False,INDIFFERENT,4:03,243,j5v7ICQQtLQ,2024-08-23T07:28:02Z,commit:777ac1af
Beverly Cleary's 115th Dream,Vandaveer,Divide & Conquer,False,INDIFFERENT,5:18,318,I-If6taACxQ,2024-08-23T07:22:44Z,commit:777ac1af
The Sound & The Fury,Vandaveer,Divide & Conquer,False,INDIFFERENT,5:07,307,OpLeRY6NIhA,2024-08-23T07:17:37Z,commit:777ac1af
Long Lost Cause,Vandaveer,Divide & Conquer,False,INDIFFERENT,2:49,169,tGvB35TFilY,2024-08-23T07:14:48Z,commit:777ac1af
Before The Great War,Vandaveer,Divide & Conquer,False,INDIFFERENT,3:51,231,Tu57cSmbN-A,2024-08-23T07:10:57Z,commit:777ac1af
Turpentine,Vandaveer,Divide & Conquer,False,INDIFFERENT,4:32,272,O44BWetxQXI,2024-08-23T07:06:25Z,commit:777ac1af
Woolgathering,Vandaveer,Divide & Conquer,False,INDIFFERENT,2:40,160,ey6ae5lWvEU,2024-08-23T07:03:45Z,commit:777ac1af
A Mighty Leviathan Of Old,Vandaveer,Divide & Conquer,False,INDIFFERENT,4:44,284,6EkyHMwAFSE,2024-08-23T06:59:01Z,commit:777ac1af
Resurrection Mary,Vandaveer,Divide & Conquer,False,INDIFFERENT,4:15,255,mPny4Ye_Dss,2024-08-23T06:54:46Z,commit:777ac1af
Fistful Of Swoon,Vandaveer,Divide & Conquer,True,LIKE,4:28,268,-484ZOGPWwU,2024-08-23T06:50:18Z,commit:777ac1af
Divide & Conquer,Vandaveer,Divide & Conquer,False,INDIFFERENT,4:38,278,xy5jMDMK_f8,2024-08-23T06:45:40Z,commit:777ac1af
In The Pines,Bill Monroe & The Bluegrass Boys,Anthology,False,INDIFFERENT,3:11,191,hDKtZ54D7yQ,2024-08-23T06:42:29Z,commit:777ac1af
Roman Candle,Vandaveer,Grace & Speed,False,INDIFFERENT,4:10,250,DqeEG3wTElo,2024-08-23T06:38:19Z,commit:777ac1af
Parasites & Ghosts,Vandaveer,Grace & Speed,False,INDIFFERENT,3:22,202,P5DLWv-D138,2024-08-23T06:34:57Z,commit:777ac1af
2nd Best,Vandaveer,Grace & Speed,False,INDIFFERENT,3:20,200,rpm0qy20LAA,2024-08-23T06:31:37Z,commit:777ac1af
Different Cities,Vandaveer,Grace & Speed,False,INDIFFERENT,3:16,196,UW0uLZyI4Jw,2024-08-23T06:28:21Z,commit:777ac1af
Crooked Mast,Vandaveer,Grace & Speed,False,INDIFFERENT,3:17,197,qsqWVCjSaxE,2024-08-23T06:25:04Z,commit:777ac1af
Out Past The Moat,Vandaveer,Grace & Speed,False,INDIFFERENT,1:40,100,TgXUGmAzLSI,2024-08-23T06:23:24Z,commit:777ac1af
The Streets Is Full Of Creeps,Vandaveer,Grace & Speed,False,INDIFFERENT,3:59,239,hCeEVw-PpF4,2024-08-23T06:19:25Z,commit:777ac1af
Grace & Speed,Vandaveer,Grace & Speed,False,INDIFFERENT,3:36,216,cZ9gFRwzSxE,2024-08-23T06:15:49Z,commit:777ac1af
"Marianne, You've Done It Now",Vandaveer,Grace & Speed,False,INDIFFERENT,4:58,298,U3GPcMMtIHI,2024-08-23T06:10:51Z,commit:777ac1af
However Many Takes It Takes,Vandaveer,Grace & Speed,False,INDIFFERENT,2:32,152,9gFTgrdrZ4M,2024-08-23T06:08:19Z,commit:777ac1af
Don't Pass Me By,"Ringo Starr, Vandaveer",Give More Love,True,LIKE,3:38,218,PK97gG0WXsc,2024-08-23T06:04:41Z,commit:777ac1af
Spite,Vandaveer,Dig Down Deep,True,LIKE,2:40,160,EQH5IhBfWUk,2024-08-23T06:02:01Z,commit:777ac1af
Omie Wise,Vandaveer,"Oh, Willie, Please...",,INDIFFERENT,4:46,286,AjgpPqG7v1E,2024-08-23T05:57:15Z,commit:777ac1af
Henry Lee,Vandaveer,"Oh, Willie, Please...",,INDIFFERENT,4:35,275,jca3aKmFkC8,2024-08-23T05:52:40Z,commit:777ac1af
Nobody Has To Know Your Mind,John R. Miller,Heat Comes Down,False,INDIFFERENT,4:54,294,ivk6KfR6hAY,2024-08-23T05:47:46Z,commit:777ac1af
"Conspiracies, Cults & UFOs",John R. Miller,"Conspiracies, Cults & UFOs",,LIKE,2:53,173,dTc_IQiUXtI,2024-08-23T05:44:53Z,commit:777ac1af
Freedom,Billy Strings,"2023/05/12 Morrison, CO",,INDIFFERENT,3:08,188,2SGG48X8jNQ,2024-08-23T05:41:45Z,commit:777ac1af
Katy Daly,Billy Strings,"2023/05/12 Morrison, CO",,INDIFFERENT,5:17,317,Jujkyzjc_do,2024-08-23T05:36:28Z,commit:777ac1af
Turmoil and Tinfoil,Billy Strings,"2023/05/12 Morrison, CO",,INDIFFERENT,18:34,1114,bZDbEEMUoEk,2024-08-23T05:17:54Z,commit:777ac1af
Tipper,Billy Strings,"2023/05/12 Morrison, CO",,INDIFFERENT,3:57,237,pEQvxd0PXLI,2024-08-23T05:13:57Z,commit:777ac1af
Cabin Song,Billy Strings,"2023/05/12 Morrison, CO",,INDIFFERENT,3:45,225,lrcd8nMy0mk,2024-08-23T05:10:12Z,commit:777ac1af
This Old World,Billy Strings,"2023/05/12 Morrison, CO",,INDIFFERENT,4:07,247,fRvaiuACnxw,2024-08-23T05:06:05Z,commit:777ac1af
Elderly Woman Behind The Counter In A Small Town,Billy Strings,"2023/05/12 Morrison, CO",,INDIFFERENT,3:08,188,WEAZqym3kWU,2024-08-23T05:02:57Z,commit:777ac1af
Heartbeat Of America,Billy Strings,"2023/05/12 Morrison, CO",,INDIFFERENT,9:33,573,IxrbHOpaAB0,2024-08-23T04:53:24Z,commit:777ac1af
Brown's Ferry Blues,Billy Strings,"2023/05/12 Morrison, CO",,INDIFFERENT,4:17,257,H70pr02Ax9k,2024-08-23T04:49:07Z,commit:777ac1af
Catch and Release,Billy Strings,"2023/05/12 Morrison, CO",,INDIFFERENT,2:38,158,4wp5N_fZxeI,2024-08-23T04:46:29Z,commit:777ac1af
Secrets,Billy Strings,"2023/05/12 Morrison, CO",,INDIFFERENT,4:30,270,ZVETaJeE5W8,2024-08-23T04:41:59Z,commit:777ac1af
Show Me The Door,Billy Strings,"2023/05/12 Morrison, CO",,INDIFFERENT,5:52,352,A42tVCBhQxM,2024-08-23T04:36:07Z,commit:777ac1af
Meet Me at the Creek,Billy Strings,"2023/05/12 Morrison, CO",,INDIFFERENT,20:10,1210,Rddf3JJAg-4,2024-08-23T04:15:57Z,commit:777ac1af
Slow Train,Billy Strings,"2023/05/12 Morrison, CO",,INDIFFERENT,4:20,260,DJy69045Rb0,2024-08-23T04:11:37Z,commit:777ac1af
Train Intro,Billy Strings,"2023/05/12 Morrison, CO",,INDIFFERENT,0:57,57,B9OyEpD_sxc,2024-08-23T04:10:40Z,commit:777ac1af
Know It All,Billy Strings,"2023/05/12 Morrison, CO",,INDIFFERENT,3:20,200,CBFJ0YG9W_E,2024-08-23T04:07:20Z,commit:777ac1af
End Of The Rainbow,Billy Strings,"2023/05/12 Morrison, CO",,INDIFFERENT,8:54,534,k5sbpwPffLY,2024-08-23T03:58:26Z,commit:777ac1af
My Alice,Billy Strings,"2023/05/12 Morrison, CO",,INDIFFERENT,4:11,251,MIHONe6Wrx4,2024-08-23T03:54:15Z,commit:777ac1af
Dust In A Baggie,Billy Strings,"2023/05/12 Morrison, CO",,INDIFFERENT,3:52,232,v_DR26Yxjbs,2024-08-23T03:50:23Z,commit:777ac1af
Four Sticks,Billy Strings,"2023/05/12 Morrison, CO",,INDIFFERENT,5:15,315,ljorXkhDdOo,2024-08-23T03:45:08Z,commit:777ac1af
A Letter to Seymour,Billy Strings,"2023/05/12 Morrison, CO",,INDIFFERENT,7:52,472,oU4PURWe-Ms,2024-08-23T03:37:16Z,commit:777ac1af
Must Be Seven,Billy Strings,"2023/05/12 Morrison, CO",,INDIFFERENT,3:31,211,cdW8IkyzlMQ,2024-08-23T03:33:45Z,commit:777ac1af
Pyramid Country,Billy Strings,"2023/05/12 Morrison, CO",,INDIFFERENT,12:35,755,Q6irpKGJNDA,2024-08-23T03:21:10Z,commit:777ac1af
Clay Pigeons,Michael Cera,True That,True,LIKE,3:05,185,C5UdjCGi8sY,2024-08-23T03:18:05Z,commit:777ac1af
"I'll Remember You, Love, In My Prayers",Billy Strings,"2023/05/12 Morrison, CO",,INDIFFERENT,3:55,235,jJHIKdu2n7Y,2024-08-23T03:14:10Z,commit:777ac1af
Red Daisy,Billy Strings,"2023/05/12 Morrison, CO",,INDIFFERENT,2:34,154,QqTsCngWkTs,2024-08-23T03:11:36Z,commit:777ac1af
If Your Hair's Too Long (There's Sin In Your Heart),Billy Strings,"2023/05/12 Morrison, CO",,INDIFFERENT,4:05,245,TyN01LeL8Qc,2024-08-23T03:07:31Z,commit:777ac1af
Heron,Jon Hopkins,Piano Versions,False,INDIFFERENT,4:06,246,_c-M8e48ew0,2024-08-23T03:03:25Z,commit:777ac1af
Third,Hiatus,Third EP,False,INDIFFERENT,4:47,287,yygOWiW2f44,2024-08-23T02:58:38Z,commit:777ac1af
Anthem,Emancipator,Soon It Will Be Cold Enough,,INDIFFERENT,5:40,340,4KPw0EhUWA8,2024-08-23T02:52:58Z,commit:777ac1af
Sapphire,Bonobo,The North Borders,,INDIFFERENT,4:48,288,pILWyqldTmc,2024-08-23T02:48:10Z,commit:777ac1af
Oracolo,Skinshape,Oracolo,False,INDIFFERENT,4:15,255,rd-4azHfOkM,2024-08-23T02:43:55Z,commit:777ac1af
Endless,Portico Quartet,Art in the Age of Automation,False,INDIFFERENT,4:26,266,sc-sc9ewn14,2024-08-23T02:39:29Z,commit:777ac1af
Alone in Kyoto,Air,Talkie Walkie,False,INDIFFERENT,4:51,291,I0SVd_Q5wIg,2024-08-23T02:34:38Z,commit:777ac1af
All In Forms,Bonobo,Black Sands,False,INDIFFERENT,4:52,292,cV7RIiDyqT0,2024-08-23T02:29:46Z,commit:777ac1af
Bridges,Koresma,Bridges,True,LIKE,3:42,222,DGSCbrPS7yY,2024-08-23T02:26:04Z,commit:777ac1af
"Over There, It's Raining",Nils Frahm,Spaces,,INDIFFERENT,3:07,187,JZq7NaICfH4,2024-08-23T02:22:57Z,commit:777ac1af
Offal Waffle,Little People,"DJ Central, Vol. 17",False,INDIFFERENT,3:17,197,2dC3pmpxsnE,2024-08-23T02:19:40Z,commit:777ac1af
Adrift,Tycho,Dive,False,INDIFFERENT,6:02,362,HJcW-K-G0fg,2024-08-23T02:13:38Z,commit:777ac1af
Nights Introlude,Nightmares on Wax,Smokers Delight (Digital Deluxe),False,INDIFFERENT,4:41,281,U38iLLjWw0c,2024-08-23T02:08:57Z,commit:777ac1af
Stay The Same (feat. Andreya Triana),Bonobo,Black Sands,False,INDIFFERENT,4:45,285,dQWGCUnImWs,2024-08-23T02:04:12Z,commit:777ac1af
Soon It Will Be Cold Enough to Build Fires,Emancipator,Soon It Will Be Cold Enough,,INDIFFERENT,3:00,180,XvG7Iukpq78,2024-08-23T02:01:12Z,commit:777ac1af
Lost In Thought,Jon Hopkins,Opalescent,False,INDIFFERENT,6:17,377,NT1aFEDdAQU,2024-08-23T01:54:55Z,commit:777ac1af
Walk On Boy,"Billy Strings, Don Julin",Fiddle Tune X,,INDIFFERENT,3:41,221,mXIDWr-EAgo,2024-08-23T01:51:14Z,commit:777ac1af
20210217 Scarecrow,Mac DeMarco,One Wayne G,,INDIFFERENT,3:25,205,sY2D3oqVx8k,2024-08-23T01:47:49Z,commit:777ac1af
Uninvisible,Medeski Martin & Wood,Uninvisible,False,INDIFFERENT,3:38,218,N5kYgB4DDw4,2024-08-23T01:44:11Z,commit:777ac1af
Ain't Nobody Gonna Miss Me When I'm Gone,Tony Rice,Tony Rice Plays And Sings Bluegrass,False,INDIFFERENT,2:52,172,tSW6PHdN7dY,2024-08-23T01:41:19Z,commit:777ac1af
Native Son,The Devil Makes Three,Chains Are Broken,False,INDIFFERENT,3:11,191,VOYe4UqT2oM,2024-08-23T01:38:08Z,commit:777ac1af
Howard Hughes' Blues,Wood & Wire,"The Woodshed Sessions, Vol. 2",,LIKE,3:25,205,d1xHusoNg3s,2024-08-23T01:34:43Z,commit:777ac1af
Help Me Scrape the Mucus off My Brain,Ween,12 Golden Country Greats,,INDIFFERENT,2:46,166,vA9B4VU8FlM,2024-08-23T01:31:57Z,commit:777ac1af
Our Life's Work,Chuck Darwin and The Knuckledraggers,Three Car Pileup,,LIKE,2:35,155,p2iKO2q8_8g,2024-08-23T01:29:22Z,commit:777ac1af
Do Right Woman,Chuck Darwin and The Knuckledraggers,Three Car Pileup,,INDIFFERENT,3:29,209,EO7Q5fB9NoU,2024-08-23T01:25:53Z,commit:777ac1af
Levi,Old Crow Medicine Show,Carry Me Back,False,INDIFFERENT,2:51,171,82Ms-xjJYKI,2024-08-23T01:23:02Z,commit:777ac1af
In The Pines,Bill Monroe & The Bluegrass Boys,Anthology,False,INDIFFERENT,3:11,191,hDKtZ54D7yQ,2024-08-23T01:19:51Z,commit:777ac1af
Fistful Of Swoon,Vandaveer,Divide & Conquer,True,LIKE,4:28,268,-484ZOGPWwU,2024-08-23T01:15:23Z,commit:777ac1af
Henry Lee,Vandaveer,"Oh, Willie, Please...",,INDIFFERENT,4:35,275,jca3aKmFkC8,2024-08-23T01:10:48Z,commit:777ac1af
Shady Grove,Doc Watson,Good Deal!,False,INDIFFERENT,2:59,179,I0f-dCMSVKQ,2024-08-23T01:07:49Z,commit:777ac1af
Poor Edward,Vandaveer,"Oh, Willie, Please...",,INDIFFERENT,3:32,212,xpOE5IMCbrY,2024-08-23T01:04:17Z,commit:777ac1af
The Drunkard's Doom,Vandaveer,"Oh, Willie, Please...",,LIKE,4:23,263,u2mUbfYtLLw,2024-08-23T00:59:54Z,commit:777ac1af
Down In The Willow Garden,Vandaveer,"Oh, Willie, Please...",,INDIFFERENT,3:35,215,YxZxe2D53MY,2024-08-23T00:56:19Z,commit:777ac1af
The Knoxville Girl,Vandaveer,"Oh, Willie, Please...",,INDIFFERENT,5:19,319,G1beP4Jy6os,2024-08-23T00:51:00Z,commit:777ac1af
Mary Of The Wild Moor,Vandaveer,"Oh, Willie, Please...",,LIKE,3:29,209,h3c3DWJmg4w,2024-08-23T00:47:31Z,commit:777ac1af
The Murder Of The Lawson Family,Vandaveer,"Oh, Willie, Please...",,INDIFFERENT,3:14,194,0gCd3cT7AJE,2024-08-23T00:44:17Z,commit:777ac1af
The Railroad Boy,Vandaveer,"Oh, Willie, Please...",,INDIFFERENT,4:13,253,pVLCWMjbefI,2024-08-23T00:40:04Z,commit:777ac1af
Omie Wise,Vandaveer,"Oh, Willie, Please...",,INDIFFERENT,4:46,286,AjgpPqG7v1E,2024-08-23T00:35:18Z,commit:777ac1af
Pretty Polly,Vandaveer,"Oh, Willie, Please...",,INDIFFERENT,3:49,229,9Sejo_rSr0Y,2024-08-23T00:31:29Z,commit:777ac1af
The Banks Of The Ohio,Vandaveer,"Oh, Willie, Please...",,INDIFFERENT,4:04,244,rf8ckGk0Yt4,2024-08-23T00:27:25Z,commit:777ac1af
Knoxville Girl,The Virginia Mountain Boys,"The Virginia Mountain Boys, Vol. 2: Bluegrass String Band",False,INDIFFERENT,3:26,206,BmUwV4jppOE,2024-08-23T00:23:59Z,commit:777ac1af
Knoxville Girl (The Original Album),The Louvin Brothers,Tragic Songs of Life,,LIKE,3:50,230,CQCHV0CtDNc,2024-08-23T00:20:09Z,commit:777ac1af
Walk On Boy,Doc Watson,Southbound,False,INDIFFERENT,3:24,204,I9A8hgWuDnw,2024-08-23T00:16:45Z,commit:777ac1af
Country Squire,Tyler Childers,Country Squire,,LIKE,3:22,202,KYIav77fPsA,2024-08-23T00:13:23Z,commit:777ac1af
I Hear Them All,Old Crow Medicine Show,Best Of,False,INDIFFERENT,3:07,187,VZBZ-EHA6Q8,2024-08-23T00:10:16Z,commit:777ac1af
Strangers (2020 Stereo Remaster),The Kinks,"Lola Versus Powerman and the Moneygoround, Pt. 1",False,INDIFFERENT,3:22,202,p9TD5qn3fm4,2024-08-23T00:06:54Z,commit:777ac1af
Welcome to Hard Times,Charley Crockett,Welcome to Hard Times,False,INDIFFERENT,3:06,186,rdIbTjWr_JQ,2024-08-23T00:03:48Z,commit:777ac1af
Press On,John R. Miller,Heat Comes Down,True,LIKE,3:38,218,F8G-Spade6A,2024-08-23T00:00:10Z,commit:777ac1af
Harpers Ferry Moon,John R. Miller,Heat Comes Down,False,INDIFFERENT,4:03,243,9mYlG4-doGw,2024-08-22T23:56:07Z,commit:777ac1af
Something In The Water,Pokey LaFarge,Something In The Water,False,INDIFFERENT,3:24,204,eOJIBXMPcf0,2024-08-22T23:52:43Z,commit:777ac1af
I'm A Pilgrim,Golden Gate Jubilee Quartet,Golden Gate Quartet Vol. 3 (1939),,LIKE,3:16,196,rx_36v32Jew,2024-08-22T23:49:27Z,commit:777ac1af
Taking A Chance On Love,Benny Goodman,Best Of The Big Bands,False,INDIFFERENT,3:09,189,OS9KT4jpNDw,2024-08-22T23:46:18Z,commit:777ac1af
I'm Gonna Sit Right Down and Write Myself a Letter,Fats Waller,"If You Got To Ask, You Ain't Got It!",False,INDIFFERENT,3:30,210,f8SB0-BV4r0,2024-08-22T23:42:48Z,commit:777ac1af
"Excuse Me, I Think I've Got a Heartache",CAKE,b-sides and rarities,True,LIKE,2:21,141,p1wSbJxjMFM,2024-08-22T23:40:27Z,commit:777ac1af
Two Left Hands,Freddie Slack And His Orchestra,Freddie Slack - Best Of The Capitol Years,False,INDIFFERENT,3:01,181,Y7O8-G8JtTs,2024-08-22T23:37:26Z,commit:777ac1af
Rollin' On,The Wood Brothers,Heart is the Hero,False,INDIFFERENT,4:09,249,1W7L-_VZ5sA,2024-08-22T23:33:17Z,commit:777ac1af
Calypso King,The Atomic Fireballs,Torch This Place,False,INDIFFERENT,2:45,165,SItcYtG66eM,2024-08-22T23:30:32Z,commit:777ac1af
"Honey, Sugar",The California Honeydrops,"Just One More, and Then Some",False,INDIFFERENT,3:38,218,j-SoOJkU0NA,2024-08-22T23:26:54Z,commit:777ac1af
California Sober (feat. Willie Nelson),Billy Strings,California Sober,True,LIKE,3:51,231,AmxvLgvc8IE,2024-08-22T23:23:03Z,commit:777ac1af
Daniel Saw The Stone (Negro-Spiritual),"The Golden Gate Quartet & Clyde Riddick, Clyde Wright, J. Caleb Ginyard, Orlando Wilson","""Serie All Stars Music"" Nº 039 Exclusive Remastered From Original Vinyl First Edition (Vintage Lps) ""Negro - Spirituals"" ""Gospel""",True,LIKE,2:21,141,UdN9B7UVkYs,2024-08-22T23:20:42Z,commit:777ac1af
Western Union,Foghorn Stringband,Outshine the Sun,,INDIFFERENT,2:17,137,NhDMQ4K2IDQ,2024-08-22T23:18:25Z,commit:777ac1af
Come All You Virginia Girl,Foghorn Stringband,Outshine the Sun,,INDIFFERENT,3:07,187,jiUtgW0TdD0,2024-08-22T23:15:18Z,commit:777ac1af
Sweeter Than the Flowers,Foghorn Stringband,Outshine the Sun,,INDIFFERENT,3:02,182,4wR53QhQnXU,2024-08-22T23:12:16Z,commit:777ac1af
Horseshoe Bend,Foghorn Stringband,Outshine the Sun,,INDIFFERENT,2:46,166,1x1-_fBV57A,2024-08-22T23:09:30Z,commit:777ac1af
Going Home,Foghorn Stringband,Outshine the Sun,,INDIFFERENT,3:06,186,i4M_GIy6akU,2024-08-22T23:06:24Z,commit:777ac1af
Salty River Reel,Foghorn Stringband,Outshine the Sun,,INDIFFERENT,2:23,143,PF4ELW_vzcQ,2024-08-22T23:04:01Z,commit:777ac1af
Homestead On the Farm,Foghorn Stringband,Outshine the Sun,,INDIFFERENT,2:26,146,-0udWD0ITmU,2024-08-22T23:01:35Z,commit:777ac1af
Humpback Mule,Foghorn Stringband,Outshine the Sun,,INDIFFERENT,2:08,128,IS9n4orYw-E,2024-08-22T22:59:27Z,commit:777ac1af
Be Kind to a Man While He's Down,Foghorn Stringband,Outshine the Sun,,INDIFFERENT,2:47,167,OTMXwCu11vs,2024-08-22T22:56:40Z,commit:777ac1af
Sow 'Em On The Mountain,Foghorn Stringband,Reap What You Sow,,INDIFFERENT,4:37,277,ut_UqpmZ0j4,2024-08-22T22:52:03Z,commit:777ac1af
Cluck Old Hen,Foghorn Stringband,Reap What You Sow,,INDIFFERENT,2:18,138,CmetewA06C0,2024-08-22T22:49:45Z,commit:777ac1af
Nobody's Darling,Foghorn Stringband,Reap What You Sow,,INDIFFERENT,3:27,207,IgC05LmkaZY,2024-08-22T22:46:18Z,commit:777ac1af
Turkey Tracks,Foghorn Stringband,Reap What You Sow,,INDIFFERENT,2:33,153,vS1GJ3Lv5ho,2024-08-22T22:43:45Z,commit:777ac1af
Fall On My Knees,Foghorn Stringband,Reap What You Sow,,LIKE,4:44,284,2sVJfYnm6tA,2024-08-22T22:39:01Z,commit:777ac1af
Black Mountaine Rag,Foghorn Stringband,Reap What You Sow,,INDIFFERENT,3:21,201,PLwM8H4eERg,2024-08-22T22:35:40Z,commit:777ac1af
Danville Girl,Foghorn Stringband,Reap What You Sow,,LIKE,3:46,226,xRgju94UP2I,2024-08-22T22:31:54Z,commit:777ac1af
Dying Hobo,Foghorn Stringband,Reap What You Sow,,INDIFFERENT,3:12,192,LyzDqn84gPs,2024-08-22T22:28:42Z,commit:777ac1af
Five Miles of Ellum Wood,Foghorn Stringband,Reap What You Sow,,INDIFFERENT,3:06,186,okkkflLs_6U,2024-08-22T22:25:36Z,commit:777ac1af
Lonesone Road Blues,Foghorn Stringband,Reap What You Sow,,INDIFFERENT,3:09,189,V3X1G8go1KE,2024-08-22T22:22:27Z,commit:777ac1af
Best Timber,Foghorn Stringband,Reap What You Sow,,INDIFFERENT,2:36,156,j2fl8Hs8pCE,2024-08-22T22:19:51Z,commit:777ac1af
Charlie and Nellie,Foghorn Stringband,Reap What You Sow,,INDIFFERENT,3:39,219,1IhBBcl--L8,2024-08-22T22:16:12Z,commit:777ac1af
Georgia Railroad,Foghorn Stringband,Reap What You Sow,,INDIFFERENT,3:50,230,orl1CvCLmn4,2024-08-22T22:12:22Z,commit:777ac1af
Nobody Has To Know Your Mind,John R. Miller,Heat Comes Down,False,INDIFFERENT,4:54,294,ivk6KfR6hAY,2024-08-22T22:07:28Z,commit:777ac1af
Harpers Ferry Moon,John R. Miller,Heat Comes Down,False,INDIFFERENT,4:03,243,9mYlG4-doGw,2024-08-22T22:03:25Z,commit:777ac1af
Insomnia Blues,John R. Miller,Heat Comes Down,True,LIKE,4:01,241,L1pRpcEhT0c,2024-08-22T21:59:24Z,commit:777ac1af
Howard Hughes' Blues,John Hartford,Morning Bugle,False,INDIFFERENT,2:51,171,u4S0OzdpQfE,2024-08-22T21:56:33Z,commit:777ac1af
Hobo's Lullaby,Emmylou Harris,Songbird: Rare Tracks & Forgotten Gems,False,INDIFFERENT,2:43,163,6xYnOihWkN4,2024-08-22T21:53:50Z,commit:777ac1af
Sin City (2007 Remaster),Beck & Emmylou Harris,Songbird: Rare Tracks & Forgotten Gems,True,LIKE,4:01,241,KoXEegOREDA,2024-08-22T21:49:49Z,commit:777ac1af
Hands on the Wheel,Willie Nelson,Red Headed Stranger,False,INDIFFERENT,4:23,263,0DnTAttXwEI,2024-08-22T21:45:26Z,commit:777ac1af
Sin City,The Flying Burrito Brothers,The Gilded Palace Of Sin,,LIKE,4:10,250,UcU04NGMQb8,2024-08-22T21:41:16Z,commit:777ac1af
A New Day,"Kaitlyn Aurelia Smith, Suzanne Ciani",FRKWYS Vol. 13 - Sunergy (Expanded),,LIKE,23:09,1389,XJo1FmplJQQ,2024-08-22T21:18:07Z,commit:777ac1af
Golden Apples Of The Sun,"Jonathan Fitoussi, Suzanne Ciani",Golden Apples of the Sun,False,INDIFFERENT,4:34,274,qhKVjBRPMi4,2024-08-22T21:13:33Z,commit:777ac1af
Closed Circuit,"Kaitlyn Aurelia Smith, Suzanne Ciani",FRKWYS Vol. 13 - Sunergy (Expanded),,INDIFFERENT,12:29,749,ZOtbCTH0NkA,2024-08-22T21:01:04Z,commit:777ac1af
Down With Disease,Phish,LivePhish 12/01/95,False,INDIFFERENT,7:25,445,xVBfQjIlwhw,2024-08-22T20:53:39Z,commit:777ac1af
Louisiana Women (Live in Texas - September 1974),Waylon Jennings,Waylon Live (Expanded Edition),False,INDIFFERENT,3:47,227,AxyZ4ozuEPI,2024-08-22T20:49:52Z,commit:777ac1af
You Show Me Yours (And I'll Show You Mine),"Amy Irving, Willie Nelson",Honeysuckle Rose - Music From The Original Soundtrack,False,INDIFFERENT,3:16,196,BkrZH-QVypM,2024-08-22T20:46:36Z,commit:777ac1af
"Liberty (Live in Atlanta, March 30, 1994)",Grateful Dead,So Many Roads (1965 - 1995),False,INDIFFERENT,6:00,360,7OuA4UXwCCY,2024-08-22T20:40:36Z,commit:777ac1af
"Lazy River Road (Live at the Palace, Auburn Hills, MI 7/31/94)",Grateful Dead,30 Days of Dead 2015,True,LIKE,6:38,398,-FwKfK5Lm6M,2024-08-22T20:33:58Z,commit:777ac1af
October Leaves,The Clark McLane Band,Commonfolk,,INDIFFERENT,6:13,373,zKLVdtpZqhI,2024-08-22T20:27:45Z,commit:777ac1af
Turn and Return,The Clark McLane Band,Commonfolk,,INDIFFERENT,3:11,191,O7HSxFtWlKI,2024-08-22T20:24:34Z,commit:777ac1af
Jarvis Lee,The Clark McLane Band,Commonfolk,,INDIFFERENT,4:24,264,yiJLCCELGJI,2024-08-22T20:20:10Z,commit:777ac1af
Standing Still,The Clark McLane Band,Commonfolk,,INDIFFERENT,4:17,257,0GmsnsKtU34,2024-08-22T20:15:53Z,commit:777ac1af
A Horse and a Badge,The Clark McLane Band,Commonfolk,,INDIFFERENT,2:51,171,0w_eehPLr_E,2024-08-22T20:13:02Z,commit:777ac1af
Onward I Go,The Clark McLane Band,Commonfolk,,INDIFFERENT,3:23,203,-prhzA9qei4,2024-08-22T20:09:39Z,commit:777ac1af
Dark Side of the Hollow,The Clark McLane Band,Commonfolk,,INDIFFERENT,5:01,301,0O-xgGVRbjw,2024-08-22T20:04:38Z,commit:777ac1af
Moonlight Is My Friend,The Clark McLane Band,Commonfolk,,INDIFFERENT,3:46,226,bBvbX5fyIxI,2024-08-22T20:00:52Z,commit:777ac1af
A Ghost Is Just an Angel,The Clark McLane Band,Commonfolk,,INDIFFERENT,3:21,201,arKXrtmKDsY,2024-08-22T19:57:31Z,commit:777ac1af
I Did I Did,The Clark McLane Band,Commonfolk,,INDIFFERENT,1:58,118,vmZWqgH091k,2024-08-22T19:55:33Z,commit:777ac1af
There's Nothing New Under the Sun,The Clark McLane Band,Commonfolk,,INDIFFERENT,3:50,230,v_5S1S1eYJI,2024-08-22T19:51:43Z,commit:777ac1af
The Theme,The Clark McLane Band,Commonfolk,,LIKE,1:18,78,9Ll97FLz9_0,2024-08-22T19:50:25Z,commit:777ac1af
Let It Rock,Jerry Garcia,Garcia (Compliments) (Expanded),False,INDIFFERENT,3:15,195,OIII0kt_wfY,2024-08-22T19:47:10Z,commit:777ac1af
Right Place Wrong Time,Dr. John,In The Right Place,False,INDIFFERENT,2:56,176,zw-2CTx4YgY,2024-08-22T19:44:14Z,commit:777ac1af
Midnight Rider,The Allman Brothers Band,Idlewild South (Deluxe Edition Remastered),False,INDIFFERENT,3:01,181,O6Q40nZRRco,2024-08-22T19:41:13Z,commit:777ac1af
The Hobo Song,John Prine,Bruised Orange,False,INDIFFERENT,3:31,211,prb5LFS_V4c,2024-08-22T19:37:42Z,commit:777ac1af
Iron Ore Betty,John Prine,Bruised Orange,False,INDIFFERENT,2:42,162,-L6ammWgL3Y,2024-08-22T19:35:00Z,commit:777ac1af
Crooked Piece of Time,John Prine,Bruised Orange,False,INDIFFERENT,2:52,172,wAxkgpnYyBk,2024-08-22T19:32:08Z,commit:777ac1af
Aw Heck,John Prine,Bruised Orange,False,INDIFFERENT,2:20,140,390y9FBmJAg,2024-08-22T19:29:48Z,commit:777ac1af
Sabu Visits the Twin Cities Alone,John Prine,Bruised Orange,False,INDIFFERENT,2:53,173,0MlwTvNESLs,2024-08-22T19:26:55Z,commit:777ac1af
Bruised Orange (Chain of Sorrow),John Prine,Bruised Orange,False,INDIFFERENT,5:21,321,4iyyhnNIKe4,2024-08-22T19:21:34Z,commit:777ac1af
If You Don't Want My Love,John Prine,Bruised Orange,False,INDIFFERENT,3:05,185,EGSUeGyqGXk,2024-08-22T19:18:29Z,commit:777ac1af
There She Goes,John Prine,Bruised Orange,False,INDIFFERENT,3:24,204,rXxo1ZP85Bk,2024-08-22T19:15:05Z,commit:777ac1af
Fish and Whistle,John Prine,Bruised Orange,False,INDIFFERENT,3:14,194,QYxlxYSCvFg,2024-08-22T19:11:51Z,commit:777ac1af
That's the Way the World Goes Round,John Prine,Bruised Orange,True,LIKE,3:20,200,ZogciFl-udY,2024-08-22T19:08:31Z,commit:777ac1af
The Big Country,Talking Heads,More Songs About Buildings and Food,False,INDIFFERENT,5:31,331,93oFXRedHy0,2024-08-22T19:03:00Z,commit:777ac1af
Take Me to the River,Talking Heads,More Songs About Buildings and Food,False,INDIFFERENT,5:03,303,bP3PIn8ff74,2024-08-22T18:57:57Z,commit:777ac1af
Stay Hungry,Talking Heads,More Songs About Buildings and Food,False,INDIFFERENT,2:41,161,JIK78TitysA,2024-08-22T18:55:16Z,commit:777ac1af
I'm Not in Love,Talking Heads,More Songs About Buildings and Food,False,INDIFFERENT,4:36,276,1T44eY1dRHs,2024-08-22T18:50:40Z,commit:777ac1af
Artists Only,Talking Heads,More Songs About Buildings and Food,False,INDIFFERENT,3:36,216,7Lf4_eXORRM,2024-08-22T18:47:04Z,commit:777ac1af
Found a Job,Talking Heads,More Songs About Buildings and Food,False,INDIFFERENT,5:00,300,MhAPYgw7unI,2024-08-22T18:42:04Z,commit:777ac1af
The Girl Wants to Be with the Girls,Talking Heads,More Songs About Buildings and Food,False,INDIFFERENT,2:39,159,pivsCsCb2DY,2024-08-22T18:39:25Z,commit:777ac1af
Warning Sign,Talking Heads,More Songs About Buildings and Food,False,INDIFFERENT,3:55,235,MBLD2TnCe5A,2024-08-22T18:35:30Z,commit:777ac1af
The Good Thing,Talking Heads,More Songs About Buildings and Food,False,INDIFFERENT,3:04,184,j-FMyDKX0a8,2024-08-22T18:32:26Z,commit:777ac1af
With Our Love,Talking Heads,More Songs About Buildings and Food,False,INDIFFERENT,3:32,212,tAAWIvge4Qo,2024-08-22T18:28:54Z,commit:777ac1af
Thank You for Sending Me an Angel,Talking Heads,More Songs About Buildings and Food,False,INDIFFERENT,2:12,132,L0yT4Yv4ey8,2024-08-22T18:26:42Z,commit:777ac1af
Crossing Paths,Lake Isabel,Crossing Paths,False,INDIFFERENT,3:00,180,lTxVVdhFE6Q,2024-08-22T18:23:42Z,commit:777ac1af
Same but Different,Vashti Bunyan,Lookaftering,False,INDIFFERENT,3:39,219,5D8J6lVcDPg,2024-08-22T18:20:03Z,commit:777ac1af
Birthday Boy,Ween,God Ween Satan: The Oneness [Anniversary Edition],False,INDIFFERENT,3:30,210,CphpuX_KXmU,2024-08-22T18:16:33Z,commit:777ac1af
Raise,Fuzz,Fuzz,False,INDIFFERENT,3:43,223,PSw0Zjq9xb8,2024-08-22T18:12:50Z,commit:777ac1af
Chem-Farmer,Thee Oh Sees,Carrion Crawler / The Dream,False,INDIFFERENT,4:07,247,jDk9ySTpwAA,2024-08-22T18:08:43Z,commit:777ac1af
Glide,Phish,"LivePhish, Vol. 12 8/13/96 (Deer Creek Music Center, Noblesville, IN)",False,INDIFFERENT,4:21,261,jYmO7zAyczk,2024-08-22T18:04:22Z,commit:777ac1af
Llama,Phish,"LivePhish, Vol. 12 8/13/96 (Deer Creek Music Center, Noblesville, IN)",False,INDIFFERENT,5:06,306,orqTrYWrNOo,2024-08-22T17:59:16Z,commit:777ac1af
Punch You In The Eye,Phish,"LivePhish, Vol. 12 8/13/96 (Deer Creek Music Center, Noblesville, IN)",False,INDIFFERENT,8:02,482,-8DfdV452tw,2024-08-22T17:51:14Z,commit:777ac1af
Old Home Place,Phish,"LivePhish, Vol. 12 8/13/96 (Deer Creek Music Center, Noblesville, IN)",False,INDIFFERENT,3:03,183,BK-dm_LSEbc,2024-08-22T17:48:11Z,commit:777ac1af
Fast Enough For You,Phish,"LivePhish, Vol. 12 8/13/96 (Deer Creek Music Center, Noblesville, IN)",False,INDIFFERENT,6:53,413,kvHs0lAA0Zk,2024-08-22T17:41:18Z,commit:777ac1af
Grandpa Was a Carpenter,John Prine,Sweet Revenge,False,INDIFFERENT,2:10,130,ax1fmLA9iDA,2024-08-22T17:39:08Z,commit:777ac1af
Water Fountain Quicksand,Railroad Earth,The Good Life,False,INDIFFERENT,2:56,176,GRNuN16ej1E,2024-08-22T17:36:12Z,commit:777ac1af
"Don't Think Twice, It's All Right",The Infamous Stringdusters,Undercover,True,LIKE,4:26,266,Wewb33DJSz0,2024-08-22T17:31:46Z,commit:777ac1af
Upside Down,Teho,Woody,,INDIFFERENT,6:50,410,f3mBuoZMYoQ,2024-08-22T17:24:56Z,commit:777ac1af
Go Away,Teho,Woody,,INDIFFERENT,7:21,441,C5iwtSf_m4Q,2024-08-22T17:17:35Z,commit:777ac1af
Woody,Teho,Woody,,INDIFFERENT,7:04,424,B6-6XQ5T5KA,2024-08-22T17:10:31Z,commit:777ac1af
Through the Kids Eyes,Teho,Woody,,INDIFFERENT,5:38,338,lgLpYhJdiRg,2024-08-22T17:04:53Z,commit:777ac1af
Origins,Teho,Origins,False,INDIFFERENT,6:20,380,d6R5SNTOvdg,2024-08-22T16:58:33Z,commit:777ac1af
Cumberland Gap,David Rawlings,Poor David's Almanack,,INDIFFERENT,2:55,175,dra9BCISlyQ,2024-08-22T16:55:38Z,commit:777ac1af
Midnight Train,David Rawlings,Poor David's Almanack,,INDIFFERENT,3:18,198,S_7ayGvOLWI,2024-08-22T16:52:20Z,commit:777ac1af
Money Is The Meat In The Coconut,David Rawlings,Poor David's Almanack,,LIKE,2:23,143,vwe5K642jTo,2024-08-22T16:49:57Z,commit:777ac1af
"Dixie Chicken (Live at the Rainbow Theatre, London, UK, 8/3/1977)",Little Feat,Waiting for Columbus (Live Version),False,INDIFFERENT,8:54,534,UMJbtFZWWa8,2024-08-22T16:41:03Z,commit:777ac1af
Vagabond,Wolfmother,Wolfmother,False,INDIFFERENT,3:51,231,3ndE__G64uQ,2024-08-22T16:37:12Z,commit:777ac1af
Ghosts Of Mississippi,The SteelDrivers,Reckless,False,INDIFFERENT,6:15,375,PzTgzDAC4EY,2024-08-22T16:30:57Z,commit:777ac1af
All Hail,The Devil Makes Three,Do Wrong Right,,LIKE,4:02,242,4_bjSdl85gU,2024-08-22T16:26:55Z,commit:777ac1af
Thunder & Lightning,Brown Bird,Salt For Salt,False,INDIFFERENT,3:29,209,KGsxXfIEq8Q,2024-08-22T16:23:26Z,commit:777ac1af
Feet and Bones,Trampled by Turtles,Palomino,False,INDIFFERENT,1:56,116,RN46VrMYKNg,2024-08-22T16:21:30Z,commit:777ac1af
The Angel of Death,The Devil Makes Three,Redemption & Ruin,False,INDIFFERENT,3:37,217,qj7LXpqOl4I,2024-08-22T16:17:53Z,commit:777ac1af
Down in the Valley,The Devil Makes Three,Redemption & Ruin,False,INDIFFERENT,3:10,190,L5PAVgMYLio,2024-08-22T16:14:43Z,commit:777ac1af
What Would You Give (In Exchange for Your Soul),The Devil Makes Three,Redemption & Ruin,False,INDIFFERENT,4:24,264,Uk_bF6G1lvw,2024-08-22T16:10:19Z,commit:777ac1af
Come on up to the House,The Devil Makes Three,Redemption & Ruin,False,INDIFFERENT,2:56,176,DktajBn2IZ8,2024-08-22T16:07:23Z,commit:777ac1af
I Am the Man Thomas,The Devil Makes Three,Redemption & Ruin,False,INDIFFERENT,2:40,160,eQgta3g_Qrs,2024-08-22T16:04:43Z,commit:777ac1af
There’ll Be a Jubilee,The Devil Makes Three,Redemption & Ruin,False,INDIFFERENT,2:56,176,V1g22idnLOo,2024-08-22T16:01:47Z,commit:777ac1af
Waiting Around to Die,The Devil Makes Three,Redemption & Ruin,False,INDIFFERENT,3:35,215,WZPo9QlYrKA,2024-08-22T15:58:12Z,commit:777ac1af
I’m Gonna Get High,The Devil Makes Three,Redemption & Ruin,False,INDIFFERENT,2:32,152,IIlOx7QELIY,2024-08-22T15:55:40Z,commit:777ac1af
Chase the Feeling,The Devil Makes Three,Redemption & Ruin,False,INDIFFERENT,3:35,215,3gKPXsiJpvA,2024-08-22T15:52:05Z,commit:777ac1af
I Gotta Get Drunk,The Devil Makes Three,Redemption & Ruin,False,INDIFFERENT,2:30,150,WcW6UGlGXow,2024-08-22T15:49:35Z,commit:777ac1af
Champagne and Reefer,The Devil Makes Three,Redemption & Ruin,False,INDIFFERENT,2:55,175,qixzChjrT-k,2024-08-22T15:46:40Z,commit:777ac1af
Drunken Hearted Man,The Devil Makes Three,Redemption & Ruin,False,INDIFFERENT,2:49,169,h8SmPil4niM,2024-08-22T15:43:51Z,commit:777ac1af
Gracefully Facedown,The Devil Makes Three,Do Wrong Right,,INDIFFERENT,4:12,252,JfWASwsYb2w,2024-08-22T15:39:39Z,commit:777ac1af
Chesapeake Bay,Corn Potato String Band,Corn Potato String Band,,LIKE,2:48,168,InnlDgthavk,2024-08-22T15:36:51Z,commit:777ac1af
Chesapeake Bay,The Piccadilly Six,Apple Blossom Time,,INDIFFERENT,2:50,170,IZgN-jSSW0s,2024-08-22T15:34:01Z,commit:777ac1af
"Chesapeake Bay (The Caesar's Palace, Dunstable 1967)",Lonnie Donegan,Lonnie Live! Rare Tapes from the Late Sixties,,LIKE,2:01,121,jVHf91M2UTQ,2024-08-22T15:32:00Z,commit:777ac1af
Make Yourself A Happiness Pie,Ray Noble and The New Mayfair Dance Orchestra,"British Dance Bands - Pete Smiths Specialties, Vol. 2",,INDIFFERENT,3:12,192,CUF0vBBqIwI,2024-08-22T15:28:48Z,commit:777ac1af
Teddy Bears Picnic,Henry Hall & The BBC Dance Orchestra,"British Dance Bands - Pete Smiths Specialties, Vol. 2",,INDIFFERENT,2:53,173,fcZCxWBC4AA,2024-08-22T15:25:55Z,commit:777ac1af
Yacka Hula Hickey Dula,Felix Mendelssohn and His Hawaiian Serenaders,"British Dance Bands - Pete Smiths Specialties, Vol. 2",,INDIFFERENT,2:43,163,eoHm0_t6XoE,2024-08-22T15:23:12Z,commit:777ac1af
"It's Been A Long, Long Time",Peggy Lee,Things Are Swingin',False,INDIFFERENT,2:20,140,UE4J-rREYiY,2024-08-22T15:20:52Z,commit:777ac1af
Tiger Rag,Harry Roy,Harry Roy and His Orchestra. New Day Come,,LIKE,2:43,163,2a48zD-_5u8,2024-08-22T15:18:09Z,commit:777ac1af
Thriller Rag,Tuba Skinny,Some Kind-A-Shake,,INDIFFERENT,3:47,227,29RWqxjAEuQ,2024-08-22T15:14:22Z,commit:777ac1af
Deep Minor Rhythm Stomp,Tuba Skinny,Some Kind-A-Shake,,INDIFFERENT,3:27,207,9yHVR43rZkw,2024-08-22T15:10:55Z,commit:777ac1af
I'm Gettin' Sentimental Over You,Tommy Dorsey & His Orchestra,Battle of the Bands: Glenn Miller vs. Tommy Dorsey,False,INDIFFERENT,3:38,218,HHxqCBo3PwU,2024-08-22T15:07:17Z,commit:777ac1af
Too Late,Tuba Skinny,Some Kind-A-Shake,,INDIFFERENT,4:12,252,MJ_LUeMhwTQ,2024-08-22T15:03:05Z,commit:777ac1af
Jubilee Stomp,Tuba Skinny,Some Kind-A-Shake,,INDIFFERENT,3:38,218,ufnQf9fwuds,2024-08-22T14:59:27Z,commit:777ac1af
Tuba Skinny - Full Set - Jazz & Heritage Center 2022,"602K views, wwozneworleans",,,LIKE,1:24:01,5041,861jOEqVr4Q,2024-08-22T13:35:26Z,commit:777ac1af
Rock Salt and Nails,Willie Watson,"Folk Singer, Vol. 1",False,INDIFFERENT,3:47,227,8xifHI4yLd4,2024-08-22T13:31:39Z,commit:777ac1af
James Alley Blues,Willie Watson,"Folk Singer, Vol. 1",False,INDIFFERENT,4:06,246,mnfd0zBWkn8,2024-08-22T13:27:33Z,commit:777ac1af
Mexican Cowboy,Willie Watson,"Folk Singer, Vol. 1",False,INDIFFERENT,3:53,233,FTbhfZlrXiU,2024-08-22T13:23:40Z,commit:777ac1af
Mother Earth,Willie Watson,"Folk Singer, Vol. 1",False,INDIFFERENT,3:36,216,cZ5B_KFcmvU,2024-08-22T13:20:04Z,commit:777ac1af
Stewball,Willie Watson,"Folk Singer, Vol. 1",False,INDIFFERENT,3:47,227,yT7WzqP6EH4,2024-08-22T13:16:17Z,commit:777ac1af
Long John Dean,Willie Watson,"Folk Singer, Vol. 1",False,INDIFFERENT,2:54,174,thC8dExOTKk,2024-08-22T13:13:23Z,commit:777ac1af
Midnight Special,Willie Watson,"Folk Singer, Vol. 1",False,INDIFFERENT,4:38,278,CORVjNWEl-0,2024-08-22T13:08:45Z,commit:777ac1af
I Think I Like When It Rains,WILLIS,Locals 2,False,INDIFFERENT,4:39,279,HpYdA-06jTc,2024-08-22T13:04:06Z,commit:777ac1af
Glimmer,Tame Impala,The Slow Rush,False,INDIFFERENT,2:09,129,0n28cYmm1Zs,2024-08-22T13:01:57Z,commit:777ac1af
Dramamine,Modest Mouse,This Is a Long Drive for Someone with Nothing to Think About,False,INDIFFERENT,5:42,342,dXBEuQwy5NU,2024-08-22T12:56:15Z,commit:777ac1af
Femme Fatale,"Nico, The Velvet Underground",The Velvet Underground & Nico 45th Anniversary,False,INDIFFERENT,2:39,159,ggHPtzVSEeE,2024-08-22T12:53:36Z,commit:777ac1af
I Don't Mind,The Head And The Heart,Signs of Light,False,INDIFFERENT,2:35,155,1-UhOUXE2HI,2024-08-22T12:51:01Z,commit:777ac1af
Rabbit Heart (Raise It Up),Florence + The Machine,Lungs (Digital Deluxe Version),False,INDIFFERENT,3:53,233,eDugt2pFiuk,2024-08-22T12:47:08Z,commit:777ac1af
Over,Electric Guest,Plural,False,INDIFFERENT,3:58,238,ddjIJXdb85k,2024-08-22T12:43:10Z,commit:777ac1af
A-Punk,Vampire Weekend,Vampire Weekend,False,INDIFFERENT,2:18,138,BBpzg38GIXU,2024-08-22T12:40:52Z,commit:777ac1af
Sympathy,Vampire Weekend,Father of the Bride,False,INDIFFERENT,3:47,227,drHFNf3r2VQ,2024-08-22T12:37:05Z,commit:777ac1af
Blood Poem,Ivan the Tolerable,Twenny Eighteen Reveries,False,INDIFFERENT,5:34,334,JB_xTTVvuis,2024-08-22T12:31:31Z,commit:777ac1af
Square One,Ivan the Tolerable,Twenny Eighteen Reveries,False,INDIFFERENT,8:27,507,Fgu8uVlY9nM,2024-08-22T12:23:04Z,commit:777ac1af
Flood,Ivan the Tolerable,Twenny Eighteen Reveries,False,INDIFFERENT,4:15,255,mTxYgkwOrl4,2024-08-22T12:18:49Z,commit:777ac1af
Pond Skimmer,Ivan the Tolerable,Twenny Eighteen Reveries,False,INDIFFERENT,2:34,154,lhmju48b1ns,2024-08-22T12:16:15Z,commit:777ac1af
The Bottom of the Sea,Ivan the Tolerable,Twenny Eighteen Reveries,False,INDIFFERENT,10:12,612,0yRBxcK33o4,2024-08-22T12:06:03Z,commit:777ac1af
Orgy,Ivan the Tolerable,The Continuous Katherine Mortenhoe,,INDIFFERENT,4:31,271,RBwjGAWxE1g,2024-08-22T12:01:32Z,commit:777ac1af
Human Destiny,Ivan the Tolerable,The Continuous Katherine Mortenhoe,,INDIFFERENT,3:07,187,8Pm_jjFHTSs,2024-08-22T11:58:25Z,commit:777ac1af
The Trap,Ivan the Tolerable,The Continuous Katherine Mortenhoe,,INDIFFERENT,5:20,320,IaExAF9Ob4o,2024-08-22T11:53:05Z,commit:777ac1af
Roddie & Vince,Ivan the Tolerable,The Continuous Katherine Mortenhoe,,INDIFFERENT,2:21,141,24YyvIldyTQ,2024-08-22T11:50:44Z,commit:777ac1af
TCKM,Ivan the Tolerable,The Continuous Katherine Mortenhoe,,INDIFFERENT,6:58,418,NEb1jDAtZ8o,2024-08-22T11:43:46Z,commit:777ac1af
Hate the Way You Love Me,John Paul White,Beulah,False,INDIFFERENT,4:04,244,eFyx1KrAHB8,2024-08-22T11:39:42Z,commit:777ac1af
Gentle on My Mind,Robert Ellis & Courtney Hartman,Dear John,,INDIFFERENT,5:52,352,wxYetopv6UI,2024-08-22T11:33:50Z,commit:777ac1af
Where I Ought to Be,Watkins Family Hour,Watkins Family Hour,False,INDIFFERENT,2:58,178,Y3J2Rk_cMK8,2024-08-22T11:30:52Z,commit:777ac1af
Nightjar,Ivan the Tolerable,Autodidact II,,INDIFFERENT,2:52,172,4E_1GBRGfAs,2024-08-22T11:28:00Z,commit:777ac1af
A Letter To November,Ivan the Tolerable,Autodidact II,,INDIFFERENT,6:20,380,1g1nbhRkno4,2024-08-22T11:21:40Z,commit:777ac1af
Turkish Golden Scissors III,Ivan the Tolerable,Autodidact II,,INDIFFERENT,4:37,277,5N_otnNTBFo,2024-08-22T11:17:03Z,commit:777ac1af
The Smell Of Water,Ivan the Tolerable,Autodidact II,,INDIFFERENT,5:43,343,-snSCUy3Mhc,2024-08-22T11:11:20Z,commit:777ac1af
Red Oilcloth,Ivan the Tolerable,Autodidact II,,INDIFFERENT,3:58,238,SVLRpaL_7TE,2024-08-22T11:07:22Z,commit:777ac1af
Sandmartin,Ivan the Tolerable,Autodidact II,,INDIFFERENT,2:23,143,hBmxQSFbfGA,2024-08-22T11:04:59Z,commit:777ac1af
Wylder's Hand,Ivan the Tolerable,Autodidact II,,INDIFFERENT,3:58,238,oSmZY-qQD6A,2024-08-22T11:01:01Z,commit:777ac1af
Three Methods,Ivan the Tolerable,Autodidact II,,INDIFFERENT,4:53,293,oQmV2qi58Jc,2024-08-22T10:56:08Z,commit:777ac1af
Turkish Golden Scissors II,Ivan the Tolerable,Autodidact II,,INDIFFERENT,4:37,277,diMHXhUoP0g,2024-08-22T10:51:31Z,commit:777ac1af
Autodidact II,Ivan the Tolerable,Autodidact II,,INDIFFERENT,4:17,257,Vkp6BzYR9PQ,2024-08-22T10:47:14Z,commit:777ac1af
Helianthus,Ivan the Tolerable,Autodidact II,,INDIFFERENT,5:18,318,jOZXJ4OgpiI,2024-08-22T10:41:56Z,commit:777ac1af
On A Rock,Ivan the Tolerable,Autodidact II,,INDIFFERENT,4:21,261,Zk6VryWyXOo,2024-08-22T10:37:35Z,commit:777ac1af
Into The Well,Ivan the Tolerable,Autodidact II,,INDIFFERENT,2:57,177,ss2n5Caf3d0,2024-08-22T10:34:38Z,commit:777ac1af
Red Throated Diver,Ivan the Tolerable,Autodidact II,,INDIFFERENT,2:19,139,eELeHvxQqMc,2024-08-22T10:32:19Z,commit:777ac1af
Turkish Golden Scissors I,Ivan the Tolerable,Autodidact II,,INDIFFERENT,14:34,874,4tNPwNJFhIo,2024-08-22T10:17:45Z,commit:777ac1af
Howard Hughes Blues,Robert Ellis & Courtney Hartman,Dear John,,LIKE,2:50,170,dRQMM47WlW0,2024-08-22T10:14:55Z,commit:777ac1af
"Tattletale, Pt. 1",Antibalas,Daptone Records Singles Collection: Volume 5,False,INDIFFERENT,4:35,275,CS0WHyOCg0M,2024-08-22T10:10:20Z,commit:777ac1af
Luv Jones,"Charles Bradley, LaRose Jackson",Daptone Records Singles Collection: Volume 5,False,INDIFFERENT,3:51,231,E0M0Ni2WkPY,2024-08-22T10:06:29Z,commit:777ac1af
Everybody Knows (River Song),"Naomi Shelton, The Gospel Queens",Daptone Records Singles Collection: Volume 5,False,INDIFFERENT,3:00,180,0dy2yKGTK84,2024-08-22T10:03:29Z,commit:777ac1af
Sinner,"Naomi Shelton, The Gospel Queens",Daptone Records Singles Collection: Volume 5,False,INDIFFERENT,2:52,172,A4Kvpc9DAy8,2024-08-22T10:00:37Z,commit:777ac1af
"Change, Change, Change","Charles Bradley, LaRose Jackson",Daptone Records Singles Collection: Volume 5,False,INDIFFERENT,2:42,162,i9T0imt4D5Y,2024-08-22T09:57:55Z,commit:777ac1af
Sweet Water,The Meltdown,Better Days,False,INDIFFERENT,3:51,231,Swa4sQ8nFKQ,2024-08-22T09:54:04Z,commit:777ac1af
Live Learn,The California Honeydrops,Live Learn,False,INDIFFERENT,4:36,276,n72hZsTHAZc,2024-08-22T09:49:28Z,commit:777ac1af
Cry for Me (Live),The California Honeydrops,Honeydrops Live,False,INDIFFERENT,5:56,356,k-8O70Ba6_c,2024-08-22T09:43:32Z,commit:777ac1af
My Sisters and Brothers (Live) (feat. Jerry Garcia Band),Jerry Garcia Band,Jerry Garcia Band,False,INDIFFERENT,4:18,258,asMZcBKCLhs,2024-08-22T09:39:14Z,commit:777ac1af
"It's All over Now (Live at Winterland, December 31, 1978)",Grateful Dead,"The Closing of Winterland: December 31, 1978",False,INDIFFERENT,8:23,503,AYUMaTwhMJ0,2024-08-22T09:30:51Z,commit:777ac1af
"Brown Noise - Perfect for Sleep, Study And Focus - Black Screen | Relaxing Sound In 24H","1.3M views, BEST SLEEP NOISE",,,LIKE,24:00:08,86408,3ZQLdo1dR8Q,2024-08-21T09:30:43Z,commit:777ac1af
Moon Milk,Ivan the Tolerable,Black Water/Brown Earth,False,INDIFFERENT,2:50,170,B5nAO8ujpxU,2024-08-21T09:27:53Z,commit:777ac1af
Slow Deep Salt and Silent Black,Ivan the Tolerable,Black Water/Brown Earth,False,INDIFFERENT,9:32,572,y5-_9T7R8jY,2024-08-21T09:18:21Z,commit:777ac1af
The Labyrinth,Ivan the Tolerable,Black Water/Brown Earth,False,INDIFFERENT,2:20,140,h6nmJNz77cU,2024-08-21T09:16:01Z,commit:777ac1af
Before The Sun Sinks,Ivan the Tolerable,Black Water/Brown Earth,False,INDIFFERENT,8:35,515,Z-1t4Gmy344,2024-08-21T09:07:26Z,commit:777ac1af
Back in the Goodle Days,John Hartford,Aereo-Plain,,INDIFFERENT,3:39,219,UcF0SY0m3sU,2024-08-21T09:03:47Z,commit:777ac1af
Rye Whiskey,Punch Brothers,Antifogmatic,True,INDIFFERENT,3:29,209,jXfE-e4a3GU,2024-08-21T09:00:18Z,commit:777ac1af
Mean Mother Blues,Seldom Scene,Act 3,False,INDIFFERENT,3:03,183,k5Sz1rG7vRA,2024-08-21T08:57:15Z,commit:777ac1af
Me and Paul,Willie Nelson,One Hell Of A Ride,True,LIKE,3:49,229,lMugPjewv-0,2024-08-21T08:53:26Z,commit:777ac1af
Loose Lucy,Grateful Dead,From the Mars Hotel,False,INDIFFERENT,3:26,206,hptwzSGZP34,2024-08-21T08:50:00Z,commit:777ac1af
Jackaroo,"David Grisman, Jerry Garcia",Shady Grove,True,LIKE,4:02,242,GfhrQsMLdY0,2024-08-21T08:45:58Z,commit:777ac1af
"Likes Of Me (feat. Vassar Clements, Jerry Douglas, Todd Phillips & Sam Bush)",Tony Rice,Cold On The Shoulder,,LIKE,2:56,176,oZpYMddziuA,2024-08-21T08:43:02Z,commit:777ac1af
House Of The Rising Sun,"Doc Watson, Richard Watson",Third Generation Blues,False,INDIFFERENT,3:22,202,FwXxxSRUX4U,2024-08-21T08:39:40Z,commit:777ac1af
Cheyenne,Noam Pikelny,Noam Pikelny Plays Kenny Baker Plays Bill Monroe,True,LIKE,3:37,217,gnqIsB2Y8SQ,2024-08-21T08:36:03Z,commit:777ac1af
Georgia Railroad,Foghorn Stringband,Reap What You Sow,,INDIFFERENT,3:50,230,orl1CvCLmn4,2024-08-21T08:32:13Z,commit:777ac1af
Brushy Run,"Rhys Jones, Jeff Miller, and Jim Nelson",All I've Gots Done Gone,False,INDIFFERENT,1:39,99,lEq0aKCP8VI,2024-08-21T08:30:34Z,commit:777ac1af
Sugar Tree Stomp,Kenny Baker,Master Fiddler,False,INDIFFERENT,2:36,156,x9nAclmJ7w8,2024-08-21T08:27:58Z,commit:777ac1af
I'd Jump the Mississippi,Caleb Klauder & Reeb Willms,Innocent Road,,INDIFFERENT,2:51,171,RuE6QOrhojM,2024-08-21T08:25:07Z,commit:777ac1af
Texas Gales (Instrumental),Doc & Merle Watson,Ballads From Deep Gap,False,INDIFFERENT,1:34,94,_Ra6dgDyIvQ,2024-08-21T08:23:33Z,commit:777ac1af
Policeman,Foghorn Stringband,Rattlesnake Tidal Wave,,LIKE,3:17,197,1b7dQ2DLc_M,2024-08-21T08:20:16Z,commit:777ac1af
Arthur,The Kinks,Arthur (Deluxe Edition),False,INDIFFERENT,5:25,325,XFexQfJRXrk,2024-08-21T08:14:51Z,commit:777ac1af
Shine A Light,Wolf Parade,Wolf Parade,False,INDIFFERENT,3:44,224,u1OL4FFlATE,2024-08-21T08:11:07Z,commit:777ac1af
Love You So,The King Khan & BBQ Show,Love You So,False,INDIFFERENT,3:46,226,bHwKPCm5fDU,2024-08-21T08:07:21Z,commit:777ac1af
Life During Wartime (2005 Remaster),Talking Heads,Fear of Music (Deluxe Version),False,INDIFFERENT,3:42,222,_NywTcGOUkE,2024-08-21T08:03:39Z,commit:777ac1af
A Good Look,Sturgill Simpson,SOUND & FURY,False,INDIFFERENT,4:02,242,nCKzSbBdhxk,2024-08-21T07:59:37Z,commit:777ac1af
Queen Bitch,David Bowie,Hunky Dory,True,LIKE,3:21,201,2_ayFz62eYE,2024-08-21T07:56:16Z,commit:777ac1af
Cuckoo's Nest,John Hartford,"Me Oh My, How the Time Does Fly -- A John Hartford Anthology",False,INDIFFERENT,3:15,195,RiHOpy32yLQ,2024-08-21T07:53:01Z,commit:777ac1af
Richland Woman Blues,Muireann Bradley,Richland Woman Blues,False,INDIFFERENT,4:27,267,ktmO8YG29pA,2024-08-21T07:48:34Z,commit:777ac1af
What Did Jesus Say,Jubalaires,Gospel Classics,,INDIFFERENT,2:56,176,cvV6tBTl1iE,2024-08-21T07:45:38Z,commit:777ac1af
Won'tcha Please Don't Do It,Pokey LaFarge,Pokey LaFarge,,INDIFFERENT,2:56,176,tCPhym2odOY,2024-08-21T07:42:42Z,commit:777ac1af
Carolina Peach,The California Honeydrops,Like You Mean It,False,INDIFFERENT,4:56,296,zo_Ndw93s64,2024-08-21T07:37:46Z,commit:777ac1af
Tulsa Time,The California Honeydrops,Tulsa Time,False,INDIFFERENT,3:11,191,23xwUz6p-yE,2024-08-21T07:34:35Z,commit:777ac1af
Sunny Side of the Street,Pokey LaFarge,Middle of Everywhere,,INDIFFERENT,2:50,170,5yAfy230Wmc,2024-08-21T07:31:45Z,commit:777ac1af
Good Country Girls,Pokey LaFarge,Middle of Everywhere,,INDIFFERENT,3:13,193,Td0X2vdJ6sc,2024-08-21T07:28:32Z,commit:777ac1af
You Never Can Tell,The California Honeydrops,You Never Can Tell,True,LIKE,4:39,279,V4yVOrQPsYM,2024-08-21T07:23:53Z,commit:777ac1af
Daniel Saw The Stone (Negro-Spiritual),"The Golden Gate Quartet & Clyde Riddick, Clyde Wright, J. Caleb Ginyard, Orlando Wilson","""Serie All Stars Music"" Nº 039 Exclusive Remastered From Original Vinyl First Edition (Vintage Lps) ""Negro - Spirituals"" ""Gospel""",True,LIKE,2:21,141,UdN9B7UVkYs,2024-08-21T07:21:32Z,commit:777ac1af
California Sober (feat. Willie Nelson),Billy Strings,California Sober,True,LIKE,3:51,231,AmxvLgvc8IE,2024-08-21T07:17:41Z,commit:777ac1af
The Ballad of the Choctaw-Apache,Vincent Neil Emerson,Vincent Neil Emerson,False,INDIFFERENT,4:13,253,JjiLqSL6pJo,2024-08-21T07:13:28Z,commit:777ac1af
(A Year Ahead) …and A Light,Richard Buckner,Impasse,False,INDIFFERENT,2:22,142,KaIjFschMQU,2024-08-21T07:11:06Z,commit:777ac1af
"Living, Forgiving","Paul Burch, The WPA Ballclub",Pan-American Flash,False,INDIFFERENT,3:42,222,8yCTH65voS8,2024-08-21T07:07:24Z,commit:777ac1af
Strong Boy,Gram Parsons' International Submarine Band,Safe At Home,False,INDIFFERENT,2:04,124,nK5NX5PaPOU,2024-08-21T07:05:20Z,commit:777ac1af
Shut up and Sing,Brent Cobb,Keep 'Em on They Toes,False,INDIFFERENT,4:46,286,KFIQUHRZ4Ls,2024-08-21T07:00:34Z,commit:777ac1af
My One Desire,Freakwater,Old Paint,False,INDIFFERENT,2:29,149,12Wr6bblUo8,2024-08-21T06:58:05Z,commit:777ac1af
Damaged Goods (Acoustic),The Band of Heathens,Simpler Things,False,INDIFFERENT,3:07,187,3G-6YzieEeU,2024-08-21T06:54:58Z,commit:777ac1af
Elijah,The Original Harmony Ridge Creek Dippers,Pacific Coast Rambler,False,INDIFFERENT,2:10,130,UbEhA3bOvns,2024-08-21T06:52:48Z,commit:777ac1af
Last of My Kind,Viv & Riley,Time Is Everything,,LIKE,4:23,263,3kC5wb_yw5Q,2024-08-21T06:48:25Z,commit:777ac1af
Standing Here,Colter Wall,Little Songs,,INDIFFERENT,2:43,163,Y2o4mXTGcu8,2024-08-21T06:45:42Z,commit:777ac1af
Desperado,Linda Ronstadt,Don't Cry Now,False,INDIFFERENT,3:33,213,5vYhzf96_YA,2024-08-21T06:42:09Z,commit:777ac1af
Geronimo,Waco Brothers,To The Last Dead Cowboy,False,INDIFFERENT,2:32,152,HyGm2ZYlP_U,2024-08-21T06:39:37Z,commit:777ac1af
Last of My Kind,Paul Burch,Last of My Kind,,LIKE,4:10,250,1Rboxn_ZFIs,2024-08-21T06:35:27Z,commit:777ac1af
Angel Band,"The Clinch Mountain Boys, The Stanley Brothers","O Brother, Where Art Thou? (Music From The Motion Picture / Deluxe Edition)",False,INDIFFERENT,2:21,141,gkjy9lO2zig,2024-08-21T06:33:06Z,commit:777ac1af
Didn't Leave Nobody But The Baby,"Alison Krauss, Emmylou Harris, Gillian Welch","O Brother, Where Art Thou? (Music From The Motion Picture / Deluxe Edition)",False,INDIFFERENT,2:00,120,7T-uuUDwlvU,2024-08-21T06:31:06Z,commit:777ac1af
Murder On The Dancefloor,Sophie Ellis-Bextor,Read My Lips,False,INDIFFERENT,3:51,231,TEGkUHzd8hI,2024-08-21T06:27:15Z,commit:777ac1af
Thank God I'm a Country Boy,John Denver,Back Home Again,False,INDIFFERENT,3:14,194,GSJaaZgIwtE,2024-08-21T06:24:01Z,commit:777ac1af
That's What Makes The World Go Around (feat. Willie Nelson),Charley Crockett,That's What Makes the World Go Around,False,INDIFFERENT,3:18,198,mj9ZP6xgPQ4,2024-08-21T06:20:43Z,commit:777ac1af
Dry Town (Demo),Gillian Welch,Boots No. 1: The Official Revival Bootleg,True,LIKE,2:55,175,sqrP7bOKOMo,2024-08-21T06:17:48Z,commit:777ac1af
Jambalaya (On The Bayou),Hank Williams,Honky Tonkin (Expanded Undubbed Edition),False,INDIFFERENT,2:55,175,wL54kBsWUhU,2024-08-21T06:14:53Z,commit:777ac1af
California Sober (feat. Willie Nelson),Billy Strings,California Sober,True,LIKE,3:51,231,AmxvLgvc8IE,2024-08-21T06:11:02Z,commit:777ac1af
People Ii: The Reckoning,AJJ,People Who Can Eat People Are the Luckiest People in the World,False,INDIFFERENT,4:09,249,sqouMqryzxM,2024-08-21T06:06:53Z,commit:777ac1af
Won't Make Love at All,Pokey LaFarge,Riverboat Soul,,INDIFFERENT,2:59,179,9GCHokxOXhg,2024-08-21T06:03:54Z,commit:777ac1af
Drinkin' Whiskey Tonight,Pokey LaFarge,Middle of Everywhere,,LIKE,2:53,173,GWqjF81M5h4,2024-08-21T06:01:01Z,commit:777ac1af
"So Long Honeybee, Goodbye",Pokey LaFarge,Middle of Everywhere,,INDIFFERENT,3:07,187,_WbXnLx3YSM,2024-08-21T05:57:54Z,commit:777ac1af
Drinkin' Whiskey Tonight,Pokey LaFarge,Middle of Everywhere,,LIKE,2:53,173,GWqjF81M5h4,2024-08-21T05:55:01Z,commit:777ac1af
California Sober (feat. Willie Nelson),Billy Strings,California Sober,True,LIKE,3:51,231,AmxvLgvc8IE,2024-08-21T05:51:10Z,commit:777ac1af
These Boots Are Made for Walkin',Nancy Sinatra,Boots,False,INDIFFERENT,2:48,168,ICjlGNXwjkE,2024-08-21T05:48:22Z,commit:777ac1af
One Toke Over the Line,Brewer & Shipley,Tarkio Road,False,INDIFFERENT,3:20,200,OF3EUFnafp8,2024-08-21T05:45:02Z,commit:777ac1af
Yosemite (feat. Dave Matthews),"Golden Highway, Molly Tuttle",City of Gold,False,INDIFFERENT,3:11,191,Eaj1SLXrIec,2024-08-21T05:41:51Z,commit:777ac1af
"10,000 Miles Away",The Skullduggers,Staggers and Jags,False,INDIFFERENT,3:25,205,gHWoWOS64y8,2024-08-21T05:38:26Z,commit:777ac1af
Love Came Back,Paul Burch,Light Sensitive,False,INDIFFERENT,3:48,228,OL28qqd7RCM,2024-08-21T05:34:38Z,commit:777ac1af
Hey Good Lookin',Hank Williams,Your Cheatin' Heart,False,INDIFFERENT,2:52,172,T03HmxqrCmE,2024-08-21T05:31:46Z,commit:777ac1af
Deep Minor Rhythm Stomp,Tuba Skinny,Some Kind-A-Shake,,INDIFFERENT,3:27,207,9yHVR43rZkw,2024-08-21T05:28:19Z,commit:777ac1af
I Ain't Broke But I'm Badly Bent,Old & In The Way,That High Lonesome Sound,False,INDIFFERENT,2:52,172,PjEBpLwarsM,2024-08-21T05:25:27Z,commit:777ac1af
I Wouldn't Change You If I Could,Ricky Skaggs,Highways And Heartaches,False,INDIFFERENT,3:01,181,j62afy-GIKI,2024-08-21T05:22:26Z,commit:777ac1af
Even If You Don't,Ween,White Pepper,,INDIFFERENT,3:25,205,W_V7A-NN3MI,2024-08-21T05:19:01Z,commit:777ac1af
Daniel Saw The Stone (Negro-Spiritual),"The Golden Gate Quartet & Clyde Riddick, Clyde Wright, J. Caleb Ginyard, Orlando Wilson","""Serie All Stars Music"" Nº 039 Exclusive Remastered From Original Vinyl First Edition (Vintage Lps) ""Negro - Spirituals"" ""Gospel""",True,LIKE,2:21,141,UdN9B7UVkYs,2024-08-21T05:16:40Z,commit:777ac1af
Under the Boardwalk (Live),The California Honeydrops,Under the Boardwalk (Live),False,INDIFFERENT,2:55,175,pcbxrn5t72E,2024-08-21T05:13:45Z,commit:777ac1af
Way of the Triune God (Hallelujah Version),Tyler Childers,Can I Take My Hounds to Heaven?,False,INDIFFERENT,3:29,209,YYC4scj5rXY,2024-08-21T05:10:16Z,commit:777ac1af
In The Jailhouse Now (feat. Tim Blake Nelson),The Soggy Bottom Boys,"O Brother, Where Art Thou? (Original Motion Picture Soundtrack)",False,INDIFFERENT,3:37,217,r6dVH6rhIOo,2024-08-21T05:06:39Z,commit:777ac1af
Water Underground,Real Estate,Water Underground,False,INDIFFERENT,3:27,207,2HAuM2KjyxY,2024-08-21T05:03:12Z,commit:777ac1af
Brother Bill,The Golden Gate Quartet,24 Carrot,,LIKE,2:44,164,RzjEOwModdw,2024-08-21T05:00:28Z,commit:777ac1af
In My Head,The Lemon Twigs,Everything Harmony,False,INDIFFERENT,3:19,199,yJLgexy5yFY,2024-08-21T04:57:09Z,commit:777ac1af
I'm Going Back Home,Tuba Skinny,Some Kind-A-Shake,,INDIFFERENT,3:41,221,cSh82jyNjos,2024-08-21T04:53:28Z,commit:777ac1af
Lonesome Cowboy Bill,The Velvet Underground,Loaded,False,INDIFFERENT,2:44,164,4ijXYf6d42E,2024-08-21T04:50:44Z,commit:777ac1af
Sugar Candy Kisses,Mac & Katie Kissoon,Sugar Candy Kisses,False,INDIFFERENT,3:17,197,FE6qaRGeC_8,2024-08-21T04:47:27Z,commit:777ac1af
Alabama Song (Whisky Bar),The Doors,The Doors,True,LIKE,3:18,198,nbtEkZIvMAg,2024-08-21T04:44:09Z,commit:777ac1af
Cuckoo's Nest,John Hartford,"Me Oh My, How the Time Does Fly -- A John Hartford Anthology",False,INDIFFERENT,3:15,195,RiHOpy32yLQ,2024-08-21T04:40:54Z,commit:777ac1af
Live A-Humble,Jubalaires,Gospel Classics,,INDIFFERENT,2:35,155,hV3p7pu1htk,2024-08-21T04:38:19Z,commit:777ac1af
Doctor Jazz Stomp,Jelly-Roll Morton's Red Hot Peppers,Hot Hot Hot!,False,INDIFFERENT,3:24,204,10ncO50NJYQ,2024-08-21T04:34:55Z,commit:777ac1af
Puttin' on the Ritz,Philharmonic Wind Orchestra,Cinemagic 9,False,INDIFFERENT,3:01,181,neYed6OIYXk,2024-08-21T04:31:54Z,commit:777ac1af
Cheap Reward,The Devil Makes Three,Do Wrong Right,,INDIFFERENT,3:11,191,aD6gHgIWeNo,2024-08-21T04:28:43Z,commit:777ac1af
Jonah,Golden Gate Jubilee Quartet,Golden Gate Quartet Vol. 1 (1937-1938),,INDIFFERENT,3:06,186,molhylMJ-r8,2024-08-21T04:25:37Z,commit:777ac1af
Tulsa Time,The California Honeydrops,Tulsa Time,False,INDIFFERENT,3:11,191,23xwUz6p-yE,2024-08-21T04:22:26Z,commit:777ac1af
You Never Can Tell,The California Honeydrops,You Never Can Tell,True,LIKE,4:39,279,V4yVOrQPsYM,2024-08-21T04:17:47Z,commit:777ac1af
Somewhere in Between,Jacob LaVallee,Somewhere in Between,False,INDIFFERENT,3:02,182,z_IjnF4lu-g,2024-08-21T04:14:45Z,commit:777ac1af
Speak in Colours (feat. Shuffling Strangefoot & Shaw),Deeb,Chapter One: Lost Souls,False,INDIFFERENT,4:16,256,7f5jSr39Y6w,2024-08-21T04:10:29Z,commit:777ac1af
Garment of Destiny (Reprise),Lightbath,"Selected Public Works, Vol. 4",False,INDIFFERENT,9:49,589,GutfRlSyqBQ,2024-08-21T04:00:40Z,commit:777ac1af
Bury Them Bones (Marley Carroll Remix),Emancipator,Remixes,False,INDIFFERENT,7:22,442,x4x-JaqjdyA,2024-08-21T03:53:18Z,commit:777ac1af
The Recital That Never Happened,Khruangbin,A Calf Born in Winter,False,INDIFFERENT,3:39,219,VWwxHr4MS1k,2024-08-21T03:49:39Z,commit:777ac1af
When I Write My Song,Laurindo Almeida,Classical Current,False,INDIFFERENT,3:42,222,SaX5APNeSA0,2024-08-21T03:45:57Z,commit:777ac1af
The Night We Called It a Day,"John Coltrane, Milt Jackson",Bags & Trane,False,INDIFFERENT,4:21,261,8DiztjtIkoY,2024-08-21T03:41:36Z,commit:777ac1af
20200223,Mac DeMarco,One Wayne G,,INDIFFERENT,3:22,202,qyq8cBnGItQ,2024-08-21T03:38:14Z,commit:777ac1af
Freddie Freeloader,Bill Evans,You Must Believe In Spring (Remastered Version),False,INDIFFERENT,7:35,455,DvrKyCvlRUk,2024-08-21T03:30:39Z,commit:777ac1af
Moon,Little People,Mickey Mouse Operation,False,INDIFFERENT,3:47,227,E1y2kB7LKfQ,2024-08-21T03:26:52Z,commit:777ac1af
Joeira (feat. João Pedreira),Kurup,Joeira,True,LIKE,5:02,302,Rq4_GZAYcOI,2024-08-21T03:21:50Z,commit:777ac1af
Ny,Robohands,Green,False,INDIFFERENT,3:41,221,L4UgeQgYMV4,2024-08-21T03:18:09Z,commit:777ac1af
A Great Design,Black Marble,A Different Arrangement,False,INDIFFERENT,4:30,270,Rncqamit97g,2024-08-21T03:13:39Z,commit:777ac1af
Jadiz,Boozoo Bajou,Lambique - EP,False,INDIFFERENT,4:26,266,rOHj15vqo2k,2024-08-21T03:09:13Z,commit:777ac1af
"Water Music - Suite #1 In F, HWV 348 - Alla Hornpipe",Jordi Savall,Haendel: Water Music & Music for the Royal Fireworks,False,INDIFFERENT,4:04,244,SsM25EBXN58,2024-08-21T03:05:09Z,commit:777ac1af
Morse,Nightmares on Wax,Carboot Soul,False,INDIFFERENT,6:22,382,sAaOn9Ew7bc,2024-08-21T02:58:47Z,commit:777ac1af
Sala,Tosca,JAC,False,INDIFFERENT,8:19,499,DgPMoYAvmxw,2024-08-21T02:50:28Z,commit:777ac1af
Phyllis,Lettuce,Crush,False,INDIFFERENT,6:50,410,uhMLUZ9-eT0,2024-08-21T02:43:38Z,commit:777ac1af
Lead Me Home,The California Honeydrops,A River's Invitation,False,INDIFFERENT,3:56,236,VKM7ZawiovM,2024-08-21T02:39:42Z,commit:777ac1af
Weow,Funki Porcini,Fast Asleep,False,INDIFFERENT,6:02,362,VRllr5eSODo,2024-08-21T02:33:40Z,commit:777ac1af
Ketto,Bonobo,Days To Come,False,INDIFFERENT,5:07,307,7geq5Pg2uIE,2024-08-21T02:28:33Z,commit:777ac1af
Circle Line,Sam Prekop,Circle Line,False,INDIFFERENT,3:21,201,dXQ66j_kbEs,2024-08-21T02:25:12Z,commit:777ac1af
La femme d'argent,Air,Moon Safari,,INDIFFERENT,7:07,427,wLmfNFVDa_U,2024-08-21T02:18:05Z,commit:777ac1af
Serenade of Water,Men I Trust,Untourable Album,False,INDIFFERENT,3:06,186,zLdT_0YfPLk,2024-08-21T02:14:59Z,commit:777ac1af
Classic Noodlanding,Do Make Say Think,& Yet & Yet,False,INDIFFERENT,5:28,328,KeZJyNP4jdo,2024-08-21T02:09:31Z,commit:777ac1af
20200107 2,Mac DeMarco,One Wayne G,,INDIFFERENT,2:42,162,L3S3l2gezpM,2024-08-21T02:06:49Z,commit:777ac1af
Ontario Plates,Do Make Say Think,Winter Hymn Country Hymn Secret Hymn,,INDIFFERENT,7:03,423,54npPNKw6bY,2024-08-21T01:59:46Z,commit:777ac1af
107 Reasons Why,Do Make Say Think,Winter Hymn Country Hymn Secret Hymn,,INDIFFERENT,3:02,182,QYmpQbf1q2g,2024-08-21T01:56:44Z,commit:777ac1af
Outer Inner Secret,Do Make Say Think,Winter Hymn Country Hymn Secret Hymn,,INDIFFERENT,10:14,614,bUw_pr2s_gI,2024-08-21T01:46:30Z,commit:777ac1af
Auberge Le Mouton Noir,Do Make Say Think,Winter Hymn Country Hymn Secret Hymn,,INDIFFERENT,7:05,425,UQuNsWh1C0E,2024-08-21T01:39:25Z,commit:777ac1af
War On Want,Do Make Say Think,Winter Hymn Country Hymn Secret Hymn,,INDIFFERENT,1:56,116,aBdAwZJQ2fk,2024-08-21T01:37:29Z,commit:777ac1af
Fredericia,Do Make Say Think,Winter Hymn Country Hymn Secret Hymn,,INDIFFERENT,9:38,578,gROkkfNjTmI,2024-08-21T01:27:51Z,commit:777ac1af
TNT,Tortoise,TNT,,INDIFFERENT,7:34,454,WuitmtCZYoY,2024-08-21T01:20:17Z,commit:777ac1af
Elvira,The Oak Ridge Boys,Oak Ridge Boys Collection,False,INDIFFERENT,2:39,159,iWuRO_DJC7o,2024-08-21T01:17:38Z,commit:777ac1af
Tougher Than The Rest,Chris LeDoux,Haywire,False,INDIFFERENT,4:58,298,5Mvj4RBCHgY,2024-08-21T01:12:40Z,commit:777ac1af
Big Bad John,Jimmy Dean,Big Bad John and Other Fabulous Songs and Tales,False,INDIFFERENT,3:01,181,4ukE3jwmOcA,2024-08-21T01:09:39Z,commit:777ac1af
Meet Me In Montana (feat. Marie Osmond),Dan Seals,Won't Be Blue Anymore,False,INDIFFERENT,3:57,237,3GRvdGGCoKE,2024-08-21T01:05:42Z,commit:777ac1af
Lost Highway,Hank Williams,Health & Happiness Shows,False,INDIFFERENT,3:24,204,92dezZCxer8,2024-08-21T01:02:18Z,commit:777ac1af
Good Woman Blues,Mel Tillis,Country Hit Parade,False,INDIFFERENT,1:32,92,ST728k5ozow,2024-08-21T01:00:46Z,commit:777ac1af
Champagne & Reefer,Muddy Waters,King Bee,False,INDIFFERENT,4:37,277,rea4Stp0SeE,2024-08-21T00:56:09Z,commit:777ac1af
Neon Moon,Brooks & Dunn,Brand New Man,False,INDIFFERENT,4:22,262,8IjOQmwlGmk,2024-08-21T00:51:47Z,commit:777ac1af
Small Town Saturday Night,Hal Ketchum,Past The Point Of Rescue,False,INDIFFERENT,2:58,178,ekW_gV75wN4,2024-08-21T00:48:49Z,commit:777ac1af
Sixteen Tons,Tennessee Ernie Ford,Sixteen Tons,False,INDIFFERENT,2:36,156,BSvORvIjZiU,2024-08-21T00:46:13Z,commit:777ac1af
I Believe In You,Don Williams,I Believe In You,False,INDIFFERENT,4:07,247,3vh8hrIz-5c,2024-08-21T00:42:06Z,commit:777ac1af
I'm Over You,Keith Whitley,I Wonder Do You Think of Me,False,INDIFFERENT,3:04,184,1yDD7yoyw3Q,2024-08-21T00:39:02Z,commit:777ac1af
Mountain Music,Alabama,Mountain Music,False,INDIFFERENT,4:12,252,GBdonr6AWtQ,2024-08-21T00:34:50Z,commit:777ac1af
Killers of the Flower Moon,Charley Crockett,Killers of the Flower Moon,False,INDIFFERENT,3:14,194,5xB7l8VhJ8A,2024-08-21T00:31:36Z,commit:777ac1af
Smoky Mountain Rain,Ronnie Milsap,The Best Of Ronnie Milsap,False,INDIFFERENT,3:44,224,Zj6_CpSGPoE,2024-08-21T00:27:52Z,commit:777ac1af
I've Cried My Last Tear For You,Ricky Van Shelton,RVS III,False,INDIFFERENT,2:29,149,JsydFDkbuhc,2024-08-21T00:25:23Z,commit:777ac1af
Stuck In The Middle With You,Stealers Wheel,Stealers Wheel,False,INDIFFERENT,3:29,209,ln7Vn_WKkWU,2024-08-21T00:21:54Z,commit:777ac1af
Family Tradition,"Hank Williams, Jr.",A Country Boy Can Survive (Box Set),False,INDIFFERENT,4:00,240,GdDyEqnhvNI,2024-08-21T00:17:54Z,commit:777ac1af
Tender Years,George Jones,Sings Country Hits,False,INDIFFERENT,2:24,144,41rw5w08x1E,2024-08-21T00:15:30Z,commit:777ac1af
For What It's Worth,Buffalo Springfield,Buffalo Springfield,False,INDIFFERENT,2:34,154,1eD-8NTwP9I,2024-08-21T00:12:56Z,commit:777ac1af
I Loved 'Em Every One,T.G. Sheppard,I Love 'Em All,False,INDIFFERENT,3:42,222,DeZMLrzcU5Q,2024-08-21T00:09:14Z,commit:777ac1af
Highwayman,The Highwaymen,Highwayman,False,INDIFFERENT,3:03,183,RgCRdAzizxY,2024-08-21T00:06:11Z,commit:777ac1af
Tight Fittin' Jeans,Conway Twitty,20th Century Masters: The Millennium Collection: Best Of Conway Twitty,False,INDIFFERENT,2:51,171,hJ00bLuN8VU,2024-08-21T00:03:20Z,commit:777ac1af
Ring of Fire,Johnny Cash,The Essential Johnny Cash,False,INDIFFERENT,2:36,156,1WaV2x8GXj0,2024-08-21T00:00:44Z,commit:777ac1af
Mammas Don't Let Your Babies Grow up to Be Cowboys,"Waylon Jennings, Willie Nelson",Waylon & Willie,False,INDIFFERENT,2:33,153,i85ob2DackI,2024-08-20T23:58:11Z,commit:777ac1af
The Gambler,Kenny Rogers,The Gambler,False,INDIFFERENT,3:35,215,w4RvskuFnPY,2024-08-20T23:54:36Z,commit:777ac1af
Baby's Got Her Blue Jeans On,Mel McDaniel,Let It Roll,False,INDIFFERENT,3:00,180,-Kl3PbNXDCY,2024-08-20T23:51:36Z,commit:777ac1af
You Don't Mess Around with Jim,Jim Croce,You Don't Mess Around With Jim,False,INDIFFERENT,3:03,183,VRIHW-aQl-k,2024-08-20T23:48:33Z,commit:777ac1af
Cherokee Fiddle,Johnny Lee,Greatest Hits,False,INDIFFERENT,4:06,246,yYANyZhkgHk,2024-08-20T23:44:27Z,commit:777ac1af
Are the Good Times Really Over (I Wish a Buck Was Still Silver),Merle Haggard,Big City,False,INDIFFERENT,4:13,253,kS7GGpMkRTo,2024-08-20T23:40:14Z,commit:777ac1af
I Am A Man Of Constant Sorrow (With Band) (feat. Dan Tyminski),The Soggy Bottom Boys,"O Brother, Where Art Thou? (Original Motion Picture Soundtrack)",False,INDIFFERENT,4:17,257,zHamgwlQ1yo,2024-08-20T23:35:57Z,commit:777ac1af
Kiss An Angel Good Morning (Live),Charley Pride,Country Music Pioneer,False,INDIFFERENT,2:10,130,G_q4Hmp4YPY,2024-08-20T23:33:47Z,commit:777ac1af
Some Broken Hearts Never Mend,Don Williams,Visions,False,INDIFFERENT,2:51,171,YTuJHeXYD7I,2024-08-20T23:30:56Z,commit:777ac1af
Tulsa Time,Don Williams,20 Greatest Hits,True,LIKE,3:13,193,KSRWuAxh9v0,2024-08-20T23:27:43Z,commit:777ac1af
Fats Waller's Original E-Flat Blues (OurVinyl Sessions),"OurVinyl, The California Honeydrops",The California Honeydrops | OurVinyl Sessions,False,INDIFFERENT,3:01,181,7uveHNa2WLs,2024-08-20T23:24:42Z,commit:777ac1af
Trying to Live My Life Without You (OurVinyl Sessions),"OurVinyl, The California Honeydrops",The California Honeydrops | OurVinyl Sessions,False,INDIFFERENT,5:39,339,lLHvqZEru6Q,2024-08-20T23:19:03Z,commit:777ac1af
"All Day, All Night (OurVinyl Sessions)","OurVinyl, The California Honeydrops",The California Honeydrops | OurVinyl Sessions,False,INDIFFERENT,2:59,179,NOTG6O7cIxs,2024-08-20T23:16:04Z,commit:777ac1af
Cry For Me (OurVinyl Sessions),"OurVinyl, The California Honeydrops",The California Honeydrops | OurVinyl Sessions,True,LIKE,6:22,382,J217cOFyx_U,2024-08-20T23:09:42Z,commit:777ac1af
Bye Bye Baby,The California Honeydrops,Bye Bye Baby,False,INDIFFERENT,3:51,231,DI7fEaV1WhA,2024-08-20T23:05:51Z,commit:777ac1af
My Key Don't Fit,The California Honeydrops,Covers from the Cave,,INDIFFERENT,4:01,241,9SDq39eAYks,2024-08-20T23:01:50Z,commit:777ac1af
Ripple,The California Honeydrops,Covers from the Cave,,INDIFFERENT,5:25,325,PkOYUHINCu8,2024-08-20T22:56:25Z,commit:777ac1af
Under the Boardwalk (Live),The California Honeydrops,Covers from the Cave,,INDIFFERENT,2:55,175,5cZJKUNXoP0,2024-08-20T22:53:30Z,commit:777ac1af
You Never Can Tell,The California Honeydrops,Covers from the Cave,,INDIFFERENT,4:39,279,qD4pMAq_mJw,2024-08-20T22:48:51Z,commit:777ac1af
Bloodshot Eyes,The California Honeydrops,Covers from the Cave,,INDIFFERENT,4:16,256,Vh2FMKFZj-c,2024-08-20T22:44:35Z,commit:777ac1af
Up and Down World,The California Honeydrops,Covers from the Cave,,INDIFFERENT,3:29,209,rqb-4C8JnbE,2024-08-20T22:41:06Z,commit:777ac1af
Fire and Rain,The California Honeydrops,Covers from the Cave,,INDIFFERENT,3:49,229,J2eUFPVKWEI,2024-08-20T22:37:17Z,commit:777ac1af
That's Where It's At,The California Honeydrops,Covers from the Cave,,INDIFFERENT,3:01,181,P-fzhRouSNo,2024-08-20T22:34:16Z,commit:777ac1af
Tulsa Time,The California Honeydrops,Covers from the Cave,,LIKE,3:11,191,jjbzeMCvzMQ,2024-08-20T22:31:05Z,commit:777ac1af
If You're Gonna Play in Texas (You Gotta Have a Fiddle in the Band),Turnpike Troubadours,High Cotton: The Songs of Alabama,False,INDIFFERENT,3:16,196,ra9_eYo6900,2024-08-20T22:27:49Z,commit:777ac1af
Matchbox,Carl Perkins,Deluxe: Greatest Hits - Carl Perkins,False,INDIFFERENT,2:11,131,OTA8m_luor4,2024-08-20T22:25:38Z,commit:777ac1af
Sat By A Tree,Dan Deacon,Mystic Familiar,False,INDIFFERENT,4:26,266,HQe-lZPrR8o,2024-08-20T22:21:12Z,commit:777ac1af
"Holland, 1945",Neutral Milk Hotel,In the Aeroplane Over the Sea,False,INDIFFERENT,3:13,193,x_Et7DoYxUc,2024-08-20T22:17:59Z,commit:777ac1af
After Awhile,Patrick Sweany,Every Hour Is A Dollar Gone,False,INDIFFERENT,4:38,278,VqTFga1IOjY,2024-08-20T22:13:21Z,commit:777ac1af
Poor Rambler,Sturgill Simpson,High Top Mountain,False,INDIFFERENT,3:46,226,gsG9QO0uh-8,2024-08-20T22:09:35Z,commit:777ac1af
Movement,LCD Soundsystem,LCD Soundsystem,,INDIFFERENT,3:05,185,2vHUEGI3_no,2024-08-20T22:06:30Z,commit:777ac1af
Midnight,Jimi Hendrix,South Saturn Delta,False,INDIFFERENT,5:33,333,4g-EtZfgrio,2024-08-20T22:00:57Z,commit:777ac1af
Cero,Isaac Soto,Ilusiones Necesarias,False,INDIFFERENT,6:47,407,D1U1Bk-Mn-4,2024-08-20T21:54:10Z,commit:777ac1af
September Remember,Sam Prekop,September Remember,False,INDIFFERENT,5:10,310,QygnVgScT04,2024-08-20T21:49:00Z,commit:777ac1af
FKJ  |  Ylang Ylang EP (Live Session),"34M views, FKJ",,,INDIFFERENT,19:11,1151,pfU0QORkRpY,2024-08-20T21:29:49Z,commit:777ac1af
Bluegrass Megison - Dear Lord - (Original) | Bluegrass Music,"536 views, Megison Bluegrass",,,INDIFFERENT,2:58,178,fMmKIkLUdaQ,2024-08-20T21:26:51Z,commit:777ac1af
Mort Garson - Mother Earth's Plantasia (Official Full Album Stream),"739K views, Sacred Bones Records",,,INDIFFERENT,31:04,1864,SZkR3PyHTs0,2024-08-20T20:55:47Z,commit:777ac1af
Mark and Maggie O'Connor - Spice of Life (Official Video),"84K views, Mark and Maggie O'Connor",,,INDIFFERENT,5:06,306,rlmDcVZV7zo,2024-08-20T20:50:41Z,commit:777ac1af
Southern Flavor (Bill Monroe Cover) by FrankCo Penn,"115 views, FrankCo Penn Bluegrass",,,LIKE,5:05,305,BTbAx_ij6qA,2024-08-20T20:45:36Z,commit:777ac1af
Cooling Board Blues,Blind Willie McTell,Blind Willie McTell -Statesboro Blues - The Early Years 1927-1935,False,INDIFFERENT,3:19,199,RC0IDEGydnw,2024-08-20T20:42:17Z,commit:777ac1af
Rabbit Foot Blues,Blind Lemon Jefferson,American Folk Music,False,INDIFFERENT,2:57,177,VhI0zxOiQ9U,2024-08-20T20:39:20Z,commit:777ac1af
Midnight Special (Remastered 2002),Leadbelly (Huddie Ledbetter),Take This Hammer - The Complete RCA Victor Recordings - When The Sun Goes Down Series,False,INDIFFERENT,3:06,186,6IjPmIEgeIU,2024-08-20T20:36:14Z,commit:777ac1af
Old Number Seven,The Devil Makes Three,The Devil Makes Three,False,INDIFFERENT,3:21,201,1tp4Vyltijw,2024-08-20T20:32:53Z,commit:777ac1af
You Gotta Move,Mississippi Fred McDowell,You Gotta Move,False,INDIFFERENT,3:21,201,sjFWYuqsmc8,2024-08-20T20:29:32Z,commit:777ac1af
Come on Boys Let's Do That Messin' Around,Blind Blake,Jailhouse Blues & Murder Ballads,False,INDIFFERENT,2:46,166,47f2oxaM5xA,2024-08-20T20:26:46Z,commit:777ac1af
My Way (2008 Remastered),Frank Sinatra,Nothing But The Best (2008 Remastered),False,INDIFFERENT,4:37,277,qQzdAsjWGPg,2024-08-20T20:22:09Z,commit:777ac1af
Dark Was The Night (Cold Was The Ground),Blind Willie Johnson,The Great Depression - American Music In The 30's,False,INDIFFERENT,3:20,200,qasPCNQuo88,2024-08-20T20:18:49Z,commit:777ac1af
Mr. McTell Got The Blues (Take 1),Blind Willie McTell,Blind Willie McTell -Statesboro Blues - The Early Years 1927-1935,False,INDIFFERENT,2:21,141,SOz96DfuyIQ,2024-08-20T20:16:28Z,commit:777ac1af
One Dime Blues,Blind Lemon Jefferson,Jailhouse Blues & Murder Ballads,False,INDIFFERENT,2:47,167,ATwmsV75UYU,2024-08-20T20:13:41Z,commit:777ac1af
Frankie and Johnny,Big Bill Broonzy,Trouble in Mind,False,INDIFFERENT,2:09,129,8XkSmCal8tM,2024-08-20T20:11:32Z,commit:777ac1af
Samson And Delilah,Rev. Gary Davis,Harlem Street Singer,False,INDIFFERENT,4:04,244,oW5hvQmHLdY,2024-08-20T20:07:28Z,commit:777ac1af
Mance's Talking Blues,Mance Lipscomb,"Captain, Captain!",False,INDIFFERENT,2:06,126,ELCYBWjF4r0,2024-08-20T20:05:22Z,commit:777ac1af
Pony Blues,Charley Patton,Complete Remastered Sessions,False,INDIFFERENT,3:02,182,HoEyyaK9Uvk,2024-08-20T20:02:20Z,commit:777ac1af
Woke up This Morning,Lightnin' Hopkins,"Lightnin' Strikes, Vol. 1",False,INDIFFERENT,4:31,271,0pM755x5npM,2024-08-20T19:57:49Z,commit:777ac1af
Bootleg Rum Dum Blues,Blind Blake,Blind Blake Vol. 2 (1927-1928),False,INDIFFERENT,2:58,178,4q9NlaB--hY,2024-08-20T19:54:51Z,commit:777ac1af
You Was Born To Die,Curley Weaver,The Definitive Blind Willie McTell,False,INDIFFERENT,2:49,169,q7UnhPSXTAA,2024-08-20T19:52:02Z,commit:777ac1af
I'm Climbin' On Top Of The Hill,Blind Boy Fuller,Blind Boy Fuller Vol. 1 1935 - 1936,False,INDIFFERENT,3:20,200,kPwVok17jT4,2024-08-20T19:48:42Z,commit:777ac1af
Nobody Knows You When You're Down And Out,Scrapper Blackwell,Mr. Scrapper's Blues,True,LIKE,4:59,299,ZFUxrJ3urRs,2024-08-20T19:43:43Z,commit:777ac1af
I Got to Cross de River o' Jordan,Blind Willie McTell,The Ultimate Collection,False,INDIFFERENT,1:50,110,JiXuCB3nKlA,2024-08-20T19:41:53Z,commit:777ac1af
Rising High Water Blues,Blind Lemon Jefferson,See That My Grave Is Kept Clean,False,INDIFFERENT,2:30,150,iqy5S3Uu06U,2024-08-20T19:39:23Z,commit:777ac1af
Money Is the Name of the Game,Buster Benton,Blues & Trouble (Blues Reference 1983-1985),False,INDIFFERENT,6:05,365,Zgdk16PQstY,2024-08-20T19:33:18Z,commit:777ac1af
Death Don't Have No Mercy,Rev. Gary Davis,Live at Gerde's Folk City,False,INDIFFERENT,5:18,318,bEbMkwR44LQ,2024-08-20T19:28:00Z,commit:777ac1af
Ocelot,Phish,Joy,False,INDIFFERENT,3:36,216,tgbNBMCi7zM,2024-08-20T19:24:24Z,commit:777ac1af
"Train Song (Live - Hampton, 1998)",Phish,Hampton Comes Alive,False,INDIFFERENT,3:31,211,iFAaej2zwrw,2024-08-20T19:20:53Z,commit:777ac1af
Andelmans' Yard,Mike Gordon,The Green Sparrow,,INDIFFERENT,6:11,371,7SPfZc6J5ts,2024-08-20T19:14:42Z,commit:777ac1af
Soulfood Man,Mike Gordon,Inside In,False,INDIFFERENT,3:30,210,_1IQg1eMcgk,2024-08-20T19:11:12Z,commit:777ac1af
Sugar Shack,Phish,Joy,False,INDIFFERENT,4:04,244,-W9qj_TmG68,2024-08-20T19:07:08Z,commit:777ac1af
I Didn't Know,Skinshape,Filoxiny,False,INDIFFERENT,3:38,218,mCgorrefSDA,2024-08-20T19:03:30Z,commit:777ac1af
Van Gogh,"On Piano, Virginio Aiello",Van Gogh,False,INDIFFERENT,3:04,184,U7uyfLTvsBE,2024-08-20T19:00:26Z,commit:777ac1af
The Girl From Ipanema,Stan Getz,Getz/Gilberto,False,INDIFFERENT,5:25,325,N-TKOh0zsvU,2024-08-20T18:55:01Z,commit:777ac1af
Ylang Ylang (slowed + reverb) - FKJ,"24M views, SlowedEdits",,,INDIFFERENT,4:20,260,l1WlHRukTUg,2024-08-20T18:50:41Z,commit:777ac1af
Nothing's New,Rio Romeo,Good God!,False,INDIFFERENT,3:31,211,XIt3pgvhmM0,2024-08-20T18:47:10Z,commit:777ac1af
Yume Utsutsu,Lamp,Lamp Genso,False,INDIFFERENT,5:15,315,AJdTBPuZkHU,2024-08-20T18:41:55Z,commit:777ac1af
From The Start,Laufey,From The Start,False,INDIFFERENT,2:50,170,hbvlVCmIiEI,2024-08-20T18:39:05Z,commit:777ac1af
My Love Mine All Mine,Mitski,The Land Is Inhospitable and So Are We,False,INDIFFERENT,2:18,138,Qy9LTRu89FA,2024-08-20T18:36:47Z,commit:777ac1af
Locket,Crumb,Locket,False,INDIFFERENT,5:18,318,xKmqwrQFlpA,2024-08-20T18:31:29Z,commit:777ac1af
Somewhere in Between,Jacob LaVallee,Somewhere in Between,False,INDIFFERENT,3:02,182,z_IjnF4lu-g,2024-08-20T18:28:27Z,commit:777ac1af
Heart To Heart,Mac DeMarco,Here Comes The Cowboy,False,INDIFFERENT,3:32,212,qBoQzo98EpQ,2024-08-20T18:24:55Z,commit:777ac1af
Je te laisserai des mots,Patrick Watson,Je te laisserai des mots,False,INDIFFERENT,2:40,160,mcdO9UP0hp8,2024-08-20T18:22:15Z,commit:777ac1af
rises the moon,liana flores,recently,False,INDIFFERENT,2:42,162,5e1zT7miep8,2024-08-20T18:19:33Z,commit:777ac1af
Hey,Liana Flores,The Water's Fine!,False,INDIFFERENT,3:16,196,TJL9O0ROaHw,2024-08-20T18:16:17Z,commit:777ac1af
Soulful,L'Indécis,Playtime,False,INDIFFERENT,3:41,221,fs0BCIUQ7Ws,2024-08-20T18:12:36Z,commit:777ac1af
Claire de Lune - Debussy - Classical Piano - Classical Music - Classical Study Music - Studying Music - Music For Reading,"Reading and Studying Music, Study Playlist, Studying Music","Classical Study Music Playlist: Relaxing Instrumental Classical Piano Music For Studying, Classical Study Aid, Music For Focus and Concentration and Music For Reading and Studying Music",False,INDIFFERENT,2:53,173,zfkTOEj1Puc,2024-08-20T18:09:43Z,commit:777ac1af
Untitled Blues Waltz,"Gerry Mulligan, Paul Desmond",Two Of A Mind,False,INDIFFERENT,1:39,99,1tiL7sOOeVY,2024-08-20T18:08:04Z,commit:777ac1af
Summertime (Mono) [2022 Remaster],John Coltrane,My Favorite Things (2022 Remaster),False,INDIFFERENT,11:39,699,gDUoy1syL_k,2024-08-20T17:56:25Z,commit:777ac1af
Take Twelve,"Barry Harris, Bob Cranshaw, Clifford Jordan, Lee Morgan",Take Twelve,False,INDIFFERENT,5:00,300,cePX4dW74x4,2024-08-20T17:51:25Z,commit:777ac1af
Salute to fats,"Lester Young, John Coltrane",John Coltrane & Lester Young,False,INDIFFERENT,3:00,180,9BHlK-qJaiU,2024-08-20T17:48:25Z,commit:777ac1af
Lonely Shredder,Mac DeMarco,2 Demos,False,INDIFFERENT,3:07,187,IPMf_gEKMHs,2024-08-20T17:45:18Z,commit:777ac1af
The Recital That Never Happened,Khruangbin,A Calf Born in Winter,False,INDIFFERENT,3:39,219,VWwxHr4MS1k,2024-08-20T17:41:39Z,commit:777ac1af
Dazed (feat. Geoffroy & Gabrielle),Men I Trust,Men I Trust,False,INDIFFERENT,3:52,232,vLV6ly_II4I,2024-08-20T17:37:47Z,commit:777ac1af
L'Autre Cote,Elijah Fox,L'Autre Cote,False,INDIFFERENT,3:16,196,B56iftyjS3U,2024-08-20T17:34:31Z,commit:777ac1af
the joy you once felt,dj poolboi,the joy you once felt,False,INDIFFERENT,3:14,194,d2EkI6IOByc,2024-08-20T17:31:17Z,commit:777ac1af
Tryin' Times,Roberta Flack,First Take,False,INDIFFERENT,5:09,309,La8_flXOTrI,2024-08-20T17:26:08Z,commit:777ac1af
The First Time Ever I Saw Your Face,Roberta Flack,First Take,False,INDIFFERENT,4:21,261,VqW-eO3jTVU,2024-08-20T17:21:47Z,commit:777ac1af
I Told Jesus,Roberta Flack,First Take,False,INDIFFERENT,6:10,370,C39ltA1nvUc,2024-08-20T17:15:37Z,commit:777ac1af
Our Ages or Our Hearts,Roberta Flack,First Take,False,INDIFFERENT,6:10,370,k3Cu5kJZO9k,2024-08-20T17:09:27Z,commit:777ac1af
Angelitos Negros,Roberta Flack,First Take,False,INDIFFERENT,6:57,417,1tBI0YJjCtk,2024-08-20T17:02:30Z,commit:777ac1af
Compared to What,Roberta Flack,First Take,False,INDIFFERENT,5:17,317,wDUk9Lsy_yQ,2024-08-20T16:57:13Z,commit:777ac1af
"Hey, That's No Way to Say Goodbye",Roberta Flack,First Take,False,INDIFFERENT,4:09,249,kz38Vxkyow4,2024-08-20T16:53:04Z,commit:777ac1af
Desperado,The Langley Schools Music Project,Innocence and Despair,,LIKE,3:36,216,2H9xirgRM2w,2024-08-20T16:49:28Z,commit:777ac1af
Eldorado,Electric Light Orchestra,Eldorado,False,INDIFFERENT,5:19,319,atOsiuv1Pjk,2024-08-20T16:44:09Z,commit:777ac1af
For What It's Worth,Buffalo Springfield,Buffalo Springfield,False,INDIFFERENT,2:34,154,1eD-8NTwP9I,2024-08-20T16:41:35Z,commit:777ac1af
Rockin' Pneumonia And The Boogie Woogie Flu,Johnny Rivers,L.A. Reggae,False,INDIFFERENT,3:31,211,5Ra1DEd1ueA,2024-08-20T16:38:04Z,commit:777ac1af
San Francisco Bay Blues,"Peter, Paul and Mary",A Song Will Rise,True,LIKE,3:03,183,1wfJhgcxrMI,2024-08-20T16:35:01Z,commit:777ac1af
Chimes of Freedom,The Byrds,Mr. Tambourine Man,False,INDIFFERENT,3:52,232,zvBKeB44Qkw,2024-08-20T16:31:09Z,commit:777ac1af
One Toke Over the Line,Brewer & Shipley,One Toke Over The Line: The Best Of Brewer & Shipley,True,LIKE,3:20,200,L9HXClusp_E,2024-08-20T16:27:49Z,commit:777ac1af
Slonimsky's Earbox,Kent Nagano & The Hallé Orchestra,Earbox,False,INDIFFERENT,13:21,801,pwmwjs0gyHY,2024-08-20T16:14:28Z,commit:777ac1af
John's Book Of Alleged Dances: Judah to Ocean (reprise),Kronos Quartet,Earbox,False,INDIFFERENT,2:32,152,12SKUCdkxrw,2024-08-20T16:11:56Z,commit:777ac1af
Mike's Song about Arresting a Particular Individual,John Adams,Earbox,False,INDIFFERENT,3:19,199,swg7SUM_VVY,2024-08-20T16:08:37Z,commit:777ac1af
Two Fanfares for Orchestra: Tromba Lontana,"Edo de Waart, San Francisco Symphony",Earbox,False,INDIFFERENT,4:12,252,X6Qd5fUWvu0,2024-08-20T16:04:25Z,commit:777ac1af
20200223,Mac DeMarco,One Wayne G,,INDIFFERENT,3:22,202,qyq8cBnGItQ,2024-08-20T16:01:03Z,commit:777ac1af
20200115,Mac DeMarco,One Wayne G,,INDIFFERENT,3:05,185,8_Q7LvBIT6o,2024-08-20T15:57:58Z,commit:777ac1af
20200109,Mac DeMarco,One Wayne G,,INDIFFERENT,2:08,128,vbiNFIiWMWA,2024-08-20T15:55:50Z,commit:777ac1af
20200108,Mac DeMarco,One Wayne G,,INDIFFERENT,2:35,155,g-J71jqej4Q,2024-08-20T15:53:15Z,commit:777ac1af
20200107 2,Mac DeMarco,One Wayne G,,INDIFFERENT,2:42,162,L3S3l2gezpM,2024-08-20T15:50:33Z,commit:777ac1af
20200107,Mac DeMarco,One Wayne G,,INDIFFERENT,2:22,142,pSM6NSu_SAI,2024-08-20T15:48:11Z,commit:777ac1af
20200101,Mac DeMarco,One Wayne G,,INDIFFERENT,2:29,149,0s8d2miLLfU,2024-08-20T15:45:42Z,commit:777ac1af
20191229,Mac DeMarco,One Wayne G,,INDIFFERENT,6:16,376,_7VD_ur8ZJ4,2024-08-20T15:39:26Z,commit:777ac1af
20191228,Mac DeMarco,One Wayne G,,INDIFFERENT,1:51,111,RSrBXgeR02s,2024-08-20T15:37:35Z,commit:777ac1af
20191227,Mac DeMarco,One Wayne G,,INDIFFERENT,2:09,129,RbjkzXwo20w,2024-08-20T15:35:26Z,commit:777ac1af
20191219,Mac DeMarco,One Wayne G,,INDIFFERENT,2:12,132,RrWpti1YqfI,2024-08-20T15:33:14Z,commit:777ac1af
20191216,Mac DeMarco,One Wayne G,,INDIFFERENT,2:12,132,bT0xXeCs6pE,2024-08-20T15:31:02Z,commit:777ac1af
20191215,Mac DeMarco,One Wayne G,,INDIFFERENT,2:17,137,pxteNeBQ8UI,2024-08-20T15:28:45Z,commit:777ac1af
20191202,Mac DeMarco,One Wayne G,,INDIFFERENT,1:01,61,wZsjq-HxV0g,2024-08-20T15:27:44Z,commit:777ac1af
20191011 You Made The Bed,Mac DeMarco,One Wayne G,,LIKE,2:14,134,_fNh0qgGf3s,2024-08-20T15:25:30Z,commit:777ac1af
20190826,Mac DeMarco,One Wayne G,,INDIFFERENT,22:38,1358,iztRgMsNEgw,2024-08-20T15:02:52Z,commit:777ac1af
20190813 3,Mac DeMarco,One Wayne G,,INDIFFERENT,1:33,93,wAybeCOhUwE,2024-08-20T15:01:19Z,commit:777ac1af
20190813 2,Mac DeMarco,One Wayne G,,INDIFFERENT,3:03,183,79l9lL6UKuk,2024-08-20T14:58:16Z,commit:777ac1af
20190813,Mac DeMarco,One Wayne G,,INDIFFERENT,1:15,75,YNtfjDi62ys,2024-08-20T14:57:01Z,commit:777ac1af
20190802,Mac DeMarco,One Wayne G,,INDIFFERENT,4:07,247,-Z2jRbtbM1s,2024-08-20T14:52:54Z,commit:777ac1af
20190801,Mac DeMarco,One Wayne G,,INDIFFERENT,2:26,146,zd_KaP5yWcM,2024-08-20T14:50:28Z,commit:777ac1af
20190730,Mac DeMarco,One Wayne G,,INDIFFERENT,1:57,117,Rr8G5QoX_J8,2024-08-20T14:48:31Z,commit:777ac1af
20190729,Mac DeMarco,One Wayne G,,INDIFFERENT,3:08,188,uo2dw-Fm_PE,2024-08-20T14:45:23Z,commit:777ac1af
20190728,Mac DeMarco,One Wayne G,,INDIFFERENT,2:01,121,JZdRZuC00lM,2024-08-20T14:43:22Z,commit:777ac1af
20190726,Mac DeMarco,One Wayne G,,INDIFFERENT,1:47,107,Mt7Ai-2NHTM,2024-08-20T14:41:35Z,commit:777ac1af
20190724 2,Mac DeMarco,One Wayne G,,INDIFFERENT,1:53,113,T4YTiJLvGhQ,2024-08-20T14:39:42Z,commit:777ac1af
20190724,Mac DeMarco,One Wayne G,,LIKE,1:11,71,975vpVzfeRY,2024-08-20T14:38:31Z,commit:777ac1af
20190723,Mac DeMarco,One Wayne G,,INDIFFERENT,2:18,138,F2pdo_WbFk0,2024-08-20T14:36:13Z,commit:777ac1af
20190722,Mac DeMarco,One Wayne G,,INDIFFERENT,1:43,103,P-VS3vXjjtc,2024-08-20T14:34:30Z,commit:777ac1af
20190622,Mac DeMarco,One Wayne G,,INDIFFERENT,3:50,230,3GuH8cV6dFY,2024-08-20T14:30:40Z,commit:777ac1af
20190210,Mac DeMarco,One Wayne G,,INDIFFERENT,4:42,282,Rt4izbn8-rA,2024-08-20T14:25:58Z,commit:777ac1af
20190206,Mac DeMarco,One Wayne G,,INDIFFERENT,2:57,177,R0uLjZ0ma4Q,2024-08-20T14:23:01Z,commit:777ac1af
20190205 3,Mac DeMarco,One Wayne G,,INDIFFERENT,4:00,240,2DS7n00N0nc,2024-08-20T14:19:01Z,commit:777ac1af
20190205 2,Mac DeMarco,One Wayne G,,INDIFFERENT,2:36,156,ygoxDKyiGRw,2024-08-20T14:16:25Z,commit:777ac1af
20190205,Mac DeMarco,One Wayne G,,INDIFFERENT,4:53,293,OEMdq_D4Ar4,2024-08-20T14:11:32Z,commit:777ac1af
20190127,Mac DeMarco,One Wayne G,,INDIFFERENT,3:22,202,qLYV0XpqdgU,2024-08-20T14:08:10Z,commit:777ac1af
20181212,Mac DeMarco,One Wayne G,,INDIFFERENT,2:47,167,ZwxDm1p-7To,2024-08-20T14:05:23Z,commit:777ac1af
20181108,Mac DeMarco,One Wayne G,,INDIFFERENT,3:04,184,bPubeLyHAlY,2024-08-20T14:02:19Z,commit:777ac1af
20181019,Mac DeMarco,One Wayne G,,INDIFFERENT,2:56,176,W26yFNa69-Y,2024-08-20T13:59:23Z,commit:777ac1af
20181002,Mac DeMarco,One Wayne G,,INDIFFERENT,0:33,33,2tq1iv6GKys,2024-08-20T13:58:50Z,commit:777ac1af
20180930,Mac DeMarco,One Wayne G,,INDIFFERENT,3:09,189,P228A9uv6vo,2024-08-20T13:55:41Z,commit:777ac1af
20180927,Mac DeMarco,One Wayne G,,INDIFFERENT,1:20,80,XC2WZjUo9hY,2024-08-20T13:54:21Z,commit:777ac1af
20180924,Mac DeMarco,One Wayne G,,INDIFFERENT,2:04,124,qIQndGhS35g,2024-08-20T13:52:17Z,commit:777ac1af
Ezekiel,Jubalaires,Gospel Classics,,LIKE,2:19,139,9VwZOKew7bQ,2024-08-20T13:49:58Z,commit:777ac1af
The Sun Didn't Shine,Golden Gate Jubilee Quartet,The Gospel Sound,False,INDIFFERENT,2:09,129,64fqP9ZwllE,2024-08-20T13:47:49Z,commit:777ac1af
A Bit of Soul,Ray Charles,The Ray Charles Story Volume 4,False,INDIFFERENT,2:20,140,SA-E9EhXCbY,2024-08-20T13:45:29Z,commit:777ac1af
Meringue,Sidney Bechet,Sidney'S Blues,False,INDIFFERENT,2:19,139,9POsi6b1AWk,2024-08-20T13:43:10Z,commit:777ac1af
Put Your Cat Clothes On,Carl Perkins,Rockabilly Portrait,True,LIKE,2:50,170,VIs9Tko7apE,2024-08-20T13:40:20Z,commit:777ac1af
It Won't Be You,Bessie Smith,"The Complete Recordings, Vol. 4",False,INDIFFERENT,2:48,168,2wZ_JvAaqyU,2024-08-20T13:37:32Z,commit:777ac1af
Brain Cloudy Blues,Bob Wills and His Texas Playboys,The Essential Bob Wills & His Texas Playboys,False,INDIFFERENT,2:45,165,XXF5A4dlmRw,2024-08-20T13:34:47Z,commit:777ac1af
Down by the Riverside,Golden Gate Quartet,Gospel Masters: Ballin' the Jack,False,INDIFFERENT,2:50,170,M0syqGGeAws,2024-08-20T13:31:57Z,commit:777ac1af
Lazy River,The Mills Brothers,Paper Doll,False,INDIFFERENT,2:45,165,TcYEynlhZW0,2024-08-20T13:29:12Z,commit:777ac1af
Minor Blues,Django Reinhardt,Peche A La Mouche,False,INDIFFERENT,2:49,169,l3-g_9wHw2A,2024-08-20T13:26:23Z,commit:777ac1af
Brother Bill,The Golden Gate Quartet,24 Carrot,,LIKE,2:44,164,RzjEOwModdw,2024-08-20T13:23:39Z,commit:777ac1af
Sit Down,Sister Rosetta Tharpe,Sister Rosetta Tharpe Vol 1 (1938 - 1941),False,INDIFFERENT,2:25,145,cS6PgpTw_NA,2024-08-20T13:21:14Z,commit:777ac1af
Noah,The Jubalaires,Noah,False,INDIFFERENT,2:34,154,s4pKsuNH7z4,2024-08-20T13:18:40Z,commit:777ac1af
Moses Smote The Waters,Golden Gate Jubilee Quartet,Golden Gate Quartet Vol. 4 (1939-1943),False,INDIFFERENT,2:33,153,0hiFeh_oH_c,2024-08-20T13:16:07Z,commit:777ac1af
Go Where I Send Thee,Golden Gate Jubilee Quartet,Golden Gate Quartet Vol. 1 (1937-1938),,LIKE,2:22,142,6t7VQtB56x4,2024-08-20T13:13:45Z,commit:777ac1af
Didn't It Rain,The Golden Gate Quartet,24 Carrot,,LIKE,2:24,144,hbj2KTBzKuE,2024-08-20T13:11:21Z,commit:777ac1af
I'm A Pilgrim,Golden Gate Jubilee Quartet,Golden Gate Quartet Vol. 3 (1939),,LIKE,3:16,196,rx_36v32Jew,2024-08-20T13:08:05Z,commit:777ac1af
Dese Bones Gonna Rise Again,The Golden Gate Quartet,24 Carrot,,LIKE,2:13,133,mJL-pWtyC_s,2024-08-20T13:05:52Z,commit:777ac1af
Bechet's Blues,Sidney Bechet,"Sidney Bechet, Essentials",False,INDIFFERENT,1:57,117,qkH9Iea4DWQ,2024-08-20T13:03:55Z,commit:777ac1af
Hogan's Alley,Odetta,Odetta And The Blues,True,LIKE,2:10,130,uVPkqRZAskc,2024-08-20T13:01:45Z,commit:777ac1af
I'm Gonna Sit Right Down And Write Myself A Letter (Remastered 2000),Fats Waller,Fats Waller: Very Best of Fats Waller,False,INDIFFERENT,3:37,217,vw3OFb7lIzs,2024-08-20T12:58:08Z,commit:777ac1af
Oh my lord,Mahalia Jackson,The Gospel Train is Leaving 1930-1945,False,INDIFFERENT,2:54,174,FFyFGQ7vktg,2024-08-20T12:55:14Z,commit:777ac1af
Ol' Man Mose,The Golden Gate Quartet,Golden Gate Gospel Train (The Golden Gate Quartet Vol. 1),False,INDIFFERENT,2:04,124,RHESdwH91X0,2024-08-20T12:53:10Z,commit:777ac1af
Mean Old Bed Bug Blues,Bessie Smith,"Soul Sisters - Classic Female Black Performers, Vol. 10",False,INDIFFERENT,3:14,194,XIfOqzbOQdQ,2024-08-20T12:49:56Z,commit:777ac1af
Up above my head i hear music in the air,Tharpe Sister Rosetta,"The Swinging Gospel Queen 1939-1947 (feat. Lucky Millinder, Sammy Price, Marie Knight) [Blues Collection Historic Recordings]",False,INDIFFERENT,2:34,154,i0plkx1DDo0,2024-08-20T12:47:22Z,commit:777ac1af
How´m I Doin´ Hey Hey,The Mills Brothers,Tiger Rag (Original Recordings 1932 - 1934),False,INDIFFERENT,2:12,132,p1nZLKR6mlM,2024-08-20T12:45:10Z,commit:777ac1af
Baby Won't You Please Come Home - Take 1 (feat. Bill Coleman & his Orchestra),Django Reinhardt,"The Swing Sessions, Vol. 2",False,INDIFFERENT,3:01,181,oXgQYCnBowk,2024-08-20T12:42:09Z,commit:777ac1af
Alphabets Of The Bible (John The Revelator),Jubalaires,Gospel Classics,,INDIFFERENT,2:10,130,tPnkf90tvHU,2024-08-20T12:39:59Z,commit:777ac1af
Run On,Golden Gate Jubilee Quartet,Golden Gate Quartet Vol. 4 (1939-1943),False,INDIFFERENT,2:46,166,swjQeXgD2Oc,2024-08-20T12:37:13Z,commit:777ac1af
Lead Me On And On,Golden Gate Jubilee Quartet,Golden Gate Quartet Vol. 1 (1937-1938),,INDIFFERENT,2:04,124,gYE_FCkD8JY,2024-08-20T12:35:09Z,commit:777ac1af
Swanee River,Golden Gate Jubilee Quartet,Golden Gate Quartet Vol. 1 (1937-1938),,INDIFFERENT,2:26,146,B6gRtk4FASI,2024-08-20T12:32:43Z,commit:777ac1af
Dipsy Doodle,Golden Gate Jubilee Quartet,Golden Gate Quartet Vol. 1 (1937-1938),,INDIFFERENT,2:18,138,TcPe_5Wlo5c,2024-08-20T12:30:25Z,commit:777ac1af
Pure Religion,Golden Gate Jubilee Quartet,Golden Gate Quartet Vol. 1 (1937-1938),,INDIFFERENT,1:55,115,hW5WWA3aziY,2024-08-20T12:28:30Z,commit:777ac1af
Remember Me,Golden Gate Jubilee Quartet,Golden Gate Quartet Vol. 1 (1937-1938),,INDIFFERENT,2:33,153,a8j34V7t3vE,2024-08-20T12:25:57Z,commit:777ac1af
"John, The Revelator",Golden Gate Jubilee Quartet,Golden Gate Quartet Vol. 1 (1937-1938),,INDIFFERENT,2:19,139,auu2xugMpqA,2024-08-20T12:23:38Z,commit:777ac1af
Travelin' Shoes,Golden Gate Jubilee Quartet,Golden Gate Quartet Vol. 1 (1937-1938),,INDIFFERENT,1:54,114,2TtnubRvnmQ,2024-08-20T12:21:44Z,commit:777ac1af
Motherless Child,Golden Gate Jubilee Quartet,Golden Gate Quartet Vol. 1 (1937-1938),,INDIFFERENT,2:28,148,Lxk8Vn9ylM4,2024-08-20T12:19:16Z,commit:777ac1af
Found A Wonderful Savior,Golden Gate Jubilee Quartet,Golden Gate Quartet Vol. 1 (1937-1938),,INDIFFERENT,2:23,143,tljBsh9Z1To,2024-08-20T12:16:53Z,commit:777ac1af
Stand In The Test In Judgement,Golden Gate Jubilee Quartet,Golden Gate Quartet Vol. 1 (1937-1938),,INDIFFERENT,3:09,189,xBZV7CsFdHU,2024-08-20T12:13:44Z,commit:777ac1af
"Massa's In The Cold, Cold Ground",Golden Gate Jubilee Quartet,Golden Gate Quartet Vol. 1 (1937-1938),,INDIFFERENT,2:49,169,1WKaNkYqWf8,2024-08-20T12:10:55Z,commit:777ac1af
Carolina In The Morning,Golden Gate Jubilee Quartet,Golden Gate Quartet Vol. 1 (1937-1938),,INDIFFERENT,2:36,156,WIT99HEogso,2024-08-20T12:08:19Z,commit:777ac1af
Bonnet,Golden Gate Jubilee Quartet,Golden Gate Quartet Vol. 1 (1937-1938),,LIKE,2:01,121,nJWxPUwi0bI,2024-08-20T12:06:18Z,commit:777ac1af
Go Where I Send Thee,Golden Gate Jubilee Quartet,Golden Gate Quartet Vol. 1 (1937-1938),,LIKE,2:22,142,6t7VQtB56x4,2024-08-20T12:03:56Z,commit:777ac1af
Behold The Bridegroom Cometh,Golden Gate Jubilee Quartet,Golden Gate Quartet Vol. 1 (1937-1938),,INDIFFERENT,2:07,127,lqIE_IeNDbU,2024-08-20T12:01:49Z,commit:777ac1af
Born Ten Thousands Years Ago,Golden Gate Jubilee Quartet,Golden Gate Quartet Vol. 1 (1937-1938),,LIKE,1:55,115,-zH0HKDQ4Bs,2024-08-20T11:59:54Z,commit:777ac1af
Preacher And The Bear,Golden Gate Jubilee Quartet,Golden Gate Quartet Vol. 1 (1937-1938),,INDIFFERENT,2:51,171,3e-Raq5c-G4,2024-08-20T11:57:03Z,commit:777ac1af
Jonah,Golden Gate Jubilee Quartet,Golden Gate Quartet Vol. 1 (1937-1938),,INDIFFERENT,3:06,186,molhylMJ-r8,2024-08-20T11:53:57Z,commit:777ac1af
Bedside Of A Neighbor,Golden Gate Jubilee Quartet,Golden Gate Quartet Vol. 1 (1937-1938),,INDIFFERENT,2:50,170,HptGT_r_B20,2024-08-20T11:51:07Z,commit:777ac1af
Gabriel Blows His Horn,Golden Gate Jubilee Quartet,Golden Gate Quartet Vol. 1 (1937-1938),,INDIFFERENT,2:24,144,ag3GbX3txDQ,2024-08-20T11:48:43Z,commit:777ac1af
Cheer The Weary Traveler,Golden Gate Jubilee Quartet,Golden Gate Quartet Vol. 2 (1938-1939),False,INDIFFERENT,3:04,184,8u5S1LSickI,2024-08-20T11:45:39Z,commit:777ac1af
I Heard Zion Moan,Golden Gate Jubilee Quartet,Golden Gate Quartet Vol. 2 (1938-1939),False,INDIFFERENT,2:54,174,EmAMTmF8zew,2024-08-20T11:42:45Z,commit:777ac1af
The Devil With The Devil,Golden Gate Jubilee Quartet,Golden Gate Quartet Vol. 3 (1939),,INDIFFERENT,3:04,184,nIizEKmHrJg,2024-08-20T11:39:41Z,commit:777ac1af
Lis'n To De Lambs,Golden Gate Jubilee Quartet,Golden Gate Quartet Vol. 2 (1938-1939),False,INDIFFERENT,3:27,207,6P91iAzyzzs,2024-08-20T11:36:14Z,commit:777ac1af
Stalin Wasn't Stallin',Golden Gate Jubilee Quartet,Golden Gate Quartet Vol. 4 (1939-1943),False,INDIFFERENT,3:11,191,it6dTgt_RtY,2024-08-20T11:33:03Z,commit:777ac1af
Golden Gate Gospel Train,Golden Gate Jubilee Quartet,Golden Gate Quartet Vol. 1 (1937-1938),,INDIFFERENT,2:37,157,0dz_IsWKl6Y,2024-08-20T11:30:26Z,commit:777ac1af
Noah (028964),Golden Gate Jubilee Quartet,Golden Gate Quartet Vol. 2 (1938-1939),False,INDIFFERENT,2:10,130,JKMMiEnn0ic,2024-08-20T11:28:16Z,commit:777ac1af
When They Ring The Golden Bells,Golden Gate Jubilee Quartet,Golden Gate Quartet Vol. 2 (1938-1939),False,INDIFFERENT,1:54,114,JzFxpRl1FpM,2024-08-20T11:26:22Z,commit:777ac1af
My Walking Stick,Golden Gate Jubilee Quartet,Golden Gate Quartet Vol. 3 (1939),,LIKE,2:20,140,bkRqCHBHw68,2024-08-20T11:24:02Z,commit:777ac1af
Darling Nellie Gray,Golden Gate Jubilee Quartet,Golden Gate Quartet Vol. 3 (1939),,INDIFFERENT,3:06,186,4cmi9P4Wwww,2024-08-20T11:20:56Z,commit:777ac1af
What's New?,Golden Gate Jubilee Quartet,Golden Gate Quartet Vol. 3 (1939),,INDIFFERENT,2:21,141,Mih0VAlJBMs,2024-08-20T11:18:35Z,commit:777ac1af
I'm A Pilgrim,Golden Gate Jubilee Quartet,Golden Gate Quartet Vol. 3 (1939),,LIKE,3:16,196,rx_36v32Jew,2024-08-20T11:15:19Z,commit:777ac1af
If I Had My Way,Golden Gate Jubilee Quartet,Golden Gate Quartet Vol. 3 (1939),,INDIFFERENT,2:21,141,QF7BG3cOLF4,2024-08-20T11:12:58Z,commit:777ac1af
Gospel Train,Golden Gate Jubilee Quartet,Golden Gate Quartet Vol. 3 (1939),,INDIFFERENT,2:13,133,lyAZSkK-yeE,2024-08-20T11:10:45Z,commit:777ac1af
Timber,Golden Gate Jubilee Quartet,Golden Gate Quartet Vol. 3 (1939),,INDIFFERENT,2:43,163,LsMyhPwvr-Y,2024-08-20T11:08:02Z,commit:777ac1af
Brother Bill,The Golden Gate Quartet,24 Carrot,,LIKE,2:44,164,RzjEOwModdw,2024-08-20T11:05:18Z,commit:777ac1af
Darling Nellie Gray,The Golden Gate Quartet,24 Carrot,,INDIFFERENT,1:25,85,Q9Rfa_k_CeE,2024-08-20T11:03:53Z,commit:777ac1af
Atom and Evil,The Golden Gate Quartet,24 Carrot,,INDIFFERENT,3:20,200,P5nNQmRcFWk,2024-08-20T11:00:33Z,commit:777ac1af
Didn't It Rain,The Golden Gate Quartet,24 Carrot,,LIKE,2:24,144,hbj2KTBzKuE,2024-08-20T10:58:09Z,commit:777ac1af
Dese Bones Gonna Rise Again,The Golden Gate Quartet,24 Carrot,,LIKE,2:13,133,mJL-pWtyC_s,2024-08-20T10:55:56Z,commit:777ac1af
Daniel Saw The Stone (Negro-Spiritual),"The Golden Gate Quartet & Clyde Riddick, Clyde Wright, J. Caleb Ginyard, Orlando Wilson","""Serie All Stars Music"" Nº 039 Exclusive Remastered From Original Vinyl First Edition (Vintage Lps) ""Negro - Spirituals"" ""Gospel""",True,LIKE,2:21,141,UdN9B7UVkYs,2024-08-20T10:53:35Z,commit:777ac1af
Sobbin' Hearted Blues,Bessie Smith,"The Complete Recordings, Vol. 2",False,INDIFFERENT,3:01,181,M3M-Npau8ow,2024-08-20T10:50:34Z,commit:777ac1af
Nobody Knows You When You're Down And Out,Odetta,Odetta And The Blues,False,INDIFFERENT,2:21,141,uZr5Y485bIE,2024-08-20T10:48:13Z,commit:777ac1af
Haunted Road Blues,Clarence Ashley,Blue Ballads strings bands (1927 - 1938) Vol 2,False,INDIFFERENT,3:15,195,aWbUP5sbPig,2024-08-20T10:44:58Z,commit:777ac1af
You Better Run,Jubalaires,Gospel Classics,,INDIFFERENT,2:11,131,2UFXai38uoA,2024-08-20T10:42:47Z,commit:777ac1af
Just a Simple Melody,"Ella Fitzgerald, The Chick Webb Orchestra",Sing Me a Swing Song,False,INDIFFERENT,3:00,180,mxfq2ReqdD8,2024-08-20T10:39:47Z,commit:777ac1af
Get Away Jordan,Mahalia Jackson,I Believe,False,INDIFFERENT,2:39,159,1-tJVlX1m70,2024-08-20T10:37:08Z,commit:777ac1af
X-Temporaneous Boogie,Camille Howard,The Specialty Story,False,INDIFFERENT,2:06,126,M_YAjZK0pFU,2024-08-20T10:35:02Z,commit:777ac1af
One Day,The Angelic Gospel Singers & The Dixie H,Gospel Music,,INDIFFERENT,2:13,133,aQTbFh8V3rc,2024-08-20T10:32:49Z,commit:777ac1af
All to Myself Alone,Ray Charles,Acoustic Blues,False,INDIFFERENT,1:56,116,uL5wWZnZjbM,2024-08-20T10:30:53Z,commit:777ac1af
The Sheik of Araby,Sidney Bechet's One Man Band,The Legendary Sidney Bechet,False,INDIFFERENT,2:13,133,tTq8cOi1FCs,2024-08-20T10:28:40Z,commit:777ac1af
Hide Me In Thy Bosom,Thomas A. Dorsey,Precious Lord Recordings Of The Great Gospel Songs Of Thomas A. Dorsey,False,INDIFFERENT,1:56,116,kslcBu5rEPI,2024-08-20T10:26:44Z,commit:777ac1af
God Almighty's Gonna Cut You Down (Negro-Spiritual),"The Golden Gate Quartet & Clyde Riddick, Clyde Wright, J. Caleb Ginyard, Orlando Wilson","""Serie All Stars Music"" Nº 039 Exclusive Remastered From Original Vinyl First Edition (Vintage Lps) ""Negro - Spirituals"" ""Gospel""",False,INDIFFERENT,2:30,150,23qpzaAHBnY,2024-08-20T10:24:14Z,commit:777ac1af
Mary Don't You Weep,The Swan Silvertones,Gospel Music Anthology (Oh Happy Day),False,INDIFFERENT,2:47,167,ZerZdPZyq4A,2024-08-20T10:21:27Z,commit:777ac1af
Go Where I Send Thee,The Golden Gate Jubilee Quartet,Gospel Music,,LIKE,2:19,139,yz9kzV0_whE,2024-08-20T10:19:08Z,commit:777ac1af
Blue Moon,Dean Martin,Dream with Dean,False,INDIFFERENT,3:05,185,tgcqyULOcQs,2024-08-20T10:16:03Z,commit:777ac1af
Feeling Good,Nina Simone,I Put A Spell On You,False,INDIFFERENT,2:54,174,BNMKGYiJpvg,2024-08-20T10:13:09Z,commit:777ac1af
Swinging On A Star,Frank Sinatra,"Days Of Wine And Roses, Moon River And Other Academy Award Winners",False,INDIFFERENT,2:54,174,AnCqZXhGTm0,2024-08-20T10:10:15Z,commit:777ac1af
These Boots Are Made for Walkin',Nancy Sinatra,Boots,False,INDIFFERENT,2:48,168,ICjlGNXwjkE,2024-08-20T10:07:27Z,commit:777ac1af
You Don't Own Me,Lesley Gore,20th Century Masters: The Millennium Collection: Best Of Lesley Gore,False,INDIFFERENT,2:32,152,ZRTCx_1Reec,2024-08-20T10:04:55Z,commit:777ac1af
Walk On the Wild Side,Lou Reed,Transformer,False,INDIFFERENT,4:14,254,Qu6F-mMAQhk,2024-08-20T10:00:41Z,commit:777ac1af
Bang Bang (My Baby Shot Me Down),Nancy Sinatra,How Does That Grab You?,True,LIKE,2:42,162,OEFa4ztm9P0,2024-08-20T09:57:59Z,commit:777ac1af
Nym - Et Moi,"9.7M views, DLoaw",,,INDIFFERENT,3:46,226,kZnJSw2cNLc,2024-08-20T09:54:13Z,commit:777ac1af
You Wish,Nightmares on Wax,In A Space Outta Sound,False,INDIFFERENT,3:31,211,tkEPEKSmlYI,2024-08-20T09:50:42Z,commit:777ac1af
Brazilian Soul (Acoustic Bossa Version) (feat. Sofi Tukker),The Knocks,Brazilian Soul (Remixes),False,INDIFFERENT,4:11,251,oGBLviu_W18,2024-08-20T09:46:31Z,commit:777ac1af
Ungodly Fruit,Wax Tailor,Tales of the Forgotten Melodies,,INDIFFERENT,3:01,181,q_Y2xEWDVXQ,2024-08-20T09:43:30Z,commit:777ac1af
Ghostwriter,RJD2,Deadringer: Deluxe,False,INDIFFERENT,5:17,317,hY08FkhpPjk,2024-08-20T09:38:13Z,commit:777ac1af
Tourment d' amour (feat. Saneyes),La Fine Equipe,La Boulangerie 2 (La Fine Equipe & Friends),False,INDIFFERENT,2:14,134,FQW8fSyx_8o,2024-08-20T09:35:59Z,commit:777ac1af
Mama Jay,Frizzy P & Mr Cole,Ladi Dadi,False,INDIFFERENT,3:46,226,eWzmVzJcSKg,2024-08-20T09:32:13Z,commit:777ac1af
Que Sera,Wax Tailor,Tales of the Forgotten Melodies,,INDIFFERENT,2:45,165,TTLat9iFRp8,2024-08-20T09:29:28Z,commit:777ac1af
Voyage Libre (feat. Lou Lou Ghelickhani),Thievery Corporation,Treasures From The Temple,False,INDIFFERENT,3:56,236,2VrApg7BAJg,2024-08-20T09:25:32Z,commit:777ac1af
Tired of Fighting,Menahan Street Band,Make the Road By Walking,False,INDIFFERENT,3:32,212,F-OeFm6y384,2024-08-20T09:22:00Z,commit:777ac1af
Joeira (feat. João Pedreira),Kurup,Joeira,True,LIKE,5:02,302,Rq4_GZAYcOI,2024-08-20T09:16:58Z,commit:777ac1af
Time Is the Enemy,Quantic,Life in the Rain,False,INDIFFERENT,3:44,224,4W9iWpxLpOA,2024-08-20T09:13:14Z,commit:777ac1af
Days To Come (feat. Bajka),Bonobo,Days To Come,True,INDIFFERENT,3:50,230,dq67Un8Z2Cw,2024-08-20T09:09:24Z,commit:777ac1af
Turiya & Ramakrishna,Alice Coltrane,Ptah The El Daoud,False,INDIFFERENT,8:19,499,jOkBpSItuP8,2024-08-20T09:01:05Z,commit:777ac1af
August 10,Khruangbin,Con Todo El Mundo,True,LIKE,4:25,265,NA48_XQcuwc,2024-08-20T08:56:40Z,commit:777ac1af
Shine It,Medeski Martin & Wood,End Of The World Party (Just In Case),True,LIKE,5:00,300,qbs1O-IUBv8,2024-08-20T08:51:40Z,commit:777ac1af
Cumbia de Tototl,El Búho,Tamoachan,False,INDIFFERENT,3:52,232,LoxijR0ZjBw,2024-08-20T08:47:48Z,commit:777ac1af
Aces,Delvon Lamarr Organ Trio,I Told You So,False,INDIFFERENT,4:42,282,aZPOUq9-11w,2024-08-20T08:43:06Z,commit:777ac1af
20230109,Mac DeMarco,One Wayne G,,INDIFFERENT,3:10,190,PCPG19DKzf0,2024-08-20T08:39:56Z,commit:777ac1af
Jonny's Odyssey,Mac DeMarco,Salad Days,False,INDIFFERENT,2:39,159,RPgdZht906c,2024-08-20T08:37:17Z,commit:777ac1af
20210306,Mac DeMarco,One Wayne G,,INDIFFERENT,0:51,51,DdCN-dIk54A,2024-08-20T08:36:26Z,commit:777ac1af
Sheeta (Instrumental),Mac DeMarco,Old Dog Demos,False,INDIFFERENT,2:20,140,8qMli8gVMeQ,2024-08-20T08:34:06Z,commit:777ac1af
20200323 2,Mac DeMarco,One Wayne G,,INDIFFERENT,1:32,92,ggeV5rZOzb8,2024-08-20T08:32:34Z,commit:777ac1af
Tommy,Mac DeMarco,Other Here Comes The Cowboy Demos,False,INDIFFERENT,1:41,101,xl1IWWI03fk,2024-08-20T08:30:53Z,commit:777ac1af
20181002,Mac DeMarco,One Wayne G,,INDIFFERENT,0:33,33,2tq1iv6GKys,2024-08-20T08:30:20Z,commit:777ac1af
20190205 3,Mac DeMarco,One Wayne G,,INDIFFERENT,4:00,240,2DS7n00N0nc,2024-08-20T08:26:20Z,commit:777ac1af
20210529,Mac DeMarco,One Wayne G,,INDIFFERENT,2:22,142,FTzLemElNV0,2024-08-20T08:23:58Z,commit:777ac1af
20201128,Mac DeMarco,One Wayne G,,INDIFFERENT,2:04,124,zcPuam4IZ2Y,2024-08-20T08:21:54Z,commit:777ac1af
20221118,Mac DeMarco,One Wayne G,,INDIFFERENT,2:24,144,Ktzpyobq5Y8,2024-08-20T08:19:30Z,commit:777ac1af
20181019,Mac DeMarco,One Wayne G,,INDIFFERENT,2:56,176,W26yFNa69-Y,2024-08-20T08:16:34Z,commit:777ac1af
Onion Man,Mac DeMarco,Some Other Ones,False,INDIFFERENT,2:45,165,pW3WB_Rg8MI,2024-08-20T08:13:49Z,commit:777ac1af
Young Coconut,Mac DeMarco,Some Other Ones,False,INDIFFERENT,2:43,163,5SxdWlxRPdY,2024-08-20T08:11:06Z,commit:777ac1af
20190802,Mac DeMarco,One Wayne G,,INDIFFERENT,4:07,247,-Z2jRbtbM1s,2024-08-20T08:06:59Z,commit:777ac1af
20220401,Mac DeMarco,One Wayne G,,INDIFFERENT,2:28,148,TKGSfmkFRU8,2024-08-20T08:04:31Z,commit:777ac1af
Gualala 2,Mac DeMarco,Five Easy Hot Dogs,False,INDIFFERENT,2:27,147,k6noPb_-wZo,2024-08-20T08:02:04Z,commit:777ac1af
At Ron's Bris,Mac DeMarco,Another (Demo) One,False,INDIFFERENT,3:14,194,RNQ2MVJegUg,2024-08-20T07:58:50Z,commit:777ac1af
20190722,Mac DeMarco,One Wayne G,,INDIFFERENT,1:43,103,P-VS3vXjjtc,2024-08-20T07:57:07Z,commit:777ac1af
20230102,Mac DeMarco,One Wayne G,,INDIFFERENT,2:27,147,inaUPCBRF6M,2024-08-20T07:54:40Z,commit:777ac1af
Vancouver 3,Mac DeMarco,Five Easy Hot Dogs,False,INDIFFERENT,2:48,168,4u0YeMxVvCM,2024-08-20T07:51:52Z,commit:777ac1af
20190724 2,Mac DeMarco,One Wayne G,,INDIFFERENT,1:53,113,T4YTiJLvGhQ,2024-08-20T07:49:59Z,commit:777ac1af
20200330,Mac DeMarco,One Wayne G,,INDIFFERENT,2:19,139,n2vVgnmkLq4,2024-08-20T07:47:40Z,commit:777ac1af
20210629,Mac DeMarco,One Wayne G,,INDIFFERENT,1:18,78,t4v9DUNeY10,2024-08-20T07:46:22Z,commit:777ac1af
20201111,Mac DeMarco,One Wayne G,,LIKE,2:28,148,TL3R9F6tt4g,2024-08-20T07:43:54Z,commit:777ac1af
20201228,Mac DeMarco,One Wayne G,,INDIFFERENT,3:06,186,A6UBqH3k414,2024-08-20T07:40:48Z,commit:777ac1af
20200802,Mac DeMarco,One Wayne G,,INDIFFERENT,2:41,161,-dSBBO-JER0,2024-08-20T07:38:07Z,commit:777ac1af
20210720,Mac DeMarco,One Wayne G,,INDIFFERENT,3:34,214,O_0drNxFDmc,2024-08-20T07:34:33Z,commit:777ac1af
Hachiko,Mac DeMarco,Some Other Ones,False,INDIFFERENT,2:43,163,zmEKxniZJU0,2024-08-20T07:31:50Z,commit:777ac1af
20201119,Mac DeMarco,One Wayne G,,INDIFFERENT,1:47,107,dppefln9DR8,2024-08-20T07:30:03Z,commit:777ac1af
20220204,Mac DeMarco,One Wayne G,,INDIFFERENT,2:53,173,Nn0_xdOSc70,2024-08-20T07:27:10Z,commit:777ac1af
Edmonton 2,Mac DeMarco,Five Easy Hot Dogs,False,INDIFFERENT,2:44,164,9tocBnyXX_k,2024-08-20T07:24:26Z,commit:777ac1af
20221121,Mac DeMarco,One Wayne G,,INDIFFERENT,2:06,126,F7SgS0UhaRg,2024-08-20T07:22:20Z,commit:777ac1af
20210704,Mac DeMarco,One Wayne G,,INDIFFERENT,3:47,227,kgmE_pk-u6Y,2024-08-20T07:18:33Z,commit:777ac1af
20200101,Mac DeMarco,One Wayne G,,INDIFFERENT,2:29,149,0s8d2miLLfU,2024-08-20T07:16:04Z,commit:777ac1af
20221119,Mac DeMarco,One Wayne G,,INDIFFERENT,2:49,169,fS_ODjIpe9E,2024-08-20T07:13:15Z,commit:777ac1af
20201126 2,Mac DeMarco,One Wayne G,,INDIFFERENT,2:11,131,KeYGYEzWt3o,2024-08-20T07:11:04Z,commit:777ac1af
Edmonton,Mac DeMarco,Five Easy Hot Dogs,False,INDIFFERENT,2:24,144,GTQKjyFHt1I,2024-08-20T07:08:40Z,commit:777ac1af
20200223,Mac DeMarco,One Wayne G,,INDIFFERENT,3:22,202,qyq8cBnGItQ,2024-08-20T07:05:18Z,commit:777ac1af
20210701,Mac DeMarco,One Wayne G,,INDIFFERENT,2:14,134,2uHwPdeF8Ro,2024-08-20T07:03:04Z,commit:777ac1af
20211121 2,Mac DeMarco,One Wayne G,,INDIFFERENT,2:48,168,GDMWEAfEem0,2024-08-20T07:00:16Z,commit:777ac1af
20210815,Mac DeMarco,One Wayne G,,INDIFFERENT,2:30,150,oXtEryFimn8,2024-08-20T06:57:46Z,commit:777ac1af
20200324,Mac DeMarco,One Wayne G,,INDIFFERENT,2:40,160,yTrY-7whrH0,2024-08-20T06:55:06Z,commit:777ac1af
20211126,Mac DeMarco,One Wayne G,,INDIFFERENT,1:59,119,EVvORns1u_g,2024-08-20T06:53:07Z,commit:777ac1af
20221124,Mac DeMarco,One Wayne G,,INDIFFERENT,2:22,142,27zcb5NJ9c4,2024-08-20T06:50:45Z,commit:777ac1af
20190205 2,Mac DeMarco,One Wayne G,,INDIFFERENT,2:36,156,ygoxDKyiGRw,2024-08-20T06:48:09Z,commit:777ac1af
Pepperoni Playboy,Mac DeMarco,Salad Days Demos,False,INDIFFERENT,2:31,151,2LyymC5J6Ck,2024-08-20T06:45:38Z,commit:777ac1af
20221120 2,Mac DeMarco,One Wayne G,,INDIFFERENT,0:56,56,I2sS6Y_uh4s,2024-08-20T06:44:42Z,commit:777ac1af
Sloopy Lau Lau,Mac DeMarco,Salad Days Demos,False,INDIFFERENT,2:45,165,OKCYdb1Aj38,2024-08-20T06:41:57Z,commit:777ac1af
20201110,Mac DeMarco,One Wayne G,,INDIFFERENT,2:52,172,yG4VfbDNJls,2024-08-20T06:39:05Z,commit:777ac1af
Don Juan,Mac DeMarco,Some Other Ones,False,INDIFFERENT,1:57,117,I0f88uzhjr8,2024-08-20T06:37:08Z,commit:777ac1af
20190724,Mac DeMarco,One Wayne G,,LIKE,1:11,71,975vpVzfeRY,2024-08-20T06:35:57Z,commit:777ac1af
Frog Hollow (Instrumental),Mac DeMarco,Old Dog Demos,False,INDIFFERENT,1:55,115,PJnK3nAhgMM,2024-08-20T06:34:02Z,commit:777ac1af
Mac DeMarco - Dreamin - Instumental,"20K views, Hawksox11",,,INDIFFERENT,2:28,148,yFYLqJfMRVQ,2024-08-20T06:31:34Z,commit:777ac1af
20211129 2,Mac DeMarco,One Wayne G,,INDIFFERENT,1:48,108,3MACH51CVKc,2024-08-20T06:29:46Z,commit:777ac1af
Umaro (Instrumental),Mac DeMarco,Old Dog Demos,False,INDIFFERENT,2:15,135,dmK2PVy7Dw8,2024-08-20T06:27:31Z,commit:777ac1af
Very Spooky,Mac DeMarco,Other Here Comes The Cowboy Demos,False,INDIFFERENT,2:45,165,6s_PRhgtrVc,2024-08-20T06:24:46Z,commit:777ac1af
20210516,Mac DeMarco,One Wayne G,,INDIFFERENT,2:11,131,APf3--LDXQA,2024-08-20T06:22:35Z,commit:777ac1af
Ken The Wolf Boy,Mac DeMarco,Salad Days Demos,False,INDIFFERENT,2:37,157,KIxY8ojkJ6c,2024-08-20T06:19:58Z,commit:777ac1af
20190206,Mac DeMarco,One Wayne G,,INDIFFERENT,2:57,177,R0uLjZ0ma4Q,2024-08-20T06:17:01Z,commit:777ac1af
20210301,Mac DeMarco,One Wayne G,,INDIFFERENT,1:53,113,ph_un8eXpp4,2024-08-20T06:15:08Z,commit:777ac1af
20191011 You Made The Bed,Mac DeMarco,One Wayne G,,INDIFFERENT,2:14,134,_fNh0qgGf3s,2024-08-20T06:12:54Z,commit:777ac1af
20200811,Mac DeMarco,One Wayne G,,INDIFFERENT,1:23,83,A-G8HUghOiU,2024-08-20T06:11:31Z,commit:777ac1af
20210720 2,Mac DeMarco,One Wayne G,,INDIFFERENT,1:54,114,07nzwyUIcgg,2024-08-20T06:09:37Z,commit:777ac1af
20190726,Mac DeMarco,One Wayne G,,INDIFFERENT,1:47,107,Mt7Ai-2NHTM,2024-08-20T06:07:50Z,commit:777ac1af
20210813,Mac DeMarco,One Wayne G,,INDIFFERENT,1:03,63,GxHJHvVeUME,2024-08-20T06:06:47Z,commit:777ac1af
20210306 3,Mac DeMarco,One Wayne G,,INDIFFERENT,3:11,191,5iYJ4lNDkLk,2024-08-20T06:03:36Z,commit:777ac1af
20191228,Mac DeMarco,One Wayne G,,INDIFFERENT,1:51,111,RSrBXgeR02s,2024-08-20T06:01:45Z,commit:777ac1af
Chicago,Mac DeMarco,Five Easy Hot Dogs,False,INDIFFERENT,2:25,145,Oziul23ZrCE,2024-08-20T05:59:20Z,commit:777ac1af
20190205,Mac DeMarco,One Wayne G,,INDIFFERENT,4:53,293,OEMdq_D4Ar4,2024-08-20T05:54:27Z,commit:777ac1af
20191229,Mac DeMarco,One Wayne G,,INDIFFERENT,6:16,376,_7VD_ur8ZJ4,2024-08-20T05:48:11Z,commit:777ac1af
20180512,Mac DeMarco,One Wayne G,,INDIFFERENT,4:08,248,loQolUfkyvo,2024-08-20T05:44:03Z,commit:777ac1af
20180702 2,Mac DeMarco,One Wayne G,,INDIFFERENT,2:38,158,xi_60p1gqX8,2024-08-20T05:41:25Z,commit:777ac1af
20210709,Mac DeMarco,One Wayne G,,INDIFFERENT,2:23,143,CnwFSxgonCo,2024-08-20T05:39:02Z,commit:777ac1af
20220223,Mac DeMarco,One Wayne G,,INDIFFERENT,2:29,149,7G0WaHAk7yA,2024-08-20T05:36:33Z,commit:777ac1af
20221126,Mac DeMarco,One Wayne G,,INDIFFERENT,2:26,146,DOf_CbRa3FU,2024-08-20T05:34:07Z,commit:777ac1af
20220331,Mac DeMarco,One Wayne G,,INDIFFERENT,2:16,136,pwe0RDPa0lo,2024-08-20T05:31:51Z,commit:777ac1af
20200812,Mac DeMarco,One Wayne G,,INDIFFERENT,2:43,163,mxp4U-vbdmI,2024-08-20T05:29:08Z,commit:777ac1af
20200107,Mac DeMarco,One Wayne G,,INDIFFERENT,2:22,142,pSM6NSu_SAI,2024-08-20T05:26:46Z,commit:777ac1af
20210518,Mac DeMarco,One Wayne G,,INDIFFERENT,2:35,155,YYWVPSnB9sE,2024-08-20T05:24:11Z,commit:777ac1af
20210517,Mac DeMarco,One Wayne G,,INDIFFERENT,3:22,202,7BxZ08uNWWI,2024-08-20T05:20:49Z,commit:777ac1af
Potato Boy,Mac DeMarco,Salad Days Demos,False,INDIFFERENT,2:46,166,HKhJGkJt6_0,2024-08-20T05:18:03Z,commit:777ac1af
If You Want Me to Stay,Larry Goldings,Super Soul Jazz,False,INDIFFERENT,6:05,365,2knenLoOgeE,2024-08-20T05:11:58Z,commit:777ac1af
634.5789,"Monica Green, Project Soul",Monica Green & Project Soul,False,INDIFFERENT,3:07,187,SxClbX0n3kk,2024-08-20T05:08:51Z,commit:777ac1af
The Line,"Monica Green, Project Soul",Monica Green & Project Soul,False,INDIFFERENT,4:19,259,gahsMk3mEsg,2024-08-20T05:04:32Z,commit:777ac1af
If You Want Me to Stay,"Monica Green, Project Soul",Monica Green & Project Soul,True,LIKE,4:58,298,nnk47AuUWiE,2024-08-20T04:59:34Z,commit:777ac1af
Born Under a Bad Sign,Etta James,"Life, Love & The Blues",False,INDIFFERENT,3:29,209,70UkfQeXQ_c,2024-08-20T04:56:05Z,commit:777ac1af
If You Want Me to Stay,Etta James,"Life, Love & The Blues",True,INDIFFERENT,5:21,321,shbCl3Pj-cU,2024-08-20T04:50:44Z,commit:777ac1af
If You Want Me to Stay,Sly & The Family Stone,Fresh,True,LIKE,3:01,181,jkzWSL-gEO4,2024-08-20T04:47:43Z,commit:777ac1af
Hard To Tell,"Carrie Baxter, edbl",Hard To Tell,True,INDIFFERENT,3:51,231,yvVwzyaMpPA,2024-08-20T04:43:52Z,commit:777ac1af
Happy To Help,City Park,Happy To Help,False,INDIFFERENT,3:37,217,aQzgU37am2U,2024-08-20T04:40:15Z,commit:777ac1af
Meaning In The Moment,"Leo Sidran, Podsongs",Meaning in the Moment,True,LIKE,3:38,218,p7O-PR5SfWI,2024-08-20T04:36:37Z,commit:777ac1af
Antonio's Song (feat. Leo Minax & Olivier Ker Ourio),Leo Sidran,Cool School (The Music of Michael Franks),False,INDIFFERENT,4:12,252,90b1xFlTXBY,2024-08-20T04:32:25Z,commit:777ac1af
The Lady Wants to Know,Leo Sidran,Cool School (The Music of Michael Franks),False,INDIFFERENT,3:45,225,nVXLM7FMO0g,2024-08-20T04:28:40Z,commit:777ac1af
Monkey See Monkey Do,Leo Sidran,Cool School (The Music of Michael Franks),False,INDIFFERENT,4:01,241,_C0hU6cj92I,2024-08-20T04:24:39Z,commit:777ac1af
Harrison Ford Escort,Mac DeMarco,2 Demos,False,INDIFFERENT,2:53,173,i7rytP94rb8,2024-08-20T04:21:46Z,commit:777ac1af
20190813 3,Mac DeMarco,One Wayne G,,INDIFFERENT,1:33,93,wAybeCOhUwE,2024-08-20T04:20:13Z,commit:777ac1af
Wrestle a Live Nude Girl,Leo Sidran,Cool School (The Music of Michael Franks),True,LIKE,4:44,284,vr996jU1Kpg,2024-08-20T04:15:29Z,commit:777ac1af
20200326,Mac DeMarco,One Wayne G,,INDIFFERENT,1:49,109,m4E7harfPpg,2024-08-20T04:13:40Z,commit:777ac1af
20210720,Mac DeMarco,One Wayne G,,INDIFFERENT,3:34,214,O_0drNxFDmc,2024-08-20T04:10:06Z,commit:777ac1af
20180816,Mac DeMarco,One Wayne G,,INDIFFERENT,2:16,136,0vOsiY6-67M,2024-08-20T04:07:50Z,commit:777ac1af
my crush,muque,my crush,False,INDIFFERENT,2:41,161,cw9XsbJhO4U,2024-08-20T04:05:09Z,commit:777ac1af
20191011 You Made The Bed,Mac DeMarco,One Wayne G,,INDIFFERENT,2:14,134,_fNh0qgGf3s,2024-08-20T04:02:55Z,commit:777ac1af
20220328,Mac DeMarco,One Wayne G,,INDIFFERENT,2:02,122,wyzOLJ-GUhI,2024-08-20T04:00:53Z,commit:777ac1af
20210529,Mac DeMarco,One Wayne G,,INDIFFERENT,2:22,142,FTzLemElNV0,2024-08-20T03:58:31Z,commit:777ac1af
Mac DeMarco - Sherrill - Instumental,"8K views, Hawksox11",,,INDIFFERENT,2:28,148,agDkEQEF6nk,2024-08-20T03:56:03Z,commit:777ac1af
20190728,Mac DeMarco,One Wayne G,,INDIFFERENT,2:01,121,JZdRZuC00lM,2024-08-20T03:54:02Z,commit:777ac1af
20190210,Mac DeMarco,One Wayne G,,INDIFFERENT,4:42,282,Rt4izbn8-rA,2024-08-20T03:49:20Z,commit:777ac1af
20201125,Mac DeMarco,One Wayne G,,INDIFFERENT,2:53,173,XVoWzqv7E10,2024-08-20T03:46:27Z,commit:777ac1af
20210612,Mac DeMarco,One Wayne G,,INDIFFERENT,1:11,71,6eUELLBzKNc,2024-08-20T03:45:16Z,commit:777ac1af
Crescent City,Mac DeMarco,Five Easy Hot Dogs,False,INDIFFERENT,2:28,148,GdDUXRGUv_c,2024-08-20T03:42:48Z,commit:777ac1af
20210306,Mac DeMarco,One Wayne G,,INDIFFERENT,0:51,51,DdCN-dIk54A,2024-08-20T03:41:57Z,commit:777ac1af
20230109,Mac DeMarco,One Wayne G,,INDIFFERENT,3:10,190,PCPG19DKzf0,2024-08-20T03:38:47Z,commit:777ac1af
Jonny's Odyssey,Mac DeMarco,Salad Days,False,INDIFFERENT,2:39,159,RPgdZht906c,2024-08-20T03:36:08Z,commit:777ac1af
20200107 2,Mac DeMarco,One Wayne G,,INDIFFERENT,2:42,162,L3S3l2gezpM,2024-08-20T03:33:26Z,commit:777ac1af
20220202 2,Mac DeMarco,One Wayne G,,INDIFFERENT,2:25,145,tMcT7j29veQ,2024-08-20T03:31:01Z,commit:777ac1af
20191202,Mac DeMarco,One Wayne G,,INDIFFERENT,1:01,61,wZsjq-HxV0g,2024-08-20T03:30:00Z,commit:777ac1af
20200101,Mac DeMarco,One Wayne G,,INDIFFERENT,2:29,149,0s8d2miLLfU,2024-08-20T03:27:31Z,commit:777ac1af
Edmonton,Mac DeMarco,Five Easy Hot Dogs,False,INDIFFERENT,2:24,144,GTQKjyFHt1I,2024-08-20T03:25:07Z,commit:777ac1af
20210815,Mac DeMarco,One Wayne G,,INDIFFERENT,2:30,150,oXtEryFimn8,2024-08-20T03:22:37Z,commit:777ac1af
20221217,Mac DeMarco,One Wayne G,,LIKE,4:06,246,TbA5cKAuFmg,2024-08-20T03:18:31Z,commit:777ac1af
20200323 2,Mac DeMarco,One Wayne G,,INDIFFERENT,1:32,92,ggeV5rZOzb8,2024-08-20T03:16:59Z,commit:777ac1af
20190127,Mac DeMarco,One Wayne G,,INDIFFERENT,3:22,202,qLYV0XpqdgU,2024-08-20T03:13:37Z,commit:777ac1af
20201110 2,Mac DeMarco,One Wayne G,,INDIFFERENT,2:38,158,js7gt8kuxwE,2024-08-20T03:10:59Z,commit:777ac1af
20221125,Mac DeMarco,One Wayne G,,INDIFFERENT,2:29,149,T-nDJANbnaI,2024-08-20T03:08:30Z,commit:777ac1af
20200811,Mac DeMarco,One Wayne G,,INDIFFERENT,1:23,83,A-G8HUghOiU,2024-08-20T03:07:07Z,commit:777ac1af
20230102,Mac DeMarco,One Wayne G,,INDIFFERENT,2:27,147,inaUPCBRF6M,2024-08-20T03:04:40Z,commit:777ac1af
Little Pepper,Mac DeMarco,Some Other Ones,False,INDIFFERENT,2:40,160,JmDh6g2J4WY,2024-08-20T03:02:00Z,commit:777ac1af
20180512,Mac DeMarco,One Wayne G,,INDIFFERENT,4:08,248,loQolUfkyvo,2024-08-20T02:57:52Z,commit:777ac1af
The Road to Brancrug,Mickymar Productions Ltd,Book of Hours (Original Game Soundtrack),False,INDIFFERENT,3:13,193,Q514zHH7Y5w,2024-08-20T02:54:39Z,commit:777ac1af
Garment of Destiny,Lightbath,"Selected Public Works, Vol. 4",False,INDIFFERENT,6:33,393,h6b_foD7GXA,2024-08-20T02:48:06Z,commit:777ac1af
Harmonic Symmetry,"1.3M views, Richard Devine",,,INDIFFERENT,5:05,305,o791hgNvGIg,2024-08-20T02:43:01Z,commit:777ac1af
Tangerine Portal,Lightbath,"Selected Public Works, Vol. 4",False,INDIFFERENT,5:19,319,5cKAWMWH8bo,2024-08-20T02:37:42Z,commit:777ac1af
SpaceWave,"Analog Machine, Remixsample",Analog Machine Presents - Remixsample,False,INDIFFERENT,9:07,547,DaTQwl3vNVc,2024-08-20T02:28:35Z,commit:777ac1af
Bloom,Jogging House,I Was a Teenage Exocolonist (Original Soundtrack),False,INDIFFERENT,10:18,618,A_VXQM_zMWs,2024-08-20T02:18:17Z,commit:777ac1af
Love on a Real Train,State Azure,Dreams,False,INDIFFERENT,8:26,506,FIY5aCDvdNM,2024-08-20T02:09:51Z,commit:777ac1af
"Glowing Dawn, Across the River",R Beny,Eistla,False,INDIFFERENT,7:59,479,5pv7QMPz9k4,2024-08-20T02:01:52Z,commit:777ac1af
Holding a Feather,Lightbath,"Selected Public Works, Vol. 3",False,INDIFFERENT,8:24,504,ObmAWghNqxo,2024-08-20T01:53:28Z,commit:777ac1af
The Curve of Time,Lightbath,"Selected Public Works, Vol. 4",False,INDIFFERENT,5:00,300,Ko8LNyZDRp0,2024-08-20T01:48:28Z,commit:777ac1af
Cathedral Rock,Lightbath,"Selected Public Works, Vol. 4",False,INDIFFERENT,5:16,316,_NCFNTTkN6E,2024-08-20T01:43:12Z,commit:777ac1af
Returning,Lightbath,"Selected Public Works, Vol. 4",False,INDIFFERENT,4:18,258,NN9bJq3qyz8,2024-08-20T01:38:54Z,commit:777ac1af
Cathartic Pressure Waves (feat. Amulets),Lightbath,"Selected Public Works, Vol. 4",False,INDIFFERENT,7:07,427,TT-6tWTO86U,2024-08-20T01:31:47Z,commit:777ac1af
Garment of Destiny (Reprise),Lightbath,"Selected Public Works, Vol. 4",False,INDIFFERENT,9:49,589,GutfRlSyqBQ,2024-08-20T01:21:58Z,commit:777ac1af
When I Step Off That Beautiful Shore,Paul Williams,Hard Working Pilgrim,False,INDIFFERENT,4:22,262,ELVdxg-qiWo,2024-08-20T01:17:36Z,commit:777ac1af
I Went Down A Beggar But I Came Up A Millionaire,"Paul Williams, The Victory Trio",What A Journey,False,INDIFFERENT,3:53,233,XnNjlYPQchI,2024-08-20T01:13:43Z,commit:777ac1af
They Are Marching Down On High Street,Ye Banished Privateers,Hostis Humani Generis,False,INDIFFERENT,3:45,225,BsKB8MW-Nnk,2024-08-20T01:09:58Z,commit:777ac1af
My Main Trial Is Yet to Come,The Stanley Brothers,For The Good People,,INDIFFERENT,3:04,184,LKKqv-vL8hQ,2024-08-20T01:06:54Z,commit:777ac1af
Pass Me Not,The Stanley Brothers,For The Good People,,INDIFFERENT,2:38,158,n03a8o3yvSk,2024-08-20T01:04:16Z,commit:777ac1af
Purple Robe,The Stanley Brothers,For The Good People,,INDIFFERENT,2:40,160,IudfcWI0OI0,2024-08-20T01:01:36Z,commit:777ac1af
Mother Left Me Her Bible,The Stanley Brothers,For The Good People,,INDIFFERENT,2:24,144,PsBX9Z2SqGs,2024-08-20T00:59:12Z,commit:777ac1af
From the Manger to the Cross,The Stanley Brothers,For The Good People,,INDIFFERENT,2:21,141,DonpjLHdd2o,2024-08-20T00:56:51Z,commit:777ac1af
Jacob's Vision,The Stanley Brothers,For The Good People,,INDIFFERENT,2:15,135,pdejuC8_V24,2024-08-20T00:54:36Z,commit:777ac1af
Lonely Tombs,The Stanley Brothers,For The Good People,,INDIFFERENT,2:59,179,sx7kc3ra7BE,2024-08-20T00:51:37Z,commit:777ac1af
Over In the Glory Land,The Stanley Brothers,For The Good People,,INDIFFERENT,2:31,151,foh6RWoQubI,2024-08-20T00:49:06Z,commit:777ac1af
I'll Not Be a Stranger,The Stanley Brothers,For The Good People,,INDIFFERENT,3:07,187,pLtBGF9Mg_c,2024-08-20T00:45:59Z,commit:777ac1af
Four Books In the Bible,The Stanley Brothers,For The Good People,,INDIFFERENT,2:20,140,EpBGJZOQuGA,2024-08-20T00:43:39Z,commit:777ac1af
Jordan,The Stanley Brothers,For The Good People,,INDIFFERENT,2:03,123,yw2aVVwgP4A,2024-08-20T00:41:36Z,commit:777ac1af
When Jesus Beckons Me Home,The Stanley Brothers,For The Good People,,INDIFFERENT,2:08,128,HT-q5TgmwGE,2024-08-20T00:39:28Z,commit:777ac1af
One Of These Mornings,New Ground,Not In A Million Years,False,INDIFFERENT,2:32,152,MnFmAEIz4Xs,2024-08-20T00:36:56Z,commit:777ac1af
You'd Better Run,Jordanaires,Jordanaires,False,INDIFFERENT,2:19,139,rEUJgN7rnRE,2024-08-20T00:34:37Z,commit:777ac1af
Working On a Building,Jordanaires,Jordanaires,False,INDIFFERENT,1:56,116,7Jmc33ua3MU,2024-08-20T00:32:41Z,commit:777ac1af
Walk In Jerusalem,Jordanaires,Jordanaires,False,INDIFFERENT,2:25,145,MQQYktoYi3k,2024-08-20T00:30:16Z,commit:777ac1af
Dip Your Fingers In Some Water,Jordanaires,Jordanaires,False,INDIFFERENT,2:06,126,kk1iQkKuBzI,2024-08-20T00:28:10Z,commit:777ac1af
Dig a Little Deeper,Jordanaires,Jordanaires,False,INDIFFERENT,1:46,106,vTSjV6iWgxQ,2024-08-20T00:26:24Z,commit:777ac1af
One of These Mornings,Jordanaires,Jordanaires,False,INDIFFERENT,2:00,120,-iPzia91eYQ,2024-08-20T00:24:24Z,commit:777ac1af
One of These Mornings,Ernie Haase & Signature Sound,Happy People,False,INDIFFERENT,2:10,130,dIEEWMmhSDs,2024-08-20T00:22:14Z,commit:777ac1af
Jesus Hits Like The Atom Bomb,Pilgrim Travelers,Best Of The Pilgrim Travelers,False,INDIFFERENT,2:26,146,qva1afSKv3I,2024-08-20T00:19:48Z,commit:777ac1af
Stand Up And Testify,The Swan Silvertones,Golden Gospel Classics: The Swan Silvertones,False,INDIFFERENT,2:34,154,q9NX8imfVzs,2024-08-20T00:17:14Z,commit:777ac1af
Breaking Bad - Season 3 - Chuy Flores - Veneno,"3.1M views, Crystal Blue",,,INDIFFERENT,2:43,163,YhderDfBtRA,2024-08-20T00:14:31Z,commit:777ac1af
Did You Stop to Pray This Morning,Pilgrim Travelers,This Little Light,False,INDIFFERENT,2:51,171,EvlWUD3B5p8,2024-08-20T00:11:40Z,commit:777ac1af
How I Got Over (Live),Mahalia Jackson,The Best Of Mahalia Jackson,False,INDIFFERENT,6:41,401,v_v7Myv0K8M,2024-08-20T00:04:59Z,commit:777ac1af
Feed Me Jesus,The Swan Silvertones,Saviour Pass Me Not,False,INDIFFERENT,2:42,162,Bia9BsaB35k,2024-08-20T00:02:17Z,commit:777ac1af
Milky White Way,The Trumpeteers,"Rare Country Classics, Vol.9",False,INDIFFERENT,2:46,166,-foS70Zg-lc,2024-08-19T23:59:31Z,commit:777ac1af
Where Shall I Go,The Trumpeteers,Gospel Music,False,INDIFFERENT,2:48,168,7RyVylvi7mQ,2024-08-19T23:56:43Z,commit:777ac1af
Can't Sit Down,Sister Rosetta Tharpe,Sing Sister Sing,False,INDIFFERENT,1:48,108,vEyhOvmQI78,2024-08-19T23:54:55Z,commit:777ac1af
When The Saints Go Marching In (Negro-Spiritual),"The Golden Gate Quartet & Clyde Riddick, Clyde Wright, J. Caleb Ginyard, Orlando Wilson","""Serie All Stars Music"" Nº 039 Exclusive Remastered From Original Vinyl First Edition (Vintage Lps) ""Negro - Spirituals"" ""Gospel""",False,INDIFFERENT,2:42,162,GL7Cg1VRzxc,2024-08-19T23:52:13Z,commit:777ac1af
Jada (feat. Sidney BEchet & Mezz Merrow),Tommy Ladnier,Black Horns - Rare Cuts Well Done Vol 10,False,INDIFFERENT,2:56,176,iYJyHSAWLyM,2024-08-19T23:49:17Z,commit:777ac1af
September In The Rain,Dinah Washington,September In The Rain,False,INDIFFERENT,2:10,130,bzLwGA3e3ME,2024-08-19T23:47:07Z,commit:777ac1af
If You Build a Better Mousetrap,Peggy Lee,The Complete Recordings 1941-1947,False,INDIFFERENT,3:03,183,VhhCDk0QWzY,2024-08-19T23:44:04Z,commit:777ac1af
Swing Down Chariot (Negro-Spiritual),"The Golden Gate Quartet & Clyde Riddick, Clyde Wright, J. Caleb Ginyard, Orlando Wilson","""Serie All Stars Music"" Nº 039 Exclusive Remastered From Original Vinyl First Edition (Vintage Lps) ""Negro - Spirituals"" ""Gospel""",False,INDIFFERENT,3:03,183,o_xSoE6HIMs,2024-08-19T23:41:01Z,commit:777ac1af
My God Is Real,Mahalia Jackson,Gospel Music,False,INDIFFERENT,3:38,218,UmVyYXcvZoo,2024-08-19T23:37:23Z,commit:777ac1af
Go Where I Send Thee,The Golden Gate Jubilee Quartet,Gospel Music,True,LIKE,2:19,139,yz9kzV0_whE,2024-08-19T23:35:04Z,commit:777ac1af
Just a Simple Melody,"Ella Fitzgerald, The Chick Webb Orchestra",Sing Me a Swing Song,False,INDIFFERENT,3:00,180,mxfq2ReqdD8,2024-08-19T23:32:04Z,commit:777ac1af
Frenzy,Jay Hawkins,Screamin' Jay Hawkins,False,INDIFFERENT,2:11,131,2dR__1tliO4,2024-08-19T23:29:53Z,commit:777ac1af
God Almighty's Gonna Cut You Down (Negro-Spiritual),"The Golden Gate Quartet & Clyde Riddick, Clyde Wright, J. Caleb Ginyard, Orlando Wilson","""Serie All Stars Music"" Nº 039 Exclusive Remastered From Original Vinyl First Edition (Vintage Lps) ""Negro - Spirituals"" ""Gospel""",False,INDIFFERENT,2:30,150,23qpzaAHBnY,2024-08-19T23:27:23Z,commit:777ac1af
I Ain't Got No Heart,The Mothers Of Invention,Freak Out!,False,INDIFFERENT,2:36,156,Sb8mk9feIQk,2024-08-19T23:24:47Z,commit:777ac1af
It's Only A Paper Moon,"Ella Fitzgerald, The Delta Rhythm Boys",Ella: The Legendary Decca Recordings,False,INDIFFERENT,2:37,157,lKoKy0oPfvg,2024-08-19T23:22:10Z,commit:777ac1af
Steel Guitar Rag,Bob Wills and His Texas Playboys,The Essential Bob Wills & His Texas Playboys,False,INDIFFERENT,2:34,154,ehnxV5SL2Cw,2024-08-19T23:19:36Z,commit:777ac1af
Blind Barnabus (Negro-Spiritual),"The Golden Gate Quartet & Clyde Riddick, Clyde Wright, J. Caleb Ginyard, Orlando Wilson","""Serie All Stars Music"" Nº 039 Exclusive Remastered From Original Vinyl First Edition (Vintage Lps) ""Negro - Spirituals"" ""Gospel""",False,INDIFFERENT,2:07,127,wG0uIRJvEho,2024-08-19T23:17:29Z,commit:777ac1af
All That Meat & No Potatoes,Fats Waller,Fats Waller: Very Best of Fats Waller,False,INDIFFERENT,2:48,168,VaJRg-RZ8Vo,2024-08-19T23:14:41Z,commit:777ac1af
Ezekiel Saw De Wheel (feat. Sy Oliver Choir & The All Stars),Louis Armstrong,Louis And The Good Book (Expanded Edition),False,INDIFFERENT,2:34,154,sDJwQqAiH2o,2024-08-19T23:12:07Z,commit:777ac1af
Lover Come Back to Me,Mildred Bailey,Lady Sings the Blues,False,INDIFFERENT,3:06,186,tyzU60ahH7o,2024-08-19T23:09:01Z,commit:777ac1af
No Matter How You Pray,Mahalia Jackson,The Original Apollo Sessions,False,INDIFFERENT,1:53,113,46Uo1VpHbgw,2024-08-19T23:07:08Z,commit:777ac1af
"Long, Lean & Lanky",Jubalaires,Gospel Classics,,INDIFFERENT,1:51,111,wObwpkuiDMA,2024-08-19T23:05:17Z,commit:777ac1af
St. Louis Blues,Jubalaires,Gospel Classics,,INDIFFERENT,2:16,136,THQEuGve4p8,2024-08-19T23:03:01Z,commit:777ac1af
My Father's Rich,Jubalaires,Gospel Classics,,INDIFFERENT,3:34,214,x2CwRsBQqME,2024-08-19T22:59:27Z,commit:777ac1af
Casey Jones,Jubalaires,Gospel Classics,,INDIFFERENT,2:04,124,kWImZ_Kh8Ts,2024-08-19T22:57:23Z,commit:777ac1af
Rockin' Chair,Jubalaires,Gospel Classics,,INDIFFERENT,2:46,166,rJ1gzPsvHFQ,2024-08-19T22:54:37Z,commit:777ac1af
I Declare This World Is In A Bad Condition,Jubalaires,Gospel Classics,,INDIFFERENT,2:07,127,OhOVDXqnoyk,2024-08-19T22:52:30Z,commit:777ac1af
Sampson And Delilah,Jubalaires,Gospel Classics,,INDIFFERENT,2:09,129,3ZNIxlAlEC4,2024-08-19T22:50:21Z,commit:777ac1af
John Saw The Number,Jubalaires,Gospel Classics,,INDIFFERENT,1:59,119,XmcNSAkf3IM,2024-08-19T22:48:22Z,commit:777ac1af
Alphabets Of The Bible (John The Revelator),Jubalaires,Gospel Classics,,INDIFFERENT,2:10,130,tPnkf90tvHU,2024-08-19T22:46:12Z,commit:777ac1af
Handwriting On The Wall,Jubalaires,Gospel Classics,,INDIFFERENT,1:47,107,u0_pwW_W2P4,2024-08-19T22:44:25Z,commit:777ac1af
What Did Jesus Say,Jubalaires,Gospel Classics,,INDIFFERENT,2:56,176,cvV6tBTl1iE,2024-08-19T22:41:29Z,commit:777ac1af
You Better Run,Jubalaires,Gospel Classics,,INDIFFERENT,2:11,131,2UFXai38uoA,2024-08-19T22:39:18Z,commit:777ac1af
Old Lamb,Jubalaires,Gospel Classics,,INDIFFERENT,2:10,130,Zcdhppg1oTU,2024-08-19T22:37:08Z,commit:777ac1af
When The Midnight Choo Choo Leaves For Alabama,Jubalaires,Gospel Classics,,INDIFFERENT,2:09,129,N8Me9HR-EWQ,2024-08-19T22:34:59Z,commit:777ac1af
Dese Bones Gwine Rise Again,Jubalaires,Gospel Classics,,INDIFFERENT,2:18,138,7-s9cKrGnr8,2024-08-19T22:32:41Z,commit:777ac1af
Swing Down Chariot,Jubalaires,Gospel Classics,,INDIFFERENT,1:51,111,WcMbetZetuQ,2024-08-19T22:30:50Z,commit:777ac1af
Jube's Blues,Jubalaires,Gospel Classics,,INDIFFERENT,2:24,144,APEWkYoegJY,2024-08-19T22:28:26Z,commit:777ac1af
"He Understands, He'll Say ""Well Done""",Jubalaires,Gospel Classics,,INDIFFERENT,3:06,186,vcQMHrJ5ieU,2024-08-19T22:25:20Z,commit:777ac1af
My Trouble Is Hard,Jubalaires,Gospel Classics,,INDIFFERENT,2:05,125,7hGj-Xi6A5g,2024-08-19T22:23:15Z,commit:777ac1af
When The Moon Goes Down,Jubalaires,Gospel Classics,,INDIFFERENT,1:55,115,LyTJiLuJxoI,2024-08-19T22:21:20Z,commit:777ac1af
Live A-Humble,Jubalaires,Gospel Classics,,INDIFFERENT,2:35,155,hV3p7pu1htk,2024-08-19T22:18:45Z,commit:777ac1af
The Preacher And The Bear,Jubalaires,Gospel Classics,,INDIFFERENT,2:49,169,QeZyZOG2rjs,2024-08-19T22:15:56Z,commit:777ac1af
Ezekiel,Jubalaires,Gospel Classics,,LIKE,2:19,139,9VwZOKew7bQ,2024-08-19T22:13:37Z,commit:777ac1af
Moses Smote The Water,Jubalaires,Gospel Classics,,INDIFFERENT,1:16,76,gP1nHsFVp80,2024-08-19T22:12:21Z,commit:777ac1af
Across The Alley From The Alamo,The Mills Brothers,Mills Brothers - From The Archives (Digitally Remastered),False,INDIFFERENT,2:12,132,HtMME5lNWd4,2024-08-19T22:10:09Z,commit:777ac1af
"Jump Down, Spin Around",Harry Belafonte,Belafonte,False,INDIFFERENT,2:00,120,ndrkqoCInLM,2024-08-19T22:08:09Z,commit:777ac1af
Alabamy Bound,Ray Charles,Ray Charles - Georgia On My Mind,False,INDIFFERENT,1:54,114,87d3uwhaU7s,2024-08-19T22:06:15Z,commit:777ac1af
Shadrack (Negro-Spiritual),"The Golden Gate Quartet & Clyde Riddick, Clyde Wright, J. Caleb Ginyard, Orlando Wilson","""Serie All Stars Music"" Nº 039 Exclusive Remastered From Original Vinyl First Edition (Vintage Lps) ""Negro - Spirituals"" ""Gospel""",False,INDIFFERENT,2:19,139,IKRGCtEogTo,2024-08-19T22:03:56Z,commit:777ac1af
Daniel Saw The Stone (Negro-Spiritual),"The Golden Gate Quartet & Clyde Riddick, Clyde Wright, J. Caleb Ginyard, Orlando Wilson","""Serie All Stars Music"" Nº 039 Exclusive Remastered From Original Vinyl First Edition (Vintage Lps) ""Negro - Spirituals"" ""Gospel""",True,LIKE,2:21,141,UdN9B7UVkYs,2024-08-19T22:01:35Z,commit:777ac1af
Help Yourself,The Devil Makes Three,Do Wrong Right,,INDIFFERENT,3:58,238,qAqel1hDewQ,2024-08-19T21:57:37Z,commit:777ac1af
Do Right Woman,Chuck Darwin and The Knuckledraggers,Three Car Pileup,,INDIFFERENT,3:29,209,EO7Q5fB9NoU,2024-08-19T21:54:08Z,commit:777ac1af
Drinkin' Whiskey Tonight,Pokey LaFarge,Middle of Everywhere,,LIKE,2:53,173,GWqjF81M5h4,2024-08-19T21:51:15Z,commit:777ac1af
Wrestle a Live Nude Girl,Leo Sidran,Cool School (The Music of Michael Franks),True,LIKE,4:44,284,vr996jU1Kpg,2024-08-19T21:46:31Z,commit:777ac1af
Poison Trees,The Devil Makes Three,Do Wrong Right,,INDIFFERENT,3:58,238,uia5vCOAk2Y,2024-08-19T21:42:33Z,commit:777ac1af
Blue Boy,Mac DeMarco,Salad Days,False,INDIFFERENT,2:07,127,GXuIWm12S24,2024-08-19T21:40:26Z,commit:777ac1af
For the First Time,Mac DeMarco,This Old Dog,False,INDIFFERENT,3:03,183,cZCm_i6YvAk,2024-08-19T21:37:23Z,commit:777ac1af
One More Love Song,Mac DeMarco,This Old Dog,False,INDIFFERENT,4:02,242,eMztEjtPm4o,2024-08-19T21:33:21Z,commit:777ac1af
Chamber Of Reflection,Mac DeMarco,Salad Days,False,INDIFFERENT,3:52,232,pQsF3pzOc54,2024-08-19T21:29:29Z,commit:777ac1af
On the Level,Mac DeMarco,This Old Dog,False,INDIFFERENT,3:48,228,WOV3c0t-Mwk,2024-08-19T21:25:41Z,commit:777ac1af
Heart To Heart,Mac DeMarco,Here Comes The Cowboy,False,INDIFFERENT,3:32,212,qBoQzo98EpQ,2024-08-19T21:22:09Z,commit:777ac1af
My Kind of Woman,Mac DeMarco,2,False,INDIFFERENT,3:10,190,1_tjOgqG8Yc,2024-08-19T21:18:59Z,commit:777ac1af
Train 45 (Instrumental),"Mark Howard, Sam Bush, Stuart Duncan",Lonesome Whistle,False,INDIFFERENT,2:12,132,7wz1-sWf_Qc,2024-08-19T21:16:47Z,commit:777ac1af
Wayside (Back In Time),Chris Thile,How To Grow A Woman From The Ground,,INDIFFERENT,2:46,166,IgDjznzUObg,2024-08-19T21:14:01Z,commit:777ac1af
Clarinet Polka,Béla Fleck,"The Bluegrass Sessions: Tales From The Acoustic Planet, Vol. 2",False,INDIFFERENT,1:33,93,WP0gBN89jyY,2024-08-19T21:12:28Z,commit:777ac1af
Railroad Bill,Crooked Still,Shaken By A Low Sound,,LIKE,2:19,139,S9k2cUH6g7o,2024-08-19T21:10:09Z,commit:777ac1af
Arachnid Stomp,"David Grisman, Sam Bush","Hold On, We're Strummin'",,INDIFFERENT,1:34,94,Tv8X1pSZJJ8,2024-08-19T21:08:35Z,commit:777ac1af
Policeman,Foghorn Stringband,Rattlesnake Tidal Wave,,LIKE,3:17,197,1b7dQ2DLc_M,2024-08-19T21:05:18Z,commit:777ac1af
Reeb Willms performs Last of My Kind in Frank Lloyd Wright's Millard House,"89K views, Stephen Schauer",,,INDIFFERENT,3:15,195,okqyQpYRKbk,2024-08-19T21:02:03Z,commit:777ac1af
Brakeman's Blues,Chris Thile,How To Grow A Woman From The Ground,,INDIFFERENT,3:43,223,U-V5J67e-FQ,2024-08-19T20:58:20Z,commit:777ac1af
Hearts In A Cage (4hero Remix),Natalie Duncan,Hearts In A Cage (4hero Remix),False,INDIFFERENT,4:36,276,OIMUYURChuU,2024-08-19T20:53:44Z,commit:777ac1af
Haunted House,After School Surf Club,Haunted House,False,INDIFFERENT,3:07,187,SFFrjTyPZyc,2024-08-19T20:50:37Z,commit:777ac1af
Sunday Driver,The Limp Twins,Tales from Beyond the Groove,False,INDIFFERENT,3:30,210,Ia415MKyTsk,2024-08-19T20:47:07Z,commit:777ac1af
Prince Vince (feat. Julia Minkin),Kid Francescoli,With Julia,False,INDIFFERENT,2:32,152,_4eBtdLztTE,2024-08-19T20:44:35Z,commit:777ac1af
3 Bandits,Bumcello,Nude for Love,False,INDIFFERENT,2:54,174,OVM2jKcqfGU,2024-08-19T20:41:41Z,commit:777ac1af
Make the Road By Walking,Menahan Street Band,Make the Road By Walking,False,INDIFFERENT,3:04,184,iV93hXBZinw,2024-08-19T20:38:37Z,commit:777ac1af
Damn,Nightmares on Wax,In A Space Outta Sound,False,INDIFFERENT,7:39,459,ekPt4VlzORU,2024-08-19T20:30:58Z,commit:777ac1af
onceortwice,Oscar Anton,July Pack,False,INDIFFERENT,3:07,187,IVgPIPf3NwI,2024-08-19T20:27:51Z,commit:777ac1af
"Source (Makaya McCraven Remix) (feat. Ms MAURICE, Cassie Kinoshi & Richie Seivwright)",Nubya Garcia,Source (Makaya McCraven Remix),False,INDIFFERENT,5:36,336,PXSA0nWblJw,2024-08-19T20:22:15Z,commit:777ac1af
Father,The Quantic Soul Orchestra,Tropidélico,False,LIKE,2:23,143,pqtUZYhvIBY,2024-08-19T20:19:52Z,commit:777ac1af
Footprints,Ezra Collective,Footprints,False,INDIFFERENT,6:22,382,nSXNYCHuCM0,2024-08-19T20:13:30Z,commit:777ac1af
Love Language,Zinadelphia,Love Language,False,INDIFFERENT,3:29,209,9ILP-z64vpE,2024-08-19T20:10:01Z,commit:777ac1af
Wobble Jazz (Vitamin D Re-Edit),KSOZE,Bust Free 9,False,INDIFFERENT,6:02,362,g1WJlsO44Gw,2024-08-19T20:03:59Z,commit:777ac1af
Pony,Deluxe,Polishing Peanuts EP,False,INDIFFERENT,3:29,209,BcKAZCMF3jE,2024-08-19T20:00:30Z,commit:777ac1af
Show Me Love (feat. Jimi Bellmartin),The Soul Snatchers,Scratch My Itch,False,INDIFFERENT,2:48,168,y0QcuIdso0A,2024-08-19T19:57:42Z,commit:777ac1af
Finally Moving,Pretty Lights,Taking up Your Precious Time,False,INDIFFERENT,4:38,278,rSW-L4kXun8,2024-08-19T19:53:04Z,commit:777ac1af
Don't Let Go,Pacha Massive,All Good Things,False,INDIFFERENT,3:32,212,J0hA6RPJCQY,2024-08-19T19:49:32Z,commit:777ac1af
Ruby,Ben Mazué,33 ans,False,INDIFFERENT,2:19,139,biTROayyUsY,2024-08-19T19:47:13Z,commit:777ac1af
Redwood,Nym,Warm Blooded Lizard,False,INDIFFERENT,2:56,176,4XDsa0ThKvM,2024-08-19T19:44:17Z,commit:777ac1af
Disko Dansen,Dafuniks,Searching,False,INDIFFERENT,2:11,131,nUpwSCG1JNY,2024-08-19T19:42:06Z,commit:777ac1af
So Easy,Röyksopp,Melody A.M.,False,INDIFFERENT,4:10,250,5Mcj_YtQhbQ,2024-08-19T19:37:56Z,commit:777ac1af
Bande De Dégénérés,Kognitif,Monometric,False,INDIFFERENT,3:00,180,dpeoGuj6oFU,2024-08-19T19:34:56Z,commit:777ac1af
Fiesta,80s Casual,Bust Free 2,False,INDIFFERENT,4:28,268,Fps5NJB_Auo,2024-08-19T19:30:28Z,commit:777ac1af
The Gentle Rain (RJD2 Remix),Astrud Gilberto,Verve Remixed 3,False,INDIFFERENT,6:00,360,j8_gAQsbvJ4,2024-08-19T19:24:28Z,commit:777ac1af
The Sophisticated Hippie (Easy Mo Bee Remix),Horace Silver,The New Groove: The Blue Note Remix Project Vol. 1,False,INDIFFERENT,6:54,414,bQgoCZ6oqxs,2024-08-19T19:17:34Z,commit:777ac1af
I Had a Woman,Wax Tailor,By Any Beats Necessary,False,INDIFFERENT,2:40,160,Pyfzgw6bYHs,2024-08-19T19:14:54Z,commit:777ac1af
Fade (KEARL Remix),Takuya Kuroda,Fade,False,INDIFFERENT,5:22,322,1m6fvoZFpqk,2024-08-19T19:09:32Z,commit:777ac1af
Lost in Bass,Supervision,Telescopic,False,INDIFFERENT,4:52,292,IKcZdfP5dGY,2024-08-19T19:04:40Z,commit:777ac1af
Ghost Train,Gorillaz,G-Sides,False,INDIFFERENT,3:55,235,Bfq4ioHmiHs,2024-08-19T19:00:45Z,commit:777ac1af
Close to My Fire (feat. Anna Leyne),Slackwax,Close to My Fire,False,INDIFFERENT,3:58,238,aPbKsjtC5wQ,2024-08-19T18:56:47Z,commit:777ac1af
Au revoir,Clara Luciani,Cœur,False,INDIFFERENT,3:07,187,4kbB4g2LUkk,2024-08-19T18:53:40Z,commit:777ac1af
It's About Showtime,Scratch Bandits Crew,En petites coupures...,False,INDIFFERENT,2:20,140,isWvZcWVGTk,2024-08-19T18:51:20Z,commit:777ac1af
The Garden,Cut Chemist,The Garden (DMD Single),False,INDIFFERENT,6:15,375,h8l0NFmuNO0,2024-08-19T18:45:05Z,commit:777ac1af
Mystic Bounce,Madlib,Shades Of Blue: Madlib Invades Blue Note,False,LIKE,3:57,237,W2eAKUX2CEA,2024-08-19T18:41:08Z,commit:777ac1af
Post Houmous,Morcheeba,Who Can You Trust? / Beats & B-Sides,False,INDIFFERENT,1:50,110,6FZ4LtPAZ6Y,2024-08-19T18:39:18Z,commit:777ac1af
Raid the Radio,General Elektriks,Good City for Dreamers (Deluxe Edition),False,INDIFFERENT,3:49,229,8APLr6QR82s,2024-08-19T18:35:29Z,commit:777ac1af
Lansana's Priestess (Remix),DJ Spinna,Blue Note Revisited,False,INDIFFERENT,6:04,364,66179hPmCSU,2024-08-19T18:29:25Z,commit:777ac1af
Bass and Time,Ancient Astronauts,Into Bass and Time,False,INDIFFERENT,1:51,111,nFn7LVmdzPI,2024-08-19T18:27:34Z,commit:777ac1af
Stay Loose (Lyrics Born Remix),Jimmy Smith,Verve Remixed 3,False,INDIFFERENT,3:19,199,QcdOYOjkA78,2024-08-19T18:24:15Z,commit:777ac1af
Angel Eyes (Layo & Bushwacka Remix),"Ella Fitzgerald, Layo & Bushwacka",Verve Remixed 2,,INDIFFERENT,5:35,335,gQvjU2vEIe4,2024-08-19T18:18:40Z,commit:777ac1af
Lilac Wine (The Album Leaf Remix),Nina Simone,Verve Remixed 3,False,INDIFFERENT,5:46,346,umaOThxeVnA,2024-08-19T18:12:54Z,commit:777ac1af
Sinnerman (Felix Da Housecat's Heavenly House Mix),"Felix Da Housecat, Nina Simone",Verve Remixed 2,,INDIFFERENT,4:36,276,zh970Ofz86o,2024-08-19T18:08:18Z,commit:777ac1af
Manteca (Funky Lowlives Remix),Dizzy Gillespie & Funky Lowlives,Verve Remixed 2,,LIKE,6:54,414,-1azowNkI_I,2024-08-19T18:01:24Z,commit:777ac1af
Enjoy the Silence,Moriarty,Gee Whiz But This Is a Lonesome Town (Deluxe Edition),False,INDIFFERENT,2:04,124,NavW8AeXgQY,2024-08-19T17:59:20Z,commit:777ac1af
Ghostwriter,RJD2,Deadringer: Deluxe,False,INDIFFERENT,5:17,317,hY08FkhpPjk,2024-08-19T17:54:03Z,commit:777ac1af
Montara (Remix),Bobby Hutcherson,The New Groove: The Blue Note Remix Project Vol. 1,False,INDIFFERENT,4:54,294,S3oUTPDj38k,2024-08-19T17:49:09Z,commit:777ac1af
Beautiful You,Bumcello,Get Me (Live),False,INDIFFERENT,2:11,131,YKFOpLy6lLM,2024-08-19T17:46:58Z,commit:777ac1af
Little Lady,General Elektriks,Good City for Dreamers (Deluxe Edition),False,INDIFFERENT,4:59,299,fCTEowfGb5s,2024-08-19T17:41:59Z,commit:777ac1af
Little Lady (feat. Mikill Pane),Ed Sheeran,No.5 Collaborations Project,False,INDIFFERENT,5:29,329,F2crCkHk6y8,2024-08-19T17:36:30Z,commit:777ac1af
Surreality,STS9,The Brown Album,,INDIFFERENT,8:26,506,ydYm7xYLqlg,2024-08-19T17:28:04Z,commit:777ac1af
Frequencies Peace 3,STS9,The Brown Album,,INDIFFERENT,7:07,427,dXiVanM9qmk,2024-08-19T17:20:57Z,commit:777ac1af
Frequencies Peace 2,STS9,The Brown Album,,INDIFFERENT,1:56,116,QyA_pqotLlU,2024-08-19T17:19:01Z,commit:777ac1af
Frequencies Peace 1,STS9,The Brown Album,,INDIFFERENT,6:04,364,fvEZzBSLJOQ,2024-08-19T17:12:57Z,commit:777ac1af
Kamuy,STS9,The Brown Album,,INDIFFERENT,2:15,135,9vM3kQceJT8,2024-08-19T17:10:42Z,commit:777ac1af
T.W.E.L.V.E.,STS9,The Brown Album,,INDIFFERENT,15:28,928,skPdnjagUYE,2024-08-19T16:55:14Z,commit:777ac1af
Tap-In,STS9,The Brown Album,,INDIFFERENT,7:59,479,DQkBMzvfjO0,2024-08-19T16:47:15Z,commit:777ac1af
Blue Ridge Mountains,Fleet Foxes,Fleet Foxes,False,INDIFFERENT,4:25,265,d370CKlg-wk,2024-08-19T16:42:50Z,commit:777ac1af
"Holland, 1945",Neutral Milk Hotel,In the Aeroplane Over the Sea,False,INDIFFERENT,3:12,192,3eNK38nmzw4,2024-08-19T16:39:38Z,commit:777ac1af
In the Aeroplane Over the Sea,Neutral Milk Hotel,In the Aeroplane Over the Sea,False,INDIFFERENT,3:22,202,1FeD16vu_qQ,2024-08-19T16:36:16Z,commit:777ac1af
Norton Commander (Garage Session),Men I Trust,Forever Live Sessions,True,LIKE,3:06,186,x9--Vl_LT0I,2024-08-19T16:33:10Z,commit:777ac1af
20211121,Mac DeMarco,One Wayne G,,INDIFFERENT,2:34,154,cNAw4fqLRbM,2024-08-19T16:30:36Z,commit:777ac1af
Simply Paradise,"Mac DeMarco, Ryan Paris",Simply Paradise,False,INDIFFERENT,2:36,156,xUFYeSp2ht0,2024-08-19T16:28:00Z,commit:777ac1af
Muppet Songs: Peter Sellers - Cigarettes & Whiskey,"91K views, Muppet Songs",,,INDIFFERENT,3:09,189,72mOCLzG9T4,2024-08-19T16:24:51Z,commit:777ac1af
"Movin' Right Along (From ""The Muppet Movie""/Soundtrack Version)",Fozzie & Kermit,The Muppet Movie (Original Motion Picture Soundtrack),True,LIKE,2:58,178,3mOppRT9S60,2024-08-19T16:21:53Z,commit:777ac1af
The Muppet Show Theme,Marcel Saurer,Cinemagic 9,True,LIKE,2:47,167,frLLDNjelLs,2024-08-19T16:19:06Z,commit:777ac1af
The Muppet Show Theme arranged by Paul Murtha,"106K views, Hal Leonard Concert Band",,,INDIFFERENT,1:18,78,QiQ7b11SCd0,2024-08-19T16:17:48Z,commit:777ac1af
The Tunnel and the Clearing,Colleen,The Tunnel and the Clearing,,INDIFFERENT,6:10,370,JwEPwNNGIwA,2024-08-19T16:11:38Z,commit:777ac1af
Locate,Kaitlyn Aurelia Smith,Let's Turn It Into Sound,False,INDIFFERENT,3:19,199,TXFa-cccmCE,2024-08-19T16:08:19Z,commit:777ac1af
Green To You,"Emile Mosseri, Kaitlyn Aurelia Smith",Green To You,False,INDIFFERENT,3:26,206,fTP0n7eJOxA,2024-08-19T16:04:53Z,commit:777ac1af
Retrograde (Bonus Track),"Kaitlyn Aurelia Smith, Suzanne Ciani",FRKWYS Vol. 13 - Sunergy (Expanded),,INDIFFERENT,18:21,1101,d7q0elQgeDA,2024-08-19T15:46:32Z,commit:777ac1af
Closed Circuit,"Kaitlyn Aurelia Smith, Suzanne Ciani",FRKWYS Vol. 13 - Sunergy (Expanded),,INDIFFERENT,12:29,749,ZOtbCTH0NkA,2024-08-19T15:34:03Z,commit:777ac1af
A New Day,"Kaitlyn Aurelia Smith, Suzanne Ciani",FRKWYS Vol. 13 - Sunergy (Expanded),,INDIFFERENT,23:09,1389,XJo1FmplJQQ,2024-08-19T15:10:54Z,commit:777ac1af
Raum (Single Edit),Tangerine Dream,Raum (Single Edit),False,INDIFFERENT,7:23,443,1gxYWZ8Nc4A,2024-08-19T15:03:31Z,commit:777ac1af
Bright-eyed Hunger (Kaitlyn Aurelia Smith Remix),Theo Alexander,Bright-eyed Hunger (Kaitlyn Aurelia Smith Remix),False,INDIFFERENT,3:13,193,PBBeUkORqqg,2024-08-19T15:00:18Z,commit:777ac1af
Rose Water,Brett Naucke,Rose Water,False,INDIFFERENT,3:55,235,pgzfukggUmg,2024-08-19T14:56:23Z,commit:777ac1af
Interstices,Simon McCorry,Interstices,False,INDIFFERENT,9:50,590,FdX26iaJnjo,2024-08-19T14:46:33Z,commit:777ac1af
Cero,Isaac Soto,Ilusiones Necesarias,False,INDIFFERENT,6:47,407,D1U1Bk-Mn-4,2024-08-19T14:39:46Z,commit:777ac1af
17 Minutos,Isaac Soto,Ilusiones Necesarias,False,INDIFFERENT,4:52,292,sMo1SHE6m8g,2024-08-19T14:34:54Z,commit:777ac1af
Corporal,Isaac Soto,Ilusiones Necesarias,False,INDIFFERENT,7:49,469,jxsiYqO4n9s,2024-08-19T14:27:05Z,commit:777ac1af
Wrecked Exotic,John Roberts,Wrecked Exotic,False,INDIFFERENT,3:37,217,vxsmzsV86wo,2024-08-19T14:23:28Z,commit:777ac1af
Crash,John Roberts,Wrecked Exotic,False,INDIFFERENT,5:08,308,dK6FJWW4rnc,2024-08-19T14:18:20Z,commit:777ac1af
Paravents,John Roberts,Wrecked Exotic,False,INDIFFERENT,4:51,291,y7gGeoKXuoI,2024-08-19T14:13:29Z,commit:777ac1af
Noise is Preeminently a Private Matter,John Roberts,Wrecked Exotic,False,INDIFFERENT,2:01,121,VUt4zDmUNZE,2024-08-19T14:11:28Z,commit:777ac1af
Silver Spur,John Roberts,Wrecked Exotic,False,INDIFFERENT,3:18,198,sPu5UUBx-9c,2024-08-19T14:08:10Z,commit:777ac1af
Oblique Driver,John Roberts,Wrecked Exotic,False,INDIFFERENT,1:24,84,Z0S_6Vcsnow,2024-08-19T14:06:46Z,commit:777ac1af
Tank,John Roberts,Wrecked Exotic,False,INDIFFERENT,3:22,202,KksBbaH04mw,2024-08-19T14:03:24Z,commit:777ac1af
Horse Hair,John Roberts,Wrecked Exotic,False,INDIFFERENT,4:46,286,7w7sTvprTas,2024-08-19T13:58:38Z,commit:777ac1af
Above Our Heads,Sam Prekop,Comma,False,INDIFFERENT,2:26,146,_6UoIahXIII,2024-08-19T13:56:12Z,commit:777ac1af
Wax Wing,Sam Prekop,Comma,False,INDIFFERENT,4:40,280,oT4jGrKqhes,2024-08-19T13:51:32Z,commit:777ac1af
Never Met,Sam Prekop,Comma,False,INDIFFERENT,4:46,286,c78HiOVStWo,2024-08-19T13:46:46Z,commit:777ac1af
Circle Line,Sam Prekop,Comma,False,INDIFFERENT,3:21,201,Na5PFoB1mW0,2024-08-19T13:43:25Z,commit:777ac1af
Approaching,Sam Prekop,Comma,False,INDIFFERENT,5:58,358,gdoGg-0b5wI,2024-08-19T13:37:27Z,commit:777ac1af
The New Last,Sam Prekop,Comma,False,INDIFFERENT,4:06,246,_DL4vSi9zXc,2024-08-19T13:33:21Z,commit:777ac1af
September Remember,Sam Prekop,Comma,False,INDIFFERENT,5:10,310,MsXmY1BtGYY,2024-08-19T13:28:11Z,commit:777ac1af
Comma,Sam Prekop,Comma,False,INDIFFERENT,2:40,160,NzABaPhkdxo,2024-08-19T13:25:31Z,commit:777ac1af
Summer Places,Sam Prekop,Comma,False,INDIFFERENT,3:44,224,gSTGM4bWX84,2024-08-19T13:21:47Z,commit:777ac1af
Park Line,Sam Prekop,Comma,False,INDIFFERENT,5:12,312,qyys7XIy7g0,2024-08-19T13:16:35Z,commit:777ac1af
Pareidolie (Bonus),JakoJako,Metamorphose,False,INDIFFERENT,7:47,467,Kn9cKgwNeP0,2024-08-19T13:08:48Z,commit:777ac1af
Neogenese,JakoJako,Metamorphose,False,INDIFFERENT,5:27,327,fRHFhZA9Tpo,2024-08-19T13:03:21Z,commit:777ac1af
Inferenz,JakoJako,Metamorphose,False,INDIFFERENT,7:10,430,_-gJBS0vMEY,2024-08-19T12:56:11Z,commit:777ac1af
Transformation,JakoJako,Metamorphose,False,INDIFFERENT,3:11,191,V9u7VbKRQ6o,2024-08-19T12:53:00Z,commit:777ac1af
Thalamus,JakoJako,Metamorphose,False,INDIFFERENT,7:39,459,3DkdsVRz6EU,2024-08-19T12:45:21Z,commit:777ac1af
Amygdala,JakoJako,Metamorphose,False,INDIFFERENT,5:20,320,_aaHxnq5Wp0,2024-08-19T12:40:01Z,commit:777ac1af
Affekt,JakoJako,Metamorphose,False,INDIFFERENT,4:48,288,jWRV2ZBAa3Y,2024-08-19T12:35:13Z,commit:777ac1af
Perzeption,JakoJako,Metamorphose,False,INDIFFERENT,6:03,363,0XEZFqUex9g,2024-08-19T12:29:10Z,commit:777ac1af
Resonanz,JakoJako,Metamorphose,False,INDIFFERENT,4:03,243,9HJHZPS08I8,2024-08-19T12:25:07Z,commit:777ac1af
Objekt,JakoJako,Metamorphose,False,INDIFFERENT,5:03,303,X-chYjwwh5s,2024-08-19T12:20:04Z,commit:777ac1af
Objekt,JakoJako,Objekt,False,INDIFFERENT,5:03,303,H4L8aEtGoSA,2024-08-19T12:15:01Z,commit:777ac1af
Anus Of Uranus,Klaatu,3:47 EST,True,INDIFFERENT,3:19,199,H1uojJl7_Rw,2024-08-19T12:11:42Z,commit:777ac1af
20201125,Mac DeMarco,One Wayne G,,INDIFFERENT,2:53,173,XVoWzqv7E10,2024-08-19T12:08:49Z,commit:777ac1af
20201124,Mac DeMarco,One Wayne G,,INDIFFERENT,1:48,108,2Q7IBAfrr8o,2024-08-19T12:07:01Z,commit:777ac1af
20201119 2,Mac DeMarco,One Wayne G,,INDIFFERENT,1:20,80,NKvJX0oE9ds,2024-08-19T12:05:41Z,commit:777ac1af
20201119,Mac DeMarco,One Wayne G,,INDIFFERENT,1:47,107,dppefln9DR8,2024-08-19T12:03:54Z,commit:777ac1af
20201115,Mac DeMarco,One Wayne G,,INDIFFERENT,1:59,119,D30t-fp9af0,2024-08-19T12:01:55Z,commit:777ac1af
20201111 2,Mac DeMarco,One Wayne G,,INDIFFERENT,2:09,129,RuIiUDMZtYw,2024-08-19T11:59:46Z,commit:777ac1af
20201111,Mac DeMarco,One Wayne G,,INDIFFERENT,2:28,148,TL3R9F6tt4g,2024-08-19T11:57:18Z,commit:777ac1af
20201110 2,Mac DeMarco,One Wayne G,,INDIFFERENT,2:38,158,js7gt8kuxwE,2024-08-19T11:54:40Z,commit:777ac1af
20201110,Mac DeMarco,One Wayne G,,INDIFFERENT,2:52,172,yG4VfbDNJls,2024-08-19T11:51:48Z,commit:777ac1af
20201023 2,Mac DeMarco,One Wayne G,,INDIFFERENT,2:23,143,NH8CeOfIFIU,2024-08-19T11:49:25Z,commit:777ac1af
20201023,Mac DeMarco,One Wayne G,,INDIFFERENT,2:37,157,sgQf3ldC9ZM,2024-08-19T11:46:48Z,commit:777ac1af
20201022,Mac DeMarco,One Wayne G,,INDIFFERENT,2:35,155,FuHVkCjm53Y,2024-08-19T11:44:13Z,commit:777ac1af
20200922,Mac DeMarco,One Wayne G,,INDIFFERENT,1:11,71,_5C2t49T1rY,2024-08-19T11:43:02Z,commit:777ac1af
20200823 Inside The Beavers Dam,Mac DeMarco,One Wayne G,,INDIFFERENT,1:21,81,jwU9IS2iNOE,2024-08-19T11:41:41Z,commit:777ac1af
20200821 Cowboy Shit,Mac DeMarco,One Wayne G,,INDIFFERENT,3:22,202,AHsaUwMXeQY,2024-08-19T11:38:19Z,commit:777ac1af
20200820 Turn My TV On,Mac DeMarco,One Wayne G,,INDIFFERENT,3:01,181,ud-4dKdEb5U,2024-08-19T11:35:18Z,commit:777ac1af
20200819 She Get The Gold Star,Mac DeMarco,One Wayne G,,INDIFFERENT,2:42,162,5I-fzLwIXmY,2024-08-19T11:32:36Z,commit:777ac1af
20200817 Proud True Toyota,Mac DeMarco,One Wayne G,,INDIFFERENT,2:03,123,qZQZVg4nTfk,2024-08-19T11:30:33Z,commit:777ac1af
20200816 She Want The Sandwich,Mac DeMarco,One Wayne G,,INDIFFERENT,1:59,119,utYrEPWLF9U,2024-08-19T11:28:34Z,commit:777ac1af
20200813,Mac DeMarco,One Wayne G,,INDIFFERENT,1:30,90,XxU2Zrel4VI,2024-08-19T11:27:04Z,commit:777ac1af
20200812,Mac DeMarco,One Wayne G,,INDIFFERENT,2:43,163,mxp4U-vbdmI,2024-08-19T11:24:21Z,commit:777ac1af
20200811,Mac DeMarco,One Wayne G,,INDIFFERENT,1:23,83,A-G8HUghOiU,2024-08-19T11:22:58Z,commit:777ac1af
20200808,Mac DeMarco,One Wayne G,,INDIFFERENT,2:39,159,-s9GB07ZYmc,2024-08-19T11:20:19Z,commit:777ac1af
20200802,Mac DeMarco,One Wayne G,,INDIFFERENT,2:41,161,-dSBBO-JER0,2024-08-19T11:17:38Z,commit:777ac1af
20200801,Mac DeMarco,One Wayne G,,INDIFFERENT,2:23,143,yGN_d3AevMY,2024-08-19T11:15:15Z,commit:777ac1af
20200402,Mac DeMarco,One Wayne G,,INDIFFERENT,3:09,189,aCEPdXQxPdc,2024-08-19T11:12:06Z,commit:777ac1af
20200330,Mac DeMarco,One Wayne G,,INDIFFERENT,2:19,139,n2vVgnmkLq4,2024-08-19T11:09:47Z,commit:777ac1af
20200329,Mac DeMarco,One Wayne G,,INDIFFERENT,2:41,161,vkPCJQBD6ZI,2024-08-19T11:07:06Z,commit:777ac1af
20200327,Mac DeMarco,One Wayne G,,INDIFFERENT,2:06,126,zI1_4oZ3I84,2024-08-19T11:05:00Z,commit:777ac1af
20180512,Mac DeMarco,One Wayne G,,INDIFFERENT,4:08,248,loQolUfkyvo,2024-08-19T11:00:52Z,commit:777ac1af
Butter Notes,Nils Frahm,Butter Notes,False,INDIFFERENT,5:22,322,eRYQDaum-jY,2024-08-19T10:55:30Z,commit:777ac1af
20200225,Mac DeMarco,One Wayne G,,INDIFFERENT,6:21,381,Cnx559YTZBE,2024-08-19T10:49:09Z,commit:777ac1af
20200223,Mac DeMarco,One Wayne G,,INDIFFERENT,3:22,202,qyq8cBnGItQ,2024-08-19T10:45:47Z,commit:777ac1af
20200115,Mac DeMarco,One Wayne G,,INDIFFERENT,3:05,185,8_Q7LvBIT6o,2024-08-19T10:42:42Z,commit:777ac1af
20200109,Mac DeMarco,One Wayne G,,INDIFFERENT,2:08,128,vbiNFIiWMWA,2024-08-19T10:40:34Z,commit:777ac1af
20200108,Mac DeMarco,One Wayne G,,INDIFFERENT,2:35,155,g-J71jqej4Q,2024-08-19T10:37:59Z,commit:777ac1af
20200107 2,Mac DeMarco,One Wayne G,,INDIFFERENT,2:42,162,L3S3l2gezpM,2024-08-19T10:35:17Z,commit:777ac1af
20200107,Mac DeMarco,One Wayne G,,INDIFFERENT,2:22,142,pSM6NSu_SAI,2024-08-19T10:32:55Z,commit:777ac1af
20200101,Mac DeMarco,One Wayne G,,INDIFFERENT,2:29,149,0s8d2miLLfU,2024-08-19T10:30:26Z,commit:777ac1af
20191229,Mac DeMarco,One Wayne G,,INDIFFERENT,6:16,376,_7VD_ur8ZJ4,2024-08-19T10:24:10Z,commit:777ac1af
20191228,Mac DeMarco,One Wayne G,,INDIFFERENT,1:51,111,RSrBXgeR02s,2024-08-19T10:22:19Z,commit:777ac1af
20191227,Mac DeMarco,One Wayne G,,INDIFFERENT,2:09,129,RbjkzXwo20w,2024-08-19T10:20:10Z,commit:777ac1af
20191219,Mac DeMarco,One Wayne G,,INDIFFERENT,2:12,132,RrWpti1YqfI,2024-08-19T10:17:58Z,commit:777ac1af
20191216,Mac DeMarco,One Wayne G,,INDIFFERENT,2:12,132,bT0xXeCs6pE,2024-08-19T10:15:46Z,commit:777ac1af
20191215,Mac DeMarco,One Wayne G,,INDIFFERENT,2:17,137,pxteNeBQ8UI,2024-08-19T10:13:29Z,commit:777ac1af
20191202,Mac DeMarco,One Wayne G,,INDIFFERENT,1:01,61,wZsjq-HxV0g,2024-08-19T10:12:28Z,commit:777ac1af
20191012 Fooled By Love,Mac DeMarco,One Wayne G,,INDIFFERENT,3:18,198,TPzRHfD2UrA,2024-08-19T10:09:10Z,commit:777ac1af
20191011 You Made The Bed,Mac DeMarco,One Wayne G,,INDIFFERENT,2:14,134,_fNh0qgGf3s,2024-08-19T10:06:56Z,commit:777ac1af
20191010 No Doubt About It,Mac DeMarco,One Wayne G,,INDIFFERENT,3:03,183,MyteoKsvvOU,2024-08-19T10:03:53Z,commit:777ac1af
20191009 I Like Her,Mac DeMarco,One Wayne G,,INDIFFERENT,2:17,137,r4ThHPMhmXQ,2024-08-19T10:01:36Z,commit:777ac1af
20190826,Mac DeMarco,One Wayne G,,INDIFFERENT,22:38,1358,iztRgMsNEgw,2024-08-19T09:38:58Z,commit:777ac1af
20190813 3,Mac DeMarco,One Wayne G,,INDIFFERENT,1:33,93,wAybeCOhUwE,2024-08-19T09:37:25Z,commit:777ac1af
20190813 2,Mac DeMarco,One Wayne G,,INDIFFERENT,3:03,183,79l9lL6UKuk,2024-08-19T09:34:22Z,commit:777ac1af
20190813,Mac DeMarco,One Wayne G,,INDIFFERENT,1:15,75,YNtfjDi62ys,2024-08-19T09:33:07Z,commit:777ac1af
20190802,Mac DeMarco,One Wayne G,,INDIFFERENT,4:07,247,-Z2jRbtbM1s,2024-08-19T09:29:00Z,commit:777ac1af
20190801,Mac DeMarco,One Wayne G,,INDIFFERENT,2:26,146,zd_KaP5yWcM,2024-08-19T09:26:34Z,commit:777ac1af
20190730,Mac DeMarco,One Wayne G,,INDIFFERENT,1:57,117,Rr8G5QoX_J8,2024-08-19T09:24:37Z,commit:777ac1af
20190729,Mac DeMarco,One Wayne G,,INDIFFERENT,3:08,188,uo2dw-Fm_PE,2024-08-19T09:21:29Z,commit:777ac1af
20190728,Mac DeMarco,One Wayne G,,INDIFFERENT,2:01,121,JZdRZuC00lM,2024-08-19T09:19:28Z,commit:777ac1af
20190726,Mac DeMarco,One Wayne G,,INDIFFERENT,1:47,107,Mt7Ai-2NHTM,2024-08-19T09:17:41Z,commit:777ac1af
20190724 2,Mac DeMarco,One Wayne G,,INDIFFERENT,1:53,113,T4YTiJLvGhQ,2024-08-19T09:15:48Z,commit:777ac1af
20190724,Mac DeMarco,One Wayne G,,INDIFFERENT,1:11,71,975vpVzfeRY,2024-08-19T09:14:37Z,commit:777ac1af
20190723,Mac DeMarco,One Wayne G,,INDIFFERENT,2:18,138,F2pdo_WbFk0,2024-08-19T09:12:19Z,commit:777ac1af
20190722,Mac DeMarco,One Wayne G,,INDIFFERENT,1:43,103,P-VS3vXjjtc,2024-08-19T09:10:36Z,commit:777ac1af
20190622,Mac DeMarco,One Wayne G,,INDIFFERENT,3:50,230,3GuH8cV6dFY,2024-08-19T09:06:46Z,commit:777ac1af
20190210,Mac DeMarco,One Wayne G,,INDIFFERENT,4:42,282,Rt4izbn8-rA,2024-08-19T09:02:04Z,commit:777ac1af
20190206,Mac DeMarco,One Wayne G,,INDIFFERENT,2:57,177,R0uLjZ0ma4Q,2024-08-19T08:59:07Z,commit:777ac1af
20190205 3,Mac DeMarco,One Wayne G,,INDIFFERENT,4:00,240,2DS7n00N0nc,2024-08-19T08:55:07Z,commit:777ac1af
20190205 2,Mac DeMarco,One Wayne G,,INDIFFERENT,2:36,156,ygoxDKyiGRw,2024-08-19T08:52:31Z,commit:777ac1af
20190205,Mac DeMarco,One Wayne G,,INDIFFERENT,4:53,293,OEMdq_D4Ar4,2024-08-19T08:47:38Z,commit:777ac1af
20190127,Mac DeMarco,One Wayne G,,INDIFFERENT,3:22,202,qLYV0XpqdgU,2024-08-19T08:44:16Z,commit:777ac1af
20181212,Mac DeMarco,One Wayne G,,INDIFFERENT,2:47,167,ZwxDm1p-7To,2024-08-19T08:41:29Z,commit:777ac1af
20181108,Mac DeMarco,One Wayne G,,INDIFFERENT,3:04,184,bPubeLyHAlY,2024-08-19T08:38:25Z,commit:777ac1af
20181019,Mac DeMarco,One Wayne G,,INDIFFERENT,2:56,176,W26yFNa69-Y,2024-08-19T08:35:29Z,commit:777ac1af
20181002,Mac DeMarco,One Wayne G,,INDIFFERENT,0:33,33,2tq1iv6GKys,2024-08-19T08:34:56Z,commit:777ac1af
20180930,Mac DeMarco,One Wayne G,,INDIFFERENT,3:09,189,P228A9uv6vo,2024-08-19T08:31:47Z,commit:777ac1af
20180927,Mac DeMarco,One Wayne G,,INDIFFERENT,1:20,80,XC2WZjUo9hY,2024-08-19T08:30:27Z,commit:777ac1af
20180924,Mac DeMarco,One Wayne G,,INDIFFERENT,2:04,124,qIQndGhS35g,2024-08-19T08:28:23Z,commit:777ac1af
20180913,Mac DeMarco,One Wayne G,,INDIFFERENT,2:12,132,KzJRcZK29iw,2024-08-19T08:26:11Z,commit:777ac1af
20180816,Mac DeMarco,One Wayne G,,INDIFFERENT,2:16,136,0vOsiY6-67M,2024-08-19T08:23:55Z,commit:777ac1af
20180702 2,Mac DeMarco,One Wayne G,,INDIFFERENT,2:38,158,xi_60p1gqX8,2024-08-19T08:21:17Z,commit:777ac1af
20180702,Mac DeMarco,One Wayne G,,INDIFFERENT,2:21,141,cIkV96kRZGw,2024-08-19T08:18:56Z,commit:777ac1af
20180701,Mac DeMarco,One Wayne G,,INDIFFERENT,2:06,126,xf-514G0vj0,2024-08-19T08:16:50Z,commit:777ac1af
Valley,Leavv,Mind Garden,False,INDIFFERENT,3:10,190,yApGAVGvKDs,2024-08-19T08:13:40Z,commit:777ac1af
A Handful Of Stars,Stan Getz,West Coast Jazz (Expanded Edition),False,INDIFFERENT,3:24,204,2ux68AIfnkI,2024-08-19T08:10:16Z,commit:777ac1af
One Chance To Save The World,The Disco Biscuits,"2023/10/28 Port Chester, NY",,INDIFFERENT,12:30,750,jrCOnpsXD0A,2024-08-19T07:57:46Z,commit:777ac1af
The Deal,The Disco Biscuits,"2023/10/28 Port Chester, NY",,INDIFFERENT,33:10,1990,S4N11OC4o60,2024-08-19T07:24:36Z,commit:777ac1af
Run Like Hell,The Disco Biscuits,"2023/10/28 Port Chester, NY",,INDIFFERENT,18:38,1118,czo8cYUUXy8,2024-08-19T07:05:58Z,commit:777ac1af
25.White House Blues,The Earls Of Leicester,Live At The CMA Theater In The Country Music Hall Of Fame,,INDIFFERENT,3:16,196,6Ic8-g6e5oE,2024-08-19T07:02:42Z,commit:777ac1af
24.Martha White Theme Song,The Earls Of Leicester,Live At The CMA Theater In The Country Music Hall Of Fame,,INDIFFERENT,1:38,98,CfJYDZOeehY,2024-08-19T07:01:04Z,commit:777ac1af
10.All I Want Is You,The Earls Of Leicester,Live At The CMA Theater In The Country Music Hall Of Fame,,INDIFFERENT,3:26,206,vCno-MfIdnk,2024-08-19T06:57:38Z,commit:777ac1af
09.Rollin’ In My Sweet Baby’s Arm,The Earls Of Leicester,Live At The CMA Theater In The Country Music Hall Of Fame,,INDIFFERENT,3:12,192,mMCxO7lg7Vw,2024-08-19T06:54:26Z,commit:777ac1af
08.I Ain’t Gonna Work Tomorrow,The Earls Of Leicester,Live At The CMA Theater In The Country Music Hall Of Fame,,INDIFFERENT,3:27,207,kI1Br9wK4t4,2024-08-19T06:50:59Z,commit:777ac1af
07.I’m Gonna Sleep With One Eye Open,The Earls Of Leicester,Live At The CMA Theater In The Country Music Hall Of Fame,,INDIFFERENT,4:00,240,ZPRWQOJMItk,2024-08-19T06:46:59Z,commit:777ac1af
06.I’ll Go Stepping Too,The Earls Of Leicester,Live At The CMA Theater In The Country Music Hall Of Fame,,INDIFFERENT,3:05,185,wmbpW_vI51A,2024-08-19T06:43:54Z,commit:777ac1af
05.Long Journey Home,The Earls Of Leicester,Live At The CMA Theater In The Country Music Hall Of Fame,,INDIFFERENT,2:02,122,KhDPsqRxojQ,2024-08-19T06:41:52Z,commit:777ac1af
04.Earl’s Breakdown,The Earls Of Leicester,Live At The CMA Theater In The Country Music Hall Of Fame,,INDIFFERENT,2:23,143,RJiAqZss6fQ,2024-08-19T06:39:29Z,commit:777ac1af
03.Will You Be Lonesome Too,The Earls Of Leicester,Live At The CMA Theater In The Country Music Hall Of Fame,,INDIFFERENT,3:19,199,bxkTSRkhCJg,2024-08-19T06:36:10Z,commit:777ac1af
02.Salty Dog Blues,The Earls Of Leicester,Live At The CMA Theater In The Country Music Hall Of Fame,,INDIFFERENT,2:32,152,YgZWSG39-Zk,2024-08-19T06:33:38Z,commit:777ac1af
20180702 2,Mac DeMarco,One Wayne G,,INDIFFERENT,2:38,158,xi_60p1gqX8,2024-08-19T06:31:00Z,commit:777ac1af
20180702,Mac DeMarco,One Wayne G,,INDIFFERENT,2:21,141,cIkV96kRZGw,2024-08-19T06:28:39Z,commit:777ac1af
20180701,Mac DeMarco,One Wayne G,,INDIFFERENT,2:06,126,xf-514G0vj0,2024-08-19T06:26:33Z,commit:777ac1af
20180529,Mac DeMarco,One Wayne G,,INDIFFERENT,2:32,152,lhfd0OPI0K0,2024-08-19T06:24:01Z,commit:777ac1af
20180512,Mac DeMarco,One Wayne G,,INDIFFERENT,4:08,248,loQolUfkyvo,2024-08-19T06:19:53Z,commit:777ac1af
It's Coming Down,CAKE,b-sides and rarities,False,INDIFFERENT,4:12,252,k1rvzLz6Xlc,2024-08-19T06:15:41Z,commit:777ac1af
"Short Skirt, Long Jacket",CAKE,b-sides and rarities,False,INDIFFERENT,3:16,196,f2uPq-9Hj_A,2024-08-19T06:12:25Z,commit:777ac1af
Thrills,CAKE,b-sides and rarities,False,INDIFFERENT,2:58,178,Q8O_g7fXV9o,2024-08-19T06:09:27Z,commit:777ac1af
"Never, Never Gonna Give You Up",CAKE,b-sides and rarities,False,INDIFFERENT,3:50,230,-5BU3w-2FGs,2024-08-19T06:05:37Z,commit:777ac1af
Multiply the Heartaches,CAKE,b-sides and rarities,False,INDIFFERENT,2:47,167,UQ6r65QH--8,2024-08-19T06:02:50Z,commit:777ac1af
Strangers in the Night,CAKE,b-sides and rarities,False,INDIFFERENT,2:51,171,gKGvMO2BI_Q,2024-08-19T05:59:59Z,commit:777ac1af
Conroy,CAKE,b-sides and rarities,False,INDIFFERENT,3:01,181,UH7YkqrGHM4,2024-08-19T05:56:58Z,commit:777ac1af
"Excuse Me, I Think I've Got a Heartache",CAKE,b-sides and rarities,True,LIKE,2:21,141,p1wSbJxjMFM,2024-08-19T05:54:37Z,commit:777ac1af
"Mahna, Mahna",CAKE,b-sides and rarities,True,LIKE,2:54,174,0kUib8lh168,2024-08-19T05:51:43Z,commit:777ac1af
"Ruby, Don't Take Your Love to Town",CAKE,b-sides and rarities,False,INDIFFERENT,2:55,175,hCVe11AX7Uk,2024-08-19T05:48:48Z,commit:777ac1af
War Pigs,CAKE,b-sides and rarities,False,INDIFFERENT,3:54,234,NhmvKYbi7iY,2024-08-19T05:44:54Z,commit:777ac1af
Milk Cow Blues (Live),"David Grisman, Doc Watson",Doc & Dawg (Live @ Acoustic Stage 1997),,INDIFFERENT,4:40,280,UnExmwawP68,2024-08-19T05:40:14Z,commit:777ac1af
East Tennessee Blues/Beaumont Rag (Live),"David Grisman, Doc Watson",Doc & Dawg (Live @ Acoustic Stage 1997),,INDIFFERENT,4:27,267,a01YiS1UY_Y,2024-08-19T05:35:47Z,commit:777ac1af
Hobo Bill's Last Ride (Live),"David Grisman, Doc Watson",Doc & Dawg (Live @ Acoustic Stage 1997),,INDIFFERENT,4:58,298,zpNhs9W8TA4,2024-08-19T05:30:49Z,commit:777ac1af
Shady Grove (Live),"David Grisman, Doc Watson",Doc & Dawg (Live @ Acoustic Stage 1997),,INDIFFERENT,4:12,252,14GzSxDaWWQ,2024-08-19T05:26:37Z,commit:777ac1af
Give Me Back My 15 Cents (Live),"David Grisman, Doc Watson",Doc & Dawg (Live @ Acoustic Stage 1997),,INDIFFERENT,3:08,188,2Turh_m3Eqc,2024-08-19T05:23:29Z,commit:777ac1af
Can't You See,The Marshall Tucker Band,"Rock Essentials, Vol.2",False,INDIFFERENT,6:04,364,0egYAT9g3JE,2024-08-19T05:17:25Z,commit:777ac1af
Today I Started Loving You Again (Live 1981),Merle Haggard,Last Train to Nashville,True,LIKE,5:34,334,uo36eWPslYE,2024-08-19T05:11:51Z,commit:777ac1af
Best of All Possible Worlds,Kris Kristofferson,Kristofferson,False,INDIFFERENT,2:59,179,mmlxlqOSWdQ,2024-08-19T05:08:52Z,commit:777ac1af
Elvis the most beautiful voice,"385K views, Marisa Thiele",,,INDIFFERENT,3:25,205,c1EIY2z0WNQ,2024-08-19T05:05:27Z,commit:777ac1af
"Lord's Prayer (Live At Garden State Arts Center, 1969)",Glen Campbell,Live,False,INDIFFERENT,3:10,190,SlohZ3F-36c,2024-08-19T05:02:17Z,commit:777ac1af
"Yakety Sax (Live At Garden State Arts Center, 1969)",Glen Campbell,Live,False,INDIFFERENT,3:00,180,2oAHCeATgrg,2024-08-19T04:59:17Z,commit:777ac1af
"It's Over (Live At Garden State Arts Center, 1969)",Glen Campbell,Live,False,INDIFFERENT,2:36,156,8w5uqDaIst4,2024-08-19T04:56:41Z,commit:777ac1af
"For Once In My Life (Live At Garden State Arts Center, 1969)",Glen Campbell,Live,True,LIKE,3:52,232,GZxWf1NIBY4,2024-08-19T04:52:49Z,commit:777ac1af
"By The Time I Get To Phoenix (Live At Garden State Arts Center, 1969)",Glen Campbell,Live,False,INDIFFERENT,3:54,234,VtkxWitZ-Dk,2024-08-19T04:48:55Z,commit:777ac1af
"You All Come (Live At Garden State Arts Center, 1969)",Glen Campbell,Live,False,INDIFFERENT,2:26,146,bHP9w8EsrYA,2024-08-19T04:46:29Z,commit:777ac1af
"Gentle On My Mind (Live At Garden State Arts Center, 1969)",Glen Campbell,Live,False,INDIFFERENT,3:45,225,-JYK_6dPX5U,2024-08-19T04:42:44Z,commit:777ac1af
"Mountain Dew (Live At Garden State Arts Center, 1969)",Glen Campbell,Live,True,LIKE,3:02,182,vyLXZ1LuBB8,2024-08-19T04:39:42Z,commit:777ac1af
"If You Go Away (Live At Garden State Arts Center, 1969)",Glen Campbell,Live,False,INDIFFERENT,7:24,444,m5aGUEhtYwo,2024-08-19T04:32:18Z,commit:777ac1af
"(Sittin' On) The Dock Of The Bay (Live At Garden State Arts Center, 1969)",Glen Campbell,Live,False,INDIFFERENT,3:05,185,Lv5dQ9DWHmo,2024-08-19T04:29:13Z,commit:777ac1af
"Gotta Travel On (Live At Garden State Arts Center, 1969)",Glen Campbell,Live,False,INDIFFERENT,4:02,242,F61Q7f21t5Y,2024-08-19T04:25:11Z,commit:777ac1af
"White Lightning (Live At Garden State Arts Center, 1969)",Glen Campbell,Live,False,INDIFFERENT,3:13,193,1UsCUxG3xgs,2024-08-19T04:21:58Z,commit:777ac1af
I Don't Mind,Sturgill Simpson,Cuttin' Grass - Vol. 1 (Butcher Shoppe Sessions),False,INDIFFERENT,4:30,270,xYcmf9cRp7A,2024-08-19T04:17:28Z,commit:777ac1af
Take The Journey,Molly Tuttle,Take The Journey,False,INDIFFERENT,2:42,162,K5UFb5Nprxc,2024-08-19T04:14:46Z,commit:777ac1af
Just Like Leaving,Bella White,Just Like Leaving,False,INDIFFERENT,3:27,207,oviDGUsgHhY,2024-08-19T04:11:19Z,commit:777ac1af
Leaving on Our Minds,Viv & Riley,Vivian Leva & Riley Calcagno,False,INDIFFERENT,3:59,239,WTxy9Tp7k88,2024-08-19T04:07:20Z,commit:777ac1af
Last of My Kind,Paul Burch,Last of My Kind,,LIKE,4:10,250,1Rboxn_ZFIs,2024-08-19T04:03:10Z,commit:777ac1af
Here I Am,Viv & Riley,Time Is Everything,,INDIFFERENT,4:56,296,Tl_J_rdA_zc,2024-08-19T03:58:14Z,commit:777ac1af
Every Goodbye,Viv & Riley,Time Is Everything,,LIKE,3:45,225,MRiyqLHOLmQ,2024-08-19T03:54:29Z,commit:777ac1af
Last of My Kind,Viv & Riley,Time Is Everything,,LIKE,4:23,263,3kC5wb_yw5Q,2024-08-19T03:50:06Z,commit:777ac1af
Why Don't You Introduce Me as Your Darlin',Viv & Riley,Time Is Everything,,INDIFFERENT,3:31,211,nZug8tSEyJA,2024-08-19T03:46:35Z,commit:777ac1af
Cold Mountains,Viv & Riley,Time Is Everything,,INDIFFERENT,3:14,194,mXNwH0aR7Vo,2024-08-19T03:43:21Z,commit:777ac1af
Wishes and Dreams,Viv & Riley,Time Is Everything,,INDIFFERENT,4:50,290,Leq9saZYB1o,2024-08-19T03:38:31Z,commit:777ac1af
No Forever,Viv & Riley,Time Is Everything,,LIKE,3:56,236,0OOsaoO9ESE,2024-08-19T03:34:35Z,commit:777ac1af
Sturdy as the Land,Viv & Riley,Time Is Everything,,INDIFFERENT,4:03,243,djEg4-mna6E,2024-08-19T03:30:32Z,commit:777ac1af
Time is Everything,Viv & Riley,Time Is Everything,,INDIFFERENT,3:06,186,556gJIJR6rE,2024-08-19T03:27:26Z,commit:777ac1af
Bottom of the Glass,Viv & Riley,Time Is Everything,,INDIFFERENT,3:33,213,RhhePcKE70c,2024-08-19T03:23:53Z,commit:777ac1af
Neck Romancer,The Disco Biscuits,"2021/10/30 Las Vegas, NV",,INDIFFERENT,8:21,501,2r29a3rJhHo,2024-08-19T03:15:32Z,commit:777ac1af
Evolve,The Disco Biscuits,"2021/10/30 Las Vegas, NV",,INDIFFERENT,15:06,906,HSIrO-P-C1g,2024-08-19T03:00:26Z,commit:777ac1af
Orch Theme,The Disco Biscuits,"2021/10/30 Las Vegas, NV",,INDIFFERENT,9:58,598,3HIRPUL-AiU,2024-08-19T02:50:28Z,commit:777ac1af
42,The Disco Biscuits,"2021/10/30 Las Vegas, NV",,INDIFFERENT,20:22,1222,wgR7nzCWiSQ,2024-08-19T02:30:06Z,commit:777ac1af
Banter,The Disco Biscuits,"2021/10/30 Las Vegas, NV",,INDIFFERENT,1:35,95,0VF4sjWYSAA,2024-08-19T02:28:31Z,commit:777ac1af
Hot Air Balloon,The Disco Biscuits,"2021/10/30 Las Vegas, NV",,INDIFFERENT,9:40,580,HlNQ0O91YM0,2024-08-19T02:18:51Z,commit:777ac1af
I-Man,The Disco Biscuits,"2021/10/30 Las Vegas, NV",,INDIFFERENT,15:13,913,tzDsrGrElbM,2024-08-19T02:03:38Z,commit:777ac1af
Shem-Rah Boo,The Disco Biscuits,"2021/10/30 Las Vegas, NV",,INDIFFERENT,9:55,595,4r7R7Uu0OPM,2024-08-19T01:53:43Z,commit:777ac1af
Hot Air Balloon,The Disco Biscuits,"2021/10/30 Las Vegas, NV",,INDIFFERENT,19:07,1147,rakDCZC4YDs,2024-08-19T01:34:36Z,commit:777ac1af
M.E.M.P.H.I.S.,The Disco Biscuits,"2021/10/30 Las Vegas, NV",,INDIFFERENT,18:54,1134,jFWIZZ6mj6w,2024-08-19T01:15:42Z,commit:777ac1af
Fortunate Son,Creedence Clearwater Revival,Willy And The Poor Boys (Expanded Edition),False,INDIFFERENT,2:21,141,r5NzAksjfDI,2024-08-19T01:13:21Z,commit:777ac1af
Alabama Song (Whisky Bar),The Doors,The Doors,True,LIKE,3:18,198,nbtEkZIvMAg,2024-08-19T01:10:03Z,commit:777ac1af
Flaming Pie (2020 Remaster) (feat. Jeff Lynne),Paul McCartney,Flaming Pie,False,INDIFFERENT,2:31,151,JyF93vhzF3w,2024-08-19T01:07:32Z,commit:777ac1af
Ring of Fire (Outtake),Bob Dylan,"Travelin' Thru, 1967 - 1969: The Bootleg Series, Vol. 15 (Sampler)",True,LIKE,2:28,148,ibeP210YaRQ,2024-08-19T01:05:04Z,commit:777ac1af
Come On (Let the Good Times Roll),The Jimi Hendrix Experience,Electric Ladyland,False,INDIFFERENT,4:10,250,Ne_NSMZvvJI,2024-08-19T01:00:54Z,commit:777ac1af
California Dreamin' (Single Version),The Mamas & The Papas,If You Can Believe Your Eyes & Ears,False,INDIFFERENT,2:43,163,oU6uUEwZ8FM,2024-08-19T00:58:11Z,commit:777ac1af
You Make My Dreams (Come True),Daryl Hall & John Oates,Voices,False,INDIFFERENT,3:11,191,E4CZuj7solw,2024-08-19T00:55:00Z,commit:777ac1af
Come and Get Your Love (Single Version),Redbone,Come and Get Your Love (Single Edit),False,INDIFFERENT,3:26,206,rsf_gTZG4cI,2024-08-19T00:51:34Z,commit:777ac1af
"Rocket Man (I Think It's Going To Be A Long, Long Time)",Elton John,Honky Chateau,False,INDIFFERENT,4:42,282,BdEe5SpdIuo,2024-08-19T00:46:52Z,commit:777ac1af
I Will (Remastered 2009),The Beatles,The Beatles,False,INDIFFERENT,1:46,106,p-abNGP1BK4,2024-08-19T00:45:06Z,commit:777ac1af
After Hours,The Velvet Underground,The Velvet Underground (45th Anniversary / Deluxe Edition),False,INDIFFERENT,2:08,128,wpU4dlroveQ,2024-08-19T00:42:58Z,commit:777ac1af
Starman,David Bowie,The Rise and Fall of Ziggy Stardust and the Spiders from Mars,False,INDIFFERENT,4:15,255,aBKEt3MhNMM,2024-08-19T00:38:43Z,commit:777ac1af
Oh! You Pretty Things,David Bowie,Hunky Dory,False,INDIFFERENT,3:14,194,ccMYgiSC_eQ,2024-08-19T00:35:29Z,commit:777ac1af
Queen Bitch,David Bowie,Hunky Dory,True,LIKE,3:21,201,2_ayFz62eYE,2024-08-19T00:32:08Z,commit:777ac1af
"Paint It, Black",The Rolling Stones,Aftermath,False,INDIFFERENT,3:23,203,170sceOWWXc,2024-08-19T00:28:45Z,commit:777ac1af
My Body (2020 Remaster),Young the Giant,Young The Giant (10th Anniversary Edition),False,INDIFFERENT,4:05,245,T95arrUeHH4,2024-08-19T00:24:40Z,commit:777ac1af
Don't Think About My Death,The Wood Brothers,Kingdom in My Mind,False,INDIFFERENT,3:39,219,6yVQy5Bz3pE,2024-08-19T00:21:01Z,commit:777ac1af
Poor Rambler,Sturgill Simpson,High Top Mountain,False,INDIFFERENT,3:46,226,gsG9QO0uh-8,2024-08-19T00:17:15Z,commit:777ac1af
Bye Bye Blues,Luiz Bonfa,The Brazilian Scene,False,INDIFFERENT,2:07,127,PuNrecwITlU,2024-08-19T00:15:08Z,commit:777ac1af
Last of My Kind,Viv & Riley,Time Is Everything,,LIKE,4:23,263,3kC5wb_yw5Q,2024-08-19T00:10:45Z,commit:777ac1af
Last of My Kind,Paul Burch,Last of My Kind,,LIKE,4:10,250,1Rboxn_ZFIs,2024-08-19T00:06:35Z,commit:777ac1af
Yonder Comes a Sucker,Dori Freeman,Letters Never Read,True,LIKE,2:09,129,gXrhRW5tIsA,2024-08-19T00:04:26Z,commit:777ac1af
"Conspiracies, Cults & UFOs",John R. Miller,"Conspiracies, Cults & UFOs",,LIKE,2:53,173,dTc_IQiUXtI,2024-08-19T00:01:33Z,commit:777ac1af
Call to Arms,Sturgill Simpson,A Sailor's Guide to Earth,True,LIKE,5:30,330,VuiR4AtH1fc,2024-08-18T23:56:03Z,commit:777ac1af
Tied to the Wheel,Whitney Rose,Rule 62,False,INDIFFERENT,4:41,281,TnSkeFgR9a4,2024-08-18T23:51:22Z,commit:777ac1af
No Forever,Viv & Riley,Time Is Everything,,LIKE,3:56,236,0OOsaoO9ESE,2024-08-18T23:47:26Z,commit:777ac1af
Insomnia Blues,John R. Miller,Heat Comes Down,True,LIKE,4:01,241,L1pRpcEhT0c,2024-08-18T23:43:25Z,commit:777ac1af
If I Should Wander Back Tonight,"John Hartford, Tony Rice, Vassar Clements",Hartford Rice and Clements,,INDIFFERENT,3:49,229,rWek-GkaACA,2024-08-18T23:39:36Z,commit:777ac1af
Harvest Moon (feat. AJ Lee & Blue Summit),The Brothers Comatose,Harvest Moon,False,INDIFFERENT,4:42,282,4yRxiQ7AxKw,2024-08-18T23:34:54Z,commit:777ac1af
Shake Sugaree,Muireann Bradley,I Kept These Old Blues,True,LIKE,5:49,349,2HYgGoG2OpU,2024-08-18T23:29:05Z,commit:777ac1af
Rich Girl,Daryl Hall & John Oates,Bigger Than Both Of Us,False,INDIFFERENT,2:23,143,IL_LiGCV82g,2024-08-18T23:26:42Z,commit:777ac1af
Burn Me Once (from The Hunger Games: The Ballad of Songbirds & Snakes),Bella White,The Hunger Games: The Ballad of Songbirds & Snakes (Music From & Inspired By),,INDIFFERENT,3:21,201,CeYXXxSPHUc,2024-08-18T23:23:21Z,commit:777ac1af
The Old Dun Cow,Seamus Kennedy,Let The Music Take You Home,,LIKE,3:04,184,cWft1OsrY8Y,2024-08-18T23:20:17Z,commit:777ac1af
In the Aeroplane Over the Sea,Neutral Milk Hotel,In the Aeroplane Over the Sea,False,INDIFFERENT,3:22,202,1FeD16vu_qQ,2024-08-18T23:16:55Z,commit:777ac1af
Okie From Muskogee,Merle Haggard,Down Every Road 1962-1994,True,LIKE,2:45,165,3dM03dG3zv4,2024-08-18T23:14:10Z,commit:777ac1af
Nobody Has To Know Your Mind,John R. Miller,Nobody Has To Know Your Mind,False,INDIFFERENT,4:54,294,rcXYEEu3WSk,2024-08-18T23:09:16Z,commit:777ac1af
One I Love,Jean Ritchie,Mountain Hearth & Home,False,INDIFFERENT,3:01,181,-hSXKhrmSHw,2024-08-18T23:06:15Z,commit:777ac1af
Chimney Swifts,Brad Kolodner,Chimney Swifts,,LIKE,3:47,227,Xrf5C8vgqfs,2024-08-18T23:02:28Z,commit:777ac1af
That's What Love Will Make You Do (Live) (feat. Jerry Garcia Band),Jerry Garcia Band,"Let it Rock: The Jerry Garcia Collection, Volume 2",,LIKE,9:48,588,KGWL7Dpk2rE,2024-08-18T22:52:40Z,commit:777ac1af
La femme d'argent,Air,Moon Safari,,INDIFFERENT,7:07,427,wLmfNFVDa_U,2024-08-18T22:45:33Z,commit:777ac1af
In The Waiting Line,"Sophie Barker, Zero 7",Simple Things,False,INDIFFERENT,4:31,271,G5KbL4LAUL8,2024-08-18T22:41:02Z,commit:777ac1af
Waiting for the Sunrise,Carl Perkins,Carl Perkins & Friends,True,LIKE,2:18,138,O3WyYu0MYdw,2024-08-18T22:38:44Z,commit:777ac1af
Little Lady,General Elektriks,Good City For Dreamers,,LIKE,4:59,299,PRSIar2a8FE,2024-08-18T22:33:45Z,commit:777ac1af
Portland Woodchamber,Boozoo Bajou,Inner City Soul vol.1,False,LIKE,4:03,243,jOQQuGufSaU,2024-08-18T22:29:42Z,commit:777ac1af
Look On The Bright Side Of Life (All Things Dull And Ugly),Monty Python,Monty Python's Life Of Brian,True,LIKE,3:58,238,r0kvTBbBbbY,2024-08-18T22:25:44Z,commit:777ac1af
Bells Of Every Chapel (feat. Billy Strings),Sierra Ferrell,Bells Of Every Chapel,,LIKE,4:16,256,YGMAQw5mcqI,2024-08-18T22:21:28Z,commit:777ac1af
The Boy Who Wouldn't Hoe Corn,Dan Tyminski,Transatlantic Sessions - Series 4: Volume Two,True,LIKE,5:54,354,mWcak8mGVVM,2024-08-18T22:15:34Z,commit:777ac1af
I Got a Woman,Booker T. & the MG's,Green Onions,False,LIKE,3:32,212,jIMxGKbHT-4,2024-08-18T22:12:02Z,commit:777ac1af
Dresses Too Short,Syl Johnson,Dresses Too Short,True,LIKE,2:47,167,Eu6BNfw4qXQ,2024-08-18T22:09:15Z,commit:777ac1af
Blackberry,Pablo Moriego,Pearls,,LIKE,6:58,418,k0NEFeaHpW4,2024-08-18T22:02:17Z,commit:777ac1af
Knob Creek,Steep Canyon Rangers,Nobody Knows You,True,LIKE,5:18,318,qR44ixdhjl0,2024-08-18T21:56:59Z,commit:777ac1af
Grand Theft Ecstasy,Feed Me,Feed Me's Big Adventure,False,INDIFFERENT,6:12,372,bB1uxWDk68w,2024-08-18T21:50:47Z,commit:777ac1af
Opening Act,Ugly Duckling,Taste The Secret,True,LIKE,3:55,235,E7PQekJhpfI,2024-08-18T21:46:52Z,commit:777ac1af
I'll Tell Me Ma,Young Dubliners,With All Due Respect: The Irish Sessions,False,INDIFFERENT,2:53,173,ymFM0Idsv3o,2024-08-18T21:43:59Z,commit:777ac1af
"10,000 Miles Away",The Skullduggers,Staggers and Jags,False,INDIFFERENT,3:25,205,gHWoWOS64y8,2024-08-18T21:40:34Z,commit:777ac1af
Rosa Lee Blues,Tuba Skinny,Owl Call Blues,False,INDIFFERENT,4:01,241,QRmzKAPonEs,2024-08-18T21:36:33Z,commit:777ac1af
Almost Afraid to Love,Tuba Skinny,Blue Chime Stomp,False,INDIFFERENT,4:31,271,blT21zeegko,2024-08-18T21:32:02Z,commit:777ac1af
This is My Tree,The Lemon Twigs,Go To School,,LIKE,3:33,213,ox7HIZyVgfQ,2024-08-18T21:28:29Z,commit:777ac1af
The Race Is On (Live),Grateful Dead,Reckoning (Live),False,INDIFFERENT,3:01,181,a1swkqvISJg,2024-08-18T21:25:28Z,commit:777ac1af
Look It Here,Nathaniel Rateliff & The Night Sweats,Nathaniel Rateliff & The Night Sweats,False,INDIFFERENT,3:04,184,77FaOLESRTw,2024-08-18T21:22:24Z,commit:777ac1af
East Kentucky Home,The SteelDrivers,The SteelDrivers,False,INDIFFERENT,2:40,160,3UlAeD_sFFw,2024-08-18T21:19:44Z,commit:777ac1af
A Nickle For The Fiddler,Guy Clark,Old No. 1,False,INDIFFERENT,2:46,166,U8LtJ1VxdvM,2024-08-18T21:16:58Z,commit:777ac1af
Cuckoo's Nest,John Hartford,"Me Oh My, How the Time Does Fly -- A John Hartford Anthology",False,INDIFFERENT,3:15,195,RiHOpy32yLQ,2024-08-18T21:13:43Z,commit:777ac1af
I'm Going Back Home,Tuba Skinny,Some Kind-A-Shake,,INDIFFERENT,3:41,221,cSh82jyNjos,2024-08-18T21:10:02Z,commit:777ac1af
Cannonball Blues,Tuba Skinny,Owl Call Blues,False,INDIFFERENT,2:46,166,-_QXKoRUV78,2024-08-18T21:07:16Z,commit:777ac1af
Little Cabin Home On The Hill,Billy Strings,Me / And / Dad,False,INDIFFERENT,3:23,203,cDHFOdlN4Fs,2024-08-18T21:03:53Z,commit:777ac1af
Big Iron,Marty Robbins,Gunfighter Ballads And Trail Songs,,INDIFFERENT,3:56,236,zzICMIu5zFY,2024-08-18T20:59:57Z,commit:777ac1af
Just Let Go,Sturgill Simpson,Cuttin' Grass - Vol. 1 (Butcher Shoppe Sessions),False,INDIFFERENT,3:03,183,8cY-DhD3tLA,2024-08-18T20:56:54Z,commit:777ac1af
Breaking Down,Mike Lawson & Friends,Evidence Concerning Apparitions,True,LIKE,4:00,240,uyEP5NKRQT0,2024-08-18T20:52:54Z,commit:777ac1af
Another New World,Punch Brothers,Ahoy!,,LIKE,6:31,391,O5jhLetcHag,2024-08-18T20:46:23Z,commit:777ac1af
Baby Gone,The Steel Wheels,Hero,False,INDIFFERENT,3:12,192,YkWh1FXJumo,2024-08-18T20:43:11Z,commit:777ac1af
Yes I Know,The Steel Wheels,Hero,False,INDIFFERENT,2:46,166,opcCPcConCE,2024-08-18T20:40:25Z,commit:777ac1af
Hero,The Steel Wheels,Hero,False,INDIFFERENT,3:30,210,k9utVd82A5M,2024-08-18T20:36:55Z,commit:777ac1af
Take It Easy,Eagles,Eagles,False,INDIFFERENT,3:32,212,32Oc2d_3yEk,2024-08-18T20:33:23Z,commit:777ac1af
Listen to the Music,The Doobie Brothers,Toulouse Street,False,INDIFFERENT,3:48,228,S3ta4T9tIUM,2024-08-18T20:29:35Z,commit:777ac1af
Touch of Grey,Grateful Dead,In the Dark,False,INDIFFERENT,5:51,351,Ht_BfhweF4I,2024-08-18T20:23:44Z,commit:777ac1af
"Sing Me Back Home (Live at the Fillmore West, San Francisco, CA, July 2, 1971)",Grateful Dead,Grateful Dead (Skull & Roses) [50th Anniversary Expanded Edition] (Live),False,INDIFFERENT,10:17,617,zpybdWN-0ag,2024-08-18T20:13:27Z,commit:777ac1af
The Sixth Revelation,Shpongle,The Mystery Of The Thirteen Crystal Skulls,False,INDIFFERENT,12:17,737,SA5YNb3hlKI,2024-08-18T20:01:10Z,commit:777ac1af
Oleander,Bluetech,Digital Singles Vol.1,False,INDIFFERENT,7:35,455,JnKhDj3r81A,2024-08-18T19:53:35Z,commit:777ac1af
"Merle Haggard ""Call Me""","1M views, Favor Media",,,INDIFFERENT,4:18,258,kKKtOqy6z0Y,2024-08-18T19:49:17Z,commit:777ac1af
Ginseng Sullivan,Phish,Phish: Star Lake '98,False,INDIFFERENT,3:59,239,0NlVuPivp1o,2024-08-18T19:45:18Z,commit:777ac1af
I May Be Used (But Baby I Ain't Used Up),Waylon Jennings,Waylon and Company,False,INDIFFERENT,2:58,178,dERUzEtsEuw,2024-08-18T19:42:20Z,commit:777ac1af
How the Web Was Woven (Take 1),Elvis Presley,From Elvis in Nashville,False,INDIFFERENT,5:21,321,LUCAbF6w-lg,2024-08-18T19:36:59Z,commit:777ac1af
Julius,Phish,Phish: Star Lake '98,False,INDIFFERENT,9:50,590,Kuxj6SYndp0,2024-08-18T19:27:09Z,commit:777ac1af
Texas (When I Die),Tanya Tucker,TNT,False,INDIFFERENT,4:52,292,B2AHpJ7XXKI,2024-08-18T19:22:17Z,commit:777ac1af
Blue Eyes Crying In the Rain,Willie Nelson,Red Headed Stranger,False,INDIFFERENT,2:19,139,2_I6gG2e4_A,2024-08-18T19:19:58Z,commit:777ac1af
Slide off of Your Satin Sheets,Johnny Paycheck,Super Hits,False,INDIFFERENT,2:55,175,0UI2ir6RwPo,2024-08-18T19:17:03Z,commit:777ac1af
The King Is Gone (So Are You),George Jones,The Essential George Jones: The Spirit Of Country,False,INDIFFERENT,3:22,202,XB2Bg7x5IEQ,2024-08-18T19:13:41Z,commit:777ac1af
The Year That Clayton Delaney Died,Tom T. Hall,In Search Of A Song,False,INDIFFERENT,2:45,165,rcSUIkglCQw,2024-08-18T19:10:56Z,commit:777ac1af
Drinkin' and Drivin',Johnny Paycheck,Biggest Hits,False,INDIFFERENT,3:03,183,QRHjQJMMeig,2024-08-18T19:07:53Z,commit:777ac1af
She's All I Got,Johnny Paycheck,She's All I Got,False,INDIFFERENT,2:57,177,wbzgZ2OxuNE,2024-08-18T19:04:56Z,commit:777ac1af
Heaven Was A Drink Of Wine,Merle Haggard,Serving 190 Proof,False,INDIFFERENT,2:51,171,JQCHIe3ypmA,2024-08-18T19:02:05Z,commit:777ac1af
Turn The Page,Waylon Jennings,Turn The Page,False,INDIFFERENT,4:37,277,aYmrx9sfvlY,2024-08-18T18:57:28Z,commit:777ac1af
Honky Tonkin',Hank Williams Jr.,Living Proof: The MGM Recordings 1963 - 1975,False,INDIFFERENT,2:30,150,0mxYYiMB7As,2024-08-18T18:54:58Z,commit:777ac1af
Take This job And Shove It,Johnny Paycheck,Biggest Hits,False,INDIFFERENT,2:36,156,4RIaXt3fJWw,2024-08-18T18:52:22Z,commit:777ac1af
The Promise,Sturgill Simpson,Metamodern Sounds in Country Music,False,INDIFFERENT,4:18,258,bEenmXxzBco,2024-08-18T18:48:04Z,commit:777ac1af
Leaving Louisiana In The Broad Daylight,The Oak Ridge Boys,The Oak Ridge Boys Have Arrived,False,INDIFFERENT,3:00,180,PVjXYjyxWTg,2024-08-18T18:45:04Z,commit:777ac1af
Hard Headed Me,Roger Miller,King Of The Road: The Genius Of Roger Miller,False,INDIFFERENT,2:33,153,Jxl2sCuKdj0,2024-08-18T18:42:31Z,commit:777ac1af
Loving Arms,Elvis Presley,Good Times,False,INDIFFERENT,2:50,170,0Win1QEVAp4,2024-08-18T18:39:41Z,commit:777ac1af
Fox On The Run,Tom T. Hall,The Magnificent Music Machine,False,INDIFFERENT,2:05,125,Ks1EyAuVuWY,2024-08-18T18:37:36Z,commit:777ac1af
Colorado Cool-Aid,Johnny Paycheck,Biggest Hits,False,INDIFFERENT,3:36,216,eqhFuz_bF2w,2024-08-18T18:34:00Z,commit:777ac1af
Why You Been Gone so Long,Jessi Colter,A Country Star Is Born,False,INDIFFERENT,3:06,186,FaieoS6sPpI,2024-08-18T18:30:54Z,commit:777ac1af
Georgia On My Mind,Willie Nelson,Stardust,False,INDIFFERENT,4:20,260,m4GgHvDzalw,2024-08-18T18:26:34Z,commit:777ac1af
Sing Me Back Home (Re-Recorded In Stereo),Merle Haggard,20 Hits,False,INDIFFERENT,2:52,172,chXHi57yAVU,2024-08-18T18:23:42Z,commit:777ac1af
Shine,Waylon Jennings,Black On Black,False,INDIFFERENT,2:52,172,ZoEidrMac2o,2024-08-18T18:20:50Z,commit:777ac1af
Sigma Oasis >,Phish,"2023-12-30 New York, NY - Madison Square Garden (MTX)",,INDIFFERENT,6:51,411,zYG8honqnks,2024-08-18T18:13:59Z,commit:777ac1af
Also Sprach Zarathustra,Phish,"2023-12-30 New York, NY - Madison Square Garden (MTX)",,INDIFFERENT,8:40,520,DZmKdObsOuA,2024-08-18T18:05:19Z,commit:777ac1af
Golden Age >,Phish,"2023-12-30 New York, NY - Madison Square Garden (MTX)",,INDIFFERENT,9:55,595,gDrDv4TlhXI,2024-08-18T17:55:24Z,commit:777ac1af
Piper,Phish,"2023-12-30 New York, NY - Madison Square Garden (MTX)",,INDIFFERENT,9:51,591,_2IRTsI2qnA,2024-08-18T17:45:33Z,commit:777ac1af
Twist,Phish,"2023-12-30 New York, NY - Madison Square Garden (MTX)",,INDIFFERENT,9:45,585,SuwvxZxlZEE,2024-08-18T17:35:48Z,commit:777ac1af
Tweezer,Phish,"2023-12-30 New York, NY - Madison Square Garden (MTX)",,INDIFFERENT,13:11,791,0o9DhcyP0Yo,2024-08-18T17:22:37Z,commit:777ac1af
Never Mind Bo Peep,Laurel & Hardy,Trail Of The Lonesome Pine,False,INDIFFERENT,3:55,235,QGzPl94Ablw,2024-08-18T17:18:42Z,commit:777ac1af
I Want To Go Back To Michigan,Laurel & Hardy,Trail Of The Lonesome Pine,False,INDIFFERENT,1:31,91,rNUm9oBJwwY,2024-08-18T17:17:11Z,commit:777ac1af
"At The Ball, That's All",Laurel & Hardy,Trail Of The Lonesome Pine,False,INDIFFERENT,2:04,124,1osNy2oSELI,2024-08-18T17:15:07Z,commit:777ac1af
The Heart Of A Gypsy,Laurel & Hardy,Trail Of The Lonesome Pine,False,INDIFFERENT,1:47,107,gDTbI_RbfXk,2024-08-18T17:13:20Z,commit:777ac1af
The Mousetrap Song,Laurel & Hardy,Trail Of The Lonesome Pine,False,INDIFFERENT,0:30,30,5kCI2cD-Nh0,2024-08-18T17:12:50Z,commit:777ac1af
Honolulu Baby,Laurel & Hardy,Trail Of The Lonesome Pine,False,INDIFFERENT,2:10,130,19w6lofhlHQ,2024-08-18T17:10:40Z,commit:777ac1af
Shine On Harvest Moon,Laurel & Hardy,Trail Of The Lonesome Pine,False,INDIFFERENT,1:16,76,BM5W-nGBTW8,2024-08-18T17:09:24Z,commit:777ac1af
Swing Along Children,Laurel & Hardy,Trail Of The Lonesome Pine,False,INDIFFERENT,1:05,65,soCHCcbkV8k,2024-08-18T17:08:19Z,commit:777ac1af
Trail Of The Lonesome Pine,Laurel & Hardy,Trail Of The Lonesome Pine,True,LIKE,2:04,124,5nVOwQRUvNs,2024-08-18T17:06:15Z,commit:777ac1af
Cry Me A River,Julie London,Julie Is Her Name,False,INDIFFERENT,2:59,179,gCGNYJOrebA,2024-08-18T17:03:16Z,commit:777ac1af
"Yes, Yes (My Baby Said Yes)",Ambrose & His Orchestra,The Very Best Of,False,INDIFFERENT,2:44,164,NYWZaYDUguA,2024-08-18T17:00:32Z,commit:777ac1af
Traditional: Joshua Fit De Battle Ob Jericho,Paul Robeson,Paul Robeson: The Complete EMI Sessions 1928-1939,False,INDIFFERENT,2:02,122,_rlyZxPYVKU,2024-08-18T16:58:30Z,commit:777ac1af
"Goodbye Little Dream, Goodbye",Jack Hylton & His Orchestra,I Get a Kick out of You - Great British Dance Bands Play Cole Porter (1935 - 1938),False,INDIFFERENT,3:15,195,xPcdz1t1nyI,2024-08-18T16:55:15Z,commit:777ac1af
The Girl Friend,George Olson & His Music,The Very Best Of,False,INDIFFERENT,2:52,172,WlLGKDGTc1c,2024-08-18T16:52:23Z,commit:777ac1af
Ain't Misbehavin',Arthur Young,Two 4 Jazz,False,INDIFFERENT,2:29,149,-R9nNN_T_z8,2024-08-18T16:49:54Z,commit:777ac1af
Five O'Clock Whistle (feat. Marjorie Kingsley),Harry Roy and His Band,"Big Band Hits, Vol. 2",False,INDIFFERENT,2:16,136,hyNwgp89x4o,2024-08-18T16:47:38Z,commit:777ac1af
Everybody Loves My Baby,The Boswell Sisters,The Boswell Sisters Collection Pt. 1,False,INDIFFERENT,2:20,140,zDrFzmyOBkQ,2024-08-18T16:45:18Z,commit:777ac1af
Jeepers Creepers,Paul Whiteman & His Swing Wing,The Dance Band Days,False,INDIFFERENT,2:17,137,DbduGgaKkmM,2024-08-18T16:43:01Z,commit:777ac1af
CARAVAN,BLUEGRASS QUINTET,Live in Japan 76,,INDIFFERENT,6:50,410,fU9V6Afq_Ig,2024-08-18T16:36:11Z,commit:777ac1af
NEW CAMPTOWN RACES,BLUEGRASS QUINTET,Live in Japan 76,,INDIFFERENT,3:22,202,Ci9D45EFyb4,2024-08-18T16:32:49Z,commit:777ac1af
LIMEHOUSE BLUES,David Grisman Quintet,Live At The Gamh 1979,,LIKE,3:55,235,kUYj4vJAQ2U,2024-08-18T16:28:54Z,commit:777ac1af
Caravan,Bill Keith,"Something Auld, Something Newgrass, Something Borrowed, Something Bluegrass",False,INDIFFERENT,5:19,319,krZWozSZnLk,2024-08-18T16:23:35Z,commit:777ac1af
Bit,Reginald Foresythe And His New Music,Pennies from Heaven - Original Soundtrack to the BBC Tv Series,False,INDIFFERENT,2:48,168,gHKhclt_AaY,2024-08-18T16:20:47Z,commit:777ac1af
I'll Get By (As Long As I Have You),Peggy Lee,Mink Jazz (Expanded Edition),False,INDIFFERENT,2:21,141,bvLZc3C0za8,2024-08-18T16:18:26Z,commit:777ac1af
"Come On, Be Happy",Jack Jackson & His Orchestra,Charleston All Night! The Very Best Of,False,INDIFFERENT,2:49,169,I5UP5fkBjNI,2024-08-18T16:15:37Z,commit:777ac1af
Stardust,Hoagy Carmichael,The Stardust Road,False,INDIFFERENT,2:27,147,COrHHeoaNAo,2024-08-18T16:13:10Z,commit:777ac1af
Cheek to Cheek,Lew Stone,The Dance Band Days,False,INDIFFERENT,3:04,184,5BRUyLCYNgE,2024-08-18T16:10:06Z,commit:777ac1af
Love Is Good for Anything That Ails You,Orlando and His Gleneagles Hotel Orchestra,Pennies from Heaven - Original Soundtrack to the BBC Tv Series,False,INDIFFERENT,2:31,151,iLqCAMoaDCs,2024-08-18T16:07:35Z,commit:777ac1af
Fanlight Fanny,George Formby,Leaning On A Lamp Post - Greatest Hits,False,INDIFFERENT,3:02,182,aPsnWtVSPt0,2024-08-18T16:04:33Z,commit:777ac1af
Mood Indigo (Piano Duet),"Arthur Young, Reginald Foresythe","The Serenades, Lullabyes and Melancholia of Reginald Foresythe",False,INDIFFERENT,2:52,172,QFrUp-PWszE,2024-08-18T16:01:41Z,commit:777ac1af
Solitude (Piano Duet),"Arthur Young, Reginald Foresythe","The Serenades, Lullabyes and Melancholia of Reginald Foresythe",False,INDIFFERENT,2:50,170,M-pyBpOM11M,2024-08-18T15:58:51Z,commit:777ac1af
Volcanic (Eruption for Orchestra),Reginald Foresythe,"The Serenades, Lullabyes and Melancholia of Reginald Foresythe",False,INDIFFERENT,2:58,178,wxZqQJy5sGw,2024-08-18T15:55:53Z,commit:777ac1af
Bit,Reginald Foresythe,"The Serenades, Lullabyes and Melancholia of Reginald Foresythe",False,INDIFFERENT,2:47,167,RTR5PQDNLH0,2024-08-18T15:53:06Z,commit:777ac1af
The Greener the Grass,Reginald Foresythe,"The Serenades, Lullabyes and Melancholia of Reginald Foresythe",False,INDIFFERENT,2:58,178,yPl2Hr-SI4c,2024-08-18T15:50:08Z,commit:777ac1af
Revolt of the Yes-Men,Reginald Foresythe,"The Serenades, Lullabyes and Melancholia of Reginald Foresythe",False,INDIFFERENT,2:41,161,jlpiCxV4TE0,2024-08-18T15:47:27Z,commit:777ac1af
Lullaby (For Mildred Bailey),Reginald Foresythe,"The Serenades, Lullabyes and Melancholia of Reginald Foresythe",False,INDIFFERENT,3:18,198,0A8iQB8AvAo,2024-08-18T15:44:09Z,commit:777ac1af
St. Louis Blues (Solo Piano),Reginald Foresythe,"The Serenades, Lullabyes and Melancholia of Reginald Foresythe",False,INDIFFERENT,2:58,178,-Ri2Vn8-MRk,2024-08-18T15:41:11Z,commit:777ac1af
Lament for Congo (A Hymn to Darkness #2),Reginald Foresythe,"The Serenades, Lullabyes and Melancholia of Reginald Foresythe",False,INDIFFERENT,2:53,173,8yvpEC_Ybr4,2024-08-18T15:38:18Z,commit:777ac1af
Deep Forest (A Hymn to Darkness #1),Reginald Foresythe,"The Serenades, Lullabyes and Melancholia of Reginald Foresythe",False,INDIFFERENT,3:05,185,pGG2HHmV0qM,2024-08-18T15:35:13Z,commit:777ac1af
Berceuse for an Unwanted Child,Reginald Foresythe,"The Serenades, Lullabyes and Melancholia of Reginald Foresythe",False,INDIFFERENT,2:46,166,1wWGIYctx-k,2024-08-18T15:32:27Z,commit:777ac1af
Follow the Sun (Piano Duet),"Arthur Young, Reginald Foresythe","The Serenades, Lullabyes and Melancholia of Reginald Foresythe",False,INDIFFERENT,2:41,161,aDfQwrUWdws,2024-08-18T15:29:46Z,commit:777ac1af
The Duke Insists,Reginald Foresythe,"The Serenades, Lullabyes and Melancholia of Reginald Foresythe",False,INDIFFERENT,2:44,164,NcOE-KHSxc0,2024-08-18T15:27:02Z,commit:777ac1af
The Melancholy Clown,Reginald Foresythe,"The Serenades, Lullabyes and Melancholia of Reginald Foresythe",False,INDIFFERENT,2:49,169,x4CP1ZF4Y6k,2024-08-18T15:24:13Z,commit:777ac1af
The Autocrat Before Breakfast,Reginald Foresythe,"The Serenades, Lullabyes and Melancholia of Reginald Foresythe",False,INDIFFERENT,2:49,169,PwwpYtcJGQk,2024-08-18T15:21:24Z,commit:777ac1af
Because It's Love (For Elisabeth Welch) (Solo Piano),Reginald Foresythe,"The Serenades, Lullabyes and Melancholia of Reginald Foresythe",False,INDIFFERENT,3:13,193,PLyNN7rf14s,2024-08-18T15:18:11Z,commit:777ac1af
Burlesque,Reginald Foresythe,"The Serenades, Lullabyes and Melancholia of Reginald Foresythe",False,INDIFFERENT,2:47,167,Ni6pcRbFfRw,2024-08-18T15:15:24Z,commit:777ac1af
Garden of Weed,Reginald Foresythe,"The Serenades, Lullabyes and Melancholia of Reginald Foresythe",False,INDIFFERENT,2:51,171,NYs27CbFJvU,2024-08-18T15:12:33Z,commit:777ac1af
Angry Jungle,Reginald Foresythe,"The Serenades, Lullabyes and Melancholia of Reginald Foresythe",False,INDIFFERENT,2:45,165,0h3wIQNl6iI,2024-08-18T15:09:48Z,commit:777ac1af
Tonight at 8: 30 (Piano Duet),"Arthur Young, Reginald Foresythe","The Serenades, Lullabyes and Melancholia of Reginald Foresythe",False,INDIFFERENT,3:06,186,LSZwp_mzbfo,2024-08-18T15:06:42Z,commit:777ac1af
Dodging a Divorcee,Reginald Foresythe,"The Serenades, Lullabyes and Melancholia of Reginald Foresythe",False,INDIFFERENT,3:03,183,FZHJxAfCu60,2024-08-18T15:03:39Z,commit:777ac1af
Serenade for a Wealthy Widow,Reginald Foresythe,"The Serenades, Lullabyes and Melancholia of Reginald Foresythe",False,INDIFFERENT,2:52,172,yXT4qgGlElg,2024-08-18T15:00:47Z,commit:777ac1af
Tiger Rag (Piano Duet),"Arthur Young, Reginald Foresythe","The Serenades, Lullabyes and Melancholia of Reginald Foresythe",False,INDIFFERENT,2:30,150,ZgGWbBskUb8,2024-08-18T14:58:17Z,commit:777ac1af
Breaking Down,Mike Lawson & Friends,Evidence Concerning Apparitions,True,LIKE,4:00,240,uyEP5NKRQT0,2024-08-18T14:54:17Z,commit:777ac1af
Loretta,Townes Van Zandt,Flyin' Shoes,False,INDIFFERENT,3:56,236,9ZhYqYuhiys,2024-08-18T14:50:21Z,commit:777ac1af
Can't Help But Wonder Where I'm Bound (Acoustic),Moonalice,Mother & Child,False,INDIFFERENT,3:57,237,4S3as0jgjbE,2024-08-18T14:46:24Z,commit:777ac1af
Sally Goodin',Nat Keefe with The Bow Ties,Sally Goodin',False,INDIFFERENT,3:50,230,X_DgAiTRuSU,2024-08-18T14:42:34Z,commit:777ac1af
Our Life's Work,Chuck Darwin and The Knuckledraggers,Three Car Pileup,,LIKE,2:35,155,p2iKO2q8_8g,2024-08-18T14:39:59Z,commit:777ac1af
'39,Queen,A Night At The Opera (Deluxe Remastered Version),False,INDIFFERENT,3:31,211,Gkdi-vkMGz4,2024-08-18T14:36:28Z,commit:777ac1af
Beer Taste Good,Casey Donahew,Built Different,False,INDIFFERENT,3:11,191,s-sv27tIAQo,2024-08-18T14:33:17Z,commit:777ac1af
"Holland, 1945",Neutral Milk Hotel,In the Aeroplane Over the Sea,False,INDIFFERENT,3:12,192,3eNK38nmzw4,2024-08-18T14:30:05Z,commit:777ac1af
S.O.B.,Nathaniel Rateliff & The Night Sweats,Nathaniel Rateliff & The Night Sweats,False,DISLIKE,4:08,248,OhEWoKttcEI,2024-08-18T14:25:57Z,commit:777ac1af
Out On The Weekend (Live),Nathaniel Rateliff & The Night Sweats,Live At Red Rocks,False,INDIFFERENT,4:00,240,JT11y0bx7gs,2024-08-18T14:21:57Z,commit:777ac1af
All My Rowdy Friends Are Coming Over Tonight,"Hank Williams, Jr.",Major Moves,False,INDIFFERENT,2:58,178,kjgc90Yf0as,2024-08-18T14:18:59Z,commit:777ac1af
Rocky Top,Phish,Amsterdam,,INDIFFERENT,3:12,192,G7Xsla0GjWM,2024-08-18T14:15:47Z,commit:777ac1af
Call to Arms,Sturgill Simpson,A Sailor's Guide to Earth,True,LIKE,5:30,330,VuiR4AtH1fc,2024-08-18T14:10:17Z,commit:777ac1af
Around the World (Radio Edit),Daft Punk,Around the World,False,INDIFFERENT,4:02,242,ARfJ55bUAw0,2024-08-18T14:06:15Z,commit:777ac1af
Peach (Xtended Jam) (Live from One Nite Alone Tour...The Aftershow),Prince,One Nite Alone... The Aftershow: It Ain't Over! (Up Late with Prince & The NPG) (Live),,INDIFFERENT,11:20,680,s1TwexjiZMc,2024-08-18T13:54:55Z,commit:777ac1af
Alphabet Street (Live from One Nite Alone Tour...The Aftershow),Prince,One Nite Alone... The Aftershow: It Ain't Over! (Up Late with Prince & The NPG) (Live),,LIKE,2:56,176,vtsZQtkFb9U,2024-08-18T13:51:59Z,commit:777ac1af
Old Joe Clark,John Hartford,Morning Bugle,True,LIKE,5:53,353,2yneC-iAHWM,2024-08-18T13:46:06Z,commit:777ac1af
The Poor Old Prurient Interest Blues,John Hartford,John Hartford,False,INDIFFERENT,2:41,161,DM6R598w4XY,2024-08-18T13:43:25Z,commit:777ac1af
Honky Tonk Heroes,Waylon Jennings,Honky Tonk Heroes,False,INDIFFERENT,3:36,216,SRJhsYf-jok,2024-08-18T13:39:49Z,commit:777ac1af
She's All I Got,Johnny Paycheck,Columbia Country Classics - Volume 4: The Nashville Sound,False,INDIFFERENT,2:54,174,P_9ooCUgBWQ,2024-08-18T13:36:55Z,commit:777ac1af
Large Garbage Barge,Jacob Jolliff,The Jacob Jolliff Band,,LIKE,3:58,238,umeEbTDnwb0,2024-08-18T13:32:57Z,commit:777ac1af
Tweezer,Phish,"2023-12-30 New York, NY - Madison Square Garden (MTX)",,INDIFFERENT,13:11,791,0o9DhcyP0Yo,2024-08-18T13:19:46Z,commit:777ac1af
The Well >,Phish,"2023-12-30 New York, NY - Madison Square Garden (MTX)",,INDIFFERENT,6:23,383,7fhU-ExQTV0,2024-08-18T13:13:23Z,commit:777ac1af
Life Saving Gun,Phish,"2023-12-30 New York, NY - Madison Square Garden (MTX)",,INDIFFERENT,13:23,803,1Ft85g_s0v0,2024-08-18T13:00:00Z,commit:777ac1af
It’s Ice >,Phish,"2023-12-30 New York, NY - Madison Square Garden (MTX)",,INDIFFERENT,7:41,461,f0ES4ST-0UA,2024-08-18T12:52:19Z,commit:777ac1af
Train Song,Phish,"2023-12-30 New York, NY - Madison Square Garden (MTX)",,INDIFFERENT,2:47,167,lnfW_a75d-Y,2024-08-18T12:49:32Z,commit:777ac1af
Fuego >,Phish,"2023-12-30 New York, NY - Madison Square Garden (MTX)",,INDIFFERENT,16:38,998,7RAxFl4zp9w,2024-08-18T12:32:54Z,commit:777ac1af
Kill Devil Falls,Phish,"2023-12-30 New York, NY - Madison Square Garden (MTX)",,INDIFFERENT,8:25,505,yw6iO0CaVXw,2024-08-18T12:24:29Z,commit:777ac1af
Undermind,Phish,"2023-12-30 New York, NY - Madison Square Garden (MTX)",,INDIFFERENT,8:48,528,QziLO_5n-L8,2024-08-18T12:15:41Z,commit:777ac1af
Turtle In The Clouds,Phish,"2023-12-30 New York, NY - Madison Square Garden (MTX)",,INDIFFERENT,6:58,418,Xs-1m4qSgyA,2024-08-18T12:08:43Z,commit:777ac1af
Wolfman’s Brother,Phish,"2023-12-30 New York, NY - Madison Square Garden (MTX)",,INDIFFERENT,11:21,681,A3F_OxZ-a9k,2024-08-18T11:57:22Z,commit:777ac1af
Backwards Down The Number Line,Phish,"2023-12-30 New York, NY - Madison Square Garden (MTX)",,INDIFFERENT,7:13,433,4OUBNm4-MSo,2024-08-18T11:50:09Z,commit:777ac1af
Misty,Johnny Mathis,Heavenly,False,INDIFFERENT,3:37,217,Ytb_T7eTAKI,2024-08-18T11:46:32Z,commit:777ac1af
My One And Only Love,"John Coltrane, Johnny Hartman",John Coltrane And Johnny Hartman,False,INDIFFERENT,4:56,296,fue4mYwJjeU,2024-08-18T11:41:36Z,commit:777ac1af
Desafinado,"João Gilberto, Stan Getz",Getz/Gilberto,False,INDIFFERENT,4:16,256,oqHONL-LZ58,2024-08-18T11:37:20Z,commit:777ac1af
A Taste of Honey,Paul Desmond,Glad To Be Unhappy,False,INDIFFERENT,4:26,266,0gOX4W2PNGM,2024-08-18T11:32:54Z,commit:777ac1af
Dream Girl,Luiz Bonfa,The Brazilian Scene,False,INDIFFERENT,2:49,169,fLnerWnHfXE,2024-08-18T11:30:05Z,commit:777ac1af
Sambalero,Luiz Bonfa,The Brazilian Scene,False,INDIFFERENT,2:14,134,XBzhHrWjptk,2024-08-18T11:27:51Z,commit:777ac1af
Her Face,Luiz Bonfa,The Brazilian Scene,False,INDIFFERENT,3:15,195,cOc1Mas0WdI,2024-08-18T11:24:36Z,commit:777ac1af
Bye Bye Blues,Luiz Bonfa,The Brazilian Scene,False,INDIFFERENT,2:07,127,PuNrecwITlU,2024-08-18T11:22:29Z,commit:777ac1af
"21 Hungarian Dances, WoO 1: XIX. Allegretto",London Festival Orchestra,The Classical Colletion - Brahms - Obras maestras orquestrales,False,INDIFFERENT,2:02,122,ml_49lmbOmc,2024-08-18T11:20:27Z,commit:777ac1af
"Prokofiev: Symphony No. 1 in D, Op. 25 ""Classical Symphony"" - 3. Gavotta (Non troppo allegro)","London Symphony Orchestra, Sergei Prokofiev, Walter Weller",Prokofiev: Complete Symphonies,False,INDIFFERENT,1:38,98,5tER-fRpvuI,2024-08-18T11:18:49Z,commit:777ac1af
"Vivaldi: Concerto for Violin and Strings in G minor, Op. 8, No. 2, R.315 ""L'estate"" - 3. Presto (Tempo impetuoso d'estate)","Felix Ayo, I Musici",Vivaldi: Le Quattro Stagioni (The 4 Seasons),False,INDIFFERENT,3:16,196,hkDwOv-MIHE,2024-08-18T11:15:33Z,commit:777ac1af
"Holst: The Planets, Op. 32 - 4. Jupiter, the Bringer of Jollity","Berliner Philharmoniker, Gustav Holst, Herbert von Karajan",Holst: The Planets,False,INDIFFERENT,7:36,456,wvfz23jZz6c,2024-08-18T11:07:57Z,commit:777ac1af
"The 4 Seasons, Op. 8/4, RV 297, ""Winter""",St. Mark's Philharmonic Orchestra,Vivaldi: All Time Greatest Moments,False,INDIFFERENT,9:25,565,_FeJFs6LJjU,2024-08-18T10:58:32Z,commit:777ac1af
Star of Bethlehem (Instrumental),John Williams,Home Alone (Original Motion Picture Soundtrack) (Anniversary Edition),False,INDIFFERENT,2:52,172,KIUtb696uhs,2024-08-18T10:55:40Z,commit:777ac1af
"The Nutcracker, Op. 71, Act I, Scene 2: No. 9, Waltz of the Snowflakes (feat. Libera)","Berliner Philharmoniker, Sir Simon Rattle",Tchaikovsky: The Nutcracker (Discovery Edition),False,INDIFFERENT,6:41,401,fo3yFy-roR8,2024-08-18T10:48:59Z,commit:777ac1af
"Elgar: Variations on an Original Theme, Op. 36 ""Enigma"" - Theme (Andante)","Giuseppe Sinopoli, Philharmonia Orchestra",Elgar: Enigma Variations; Cello Concerto; Serenade For Strings,False,INDIFFERENT,1:34,94,BrbtzlPijKo,2024-08-18T10:47:25Z,commit:777ac1af
"Tchaikovsky: Swan Lake, Op. 20, TH.12 / Act 2 - No. 10 Scène (Moderato)","Charles Dutoit, Orchestre symphonique de Montréal, Pyotr Ilyich Tchaikovsky",Tchaikovsky: Swan Lake,False,INDIFFERENT,2:56,176,ItMDZDExhKw,2024-08-18T10:44:29Z,commit:777ac1af
Elvira Madigan (Andante),Paul Brooks,Meditation,False,INDIFFERENT,2:18,138,xp4nYG441ho,2024-08-18T10:42:11Z,commit:777ac1af
Beethoven: Speaking Unto Nations (Beethoven Symphony no 7 - II ),Terry Davies,The King's Speech (International Version),False,INDIFFERENT,5:03,303,FpCr4Z1iK54,2024-08-18T10:37:08Z,commit:777ac1af
"Beethoven - Symphony No.7 in A major op.92 - II, Allegretto","16M views, neuIlaryRheinKlange",,,INDIFFERENT,8:47,527,vCHREyE5GzQ,2024-08-18T10:28:21Z,commit:777ac1af
"Prokofiev: Romeo and Juliet, Op. 64 / Act 1 - Dance Of The Knights","Lorin Maazel, Sergei Prokofiev, The Cleveland Orchestra",Prokofiev: Romeo & Juliet,False,INDIFFERENT,5:08,308,XX6GHiFKovw,2024-08-18T10:23:13Z,commit:777ac1af
Moment Musical in F Minor,Alfred Scholz,133 Finest Moments in Classical,False,INDIFFERENT,1:54,114,gq5zokNDNI4,2024-08-18T10:21:19Z,commit:777ac1af
"16 Waltzes, Op. 39: No. 15 in A-Flat Major",Moura Lympany,Piano Favorites,False,INDIFFERENT,1:40,100,e1kZKGGIueE,2024-08-18T10:19:39Z,commit:777ac1af
"Swan Lake Op, 20, Act II: No. 10 Szene",London Concert Orchestra,The Best Of Tchaikovsky,False,INDIFFERENT,3:17,197,ogCb_oxMI-8,2024-08-18T10:16:22Z,commit:777ac1af
Bizet: Carmen Suite No. 1 - Les toréadors,"London Symphony Orchestra, Sir Neville Marriner",Music From The Heart Of Spain,False,INDIFFERENT,2:21,141,T0PggZQihFA,2024-08-18T10:14:01Z,commit:777ac1af
"16 Waltzes, Op. 39: No. 15 in A-Flat Major",Idil Biret,"Brahms: Hungarian Dances - Waltzes, Op. 39",False,INDIFFERENT,1:34,94,3Hf8ul1hibc,2024-08-18T10:12:27Z,commit:777ac1af
"The Nutcracker, Op. 71, Act II: No. 13, Waltz of the Flowers","Berliner Philharmoniker, Sir Simon Rattle",Tchaikovsky: The Nutcracker,False,INDIFFERENT,6:56,416,9LEZA9IQDDs,2024-08-18T10:05:31Z,commit:777ac1af
"The Nutcracker, Op. 71, Act II: No. 15, Final Waltz and Apotheosis","Berliner Philharmoniker, Sir Simon Rattle",Tchaikovsky: The Nutcracker,False,INDIFFERENT,4:52,292,8B3RoWA4xUU,2024-08-18T10:00:39Z,commit:777ac1af
"Messiah: Part I, No 4. And the Glory of the Lord","London Symphony Orchestra, Sir Colin Davis, Tenebrae Choir",Handel: Messiah,False,INDIFFERENT,2:45,165,4_3cnpfs0aQ,2024-08-18T09:57:54Z,commit:777ac1af
"The Four Seasons, Violin Concerto in F Minor, Op. 8 No. 4, RV 297 ""Winter"": II. Largo (feat. I Solisti dell'Orchestra Filarmonica della Scala & Robert Kettelson)",Giulio Franzetti,Vivaldi: The Four Seasons etc.,False,INDIFFERENT,2:35,155,uXrPTUXOptg,2024-08-18T09:55:19Z,commit:777ac1af
"Water Music - Suite #1 In F, HWV 348 - Alla Hornpipe",Jordi Savall,Haendel: Water Music & Music for the Royal Fireworks,False,INDIFFERENT,4:04,244,SsM25EBXN58,2024-08-18T09:51:15Z,commit:777ac1af
"Handel: Zadok the Priest (Coronation Anthem No. 1, HWV 258)","Simon Preston, The Choir of Westminster Abbey, The English Concert, Trevor Pinnock",Handel: Coronation Anthems; Concerti a Due Cori,True,LIKE,5:24,324,y0hJP245LyI,2024-08-18T09:45:51Z,commit:777ac1af
Rocky Road Blues,Hot Rize,Take It Home,False,INDIFFERENT,2:15,135,XN02hU2TOX4,2024-08-18T09:43:36Z,commit:777ac1af
Twin Sisters,Doc & Merle Watson,Down South,,INDIFFERENT,1:40,100,sX06bB3hYFo,2024-08-18T09:41:56Z,commit:777ac1af
Fiddler's Dram / Whiskey Before Breakfast,Norman Blake,Whiskey Before Breakfast,,INDIFFERENT,3:34,214,wJVEohgugU4,2024-08-18T09:38:22Z,commit:777ac1af
New Chance Blues,"Norman Blake, Tony Rice",Blake & Rice,,INDIFFERENT,2:16,136,0Cgr6BoZDdM,2024-08-18T09:36:06Z,commit:777ac1af
Yellow Barber (Live),John Hartford,Live From Mountain Stage,,INDIFFERENT,1:41,101,U56w_7vk80k,2024-08-18T09:34:25Z,commit:777ac1af
Cluck Old Hen,"Dirk Powell, John Hermann, Tim O'Brien",Songs From The Mountain,,INDIFFERENT,2:04,124,LtdHBnYFnp0,2024-08-18T09:32:21Z,commit:777ac1af
June Apple,Brittany Haas,Brittany Haas,False,INDIFFERENT,2:59,179,ZTTrnNFsDd4,2024-08-18T09:29:22Z,commit:777ac1af
First Snow,Tim O'Brien,Fiddler's Green,False,INDIFFERENT,2:22,142,UZ8wjLWJ-ak,2024-08-18T09:27:00Z,commit:777ac1af
Good In The Kitchen,Bearfoot,Doors and Windows,False,INDIFFERENT,1:30,90,Y2SYVR95dO0,2024-08-18T09:25:30Z,commit:777ac1af
Coon Dog,Uncle Earl,Going to the Western Slope,False,INDIFFERENT,2:27,147,sxP_ayn30Fk,2024-08-18T09:23:03Z,commit:777ac1af
Western Skies,Hot Rize,When I'm Free,False,INDIFFERENT,2:43,163,XCHVL_po2jI,2024-08-18T09:20:20Z,commit:777ac1af
Sally Ann,Wade Ward,Clawhammer Banjo Volume One,False,INDIFFERENT,1:33,93,Ny92iQYxL14,2024-08-18T09:18:47Z,commit:777ac1af
Old Joe Clark / June Apple,Tony Trischka,Solo Banjo Works,False,INDIFFERENT,1:47,107,ci5BjiInlPQ,2024-08-18T09:17:00Z,commit:777ac1af
Red Dog in the Morning,Tim O'Brien,Chameleon,False,INDIFFERENT,2:41,161,m3rqZmH6UwA,2024-08-18T09:14:19Z,commit:777ac1af
Little Sadie,"Doc Watson, Merle Watson",Doc Watson & Son,False,INDIFFERENT,2:01,121,oJIerz1DtDI,2024-08-18T09:12:18Z,commit:777ac1af
Room At The Top Of The Stairs,"David Grisman, John Hartford, Mike Seeger",Retrograss,False,INDIFFERENT,2:11,131,NA9i5Ny3mcw,2024-08-18T09:10:07Z,commit:777ac1af
Cherokee Trail / Glory In The Meeting House,"Dirk Powell, John Hermann, Tim O'Brien",Songs From The Mountain,,LIKE,2:08,128,8F1UZQcIles,2024-08-18T09:07:59Z,commit:777ac1af
Monroe's Hornpipe,"Norman Blake, Tony Rice",Blake & Rice,,INDIFFERENT,2:17,137,lVEpnrfHCCw,2024-08-18T09:05:42Z,commit:777ac1af
Sugar in the Gourd,Furnace Mountain,Fields of Fescue,False,INDIFFERENT,2:28,148,kozTMrjozB0,2024-08-18T09:03:14Z,commit:777ac1af
Bowling Green,Furnace Mountain,Fields of Fescue,False,INDIFFERENT,2:53,173,8Y82BLiOVzY,2024-08-18T09:00:21Z,commit:777ac1af
Watermelon Seed,Furnace Mountain,Fields of Fescue,False,INDIFFERENT,3:45,225,vB5KULdCbk8,2024-08-18T08:56:36Z,commit:777ac1af
Ooh Belle,Furnace Mountain,Fields of Fescue,False,INDIFFERENT,3:47,227,pQAfRBo9ExA,2024-08-18T08:52:49Z,commit:777ac1af
Factory Girl,Furnace Mountain,Fields of Fescue,False,INDIFFERENT,4:30,270,9Fzmi464EmA,2024-08-18T08:48:19Z,commit:777ac1af
Turbo Dog,Furnace Mountain,Fields of Fescue,False,INDIFFERENT,3:06,186,Mt1ChAbAbFo,2024-08-18T08:45:13Z,commit:777ac1af
Bad Girl,Furnace Mountain,Fields of Fescue,False,INDIFFERENT,4:23,263,NjTVMPHelTg,2024-08-18T08:40:50Z,commit:777ac1af
Graveyard / John Brown's Dream,Furnace Mountain,Fields of Fescue,False,INDIFFERENT,3:45,225,pGS21Vv1OQA,2024-08-18T08:37:05Z,commit:777ac1af
Pretty Little Widow,Furnace Mountain,Fields of Fescue,False,INDIFFERENT,2:18,138,IIZfGyOpl4A,2024-08-18T08:34:47Z,commit:777ac1af
Winter's Night,Furnace Mountain,Fields of Fescue,False,INDIFFERENT,3:08,188,ZUUrFsQInio,2024-08-18T08:31:39Z,commit:777ac1af
Rattlesnake / Black Mountain Rag,Furnace Mountain,Fields of Fescue,False,INDIFFERENT,3:59,239,xLRIbdKXpJo,2024-08-18T08:27:40Z,commit:777ac1af
Fields of Fescue,Furnace Mountain,Fields of Fescue,False,INDIFFERENT,2:40,160,YD-RNVa9yxo,2024-08-18T08:25:00Z,commit:777ac1af
#20,Aphex Twin,Selected Ambient Works Volume II,False,INDIFFERENT,4:16,256,w3ssNqg8U1c,2024-08-18T08:20:44Z,commit:777ac1af
Matta (Remastered 2005),Brian Eno,Apollo,False,INDIFFERENT,4:20,260,W8c8Oy2ipRM,2024-08-18T08:16:24Z,commit:777ac1af
Currents (220v Offshore),Phonem,Hydro Electric,False,INDIFFERENT,6:48,408,VsGHR1gHcKw,2024-08-18T08:09:36Z,commit:777ac1af
An Eagle in Your Mind,Boards of Canada,Music Has The Right To Children,True,INDIFFERENT,6:26,386,VCcU-vg-woY,2024-08-18T08:03:10Z,commit:777ac1af
Heliosphan,Aphex Twin,Selected Ambient Works 85-92,False,INDIFFERENT,4:54,294,Xxk-ryO6J2I,2024-08-18T07:58:16Z,commit:777ac1af
Dusk You & Me,Groove Armada,Vertigo,False,INDIFFERENT,5:38,338,pn_9e2uYk9c,2024-08-18T07:52:38Z,commit:777ac1af
Yu Mountain,Plaid,The Digging Remedy,False,INDIFFERENT,4:05,245,ois75tvneYA,2024-08-18T07:48:33Z,commit:777ac1af
Triangles & Rhombuses,Boards of Canada,Music Has The Right To Children,True,INDIFFERENT,1:51,111,RSoXysR12Qc,2024-08-18T07:46:42Z,commit:777ac1af
Ted,Clark,Body Riddle,False,INDIFFERENT,2:55,175,PsT-nbVBsXw,2024-08-18T07:43:47Z,commit:777ac1af
Mdrmx,Brothomstates,Claro,False,INDIFFERENT,6:00,360,ZRnA18TI6Oc,2024-08-18T07:37:47Z,commit:777ac1af
Unicorn,Four Tet,Beautiful Rewind,False,INDIFFERENT,3:30,210,pfcj_jOoKIw,2024-08-18T07:34:17Z,commit:777ac1af
Amo Bishop Roden,Boards of Canada,In A Beautiful Place Out In The Country,False,INDIFFERENT,6:17,377,KZbFpcEl-8o,2024-08-18T07:28:00Z,commit:777ac1af
Teardrop (feat. Elizabeth Fraser),Massive Attack,Mezzanine,False,INDIFFERENT,5:31,331,3h-JYx76QNM,2024-08-18T07:22:29Z,commit:777ac1af
Eutow,Autechre,Tri Repetae,False,INDIFFERENT,4:16,256,13ZJ4_y30Ok,2024-08-18T07:18:13Z,commit:777ac1af
Gorecki,Lamb,Lamb,False,INDIFFERENT,6:31,391,cfsmETjZhwY,2024-08-18T07:11:42Z,commit:777ac1af
Oscar See Through Red Eye,Boards of Canada,The Campfire Headphase,False,INDIFFERENT,5:09,309,Gwx-sl-4JXs,2024-08-18T07:06:33Z,commit:777ac1af
Founded,Plaid,scintilli,False,INDIFFERENT,3:09,189,EGMCbMix8h0,2024-08-18T07:03:24Z,commit:777ac1af
Vespers,Bola,Mauver,False,INDIFFERENT,6:52,412,qc76eo5ETbw,2024-08-18T06:56:32Z,commit:777ac1af
Bubble Life,Squarepusher,Hello Everything,False,INDIFFERENT,2:54,174,iITvUc6DMSc,2024-08-18T06:53:38Z,commit:777ac1af
Telephasic Workshop,Boards of Canada,Music Has The Right To Children,True,INDIFFERENT,6:36,396,soAH__YofsM,2024-08-18T06:47:02Z,commit:777ac1af
On Your Marks,Bonobo,Days To Come,False,INDIFFERENT,4:12,252,DcRBvAe70S8,2024-08-18T06:42:50Z,commit:777ac1af
In McDonalds,Burial,Untrue,False,INDIFFERENT,2:07,127,8GjESYARiJU,2024-08-18T06:40:43Z,commit:777ac1af
Heat Death Of The Universe,Fila Brazillia,Luck Be a Weirdo Tonight,False,INDIFFERENT,7:45,465,1mCO440DjnM,2024-08-18T06:32:58Z,commit:777ac1af
Satellite Anthem Icarus,Boards of Canada,The Campfire Headphase,False,INDIFFERENT,6:05,365,qAVM8vQGQxI,2024-08-18T06:26:53Z,commit:777ac1af
Shakatakadoodub,"Dorfmeister, Kruder",Ninja Cuts - Flexistentialism,False,INDIFFERENT,7:15,435,o05QJzi3k70,2024-08-18T06:19:38Z,commit:777ac1af
Song of Life,Leftfield,Leftism,False,INDIFFERENT,7:04,424,4_n-BQ1fZ_E,2024-08-18T06:12:34Z,commit:777ac1af
Sing It Back,Moloko,I Am Not a Doctor,False,INDIFFERENT,4:24,264,0lGXDFHnyag,2024-08-18T06:08:10Z,commit:777ac1af
Happy Cycling,Boards of Canada,Music Has The Right To Children,True,INDIFFERENT,7:53,473,DAM7OeFpgoE,2024-08-18T06:00:17Z,commit:777ac1af
Nine,Autechre,Amber,False,INDIFFERENT,3:41,221,TZ7RF7dCCgc,2024-08-18T05:56:36Z,commit:777ac1af
The Wider Sun,Jon Hopkins,Insides,False,INDIFFERENT,2:35,155,K32txPlV64I,2024-08-18T05:54:01Z,commit:777ac1af
Papua New Guinea (Blue States Full Length Mix),The Future Sound Of London,Accelerator Deluxe,False,INDIFFERENT,5:47,347,m2tsHIDWElI,2024-08-18T05:48:14Z,commit:777ac1af
Kid for Today,Boards of Canada,In A Beautiful Place Out In The Country,False,INDIFFERENT,6:24,384,zV0P-WO0Mds,2024-08-18T05:41:50Z,commit:777ac1af
Secret Stair #1,U-Ziq,Lunatic Harness,False,INDIFFERENT,4:17,257,_aSO6NMRW0I,2024-08-18T05:37:33Z,commit:777ac1af
I Made a Tree on the Wold,Telefon Tel Aviv,Immolate Yourself,False,INDIFFERENT,4:39,279,YZ2b2myb4aA,2024-08-18T05:32:54Z,commit:777ac1af
Alberto Balsalm,Aphex Twin,...I Care Because You Do,False,INDIFFERENT,5:11,311,-ZVZgCrHy5E,2024-08-18T05:27:43Z,commit:777ac1af
Music Is Math,Boards of Canada,Geogaddi,False,INDIFFERENT,5:22,322,lhPWJHrwgR4,2024-08-18T05:22:21Z,commit:777ac1af
Antennaria,Biosphere,Substrata + Man with a Movie Camera,False,INDIFFERENT,5:04,304,WYZAXMwLjLM,2024-08-18T05:17:17Z,commit:777ac1af
In Your Own Time,Amon Tobin,Dark Jovian,False,INDIFFERENT,3:06,186,l78B4TNG88M,2024-08-18T05:14:11Z,commit:777ac1af
2X202-ST5,Aphex Twin,Cheetah EP,False,INDIFFERENT,4:40,280,MPW3oh5a4FU,2024-08-18T05:09:31Z,commit:777ac1af
Chromakey Dreamcoat,Boards of Canada,The Campfire Headphase,False,INDIFFERENT,5:48,348,ex6-A803EnE,2024-08-18T05:03:43Z,commit:777ac1af
Ten Hours,Arovane,Lilies,False,INDIFFERENT,3:02,182,6tQw6RjECl8,2024-08-18T05:00:41Z,commit:777ac1af
Kalpol Introl,Autechre,Incunabula,False,INDIFFERENT,3:19,199,kE8gg-KBzf4,2024-08-18T04:57:22Z,commit:777ac1af
Redruth School,Polygon Window,Surfing On Sine Waves,False,INDIFFERENT,2:44,164,LqcKEiWGWhs,2024-08-18T04:54:38Z,commit:777ac1af
Sixtyniner,Boards of Canada,Twoism,False,INDIFFERENT,5:18,318,3JPPFG-Np4M,2024-08-18T04:49:20Z,commit:777ac1af
Petroleum Tinged,Clark,Clark,False,INDIFFERENT,1:38,98,o9vrgw0dyvw,2024-08-18T04:47:42Z,commit:777ac1af
Ropen,Plaid,Reachy Prints,False,INDIFFERENT,3:51,231,t6XH0oiwSzE,2024-08-18T04:43:51Z,commit:777ac1af
Laughable Butane Bob,Afx,Hangable Auto Bulb,False,INDIFFERENT,3:03,183,ElwOsPkNU38,2024-08-18T04:40:48Z,commit:777ac1af
In a Beautiful Place Out in the Country,Boards of Canada,In A Beautiful Place Out In The Country,False,INDIFFERENT,6:08,368,XrjvFzH2ALM,2024-08-18T04:34:40Z,commit:777ac1af
Intervention Stjerner,"Jonas Munk, Ulrich Schnauss",Passage,False,INDIFFERENT,2:47,167,QADkRUY9uhE,2024-08-18T04:31:53Z,commit:777ac1af
No Drums,Tim Hecker,"Ravedeath, 1972",False,INDIFFERENT,3:24,204,qdmbbiMRe48,2024-08-18T04:28:29Z,commit:777ac1af
Vic Acid,Squarepusher,Hard Normal Daddy,False,INDIFFERENT,3:08,188,rYyuB9j03D4,2024-08-18T04:25:21Z,commit:777ac1af
Night Bus,Burial,Burial,,INDIFFERENT,2:14,134,gTVt7EOCmgM,2024-08-18T04:23:07Z,commit:777ac1af
Hope We Never Surface,Two Lone Swordsmen,Stay Down,False,INDIFFERENT,2:24,144,if5MOVBBhl0,2024-08-18T04:20:43Z,commit:777ac1af
Altibzz,Autechre,Quaristice,False,INDIFFERENT,2:53,173,-F665Mkc0D0,2024-08-18T04:17:50Z,commit:777ac1af
Opalescent,Jon Hopkins,Opalescent,False,INDIFFERENT,2:12,132,8cgeEOIki0k,2024-08-18T04:15:38Z,commit:777ac1af
Lotus Above Water,Telefon Tel Aviv,Fahrenheit Fair Enough,False,INDIFFERENT,3:34,214,NsTmv3_kSmE,2024-08-18T04:12:04Z,commit:777ac1af
#17,Aphex Twin,Selected Ambient Works Volume II,False,INDIFFERENT,2:06,126,6ISBJMHPSiA,2024-08-18T04:09:58Z,commit:777ac1af
Turquoise Hexagon Sun,Boards of Canada,Music Has The Right To Children,True,INDIFFERENT,5:08,308,RQef_-Y_Imo,2024-08-18T04:04:50Z,commit:777ac1af
Hi Scores,Boards Of Canada,Hi Scores,False,INDIFFERENT,4:58,298,jGUBhdWFFAs,2024-08-18T03:59:52Z,commit:777ac1af
Dimensional Rift,Sphäre Sechs,Extradimension,False,INDIFFERENT,6:02,362,hkm4Xf7QREY,2024-08-18T03:53:50Z,commit:777ac1af
Black Tusk Descent,loscil,coast/range/arc//,,INDIFFERENT,7:15,435,ZheAgv6symk,2024-08-18T03:46:35Z,commit:777ac1af
Press On,John R. Miller,Heat Comes Down,True,LIKE,3:38,218,F8G-Spade6A,2024-08-18T03:42:57Z,commit:777ac1af
Dollar Store Tents,John R. Miller,Heat Comes Down,False,INDIFFERENT,3:33,213,yFUc-qvDDt4,2024-08-18T03:39:24Z,commit:777ac1af
Basements,John R. Miller,Heat Comes Down,False,INDIFFERENT,3:44,224,UqBdpiOCc1w,2024-08-18T03:35:40Z,commit:777ac1af
"Conspiracies, Cults & UFOs",John R. Miller,Heat Comes Down,False,INDIFFERENT,2:53,173,ge1U48laNvk,2024-08-18T03:32:47Z,commit:777ac1af
Summer Lens,John R. Miller,Heat Comes Down,False,INDIFFERENT,3:23,203,uxzLZ0WHKFk,2024-08-18T03:29:24Z,commit:777ac1af
Smokestacks On The Skyline,John R. Miller,Heat Comes Down,False,INDIFFERENT,3:15,195,uIFP8mwb-fc,2024-08-18T03:26:09Z,commit:777ac1af
Crumbling Pie,John R. Miller,Heat Comes Down,False,INDIFFERENT,4:15,255,c_B0zpr22oo,2024-08-18T03:21:54Z,commit:777ac1af
Ditcher,John R. Miller,Heat Comes Down,False,INDIFFERENT,3:52,232,1uyg9AYzDEs,2024-08-18T03:18:02Z,commit:777ac1af
Harpers Ferry Moon,John R. Miller,Heat Comes Down,False,INDIFFERENT,4:03,243,9mYlG4-doGw,2024-08-18T03:13:59Z,commit:777ac1af
Insomnia Blues,John R. Miller,Heat Comes Down,True,LIKE,4:01,241,L1pRpcEhT0c,2024-08-18T03:09:58Z,commit:777ac1af
The Whores of Sailortown,Salty Dick,Salty Dick's Uncensored Sailor Songs,False,INDIFFERENT,3:21,201,ej7hzjrt3WM,2024-08-18T03:06:37Z,commit:777ac1af
Nobody Has To Know Your Mind,John R. Miller,Heat Comes Down,False,INDIFFERENT,4:54,294,ivk6KfR6hAY,2024-08-18T03:01:43Z,commit:777ac1af
Broken Window Serenade,Whiskey Myers,Firewater,False,INDIFFERENT,5:47,347,_bto0UKEZNA,2024-08-18T02:55:56Z,commit:777ac1af
I Don't Mind,Sturgill Simpson,Cuttin' Grass - Vol. 1 (Butcher Shoppe Sessions),False,INDIFFERENT,4:30,270,xYcmf9cRp7A,2024-08-18T02:51:26Z,commit:777ac1af
"Conspiracies, Cults & UFOs",John R. Miller,"Conspiracies, Cults & UFOs",,LIKE,2:53,173,dTc_IQiUXtI,2024-08-18T02:48:33Z,commit:777ac1af
Consume (feat. Goon Des Garcons),Chase Atlantic,Chase Atlantic,False,INDIFFERENT,4:28,268,tPQR3ckPRis,2024-08-18T02:44:05Z,commit:777ac1af
Death Ride to Durango,Gaelic Storm,What's the Rumpus?,False,INDIFFERENT,4:36,276,fWSw4taKiFk,2024-08-18T02:39:29Z,commit:777ac1af
The Foggy Dew,Derek Warfield & The Young Wolfe Tones,"Call of Erin, Vol. 1",False,INDIFFERENT,4:29,269,IKU1UxRlE0Q,2024-08-18T02:35:00Z,commit:777ac1af
Home For A Rest,Spirit of the West,Save This House,False,INDIFFERENT,4:37,277,RsSQSzrtChU,2024-08-18T02:30:23Z,commit:777ac1af
John Kanackanaka,The Captain's Beard,Same Ship Different Day,False,INDIFFERENT,3:16,196,i06gFqbf41I,2024-08-18T02:27:07Z,commit:777ac1af
Count to Ten,Paul & Storm,Gumbo Pants,False,INDIFFERENT,3:42,222,2A7jmFmPmis,2024-08-18T02:23:25Z,commit:777ac1af
The Captain's Wife's Lament,Paul & Storm,Gumbo Pants,True,LIKE,2:26,146,e9iF-5ip8ZA,2024-08-18T02:20:59Z,commit:777ac1af
The Nancy,Stan Rogers,From Fresh Water,False,INDIFFERENT,4:03,243,FybKCSi7mU4,2024-08-18T02:16:56Z,commit:777ac1af
Oriental Strut,Tuba Skinny,Owl Call Blues,False,INDIFFERENT,3:10,190,X7BZ05TUOLo,2024-08-18T02:13:46Z,commit:777ac1af
Long Haired Country Boy,The Charlie Daniels Band,Fire On The Mountain,False,INDIFFERENT,4:01,241,JuAMm2Ub-60,2024-08-18T02:09:45Z,commit:777ac1af
California Sober (feat. Willie Nelson),Billy Strings,California Sober,True,LIKE,3:51,231,AmxvLgvc8IE,2024-08-18T02:05:54Z,commit:777ac1af
Memphis Shake,Tuba Skinny,Blue Chime Stomp,False,INDIFFERENT,3:19,199,VkJ9dO9BCGU,2024-08-18T02:02:35Z,commit:777ac1af
(Ghost) Riders In the Sky,Johnny Cash,Amerika (The West),False,INDIFFERENT,3:40,220,-HvcYjPKzEk,2024-08-18T01:58:55Z,commit:777ac1af
The Road Where The Wild Wind Flies,Chuck Darwin and The Knuckledraggers,Three Car Pileup,,INDIFFERENT,3:51,231,59DkOQrhrc8,2024-08-18T01:55:04Z,commit:777ac1af
Deep Pockets,Yonder Mountain String Band,Old Hands,True,LIKE,3:16,196,7hVcUa2ZYGA,2024-08-18T01:51:48Z,commit:777ac1af
Such A Night,Elvis Presley,40 Years On Greatest Hits and More,False,INDIFFERENT,3:02,182,t5Ng8t_Engo,2024-08-18T01:48:46Z,commit:777ac1af
Nobody Knows What You Do,John Hartford,Nobody Knows What You Do,False,INDIFFERENT,3:59,239,jozQQIalOnY,2024-08-18T01:44:47Z,commit:777ac1af
Our Life's Work,Chuck Darwin and The Knuckledraggers,Three Car Pileup,,LIKE,2:35,155,p2iKO2q8_8g,2024-08-18T01:42:12Z,commit:777ac1af
Sweet Sunny South,"John Hartford, Tony Rice, Vassar Clements",Hartford Rice and Clements,,INDIFFERENT,4:01,241,SDQBGoxPXyk,2024-08-18T01:38:11Z,commit:777ac1af
The Wings of a Song,"John Hartford, Tony Rice, Vassar Clements",Hartford Rice and Clements,,INDIFFERENT,2:51,171,U9ptxjpeX58,2024-08-18T01:35:20Z,commit:777ac1af
My Baby's Gone,"John Hartford, Tony Rice, Vassar Clements",Hartford Rice and Clements,,INDIFFERENT,2:27,147,aQg9YCE21aw,2024-08-18T01:32:53Z,commit:777ac1af
I Know You Don't Love Me No More,"John Hartford, Tony Rice, Vassar Clements",Hartford Rice and Clements,,INDIFFERENT,2:36,156,4nTThzkG860,2024-08-18T01:30:17Z,commit:777ac1af
If I Should Wander Back Tonight,"John Hartford, Tony Rice, Vassar Clements",Hartford Rice and Clements,,INDIFFERENT,3:49,229,rWek-GkaACA,2024-08-18T01:26:28Z,commit:777ac1af
Bound to Ride,"John Hartford, Tony Rice, Vassar Clements",Hartford Rice and Clements,,INDIFFERENT,1:59,119,BdWeRIYBZq4,2024-08-18T01:24:29Z,commit:777ac1af
DR  ORLANDO OWOH ORIKI ILU OKE 2,"118K views, ORLANDO J BABA",,,INDIFFERENT,12:22,742,_aQG5DS2BU0,2024-08-18T01:12:07Z,commit:777ac1af
I Come From De Ghetto,Majek Fashek,Spirit Of Love,False,INDIFFERENT,6:28,388,P84tCcKnsyY,2024-08-18T01:05:39Z,commit:777ac1af
Sweet Mother,Prince Nico Mbarga & Rocafil Jazz International,Highlife Time Vol. 2,False,INDIFFERENT,9:54,594,2MCzYxCecfY,2024-08-18T00:55:45Z,commit:777ac1af
Iyogogo,Onyeka Onwenu,Golden Songs Vol.2,False,INDIFFERENT,4:32,272,Lg4ktybQ_6I,2024-08-18T00:51:13Z,commit:777ac1af
"Unbroken, Unshaven",The Budos Band,The Budos Band III,False,INDIFFERENT,2:59,179,mWXFwdjp7s4,2024-08-18T00:48:14Z,commit:777ac1af
Bad Man Lighter (B.M.L.),Seun Kuti & Egypt 80,Black Times,False,INDIFFERENT,7:48,468,i7BmsWB5cyo,2024-08-18T00:40:26Z,commit:777ac1af
Mr. Follow Follow,Fela Kuti,Zombie,False,INDIFFERENT,12:58,778,tBkdczEYdS0,2024-08-18T00:27:28Z,commit:777ac1af
Stalemate (Edit),Fela Kuti,Stalemate (Edit),False,INDIFFERENT,6:44,404,IUnjK6Y6ZKI,2024-08-18T00:20:44Z,commit:777ac1af
Wind and Rain,Crooked Still,Shaken By A Low Sound,,INDIFFERENT,3:47,227,9VGjaxe9ZOU,2024-08-18T00:16:57Z,commit:777ac1af
Railroad Bill,Crooked Still,Shaken By A Low Sound,,LIKE,2:19,139,S9k2cUH6g7o,2024-08-18T00:14:38Z,commit:777ac1af
Come On In My Kitchen,Crooked Still,Shaken By A Low Sound,,INDIFFERENT,5:00,300,_T93akG4jWs,2024-08-18T00:09:38Z,commit:777ac1af
Mountain Jumper,Crooked Still,Shaken By A Low Sound,,INDIFFERENT,2:52,172,qels-5Ebddg,2024-08-18T00:06:46Z,commit:777ac1af
Boll Weevil,Punch Brothers,The Phosphorescent Blues,,INDIFFERENT,2:36,156,HTZdoye0rqg,2024-08-18T00:04:10Z,commit:777ac1af
Jumbo,Punch Brothers,All Ashore,,LIKE,3:35,215,ioDXUnJmdBE,2024-08-18T00:00:35Z,commit:777ac1af
Rye Whiskey,Punch Brothers,Antifogmatic,True,INDIFFERENT,3:29,209,jXfE-e4a3GU,2024-08-17T23:57:06Z,commit:777ac1af
Patchwork Girlfriend,Punch Brothers,Who's Feeling Young Now?,False,LIKE,3:48,228,CMtyWB_Pzic,2024-08-17T23:53:18Z,commit:777ac1af
Down To The River To Pray,Alison Krauss,"O Brother, Where Art Thou? (Original Motion Picture Soundtrack)",False,INDIFFERENT,2:56,176,flcrUnoAwVk,2024-08-17T23:50:22Z,commit:777ac1af
Streetcar,John Hartford,Morning Bugle,False,INDIFFERENT,3:56,236,zyqFipU8JkE,2024-08-17T23:46:26Z,commit:777ac1af
Texas Gales (Instrumental),Doc & Merle Watson,Ballads From Deep Gap,False,INDIFFERENT,1:34,94,_Ra6dgDyIvQ,2024-08-17T23:44:52Z,commit:777ac1af
Columbus Stockade Blues,Jacob Jolliff,Columbus Stockade Blues,False,INDIFFERENT,3:21,201,jfEILwqf8Hk,2024-08-17T23:41:31Z,commit:777ac1af
Howard Hughes' Blues,John Hartford,Morning Bugle,False,INDIFFERENT,2:51,171,u4S0OzdpQfE,2024-08-17T23:38:40Z,commit:777ac1af
Hangman's Reel,Bryan Sutton,Country Rags and Reels,True,LIKE,3:04,184,mH0bLtkPoXM,2024-08-17T23:35:36Z,commit:777ac1af
Five Miles From Town,Brad Kolodner,Chimney Swifts,,INDIFFERENT,3:10,190,B_Q-_wW1a0Q,2024-08-17T23:32:26Z,commit:777ac1af
Chimney Swifts,Brad Kolodner,Chimney Swifts,,LIKE,3:47,227,Xrf5C8vgqfs,2024-08-17T23:28:39Z,commit:777ac1af
Please Love Me,The Speakeasies' Swing Band!,Land of Plenty,False,INDIFFERENT,5:31,331,79mmZyUusDc,2024-08-17T23:23:08Z,commit:777ac1af
Senza Fine,Jeff Steinberg,Velvet Martini,False,INDIFFERENT,3:50,230,AF4-4Py0nGM,2024-08-17T23:19:18Z,commit:777ac1af
Bossa Morticia,Gypsy Jazz Caravan,Gypsy Jazz Caravan III,False,INDIFFERENT,3:54,234,5sB8pWF_UoU,2024-08-17T23:15:24Z,commit:777ac1af
"Cello Suite No. 1 in G Major, BWV 1007: I. Prélude",Yo-Yo Ma,Bach: Unaccompanied Cello Suites (),False,INDIFFERENT,2:32,152,eKbrty2x8rM,2024-08-17T23:12:52Z,commit:777ac1af
Säkkijärven Cumbia,Cafe Accordion Orchestra,La Zingara,False,INDIFFERENT,3:22,202,bm_H5zcTJ5Y,2024-08-17T23:09:30Z,commit:777ac1af
Dark Eyes (feat. Paul Mehling & Evan Price),The Hot Club Of San Francisco,Claire De Lune,True,LIKE,5:58,358,65inpezdN4s,2024-08-17T23:03:32Z,commit:777ac1af
Si tu vois ma mère (Slow),"Claude Luter et Son Orchestre, Sidney Bechet",Les Années Bechet,False,INDIFFERENT,3:14,194,NyDz4Okg-Hs,2024-08-17T23:00:18Z,commit:777ac1af
Desafinado,Nova,"The Collection, Vol. 1",False,INDIFFERENT,8:04,484,9usobwF2wxc,2024-08-17T22:52:14Z,commit:777ac1af
Flambee Montalbanese,Madeleine Peyroux,Got You on My Mind,False,INDIFFERENT,3:02,182,HwF6GJtFh6s,2024-08-17T22:49:12Z,commit:777ac1af
Almost Blue,Chet Baker,Plays and Sings,False,INDIFFERENT,7:56,476,I5l0jkC71Yk,2024-08-17T22:41:16Z,commit:777ac1af
Blue Bossa (feat. Leif Shires),Jack Jezzro,Rio Nights,False,INDIFFERENT,3:41,221,bZ2joskI0UM,2024-08-17T22:37:35Z,commit:777ac1af
Comes Love,Nikki Yanofsky,Comes Love,False,INDIFFERENT,3:43,223,MjEB1Inpgus,2024-08-17T22:33:52Z,commit:777ac1af
One For Daddy-O,Cannonball Adderley,Somethin' Else (Rudy Van Gelder Edition),False,INDIFFERENT,8:26,506,hYbLEjyrLZc,2024-08-17T22:25:26Z,commit:777ac1af
Got That Feeling,Peter Sandberg,A Scandinavian Thing,False,INDIFFERENT,6:00,360,mjuymmDrz6o,2024-08-17T22:19:26Z,commit:777ac1af
Tu sais je vais t'aimer,Diana Panton,To Brazil With Love,False,INDIFFERENT,4:22,262,EM7vNWgxPbM,2024-08-17T22:15:04Z,commit:777ac1af
When Sunny Gets Blue,McCoy Tyner,Today And Tomorrow,False,INDIFFERENT,4:43,283,frYLvC0mM50,2024-08-17T22:10:21Z,commit:777ac1af
Quanno chiove,Massimo Faraò,Massimo Faraò Plays Pino Daniele's Ballads,False,INDIFFERENT,4:45,285,oBvDIIfOuUc,2024-08-17T22:05:36Z,commit:777ac1af
"Bye Bye Blackbird (feat. John Coltrane, Red Garland, Paul Chambers & Philly Joe Jones)",Miles Davis,'Round About Midnight,False,INDIFFERENT,7:55,475,CieM9gurwZ4,2024-08-17T21:57:41Z,commit:777ac1af
The Sinister Minister,Bela Fleck And The Flecktones,Bela Fleck and the Flecktones,False,INDIFFERENT,4:36,276,qvINvjCoapw,2024-08-17T21:53:05Z,commit:777ac1af
Autumn Leaves,New York Jazz Lounge,Best of Trio Masterpieces,False,INDIFFERENT,6:03,363,wU-KuQlnS5k,2024-08-17T21:47:02Z,commit:777ac1af
Giselle,The Hot Club of San Francisco,Veronica,False,INDIFFERENT,4:56,296,Qy_AIvICrm0,2024-08-17T21:42:06Z,commit:777ac1af
Manouche Cafe,Cafe Accordion Orchestra,CAO 10,False,INDIFFERENT,4:13,253,sE8yMTcUpjY,2024-08-17T21:37:53Z,commit:777ac1af
Minor Swing,Django Reinhardt,Django Swings Nuages 1934-1941 (73 Tunes),False,INDIFFERENT,3:16,196,Iq6JXNiCumw,2024-08-17T21:34:37Z,commit:777ac1af
Bistro Fada,Stephane Wrembel,Bistro Fada,False,INDIFFERENT,3:02,182,EB6BJ3EhdzE,2024-08-17T21:31:35Z,commit:777ac1af
Vacqueyras,Bladverk Band,Varenne,False,INDIFFERENT,3:06,186,_rVgBfXspeM,2024-08-17T21:28:29Z,commit:777ac1af
Mr. Pinstripe Suit,Big Bad Voodoo Daddy,Big Bad Voodoo Daddy,False,INDIFFERENT,3:38,218,WU4RBNfI_0k,2024-08-17T21:24:51Z,commit:777ac1af
Take 5,Gypsy Jazz Caravan,Gypsy Jazz Caravan III,False,INDIFFERENT,3:09,189,lBDTNfPSauM,2024-08-17T21:21:42Z,commit:777ac1af
Everlasting Now (Vamp) (Live from One Nite Alone Tour...The Aftershow),Prince,One Nite Alone... The Aftershow: It Ain't Over! (Up Late with Prince & The NPG) (Live),,INDIFFERENT,1:49,109,FfGTBgFpgIs,2024-08-17T21:19:53Z,commit:777ac1af
Girls & Boys (Live from One Nite Alone Tour...The Aftershow),Prince,One Nite Alone... The Aftershow: It Ain't Over! (Up Late with Prince & The NPG) (Live),,INDIFFERENT,7:00,420,l-M7X6XZKZI,2024-08-17T21:12:53Z,commit:777ac1af
Dorothy Parker (Live from One Nite Alone Tour...The Aftershow),Prince,One Nite Alone... The Aftershow: It Ain't Over! (Up Late with Prince & The NPG) (Live),,INDIFFERENT,6:17,377,9fJkBnBjUzw,2024-08-17T21:06:36Z,commit:777ac1af
Peach (Xtended Jam) (Live from One Nite Alone Tour...The Aftershow),Prince,One Nite Alone... The Aftershow: It Ain't Over! (Up Late with Prince & The NPG) (Live),,INDIFFERENT,11:20,680,s1TwexjiZMc,2024-08-17T20:55:16Z,commit:777ac1af
Alphabet Street (Live from One Nite Alone Tour...The Aftershow),Prince,One Nite Alone... The Aftershow: It Ain't Over! (Up Late with Prince & The NPG) (Live),,LIKE,2:56,176,vtsZQtkFb9U,2024-08-17T20:52:20Z,commit:777ac1af
2 Nigs United 4 West Compton (Live from One Nite Alone Tour...The Aftershow),Prince,One Nite Alone... The Aftershow: It Ain't Over! (Up Late with Prince & The NPG) (Live),,INDIFFERENT,6:16,376,UCMjvlLu4gM,2024-08-17T20:46:04Z,commit:777ac1af
Medley: Just Friends (Sunny) / If You Want Me to Stay (Live from One Nite Alone Tour...The Aftershow),Prince,One Nite Alone... The Aftershow: It Ain't Over! (Up Late with Prince & The NPG) (Live),,INDIFFERENT,4:27,267,zT1Se_TTpqQ,2024-08-17T20:41:37Z,commit:777ac1af
We Do This (Live from One Nite Alone Tour...The Aftershow) (feat. George Clinton),Prince,One Nite Alone... The Aftershow: It Ain't Over! (Up Late with Prince & The NPG) (Live),,INDIFFERENT,4:43,283,S7bSep9V3Oc,2024-08-17T20:36:54Z,commit:777ac1af
Joy In Repetition (Live from One Nite Alone Tour...The Aftershow),Prince,One Nite Alone... The Aftershow: It Ain't Over! (Up Late with Prince & The NPG) (Live),,INDIFFERENT,10:57,657,bBUFWnaKom8,2024-08-17T20:25:57Z,commit:777ac1af
Freak Out / Starry Eyes,LCD Soundsystem,45:33,,INDIFFERENT,12:23,743,WKoinrME8lk,2024-08-17T20:13:34Z,commit:777ac1af
45:33,LCD Soundsystem,45:33,,INDIFFERENT,46:05,2765,WoVO2HKwfbg,2024-08-17T19:27:29Z,commit:777ac1af
TCKM,Ivan the Tolerable,The Continuous Katherine Mortenhoe,,INDIFFERENT,6:58,418,NEb1jDAtZ8o,2024-08-17T19:20:31Z,commit:777ac1af
Large Garbage Barge,Jacob Jolliff,The Jacob Jolliff Band,,LIKE,3:58,238,umeEbTDnwb0,2024-08-17T19:16:33Z,commit:777ac1af
Outbound Plane,Jacob Jolliff,The Jacob Jolliff Band,,INDIFFERENT,3:50,230,QW5f2kq2R6g,2024-08-17T19:12:43Z,commit:777ac1af
Old Dizzy Legs,Jacob Jolliff,The Jacob Jolliff Band,,INDIFFERENT,5:13,313,KZCYz8mMZmo,2024-08-17T19:07:30Z,commit:777ac1af
Middle Of The Moon,Jacob Jolliff,The Jacob Jolliff Band,,INDIFFERENT,4:37,277,muVO5kC72sM,2024-08-17T19:02:53Z,commit:777ac1af
Don't Cry Blue,Jacob Jolliff,The Jacob Jolliff Band,,INDIFFERENT,3:58,238,y8GvmBXLMIY,2024-08-17T18:58:55Z,commit:777ac1af
Green Green Rocky Road,Jacob Jolliff,The Jacob Jolliff Band,,INDIFFERENT,4:09,249,MyzJsvoD0QE,2024-08-17T18:54:46Z,commit:777ac1af
One Night In Glasgow,Jacob Jolliff,The Jacob Jolliff Band,,INDIFFERENT,3:57,237,bhaw4ORERUM,2024-08-17T18:50:49Z,commit:777ac1af
"Heads Carolina, Tails California",Jacob Jolliff,The Jacob Jolliff Band,,INDIFFERENT,4:43,283,6fbWLGF32qw,2024-08-17T18:46:06Z,commit:777ac1af
They're Holding Up The Ladder,Jacob Jolliff,The Jacob Jolliff Band,,INDIFFERENT,3:57,237,cWxTDLNXYhg,2024-08-17T18:42:09Z,commit:777ac1af
"The Good, The Bad And The Home-Schooled",Jacob Jolliff,The Jacob Jolliff Band,,LIKE,4:41,281,AY8j4hYobrw,2024-08-17T18:37:28Z,commit:777ac1af
Columbus Stockade Blues,Jacob Jolliff,The Jacob Jolliff Band,,INDIFFERENT,3:21,201,5qi9_grnOzU,2024-08-17T18:34:07Z,commit:777ac1af
"Trumpet Concerto in D Major, TWV 51/D7: I. Adagio",Mainz Chamber Orchestra,The Telemann Playlist,False,INDIFFERENT,1:58,118,PtaXIC-acFY,2024-08-17T18:32:09Z,commit:777ac1af
"Telemann: Oboe Concerto in E minor, TWV 51:e1 - 1. Andante","Academy of St Martin in the Fields, Heinz Holliger, Iona Brown",Telemann: Oboe Concertos,False,INDIFFERENT,2:31,151,8kbv4TTdWY4,2024-08-17T18:29:38Z,commit:777ac1af
"Concerto for 2 Flutes, Violin & Cello in D Major, TWV 54:D1: I. Vivace","Cologne New Philharmonic Orchestra, ﻿Diego Garcia Conde, Maria Kostina, Alexey Galikhanov, Alexander Dimitrov, and Volker Hartung",Telemann: Baroque Concertos,False,INDIFFERENT,5:08,308,5QP88b0LZQc,2024-08-17T18:24:30Z,commit:777ac1af
"Prokofiev: Visions fugitives, Op. 22: III. Allegretto",Steven Osborne,"Classical January: Mozart, Bach & More",,INDIFFERENT,0:47,47,RVSXMEiyIHQ,2024-08-17T18:23:43Z,commit:777ac1af
"34 Valses sentimentales, D. 779: No. 1 in C Major",Piers Lane,"Classical January: Mozart, Bach & More",,INDIFFERENT,0:44,44,iv59gw5gH9Y,2024-08-17T18:22:59Z,commit:777ac1af
"Chopin: Waltz No. 12 in F Minor, Op. 70 No. 2",Stephen Hough,"Classical January: Mozart, Bach & More",,INDIFFERENT,1:49,109,uM7z3oVu3YY,2024-08-17T18:21:10Z,commit:777ac1af
Rich Men North of Richmond,Oliver Anthony Music,Rich Men North of Richmond,False,INDIFFERENT,3:08,188,98FoEuBGOIU,2024-08-17T18:18:02Z,commit:777ac1af
Dust in a Baggie,Billy Strings,Billy Strings - EP,False,INDIFFERENT,2:55,175,qan4VRikfz8,2024-08-17T18:15:07Z,commit:777ac1af
Way Downtown,Billy Strings,Me / And / Dad,False,INDIFFERENT,3:08,188,GHBJdrTZHbw,2024-08-17T18:11:59Z,commit:777ac1af
Shake Sugaree,Muireann Bradley,I Kept These Old Blues,True,LIKE,5:49,349,2HYgGoG2OpU,2024-08-17T18:06:10Z,commit:777ac1af
Idle Moments (Rudy Van Gelder Edition / Remastered 1999),Grant Green,Idle Moments,True,LIKE,14:57,897,aq0m0hbCjFQ,2024-08-17T17:51:13Z,commit:777ac1af
The Girl From Ipanema,Stan Getz,Getz/Gilberto,False,INDIFFERENT,5:25,325,N-TKOh0zsvU,2024-08-17T17:45:48Z,commit:777ac1af
A Taste of Honey,Paul Desmond,Glad To Be Unhappy,False,INDIFFERENT,4:26,266,0gOX4W2PNGM,2024-08-17T17:41:22Z,commit:777ac1af
Just the Two of Us (feat. Bill Withers),"Grover Washington, Jr.",Anthology,False,INDIFFERENT,7:19,439,6POZlJAZsok,2024-08-17T17:34:03Z,commit:777ac1af
Feels So Good,Chuck Mangione,Feels So Good,False,INDIFFERENT,9:43,583,FExBwfQHXlE,2024-08-17T17:24:20Z,commit:777ac1af
Take Five,The Dave Brubeck Quartet,Time Out,False,INDIFFERENT,5:25,325,ryA6eHZNnXY,2024-08-17T17:18:55Z,commit:777ac1af
The Pink Panther Theme,Henry Mancini & His Orchestra,The Return of the Pink Panther,False,INDIFFERENT,3:05,185,VyZiIuMufTA,2024-08-17T17:15:50Z,commit:777ac1af
Ladyfingers,Herb Alpert & The Tijuana Brass,Whipped Cream & Other Delights,False,INDIFFERENT,2:45,165,l6U1JB7z-I8,2024-08-17T17:13:05Z,commit:777ac1af
Spanish Flea,Herb Alpert & The Tijuana Brass,!!Going Places!!,False,INDIFFERENT,2:07,127,aBE9EQ7gXKI,2024-08-17T17:10:58Z,commit:777ac1af
The Sicilian,Bonobo,Bonobo: One Offs... Remixes & B Sides,,INDIFFERENT,4:24,264,bbAT9SbK8hA,2024-08-17T17:06:34Z,commit:777ac1af
Dinosaurs (Jon Kennedy Mix),Bonobo,Bonobo: One Offs... Remixes & B Sides,,INDIFFERENT,4:09,249,fmrl5HdCQdo,2024-08-17T17:02:25Z,commit:777ac1af
Dismantling Frank,Bonobo,Bonobo: One Offs... Remixes & B Sides,,INDIFFERENT,5:08,308,rX_OLQpopxg,2024-08-17T16:57:17Z,commit:777ac1af
The Plug (Quantic Mix),Bonobo,Bonobo: One Offs... Remixes & B Sides,,INDIFFERENT,6:14,374,IXDCasgfq9s,2024-08-17T16:51:03Z,commit:777ac1af
Beachy Head (Bonobo Mix),Mechanical Me,Bonobo: One Offs... Remixes & B Sides,,INDIFFERENT,3:48,228,-xUAhFNuiBM,2024-08-17T16:47:15Z,commit:777ac1af
Maneater,Daryl Hall & John Oates,H2O,False,INDIFFERENT,4:34,274,wAeDVL-SBbU,2024-08-17T16:42:41Z,commit:777ac1af
Toxic,Britney Spears,In The Zone,False,INDIFFERENT,3:19,199,tVdr_JWmnsA,2024-08-17T16:39:22Z,commit:777ac1af
Maneater,Nelly Furtado,Loose,False,INDIFFERENT,4:19,259,nVq_Gua4wsQ,2024-08-17T16:35:03Z,commit:777ac1af
Sometimes it Does,Front Country,Other Love Songs,False,INDIFFERENT,2:00,120,xEB-QRsPMO4,2024-08-17T16:33:03Z,commit:777ac1af
Sirens (feat. Frances Quinlan),"Hop Along, Queen Ansleis",Freshman Year,False,INDIFFERENT,3:45,225,uJoOENVtxZg,2024-08-17T16:29:18Z,commit:777ac1af
Strawberry Mentos,Leanna Firestone,Strawberry Mentos,False,INDIFFERENT,3:16,196,9zItURMWo4E,2024-08-17T16:26:02Z,commit:777ac1af
Shake Sugaree,Muireann Bradley,I Kept These Old Blues,True,LIKE,5:49,349,2HYgGoG2OpU,2024-08-17T16:20:13Z,commit:777ac1af
Milo,The Steel Wheels,Leave Some Things Behind,False,INDIFFERENT,1:53,113,BHldq9PDIZA,2024-08-17T16:18:20Z,commit:777ac1af
Wait My Turn,GRAHAM,Wait My Turn,False,INDIFFERENT,2:06,126,PWEjgXSzbFs,2024-08-17T16:16:14Z,commit:777ac1af
2004,Anthony Amorim,2004,False,INDIFFERENT,3:36,216,YV5H4CtJwnA,2024-08-17T16:12:38Z,commit:777ac1af
Down in the Willow Garden,The Stray Birds,Borderland,False,INDIFFERENT,2:57,177,KgfNYIL3fb0,2024-08-17T16:09:41Z,commit:777ac1af
tunnel vision,egg,passing papers,False,INDIFFERENT,3:26,206,AjKOZL3Gkmg,2024-08-17T16:06:15Z,commit:777ac1af
Catawba,The Honey Dewdrops,Silver Lining,False,INDIFFERENT,2:23,143,IHAdLxlosz4,2024-08-17T16:03:52Z,commit:777ac1af
Dress Like A Pirate,Madilyn Mei,Dress Like A Pirate,False,INDIFFERENT,2:39,159,UzUHYtqP2r8,2024-08-17T16:01:13Z,commit:777ac1af
Roll With Me,Lindsay Lou,Southland,False,INDIFFERENT,4:04,244,Y-0yPsDQhps,2024-08-17T15:57:09Z,commit:777ac1af
Satellite,Lindsay Lou,Southland,True,LIKE,2:49,169,Ld8VNub-c-4,2024-08-17T15:54:20Z,commit:777ac1af
White Rabbit,"Grace Slick, The Great Society",Grace Slick & The Great Society,False,INDIFFERENT,6:15,375,JxxnDGWI3e8,2024-08-17T15:48:05Z,commit:777ac1af
Let Me Try,MC5,Back In The USA,False,INDIFFERENT,4:14,254,kffhbhcdqlo,2024-08-17T15:43:51Z,commit:777ac1af
Hot Dusty Roads,Buffalo Springfield,Buffalo Springfield,False,INDIFFERENT,2:52,172,tX8E7W379sw,2024-08-17T15:40:59Z,commit:777ac1af
Get It on Time,Black Lips,Sing in a World That's Falling Apart,False,INDIFFERENT,3:07,187,jSMnOqwJL3Y,2024-08-17T15:37:52Z,commit:777ac1af
If You Want This Love,The West Coast Pop Art Experimental Band,Part One,False,INDIFFERENT,2:52,172,JpNRCG3Kceg,2024-08-17T15:35:00Z,commit:777ac1af
Astral Plane,The Modern Lovers,The Modern Lovers (Expanded Version),False,INDIFFERENT,3:01,181,Y0LesdhYkkQ,2024-08-17T15:31:59Z,commit:777ac1af
Draft Morning,The Byrds,The Notorious Byrd Brothers,False,INDIFFERENT,2:43,163,Nbsbh1oj9jk,2024-08-17T15:29:16Z,commit:777ac1af
Baby Blue,The Chocolate Watch Band,Inner Mystique,False,INDIFFERENT,3:13,193,1tLuzPrZJaY,2024-08-17T15:26:03Z,commit:777ac1af
Fear Is A Man's Best Friend,John Cale,Fear,False,INDIFFERENT,3:53,233,cm2tVda1LGE,2024-08-17T15:22:10Z,commit:777ac1af
I Love You (Session Outtake) (Session Outtake; 2015 Remaster),The Velvet Underground,Loaded,False,INDIFFERENT,2:54,174,UaFQlI16Pjk,2024-08-17T15:19:16Z,commit:777ac1af
"Going, Going, Gone",Bob Dylan,Planet Waves,False,INDIFFERENT,3:27,207,-LRdeHSaZBs,2024-08-17T15:15:49Z,commit:777ac1af
Vicious,Lou Reed,Transformer,False,INDIFFERENT,2:57,177,BVcj_lo1F6o,2024-08-17T15:12:52Z,commit:777ac1af
White Light/White Heat,The Velvet Underground,White Light / White Heat,True,LIKE,2:48,168,AJy0LP8iYPg,2024-08-17T15:10:04Z,commit:777ac1af
Scarlet Town,Gillian Welch,The Harrow & The Harvest,False,INDIFFERENT,3:40,220,aVdjP8XfU_0,2024-08-17T15:06:24Z,commit:777ac1af
Dirty Old Town,Craig Cardiff,Goodnight (Go Home),False,INDIFFERENT,4:07,247,zigLhs8ZIIA,2024-08-17T15:02:17Z,commit:777ac1af
The Conch Republic Song,Michael McCloud,"Best of Key West, Vol. 2",False,INDIFFERENT,2:44,164,RU2U3PYpFrc,2024-08-17T14:59:33Z,commit:777ac1af
My Darlin' Hometown,John Prine,Fair and Square,False,INDIFFERENT,3:15,195,ZPZirGHcyQ4,2024-08-17T14:56:18Z,commit:777ac1af
Winter's Come And Gone,Gillian Welch,Hell Among The Yearlings,False,INDIFFERENT,2:16,136,nzZLpjT5jgM,2024-08-17T14:54:02Z,commit:777ac1af
When My Race Is Run,"Golden Highway, Molly Tuttle",City of Gold,False,INDIFFERENT,4:23,263,fFz6ymyQhXY,2024-08-17T14:49:39Z,commit:777ac1af
Tell It To Me,Old Crow Medicine Show,O.C.M.S.,,INDIFFERENT,2:48,168,7VkM6QCxEVs,2024-08-17T14:46:51Z,commit:777ac1af
How High,The Record Company,Play Loud,False,INDIFFERENT,3:13,193,2Qb8w2ULZAE,2024-08-17T14:43:38Z,commit:777ac1af
Wash Away (Reprise),Joe Purdy,Julie Blue,False,INDIFFERENT,3:01,181,o3POrvU_ZzM,2024-08-17T14:40:37Z,commit:777ac1af
Creature,Tijuana Panthers,Max Baker,False,INDIFFERENT,2:59,179,2QPt5GVwJNk,2024-08-17T14:37:38Z,commit:777ac1af
Take Us Back,Alela Diane,To Be Still,False,INDIFFERENT,4:44,284,Xqb4R6Pyyv4,2024-08-17T14:32:54Z,commit:777ac1af
Statesboro Blues,Blind Willie McTell,The Ultimate Collection,False,INDIFFERENT,2:31,151,cXuCuoScurk,2024-08-17T14:30:23Z,commit:777ac1af
Call to Arms,Sturgill Simpson,A Sailor's Guide to Earth,True,LIKE,5:30,330,VuiR4AtH1fc,2024-08-17T14:24:53Z,commit:777ac1af
I Followed Fires,Matthew And The Atlas,Kingdom of Your Own,False,INDIFFERENT,3:49,229,5zexmRxxJlY,2024-08-17T14:21:04Z,commit:777ac1af
Dos Banjos,Billy Strings,Billy Strings - EP,False,INDIFFERENT,3:07,187,8ag-F986iI4,2024-08-17T14:17:57Z,commit:777ac1af
Who the Devil (Live),The Wood Brothers,Live at the Barn,False,INDIFFERENT,5:03,303,A1Ajs5ZQCWo,2024-08-17T14:12:54Z,commit:777ac1af
Set Ourselves Free,Uncle Lucius,And You Are Me,False,INDIFFERENT,4:17,257,k1i6Jh8sP0I,2024-08-17T14:08:37Z,commit:777ac1af
Games People Play,The Georgia Satellites,Shaken Not Stirred,False,INDIFFERENT,3:38,218,kPjqYCtVjZs,2024-08-17T14:04:59Z,commit:777ac1af
Barnacles,Ugly Casanova,Sharpen Your Teeth (Bonus Track Version),False,INDIFFERENT,5:05,305,fPmF9v3bJpQ,2024-08-17T13:59:54Z,commit:777ac1af
If You're Gonna Play in Texas (You Gotta Have a Fiddle in the Band),Turnpike Troubadours,High Cotton: The Songs of Alabama,False,INDIFFERENT,3:16,196,ra9_eYo6900,2024-08-17T13:56:38Z,commit:777ac1af
Dancing In The Dark,Ruth Moody,These Wilder Things,False,INDIFFERENT,4:19,259,zXC9MmaCo_A,2024-08-17T13:52:19Z,commit:777ac1af
The Circle Game (2008 Remaster),Tom Rush,The Circle Game [Expanded & Remastered],False,INDIFFERENT,5:17,317,dURdp9tXa6k,2024-08-17T13:47:02Z,commit:777ac1af
Didn't Leave Nobody But The Baby,"Alison Krauss, Emmylou Harris, Gillian Welch","O Brother, Where Art Thou? (Original Motion Picture Soundtrack)",False,INDIFFERENT,1:58,118,q_wq-M7iCSE,2024-08-17T13:45:04Z,commit:777ac1af
Dirty Lie,The Secret Sisters,Put Your Needle Down,False,INDIFFERENT,2:55,175,K5t95CIoID4,2024-08-17T13:42:09Z,commit:777ac1af
"Don't Think Twice, It's All Right",The Infamous Stringdusters,Undercover,True,LIKE,4:26,266,Wewb33DJSz0,2024-08-17T13:37:43Z,commit:777ac1af
Wearin' A Hole,The SteelDrivers,Hammer Down,False,INDIFFERENT,3:25,205,ucwwVq0UMgg,2024-08-17T13:34:18Z,commit:777ac1af
The Dragon Song,Bonnie 'Prince' Billy,Pete's Dragon (Original Motion Picture Soundtrack),False,INDIFFERENT,2:29,149,O7K8Y1g06dY,2024-08-17T13:31:49Z,commit:777ac1af
Irish Washerwoman,Pa's Fiddle Band,The Arkansas Traveler: Music from Little House On the Prairie,False,INDIFFERENT,2:49,169,wQ1lApMT54o,2024-08-17T13:29:00Z,commit:777ac1af
Song for a Winter's Night,Christopher Shaw & Bridget Ball,Mountain Snow and Mistletoe,False,INDIFFERENT,3:26,206,WEdTn-wdJd8,2024-08-17T13:25:34Z,commit:777ac1af
In My Arms,Will Killen,In My Arms,False,INDIFFERENT,2:55,175,W-TwP-etVxg,2024-08-17T13:22:39Z,commit:777ac1af
Fade Away,Beau Bradley,Fade Away,False,INDIFFERENT,3:54,234,veqRfVYS68M,2024-08-17T13:18:45Z,commit:777ac1af
Ode To A Butterfly,Nickel Creek,Nickel Creek,False,INDIFFERENT,4:09,249,urfWMaY3z-E,2024-08-17T13:14:36Z,commit:777ac1af
"Solidarity Forever (Live From Victoria, Courtenay, And Vancouver, British Columbia / February, 1981)",Utah Phillips,"We Have Fed You All A Thousand Years (Live From Victoria, Courtenay, And Vancouver, British Columbia / February, 1981)",False,INDIFFERENT,4:30,270,5rBVd9JAz3M,2024-08-17T13:10:06Z,commit:777ac1af
Sally Goodin',Nat Keefe with The Bow Ties,Sally Goodin',False,INDIFFERENT,3:50,230,X_DgAiTRuSU,2024-08-17T13:06:16Z,commit:777ac1af
Parlez nous a boire,The Balfa Brothers,"The Balfa Brothers Play Traditional Cajun Music, Vol. 1 & 2",False,INDIFFERENT,3:12,192,jm-_5vF7Zj4,2024-08-17T13:03:04Z,commit:777ac1af
Old Man,James Blundell,Hand It Down,False,INDIFFERENT,4:04,244,HyNa64RAwYA,2024-08-17T12:59:00Z,commit:777ac1af
Hemingway's Whiskey,Guy Clark,Somedays The Song Writes You,False,INDIFFERENT,2:55,175,ujffnzgkOL4,2024-08-17T12:56:05Z,commit:777ac1af
Undone in Sorrow,Ola Belle Reed,Rising Sun Melodies,,INDIFFERENT,3:20,200,Wr9_SxBgMII,2024-08-17T12:52:45Z,commit:777ac1af
He Was A Friend Of Mine,Dave Van Ronk,Folksinger,,LIKE,3:31,211,fmhJVDnrtcg,2024-08-17T12:49:14Z,commit:777ac1af
Never Make It Home,Split Lip Rayfield,Never Make It Home,False,INDIFFERENT,3:10,190,g6dg_JKDW8k,2024-08-17T12:46:04Z,commit:777ac1af
Satellite,Lindsay Lou,Southland,True,LIKE,2:49,169,Ld8VNub-c-4,2024-08-17T12:43:15Z,commit:777ac1af
Long Hot Summer Days,Sara Watkins,The Peanut Butter Falcon (Original Motion Picture Soundtrack),False,INDIFFERENT,3:16,196,OSh9D9iTw-4,2024-08-17T12:39:59Z,commit:777ac1af
Torn Screen Door (feat. David Francey),David Francey,Torn Screen Door,False,INDIFFERENT,1:38,98,F6eNqyKSO5E,2024-08-17T12:38:21Z,commit:777ac1af
The World Is Turned Upside Down,Maddy Prior & The Carnival Band,Hang Up Sorrow And Care,False,INDIFFERENT,3:07,187,t-eSGMlxx5I,2024-08-17T12:35:14Z,commit:777ac1af
Nottamun Town,Jean Ritchie,Mountain Hearth & Home,False,INDIFFERENT,2:29,149,UGU1yR3wPlw,2024-08-17T12:32:45Z,commit:777ac1af
Cajun Waltz,JC Miller,Cajun Waltz,False,INDIFFERENT,5:56,356,LmLLrWyQ-TA,2024-08-17T12:26:49Z,commit:777ac1af
Mona Lisa,Grant-Lee Phillips,Virginia Creeper,False,INDIFFERENT,4:12,252,J5D67C5MJrM,2024-08-17T12:22:37Z,commit:777ac1af
Foggy Mountain Special,Brad Kolodner,Chimney Swifts,,INDIFFERENT,3:40,220,EO6eec8Frjo,2024-08-17T12:18:57Z,commit:777ac1af
No Sanctuary Here,Chris Jones,Roadhouses & Automobiles,False,INDIFFERENT,3:46,226,_DXCKkW-_Sw,2024-08-17T12:15:11Z,commit:777ac1af
Beyond This Wall,Jake Blount,Spider Tales,,INDIFFERENT,3:26,206,LqQuN3kYRIY,2024-08-17T12:11:45Z,commit:777ac1af
Harvest Moon (feat. AJ Lee & Blue Summit),The Brothers Comatose,Harvest Moon,False,INDIFFERENT,4:42,282,4yRxiQ7AxKw,2024-08-17T12:07:03Z,commit:777ac1af
Five Miles From Town,Brad Kolodner,Chimney Swifts,,INDIFFERENT,3:10,190,B_Q-_wW1a0Q,2024-08-17T12:03:53Z,commit:777ac1af
Chimney Swifts,Brad Kolodner,Chimney Swifts,,LIKE,3:47,227,Xrf5C8vgqfs,2024-08-17T12:00:06Z,commit:777ac1af
December,Zoe Boekbinder,Artichoke Perfume,False,INDIFFERENT,1:52,112,nymyIUmPid4,2024-08-17T11:58:14Z,commit:777ac1af
Freight train,Elizabeth Cotten,Freight Train and Other North Carolina Folk Songs and Tunes,,INDIFFERENT,2:46,166,If5ZGXKG9bw,2024-08-17T11:55:28Z,commit:777ac1af
I Am A Man Of Constant Sorrow (Instrumental),Norman Blake,"O Brother, Where Art Thou? (Original Motion Picture Soundtrack)",False,INDIFFERENT,4:30,270,s-xRawj4dZo,2024-08-17T11:50:58Z,commit:777ac1af
Shake Sugaree,Muireann Bradley,I Kept These Old Blues,True,LIKE,5:49,349,2HYgGoG2OpU,2024-08-17T11:45:09Z,commit:777ac1af
Little Boxes,Malvina Reynolds,The Best of Broadside 1962-1988: Anthems of the American Underground from the Pages of Broadside Magazine,False,INDIFFERENT,2:11,131,khLXh67VyEc,2024-08-17T11:42:58Z,commit:777ac1af
I Dream A Highway,Gillian Welch,Time (The Revelator),False,INDIFFERENT,14:43,883,GLjcUFnZjNk,2024-08-17T11:28:15Z,commit:777ac1af
Can't Help But Wonder Where I'm Bound (Acoustic),Moonalice,Mother & Child,False,INDIFFERENT,3:57,237,4S3as0jgjbE,2024-08-17T11:24:18Z,commit:777ac1af
Loretta,Townes Van Zandt,Flyin' Shoes,False,INDIFFERENT,3:56,236,9ZhYqYuhiys,2024-08-17T11:20:22Z,commit:777ac1af
In the Long Run,The Staves,Dead & Born & Grown,False,INDIFFERENT,2:46,166,r9jplxkIQYg,2024-08-17T11:17:36Z,commit:777ac1af
Turntable,Dead Horses,Turntable,False,INDIFFERENT,3:15,195,AAywD7nmOhk,2024-08-17T11:14:21Z,commit:777ac1af
The Curse of the Blackened Eye,Orville Peck,Bronco: Chapters 1 & 2,False,INDIFFERENT,4:11,251,BA9LNzm6Ccs,2024-08-17T11:10:10Z,commit:777ac1af
Goodbye Boozy Suzy,Golden Shoals,Reasons to Run,True,LIKE,2:55,175,Ng1Ux725PR8,2024-08-17T11:07:15Z,commit:777ac1af
Distant Star,First Aid Kit,Ruins,False,INDIFFERENT,3:09,189,xmKEy5mIBfg,2024-08-17T11:04:06Z,commit:777ac1af
Dark Mountainside,Carolina Blue,I Hear Bluegrass Calling Me,False,INDIFFERENT,4:06,246,bUXrjBRgcl8,2024-08-17T11:00:00Z,commit:777ac1af
My Bucket's Got a Hole in It,"Carrie Rodriguez, Chip Taylor",Red Dog Tracks,False,INDIFFERENT,2:32,152,HcKtIH_OGlY,2024-08-17T10:57:28Z,commit:777ac1af
Eid Ma Clack Shaw,Bill Callahan,Sometimes I Wish We Were An Eagle,False,INDIFFERENT,4:20,260,_xOWjELJwv0,2024-08-17T10:53:08Z,commit:777ac1af
Ghost of Your Worries,Blackwater Railroad Company,Onsara Series (Part I),False,INDIFFERENT,5:02,302,XO07dl3m6fo,2024-08-17T10:48:06Z,commit:777ac1af
They Called it Music,The Gibson Brothers,They Called It Music,False,INDIFFERENT,3:30,210,g65jZF0UDDg,2024-08-17T10:44:36Z,commit:777ac1af
Nothing to Lose,Andrew Combs,All These Dreams,False,INDIFFERENT,3:54,234,fzHRwGHNTNY,2024-08-17T10:40:42Z,commit:777ac1af
Jesus Would've Let Me Pick the Restaurant,Lilly Hiatt,Royal Blue,False,INDIFFERENT,4:10,250,o9UneEKPLW8,2024-08-17T10:36:32Z,commit:777ac1af
Hills of My Home,The Honey Dewdrops,Silver Lining,False,INDIFFERENT,4:20,260,VGBmY4x-VAo,2024-08-17T10:32:12Z,commit:777ac1af
Central Hillside Blues,Trampled By Turtles,Alpenglow,False,INDIFFERENT,3:25,205,soPz7QgGk2U,2024-08-17T10:28:47Z,commit:777ac1af
I Come From,Ordinary Elephant,Honest,False,INDIFFERENT,3:59,239,P92htwd2NRc,2024-08-17T10:24:48Z,commit:777ac1af
If I,Amanda Shires,Down Fell the Doves,False,INDIFFERENT,2:15,135,of-vUgsuH08,2024-08-17T10:22:33Z,commit:777ac1af
Satellite,Lindsay Lou,Southland,True,LIKE,2:49,169,Ld8VNub-c-4,2024-08-17T10:19:44Z,commit:777ac1af
Tied to the Wheel,Whitney Rose,Rule 62,False,INDIFFERENT,4:41,281,TnSkeFgR9a4,2024-08-17T10:15:03Z,commit:777ac1af
No Forever,Viv & Riley,Time Is Everything,,LIKE,3:56,236,0OOsaoO9ESE,2024-08-17T10:11:07Z,commit:777ac1af
Girl From the North Country (Bob Dylan Cover),Hayde Bluegrass Orchestra,Amerikakoffert,False,INDIFFERENT,4:19,259,Dj7Oe9_qr8Y,2024-08-17T10:06:48Z,commit:777ac1af
Ern & Zorry's Sneakin' Bitin' Dog,Dori Freeman,Letters Never Read,False,INDIFFERENT,2:10,130,tZ5PFRBMC28,2024-08-17T10:04:38Z,commit:777ac1af
Yonder Comes a Sucker,Dori Freeman,Letters Never Read,True,LIKE,2:09,129,gXrhRW5tIsA,2024-08-17T10:02:29Z,commit:777ac1af
Last of My Kind,Viv & Riley,Time Is Everything,,LIKE,4:23,263,3kC5wb_yw5Q,2024-08-17T09:58:06Z,commit:777ac1af
Vajrayana,Entheogenic,Oddiyana,,INDIFFERENT,8:41,521,M1MNUREodl8,2024-08-17T09:49:25Z,commit:777ac1af
Crown Shyness,Entheogenic,Oddiyana,,INDIFFERENT,10:17,617,Ijg9YIbu5i8,2024-08-17T09:39:08Z,commit:777ac1af
Prototaxities,Entheogenic,Oddiyana,,INDIFFERENT,9:24,564,KQu9Ys7ZONQ,2024-08-17T09:29:44Z,commit:777ac1af
Lotus Born,Entheogenic,Oddiyana,,INDIFFERENT,14:13,853,62LeS9IuARo,2024-08-17T09:15:31Z,commit:777ac1af
Dharmakaya,Entheogenic,Oddiyana,,INDIFFERENT,15:12,912,H_4wXExeSBo,2024-08-17T09:00:19Z,commit:777ac1af
Hit Parade Of Love,The Infamous Stringdusters,"2023/12/30 Asheville, NC",,INDIFFERENT,3:31,211,sUYwl6txFTc,2024-08-17T08:56:48Z,commit:777ac1af
Truth And Love,The Infamous Stringdusters,"2023/12/30 Asheville, NC",,INDIFFERENT,9:59,599,XJE_jOuJqeQ,2024-08-17T08:46:49Z,commit:777ac1af
Sharp Dressed Man,The Infamous Stringdusters,"2023/12/30 Asheville, NC",,INDIFFERENT,4:37,277,4m78yWmyUco,2024-08-17T08:42:12Z,commit:777ac1af
One More Bridge,The Infamous Stringdusters,"2023/12/30 Asheville, NC",,INDIFFERENT,3:36,216,2PYhWMlKufY,2024-08-17T08:38:36Z,commit:777ac1af
Back In The Goodle Days,The Infamous Stringdusters,"2023/12/30 Asheville, NC",,INDIFFERENT,4:57,297,0xL98s9uVWU,2024-08-17T08:33:39Z,commit:777ac1af
Shenandoah Breakdown,The Infamous Stringdusters,"2023/12/30 Asheville, NC",,INDIFFERENT,8:54,534,LeSY5EJ0JQQ,2024-08-17T08:24:45Z,commit:777ac1af
Jon Stickley And Lindsay Pruett Introduction,The Infamous Stringdusters,"2023/12/30 Asheville, NC",,INDIFFERENT,3:06,186,g-O44uZhHuw,2024-08-17T08:21:39Z,commit:777ac1af
Walking On The Moon,The Infamous Stringdusters,"2023/12/30 Asheville, NC",,INDIFFERENT,4:42,282,cwiQRHIMFFs,2024-08-17T08:16:57Z,commit:777ac1af
Back Home Again,The Infamous Stringdusters,"2023/12/30 Asheville, NC",,INDIFFERENT,8:57,537,gKo31pJkm8E,2024-08-17T08:08:00Z,commit:777ac1af
As It Was,The Infamous Stringdusters,"2023/12/30 Asheville, NC",,INDIFFERENT,3:20,200,ClCWbfoBdNg,2024-08-17T08:04:40Z,commit:777ac1af
Pig in a Pen,The Infamous Stringdusters,"2023/12/30 Asheville, NC",,INDIFFERENT,3:44,224,9Ya97r7hS6c,2024-08-17T08:00:56Z,commit:777ac1af
Colorado,The Infamous Stringdusters,"2023/12/30 Asheville, NC",,INDIFFERENT,6:33,393,OXC8nqOrUIA,2024-08-17T07:54:23Z,commit:777ac1af
Rise Sun,The Infamous Stringdusters,"2023/12/30 Asheville, NC",,INDIFFERENT,4:14,254,u6SDg2qk6Fw,2024-08-17T07:50:09Z,commit:777ac1af
Moon Man,The Infamous Stringdusters,"2023/12/30 Asheville, NC",,INDIFFERENT,8:45,525,xqC_FuDJ6Zg,2024-08-17T07:41:24Z,commit:777ac1af
Dream You Back,The Infamous Stringdusters,"2023/12/30 Asheville, NC",,INDIFFERENT,3:20,200,PJF-xPfDj-c,2024-08-17T07:38:04Z,commit:777ac1af
Letter From Prison,The Infamous Stringdusters,"2023/12/30 Asheville, NC",,INDIFFERENT,3:59,239,GY8_DdDHWQM,2024-08-17T07:34:05Z,commit:777ac1af
My Destination,The Infamous Stringdusters,"2023/12/30 Asheville, NC",,INDIFFERENT,7:48,468,6x6RiNsr3G4,2024-08-17T07:26:17Z,commit:777ac1af
No Resolution,The Infamous Stringdusters,"2023/12/30 Asheville, NC",,INDIFFERENT,5:04,304,f4m6SrHSRRk,2024-08-17T07:21:13Z,commit:777ac1af
Poor Boy's Delight,The Infamous Stringdusters,"2023/12/30 Asheville, NC",,INDIFFERENT,4:02,242,30i-AmuNbQA,2024-08-17T07:17:11Z,commit:777ac1af
Tragic Life,The Infamous Stringdusters,"2023/12/30 Asheville, NC",,INDIFFERENT,8:43,523,snbJ4p2XQ4c,2024-08-17T07:08:28Z,commit:777ac1af
40 West,The Infamous Stringdusters,"2023/12/30 Asheville, NC",,INDIFFERENT,3:35,215,Mvmdk0GtXeA,2024-08-17T07:04:53Z,commit:777ac1af
3x5,The Infamous Stringdusters,"2023/12/30 Asheville, NC",,INDIFFERENT,5:22,322,88PfOg9NYYk,2024-08-17T06:59:31Z,commit:777ac1af
Starry Night,The Infamous Stringdusters,"2023/12/30 Asheville, NC",,INDIFFERENT,3:36,216,XNDppLxdmLs,2024-08-17T06:55:55Z,commit:777ac1af
Fork In The Road,The Infamous Stringdusters,"2023/12/30 Asheville, NC",,INDIFFERENT,3:49,229,B1qAMbN6PvQ,2024-08-17T06:52:06Z,commit:777ac1af
No More To Leave You Behind,The Infamous Stringdusters,"2023/12/30 Asheville, NC",,INDIFFERENT,9:06,546,NWZnskOulCw,2024-08-17T06:43:00Z,commit:777ac1af
Fire On the Mountain,Iron Horse,Ridin' Out The Storm,False,INDIFFERENT,3:18,198,1xEyds9Z4II,2024-08-17T06:39:42Z,commit:777ac1af
Here I Am,Viv & Riley,Time Is Everything,,INDIFFERENT,4:56,296,Tl_J_rdA_zc,2024-08-17T06:34:46Z,commit:777ac1af
Every Goodbye,Viv & Riley,Time Is Everything,,LIKE,3:45,225,MRiyqLHOLmQ,2024-08-17T06:31:01Z,commit:777ac1af
Why Don't You Introduce Me as Your Darlin',Viv & Riley,Time Is Everything,,INDIFFERENT,3:31,211,nZug8tSEyJA,2024-08-17T06:27:30Z,commit:777ac1af
Cold Mountains,Viv & Riley,Time Is Everything,,INDIFFERENT,3:14,194,mXNwH0aR7Vo,2024-08-17T06:24:16Z,commit:777ac1af
Wishes and Dreams,Viv & Riley,Time Is Everything,,INDIFFERENT,4:50,290,Leq9saZYB1o,2024-08-17T06:19:26Z,commit:777ac1af
No Forever,Viv & Riley,Time Is Everything,,INDIFFERENT,3:56,236,0OOsaoO9ESE,2024-08-17T06:15:30Z,commit:777ac1af
Sturdy as the Land,Viv & Riley,Time Is Everything,,INDIFFERENT,4:03,243,djEg4-mna6E,2024-08-17T06:11:27Z,commit:777ac1af
Time is Everything,Viv & Riley,Time Is Everything,,INDIFFERENT,3:06,186,556gJIJR6rE,2024-08-17T06:08:21Z,commit:777ac1af
Bottom of the Glass,Viv & Riley,Time Is Everything,,INDIFFERENT,3:33,213,RhhePcKE70c,2024-08-17T06:04:48Z,commit:777ac1af
Last of My Kind,Viv & Riley,Time Is Everything,,LIKE,4:23,263,3kC5wb_yw5Q,2024-08-17T06:00:25Z,commit:777ac1af
Last of My Kind,Paul Burch,Last of My Kind,,LIKE,4:10,250,1Rboxn_ZFIs,2024-08-17T05:56:15Z,commit:777ac1af
You Got To Walk That Lonesome Valley,Mississippi John Hurt,Christian Hymns - Delta Blues,False,INDIFFERENT,2:46,166,HJHXt_upF1c,2024-08-17T05:53:29Z,commit:777ac1af
Prepare Your Coffin,Tortoise,Beacons Of Ancestorship,False,INDIFFERENT,3:40,220,ltgqgNuYAzY,2024-08-17T05:49:49Z,commit:777ac1af
High Class Slim Came Floatin' In,Tortoise,Beacons Of Ancestorship,False,INDIFFERENT,8:17,497,0RvZr3yXJVQ,2024-08-17T05:41:32Z,commit:777ac1af
Nightjar,Ivan the Tolerable,Autodidact II,,INDIFFERENT,2:52,172,4E_1GBRGfAs,2024-08-17T05:38:40Z,commit:777ac1af
A Letter To November,Ivan the Tolerable,Autodidact II,,INDIFFERENT,6:20,380,1g1nbhRkno4,2024-08-17T05:32:20Z,commit:777ac1af
Turkish Golden Scissors III,Ivan the Tolerable,Autodidact II,,INDIFFERENT,4:37,277,5N_otnNTBFo,2024-08-17T05:27:43Z,commit:777ac1af
The Smell Of Water,Ivan the Tolerable,Autodidact II,,INDIFFERENT,5:43,343,-snSCUy3Mhc,2024-08-17T05:22:00Z,commit:777ac1af
Red Oilcloth,Ivan the Tolerable,Autodidact II,,INDIFFERENT,3:58,238,SVLRpaL_7TE,2024-08-17T05:18:02Z,commit:777ac1af
Sandmartin,Ivan the Tolerable,Autodidact II,,INDIFFERENT,2:23,143,hBmxQSFbfGA,2024-08-17T05:15:39Z,commit:777ac1af
Wylder's Hand,Ivan the Tolerable,Autodidact II,,INDIFFERENT,3:58,238,oSmZY-qQD6A,2024-08-17T05:11:41Z,commit:777ac1af
Three Methods,Ivan the Tolerable,Autodidact II,,INDIFFERENT,4:53,293,oQmV2qi58Jc,2024-08-17T05:06:48Z,commit:777ac1af
Turkish Golden Scissors II,Ivan the Tolerable,Autodidact II,,INDIFFERENT,4:37,277,diMHXhUoP0g,2024-08-17T05:02:11Z,commit:777ac1af
Autodidact II,Ivan the Tolerable,Autodidact II,,INDIFFERENT,4:17,257,Vkp6BzYR9PQ,2024-08-17T04:57:54Z,commit:777ac1af
Helianthus,Ivan the Tolerable,Autodidact II,,INDIFFERENT,5:18,318,jOZXJ4OgpiI,2024-08-17T04:52:36Z,commit:777ac1af
On A Rock,Ivan the Tolerable,Autodidact II,,INDIFFERENT,4:21,261,Zk6VryWyXOo,2024-08-17T04:48:15Z,commit:777ac1af
Into The Well,Ivan the Tolerable,Autodidact II,,INDIFFERENT,2:57,177,ss2n5Caf3d0,2024-08-17T04:45:18Z,commit:777ac1af
Red Throated Diver,Ivan the Tolerable,Autodidact II,,INDIFFERENT,2:19,139,eELeHvxQqMc,2024-08-17T04:42:59Z,commit:777ac1af
Turkish Golden Scissors I,Ivan the Tolerable,Autodidact II,,INDIFFERENT,14:34,874,4tNPwNJFhIo,2024-08-17T04:28:25Z,commit:777ac1af
The Centre Is Everything,Ivan the Tolerable,The Aleph,False,INDIFFERENT,3:40,220,6VtjsXH2jQ0,2024-08-17T04:24:45Z,commit:777ac1af
Aleph III,Ivan the Tolerable,The Aleph,False,INDIFFERENT,3:26,206,LBf3Ii8Rowk,2024-08-17T04:21:19Z,commit:777ac1af
All Space Was There,Ivan the Tolerable,The Aleph,False,INDIFFERENT,4:12,252,IXtQA6Pzsqk,2024-08-17T04:17:07Z,commit:777ac1af
The Prince Of Wits,Ivan the Tolerable,The Aleph,False,INDIFFERENT,6:27,387,nNu2mwQcNFw,2024-08-17T04:10:40Z,commit:777ac1af
Aleph II,Ivan the Tolerable,The Aleph,False,INDIFFERENT,5:27,327,VZD2ZbeUTAI,2024-08-17T04:05:13Z,commit:777ac1af
Tangled Hair,Ivan the Tolerable,The Aleph,False,INDIFFERENT,5:17,317,2VpQr6PECGE,2024-08-17T03:59:56Z,commit:777ac1af
Black Pyramid,Ivan the Tolerable,The Aleph,False,INDIFFERENT,5:38,338,EmRpauCn2Yw,2024-08-17T03:54:18Z,commit:777ac1af
Godhead,Ivan the Tolerable,The Aleph,False,INDIFFERENT,5:17,317,dTribokDa70,2024-08-17T03:49:01Z,commit:777ac1af
Aleph I,Ivan the Tolerable,The Aleph,False,INDIFFERENT,4:47,287,diqeXaZ0zds,2024-08-17T03:44:14Z,commit:777ac1af
Prologue Canto,Ivan the Tolerable,The Aleph,False,INDIFFERENT,5:51,351,CWnlwL2MQcc,2024-08-17T03:38:23Z,commit:777ac1af
Memory,Ivan the Tolerable,Black Water/Brown Earth,True,LIKE,11:42,702,naEQW6Z8Cr0,2024-08-17T03:26:41Z,commit:777ac1af
Silver Lawn,Ivan the Tolerable,Black Water/Brown Earth,False,INDIFFERENT,3:24,204,VuW0s6RFjf8,2024-08-17T03:23:17Z,commit:777ac1af
Signs,Ivan the Tolerable,Black Water/Brown Earth,False,INDIFFERENT,7:50,470,9pWvWm2n03M,2024-08-17T03:15:27Z,commit:777ac1af
Birds,Ivan the Tolerable,Black Water/Brown Earth,False,INDIFFERENT,2:17,137,lEsolo2zRkc,2024-08-17T03:13:10Z,commit:777ac1af
Seaweed,Ivan the Tolerable,Black Water/Brown Earth,False,INDIFFERENT,7:34,454,ueTDfo7c50c,2024-08-17T03:05:36Z,commit:777ac1af
Sawdust,Ivan the Tolerable,Black Water/Brown Earth,False,INDIFFERENT,2:22,142,53eB-vaXQVM,2024-08-17T03:03:14Z,commit:777ac1af
Dew Damp,Ivan the Tolerable,Black Water/Brown Earth,False,INDIFFERENT,6:30,390,poznoZTjrVs,2024-08-17T02:56:44Z,commit:777ac1af
Moon Milk,Ivan the Tolerable,Black Water/Brown Earth,False,INDIFFERENT,2:50,170,B5nAO8ujpxU,2024-08-17T02:53:54Z,commit:777ac1af
Slow Deep Salt and Silent Black,Ivan the Tolerable,Black Water/Brown Earth,False,INDIFFERENT,9:32,572,y5-_9T7R8jY,2024-08-17T02:44:22Z,commit:777ac1af
The Labyrinth,Ivan the Tolerable,Black Water/Brown Earth,False,INDIFFERENT,2:20,140,h6nmJNz77cU,2024-08-17T02:42:02Z,commit:777ac1af
Before The Sun Sinks,Ivan the Tolerable,Black Water/Brown Earth,False,INDIFFERENT,8:35,515,Z-1t4Gmy344,2024-08-17T02:33:27Z,commit:777ac1af
Going out West,Hayde Bluegrass Orchestra,Migrants,False,INDIFFERENT,3:58,238,UaCvk-zHRQM,2024-08-17T02:29:29Z,commit:777ac1af
Lucy Gray (part 2) (from The Hunger Games: The Ballad of Songbirds & Snakes),Rachel Zegler,The Hunger Games: The Ballad of Songbirds & Snakes (Music From & Inspired By),,INDIFFERENT,3:19,199,2TeS0wplw9M,2024-08-17T02:26:10Z,commit:777ac1af
Keep On The Sunny Side (from The Hunger Games: The Ballad of Songbirds & Snakes),"Josie Hope Hall, The Covey Band",The Hunger Games: The Ballad of Songbirds & Snakes (Music From & Inspired By),,INDIFFERENT,2:44,164,6YO7vFFD12Q,2024-08-17T02:23:26Z,commit:777ac1af
Winter's Come and Gone (from The Hunger Games: The Ballad of Songbirds & Snakes),Charles Wesley Godwin,The Hunger Games: The Ballad of Songbirds & Snakes (Music From & Inspired By),,INDIFFERENT,2:50,170,aHtHBiAgysU,2024-08-17T02:20:36Z,commit:777ac1af
Pure As The Driven Snow (from The Hunger Games: The Ballad of Songbirds & Snakes),"Rachel Zegler, The Covey Band",The Hunger Games: The Ballad of Songbirds & Snakes (Music From & Inspired By),,INDIFFERENT,3:54,234,ISucPnIrgBs,2024-08-17T02:16:42Z,commit:777ac1af
Lucy Gray (part 1) (from The Hunger Games: The Ballad of Songbirds & Snakes),Rachel Zegler,The Hunger Games: The Ballad of Songbirds & Snakes (Music From & Inspired By),,INDIFFERENT,2:42,162,qbPIl8mqjms,2024-08-17T02:14:00Z,commit:777ac1af
Cabin Song (from The Hunger Games: The Ballad of Songbirds & Snakes),Billy Strings,The Hunger Games: The Ballad of Songbirds & Snakes (Music From & Inspired By),,INDIFFERENT,3:27,207,4Y2ak4hh1aI,2024-08-17T02:10:33Z,commit:777ac1af
Nothing You Can Take From Me (Boot-Stompin' Version) (from The Hunger Games: The Ballad of Songbirds & Snakes),"Rachel Zegler, The Covey Band",The Hunger Games: The Ballad of Songbirds & Snakes (Music From & Inspired By),,INDIFFERENT,3:14,194,Ym8JURyCNXk,2024-08-17T02:07:19Z,commit:777ac1af
District 12 Stomp (from The Hunger Games: The Ballad of Songbirds & Snakes),The Covey Band,The Hunger Games: The Ballad of Songbirds & Snakes (Music From & Inspired By),,INDIFFERENT,0:44,44,hGRwUK2RBhU,2024-08-17T02:06:35Z,commit:777ac1af
Burn Me Once (from The Hunger Games: The Ballad of Songbirds & Snakes),Bella White,The Hunger Games: The Ballad of Songbirds & Snakes (Music From & Inspired By),,INDIFFERENT,3:21,201,CeYXXxSPHUc,2024-08-17T02:03:14Z,commit:777ac1af
The Old Therebefore / Singing at Snakes (from The Hunger Games: The Ballad of Songbirds & Snakes),"James Newton Howard, Rachel Zegler",The Hunger Games: The Ballad of Songbirds & Snakes (Music From & Inspired By),,INDIFFERENT,2:49,169,EcFNUxKgNb8,2024-08-17T02:00:25Z,commit:777ac1af
Bury Me Beneath The Willow (from The Hunger Games: The Ballad of Songbirds & Snakes),Molly Tuttle,The Hunger Games: The Ballad of Songbirds & Snakes (Music From & Inspired By),,LIKE,3:43,223,otqQ8yVnIqE,2024-08-17T01:56:42Z,commit:777ac1af
The Ballad of Lucy Gray Baird (from The Hunger Games: The Ballad of Songbirds & Snakes),Rachel Zegler,The Hunger Games: The Ballad of Songbirds & Snakes (Music From & Inspired By),,LIKE,2:20,140,74LYZuxHom0,2024-08-17T01:54:22Z,commit:777ac1af
The Garden (from The Hunger Games: The Ballad of Songbirds & Snakes),Sierra Ferrell,The Hunger Games: The Ballad of Songbirds & Snakes (Music From & Inspired By),,LIKE,3:43,223,oqyL-fDiXkU,2024-08-17T01:50:39Z,commit:777ac1af
Nothing You Can Take From Me (from The Hunger Games: The Ballad of Songbirds & Snakes),Rachel Zegler,The Hunger Games: The Ballad of Songbirds & Snakes (Music From & Inspired By),,INDIFFERENT,1:36,96,dSL7DlaLukY,2024-08-17T01:49:03Z,commit:777ac1af
Wool (from The Hunger Games: The Ballad of Songbirds & Snakes),Flatland Cavalry,The Hunger Games: The Ballad of Songbirds & Snakes (Music From & Inspired By),,INDIFFERENT,3:50,230,epz80uwyivw,2024-08-17T01:45:13Z,commit:777ac1af
Because I Was Lonely,Ward Wills,When To Say Goodbye,False,INDIFFERENT,2:33,153,9itq7vaANik,2024-08-17T01:42:40Z,commit:777ac1af
Spirits,"Evil Needle, Misha",Chillhop Essentials Fall 2021,False,INDIFFERENT,3:09,189,BDuDCIt2eiY,2024-08-17T01:39:31Z,commit:777ac1af
Samui Sunrise,Saib,Samui Sunrise,False,INDIFFERENT,3:24,204,myRx1SRqxic,2024-08-17T01:36:07Z,commit:777ac1af
Velvet Garden,City Girl,Neon Impasse,False,INDIFFERENT,3:54,234,ULgPNlTfinM,2024-08-17T01:32:13Z,commit:777ac1af
Fireplace,Sleepy Fish,Beneath Your Waves,False,INDIFFERENT,2:39,159,IsLFK8TkaVw,2024-08-17T01:29:34Z,commit:777ac1af
Snacks Pt. 1,"Kyle McEvoy, Louk, No Spirit, Philanthrope",Snacks,False,INDIFFERENT,2:57,177,RjQxmy90hTg,2024-08-17T01:26:37Z,commit:777ac1af
Birds Fly Higher Than The Moon,Yasper,Birds Fly Higher Than The Moon,False,INDIFFERENT,2:44,164,EX2d37tT5fo,2024-08-17T01:23:53Z,commit:777ac1af
A Day at the Beach,Pandrezz & j’san,Hometown,False,INDIFFERENT,2:50,170,UiCRuNo4dGg,2024-08-17T01:21:03Z,commit:777ac1af
Daybreak,cocabona,Daybreak,False,INDIFFERENT,3:29,209,y3PKcVd7UtM,2024-08-17T01:17:34Z,commit:777ac1af
Hanging Lanterns,Kalaido,Hanging Lanterns,False,INDIFFERENT,3:54,234,cukiBQ18NgE,2024-08-17T01:13:40Z,commit:777ac1af
for when it’s warmer,Sleepy Fish,Chillhop Essentials Summer 2019,False,INDIFFERENT,3:37,217,hG6YzmvbosI,2024-08-17T01:10:03Z,commit:777ac1af
Still,"Idealism, Philanthrope",Chillhop Daydreams 2,False,INDIFFERENT,3:34,214,1FxeCa6kypU,2024-08-17T01:06:29Z,commit:777ac1af
Velocities,Sleepy Fish,Velocities,False,INDIFFERENT,3:12,192,JgI6z6aQhEA,2024-08-17T01:03:17Z,commit:777ac1af
Eternal Youth,Rude.,Eternal Youth,False,INDIFFERENT,3:26,206,_BWPNPtsZm8,2024-08-17T00:59:51Z,commit:777ac1af
1. Dreams,briqs,Dreams,False,INDIFFERENT,1:36,96,TEOwoK-CMes,2024-08-17T00:58:15Z,commit:777ac1af
Rainbow Roll,Strehlow,Late Night Essentials,False,INDIFFERENT,2:06,126,SCTMdJ1cuoU,2024-08-17T00:56:09Z,commit:777ac1af
Future,"Astairé, Paul Grant",Future,False,INDIFFERENT,2:29,149,_LY6aFUVmOU,2024-08-17T00:53:40Z,commit:777ac1af
Opiate,Evil Needle,Chillhop Essentials Spring 2022,False,INDIFFERENT,2:51,171,YeSgtLJQGJs,2024-08-17T00:50:49Z,commit:777ac1af
Azimuth,Dpsht,Azimuth,False,INDIFFERENT,1:41,101,Jcp48M-vRJw,2024-08-17T00:49:08Z,commit:777ac1af
Gardenia,DRWN.,Gardenia,False,INDIFFERENT,2:05,125,kOmmYiigFLE,2024-08-17T00:47:03Z,commit:777ac1af
Traveller,Dualizm,Traveller,False,INDIFFERENT,2:11,131,pZC82a-2eo0,2024-08-17T00:44:52Z,commit:777ac1af
she,Sans,she,False,INDIFFERENT,3:06,186,xv3qKrCq2w8,2024-08-17T00:41:46Z,commit:777ac1af
Lost In This Moment,"Evil Needle, Misha",Chillhop Essentials Summer 2022,False,INDIFFERENT,3:50,230,0am_BfODDvc,2024-08-17T00:37:56Z,commit:777ac1af
Moony,The BREED,Moony,False,INDIFFERENT,2:07,127,SSy4VdjEJKM,2024-08-17T00:35:49Z,commit:777ac1af
thinking of you,"Kyle McEvoy, Philanthrope, mommy",Inaudible,False,INDIFFERENT,2:11,131,Pts5UXY6R5U,2024-08-17T00:33:38Z,commit:777ac1af
Summer Soft,"Ruck P, Shuko",Summer Soft,False,INDIFFERENT,2:30,150,J1AOKFRqCjg,2024-08-17T00:31:08Z,commit:777ac1af
5:32pm,The Deli,Vibes 2,False,INDIFFERENT,2:17,137,6ustyT4Kx-g,2024-08-17T00:28:51Z,commit:777ac1af
Aftermath,Beamer,Aftermath,False,INDIFFERENT,2:55,175,uCW2sZZofhk,2024-08-17T00:25:56Z,commit:777ac1af
grainy days,Moody.,grainy days,False,INDIFFERENT,2:24,144,L2apFB6EF-Y,2024-08-17T00:23:32Z,commit:777ac1af
Affection,Jinsang,Life,False,INDIFFERENT,1:58,118,LbHsWjX9dv4,2024-08-17T00:21:34Z,commit:777ac1af
Sonria,Chris Mazuera,Sonria,False,INDIFFERENT,1:57,117,u04paoFoJeo,2024-08-17T00:19:37Z,commit:777ac1af
i'm closing my eyes,potsu,i'm closing my eyes,False,INDIFFERENT,1:59,119,xSB8trUFX1A,2024-08-17T00:17:38Z,commit:777ac1af
Nonchalant (feat. Hiroshi Suzuki),Dire Beats,Nonchalant,False,INDIFFERENT,1:22,82,tsw1LgVkFjE,2024-08-17T00:16:16Z,commit:777ac1af
Mramor,Chau Sara,Time Travel,False,INDIFFERENT,2:19,139,RcoBPyF5wXg,2024-08-17T00:13:57Z,commit:777ac1af
The Afternoon,Boztown,The Afternoon,False,INDIFFERENT,2:08,128,uyemSV1SpnE,2024-08-17T00:11:49Z,commit:777ac1af
Bustlin,"LESKY, Midan",Park,False,INDIFFERENT,1:46,106,U8bM8mLlhUs,2024-08-17T00:10:03Z,commit:777ac1af
Bees And Apple Trees,"Heinrich Schlupf, Loufish",Bees And Apple Trees,False,INDIFFERENT,1:50,110,EnLWwwtO1-A,2024-08-17T00:08:13Z,commit:777ac1af
Far Away,sleepsleepsleep,Far Away,False,INDIFFERENT,1:56,116,0C1NFu4NB_4,2024-08-17T00:06:17Z,commit:777ac1af
Santa Anna,Tom Doolie,Santa Anna,False,INDIFFERENT,2:01,121,mHKNroJOcig,2024-08-17T00:04:16Z,commit:777ac1af
Wonderful Day,Kind Puppy,Wonderful Day,False,INDIFFERENT,2:24,144,72b8D6s_y_U,2024-08-17T00:01:52Z,commit:777ac1af
Started Ballin',"Brenk Sinatra, Shuko",Started Ballin',False,INDIFFERENT,2:42,162,JbXkjRqWTxc,2024-08-16T23:59:10Z,commit:777ac1af
Controlla,Idealism,rainy evening,False,INDIFFERENT,1:48,108,_mAPAtjWZGE,2024-08-16T23:57:22Z,commit:777ac1af
Jazzy Wave,yourneighborsclassicbeats,Jazzy Wave,False,INDIFFERENT,2:07,127,P-zJCLBqZc4,2024-08-16T23:55:15Z,commit:777ac1af
Floater,Auxjack,Welcome to My Lofi House,False,INDIFFERENT,2:03,123,uJv3YCk9wD4,2024-08-16T23:53:12Z,commit:777ac1af
Reprisal,Rafael Anton Irisarri,A Fragile Geography,False,INDIFFERENT,9:40,580,GHipjUKMoYg,2024-08-16T23:43:32Z,commit:777ac1af
Zephyr,loscil,Plume,False,INDIFFERENT,5:19,319,1EXc96ZBPX4,2024-08-16T23:38:13Z,commit:777ac1af
Stave Peak,Loscil,Coast / Range / Arc,,INDIFFERENT,6:41,401,v5ke9itwVIU,2024-08-16T23:31:32Z,commit:777ac1af
Variety Stomp,Tuba Skinny,Blue Chime Stomp,False,INDIFFERENT,3:40,220,qr-NgbLq0A4,2024-08-16T23:27:52Z,commit:777ac1af
Shake It And Break It,Tuba Skinny,Blue Chime Stomp,False,INDIFFERENT,3:10,190,04vefKDPs7s,2024-08-16T23:24:42Z,commit:777ac1af
All By Myself,Tuba Skinny & Jam in the Van,"Tuba Skinny - Jam in the Van (Live Session, New Orleans, LA 2022)",False,INDIFFERENT,4:48,288,NMvw02YHPaU,2024-08-16T23:19:54Z,commit:777ac1af
Hard Times Come and Go,Pokey LaFarge,Riverboat Soul,,INDIFFERENT,3:46,226,VtRilacn8lo,2024-08-16T23:16:08Z,commit:777ac1af
Broken Hearted Blues,Tuba Skinny,Blue Chime Stomp,False,INDIFFERENT,4:41,281,0KWWZDNFHvs,2024-08-16T23:11:27Z,commit:777ac1af
Sing Sing Sing,Benny Goodman,Mambo-Swing y Beguine,False,INDIFFERENT,5:03,303,G7fARRnhWSg,2024-08-16T23:06:24Z,commit:777ac1af
Too Tight,Tuba Skinny,Owl Call Blues,False,INDIFFERENT,3:37,217,4XiWwxOC6V8,2024-08-16T23:02:47Z,commit:777ac1af
Wee Midnight Hours,Tuba Skinny,Some Kind-A-Shake,,INDIFFERENT,4:22,262,4dZTE4-_AZk,2024-08-16T22:58:25Z,commit:777ac1af
Thriller Rag,Tuba Skinny,Some Kind-A-Shake,,INDIFFERENT,3:47,227,29RWqxjAEuQ,2024-08-16T22:54:38Z,commit:777ac1af
Big River Ballad,Benjamin Tod,Songs I Swore I'd Never Sing,False,INDIFFERENT,5:14,314,yFCjoCJntaA,2024-08-16T22:49:24Z,commit:777ac1af
Why Me?,Big Bad Voodoo Daddy,Rattle Them Bones (Deluxe Edition),False,INDIFFERENT,3:35,215,fOIATCEefvY,2024-08-16T22:45:49Z,commit:777ac1af
Walkin Talkin Deadman,The Pine Hill Haints,Ghost Dance,False,INDIFFERENT,2:31,151,xBYyLyoGBiA,2024-08-16T22:43:18Z,commit:777ac1af
"Milk Cow Blues (feat. Richard Watson, Josh Graves & Doc Watson)",Nitty Gritty Dirt Band,Will The Circle Be Unbroken (Vol. III),False,INDIFFERENT,5:05,305,rgzB1eqT-h0,2024-08-16T22:38:13Z,commit:777ac1af
That's What I Like 'Bout The South (feat. Texas Playboys),Bob Wills,For The Last Time,False,INDIFFERENT,2:46,166,BKxoJKtoHP8,2024-08-16T22:35:27Z,commit:777ac1af
When in Rome (Live),Nickel Creek,Live from the Fox Theater,False,INDIFFERENT,4:50,290,0z0qzwosA6U,2024-08-16T22:30:37Z,commit:777ac1af
Late July,Spooky Wagons,Western Unplugged - Volume Two,False,INDIFFERENT,5:20,320,0S1MggOowfU,2024-08-16T22:25:17Z,commit:777ac1af
Zoot Suit Riot (20th Anniversary),Cherry Poppin' Daddies,Zoot Suit Riot: The 20th Anniversary Edition,False,INDIFFERENT,3:57,237,bfxpkfQRqGo,2024-08-16T22:21:20Z,commit:777ac1af
Gracefully Facedown (Live),The Devil Makes Three,Kexp Presents: The Devil Makes Three Live in Studio - EP,False,INDIFFERENT,3:27,207,FGt1_5rUr14,2024-08-16T22:17:53Z,commit:777ac1af
The Devil Ain't Lazy,Pokey LaFarge,Pokey LaFarge,,INDIFFERENT,2:40,160,p2FA6c6dEG0,2024-08-16T22:15:13Z,commit:777ac1af
Techno Party,"Tujamo, VINNE, & Murotani",Techno Party,False,INDIFFERENT,3:18,198,Hl58EdP9tvY,2024-08-16T22:11:55Z,commit:777ac1af
Santorini (Club Dub) (feat. ASTA),Mark Maxwell,Santorini (Club Dub),False,INDIFFERENT,2:58,178,LEiMUpPiU-s,2024-08-16T22:08:57Z,commit:777ac1af
Rhymes,"Chris Lorenzo, Hannah Wants",Rhymes,False,INDIFFERENT,3:21,201,rPivT_KYaJM,2024-08-16T22:05:36Z,commit:777ac1af
Elevate,Deeper Purpose,Elevate,False,INDIFFERENT,3:32,212,hSGc12O-6og,2024-08-16T22:02:04Z,commit:777ac1af
Take It,Dom Dolla,Take It,False,INDIFFERENT,3:55,235,Gz4K2N88kjM,2024-08-16T21:58:09Z,commit:777ac1af
Make Me Feel,"DJ Hanzel, Dillon Francis",Make Me Feel,False,INDIFFERENT,3:33,213,EK0BU4eJ7S4,2024-08-16T21:54:36Z,commit:777ac1af
Talking To Myself,Qubiko,Talking To Myself,False,INDIFFERENT,3:34,214,hqxI5KeEL2k,2024-08-16T21:51:02Z,commit:777ac1af
UP,Dune Rats,UP,False,INDIFFERENT,3:23,203,p9G6ZSoKg7M,2024-08-16T21:47:39Z,commit:777ac1af
D.A.N.C.E,Justice,Cross,True,INDIFFERENT,4:03,243,P0Nryn0YZ-A,2024-08-16T21:43:36Z,commit:777ac1af
Flexing (Extended Mix),"Nahswille, Zhanti",Flexing,False,INDIFFERENT,3:24,204,ccAlu89ZlSc,2024-08-16T21:40:12Z,commit:777ac1af
Gimme That Bounce,Mau P,Gimme That Bounce,False,INDIFFERENT,3:38,218,dM91fZEYfjM,2024-08-16T21:36:34Z,commit:777ac1af
The Boxer,Simon & Garfunkel,Over the Bridge of Time: A Paul Simon Retrospective (1964-2011),False,INDIFFERENT,5:08,308,2IClvIiS7_c,2024-08-16T21:31:26Z,commit:777ac1af
Chimney Swifts,Brad Kolodner,Chimney Swifts,,LIKE,3:47,227,Xrf5C8vgqfs,2024-08-16T21:27:39Z,commit:777ac1af
Lost Highway,Hank Williams,Health & Happiness Shows,False,INDIFFERENT,3:24,204,92dezZCxer8,2024-08-16T21:24:15Z,commit:777ac1af
Around the World,Daft Punk,Homework,,LIKE,7:10,430,Jb6gcoR266U,2024-08-16T21:17:05Z,commit:777ac1af
Un Rayo Del Sol,Chakachas,Jungle Fever,False,INDIFFERENT,2:50,170,2JAEMdiFHAg,2024-08-16T21:14:15Z,commit:777ac1af
Tired Of Being Alone,Al Green,Gets Next To You,True,LIKE,2:53,173,BEBHIV9L3uc,2024-08-16T21:11:22Z,commit:777ac1af
Bound to Ride,"John Hartford, Tony Rice, Vassar Clements",Hartford Rice and Clements,,INDIFFERENT,1:59,119,BdWeRIYBZq4,2024-08-16T21:09:23Z,commit:777ac1af
Howard Hughes' Blues,Wood & Wire,"The Woodshed Sessions, Vol. 2",,LIKE,3:25,205,d1xHusoNg3s,2024-08-16T21:05:58Z,commit:777ac1af
The Sunny Side of Life,"Nancy Blake, Norman Blake",The Morning Glory Ramblers,False,INDIFFERENT,3:21,201,KjJGgm353eU,2024-08-16T21:02:37Z,commit:777ac1af
Punk Rock Girl,The Dead Milkmen,Beelzebubba,False,INDIFFERENT,2:39,159,R_dXMrssU_o,2024-08-16T20:59:58Z,commit:777ac1af
Ripples of the Mind,"Shpongle, Simon Posford",Flux & Contemplation - Portrait of an Artist in Isolation,,INDIFFERENT,3:48,228,jWHptnuVBew,2024-08-16T20:56:10Z,commit:777ac1af
Forgot About Dre (feat. Eminem),Dr. Dre,2001,False,INDIFFERENT,3:43,223,SqTSgCdDaaM,2024-08-16T20:52:27Z,commit:777ac1af
Too Long / Steam Machine,Daft Punk,Alive 2007,,INDIFFERENT,7:02,422,ifJxwoDmQqY,2024-08-16T20:45:25Z,commit:777ac1af
Me and Paul,Willie Nelson,One Hell Of A Ride,True,LIKE,3:49,229,lMugPjewv-0,2024-08-16T20:41:36Z,commit:777ac1af
Old Number Seven,The Devil Makes Three,The Devil Makes Three,False,INDIFFERENT,3:21,201,1tp4Vyltijw,2024-08-16T20:38:15Z,commit:777ac1af
Help Me Scrape the Mucus off My Brain,Ween,12 Golden Country Greats,,INDIFFERENT,2:46,166,vA9B4VU8FlM,2024-08-16T20:35:29Z,commit:777ac1af
Pigs,Wood & Wire,Pigs,False,INDIFFERENT,4:15,255,s_6cK3CgjFc,2024-08-16T20:31:14Z,commit:777ac1af
The Other Side of This Life,"Peter, Paul & Mary","Peter, Paul and Mary Album",True,LIKE,3:04,184,_mVXZdPgGUY,2024-08-16T20:28:10Z,commit:777ac1af
Julie,Rhiannon Gibbens,Tunes from David Holt's State of Music,False,INDIFFERENT,3:41,221,DSvQaAeaV00,2024-08-16T20:24:29Z,commit:777ac1af
If I Should Wander Back Tonight,"John Hartford, Tony Rice, Vassar Clements",Hartford Rice and Clements,,INDIFFERENT,3:49,229,rWek-GkaACA,2024-08-16T20:20:40Z,commit:777ac1af
Industrial Good Day Mantra,M Ross Perkins,E Pluribus M Ross,,LIKE,4:16,256,pKUc0RVGoSc,2024-08-16T20:16:24Z,commit:777ac1af
Mean Mother Blues,Julian Lage & Chris Eldridge,Avalon,,LIKE,3:44,224,7yD5urQ29_A,2024-08-16T20:12:40Z,commit:777ac1af
Chimes of Freedom,The Byrds,Mr. Tambourine Man,False,INDIFFERENT,3:52,232,zvBKeB44Qkw,2024-08-16T20:08:48Z,commit:777ac1af
Television Rules the Nation / Crescendolls,Daft Punk,Alive 2007,,INDIFFERENT,4:51,291,F6e2rM2-oLY,2024-08-16T20:03:57Z,commit:777ac1af
You Never Can Tell (C'est la Vie),Emmylou Harris,Profile: Best of Emmylou Harris,False,INDIFFERENT,3:27,207,-7S6XVoIVDI,2024-08-16T20:00:30Z,commit:777ac1af
54-46 Was My Number,Toots & The Maytals,In The Dark,False,INDIFFERENT,3:25,205,wNxNwvjzGM0,2024-08-16T19:57:05Z,commit:777ac1af
On The Sunny Side Of Life,Country Gentlemen,The Early Rebel Recordings: 1962-1971,,LIKE,2:21,141,cgzjR8GBzkQ,2024-08-16T19:54:44Z,commit:777ac1af
"Around the World / Harder, Better, Faster, Stronger",Daft Punk,Alive 2007,,INDIFFERENT,5:43,343,kcxK1Tnwy5M,2024-08-16T19:49:01Z,commit:777ac1af
The Gambler,Kenny Rogers,The Gambler,False,INDIFFERENT,3:35,215,w4RvskuFnPY,2024-08-16T19:45:26Z,commit:777ac1af
Germination,"Shpongle, Simon Posford",Flux & Contemplation - Portrait of an Artist in Isolation,,INDIFFERENT,2:14,134,8XabjqbkjCs,2024-08-16T19:43:12Z,commit:777ac1af
On a Rainy Day,"Shpongle, Simon Posford",Flux & Contemplation - Portrait of an Artist in Isolation,,INDIFFERENT,3:13,193,EoEsnrRnV2I,2024-08-16T19:39:59Z,commit:777ac1af
Okie From Muskogee,Merle Haggard,Down Every Road 1962-1994,True,LIKE,2:45,165,3dM03dG3zv4,2024-08-16T19:37:14Z,commit:777ac1af
Faster Horses (The Cowboy And The Poet),Tom T. Hall,"Tom T. Hall - Storyteller, Poet, Philosopher",False,INDIFFERENT,2:53,173,UD8ytadaNI8,2024-08-16T19:34:21Z,commit:777ac1af
Are You Sure Hank Done It This Way,Waylon Jennings,Greatest Hits,True,LIKE,2:55,175,6PLPmmfeNd4,2024-08-16T19:31:26Z,commit:777ac1af
"Goodbye, Barcelona",Pokey LaFarge,Something In The Water,True,LIKE,4:43,283,tWGv2IOG1hI,2024-08-16T19:26:43Z,commit:777ac1af
Dark Eyes (Ochi Chornye),Hot Club of Cowtown,Rendezvous in Rhythm,,LIKE,3:55,235,nnL5JF4imc0,2024-08-16T19:22:48Z,commit:777ac1af
Deep Pockets,Yonder Mountain String Band,Old Hands,True,LIKE,3:16,196,7hVcUa2ZYGA,2024-08-16T19:19:32Z,commit:777ac1af
Mean Mother Blues,The Seldom Scene with John Starling,Long Time... Seldom Scene,True,LIKE,3:07,187,UKy_Q-SvPHQ,2024-08-16T19:16:25Z,commit:777ac1af
Houdini,Foster The People,Torches,False,INDIFFERENT,3:23,203,Mg5eb7BA-e4,2024-08-16T19:13:02Z,commit:777ac1af
Feel Good Inc.,Gorillaz,Demon Days,False,INDIFFERENT,3:43,223,NxxjLD2pmlk,2024-08-16T19:09:19Z,commit:777ac1af
Teardrop (feat. Elizabeth Fraser),Massive Attack,Mezzanine,False,INDIFFERENT,5:31,331,3h-JYx76QNM,2024-08-16T19:03:48Z,commit:777ac1af
Them Changes,Thundercat,The Beyond / Where the Giants Roam,False,INDIFFERENT,3:08,188,35-MnoI1drY,2024-08-16T19:00:40Z,commit:777ac1af
Casio,Jungle,For Ever,False,INDIFFERENT,3:55,235,02nFGcia31M,2024-08-16T18:56:45Z,commit:777ac1af
Music Sounds Better With You,Stardust,Music Sounds Better With You,True,LIKE,6:44,404,Hf244LCkkLc,2024-08-16T18:50:01Z,commit:777ac1af
One More Time,Daft Punk,Discovery,,INDIFFERENT,5:21,321,fa5IWHDbftI,2024-08-16T18:44:40Z,commit:777ac1af
Giorgio by Moroder,Daft Punk,Random Access Memories,True,LIKE,9:05,545,ZFZM6jDTWd4,2024-08-16T18:35:35Z,commit:777ac1af
Jamestown Ferry,Charley Crockett,Lil G.L.'s Honky Tonk Jubilee,False,INDIFFERENT,3:07,187,6bIkqAF4ZOs,2024-08-16T18:32:28Z,commit:777ac1af
Way of the Triune God (Hallelujah Version),Tyler Childers,Can I Take My Hounds to Heaven?,False,INDIFFERENT,3:29,209,YYC4scj5rXY,2024-08-16T18:28:59Z,commit:777ac1af
Cabin Song (from The Hunger Games: The Ballad of Songbirds & Snakes),Billy Strings,The Hunger Games: The Ballad of Songbirds & Snakes (Music From & Inspired By),,INDIFFERENT,3:27,207,4Y2ak4hh1aI,2024-08-16T18:25:32Z,commit:777ac1af
Pure As The Driven Snow (from The Hunger Games: The Ballad of Songbirds & Snakes),"Rachel Zegler, The Covey Band",The Hunger Games: The Ballad of Songbirds & Snakes (Music From & Inspired By),,INDIFFERENT,3:54,234,ISucPnIrgBs,2024-08-16T18:21:38Z,commit:777ac1af
Young Man,Jamestown Revival,Young Man,False,INDIFFERENT,4:06,246,13IJFkSv_F0,2024-08-16T18:17:32Z,commit:777ac1af
Here No More,Ghost Hounds,First Last Time,False,INDIFFERENT,3:04,184,rXEY49fw4R0,2024-08-16T18:14:28Z,commit:777ac1af
Bury Me Beneath The Willow (from The Hunger Games: The Ballad of Songbirds & Snakes),Molly Tuttle,The Hunger Games: The Ballad of Songbirds & Snakes (Music From & Inspired By),,LIKE,3:43,223,otqQ8yVnIqE,2024-08-16T18:10:45Z,commit:777ac1af
Shake Sugaree,Elizabeth Cotten and Brenda Evans,Shake Sugaree,True,LIKE,5:02,302,AcqRex6vs-Y,2024-08-16T18:05:43Z,commit:777ac1af
The Storm,Sturgill Simpson,Cuttin' Grass - Vol. 1 (Butcher Shoppe Sessions),False,INDIFFERENT,2:32,152,tdcKGCEUrlg,2024-08-16T18:03:11Z,commit:777ac1af
Calgary Round-Up,Colter Wall,Songs of the Plains,False,INDIFFERENT,3:35,215,sRsD7EkJueg,2024-08-16T17:59:36Z,commit:777ac1af
West Virginia Waltz,Sierra Ferrell,Long Time Coming,,INDIFFERENT,3:34,214,1bE7LApwxUk,2024-08-16T17:56:02Z,commit:777ac1af
Give It Time,Sierra Ferrell,Long Time Coming,,INDIFFERENT,3:38,218,6gbKrEtscFY,2024-08-16T17:52:24Z,commit:777ac1af
In Dreams (Alternative Version),Sierra Ferrell,In Dreams (Alternative Version),False,INDIFFERENT,2:44,164,PnTdOv5oA2o,2024-08-16T17:49:40Z,commit:777ac1af
This Must Be the Place (Naive Melody) [2005 Remaster],Talking Heads,Speaking in Tongues (Deluxe Version),False,INDIFFERENT,4:57,297,fsccjsW8bSY,2024-08-16T17:44:43Z,commit:777ac1af
Blame It on the Boogie,The Jacksons,Destiny,True,LIKE,3:35,215,Bid6LmRU1d8,2024-08-16T17:41:08Z,commit:777ac1af
I Wanna Dance with Somebody (Who Loves Me),Whitney Houston,Whitney,False,INDIFFERENT,4:52,292,6xzN8Nt0Pok,2024-08-16T17:36:16Z,commit:777ac1af
Freedom! '90,George Michael,Twenty Five,False,DISLIKE,6:29,389,FaEjDk3lgcI,2024-08-16T17:29:47Z,commit:777ac1af
When Doves Cry,Prince and the Revolution,Purple Rain,False,INDIFFERENT,5:53,353,oTUSeac7IuQ,2024-08-16T17:23:54Z,commit:777ac1af
Kiss,Prince & The Revolution,Parade - Music from the Motion Picture Under the Cherry Moon,False,INDIFFERENT,3:47,227,rH9CZuuKpSg,2024-08-16T17:20:07Z,commit:777ac1af
Alphabet St.,Prince,Lovesexy,True,LIKE,5:39,339,J5x6vKNQAUo,2024-08-16T17:14:28Z,commit:777ac1af
Pray For You,Jhené Aiko,Chilombo,False,INDIFFERENT,1:41,101,QVDj_nzgSkI,2024-08-16T17:12:47Z,commit:777ac1af
Float (feat. Seun Kuti & Egypt 80),Janelle Monáe,The Age of Pleasure,False,INDIFFERENT,4:00,240,IXhpu6SHVKs,2024-08-16T17:08:47Z,commit:777ac1af
Pynk (feat. Grimes),Janelle Monáe,Dirty Computer,False,INDIFFERENT,4:01,241,CLcP5HSYd0s,2024-08-16T17:04:46Z,commit:777ac1af
Make Me Feel,Janelle Monáe,Dirty Computer,False,INDIFFERENT,3:15,195,18k1LJX4DjA,2024-08-16T17:01:31Z,commit:777ac1af
Brown Eyed Girl,Van Morrison,Blowin' Your Mind!,False,INDIFFERENT,3:04,184,yZ-VUnIehi8,2024-08-16T16:58:27Z,commit:777ac1af
Summer Breeze,Seals and Crofts,Summer Breeze,False,INDIFFERENT,3:26,206,ywL6tMQdG4c,2024-08-16T16:55:01Z,commit:777ac1af
Escape (The Pina Colada Song),Rupert Holmes,Partners In Crime,False,INDIFFERENT,4:37,277,Xb6l38eP-4w,2024-08-16T16:50:24Z,commit:777ac1af
Superstition,Stevie Wonder,Talking Book,False,INDIFFERENT,4:28,268,egqv1mtos6A,2024-08-16T16:45:56Z,commit:777ac1af
Southern Nights,Glen Campbell,Southern Nights,False,LIKE,3:01,181,X6-sU7pVJ3k,2024-08-16T16:42:55Z,commit:777ac1af
Dancing in the Moonlight,King Harvest,Dancing in the Moonlight,False,INDIFFERENT,3:02,182,0eHBLHVHjWg,2024-08-16T16:39:53Z,commit:777ac1af
Brandy (You're a Fine Girl),Looking Glass,Looking Glass,False,INDIFFERENT,3:07,187,CFhFyvk0yS8,2024-08-16T16:36:46Z,commit:777ac1af
Stuck In The Middle With You,Stealers Wheel,Stealers Wheel,False,INDIFFERENT,3:29,209,ln7Vn_WKkWU,2024-08-16T16:33:17Z,commit:777ac1af
You Make My Dreams (Come True),Daryl Hall & John Oates,Voices,False,INDIFFERENT,3:11,191,E4CZuj7solw,2024-08-16T16:30:06Z,commit:777ac1af
Rich Girl,Daryl Hall & John Oates,Bigger Than Both Of Us,False,INDIFFERENT,2:23,143,IL_LiGCV82g,2024-08-16T16:27:43Z,commit:777ac1af
Gimme! Gimme! Gimme! (A Man After Midnight),ABBA,Voulez-Vous,False,INDIFFERENT,4:53,293,pa2j0Bh83ms,2024-08-16T16:22:50Z,commit:777ac1af
Lay All Your Love On Me,ABBA,Super Trouper,False,INDIFFERENT,4:35,275,5mHzaIehRTE,2024-08-16T16:18:15Z,commit:777ac1af
Rasputin,Boney M.,Nightflight to Venus,False,INDIFFERENT,5:52,352,5Z0dxsFmX7c,2024-08-16T16:12:23Z,commit:777ac1af
Waterloo,ABBA,Waterloo,False,INDIFFERENT,2:49,169,GezJLwEcz8Y,2024-08-16T16:09:34Z,commit:777ac1af
Teddy Bears' Picnic,"David Grisman, Jerry Garcia",Not For Kids Only,False,INDIFFERENT,4:27,267,-9AUiLJnoDg,2024-08-16T16:05:07Z,commit:777ac1af
New Magic II,Esther Rose,Safe to Run,False,INDIFFERENT,3:50,230,UP_TkZiXaAU,2024-08-16T16:01:17Z,commit:777ac1af
Wyoming,Lost Dog Street Band,Life's a Dog-Gone Shame,False,INDIFFERENT,5:16,316,aJAUXt4jucQ,2024-08-16T15:56:01Z,commit:777ac1af
If Nothing Else Comes Along,Steph Green,If Nothing Else Comes Along,False,INDIFFERENT,3:09,189,Om13BEwPE-4,2024-08-16T15:52:52Z,commit:777ac1af
Among Other Things,Bella White,Among Other Things,False,INDIFFERENT,3:02,182,Tn2lySdoVdE,2024-08-16T15:49:50Z,commit:777ac1af
New Romantic,Laura Marling,My Manic And I,False,INDIFFERENT,2:53,173,SVj6PnY6xV0,2024-08-16T15:46:57Z,commit:777ac1af
Jeremiah,Sierra Ferrell,Jeremiah / Why’d Ya Do It,False,INDIFFERENT,3:05,185,Zqr4zb-0Ps0,2024-08-16T15:43:52Z,commit:777ac1af
The Swimming Song,"Loudon Wainwright, III",Attempted Mustache,False,INDIFFERENT,2:28,148,XOnqh7LplTs,2024-08-16T15:41:24Z,commit:777ac1af
Heart of Glass,Nick Shoulders,Heart of Glass,False,INDIFFERENT,4:30,270,kcbgNX5LFTo,2024-08-16T15:36:54Z,commit:777ac1af
Great High Mountain,Jack White,Cold Mountain (Music From the Miramax Motion Picture),False,INDIFFERENT,4:34,274,EWHXrlKSKZw,2024-08-16T15:32:20Z,commit:777ac1af
Insecure,Esther Rose,Safe to Run,False,INDIFFERENT,3:35,215,3obhN65hb80,2024-08-16T15:28:45Z,commit:777ac1af
Only One And Only,Gillian Welch,Revival,False,INDIFFERENT,5:33,333,OJsW8DY6wf4,2024-08-16T15:23:12Z,commit:777ac1af
Los Amantes,Hermanos Gutiérrez,El Bueno Y El Malo,False,INDIFFERENT,2:37,157,SptYa7-TEkA,2024-08-16T15:20:35Z,commit:777ac1af
Swinger in the Trees,Dead Horses,Swinger in the Trees,False,INDIFFERENT,3:28,208,ol174AODHRA,2024-08-16T15:17:07Z,commit:777ac1af
Single Girl (OurVinyl Sessions),"Charley Crockett, OurVinyl",Single Girl (OurVinyl Sessions),False,INDIFFERENT,1:58,118,Ut2qIy-5Tko,2024-08-16T15:15:09Z,commit:777ac1af
August Twelve,Khruangbin,The Universe Smiles Upon You,False,INDIFFERENT,6:13,373,WQFgHzPr1fM,2024-08-16T15:08:56Z,commit:777ac1af
Early Blue,F.J. McMahon,Spirit of the Golden Juice,False,INDIFFERENT,3:05,185,nHJGBgkzMHY,2024-08-16T15:05:51Z,commit:777ac1af
Years,Sierra Ferrell,Years,False,INDIFFERENT,3:00,180,vg4sGkehWBw,2024-08-16T15:02:51Z,commit:777ac1af
You're Lucky She's Lonely,"Colter Wall, Summer Dean",You're Lucky She's Lonely,False,INDIFFERENT,3:27,207,vcR2WJh8Eyg,2024-08-16T14:59:24Z,commit:777ac1af
Lonely Like Me,Nick Shoulders,Lonely Like Me,False,INDIFFERENT,3:10,190,YnZHdMxwlSQ,2024-08-16T14:56:14Z,commit:777ac1af
You Made It This Far,Esther Rose,You Made It This Far,True,LIKE,3:09,189,vymD4CeqCBA,2024-08-16T14:53:05Z,commit:777ac1af
El Sol Avenue,Hermanos Gutiérrez,Hoy Como Ayer,False,INDIFFERENT,4:34,274,DBYAP-WOPvo,2024-08-16T14:48:31Z,commit:777ac1af
My Girl,Alice Phoebe Lou,Shelter,False,INDIFFERENT,3:11,191,wcnyeSt0y5k,2024-08-16T14:45:20Z,commit:777ac1af
Baby I Got You,Lost Dog Street Band,Homeward Bound,False,INDIFFERENT,3:50,230,4SAQWFvhfXY,2024-08-16T14:41:30Z,commit:777ac1af
Knockin' on Your Screen Door,John Prine,The Tree of Forgiveness,False,INDIFFERENT,2:20,140,k769X-K0K8g,2024-08-16T14:39:10Z,commit:777ac1af
Wasted On You,Andy Shauf,Norm,True,LIKE,3:37,217,M8hq0UFaKXM,2024-08-16T14:35:33Z,commit:777ac1af
"Fare Thee Well, Miss Carousel",Townes Van Zandt,Townes Van Zandt,False,INDIFFERENT,5:23,323,_2Z7iwCfmXg,2024-08-16T14:30:10Z,commit:777ac1af
Blue Eyes Dancing,Matt Heckler,After the Flood,,INDIFFERENT,3:16,196,I5CYO4BR7iw,2024-08-16T14:26:54Z,commit:777ac1af
You Should've Seen The Other Guy,Nathaniel Rateliff,In Memory Of Loss (Deluxe Edition),False,INDIFFERENT,3:02,182,KMuyYoiYwq0,2024-08-16T14:23:52Z,commit:777ac1af
For Good Again,The Devil Makes Three,Do Wrong Right,,INDIFFERENT,4:33,273,DWoUiXvWReA,2024-08-16T14:19:19Z,commit:777ac1af
Tears Stupid Tears,Nick Shoulders,Lonely Like Me,False,INDIFFERENT,3:26,206,ejlRrtETp68,2024-08-16T14:15:53Z,commit:777ac1af
Sex and Magic,Esther Rose,You Made It This Far,False,INDIFFERENT,3:17,197,2a4l6qaKJqs,2024-08-16T14:12:36Z,commit:777ac1af
Sugar Babe,Tom Rush,Take A Little Walk With Me,False,INDIFFERENT,1:59,119,z4oMc8jmf98,2024-08-16T14:10:37Z,commit:777ac1af
Sweet Bird Of Youth (Live),David Mallett,"Inches & Miles, 1977-1980",False,INDIFFERENT,2:39,159,WAT5pzXZyiI,2024-08-16T14:07:58Z,commit:777ac1af
Old Friends,Mary McCaslin,Old Friends,,INDIFFERENT,5:15,315,sV1Aby_MVAU,2024-08-16T14:02:43Z,commit:777ac1af
Like My Watch,John Gorka,I Know,False,INDIFFERENT,1:33,93,mgSqCehgiFg,2024-08-16T14:01:10Z,commit:777ac1af
Strawberry Roan,Jim Ringer,The Band of Jesse James: The Best of Jim Ringer,False,INDIFFERENT,2:21,141,3GBvK7D5k-4,2024-08-16T13:58:49Z,commit:777ac1af
Oklahoma Hills,Mary McCaslin,Old Friends,,INDIFFERENT,2:51,171,RXAMIZ1fqHs,2024-08-16T13:55:58Z,commit:777ac1af
Black Rock,The Infamous Stringdusters,The Infamous Stringdusters,False,INDIFFERENT,3:32,212,kQUvdEQav4U,2024-08-16T13:52:26Z,commit:777ac1af
Lovin' You,The Infamous Stringdusters,The Infamous Stringdusters,False,INDIFFERENT,5:26,326,eQ68Pe5xnzM,2024-08-16T13:47:00Z,commit:777ac1af
You Can't Handle The Truth,The Infamous Stringdusters,The Infamous Stringdusters,False,INDIFFERENT,3:24,204,6F217pE5-fg,2024-08-16T13:43:36Z,commit:777ac1af
Get It While You Can,The Infamous Stringdusters,The Infamous Stringdusters,False,INDIFFERENT,4:17,257,vCcjcWt0cf0,2024-08-16T13:39:19Z,commit:777ac1af
I Wonder,The Infamous Stringdusters,The Infamous Stringdusters,False,INDIFFERENT,3:02,182,UzvAqqiqKqk,2024-08-16T13:36:17Z,commit:777ac1af
Golden Ticket,The Infamous Stringdusters,The Infamous Stringdusters,False,INDIFFERENT,4:41,281,eWH0vo6M3HA,2024-08-16T13:31:36Z,commit:777ac1af
The Way I See You Now,The Infamous Stringdusters,The Infamous Stringdusters,False,INDIFFERENT,3:44,224,B_tSM_qlNig,2024-08-16T13:27:52Z,commit:777ac1af
Three Days In July,The Infamous Stringdusters,The Infamous Stringdusters,False,INDIFFERENT,4:24,264,4g-xvxAEJKU,2024-08-16T13:23:28Z,commit:777ac1af
Glass Elevator,The Infamous Stringdusters,The Infamous Stringdusters,False,INDIFFERENT,4:23,263,WUpCCoGKr_8,2024-08-16T13:19:05Z,commit:777ac1af
Bound For Tennessee,The Infamous Stringdusters,The Infamous Stringdusters,False,INDIFFERENT,3:28,208,bp5tbudHPYc,2024-08-16T13:15:37Z,commit:777ac1af
When Silence Is The Only Sound,The Infamous Stringdusters,The Infamous Stringdusters,False,INDIFFERENT,3:25,205,dffFjkLJ1H0,2024-08-16T13:12:12Z,commit:777ac1af
"Well, Well",The Infamous Stringdusters,The Infamous Stringdusters,False,INDIFFERENT,3:37,217,wbE4oTi9RaM,2024-08-16T13:08:35Z,commit:777ac1af
Won't Be Coming Back,The Infamous Stringdusters,The Infamous Stringdusters,False,INDIFFERENT,3:40,220,bWHm78cgjX8,2024-08-16T13:04:55Z,commit:777ac1af
Dissatisfied,"Bill Anderson, Jan Howard",Classic Folk Masters,False,INDIFFERENT,3:05,185,nOcMBvvPNhY,2024-08-16T13:01:50Z,commit:777ac1af
Satisfied,Barbara Mandrell,The Midnight Oil (Expanded Edition),False,INDIFFERENT,2:24,144,waRDNbH3HGs,2024-08-16T12:59:26Z,commit:777ac1af
I've Been on the Mountain,JD Sumner & The Stamps,He Touched Me,False,INDIFFERENT,1:44,104,ZL6RoTIIfZ4,2024-08-16T12:57:42Z,commit:777ac1af
I Wouldn't Take Nothin' For My Journey,Ricky Van Shelton,Don'T Overlook Salvation,False,INDIFFERENT,2:02,122,oL5TaWsDsOQ,2024-08-16T12:55:40Z,commit:777ac1af
In Planetary Orbit | Living in Peaceful Space | Soothing Smooth Deep Rumble Space Sounds | 10 hours,"2.1M views, View Escape",,,INDIFFERENT,10:00:54,36054,TPWYQ94Ief4,2024-08-30T23:28:22Z,gh-2110
Say It To Me S.A.N.T.O.S.,Phish,"2024-08-29 Dick's, Commerce City, CO [lp.sbd]",,INDIFFERENT,6:40,400,--zJ-0eYUU8,2024-08-31T01:41:52Z,gh-2107
Harry Hood,Phish,"2024-08-29 Dick's, Commerce City, CO [lp.sbd]",,INDIFFERENT,14:12,852,Dlh4gl1hsEg,2024-08-31T01:27:40Z,gh-2107
2001 >,Phish,"2024-08-29 Dick's, Commerce City, CO [lp.sbd]",,INDIFFERENT,6:03,363,K8AfFLM2UNQ,2024-08-31T01:21:37Z,gh-2107
Pillow Jets >,Phish,"2024-08-29 Dick's, Commerce City, CO [lp.sbd]",,INDIFFERENT,23:06,1386,pnDZHR3PV6w,2024-08-31T00:58:31Z,gh-2107
Sigma Oasis,Phish,"2024-08-29 Dick's, Commerce City, CO [lp.sbd]",,INDIFFERENT,19:30,1170,fCSOOcJXdJo,2024-08-31T00:39:01Z,gh-2107
A Wave of Hope >,Phish,"2024-08-29 Dick's, Commerce City, CO [lp.sbd]",,INDIFFERENT,8:47,527,nrySvAed1xo,2024-08-31T00:30:14Z,gh-2107
Ghost,Phish,"2024-08-29 Dick's, Commerce City, CO [lp.sbd]",,INDIFFERENT,15:39,939,qXw6BgK7kWA,2024-08-30T21:14:47Z,gh-2106
Bedtime Lullabies and Calming Undersea Animation: Baby Lullaby,"175M views, 321 Relaxing - Meditation Relax Clips",,,INDIFFERENT,4:16:55,15415,LdQJw5S4nAQ,2024-08-29T02:22:25Z,gh-2093
Set Your Soul Free,"175K views, Phish",,,LIKE,23:50,1430,981NooW2WYU,2024-08-29T01:58:35Z,gh-2093
"Phish - 07 - 25 - 2018 Bill Graham Civic Auditorium San Francisco, California","528 views, PhishArchive",,,LIKE,2:51:59,10319,w9JVl0n7uYI,2024-08-29T00:39:24Z,gh-2092
Industrial Fan (1 Hour White Noise),SleepTherapy,"Fan Sounds: White Noise to Sleep, Rest and Relax",False,INDIFFERENT,59:55,3595,_GdnI1VeLxI,2024-08-29T00:48:58Z,gh-2091
Softest Sleep Box Fan Loopable Hour,Sleep Sounds,Ultimate Box Fan Sleep Aid Collection,False,INDIFFERENT,1:00:44,3644,rbJPOHjJqAU,2024-08-28T23:48:14Z,gh-2091
Large Box Fan and Dehumidifier Loopable Hour,Sleep Sounds,Ultimate Box Fan Sleep Aid Collection,False,INDIFFERENT,1:00:12,3612,KYGiAFlCDDQ,2024-08-28T22:48:02Z,gh-2091
Deep Box Fan Loopable Hour,Sleep Sounds,Ultimate Box Fan Sleep Aid Collection,False,INDIFFERENT,1:00:07,3607,9diW4Lbzvps,2024-08-28T21:47:55Z,gh-2091
Box Fan on Low,Tmsoft's White Noise Sleep Sounds,Fan Sounds for Sleep and Relaxation Volume 1,False,INDIFFERENT,30:00,1800,jUCquPNmkMI,2024-08-28T20:59:01Z,gh-2090
Box Fan on High,Tmsoft's White Noise Sleep Sounds,Fan Sounds for Sleep and Relaxation Volume 1,False,INDIFFERENT,30:00,1800,g8zoUgVqAgk,2024-08-28T20:29:01Z,gh-2090
Industrial Fan (1 Hour White Noise),SleepTherapy,"Fan Sounds: White Noise to Sleep, Rest and Relax",False,INDIFFERENT,59:55,3595,_GdnI1VeLxI,2024-08-28T19:29:06Z,gh-2090
Box Fan Sound Loopable Hour,Sleep Sounds,Box Fan Sound Loopable Hour,False,INDIFFERENT,59:01,3541,LLBk5ZGY8Gw,2024-08-28T18:30:05Z,gh-2090
It Gets Funkier III,Vulfpeck,My First Car,False,INDIFFERENT,3:08,188,1WShDGdVm9Y,2024-08-28T18:33:21Z,gh-2089
Bulletproof,Pomplamoose,Bulletproof,False,INDIFFERENT,3:09,189,K2NpTsyXqcE,2024-08-28T18:30:12Z,gh-2089
The Keys,Matt Duncan,Soft Times,False,INDIFFERENT,3:38,218,6wQY077ghDc,2024-08-28T18:26:34Z,gh-2089
Welcome to Vulf Records,Vulfpeck,Thrill of the Arts,,LIKE,2:44,164,3SeLdQS2ZNo,2024-08-28T18:23:50Z,gh-2089
Yukka Tree,Mount Kimbie,The Sunset Violent,False,INDIFFERENT,3:27,207,UFW7xW7pgUY,2024-08-28T17:59:29Z,gh-2089
Velvet Shoe Girl,Sharky Kiss,Velvet Shoe Girl,True,LIKE,3:12,192,DhNRq2Hl5kw,2024-08-28T17:56:17Z,gh-2089
Two Hands,Townes Van Zandt,"High, Low And In Between",,LIKE,2:31,151,Ina0OMurm6Q,2024-08-27T15:33:34Z,gh-2089
Shake Sugaree,Elizabeth Cotten and Brenda Evans,Shake Sugaree,True,LIKE,5:03,303,AcqRex6vs-Y,2024-08-27T15:28:31Z,gh-2089
Don't Get Around Much Anymore,Dr John,Duke Elegant,,INDIFFERENT,3:38,218,WSGgj088Skc,2024-08-27T15:24:53Z,gh-2089
Our Life's Work,Chuck Darwin & the Knuckle Draggers,Three Car Pileup,False,INDIFFERENT,2:43,163,vskBlq2dLAM,2024-08-27T15:22:10Z,gh-2089
Heart Of The Country,"Linda McCartney, Paul McCartney",Ram,,LIKE,2:24,144,_hLKRHvAD2Y,2024-08-27T15:19:46Z,gh-2089
Accentuate the Positive,Dr. John,In A Sentimental Mood,False,INDIFFERENT,3:53,233,k0I0NB2JLDU,2024-08-27T15:15:53Z,gh-2089
Chau Sara - Down Hill 🗻 [lofi hip hop/relaxing beats],"64K views, Lofi Girl - Chill Beats",,,INDIFFERENT,9:36,576,lNT4uV9gL7M,2024-08-27T15:06:17Z,gh-2089
Ghibli Inspired Atmosphere | Forest Ambiance & Music,"1.5M views, Araphen",,,INDIFFERENT,2:00:17,7217,PtIKsk1Qabw,2024-08-27T13:06:00Z,gh-2089
"Dear Mr. Fantasy (Live at Civic Arena, Pittsburgh, PA, April 2, 1989)",Grateful Dead,"Download Series Vol. 9: Civic Arena, Pittsburgh, PA 4/2/89 & 4/3/89 (Live)",True,LIKE,5:09,309,OL2pCRFUqTM,2024-08-27T13:00:51Z,gh-2089
Get No Better,Dillard/Hartford/Dillard,Glitter Grass From The Nashwood Hollyville Strings / Permanent Wave,,INDIFFERENT,3:31,211,oZlWXgO5CVQ,2024-08-27T12:39:36Z,gh-2089
Brand New Key,Melanie,Gather Me,,INDIFFERENT,2:28,148,-mXlW9LytYo,2024-08-27T12:37:08Z,gh-2089
Yukka Tree,Mount Kimbie,The Sunset Violent,False,INDIFFERENT,3:27,207,UFW7xW7pgUY,2024-08-28T12:47:59Z,gh-2087
Velvet Shoe Girl,Sharky Kiss,Velvet Shoe Girl,True,LIKE,3:12,192,DhNRq2Hl5kw,2024-08-28T12:44:47Z,gh-2087
High and Dry,Radiohead,The Bends,False,INDIFFERENT,4:18,258,7fv84nPfTH0,2024-08-28T06:34:05Z,gh-2085
Karma Police,Radiohead,OK Computer OKNOTOK 1997 2017,False,INDIFFERENT,4:22,262,nbCOAPR33ME,2024-08-28T06:29:43Z,gh-2085
No Surprises,Radiohead,OK Computer OKNOTOK 1997 2017,False,INDIFFERENT,3:49,229,7374CZQoS2Y,2024-08-28T03:27:36Z,gh-2084
Exit Music (For A Film),Radiohead,OK Computer OKNOTOK 1997 2017,True,LIKE,4:26,266,FapBH3j6WoA,2024-08-28T03:23:10Z,gh-2084
Creep,Radiohead,Pablo Honey,True,LIKE,3:59,239,zFYEYRcjK2g,2024-08-28T03:19:11Z,gh-2084
Paranoid Android,Radiohead,OK Computer OKNOTOK 1997 2017,False,INDIFFERENT,6:24,384,DExBeFCx3mQ,2024-08-28T03:12:47Z,gh-2084
Electioneering,Radiohead,OK Computer,False,INDIFFERENT,3:51,231,3DtgWrFTtQk,2024-08-28T03:08:56Z,gh-2084
Subterranean Homesick Alien,Radiohead,OK Computer,False,INDIFFERENT,4:28,268,_fTWmUlTEqE,2024-08-28T03:04:28Z,gh-2084
Paranoid Android,Radiohead,OK Computer,True,LIKE,6:28,388,YTH8cxXBGBo,2024-08-28T02:58:00Z,gh-2084
46 Days,Phish,"2024/04/20 Las Vegas, NV",,LIKE,8:43,523,r1B8mKkvZI8,2024-08-28T01:39:14Z,gh-2083
Mahal,Glass Beams,Mahal,,LIKE,3:22,202,0kzzdmyiND0,2024-08-28T01:35:52Z,gh-2083
Ragged but Right [Evening] (Live) (feat. Jerry Garcia Acoustic Band),Jerry Garcia Acoustic Band,"Pure Jerry: Lunt-Fontanne, New York City, October 31, 1987",False,INDIFFERENT,5:09,309,p2Ce40GdVfI,2024-08-28T01:30:43Z,gh-2083
Goodnight Irene,Dr. John,Goin' Back To New Orleans,True,LIKE,4:12,252,8NErMY_urdg,2024-08-28T01:26:31Z,gh-2083
Change,Stable Shakers,Stable Shakers,False,INDIFFERENT,3:57,237,ImfafMe-V48,2024-08-28T01:22:34Z,gh-2083
Whiskey & Six Strings,Stable Shakers,Stable Shakers,True,LIKE,3:20,200,ro7iRfR_SPE,2024-08-28T01:19:14Z,gh-2083
Mister Sandman by Pat Ballard (Cover),"36 views, Stable Shakers",,,INDIFFERENT,1:33,93,eoNOVjZeujM,2024-08-28T01:17:41Z,gh-2083
L'accordéon solitaire,Les Yeux Noirs,A Band of Gypsies,,INDIFFERENT,2:51,171,pbrg8SHfCG4,2024-08-28T01:14:50Z,gh-2083
La fille devient femme,Les Yeux Noirs,A Band of Gypsies,,INDIFFERENT,4:50,290,-vTbSjWM7Ao,2024-08-28T01:10:00Z,gh-2083
Chamil,Les Yeux Noirs,A Band of Gypsies,,INDIFFERENT,3:32,212,37JbUjZyfRI,2024-08-28T01:06:28Z,gh-2083
Dragoutsa mia,Les Yeux Noirs,A Band of Gypsies,,INDIFFERENT,4:44,284,IEladUjI594,2024-08-28T01:01:44Z,gh-2083
Le châle bleu,Les Yeux Noirs,A Band of Gypsies,,INDIFFERENT,4:15,255,tYsXKVvKY_8,2024-08-28T00:57:29Z,gh-2083
Moyshele,Les Yeux Noirs,A Band of Gypsies,,INDIFFERENT,5:10,310,erKITR5HmP4,2024-08-28T00:52:19Z,gh-2083
Danse des flèches,Les Yeux Noirs,A Band of Gypsies,,INDIFFERENT,2:14,134,ZqQvMQoKE1c,2024-08-28T00:50:05Z,gh-2083
Danse roumaine,Les Yeux Noirs,A Band of Gypsies,,INDIFFERENT,2:46,166,mVWs4rHOljA,2024-08-28T00:47:19Z,gh-2083
"Sleep Music Delta Waves: Relaxing Music to Help you Sleep, Deep Sleep, Inner Peace","186M views, MeditationRelaxClub - Sleep Music & Mindfulness",,,INDIFFERENT,44:59,2699,xQ6xgDI7Whc,2024-08-27T05:53:38Z,gh-2077
Box Fan Sound Loopable Hour,Sleep Sounds,Box Fan Sound Loopable Hour,False,INDIFFERENT,59:01,3541,LLBk5ZGY8Gw,2024-08-27T04:54:37Z,gh-2077
The Jean Genie,David Bowie,Aladdin Sane,False,INDIFFERENT,4:09,249,KK9ReEJ4tW0,2024-08-27T01:42:46Z,gh-2075
Bad Romance,Lady Gaga,Bad Romance,False,INDIFFERENT,4:55,295,fiRjp6y6QvI,2024-08-27T01:37:51Z,gh-2075
My Hero,Foo Fighters,The Colour And The Shape,False,INDIFFERENT,4:21,261,V_DI4mhrY64,2024-08-27T01:33:30Z,gh-2075
Don't Stop Me Now,Queen,Jazz (Deluxe Remastered Version),True,LIKE,3:30,210,DxQK_ARQmMY,2024-08-27T01:30:00Z,gh-2075
I'm Waiting For The Man,"Nico, The Velvet Underground",The Velvet Underground & Nico (45th Anniversary / Super Deluxe Edition),False,INDIFFERENT,4:40,280,YbigVkiAe0s,2024-08-27T01:25:20Z,gh-2075
I Can't Quit You Baby (Remaster),Led Zeppelin,Coda (Remaster),False,INDIFFERENT,4:19,259,Y8XJNrtQoUQ,2024-08-27T01:21:01Z,gh-2075
Capricorn,Vampire Weekend,Capricorn / Gen-X Cops,False,INDIFFERENT,4:10,250,_H6Kq24CHUU,2024-08-27T01:16:51Z,gh-2075
Goodnight Irene,Dr. John,Goin' Back To New Orleans,True,LIKE,4:12,252,8NErMY_urdg,2024-08-27T01:12:39Z,gh-2075
Neighborhood #1 (Tunnels),Arcade Fire,Funeral,False,INDIFFERENT,4:49,289,qg7XMMAuCJo,2024-08-27T01:07:50Z,gh-2075
Reelin' And Rockin',Chuck Berry,Gold,False,INDIFFERENT,3:15,195,8RsX_lVvono,2024-08-27T01:04:35Z,gh-2075
Player (Dub Mix),"Space Motion, Stylo",Player,False,INDIFFERENT,6:21,381,JeEB9fPxIg4,2024-08-27T00:58:14Z,gh-2075
Call to Arms,Sturgill Simpson,A Sailor's Guide to Earth,True,LIKE,5:30,330,VuiR4AtH1fc,2024-08-27T00:52:44Z,gh-2075
Must've Had Your Reasons,Yonder Mountain String Band,"Mountain Tracks, Vol. 5",,INDIFFERENT,2:58,178,f829It6YsVo,2024-08-26T21:24:49Z,gh-2074
Boatman's Dance,Yonder Mountain String Band,"Mountain Tracks, Vol. 5",,INDIFFERENT,4:58,298,A6Ex1MWNOXc,2024-08-26T21:19:51Z,gh-2074
Sideshow Blues,Yonder Mountain String Band,"Mountain Tracks, Vol. 5",,INDIFFERENT,5:55,355,AGQHrA0gKMs,2024-08-26T21:13:56Z,gh-2074
Secret Song,Common Saints,Idol Eyes,False,INDIFFERENT,5:22,322,pP7TIGCa8AI,2024-08-26T21:08:34Z,gh-2074
Lovesong,Common Saints,Idol Eyes,False,INDIFFERENT,9:18,558,iSsUDkAMl1A,2024-08-26T20:59:16Z,gh-2074
Summer Sun,Common Saints,Idol Eyes,False,INDIFFERENT,4:50,290,qCrrP69aWRM,2024-08-26T20:54:26Z,gh-2074
Letting Go,Common Saints,Idol Eyes,False,INDIFFERENT,3:46,226,S640CNCbFoA,2024-08-26T20:50:40Z,gh-2074
Idol Eyes,Common Saints,Idol Eyes,False,INDIFFERENT,4:49,289,gD_zNcK8E_M,2024-08-26T18:31:54Z,gh-2073
Black Sand,Glass Beams,Mahal,,INDIFFERENT,4:39,279,v_mpRUw_JDk,2024-08-26T18:27:15Z,gh-2073
Snake Oil,Glass Beams,Mahal,,INDIFFERENT,4:56,296,qcraR6poCHk,2024-08-26T18:22:19Z,gh-2073
Orb,Glass Beams,Mahal,,INDIFFERENT,4:54,294,-476mGZVl8I,2024-08-26T18:17:25Z,gh-2073
Mahal,Glass Beams,Mahal,,LIKE,3:22,202,0kzzdmyiND0,2024-08-26T18:14:03Z,gh-2073
Horizon,Glass Beams,Mahal,,INDIFFERENT,0:43,43,vzro-uV8Fl4,2024-08-26T18:13:20Z,gh-2073
Walking on the Moon,The Infamous Stringdusters,Silver Sky,False,INDIFFERENT,4:59,299,9g0Cy6Tf2BU,2024-08-26T18:08:21Z,gh-2073
For the Rest of My Life,Teddie Ericsson,Break Up,False,INDIFFERENT,3:44,224,hiolaCsPU0U,2024-08-26T18:04:37Z,gh-2073
China White,Little Feat,Hoy-Hoy!,False,INDIFFERENT,3:15,195,nP1A-I92HjU,2024-08-26T18:01:22Z,gh-2073
Oh No!,The Decemberists,Oh No!,False,INDIFFERENT,5:05,305,-q83B1MQ7hM,2024-08-26T17:56:17Z,gh-2073
About to Find Out,Margo Price,Midwest Farmer's Daughter,True,LIKE,3:13,193,Z7hqaiGAKdo,2024-08-26T17:53:04Z,gh-2073
Orange Blossoms,JJ Grey & Mofro,Orange Blossoms,False,INDIFFERENT,4:42,282,56djaixrXQk,2024-08-26T17:48:22Z,gh-2073
All Around You,Sturgill Simpson,A Sailor's Guide to Earth,False,INDIFFERENT,3:36,216,JnhvXIV-gug,2024-08-26T17:44:46Z,gh-2073
Trinity River,Charley Crockett,The Man from Waco,False,INDIFFERENT,4:30,270,CUUZC_iB2b8,2024-08-26T17:40:16Z,gh-2073
Too Old to Dream,Nick Shoulders,"Okay, Crawdad",,INDIFFERENT,2:53,173,7fZsQS7GksQ,2024-08-26T17:37:23Z,gh-2073
Call to Arms,Sturgill Simpson,A Sailor's Guide to Earth,True,LIKE,5:30,330,VuiR4AtH1fc,2024-08-26T17:31:53Z,gh-2073
Dote,Loscil,"The Sails, Pt. 2",,INDIFFERENT,7:42,462,VSM5h-JRgEM,2024-08-26T06:31:22Z,gh-2069
Century,Loscil,"The Sails, Pt. 2",,INDIFFERENT,6:42,402,1w7RkQAEXWo,2024-08-26T06:24:40Z,gh-2069
Never,Loscil,"The Sails, Pt. 2",,INDIFFERENT,7:06,426,bvep_AeEvlA,2024-08-26T06:17:34Z,gh-2069
Nox,Loscil,"The Sails, Pt. 2",,INDIFFERENT,6:16,376,TcySXna2kdI,2024-08-26T06:11:18Z,gh-2069
Blue,Loscil,"The Sails, Pt. 2",,INDIFFERENT,4:58,298,-ARwxCshnd0,2024-08-26T06:06:20Z,gh-2069
Wolf Wind,Loscil,"The Sails, Pt. 1",False,INDIFFERENT,5:33,333,ZvdjNyZImw4,2024-08-26T06:00:47Z,gh-2069
Container,Loscil,"The Sails, Pt. 1",False,INDIFFERENT,5:47,347,DDynU-09Nio,2024-08-26T05:55:00Z,gh-2069
Cobalt,Loscil,"The Sails, Pt. 1",False,INDIFFERENT,4:26,266,WCMIMe55Spk,2024-08-26T05:50:34Z,gh-2069
Trap,Loscil,"The Sails, Pt. 1",False,INDIFFERENT,5:06,306,QHYyPmo33ZM,2024-08-26T05:45:28Z,gh-2069
Still,Loscil,"The Sails, Pt. 1",False,INDIFFERENT,9:29,569,lBldDgeuNjs,2024-08-26T05:35:59Z,gh-2069
Wells,Loscil,"The Sails, Pt. 1",False,INDIFFERENT,5:38,338,OnnO3_uUaeQ,2024-08-26T05:30:21Z,gh-2069
Twenty-One,Loscil,"The Sails, Pt. 1",False,INDIFFERENT,4:20,260,lRVW1b8GWVs,2024-08-26T05:26:01Z,gh-2069
Fiction,Loscil,"The Sails, Pt. 1",False,INDIFFERENT,4:15,255,s5ofuSTBA0M,2024-08-26T05:21:46Z,gh-2069
Upstream,Loscil,"The Sails, Pt. 1",False,INDIFFERENT,4:32,272,9SWHo7bY0T4,2024-08-26T05:17:14Z,gh-2069
Silver Cruiser,Röyksopp,Junior,False,INDIFFERENT,4:37,277,13Z9T7ieOmA,2024-08-26T05:12:37Z,gh-2069
Conroy,CAKE,b-sides and rarities,False,INDIFFERENT,3:02,182,UH7YkqrGHM4,2024-08-26T05:09:35Z,gh-2069
Make the Road By Walking,Menahan Street Band,Make the Road By Walking,False,INDIFFERENT,3:04,184,iV93hXBZinw,2024-08-26T05:06:31Z,gh-2069
Near Light,Ólafur Arnalds,Living Room Songs,False,INDIFFERENT,3:29,209,-M9PnC6uJVs,2024-08-26T05:03:02Z,gh-2069
Holy Ghost,Cory Henry,Operation Funk,False,INDIFFERENT,4:37,277,1Y_5LMi4fRQ,2024-08-24T03:25:15Z,gh-2052
Summer Madness,Khruangbin,Summer Madness,False,INDIFFERENT,3:22,202,NUuLhuHGVeg,2024-08-24T03:21:53Z,gh-2052
Young Blood,Rickie Lee Jones,Rickie Lee Jones,False,INDIFFERENT,4:08,248,fi1Z6uoPb8k,2024-08-24T03:17:45Z,gh-2052
For A Night,Pokey LaFarge,Rhumba Country,,INDIFFERENT,3:14,194,KsRsOWu1VNc,2024-08-24T03:14:31Z,gh-2052
"Unbroken, Unshaven",The Budos Band,The Budos Band III,False,INDIFFERENT,2:59,179,mWXFwdjp7s4,2024-08-24T03:11:32Z,gh-2052
The Illusion,Ikebe Shakedown,Stone by Stone,,INDIFFERENT,3:33,213,7O0_8sVzVts,2024-08-24T03:07:59Z,gh-2052
Get Greasy,Lettuce,Crush,False,INDIFFERENT,4:27,267,FP_4hGRfiKk,2024-08-24T03:03:32Z,gh-2052
The Browns at Home,The Greyboy Allstars,West Coast Boogaloo,,LIKE,5:05,305,OFZ8XmDHCAI,2024-08-24T02:58:27Z,gh-2052
Rome,Dojo Cuts,Tomorrow's Gonna Come,False,INDIFFERENT,3:39,219,MukcKY1PI4I,2024-08-24T02:54:48Z,gh-2052
Close but No Cigar,Delvon Lamarr Organ Trio,Close but No Cigar,False,INDIFFERENT,3:31,211,2AeejiyGum8,2024-08-24T02:51:17Z,gh-2052
Carol Brown,Flight of the Conchords,I Told You I Was Freaky,True,LIKE,3:27,207,Hz5SFQsLzAg,2024-08-24T01:39:40Z,gh-2051
Hang Up Your Hang Ups,Herbie Hancock,Man-Child,False,INDIFFERENT,7:26,446,d7kRlufrZJo,2024-08-24T01:32:14Z,gh-2051
Roses Are Free,Ween,Chocolate and Cheese,,INDIFFERENT,4:35,275,zdme_jIIqvM,2024-08-24T01:27:39Z,gh-2051
Good Times,The California Honeydrops,Nothing at All / Good Times,False,INDIFFERENT,4:05,245,L1W7gvee24Q,2024-08-24T01:23:34Z,gh-2051
I Wanna Ride You,Medeski Martin & Wood,Uninvisible,False,INDIFFERENT,3:29,209,fdKj5dYjdFM,2024-08-24T01:20:05Z,gh-2051
How Glad I Am,The Greyboy Allstars,What Happened to Television?,,INDIFFERENT,2:51,171,kKCImOgRUv8,2024-08-24T01:17:14Z,gh-2051
"Daniel Donato's Cosmic Country 1/6/2024 Denver, CO (Full Show)","20K views, Daniel Donato",,,INDIFFERENT,2:33:31,9211,t2hml2w2rxU,2024-08-23T18:54:03Z,gh-2050
Let Her Go,The Travelin' McCourys,The Travelin' Mccourys,,INDIFFERENT,4:52,292,KEcw2oQDlHE,2024-08-23T18:49:11Z,gh-2050
If Your Hair's Too Long (There's Sin In Your Heart),Billy Strings,"2023/05/12 Morrison, CO",,INDIFFERENT,4:06,246,TyN01LeL8Qc,2024-08-23T18:45:05Z,gh-2050
Feelin' Good Again,Robert Earl Keen,Walking Distance,True,LIKE,3:17,197,g5i6duhB9mk,2024-08-23T18:41:48Z,gh-2050
Emotions,Don Reno & Red Smiley,Together Again,False,INDIFFERENT,3:23,203,VzpfPnnyyco,2024-08-22T03:27:56Z,gh-2036
Be Kind to a Man While He's Down,Foghorn Stringband,Outshine the Sun,,INDIFFERENT,2:48,168,OTMXwCu11vs,2024-08-22T01:43:48Z,gh-2035
There Ain't No Bugs On Me,"David Grisman, Jerry Garcia",Not For Kids Only,False,INDIFFERENT,4:51,291,fb-PvR0h7jY,2024-08-22T01:38:57Z,gh-2035
Singing My Troubles Away,Delmore Brothers,Hillbilly Boogie Best,True,LIKE,2:32,152,vh6Dkwiish8,2024-08-22T01:36:25Z,gh-2035
"Try A Little Kindness (Live At The Royal Festival Hall, London/1977)",Glen Campbell,Live At The Royal Festival Hall,,LIKE,2:04,124,dnw4dd7tOV8,2024-08-22T01:34:21Z,gh-2035
Alabama Jubilee (feat. Jamey Johnson),Norman Blake,Pilgrimage To Rising Fawn,,LIKE,3:10,190,3MgBropbWZ8,2024-08-22T01:31:11Z,gh-2035
Let's Make a Better World,Dr. John,Desitively Bonnaroo,,LIKE,2:57,177,Q66BpmD3ugY,2024-08-22T01:28:14Z,gh-2035
I Saw the Light,Charley Crockett,Lil G.L.'s Honky Tonk Jubilee,,LIKE,3:04,184,zys46Hwy2x8,2024-08-22T01:25:10Z,gh-2035
Teddy Bears' Picnic,"David Grisman, Jerry Garcia",Not For Kids Only,False,INDIFFERENT,4:27,267,-9AUiLJnoDg,2024-08-22T01:20:43Z,gh-2035
If You Want Me to Stay,Sly & The Family Stone,Fresh,True,LIKE,3:01,181,jkzWSL-gEO4,2024-08-22T01:17:42Z,gh-2035
Kingdom of Izzness,Dr. John,Locked Down,False,INDIFFERENT,3:37,217,doysg_6yEfo,2024-08-22T01:14:05Z,gh-2035
Joseph's Dream,John Hartford,Nobody Knows What You Do,False,INDIFFERENT,4:25,265,7hTvyV7Qc-g,2024-08-22T01:09:40Z,gh-2035
Don't Come Rollin',Dillard/Hartford/Dillard,Glitter Grass From The Nashwood Hollyville Strings / Permanent Wave,,INDIFFERENT,2:19,139,25bd7E22bQA,2024-08-22T01:07:21Z,gh-2035
Be My Baby,The Ronettes,Presenting the Fabulous Ronettes Featuring Veronica,False,INDIFFERENT,2:41,161,QBDem6bffyo,2024-08-22T01:04:40Z,gh-2035
Meatstick,Phish,"2024/08/17 Dover, DE",,INDIFFERENT,5:40,340,bHJ4a5WuhuA,2024-08-22T00:59:00Z,gh-2035
Evolve,Phish,"2024/08/17 Dover, DE",,INDIFFERENT,5:35,335,pIb8iTJfnMc,2024-08-22T00:53:25Z,gh-2035
46 Days,Phish,"2024/08/17 Dover, DE",,INDIFFERENT,10:57,657,GEwFqWZZoL4,2024-08-22T00:42:28Z,gh-2035
Blaze On,Phish,"2024/08/17 Dover, DE",,INDIFFERENT,9:33,573,W055LCq9Nu4,2024-08-22T00:32:55Z,gh-2035
Theme from the Bottom,Phish,"2024/08/17 Dover, DE",,INDIFFERENT,11:59,719,kEmyNyke-Kk,2024-08-22T00:20:56Z,gh-2035
Weekapaug Groove,Phish,"2024/08/17 Dover, DE",,INDIFFERENT,6:44,404,kUT9QXG9IxM,2024-08-22T00:14:12Z,gh-2035
I Am Hydrogen,Phish,"2024/08/17 Dover, DE",,INDIFFERENT,2:53,173,Nqd1an2in50,2024-08-22T00:11:19Z,gh-2035
Mike's Song,Phish,"2024/08/17 Dover, DE",,INDIFFERENT,8:33,513,2RuvCrU-jw4,2024-08-22T00:02:46Z,gh-2035
Tweezer Reprise,Phish,"2024/04/20 Las Vegas, NV",,INDIFFERENT,3:31,211,KmzmVRebHgc,2024-08-21T23:59:15Z,gh-2035
A Life Beyond The Dream,Phish,"2024/04/20 Las Vegas, NV",,INDIFFERENT,8:03,483,eulgZRr04z0,2024-08-21T21:19:38Z,gh-2034
Say It To Me S.A.N.T.O.S.,Phish,"2024/04/20 Las Vegas, NV",,INDIFFERENT,7:55,475,Cd_yxK1Hm9M,2024-08-21T21:11:43Z,gh-2034
Chalk Dust Torture,Phish,"2024/04/20 Las Vegas, NV",,INDIFFERENT,16:18,978,bpYopPO-B8g,2024-08-21T20:55:25Z,gh-2034
I Am Hydrogen,Phish,"2024/04/20 Las Vegas, NV",,INDIFFERENT,3:15,195,sapsrAKMHnk,2024-08-21T20:52:10Z,gh-2034
Twist,Phish,"2024/04/20 Las Vegas, NV",,INDIFFERENT,10:19,619,iCN1Bl-QMYI,2024-08-21T20:41:51Z,gh-2034
Golden Age,Phish,"2024/04/20 Las Vegas, NV",,INDIFFERENT,10:30,630,ej0YxWmihpw,2024-08-21T20:31:21Z,gh-2034
Fuego,Phish,"2024/04/20 Las Vegas, NV",,INDIFFERENT,29:25,1765,LQdTjld5zRQ,2024-08-21T20:01:56Z,gh-2034
Sigma Oasis,Phish,"2024/04/20 Las Vegas, NV",,INDIFFERENT,8:27,507,rRVEflukECU,2024-08-21T19:53:29Z,gh-2034
46 Days,Phish,"2024/04/20 Las Vegas, NV",,LIKE,8:43,523,r1B8mKkvZI8,2024-08-21T19:44:46Z,gh-2034
Harry Hood,Phish,"2024-04-19 Las Vegas, NV",,INDIFFERENT,13:51,831,cf9JU6trJyM,2024-08-21T19:30:55Z,gh-2034
Wading in the Velvet Sea,Phish,"2024-04-19 Las Vegas, NV",,INDIFFERENT,7:25,445,_p63FCMpd_E,2024-08-21T19:23:30Z,gh-2034
You Enjoy Myself,Phish,"2024-04-19 Las Vegas, NV",,INDIFFERENT,18:03,1083,UKONc1QA770,2024-08-21T18:18:17Z,gh-2033
Prince Caspian,Phish,"2024-04-19 Las Vegas, NV",,INDIFFERENT,8:45,525,hdUpmBgVDzE,2024-08-21T18:09:32Z,gh-2033
A Song I Heard The Ocean Sing,Phish,"2024-04-19 Las Vegas, NV",,INDIFFERENT,10:59,659,6NEVyNo1wOY,2024-08-21T17:58:33Z,gh-2033
Lonely Trip,Phish,"2024-04-19 Las Vegas, NV",,INDIFFERENT,6:37,397,boRjhpWRl7s,2024-08-21T17:51:56Z,gh-2033
Ruby Waves,Phish,"2024-04-19 Las Vegas, NV",,INDIFFERENT,14:07,847,xTD0oLO7LLQ,2024-08-21T17:37:49Z,gh-2033
Spanish Pipedream,John Prine,John Prine,False,LIKE,2:42,162,ZkfqWEXdx-I,2024-08-21T17:35:07Z,gh-2033
Call to Arms,Sturgill Simpson,A Sailor's Guide to Earth,True,LIKE,5:30,330,VuiR4AtH1fc,2024-08-21T17:29:37Z,gh-2033
Chittlin’ Cookin’ Time In Cheatham County,Sierra Ferrell,Trail Of Flowers,True,LIKE,3:02,182,7p2-TKipaME,2024-08-21T17:26:35Z,gh-2033
Not Gentle On My Mind,Chuck Darwin & the Knuckle Draggers,For Educational Purposes Only,True,LIKE,2:11,131,fwlkSDX-JT8,2024-08-21T17:24:24Z,gh-2033
Sex Machine (Pt. 1 & 2),James Brown,Funked!: Volume 1 1970 - 1973,False,INDIFFERENT,5:17,317,hGLkVT46pvY,2024-08-21T06:31:42Z,gh-2029
Superstition,Stevie Wonder,Talking Book,False,INDIFFERENT,4:28,268,egqv1mtos6A,2024-08-21T06:27:14Z,gh-2029
If You Want Me to Stay,Sly & The Family Stone,Fresh,True,LIKE,3:01,181,jkzWSL-gEO4,2024-08-21T06:24:13Z,gh-2029
Sad But True,Boris Brejcha,FEAR,False,INDIFFERENT,8:02,482,GkPoE8ws0PE,2024-08-21T03:22:22Z,gh-2028
Needles In The Camel's Eye (2004 Digital Remaster),Brian Eno,Here Come The Warm Jets (2004 Digital Remaster),False,INDIFFERENT,3:12,192,2SWrIB75vc8,2024-08-21T03:19:10Z,gh-2028
You Lie,Dr. John,Locked Down,False,INDIFFERENT,4:46,286,Ql23PVVEOSM,2024-08-21T03:14:24Z,gh-2028
Johnny B. Goode,"Bruce Springsteen, Chuck Berry",The Best of Rock and Roll Hall of Fame + Museum Live,False,INDIFFERENT,3:21,201,B9VTZ1gB2aA,2024-08-21T03:11:03Z,gh-2028
Rhinestone Cowboy,Glen Campbell,The Legacy (1961-2017),False,INDIFFERENT,3:16,196,6P7Sx2L0fVU,2024-08-21T03:07:47Z,gh-2028
Teddy Bears' Picnic,"David Grisman, Jerry Garcia",Not For Kids Only,False,INDIFFERENT,4:27,267,-9AUiLJnoDg,2024-08-21T03:03:20Z,gh-2028
"Try A Little Kindness (Live At The Royal Festival Hall, London/1977)",Glen Campbell,Live At The Royal Festival Hall,,LIKE,2:04,124,dnw4dd7tOV8,2024-08-21T03:01:16Z,gh-2028
Two Hands,Townes Van Zandt,"High, Low And In Between",,LIKE,2:31,151,Ina0OMurm6Q,2024-08-21T02:58:45Z,gh-2028
Shake Sugaree,Elizabeth Cotten and Brenda Evans,Shake Sugaree,True,LIKE,5:03,303,AcqRex6vs-Y,2024-08-21T01:39:18Z,gh-2027
Don't Get Around Much Anymore,Dr John,Duke Elegant,,INDIFFERENT,3:38,218,WSGgj088Skc,2024-08-21T01:35:40Z,gh-2027
Two Hands,Townes Van Zandt,"High, Low And In Between",,LIKE,2:31,151,Ina0OMurm6Q,2024-08-21T01:33:09Z,gh-2027
I Saw the Light,Charley Crockett,Lil G.L.'s Honky Tonk Jubilee,,LIKE,3:04,184,zys46Hwy2x8,2024-08-21T01:30:05Z,gh-2027
Our Life's Work,Chuck Darwin & the Knuckle Draggers,Three Car Pileup,False,INDIFFERENT,2:43,163,vskBlq2dLAM,2024-08-21T01:27:22Z,gh-2027
Heart Of The Country,"Linda McCartney, Paul McCartney",Ram,,LIKE,2:24,144,_hLKRHvAD2Y,2024-08-21T01:24:58Z,gh-2027
If You Want Me to Stay,Sly & The Family Stone,Fresh,True,LIKE,3:01,181,jkzWSL-gEO4,2024-08-21T01:21:57Z,gh-2027
Accentuate the Positive,Dr. John,In A Sentimental Mood,False,INDIFFERENT,3:53,233,k0I0NB2JLDU,2024-08-21T01:18:04Z,gh-2027
Joseph's Dream,John Hartford,Nobody Knows What You Do,False,INDIFFERENT,4:25,265,7hTvyV7Qc-g,2024-08-21T01:13:39Z,gh-2027
Not Gentle On My Mind,Chuck Darwin & the Knuckle Draggers,For Educational Purposes Only,True,LIKE,2:11,131,fwlkSDX-JT8,2024-08-21T01:11:28Z,gh-2027
Chau Sara - Down Hill 🗻 [lofi hip hop/relaxing beats],"58K views, Lofi Girl - Chill Beats",,,INDIFFERENT,9:36,576,lNT4uV9gL7M,2024-08-21T01:01:52Z,gh-2027
Ghibli Inspired Atmosphere | Forest Ambiance & Music,"1.5M views, Araphen",,,INDIFFERENT,2:00:17,7217,PtIKsk1Qabw,2024-08-20T23:01:35Z,gh-2027
"Dear Mr. Fantasy (Live at Civic Arena, Pittsburgh, PA, April 2, 1989)",Grateful Dead,"Download Series Vol. 9: Civic Arena, Pittsburgh, PA 4/2/89 & 4/3/89 (Live)",True,LIKE,5:09,309,OL2pCRFUqTM,2024-08-20T22:56:26Z,gh-2027
Emotions,Don Reno & Red Smiley,Together Again,False,INDIFFERENT,3:23,203,VzpfPnnyyco,2024-08-20T22:53:03Z,gh-2027
Brand New Key,Melanie,Gather Me,,INDIFFERENT,2:28,148,-mXlW9LytYo,2024-08-20T22:20:41Z,gh-2027
Kingdom of Izzness,Dr. John,Locked Down,False,INDIFFERENT,3:37,217,doysg_6yEfo,2024-08-20T22:17:04Z,gh-2027
"Liberty (Live in Atlanta, March 30, 1994)",Grateful Dead,So Many Roads (1965 - 1995),False,INDIFFERENT,6:00,360,7OuA4UXwCCY,2024-08-20T22:11:04Z,gh-2027
Chau Sara - Down Hill 🗻 [lofi hip hop/relaxing beats],"58K views, Lofi Girl - Chill Beats",,,INDIFFERENT,9:36,576,lNT4uV9gL7M,2024-08-20T21:18:55Z,gh-2026
Ghibli Inspired Atmosphere | Forest Ambiance & Music,"1.5M views, Araphen",,,INDIFFERENT,2:00:17,7217,PtIKsk1Qabw,2024-08-20T19:18:38Z,gh-2026
"Dear Mr. Fantasy (Live at Civic Arena, Pittsburgh, PA, April 2, 1989)",Grateful Dead,"Download Series Vol. 9: Civic Arena, Pittsburgh, PA 4/2/89 & 4/3/89 (Live)",True,LIKE,5:09,309,OL2pCRFUqTM,2024-08-20T18:30:49Z,gh-2025
Two Hands,Townes Van Zandt,"High, Low And In Between",,LIKE,2:31,151,Ina0OMurm6Q,2024-08-20T18:28:18Z,gh-2025
Don't Get Around Much Anymore,Dr John,Duke Elegant,,INDIFFERENT,3:38,218,WSGgj088Skc,2024-08-20T18:24:40Z,gh-2025
If You Want Me to Stay,Sly & The Family Stone,Fresh,True,LIKE,3:01,181,jkzWSL-gEO4,2024-08-20T18:21:39Z,gh-2025
Emotions,Don Reno & Red Smiley,Together Again,False,INDIFFERENT,3:23,203,VzpfPnnyyco,2024-08-20T18:18:16Z,gh-2025
Not Gentle On My Mind,Chuck Darwin & the Knuckle Draggers,For Educational Purposes Only,True,LIKE,2:11,131,fwlkSDX-JT8,2024-08-20T18:16:05Z,gh-2025
Morning Has Broken,Cat Stevens,Teaser And The Firecat,False,INDIFFERENT,3:20,200,qARB7XPfYjo,2024-08-20T18:12:45Z,gh-2025
Hey Jude (Remastered 2009),The Beatles,The Beatles 1967 - 1970,False,INDIFFERENT,7:12,432,bkApuQWCPdM,2024-08-20T18:05:33Z,gh-2025
Love Me Tonight,Tom Jones,The Best Of ... Tom Jones,False,INDIFFERENT,3:11,191,OLX-XZvz9iI,2024-08-20T18:02:22Z,gh-2025
Amarillo Highway (for Dave Hickey),Terry Allen,Lubbock (on everything),True,LIKE,4:01,241,j0yS6Jc-vw0,2024-08-20T17:58:21Z,gh-2025
Joseph's Dream,John Hartford,Nobody Knows What You Do,False,INDIFFERENT,4:25,265,7hTvyV7Qc-g,2024-08-20T17:53:56Z,gh-2025
Accentuate the Positive,Dr. John,In A Sentimental Mood,False,INDIFFERENT,3:53,233,k0I0NB2JLDU,2024-08-20T17:50:03Z,gh-2025
Let's Make a Better World,Dr. John,Desitively Bonnaroo,,LIKE,2:57,177,Q66BpmD3ugY,2024-08-20T17:47:06Z,gh-2025
Get No Better,Dillard/Hartford/Dillard,Glitter Grass From The Nashwood Hollyville Strings / Permanent Wave,,INDIFFERENT,3:31,211,oZlWXgO5CVQ,2024-08-20T17:43:35Z,gh-2025
Singing My Troubles Away,Delmore Brothers,Hillbilly Boogie Best,True,LIKE,2:32,152,vh6Dkwiish8,2024-08-20T17:41:03Z,gh-2025
Alabama Jubilee (feat. Jamey Johnson),Norman Blake,Pilgrimage To Rising Fawn,,LIKE,3:10,190,3MgBropbWZ8,2024-08-20T17:37:53Z,gh-2025
Heart Of The Country,"Linda McCartney, Paul McCartney",Ram,,LIKE,2:24,144,_hLKRHvAD2Y,2024-08-20T17:35:29Z,gh-2025
Brand New Key,Melanie,Gather Me,,INDIFFERENT,2:28,148,-mXlW9LytYo,2024-08-20T17:33:01Z,gh-2025
Kingdom of Izzness,Dr. John,Locked Down,False,INDIFFERENT,3:37,217,doysg_6yEfo,2024-08-20T17:29:24Z,gh-2025
I Saw the Light,Charley Crockett,Lil G.L.'s Honky Tonk Jubilee,,LIKE,3:04,184,zys46Hwy2x8,2024-08-20T17:26:20Z,gh-2025
"Liberty (Live in Atlanta, March 30, 1994)",Grateful Dead,So Many Roads (1965 - 1995),False,INDIFFERENT,6:00,360,7OuA4UXwCCY,2024-08-20T17:20:20Z,gh-2025
Our Life's Work,Chuck Darwin & the Knuckle Draggers,Three Car Pileup,False,INDIFFERENT,2:43,163,vskBlq2dLAM,2024-08-20T17:17:37Z,gh-2025
Boogie On Reggae Woman,Dillard/Hartford/Dillard,Glitter Grass From The Nashwood Hollyville Strings / Permanent Wave,,LIKE,5:37,337,dv4itmGtNY4,2024-08-20T17:12:00Z,gh-2025
Jenny Jenkins,"David Grisman, Jerry Garcia",Not For Kids Only,False,INDIFFERENT,4:23,263,ltEPUNHVYxg,2024-08-20T17:07:37Z,gh-2025
Apeman (2020 Stereo Remaster),The Kinks,"Lola Versus Powerman and the Moneygoround, Pt. 1",False,INDIFFERENT,3:54,234,3eoeA_8hC4c,2024-08-20T17:03:43Z,gh-2025
Don't Come Rollin',Dillard/Hartford/Dillard,Glitter Grass From The Nashwood Hollyville Strings / Permanent Wave,,INDIFFERENT,2:19,139,25bd7E22bQA,2024-08-20T17:01:24Z,gh-2025
Be My Baby,The Ronettes,Presenting the Fabulous Ronettes Featuring Veronica,False,INDIFFERENT,2:41,161,QBDem6bffyo,2024-08-20T16:58:43Z,gh-2025
Diamond In The Rough,Charley Crockett,$10 Cowboy,False,INDIFFERENT,3:19,199,OP-S296011Y,2024-08-20T16:55:24Z,gh-2025
Black River Blues,.357 String Band,Fire & Hail,False,INDIFFERENT,3:06,186,sEq37Ue9n-s,2024-08-20T16:52:18Z,gh-2025
Bonita And Bill Butler,Alison Krauss & Union Station,Paper Airplane,False,INDIFFERENT,4:04,244,fqTVBpqrPcM,2024-08-20T16:48:14Z,gh-2025
Leadfoot,Billy Strings,Leadfoot,False,INDIFFERENT,2:46,166,o8_YxRRFYuA,2024-08-20T16:45:28Z,gh-2025
Up On Cripple Creek,The Band,The Band,False,INDIFFERENT,4:31,271,zFFGkDmjRlo,2024-08-20T16:40:57Z,gh-2025
Freckles,The New Mastersounds,Breaks from the Border,False,INDIFFERENT,3:44,224,oAt6OBakOnE,2024-08-20T16:37:13Z,gh-2025
(Sittin' On) the Dock of the Bay,Otis Redding,The Dock of the Bay (Mono),False,INDIFFERENT,2:44,164,7C-VscEQugk,2024-08-20T16:34:29Z,gh-2025
What'd I Say,Ray Charles,The Essential Collection,False,INDIFFERENT,6:28,388,jBYq0AYTj-Y,2024-08-20T16:28:01Z,gh-2025
Southern Nights,Glen Campbell,Southern Nights,False,LIKE,3:01,181,X6-sU7pVJ3k,2024-08-20T16:25:00Z,gh-2025
The Force,Lettuce,Crush,True,LIKE,3:42,222,3DuGtGk5oF0,2024-08-20T16:21:18Z,gh-2025
ブラウンノイズ 勉強 集中 睡眠,くつろぎの薬,ブラウンノイズ,False,INDIFFERENT,2:24,144,RTwM3JnWmE8,2024-08-19T23:28:13Z,gh-2022
Ghost,Phish,"2024/08/16 Dover, DE",,INDIFFERENT,9:35,575,gtFmqqi9P7c,2024-08-20T03:22:32Z,gh-2020
April the 14th Part 1,Gillian Welch,Time (The Revelator),False,INDIFFERENT,5:09,309,FjwatDksOvQ,2024-08-20T03:17:23Z,gh-2020
"Hey, Good Lookin'",Hank Williams,Memorial Album (Expanded Edition),False,INDIFFERENT,2:57,177,tunFYrXANHs,2024-08-20T03:14:26Z,gh-2020
Alice in the Bluegrass,"Golden Highway, Molly Tuttle",City of Gold,False,INDIFFERENT,4:05,245,eWgIrXtyQwk,2024-08-20T03:10:21Z,gh-2020
Dollar Bill Bar (Alternate Version),Sierra Ferrell,Dollar Bill Bar (Alternate Version),False,INDIFFERENT,4:14,254,eClsAHnXVr0,2024-08-20T03:06:07Z,gh-2020
Not Gentle On My Mind,Chuck Darwin & the Knuckle Draggers,For Educational Purposes Only,True,LIKE,2:11,131,fwlkSDX-JT8,2024-08-20T03:03:56Z,gh-2020
"Take Me Home, Country Roads",John Denver,"Poems, Prayers and Promises",False,INDIFFERENT,3:11,191,c0dvabcWVo0,2024-08-20T03:00:45Z,gh-2020
Gentle On My Mind,John Hartford,"Me Oh My, How the Time Does Fly -- A John Hartford Anthology",True,LIKE,4:36,276,OZ5Ud9vpXYs,2024-08-20T02:56:09Z,gh-2020
Freeborn Man,Tony Rice,Guitar,,INDIFFERENT,2:51,171,bKgFB4V5wtE,2024-08-20T02:53:18Z,gh-2020
You Are My Sunshine,Norman Blake,"O Brother, Where Art Thou? (Original Motion Picture Soundtrack)",False,INDIFFERENT,4:28,268,At4Kccy9Zog,2024-08-20T02:48:50Z,gh-2020
Walk On Boy,"Doc Watson, Richard Watson",Third Generation Blues,False,INDIFFERENT,3:09,189,yZHxipCR63Y,2024-08-20T02:45:41Z,gh-2020
Steamboat Whistle Blues,John Hartford,Aereo-Plain,,INDIFFERENT,3:26,206,1qNS_QB76WU,2024-08-20T02:42:15Z,gh-2020
Molly And Tenbrooks,"Bobby Hicks, Doyle Lawson, J.D. Crowe, Jerry Douglas",The Bluegrass Album,True,LIKE,3:08,188,bxnPmtOJJU0,2024-08-20T02:39:07Z,gh-2020
Hand Me Down My Walking Cane,Norman Blake,Whiskey Before Breakfast,,INDIFFERENT,3:28,208,dKQrqDze6kY,2024-08-20T02:35:39Z,gh-2020
Georgia On My Mind (feat. Jamey Johnson),Norman Blake,Pilgrimage To Rising Fawn,,LIKE,7:07,427,p6IeEKFOFU4,2024-08-20T02:28:32Z,gh-2020
Howard Hughes Blues (feat. Jamie Hartford),Norman Blake,Pilgrimage To Rising Fawn,,INDIFFERENT,2:58,178,XkUxyIARFaY,2024-08-20T02:25:34Z,gh-2020
Life's Railway to Heaven (feat. Carlene Carter & John Carter Cash),Norman Blake,Pilgrimage To Rising Fawn,,INDIFFERENT,4:29,269,Z8mvzE95QOM,2024-08-20T02:21:05Z,gh-2020
Give My Love To Rose (feat. Joseph Cash),Norman Blake,Pilgrimage To Rising Fawn,,INDIFFERENT,3:44,224,thCsVwq79X0,2024-08-20T02:17:21Z,gh-2020
Uncle Noah's Ark,Norman Blake,Pilgrimage To Rising Fawn,,LIKE,2:23,143,oOx7juM6LmI,2024-08-20T02:14:58Z,gh-2020
Hi-Eenktum Daddy-O (feat. Ana Cristina Cash & John Carter Cash),Norman Blake,Pilgrimage To Rising Fawn,,INDIFFERENT,2:31,151,s0naUzHsFlw,2024-08-20T01:41:38Z,gh-2019
"Cowboy's Rules / Boston Boy (feat. Nancy Blake, Dennis Crouch & and Matt Combs)",Norman Blake,Pilgrimage To Rising Fawn,,INDIFFERENT,1:01,61,R9365ZLx014,2024-08-20T01:40:37Z,gh-2019
Mystery of Life (feat. Jamie Hartford),Norman Blake,Pilgrimage To Rising Fawn,,INDIFFERENT,3:19,199,-bTY2Nd8YLU,2024-08-20T01:37:18Z,gh-2019
Alabama Jubilee (feat. Jamey Johnson),Norman Blake,Pilgrimage To Rising Fawn,,LIKE,3:10,190,3MgBropbWZ8,2024-08-20T01:34:08Z,gh-2019
Ghost,Phish,"2024/08/16 Dover, DE",,INDIFFERENT,9:35,575,gtFmqqi9P7c,2024-08-19T21:19:45Z,gh-2018
Ruby Waves,Phish,"2024/08/16 Dover, DE",,INDIFFERENT,0:44,44,m-Y29FiFd0o,2024-08-19T21:19:01Z,gh-2018
Your Pet Cat,Phish,"2024/08/16 Dover, DE",,INDIFFERENT,6:59,419,SKZ4RroOjDc,2024-08-19T21:12:02Z,gh-2018
Pillow Jets,Phish,"2024/08/16 Dover, DE",,INDIFFERENT,9:50,590,lIdFu44fU0c,2024-08-19T21:02:12Z,gh-2018
Ruby Waves,Phish,"2024/08/16 Dover, DE",,INDIFFERENT,15:17,917,0D9BPgSeJTE,2024-08-19T20:46:55Z,gh-2018
No Men in No Man’s Land,Phish,"2024/08/16 Dover, DE",,INDIFFERENT,12:16,736,fu0CwJff4AY,2024-08-19T20:34:39Z,gh-2018
"My Friend, My Friend",Phish,"2024/08/16 Dover, DE",,INDIFFERENT,11:17,677,3WY0oqTjQDg,2024-08-19T20:23:22Z,gh-2018
Character Zero,Phish,"2024/08/16 Dover, DE",,INDIFFERENT,7:45,465,nqh5wsoQtdU,2024-08-19T20:15:37Z,gh-2018
Twist,Phish,"2024/08/16 Dover, DE",,INDIFFERENT,9:54,594,Sp93GVJXYSM,2024-08-19T20:05:43Z,gh-2018
Reba,Phish,"2024/08/16 Dover, DE",,INDIFFERENT,11:00,660,FyM2kvDAS5g,2024-08-19T09:54:26Z,gh-2018
Bigboned & Buttugly,Sad Daddy,Sad Daddy,,INDIFFERENT,5:57,357,baY63yerfig,2024-08-19T09:11:17Z,gh-2018
Workin' Woman Blues,Valerie June,Pushin' Against A Stone,False,INDIFFERENT,3:06,186,X85Tqaa-nd4,2024-08-19T09:08:11Z,gh-2018
(Sittin' On) The Dock of the Bay (Otis Redding 50th Anniversary) (feat. Jack Johnson),Playing For Change,(Sittin' On) The Dock of the Bay (Otis Redding 50th Anniversary),False,INDIFFERENT,3:04,184,ceX3Bnagw34,2024-08-19T09:05:07Z,gh-2018
Hank Williams Said It Best,Guy Clark,Dublin Blues,False,INDIFFERENT,4:44,284,9_WY06V48kk,2024-08-19T09:00:23Z,gh-2018
Harlem River Blues,Justin Townes Earle,Harlem River Blues,False,INDIFFERENT,2:49,169,DcHjN68mItI,2024-08-19T08:57:34Z,gh-2018
Dog House Boogie,Seasick Steve,Dog House Music,False,INDIFFERENT,3:38,218,Sok_2dakI_s,2024-08-19T18:32:09Z,gh-2017
Fine to Me,Pokey LaFarge,In the Blossom of Their Shade,,INDIFFERENT,3:59,239,viHFxFvuhiQ,2024-08-19T18:28:10Z,gh-2017
Down to Memphis,J.J. Cale,Roll On,False,INDIFFERENT,3:06,186,nAPWwwkkqMY,2024-08-19T18:25:04Z,gh-2017
Country Ghetto,JJ Grey & Mofro,Country Ghetto,False,INDIFFERENT,4:03,243,tubpGgdRh0M,2024-08-19T18:21:01Z,gh-2017
I Hope I'm Stoned (When Jesus Takes Me Home) (feat. Old Crow Medicine Show),Charlie Worsham,I Hope I'm Stoned (When Jesus Takes Me Home),False,INDIFFERENT,3:54,234,SRhWGAzwy9M,2024-08-19T18:17:07Z,gh-2017
Smokey Joe's Cafe,The Coasters,The Coasters,False,INDIFFERENT,2:47,167,tDhs2vszPJE,2024-08-19T18:14:20Z,gh-2017
Mountains In The Mist,Phish,"2024/08/16 Dover, DE",,INDIFFERENT,7:23,443,s_izsp0w9jA,2024-08-19T18:06:57Z,gh-2017
Tube,Phish,"2024/08/16 Dover, DE",,INDIFFERENT,7:13,433,EZVu2hZi_Tk,2024-08-19T17:59:44Z,gh-2017
Divided Sky,Phish,"2024/08/16 Dover, DE",,INDIFFERENT,13:38,818,SyY6l5eXH98,2024-08-19T17:46:06Z,gh-2017
Free,Phish,"2024/08/16 Dover, DE",,INDIFFERENT,8:58,538,uby4js6N0N0,2024-08-19T17:37:08Z,gh-2017
Peaches En Regalia,Phish,"2024/08/16 Dover, DE",,INDIFFERENT,3:31,211,p7zyEyV4he8,2024-08-19T17:33:37Z,gh-2017
Kill Devil Falls,Phish,"2024/08/16 Dover, DE",,INDIFFERENT,10:50,650,sZTqI8Rzc6U,2024-08-19T17:22:47Z,gh-2017
Bouncing Around the Room,Phish,"2024/08/16 Dover, DE",,INDIFFERENT,4:34,274,VgOo3mVOpTg,2024-08-19T17:18:13Z,gh-2017
Mike's Song,Phish,"2024/08/17 Dover, DE",,INDIFFERENT,8:33,513,2RuvCrU-jw4,2024-08-19T17:09:40Z,gh-2017
Smokey Joe's Cafe,The Coasters,The Coasters,False,INDIFFERENT,2:47,167,tDhs2vszPJE,2024-08-19T01:43:48Z,gh-2011
Rocky Raccoon (feat. Nicholas Mrozinski),Charlie Parr,"Minnesota Beatle Project, Vol. 3",False,INDIFFERENT,3:41,221,bPZOwQ-zmnU,2024-08-19T01:40:07Z,gh-2011
Whistlin' Past The Graveyard,Tom Waits,Blue Valentine,False,INDIFFERENT,3:18,198,16X4SdLNJ84,2024-08-19T01:36:49Z,gh-2011
Dirty Low Down And Bad,Keb' Mo',Keb' Mo',False,INDIFFERENT,3:07,187,gGrPRKoA3jM,2024-08-19T01:33:42Z,gh-2011
Evil,Howlin' Wolf,Gimmie the Blues,False,INDIFFERENT,2:56,176,gJDYE5dGp-g,2024-08-19T01:30:46Z,gh-2011
Fire And Brimstone,Link Wray,Link Wray,True,LIKE,4:19,259,H4b4oj6-1bI,2024-08-19T01:26:27Z,gh-2011
Danny's All-Star Joint,Rickie Lee Jones,Rickie Lee Jones,False,INDIFFERENT,4:07,247,UMKheuf2Uy0,2024-08-19T01:22:20Z,gh-2011
Under the Boardwalk (Live),The California Honeydrops,Under the Boardwalk (Live),False,INDIFFERENT,2:55,175,pcbxrn5t72E,2024-08-19T01:19:25Z,gh-2011
Nobody's Business But My Own,Taj Mahal,In Progress & In Motion (1965-1998),False,INDIFFERENT,3:28,208,5ckz6jDwSmg,2024-08-19T01:15:57Z,gh-2011
Poor People's Store,Shinyribs,Well After Awhile,False,INDIFFERENT,2:36,156,JTI8rxAhcsg,2024-08-19T01:13:21Z,gh-2011
Roll Um Easy (2023 Remaster),Little Feat,Dixie Chicken (Deluxe Edition),False,INDIFFERENT,2:34,154,4PhgD7etInI,2024-08-19T01:10:47Z,gh-2011
Iko Iko,Dr. John,The Essentials: Dr. John,False,INDIFFERENT,4:09,249,28b6LaZXuFA,2024-08-19T01:06:38Z,gh-2011
Killers of the Flower Moon,Charley Crockett,Killers of the Flower Moon,False,INDIFFERENT,3:14,194,tM3-u1u0nxQ,2024-08-19T01:03:24Z,gh-2011
Central Time,Pokey LaFarge,Central Time,False,INDIFFERENT,2:59,179,O0EW4wdq6UU,2024-08-19T01:00:25Z,gh-2011
Two Hands,Townes Van Zandt,"High, Low And In Between",,LIKE,2:31,151,Ina0OMurm6Q,2024-08-19T00:57:54Z,gh-2011
Cakewalk into Town,Taj Mahal,Recycling the Blues & Other Related Stuff,False,INDIFFERENT,2:33,153,WU764hR3I7Q,2024-08-19T00:55:21Z,gh-2011
Welcome To Jamrock,Damian Marley,Welcome To Jamrock,False,INDIFFERENT,3:36,216,FgLOpGEn7b4,2024-08-18T18:29:29Z,gh-2009
Satisfy My Soul,Bob Marley & The Wailers,Kaya,False,INDIFFERENT,4:31,271,jAdBJu7qWwQ,2024-08-18T18:24:58Z,gh-2009
I'd Rather Go Blind,The Frightnrs,Daptone Records Singles Collection: Volume 5,False,INDIFFERENT,3:34,214,9rGhUQdcR5M,2024-08-18T18:21:24Z,gh-2009
Esma,Menahan Street Band,Make the Road By Walking,False,INDIFFERENT,3:07,187,AzoqNBmJSBM,2024-08-18T18:18:17Z,gh-2009
54-46 Was My Number,Toots & The Maytals,In The Dark,False,INDIFFERENT,3:25,205,wNxNwvjzGM0,2024-08-18T18:14:52Z,gh-2009
Natural Mystic,Bob Marley & The Wailers,Exodus,False,INDIFFERENT,3:28,208,2U91ELKMNlE,2024-08-18T18:11:24Z,gh-2009
Sun Is Shining,Bob Marley & The Wailers,Kaya,False,INDIFFERENT,4:59,299,5T3UmvutR8k,2024-08-18T18:06:25Z,gh-2009
AMBIENT TECHNO || continuous mix 002,Rob Jenkins,AMBIENT TECHNO || continuous mix 002,True,LIKE,1:40:24,6024,6OEWwdC4WRQ,2024-08-18T00:09:03Z,gh-2003
Just Like Heaven,The Infamous Stringdusters,"Undercover, Vol. 2",False,INDIFFERENT,4:09,249,3mvKtj5W5qM,2024-08-18T00:04:54Z,gh-2003
Old Hickory,Old Crow Medicine Show,Volunteer,False,INDIFFERENT,5:10,310,IhmbhjjRvok,2024-08-17T23:59:44Z,gh-2003
Rosemary,Sierra Ferrell,Trail Of Flowers,False,INDIFFERENT,3:37,217,DoYRPz8DA_U,2024-08-17T23:56:07Z,gh-2003
Lighthouse,Sierra Ferrell,Trail Of Flowers,False,INDIFFERENT,3:39,219,d-KAMXN9VNU,2024-08-17T23:52:28Z,gh-2003
Hey Mama,Nathaniel Rateliff & The Night Sweats,Tearing at the Seams,False,INDIFFERENT,4:01,241,cWQmCWfv8cY,2024-08-17T01:23:07Z,gh-2002
Shamrock,Sturgill Simpson,The Ballad of Dood & Juanita,,INDIFFERENT,4:41,281,oImvxvh9vyU,2024-08-17T01:18:26Z,gh-2002
Country Squire,Tyler Childers,Country Squire,,LIKE,3:22,202,KYIav77fPsA,2024-08-17T01:15:04Z,gh-2002
Late Bloomer,Carter Faith,Late Bloomer,False,INDIFFERENT,3:30,210,tHS5zb-Z-Ys,2024-08-17T01:11:34Z,gh-2002
Rather Low,Nick Shoulders,"Okay, Crawdad",,INDIFFERENT,3:01,181,wj4yGwsgPFE,2024-08-17T01:08:33Z,gh-2002
Hard Luck & Circumstances,Charley Crockett,Hard Luck & Circumstances,False,INDIFFERENT,3:05,185,cnjfEGezbxk,2024-08-17T01:05:28Z,gh-2002
Whispering Waltz,Sierra Ferrell,Long Time Coming,,INDIFFERENT,3:22,202,14UKa4QhU1U,2024-08-17T01:02:06Z,gh-2002
Must Be Seven,Billy Strings,Home,,INDIFFERENT,3:29,209,8v_PnWCoeZM,2024-08-17T00:58:37Z,gh-2002
American Dreaming,Sierra Ferrell,American Dreaming (Single Edit),False,INDIFFERENT,4:18,258,MARPEvw2Prw,2024-08-17T00:54:19Z,gh-2002
Step by Step,Jesse Winchester,Let The Rough Side Drag,True,LIKE,2:58,178,bXnT8ExnnsM,2024-08-16T10:41:02Z,gh-1996
Back in the Goodle Days,John Hartford,Aereo-Plain,,INDIFFERENT,3:40,220,UcF0SY0m3sU,2024-08-16T10:37:22Z,gh-1996
Spanish Moon (2024 Remaster),Little Feat,Feats Don't Fail Me Now (Deluxe Edition),False,INDIFFERENT,3:07,187,cS2UqIB5Apo,2024-08-16T10:34:15Z,gh-1996
The Hanging Tree,Marty Robbins,Gunfighter Ballads And Trail Songs,,INDIFFERENT,2:51,171,D4hv5dJwc6Q,2024-08-17T01:38:35Z,gh-1995
Ya Got Trouble,Robert Preston,The Music Man (Original Broadway Cast),False,INDIFFERENT,3:48,228,2uJyLSsxhGE,2024-08-17T01:34:47Z,gh-1995
Sincere,The Buffalo Bills,The Music Man (Original Broadway Cast),False,INDIFFERENT,1:40,100,TX4crFTnwYw,2024-08-17T01:33:07Z,gh-1995
Overture/Rock Island,Vern Reed,The Music Man (Original Broadway Cast),True,LIKE,5:30,330,0yJ8IGGuRFE,2024-08-17T01:27:37Z,gh-1995
Like A Friend,Pulp,This Is Hardcore (Deluxe Edition),False,INDIFFERENT,4:32,272,eEGTJvxEGHU,2024-08-17T01:23:05Z,gh-1995
No Me Sueltes Más,Sen Senra,Sensaciones,False,INDIFFERENT,3:28,208,VD8vs4mM6rs,2024-08-17T01:19:37Z,gh-1995
Midnight Special,Odetta,Best of the Vanguard Years,,INDIFFERENT,3:25,205,S4APR-j9Ig0,2024-08-17T01:16:12Z,gh-1995
Just Like Leaving,Bella White,Just Like Leaving,False,INDIFFERENT,3:27,207,oviDGUsgHhY,2024-08-17T01:12:45Z,gh-1995
California Sober (feat. Willie Nelson),Billy Strings,California Sober,True,LIKE,3:51,231,AmxvLgvc8IE,2024-08-17T01:08:54Z,gh-1995
I Could Drive You Crazy,Sierra Ferrell,I Could Drive You Crazy,False,INDIFFERENT,3:37,217,33KrmfvEQLE,2024-08-17T01:05:17Z,gh-1995
American Dreaming,Sierra Ferrell,American Dreaming (Single Edit),False,INDIFFERENT,4:18,258,MARPEvw2Prw,2024-08-17T01:00:59Z,gh-1995
Summer Bossa,Richard Freeman,Summer Cafe,False,INDIFFERENT,3:14,194,p7LD_wfjGmQ,2024-08-16T21:25:43Z,gh-1994
Sky Blue Sky,Wilco,Sky Blue Sky,False,INDIFFERENT,3:23,203,IEpuZ1hQkN8,2024-08-16T11:22:17Z,gh-1994
Fool in the Rain (Remaster),Led Zeppelin,In Through the out Door (Remaster),False,INDIFFERENT,6:11,371,I57nIP0vc44,2024-08-16T11:16:06Z,gh-1994
"Deal (Live at Gizah Sound & Light Theater, Cairo, Egypt, Sept. 16, 1978)",Grateful Dead,"Rocking the Cradle, Egypt 1978 (Live)",False,INDIFFERENT,7:04,424,CqoBSxrCy04,2024-08-16T11:09:02Z,gh-1994
"My Sisters And Brothers (Live at Sophie’s, 2/15/76) (feat. Jerry Garcia Band)",Jerry Garcia Band,"My Sisters and Brothers (Live at Sophie’s, 2/15/76)",False,INDIFFERENT,6:42,402,6oiknDvGwvA,2024-08-16T11:02:20Z,gh-1994
Down (Live),Widespread Panic,"Live from the Backyard in Austin, TX",False,INDIFFERENT,4:10,250,2jNV7ibiiVI,2024-08-16T10:58:10Z,gh-1994
I Walk on Guilded Splinters,Dr. John,Gris Gris,False,INDIFFERENT,7:47,467,lekQoT485aA,2024-08-16T10:50:23Z,gh-1994
"Dupree's Diamond Blues (Live at Fillmore West March 1, 1969)",Grateful Dead,Fillmore West 1969 (Live),False,INDIFFERENT,4:48,288,khX6Gf5kH2s,2024-08-16T10:45:35Z,gh-1994
Oblivion,Phish,Oblivion,True,LIKE,6:04,364,xMJamd2QZdE,2024-08-16T10:39:31Z,gh-1994
Midnight Rider,The Allman Brothers Band,Nassau Coliseum 5/1/73,False,INDIFFERENT,3:30,210,OV5_dO399m4,2024-08-16T10:36:01Z,gh-1994
Skin it Back (2024 Remaster),Little Feat,Feats Don't Fail Me Now (Deluxe Edition),False,INDIFFERENT,4:12,252,q0pix4DeY14,2024-08-16T10:31:49Z,gh-1994
"Brown Eyed Women (Live in Denmark, 1972) [2001 Remaster] (Live in Denmark, 1972; 2001 Remaster) (feat. David Nelson, Debbie Eisenberg, Marma-Duke & Merle Saunders)",Grateful Dead,Europe '72 (Live; 2001 Remaster),False,INDIFFERENT,4:38,278,M-cR8u0Jm9E,2024-08-16T10:27:11Z,gh-1994
All Along the Watchtower,The Jimi Hendrix Experience,Electric Ladyland,False,INDIFFERENT,4:01,241,wVLqFQ5QT7Y,2024-08-16T10:23:10Z,gh-1994
The Harder They Come (Live),"Bill Vitt, Jerry Garcia, John Kahn, Merl Saunders","Live At Keystone, Volume 1",False,INDIFFERENT,6:22,382,Ckns613oo48,2024-08-16T10:16:48Z,gh-1994
50 Ways to Leave Your Lover,Paul Simon,Still Crazy After All These Years,False,INDIFFERENT,3:38,218,B1V1varByWI,2024-08-16T10:13:10Z,gh-1994
"St. Stephen (Live at Fillmore East, February 11, 1969)",Grateful Dead,Fillmore East 2/11/69 (Live),False,INDIFFERENT,7:50,470,VPpk0Znf4I0,2024-08-16T10:05:20Z,gh-1994
"Death Don't Have No Mercy (Live at Fillmore West February 28, 1969)",Grateful Dead,Fillmore West 1969 (Live),True,LIKE,9:59,599,E_xAxKM-0Xc,2024-08-16T09:55:21Z,gh-1994
Catholic Girls,Frank Zappa,"Joe's Garage Acts I, II & III",False,INDIFFERENT,4:19,259,KVVhsOIhnMg,2024-08-16T18:31:29Z,gh-1993
"One Way Out (Live At Fillmore East, June 27, 1971)",The Allman Brothers Band,Eat A Peach,False,INDIFFERENT,5:00,300,d0En8iD2uVI,2024-08-16T18:26:29Z,gh-1993
Wang Dang Doodle,Koko Taylor,Koko Taylor,False,INDIFFERENT,3:03,183,X4xum7FVPh8,2024-08-16T18:23:26Z,gh-1993
I Shall Not Be Moved (Live),Mississippi John Hurt,The Best Of,False,INDIFFERENT,3:30,210,vdF63_M-Hjw,2024-08-16T18:19:56Z,gh-1993
Just A Gigolo / I Ain't Got Nobody (Medley / Remastered 2002) (feat. Keely Smith & Sam Butera And The Witnesses),Louis Prima,The Wildest! (Expanded Edition),True,LIKE,4:45,285,mukQYm-O-AY,2024-08-16T18:15:11Z,gh-1993
My Babe,Little Walter,Chess Blues,False,INDIFFERENT,2:44,164,b0WWXUBCPzo,2024-08-16T18:12:27Z,gh-1993
Too Much Stuff,Delbert McClinton,One Of The Fortunate Few,False,INDIFFERENT,4:16,256,U3PLjbuTI48,2024-08-16T18:08:11Z,gh-1993
I Ain't Drunk,Albert Collins,Cold Snap,False,INDIFFERENT,4:08,248,NpM-J39Js88,2024-08-16T18:04:03Z,gh-1993
Tell Mama,Savoy Brown,Street Corner Talking,False,INDIFFERENT,5:24,324,4OnvRuDHWUs,2024-08-16T17:58:39Z,gh-1993
Down on the Farm,Little Feat,Down on the Farm,False,INDIFFERENT,4:21,261,EsBFGHpzDhg,2024-08-16T17:54:18Z,gh-1993
I'll Make Love To You Anytime,J.J. Cale,5,False,INDIFFERENT,3:13,193,b3nswAHdU-A,2024-08-16T17:51:05Z,gh-1993
Spoonful,Howlin' Wolf,The Chess Blues-Rock Songbook,False,INDIFFERENT,2:47,167,yz5QjAgfNos,2024-08-16T17:48:18Z,gh-1993
Sometimes,Fleetwood Mac,Future Games,False,INDIFFERENT,5:25,325,07ZVC4rgSpg,2024-08-16T17:42:53Z,gh-1993
Green Onions,Booker T. & The M.G.'s,Green Onions (Stax Remasters),False,INDIFFERENT,2:56,176,9aiVTfkWdX8,2024-08-16T17:39:57Z,gh-1993
Sweet Thang,Shuggie Otis,Freedom Flight,False,INDIFFERENT,4:13,253,xJwihdYfyN4,2024-08-16T17:35:44Z,gh-1993
Quiet Man,John Prine,John Prine,False,INDIFFERENT,2:53,173,G27ZP3_V6Is,2024-08-16T17:32:51Z,gh-1993
"Spanish Moon (Live at Lisner Auditorium, Washington, DC, 8/8/1977)",Little Feat,Waiting for Columbus (Live Version; Deluxe Edition),,INDIFFERENT,5:37,337,RhmNK-ANKIw,2024-08-16T17:27:14Z,gh-1993
Hard Times (No One Knows Better Than I),Ray Charles,The Ray Charles Story Volume 3,False,INDIFFERENT,2:58,178,_-wAOdK3nss,2024-08-16T17:24:16Z,gh-1993
Country Boy,Otis Spann,Otis Spann Is The Blues,False,INDIFFERENT,4:26,266,Rwx2QYCCwvg,2024-08-16T17:19:50Z,gh-1993
I'm Tore Down,Freddie King,Getting Ready... (World),False,INDIFFERENT,4:14,254,YB52eLfirFA,2024-08-16T17:15:36Z,gh-1993
Hit Or Miss,Odetta,Odetta Sings,False,INDIFFERENT,3:55,235,lkM4d2CoF0E,2024-08-16T17:11:41Z,gh-1993
Give Myself A Good Talkin’ To,Dr. John,Things Happen That Way,False,INDIFFERENT,3:55,235,4YDwtoGthhQ,2024-08-16T17:07:46Z,gh-1993
It Hurts Me Too,Elmore James,It Hurts Me Too / Elmore's Contribution to Jazz,True,LIKE,3:21,201,2Sy5TEvWbyY,2024-08-16T17:04:25Z,gh-1993
Hound Dog (Single Version),Big Mama Thornton,Hound Dog / The Peacock Recordings,False,INDIFFERENT,2:52,172,Jr9q485COk0,2024-08-16T17:01:33Z,gh-1993
Jewish Princess,Frank Zappa,Sheik Yerbouti,False,INDIFFERENT,3:19,199,7r6zKU8Syrw,2024-08-16T16:58:14Z,gh-1993
Do You Call That a Buddy?,Dr. John,Goin' Back To New Orleans,False,INDIFFERENT,3:55,235,TcKpSPZfxAE,2024-08-16T16:54:19Z,gh-1993
Use Me,Bill Withers,Still Bill,False,INDIFFERENT,3:49,229,u_T6GE_EOks,2024-08-16T16:50:30Z,gh-1993
I'll Play The Blues For You (Pts 1 & 2),Albert King,I'll Play The Blues For You [Stax Remasters] (Stax Remasters),False,INDIFFERENT,7:20,440,RznyMS6lYFw,2024-08-16T16:43:10Z,gh-1993
I'm The Slime,"Frank Zappa, The Mothers",Over-Nite Sensation,False,INDIFFERENT,3:35,215,iiCQcEW98OY,2024-08-16T16:39:35Z,gh-1993
Cakewalk into Town,Taj Mahal,Recycling the Blues & Other Related Stuff,False,INDIFFERENT,2:33,153,WU764hR3I7Q,2024-08-16T16:37:02Z,gh-1993
Light Up Or Leave Me Alone,Traffic,The Low Spark Of High Heeled Boys,False,INDIFFERENT,4:49,289,o-QKduja9wk,2024-08-16T16:32:13Z,gh-1993
Dinah-Moe Humm,"Frank Zappa, The Mothers",Over-Nite Sensation,False,INDIFFERENT,6:04,364,wEtyYNFOIew,2024-08-16T16:26:09Z,gh-1993
Stack-A-Lee,Dr. John,Dr. John's Gumbo,False,INDIFFERENT,3:30,210,fdKY7OAcvWw,2024-08-16T16:22:39Z,gh-1993
Thank You (Falettinme Be Mice Elf Agin) (Single Version),Sly & The Family Stone,Greatest Hits,False,INDIFFERENT,4:52,292,09bSoxFgaRI,2024-08-16T16:17:47Z,gh-1993
Smokestack Lightnin',Howlin' Wolf,The Definitive Collection,False,INDIFFERENT,3:07,187,SqxH9be2DNM,2024-08-16T16:14:40Z,gh-1993
Stuck In The Middle With You,Stealers Wheel,Stealers Wheel,False,INDIFFERENT,3:29,209,ln7Vn_WKkWU,2024-08-16T16:11:11Z,gh-1993
Joe's Garage,Frank Zappa,"Joe's Garage Acts I, II & III",False,INDIFFERENT,6:10,370,mz_EeEN_YXQ,2024-08-16T16:05:01Z,gh-1993
Six Strings Down,"Bonnie Raitt, Eric Clapton, Jimmie Vaughan, Robert Cray",The Essential Jimmie Vaughan,False,INDIFFERENT,6:22,382,huDEWC6n9BM,2024-08-16T15:23:20Z,gh-1992
She Got the Goldmine (I Got the Shaft),Jerry Reed,The Man with the Golden Thumb,False,INDIFFERENT,3:17,197,UXykAwZR200,2024-08-16T15:20:03Z,gh-1992
Dixie Chicken (2023 Remaster),Little Feat,Dixie Chicken (Deluxe Edition),False,INDIFFERENT,3:56,236,G7oCEnBSpRM,2024-08-16T15:16:07Z,gh-1992
Statesboro Blues,The Allman Brothers Band,Class Reunion '71: Greatest Hits Of 1971,False,INDIFFERENT,4:21,261,NoEsRkykrk8,2024-08-16T15:11:46Z,gh-1992
Help Me,Sonny Boy Williamson II,More Real Folk Blues,False,INDIFFERENT,3:09,189,qOu2WB7BrMk,2024-08-16T15:08:37Z,gh-1992
The Harder They Come (Live),Jerry Garcia Band,"GarciaLive Volume Two: August 5th, 1990 Greek Theatre",True,LIKE,10:46,646,keL6fAVUYsY,2024-08-16T14:57:51Z,gh-1992
(Sittin' On) the Dock of the Bay,Otis Redding,The Dock of the Bay,False,INDIFFERENT,2:47,167,Zu5chXCp1Ag,2024-08-16T14:55:04Z,gh-1992
Bubbles in My Beer,Bob Wills & His Texas Playboys,The Bob Wills Collection 1935-50,False,INDIFFERENT,2:18,138,Q8zL1eB4Wac,2024-08-16T14:52:46Z,gh-1992
Is You Is Or Is You Ain't (My Baby),Louis Jordan,Somebody Up There Digs Me,False,INDIFFERENT,3:17,197,cST9qUzOmOE,2024-08-16T14:49:29Z,gh-1992
Mess Around,Dr. John,Dr. John's Gumbo,False,INDIFFERENT,3:14,194,djlBe8DcNbM,2024-08-16T14:46:15Z,gh-1992
Uncle Remus,Frank Zappa,Apostrophe('),False,INDIFFERENT,2:50,170,Nb8Zxjnw4sI,2024-08-16T14:43:25Z,gh-1992
How Come My Dog Don't Bark (When You Come Around),Dr. John,Goin' Back To New Orleans,False,INDIFFERENT,4:10,250,B2fqUt7KVjA,2024-08-16T14:39:15Z,gh-1992
"Sing, Sing, Sing",Benny Goodman,One O'Clock Jump,False,INDIFFERENT,5:03,303,6VHt4hazMG0,2024-08-16T14:34:12Z,gh-1992
Overture/Rock Island,Vern Reed,The Music Man (Original Broadway Cast),True,LIKE,5:30,330,0yJ8IGGuRFE,2024-08-16T14:28:42Z,gh-1992
Mama Roux,Dr. John,Next Hex: The Nashville Sessions,False,INDIFFERENT,2:58,178,fRUUkvMTLBo,2024-08-16T06:34:23Z,gh-1989
I Can't Be Satisfied,Muddy Waters,Hard Again,True,LIKE,3:29,209,GUWqQQnBTzU,2024-08-16T06:30:54Z,gh-1989
Can't Let Go,Lucinda Williams,Car Wheels On A Gravel Road,False,INDIFFERENT,3:29,209,75mWmB5HDxE,2024-08-16T06:27:25Z,gh-1989
Big Cheeseburgers and Good French Fries,Blaze Foley,Oval Room,False,INDIFFERENT,3:24,204,5w_waVfudRU,2024-08-16T06:24:01Z,gh-1989
Run Run Run,Pokey LaFarge,Rhumba Country,,INDIFFERENT,3:35,215,x2S95yyhnGc,2024-08-16T06:20:26Z,gh-1989
One More Day,The Wood Brothers,Ways Not To Lose,False,INDIFFERENT,3:07,187,oVZYCtuFVf8,2024-08-16T06:17:19Z,gh-1989
"Walking Blues (feat. Keb' Mo', Roberto Luti, Nico Bereciartúa & Chris Pierce)",Playing For Change,Walking Blues,False,INDIFFERENT,3:43,223,aXb_kiJ7Qw4,2024-08-16T06:13:36Z,gh-1989
Boogie Chillen,John Lee Hooker,Burning Hell,False,INDIFFERENT,3:11,191,noZnpfxq0oA,2024-08-16T06:10:25Z,gh-1989
When You Awake,The Band,The Band,False,INDIFFERENT,3:14,194,G0bvKJaTB2s,2024-08-16T06:07:11Z,gh-1989
I'm A King Bee,Slim Harpo,Sings Raining In My Heart,False,INDIFFERENT,3:03,183,hnVnrn4zVF4,2024-08-16T06:04:08Z,gh-1989
Trouble In Mind (Live),Lightnin' Hopkins,The Complete Prestige / Bluesville Recordings,False,INDIFFERENT,3:25,205,DTiNdEo82GY,2024-08-16T06:00:43Z,gh-1989
Hoodoo Man Blues (Alternative),"Buddy Guy, Junior Wells' Chicago Blues Band",Hoodoo Man Blues (Deluxe Edition),False,INDIFFERENT,2:53,173,QGdgMpyojms,2024-08-16T05:57:50Z,gh-1989
Way Down In The Hole,The Blind Boys of Alabama,Spirit Of The Century,True,LIKE,3:21,201,J4zZCuNAGRo,2024-08-16T05:54:29Z,gh-1989
Way Down In The Hole,Tom Waits,Franks Wild Years,False,INDIFFERENT,3:31,211,ngNnnv1HKAI,2024-08-16T05:50:58Z,gh-1989
American Dreaming (Alternative Version),Sierra Ferrell,American Dreaming (Alternative Version),False,INDIFFERENT,4:25,265,sPC1hvCZ0iw,2024-08-16T05:46:33Z,gh-1989
When I Get to Heaven,John Prine,The Tree of Forgiveness,False,INDIFFERENT,3:43,223,0ap1-kmWBC8,2024-08-16T05:42:50Z,gh-1989
Just One More,The California Honeydrops,"Just One More, and Then Some",False,INDIFFERENT,4:05,245,fR406TqkFKU,2024-08-16T05:38:45Z,gh-1989
Gracefully Facedown (Live),The Devil Makes Three,Kexp Presents: The Devil Makes Three Live in Studio - EP,True,LIKE,3:27,207,FGt1_5rUr14,2024-08-16T05:35:18Z,gh-1989
Spoonful,Howlin' Wolf,Howlin' Wolf,True,LIKE,2:50,170,4fjviTLYqoc,2024-08-16T05:32:28Z,gh-1989
The Weed Smoker's Blues,Sad Daddy,Fresh Catch,False,INDIFFERENT,3:13,193,F4u3_rCx9gQ,2024-08-16T05:29:15Z,gh-1989
How Come My Dog Don't Bark (When You Come Around),Dr. John,Goin' Back To New Orleans,False,INDIFFERENT,4:10,250,B2fqUt7KVjA,2024-08-16T05:25:05Z,gh-1989
Step by Step,Jesse Winchester,Let The Rough Side Drag,True,LIKE,2:58,178,bXnT8ExnnsM,2024-08-16T05:22:07Z,gh-1989
Back in the Goodle Days,John Hartford,Aereo-Plain,,INDIFFERENT,3:40,220,UcF0SY0m3sU,2024-08-16T05:18:27Z,gh-1989
Spanish Moon (2024 Remaster),Little Feat,Feats Don't Fail Me Now (Deluxe Edition),False,INDIFFERENT,3:07,187,cS2UqIB5Apo,2024-08-16T05:15:20Z,gh-1989
Cakewalk into Town,Taj Mahal,Recycling the Blues & Other Related Stuff,False,INDIFFERENT,2:33,153,WU764hR3I7Q,2024-08-16T05:12:47Z,gh-1989
"Sleep Music for 8 Hours • Ocean Waves, Fall Asleep Fast, Relaxing Music, Sleeping Music #138","25M views, Soothing Relaxation",,,INDIFFERENT,8:01:55,28915,L6VBHflOeuY,2024-08-15T07:42:18Z,gh-1987
Aduna (Oliver Schories Remix),Monkey Safari,Aduna (Oliver Schories Remix),False,INDIFFERENT,6:22,382,ugZsl7ohApE,2024-08-15T07:35:56Z,gh-1987
Nikki (Rodriguez Jr. Remix),Worakls,Nikki & Entrudo Remixes,False,INDIFFERENT,5:30,330,f0L9hrjke_Y,2024-08-15T07:30:26Z,gh-1987
Ghetto,Hannah Wants,Ghetto EP,False,INDIFFERENT,3:35,215,2WfHBJ8QQ08,2024-08-15T07:26:51Z,gh-1987
Always Talkin Sh!t,Kolter,Always Talkin Sh!t,False,INDIFFERENT,7:41,461,axge9_10x8E,2024-08-15T07:19:10Z,gh-1987
Delta,Moonwalk,Solaris - EP,False,INDIFFERENT,5:46,346,m3G_NyGHqVw,2024-08-15T07:13:24Z,gh-1987
Graf Zahl,Paul Kalkbrenner,Graf Zahl,False,INDIFFERENT,5:33,333,zRm2SNP8NXo,2024-08-15T07:07:51Z,gh-1987
Butterflies,Boris Brejcha,Butterflies,False,INDIFFERENT,8:18,498,It4pkYOyM9g,2024-08-15T06:59:33Z,gh-1987
Acrobatic,SIDEPIECE,Acrobatic,False,INDIFFERENT,2:57,177,19dRCiF3ND4,2024-08-15T06:56:36Z,gh-1987
Friends,Solomun,Friends,False,INDIFFERENT,9:08,548,2omN8My-PGY,2024-08-15T06:47:28Z,gh-1987
Lay Back,"AG Swifty, Brad Brunner",Lay Back EP,False,INDIFFERENT,3:55,235,I_NKwXgm738,2024-08-15T06:43:33Z,gh-1987
Says,Nils Frahm,Spaces,,INDIFFERENT,8:18,498,luXZuPTJ3f8,2024-08-15T06:35:15Z,gh-1987
Nopalitos,Kid Francescoli,Nopalitos,False,INDIFFERENT,3:51,231,uzgyClB-jG0,2024-08-15T06:31:24Z,gh-1987
Risky Business,ZHU,Risky Business,False,INDIFFERENT,5:21,321,OAghi-HSuhs,2024-08-15T21:23:05Z,gh-1986
Home,Solomun,Nobody Is Not Loved,False,INDIFFERENT,3:42,222,kX1p57JL3Bs,2024-08-15T21:19:23Z,gh-1986
Take Your Place,Lucci Minati,The Ring EP,False,INDIFFERENT,6:32,392,LRjE8YZ40Oc,2024-08-15T21:12:51Z,gh-1986
Dark Planet,Boris Brejcha,Feuerfalter Part 01,False,INDIFFERENT,8:33,513,JTTPW6940j8,2024-08-15T21:04:18Z,gh-1986
Oblivion,Nora En Pure,Thermal / Oblivion,False,INDIFFERENT,3:50,230,QA_nhWbZBVI,2024-08-15T21:00:28Z,gh-1986
Invisible (Paul Kalkbrenner Remix),NTO,Invisible,False,INDIFFERENT,7:38,458,vGKDEPiYnuE,2024-08-15T20:52:50Z,gh-1986
Revolt,Theydream,Revolt,False,INDIFFERENT,4:45,285,SYkmPB5I4Mw,2024-08-15T20:48:05Z,gh-1986
The Center Will Not Hold,Solomun,Nobody Is Not Loved,False,INDIFFERENT,3:51,231,yGU41cEq9g0,2024-08-15T20:44:14Z,gh-1986
Soopertrack,Extrawelt,Soopertrack,False,INDIFFERENT,8:00,480,1SHW0QKox84,2024-08-15T20:36:14Z,gh-1986
Weightless,"Ben Böhmer, Panama",Weightless,False,INDIFFERENT,4:24,264,34dmUdzp7Uo,2024-08-15T20:31:50Z,gh-1986
Nordpol,Oliver Huntemann,Nordpol / Südpol,False,INDIFFERENT,6:41,401,TotW1cp78Dc,2024-08-15T20:25:09Z,gh-1986
Jolly Holiday (Sing Along Songs),"2.5M views, film017forever",,,INDIFFERENT,4:44,284,kw4gpy1BweM,2024-08-14T21:22:40Z,gh-1975
Wintergatan - Marble Machine (music instrument using 2000 marbles),"250M views, Wintergatan",,,INDIFFERENT,4:33,273,IvUU8joBb1Q,2024-08-14T21:18:07Z,gh-1975
FREEDOM,"20M views, Jon Batiste",,,INDIFFERENT,3:43,223,3YHVC1DcHmo,2024-08-14T21:14:24Z,gh-1975
Singin' in the Rain (Full Song/Dance - '52) - Gene Kelly - Musical Romantic Comedies - 1950s Movies,"13M views, Turner Classic Movies",,,INDIFFERENT,4:17,257,swloMVFALXw,2024-08-14T21:10:07Z,gh-1975
Sixteen Going on Seventeen from The Sound of Music (Official HD Video),"22M views, Rodgers & Hammerstein",,,INDIFFERENT,4:54,294,hwK_WOXjfc0,2024-08-14T21:05:13Z,gh-1975
"""The Lonely Goatherd"" - THE SOUND OF MUSIC (1965)","16M views, Rodgers & Hammerstein",,,LIKE,3:21,201,UmmOJx_Hxto,2024-08-14T21:01:52Z,gh-1975
Fall On My Knees,"318K views, Old Crow Medicine Show",,,INDIFFERENT,2:33,153,Xjb0buprxqY,2024-08-14T20:59:19Z,gh-1975
Get It 'Fore It’s Gone,Pokey LaFarge,In the Blossom of Their Shade,,INDIFFERENT,3:35,215,58ZzKCJsoBE,2024-08-14T20:55:44Z,gh-1975
Drinkin' Whiskey Tonight,Pokey LaFarge,Middle of Everywhere,,LIKE,2:53,173,GWqjF81M5h4,2024-08-14T20:52:51Z,gh-1975
Taj Mahal - Cakewalk Into Town 1973,"1016vortex, 366K views",,,INDIFFERENT,3:06,186,tAPqGZNtXTE,2024-08-14T20:49:45Z,gh-1975
Old Enough (feat. Ashley Monroe & Ricky Scaggs),The Raconteurs,Old Enough (feat. Ricky Skaggs and Ashley Monroe),False,INDIFFERENT,5:46,346,dk8Gr3Zouh8,2024-08-14T20:43:59Z,gh-1975
Queen Of The Rodeo,Orville Peck,Pony,False,INDIFFERENT,3:18,198,zrLZ4fzUP5k,2024-08-14T20:40:41Z,gh-1975
"""Have a Cigar"" (Pink Floyd)",The Main Squeeze,Squeeze House,False,INDIFFERENT,8:11,491,FdCkXQ6ciXg,2024-08-14T20:32:30Z,gh-1975
"Don't Think Twice, It's Alright",Bob Dylan,The Gaslight Tapes,,INDIFFERENT,3:10,190,PbW-r96r0Pc,2024-08-14T20:29:20Z,gh-1975
Columbus Stockade Blues,"Doc Watson, Richard Watson",Third Generation Blues,False,INDIFFERENT,3:32,212,rVAXyZCbFdI,2024-08-14T20:25:48Z,gh-1975
Not Gentle On My Mind,Chuck Darwin & the Knuckle Draggers,For Educational Purposes Only,True,LIKE,2:11,131,fwlkSDX-JT8,2024-08-14T20:23:37Z,gh-1975
Gold Rush,The Tony Rice Unit,Unit Of Measure,False,INDIFFERENT,3:03,183,eIQpNHuH7r0,2024-08-14T20:20:34Z,gh-1975
Fish and Whistle,John Prine,Bruised Orange,False,INDIFFERENT,3:15,195,QYxlxYSCvFg,2024-08-14T20:17:19Z,gh-1975
The Great Pretender,Old & In The Way,That High Lonesome Sound,True,LIKE,3:39,219,goE5qv5eh3M,2024-08-14T20:13:40Z,gh-1975
I'm My Own Grandpa,Willie Nelson,Rainbow Connection,False,INDIFFERENT,3:20,200,bkX7IW7jpMw,2024-08-14T20:10:20Z,gh-1975
You Were the Fool,Ween,12 Golden Country Greats,,INDIFFERENT,4:27,267,plKeLTrR8Cs,2024-08-14T20:05:53Z,gh-1975
Baltimore Johnny,The Del McCoury Band,The Cold Hard Facts,False,INDIFFERENT,3:32,212,RpmY0Kf7ukA,2024-08-14T20:02:21Z,gh-1975
Ginseng Sullivan,The Tony Rice Unit,Manzanita,,LIKE,3:11,191,1e_Jc2mo1xI,2024-08-14T19:59:10Z,gh-1975
Teddy Bears' Picnic,"David Grisman, Jerry Garcia",Not For Kids Only,False,INDIFFERENT,4:27,267,-9AUiLJnoDg,2024-08-14T19:54:43Z,gh-1975
Rockabye,"2.9B views, Clean Bandit",,,INDIFFERENT,4:14,254,papuvlVeZg8,2024-08-14T19:50:29Z,gh-1975
Say It Right Closed Captioned,"1B views, Nelly Furtado",,,INDIFFERENT,3:55,235,6JnGBs88sL0,2024-08-14T19:46:34Z,gh-1975
Shape of You,"6.3B views, Ed Sheeran",,,INDIFFERENT,4:24,264,JGwWNGJdvx8,2024-08-14T19:42:10Z,gh-1975
Swalla (feat. Nicki Minaj & Ty Dolla $ign),"1.7B views, Jason Derulo",,,INDIFFERENT,3:56,236,NGLxoKOvzu4,2024-08-14T19:38:14Z,gh-1975
"Alexander Rybak & Frikar Dance Company - ""Fairytale"" for the UN Security Council","3.4M views, Alexander Rybak",,,INDIFFERENT,3:05,185,rwWVJw4fuq4,2024-08-14T19:35:09Z,gh-1975
Levitating (feat. DaBaby),"896M views, Dua Lipa",,,INDIFFERENT,3:51,231,TUVcZfQe-Kw,2024-08-14T19:31:18Z,gh-1975
Naked in Manhattan,"2.9M views, Chappell Roan",,,INDIFFERENT,3:34,214,nXZuv1T8bfg,2024-08-14T19:27:44Z,gh-1975
Bad Romance,"1.8B views, Lady Gaga",,,INDIFFERENT,5:09,309,qrO4YZeyl0I,2024-08-14T19:22:35Z,gh-1975
Havana (Remix),"Camila Cabello, Daddy Yankee",Havana (Remix),False,INDIFFERENT,3:20,200,V3281DpqfMM,2024-08-14T19:19:15Z,gh-1975
Only Girl (In The World),"952M views, Rihanna",,,INDIFFERENT,4:12,252,pa14VNsdSYM,2024-08-14T19:15:03Z,gh-1975
Lean On (Rayler Remix) (feat. DJ Snake & MØ),"3.6B views, Major Lazer",,,INDIFFERENT,2:59,179,YqeW9_5kURI,2024-08-14T19:12:04Z,gh-1975
Dark Horse (feat. Juicy J),"3.7B views, Katy Perry",,,INDIFFERENT,3:45,225,0KSOMA3QBU0,2024-08-14T19:08:19Z,gh-1975
Can't Get You Out of My Head,"490M views, Kylie Minogue",,,INDIFFERENT,3:51,231,c18441Eh_WE,2024-08-14T19:04:28Z,gh-1975
A Thousand Miles,"404M views, Vanessa Carlton",,,INDIFFERENT,4:27,267,Cwkej79U3ek,2024-08-14T19:00:01Z,gh-1975
Rolling in the Deep (Official Music Video),"2.5B views, Adele",,,INDIFFERENT,3:54,234,rYEDA3JcQqw,2024-08-14T18:32:00Z,gh-1974
Unstoppable,"427M views, Sia",,,INDIFFERENT,3:47,227,YaEG2aWJnZ8,2024-08-14T18:28:13Z,gh-1974
All The Things She Said,"423M views, t.A.T.u.",,,INDIFFERENT,3:47,227,8mGBaXPlri8,2024-08-14T18:24:26Z,gh-1974
Somebody That I Used to Know (feat. Kimbra),"2.3B views, Gotye",,,INDIFFERENT,4:04,244,8UVNT4wvIGY,2024-08-14T18:20:22Z,gh-1974
Paper Planes Closed Captioned,"290M views, M.I.A.",,,INDIFFERENT,3:25,205,ewRjZoRtu0Y,2024-08-14T18:16:57Z,gh-1974
Counting Stars,"4B views, OneRepublic",,,INDIFFERENT,4:44,284,hT_nvWreIhg,2024-08-14T18:12:13Z,gh-1974
Complicated (Official Video),"704M views, Avril Lavigne",,,INDIFFERENT,4:14,254,5NPBIwQyPWE,2024-08-14T18:07:59Z,gh-1974
Feel Good Inc.,"868M views, Gorillaz",,,INDIFFERENT,4:14,254,HyHNuVaZJ-k,2024-08-14T18:03:45Z,gh-1974
Toxic (Official HD Video),"677M views, Britney Spears",,,INDIFFERENT,3:32,212,LOZuxwVk7TU,2024-08-14T18:00:13Z,gh-1974
Criminal (Official Video),"223M views, Britney Spears",,,INDIFFERENT,5:23,323,s6b33PTbGxk,2024-08-14T17:54:50Z,gh-1974
Knockin’ on Heaven’s Door,"74K views, Jesse Welles",,,INDIFFERENT,3:17,197,PqwgNW7snOk,2024-08-14T17:51:33Z,gh-1974
Angel from Montgomery (Live) (feat. Bonnie Raitt),John Prine,John Prine (Live),False,INDIFFERENT,4:17,257,gHe4cpI9_fk,2024-08-14T17:47:16Z,gh-1974
Pennsylvania - Brittany Ann Tranbaugh - live music video,"1.1K views, Brittany Ann Tranbaugh",,,INDIFFERENT,4:01,241,TGFqi3D4asQ,2024-08-14T17:43:15Z,gh-1974
Le Plongeur,loscil,Submers,,INDIFFERENT,7:10,430,_C6d4iKHyTE,2024-08-14T17:36:05Z,gh-1974
Resurgam,loscil,Submers,,INDIFFERENT,7:38,458,wjS22yhZCa0,2024-08-14T17:28:27Z,gh-1974
Diable Marin,loscil,Submers,,INDIFFERENT,4:16,256,pPLJBN4I74c,2024-08-14T17:24:11Z,gh-1974
Nautilus,loscil,Submers,,INDIFFERENT,7:02,422,mGUXr_ipn1s,2024-08-14T17:17:09Z,gh-1974
Gymnote,loscil,Submers,,INDIFFERENT,6:02,362,P95u2805SRs,2024-08-14T17:11:07Z,gh-1974
Argonaut I,loscil,Submers,,LIKE,7:13,433,u7PrucRBWac,2024-08-14T17:03:54Z,gh-1974
Brownies,Ivan the Tolerable,Linthorpe Crepuscule Volume 2,,INDIFFERENT,7:20,440,lCyuYZn5mtA,2024-08-14T16:56:34Z,gh-1974
Instrumental V,Ivan the Tolerable,Linthorpe Crepuscule Volume 2,,INDIFFERENT,2:00,120,4ize-9A018U,2024-08-14T16:54:34Z,gh-1974
At Sea,Ivan the Tolerable,Linthorpe Crepuscule Volume 2,,INDIFFERENT,5:48,348,o58AHP_cyxc,2024-08-14T16:48:46Z,gh-1974
Red & Brown,Ivan the Tolerable,Linthorpe Crepuscule Volume 2,,INDIFFERENT,1:52,112,ZdUUpINMJCU,2024-08-14T16:46:54Z,gh-1974
Empire II,Ivan the Tolerable,Linthorpe Crepuscule Volume 2,,INDIFFERENT,2:27,147,KgFLyL8CH7s,2024-08-14T16:44:27Z,gh-1974
Supermoon,Ivan the Tolerable,Linthorpe Crepuscule Volume 2,,INDIFFERENT,4:28,268,r8t1frNyJao,2024-08-14T16:39:59Z,gh-1974
Khufu's Horizon,Ivan the Tolerable,Linthorpe Crepuscule Volume 2,,INDIFFERENT,4:42,282,Ar82R0mxV8I,2024-08-14T16:35:17Z,gh-1974
No People,Ivan the Tolerable,Linthorpe Crepuscule Volume 2,,INDIFFERENT,4:49,289,moCQYo33A0c,2024-08-14T16:30:28Z,gh-1974
The Thin Night,Ivan the Tolerable,Linthorpe Crepuscule Volume 2,,INDIFFERENT,4:10,250,eYwmWhlG9us,2024-08-14T16:26:18Z,gh-1974
The Pattern,Ivan the Tolerable,Linthorpe Crepuscule Volume 2,,INDIFFERENT,3:57,237,QPYBloEZpwM,2024-08-14T16:22:21Z,gh-1974
Mean Old Me,Ivan the Tolerable,Linthorpe Crepuscule Volume 2,,LIKE,3:39,219,vqnsav14-tI,2024-08-14T16:18:42Z,gh-1974
Helios,Ivan the Tolerable,Linthorpe Crepuscule Volume 2,,INDIFFERENT,2:00,120,hzlqq7-SiDA,2024-08-14T16:16:42Z,gh-1974
Mute,loscil,Submers,,INDIFFERENT,7:33,453,brcJBLO836s,2024-08-14T16:09:09Z,gh-1974
Today,Ivan the Tolerable,Linthorpe Crepuscule Volume 1,,INDIFFERENT,1:34,94,Xhb2IS07cvs,2024-08-14T16:07:35Z,gh-1974
Another Mirror,Ivan the Tolerable,Linthorpe Crepuscule Volume 1,,INDIFFERENT,4:13,253,GgB2NYz3AjA,2024-08-14T16:03:22Z,gh-1974
Instrumental III,Ivan the Tolerable,Linthorpe Crepuscule Volume 1,,INDIFFERENT,3:33,213,WOJML3YjADk,2024-08-14T15:59:49Z,gh-1974
The Pangs,Ivan the Tolerable,Linthorpe Crepuscule Volume 1,,INDIFFERENT,4:13,253,6yuti8zrekI,2024-08-14T15:55:36Z,gh-1974
Mandale Fields Forever I,Ivan the Tolerable,Linthorpe Crepuscule Volume 1,,INDIFFERENT,2:14,134,foYzl4Ldya4,2024-08-14T15:53:22Z,gh-1974
White Bone Talking,Ivan the Tolerable,Linthorpe Crepuscule Volume 1,,INDIFFERENT,6:29,389,d5yBoPK_Rz8,2024-08-14T15:46:53Z,gh-1974
Easter Sunday I,Ivan the Tolerable,Linthorpe Crepuscule Volume 1,,INDIFFERENT,6:26,386,HjXgVRMgK1g,2024-08-14T15:40:27Z,gh-1974
King Of Time,Ivan the Tolerable,Linthorpe Crepuscule Volume 1,,INDIFFERENT,3:37,217,Q7iTXzqPY7U,2024-08-14T15:36:50Z,gh-1974
On Land,Ivan the Tolerable,Linthorpe Crepuscule Volume 1,,INDIFFERENT,5:40,340,0B5QL45bhSQ,2024-08-14T15:31:10Z,gh-1974
New Soap,Ivan the Tolerable,Linthorpe Crepuscule Volume 1,,INDIFFERENT,2:45,165,XBersWDzkII,2024-08-14T15:28:25Z,gh-1974
Hymn To Artemis,Ivan the Tolerable,Linthorpe Crepuscule Volume 1,,INDIFFERENT,2:46,166,r9WK5vzr1UM,2024-08-14T15:25:39Z,gh-1974
Unfinished Pyramid,Ivan the Tolerable,Linthorpe Crepuscule Volume 1,,INDIFFERENT,2:50,170,UhJLfzZ-b74,2024-08-14T15:22:49Z,gh-1974
Mrs. Robinson,Simon & Garfunkel,Fabulous 60s,False,INDIFFERENT,3:56,236,zJ_C0hk_pkE,2024-08-14T03:28:12Z,gh-1969
Strawberry Fields Forever (Remastered 2009),The Beatles,Magical Mystery Tour,False,INDIFFERENT,4:08,248,10LSq_J5ol4,2024-08-14T03:24:04Z,gh-1969
In Tall Buildings,John Hartford,Nobody Knows What You Do,False,INDIFFERENT,3:27,207,z7fhb-Y0jEc,2024-08-14T03:20:37Z,gh-1969
Heart Of The Country,"Linda McCartney, Paul McCartney",Ram,,LIKE,2:24,144,_hLKRHvAD2Y,2024-08-14T03:18:13Z,gh-1969
Teddy Bears' Picnic,"David Grisman, Jerry Garcia",Not For Kids Only,False,INDIFFERENT,4:27,267,-9AUiLJnoDg,2024-08-14T01:40:51Z,gh-1968
Not Gentle On My Mind,Chuck Darwin & the Knuckle Draggers,For Educational Purposes Only,True,LIKE,2:11,131,fwlkSDX-JT8,2024-08-14T01:38:40Z,gh-1968
Our Life's Work,Chuck Darwin & the Knuckle Draggers,Three Car Pileup,False,INDIFFERENT,2:43,163,vskBlq2dLAM,2024-08-14T01:35:57Z,gh-1968
Don't Get Around Much Anymore,Dr John,Duke Elegant,,INDIFFERENT,3:38,218,WSGgj088Skc,2024-08-14T01:32:19Z,gh-1968
"Try A Little Kindness (Live At The Royal Festival Hall, London/1977)",Glen Campbell,Live At The Royal Festival Hall,,LIKE,2:04,124,dnw4dd7tOV8,2024-08-14T01:30:15Z,gh-1968
Get No Better,Dillard/Hartford/Dillard,Glitter Grass From The Nashwood Hollyville Strings / Permanent Wave,,INDIFFERENT,3:31,211,oZlWXgO5CVQ,2024-08-14T01:26:44Z,gh-1968
Accentuate the Positive,Dr. John,In A Sentimental Mood,False,INDIFFERENT,3:53,233,k0I0NB2JLDU,2024-08-14T01:22:51Z,gh-1968
Two Hands,Townes Van Zandt,"High, Low And In Between",,LIKE,2:31,151,Ina0OMurm6Q,2024-08-14T01:20:20Z,gh-1968
"Dear Mr. Fantasy (Live at Civic Arena, Pittsburgh, PA, April 2, 1989)",Grateful Dead,"Download Series Vol. 9: Civic Arena, Pittsburgh, PA 4/2/89 & 4/3/89 (Live)",True,LIKE,5:09,309,OL2pCRFUqTM,2024-08-14T01:15:11Z,gh-1968
Alabama Jubilee (feat. Jamey Johnson),Norman Blake,Pilgrimage To Rising Fawn,,LIKE,3:10,190,3MgBropbWZ8,2024-08-14T01:12:01Z,gh-1968
If You Want Me to Stay,Sly & The Family Stone,Fresh,True,LIKE,3:01,181,jkzWSL-gEO4,2024-08-14T01:09:00Z,gh-1968
Born To Be Blue,The Delmore Brothers,Blues Stay Away From Me - The Best Of The Delmore Brothers,False,INDIFFERENT,2:55,175,onSk_85J6-Q,2024-08-14T01:06:05Z,gh-1968
Midnite Special,The Delmore Brothers,Blues Stay Away From Me - The Best Of The Delmore Brothers,False,INDIFFERENT,2:57,177,16F56kAgyR0,2024-08-14T01:03:08Z,gh-1968
Freight Train Boogie,The Delmore Brothers,Blues Stay Away From Me - The Best Of The Delmore Brothers,False,INDIFFERENT,2:45,165,YBy33bwK9C4,2024-08-14T01:00:23Z,gh-1968
Going Back To The Blue Ridge Mountains,The Delmore Brothers,Blues Stay Away From Me - The Best Of The Delmore Brothers,False,INDIFFERENT,2:50,170,7KE1FxGGXh8,2024-08-14T00:57:33Z,gh-1968
Blues Stay Away From Me,The Delmore Brothers,Blues Stay Away From Me - The Best Of The Delmore Brothers,False,INDIFFERENT,2:52,172,3sYlV87HU58,2024-08-14T00:54:41Z,gh-1968
The Weary Lonesome Blues,The Delmore Brothers,The Best of the Delmores,False,INDIFFERENT,2:43,163,kWhw3iQAbnY,2024-08-14T00:51:58Z,gh-1968
Till the Roses Bloom Again,The Delmore Brothers,The Best of the Delmores,False,INDIFFERENT,3:03,183,9x6bVmJbfkQ,2024-08-14T00:48:55Z,gh-1968
Take Me Back to the Range,The Delmore Brothers,The Best of the Delmores,False,INDIFFERENT,3:40,220,kHTkxd_qxtw,2024-08-14T00:45:15Z,gh-1968
See That Coon in a Hickory Tree,The Delmore Brothers,The Best of the Delmores,False,INDIFFERENT,2:37,157,CbBWPf4_ilI,2024-08-14T00:42:38Z,gh-1968
Rainin' on the Mountain,The Delmore Brothers,The Best of the Delmores,False,INDIFFERENT,2:39,159,y8vbVllVkt4,2024-08-14T00:39:59Z,gh-1968
The Nashville Blues,The Delmore Brothers,The Best of the Delmores,False,INDIFFERENT,2:26,146,gwetiPek2bs,2024-08-14T00:37:33Z,gh-1968
The Lover's Warning,The Delmore Brothers,The Best of the Delmores,False,INDIFFERENT,3:02,182,o65dcxQh9DI,2024-08-14T00:34:31Z,gh-1968
I've Got the Big River Blues,The Delmore Brothers,The Best of the Delmores,False,INDIFFERENT,3:03,183,c9RtMd9X1ZU,2024-08-14T00:31:28Z,gh-1968
I'm Going Away,The Delmore Brothers,The Best of the Delmores,False,INDIFFERENT,2:45,165,iIHvaffZ998,2024-08-14T00:28:43Z,gh-1968
Happy on the Mississippi Shore,The Delmore Brothers,The Best of the Delmores,False,INDIFFERENT,2:40,160,mWYE-t56kLI,2024-08-14T00:26:03Z,gh-1968
Gonna Lay Down My Old Guitar,The Delmore Brothers,The Best of the Delmores,False,INDIFFERENT,3:01,181,v7kTnm5hP5A,2024-08-14T00:23:02Z,gh-1968
The Fugitive's Lament,The Delmore Brothers,The Best of the Delmores,False,INDIFFERENT,2:45,165,YqaEI8I_aPw,2024-08-14T00:20:17Z,gh-1968
The Frozen Girl,The Delmore Brothers,The Best of the Delmores,False,INDIFFERENT,3:06,186,yp8ScC1eBOY,2024-08-14T00:17:11Z,gh-1968
False Hearted Girl,The Delmore Brothers,The Best of the Delmores,False,INDIFFERENT,2:53,173,S6G5_iwyF2c,2024-08-14T00:14:18Z,gh-1968
Don't You See That Train,The Delmore Brothers,The Best of the Delmores,False,INDIFFERENT,3:13,193,kDWkAy74QCA,2024-08-14T00:11:05Z,gh-1968
Don't Let My Ramblin' Bother Your Mind,The Delmore Brothers,The Best of the Delmores,False,INDIFFERENT,2:49,169,Cfb8_2IG0cE,2024-08-14T00:08:16Z,gh-1968
Brown's Ferry Blues,The Delmore Brothers,The Best of the Delmores,False,INDIFFERENT,2:45,165,9Bcp3uc28uA,2024-08-14T00:05:31Z,gh-1968
Blue Railroad Train,The Delmore Brothers,The Best of the Delmores,False,INDIFFERENT,3:00,180,5ig7_PPL5wY,2024-08-14T00:02:31Z,gh-1968
"Blow Yo' Whistle, Freight Train",The Delmore Brothers,The Best of the Delmores,False,INDIFFERENT,2:54,174,-OMnS0GPyfo,2024-08-13T23:59:37Z,gh-1968
Back to Birmingham,The Delmore Brothers,The Best of the Delmores,False,INDIFFERENT,2:41,161,ncHPSNAcAuQ,2024-08-13T23:56:56Z,gh-1968
I've Got The Railroad Blues,The Delmore Brothers,Greatest Hits,False,INDIFFERENT,2:12,132,ndxOfA5jb1w,2024-08-13T23:54:44Z,gh-1968
I Need The Prayers Of Those I Love,The Delmore Brothers,Greatest Hits,False,INDIFFERENT,2:31,151,vrHgvCHhMRc,2024-08-13T23:52:13Z,gh-1968
15 Miles From Birmingham,The Delmore Brothers,Greatest Hits,False,INDIFFERENT,2:49,169,ZllTtSeS3aw,2024-08-13T23:49:24Z,gh-1968
Down South,The Delmore Brothers,Greatest Hits,False,INDIFFERENT,2:08,128,osizHA4XQxE,2024-08-13T23:47:16Z,gh-1968
No One,The Delmore Brothers,Greatest Hits,False,INDIFFERENT,2:34,154,AL9gIOwZ_Ew,2024-08-13T23:44:42Z,gh-1968
Happy Hicky - The Hobo,The Delmore Brothers,Greatest Hits,False,INDIFFERENT,2:30,150,xMnLaw57uSY,2024-08-13T23:42:12Z,gh-1968
Blow Yo' Whistle Freight Train,The Delmore Brothers,Greatest Hits,False,INDIFFERENT,2:53,173,WlujVydrfb8,2024-08-13T23:39:19Z,gh-1968
I Ain't Got Nowhere To Travel,The Delmore Brothers,Greatest Hits,False,INDIFFERENT,3:08,188,N18QWR8j0os,2024-08-13T23:36:11Z,gh-1968
"Lorena, The Slave",The Delmore Brothers,Greatest Hits,False,INDIFFERENT,2:33,153,7CBPMgsnH3E,2024-08-13T21:26:15Z,gh-1967
Will You Be Lonesome Too?,The Delmore Brothers,Greatest Hits,False,INDIFFERENT,3:02,182,pcOo3Lj0UYc,2024-08-13T21:23:13Z,gh-1967
Lonesome Jailhouse Blues,The Delmore Brothers,Greatest Hits,False,INDIFFERENT,2:53,173,IeMzTpt9wR0,2024-08-13T21:20:20Z,gh-1967
Till The Roses Bloom Again,The Delmore Brothers,Greatest Hits,False,INDIFFERENT,3:03,183,GKf1q5Y4UN0,2024-08-13T21:17:17Z,gh-1967
The Dying Truckdriver,The Delmore Brothers,Greatest Hits,False,INDIFFERENT,3:11,191,L5g7zd8at2o,2024-08-13T21:14:06Z,gh-1967
The Nashville Blues,The Delmore Brothers,Greatest Hits,False,INDIFFERENT,2:25,145,63-G8unRChk,2024-08-13T21:11:41Z,gh-1967
Brown's Ferry Blues - Part 2,The Delmore Brothers,Greatest Hits,False,INDIFFERENT,2:29,149,lngWPLgQbG8,2024-08-13T21:09:12Z,gh-1967
Lonesome Yodel Blues,The Delmore Brothers,Greatest Hits,False,INDIFFERENT,2:38,158,uPZvuCZ-4Hw,2024-08-13T21:06:34Z,gh-1967
Wabash Blues,The Delmore Brothers,Greatest Hits,False,INDIFFERENT,2:37,157,WfAjtDGk2Mk,2024-08-13T21:03:57Z,gh-1967
Blue Railroad Train,The Delmore Brothers,Greatest Hits,False,INDIFFERENT,3:01,181,29_u0j6EYEw,2024-08-13T21:00:56Z,gh-1967
Baby Girl,The Delmore Brothers,Greatest Hits,False,INDIFFERENT,2:36,156,-Wqtd1yLT1s,2024-08-13T20:58:20Z,gh-1967
Make Room in the Lifeboat For Me,The Delmore Brothers,Greatest Hits,False,INDIFFERENT,3:01,181,wgx0Ms1OgLc,2024-08-13T20:55:19Z,gh-1967
God Put a Rainbow in the Clouds,The Delmore Brothers,Greatest Hits,False,INDIFFERENT,2:46,166,MHxazYH4Gj8,2024-08-13T20:52:33Z,gh-1967
Southern Moon,The Delmore Brothers,Greatest Hits,False,INDIFFERENT,2:24,144,D9BIZf9UPHA,2024-08-13T20:50:09Z,gh-1967
Heavenly Light Is Shining On Me,The Delmore Brothers,Greatest Hits,False,INDIFFERENT,3:01,181,xNf6kMmfrWs,2024-08-13T20:47:08Z,gh-1967
Don't You See That Train,The Delmore Brothers,Greatest Hits,False,INDIFFERENT,3:13,193,Z9vCj3EuJM0,2024-08-13T20:43:55Z,gh-1967
There's Trouble on My Mind Today,The Delmore Brothers,Greatest Hits,False,INDIFFERENT,2:26,146,D530Xl8QNWM,2024-08-13T20:41:29Z,gh-1967
The Budded Rose,The Delmore Brothers,Greatest Hits,False,INDIFFERENT,2:52,172,wNLqkjzywOA,2024-08-13T20:38:37Z,gh-1967
Brown's Ferry Blues,The Delmore Brothers,Greatest Hits,False,INDIFFERENT,2:45,165,Y7Nb0vs6AvA,2024-08-13T20:35:52Z,gh-1967
Gospel Cannonball,The Delmore Brothers,Greatest Hits,False,INDIFFERENT,2:28,148,Gmh8whVWG_w,2024-08-13T20:33:24Z,gh-1967
In the Blue Hills of Virginia,The Delmore Brothers,Greatest Hits,False,INDIFFERENT,2:54,174,sszf_tMWUMs,2024-08-13T20:30:30Z,gh-1967
False Hearted Girl,The Delmore Brothers,Greatest Hits,False,INDIFFERENT,2:51,171,AzFoTbOnb-A,2024-08-13T20:27:39Z,gh-1967
No Drunkard Can Enter There,The Delmore Brothers,Greatest Hits,False,INDIFFERENT,2:35,155,cuAh0UUtico,2024-08-13T20:25:04Z,gh-1967
The Girls Don't Worry My Mind,The Delmore Brothers,Greatest Hits,False,INDIFFERENT,3:11,191,WmWpPU50CvM,2024-08-13T20:21:53Z,gh-1967
Back to Birmingham,The Delmore Brothers,Greatest Hits,False,INDIFFERENT,2:41,161,gAtycmESuTM,2024-08-13T20:19:12Z,gh-1967
Don't Let My Ramblin' Bother Your Mind,The Delmore Brothers,Greatest Hits,False,INDIFFERENT,2:48,168,rh8EvEiEEcU,2024-08-13T20:16:24Z,gh-1967
Bury Me Out On The Prairie,The Delmore Brothers,Greatest Hits,False,INDIFFERENT,3:26,206,ebQ_JVpQDV8,2024-08-13T20:12:58Z,gh-1967
Carelese Love (Bring My Baby Back),The Delmore Brothers,Greatest Hits,False,INDIFFERENT,2:23,143,zkne4IWEpfE,2024-08-13T20:10:35Z,gh-1967
Old Mountain Dew,The Delmore Brothers,Greatest Hits,False,INDIFFERENT,2:35,155,zD4tOTCMdHg,2024-08-13T20:08:00Z,gh-1967
Honey I'm Ramblin' Away,The Delmore Brothers,Greatest Hits,False,INDIFFERENT,2:29,149,qrODVHAvGaY,2024-08-13T20:05:31Z,gh-1967
Lonesome Yodel Blues - No 2,The Delmore Brothers,Greatest Hits,False,INDIFFERENT,2:26,146,vy7T49AwM5Y,2024-08-13T20:03:05Z,gh-1967
See That Coon in a Hickory Tree,The Delmore Brothers,Greatest Hits,False,INDIFFERENT,2:37,157,utfH-H78U0Y,2024-08-13T20:00:28Z,gh-1967
AMBIENT TECHNO || mix 005 by Rob Jenkins,"42K views, ambient techno mixes",,,INDIFFERENT,1:38:56,5936,YohIb5JH6sU,2024-08-13T18:21:32Z,gh-1967
Into Moon - Distance,"27K views, Definition of Chill.",,,INDIFFERENT,3:32,212,N_Pc_0rptxs,2024-08-13T18:18:00Z,gh-1967
dwig - gentle memories,"360K views, Dwig",,,INDIFFERENT,7:47,467,x8oV3xx1k-g,2024-08-13T18:10:13Z,gh-1967
As Dreams Unfold,E-Mantra,E-Mantra - Under the Blue Moon,False,INDIFFERENT,6:31,391,xYRIdxNmKcU,2024-08-13T18:03:42Z,gh-1967
Pink & Blue (Instrumental),Tycho,Pink & Blue,False,INDIFFERENT,3:24,204,YbdkqQfQfiM,2024-08-13T18:00:18Z,gh-1967
Diopter (Hior Remix),Rosa Anschütz,Diopter (Hior Remix),False,INDIFFERENT,7:13,433,hwE9bpujQoY,2024-08-13T17:53:05Z,gh-1967
Virgo,Tomas Novoa,Virgo,False,INDIFFERENT,6:03,363,RbTBOEnwtgE,2024-08-13T17:47:02Z,gh-1967
AMBIENT TECHNO || mix 025 by Rob Jenkins,"151K views, ambient techno mixes",,,INDIFFERENT,1:41:28,6088,fvbrlPLNegE,2024-08-13T16:55:32Z,gh-1966
Right Place Wrong Time,Dr. John,In The Right Place,False,INDIFFERENT,2:56,176,zw-2CTx4YgY,2024-08-13T16:52:36Z,gh-1966
Can You Get To That,Funkadelic,Maggot Brain,True,LIKE,2:50,170,yl3fIXaAXow,2024-08-13T16:49:46Z,gh-1966
Ramble On (Remaster),Led Zeppelin,Led Zeppelin II (Deluxe Edition),False,INDIFFERENT,4:35,275,_h9MxNn8P7w,2024-08-13T16:45:11Z,gh-1966
Tired Of Being Alone,Al Green,Gets Next To You,True,LIKE,2:53,173,BEBHIV9L3uc,2024-08-13T16:42:18Z,gh-1966
If You Want Me to Stay,Sly & The Family Stone,Fresh,True,LIKE,3:01,181,jkzWSL-gEO4,2024-08-13T15:27:06Z,gh-1965
"A Hitch, A Scratch",Ivan the Tolerable,Vertigo,False,INDIFFERENT,5:51,351,ma7s5WxybKs,2024-08-13T09:25:44Z,gh-1963
Swimming,Ivan the Tolerable,Vertigo,False,INDIFFERENT,8:16,496,RUnQU6ju_W8,2024-08-13T09:17:28Z,gh-1963
The Pearl,Ivan the Tolerable,Vertigo,False,INDIFFERENT,6:24,384,Fy-kQPCgZ-c,2024-08-13T09:11:04Z,gh-1963
Liquid Voices,Ivan the Tolerable,Vertigo,False,INDIFFERENT,6:06,366,-kYPbCeBmJk,2024-08-13T09:04:58Z,gh-1963
Salon Muzik,Ivan the Tolerable,Vertigo,False,INDIFFERENT,6:54,414,9U5C0qAfjh8,2024-08-13T08:58:04Z,gh-1963
New Worlds On Earth,Ivan the Tolerable,Vertigo,False,INDIFFERENT,8:06,486,rzVI8YW3Yp0,2024-08-13T08:49:58Z,gh-1963
Ac-Cent-Tchu-Ate The Positive - Bing Crosby & The Andrews Sisters (Lyrics in Description),"1.6M views, singalong",,,INDIFFERENT,2:44,164,5Qk9o_ZeR7s,2024-08-13T03:48:51Z,gh-1961
"Stars/Rhinestone Cowboy (Medley/Live At The Royal Festival Hall, London/1977)",Glen Campbell,Live At The Royal Festival Hall,,LIKE,6:38,398,QyfK2txeIGQ,2024-08-13T03:42:13Z,gh-1961
"Streets Of London (Live At The Royal Festival Hall, London/1977)",Glen Campbell,Live At The Royal Festival Hall,,LIKE,3:13,193,vs_2yiQNtCI,2024-08-13T03:39:00Z,gh-1961
"Try A Little Kindness (Live At The Royal Festival Hall, London/1977)",Glen Campbell,Live At The Royal Festival Hall,,LIKE,2:04,124,dnw4dd7tOV8,2024-08-13T03:36:56Z,gh-1961
Country Boy Rock And Roll,Dillard/Hartford/Dillard,Glitter Grass From The Nashwood Hollyville Strings / Permanent Wave,,LIKE,2:02,122,9baxabyGcfQ,2024-08-13T03:34:54Z,gh-1961
If You Want Me to Stay,Sly & The Family Stone,Fresh,True,LIKE,3:01,181,jkzWSL-gEO4,2024-08-13T03:31:53Z,gh-1961
Alabama Jubilee (feat. Jamey Johnson),Norman Blake,Pilgrimage To Rising Fawn,,LIKE,3:10,190,3MgBropbWZ8,2024-08-13T03:27:50Z,gh-1960
I Can't Give Everything Away,David Bowie,Blackstar,,INDIFFERENT,5:48,348,mzOR9wZSrLY,2024-08-13T03:22:02Z,gh-1960
Dollar Days,David Bowie,Blackstar,,INDIFFERENT,4:45,285,_kpAIv6wUvU,2024-08-13T03:17:17Z,gh-1960
Girl Loves Me,David Bowie,Blackstar,,INDIFFERENT,4:52,292,LBnPDAsonq4,2024-08-13T03:12:25Z,gh-1960
Sue (Or In A Season Of Crime),David Bowie,Blackstar,,INDIFFERENT,4:41,281,xM1kN8MtC8s,2024-08-13T03:07:44Z,gh-1960
Lazarus,David Bowie,Blackstar,,INDIFFERENT,6:25,385,d6PUnsHmsGQ,2024-08-13T03:01:19Z,gh-1960
'Tis A Pity She Was A Whore,David Bowie,Blackstar,,INDIFFERENT,4:53,293,I15X9l-g1ZI,2024-08-13T02:56:26Z,gh-1960
★,David Bowie,Blackstar,,INDIFFERENT,9:58,598,bXJzjj9lOP8,2024-08-13T02:46:28Z,gh-1960
New York Is Killing Me,Gil Scott-Heron,I'm New Here,,INDIFFERENT,4:30,270,9aeMfm6O7iQ,2024-08-13T02:41:58Z,gh-1960
I Was Guided (Interlude),Gil Scott-Heron,I'm New Here,,INDIFFERENT,0:15,15,2m_Qm3fKBl8,2024-08-13T02:41:43Z,gh-1960
Where Did the Night Go,Gil Scott-Heron,I'm New Here,,INDIFFERENT,1:15,75,uYc2W65jEOg,2024-08-13T02:40:28Z,gh-1960
Being Blessed (Interlude),Gil Scott-Heron,I'm New Here,,INDIFFERENT,0:13,13,zBkoQf6FL78,2024-08-13T02:40:15Z,gh-1960
I'll Take Care of You,Gil Scott-Heron,I'm New Here,,INDIFFERENT,2:59,179,7Ug_18m_Fls,2024-08-13T02:37:16Z,gh-1960
Parents (Interlude),Gil Scott-Heron,I'm New Here,,INDIFFERENT,0:19,19,wwXTQj5IURA,2024-08-13T02:36:57Z,gh-1960
Your Soul and Mine,Gil Scott-Heron,I'm New Here,,INDIFFERENT,2:03,123,lvM7EfmthDA,2024-08-13T02:34:54Z,gh-1960
I'm New Here,Gil Scott-Heron,I'm New Here,,LIKE,3:34,214,dcfZcQQqneM,2024-08-13T02:31:20Z,gh-1960
Me and the Devil,Gil Scott-Heron,I'm New Here,,INDIFFERENT,3:34,214,ny7iqn-7r-c,2024-08-13T02:27:46Z,gh-1960
On Coming from a Broken Home (Pt. 1),Gil Scott-Heron,I'm New Here,,INDIFFERENT,2:21,141,qZn_xGCSJVA,2024-08-13T02:25:25Z,gh-1960
Texas Eagle,"Steve Earle, The Del McCoury Band",The Mountain,True,LIKE,3:29,209,65Fj-LeEaQk,2024-08-13T01:43:12Z,gh-1959
I Saw the Light,Charley Crockett,Lil G.L.'s Honky Tonk Jubilee,,LIKE,3:04,184,zys46Hwy2x8,2024-08-13T01:40:08Z,gh-1959
Two Hands,Townes Van Zandt,"High, Low And In Between",,LIKE,2:31,151,Ina0OMurm6Q,2024-08-13T01:37:37Z,gh-1959
"Liberty (Live in Atlanta, March 30, 1994)",Grateful Dead,So Many Roads (1965 - 1995),False,INDIFFERENT,6:00,360,7OuA4UXwCCY,2024-08-13T01:31:37Z,gh-1959
"Dear Mr. Fantasy (Live at Civic Arena, Pittsburgh, PA, April 2, 1989)",Grateful Dead,"Download Series Vol. 9: Civic Arena, Pittsburgh, PA 4/2/89 & 4/3/89 (Live)",True,LIKE,5:09,309,OL2pCRFUqTM,2024-08-13T01:26:28Z,gh-1959
Hey Jude (Remastered 2009),The Beatles,The Beatles 1967 - 1970,False,INDIFFERENT,7:12,432,bkApuQWCPdM,2024-08-13T01:19:16Z,gh-1959
Rhinestone Cowboy,Glen Campbell,The Legacy (1961-2017),False,INDIFFERENT,3:16,196,6P7Sx2L0fVU,2024-08-13T01:16:00Z,gh-1959
If You Want Me to Stay,Sly & The Family Stone,Fresh,True,LIKE,3:01,181,jkzWSL-gEO4,2024-08-13T01:12:59Z,gh-1959
Teddy Bears' Picnic,"David Grisman, Jerry Garcia",Not For Kids Only,False,INDIFFERENT,4:27,267,-9AUiLJnoDg,2024-08-13T01:08:32Z,gh-1959
Accentuate the Positive,Dr. John,In A Sentimental Mood,False,INDIFFERENT,3:53,233,k0I0NB2JLDU,2024-08-13T01:04:39Z,gh-1959
Love Me Tonight,Tom Jones,The Best Of ... Tom Jones,False,INDIFFERENT,3:11,191,OLX-XZvz9iI,2024-08-13T01:01:28Z,gh-1959
Alabama Jubilee (feat. Jamey Johnson),Norman Blake,Pilgrimage To Rising Fawn,,LIKE,3:10,190,3MgBropbWZ8,2024-08-13T00:58:18Z,gh-1959
"Try A Little Kindness (Live At The Royal Festival Hall, London/1977)",Glen Campbell,Live At The Royal Festival Hall,,LIKE,2:04,124,dnw4dd7tOV8,2024-08-13T00:56:14Z,gh-1959
Sweet Caroline,Neil Diamond,Sweet Caroline,False,INDIFFERENT,3:24,204,GmK5_lnQUbE,2024-08-13T00:52:50Z,gh-1959
Shake Sugaree,Elizabeth Cotten and Brenda Evans,Shake Sugaree,True,LIKE,5:03,303,AcqRex6vs-Y,2024-08-13T00:47:47Z,gh-1959
Amarillo Highway (for Dave Hickey),Terry Allen,Lubbock (on everything),True,LIKE,4:01,241,j0yS6Jc-vw0,2024-08-13T00:43:46Z,gh-1959
Not Gentle On My Mind,Chuck Darwin & the Knuckle Draggers,For Educational Purposes Only,True,LIKE,2:11,131,fwlkSDX-JT8,2024-08-13T00:41:35Z,gh-1959
Tired of Fighting,Menahan Street Band,Make the Road By Walking,False,INDIFFERENT,3:32,212,F-OeFm6y384,2024-08-13T00:38:03Z,gh-1959
Time Is the Enemy,Quantic,Life in the Rain,False,INDIFFERENT,3:44,224,4W9iWpxLpOA,2024-08-13T00:34:19Z,gh-1959
Me and the Devil,Gil Scott-Heron,I'm New Here,,INDIFFERENT,3:34,214,ny7iqn-7r-c,2024-08-13T00:30:45Z,gh-1959
Mercy Mercy Me (The Ecology),Marvin Gaye,What's Going On,False,INDIFFERENT,3:14,194,_f5xq6vCQS8,2024-08-13T00:27:31Z,gh-1959
Right Place Wrong Time,Dr. John,The Atco Albums Collection,True,LIKE,2:56,176,grzL8THFlUs,2024-08-13T00:24:35Z,gh-1959
Home Is Where the Hatred Is,Gil Scott-Heron,Pieces of a Man,False,INDIFFERENT,3:22,202,DuaugaX8N2U,2024-08-13T00:21:13Z,gh-1959
Georgia On My Mind (feat. Jamey Johnson),Norman Blake,Pilgrimage To Rising Fawn,,LIKE,7:07,427,p6IeEKFOFU4,2024-08-13T00:14:06Z,gh-1959
Howard Hughes Blues (feat. Jamie Hartford),Norman Blake,Pilgrimage To Rising Fawn,,INDIFFERENT,2:58,178,XkUxyIARFaY,2024-08-13T00:11:08Z,gh-1959
Life's Railway to Heaven (feat. Carlene Carter & John Carter Cash),Norman Blake,Pilgrimage To Rising Fawn,,INDIFFERENT,4:29,269,Z8mvzE95QOM,2024-08-13T00:06:39Z,gh-1959
Give My Love To Rose (feat. Joseph Cash),Norman Blake,Pilgrimage To Rising Fawn,,INDIFFERENT,3:44,224,thCsVwq79X0,2024-08-13T00:02:55Z,gh-1959
Uncle Noah's Ark,Norman Blake,Pilgrimage To Rising Fawn,,LIKE,2:23,143,oOx7juM6LmI,2024-08-13T00:00:32Z,gh-1959
Shady Grove (feat. Jamey Johnson),Norman Blake,Pilgrimage To Rising Fawn,,INDIFFERENT,3:41,221,sOCNq2k4c-4,2024-08-12T23:56:51Z,gh-1959
Hi-Eenktum Daddy-O (feat. Ana Cristina Cash & John Carter Cash),Norman Blake,Pilgrimage To Rising Fawn,,INDIFFERENT,2:31,151,s0naUzHsFlw,2024-08-12T23:54:20Z,gh-1959
"Cowboy's Rules / Boston Boy (feat. Nancy Blake, Dennis Crouch & and Matt Combs)",Norman Blake,Pilgrimage To Rising Fawn,,INDIFFERENT,1:01,61,R9365ZLx014,2024-08-12T23:53:19Z,gh-1959
Mystery of Life (feat. Jamie Hartford),Norman Blake,Pilgrimage To Rising Fawn,,INDIFFERENT,3:19,199,-bTY2Nd8YLU,2024-08-12T23:50:00Z,gh-1959
Yakety Yak,Dillard/Hartford/Dillard,Glitter Grass From The Nashwood Hollyville Strings / Permanent Wave,,INDIFFERENT,2:39,159,03yGH3Quz7w,2024-08-12T22:56:02Z,gh-1958
The Same Thing,Dillard/Hartford/Dillard,Glitter Grass From The Nashwood Hollyville Strings / Permanent Wave,,INDIFFERENT,3:39,219,jR6qo1Gb7h8,2024-08-12T22:52:23Z,gh-1958
Blue Morning,Dillard/Hartford/Dillard,Glitter Grass From The Nashwood Hollyville Strings / Permanent Wave,,INDIFFERENT,2:51,171,cGtp3dCVEco,2024-08-12T22:49:32Z,gh-1958
That'll Be The Day,Dillard/Hartford/Dillard,Glitter Grass From The Nashwood Hollyville Strings / Permanent Wave,,INDIFFERENT,2:22,142,Tux5SnxljGg,2024-08-12T22:47:10Z,gh-1958
Break It To Me Gently,Dillard/Hartford/Dillard,Glitter Grass From The Nashwood Hollyville Strings / Permanent Wave,,INDIFFERENT,3:16,196,MDR8_OggTno,2024-08-12T22:43:54Z,gh-1958
Get No Better,Dillard/Hartford/Dillard,Glitter Grass From The Nashwood Hollyville Strings / Permanent Wave,,INDIFFERENT,3:31,211,oZlWXgO5CVQ,2024-08-12T22:40:23Z,gh-1958
Artificial Limitations,Dillard/Hartford/Dillard,Glitter Grass From The Nashwood Hollyville Strings / Permanent Wave,,INDIFFERENT,2:31,151,ynL62KfZcc0,2024-08-12T22:37:52Z,gh-1958
California Is Nicer Than You,Dillard/Hartford/Dillard,Glitter Grass From The Nashwood Hollyville Strings / Permanent Wave,,INDIFFERENT,3:28,208,A_TKHhLKILY,2024-08-12T22:34:24Z,gh-1958
High Dad In The Morning,Dillard/Hartford/Dillard,Glitter Grass From The Nashwood Hollyville Strings / Permanent Wave,,INDIFFERENT,2:49,169,dMLk8GKqdTg,2024-08-12T22:31:35Z,gh-1958
Lost In A World,Dillard/Hartford/Dillard,Glitter Grass From The Nashwood Hollyville Strings / Permanent Wave,,INDIFFERENT,3:09,189,Er-R7XuZpAM,2024-08-12T22:28:26Z,gh-1958
Biggest Whatever,Dillard/Hartford/Dillard,Glitter Grass From The Nashwood Hollyville Strings / Permanent Wave,,INDIFFERENT,3:20,200,-NqdLO6Gv04,2024-08-12T22:25:06Z,gh-1958
No End Love,Dillard/Hartford/Dillard,Glitter Grass From The Nashwood Hollyville Strings / Permanent Wave,,INDIFFERENT,4:13,253,xsohGEjDYZw,2024-08-12T22:20:53Z,gh-1958
Bear Creek Hop,Dillard/Hartford/Dillard,Glitter Grass From The Nashwood Hollyville Strings / Permanent Wave,,INDIFFERENT,1:58,118,F_XeXogoIro,2024-08-12T22:18:55Z,gh-1958
Don't Lead Me On,Dillard/Hartford/Dillard,Glitter Grass From The Nashwood Hollyville Strings / Permanent Wave,,INDIFFERENT,2:51,171,kLqJKSYcuu0,2024-08-12T22:16:04Z,gh-1958
Two Hits And The Joint Turned Brown,Dillard/Hartford/Dillard,Glitter Grass From The Nashwood Hollyville Strings / Permanent Wave,,INDIFFERENT,3:16,196,x4WaTnYp5n0,2024-08-12T22:12:48Z,gh-1958
Cross The Borderline,Dillard/Hartford/Dillard,Glitter Grass From The Nashwood Hollyville Strings / Permanent Wave,,INDIFFERENT,2:22,142,Rg6H3sIloN4,2024-08-12T22:10:26Z,gh-1958
Don't Come Rollin',Dillard/Hartford/Dillard,Glitter Grass From The Nashwood Hollyville Strings / Permanent Wave,,INDIFFERENT,2:19,139,25bd7E22bQA,2024-08-12T22:08:07Z,gh-1958
In The Wee Small Hours Of The Morning,"Ben Webster, Oscar Peterson",Ben Webster Meets Oscar Peterson,False,INDIFFERENT,3:11,191,dxkmkLbBRz4,2024-08-12T21:26:10Z,gh-1957
Shine It,Medeski Martin & Wood,End Of The World Party (Just In Case),True,LIKE,5:00,300,qbs1O-IUBv8,2024-08-12T21:21:10Z,gh-1957
Accentuate the Positive,Dr. John,In A Sentimental Mood,False,INDIFFERENT,3:53,233,k0I0NB2JLDU,2024-08-12T21:17:17Z,gh-1957
The Flaming Sword,Dr John,Duke Elegant,,INDIFFERENT,5:48,348,DhCf8GSVsfM,2024-08-12T21:11:29Z,gh-1957
Caravan,Dr John,Duke Elegant,,INDIFFERENT,6:25,385,X64FeONxNSo,2024-08-12T21:05:04Z,gh-1957
Things Ain't What They Used to Be,Dr John,Duke Elegant,,INDIFFERENT,6:26,386,GPeZbYLW3A4,2024-08-12T20:58:38Z,gh-1957
Do Nothing 'Til You Hear from Me,Dr John,Duke Elegant,,INDIFFERENT,5:31,331,n9q5ujX9GNg,2024-08-12T20:53:07Z,gh-1957
Mood Indigo,Dr. John,Duke Elegant,,INDIFFERENT,6:55,415,AFRIXlbjJTc,2024-08-12T20:46:12Z,gh-1957
Satin Doll,Dr John,Duke Elegant,,INDIFFERENT,4:47,287,l3zf3eF72NM,2024-08-12T20:41:25Z,gh-1957
Solitude,Dr John,Duke Elegant,,INDIFFERENT,5:06,306,oddqZZJauaA,2024-08-12T20:36:19Z,gh-1957
Don't Get Around Much Anymore,Dr John,Duke Elegant,,INDIFFERENT,3:38,218,WSGgj088Skc,2024-08-12T20:32:41Z,gh-1957
Perdido,Dr John,Duke Elegant,,INDIFFERENT,5:50,350,Eda9B5_bJS8,2024-08-12T20:26:51Z,gh-1957
It Don't Mean a Thing (If It Ain't Got That Swing),Dr John,Duke Elegant,,INDIFFERENT,5:32,332,Z8EgpflPXr0,2024-08-12T20:21:19Z,gh-1957
I'm Gonna Go Fishin,Dr John,Duke Elegant,,INDIFFERENT,5:05,305,NhxdSLNbzXU,2024-08-12T20:16:14Z,gh-1957
On the Wrong Side of the Railroad Tracks,Dr John,Duke Elegant,,INDIFFERENT,5:43,343,0WpZm9d039c,2024-08-12T20:10:31Z,gh-1957
Kingdom of Izzness,Dr. John,Locked Down,False,INDIFFERENT,3:37,217,doysg_6yEfo,2024-08-12T20:06:54Z,gh-1957
There Ain't No Bugs On Me,"David Grisman, Jerry Garcia",Not For Kids Only,False,INDIFFERENT,4:51,291,fb-PvR0h7jY,2024-08-12T20:02:03Z,gh-1957
SCRAM! (Live),Acritarch,Live at the Glass House,False,INDIFFERENT,2:46,166,KpEhVuG20f0,2024-08-12T19:59:17Z,gh-1957
Harvest Moon (feat. AJ Lee & Blue Summit),The Brothers Comatose,Harvest Moon,False,INDIFFERENT,4:42,282,4yRxiQ7AxKw,2024-08-12T19:54:35Z,gh-1957
Poor Man's Blues,Cabinet,This Is Cabinet: Set 2,,LIKE,3:12,192,6eWhynIw-Iw,2024-08-12T19:51:23Z,gh-1957
White Room,Cream,Wheels Of Fire,False,INDIFFERENT,4:59,299,V5BF1V1pbTs,2024-08-12T18:33:06Z,gh-1956
From a Buick 6,Bob Dylan,Highway 61 Revisited,False,INDIFFERENT,3:16,196,op7jAuZ4QXw,2024-08-12T18:29:50Z,gh-1956
The Calvary Cross,Richard & Linda Thompson,I Want To See The Bright Lights Tonight,False,INDIFFERENT,3:54,234,HoCkonFcwew,2024-08-12T18:25:56Z,gh-1956
"Hang Me, Oh Hang Me",Dave Van Ronk,Folksinger,,INDIFFERENT,3:11,191,T_Cqy3uxRXc,2024-08-12T18:22:45Z,gh-1956
High Dad In The Morning,Dillard/Hartford/Dillard,Glitter Grass From The Nashwood Hollyville Strings / Permanent Wave,False,INDIFFERENT,2:49,169,dMLk8GKqdTg,2024-08-12T18:19:56Z,gh-1956
Country Boy Rock And Roll,Dillard/Hartford/Dillard,Glitter Grass From The Nashwood Hollyville Strings / Permanent Wave,True,LIKE,2:02,122,9baxabyGcfQ,2024-08-12T18:17:54Z,gh-1956
Emotions,Don Reno & Red Smiley,Together Again,False,INDIFFERENT,3:23,203,VzpfPnnyyco,2024-08-12T18:14:31Z,gh-1956
Get No Better,Dillard/Hartford/Dillard,Glitter Grass From The Nashwood Hollyville Strings / Permanent Wave,False,INDIFFERENT,3:31,211,oZlWXgO5CVQ,2024-08-12T18:11:00Z,gh-1956
Joseph's Dream,John Hartford,Nobody Knows What You Do,False,INDIFFERENT,4:25,265,7hTvyV7Qc-g,2024-08-12T18:06:35Z,gh-1956
Shake Sugaree,Elizabeth Cotten and Brenda Evans,Shake Sugaree,True,LIKE,5:03,303,AcqRex6vs-Y,2024-08-12T18:01:32Z,gh-1956
Brand New Key,Melanie,Gather Me,,INDIFFERENT,2:28,148,-mXlW9LytYo,2024-08-12T17:59:04Z,gh-1956
Amarillo Highway (for Dave Hickey),Terry Allen,Lubbock (on everything),True,LIKE,4:01,241,j0yS6Jc-vw0,2024-08-12T17:55:03Z,gh-1956
Two Hands,Townes Van Zandt,"High, Low And In Between",,LIKE,2:31,151,Ina0OMurm6Q,2024-08-12T17:52:32Z,gh-1956
End Of The Line,The Traveling Wilburys,"The Traveling Wilburys, Vol. 1",False,INDIFFERENT,3:30,210,stxftCSiVBc,2024-08-09T18:32:48Z,gh-1932
9 to 5,Dolly Parton,Dolly,False,INDIFFERENT,2:46,166,8-ekW4Y2Fxw,2024-08-09T18:30:02Z,gh-1932
Me Lovin' You,Deerfield,Wayfaring Strangers: Cosmic American Music,True,LIKE,2:40,160,pltJfZ4Q6HQ,2024-08-09T18:27:22Z,gh-1932
One More Saturday Night,The Persuasions and Friends,Persuasions of the Dead,,LIKE,6:14,374,c1rtTt_lUU8,2024-08-09T18:21:08Z,gh-1932
dead to you,Heart Reaper,dead to you,,INDIFFERENT,3:14,194,02yjztHOxeY,2024-08-09T18:17:54Z,gh-1932
Capricorn,Vampire Weekend,Capricorn / Gen-X Cops,False,INDIFFERENT,4:10,250,_H6Kq24CHUU,2024-08-09T18:13:44Z,gh-1932
I Think I See The Light,Cat Stevens,Mona Bone Jakon (Super Deluxe),False,INDIFFERENT,3:53,233,WL9Q9bLDgDg,2024-08-09T18:09:51Z,gh-1932
Morning Has Broken,Cat Stevens,Teaser And The Firecat,False,INDIFFERENT,3:20,200,qARB7XPfYjo,2024-08-09T18:06:31Z,gh-1932
Biding My Time,Pink Floyd,Relics,False,INDIFFERENT,5:19,319,gvCNJdUExts,2024-08-09T18:01:12Z,gh-1932
How Blue Can You Get,Louisiana Gator Boys,Blues Brothers 2000,True,LIKE,5:31,331,5l-xLSDU9b8,2024-08-09T17:55:41Z,gh-1932
Clint Eastwood,Gorillaz,Gorillaz,True,LIKE,5:41,341,Qzb2VcBuA3U,2024-08-09T17:50:00Z,gh-1932
Dear Girl,Marley Hale,Dear Girl,False,INDIFFERENT,3:33,213,OT2jWJNs22g,2024-08-09T17:46:27Z,gh-1932
Back Pocket,Vulfpeck,Thrill of the Arts,,INDIFFERENT,3:02,182,r2yhskAS040,2024-08-09T17:43:25Z,gh-1932
Welcome to Vulf Records,Vulfpeck,Thrill of the Arts,,LIKE,2:44,164,3SeLdQS2ZNo,2024-08-09T17:40:41Z,gh-1932
Veggie Dance,Gracie's Corner,Veggie Dance,False,INDIFFERENT,1:57,117,Mnxaygu8ywk,2024-08-09T17:38:44Z,gh-1932
Under African Skies,Paul Simon,Graceland (25th Anniversary Deluxe Edition),False,INDIFFERENT,3:38,218,g4mIAXj0CLM,2024-08-09T17:35:06Z,gh-1932
You Can Call Me Al,Paul Simon,Graceland (25th Anniversary Deluxe Edition),False,INDIFFERENT,4:40,280,OMbfT3Wppjo,2024-08-09T15:26:19Z,gh-1931
Diamonds on the Soles of Her Shoes,Paul Simon,Graceland (25th Anniversary Deluxe Edition),False,INDIFFERENT,5:50,350,FAb2Mu0CRk4,2024-08-09T15:20:29Z,gh-1931
Gumboots,Paul Simon,Graceland (25th Anniversary Deluxe Edition),False,INDIFFERENT,2:45,165,eToxrpSQ3Co,2024-08-09T15:17:44Z,gh-1931
Walk of Life,Dire Straits,Brothers in Arms,False,INDIFFERENT,4:13,253,hylE_GwLFCM,2024-08-09T15:13:31Z,gh-1931
Touch of Grey,Grateful Dead,In the Dark,False,INDIFFERENT,5:51,351,Ht_BfhweF4I,2024-08-09T15:07:40Z,gh-1931
Bennie And The Jets,Elton John,Goodbye Yellow Brick Road,,INDIFFERENT,5:23,323,ZBUW433Porw,2024-08-09T15:02:17Z,gh-1931
September,"Earth, Wind & Fire","The Best Of Earth, Wind & Fire Vol. 1",False,INDIFFERENT,3:36,216,3cKtSlsYVEU,2024-08-09T14:58:41Z,gh-1931
Goodbye Stranger (2010 Remastered),Supertramp,Breakfast In America,False,INDIFFERENT,5:51,351,u8pVZ5hTGJQ,2024-08-09T14:52:50Z,gh-1931
Gypsy,Fleetwood Mac,50 Years - Don't Stop,False,INDIFFERENT,4:24,264,GO0CdWnyLZw,2024-08-09T14:48:26Z,gh-1931
This Must Be the Place (Naive Melody) [2005 Remaster],Talking Heads,Speaking in Tongues (Deluxe Version),False,INDIFFERENT,4:57,297,fsccjsW8bSY,2024-08-09T14:43:29Z,gh-1931
Rich Girl,Daryl Hall & John Oates,Bigger Than Both Of Us,False,INDIFFERENT,2:23,143,IL_LiGCV82g,2024-08-09T14:41:06Z,gh-1931
You Make My Dreams (Come True),Daryl Hall & John Oates,The Very Best of Daryl Hall / John Oates,False,INDIFFERENT,3:08,188,kY27wmTZwyg,2024-08-09T14:37:58Z,gh-1931
Strawberry Fields Forever (Stereo Mix 2015),The Beatles,Sgt. Pepper's Lonely Hearts Club Band (Super Deluxe Edition),False,INDIFFERENT,4:10,250,wwrTkhD_zm8,2024-08-09T01:41:36Z,gh-1926
Qualified,Dr. John,In The Right Place,False,INDIFFERENT,4:51,291,ebnKMMqKMMc,2024-08-09T01:36:45Z,gh-1926
Three Men Went A-hunting,"David Grisman, Jerry Garcia",Not For Kids Only,False,INDIFFERENT,3:16,196,_rbF-egRBqc,2024-08-09T01:33:29Z,gh-1926
Heart of Gold (Live),Neil Young,Harvest (50th Anniversary Edition),False,INDIFFERENT,3:33,213,9wEUatM7bB0,2024-08-09T01:29:56Z,gh-1926
Traveling Mood,Dr. John,In The Right Place,False,INDIFFERENT,2:52,172,ZBm_EW2qqAk,2024-08-09T01:27:04Z,gh-1926
Russian Lullaby,"David Grisman, Jerry Garcia",Jerry Garcia & David Grisman,True,LIKE,4:13,253,y1IDGZoFUpQ,2024-08-09T01:22:51Z,gh-1926
All You Need Is Love (Remastered 2009),The Beatles,Magical Mystery Tour,False,INDIFFERENT,3:51,231,1A8sOOKianA,2024-08-09T01:19:00Z,gh-1926
Have You Ever Seen The Rain,Creedence Clearwater Revival,Pendulum,False,INDIFFERENT,2:41,161,wJZf99CX9e8,2024-08-09T01:16:19Z,gh-1926
The Miller's Will,"David Grisman, Jerry Garcia",Not For Kids Only,False,INDIFFERENT,3:11,191,XmBk1ZRUWXs,2024-08-09T01:13:08Z,gh-1926
Get Back (Remastered 2009),The Beatles,Let It Be,False,INDIFFERENT,3:10,190,IKJqecxswCA,2024-08-09T01:09:58Z,gh-1926
"Mrs. Robinson (From ""The Graduate"" Soundtrack)",Simon & Garfunkel,Bookends,False,INDIFFERENT,4:05,245,_C2vqI9FVwg,2024-08-09T01:05:53Z,gh-1926
Shoo Fly Marches On,Dr. John,In The Right Place,False,INDIFFERENT,3:18,198,xARxgZKQ0IE,2024-08-09T01:02:35Z,gh-1926
Coffee Pot Blues,Pokey LaFarge,Middle of Everywhere,,INDIFFERENT,4:02,242,VCUoZR7xVXE,2024-08-09T00:58:33Z,gh-1926
Wild World,Cat Stevens,Pop Blockbusters 8,False,INDIFFERENT,3:21,201,MhLhFaIBvpY,2024-08-09T00:55:12Z,gh-1926
Such a Night,Dr. John,In The Right Place,False,INDIFFERENT,2:58,178,fj9lG30WzcA,2024-08-09T00:52:14Z,gh-1926
The Sounds Of Silence,Simon & Garfunkel,Everlasting Original Oldies Collection,False,INDIFFERENT,3:07,187,xTbT4kWPccU,2024-08-09T00:49:07Z,gh-1926
The Glory of Love,Bette Midler,Beaches (Original Soundtrack Recording),False,INDIFFERENT,3:16,196,WrbkAe_0QSg,2024-08-09T00:45:51Z,gh-1926
Teddy Bears' Picnic,"David Grisman, Jerry Garcia",Not For Kids Only,False,INDIFFERENT,4:27,267,-9AUiLJnoDg,2024-08-09T00:41:24Z,gh-1926
There Ain't No Bugs On Me,"David Grisman, Jerry Garcia",Not For Kids Only,False,INDIFFERENT,4:51,291,fb-PvR0h7jY,2024-08-09T00:36:33Z,gh-1926
Singing My Troubles Away,Delmore Brothers,Hillbilly Boogie Best,True,LIKE,2:32,152,vh6Dkwiish8,2024-08-09T00:34:01Z,gh-1926
Be Kind to a Man While He's Down,Foghorn Stringband,Outshine the Sun,,INDIFFERENT,2:48,168,OTMXwCu11vs,2024-08-09T00:31:13Z,gh-1926
Accentuate the Positive,Dr. John,In A Sentimental Mood,False,INDIFFERENT,3:53,233,k0I0NB2JLDU,2024-08-09T00:27:20Z,gh-1926
Hey Jude (Remastered 2009),The Beatles,The Beatles 1967 - 1970,False,INDIFFERENT,7:12,432,bkApuQWCPdM,2024-08-09T00:20:08Z,gh-1926
Don't Get Around Much Anymore,Dr John,Duke Elegant,False,INDIFFERENT,3:38,218,WSGgj088Skc,2024-08-09T00:16:30Z,gh-1926
Be My Baby,The Ronettes,Presenting the Fabulous Ronettes Featuring Veronica,False,INDIFFERENT,2:41,161,QBDem6bffyo,2024-08-09T00:13:49Z,gh-1926
"Try A Little Kindness (Live At The Royal Festival Hall, London/1977)",Glen Campbell,Live At The Royal Festival Hall,,LIKE,2:04,124,dnw4dd7tOV8,2024-08-09T00:11:45Z,gh-1926
Let's Make a Better World,Dr. John,Desitively Bonnaroo,,LIKE,2:57,177,Q66BpmD3ugY,2024-08-09T00:08:48Z,gh-1926
Sweet Caroline,Neil Diamond,Sweet Caroline,False,INDIFFERENT,3:24,204,GmK5_lnQUbE,2024-08-09T00:05:24Z,gh-1926
Kingdom of Izzness,Dr. John,Locked Down,False,INDIFFERENT,3:37,217,doysg_6yEfo,2024-08-09T00:01:47Z,gh-1926
Apeman (2020 Stereo Remaster),The Kinks,"Lola Versus Powerman and the Moneygoround, Pt. 1",False,INDIFFERENT,3:54,234,3eoeA_8hC4c,2024-08-08T23:57:53Z,gh-1926
Our Life's Work,Chuck Darwin & the Knuckle Draggers,Three Car Pileup,False,INDIFFERENT,2:43,163,vskBlq2dLAM,2024-08-08T23:55:10Z,gh-1926
Jenny Jenkins,"David Grisman, Jerry Garcia",Not For Kids Only,False,INDIFFERENT,4:23,263,ltEPUNHVYxg,2024-08-08T23:50:47Z,gh-1926
Not Gentle On My Mind,Chuck Darwin & the Knuckle Draggers,For Educational Purposes Only,True,LIKE,2:11,131,fwlkSDX-JT8,2024-08-08T23:48:36Z,gh-1926
Dream Lover,Bobby Darin,Love Songs Of The 50's,False,INDIFFERENT,2:32,152,xzKoghJD9mM,2024-08-08T23:46:04Z,gh-1926
Rank Strangers,The Stanley Brothers,"Stanley Brothers Best, Vol. 4",False,INDIFFERENT,3:08,188,SwP-YgSTNS0,2024-08-08T23:42:56Z,gh-1926
Whiskey Deaf And Whiskey Blind,Norman Blake,"Far Away, Down On A Georgia Farm",False,INDIFFERENT,3:45,225,d34yUwvRluc,2024-08-08T23:39:11Z,gh-1926
Shadows,Tony Rice,Native American,False,INDIFFERENT,3:44,224,pWIidAZXz_M,2024-08-08T23:35:27Z,gh-1926
Jerusalem Ridge,Kenny Baker,Plays Bill Monroe,False,INDIFFERENT,3:35,215,jgV41BD9Fvw,2024-08-08T23:31:52Z,gh-1926
"The Whole World Round (Recorded at the Mecca, Los Angeles)",The Dillards,Live!!! Almost!!!,False,INDIFFERENT,3:28,208,keWqnV4pcP4,2024-08-08T23:28:24Z,gh-1926
High Heel Shoe,Bryan Sutton,Bluegrass Guitar,True,LIKE,3:11,191,6AG4OVF2JFM,2024-08-08T23:25:13Z,gh-1926
Georgie,"Norman Blake, Tony Rice",Norman Blake & Tony Rice 2,,INDIFFERENT,2:49,169,K-IgZJ1KA0Y,2024-08-08T23:22:24Z,gh-1926
Souvenirs (2020 Remaster),John Prine,Crooked Piece of Time: The Atlantic & Asylum Albums (1971-1980)  [2020 Remaster],False,INDIFFERENT,3:38,218,6fZFwChoK1E,2024-08-08T21:24:01Z,gh-1925
House Of The Rising Sun,"Doc Watson, Richard Watson",Third Generation Blues,False,INDIFFERENT,3:22,202,FwXxxSRUX4U,2024-08-08T21:20:39Z,gh-1925
The Logging Song,Bill Staines,The Whistle of the Jay,False,INDIFFERENT,2:21,141,0KqRgAoEfvI,2024-08-08T21:18:18Z,gh-1925
Mountain Dew,The Stanley Brothers,16 Greatest Hits,False,INDIFFERENT,2:44,164,x81du4NMHZ0,2024-08-08T21:15:34Z,gh-1925
Blue Ridge Cabin Home,The Bluegrass Album Band,The Bluegrass Album,False,INDIFFERENT,3:12,192,fJhnPA_dAHU,2024-08-08T21:12:22Z,gh-1925
It's Raining Here This Morning,"Norman Blake, Tony Rice",Norman Blake & Tony Rice 2,,INDIFFERENT,3:38,218,YXJHpgNymOA,2024-08-08T21:08:44Z,gh-1925
Streets Of London,Tony Rice,Church Street Blues,False,INDIFFERENT,4:01,241,04azoK6aKCg,2024-08-08T21:04:43Z,gh-1925
"Take Me Home, Country Roads (Live)",John Denver,Live in the USSR,False,INDIFFERENT,2:53,173,ffnXXADcepQ,2024-08-08T21:01:50Z,gh-1925
Streets of London,Glen Campbell,Live in Concert,False,INDIFFERENT,3:06,186,ThsYDDvOIfE,2024-08-08T20:58:44Z,gh-1925
Sweet Caroline,Neil Diamond,Sweet Caroline,False,INDIFFERENT,3:24,204,GmK5_lnQUbE,2024-08-08T20:55:20Z,gh-1925
Not Gentle On My Mind,Chuck Darwin & the Knuckle Draggers,For Educational Purposes Only,True,LIKE,2:11,131,fwlkSDX-JT8,2024-08-08T20:53:09Z,gh-1925
Hey Jude (Remastered 2009),The Beatles,The Beatles 1967 - 1970,False,INDIFFERENT,7:12,432,bkApuQWCPdM,2024-08-08T20:45:57Z,gh-1925
Accentuate the Positive,Dr. John,In A Sentimental Mood,False,INDIFFERENT,3:53,233,k0I0NB2JLDU,2024-08-08T20:42:04Z,gh-1925
Walk On Boy,"Billy Strings, Don Julin",Fiddle Tune X,,INDIFFERENT,3:42,222,mXIDWr-EAgo,2024-08-08T20:38:22Z,gh-1925
Ginseng Sullivan,Norman Blake,Back Home In Sulphur Springs,,INDIFFERENT,3:32,212,ibLVhYTyWLQ,2024-08-08T20:34:50Z,gh-1925
Church Street Blues,Tony Rice,Church Street Blues,False,INDIFFERENT,3:09,189,UHYkvDo2rXc,2024-08-08T20:31:41Z,gh-1925
1952 Vincent Black Lightning,Del McCoury Band,Del & The Boys,True,LIKE,4:03,243,Vz6fCj1zLSg,2024-08-08T20:27:38Z,gh-1925
Singing My Troubles Away,Delmore Brothers,Hillbilly Boogie Best,True,LIKE,2:32,152,vh6Dkwiish8,2024-08-08T20:25:06Z,gh-1925
Be Kind to a Man While He's Down,Foghorn Stringband,Outshine the Sun,,INDIFFERENT,2:48,168,OTMXwCu11vs,2024-08-08T20:22:18Z,gh-1925
Let's Make a Better World,Dr. John,Desitively Bonnaroo,,LIKE,2:57,177,Q66BpmD3ugY,2024-08-08T20:19:21Z,gh-1925
Jenny Jenkins,"David Grisman, Jerry Garcia",Not For Kids Only,False,INDIFFERENT,4:23,263,ltEPUNHVYxg,2024-08-08T20:14:58Z,gh-1925
The Glory of Love,Bette Midler,Beaches (Original Soundtrack Recording),False,INDIFFERENT,3:16,196,WrbkAe_0QSg,2024-08-08T20:11:42Z,gh-1925
"Try A Little Kindness (Live At The Royal Festival Hall, London/1977)",Glen Campbell,Live At The Royal Festival Hall,,LIKE,2:04,124,dnw4dd7tOV8,2024-08-08T20:09:38Z,gh-1925
Our Life's Work,Chuck Darwin & the Knuckle Draggers,Three Car Pileup,False,INDIFFERENT,2:43,163,vskBlq2dLAM,2024-08-08T20:06:55Z,gh-1925
Teddy Bears' Picnic,"David Grisman, Jerry Garcia",Not For Kids Only,False,INDIFFERENT,4:27,267,-9AUiLJnoDg,2024-08-08T20:02:28Z,gh-1925
Barrett's Privateers,Chuck Darwin & the Knuckle Draggers,Three Car Pileup,False,INDIFFERENT,3:27,207,sYPLjKlmvgU,2024-08-08T19:59:01Z,gh-1925
Hey Up Tuscarora,Chuck Darwin & the Knuckle Draggers,Three Car Pileup,False,INDIFFERENT,3:52,232,Ka2gBTAN1XE,2024-08-08T19:55:09Z,gh-1925
Nice Time,Chuck Darwin & the Knuckle Draggers,Three Car Pileup,False,INDIFFERENT,2:16,136,1KhLqRmP96M,2024-08-08T19:52:53Z,gh-1925
Do Right Woman,Chuck Darwin & the Knuckle Draggers,Three Car Pileup,False,INDIFFERENT,3:29,209,ADSYbRZM38k,2024-08-08T19:49:24Z,gh-1925
Rose,Chuck Darwin & the Knuckle Draggers,Three Car Pileup,False,INDIFFERENT,3:12,192,ThUQ0-Ujk8I,2024-08-08T19:46:12Z,gh-1925
The Road Where The Wild Wind Flies,Chuck Darwin & the Knuckle Draggers,Three Car Pileup,False,INDIFFERENT,3:51,231,_lweSJA5yec,2024-08-08T19:42:21Z,gh-1925
"Streets Of London (Live At The Royal Festival Hall, London/1977)",Glen Campbell,Live At The Royal Festival Hall,,LIKE,3:13,193,vs_2yiQNtCI,2024-08-08T19:39:08Z,gh-1925
Do Right Woman,Chuck Darwin & the Knuckle Draggers,Three Car Pileup,False,INDIFFERENT,3:29,209,ADSYbRZM38k,2024-08-08T18:33:58Z,gh-1924
Not Gentle On My Mind,Chuck Darwin & the Knuckle Draggers,For Educational Purposes Only,True,LIKE,2:11,131,fwlkSDX-JT8,2024-08-08T18:31:47Z,gh-1924
Our Life's Work,Chuck Darwin & the Knuckle Draggers,Three Car Pileup,False,INDIFFERENT,2:43,163,vskBlq2dLAM,2024-08-08T18:29:04Z,gh-1924
"Streets Of London (Live At The Royal Festival Hall, London/1977)",Glen Campbell,Live At The Royal Festival Hall,,LIKE,3:13,193,vs_2yiQNtCI,2024-08-08T18:25:51Z,gh-1924
"Try A Little Kindness (Live At The Royal Festival Hall, London/1977)",Glen Campbell,Live At The Royal Festival Hall,,LIKE,2:04,124,dnw4dd7tOV8,2024-08-08T18:23:47Z,gh-1924
"Stars/Rhinestone Cowboy (Medley/Live At The Royal Festival Hall, London/1977)",Glen Campbell,Live At The Royal Festival Hall,,LIKE,6:38,398,QyfK2txeIGQ,2024-08-08T18:17:09Z,gh-1924
Gentle On My Mind (Remastered 2001),Glen Campbell,Gentle On My Mind,False,INDIFFERENT,2:59,179,mfMnNqn-hKg,2024-08-08T18:14:10Z,gh-1924
Mammas Don't Let Your Babies Grow up to Be Cowboys,"Waylon Jennings, Willie Nelson",Waylon & Willie,False,INDIFFERENT,2:33,153,i85ob2DackI,2024-08-08T18:11:37Z,gh-1924
Rhinestone Cowboy,Charley Pride,She's Just An Old Love Turned Memory,True,LIKE,2:49,169,v6L-9gwPaEI,2024-08-08T18:08:48Z,gh-1924
Rhinestone Cowboy,David Hasselhoff,Sings America,False,INDIFFERENT,3:30,210,ITdjp_XcId8,2024-08-08T18:05:18Z,gh-1924
Rhinestone Cowboy,"Fancy Hagood, Orville Peck, TJ Osborne, Waylon Payne",Stampede,True,LIKE,3:14,194,RIa2iFABjCI,2024-08-08T18:02:04Z,gh-1924
Islands In the Stream,"Dolly Parton, Kenny Rogers",Greatest Hits,False,INDIFFERENT,4:12,252,Cvq6lHDatNs,2024-08-08T17:57:52Z,gh-1924
The Gambler,Kenny Rogers,The Gambler,False,INDIFFERENT,3:35,215,w4RvskuFnPY,2024-08-08T17:54:17Z,gh-1924
Old Number Seven,The Devil Makes Three,The Devil Makes Three,False,INDIFFERENT,3:21,201,1tp4Vyltijw,2024-08-08T06:35:17Z,gh-1920
Atlantic City,The Band,Jericho,False,INDIFFERENT,5:15,315,QFxXTO1t5yo,2024-08-08T06:30:02Z,gh-1920
I'll Fly Away,"Alison Krauss, Gillian Welch","O Brother, Where Art Thou? (Original Motion Picture Soundtrack)",True,LIKE,3:58,238,lFamN-oXRMQ,2024-08-08T06:26:04Z,gh-1920
Gentle On My Mind (Remastered 2001),Glen Campbell,Gentle On My Mind,False,INDIFFERENT,2:59,179,mfMnNqn-hKg,2024-08-08T06:23:05Z,gh-1920
$10 Cowboy,Charley Crockett,$10 Cowboy,False,INDIFFERENT,3:36,216,mwT-smk8VOA,2024-08-08T06:19:29Z,gh-1920
Landslide (Live 1977),Fleetwood Mac,Landslide,False,INDIFFERENT,3:58,238,dshVEZwWLvc,2024-08-08T06:15:31Z,gh-1920
He Was A Friend Of Mine,Dave Van Ronk,Folksinger,,LIKE,3:31,211,fmhJVDnrtcg,2024-08-08T06:12:00Z,gh-1920
Rainbow Connection,Willie Nelson,Rainbow Connection,False,INDIFFERENT,4:30,270,3kih6sGyxCQ,2024-08-08T06:07:30Z,gh-1920
Just Unwanted,Bella White,Just Like Leaving,False,INDIFFERENT,3:14,194,lu0mk5Dcs-U,2024-08-08T06:04:16Z,gh-1920
The Gambler,Kenny Rogers,The Gambler,False,INDIFFERENT,3:35,215,w4RvskuFnPY,2024-08-08T06:00:41Z,gh-1920
American Dreaming (Alternative Version),Sierra Ferrell,American Dreaming (Alternative Version),False,INDIFFERENT,4:25,265,sPC1hvCZ0iw,2024-08-08T05:56:16Z,gh-1920
I Don't Mind,Sturgill Simpson,Cuttin' Grass - Vol. 1 (Butcher Shoppe Sessions),False,INDIFFERENT,4:30,270,xYcmf9cRp7A,2024-08-08T05:51:46Z,gh-1920
I Hear Them All,Old Crow Medicine Show,Big Iron World,False,INDIFFERENT,3:04,184,kiJDZbvj8Vc,2024-08-08T05:48:42Z,gh-1920
Ripple,Grateful Dead,The Best of the Grateful Dead,False,INDIFFERENT,4:12,252,5wh7ylJManI,2024-08-08T05:44:30Z,gh-1920
Deep River Blues,Doc Watson,Doc Watson,,INDIFFERENT,3:12,192,tizeZJB5ARU,2024-08-08T05:41:18Z,gh-1920
Harvest Moon (feat. AJ Lee & Blue Summit),The Brothers Comatose,Harvest Moon,False,INDIFFERENT,4:42,282,4yRxiQ7AxKw,2024-08-08T05:36:36Z,gh-1920
American Pie,Don McLean,American Pie,False,INDIFFERENT,8:37,517,iX_TFkut1PM,2024-08-08T05:27:59Z,gh-1920
Unchain My Heart,Ray Charles,Ray Charles - I Can’t Stop Loving You,False,INDIFFERENT,2:47,167,kDaZWKqmPJI,2024-08-08T05:25:12Z,gh-1920
Feeling Good,Nina Simone,I Put A Spell On You,False,INDIFFERENT,2:54,174,BNMKGYiJpvg,2024-08-08T05:22:18Z,gh-1920
To Love Somebody,Bee Gees,Bee Gees' 1st,False,INDIFFERENT,3:02,182,RQCT1f8IHK0,2024-08-08T05:19:16Z,gh-1920
I Will Follow Him,Little Peggy March,I Will Follow Him,False,INDIFFERENT,2:35,155,IRk9gAqjLgg,2024-08-08T05:16:41Z,gh-1920
"You're The First, The Last, My Everything",Barry White,Can't Get Enough,False,INDIFFERENT,4:37,277,E7zmRvhFEYo,2024-08-08T05:12:04Z,gh-1920
My Baby Just Cares For Me,Harry James Orchestra,Drumming Man,False,INDIFFERENT,5:21,321,LhJ7cM_lCQI,2024-08-08T05:06:43Z,gh-1920
Unforgettable,Natalie Cole,Unforgettable...With Love,False,INDIFFERENT,3:33,213,CrWc-zjiWYk,2024-08-08T05:03:10Z,gh-1920
That's Life,Frank Sinatra,That's Life,False,INDIFFERENT,3:08,188,XvfImv9NseY,2024-08-08T05:00:02Z,gh-1920
A Man Without Love,Engelbert Humperdinck,A Man Without Love,False,INDIFFERENT,3:24,204,o0WWaA3oFa4,2024-08-08T04:56:38Z,gh-1920
Travelin' Man,Ricky Nelson,Rick Is 21,False,INDIFFERENT,2:24,144,CZ_973A44mA,2024-08-08T04:54:14Z,gh-1920
"Moon River (From ""Breakfast at Tiffany's"")",Andy Williams,Moon River And Other Great Movie Themes,False,INDIFFERENT,2:43,163,3tuJ34YgW0c,2024-08-08T04:51:31Z,gh-1920
Without You,Harry Nilsson,21 Love Songs,False,INDIFFERENT,3:24,204,LRJXocVOydk,2024-08-08T04:48:07Z,gh-1920
Swing the Mood,Jive Bunny and the Mastermixers,"OMG It's New Years Eve, Vol. 1",False,INDIFFERENT,4:04,244,1w88-T0p-I8,2024-08-08T04:44:03Z,gh-1920
Season of the Witch,Donovan,Sunshine Superman,False,INDIFFERENT,4:54,294,x-YI50fGMMg,2024-08-08T04:39:09Z,gh-1920
La vie en rose,Grace Jones,Platinum Jubilee - Queens of Pop,False,INDIFFERENT,3:33,213,aw5FbO9Bz7c,2024-08-08T04:35:36Z,gh-1920
Downtown,Petula Clark,Don't Sleep in the Subway - Her Greatest Hits,False,INDIFFERENT,3:11,191,4C2V-GiRUcw,2024-08-08T04:32:25Z,gh-1920
Cracklin' Rosie (Single Version),Neil Diamond,Tap Root Manuscript,False,INDIFFERENT,3:00,180,lXrcuv3G_7A,2024-08-08T04:29:25Z,gh-1920
La Vie En Rose,Edith Piaf,La Vie En Rose,False,INDIFFERENT,3:08,188,qPU8mENUBXk,2024-08-08T04:26:17Z,gh-1920
Unchained Melody,The Righteous Brothers,The Very Best Of The Righteous Brothers - Unchained Melody,False,INDIFFERENT,3:37,217,te51eVrFWEc,2024-08-08T04:22:40Z,gh-1920
My Cherie Amour,Stevie Wonder,My Cherie Amour,False,INDIFFERENT,2:54,174,Fjufjv4rH0s,2024-08-08T04:19:46Z,gh-1920
These Boots Are Made for Walkin',Nancy Sinatra,Boots,False,INDIFFERENT,2:48,168,ICjlGNXwjkE,2024-08-08T04:16:58Z,gh-1920
Dream a Little Dream of Me,Doris Day,Day By Night,False,INDIFFERENT,3:44,224,FD5gE6viJ9g,2024-08-08T04:13:14Z,gh-1920
Can't Smile Without You,Barry Manilow,Ultimate Manilow,False,INDIFFERENT,3:08,188,ib7yFIlqwjU,2024-08-08T04:10:06Z,gh-1920
Everybody Loves Somebody,Dean Martin,Everybody Loves Somebody,False,INDIFFERENT,2:45,165,wmRHeKF2kdU,2024-08-08T04:07:21Z,gh-1920
California Dreamin' (Single Version),The Mamas & The Papas,If You Can Believe Your Eyes & Ears,False,INDIFFERENT,2:43,163,oU6uUEwZ8FM,2024-08-08T04:04:38Z,gh-1920
Suspicious Minds,Elvis Presley,Elvis 30 #1 Hits,False,INDIFFERENT,4:33,273,xt8XQLvKBUs,2024-08-08T04:00:05Z,gh-1920
Beyond the Sea,Bobby Darin,The Ultimate Bobby Darin,False,INDIFFERENT,2:53,173,Rc7_lCfbQP0,2024-08-08T03:57:12Z,gh-1920
Sway (Quien Sera),Dean Martin,"Hey, Brother Pour The Wine",False,INDIFFERENT,2:43,163,ZmUdd8G0ToA,2024-08-08T03:27:48Z,gh-1919
Black Is Black,Los Bravos,Black Is Black,False,INDIFFERENT,2:57,177,_CcdzkSlw2s,2024-08-08T03:24:51Z,gh-1919
Delilah,Tom Jones,Delilah,False,INDIFFERENT,3:25,205,Qvo5SeAwz88,2024-08-08T03:21:26Z,gh-1919
Can't Take My Eyes Off You (Ao Vivo),Daniel Boaventura,Your Song (Ao Vivo) [Deluxe],False,INDIFFERENT,4:28,268,bt4lLqalCQo,2024-08-08T03:16:58Z,gh-1919
That's Amore,Dean Martin,The Fabulous 50s - 1953,False,INDIFFERENT,3:09,189,BRa2eoYFXj0,2024-08-08T03:13:49Z,gh-1919
Tie a Yellow Ribbon Round the Ole Oak Tree (1998 Remastered) (feat. Tony Orlando),Dawn,Tuneweaving,False,INDIFFERENT,3:27,207,tf2a_mQ7xX4,2024-08-08T03:10:22Z,gh-1919
Twist And Shout (Remastered 2009),The Beatles,Please Please Me,False,INDIFFERENT,2:36,156,2RicaUqd9Hg,2024-08-08T03:07:46Z,gh-1919
Mack the Knife,Bobby Darin,Mack the Knife,False,INDIFFERENT,3:04,184,iooViITRp9M,2024-08-08T03:04:42Z,gh-1919
Put Your Head On My Shoulder,Paul Anka,Paul Anka's Early Years,False,INDIFFERENT,2:43,163,kvazBqAlx58,2024-08-08T03:01:59Z,gh-1919
The Great Pretender,The Platters,The Great Pretender,True,LIKE,2:36,156,S3nzDxuBeE4,2024-08-08T02:59:23Z,gh-1919
Clair,Gilbert O'Sullivan,Back to Front (Deluxe Edition),False,INDIFFERENT,3:03,183,dtOXFlJX-Xw,2024-08-08T02:56:20Z,gh-1919
How Deep Is Your Love,Bee Gees,Saturday Night Fever (The Original Movie Soundtrack Deluxe Edition),False,INDIFFERENT,4:04,244,jwikdkqYw6o,2024-08-08T02:52:16Z,gh-1919
"Oh, Pretty Woman",Roy Orbison,The Essential Roy Orbison,False,INDIFFERENT,2:57,177,3KFvoDDs0XM,2024-08-08T02:49:19Z,gh-1919
Venus - The Original Version,Shocking Blue,Venus,False,INDIFFERENT,3:02,182,ghDbKqtuHng,2024-08-08T02:46:17Z,gh-1919
Fever,Peggy Lee,The Best Of Peggy Lee,False,INDIFFERENT,3:24,204,JBANWpzsHts,2024-08-08T02:42:53Z,gh-1919
Georgia on My Mind (Original Master Recording),Ray Charles,Georgia on My Mind (Original Master Recording),False,INDIFFERENT,3:38,218,dcODKvvVSOg,2024-08-08T02:39:15Z,gh-1919
Rivers of Babylon,Boney M.,Gold - 20 Super Hits (International),False,INDIFFERENT,4:18,258,gr8jSYC03gQ,2024-08-08T02:34:57Z,gh-1919
Crazy,Patsy Cline,Crazy: 62 classics (The Ultimate Collection),False,INDIFFERENT,2:46,166,CKTOvHw8qFM,2024-08-08T02:32:11Z,gh-1919
I Say a Little Prayer,Aretha Franklin,Aretha Now,False,INDIFFERENT,3:37,217,2t5VNI0XlwY,2024-08-08T02:28:34Z,gh-1919
Ain't No Mountain High Enough,"Marvin Gaye, Tammi Terrell",United,False,INDIFFERENT,2:32,152,oB9JIz72BoM,2024-08-08T02:26:02Z,gh-1919
At Last,Etta James,At Last!,False,INDIFFERENT,3:00,180,1qJU8G7gR_g,2024-08-08T02:23:02Z,gh-1919
Sway,Michael Bublé,Michael Bublé,False,INDIFFERENT,3:09,189,a90tZJHBklk,2024-08-08T02:19:53Z,gh-1919
Johnny B. Goode,Chuck Berry,Deluxe: Johnny B. Goode,False,INDIFFERENT,2:43,163,Uf4rxCB4lys,2024-08-08T02:17:10Z,gh-1919
"Theme From New York, New York",Frank Sinatra,"Trilogy: Past, Present & Future",False,INDIFFERENT,3:27,207,gFwuHsra6Oc,2024-08-08T02:13:43Z,gh-1919
Raindrops Keep Falling on my Head,B.J. Thomas,The Very Best of B.J. Thomas,False,INDIFFERENT,2:57,177,sySlY1XKlhM,2024-08-08T02:10:46Z,gh-1919
Love's Theme,The Love Unlimited Orchestra,Number Ones,False,INDIFFERENT,3:39,219,C_zL0EraakQ,2024-08-08T02:07:07Z,gh-1919
Be My Baby,The Ronettes,Presenting the Fabulous Ronettes Featuring Veronica,False,INDIFFERENT,2:41,161,QBDem6bffyo,2024-08-08T02:04:26Z,gh-1919
Papa Loves Mambo,Perry Como,Pure Gold,False,INDIFFERENT,2:43,163,CusZFb_gElE,2024-08-08T02:01:43Z,gh-1919
Sugar Sugar,The Archies,The Treasury of Recorded Classics: The Archies - Vol. 1,False,INDIFFERENT,2:55,175,N7Grq71r_OA,2024-08-08T01:58:48Z,gh-1919
Runaround Sue,Dion,Runaround Sue,False,INDIFFERENT,2:52,172,nFch8vH81ks,2024-08-08T01:55:56Z,gh-1919
Happy Together,The Turtles,Happy Together,False,INDIFFERENT,2:57,177,BqZ6sRHpWIk,2024-08-08T01:52:59Z,gh-1919
Volare (Nel Blu Di Pinto Di Blu) (Remastered 1998),Dean Martin,This Is Dean Martin,False,INDIFFERENT,3:02,182,4mppAFu3dqw,2024-08-08T01:49:57Z,gh-1919
Mack the Knife,Bobby Darin,The Ultimate Bobby Darin,False,INDIFFERENT,3:05,185,ygVgxGSQIsw,2024-08-08T01:46:52Z,gh-1919
L-O-V-E,Nat King Cole,L-O-V-E,False,INDIFFERENT,2:36,156,gZYtes1RO_w,2024-08-08T01:44:16Z,gh-1919
Come and Get Your Love (Single Version),Redbone,Come and Get Your Love (Single Edit),False,INDIFFERENT,3:26,206,rsf_gTZG4cI,2024-08-08T01:41:18Z,gh-1918
Sunny,Bobby Hebb,Sunny,False,INDIFFERENT,2:46,166,J-5xGXpNt74,2024-08-08T01:38:32Z,gh-1918
Stardust,The Mills Brothers,London Sessions: 1934-1939,False,INDIFFERENT,3:09,189,KmY2gNrVl8U,2024-08-08T01:35:23Z,gh-1918
Love Me Tonight,Tom Jones,The Best Of ... Tom Jones,False,INDIFFERENT,3:11,191,OLX-XZvz9iI,2024-08-08T01:32:12Z,gh-1918
Águas De Março,"Antonio Carlos Jobim, Elis Regina",Elis & Tom,False,INDIFFERENT,3:35,215,BnB1G63XvCQ,2024-08-08T01:28:37Z,gh-1918
Bossa Nova Cha Cha,"Lalo Schifrin, Luiz Bonfá, Oscar Castro-Neves",Composer Of Black Orpheus Plays And Sings Bossa Nova,False,INDIFFERENT,3:21,201,Pq9XgotWTgo,2024-08-08T01:25:16Z,gh-1918
Magalenha,Sergio Mendes,Brasileiro,False,INDIFFERENT,3:37,217,JNVJ_EmLt0I,2024-08-08T01:21:39Z,gh-1918
A Taste of Honey,Paul Desmond,Glad To Be Unhappy,False,INDIFFERENT,4:26,266,0gOX4W2PNGM,2024-08-08T01:17:13Z,gh-1918
The Girl From Ipanema,Stan Getz,Getz/Gilberto,False,INDIFFERENT,5:25,325,N-TKOh0zsvU,2024-08-08T01:11:48Z,gh-1918
Mais Que Nada,Sergio Mendes & Brasil '66,Herb Alpert Presents,False,INDIFFERENT,2:39,159,R7GsuqCTnQc,2024-08-08T01:09:09Z,gh-1918
Quando Quando Quando,Engelbert Humperdinck,A Man Without Love,False,INDIFFERENT,3:22,202,j2etakoV-rg,2024-08-08T01:05:47Z,gh-1918
Rich Girl,Daryl Hall & John Oates,Bigger Than Both Of Us,False,INDIFFERENT,2:23,143,IL_LiGCV82g,2024-08-08T01:03:24Z,gh-1918
Can't Take My Eyes off You,Frankie Valli,Solo,False,INDIFFERENT,3:24,204,RQBgfjOROPw,2024-08-08T01:00:00Z,gh-1918
She's A Lady,Tom Jones,Tom Jones Sings She's A Lady,False,INDIFFERENT,2:55,175,x8G4xrYfWmw,2024-08-08T00:57:05Z,gh-1918
Dancing Queen,ABBA,Arrival,False,INDIFFERENT,3:51,231,YkLLcIKhJ64,2024-08-08T00:53:14Z,gh-1918
Trick To Happy,Bahamas,Sad Hunk,False,INDIFFERENT,3:25,205,SpWokpM0O6Q,2024-08-07T18:32:26Z,gh-1916
September Fields,Frazey Ford,Indian Ocean,True,LIKE,3:28,208,YxQZRrGjz_8,2024-08-07T18:28:58Z,gh-1916
Lucid Girl,Thee Sacred Souls,Lucid Girl,False,INDIFFERENT,3:23,203,6nk1eGPfqw0,2024-08-07T18:25:35Z,gh-1916
If I Got It (Your Love Brought It),Aaron Frazer,Introducing...,False,INDIFFERENT,2:55,175,myUP4_wlXBE,2024-08-07T18:22:40Z,gh-1916
Climb Up On My Music,Rodriguez,Coming From Reality,True,LIKE,4:55,295,RF4642pdpdU,2024-08-07T18:17:45Z,gh-1916
See Me Cry,The California Honeydrops,Fall in Love Again,False,INDIFFERENT,5:13,313,o7VjjXMbNuU,2024-08-07T18:12:32Z,gh-1916
Fall in Love Again,The California Honeydrops & Lindsay Lou,Fall in Love Again,False,INDIFFERENT,3:31,211,ovAHu8L_JsE,2024-08-07T18:09:01Z,gh-1916
On Your Knees,Marley Hale,By My Own Ways,False,INDIFFERENT,4:24,264,zirAi4gXUmw,2024-08-06T01:39:18Z,gh-1902
Dear Girl,Marley Hale,By My Own Ways,False,INDIFFERENT,3:33,213,nQDVz3xcABo,2024-08-06T01:35:45Z,gh-1902
Drunk On You,Marley Hale,By My Own Ways,False,INDIFFERENT,5:05,305,H_KKxb2a4dY,2024-08-06T01:30:40Z,gh-1902
To Those at My Window,Marley Hale,By My Own Ways,False,INDIFFERENT,3:27,207,CfkqeyJ73l0,2024-08-06T01:27:13Z,gh-1902
Tom Sawyer,Rush,Moving Pictures,False,INDIFFERENT,4:37,277,QJ4-9tAf9UQ,2024-08-05T11:25:52Z,gh-1901
Hard To Handle,The Black Crowes,Shake Your Money Maker,False,INDIFFERENT,3:09,189,h1WItDnFtTk,2024-08-05T11:22:43Z,gh-1901
Black Hole Sun,Soundgarden,Superunknown (Deluxe Edition),False,INDIFFERENT,5:19,319,9kIv6vVRKpw,2024-08-05T11:17:24Z,gh-1901
No Sleep Till Brooklyn,Beastie Boys,Licensed To Ill,False,INDIFFERENT,4:07,247,9b9-S5EB0mw,2024-08-05T11:13:17Z,gh-1901
Brain Stew,Green Day,Insomniac,False,INDIFFERENT,3:13,193,IPeJ7iM55hc,2024-08-05T11:10:04Z,gh-1901
Mother,Danzig,Danzig,False,INDIFFERENT,3:25,205,vPzfKe_G4Ng,2024-08-05T11:06:39Z,gh-1901
Plush,Stone Temple Pilots,Core (Super Deluxe Edition),False,INDIFFERENT,5:14,314,eb3kAUQxinQ,2024-08-05T18:31:13Z,gh-1900
Cult of Personality (2023 Remaster),Living Colour,Vivid (2023 Remaster),False,INDIFFERENT,4:55,295,8mssfWohiig,2024-08-05T18:26:18Z,gh-1900
Peaches,The Presidents Of The United States Of America,The Presidents of The United States of America: Ten Year Super Bonus Special Anniversary Edition,False,INDIFFERENT,2:52,172,SfWDoll9muE,2024-08-05T18:23:26Z,gh-1900
Ace of Spades,Motörhead,Ace of Spades (Expanded Edition),False,INDIFFERENT,2:49,169,wQchKv6OSQA,2024-08-05T18:20:37Z,gh-1900
Loser,Beck,Loser,False,INDIFFERENT,3:56,236,5Z1-5wNjMgs,2024-08-05T18:16:41Z,gh-1900
Santeria,Sublime,Sublime (10th Anniversary Edition / Deluxe Edition),False,INDIFFERENT,3:04,184,FDdkpmSNo4U,2024-08-05T18:13:37Z,gh-1900
Same In The End,Sublime,Sublime (10th Anniversary Edition / Deluxe Edition),False,INDIFFERENT,2:37,157,AoUebgJYdXA,2024-08-05T18:11:00Z,gh-1900
The Kids Aren't Alright,The Offspring,Americana,False,INDIFFERENT,3:01,181,-uQi0vJK9lk,2024-08-05T18:07:59Z,gh-1900
Come As You Are,Nirvana,Nevermind (Deluxe Edition),False,INDIFFERENT,3:39,219,f1IdyrhOrGs,2024-08-05T18:04:20Z,gh-1900
So What'Cha Want (Remastered 2009),Beastie Boys,Check Your Head (Deluxe Edition/Remastered/2009),False,INDIFFERENT,3:37,217,yuD6enwjoLY,2024-08-05T18:00:43Z,gh-1900
Johny Johny Yes Papa,"Baby Sleep Baby Sounds, Relaxing Radiance, Sleep Music Playlist",Sleep Baby: Laughing with Funny Sound,False,INDIFFERENT,3:50,230,i3RAqSq_YZY,2024-08-05T09:26:30Z,gh-1897
What's New?,"Louis Armstrong, Oscar Peterson",A Summer Night: Oscar Peterson,False,INDIFFERENT,2:41,161,NA7nSgYlcxU,2024-08-05T03:27:57Z,gh-1895
"Oh, Lawd, I'm On My Way",Oscar Peterson,A Summer Night: Oscar Peterson,False,INDIFFERENT,2:33,153,z9wKSjfChF4,2024-08-05T03:25:24Z,gh-1895
They All Laughed,Oscar Peterson,A Summer Night: Oscar Peterson,False,INDIFFERENT,2:32,152,xDl-Nnj_1QE,2024-08-05T03:22:52Z,gh-1895
You Took Advantage Of Me,Oscar Peterson,A Summer Night: Oscar Peterson,False,INDIFFERENT,1:59,119,bxvsdzJFq8E,2024-08-05T03:20:53Z,gh-1895
Here Come De Honey Man,Oscar Peterson,A Summer Night: Oscar Peterson,False,INDIFFERENT,1:08,68,sE9jClB72Ls,2024-08-05T03:19:45Z,gh-1895
I Can't Get Started (False Start),"Lester Young, Oscar Peterson Trio",A Summer Night: Oscar Peterson,False,INDIFFERENT,0:53,53,H9n_e05hGyo,2024-08-05T03:18:52Z,gh-1895
Johnny One Note,Oscar Peterson,A Summer Night: Oscar Peterson,False,INDIFFERENT,2:31,151,vjDDmHyIC6Y,2024-08-05T03:16:21Z,gh-1895
I Hear Music,Oscar Peterson Trio,A Summer Night: Oscar Peterson,False,INDIFFERENT,2:28,148,TgwxCBTBBLU,2024-08-05T03:13:53Z,gh-1895
The Boy Next Door,Oscar Peterson,A Summer Night: Oscar Peterson,False,INDIFFERENT,2:20,140,JxaMCmffdI4,2024-08-05T03:11:33Z,gh-1895
Everytime We Say Goodbye,Oscar Peterson,A Summer Night: Oscar Peterson,False,INDIFFERENT,2:19,139,HGx4x6rVIX8,2024-08-05T03:09:14Z,gh-1895
Ac-cent-tchu-ate The Positive,Oscar Peterson,A Summer Night: Oscar Peterson,False,INDIFFERENT,2:02,122,svNjhsUP558,2024-08-05T01:43:56Z,gh-1894
I Get A Kick Out Of You (Run Through),"Louis Armstrong, Oscar Peterson",A Summer Night: Oscar Peterson,False,INDIFFERENT,0:39,39,R76NzCEo1-s,2024-08-05T01:43:17Z,gh-1894
I Love You,Oscar Peterson Trio,A Summer Night: Oscar Peterson,False,INDIFFERENT,2:39,159,LaBx_4qZFhc,2024-08-05T01:40:38Z,gh-1894
A Sunday Kind Of Love,Oscar Peterson,A Summer Night: Oscar Peterson,False,INDIFFERENT,2:33,153,N8ZrteRUOWQ,2024-08-05T01:38:05Z,gh-1894
Black Coffee,Oscar Peterson,A Summer Night: Oscar Peterson,False,INDIFFERENT,2:18,138,T1uO2C3jyGc,2024-08-05T01:35:47Z,gh-1894
The Man That Got Away,Oscar Peterson,A Summer Night: Oscar Peterson,False,INDIFFERENT,2:40,160,9XImsyGkwbY,2024-08-05T01:33:07Z,gh-1894
Thou Swell,Oscar Peterson,A Summer Night: Oscar Peterson,False,INDIFFERENT,2:29,149,Smi9xAS1rhY,2024-08-05T01:30:38Z,gh-1894
Sophisticated Lady,Oscar Peterson,A Summer Night: Oscar Peterson,False,INDIFFERENT,2:25,145,BBQ1iwQaMm4,2024-08-05T01:28:13Z,gh-1894
It's Only A Paper Moon,Oscar Peterson Trio,A Summer Night: Oscar Peterson,False,INDIFFERENT,2:33,153,qY9HLRnfrXM,2024-08-05T01:25:40Z,gh-1894
"It's All Right With Me (Live At The Chicago Opera House,1957) (feat. Oscar Peterson Trio)",Ella Fitzgerald,A Summer Night: Oscar Peterson,False,INDIFFERENT,2:32,152,mlklEdp8B9g,2024-08-05T01:23:08Z,gh-1894
(Ad Lib) Medium Dance,"Fred Astaire, Oscar Peterson",A Summer Night: Oscar Peterson,False,INDIFFERENT,2:03,123,-5sTjOqLoT0,2024-08-05T01:21:05Z,gh-1894
I've Got The World On A String,Oscar Peterson,A Summer Night: Oscar Peterson,False,INDIFFERENT,2:29,149,LrfH2pdnAsk,2024-08-05T01:18:36Z,gh-1894
The Way You Look Tonight,Oscar Peterson,A Summer Night: Oscar Peterson,False,INDIFFERENT,2:59,179,ElrvIzNt2I0,2024-08-05T01:15:37Z,gh-1894
Stormy Weather,Oscar Peterson,A Summer Night: Oscar Peterson,False,INDIFFERENT,2:44,164,2pd6GEki7lc,2024-08-05T01:12:53Z,gh-1894
Turtle Neck,Oscar Peterson Trio,A Summer Night: Oscar Peterson,False,INDIFFERENT,2:20,140,8kBRKeJDQuI,2024-08-05T01:10:33Z,gh-1894
"Don Cha Go Way Mad (Live At The Shrine Auditorium,1957) (feat. Oscar Peterson Trio)",Ella Fitzgerald,A Summer Night: Oscar Peterson,False,INDIFFERENT,2:32,152,pWlmAHS4rdY,2024-08-05T01:08:01Z,gh-1894
Chattanooga Choo Choo,Oscar Peterson,A Summer Night: Oscar Peterson,False,INDIFFERENT,2:09,129,iSLTWwqaT2U,2024-08-05T01:05:52Z,gh-1894
Moonglow,Oscar Peterson,A Summer Night: Oscar Peterson,False,INDIFFERENT,2:39,159,kpMSx-kHevk,2024-08-05T01:03:13Z,gh-1894
The Lady Is A Tramp,Oscar Peterson,A Summer Night: Oscar Peterson,False,INDIFFERENT,2:07,127,mkWS8--BNkQ,2024-08-05T01:01:06Z,gh-1894
Stella By Starlight (feat. The Oscar Peterson Quartet),Anita O'Day,A Summer Night: Oscar Peterson,False,INDIFFERENT,2:04,124,64UZipSLBNI,2024-08-05T00:59:02Z,gh-1894
Let's Fall In Love,Oscar Peterson,A Summer Night: Oscar Peterson,False,INDIFFERENT,2:19,139,WAG4KWTyShM,2024-08-05T00:56:43Z,gh-1894
Yesterdays,Oscar Peterson,A Summer Night: Oscar Peterson,False,INDIFFERENT,2:37,157,XUdcpMOd6w0,2024-08-05T00:54:06Z,gh-1894
"Top Hat, White Tie, And Tails",Oscar Peterson,A Summer Night: Oscar Peterson,False,INDIFFERENT,2:16,136,t0HBxpyRYO8,2024-08-05T00:51:50Z,gh-1894
I'm In The Mood For Love,Oscar Peterson,A Summer Night: Oscar Peterson,False,INDIFFERENT,2:30,150,s97RPHFALBs,2024-08-05T00:49:20Z,gh-1894
Over The Rainbow,Oscar Peterson,A Summer Night: Oscar Peterson,False,INDIFFERENT,2:16,136,-hvgeaCujKE,2024-08-05T00:47:04Z,gh-1894
Do Nothin' Till You Hear From Me,Oscar Peterson,A Summer Night: Oscar Peterson,False,INDIFFERENT,2:16,136,JwMZx1osLjI,2024-08-05T00:44:48Z,gh-1894
Cheek To Cheek,Oscar Peterson,A Summer Night: Oscar Peterson,False,INDIFFERENT,2:28,148,q_NStm_KLy4,2024-08-05T00:42:20Z,gh-1894
Carioca,Oscar Peterson,A Summer Night: Oscar Peterson,False,INDIFFERENT,2:16,136,xTwRyDeJZ_Q,2024-08-05T00:40:04Z,gh-1894
Orange Colored Sky,Oscar Peterson Trio,A Summer Night: Oscar Peterson,False,INDIFFERENT,2:16,136,MO4Gq0OsKmc,2024-08-05T00:37:48Z,gh-1894
Mas Que Nada,Oscar Peterson,A Summer Night: Oscar Peterson,False,INDIFFERENT,2:28,148,anCvu1Odn38,2024-08-05T00:35:20Z,gh-1894
Genesis,Justice,Cross,True,INDIFFERENT,3:55,235,pf7uueiK8ec,2024-08-04T18:29:07Z,gh-1892
D.A.N.C.E,Justice,Cross,True,INDIFFERENT,4:03,243,P0Nryn0YZ-A,2024-08-04T18:25:04Z,gh-1892
Generator,Justice,Hyperdrama,False,INDIFFERENT,4:43,283,H9nZgVYxh9M,2024-08-04T18:20:21Z,gh-1892
We Are Your Friends (Justice Vs Simian),"Justice, Simian",We Are Your Friends,False,INDIFFERENT,4:23,263,yYkpN9Uoaiw,2024-08-04T18:15:58Z,gh-1892
Safe and Sound,Justice,Woman,False,INDIFFERENT,5:46,346,YT59g6xekFE,2024-08-04T18:10:12Z,gh-1892
DVNO,Justice,Cross,True,INDIFFERENT,3:57,237,bz68yrZW3vU,2024-08-04T18:06:15Z,gh-1892
One Night/All Night,"Justice, Tame Impala",Hyperdrama,False,INDIFFERENT,4:37,277,qX4FtyHQWVc,2024-08-04T18:01:38Z,gh-1892
Ohma (Live),Acritarch,Live at the Glass House,False,INDIFFERENT,2:52,172,vUZzsMHQ5vo,2024-08-04T17:58:46Z,gh-1892
Ain't Nobody Gonna Miss Me When I'm Gone,Tony Rice,Tony Rice Plays And Sings Bluegrass,False,INDIFFERENT,2:52,172,tSW6PHdN7dY,2024-08-04T17:55:54Z,gh-1892
dead to you,Heart Reaper,dead to you,,INDIFFERENT,3:14,194,02yjztHOxeY,2024-08-04T17:52:40Z,gh-1892
How Blue Can You Get,Louisiana Gator Boys,Blues Brothers 2000,True,LIKE,5:31,331,5l-xLSDU9b8,2024-08-03T06:36:28Z,gh-1892
Bike,Pink Floyd,Relics,False,INDIFFERENT,3:22,202,X4PAmOKAFlw,2024-08-03T05:29:27Z,gh-1892
Lochs of Dread (Live Version),Bela Fleck And The Flecktones,Live Art,False,INDIFFERENT,5:46,346,xe3bem0kgFE,2024-08-03T05:23:41Z,gh-1892
Stomping Grounds (Live Version),Bela Fleck And The Flecktones,Live Art,False,INDIFFERENT,5:27,327,djxg5DeDnow,2024-08-03T05:18:14Z,gh-1892
The Logical Song,Supertramp,The Logical Song,True,LIKE,4:10,250,pP8iUyb9Gn8,2024-08-03T05:14:04Z,gh-1892
Ain't Nobody Gonna Miss Me When I'm Gone,Tony Rice,Tony Rice Plays And Sings Bluegrass,False,INDIFFERENT,2:52,172,tSW6PHdN7dY,2024-08-04T01:46:33Z,gh-1886
dead to you,Heart Reaper,dead to you,,INDIFFERENT,3:14,194,02yjztHOxeY,2024-08-04T01:43:19Z,gh-1886
Ohma (Live),Acritarch,Live at the Glass House,False,INDIFFERENT,2:52,172,vUZzsMHQ5vo,2024-08-04T01:40:27Z,gh-1886
SCRAM! (Live),Acritarch,Live at the Glass House,False,INDIFFERENT,2:46,166,KpEhVuG20f0,2024-08-04T01:37:41Z,gh-1886
Accelerant (Live),Acritarch,Live at the Glass House,False,INDIFFERENT,4:21,261,PIHQCAPVVGM,2024-08-04T01:33:20Z,gh-1886
Me and Bobby McGee,Janis Joplin,Pearl (Legacy Edition),False,INDIFFERENT,4:32,272,-ggFIeg5u1M,2024-08-01T20:34:14Z,gh-1872
Fire and Rain,James Taylor,Sweet Baby James,False,INDIFFERENT,3:21,201,N8u8tASPtwg,2024-08-01T20:30:53Z,gh-1872
Little Lies,Fleetwood Mac,Greatest Hits,False,INDIFFERENT,3:39,219,OyIvdxfkNA4,2024-08-01T20:27:14Z,gh-1872
Babe I'm Gonna Leave You (Remaster),Led Zeppelin,Mothership,False,INDIFFERENT,6:43,403,dZitPJMh60A,2024-08-01T20:20:31Z,gh-1872
Have You Ever Seen The Rain,Creedence Clearwater Revival,Pendulum (Expanded Edition),False,INDIFFERENT,2:41,161,Xwy-3aI435o,2024-08-01T20:17:50Z,gh-1872
Old Man (2009 Remaster),Neil Young,Harvest (2009 Remaster),False,INDIFFERENT,3:23,203,rAtDrFdomN4,2024-08-01T20:14:27Z,gh-1872
Rhiannon,Fleetwood Mac,Fleetwood Mac,False,INDIFFERENT,4:13,253,0xGPi-Al3zQ,2024-08-02T03:27:01Z,gh-1871
Sundown,Gordon Lightfoot,Sundown,False,INDIFFERENT,3:34,214,kv8zyBi4ZXk,2024-08-02T03:23:27Z,gh-1871
Got a Hold on Me,Christine McVie,Christine McVie,False,INDIFFERENT,3:51,231,bpv0Hhn9Vt8,2024-08-02T03:19:36Z,gh-1871
This Must Be the Place (Naive Melody) [Live],Talking Heads,Stop Making Sense (Live),False,INDIFFERENT,4:58,298,4Q2lmZtDlMU,2024-08-02T03:14:38Z,gh-1871
The Chain (2004 Remaster),Fleetwood Mac,Rumours,False,INDIFFERENT,4:30,270,FhgFtXESdPk,2024-08-02T03:10:08Z,gh-1871
Have A Cigar,Pink Floyd,Wish You Were Here,False,INDIFFERENT,5:08,308,tbdpv7G_PPg,2024-08-02T03:05:00Z,gh-1871
Tiny Dancer,Elton John,Madman Across The Water,False,INDIFFERENT,6:18,378,aqlGlaNlcWE,2024-08-02T02:58:42Z,gh-1871
Witchy Woman,Eagles,Legacy,False,INDIFFERENT,4:11,251,fCcEjZQQNjo,2024-08-02T02:54:31Z,gh-1871
Dreams (2004 Remaster),Fleetwood Mac,Rumours (Deluxe Edition),False,INDIFFERENT,4:18,258,5oWyMakvQew,2024-08-02T02:50:13Z,gh-1871
The Weight (Remastered 2000),The Band,Music From Big Pink,False,INDIFFERENT,4:35,275,QWu-f7HFFJE,2024-08-02T02:45:38Z,gh-1871
Dixie Chicken (Alternate Version),Little Feat,Dixie Chicken (Deluxe Edition),False,INDIFFERENT,4:07,247,-6SpB9hp8Zs,2024-08-02T02:41:31Z,gh-1871
"Hey, Hey, What Can I Do (Remaster)",Led Zeppelin,Coda (Deluxe Edition),False,INDIFFERENT,3:57,237,epX8Th4aiMc,2024-08-02T02:37:34Z,gh-1871
"Playing in the Band (Live at Manhattan Center, New York, NY, April 6, 1971)",Grateful Dead,Grateful Dead (Skull & Roses) (Live),False,INDIFFERENT,4:39,279,vW8GaFZRxtE,2024-08-02T02:32:55Z,gh-1871
Cecilia,Simon & Garfunkel,Bridge Over Troubled Water,False,INDIFFERENT,2:55,175,voGvFWXPYx8,2024-08-02T02:30:00Z,gh-1871
Midnight Rider,The Allman Brothers Band,Idlewild South (Deluxe Edition Remastered),False,INDIFFERENT,3:01,181,O6Q40nZRRco,2024-08-02T02:26:59Z,gh-1871
Late in the Evening,Paul Simon,One-Trick Pony,False,INDIFFERENT,4:03,243,fKWW4ll0YzI,2024-08-02T02:22:56Z,gh-1871
Rocky Mountain Way,Joe Walsh,"The Smoker You Drink, The Player You Get",False,INDIFFERENT,5:16,316,4Fz-mHGXgzs,2024-08-02T02:17:40Z,gh-1871
Take Me to the River (2005 Remaster),Talking Heads,More Songs About Buildings and Food (Deluxe Version),False,INDIFFERENT,5:03,303,v4azbl96BJY,2024-08-02T02:12:37Z,gh-1871
Gypsy,Fleetwood Mac,Greatest Hits,False,INDIFFERENT,4:25,265,cjn0i_D5lWE,2024-08-02T02:08:12Z,gh-1871
Gold Dust Woman (2004 Remaster),Fleetwood Mac,Rumours,False,INDIFFERENT,4:56,296,-Ti1b-RRBjI,2024-08-02T02:03:16Z,gh-1871
"Rocket In My Pocket (Live at the Rainbow Theatre, London, UK, 8/2/1977)",Little Feat,Waiting for Columbus (Live Version),False,INDIFFERENT,3:58,238,r6nOCws9_yA,2024-08-01T21:25:08Z,gh-1869
"Tripe Face Boogie (Live at the Rainbow Theatre, London, UK, 8/3/1977)",Little Feat,Waiting for Columbus (Live Version),False,INDIFFERENT,7:10,430,nVuAOS6mU6k,2024-08-01T21:17:58Z,gh-1869
"Dixie Chicken (Live at the Rainbow Theatre, London, UK, 8/3/1977)",Little Feat,Waiting for Columbus (Live Version),False,INDIFFERENT,8:54,534,UMJbtFZWWa8,2024-08-01T21:09:04Z,gh-1869
"Spanish Moon (Live at Lisner Auditorium, Washington, DC, 8/8/1977)",Little Feat,Waiting for Columbus (Live Version),False,INDIFFERENT,5:39,339,-S5PK14KFcE,2024-08-01T21:03:25Z,gh-1869
"Mercenary Territory (Live at the Rainbow Theatre, London, UK, 8/2/1977)",Little Feat,Waiting for Columbus (Live Version),False,INDIFFERENT,4:37,277,qZZ1qvjIYg8,2024-08-01T20:58:48Z,gh-1869
"Day or Night (Live at the Rainbow Theatre, London, UK, 8/4/1977)",Little Feat,Waiting for Columbus (Live Version),False,INDIFFERENT,5:31,331,OY_mkZ6JJtk,2024-08-01T20:53:17Z,gh-1869
"Time Loves a Hero (Live at the Rainbow Theatre, London, UK, 8/4/1977)",Little Feat,Waiting for Columbus (Live Version),False,INDIFFERENT,4:20,260,Ig-lMlikKNU,2024-08-01T20:48:57Z,gh-1869
"Old Folks' Boogie (Live at the Rainbow Theatre, London, UK, 8/4/1977)",Little Feat,Waiting for Columbus (Live Version),True,LIKE,4:29,269,Kr7VaihjYT8,2024-08-01T20:44:28Z,gh-1869
"Oh Atlanta (Live at Lisner Auditorium, Washington, DC, 8/10/1977)",Little Feat,Waiting for Columbus (Live Version),False,INDIFFERENT,4:21,261,ZsZcJH6NvMc,2024-08-01T20:40:07Z,gh-1869
"All That You Dream (Live at Lisner Auditorium, Washington, DC, 8/10/1977)",Little Feat,Waiting for Columbus (Live Version),False,INDIFFERENT,4:30,270,yXGOZkej-qY,2024-08-01T20:35:37Z,gh-1869
"Fat Man in the Bathtub (Live at Lisner Auditorium, Washington, DC, 8/10/1977)",Little Feat,Waiting for Columbus (Live Version),False,INDIFFERENT,4:54,294,PiutmLNt5VI,2024-08-01T20:30:43Z,gh-1869
Willie The Pimp,Frank Zappa,Hot Rats,False,INDIFFERENT,9:24,564,KHiclrHm-ig,2024-08-01T20:21:19Z,gh-1869
You Got Me Floatin',The Jimi Hendrix Experience,Axis: Bold As Love,False,INDIFFERENT,2:49,169,lOfv4k63vtQ,2024-08-01T20:18:30Z,gh-1869
Dancing Days (Remaster),Led Zeppelin,Houses of the Holy (Deluxe Edition),False,INDIFFERENT,3:44,224,qztKD75J2BM,2024-08-01T20:14:46Z,gh-1869
21st Century Schizoid Man [Bonus Track] (Radio Version),King Crimson,In The Court Of The Crimson King (Expanded & Remastered Original Album Mix),False,INDIFFERENT,6:42,402,W3smsj0Wsps,2024-08-01T18:28:19Z,gh-1868
My Wild Love,The Doors,Waiting for the Sun,False,INDIFFERENT,3:00,180,hVYBuGhpo7Y,2024-08-01T18:25:19Z,gh-1868
I'm Waiting For The Man,"Nico, The Velvet Underground",The Velvet Underground & Nico (45th Anniversary / Super Deluxe Edition),False,INDIFFERENT,4:40,280,YbigVkiAe0s,2024-08-01T18:20:39Z,gh-1868
Don't Do It (Live Academy Of Music/1971/Remixed And Remastered),The Band,A Musical History,False,INDIFFERENT,4:37,277,_QsNhq0MDrs,2024-08-01T18:16:02Z,gh-1868
Trouble Every Day,Frank Zappa,Understanding America,False,INDIFFERENT,5:08,308,BQEHrwKXCDs,2024-08-01T18:10:54Z,gh-1868
Captain,Ween,Quebec,False,INDIFFERENT,4:00,240,dPPawWVImwk,2024-08-01T18:06:54Z,gh-1868
I Can't Quit You Baby (Remaster),Led Zeppelin,Coda (Remaster),False,INDIFFERENT,4:19,259,Y8XJNrtQoUQ,2024-08-01T18:02:35Z,gh-1868
Cymbaline,Pink Floyd,More,,INDIFFERENT,4:50,290,ietkuUZwjpU,2024-08-01T17:57:45Z,gh-1868
Sultans Of Swing,Dire Straits,Dire Straits,False,INDIFFERENT,5:49,349,xZatdZ_bqOc,2024-08-01T17:51:56Z,gh-1868
The Great Deceiver,King Crimson,Starless And Bible Black,False,INDIFFERENT,4:02,242,glh1oD92Ac0,2024-08-01T17:47:54Z,gh-1868
I Wanna Ride You,Medeski Martin & Wood,Uninvisible,False,INDIFFERENT,3:29,209,fdKj5dYjdFM,2024-08-01T17:44:25Z,gh-1868
In From the Storm,Jimi Hendrix,The Cry of Love,False,INDIFFERENT,3:44,224,-zbwAprmRSE,2024-08-01T17:40:41Z,gh-1868
I Zimbra (2005 Remaster),Talking Heads,Fear of Music (Deluxe Version),False,INDIFFERENT,3:09,189,qKFn66dzdz0,2024-08-01T17:37:32Z,gh-1868
Pigs (Three Different Ones) (Live),Les Claypool,Live Frogs: Sets 1 & 2,False,INDIFFERENT,11:45,705,7R_v3QtwnmI,2024-08-01T17:25:47Z,gh-1868
Third Uncle (Remastered 2004),Brian Eno,Taking Tiger Mountain (By Strategy) (2004 Remaster),False,INDIFFERENT,4:48,288,IxsUGOQm6qQ,2024-08-01T17:20:59Z,gh-1868
Shakedown Street,Grateful Dead,Shakedown Street,False,INDIFFERENT,5:01,301,I7hpKHPvRVQ,2024-08-01T17:15:58Z,gh-1868
Communication Breakdown (Remaster),Led Zeppelin,Led Zeppelin (Remaster),False,INDIFFERENT,2:31,151,3EH7QMVnSRI,2024-08-01T17:13:27Z,gh-1868
I'm The Slime,"Frank Zappa, The Mothers",Over-Nite Sensation,False,INDIFFERENT,3:35,215,iiCQcEW98OY,2024-08-01T17:09:52Z,gh-1868
The Ghost Song,"Jim Morrison, Music By The Doors",An American Prayer,False,INDIFFERENT,5:16,316,M1dtkfI_iuI,2024-08-01T17:04:36Z,gh-1868
Cosmik Debris,Frank Zappa,Apostrophe('),False,INDIFFERENT,4:16,256,cwJKCF0jmFM,2024-08-01T17:00:20Z,gh-1868
With My Own Bare Hands,Ween,La Cucaracha,False,INDIFFERENT,2:46,166,m0pYDICNBeQ,2024-08-01T16:57:34Z,gh-1868
Biding My Time,Pink Floyd,Relics,False,INDIFFERENT,5:19,319,gvCNJdUExts,2024-08-01T16:52:15Z,gh-1868
