title,artists,album,inLibrary,likeStatus,duration,duration_seconds,videoId,played_at,run_id
Tropicália (Remastered 2006),Caetano Veloso,Caetano Veloso,False,INDIFFERENT,3:43,223,1Z1qNsm-NUk,2024-06-30T21:04:44Z,gh-1600
Domingou,Gilberto Gil,Gilberto Gil (1968),False,INDIFFERENT,2:56,176,jpzDiV3XrSY,2024-06-30T21:01:48Z,gh-1600
"Alegria, Alegria (Remastered 2006)",Caetano Veloso,Caetano Veloso,False,INDIFFERENT,2:49,169,he_ghOAXbSM,2024-06-30T20:58:59Z,gh-1600
Divino Maravilhoso,Gal Costa,Gal Costa,False,INDIFFERENT,4:21,261,Emu4JrrfpM0,2024-06-30T20:54:38Z,gh-1600
Domingo no Parque,Gilberto Gil,Gilberto Gil (1968),False,INDIFFERENT,3:43,223,TLEDeXal9fQ,2024-06-30T20:50:55Z,gh-1600
Panis Et Circenses,Os Mutantes,"""Os Mutantes""",False,INDIFFERENT,3:41,221,ETqMNQw-a9M,2024-06-30T20:47:14Z,gh-1600
Ando Meio Desligado,Os Mutantes,"""A Divina Comédia Ou Ando Meio Desligado""",False,INDIFFERENT,4:46,286,ZNDbwixfGwI,2024-06-30T20:42:28Z,gh-1600
Baby,"Caetano Veloso, Gal Costa",Gal Costa,False,INDIFFERENT,3:33,213,b7d6wnaRm2E,2024-06-30T20:38:55Z,gh-1600
Os Grilos,Walter Wanderley,Batucada,False,INDIFFERENT,4:25,265,TAhYNdnw8z0,2024-06-30T20:34:30Z,gh-1600
Chove Chuva,Jorge Ben,Samba Esquema Novo,,INDIFFERENT,3:05,185,QNBO7wIU3yI,2024-06-30T20:31:25Z,gh-1600
The Girl From Ipanema,Stan Getz,Getz/Gilberto,False,INDIFFERENT,5:25,325,N-TKOh0zsvU,2024-06-30T20:26:00Z,gh-1600
Águas De Março,"Antonio Carlos Jobim, Elis Regina",Elis & Tom,False,INDIFFERENT,3:35,215,BnB1G63XvCQ,2024-06-30T20:22:25Z,gh-1600
Quanno chiove,Massimo Faraò,Massimo Faraò Plays Pino Daniele's Ballads,False,INDIFFERENT,4:45,285,oBvDIIfOuUc,2024-06-30T20:17:40Z,gh-1600
A Taste of Honey,Paul Desmond,Glad To Be Unhappy,False,INDIFFERENT,4:26,266,0gOX4W2PNGM,2024-06-30T20:13:14Z,gh-1600
Blue Rondo à la Turk (Live),"Dave Brubeck, Bill Smith, Randy Jones, and Chris Brubeck",Live at Midem 1983,False,INDIFFERENT,7:09,429,ehuVpI-rhUE,2024-06-30T20:06:05Z,gh-1600
I’ll Come Off The Mountain,Sierra Ferrell,Trail Of Flowers,False,INDIFFERENT,1:45,105,CuJH8d5w5ZM,2024-06-30T01:44:36Z,gh-1593
Lighthouse,Sierra Ferrell,Trail Of Flowers,False,INDIFFERENT,3:39,219,d-KAMXN9VNU,2024-06-30T01:40:57Z,gh-1593
Rosemary,Sierra Ferrell,Trail Of Flowers,False,INDIFFERENT,3:37,217,DoYRPz8DA_U,2024-06-30T01:37:20Z,gh-1593
Why Haven’t You Loved Me Yet,Sierra Ferrell,Trail Of Flowers,True,LIKE,2:16,136,Gp7NDHjgYJM,2024-06-30T01:35:04Z,gh-1593
I Could Drive You Crazy,Sierra Ferrell,Trail Of Flowers,False,INDIFFERENT,3:37,217,Xc0jt3IA31M,2024-06-30T01:31:27Z,gh-1593
Money Train,Sierra Ferrell,Trail Of Flowers,True,LIKE,2:41,161,UEDkBtt9590,2024-06-30T01:28:46Z,gh-1593
Wish You Well,Sierra Ferrell,Trail Of Flowers,True,LIKE,3:39,219,2EFQc_A5N3k,2024-06-29T21:23:28Z,gh-1592
Chittlin’ Cookin’ Time In Cheatham County,Sierra Ferrell,Trail Of Flowers,True,LIKE,3:02,182,7p2-TKipaME,2024-06-29T21:20:26Z,gh-1592
Fox Hunt,Sierra Ferrell,Trail Of Flowers,False,INDIFFERENT,3:18,198,cIznomQuQlg,2024-06-29T21:17:08Z,gh-1592
Dollar Bill Bar,Sierra Ferrell,Trail Of Flowers,False,INDIFFERENT,3:30,210,eTuQoZ1IpDo,2024-06-29T21:13:38Z,gh-1592
American Dreaming,Sierra Ferrell,American Dreaming (Single Edit),False,INDIFFERENT,4:18,258,MARPEvw2Prw,2024-06-29T21:09:20Z,gh-1592
Singin' in the Rain,Gene Kelly,My Best,False,INDIFFERENT,2:58,178,UPMvp49zXzc,2024-06-29T18:29:05Z,gh-1591
The Lonely Goatherd,"Charmian Carr, Heather Menzies, Julie Andrews, Nicholas Hammond",The Sound Of Music (Original Soundtrack Recording),False,INDIFFERENT,3:13,193,K5Wicl6dcEk,2024-06-29T18:25:52Z,gh-1591
Blue (Da Ba Dee) (Video Edit),Eiffel 65,Blue (Da Ba Dee),False,INDIFFERENT,3:40,220,kyzIQKuSqBs,2024-06-29T18:22:12Z,gh-1591
We No Speak Americano,"DCup, Yolanda Be Cool",We No Speak Americano (Complete Remixes),False,INDIFFERENT,4:30,270,lygg5Ju0nNU,2024-06-29T18:17:42Z,gh-1591
"Let It Go (From ""Frozen""/Soundtrack Version)",Idina Menzel,Frozen (Original Motion Picture Soundtrack),False,INDIFFERENT,3:44,224,qSU560anReg,2024-06-29T18:13:58Z,gh-1591
Suspicious Minds,Elvis Presley,Elvis 30 #1 Hits,False,INDIFFERENT,4:33,273,xt8XQLvKBUs,2024-06-29T18:09:25Z,gh-1591
"Thank God I'm a Country Boy (Live at the Universal Amphitheatre, Los Angeles, CA - August/September 1974)",John Denver,An Evening With John Denver,False,INDIFFERENT,3:41,221,TvkgCfS4qOY,2024-06-29T18:05:44Z,gh-1591
Rhinestone Cowboy,Glen Campbell,Rhinestone Cowboy (Expanded Edition),False,INDIFFERENT,3:15,195,9HZkbAuAtgs,2024-06-29T18:02:29Z,gh-1591
"Take Me Home, Country Roads",John Denver,"Poems, Prayers and Promises",False,INDIFFERENT,3:11,191,c0dvabcWVo0,2024-06-29T17:59:18Z,gh-1591
You're Welcome,Dwayne Johnson,Moana (Original Motion Picture Soundtrack/Deluxe Edition),False,INDIFFERENT,2:44,164,5Txvbp3lgws,2024-06-29T17:56:34Z,gh-1591
Crazy,Gnarls Barkley,St. Elsewhere,False,INDIFFERENT,3:03,183,n9dJ9M0vNXY,2024-06-29T17:53:31Z,gh-1591
Lil Boo Thang,Paul Russell,Lil Boo Thang,False,INDIFFERENT,1:55,115,ER8z-iLK91Y,2024-06-29T17:51:36Z,gh-1591
Rasputin (Club Mix),Boney M.,Barbra Streisand - Boney M. Goes Club,False,INDIFFERENT,4:33,273,6qMWRf0dU5s,2024-06-29T15:22:49Z,gh-1590
We No Speak Americano,"DCup, Yolanda Be Cool",We No Speak Americano (Complete Remixes),False,INDIFFERENT,4:30,270,lygg5Ju0nNU,2024-06-28T21:23:44Z,gh-1584
You're Welcome,Dwayne Johnson,Moana (Original Motion Picture Soundtrack/Deluxe Edition),False,INDIFFERENT,2:44,164,5Txvbp3lgws,2024-06-28T21:21:00Z,gh-1584
Dancing Queen,ABBA,Arrival,False,INDIFFERENT,3:51,231,YkLLcIKhJ64,2024-06-28T21:17:09Z,gh-1584
America,Charley Crockett,$10 Cowboy,False,INDIFFERENT,3:24,204,ncUTPdyVbUM,2024-06-28T21:13:45Z,gh-1584
$10 Cowboy,Charley Crockett,$10 Cowboy,False,INDIFFERENT,3:36,216,9aJCmK6VNTE,2024-06-28T21:10:09Z,gh-1584
Shiny,Jemaine Clement,Moana (Original Motion Picture Soundtrack/Deluxe Edition),False,INDIFFERENT,3:06,186,-3Gd2MGuGHw,2024-06-28T21:07:03Z,gh-1584
You're Welcome,Dwayne Johnson,Moana (Original Motion Picture Soundtrack/Deluxe Edition),False,INDIFFERENT,2:44,164,5Txvbp3lgws,2024-06-27T01:37:02Z,gh-1569
How Far I'll Go (Reprise),Auli'i Cravalho,Moana (Original Motion Picture Soundtrack/Deluxe Edition),False,INDIFFERENT,1:28,88,r59Whs87wk4,2024-06-27T01:35:34Z,gh-1569
We Know The Way,"Lin-Manuel Miranda, Opetaia Foa'i",Moana (Original Motion Picture Soundtrack/Deluxe Edition),False,INDIFFERENT,2:22,142,5Vj0FatL2UQ,2024-06-27T01:33:12Z,gh-1569
How Far I'll Go,Auli'i Cravalho,Moana (Original Motion Picture Soundtrack/Deluxe Edition),False,INDIFFERENT,2:44,164,RxIkh6cNxg0,2024-06-27T01:30:28Z,gh-1569
Gypsy,Fleetwood Mac,Greatest Hits,False,INDIFFERENT,4:25,265,cjn0i_D5lWE,2024-06-27T01:26:03Z,gh-1569
9 to 5,Dolly Parton,The Essential Dolly Parton,False,INDIFFERENT,3:01,181,E4OzdyxbOuU,2024-06-27T01:23:02Z,gh-1569
Dancing Queen,ABBA,Arrival,False,INDIFFERENT,3:51,231,YkLLcIKhJ64,2024-06-27T01:19:11Z,gh-1569
The Lonely Goatherd,"Charmian Carr, Heather Menzies, Julie Andrews, Nicholas Hammond",The Sound Of Music (Original Soundtrack Recording),False,INDIFFERENT,3:13,193,K5Wicl6dcEk,2024-06-27T01:15:58Z,gh-1569
Rainbow Connection,Willie Nelson,Rainbow Connection,False,INDIFFERENT,4:30,270,3kih6sGyxCQ,2024-06-26T12:44:16Z,gh-1565
He Will Set Your Fields On Fire,Country Gentlemen,Live In Japan,,INDIFFERENT,4:18,258,znlXbBk18JA,2024-06-26T12:39:58Z,gh-1565
Country Roads,Country Gentlemen,Live In Japan,,INDIFFERENT,2:54,174,efuhX6UJb8c,2024-06-26T12:37:04Z,gh-1565
Matterhorn,Country Gentlemen,Live In Japan,,LIKE,3:15,195,4T2hzBJfrVY,2024-06-26T12:33:49Z,gh-1565
Walking Down The Line,Country Gentlemen,Live In Japan,,INDIFFERENT,2:15,135,pgLLQpWOnvc,2024-06-26T12:31:34Z,gh-1565
Bringing Mary Home,Country Gentlemen,Live In Japan,,INDIFFERENT,3:50,230,OXOVsDgmgVM,2024-06-26T09:26:43Z,gh-1564
I'll Break Out,Country Gentlemen,Live In Japan,,INDIFFERENT,4:13,253,1YKVL7Q8u80,2024-06-26T09:22:30Z,gh-1564
Redwood Hill,Country Gentlemen,Live In Japan,,INDIFFERENT,3:06,186,ji9ynW8vstw,2024-06-26T09:19:24Z,gh-1564
East Virginia Blues,Country Gentlemen,Live In Japan,,INDIFFERENT,3:10,190,DynWMwdIMsY,2024-06-26T09:16:14Z,gh-1564
Little Bessie,Country Gentlemen,Live In Japan,,INDIFFERENT,3:46,226,9qD7l5IxG0w,2024-06-26T09:12:28Z,gh-1564
Fox On The Run,Country Gentlemen,Live In Japan,,INDIFFERENT,2:51,171,dsNeE6DeSsk,2024-06-26T09:09:37Z,gh-1564
Rumble of the Diesel,Les Claypool,Of Whales And Woe,,LIKE,4:04,244,_-ceV24iOn0,2024-06-25T21:23:07Z,gh-1560
Ripple,Grateful Dead,Complete Studio Rarities Collection,False,INDIFFERENT,3:02,182,oT5MF8YAMTA,2024-06-25T21:20:05Z,gh-1560
"Little Joe (feat. Andrew Marlin, Noam Pikelny, Chris Eldridge & Alex Hargreaves)",Mighty Poplar,Mighty Poplar,,LIKE,3:04,184,xQ-kxkDP8H0,2024-06-25T21:17:01Z,gh-1560
Arkansas Traveler,Norman Blake,Whiskey Before Breakfast,,INDIFFERENT,3:05,185,jwpEv-Gc20o,2024-06-25T21:13:56Z,gh-1560
Little Birdy,Ween,Pure Guava,False,INDIFFERENT,3:31,211,SSuuz_sh_pI,2024-06-25T21:10:25Z,gh-1560
Turn Of The Century,"David Grisman, Tony Rice",Tone Poems,,INDIFFERENT,2:57,177,VkniCrXv2OI,2024-06-25T21:07:28Z,gh-1560
Mona,Sam Armstrong-Zickefoose,Mona,True,LIKE,3:04,184,YMy_q-X1CIs,2024-06-25T21:04:24Z,gh-1560
!Aqua No Ma!,"Up, Bustle & Out",Contraband,False,INDIFFERENT,4:49,289,5ONTn5VjfjQ,2024-06-25T20:59:35Z,gh-1560
Possesion Dub,Mark Stewart,Metatron,False,INDIFFERENT,3:16,196,EhPU3CpVlU4,2024-06-25T20:56:19Z,gh-1560
Time To Rhyme (Featuring The General),Smith & Mighty,The Three Stripe Collection 1985 - 1990,False,INDIFFERENT,3:13,193,WS6aRBuT48U,2024-06-25T20:53:06Z,gh-1560
Hell Is Round The Corner,"Martina Topley-Bird, Tricky",Maxinquaye (Deluxe Edition),False,INDIFFERENT,3:48,228,C4ebCs2mWaw,2024-06-25T20:49:18Z,gh-1560
Angel (feat. Horace Andy),Massive Attack,Mezzanine,False,INDIFFERENT,6:20,380,HLrqNhgdiC0,2024-06-25T20:42:58Z,gh-1560
Revolutionary Woman of The Windmill (Parte Segunda),"Up, Bustle & Out",Revolutionary Woman (Of The Windmill) (La Bandora Del Molino),False,INDIFFERENT,3:43,223,XQjBUAPCzAM,2024-06-25T20:39:15Z,gh-1560
Buddy X,Neneh Cherry,Homebrew,False,INDIFFERENT,2:49,169,rgHxMrdlwN0,2024-06-25T20:36:26Z,gh-1560
Wandering Star,Portishead,Dummy,False,INDIFFERENT,4:54,294,8T0cRt8efsQ,2024-06-25T20:31:32Z,gh-1560
Anyone,Smith & Mighty,The Three Stripe Collection 1985 - 1990,False,INDIFFERENT,5:54,354,YT1Hz0LE0Qs,2024-06-25T20:25:38Z,gh-1560
Poems (Edit) (feat. Terry Hall & Martina Topley-Bird),Nearly God,A Ruff Guide To,False,INDIFFERENT,4:15,255,5Fkld-gYuq8,2024-06-25T20:21:23Z,gh-1560
Protection (feat. Tracey Thorn),Massive Attack,Protection,False,INDIFFERENT,7:52,472,h3-PvKIc3e4,2024-06-25T18:27:12Z,gh-1559
All out King (feat. Romanowski),"Up, Bustle & Out",Mexican Sessions - Our Simple Sensational Sound,False,INDIFFERENT,5:24,324,8lfSfBuaYNs,2024-06-25T18:21:48Z,gh-1559
Gorecki,Lamb,Lamb,False,INDIFFERENT,6:31,391,cfsmETjZhwY,2024-06-25T18:15:17Z,gh-1559
The Rip,Portishead,Third,False,INDIFFERENT,4:31,271,f9-nAYmLw2A,2024-06-25T18:10:46Z,gh-1559
Spin Spin Sugar (Radio Edit),Sneaker Pimps,Spin Spin Sugar,False,INDIFFERENT,3:36,216,Cbuh7rILQZE,2024-06-25T18:07:10Z,gh-1559
This Time Is Different,Monk & Canatella,Who's Who?,False,INDIFFERENT,3:29,209,1Jd37LXQyaw,2024-06-25T18:03:41Z,gh-1559
Safe From Harm (2012 Mix/Master),Massive Attack,Blue Lines (2012 Mix/Master),False,INDIFFERENT,5:19,319,YVrMBBR5QW8,2024-06-25T17:58:22Z,gh-1559
I Be The Prophet (With Drums) (feat. Martina Topley-Bird),Nearly God,A Ruff Guide To,False,INDIFFERENT,4:54,294,71e5w4kwDp8,2024-06-25T17:53:28Z,gh-1559
Second Movement,Krust,Coded Language,False,INDIFFERENT,6:06,366,yTw09M6fbt0,2024-06-25T17:47:22Z,gh-1559
Sour Times,Portishead,Dummy,False,INDIFFERENT,4:13,253,VoSoZyiHZ6o,2024-06-25T17:43:09Z,gh-1559
Heroes,Roni Size & Reprazent,New Forms (20th Anniversary Edition),False,INDIFFERENT,6:35,395,S60DEe_LxWI,2024-06-25T17:36:34Z,gh-1559
What To Do But Cry,The Third Eye Foundation,Ghost,False,INDIFFERENT,7:00,420,TPm6fW7Dg94,2024-06-25T17:29:34Z,gh-1559
Stranger Than Love,Mark Stewart,Mark Stewart,False,INDIFFERENT,5:30,330,_7btR8DGees,2024-06-25T17:24:04Z,gh-1559
Same (feat. Tammy Payne),Smith & Mighty,"Sunday in Bed, Vol. 5 - the Essential Tracks (Sexy Sounds for Lazy Lovers)",False,INDIFFERENT,6:26,386,9Cdabi3VOLE,2024-06-25T17:17:38Z,gh-1559
Gabriel,Lamb,What Sound,False,INDIFFERENT,4:21,261,KovEbIXZUkQ,2024-06-25T17:13:17Z,gh-1559
All Mine,Portishead,Portishead,False,INDIFFERENT,4:01,241,ymEjfp_o-yQ,2024-06-25T17:09:16Z,gh-1559
Brown Paper Bag,Roni Size & Reprazent,New Forms (20th Anniversary Edition),False,INDIFFERENT,9:04,544,UVTGs7dYLDY,2024-06-25T17:00:12Z,gh-1559
Paradise Circus,Massive Attack,Heligoland,False,INDIFFERENT,4:58,298,6hUkyKBsGtQ,2024-06-25T16:55:14Z,gh-1559
Lullaby,Martina Topley-Bird,Quixotic,False,INDIFFERENT,4:23,263,uNuMqDaqwas,2024-06-25T16:50:51Z,gh-1559
At the River (Radio Edit),Groove Armada,Headliners,False,INDIFFERENT,3:03,183,eID7sTHFcB0,2024-06-25T16:47:48Z,gh-1559
Angelica,Lamb,The Best Of Lamb 1996-2004 - Best Kept Secrets,False,INDIFFERENT,3:45,225,cvtwiaZweqA,2024-06-25T16:44:03Z,gh-1559
Glory Box,Portishead,Dummy,False,INDIFFERENT,5:09,309,c417rIku6Iw,2024-06-25T16:38:54Z,gh-1559
Start Shootin',Little People,Mickey Mouse Operation,False,INDIFFERENT,3:37,217,TRxgOHucrp8,2024-06-25T16:35:17Z,gh-1559
Bonnie & Clyde,Tricky,False Idols,False,INDIFFERENT,3:05,185,ZS0jUVApIBk,2024-06-25T16:32:12Z,gh-1559
Manchild,Neneh Cherry,Raw Like Sushi,False,INDIFFERENT,3:53,233,jMK1fO6X64Q,2024-06-25T16:28:19Z,gh-1559
Unfinished Sympathy (2012 Mix/Master),Massive Attack,Blue Lines (2012 Mix/Master),False,INDIFFERENT,5:09,309,VLRa4nvkTy4,2024-06-25T16:23:10Z,gh-1559
Let It Take You There,Maximum Joy,Station MXJY,False,INDIFFERENT,6:06,366,GAmJN2P8xMw,2024-06-25T16:17:04Z,gh-1559
Roads,Portishead,Dummy,False,INDIFFERENT,5:04,304,7nxWP9BhI7w,2024-06-25T16:12:00Z,gh-1559
Who's Got The Bacon?,Howie B.,Turn The Dark Off,False,INDIFFERENT,4:25,265,kNdgvlm6zw0,2024-06-25T16:07:35Z,gh-1559
Que Sera,Wax Tailor,Tales of the Forgotten Melodies,,INDIFFERENT,2:45,165,TTLat9iFRp8,2024-06-25T16:04:50Z,gh-1559
Yatton,Beak>,>>,False,INDIFFERENT,5:20,320,rRSGwvKlhHI,2024-06-25T15:59:30Z,gh-1559
Karmacoma,Massive Attack,Protection,False,INDIFFERENT,5:17,317,GuAwIatmN3U,2024-06-25T15:54:13Z,gh-1559
Sweet Tides,Thievery Corporation,Radio Retaliation,False,INDIFFERENT,4:49,289,ioQusxXKPFM,2024-06-25T15:49:24Z,gh-1559
Only You,Portishead,Portishead,False,INDIFFERENT,5:00,300,kKSXBc2bwXs,2024-06-25T15:44:24Z,gh-1559
The Truth (feat. Roisin & J-Live),Handsome Boy Modeling School,So...How's Your Girl?,False,INDIFFERENT,5:38,338,gjEmwvsIhuE,2024-06-25T15:38:46Z,gh-1559
Aftermath,"Martina Topley-Bird, Tricky",Maxinquaye,False,INDIFFERENT,7:39,459,oknFfFIeLyM,2024-06-25T15:31:07Z,gh-1559
6 Underground,Sneaker Pimps,Becoming X,False,INDIFFERENT,3:49,229,ATAj1iyzi_o,2024-06-25T15:25:33Z,gh-1558
New Forms (feat. Bahamadia),Roni Size & Reprazent,New Forms (20th Anniversary Edition),False,INDIFFERENT,7:45,465,gFULYWF6ezc,2024-06-25T15:17:48Z,gh-1558
Teardrop (feat. Elizabeth Fraser),Massive Attack,Mezzanine,False,INDIFFERENT,5:31,331,3h-JYx76QNM,2024-06-25T15:12:17Z,gh-1558
Colorado River,Trout Steak Revival,Brighter Every Day,False,INDIFFERENT,3:02,182,8u30xaUNOdk,2024-06-25T06:33:11Z,gh-1555
Years,Sierra Ferrell,Years,False,INDIFFERENT,3:00,180,vg4sGkehWBw,2024-06-25T06:30:11Z,gh-1555
Annabel,The Duhks,Your Daughters & Your Sons,False,INDIFFERENT,4:24,264,oQV-AqsaFAw,2024-06-25T06:25:47Z,gh-1555
Mockingbird,Low Gap,Mockingbird,False,INDIFFERENT,3:30,210,5jztdx26lAM,2024-06-25T06:22:17Z,gh-1555
Carolina (feat. Lucius),Lukas Nelson & Promise of the Real,Lukas Nelson & Promise Of The Real,False,INDIFFERENT,3:16,196,ePgi-wldcbU,2024-06-25T06:19:01Z,gh-1555
Fox Hunt,Sierra Ferrell,Fox Hunt,False,INDIFFERENT,3:17,197,lLVITH62c8I,2024-06-25T06:15:44Z,gh-1555
Killers of the Flower Moon,Charley Crockett,Killers of the Flower Moon,False,INDIFFERENT,3:14,194,tM3-u1u0nxQ,2024-06-25T06:12:30Z,gh-1555
Long Distance Call (feat. Bonnie Raitt),Little Feat,Sam's Place,False,INDIFFERENT,4:00,240,YK83ZrfFYy8,2024-06-25T06:08:30Z,gh-1555
Live with Less,John Craigie,"No Rain, No Rose",False,INDIFFERENT,3:25,205,Hj04lRIfKv8,2024-06-25T06:05:05Z,gh-1555
Brushy Mountain Conjugal Trailer,Old Crow Medicine Show,Remedy,False,INDIFFERENT,3:51,231,-F3EJa4bHs4,2024-06-25T06:01:14Z,gh-1555
Hard Luck & Circumstances,Charley Crockett,Hard Luck & Circumstances,False,INDIFFERENT,3:05,185,cnjfEGezbxk,2024-06-25T05:58:09Z,gh-1555
Travelin' Blues,Cristina Vane,Nowhere Sounds Lovely,False,INDIFFERENT,3:05,185,L-y3RrIuCIU,2024-06-25T05:55:04Z,gh-1555
Ways To Be Wicked (feat. Mike Campbell),Margo Price,Ways To Be Wicked,False,INDIFFERENT,3:28,208,D8J6raIsLTQ,2024-06-25T05:51:36Z,gh-1555
Get Used to the Night,Nathaniel Rateliff & The Night Sweats,Get Used to the Night,False,INDIFFERENT,3:24,204,Uk15MfEktjc,2024-06-25T05:48:12Z,gh-1555
Lock and Key,The Wild Reeds,Blind and Brave,,INDIFFERENT,3:29,209,WZdkQoS5TPE,2024-06-25T05:44:43Z,gh-1555
Recognize,The Wild Reeds,Blind and Brave,,INDIFFERENT,3:24,204,6_dERSnH5O8,2024-06-25T05:41:19Z,gh-1555
When I Go,The Wild Reeds,Blind and Brave,,INDIFFERENT,2:14,134,ysO3nD_mCeY,2024-06-25T05:39:05Z,gh-1555
Judgement,The Wild Reeds,Blind and Brave,,INDIFFERENT,4:14,254,Yl0hfquOxEY,2024-06-25T05:34:51Z,gh-1555
Love Letter,The Wild Reeds,Blind and Brave,,INDIFFERENT,3:08,188,k3G0C-_F_VY,2024-06-25T05:31:43Z,gh-1555
Foreigner,The Wild Reeds,Blind and Brave,,INDIFFERENT,4:42,282,iKjN3uHbPj8,2024-06-25T05:27:01Z,gh-1555
Blind and Brave,The Wild Reeds,Blind and Brave,,INDIFFERENT,5:28,328,qZhmUCieAHc,2024-06-25T05:21:33Z,gh-1555
Let No Grief,The Wild Reeds,Blind and Brave,,INDIFFERENT,4:35,275,ZBJtMNbzkBc,2024-06-25T05:16:58Z,gh-1555
Of All the Dreams,The Wild Reeds,Blind and Brave,,LIKE,3:33,213,FRZJw9-JPg8,2024-06-25T05:13:25Z,gh-1555
Yuma,Justin Townes Earle,Yuma,False,INDIFFERENT,3:06,186,nJBn8Y6gIpY,2024-06-25T05:10:19Z,gh-1555
Ooh La La,Redbird,Live At The Cafe Carpe,False,INDIFFERENT,3:34,214,L5ryzBPx0tQ,2024-06-25T05:06:45Z,gh-1555
Hank's Checkout Line,Nick Shoulders,"Okay, Crawdad",,INDIFFERENT,3:35,215,YC3urP7nUHA,2024-06-25T05:03:10Z,gh-1555
I Don't Mind,Sturgill Simpson,Cuttin' Grass - Vol. 1 (Butcher Shoppe Sessions),False,INDIFFERENT,4:30,270,xYcmf9cRp7A,2024-06-25T04:58:40Z,gh-1555
Like a Wave,Cat Clyde,Ivory Castanets,False,INDIFFERENT,3:11,191,as1EzpWyP7U,2024-06-25T04:55:29Z,gh-1555
Run Run Run,Pokey LaFarge,Rhumba Country,,INDIFFERENT,3:35,215,x2S95yyhnGc,2024-06-25T04:51:54Z,gh-1555
Jeremiah,Sierra Ferrell,Jeremiah / Why’d Ya Do It,False,INDIFFERENT,3:05,185,Zqr4zb-0Ps0,2024-06-25T04:48:49Z,gh-1555
Welcome to Hard Times,Charley Crockett,Welcome to Hard Times,False,INDIFFERENT,3:06,186,rdIbTjWr_JQ,2024-06-25T04:45:43Z,gh-1555
You Ain’t Special,Cristina Vane,You Ain’t Special,False,INDIFFERENT,2:39,159,GjNRvNAUtVM,2024-06-25T04:43:04Z,gh-1555
Jesus,Amos Lee,Transatlantic Sessions - Series 5: Volume One,False,INDIFFERENT,3:00,180,3wmhQBOJnVQ,2024-06-24T18:31:05Z,gh-1550
The Lake Charles Waltz,Phil Cunningham,Transatlantic Sessions - Series 5: Volume One,False,INDIFFERENT,4:13,253,rGHUdN2VZdA,2024-06-24T18:26:52Z,gh-1550
Pé in Éirinn Í (Whoever she may be),Muireann Nic Amblaoibh,Transatlantic Sessions - Series 5: Volume One,False,INDIFFERENT,5:36,336,VD2rUCebIzk,2024-06-24T18:21:16Z,gh-1550
Time Machine,Declan O’Rourke,Transatlantic Sessions - Series 5: Volume One,False,INDIFFERENT,4:43,283,rPAaO1YbGnY,2024-06-24T18:16:33Z,gh-1550
Dreamcatcher / Off the Hook,Sharon Shannon,Transatlantic Sessions - Series 5: Volume One,False,INDIFFERENT,3:47,227,Xo9IaVoDmEI,2024-06-24T18:12:46Z,gh-1550
Same Ol' River,Sam Bush,Transatlantic Sessions - Series 5: Volume One,False,INDIFFERENT,5:18,318,v4Z8YEokINU,2024-06-24T18:07:28Z,gh-1550
Annabel Lee,Sarah Jarosz,Transatlantic Sessions - Series 5: Volume One,False,INDIFFERENT,3:09,189,7U8Z8tE1Fc0,2024-06-24T18:04:19Z,gh-1550
Fire in my Hands,Iain Morrison,Transatlantic Sessions - Series 5: Volume One,False,INDIFFERENT,3:42,222,ynI9It0n8oA,2024-06-24T18:00:37Z,gh-1550
Helvic Head / Kiss the Maid,Michael Mcgoldrick,Transatlantic Sessions - Series 5: Volume One,False,INDIFFERENT,4:45,285,9yjFayVle-A,2024-06-24T17:55:52Z,gh-1550
Lay my Burden Down,Alison Krauss,Transatlantic Sessions - Series 5: Volume One,False,INDIFFERENT,4:03,243,B6KYptCJhA8,2024-06-24T17:51:49Z,gh-1550
Boats up the River,Dirk Powell,Transatlantic Sessions - Series 5: Volume One,False,INDIFFERENT,4:26,266,WLHHNJk9dBA,2024-06-24T17:47:23Z,gh-1550
Leezie Lindsay,Eddi Reader,Transatlantic Sessions - Series 5: Volume One,False,INDIFFERENT,4:03,243,5ZmBtF-Fgdk,2024-06-24T17:43:20Z,gh-1550
Falani,Béla Fleck,Transatlantic Sessions - Series 5: Volume One,False,INDIFFERENT,4:47,287,LtQv3AfBbXc,2024-06-24T17:38:33Z,gh-1550
Oran Na Cloiche (Song of 'The' Stone),Kathleen Macinnes,Transatlantic Sessions - Series 5: Volume One,False,INDIFFERENT,3:22,202,WdG190M7jjM,2024-06-24T17:35:11Z,gh-1550
Goin' Down the Road Feelin' Bad,Eric Bibb,Transatlantic Sessions - Series 5: Volume One,False,INDIFFERENT,3:54,234,Z-wMlQZtSkg,2024-06-24T17:31:17Z,gh-1550
The Boys of 25 / The Glass of Beer,Aly Bain,Transatlantic Sessions - Series 5: Volume One,False,INDIFFERENT,2:40,160,O_JIZWFyxYI,2024-06-24T17:28:37Z,gh-1550
I'm Looking Over A Four-Leaf Clover,Willie Nelson,Rainbow Connection,False,INDIFFERENT,2:31,151,DTmdAER049o,2024-06-24T16:41:53Z,gh-1550
Rainbow Connection,Willie Nelson,Rainbow Connection,False,INDIFFERENT,4:30,270,3kih6sGyxCQ,2024-06-24T16:37:23Z,gh-1550
The Thirty-Third Of August,Willie Nelson,Rainbow Connection,False,INDIFFERENT,4:34,274,0dYwATa970w,2024-06-24T06:31:55Z,gh-1546
Just Dropped In (To See What Condition My Condition Was In),Willie Nelson,Rainbow Connection,False,INDIFFERENT,3:43,223,6f754xyJ63U,2024-06-24T06:28:12Z,gh-1546
Outskirts Of Town,Willie Nelson,Rainbow Connection,False,INDIFFERENT,7:21,441,lZxGc1S3pq0,2024-06-24T06:20:51Z,gh-1546
Wouldn't Have It Any Other Way,Willie Nelson,Rainbow Connection,False,INDIFFERENT,1:56,116,isESpQALFVY,2024-06-24T06:18:55Z,gh-1546
I'm My Own Grandpa,Willie Nelson,Rainbow Connection,False,INDIFFERENT,3:20,200,bkX7IW7jpMw,2024-06-24T06:15:35Z,gh-1546
Rainbow Connection,Willie Nelson,Rainbow Connection,False,INDIFFERENT,4:30,270,3kih6sGyxCQ,2024-06-24T06:11:05Z,gh-1546
If Your Hair's Too Long (There's Sin In Your Heart),Billy Strings,"2023/05/12 Morrison, CO",,INDIFFERENT,4:06,246,TyN01LeL8Qc,2024-06-24T01:37:36Z,gh-1544
Money Train,Sierra Ferrell,Trail Of Flowers,True,LIKE,2:41,161,UEDkBtt9590,2024-06-24T01:34:55Z,gh-1544
Rosemary,Sierra Ferrell,Trail Of Flowers,False,INDIFFERENT,3:37,217,DoYRPz8DA_U,2024-06-24T01:31:18Z,gh-1544
American Dreaming,Sierra Ferrell,Trail Of Flowers,False,INDIFFERENT,4:18,258,V3QabRHBbZY,2024-06-24T01:27:00Z,gh-1544
Dollar Bill Bar,Sierra Ferrell,Trail Of Flowers,False,INDIFFERENT,3:30,210,eTuQoZ1IpDo,2024-06-24T01:23:30Z,gh-1544
$10 Cowboy,Charley Crockett,$10 Cowboy,False,INDIFFERENT,3:36,216,9aJCmK6VNTE,2024-06-24T01:19:54Z,gh-1544
Big City,Merle Haggard,Big City,False,INDIFFERENT,3:01,181,EQLcALO4pVY,2024-06-23T21:24:23Z,gh-1543
Me And Bobby McGee,Kris Kristofferson,The Essential Highwaymen,False,INDIFFERENT,4:11,251,Akj9q0c7GoU,2024-06-23T21:20:12Z,gh-1543
"Sierra Ferrell | ""Me and Bobby McGee"" | The Warfield S.F. | 03/08/2024","72K views, MrTopdogger",,,INDIFFERENT,4:38,278,HCDcuwwQtRI,2024-06-23T21:15:34Z,gh-1543
Bootlegger's Boy,Old Crow Medicine Show,Carry Me Back,False,INDIFFERENT,3:27,207,cEzNC7o4xyQ,2024-06-23T21:12:07Z,gh-1543
Walk On Boy,"Billy Strings, Don Julin",Fiddle Tune X,,INDIFFERENT,3:42,222,mXIDWr-EAgo,2024-06-23T21:08:25Z,gh-1543
Why’d Ya Do It,Sierra Ferrell,Jeremiah / Why’d Ya Do It,False,INDIFFERENT,3:38,218,BeK5w6o7EJk,2024-06-23T21:04:47Z,gh-1543
American Dreaming,Sierra Ferrell,American Dreaming (Single Edit),False,INDIFFERENT,4:18,258,MARPEvw2Prw,2024-06-22T18:27:43Z,gh-1534
Whiskey In The Jar,"David Grisman, Jerry Garcia",Shady Grove,False,INDIFFERENT,4:16,256,Y2nkQQkjCU8,2024-06-22T18:23:27Z,gh-1534
How 'Bout You?,Yonder Mountain String Band,Yonder Mountain String Band,False,INDIFFERENT,3:46,226,wWS7dZahs70,2024-06-22T18:19:41Z,gh-1534
Columbus Stockade Blues,"Doc Watson, Richard Watson",Third Generation Blues,False,INDIFFERENT,3:32,212,rVAXyZCbFdI,2024-06-22T18:16:09Z,gh-1534
Rye Whiskey,Punch Brothers,Antifogmatic,True,INDIFFERENT,3:30,210,jXfE-e4a3GU,2024-06-22T18:12:39Z,gh-1534
Black Rock,The Infamous Stringdusters,The Infamous Stringdusters,False,INDIFFERENT,3:32,212,kQUvdEQav4U,2024-06-22T18:09:07Z,gh-1534
Let It Go,The Infamous Stringdusters,Let It Go,False,INDIFFERENT,2:26,146,nLXLqMS7KQ4,2024-06-22T18:06:41Z,gh-1534
Evening Sky (Slowed),Austin Farwell,The Slowed Album,False,INDIFFERENT,2:55,175,tmLPUhKuO0U,2024-06-22T09:25:41Z,gh-1531
Smokes Quantity,Boards of Canada,Music Has The Right To Children,False,INDIFFERENT,3:08,188,Smkz8TyAheo,2024-06-22T09:22:33Z,gh-1531
Invisible [Piano Version] (feat. Sofiane Pamart),NTO,Invisible,False,INDIFFERENT,2:55,175,UuUyQlx09Dk,2024-06-22T09:19:38Z,gh-1531
Voigt-Kampf,Rafael Anton Irisarri,Daydreaming,False,INDIFFERENT,3:07,187,Nuk2HYBnB6c,2024-06-22T09:16:31Z,gh-1531
Ineffable,Hammock,Ineffable,False,INDIFFERENT,3:02,182,FpQp6xK1ER8,2024-06-22T09:13:29Z,gh-1531
A Meaningful Moment Through a Meaning(less) Process,Stars of the Lid,And Their Refinement of the Decline,,INDIFFERENT,4:33,273,T9lV5-wbPqw,2024-06-22T09:08:56Z,gh-1531
Dub for Cascadia,loscil,Endless Falls,,LIKE,6:07,367,cjjEiKJjxGU,2024-06-22T09:02:49Z,gh-1531
No Drums,Tim Hecker,"Ravedeath, 1972",False,INDIFFERENT,3:25,205,qdmbbiMRe48,2024-06-22T08:59:24Z,gh-1531
Ours Every Day,Helios,Moiety,False,INDIFFERENT,3:15,195,rsDv29zmpQY,2024-06-22T08:56:09Z,gh-1531
Mistral,loscil,Plume,False,INDIFFERENT,6:01,361,2rzkn_74crs,2024-06-22T08:50:08Z,gh-1531
Charlie,loscil,Plume,False,INDIFFERENT,8:50,530,lm9BbFaFXPk,2024-06-22T08:41:18Z,gh-1531
Halcyon,loscil,Plume,False,INDIFFERENT,7:22,442,36hSyE-F0H0,2024-06-22T08:33:56Z,gh-1531
Bellows,loscil,Plume,False,INDIFFERENT,6:27,387,7T5EZ_wPqCI,2024-06-22T08:27:29Z,gh-1531
Chinook,loscil,Plume,False,INDIFFERENT,6:58,418,mFECYlygl6g,2024-06-22T08:20:31Z,gh-1531
Steam,loscil,Plume,False,INDIFFERENT,6:56,416,xEUg_TDpwg0,2024-06-22T08:13:35Z,gh-1531
Zephyr,loscil,Plume,False,INDIFFERENT,5:20,320,1EXc96ZBPX4,2024-06-22T08:08:15Z,gh-1531
Rorschach,loscil,Plume,False,INDIFFERENT,8:20,500,-VxwbHL78HI,2024-06-22T07:59:55Z,gh-1531
Motoc,loscil,Plume,False,INDIFFERENT,6:30,390,zBCKNhgD2A8,2024-06-22T07:53:25Z,gh-1531
Crazy (Live from the Basement),Gnarls Barkley,Crazy (Live From The Basement),False,INDIFFERENT,4:56,296,i1n8HvxgYM8,2024-06-22T06:28:41Z,gh-1530
I Think You're Crazy,Angel Aya,I Think You're Crazy,False,INDIFFERENT,3:00,180,Y3O9JgXaai8,2024-06-22T06:25:41Z,gh-1530
Revelator,Gillian Welch,Time (The Revelator),False,INDIFFERENT,6:22,382,rV_uFpbXZ9k,2024-06-21T18:27:49Z,gh-1526
Ol' Dood (Part I),Sturgill Simpson,The Ballad of Dood & Juanita,,INDIFFERENT,2:58,178,46-MBYm4xnc,2024-06-21T18:24:51Z,gh-1526
Snakes and Waterfalls,Nick Shoulders,Lonely Like Me,False,INDIFFERENT,4:03,243,-qmRj2I7KWg,2024-06-21T18:20:48Z,gh-1526
Casey's Last Ride,Kris Kristofferson,The Essential Kris Kristofferson,False,INDIFFERENT,3:36,216,3sOZCkN-4Tc,2024-06-21T18:17:12Z,gh-1526
In Spite of Ourselves (feat. Iris DeMent),John Prine,In Spite of Ourselves,False,INDIFFERENT,3:34,214,WWclZpTBRaU,2024-06-21T18:13:38Z,gh-1526
All Around You,Sturgill Simpson,Cuttin' Grass - Vol. 1 (Butcher Shoppe Sessions),False,INDIFFERENT,3:10,190,kXGugEWmnSg,2024-06-21T18:10:28Z,gh-1526
Too Old to Dream,Nick Shoulders,"Okay, Crawdad",,INDIFFERENT,2:53,173,7fZsQS7GksQ,2024-06-21T18:07:35Z,gh-1526
Harvest Moon (feat. AJ Lee & Blue Summit),The Brothers Comatose,Harvest Moon,False,INDIFFERENT,4:42,282,4yRxiQ7AxKw,2024-06-21T18:02:53Z,gh-1526
Funny How Time Slips Away,Willie Nelson,And Then I Wrote,False,INDIFFERENT,3:06,186,N-EZTsCjQR8,2024-06-21T17:59:47Z,gh-1526
Low Sun,Hermanos Gutiérrez,Low Sun,False,INDIFFERENT,3:09,189,I5gVdQgjWas,2024-06-21T17:56:38Z,gh-1526
Where Have All The Average People Gone (Single Version),Roger Miller,Roger Miller,,LIKE,3:02,182,6ZOMPIZnCPg,2024-06-21T17:53:36Z,gh-1526
West Virginia Waltz,Sierra Ferrell,Long Time Coming,,INDIFFERENT,3:34,214,1bE7LApwxUk,2024-06-21T17:50:02Z,gh-1526
Black Sedan,Charley Crockett,The Man from Waco,False,INDIFFERENT,3:25,205,4Y9RolTqiuM,2024-06-21T17:46:37Z,gh-1526
We Don't Grow Tobacco,Old Crow Medicine Show,Carry Me Back,False,INDIFFERENT,3:55,235,-wuJ9985T3Q,2024-06-21T17:42:42Z,gh-1526
"One in the Saddle, One on the Ground",Sturgill Simpson,The Ballad of Dood & Juanita,,INDIFFERENT,3:16,196,1xwdG5Kvns4,2024-06-21T17:39:26Z,gh-1526
Lonely Like Me,Nick Shoulders,Lonely Like Me,False,INDIFFERENT,3:10,190,YnZHdMxwlSQ,2024-06-21T17:36:16Z,gh-1526
Thunderstorms and Neon Signs,Wayne Hancock,Thunderstorms and Neon Signs,,INDIFFERENT,3:43,223,4Sx2PtajajU,2024-06-21T17:32:33Z,gh-1526
Time of the Cottonwood Trees,Charley Crockett,The Man from Waco,False,INDIFFERENT,2:54,174,CeEiBLCP8j8,2024-06-21T17:29:39Z,gh-1526
Bob Wills Is Still the King,Waylon Jennings,Dreaming My Dreams,False,INDIFFERENT,3:34,214,OVFjGc6NxKo,2024-06-21T17:26:05Z,gh-1526
Midnight Cowboy,Charley Crockett,$10 Cowboy,False,INDIFFERENT,2:58,178,dIov-HNjYHk,2024-06-21T17:23:07Z,gh-1526
Lead The Way,Charley Crockett,$10 Cowboy,False,INDIFFERENT,3:59,239,Q5DA1Yxb3hk,2024-06-21T17:19:08Z,gh-1526
City of Roses,Charley Crockett,$10 Cowboy,False,INDIFFERENT,3:37,217,XzbqHtIr4fM,2024-06-21T17:15:31Z,gh-1526
Solitary Road,Charley Crockett,$10 Cowboy,False,INDIFFERENT,3:32,212,iCYsg3NljNQ,2024-06-21T17:11:59Z,gh-1526
Ain't Done Losing Yet,Charley Crockett,$10 Cowboy,False,INDIFFERENT,3:19,199,dTsSwBU8IEY,2024-06-21T17:08:40Z,gh-1526
Diamond In The Rough,Charley Crockett,$10 Cowboy,False,INDIFFERENT,3:19,199,OP-S296011Y,2024-06-21T17:05:21Z,gh-1526
Spade,Charley Crockett,$10 Cowboy,False,INDIFFERENT,2:30,150,fOfAGJr-rkk,2024-06-21T17:02:51Z,gh-1526
Gettin' Tired Again,Charley Crockett,$10 Cowboy,False,INDIFFERENT,2:51,171,YVJH4M7L20s,2024-06-21T17:00:00Z,gh-1526
Good At Losing,Charley Crockett,$10 Cowboy,False,INDIFFERENT,3:45,225,uVlHMrpN_qk,2024-06-21T16:56:15Z,gh-1526
Hard Luck & Circumstances,Charley Crockett,$10 Cowboy,False,INDIFFERENT,3:05,185,Ui1dhDSugO8,2024-06-21T16:53:10Z,gh-1526
America,Charley Crockett,$10 Cowboy,False,INDIFFERENT,3:24,204,ncUTPdyVbUM,2024-06-21T16:49:46Z,gh-1526
$10 Cowboy,Charley Crockett,$10 Cowboy,False,INDIFFERENT,3:36,216,9aJCmK6VNTE,2024-06-21T16:46:10Z,gh-1526
Queen of Hearts (Live) (feat. Sierra Hull),Country's Family Reunion,Sierra Hull at Larry's Country Diner (Live / Vol. 1),False,INDIFFERENT,5:33,333,OpoJ9Ozgkiw,2024-06-20T01:32:19Z,gh-1512
Lullaby (Live) (feat. Sierra Hull),Country's Family Reunion,Sierra Hull at Larry's Country Diner (Live / Vol. 1),False,INDIFFERENT,3:56,236,m9Irs8lRF4s,2024-06-20T01:28:23Z,gh-1512
After You've Gone (Live) (feat. Sierra Hull),Country's Family Reunion,Sierra Hull at Larry's Country Diner (Live / Vol. 1),False,INDIFFERENT,4:01,241,FgHRKgfHL7g,2024-06-20T01:24:22Z,gh-1512
Weighted Mind,Sierra Hull,Weighted Mind,False,INDIFFERENT,3:44,224,BabkxTN1xYc,2024-06-20T01:20:38Z,gh-1512
Hold Whatcha Got (Live),Big Richard,Live from Telluride,False,INDIFFERENT,3:32,212,IkBbSmuKNfE,2024-06-20T01:17:06Z,gh-1512
Toxic (Live),Big Richard,Live from Telluride,False,INDIFFERENT,4:55,295,QxUSHJYIk50,2024-06-20T01:12:11Z,gh-1512
All the Good Girls Go to Hell (Live),Big Richard,Live from Telluride,False,INDIFFERENT,2:42,162,Z321k_eZc7A,2024-06-20T01:09:29Z,gh-1512
Creep (Live),Big Richard,Live from Telluride,False,INDIFFERENT,4:06,246,sO9qjDiT1jQ,2024-06-20T01:05:23Z,gh-1512
Lemons and Tangerines,Aj Lee & Blue Summit,Lemons and Tangerines,False,INDIFFERENT,4:20,260,yVzZIBOaBLA,2024-06-20T01:01:03Z,gh-1512
Sweet Appalachia,Del McCoury Band,Family Circle,False,INDIFFERENT,3:41,221,GJr_fjr5vA4,2024-06-20T00:57:22Z,gh-1512
All Aboard,Del McCoury Band,By Request,False,INDIFFERENT,3:57,237,fUOsMbskHDE,2024-06-20T00:53:25Z,gh-1512
"AJ Lee & Blue Summit - ""Who Walks In When I Walk Out"" (live on eTown)","16K views, eTown",,,INDIFFERENT,5:21,321,HXn2xX0MP_s,2024-06-20T00:48:04Z,gh-1512
Magdalene,Aj Lee & Blue Summit,Magdalene,False,INDIFFERENT,3:11,191,TCKW7SQf1-Y,2024-06-19T21:24:14Z,gh-1511
I Can’t Find You at All,"AJ Lee & Blue Summit, Molly Tuttle",I Can’t Find You at All,True,LIKE,3:23,203,N26JHmG4sqE,2024-06-19T21:20:51Z,gh-1511
1952 Vincent Black Lightning,Del McCoury Band,Del & The Boys,True,LIKE,4:03,243,Vz6fCj1zLSg,2024-06-19T18:30:32Z,gh-1510
Joseph's Dream,John Hartford,Nobody Knows What You Do,False,INDIFFERENT,4:25,265,7hTvyV7Qc-g,2024-06-19T15:25:05Z,gh-1509
When They Ring Them Golden Bells / Ophelia Reprise (with Hidden Track- Ophelia Reprise),Natalie Merchant,Ophelia,,LIKE,9:34,574,KU3Soe1LXsQ,2024-06-19T06:25:43Z,gh-1506
"O, Pennsyltucky!",Mischief Brew,"O, Pennsyltucky!",False,INDIFFERENT,3:52,232,-grJtzxpL50,2024-06-19T03:26:11Z,gh-1505
"Gimme Coffee, Or Death",Mischief Brew,Songs From Under The Sink,,LIKE,3:27,207,Xe0txCMKLTY,2024-06-19T03:22:44Z,gh-1505
Bury Me in Analog,Mischief Brew,Photographs from the Shoebox,False,INDIFFERENT,2:51,171,1nQIyeMY_gg,2024-06-19T03:19:53Z,gh-1505
"Coffee, God, And Cigarettes",Mischief Brew,Songs From Under The Sink,,INDIFFERENT,2:21,141,KKclBgisCMA,2024-06-19T03:17:32Z,gh-1505
"Thanks, Bastards!",Mischief Brew,Songs From Under The Sink,,INDIFFERENT,3:21,201,7YXxZ6DRl4s,2024-06-19T03:14:11Z,gh-1505
Olde Tyme Mem'ry,Mischief Brew,Bacchanal 'N' Philadelphia,False,INDIFFERENT,5:00,300,lwYxnpoB3gc,2024-06-19T03:09:11Z,gh-1505
Roll Me Through the Gates of Hell,Mischief Brew,Bakenal,False,INDIFFERENT,3:53,233,qjD8I_snahE,2024-06-19T03:05:18Z,gh-1505
Let's Stay Together,Al Green,Hi Records: The Soul Years,False,INDIFFERENT,3:19,199,iVO7XvI3l6g,2024-06-19T03:01:59Z,gh-1505
Home Is Where the Hatred Is,Gil Scott-Heron,Pieces of a Man,False,INDIFFERENT,3:22,202,DuaugaX8N2U,2024-06-19T02:58:37Z,gh-1505
Time of the Season (Mono Version),The Zombies,Odessey and Oracle,False,INDIFFERENT,3:35,215,U8Ie9J2Eo5Q,2024-06-19T02:55:02Z,gh-1505
(Sittin' On) the Dock of the Bay,Otis Redding,The Dock of the Bay,False,INDIFFERENT,2:47,167,Zu5chXCp1Ag,2024-06-19T02:52:15Z,gh-1505
I Wanna Ride You,Medeski Martin & Wood,Uninvisible,False,INDIFFERENT,3:29,209,fdKj5dYjdFM,2024-06-19T01:36:49Z,gh-1504
All Along the Watchtower,The Jimi Hendrix Experience,Electric Ladyland,False,INDIFFERENT,4:01,241,wVLqFQ5QT7Y,2024-06-19T01:32:48Z,gh-1504
Dancing in the Moonlight,King Harvest,Dancing in the Moonlight,False,INDIFFERENT,3:02,182,0eHBLHVHjWg,2024-06-19T01:29:46Z,gh-1504
50 Ways to Leave Your Lover,Paul Simon,Still Crazy After All These Years,False,INDIFFERENT,3:38,218,B1V1varByWI,2024-06-19T01:26:08Z,gh-1504
Tired Of Being Alone,Al Green,Gets Next To You,True,LIKE,2:53,173,BEBHIV9L3uc,2024-06-19T01:23:15Z,gh-1504
Midnight Rider,The Allman Brothers Band,Idlewild South (Deluxe Edition Remastered),False,INDIFFERENT,3:01,181,O6Q40nZRRco,2024-06-19T01:20:14Z,gh-1504
Right Place Wrong Time,Dr. John,The Atco Albums Collection,True,LIKE,2:56,176,grzL8THFlUs,2024-06-19T01:17:18Z,gh-1504
If You Want Me to Stay,Sly & The Family Stone,Fresh,True,LIKE,3:01,181,jkzWSL-gEO4,2024-06-19T01:14:17Z,gh-1504
Toy Heart,"Bobby Hicks, Doyle Lawson, J.D. Crowe, Jerry Douglas",The Bluegrass Album,False,INDIFFERENT,3:03,183,Wg3NX9_qMe8,2024-06-19T01:11:14Z,gh-1504
Watch It Fall,Billy Strings,Home,,INDIFFERENT,4:37,277,VwwKqScF674,2024-06-19T01:06:37Z,gh-1504
Cannonball Rag (feat. Merle Watson) [Live] (feat. Merle Watson),Doc Watson,Country Rags and Reels,False,INDIFFERENT,2:09,129,wGNig5fCJoo,2024-06-19T01:04:28Z,gh-1504
Beaumont Rag,The Kentucky Colonels,Country Rags and Reels,False,INDIFFERENT,1:58,118,SmqvgAWOThg,2024-06-19T01:02:30Z,gh-1504
Foster's Reel,Barbara Lamb,Country Rags and Reels,False,INDIFFERENT,4:14,254,AbARWdunCEY,2024-06-19T00:58:16Z,gh-1504
Amanda's Reel,Kenny Smith,Country Rags and Reels,False,INDIFFERENT,3:22,202,RQv0jDpK8k8,2024-06-19T00:54:54Z,gh-1504
Guitar Rag,Jim Mills,Country Rags and Reels,False,INDIFFERENT,3:03,183,1RbJUXVDddE,2024-06-19T00:51:51Z,gh-1504
Callie's Reel,Gibson Brothers,Country Rags and Reels,False,INDIFFERENT,3:11,191,qS91JNHSHQw,2024-06-19T00:48:40Z,gh-1504
Bugle Call Rag,Dan Crary,Country Rags and Reels,False,INDIFFERENT,3:29,209,nOuoi21rOsk,2024-06-19T00:45:11Z,gh-1504
Lee's Reel,Alan Bibey,Country Rags and Reels,False,INDIFFERENT,3:11,191,izhg9Aq7UjY,2024-06-19T00:42:00Z,gh-1504
Jobob Rag,Pete Wernick,Country Rags and Reels,False,INDIFFERENT,2:03,123,cLq8a3Cd4tA,2024-06-19T00:39:57Z,gh-1504
Victory Rag (Instrumental),Doc Watson,Country Rags and Reels,False,INDIFFERENT,1:46,106,qKSOOD1ZFPI,2024-06-19T00:38:11Z,gh-1504
Ragtime Annie,Bryan Sutton,Country Rags and Reels,False,INDIFFERENT,2:40,160,sLsulDasU74,2024-06-19T00:35:31Z,gh-1504
Cloverleaf Rag,Sam Bush,Country Rags and Reels,False,INDIFFERENT,0:48,48,k6PJbPNXoBw,2024-06-19T00:34:43Z,gh-1504
RU4 Reel,Laurel Canyon Ramblers,Country Rags and Reels,False,INDIFFERENT,1:02,62,qnqXr4mWskk,2024-06-19T00:33:41Z,gh-1504
Redskin Rag,Mike Auldridge,Country Rags and Reels,False,INDIFFERENT,2:32,152,_23ZFEmylnY,2024-06-19T00:31:09Z,gh-1504
Wild Fiddler's Rag,Alan Bibey,Country Rags and Reels,False,INDIFFERENT,1:30,90,3OR0e2S7J-s,2024-06-19T00:29:39Z,gh-1504
Panhandle Rag,Chris Thile,Country Rags and Reels,False,INDIFFERENT,3:19,199,uB7OqTmQP78,2024-06-19T00:26:20Z,gh-1504
Teetotaler Reel,Byron Berline,Country Rags and Reels,False,INDIFFERENT,2:55,175,ul1-Wtzdfuc,2024-06-19T00:23:25Z,gh-1504
Chicken Reel (Live),The Kentucky Colonels,Country Rags and Reels,False,INDIFFERENT,2:06,126,gxbP-AmqKwE,2024-06-19T00:21:19Z,gh-1504
Black Mountain Rag,David Grisman,Country Rags and Reels,False,INDIFFERENT,2:23,143,6MIe0NbXrEk,2024-06-19T00:18:56Z,gh-1504
Dill Pickle Rag (Instrumental),Doc Watson,Country Rags and Reels,False,INDIFFERENT,1:26,86,H7jVWL2FGPM,2024-06-19T00:17:30Z,gh-1504
Hangman's Reel,Bryan Sutton,Country Rags and Reels,True,LIKE,3:04,184,mH0bLtkPoXM,2024-06-19T00:14:26Z,gh-1504
Big Spike Hammer,"Bobby Hicks, Doyle Lawson, J.D. Crowe, Jerry Douglas","The Bluegrass Album, Vol. 3: California Connection",False,INDIFFERENT,3:02,182,deWcQjLa8G0,2024-06-19T00:11:24Z,gh-1504
"I'm My Own Grandpa (feat. Tony Rice, Herb Pedersen, J.D. Crowe & Mark O'Connor)",David Grisman,Home Is Where The Heart Is,False,INDIFFERENT,3:12,192,rCNkWt8OnSE,2024-06-19T00:08:12Z,gh-1504
"Redline - from Hansa Studios, Berlin",Parcels,Live Vol. 1,False,INDIFFERENT,2:59,179,Us6IjSp6Sxw,2024-06-19T00:05:13Z,gh-1504
"Closetowhy - from Hansa Studios, Berlin",Parcels,Live Vol. 1,False,INDIFFERENT,4:07,247,cTK2Xloz7wI,2024-06-19T00:01:06Z,gh-1504
"Yourfault - from Hansa Studios, Berlin",Parcels,Live Vol. 1,False,INDIFFERENT,4:25,265,gYP2qY7sJVg,2024-06-18T23:56:41Z,gh-1504
"Untried - from Hansa Studios, Berlin",Parcels,Live Vol. 1,False,INDIFFERENT,1:27,87,HcYBvq17-p8,2024-06-18T23:55:14Z,gh-1504
"Overnight - from Hansa Studios, Berlin",Parcels,Live Vol. 1,False,INDIFFERENT,3:58,238,ICspINBhvxE,2024-06-18T23:51:16Z,gh-1504
"Everyroad - from Hansa Studios, Berlin",Parcels,Live Vol. 1,False,INDIFFERENT,7:41,461,Tz54FrpbloY,2024-06-18T23:43:35Z,gh-1504
"Retuned - from Hansa Studios, Berlin",Parcels,Live Vol. 1,False,INDIFFERENT,0:45,45,A8yFKevOdbM,2024-06-18T23:42:50Z,gh-1504
"Withorwithout - from Hansa Studios, Berlin",Parcels,Live Vol. 1,False,INDIFFERENT,4:40,280,FK9fE5AP4AE,2024-06-18T23:38:10Z,gh-1504
"Intrude - from Hansa Studios, Berlin",Parcels,Live Vol. 1,False,INDIFFERENT,0:50,50,dxMeWdP3TUM,2024-06-18T23:37:20Z,gh-1504
"Gamesofluck - from Hansa Studios, Berlin",Parcels,Live Vol. 1,False,INDIFFERENT,3:39,219,s2HjBlw8izo,2024-06-18T23:33:41Z,gh-1504
"Lightenup - from Hansa Studios, Berlin",Parcels,Live Vol. 1,False,INDIFFERENT,4:55,295,_tZf935fPV0,2024-06-18T21:22:18Z,gh-1503
"Comedown - from Hansa Studios, Berlin",Parcels,Live Vol. 1,False,INDIFFERENT,3:26,206,VjHYE3-uKlw,2024-06-18T21:18:52Z,gh-1503
"Bemyself - from Hansa Studios, Berlin",Parcels,Live Vol. 1,False,INDIFFERENT,4:29,269,odNAb1D5j18,2024-06-18T21:14:23Z,gh-1503
"Myenemy - from Hansa Studios, Berlin",Parcels,Live Vol. 1,False,INDIFFERENT,3:30,210,CgkhkUl2oEg,2024-06-18T21:10:53Z,gh-1503
"Enter - from Hansa Studios, Berlin",Parcels,Live Vol. 1,False,INDIFFERENT,3:00,180,9MmmcidUBDs,2024-06-18T21:07:53Z,gh-1503
Cyme,Loscil,Umbel,False,INDIFFERENT,7:26,446,nY1gfVP-00I,2024-06-18T17:27:56Z,gh-1502
Dusk Gale,Loscil,Umbel,False,INDIFFERENT,7:36,456,W76Tf2OJrWE,2024-06-18T17:20:20Z,gh-1502
Kamouraska,Loscil,Umbel,False,INDIFFERENT,6:35,395,mGvuBRAFKC8,2024-06-18T15:22:47Z,gh-1501
Umbel,Loscil,Umbel,False,INDIFFERENT,6:38,398,nAIZlOtfKE0,2024-06-18T15:16:09Z,gh-1501
Shadow Maple,Loscil,Umbel,False,INDIFFERENT,8:00,480,i7nLKFXi34M,2024-06-18T15:08:09Z,gh-1501
When They Ring Them Golden Bells / Ophelia Reprise (with Hidden Track- Ophelia Reprise),Natalie Merchant,Ophelia,,LIKE,9:34,574,KU3Soe1LXsQ,2024-06-18T14:58:35Z,gh-1501
Stay up Late (2005 Remaster),Talking Heads,Little Creatures (Deluxe Version),False,INDIFFERENT,3:43,223,Al0H0nK7Dao,2024-06-18T06:31:55Z,gh-1498
You Don't Mess Around with Jim,Jim Croce,You Don't Mess Around With Jim,False,INDIFFERENT,3:03,183,VRIHW-aQl-k,2024-06-18T06:28:52Z,gh-1498
Piss up a Rope,Ween,12 Golden Country Greats,,INDIFFERENT,3:34,214,CLPQznD11xU,2024-06-18T06:25:18Z,gh-1498
Lord Mr. Ford (Buddha Remastered - 2000),Jerry Reed,RCA Country Legends: Jerry Reed,False,INDIFFERENT,3:20,200,cUcVUpGOejM,2024-06-18T06:21:58Z,gh-1498
Trippin' Fat Kids at the YMCA,That's What I Call Brainrot!,Trippin' Fat Kids at the YMCA,True,LIKE,2:40,160,_ZeCEe0ZlHk,2024-06-18T06:19:18Z,gh-1498
When They Ring Them Golden Bells / Ophelia Reprise (with Hidden Track- Ophelia Reprise),Natalie Merchant,Ophelia,,LIKE,9:34,574,KU3Soe1LXsQ,2024-06-18T03:22:02Z,gh-1497
Do the Evolution,Pearl Jam,Yield,False,INDIFFERENT,3:52,232,RQd6DwTJijE,2024-06-18T01:36:22Z,gh-1496
Nazo Nazo,Kikagaku Moyo,Masana Temples,,INDIFFERENT,3:08,188,UmH7JcDl5hY,2024-06-18T01:33:14Z,gh-1496
"Blood and Rockets: Movement I, Saga of Jack Parsons - Movement II, Too the Moon",The Claypool Lennon Delirium,South of Reality,,LIKE,6:30,390,WvJZ1GLnlaA,2024-06-18T01:26:44Z,gh-1496
Over My Head,Ikebe Shakedown,Kings Left Behind,False,INDIFFERENT,3:27,207,v4gFyAF_0-8,2024-06-17T18:30:36Z,gh-1494
Thunderbird,Hermanos Gutiérrez,El Bueno Y El Malo,,INDIFFERENT,3:28,208,5kaqGWCC6to,2024-06-17T18:27:08Z,gh-1494
Tired of Fighting,Menahan Street Band,Make the Road By Walking,False,INDIFFERENT,3:32,212,F-OeFm6y384,2024-06-17T18:23:36Z,gh-1494
Mumbo Sugar,Arc De Soleil,Libertalia,False,INDIFFERENT,3:09,189,1FSPY3aYVEg,2024-06-17T18:20:27Z,gh-1494
The Lone Pistolero,Tommy Guerrero,No Mans Land,False,INDIFFERENT,3:21,201,bINJy0n0rx8,2024-06-17T18:17:06Z,gh-1494
Until We Meet Again,Hermanos Gutiérrez,Sonido Cósmico,,LIKE,3:02,182,lQditr-GdEw,2024-06-17T18:14:04Z,gh-1494
Misterio Verde,Hermanos Gutiérrez,Sonido Cósmico,,INDIFFERENT,2:37,157,_BtlBjQi6Tk,2024-06-17T18:11:27Z,gh-1494
Luz Y Sombra,Hermanos Gutiérrez,Sonido Cósmico,,INDIFFERENT,3:09,189,5dOvNZ3vp58,2024-06-17T18:08:18Z,gh-1494
Los Navegantes,Hermanos Gutiérrez,Sonido Cósmico,,INDIFFERENT,4:13,253,8eqBSlAShyg,2024-06-17T18:04:05Z,gh-1494
Barrio Hustle,Hermanos Gutiérrez,Sonido Cósmico,,INDIFFERENT,3:15,195,vtVCYAouKYM,2024-06-17T18:00:50Z,gh-1494
Sonido Cósmico,Hermanos Gutiérrez,Sonido Cósmico,,INDIFFERENT,3:44,224,KotSOPp_1VI,2024-06-17T17:57:06Z,gh-1494
It’s All In Your Mind,Hermanos Gutiérrez,Sonido Cósmico,,INDIFFERENT,4:39,279,sGwY4VNq8hE,2024-06-17T17:52:27Z,gh-1494
El Fantasma,Hermanos Gutiérrez,Sonido Cósmico,,INDIFFERENT,3:04,184,_MGo4X68xJA,2024-06-17T17:49:23Z,gh-1494
Abuelita,Hermanos Gutiérrez,Sonido Cósmico,,INDIFFERENT,3:33,213,PcjWDBQBvVk,2024-06-17T17:45:50Z,gh-1494
Cumbia Lunar,Hermanos Gutiérrez,Sonido Cósmico,,INDIFFERENT,2:38,158,TqlAAzqH-Js,2024-06-17T17:43:12Z,gh-1494
Low Sun,Hermanos Gutiérrez,Sonido Cósmico,,INDIFFERENT,3:09,189,lr19_EzZHEM,2024-06-17T17:40:03Z,gh-1494
Lágrimas Negras,Hermanos Gutiérrez,Sonido Cósmico,,INDIFFERENT,3:13,193,b4kSL_9lJwA,2024-06-17T17:36:50Z,gh-1494
Dram,Ikebe Shakedown,Stone by Stone,,INDIFFERENT,4:04,244,wXm07jdyT2Y,2024-06-17T17:32:46Z,gh-1494
"Blood and Rockets: Movement I, Saga of Jack Parsons - Movement II, Too the Moon",The Claypool Lennon Delirium,South of Reality,,LIKE,6:30,390,WvJZ1GLnlaA,2024-06-17T06:30:38Z,gh-1490
Drained Lake,loscil,Monument Builders,False,INDIFFERENT,6:47,407,pnJWK5rsNWc,2024-06-17T06:23:51Z,gh-1490
Blue Indian,Widespread Panic,Til the Medicine Takes,,LIKE,4:53,293,Ph4EvL5dwD4,2024-06-16T21:23:48Z,gh-1487
One Toke Over the Line,Brewer & Shipley,One Toke Over The Line: The Best Of Brewer & Shipley,True,LIKE,3:20,200,L9HXClusp_E,2024-06-16T21:20:28Z,gh-1487
Injustice,"Badbone, Cheak 13, & Ott",No Cure Records Presents The Ghost Infantry,False,INDIFFERENT,2:54,174,ZK8BEWWPNWE,2024-06-16T21:17:34Z,gh-1487
Me and Paul,Willie Nelson,One Hell Of A Ride,True,LIKE,3:49,229,lMugPjewv-0,2024-06-16T21:13:45Z,gh-1487
Nobody Knows What You Do,John Hartford,Nobody Knows What You Do,False,INDIFFERENT,3:59,239,jozQQIalOnY,2024-06-16T21:09:46Z,gh-1487
"Spanish Moon (Live at Lisner Auditorium, Washington, DC, 8/8/1977)",Little Feat,Waiting for Columbus (Live Version; Deluxe Edition),,INDIFFERENT,5:37,337,RhmNK-ANKIw,2024-06-16T21:04:09Z,gh-1487
You Don't Have to Do That,John Hartford,Nobody Knows What You Do,False,LIKE,2:38,158,h3SwkuG9SnU,2024-06-16T21:01:31Z,gh-1487
The Harder They Come (Live),"Bill Vitt, Jerry Garcia, John Kahn, Merl Saunders","Live At Keystone, Volume 1",False,INDIFFERENT,6:22,382,Ckns613oo48,2024-06-16T20:55:09Z,gh-1487
Rumble of the Diesel,Les Claypool,Of Whales And Woe,,LIKE,4:04,244,_-ceV24iOn0,2024-06-16T20:51:05Z,gh-1487
The Chain (Live 1997) (Live 1997; 2018 Remaster),Fleetwood Mac,50 Years - Don't Stop,False,INDIFFERENT,4:30,270,lYFyVe6z7BM,2024-06-16T18:28:30Z,gh-1486
The Logical Song,Supertramp,The Logical Song,True,LIKE,4:10,250,pP8iUyb9Gn8,2024-06-16T18:24:20Z,gh-1486
Gypsy (2002 Remaster),Fleetwood Mac,The Very Best Of Fleetwood Mac,False,INDIFFERENT,4:23,263,rX57RBmD3eI,2024-06-16T18:19:57Z,gh-1486
Until We Meet Again,Hermanos Gutiérrez,Sonido Cósmico,,LIKE,3:02,182,lQditr-GdEw,2024-06-16T06:31:14Z,gh-1482
"Cricket Chronicles Revisited: Part I, Ask Your Doctor - Part II, Psyde Effects",The Claypool Lennon Delirium,South of Reality,,INDIFFERENT,6:24,384,u7WO82J22xk,2024-06-16T06:24:50Z,gh-1482
Toady Man's Hour,The Claypool Lennon Delirium,South of Reality,,INDIFFERENT,3:13,193,INPaSnjAjzg,2024-06-16T06:21:37Z,gh-1482
Easily Charmed by Fools,The Claypool Lennon Delirium,South of Reality,,INDIFFERENT,5:11,311,TA6OTWIhxMk,2024-06-16T06:16:26Z,gh-1482
Boriska,The Claypool Lennon Delirium,South of Reality,,INDIFFERENT,5:26,326,reuYV_xbGWU,2024-06-16T03:24:21Z,gh-1481
"Cricket Chronicles Revisited: Part I, Ask Your Doctor - Part II, Psyde Effects",The Claypool Lennon Delirium,South of Reality,,INDIFFERENT,6:24,384,u7WO82J22xk,2024-06-16T03:17:57Z,gh-1481
"Blood and Rockets: Movement I, Saga of Jack Parsons - Movement II, Too the Moon",The Claypool Lennon Delirium,South of Reality,,LIKE,6:30,390,WvJZ1GLnlaA,2024-06-16T03:11:27Z,gh-1481
The Monolith of Phobos,The Claypool Lennon Delirium,Monolith of Phobos,False,INDIFFERENT,4:41,281,ZJu4IEPSia4,2024-06-16T03:06:46Z,gh-1481
Squadlive,Lettuce,Outta Here,True,LIKE,3:58,238,3Q-FagXrybM,2024-06-16T03:02:48Z,gh-1481
Mutilated Lips,Ween,The Mollusk,False,INDIFFERENT,3:49,229,jGSI9qoNjYk,2024-06-16T02:58:59Z,gh-1481
Delicate Tendrils,Les Claypool And The Holy Mackerel,Highball With The Devil,False,INDIFFERENT,5:00,300,Ztl9QSvH29c,2024-06-16T02:53:59Z,gh-1481
Between the Mayo and the Mustard,Delvon Lamarr Organ Trio,Close but No Cigar,False,INDIFFERENT,4:13,253,IC4KxT6Gv5M,2024-06-16T02:49:46Z,gh-1481
Pseudo Suicide,Oysterhead,The Grand Pecking Order,True,LIKE,4:53,293,atTo1pT6z8s,2024-06-16T02:44:53Z,gh-1481
Rumble of the Diesel,Les Claypool,Of Whales And Woe,,LIKE,4:04,244,_-ceV24iOn0,2024-06-16T02:40:49Z,gh-1481
Birds With Broken Wings,Ben Caplan,Birds With Broken Wings,False,INDIFFERENT,3:41,221,lE73nFMD0qQ,2024-06-16T01:41:56Z,gh-1480
The Man Comes Around,Johnny Cash,American IV: The Man Comes Around,False,INDIFFERENT,4:27,267,jiMXK9eDrMY,2024-06-16T01:37:29Z,gh-1480
Danger and Dread,Brown Bird,The Devil Dancing (10th Anniversary Edition),False,INDIFFERENT,3:46,226,pxik2k5c_gQ,2024-06-16T01:33:43Z,gh-1480
Rock Bottom,The Bridge City Sinners,Rock Bottom,False,INDIFFERENT,3:35,215,lk6XSzuzlrU,2024-06-16T01:30:08Z,gh-1480
I Need Never Get Old,Nathaniel Rateliff & The Night Sweats,Nathaniel Rateliff & The Night Sweats,True,LIKE,4:14,254,-FWrwbHqu5w,2024-06-16T01:25:54Z,gh-1480
Washed In The Blood,Pokey LaFarge & Harry Melling,Banks Of The Ohio / Washed In The Blood,True,LIKE,3:20,200,vOwzYjhFj0I,2024-06-16T01:22:34Z,gh-1480
Little Fluffy Clouds,The Orb,Adventures Beyond The Ultraworld,False,INDIFFERENT,4:28,268,KNfjpmvbQG0,2024-06-15T21:22:49Z,gh-1479
Union Light,Solar Fields,"Fahrenheit Project, Part 4",False,INDIFFERENT,7:29,449,mJgF06bPHgI,2024-06-15T21:15:20Z,gh-1479
Indigo Room,H.U.V.A. Network,Distances,False,INDIFFERENT,6:49,409,5aBrX1S49BE,2024-06-15T21:08:31Z,gh-1479
Roustabout (Bassnectar REMIX),Beats Antique,Collide,True,LIKE,3:06,186,u8AD4rVEqno,2024-06-15T21:05:25Z,gh-1479
Other Side of Jupiter,GRiZ,Rainbow Brain,False,INDIFFERENT,4:40,280,Y-js6jL7xPg,2024-06-15T21:00:45Z,gh-1479
Little Creatures,Jade Cicada,Little Creatures EP,False,INDIFFERENT,3:12,192,-wznDDcz904,2024-06-15T20:57:33Z,gh-1479
Fractions of Time,Mersiv,Out of Bounds,False,INDIFFERENT,3:32,212,lDXlyq6iqr0,2024-06-15T20:54:01Z,gh-1479
Riddim Nation,Boogie T,The Archives,False,INDIFFERENT,4:12,252,m7DzlZfFneo,2024-06-15T20:49:49Z,gh-1479
Expand,Detox Unit,Deviate - EP,False,INDIFFERENT,3:51,231,L51iwFOxct0,2024-06-15T20:45:58Z,gh-1479
I'll Be Ready (feat. Mary Corso),Of The Trees,The Tale of Elegos,False,INDIFFERENT,5:03,303,LAplqA9JkNk,2024-06-15T20:40:55Z,gh-1479
Blow Ya Mind,Cool Customer,Blow Ya Mind,False,INDIFFERENT,3:35,215,YImUiLbzpvw,2024-06-15T20:37:20Z,gh-1479
Dedicated to the Service,Manic Focus,Cerebral Eclipse,False,INDIFFERENT,3:14,194,XavtFTy-dBU,2024-06-15T20:34:06Z,gh-1479
"Our Hero Returns, Pt. 3",Of The Trees,Our Hero Returns,False,INDIFFERENT,3:16,196,OwmxEZJJZhs,2024-06-15T20:30:50Z,gh-1479
The Heat Continues To Rise (Just Like That),Daily Bread,Re-Entry,False,INDIFFERENT,3:10,190,leU891m94UE,2024-06-15T20:27:40Z,gh-1479
Step / Time,CharlestheFirst,Step / Time,False,INDIFFERENT,3:06,186,Nsx9qHy3INU,2024-06-15T20:24:34Z,gh-1479
Where Will I Go,GRiZ,"Chasing The Golden Hour, Pt. 3",False,INDIFFERENT,3:17,197,WAwVkk-9jSc,2024-06-15T20:21:17Z,gh-1479
Fish Juice,Jade Cicada,Fish Juice EP,False,INDIFFERENT,3:10,190,jzhQWlRqtgs,2024-06-15T20:18:07Z,gh-1479
Open Up This Pit,Boogie T,The Archives,False,INDIFFERENT,3:16,196,7QV69OUC6KY,2024-06-15T20:14:51Z,gh-1479
Flow,"Dirt Monkey, zoska",Flow,False,INDIFFERENT,3:06,186,USJCdurux6I,2024-06-15T20:11:45Z,gh-1479
The Owl Song,Of The Trees,The Owl Song,False,INDIFFERENT,3:12,192,ijo-otbV0Dw,2024-06-15T20:08:33Z,gh-1479
Uplift,"GorillaT, Hostage Situation",Tales Of A Stoned Ape,False,INDIFFERENT,3:56,236,d5N-7lL0EN0,2024-06-15T20:04:37Z,gh-1479
Machines Can Be Our Friends,Champagne Drip,Of Course I Still Love You,False,INDIFFERENT,3:07,187,vXpC0ob32IY,2024-06-15T20:01:30Z,gh-1479
Slow Craft,"Of The Trees, Pigeon Hole",Slow Craft,False,INDIFFERENT,3:41,221,pKmngZOX9fc,2024-06-15T19:57:49Z,gh-1479
Buoyant,Manic Focus,Never Not Blue,False,INDIFFERENT,3:19,199,yDonjkjfSdI,2024-06-15T19:54:30Z,gh-1479
Neighbors,Daily Bread & Artifakts,Invisible Cinema,False,INDIFFERENT,3:24,204,iqaJmmyBNDA,2024-06-15T19:51:06Z,gh-1479
Ebb and Flow,CharlestheFirst,Roots,False,INDIFFERENT,3:55,235,wIK8PVhz3C8,2024-06-15T19:47:11Z,gh-1479
Deeper,Zingara,Mind & Body,False,INDIFFERENT,3:57,237,tKfQDIYAofA,2024-06-15T19:43:14Z,gh-1479
Carry On,GRiZ,"Chasing The Golden Hour, Pt. 4",False,INDIFFERENT,3:08,188,BUcRoJCCRMI,2024-06-15T19:40:06Z,gh-1479
Eolian Oms,Jade Cicada,Eolian Oms EP,False,INDIFFERENT,3:23,203,mn3DCR6A70w,2024-06-15T19:36:43Z,gh-1479
So Long,Jade Cicada,Pressure Gamut,,INDIFFERENT,4:17,257,-jT3pssM6LA,2024-06-15T19:32:26Z,gh-1479
Wrapped in Echoes,Jade Cicada,Pressure Gamut,,INDIFFERENT,4:00,240,vu04PRkTCJc,2024-06-15T19:28:26Z,gh-1479
Cherry Sinefold,Jade Cicada,Pressure Gamut,,INDIFFERENT,3:12,192,-dB_Bs9nWdw,2024-06-15T19:25:14Z,gh-1479
Pigeon Toad,"Jade Cicada, Schmoop",Pressure Gamut,,INDIFFERENT,3:21,201,vsISmK_Gnr4,2024-06-15T19:21:53Z,gh-1479
Schlemiel,Jade Cicada,Pressure Gamut,,INDIFFERENT,2:51,171,_w6j_saxFFA,2024-06-15T18:30:07Z,gh-1478
Morsels,"Jade Cicada, Schmoop",Pressure Gamut,,INDIFFERENT,4:13,253,XuxVgDq9dLo,2024-06-15T18:25:54Z,gh-1478
Chonkra,Jade Cicada,Pressure Gamut,,INDIFFERENT,3:21,201,NC59cfxyJn0,2024-06-15T18:22:33Z,gh-1478
Bamboozled,Jade Cicada,Pressure Gamut,,LIKE,3:42,222,pD6BRptuKU4,2024-06-15T18:18:51Z,gh-1478
Loom,Jade Cicada,Pressure Gamut,,INDIFFERENT,3:29,209,psMtGaj2RD0,2024-06-15T18:15:22Z,gh-1478
AcidTripAdvisor,Jade Cicada,Pressure Gamut,,LIKE,3:05,185,9DgLn4d0tuI,2024-06-15T18:12:17Z,gh-1478
Ain't No Reason,Mt. Joy,Ain't No Reason,False,INDIFFERENT,3:33,213,fHURwdinM1c,2024-06-15T06:29:22Z,gh-1474
Lemon Tree,Mt. Joy,Lemon Tree,False,INDIFFERENT,4:09,249,ZJ75tWMpYKU,2024-06-15T06:25:13Z,gh-1474
Sheep,Mt. Joy,Mt. Joy,False,INDIFFERENT,3:44,224,ju68PRxwTRc,2024-06-15T06:21:29Z,gh-1474
Orange Blood,Mt. Joy,Orange Blood,False,INDIFFERENT,3:47,227,qxEa4wC9G0I,2024-06-15T06:17:42Z,gh-1474
Julia,Mt. Joy,Mt. Joy,False,INDIFFERENT,3:11,191,S148DVdOrMA,2024-06-15T06:14:31Z,gh-1474
Jenny Jenkins,Mt. Joy,"Jenny Jenkins, Mt. Joy",False,INDIFFERENT,3:20,200,saX3zuvHyYI,2024-06-15T06:11:11Z,gh-1474
Bathroom Light,Mt. Joy,Bathroom Light,False,INDIFFERENT,3:09,189,B26o9dZtgg8,2024-06-15T06:08:02Z,gh-1474
Strangers,Mt. Joy,Rearrange Us,False,INDIFFERENT,3:14,194,LKDIEtCgM2I,2024-06-15T06:04:48Z,gh-1474
Astrovan,Mt. Joy,Mt. Joy,False,INDIFFERENT,3:07,187,dy5MmnfxMfo,2024-06-15T06:01:41Z,gh-1474
Roly Poly,Mt. Joy,Orange Blood,False,INDIFFERENT,2:37,157,4gewxYSmzfk,2024-06-15T05:59:04Z,gh-1474
Dead Of Night,Orville Peck,Pony,False,INDIFFERENT,3:59,239,-0oIB3VUras,2024-06-15T05:55:05Z,gh-1474
Kiss on My List,Hall & Oates,Maneater - Hall & Oates - Best,False,INDIFFERENT,4:26,266,SpuTrhX6GnY,2024-06-15T01:34:13Z,gh-1472
It's A Mistake,Men At Work,Cargo,False,INDIFFERENT,4:47,287,1j9DfYtJkgk,2024-06-15T01:29:26Z,gh-1472
Sweet Talkin' Woman,Electric Light Orchestra,Out of the Blue,,INDIFFERENT,3:50,230,8AklPC3NwTg,2024-06-15T01:25:36Z,gh-1472
Use Me,Bill Withers,Still Bill,False,INDIFFERENT,3:49,229,u_T6GE_EOks,2024-06-15T01:21:47Z,gh-1472
"Welcome Back (Theme from Welcome Back, Kotter)",John Sebastian,Welcome Back,False,INDIFFERENT,2:53,173,OK4_fDHv-SQ,2024-06-15T01:18:54Z,gh-1472
Gaucho,Steely Dan,Gaucho,False,INDIFFERENT,5:31,331,GesEA9MJuII,2024-06-15T01:13:23Z,gh-1472
Moonlight Feels Right (Re-Recorded / Remastered),Starbuck,70 Hits Of The '70s (Re-Recorded / Remastered Versions),False,INDIFFERENT,2:56,176,gjgDs54uEzw,2024-06-15T01:10:27Z,gh-1472
Lido Shuffle (2023 Remaster),Boz Scaggs,Silk Degrees (2023 Remaster),False,INDIFFERENT,3:44,224,6mj-p6rITBw,2024-06-15T01:06:43Z,gh-1472
Chain Gang Medley,Jim Croce,The Original Albums…Plus,True,LIKE,4:41,281,4femrN4XhKg,2024-06-15T01:02:02Z,gh-1472
(You Make Me Feel Like) A Natural Woman,Carole King,Tapestry,False,INDIFFERENT,3:50,230,U0WRn8hjYa8,2024-06-15T00:58:12Z,gh-1472
New Feeling,Talking Heads,Talking Heads '77,False,INDIFFERENT,3:10,190,sEH1_nJYi64,2024-06-15T00:55:02Z,gh-1472
"Boogie Nights (12"" Disco Version)",Heatwave,Too Hot to Handle (Expanded Edition),False,INDIFFERENT,4:39,279,97fNc3OLoTM,2024-06-15T00:50:23Z,gh-1472
I Love L.A.,Randy Newman,Trouble In Paradise,False,INDIFFERENT,3:29,209,cYUfGXPV_Sc,2024-06-15T00:46:54Z,gh-1472
I've Loved These Days,Billy Joel,Turnstiles,False,INDIFFERENT,4:36,276,ccBr5wOxSZw,2024-06-15T00:42:18Z,gh-1472
Thank You (Falettinme Be Mice Elf Agin) (Single Version),Sly & The Family Stone,Greatest Hits,False,INDIFFERENT,4:52,292,09bSoxFgaRI,2024-06-15T00:37:26Z,gh-1472
Bee Gees - More Than A Woman (2021 Remaster),"1.6M views, Stereo Classics",,,INDIFFERENT,3:20,200,scvQmM__m_Q,2024-06-15T00:34:06Z,gh-1472
Takin' It to the Streets (Single Version) (feat. James Taylor),The Doobie Brothers,Takin' It to the Streets / For Someone Special,False,INDIFFERENT,3:21,201,g71N33gjRBM,2024-06-15T00:30:45Z,gh-1472
Stuck In The Middle With You (Re-Recorded / Remastered) (from the film Reservoir Dogs),Stealers Wheel,Stuck In The Middle With You (Re-Recorded / Remastered),False,INDIFFERENT,3:30,210,sFC_i_G8t08,2024-06-15T00:27:15Z,gh-1472
Bennie And The Jets,Elton John,Goodbye Yellow Brick Road (40th Anniversary Celebration / Super Deluxe),False,INDIFFERENT,5:23,323,GAZMyjMul2A,2024-06-15T00:21:52Z,gh-1472
Rich Girl,Daryl Hall & John Oates,Bigger Than Both Of Us,False,INDIFFERENT,2:23,143,IL_LiGCV82g,2024-06-15T00:19:29Z,gh-1472
Hate Everyone,Say Anything,Say Anything,False,INDIFFERENT,3:14,194,exTx6EzZoCA,2024-06-15T00:16:15Z,gh-1472
Woe,Say Anything,Is a Real Boy,False,INDIFFERENT,3:57,237,0pERm_qVEeY,2024-06-15T00:12:18Z,gh-1472
Cheesy Love Song,The Lazy Eyes,SongBook,,INDIFFERENT,5:39,339,oV1d5yGIJJQ,2024-06-14T21:21:50Z,gh-1471
Imaginary Girl,The Lazy Eyes,SongBook,,INDIFFERENT,4:22,262,ZAgAgV5ZYvw,2024-06-14T21:17:28Z,gh-1471
Where's My Brain???,The Lazy Eyes,SongBook,,INDIFFERENT,6:44,404,Ry__e9PDq0I,2024-06-14T21:10:44Z,gh-1471
Trance,The Lazy Eyes,SongBook,,INDIFFERENT,2:15,135,jn84a_7E81c,2024-06-14T21:08:29Z,gh-1471
Nobody Taught Me,The Lazy Eyes,SongBook,,INDIFFERENT,3:48,228,QkewiCJEOlI,2024-06-14T21:04:41Z,gh-1471
Fuzz Jam,The Lazy Eyes,SongBook,,INDIFFERENT,4:27,267,vnuzBhVR-AY,2024-06-14T18:30:09Z,gh-1470
Starting Over,The Lazy Eyes,SongBook,,INDIFFERENT,3:26,206,OcsyO58fBIM,2024-06-14T18:26:43Z,gh-1470
Hippo,The Lazy Eyes,SongBook,,INDIFFERENT,2:21,141,ZnzfN7liV7s,2024-06-14T18:24:22Z,gh-1470
Tangerine,The Lazy Eyes,SongBook,,INDIFFERENT,2:54,174,JhXbT2is6LA,2024-06-14T18:21:28Z,gh-1470
The Island,The Lazy Eyes,SongBook,,INDIFFERENT,4:59,299,DnXF4MEf1O8,2024-06-14T18:16:29Z,gh-1470
The Seaside,The Lazy Eyes,SongBook,,INDIFFERENT,6:40,400,z832qz9pzI4,2024-06-14T18:09:49Z,gh-1470
Intro,The Lazy Eyes,SongBook,,INDIFFERENT,1:39,99,ifhvvoHZ-GU,2024-06-14T18:08:10Z,gh-1470
Tieduprightnow,Parcels,Tieduprightnow,True,LIKE,4:10,250,JYHH0ogYN8M,2024-06-14T18:04:00Z,gh-1470
Cheesy Love Song (Edit),The Lazy Eyes,EP1,,INDIFFERENT,4:09,249,1i-GIfAsMKg,2024-06-14T17:59:51Z,gh-1470
The Seaside (Edit),The Lazy Eyes,EP1,,INDIFFERENT,3:27,207,v4QCkwLX6jI,2024-06-14T17:56:24Z,gh-1470
Cheesy Love Song,The Lazy Eyes,EP1,,LIKE,5:38,338,Xs5UUd9j30Q,2024-06-14T17:50:46Z,gh-1470
Tangerine,The Lazy Eyes,EP1,,INDIFFERENT,2:56,176,N0WYcdRaqhg,2024-06-14T17:47:50Z,gh-1470
The Seaside,The Lazy Eyes,EP1,,INDIFFERENT,6:41,401,DOJ97IVcq_E,2024-06-14T17:41:09Z,gh-1470
Blackberry Blossom,"Doc Watson, Norman Blake, Tony Rice",Norman Blake & Tony Rice 2,,INDIFFERENT,3:15,195,ToQHqW22eiE,2024-06-14T06:32:28Z,gh-1466
The Two Soldiers,"Norman Blake, Tony Rice",Norman Blake & Tony Rice 2,,INDIFFERENT,4:35,275,RNsNOEA57Ic,2024-06-14T06:27:53Z,gh-1466
Father's Hall,"Norman Blake, Tony Rice",Norman Blake & Tony Rice 2,,INDIFFERENT,2:19,139,xsGi-WWwTgo,2024-06-14T06:25:34Z,gh-1466
Georgie,"Norman Blake, Tony Rice",Norman Blake & Tony Rice 2,,INDIFFERENT,2:49,169,K-IgZJ1KA0Y,2024-06-14T03:27:08Z,gh-1465
Lost Indian,"Norman Blake, Tony Rice",Norman Blake & Tony Rice 2,,INDIFFERENT,3:07,187,alJfxGroP-s,2024-06-14T03:24:01Z,gh-1465
It's Raining Here This Morning,"Norman Blake, Tony Rice",Norman Blake & Tony Rice 2,,INDIFFERENT,3:38,218,YXJHpgNymOA,2024-06-14T03:20:23Z,gh-1465
Salt Creek,"Norman Blake, Tony Rice",Norman Blake & Tony Rice 2,,INDIFFERENT,3:11,191,diz3PBqm9xE,2024-06-14T03:17:12Z,gh-1465
Bright Days,"Norman Blake, Tony Rice",Norman Blake & Tony Rice 2,,INDIFFERENT,2:14,134,_VvT9qXD8Wk,2024-06-14T03:14:58Z,gh-1465
Back In Yonder's World,"Norman Blake, Tony Rice",Norman Blake & Tony Rice 2,,INDIFFERENT,3:54,234,57jnOB44CWM,2024-06-14T03:11:04Z,gh-1465
"D-18 Song (Thank You, Mr. Martin)","Norman Blake, Tony Rice",Norman Blake & Tony Rice 2,,LIKE,3:59,239,pTEa-GX41z0,2024-06-14T03:07:05Z,gh-1465
Molly Bloom,"Norman Blake, Tony Rice",Norman Blake & Tony Rice 2,,INDIFFERENT,2:39,159,hHCOZUR4TDs,2024-06-14T03:04:26Z,gh-1465
Lincoln's Funeral Train (The Sad Journey To Springfield),"Norman Blake, Tony Rice",Norman Blake & Tony Rice 2,,INDIFFERENT,4:15,255,jJOEITppWBg,2024-06-14T03:00:11Z,gh-1465
Eight More Miles To Louisville,"Norman Blake, Tony Rice",Norman Blake & Tony Rice 2,,INDIFFERENT,2:47,167,IMk4POmyI9Y,2024-06-14T02:57:24Z,gh-1465
Blackberry Blossom,"Doc Watson, Norman Blake, Tony Rice",Norman Blake & Tony Rice 2,,INDIFFERENT,3:15,195,ToQHqW22eiE,2024-06-14T02:54:09Z,gh-1465
The Two Soldiers,"Norman Blake, Tony Rice",Norman Blake & Tony Rice 2,,INDIFFERENT,4:35,275,RNsNOEA57Ic,2024-06-14T02:49:34Z,gh-1465
Father's Hall,"Norman Blake, Tony Rice",Norman Blake & Tony Rice 2,,INDIFFERENT,2:19,139,xsGi-WWwTgo,2024-06-14T02:47:15Z,gh-1465
Misty Mountain Hop (Remaster),Led Zeppelin,Led Zeppelin IV (Deluxe Edition),False,INDIFFERENT,4:39,279,n6fBQRaygeo,2024-06-13T18:30:22Z,gh-1462
Sweet Jane (Mono; 2015 Remaster),The Velvet Underground,Loaded: Re-Loaded 45th Anniversary Edition,False,INDIFFERENT,3:16,196,AAzOGNUkhDs,2024-06-13T18:27:06Z,gh-1462
Roadhouse Blues (New Stereo Mix),The Doors,The Very Best of the Doors,False,INDIFFERENT,4:09,249,rtU0ss9Zki4,2024-06-13T18:22:57Z,gh-1462
Alabama Song (Whisky Bar),The Doors,The Doors,True,LIKE,3:18,198,nbtEkZIvMAg,2024-06-13T18:19:39Z,gh-1462
Black Tusk,Loscil,Coast / Range / Arc,,INDIFFERENT,10:03,603,Y4Z7w6nNe8U,2024-06-13T18:09:36Z,gh-1462
Blue Indian,Widespread Panic,Til the Medicine Takes,,LIKE,4:53,293,Ph4EvL5dwD4,2024-06-13T18:04:43Z,gh-1462
Rumble of the Diesel,Les Claypool,Of Whales And Woe,,LIKE,4:04,244,_-ceV24iOn0,2024-06-13T18:00:39Z,gh-1462
"Gold Dust Woman (Live at The Forum, Inglewood, CA 8/29/77)",Fleetwood Mac,Gold Dust Woman,,LIKE,7:24,444,5Zp2WKvnG_E,2024-06-13T17:53:15Z,gh-1462
The Light Bends In,Ivan the Tolerable,Time Is A Grave,False,INDIFFERENT,5:28,328,U4ik2x1CurQ,2024-06-13T17:47:47Z,gh-1462
Down The Valley,Ivan the Tolerable,Time Is A Grave,False,INDIFFERENT,3:44,224,5R6JTAbzZRo,2024-06-13T17:44:03Z,gh-1462
Time Is A Grave,Ivan the Tolerable,Time Is A Grave,False,INDIFFERENT,3:29,209,_Eww6OSjOXM,2024-06-13T17:40:34Z,gh-1462
Sleepwalking,Ivan the Tolerable,Time Is A Grave,False,INDIFFERENT,4:59,299,wntS9PC6a5g,2024-06-13T17:35:35Z,gh-1462
Poole Hospital,Ivan the Tolerable,Time Is A Grave,False,INDIFFERENT,4:22,262,z8dC-LE_32o,2024-06-13T17:31:13Z,gh-1462
Time Again,Ivan the Tolerable,Time Is A Grave,False,INDIFFERENT,8:06,486,Sag-XEGd3Fg,2024-06-13T17:23:07Z,gh-1462
In The Dry,Ivan the Tolerable,Time Is A Grave,False,INDIFFERENT,3:34,214,ip8b6Axe43w,2024-06-13T17:19:33Z,gh-1462
Fragments,Ivan the Tolerable,Time Is A Grave,False,INDIFFERENT,4:24,264,YnR4ezp6nKc,2024-06-13T17:15:09Z,gh-1462
Cedars,Ivan the Tolerable,Time Is A Grave,False,INDIFFERENT,3:16,196,bC0MruORZjE,2024-06-13T17:11:53Z,gh-1462
Felt,Ivan the Tolerable,Time Is A Grave,False,INDIFFERENT,2:51,171,_BwzD0EMT4U,2024-06-13T17:09:02Z,gh-1462
Trailing Home To Mother,Ernest Tubb & His Texas Troubadours,1945 Vol. 3,False,INDIFFERENT,2:09,129,Fcc9BbYIyQE,2024-06-13T09:27:15Z,gh-1459
Two More Years (And I'll Be Free),Ernest Tubb & His Texas Troubadours,1945 Vol. 3,False,INDIFFERENT,2:03,123,mk93gfaIOFA,2024-06-13T09:25:12Z,gh-1459
Left All Alone,Ernest Tubb & His Texas Troubadours,1945 Vol. 3,False,INDIFFERENT,2:38,158,PUbZynw6y2A,2024-06-13T09:22:34Z,gh-1459
Action Speaks Louder Than Words,Ernest Tubb & His Texas Troubadours,1945 Vol. 3,False,INDIFFERENT,1:31,91,j1Zscz-EVnI,2024-06-13T09:21:03Z,gh-1459
There's A Rainbow On The Rio Colorado,Ernest Tubb & His Texas Troubadours,1945 Vol. 3,False,INDIFFERENT,2:15,135,T0wSAls_A8E,2024-06-13T09:18:48Z,gh-1459
Tweedle O'Twill,Ernest Tubb & His Texas Troubadours,1945 Vol. 3,False,INDIFFERENT,2:07,127,4BMSKNTGptc,2024-06-13T09:16:41Z,gh-1459
National Lament,Ernest Tubb & His Texas Troubadours,1945 Vol. 3,False,INDIFFERENT,3:01,181,sTmoU1bDSTY,2024-06-13T09:13:40Z,gh-1459
I Wonder If You Feel The Way I Do,Ernest Tubb & His Texas Troubadours,1945 Vol. 3,False,INDIFFERENT,3:05,185,sqII9_TIIio,2024-06-13T09:10:35Z,gh-1459
I Knew The Moment I Lost You,Ernest Tubb & His Texas Troubadours,1945 Vol. 3,False,INDIFFERENT,2:34,154,6J4SMH7SiMw,2024-06-13T09:08:01Z,gh-1459
I'll Never Tell You I Love You,Ernest Tubb & His Texas Troubadours,1945 Vol. 3,False,INDIFFERENT,1:54,114,LrjHMf1Q2pM,2024-06-13T09:06:07Z,gh-1459
The Love I Have For You,Ernest Tubb & His Texas Troubadours,1945 Vol. 3,False,INDIFFERENT,2:13,133,aMeIfjBEHsE,2024-06-13T09:03:54Z,gh-1459
Pins And Needles (In My Heart),Ernest Tubb & His Texas Troubadours,1945 Vol. 3,False,INDIFFERENT,2:20,140,4mINYBRd1WQ,2024-06-13T06:32:32Z,gh-1458
The Last Goodbye,Ernest Tubb & His Texas Troubadours,1945 Vol. 3,False,INDIFFERENT,3:13,193,NWRT0DiccJk,2024-06-13T06:29:19Z,gh-1458
Hang Your Head In Shame,Ernest Tubb & His Texas Troubadours,1945 Vol. 3,False,INDIFFERENT,2:41,161,x7vMuZqCzxI,2024-06-13T06:26:38Z,gh-1458
Our Baby Boy,Ernest Tubb & His Texas Troubadours,1945 Vol. 3,False,INDIFFERENT,2:50,170,tyek6yFPmak,2024-06-13T06:23:48Z,gh-1458
You'll Want Me Back (But I Won't Care),Ernest Tubb & His Texas Troubadours,1945 Vol. 3,False,INDIFFERENT,2:46,166,si77zXcraGI,2024-06-13T06:21:02Z,gh-1458
Heart Of Stone,Ernest Tubb & His Texas Troubadours,1945 Vol. 3,False,INDIFFERENT,3:04,184,iPhlC9uQg5o,2024-06-13T06:17:58Z,gh-1458
I Walk Alone,Ernest Tubb & His Texas Troubadours,1945 Vol. 3,False,INDIFFERENT,2:46,166,6_1uMsHYtrY,2024-06-13T06:15:12Z,gh-1458
I'm Gonna Be Long Gone When I Go Away,Ernest Tubb & His Texas Troubadours,1945 Vol. 3,False,INDIFFERENT,1:41,101,XB3v8OPi11M,2024-06-13T06:13:31Z,gh-1458
I'm Beginning To Forget You,Ernest Tubb & His Texas Troubadours,1945 Vol. 3,False,INDIFFERENT,2:19,139,dYp6nq2Rad4,2024-06-13T06:11:12Z,gh-1458
I Told You So,Ernest Tubb & His Texas Troubadours,1945 Vol. 3,False,INDIFFERENT,2:18,138,fg8JijQnEXg,2024-06-13T06:08:54Z,gh-1458
I Never Cross Your Mind,Ernest Tubb & His Texas Troubadours,1945 Vol. 3,False,INDIFFERENT,2:32,152,E6Qa4rSZXqE,2024-06-13T06:06:22Z,gh-1458
Grey Eyed Darling,Ernest Tubb & His Texas Troubadours,1945 Vol. 3,False,INDIFFERENT,2:35,155,9b3b9Cq7Ehk,2024-06-13T06:03:47Z,gh-1458
In The Pines (The Original Album),The Louvin Brothers,Tragic Songs of Life,,INDIFFERENT,3:15,195,WmkdcmYq-xQ,2024-06-13T06:00:32Z,gh-1458
Mountain Dew,The Stanley Brothers,16 Greatest Hits,False,INDIFFERENT,2:44,164,x81du4NMHZ0,2024-06-13T05:57:48Z,gh-1458
Leaving Louisiana In The Broad Daylight,The Oak Ridge Boys,The Oak Ridge Boys Have Arrived,False,INDIFFERENT,3:00,180,PVjXYjyxWTg,2024-06-13T05:54:48Z,gh-1458
Are the Good Times Really Over (I Wish a Buck Was Still Silver),Merle Haggard,Big City,False,INDIFFERENT,4:13,253,kS7GGpMkRTo,2024-06-13T05:50:35Z,gh-1458
"Dying from Home, and Lost",The Louvin Brothers,Louvin Youth,False,INDIFFERENT,2:49,169,0N3cbIk5GWg,2024-06-13T05:47:46Z,gh-1458
Ginseng Sullivan,The Tony Rice Unit,Manzanita,,LIKE,3:11,191,1e_Jc2mo1xI,2024-06-13T05:44:35Z,gh-1458
Homecoming (Single Version),Tom T. Hall,Tom T. Hall's Greatest Hits,False,INDIFFERENT,3:21,201,edlD8o_lUEA,2024-06-13T05:41:14Z,gh-1458
She's All I Got,Johnny Paycheck,Super Hits,False,INDIFFERENT,2:51,171,4bNQEB6Xsnc,2024-06-13T05:38:23Z,gh-1458
The Good Things (Outweigh The Bad),"Earl Scruggs, Lester Flatt",The Fabulous Sound Of Flatt And Scruggs,False,INDIFFERENT,3:30,210,BzcbXFo6Y8w,2024-06-13T05:34:53Z,gh-1458
El Paso,Marty Robbins,Gunfighter Ballads And Trail Songs,,INDIFFERENT,4:39,279,5Q9bAWGEkcE,2024-06-13T05:30:14Z,gh-1458
Rank Strangers,The Stanley Brothers,"Stanley Brothers Best, Vol. 4",False,INDIFFERENT,3:08,188,SwP-YgSTNS0,2024-06-13T05:27:06Z,gh-1458
Are You Sure Hank Done It This Way,Waylon Jennings,Greatest Hits,True,LIKE,2:55,175,6PLPmmfeNd4,2024-06-13T05:24:11Z,gh-1458
Because He Loved Me,Ralph Stanley,While The Ages Roll On,False,INDIFFERENT,4:09,249,mwqOOR5kS6A,2024-06-13T05:20:02Z,gh-1458
Lost Highway,Hank Williams,Health & Happiness Shows,False,INDIFFERENT,3:24,204,92dezZCxer8,2024-06-13T05:16:38Z,gh-1458
Y'all Come Back Saloon,The Oak Ridge Boys,Y'all Come Back Saloon,True,LIKE,2:56,176,sH_4dSOXj90,2024-06-13T05:13:42Z,gh-1458
Gold Rush,The Tony Rice Unit,Unit Of Measure,False,INDIFFERENT,3:03,183,eIQpNHuH7r0,2024-06-13T05:10:39Z,gh-1458
The Great Atomic Power,The Louvin Brothers,Weapon Of Prayer,,LIKE,2:43,163,AojCqHwsbX0,2024-06-13T05:07:56Z,gh-1458
Knoxville Girl (The Original Album),The Louvin Brothers,Tragic Songs of Life,,LIKE,3:50,230,CQCHV0CtDNc,2024-06-13T05:04:06Z,gh-1458
Allman Brothers Band - You Don't Love Me / Soul Serenade - Closing Night At The Fillmore (6/27/71),"195K views, HendrixClaptonSRV",,,INDIFFERENT,17:57,1077,91XHUivFMrU,2024-06-12T21:09:10Z,gh-1455
The Allman Brothers - Soul Serenade 1971,"250K views, mlbloverock",,,INDIFFERENT,11:00,660,PTx1VhFmbyY,2024-06-12T20:58:10Z,gh-1455
The Allman Brothers Band - Dreams - 9/23/1970 - Fillmore East (Official),"1.7M views, Allman Brothers on MV",,,INDIFFERENT,9:50,590,Fyhyor0yU3o,2024-06-12T20:48:20Z,gh-1455
"The Allman Brothers Band - In Memory of Elizabeth Reed ( At Fillmore East, 1971 )","2.9M views, skywalker1389",,,INDIFFERENT,13:11,791,7rQWh62VUHE,2024-06-12T20:35:09Z,gh-1455
"Hot 'Lanta (Live At The Final Fillmore East Concert, 1971)",The Allman Brothers Band,Eat A Peach (Deluxe Edition),False,INDIFFERENT,5:52,352,P4llGcIz3j8,2024-06-12T20:29:17Z,gh-1455
"The Allman Brothers Band - Hot 'Lanta ( At Fillmore East, 1971 )","579K views, skywalker1389",,,INDIFFERENT,5:21,321,FWSoo3bLhIc,2024-06-12T20:23:56Z,gh-1455
The Allman Brothers Band - Hot Lanta,"14K views, djclay33",,,INDIFFERENT,5:24,324,u9ToJnOYJKQ,2024-06-12T20:18:32Z,gh-1455
3 Peat Instrumental - Lil Wayne,"2.7M views, ThaIntrumentalz",,,INDIFFERENT,4:13,253,REFpi7lLNgc,2024-06-12T20:14:19Z,gh-1455
Big Poppa (Originally Performed by The Notorious B.I.G. Biggie),Top 40 Hits,"Top 40 Hits Hip Hop, Vol. 1",False,INDIFFERENT,4:26,266,ZcmSyXGNI-A,2024-06-12T20:09:53Z,gh-1455
Tried By 12(INSTRUMENTAL),The East Flatbush Project,First Born (Overdue),False,INDIFFERENT,2:55,175,nelCPO78Mn0,2024-06-12T20:06:58Z,gh-1455
Lil Wayne - HollyWeezy Instrumental (Absolute Best Version) Free Download [Sorry For The Wait 2],"608K views, BeatFlame",,,INDIFFERENT,4:57,297,G462hfPz8NA,2024-06-12T20:02:01Z,gh-1455
The Game - Holy Water (Instrumental),"8.9M views, MrMusicInstrumentals",,,INDIFFERENT,3:23,203,uSTSQmYfJMc,2024-06-12T18:30:43Z,gh-1454
GLORY INSTRUMENTAL - LIL WAYNE (2015) PRODUCED BY M1,"146K views, M One",,,INDIFFERENT,5:07,307,TUnbvpD-Flw,2024-06-12T18:25:36Z,gh-1454
Lil Wayne (Ft. Robin Thicke) - Tie My Hands (Instrumental),"516K views, MasterMixtape2K8",,,INDIFFERENT,5:17,317,PkAOKEujllo,2024-06-12T18:20:19Z,gh-1454
Money To Blow (As Made Famous By Drake Instrumental Cover),Liquid Audio,RAP INSTRUMENTALS VOL.13,False,INDIFFERENT,4:24,264,xFl8Wvq2PDo,2024-06-12T18:15:55Z,gh-1454
🔵 Lil Wayne - La La La (Instrumental),"2.3M views, THECOMISSION",,,INDIFFERENT,3:59,239,woJeTDvdOgM,2024-06-12T18:11:56Z,gh-1454
Beautiful (Instrumental version),"1M views, thekingshine",,,INDIFFERENT,6:38,398,7TKjCIYBdj0,2024-06-12T18:05:18Z,gh-1454
ASAP Rocky - 1 Train [Instrumental],"7.3M views, Farooq Got Audio",,,INDIFFERENT,3:45,225,qTLIeLCLNk8,2024-06-12T18:01:33Z,gh-1454
Show Me - Tribute to Kid Ink and Chris Brown (Instrumental Version),Pop Beatz,Show Me - Tribute to Kid Ink and Chris Brown,False,INDIFFERENT,3:43,223,AZTA3c3QlQk,2024-06-12T17:57:50Z,gh-1454
YG - 2015 Flow [instrumental] (Reprod Goddy Beats),"205K views, GODDY BEATS",,,INDIFFERENT,2:22,142,vbOolYwF6Sc,2024-06-12T17:55:28Z,gh-1454
Drake - Doing It Wrong Instrumental,"912K views, Tianqing Chen",,,INDIFFERENT,4:59,299,rNQ26kKsgXY,2024-06-12T17:50:29Z,gh-1454
Instrumental - Affirmative Action,"6.5M views, KnockinRecords",,,INDIFFERENT,4:25,265,742s-DXQGPc,2024-06-12T17:46:04Z,gh-1454
nightmare’s (feat. AJ),babyblattdadonzay,nightmare’s,False,INDIFFERENT,4:45,285,zX7pdn06QcE,2024-06-12T17:41:19Z,gh-1454
C'est La Vie (freestyle),Lil Nicky,C'est La Vie (freestyle),False,INDIFFERENT,3:47,227,APxNNUvkp2E,2024-06-12T17:37:32Z,gh-1454
Sisqo -Thong Song (Instrumental),"635K views, rsongkhro",,,INDIFFERENT,4:07,247,johXSW7AteQ,2024-06-12T17:33:25Z,gh-1454
Nas - Get Down (Instrumental),"1.7M views, Y T",,,INDIFFERENT,4:06,246,9krhCARI4Ag,2024-06-12T17:29:19Z,gh-1454
Lil Wayne Ft. Drake - With You (Instrumental),"177K views, TheHipHopStalker",,,INDIFFERENT,3:52,232,CAPwZGRZYg8,2024-06-12T17:25:27Z,gh-1454
Lil Wayne - Feel Me Instrumental,"273K views, guled23",,,INDIFFERENT,3:03,183,2AYza1dcJeE,2024-06-12T17:22:24Z,gh-1454
Ice Cube-It Was A Good Day Instrumental,"1.2M views, Jorge Atardecer",,,INDIFFERENT,4:24,264,LOESXjzhuVg,2024-06-12T17:18:00Z,gh-1454
Wet Dreamz (Originally Performed By J. Cole) [Instrumental Version],DJ Radio Remix,Wet Dreamz (Originally Performed By J. Cole) [Instrumental Version],False,INDIFFERENT,4:02,242,kbyTw45TpzQ,2024-06-12T17:13:58Z,gh-1454
MEGAMIX - CLASICOS - BALADAS ROMANTICAS ingles/español Dj Shadow 2023,Dj Shadow Tucumán,"Sep 15, 2023",False,INDIFFERENT,54:45,3285,vKQHsT6Uvgk,2024-06-12T16:19:13Z,gh-1454
[1 hour] DJ Shadow ZN - Slide Sonoridade Melódica [ Super Slowed ],"46K views, spedup and loop",,,INDIFFERENT,1:00:02,3602,giDn397qvDg,2024-06-12T15:19:11Z,gh-1454
"Innellea live at Jaisalmer fort, in Rajasthan, India for Cercle","1.8M views, Cercle",,,INDIFFERENT,1:27:36,5256,H318p92hfFI,2024-06-12T00:12:20Z,gh-1448
"Above & Beyond in Guatape, Colombia for Cercle","10M views, Cercle",,,INDIFFERENT,1:34:06,5646,MEzU1HvBo6Y,2024-06-11T22:38:14Z,gh-1448
"Adriatique at Hatshepsut temple, in Luxor, Egypt for Cercle","6.1M views, Cercle",,,INDIFFERENT,2:20:17,8417,w4LRUBFy3pc,2024-06-11T19:11:38Z,gh-1447
"Ólafur Arnalds live from Hafursey, in Iceland for Cercle","3.5M views, Cercle",,,INDIFFERENT,1:27:23,5243,bMCiAKNUpTY,2024-06-11T17:07:24Z,gh-1446
"Argy at Jungfraujoch - Top of Europe, Switzerland for Cercle","1M views, Cercle",,,INDIFFERENT,1:57:16,7036,sL16rh73r-M,2024-06-11T15:10:08Z,gh-1446
Solomun @ Théâtre Antique d'Orange in France for Cercle,"26M views, Cercle",,,LIKE,1:55:40,6940,QHDRRxKlimY,2024-06-11T13:14:28Z,gh-1446
Dupree's Diamond Blues,Grateful Dead,Aoxomoxoa,False,INDIFFERENT,3:35,215,YK3f4SwNCTk,2024-06-11T13:10:53Z,gh-1446
China Doll (Live),Grateful Dead,Reckoning (Live),False,INDIFFERENT,5:22,322,DRSN2TlffH4,2024-06-11T13:05:31Z,gh-1446
"House Therapy | Groove House DJ Mix || Toby Simpson, Francis (UK), Sony Synth","160K views, Arwen's Faith",,,LIKE,54:21,3261,2n-9iC3Lf9A,2024-06-11T12:11:10Z,gh-1446
Absolute,loscil,Triple Point,,INDIFFERENT,9:58,598,LRpP8ZNsugs,2024-06-11T12:01:12Z,gh-1446
Vapor,loscil,Triple Point,,INDIFFERENT,5:14,314,F_2dsmI8s8I,2024-06-11T11:55:58Z,gh-1446
Conductivity,loscil,Triple Point,,INDIFFERENT,7:41,461,PBPGT52CpBk,2024-06-11T11:48:17Z,gh-1446
Enthalpy,loscil,Triple Point,,INDIFFERENT,5:02,302,oTA4gwpSiPE,2024-06-11T11:43:15Z,gh-1446
Fuel Exergy,loscil,Triple Point,,INDIFFERENT,6:05,365,rQnQXthxQ9w,2024-06-11T11:37:10Z,gh-1446
Dead Flowers,Townes Van Zandt,Roadsongs,False,INDIFFERENT,4:48,288,xRc_MIntiFg,2024-06-11T06:30:14Z,gh-1442
Mr. Tambourine Man,The Byrds,Mr. Tambourine Man,False,INDIFFERENT,2:30,150,ncSl9ljLsYs,2024-06-11T03:27:33Z,gh-1441
Shakedown Street,Grateful Dead,Shakedown Street,False,INDIFFERENT,5:01,301,I7hpKHPvRVQ,2024-06-11T03:22:32Z,gh-1441
Silver Bird (Stereo Single Version),Mark Lindsay,The Complete Columbia Singles,False,INDIFFERENT,3:05,185,CWWAGPV9sGs,2024-06-11T03:19:27Z,gh-1441
Whipping Post,The Allman Brothers Band,The Allman Brothers Band,False,INDIFFERENT,5:18,318,VZSNs6H-HDI,2024-06-11T03:14:09Z,gh-1441
Garden Party,"Rick Nelson, The Stone Canyon Band",Garden Party,False,INDIFFERENT,3:50,230,OukwGBpnuXE,2024-06-11T03:10:19Z,gh-1441
Truckin',Grateful Dead,American Beauty,False,INDIFFERENT,5:07,307,48eW3VL-95g,2024-06-11T03:05:12Z,gh-1441
Kodachrome,Paul Simon,There Goes Rhymin' Simon,True,LIKE,3:36,216,JD6Zq505pnM,2024-06-11T03:01:36Z,gh-1441
"Don't Think Twice, It's All Right",Bob Dylan,The Freewheelin' Bob Dylan,False,INDIFFERENT,3:38,218,Kv7K9ghgcgA,2024-06-11T02:57:58Z,gh-1441
Take It Easy,Eagles,Eagles,False,INDIFFERENT,3:32,212,32Oc2d_3yEk,2024-06-11T02:54:26Z,gh-1441
A Life of Illusion,Joe Walsh,There Goes The Neighborhood,False,INDIFFERENT,3:31,211,VGM43B_kyxk,2024-06-11T02:50:55Z,gh-1441
Afternoon Delight,Starland Vocal Band,Starland Vocal Band,False,INDIFFERENT,3:14,194,Q5SgNyYt0jc,2024-06-11T02:47:41Z,gh-1441
Amie,Pure Prairie League,Bustin' Out,False,INDIFFERENT,4:20,260,lPgNbFni0oI,2024-06-11T02:43:21Z,gh-1441
Green-Eyed Lady,Sugarloaf,Sugarloaf,False,INDIFFERENT,6:50,410,YG8FFJQYoTM,2024-06-11T02:36:31Z,gh-1441
The Bullfighter,Luke Bell,Luke Bell,False,INDIFFERENT,3:24,204,epN_L_dhPNk,2024-06-11T01:36:25Z,gh-1440
Played Out,Sturgill Simpson,The Ballad of Dood & Juanita,,INDIFFERENT,3:26,206,eebZ99v2r34,2024-06-11T01:32:59Z,gh-1440
That's How I Got to Memphis,Charley Crockett,Lil G.L.'s Blue Bonanza,False,INDIFFERENT,3:02,182,mHCGvAvh75s,2024-06-11T01:29:57Z,gh-1440
You Make My Garden Grow,Pokey LaFarge,Rhumba Country,,INDIFFERENT,4:51,291,RBgMvk2B-0c,2024-06-11T01:25:06Z,gh-1440
Just Like Leaving,Bella White,Just Like Leaving,False,INDIFFERENT,3:27,207,oviDGUsgHhY,2024-06-11T01:21:39Z,gh-1440
Leavin’,Emily Nenni,On The Ranch,False,INDIFFERENT,3:03,183,sL8tw1_mEHQ,2024-06-11T01:18:36Z,gh-1440
Changes,Emily Nenni,Drive & Cry,False,INDIFFERENT,4:32,272,JMBdHRORXGc,2024-06-11T01:14:04Z,gh-1440
Medley: Tzigani / Fisztorza / Fulginiti (Live),"David Grisman, Stephane Grappelli",Stephane Grappelli and David Grisman Live,,LIKE,5:43,343,pNdKIBAalZI,2024-06-11T01:08:21Z,gh-1440
Old Gray Coat,The Tony Rice Unit,Acoustics,False,INDIFFERENT,3:55,235,q9co4MLTEK8,2024-06-11T01:04:26Z,gh-1440
Crying Shame,Clifton Hicks,Old Leatherstocking,False,INDIFFERENT,3:04,184,uMwh7xJaQLw,2024-06-11T01:01:22Z,gh-1440
"Don't Think Twice, It's All Right",The Infamous Stringdusters,Undercover,True,LIKE,4:26,266,Wewb33DJSz0,2024-06-11T00:56:56Z,gh-1440
16 / 16,David Grisman,The David Grisman Quintet,False,INDIFFERENT,5:37,337,LExbHxC0W0U,2024-06-11T00:51:19Z,gh-1440
Molly And Tenbrooks,"Bobby Hicks, Doyle Lawson, J.D. Crowe, Jerry Douglas",The Bluegrass Album,True,LIKE,3:08,188,bxnPmtOJJU0,2024-06-11T00:48:11Z,gh-1440
Gentle On My Mind,John Hartford,"Me Oh My, How the Time Does Fly -- A John Hartford Anthology",True,LIKE,4:36,276,OZ5Ud9vpXYs,2024-06-11T00:43:35Z,gh-1440
The Old North Woods,Béla Fleck,My Bluegrass Heart,,INDIFFERENT,4:57,297,xWOyPSQgDXw,2024-06-11T00:38:38Z,gh-1440
Shine (Live),"David Grisman, Stephane Grappelli",Stephane Grappelli and David Grisman Live,,LIKE,5:19,319,oMobf1AHbHk,2024-06-11T00:33:19Z,gh-1440
Shenandoah,The Tony Rice Unit,Unit Of Measure,False,INDIFFERENT,4:41,281,mnlB-fiaPbQ,2024-06-11T00:28:38Z,gh-1440
Church Street Blues,Reina del Cid,Church Street Blues,False,INDIFFERENT,3:56,236,cIjdfdvT6KQ,2024-06-11T00:24:42Z,gh-1440
Blue Ridge Cabin Home,The Bluegrass Album Band,The Bluegrass Album,False,INDIFFERENT,3:12,192,fJhnPA_dAHU,2024-06-11T00:21:30Z,gh-1440
Minor Swing,David Grisman,The David Grisman Quintet,False,INDIFFERENT,3:00,180,ONBYS-FSQwc,2024-06-11T00:18:30Z,gh-1440
Nine Pound Hammer,The Tony Rice Unit,Manzanita,,INDIFFERENT,2:56,176,P250wf2utSE,2024-06-11T00:15:34Z,gh-1440
E.M.D.,David Grisman,The David Grisman Quintet,True,LIKE,2:42,162,B61C-SQLg9k,2024-06-11T00:12:52Z,gh-1440
Discrete Entropy,loscil,Triple Point,,INDIFFERENT,5:25,325,uruOUk_tS48,2024-06-10T06:31:29Z,gh-1434
Zero,loscil,Triple Point,,INDIFFERENT,4:14,254,1jFhBV--wvk,2024-06-10T06:27:15Z,gh-1434
Pressure,loscil,Triple Point,,INDIFFERENT,4:37,277,nGVPotteu6o,2024-06-10T06:22:38Z,gh-1434
Ampere,loscil,Triple Point,,INDIFFERENT,7:28,448,TxnnLvoQ8cw,2024-06-10T06:15:10Z,gh-1434
Hydrogen,loscil,Triple Point,,INDIFFERENT,3:38,218,W45H7jVuZyc,2024-06-10T06:11:32Z,gh-1434
That's the Way That the World Goes Round (Live),John Prine,John Prine (Live),False,INDIFFERENT,3:48,228,qypEoT5k5eU,2024-06-10T06:07:44Z,gh-1434
Lola (Mono 'Cherry Cola' Single Version),The Kinks,"Lola Versus Powerman and the Moneygoround, Pt. 1 (Deluxe)",False,INDIFFERENT,4:05,245,yZv0ruLtsdM,2024-06-10T06:03:39Z,gh-1434
Dixie Chicken (Alternate Version),Little Feat,Dixie Chicken (Deluxe Edition),False,INDIFFERENT,4:07,247,-6SpB9hp8Zs,2024-06-10T05:59:32Z,gh-1434
Right Place Wrong Time,Dr. John,In The Right Place,False,INDIFFERENT,2:56,176,zw-2CTx4YgY,2024-06-10T05:56:36Z,gh-1434
One Toke Over the Line,Brewer & Shipley,Tarkio Road,True,LIKE,3:20,200,OF3EUFnafp8,2024-06-10T05:53:16Z,gh-1434
Stroker Ace,Ween,White Pepper,,INDIFFERENT,2:09,129,UgBQD5v-Qm4,2024-06-09T21:25:07Z,gh-1431
Bananas and Blow,Ween,White Pepper,,INDIFFERENT,3:35,215,IWrYNcv7fPk,2024-06-09T21:21:32Z,gh-1431
Even If You Don't,Ween,White Pepper,,INDIFFERENT,3:26,206,W_V7A-NN3MI,2024-06-09T21:18:06Z,gh-1431
Rumble of the Diesel,Les Claypool's Duo De Twang,Four Foot Shack,,INDIFFERENT,4:06,246,alzlxj_Lw_A,2024-06-09T01:41:28Z,gh-1424
Stayin' Alive,Les Claypool's Duo De Twang,Four Foot Shack,,LIKE,4:46,286,qr8WiERrpGg,2024-06-09T01:36:42Z,gh-1424
Boonville Stomp,Les Claypool's Duo De Twang,Four Foot Shack,,INDIFFERENT,5:00,300,wFKO9XUrrWI,2024-06-09T01:31:42Z,gh-1424
The Bridge Came Tumblin' Down,Les Claypool's Duo De Twang,Four Foot Shack,,INDIFFERENT,3:30,210,xVI55bgkMdk,2024-06-09T01:28:12Z,gh-1424
Red State Girl,Les Claypool's Duo De Twang,Four Foot Shack,,INDIFFERENT,3:03,183,vpXFPiWxQmQ,2024-06-09T01:25:09Z,gh-1424
Amos Moses,Les Claypool's Duo De Twang,Four Foot Shack,,INDIFFERENT,3:35,215,1CjSJD5zctw,2024-06-09T01:21:34Z,gh-1424
Wynona's Big Brown Beaver,Les Claypool's Duo De Twang,Four Foot Shack,,INDIFFERENT,4:48,288,HhG6EbUD2M8,2024-06-09T01:16:46Z,gh-1424
Four Foot Shack,Les Claypool's Duo De Twang,Four Foot Shack,,INDIFFERENT,0:43,43,PfT3zwHgXBA,2024-06-09T01:16:03Z,gh-1424
The Harder They Come (Live),"Bill Vitt, Jerry Garcia, John Kahn, Merl Saunders","Live At Keystone, Volume 1",False,INDIFFERENT,6:22,382,Ckns613oo48,2024-06-09T01:09:41Z,gh-1424
Open My Eyes,KBong,Easy to Love You,False,INDIFFERENT,4:41,281,L-J1KQEe7Vo,2024-06-09T01:05:00Z,gh-1424
Tomorrow,Shakey Graves,In Case You Missed It: 15 Years of Dualtone,False,INDIFFERENT,4:01,241,tK_7axdL680,2024-06-09T01:00:59Z,gh-1424
Sunny Days (feat. Devin The Dude),Tropidelic,Sunny Days (feat. Devin The Dude),False,INDIFFERENT,3:31,211,ue6BjSvYAQc,2024-06-09T00:57:28Z,gh-1424
Girl III,Little Stranger,Techniques,False,INDIFFERENT,3:25,205,dYKOjyIaHc4,2024-06-09T00:54:03Z,gh-1424
Tangerine Skies,Sublime With Rome,Tangerine Skies,False,INDIFFERENT,3:02,182,433Z6miE2KQ,2024-06-09T00:51:01Z,gh-1424
Back Pocket,Vulfpeck,Thrill of the Arts,,INDIFFERENT,3:02,182,r2yhskAS040,2024-06-09T00:47:59Z,gh-1424
Don't Kill My Buzz...,Cisco Adler,Don't Kill My Buzz...,False,INDIFFERENT,3:27,207,aNjr65PLgD4,2024-06-09T00:44:32Z,gh-1424
Lies and Games (feat. Terin Ector),Orgone,Chimera,False,INDIFFERENT,3:42,222,DSSyIgCTaOg,2024-06-09T00:40:50Z,gh-1424
Through The Ceiling (feat. Jesse Chong),Ganjacat,Through The Ceiling,False,INDIFFERENT,3:46,226,sTbVuMEEO3A,2024-06-09T00:37:04Z,gh-1424
Couch Potato,Jakubi,Couch Potato,True,LIKE,3:16,196,d5dTJGZjEs4,2024-06-09T00:33:48Z,gh-1424
Dern Kala (Khruangbin Dub Mix),Khruangbin,Late Night Tales Presents Version Excursion Selected by Don Letts,False,INDIFFERENT,4:04,244,EWw9ZZ3YhWY,2024-06-09T00:29:44Z,gh-1424
Pacific Coast Highway (Reggae Remix),"Johnny Cosmic, The Hip Abduction, Trevor Hall",Pacific Coast Highway (Reggae Remix),False,INDIFFERENT,3:57,237,Me85-lXQqWY,2024-06-09T00:25:47Z,gh-1424
Fire,Thomas Naïm,Sounds of Jimi,False,INDIFFERENT,3:37,217,e-qMhYPPDSw,2024-06-09T00:22:10Z,gh-1424
Elephant Walk,Lettuce,Mt. Crushmore,False,INDIFFERENT,3:04,184,JEYiyi3ofsY,2024-06-09T00:19:06Z,gh-1424
Sunburn,"Little Stranger, Tropidelic",Sunburn,False,INDIFFERENT,4:01,241,1HKyWCACrlU,2024-06-09T00:15:05Z,gh-1424
"Haydn: Concerto For Cello No. 2 In D Major, Hob. VIIb:2 - II. Adagio","Cameron Crozman, Nicolas Ellis, Les Violons du Roy, and Joseph Haydn",Haydn: Cello Concertos - Hétu: Rondo,False,INDIFFERENT,5:53,353,6kyj-FhAA2I,2024-06-08T21:21:34Z,gh-1423
"Haydn: Concerto For Cello No. 2 In D Major, Hob. VIIb:2 - I. Allegro moderato","Cameron Crozman, Nicolas Ellis, Les Violons du Roy, and Joseph Haydn",Haydn: Cello Concertos - Hétu: Rondo,False,INDIFFERENT,15:21,921,d9igxslZv80,2024-06-08T21:06:13Z,gh-1423
"Haydn: Concerto For Cello No. 1 In C Major, Hob. VIIb:1 - III. Finale. Allegro molto","Cameron Crozman, Nicolas Ellis, Les Violons du Roy, and Joseph Haydn",Haydn: Cello Concertos - Hétu: Rondo,False,INDIFFERENT,6:34,394,wk0wBSA27aY,2024-06-08T20:59:39Z,gh-1423
"Haydn: Concerto For Cello No. 1 In C Major, Hob. VIIb:1 - II. Adagio","Cameron Crozman, Nicolas Ellis, Les Violons du Roy, and Joseph Haydn",Haydn: Cello Concertos - Hétu: Rondo,False,INDIFFERENT,7:57,477,Uo97AYWgKeg,2024-06-08T20:51:42Z,gh-1423
"Haydn: Concerto For Cello No. 1 In C Major, Hob. VIIb:1 - I. Moderato","Cameron Crozman, Nicolas Ellis, Les Violons du Roy, and Joseph Haydn",Haydn: Cello Concertos - Hétu: Rondo,False,INDIFFERENT,10:16,616,z1Yfq9mueCc,2024-06-08T18:21:34Z,gh-1422
Make Your Move,Hieroglyphics,Full Circle,False,INDIFFERENT,4:30,270,7SE5bAcIxmo,2024-06-08T06:28:38Z,gh-1418
Breath,The Grouch,Show You The World,False,INDIFFERENT,3:16,196,pZBwp4ajLRQ,2024-06-08T06:25:22Z,gh-1418
93 'Til Infinity (Instrumental),Souls Of Mischief,93 'Til Infinity (The Remixes),False,INDIFFERENT,4:53,293,ctlidi6FVbU,2024-06-08T06:20:29Z,gh-1418
Apartheid (feat. Buckshot & General Steele),Sean Price,Imperius Rex,False,INDIFFERENT,3:17,197,EURYuqbwGGE,2024-06-08T06:17:12Z,gh-1418
Uprock (Instrumental),RJD2,In Rare Form,False,LIKE,3:58,238,QCyztxAIZa4,2024-06-08T06:13:14Z,gh-1418
Bring Da Ruckus,El Michels Affair,Enter The 37th Chamber,,INDIFFERENT,3:11,191,1cgPtmLRAsM,2024-06-08T06:10:03Z,gh-1418
Injustice,"Badbone, Cheak 13, & Ott",No Cure Records Presents The Ghost Infantry,False,INDIFFERENT,2:54,174,ZK8BEWWPNWE,2024-06-08T06:07:09Z,gh-1418
Bold as Love,The Jimi Hendrix Experience,Axis: Bold As Love,False,INDIFFERENT,4:12,252,ZYxfOxjswxc,2024-06-08T03:24:23Z,gh-1417
Oh Well (Pt. 1),Fleetwood Mac,Then Play On (2013 Remaster; Expanded Edition),False,INDIFFERENT,3:23,203,VQmmByJwKFI,2024-06-08T03:21:00Z,gh-1417
Transitions,Ween,Shinola (Vol. 1),False,INDIFFERENT,3:46,226,Nvwbrgz6K7U,2024-06-08T03:17:14Z,gh-1417
Find My Way,Frank Solivan & Dirty Kitchen,Hold On,False,INDIFFERENT,4:35,275,nGsFaWw4TfI,2024-06-07T18:30:21Z,gh-1414
Scorchin' The Gravy,Frank Solivan & Dirty Kitchen,Hold On,False,INDIFFERENT,2:31,151,YCyXp4ud-fc,2024-06-07T18:27:50Z,gh-1414
Sails,Frank Solivan & Dirty Kitchen,Hold On,False,INDIFFERENT,3:11,191,AUEH9GKQZCM,2024-06-07T18:24:39Z,gh-1414
Virginia Is For Lovers,Frank Solivan & Dirty Kitchen,Hold On,False,INDIFFERENT,3:17,197,3zRo0Ithmjo,2024-06-07T18:21:22Z,gh-1414
Modesto,Frank Solivan & Dirty Kitchen,Hold On,False,INDIFFERENT,3:01,181,pHiuPs4KzC0,2024-06-07T18:18:21Z,gh-1414
Hold On,Frank Solivan & Dirty Kitchen,Hold On,False,INDIFFERENT,4:42,282,DcvSI-g9bfE,2024-06-07T18:13:39Z,gh-1414
Queen Of The Mountain,Frank Solivan & Dirty Kitchen,Hold On,False,INDIFFERENT,3:37,217,6JRTL2Krwo0,2024-06-07T18:10:02Z,gh-1414
Lost,Frank Solivan & Dirty Kitchen,Hold On,False,INDIFFERENT,3:10,190,Eh_zQ8CR1eE,2024-06-07T18:06:52Z,gh-1414
Goodbye Goodbye,Frank Solivan & Dirty Kitchen,Hold On,False,INDIFFERENT,3:13,193,nRUTuXwFgTQ,2024-06-07T18:03:39Z,gh-1414
Sail To Australia,Frank Solivan & Dirty Kitchen,Hold On,False,INDIFFERENT,4:02,242,PVQQW1y6rGQ,2024-06-07T17:59:37Z,gh-1414
I'm Already Gone,Frank Solivan & Dirty Kitchen,Hold On,False,INDIFFERENT,3:02,182,ivrG0OxtrLU,2024-06-07T17:56:35Z,gh-1414
I Been to Georgia on a Fast Train,Billy Joe Shaver,The Complete Columbia Recordings ('81-'87),False,INDIFFERENT,2:57,177,Bj_kqaCkiS8,2024-06-07T17:53:38Z,gh-1414
"Okie From Muskogee (Live In Muskogee, Oklahoma/1969)",Merle Haggard,20 Greatest Hits,False,INDIFFERENT,2:56,176,Cl6V-RNb0_A,2024-06-07T17:50:42Z,gh-1414
Won't You Ride In My Little Red Wagon?,Tex Williams,Vintage Collections,False,INDIFFERENT,1:50,110,KZX4Yy8VZDo,2024-06-07T17:48:52Z,gh-1414
Steam Powered Aereo Plane,John Hartford,Aereo-Plain,,INDIFFERENT,3:44,224,JtTmx30HNrk,2024-06-07T17:45:08Z,gh-1414
All Grit Out,Noam Pikelny,Beat the Devil and Carry a Rail,False,INDIFFERENT,3:33,213,EDIVXi45IUE,2024-06-07T17:41:35Z,gh-1414
The Broken Drought,Noam Pikelny,Beat the Devil and Carry a Rail,False,INDIFFERENT,4:58,298,rwe0HkWX5aA,2024-06-07T17:36:37Z,gh-1414
Pineywoods,Noam Pikelny,Beat the Devil and Carry a Rail,False,INDIFFERENT,2:16,136,Fcfw59_8E5s,2024-06-07T17:34:21Z,gh-1414
Bob McKinney (feat. Tim O'Brien),Noam Pikelny,Beat the Devil and Carry a Rail,False,INDIFFERENT,3:26,206,IrxHLn9dCHg,2024-06-07T17:30:55Z,gh-1414
Milford's Reel,Noam Pikelny,Beat the Devil and Carry a Rail,False,INDIFFERENT,3:44,224,gBLmQqcbu0k,2024-06-07T17:27:11Z,gh-1414
Day Down,Noam Pikelny,Beat the Devil and Carry a Rail,False,INDIFFERENT,2:19,139,JFlD9_MHoCY,2024-06-07T17:24:52Z,gh-1414
Bear Dog Grit (feat. Bryan Sutton & Chris Thile),Noam Pikelny,Beat the Devil and Carry a Rail,False,INDIFFERENT,3:56,236,iYcuK1h8cBc,2024-06-07T17:20:56Z,gh-1414
Boathouse on the Lullwater (feat. Jerry Douglas),Noam Pikelny,Beat the Devil and Carry a Rail,False,INDIFFERENT,4:47,287,tee3HJpsE3Q,2024-06-07T17:16:09Z,gh-1414
Cluck Old Hen (feat. Steve Martin),Noam Pikelny,Beat the Devil and Carry a Rail,False,INDIFFERENT,3:11,191,s1BiheI6WIA,2024-06-07T17:12:58Z,gh-1414
Fish and Bird (feat. Aoife O'Donovan),Noam Pikelny,Beat the Devil and Carry a Rail,False,INDIFFERENT,5:13,313,7cQRqq_FOnQ,2024-06-07T17:07:45Z,gh-1414
My Mother Thinks I'm a Lawyer,Noam Pikelny,Beat the Devil and Carry a Rail,True,LIKE,4:22,262,6scYUseAFwc,2024-06-07T17:03:23Z,gh-1414
Jim Thompson's Horse,Noam Pikelny,Beat the Devil and Carry a Rail,False,INDIFFERENT,4:02,242,_SNVo6wTHlM,2024-06-07T16:59:21Z,gh-1414
World Is Spinning,The Disco Biscuits,The Wind At Four To Fly,False,INDIFFERENT,3:53,233,CvW4WH2iUmc,2024-06-07T06:32:13Z,gh-1410
Best Feeling (feat. The String Cheese Incident),Keller Williams,Breathe,True,LIKE,5:56,356,T0ksWCeHMwY,2024-06-07T06:26:17Z,gh-1410
"Best Feeling (Live) (Live) (feat. Jeff Austin, Danton Boller, Nicky Sanders & Jay Starling)",Keller Williams,"Thanksforgrassgiving (Live 11/26/16 Richmond, VA)",False,INDIFFERENT,9:14,554,JMfA6yJVJSo,2024-06-07T06:17:03Z,gh-1410
The Master's Call,Marty Robbins,Gunfighter Ballads And Trail Songs,,INDIFFERENT,3:06,186,7mrI2xtkEMA,2024-06-07T01:37:15Z,gh-1408
White Lines and Neon Signs,The Wooks,Little Circles,False,INDIFFERENT,3:23,203,-Cp04tA2B-w,2024-06-07T01:33:52Z,gh-1408
Hot Rod Lincoln,Asleep At The Wheel,Western Standard Time,False,INDIFFERENT,2:58,178,d4xO2akHaHk,2024-06-07T01:30:54Z,gh-1408
Six Days On The Road,Dave Dudley,20th Century Masters: The Millennium Collection: Best Of Dave Dudley,False,INDIFFERENT,2:15,135,otkytn8L-Cw,2024-06-07T01:28:39Z,gh-1408
He's a Demon - He's a Devil - He's a Doll,Betty Hutton,Halloween Music of All Time,False,INDIFFERENT,3:17,197,IYM7y7QY0l0,2024-06-07T01:25:22Z,gh-1408
"Foggy Mountain Breakdown (Theme From ""Bonnie & Clyde"")","Earl Scruggs, Lester Flatt",Lester Flatt & Earl Scruggs With The Foggy Mountain Boys,False,INDIFFERENT,2:43,163,n9Sq_3FHugI,2024-06-07T01:22:39Z,gh-1408
The Cowboy In the Continental Suit,Marty Robbins,The Story Of My Life: The Best Of Marty Robbins 1952-1965,False,INDIFFERENT,2:55,175,48IaYkAdexE,2024-06-07T01:19:44Z,gh-1408
Float On,"Iron Horse, Pickin' On Series",The Bluegrass Tribute to Modest Mouse: Something You've Never Heard Before,False,INDIFFERENT,4:14,254,bMhP7QJoQNk,2024-06-07T01:15:30Z,gh-1408
Stars Of The Midnight Range,Johnny Bond,Country and Western,False,INDIFFERENT,2:53,173,J8IGPexGnk4,2024-06-07T01:12:37Z,gh-1408
Moonglow (Take 1),Benny Goodman Quartet,The Complete RCA Victor Small Group Recordings,False,INDIFFERENT,3:23,203,lsWX3X3JOJA,2024-06-07T01:09:14Z,gh-1408
04. Utah Carol,Marty Robbins,Marty Robbins His Greatest Country & Western Hits,False,INDIFFERENT,3:13,193,oB1Gc_vjBzM,2024-06-07T01:06:01Z,gh-1408
Cocaine Blues (Live Version),Johnny Cash,The Legend,False,INDIFFERENT,2:50,170,sGf2ogBjC9Q,2024-06-07T01:03:11Z,gh-1408
Swing Doors,Allan Gray,Roads to War (1933-1945) Part 1,False,INDIFFERENT,3:03,183,UV4N93fI-m4,2024-06-07T01:00:08Z,gh-1408
King Of The Road,Roger Miller,Golden Hits,False,INDIFFERENT,2:28,148,oHtoayjVLAY,2024-06-07T00:57:40Z,gh-1408
Smoke! Smoke! Smoke! (That Cigarette),Johnny Bond & His Red River Valley Boys,Hillibilly Boogie!,False,INDIFFERENT,2:48,168,c6lPS_MW6nI,2024-06-07T00:54:52Z,gh-1408
Southbound,Doc Watson,Southbound,False,INDIFFERENT,2:50,170,jsJYjfcZWAc,2024-06-07T00:52:02Z,gh-1408
"Lord, Mr. Ford",Jerry Reed,"Lord, Mr. Ford",False,INDIFFERENT,3:17,197,HS4iD2zf8Hc,2024-06-07T00:48:45Z,gh-1408
All the Cats Join In,Benny Goodman And His Orchestra,2 For The Record,False,INDIFFERENT,4:16,256,RujL_Kvbhh8,2024-06-07T00:44:29Z,gh-1408
Along the Navajo Trail,Bob Wills & His Texas Playboys,"Tiffany Transcriptions, Vol. 4",False,INDIFFERENT,3:09,189,3JIhUnD1SJg,2024-06-07T00:41:20Z,gh-1408
"Hey, Good Lookin'",Hank Williams,Memorial Album (Expanded Edition),False,INDIFFERENT,2:57,177,tunFYrXANHs,2024-06-07T00:38:23Z,gh-1408
I'm a Ramblin' Man,Waylon Jennings,The Ramblin' Man,True,LIKE,2:47,167,_WO1PGuN6bE,2024-06-07T00:35:36Z,gh-1408
(You Let the Blues Move In) Now I'm Movin' Out,The Roues Brothers,(You Let the Blues Move In) Now I'm Movin' Out,False,INDIFFERENT,2:55,175,_yoektCO0hA,2024-06-07T00:32:41Z,gh-1408
Milk Cow Blues,Bob Wills & His Texas Playboys,"Tiffany Transcriptions, Vol. 3",False,INDIFFERENT,2:54,174,VZkOloWHrWY,2024-06-07T00:29:47Z,gh-1408
Frightened Town,Lorne Greene,Lorne Greene's American West,False,INDIFFERENT,3:18,198,vT3fUj_9jNo,2024-06-07T00:26:29Z,gh-1408
In the Shadow of the Valley,"Don Burnham, Jerry Burnham",Swingin' out West,False,INDIFFERENT,3:07,187,hrUXAC_wqrY,2024-06-07T00:23:22Z,gh-1408
Sh-Boom,The Crew Cuts,The Best Of The Crew Cuts,False,INDIFFERENT,2:49,169,CikEbEtnBcE,2024-06-07T00:20:33Z,gh-1408
Cherokee Maiden,Bob Wills,Columbia Historic Edition,False,LIKE,2:59,179,0LByr0Qf4x8,2024-06-07T00:17:34Z,gh-1408
In the Mood,Glenn Miller,In the Mood,False,INDIFFERENT,3:33,213,f6_W4rXMJ6A,2024-06-07T00:14:01Z,gh-1408
A Week In A Country Jail,Tom T. Hall,Tom T. Hall's Greatest Hits,False,INDIFFERENT,3:06,186,r4AgUo33zvk,2024-06-07T00:10:55Z,gh-1408
Cool Water,Sons Of The Pioneers,RCA Country Legends,False,INDIFFERENT,2:54,174,p2Ezf7PS3fw,2024-06-07T00:08:01Z,gh-1408
Bubbles In My Beer (feat. Texas Playboys),Bob Wills,For The Last Time,False,INDIFFERENT,2:55,175,qlPYFZl0M3Q,2024-06-07T00:05:06Z,gh-1408
Is You Is Or Is You Ain't (My Baby),Louis Jordan,Somebody Up There Digs Me,False,INDIFFERENT,3:17,197,cST9qUzOmOE,2024-06-07T00:01:49Z,gh-1408
Stingeree,"Merle Haggard, The Strangers",It's All In The Movies,False,INDIFFERENT,4:06,246,7rtSm9JsAjc,2024-06-06T23:57:43Z,gh-1408
El Paso (Full-Length Version),Martin Robbins,Gunfighter Ballads and Trail Songs,False,INDIFFERENT,4:39,279,kSKM6pKg0vo,2024-06-06T23:53:04Z,gh-1408
Where Did You Sleep Last Night,Leadbelly,Best Of The Blues,False,INDIFFERENT,3:04,184,rctW0ajuLrQ,2024-06-06T23:50:00Z,gh-1408
Mountain Dew,The Stanley Brothers,"Stanley Brothers Best, Vol. 4",False,INDIFFERENT,2:44,164,gacvjtmLzf4,2024-06-06T23:47:16Z,gh-1408
On The Sunny Side Of The Street,The Benny Goodman Sextet,Small Groups: 1941-1945,False,INDIFFERENT,3:11,191,R0crYaC0Azc,2024-06-06T23:44:05Z,gh-1408
Crawdad Hole,Doc Watson,The Best Of Doc Watson 1964-1968,False,INDIFFERENT,3:53,233,D2xRZDv7zuQ,2024-06-06T23:40:12Z,gh-1408
I Am A Man Of Constant Sorrow (With Band) (feat. Dan Tyminski),The Soggy Bottom Boys,"O Brother, Where Art Thou? (Original Motion Picture Soundtrack)",False,INDIFFERENT,4:17,257,zHamgwlQ1yo,2024-06-06T23:35:55Z,gh-1408
I'm Gonna Sit Right Down and Write Myself a Letter,Fats Waller,"If You Got To Ask, You Ain't Got It!",False,INDIFFERENT,3:30,210,f8SB0-BV4r0,2024-06-06T23:32:25Z,gh-1408
The Love Me Or Die,C.W. Stoneking,Jungle Blues,False,INDIFFERENT,3:55,235,RZlQqMkywrY,2024-06-06T23:28:30Z,gh-1408
You Always Hurt The One You Love (1958 version),The Mills Brothers,Great Hits,False,INDIFFERENT,3:14,194,jcbvlLAVj4Y,2024-06-06T23:25:16Z,gh-1408
Earl's Breakdown,Flatt & Scruggs,Foggy Mountain Jamboree (Expanded Edition),True,LIKE,3:00,180,nC95BwtJjkM,2024-06-06T23:22:16Z,gh-1408
Plastic Banana,Tony Rice,Tony Rice,,INDIFFERENT,2:55,175,_MK5lkYzB_0,2024-06-06T23:19:21Z,gh-1408
Cash On The Barrel Head,The Louvin Brothers,Encore,False,INDIFFERENT,2:42,162,Ymjc3fO5xAg,2024-06-06T23:16:39Z,gh-1408
E.M.D.,David Grisman,The David Grisman Quintet,True,LIKE,2:42,162,B61C-SQLg9k,2024-06-06T23:13:57Z,gh-1408
Danse des flèches,Les Yeux Noirs,A Band of Gypsies,,INDIFFERENT,2:14,134,ZqQvMQoKE1c,2024-06-06T23:11:43Z,gh-1408
Danse roumaine,Les Yeux Noirs,A Band of Gypsies,,INDIFFERENT,2:46,166,mVWs4rHOljA,2024-06-06T23:08:57Z,gh-1408
Blue Moon of Kentucky,Bill Monroe & his Blue Grass Boys,The Essential Bill Monroe (1945-1949),False,INDIFFERENT,3:01,181,xtpiqdN2lJk,2024-06-06T23:05:56Z,gh-1408
I Hear Them All,Old Crow Medicine Show,Best Of,False,INDIFFERENT,3:07,187,VZBZ-EHA6Q8,2024-06-06T23:02:49Z,gh-1408
Ringo,Sons Of The Pioneers,Sing Legends of the West,False,INDIFFERENT,3:21,201,tGmM9ynGoJ8,2024-06-06T22:59:28Z,gh-1408
Old Number Seven,The Devil Makes Three,The Devil Makes Three,False,INDIFFERENT,3:21,201,1tp4Vyltijw,2024-06-06T22:56:07Z,gh-1408
Twin Guitar Boogie,Bob Wills & His Texas Playboys,For The Last Time,False,INDIFFERENT,3:20,200,8K4Z-hx_1Ms,2024-06-06T22:52:47Z,gh-1408
"Gold Dust Woman (Live at The Forum, Inglewood, CA 8/29/77)",Fleetwood Mac,Live (Deluxe Edition),,LIKE,7:24,444,SNadBHu1GP4,2024-06-06T22:45:23Z,gh-1408
Smoke! Smoke! Smoke! (That Cigarette),Tex Williams,Vintage Collections,False,INDIFFERENT,2:55,175,DUCsULR6ODA,2024-06-06T22:42:28Z,gh-1408
On The Sunny Side Of The Street (2007 Digital Remaster),Jimmy Smith,Back At The Chicken Shack (Rudy Van Gelder Edition),False,INDIFFERENT,5:48,348,a5AFNZ2CD6c,2024-06-05T18:27:24Z,gh-1398
Messy Bessie,Jimmy Smith,Back At The Chicken Shack (Rudy Van Gelder Edition),False,INDIFFERENT,12:30,750,AGY7PRN20xA,2024-06-05T18:14:54Z,gh-1398
Minor Chant,Jimmy Smith,Back At The Chicken Shack (Rudy Van Gelder Edition),False,INDIFFERENT,7:35,455,r1Ab1BQvxNA,2024-06-05T18:07:19Z,gh-1398
When I Grow Too Old To Dream,Jimmy Smith,Back At The Chicken Shack (Rudy Van Gelder Edition),False,INDIFFERENT,9:55,595,p0ZHFlvJ_tQ,2024-06-05T17:57:24Z,gh-1398
Back At The Chicken Shack,Jimmy Smith,Back At The Chicken Shack (Rudy Van Gelder Edition),False,INDIFFERENT,8:04,484,3Q1GFRbeMMk,2024-06-05T17:49:20Z,gh-1398
My Own Time (Miss Monique Remix),"Alice Rose, Darin Epsilon",My Own Time (Miss Monique Remix),False,INDIFFERENT,7:05,425,vC_vh5OOQRE,2024-06-05T17:42:15Z,gh-1398
This Girl (Kungs Vs. Cookin' On 3 Burners) (Kungs Vs. Cookin' On 3 Burners),"Cookin' On 3 Burners, Kungs",Layers,False,INDIFFERENT,3:16,196,kNtk-CnpL-Y,2024-06-05T17:38:59Z,gh-1398
Space Explorers,Teho,Polytone (Deluxe Edition),False,INDIFFERENT,9:39,579,-En8k6gJapg,2024-06-05T17:29:20Z,gh-1398
Strange Planet,"Astrix, Shpongle",Codex VI,False,INDIFFERENT,8:56,536,Lt2SceJdeOQ,2024-06-05T17:20:24Z,gh-1398
Invisible (Paul Kalkbrenner Remix),NTO,Invisible,False,INDIFFERENT,7:38,458,vGKDEPiYnuE,2024-06-05T17:12:46Z,gh-1398
Secret Lover (feat. Jaw),Claptone,Dear Life,False,INDIFFERENT,3:01,181,uTiuBKbtieI,2024-06-05T17:09:45Z,gh-1398
Soopertrack,Extrawelt,Soopertrack,False,INDIFFERENT,8:00,480,1SHW0QKox84,2024-06-05T17:01:45Z,gh-1398
Ray,Avoure,Electronic Elements 2020,False,INDIFFERENT,3:14,194,VqK1PJrd9iE,2024-06-05T16:58:31Z,gh-1398
Wander,Che-Yung,"Root to Branch, Vol. 6",False,INDIFFERENT,3:29,209,HwTid_7x2HU,2024-06-05T16:55:02Z,gh-1398
Stir Me Up (Ryan Murgatroyd Remix),Lane 8,Little by Little Remixed,False,INDIFFERENT,4:16,256,nGybu9WNbK8,2024-06-05T16:50:46Z,gh-1398
Wicked Games [Radio Edit] (feat. Anna Naklab),Parra for Cuva,Wicked Games,False,INDIFFERENT,3:16,196,5cwVuwWbhEY,2024-06-05T16:47:30Z,gh-1398
East Bound and Down,Jerry Reed,East Bound and Down,False,INDIFFERENT,2:49,169,zai0FlRDXmM,2024-06-05T12:44:26Z,gh-1396
The Year That Clayton Delaney Died,Tom T. Hall,In Search Of A Song,False,INDIFFERENT,2:45,165,rcSUIkglCQw,2024-06-05T06:32:20Z,gh-1394
The Master's Call,Marty Robbins,Cool Water,False,INDIFFERENT,3:08,188,bsO85jI5OOI,2024-06-05T06:29:12Z,gh-1394
Tumbling Tumbleweeds,Sons Of The Pioneers,RCA Country Legends,False,INDIFFERENT,2:43,163,c-YLGUHIqhU,2024-06-05T06:26:29Z,gh-1394
Smoke! Smoke! Smoke! (That Cigarette),Tex Williams,Vintage Collections,False,INDIFFERENT,2:55,175,DUCsULR6ODA,2024-06-05T06:23:34Z,gh-1394
"Deep Sade Love | Melancholic Deep House DJ Mix || A tribute to Sade || Kinka, Dragutesku, Quasar","479K views, Arwen's Faith",,,INDIFFERENT,1:22:05,4925,rdKCVaH905I,2024-06-04T20:05:15Z,gh-1391
"Lottery Is a Scam | Breakbeat DJ Mix || Mr. Ho, Mogwaa, Sansibar, Marc Brauner, YTP","73K views, Arwen's Faith",,,INDIFFERENT,1:03:35,3815,5jY4knoA-Fs,2024-06-04T19:01:40Z,gh-1391
Together,"BJ the Chicago Kid, Kamasi Washington",Fearless Movement,False,INDIFFERENT,5:35,335,c8CGF8ntp-g,2024-06-04T18:56:05Z,gh-1391
Weird & Wonderful,BADBADNOTGOOD,Mid Spiral: Chaos,False,INDIFFERENT,4:47,287,IJ8sQXG5qVk,2024-06-04T18:51:18Z,gh-1391
Cosmic Perspective,Mndsgn,Body Wash,False,INDIFFERENT,4:20,260,VKJbnt8suXM,2024-06-04T18:46:58Z,gh-1391
Carry Me Home,Kokoroko,Carry Me Home,False,INDIFFERENT,5:28,328,2crzzHJs_-E,2024-06-04T18:41:30Z,gh-1391
The Message,Cymande,Cymande,False,INDIFFERENT,4:18,258,S4k7XugH9B8,2024-06-04T18:37:12Z,gh-1391
REDBONE but it's jazz neo soul vibes,"30K views, Kubla",,,INDIFFERENT,5:14,314,mSYSDZg7fsc,2024-06-04T18:31:58Z,gh-1391
Yourself,Mildlife,Yourself,False,INDIFFERENT,6:23,383,LtVivL1IwpQ,2024-06-04T18:25:35Z,gh-1391
Everybody Loves The Sunshine,Kiefer & Theo Croker,Everybody Loves The Sunshine,False,INDIFFERENT,5:23,323,DGR6XUV5DK0,2024-06-04T18:20:12Z,gh-1391
Casio,Jungle,For Ever,False,INDIFFERENT,3:55,235,02nFGcia31M,2024-06-04T18:16:17Z,gh-1391
Connaissais de Face,Khruangbin,Mordechai,False,INDIFFERENT,4:21,261,-1Aq10LTVsQ,2024-06-04T18:11:56Z,gh-1391
Chill 70s 80s Funk & Disco Freestyle Vinyl Mix by Hikko Mori,"1M views, Hikko Mori",,,LIKE,1:05:05,3905,K8ug5WW0LoY,2024-06-04T17:28:18Z,gh-1390
Another Plan of Attack (Live),The Disco Biscuits,"Live from Austin, TX (September 16, 2023)",False,INDIFFERENT,15:16,916,PoMVUK4Iatw,2024-06-04T17:13:02Z,gh-1390
Therapy (Live),The Disco Biscuits,"Live from Austin, TX (September 16, 2023)",False,INDIFFERENT,14:22,862,bHlaxQXxoCI,2024-06-04T16:58:40Z,gh-1390
Aceetobee (Live),The Disco Biscuits,"Live from Austin, TX (September 16, 2023)",False,INDIFFERENT,25:21,1521,qXFrcSbMYGE,2024-06-04T16:33:19Z,gh-1390
Gospel Plow,Chance McCoy and The Appalachian String Band,Debut,,LIKE,4:38,278,KLPuLU2bH3s,2024-06-04T03:25:22Z,gh-1385
Honky Tonk Heroes (Like Me),Waylon Jennings,Wanted! The Outlaws,True,LIKE,3:30,210,8LIDR2ySLlo,2024-06-04T03:21:52Z,gh-1385
Feelin' Good Again,Robert Earl Keen,Walking Distance,True,LIKE,3:17,197,g5i6duhB9mk,2024-06-04T03:18:35Z,gh-1385
Summer Wages,Tony Rice,Native American,False,INDIFFERENT,4:04,244,8Us9Q1T96jo,2024-06-04T01:34:11Z,gh-1384
John Wilkes Booth,Tony Rice,Native American,False,INDIFFERENT,3:53,233,w1q5J_jHFBY,2024-06-04T01:30:18Z,gh-1384
Brother To The Wind,Tony Rice,Native American,False,INDIFFERENT,3:29,209,kjcSkapes1I,2024-06-04T01:26:49Z,gh-1384
Changes,Tony Rice,Native American,False,INDIFFERENT,2:22,142,5406Qh1AE6A,2024-06-04T01:24:27Z,gh-1384
Nothin' Like A Hundred Miles,Tony Rice,Native American,False,INDIFFERENT,4:22,262,-VjeX183G3k,2024-06-04T01:20:05Z,gh-1384
Go My Way,Tony Rice,Native American,False,INDIFFERENT,2:49,169,lwLpjUSryy4,2024-06-04T01:17:16Z,gh-1384
Urge For Going,Tony Rice,Native American,False,INDIFFERENT,5:52,352,el2c6Fv999U,2024-06-04T01:11:24Z,gh-1384
Why You Been Gone So Long,Tony Rice,Native American,False,INDIFFERENT,3:23,203,xXoOU2D8vFc,2024-06-04T01:08:01Z,gh-1384
Night Flyer,Tony Rice,Native American,True,LIKE,4:01,241,lMHUTwCJ5fw,2024-06-04T01:04:00Z,gh-1384
St. James Hospital,Tony Rice,Native American,False,INDIFFERENT,5:00,300,cYVivsD36C8,2024-06-04T00:59:00Z,gh-1384
Shadows,Tony Rice,Native American,False,INDIFFERENT,3:44,224,pWIidAZXz_M,2024-06-04T00:55:16Z,gh-1384
Nautical,Loscil,Stases,,INDIFFERENT,4:33,273,R-uAoGoocyI,2024-06-04T00:50:43Z,gh-1384
Geologic Time Scale,Hyperion Towers,Rovaniemi,False,INDIFFERENT,3:20,200,0jvmbfCAhr8,2024-06-04T00:47:23Z,gh-1384
Inside (2:56am Mix),36,Blue,False,INDIFFERENT,5:40,340,c_FDWJDFq7U,2024-06-04T00:41:43Z,gh-1384
Dawn,Warmth,The Night,False,INDIFFERENT,3:57,237,Yh9r3Tcs0g0,2024-06-04T00:37:46Z,gh-1384
Lumina,Loscil,Clara,False,INDIFFERENT,6:13,373,skk08zlT1B0,2024-06-04T00:31:33Z,gh-1384
Argonaut I,loscil,Submers,,LIKE,7:13,433,u7PrucRBWac,2024-06-04T00:24:20Z,gh-1384
The Silver Light,Trey Anastasio,The Beacon Jams,False,INDIFFERENT,5:03,303,Ov63a-ZoyCc,2024-06-04T00:19:17Z,gh-1384
Another Door,Mike Gordon,The Green Sparrow,,INDIFFERENT,3:40,220,_TANKadV7IE,2024-06-04T00:15:37Z,gh-1384
That's What Love Will Make You Do (Live) (feat. Jerry Garcia Band),Jerry Garcia Band,"Pure Jerry: Merriweather Post Pavilion, September 1 & 2, 1989",False,INDIFFERENT,8:27,507,rjv5XSx--xU,2024-06-03T21:18:41Z,gh-1383
Kidney in a Cooler,Keller Williams,Laugh,False,INDIFFERENT,6:03,363,rDH-RfinMjg,2024-06-03T21:12:38Z,gh-1383
"Chilly Water (Live At Classic Center Theater, Athens, GA, USA 2000)",Widespread Panic,Live in the Classic City,False,INDIFFERENT,4:03,243,gBfxD3pi44E,2024-06-03T21:08:35Z,gh-1383
Fire on the Mountain,Grateful Dead,Shakedown Street,False,INDIFFERENT,3:50,230,iOF2psD2uTk,2024-06-03T21:04:45Z,gh-1383
Sparkle,Phish,Rift,False,INDIFFERENT,3:55,235,W-dzJx3NGm0,2024-06-03T21:00:50Z,gh-1383
"That's All Right, Mama (Live)","Bill Vitt, Jerry Garcia, John Kahn","Live At Keystone, Volume 2",False,INDIFFERENT,4:19,259,0Dnp04Ayunk,2024-06-03T20:56:31Z,gh-1383
"Recently (Live at Red Rocks Amphitheatre, Morrison, CO - August 1995)",Dave Matthews Band,Live At Red Rocks 8.15.95,False,INDIFFERENT,6:13,373,T7vi1EOOEMw,2024-06-03T20:50:18Z,gh-1383
Sweet Dreams Melinda,Trey Anastasio,Shine,False,INDIFFERENT,3:36,216,EtLytH4zqSI,2024-06-03T20:46:42Z,gh-1383
Prickly Pear,Bela Fleck & The Flecktones,Rocket Science,False,INDIFFERENT,3:50,230,wMpJ_IPl0gM,2024-06-03T20:42:52Z,gh-1383
Jaded,Mike Gordon,The Green Sparrow,,INDIFFERENT,3:06,186,pg6b49WFidg,2024-06-03T20:39:46Z,gh-1383
Evangeline (Live),Jerry Garcia Band,"GarciaLive Volume Two: August 5th, 1990 Greek Theatre",False,INDIFFERENT,4:22,262,OBbJRovvzrE,2024-06-03T20:35:24Z,gh-1383
I Don't Want to Play That (Live),Delvon Lamarr Organ Trio,Live at KEXP!,False,INDIFFERENT,5:15,315,zIsh5QQQ2jc,2024-06-03T20:30:09Z,gh-1383
Stone,The Disco Biscuits,Encephalous Crime,False,INDIFFERENT,3:33,213,1JofNd2QtEw,2024-06-03T20:26:36Z,gh-1383
Walkin' (For Your Love),Widespread Panic,Widespread Panic,False,INDIFFERENT,4:32,272,LaALYMkxjU4,2024-06-03T20:22:04Z,gh-1383
Dupree's Diamond Blues (Live February 1978),Grateful Dead,"Dick's Picks Vol. 18: Dane County Coliseum, Madison, WI 2/3/78 / UNI-Dome, University of Iowa, Cedar Falls, IA 2/5/78 (Live)",False,INDIFFERENT,4:38,278,9gplAhBLTqM,2024-06-03T20:17:26Z,gh-1383
Back on the Train,Phish,Farmhouse,False,INDIFFERENT,3:03,183,Jr-3VZufkyY,2024-06-03T20:14:23Z,gh-1383
Ventura '98 Soundcheck Jam,Phish,Phish: Ventura,,INDIFFERENT,13:39,819,2dRxWb2yyJY,2024-06-03T20:00:44Z,gh-1383
Halley's Comet,Phish,Phish: Ventura,,INDIFFERENT,10:59,659,ON3h-g232WU,2024-06-03T19:49:45Z,gh-1383
Hold Your Head Up,Phish,Phish: Ventura,,INDIFFERENT,1:42,102,eEnGnaQ0KDw,2024-06-03T19:48:03Z,gh-1383
Sexual Healing,Phish,Phish: Ventura,,INDIFFERENT,7:49,469,bJmI0nvxW58,2024-06-03T19:40:14Z,gh-1383
Harry Hood,Phish,Phish: Ventura,,INDIFFERENT,15:32,932,rr4nHVGM5s8,2024-06-03T19:24:42Z,gh-1383
Prince Caspian,Phish,Phish: Ventura,,INDIFFERENT,12:12,732,CslD-3Mp7kI,2024-06-03T19:12:30Z,gh-1383
Sea And Sand,Phish,Phish: Ventura,,INDIFFERENT,3:11,191,c0e9LYhXzv0,2024-06-03T19:09:19Z,gh-1383
Maze,Phish,Phish: Ventura,,INDIFFERENT,12:11,731,S8mZ538CsJQ,2024-06-03T18:57:08Z,gh-1383
Makisupa Polliceman,Phish,Phish: Ventura,,INDIFFERENT,8:09,489,2uPKujpCyhQ,2024-06-03T18:48:59Z,gh-1383
Drowned,Phish,Phish: Ventura,,INDIFFERENT,14:53,893,Gn-Fq3ofdEc,2024-06-03T18:34:06Z,gh-1383
Split Open And Melt,Phish,Phish: Ventura,,INDIFFERENT,14:01,841,oEslutQNKlk,2024-06-03T18:21:13Z,gh-1382
The Moma Dance,Phish,Phish: Ventura,,INDIFFERENT,9:57,597,fXqmQlCYzsU,2024-06-03T18:11:16Z,gh-1382
Ventura '97 Soundcheck Jam,Phish,Phish: Ventura,,INDIFFERENT,9:19,559,uy_Rkp0JsnU,2024-06-03T18:01:57Z,gh-1382
My Soul,Phish,Phish: Ventura,,INDIFFERENT,6:03,363,8Y1noxFK33E,2024-06-03T17:55:54Z,gh-1382
Fire,Phish,Phish: Ventura,,LIKE,6:52,412,xcprma0kJ3o,2024-06-03T17:49:02Z,gh-1382
The Sicilian,Bonobo,One Offs (Remixes & B Sides),,INDIFFERENT,4:24,264,bbAT9SbK8hA,2024-06-03T17:44:38Z,gh-1382
Dinosaurs (Jon Kennedy Mix),Bonobo,One Offs (Remixes & B Sides),,INDIFFERENT,4:09,249,fmrl5HdCQdo,2024-06-03T17:40:29Z,gh-1382
Dismantling Frank,Bonobo,One Offs (Remixes & B Sides),,INDIFFERENT,5:08,308,rX_OLQpopxg,2024-06-03T17:35:21Z,gh-1382
The Plug (Quantic Mix),Bonobo,One Offs (Remixes & B Sides),,INDIFFERENT,6:14,374,IXDCasgfq9s,2024-06-03T17:29:07Z,gh-1382
Beachy Head (Bonobo Mix),Mechanical Me,One Offs (Remixes & B Sides),,INDIFFERENT,3:48,228,-xUAhFNuiBM,2024-06-03T17:25:19Z,gh-1382
Turtle (Bonobo Mix),Pilote,One Offs (Remixes & B Sides),,INDIFFERENT,5:11,311,yNi8z7FLorE,2024-06-03T17:20:08Z,gh-1382
Justice Der - Covers [Full Album],"21M views, STEEZYASFUCK",,,INDIFFERENT,3:00:00,10800,mPymRFeTJa4,2024-06-03T14:20:08Z,gh-1382
Alpaca Mountain,Yin Yin,The Rabbit That Hunts Tigers,,INDIFFERENT,5:36,336,I-dtR6H-jwQ,2024-06-03T14:14:32Z,gh-1382
One Inch Punch,Yin Yin,One Inch Punch,False,INDIFFERENT,5:10,310,j9sPnp8dFQQ,2024-06-03T14:09:22Z,gh-1382
Declined by Universe,YĪN YĪN,The Age of Aquarius,False,INDIFFERENT,4:27,267,2fI9oAWQ7aQ,2024-06-03T14:04:55Z,gh-1382
The Age of Aquarius,YĪN YĪN,The Age of Aquarius,False,INDIFFERENT,3:35,215,3lQlYrH_v5w,2024-06-03T14:01:20Z,gh-1382
Pia Dance,YĪN YĪN,Mount Matsu,False,INDIFFERENT,5:09,309,SyBdgqyOVY4,2024-06-03T13:56:11Z,gh-1382
A Ballad for Chong Wang,Yin Yin,The Rabbit That Hunts Tigers,,INDIFFERENT,1:24,84,Rs92NO2RoQU,2024-06-03T13:54:47Z,gh-1382
Kroy Wen,Yin Yin,The Rabbit That Hunts Tigers,,INDIFFERENT,2:57,177,HEWq78g04HM,2024-06-03T13:51:50Z,gh-1382
Tam Tam,YĪN YĪN,Mount Matsu,False,INDIFFERENT,2:24,144,M3nsXzpuAAw,2024-06-03T13:49:26Z,gh-1382
Shēnzhou V.,YĪN YĪN,The Age of Aquarius,False,INDIFFERENT,6:09,369,_gVQHWncEaQ,2024-06-03T13:43:17Z,gh-1382
Suì Yè,Yin Yin,The Rabbit That Hunts Tigers,,INDIFFERENT,3:54,234,qW605nQXqDc,2024-06-03T13:39:23Z,gh-1382
Lotus,Yin Yin,The Rabbit That Hunts Tigers,,INDIFFERENT,1:50,110,RoZWqndNXOk,2024-06-03T13:37:33Z,gh-1382
On Yiep,Yin Yin,The Rabbit That Hunts Tigers,,INDIFFERENT,0:53,53,XGchDYtrsHM,2024-06-03T13:36:40Z,gh-1382
Nautilus,YĪN YĪN,Nautilus,False,INDIFFERENT,4:02,242,Deux3XBR1lU,2024-06-03T13:32:38Z,gh-1382
Tokyo Disko,YĪN YĪN,Mount Matsu,False,INDIFFERENT,4:49,289,MGsML0e9QGQ,2024-06-03T13:27:49Z,gh-1382
Nata Ni Thlae,Yin Yin,The Rabbit That Hunts Tigers,,INDIFFERENT,0:55,55,39UV3QO1zWk,2024-06-03T13:26:54Z,gh-1382
The Sacred Valley of Cusco,Yin Yin,The Rabbit That Hunts Tigers,,INDIFFERENT,4:42,282,wvuEQurocVQ,2024-06-03T13:22:12Z,gh-1382
Thom Kï Kï,Yin Yin,The Rabbit That Hunts Tigers,,INDIFFERENT,3:42,222,E0W2FWJb5s8,2024-06-03T13:18:30Z,gh-1382
Pingpxng,Yin Yin,The Rabbit That Hunts Tigers,,INDIFFERENT,2:40,160,ctilD3NrRPs,2024-06-03T13:15:50Z,gh-1382
Takahashi Timing,YĪN YĪN,Mount Matsu,False,INDIFFERENT,5:25,325,EDr2hXOIJRE,2024-06-03T13:10:25Z,gh-1382
The Year of the Rabbit,YĪN YĪN,The Year of the Rabbit,False,INDIFFERENT,3:57,237,zDuKh0yUQ-M,2024-06-03T13:06:28Z,gh-1382
Dis kô Dis kô,YĪN YĪN,Dion Ysiusk,False,INDIFFERENT,4:21,261,KKarVcrzCls,2024-06-03T13:02:07Z,gh-1382
The Year of the Rabbit,YĪN YĪN,Mount Matsu,False,INDIFFERENT,3:57,237,htX564RpcTc,2024-06-03T12:58:10Z,gh-1382
The Rabbit That Hunts Tigers,Yin Yin,The Rabbit That Hunts Tigers,,INDIFFERENT,5:49,349,jGJQl-s9i9c,2024-06-03T12:52:21Z,gh-1382
I Didn't Know,Skinshape,Filoxiny,False,INDIFFERENT,3:39,219,mCgorrefSDA,2024-06-02T09:23:49Z,gh-1371
Pon Pón,Khruangbin,A LA SALA,False,INDIFFERENT,2:59,179,-e1IZFm_qoc,2024-06-02T09:20:50Z,gh-1371
Show You The Way (feat. Kenny Loggins & Michael McDonald),Thundercat,Drunk,False,INDIFFERENT,3:35,215,1rBYb84sfvw,2024-06-02T09:17:15Z,gh-1371
what you do to me,53 Thieves,what you do to me,False,INDIFFERENT,3:24,204,TqBwpTFLiVA,2024-06-02T09:13:51Z,gh-1371
The Water,Indigo De Souza,All of This Will End,False,INDIFFERENT,3:24,204,y7IQevn5r8E,2024-06-02T06:30:36Z,gh-1370
Fragments of Time (feat. Todd Edwards),"Daft Punk, Todd Edwards",Random Access Memories,False,INDIFFERENT,4:40,280,3rpQTqpFTF4,2024-06-02T06:25:56Z,gh-1370
Chamber Of Reflection,Mac DeMarco,Salad Days,False,INDIFFERENT,3:52,232,pQsF3pzOc54,2024-06-02T06:22:04Z,gh-1370
11:30,Duckwrth,Chrome Bull,False,INDIFFERENT,3:02,182,bWIKxJs_7cA,2024-06-02T06:19:02Z,gh-1370
"Within You, Within Me",Meltt,"Within You, Within Me",False,INDIFFERENT,3:19,199,riUwy6wvWLQ,2024-06-02T06:15:43Z,gh-1370
Rust (feat. Tom Misch),Yussef Dayes,Rust,False,INDIFFERENT,3:59,239,SiD0Pzf15VM,2024-06-02T06:11:44Z,gh-1370
Gamesofluck,Parcels,Hideout,False,INDIFFERENT,5:49,349,HxZFH-XCBvU,2024-06-02T06:05:55Z,gh-1370
Take My Time,Skinshape,Life & Love,False,INDIFFERENT,3:04,184,S-9J8LF8BkA,2024-06-02T06:02:51Z,gh-1370
Summer Madness,Khruangbin,Summer Madness,False,INDIFFERENT,3:22,202,NUuLhuHGVeg,2024-06-02T05:59:29Z,gh-1370
Them Changes,Thundercat,The Beyond / Where the Giants Roam,False,INDIFFERENT,3:08,188,35-MnoI1drY,2024-06-02T05:56:21Z,gh-1370
Lauren,Men I Trust,Lauren,True,LIKE,3:39,219,iZcOYmMyG-E,2024-06-02T05:52:42Z,gh-1370
Real Love Baby,Father John Misty,Real Love Baby,False,INDIFFERENT,3:10,190,0wFVsbbrEHQ,2024-06-02T05:49:32Z,gh-1370
Freaking Out the Neighborhood,Mac DeMarco,2,False,INDIFFERENT,2:54,174,LbYwT6TULjg,2024-06-02T05:46:38Z,gh-1370
Sunny,"Jordan Dennis, Tentendo",Player One,False,INDIFFERENT,3:14,194,PERH69riQHc,2024-06-02T05:43:24Z,gh-1370
Relay,Sam Ezeh,Relay,False,INDIFFERENT,3:06,186,6BjJBujT4J4,2024-06-02T05:40:18Z,gh-1370
Cuts so Deep,Steven Beddall,Sunlight Drift,False,INDIFFERENT,3:13,193,wAqkACMWw8Y,2024-06-02T05:37:05Z,gh-1370
Float On,Modest Mouse,Good News For People Who Love Bad News,False,INDIFFERENT,3:29,209,88XhEqgmRhM,2024-06-02T05:33:36Z,gh-1370
Tieduprightnow,Parcels,Parcels,False,INDIFFERENT,3:02,182,dhAR_VnEAZ8,2024-06-02T05:30:34Z,gh-1370
"High Tide, Storm Rising",Skinshape,"High Tide, Storm Rising",False,INDIFFERENT,3:57,237,2t1EiWjHFt8,2024-06-02T05:26:37Z,gh-1370
August 10,Khruangbin,Con Todo El Mundo,True,LIKE,4:26,266,NA48_XQcuwc,2024-06-02T05:22:11Z,gh-1370
Friend Zone,Thundercat,Drunk,False,INDIFFERENT,3:13,193,heDAio31LEk,2024-06-02T05:18:58Z,gh-1370
Sicily' Box (feat. Rocco Palladino),"Venna, Yussef Dayes, & Marco Bernardis",Sicily' Box,False,INDIFFERENT,4:06,246,w_a5mRbwr-o,2024-06-02T05:14:52Z,gh-1370
No More Lies,"Tame Impala, Thundercat",No More Lies,True,LIKE,5:28,328,mL9BOSG31pg,2024-06-02T05:09:24Z,gh-1370
Lost In Space / Great Scott / 22-26,Thundercat,It Is What It Is,False,INDIFFERENT,1:23,83,kNlDipE9E14,2024-06-02T05:08:01Z,gh-1370
Monroe's Hornpipe,Noam Pikelny,Noam Pikelny Plays Kenny Baker Plays Bill Monroe,False,INDIFFERENT,3:07,187,SfhrLisvALE,2024-06-02T01:38:54Z,gh-1368
The Boxer (feat. Mumford & Sons & Paul Simon),Jerry Douglas,Babel (Deluxe Version),False,INDIFFERENT,4:06,246,c1Bz7Kp6Y-o,2024-06-02T01:34:48Z,gh-1368
House Of The Rising Sun,"Doc Watson, Richard Watson",Third Generation Blues,False,INDIFFERENT,3:22,202,FwXxxSRUX4U,2024-06-02T01:31:26Z,gh-1368
Whispering Waltz,Sierra Ferrell,Long Time Coming,,INDIFFERENT,3:22,202,14UKa4QhU1U,2024-06-01T21:23:46Z,gh-1367
Ode to Earl,Béla Fleck,"The Bluegrass Sessions: Tales From The Acoustic Planet, Vol. 2",False,INDIFFERENT,3:10,190,x9AvnpjV30Y,2024-06-01T21:20:36Z,gh-1367
James River Blues,Old Crow Medicine Show,Down Home Girl,,INDIFFERENT,3:07,187,AaRIkX1JfEY,2024-06-01T21:17:29Z,gh-1367
Jamestown Ferry,Charley Crockett,Lil G.L.'s Honky Tonk Jubilee,False,INDIFFERENT,3:07,187,6bIkqAF4ZOs,2024-06-01T21:14:22Z,gh-1367
Black Rock,The Infamous Stringdusters,The Infamous Stringdusters,False,INDIFFERENT,3:32,212,kQUvdEQav4U,2024-06-01T21:10:50Z,gh-1367
All Around You,Sturgill Simpson,Cuttin' Grass - Vol. 1 (Butcher Shoppe Sessions),False,INDIFFERENT,3:10,190,kXGugEWmnSg,2024-06-01T21:07:40Z,gh-1367
Help Me Scrape the Mucus off My Brain,Ween,12 Golden Country Greats,,INDIFFERENT,2:46,166,vA9B4VU8FlM,2024-06-01T21:04:54Z,gh-1367
California Sober (feat. Willie Nelson),Billy Strings,California Sober,True,LIKE,3:51,231,AmxvLgvc8IE,2024-06-01T21:01:03Z,gh-1367
Nobody Knows What You Do,John Hartford,Nobody Knows What You Do,False,INDIFFERENT,3:59,239,jozQQIalOnY,2024-06-01T20:57:04Z,gh-1367
Fire On the Mountain,Iron Horse,Ridin' Out The Storm,False,INDIFFERENT,3:19,199,1xEyds9Z4II,2024-06-01T20:53:45Z,gh-1367
By The Mark,Gillian Welch,Revival,False,INDIFFERENT,3:41,221,Iz65diosiks,2024-06-01T20:50:04Z,gh-1367
"Story of Isaac (feat. Andrew Marlin, Noam Pikelny, Chris Eldridge & Alex Hargreaves)",Mighty Poplar,Mighty Poplar,,INDIFFERENT,6:21,381,2cydfPSto7c,2024-06-01T20:43:43Z,gh-1367
"Kicking Up the Devil on a Holiday / Dr. Hecock's Jig (feat. Andrew Marlin, Noam Pikelny, Chris Eldridge & Alex Hargreaves)",Mighty Poplar,Mighty Poplar,,INDIFFERENT,5:51,351,FUpVDX-BpMs,2024-06-01T20:37:52Z,gh-1367
"Let Him Go on Mama (feat. Andrew Marlin, Noam Pikelny, Chris Eldridge & Alex Hargreaves)",Mighty Poplar,Mighty Poplar,,INDIFFERENT,4:10,250,9CLcIOv4MtY,2024-06-01T20:33:42Z,gh-1367
"Little Joe (feat. Andrew Marlin, Noam Pikelny, Chris Eldridge & Alex Hargreaves)",Mighty Poplar,Mighty Poplar,,LIKE,3:04,184,xQ-kxkDP8H0,2024-06-01T20:30:38Z,gh-1367
"North Country Blues (feat. Andrew Marlin, Noam Pikelny, Chris Eldridge & Alex Hargreaves)",Mighty Poplar,Mighty Poplar,,INDIFFERENT,4:09,249,n-fO1jLPkxo,2024-06-01T20:26:29Z,gh-1367
"Blackjack Davy (feat. Andrew Marlin, Noam Pikelny, Chris Eldridge & Alex Hargreaves)",Mighty Poplar,Mighty Poplar,,INDIFFERENT,3:07,187,cgc_BbcfOCg,2024-06-01T20:23:22Z,gh-1367
"Lovin' Babe (feat. Andrew Marlin, Noam Pikelny, Chris Eldridge & Alex Hargreaves)",Mighty Poplar,Mighty Poplar,,INDIFFERENT,5:49,349,78HytXIPSKY,2024-06-01T20:17:33Z,gh-1367
"Grey Eagle (feat. Andrew Marlin, Noam Pikelny, Chris Eldridge & Alex Hargreaves)",Mighty Poplar,Mighty Poplar,,LIKE,3:50,230,v2h5wWNQREA,2024-06-01T20:13:43Z,gh-1367
"Up on the Divide (feat. Andrew Marlin, Noam Pikelny, Chris Eldridge & Alex Hargreaves)",Mighty Poplar,Mighty Poplar,,INDIFFERENT,3:21,201,N1rC1veHA_s,2024-06-01T20:10:22Z,gh-1367
"A Distant Land to Roam (feat. Andrew Marlin, Noam Pikelny, Chris Eldridge & Alex Hargreaves)",Mighty Poplar,Mighty Poplar,,INDIFFERENT,2:34,154,YaC4M0M0hM4,2024-06-01T20:07:48Z,gh-1367
Unrequited Love,Thundercat,It Is What It Is,False,INDIFFERENT,3:15,195,eRo_FFrliAs,2024-06-01T20:04:33Z,gh-1367
King Of The Hill,Thundercat,It Is What It Is,False,INDIFFERENT,2:52,172,VOVi-INLRWI,2024-06-01T20:01:41Z,gh-1367
How I Feel,Thundercat,It Is What It Is,False,INDIFFERENT,1:09,69,qIOMiQ3d80A,2024-06-01T20:00:32Z,gh-1367
Dragonball Durag,Thundercat,It Is What It Is,False,INDIFFERENT,3:02,182,WmrRHqQesbo,2024-06-01T19:57:30Z,gh-1367
Overseas (feat. Zack Fox),Thundercat,It Is What It Is,False,INDIFFERENT,1:29,89,HE-2bO2I_es,2024-06-01T19:56:01Z,gh-1367
Funny Thing,Thundercat,It Is What It Is,False,INDIFFERENT,1:57,117,lSrKfSDwIi0,2024-06-01T19:54:04Z,gh-1367
How Sway,Thundercat,It Is What It Is,False,INDIFFERENT,1:15,75,QwQeEmY1QxI,2024-06-01T19:52:49Z,gh-1367
Miguel's Happy Dance,Thundercat,It Is What It Is,False,INDIFFERENT,2:12,132,_D_DGhBR7NA,2024-06-01T19:50:37Z,gh-1367
"Black Qualls (feat. Steve Lacy, Steve Arrington & Childish Gambino)",Thundercat,It Is What It Is,False,INDIFFERENT,3:10,190,IOHbF1Zg4S0,2024-06-01T19:47:27Z,gh-1367
I Love Louis Cole (feat. Louis Cole),Thundercat,It Is What It Is,False,INDIFFERENT,3:25,205,YHTufn3VWq0,2024-06-01T19:44:02Z,gh-1367
Innerstellar Love,Thundercat,It Is What It Is,False,INDIFFERENT,2:42,162,S19y2wksSz8,2024-06-01T19:41:20Z,gh-1367
Lost In Space / Great Scott / 22-26,Thundercat,It Is What It Is,False,INDIFFERENT,1:23,83,kNlDipE9E14,2024-06-01T19:39:57Z,gh-1367
Simple & Sober,Lindsay Lou,Southland,True,LIKE,3:05,185,DsbpoDg_4jA,2024-06-01T01:38:48Z,gh-1360
The Harder They Come,Jimmy Cliff,The Harder They Come (Original Motion Picture Soundtrack),False,INDIFFERENT,3:40,220,pmc5H6zAi6M,2024-06-01T01:35:08Z,gh-1360
Mole in the Ground,Joe Walsh,Sweet Loam,,LIKE,3:34,214,sEQLMr54EnY,2024-06-01T01:31:34Z,gh-1360
D.A.N.C.E,Justice,Cross,True,INDIFFERENT,4:03,243,P0Nryn0YZ-A,2024-06-01T01:27:31Z,gh-1360
Thank God I'm a Country Boy,John Denver,Back Home Again,False,INDIFFERENT,3:14,194,GSJaaZgIwtE,2024-06-01T01:24:17Z,gh-1360
How Sweet It Is (To Be Loved By You),James Taylor,Gorilla,False,INDIFFERENT,3:37,217,bdxXEERZO20,2024-06-01T01:20:40Z,gh-1360
My Golden Years,The Lemon Twigs,My Golden Years,False,INDIFFERENT,3:14,194,71xH5xHe-uE,2024-06-01T01:17:26Z,gh-1360
All I Gave To You,Bella White,All I Gave To You,True,LIKE,3:29,209,t-wenVqCJaw,2024-06-01T01:13:57Z,gh-1360
Big City Good Time Gal,Wayne Hancock,Thunderstorms and Neon Signs,,INDIFFERENT,2:57,177,f9nAHh5to48,2024-06-01T01:11:00Z,gh-1360
Was I Drunk?,Corn Potato String Band,Good Job Everybody,,LIKE,3:25,205,3bxFS2RhS2E,2024-06-01T01:07:35Z,gh-1360
Black River Killer,Blitzen Trapper,Furr (10th Anniversary Deluxe Edition),,INDIFFERENT,3:29,209,AiIB3uYHn6Y,2024-06-01T01:04:06Z,gh-1360
Oxford Comma,Vampire Weekend,Vampire Weekend,False,INDIFFERENT,3:16,196,Xol4RPRnuXQ,2024-06-01T01:00:50Z,gh-1360
Joyride,Karina Rykman,Joyride,False,INDIFFERENT,3:48,228,uAge_txE9EU,2024-06-01T00:57:02Z,gh-1360
Ocean Man,Ween,The Mollusk,False,INDIFFERENT,2:07,127,vcaPiiFZu2o,2024-06-01T00:54:55Z,gh-1360
Friends,Ween,La Cucaracha,False,INDIFFERENT,4:07,247,nJ-JCL2q-WU,2024-06-01T00:50:48Z,gh-1360
I Told You I Was Freaky,Flight of the Conchords,I Told You I Was Freaky,False,INDIFFERENT,3:15,195,YikWapO2TQs,2024-06-01T00:47:33Z,gh-1360
Carol Brown,Flight of the Conchords,I Told You I Was Freaky,True,LIKE,3:27,207,Hz5SFQsLzAg,2024-06-01T00:44:06Z,gh-1360
Popskull Whiskey,The Pretty Shabbies,Popskull Whiskey,False,INDIFFERENT,4:10,250,jHwC2cx3Pts,2024-06-01T00:39:56Z,gh-1360
