title,artists,album,inLibrary,likeStatus,duration,duration_seconds,videoId,played_at,run_id
Sky Blue Sky,Wilco,Sky Blue Sky,False,INDIFFERENT,3:23,203,IEpuZ1hQkN8,2024-10-31T19:27:13Z,commit:777ac1af
Fool in the Rain (Remaster),Led Zeppelin,In Through the out Door (Remaster),False,INDIFFERENT,6:11,371,I57nIP0vc44,2024-10-31T19:21:02Z,commit:777ac1af
"Deal (Live at Gizah Sound & Light Theater, Cairo, Egypt, Sept. 16, 1978)",Grateful Dead,"Rocking the Cradle, Egypt 1978 (Live)",False,INDIFFERENT,7:04,424,CqoBSxrCy04,2024-10-31T19:13:58Z,commit:777ac1af
"My Sisters And Brothers (Live at Sophie’s, 2/15/76) (feat. Jerry Garcia Band)",Jerry Garcia Band,"My Sisters and Brothers (Live at Sophie’s, 2/15/76)",False,INDIFFERENT,6:42,402,6oiknDvGwvA,2024-10-31T19:07:16Z,commit:777ac1af
Down (Live),Widespread Panic,"Live from the Backyard in Austin, TX",False,INDIFFERENT,4:10,250,2jNV7ibiiVI,2024-10-31T19:03:06Z,commit:777ac1af
I Walk on Guilded Splinters,Dr. John,Gris Gris,False,INDIFFERENT,7:47,467,lekQoT485aA,2024-10-31T18:55:19Z,commit:777ac1af
"Dupree's Diamond Blues (Live at Fillmore West March 1, 1969)",Grateful Dead,Fillmore West 1969 (Live),False,INDIFFERENT,4:48,288,khX6Gf5kH2s,2024-10-31T18:50:31Z,commit:777ac1af
Oblivion,Phish,Oblivion,True,LIKE,6:04,364,xMJamd2QZdE,2024-10-31T18:44:27Z,commit:777ac1af
Midnight Rider,The Allman Brothers Band,Nassau Coliseum 5/1/73,False,INDIFFERENT,3:30,210,OV5_dO399m4,2024-10-31T18:40:57Z,commit:777ac1af
Skin it Back (2024 Remaster),Little Feat,Feats Don't Fail Me Now (Deluxe Edition),False,INDIFFERENT,4:12,252,q0pix4DeY14,2024-10-31T18:36:45Z,commit:777ac1af
"Brown Eyed Women (Live in Denmark, 1972) [2001 Remaster] (Live in Denmark, 1972; 2001 Remaster) (feat. David Nelson, Debbie Eisenberg, Marma-Duke & Merle Saunders)",Grateful Dead,Europe '72 (Live; 2001 Remaster),False,INDIFFERENT,4:38,278,M-cR8u0Jm9E,2024-10-31T18:32:07Z,commit:777ac1af
All Along the Watchtower,The Jimi Hendrix Experience,Electric Ladyland,False,INDIFFERENT,4:01,241,wVLqFQ5QT7Y,2024-10-31T18:28:06Z,commit:777ac1af
The Harder They Come (Live),"Bill Vitt, Jerry Garcia, John Kahn, Merl Saunders","Live At Keystone, Volume 1",False,INDIFFERENT,6:22,382,Ckns613oo48,2024-10-31T18:21:44Z,commit:777ac1af
50 Ways to Leave Your Lover,Paul Simon,Still Crazy After All These Years,False,INDIFFERENT,3:38,218,B1V1varByWI,2024-10-31T18:18:06Z,commit:777ac1af
"St. Stephen (Live at Fillmore East, February 11, 1969)",Grateful Dead,Fillmore East 2/11/69 (Live),False,INDIFFERENT,7:50,470,VPpk0Znf4I0,2024-10-31T18:10:16Z,commit:777ac1af
"Death Don't Have No Mercy (Live at Fillmore West February 28, 1969)",Grateful Dead,Fillmore West 1969 (Live),True,LIKE,9:59,599,E_xAxKM-0Xc,2024-10-31T18:00:17Z,commit:777ac1af
Catholic Girls,Frank Zappa,"Joe's Garage Acts I, II & III",False,INDIFFERENT,4:19,259,KVVhsOIhnMg,2024-10-31T17:55:58Z,commit:777ac1af
"One Way Out (Live At Fillmore East, June 27, 1971)",The Allman Brothers Band,Eat A Peach,False,INDIFFERENT,5:00,300,d0En8iD2uVI,2024-10-31T17:50:58Z,commit:777ac1af
Wang Dang Doodle,Koko Taylor,Koko Taylor,False,INDIFFERENT,3:03,183,X4xum7FVPh8,2024-10-31T17:47:55Z,commit:777ac1af
I Shall Not Be Moved (Live),Mississippi John Hurt,The Best Of,False,INDIFFERENT,3:30,210,vdF63_M-Hjw,2024-10-31T17:44:25Z,commit:777ac1af
Just A Gigolo / I Ain't Got Nobody (Medley / Remastered 2002) (feat. Keely Smith & Sam Butera And The Witnesses),Louis Prima,The Wildest! (Expanded Edition),True,LIKE,4:45,285,mukQYm-O-AY,2024-10-31T17:39:40Z,commit:777ac1af
My Babe,Little Walter,Chess Blues,False,INDIFFERENT,2:44,164,b0WWXUBCPzo,2024-10-31T17:36:56Z,commit:777ac1af
Too Much Stuff,Delbert McClinton,One Of The Fortunate Few,False,INDIFFERENT,4:16,256,U3PLjbuTI48,2024-10-31T17:32:40Z,commit:777ac1af
I Ain't Drunk,Albert Collins,Cold Snap,False,INDIFFERENT,4:08,248,NpM-J39Js88,2024-10-31T17:28:32Z,commit:777ac1af
Tell Mama,Savoy Brown,Street Corner Talking,False,INDIFFERENT,5:24,324,4OnvRuDHWUs,2024-10-31T17:23:08Z,commit:777ac1af
Down on the Farm,Little Feat,Down on the Farm,False,INDIFFERENT,4:21,261,EsBFGHpzDhg,2024-10-31T17:18:47Z,commit:777ac1af
I'll Make Love To You Anytime,J.J. Cale,5,False,INDIFFERENT,3:13,193,b3nswAHdU-A,2024-10-31T17:15:34Z,commit:777ac1af
Spoonful,Howlin' Wolf,The Chess Blues-Rock Songbook,False,INDIFFERENT,2:47,167,yz5QjAgfNos,2024-10-31T17:12:47Z,commit:777ac1af
Sometimes,Fleetwood Mac,Future Games,False,INDIFFERENT,5:25,325,07ZVC4rgSpg,2024-10-31T17:07:22Z,commit:777ac1af
Green Onions,Booker T. & The M.G.'s,Green Onions (Stax Remasters),False,INDIFFERENT,2:56,176,9aiVTfkWdX8,2024-10-31T17:04:26Z,commit:777ac1af
Sweet Thang,Shuggie Otis,Freedom Flight,False,INDIFFERENT,4:13,253,xJwihdYfyN4,2024-10-31T17:00:13Z,commit:777ac1af
Quiet Man,John Prine,John Prine,False,INDIFFERENT,2:53,173,G27ZP3_V6Is,2024-10-31T16:57:20Z,commit:777ac1af
"Spanish Moon (Live at Lisner Auditorium, Washington, DC, 8/8/1977)",Little Feat,Waiting for Columbus (Live Version; Deluxe Edition),,INDIFFERENT,5:37,337,RhmNK-ANKIw,2024-10-31T16:51:43Z,commit:777ac1af
Hard Times (No One Knows Better Than I),Ray Charles,The Ray Charles Story Volume 3,False,INDIFFERENT,2:58,178,_-wAOdK3nss,2024-10-31T16:48:45Z,commit:777ac1af
Country Boy,Otis Spann,Otis Spann Is The Blues,False,INDIFFERENT,4:26,266,Rwx2QYCCwvg,2024-10-31T16:44:19Z,commit:777ac1af
I'm Tore Down,Freddie King,Getting Ready... (World),False,INDIFFERENT,4:14,254,YB52eLfirFA,2024-10-31T16:40:05Z,commit:777ac1af
Hit Or Miss,Odetta,Odetta Sings,False,INDIFFERENT,3:55,235,lkM4d2CoF0E,2024-10-31T16:36:10Z,commit:777ac1af
Give Myself A Good Talkin’ To,Dr. John,Things Happen That Way,False,INDIFFERENT,3:55,235,4YDwtoGthhQ,2024-10-31T16:32:15Z,commit:777ac1af
It Hurts Me Too,Elmore James,It Hurts Me Too / Elmore's Contribution to Jazz,True,LIKE,3:21,201,2Sy5TEvWbyY,2024-10-31T16:28:54Z,commit:777ac1af
Hound Dog (Single Version),Big Mama Thornton,Hound Dog / The Peacock Recordings,False,INDIFFERENT,2:52,172,Jr9q485COk0,2024-10-31T16:26:02Z,commit:777ac1af
Jewish Princess,Frank Zappa,Sheik Yerbouti,False,INDIFFERENT,3:19,199,7r6zKU8Syrw,2024-10-31T16:22:43Z,commit:777ac1af
Do You Call That a Buddy?,Dr. John,Goin' Back To New Orleans,False,INDIFFERENT,3:55,235,TcKpSPZfxAE,2024-10-31T16:18:48Z,commit:777ac1af
Use Me,Bill Withers,Still Bill,False,INDIFFERENT,3:49,229,u_T6GE_EOks,2024-10-31T16:14:59Z,commit:777ac1af
I'll Play The Blues For You (Pts 1 & 2),Albert King,I'll Play The Blues For You [Stax Remasters] (Stax Remasters),False,INDIFFERENT,7:20,440,RznyMS6lYFw,2024-10-31T16:07:39Z,commit:777ac1af
I'm The Slime,"Frank Zappa, The Mothers",Over-Nite Sensation,False,INDIFFERENT,3:35,215,iiCQcEW98OY,2024-10-31T16:04:04Z,commit:777ac1af
Cakewalk into Town,Taj Mahal,Recycling the Blues & Other Related Stuff,False,INDIFFERENT,2:33,153,WU764hR3I7Q,2024-10-31T16:01:31Z,commit:777ac1af
Light Up Or Leave Me Alone,Traffic,The Low Spark Of High Heeled Boys,False,INDIFFERENT,4:49,289,o-QKduja9wk,2024-10-31T15:56:42Z,commit:777ac1af
Dinah-Moe Humm,"Frank Zappa, The Mothers",Over-Nite Sensation,False,INDIFFERENT,6:04,364,wEtyYNFOIew,2024-10-31T15:50:38Z,commit:777ac1af
Stack-A-Lee,Dr. John,Dr. John's Gumbo,False,INDIFFERENT,3:30,210,fdKY7OAcvWw,2024-10-31T15:47:08Z,commit:777ac1af
Thank You (Falettinme Be Mice Elf Agin) (Single Version),Sly & The Family Stone,Greatest Hits,False,INDIFFERENT,4:52,292,09bSoxFgaRI,2024-10-31T15:42:16Z,commit:777ac1af
Smokestack Lightnin',Howlin' Wolf,The Definitive Collection,False,INDIFFERENT,3:07,187,SqxH9be2DNM,2024-10-31T15:39:09Z,commit:777ac1af
Stuck In The Middle With You,Stealers Wheel,Stealers Wheel,False,INDIFFERENT,3:29,209,ln7Vn_WKkWU,2024-10-31T15:35:40Z,commit:777ac1af
Joe's Garage,Frank Zappa,"Joe's Garage Acts I, II & III",False,INDIFFERENT,6:10,370,mz_EeEN_YXQ,2024-10-31T15:29:30Z,commit:777ac1af
Six Strings Down,"Bonnie Raitt, Eric Clapton, Jimmie Vaughan, Robert Cray",The Essential Jimmie Vaughan,False,INDIFFERENT,6:22,382,huDEWC6n9BM,2024-10-31T15:23:08Z,commit:777ac1af
She Got the Goldmine (I Got the Shaft),Jerry Reed,The Man with the Golden Thumb,False,INDIFFERENT,3:17,197,UXykAwZR200,2024-10-31T15:19:51Z,commit:777ac1af
Dixie Chicken (2023 Remaster),Little Feat,Dixie Chicken (Deluxe Edition),False,INDIFFERENT,3:56,236,G7oCEnBSpRM,2024-10-31T15:15:55Z,commit:777ac1af
Statesboro Blues,The Allman Brothers Band,Class Reunion '71: Greatest Hits Of 1971,False,INDIFFERENT,4:21,261,NoEsRkykrk8,2024-10-31T15:11:34Z,commit:777ac1af
Help Me,Sonny Boy Williamson II,More Real Folk Blues,False,INDIFFERENT,3:09,189,qOu2WB7BrMk,2024-10-31T15:08:25Z,commit:777ac1af
The Harder They Come (Live),Jerry Garcia Band,"GarciaLive Volume Two: August 5th, 1990 Greek Theatre",True,LIKE,10:46,646,keL6fAVUYsY,2024-10-31T14:57:39Z,commit:777ac1af
(Sittin' On) the Dock of the Bay,Otis Redding,The Dock of the Bay,False,INDIFFERENT,2:47,167,Zu5chXCp1Ag,2024-10-31T14:54:52Z,commit:777ac1af
Bubbles in My Beer,Bob Wills & His Texas Playboys,The Bob Wills Collection 1935-50,False,INDIFFERENT,2:18,138,Q8zL1eB4Wac,2024-10-31T14:52:34Z,commit:777ac1af
Is You Is Or Is You Ain't (My Baby),Louis Jordan,Somebody Up There Digs Me,False,INDIFFERENT,3:17,197,cST9qUzOmOE,2024-10-31T14:49:17Z,commit:777ac1af
Mess Around,Dr. John,Dr. John's Gumbo,False,INDIFFERENT,3:14,194,djlBe8DcNbM,2024-10-31T14:46:03Z,commit:777ac1af
Uncle Remus,Frank Zappa,Apostrophe('),False,INDIFFERENT,2:50,170,Nb8Zxjnw4sI,2024-10-31T14:43:13Z,commit:777ac1af
How Come My Dog Don't Bark (When You Come Around),Dr. John,Goin' Back To New Orleans,False,INDIFFERENT,4:10,250,B2fqUt7KVjA,2024-10-31T14:39:03Z,commit:777ac1af
"Sing, Sing, Sing",Benny Goodman,One O'Clock Jump,False,INDIFFERENT,5:03,303,6VHt4hazMG0,2024-10-31T14:34:00Z,commit:777ac1af
Overture/Rock Island,Vern Reed,The Music Man (Original Broadway Cast),True,LIKE,5:30,330,0yJ8IGGuRFE,2024-10-31T14:28:30Z,commit:777ac1af
Mama Roux,Dr. John,Next Hex: The Nashville Sessions,False,INDIFFERENT,2:58,178,fRUUkvMTLBo,2024-10-31T04:25:29Z,commit:777ac1af
I Can't Be Satisfied,Muddy Waters,Hard Again,True,LIKE,3:29,209,GUWqQQnBTzU,2024-10-31T04:22:00Z,commit:777ac1af
Can't Let Go,Lucinda Williams,Car Wheels On A Gravel Road,False,INDIFFERENT,3:29,209,75mWmB5HDxE,2024-10-31T04:18:31Z,commit:777ac1af
Big Cheeseburgers and Good French Fries,Blaze Foley,Oval Room,False,INDIFFERENT,3:24,204,5w_waVfudRU,2024-10-31T04:15:07Z,commit:777ac1af
Run Run Run,Pokey LaFarge,Rhumba Country,,INDIFFERENT,3:35,215,x2S95yyhnGc,2024-10-31T04:11:32Z,commit:777ac1af
One More Day,The Wood Brothers,Ways Not To Lose,False,INDIFFERENT,3:07,187,oVZYCtuFVf8,2024-10-31T04:08:25Z,commit:777ac1af
"Walking Blues (feat. Keb' Mo', Roberto Luti, Nico Bereciartúa & Chris Pierce)",Playing For Change,Walking Blues,False,INDIFFERENT,3:43,223,aXb_kiJ7Qw4,2024-10-31T04:04:42Z,commit:777ac1af
Boogie Chillen,John Lee Hooker,Burning Hell,False,INDIFFERENT,3:11,191,noZnpfxq0oA,2024-10-31T04:01:31Z,commit:777ac1af
When You Awake,The Band,The Band,False,INDIFFERENT,3:14,194,G0bvKJaTB2s,2024-10-31T03:58:17Z,commit:777ac1af
I'm A King Bee,Slim Harpo,Sings Raining In My Heart,False,INDIFFERENT,3:03,183,hnVnrn4zVF4,2024-10-31T03:55:14Z,commit:777ac1af
Trouble In Mind (Live),Lightnin' Hopkins,The Complete Prestige / Bluesville Recordings,False,INDIFFERENT,3:25,205,DTiNdEo82GY,2024-10-31T03:51:49Z,commit:777ac1af
Hoodoo Man Blues (Alternative),"Buddy Guy, Junior Wells' Chicago Blues Band",Hoodoo Man Blues (Deluxe Edition),False,INDIFFERENT,2:53,173,QGdgMpyojms,2024-10-31T03:48:56Z,commit:777ac1af
Way Down In The Hole,The Blind Boys of Alabama,Spirit Of The Century,True,LIKE,3:21,201,J4zZCuNAGRo,2024-10-31T03:45:35Z,commit:777ac1af
Way Down In The Hole,Tom Waits,Franks Wild Years,False,INDIFFERENT,3:31,211,ngNnnv1HKAI,2024-10-31T03:42:04Z,commit:777ac1af
American Dreaming (Alternative Version),Sierra Ferrell,American Dreaming (Alternative Version),False,INDIFFERENT,4:25,265,sPC1hvCZ0iw,2024-10-31T03:37:39Z,commit:777ac1af
When I Get to Heaven,John Prine,The Tree of Forgiveness,False,INDIFFERENT,3:43,223,0ap1-kmWBC8,2024-10-31T03:33:56Z,commit:777ac1af
Just One More,The California Honeydrops,"Just One More, and Then Some",False,INDIFFERENT,4:05,245,fR406TqkFKU,2024-10-31T03:29:51Z,commit:777ac1af
Gracefully Facedown (Live),The Devil Makes Three,Kexp Presents: The Devil Makes Three Live in Studio - EP,True,LIKE,3:27,207,FGt1_5rUr14,2024-10-31T03:26:24Z,commit:777ac1af
Spoonful,Howlin' Wolf,Howlin' Wolf,True,LIKE,2:50,170,4fjviTLYqoc,2024-10-31T03:23:34Z,commit:777ac1af
The Weed Smoker's Blues,Sad Daddy,Fresh Catch,False,INDIFFERENT,3:13,193,F4u3_rCx9gQ,2024-10-31T03:20:21Z,commit:777ac1af
How Come My Dog Don't Bark (When You Come Around),Dr. John,Goin' Back To New Orleans,False,INDIFFERENT,4:10,250,B2fqUt7KVjA,2024-10-31T03:16:11Z,commit:777ac1af
Step by Step,Jesse Winchester,Let The Rough Side Drag,True,LIKE,2:58,178,bXnT8ExnnsM,2024-10-31T03:13:13Z,commit:777ac1af
Back in the Goodle Days,John Hartford,Aereo-Plain,,INDIFFERENT,3:40,220,UcF0SY0m3sU,2024-10-31T03:09:33Z,commit:777ac1af
Spanish Moon (2024 Remaster),Little Feat,Feats Don't Fail Me Now (Deluxe Edition),False,INDIFFERENT,3:07,187,cS2UqIB5Apo,2024-10-31T03:06:26Z,commit:777ac1af
Cakewalk into Town,Taj Mahal,Recycling the Blues & Other Related Stuff,False,INDIFFERENT,2:33,153,WU764hR3I7Q,2024-10-31T03:03:53Z,commit:777ac1af
"Sleep Music for 8 Hours • Ocean Waves, Fall Asleep Fast, Relaxing Music, Sleeping Music #138","25M views, Soothing Relaxation",,,INDIFFERENT,8:01:55,28915,L6VBHflOeuY,2024-10-30T09:01:55Z,commit:777ac1af
Aduna (Oliver Schories Remix),Monkey Safari,Aduna (Oliver Schories Remix),False,INDIFFERENT,6:22,382,ugZsl7ohApE,2024-10-30T08:55:33Z,commit:777ac1af
Nikki (Rodriguez Jr. Remix),Worakls,Nikki & Entrudo Remixes,False,INDIFFERENT,5:30,330,f0L9hrjke_Y,2024-10-30T08:50:03Z,commit:777ac1af
Ghetto,Hannah Wants,Ghetto EP,False,INDIFFERENT,3:35,215,2WfHBJ8QQ08,2024-10-30T08:46:28Z,commit:777ac1af
Always Talkin Sh!t,Kolter,Always Talkin Sh!t,False,INDIFFERENT,7:41,461,axge9_10x8E,2024-10-30T08:38:47Z,commit:777ac1af
Delta,Moonwalk,Solaris - EP,False,INDIFFERENT,5:46,346,m3G_NyGHqVw,2024-10-30T08:33:01Z,commit:777ac1af
Graf Zahl,Paul Kalkbrenner,Graf Zahl,False,INDIFFERENT,5:33,333,zRm2SNP8NXo,2024-10-30T08:27:28Z,commit:777ac1af
Butterflies,Boris Brejcha,Butterflies,False,INDIFFERENT,8:18,498,It4pkYOyM9g,2024-10-30T08:19:10Z,commit:777ac1af
Acrobatic,SIDEPIECE,Acrobatic,False,INDIFFERENT,2:57,177,19dRCiF3ND4,2024-10-30T08:16:13Z,commit:777ac1af
Friends,Solomun,Friends,False,INDIFFERENT,9:08,548,2omN8My-PGY,2024-10-30T08:07:05Z,commit:777ac1af
Lay Back,"AG Swifty, Brad Brunner",Lay Back EP,False,INDIFFERENT,3:55,235,I_NKwXgm738,2024-10-30T08:03:10Z,commit:777ac1af
Says,Nils Frahm,Spaces,,INDIFFERENT,8:18,498,luXZuPTJ3f8,2024-10-30T07:54:52Z,commit:777ac1af
Nopalitos,Kid Francescoli,Nopalitos,False,INDIFFERENT,3:51,231,uzgyClB-jG0,2024-10-30T07:51:01Z,commit:777ac1af
Risky Business,ZHU,Risky Business,False,INDIFFERENT,5:21,321,OAghi-HSuhs,2024-10-30T07:45:40Z,commit:777ac1af
Home,Solomun,Nobody Is Not Loved,False,INDIFFERENT,3:42,222,kX1p57JL3Bs,2024-10-30T07:41:58Z,commit:777ac1af
Take Your Place,Lucci Minati,The Ring EP,False,INDIFFERENT,6:32,392,LRjE8YZ40Oc,2024-10-30T07:35:26Z,commit:777ac1af
Dark Planet,Boris Brejcha,Feuerfalter Part 01,False,INDIFFERENT,8:33,513,JTTPW6940j8,2024-10-30T07:26:53Z,commit:777ac1af
Oblivion,Nora En Pure,Thermal / Oblivion,False,INDIFFERENT,3:50,230,QA_nhWbZBVI,2024-10-30T07:23:03Z,commit:777ac1af
Invisible (Paul Kalkbrenner Remix),NTO,Invisible,False,INDIFFERENT,7:38,458,vGKDEPiYnuE,2024-10-30T07:15:25Z,commit:777ac1af
Revolt,Theydream,Revolt,False,INDIFFERENT,4:45,285,SYkmPB5I4Mw,2024-10-30T07:10:40Z,commit:777ac1af
The Center Will Not Hold,Solomun,Nobody Is Not Loved,False,INDIFFERENT,3:51,231,yGU41cEq9g0,2024-10-30T07:06:49Z,commit:777ac1af
Soopertrack,Extrawelt,Soopertrack,False,INDIFFERENT,8:00,480,1SHW0QKox84,2024-10-30T06:58:49Z,commit:777ac1af
Weightless,"Ben Böhmer, Panama",Weightless,False,INDIFFERENT,4:24,264,34dmUdzp7Uo,2024-10-30T06:54:25Z,commit:777ac1af
Nordpol,Oliver Huntemann,Nordpol / Südpol,False,INDIFFERENT,6:41,401,TotW1cp78Dc,2024-10-30T06:47:44Z,commit:777ac1af
Jolly Holiday (Sing Along Songs),"2.5M views, film017forever",,,INDIFFERENT,4:44,284,kw4gpy1BweM,2024-10-29T10:42:53Z,commit:777ac1af
Wintergatan - Marble Machine (music instrument using 2000 marbles),"250M views, Wintergatan",,,INDIFFERENT,4:33,273,IvUU8joBb1Q,2024-10-29T10:38:20Z,commit:777ac1af
FREEDOM,"20M views, Jon Batiste",,,INDIFFERENT,3:43,223,3YHVC1DcHmo,2024-10-29T10:34:37Z,commit:777ac1af
Singin' in the Rain (Full Song/Dance - '52) - Gene Kelly - Musical Romantic Comedies - 1950s Movies,"13M views, Turner Classic Movies",,,INDIFFERENT,4:17,257,swloMVFALXw,2024-10-29T10:30:20Z,commit:777ac1af
Sixteen Going on Seventeen from The Sound of Music (Official HD Video),"22M views, Rodgers & Hammerstein",,,INDIFFERENT,4:54,294,hwK_WOXjfc0,2024-10-29T10:25:26Z,commit:777ac1af
"""The Lonely Goatherd"" - THE SOUND OF MUSIC (1965)","16M views, Rodgers & Hammerstein",,,LIKE,3:21,201,UmmOJx_Hxto,2024-10-29T10:22:05Z,commit:777ac1af
Fall On My Knees,"318K views, Old Crow Medicine Show",,,INDIFFERENT,2:33,153,Xjb0buprxqY,2024-10-29T10:19:32Z,commit:777ac1af
Get It 'Fore It’s Gone,Pokey LaFarge,In the Blossom of Their Shade,,INDIFFERENT,3:35,215,58ZzKCJsoBE,2024-10-29T10:15:57Z,commit:777ac1af
Drinkin' Whiskey Tonight,Pokey LaFarge,Middle of Everywhere,,LIKE,2:53,173,GWqjF81M5h4,2024-10-29T10:13:04Z,commit:777ac1af
Taj Mahal - Cakewalk Into Town 1973,"1016vortex, 366K views",,,INDIFFERENT,3:06,186,tAPqGZNtXTE,2024-10-29T10:09:58Z,commit:777ac1af
Old Enough (feat. Ashley Monroe & Ricky Scaggs),The Raconteurs,Old Enough (feat. Ricky Skaggs and Ashley Monroe),False,INDIFFERENT,5:46,346,dk8Gr3Zouh8,2024-10-29T10:04:12Z,commit:777ac1af
Queen Of The Rodeo,Orville Peck,Pony,False,INDIFFERENT,3:18,198,zrLZ4fzUP5k,2024-10-29T10:00:54Z,commit:777ac1af
"""Have a Cigar"" (Pink Floyd)",The Main Squeeze,Squeeze House,False,INDIFFERENT,8:11,491,FdCkXQ6ciXg,2024-10-29T09:52:43Z,commit:777ac1af
"Don't Think Twice, It's Alright",Bob Dylan,The Gaslight Tapes,,INDIFFERENT,3:10,190,PbW-r96r0Pc,2024-10-29T09:49:33Z,commit:777ac1af
Columbus Stockade Blues,"Doc Watson, Richard Watson",Third Generation Blues,False,INDIFFERENT,3:32,212,rVAXyZCbFdI,2024-10-29T09:46:01Z,commit:777ac1af
Not Gentle On My Mind,Chuck Darwin & the Knuckle Draggers,For Educational Purposes Only,True,LIKE,2:11,131,fwlkSDX-JT8,2024-10-29T09:43:50Z,commit:777ac1af
Gold Rush,The Tony Rice Unit,Unit Of Measure,False,INDIFFERENT,3:03,183,eIQpNHuH7r0,2024-10-29T09:40:47Z,commit:777ac1af
Fish and Whistle,John Prine,Bruised Orange,False,INDIFFERENT,3:15,195,QYxlxYSCvFg,2024-10-29T09:37:32Z,commit:777ac1af
The Great Pretender,Old & In The Way,That High Lonesome Sound,True,LIKE,3:39,219,goE5qv5eh3M,2024-10-29T09:33:53Z,commit:777ac1af
I'm My Own Grandpa,Willie Nelson,Rainbow Connection,False,INDIFFERENT,3:20,200,bkX7IW7jpMw,2024-10-29T09:30:33Z,commit:777ac1af
You Were the Fool,Ween,12 Golden Country Greats,,INDIFFERENT,4:27,267,plKeLTrR8Cs,2024-10-29T09:26:06Z,commit:777ac1af
Baltimore Johnny,The Del McCoury Band,The Cold Hard Facts,False,INDIFFERENT,3:32,212,RpmY0Kf7ukA,2024-10-29T09:22:34Z,commit:777ac1af
Ginseng Sullivan,The Tony Rice Unit,Manzanita,,LIKE,3:11,191,1e_Jc2mo1xI,2024-10-29T09:19:23Z,commit:777ac1af
Teddy Bears' Picnic,"David Grisman, Jerry Garcia",Not For Kids Only,False,INDIFFERENT,4:27,267,-9AUiLJnoDg,2024-10-29T09:14:56Z,commit:777ac1af
Rockabye,"2.9B views, Clean Bandit",,,INDIFFERENT,4:14,254,papuvlVeZg8,2024-10-29T09:10:42Z,commit:777ac1af
Say It Right Closed Captioned,"1B views, Nelly Furtado",,,INDIFFERENT,3:55,235,6JnGBs88sL0,2024-10-29T09:06:47Z,commit:777ac1af
Shape of You,"6.3B views, Ed Sheeran",,,INDIFFERENT,4:24,264,JGwWNGJdvx8,2024-10-29T09:02:23Z,commit:777ac1af
Swalla (feat. Nicki Minaj & Ty Dolla $ign),"1.7B views, Jason Derulo",,,INDIFFERENT,3:56,236,NGLxoKOvzu4,2024-10-29T08:58:27Z,commit:777ac1af
"Alexander Rybak & Frikar Dance Company - ""Fairytale"" for the UN Security Council","3.4M views, Alexander Rybak",,,INDIFFERENT,3:05,185,rwWVJw4fuq4,2024-10-29T08:55:22Z,commit:777ac1af
Levitating (feat. DaBaby),"896M views, Dua Lipa",,,INDIFFERENT,3:51,231,TUVcZfQe-Kw,2024-10-29T08:51:31Z,commit:777ac1af
Naked in Manhattan,"2.9M views, Chappell Roan",,,INDIFFERENT,3:34,214,nXZuv1T8bfg,2024-10-29T08:47:57Z,commit:777ac1af
Bad Romance,"1.8B views, Lady Gaga",,,INDIFFERENT,5:09,309,qrO4YZeyl0I,2024-10-29T08:42:48Z,commit:777ac1af
Havana (Remix),"Camila Cabello, Daddy Yankee",Havana (Remix),False,INDIFFERENT,3:20,200,V3281DpqfMM,2024-10-29T08:39:28Z,commit:777ac1af
Only Girl (In The World),"952M views, Rihanna",,,INDIFFERENT,4:12,252,pa14VNsdSYM,2024-10-29T08:35:16Z,commit:777ac1af
Lean On (Rayler Remix) (feat. DJ Snake & MØ),"3.6B views, Major Lazer",,,INDIFFERENT,2:59,179,YqeW9_5kURI,2024-10-29T08:32:17Z,commit:777ac1af
Dark Horse (feat. Juicy J),"3.7B views, Katy Perry",,,INDIFFERENT,3:45,225,0KSOMA3QBU0,2024-10-29T08:28:32Z,commit:777ac1af
Can't Get You Out of My Head,"490M views, Kylie Minogue",,,INDIFFERENT,3:51,231,c18441Eh_WE,2024-10-29T08:24:41Z,commit:777ac1af
A Thousand Miles,"404M views, Vanessa Carlton",,,INDIFFERENT,4:27,267,Cwkej79U3ek,2024-10-29T08:20:14Z,commit:777ac1af
Rolling in the Deep (Official Music Video),"2.5B views, Adele",,,INDIFFERENT,3:54,234,rYEDA3JcQqw,2024-10-29T08:16:20Z,commit:777ac1af
Unstoppable,"427M views, Sia",,,INDIFFERENT,3:47,227,YaEG2aWJnZ8,2024-10-29T08:12:33Z,commit:777ac1af
All The Things She Said,"423M views, t.A.T.u.",,,INDIFFERENT,3:47,227,8mGBaXPlri8,2024-10-29T08:08:46Z,commit:777ac1af
Somebody That I Used to Know (feat. Kimbra),"2.3B views, Gotye",,,INDIFFERENT,4:04,244,8UVNT4wvIGY,2024-10-29T08:04:42Z,commit:777ac1af
Paper Planes Closed Captioned,"290M views, M.I.A.",,,INDIFFERENT,3:25,205,ewRjZoRtu0Y,2024-10-29T08:01:17Z,commit:777ac1af
Counting Stars,"4B views, OneRepublic",,,INDIFFERENT,4:44,284,hT_nvWreIhg,2024-10-29T07:56:33Z,commit:777ac1af
Complicated (Official Video),"704M views, Avril Lavigne",,,INDIFFERENT,4:14,254,5NPBIwQyPWE,2024-10-29T07:52:19Z,commit:777ac1af
Feel Good Inc.,"868M views, Gorillaz",,,INDIFFERENT,4:14,254,HyHNuVaZJ-k,2024-10-29T07:48:05Z,commit:777ac1af
Toxic (Official HD Video),"677M views, Britney Spears",,,INDIFFERENT,3:32,212,LOZuxwVk7TU,2024-10-29T07:44:33Z,commit:777ac1af
Criminal (Official Video),"223M views, Britney Spears",,,INDIFFERENT,5:23,323,s6b33PTbGxk,2024-10-29T07:39:10Z,commit:777ac1af
Knockin’ on Heaven’s Door,"74K views, Jesse Welles",,,INDIFFERENT,3:17,197,PqwgNW7snOk,2024-10-29T07:35:53Z,commit:777ac1af
Angel from Montgomery (Live) (feat. Bonnie Raitt),John Prine,John Prine (Live),False,INDIFFERENT,4:17,257,gHe4cpI9_fk,2024-10-29T07:31:36Z,commit:777ac1af
Pennsylvania - Brittany Ann Tranbaugh - live music video,"1.1K views, Brittany Ann Tranbaugh",,,INDIFFERENT,4:01,241,TGFqi3D4asQ,2024-10-29T07:27:35Z,commit:777ac1af
Le Plongeur,loscil,Submers,,INDIFFERENT,7:10,430,_C6d4iKHyTE,2024-10-29T07:20:25Z,commit:777ac1af
Resurgam,loscil,Submers,,INDIFFERENT,7:38,458,wjS22yhZCa0,2024-10-29T07:12:47Z,commit:777ac1af
Diable Marin,loscil,Submers,,INDIFFERENT,4:16,256,pPLJBN4I74c,2024-10-29T07:08:31Z,commit:777ac1af
Nautilus,loscil,Submers,,INDIFFERENT,7:02,422,mGUXr_ipn1s,2024-10-29T07:01:29Z,commit:777ac1af
Gymnote,loscil,Submers,,INDIFFERENT,6:02,362,P95u2805SRs,2024-10-29T06:55:27Z,commit:777ac1af
Argonaut I,loscil,Submers,,LIKE,7:13,433,u7PrucRBWac,2024-10-29T06:48:14Z,commit:777ac1af
Brownies,Ivan the Tolerable,Linthorpe Crepuscule Volume 2,,INDIFFERENT,7:20,440,lCyuYZn5mtA,2024-10-29T06:40:54Z,commit:777ac1af
Instrumental V,Ivan the Tolerable,Linthorpe Crepuscule Volume 2,,INDIFFERENT,2:00,120,4ize-9A018U,2024-10-29T06:38:54Z,commit:777ac1af
At Sea,Ivan the Tolerable,Linthorpe Crepuscule Volume 2,,INDIFFERENT,5:48,348,o58AHP_cyxc,2024-10-29T06:33:06Z,commit:777ac1af
Red & Brown,Ivan the Tolerable,Linthorpe Crepuscule Volume 2,,INDIFFERENT,1:52,112,ZdUUpINMJCU,2024-10-29T06:31:14Z,commit:777ac1af
Empire II,Ivan the Tolerable,Linthorpe Crepuscule Volume 2,,INDIFFERENT,2:27,147,KgFLyL8CH7s,2024-10-29T06:28:47Z,commit:777ac1af
Supermoon,Ivan the Tolerable,Linthorpe Crepuscule Volume 2,,INDIFFERENT,4:28,268,r8t1frNyJao,2024-10-29T06:24:19Z,commit:777ac1af
Khufu's Horizon,Ivan the Tolerable,Linthorpe Crepuscule Volume 2,,INDIFFERENT,4:42,282,Ar82R0mxV8I,2024-10-29T06:19:37Z,commit:777ac1af
No People,Ivan the Tolerable,Linthorpe Crepuscule Volume 2,,INDIFFERENT,4:49,289,moCQYo33A0c,2024-10-29T06:14:48Z,commit:777ac1af
The Thin Night,Ivan the Tolerable,Linthorpe Crepuscule Volume 2,,INDIFFERENT,4:10,250,eYwmWhlG9us,2024-10-29T06:10:38Z,commit:777ac1af
The Pattern,Ivan the Tolerable,Linthorpe Crepuscule Volume 2,,INDIFFERENT,3:57,237,QPYBloEZpwM,2024-10-29T06:06:41Z,commit:777ac1af
Mean Old Me,Ivan the Tolerable,Linthorpe Crepuscule Volume 2,,LIKE,3:39,219,vqnsav14-tI,2024-10-29T06:03:02Z,commit:777ac1af
Helios,Ivan the Tolerable,Linthorpe Crepuscule Volume 2,,INDIFFERENT,2:00,120,hzlqq7-SiDA,2024-10-29T06:01:02Z,commit:777ac1af
Mute,loscil,Submers,,INDIFFERENT,7:33,453,brcJBLO836s,2024-10-29T05:53:29Z,commit:777ac1af
Today,Ivan the Tolerable,Linthorpe Crepuscule Volume 1,,INDIFFERENT,1:34,94,Xhb2IS07cvs,2024-10-29T05:51:55Z,commit:777ac1af
Another Mirror,Ivan the Tolerable,Linthorpe Crepuscule Volume 1,,INDIFFERENT,4:13,253,GgB2NYz3AjA,2024-10-29T05:47:42Z,commit:777ac1af
Instrumental III,Ivan the Tolerable,Linthorpe Crepuscule Volume 1,,INDIFFERENT,3:33,213,WOJML3YjADk,2024-10-29T05:44:09Z,commit:777ac1af
The Pangs,Ivan the Tolerable,Linthorpe Crepuscule Volume 1,,INDIFFERENT,4:13,253,6yuti8zrekI,2024-10-29T05:39:56Z,commit:777ac1af
Mandale Fields Forever I,Ivan the Tolerable,Linthorpe Crepuscule Volume 1,,INDIFFERENT,2:14,134,foYzl4Ldya4,2024-10-29T05:37:42Z,commit:777ac1af
White Bone Talking,Ivan the Tolerable,Linthorpe Crepuscule Volume 1,,INDIFFERENT,6:29,389,d5yBoPK_Rz8,2024-10-29T05:31:13Z,commit:777ac1af
Easter Sunday I,Ivan the Tolerable,Linthorpe Crepuscule Volume 1,,INDIFFERENT,6:26,386,HjXgVRMgK1g,2024-10-29T05:24:47Z,commit:777ac1af
King Of Time,Ivan the Tolerable,Linthorpe Crepuscule Volume 1,,INDIFFERENT,3:37,217,Q7iTXzqPY7U,2024-10-29T05:21:10Z,commit:777ac1af
On Land,Ivan the Tolerable,Linthorpe Crepuscule Volume 1,,INDIFFERENT,5:40,340,0B5QL45bhSQ,2024-10-29T05:15:30Z,commit:777ac1af
New Soap,Ivan the Tolerable,Linthorpe Crepuscule Volume 1,,INDIFFERENT,2:45,165,XBersWDzkII,2024-10-29T05:12:45Z,commit:777ac1af
Hymn To Artemis,Ivan the Tolerable,Linthorpe Crepuscule Volume 1,,INDIFFERENT,2:46,166,r9WK5vzr1UM,2024-10-29T05:09:59Z,commit:777ac1af
Unfinished Pyramid,Ivan the Tolerable,Linthorpe Crepuscule Volume 1,,INDIFFERENT,2:50,170,UhJLfzZ-b74,2024-10-29T05:07:09Z,commit:777ac1af
Mrs. Robinson,Simon & Garfunkel,Fabulous 60s,False,INDIFFERENT,3:56,236,zJ_C0hk_pkE,2024-10-28T19:03:10Z,commit:777ac1af
Strawberry Fields Forever (Remastered 2009),The Beatles,Magical Mystery Tour,False,INDIFFERENT,4:08,248,10LSq_J5ol4,2024-10-28T18:59:02Z,commit:777ac1af
In Tall Buildings,John Hartford,Nobody Knows What You Do,False,INDIFFERENT,3:27,207,z7fhb-Y0jEc,2024-10-28T18:55:35Z,commit:777ac1af
Heart Of The Country,"Linda McCartney, Paul McCartney",Ram,,LIKE,2:24,144,_hLKRHvAD2Y,2024-10-28T18:53:11Z,commit:777ac1af
Teddy Bears' Picnic,"David Grisman, Jerry Garcia",Not For Kids Only,False,INDIFFERENT,4:27,267,-9AUiLJnoDg,2024-10-28T18:48:44Z,commit:777ac1af
Not Gentle On My Mind,Chuck Darwin & the Knuckle Draggers,For Educational Purposes Only,True,LIKE,2:11,131,fwlkSDX-JT8,2024-10-28T18:46:33Z,commit:777ac1af
Our Life's Work,Chuck Darwin & the Knuckle Draggers,Three Car Pileup,False,INDIFFERENT,2:43,163,vskBlq2dLAM,2024-10-28T18:43:50Z,commit:777ac1af
Don't Get Around Much Anymore,Dr John,Duke Elegant,,INDIFFERENT,3:38,218,WSGgj088Skc,2024-10-28T18:40:12Z,commit:777ac1af
"Try A Little Kindness (Live At The Royal Festival Hall, London/1977)",Glen Campbell,Live At The Royal Festival Hall,,LIKE,2:04,124,dnw4dd7tOV8,2024-10-28T18:38:08Z,commit:777ac1af
Get No Better,Dillard/Hartford/Dillard,Glitter Grass From The Nashwood Hollyville Strings / Permanent Wave,,INDIFFERENT,3:31,211,oZlWXgO5CVQ,2024-10-28T18:34:37Z,commit:777ac1af
Accentuate the Positive,Dr. John,In A Sentimental Mood,False,INDIFFERENT,3:53,233,k0I0NB2JLDU,2024-10-28T18:30:44Z,commit:777ac1af
Two Hands,Townes Van Zandt,"High, Low And In Between",,LIKE,2:31,151,Ina0OMurm6Q,2024-10-28T18:28:13Z,commit:777ac1af
"Dear Mr. Fantasy (Live at Civic Arena, Pittsburgh, PA, April 2, 1989)",Grateful Dead,"Download Series Vol. 9: Civic Arena, Pittsburgh, PA 4/2/89 & 4/3/89 (Live)",True,LIKE,5:09,309,OL2pCRFUqTM,2024-10-28T18:23:04Z,commit:777ac1af
Alabama Jubilee (feat. Jamey Johnson),Norman Blake,Pilgrimage To Rising Fawn,,LIKE,3:10,190,3MgBropbWZ8,2024-10-28T18:19:54Z,commit:777ac1af
If You Want Me to Stay,Sly & The Family Stone,Fresh,True,LIKE,3:01,181,jkzWSL-gEO4,2024-10-28T18:16:53Z,commit:777ac1af
Born To Be Blue,The Delmore Brothers,Blues Stay Away From Me - The Best Of The Delmore Brothers,False,INDIFFERENT,2:55,175,onSk_85J6-Q,2024-10-28T18:13:58Z,commit:777ac1af
Midnite Special,The Delmore Brothers,Blues Stay Away From Me - The Best Of The Delmore Brothers,False,INDIFFERENT,2:57,177,16F56kAgyR0,2024-10-28T18:11:01Z,commit:777ac1af
Freight Train Boogie,The Delmore Brothers,Blues Stay Away From Me - The Best Of The Delmore Brothers,False,INDIFFERENT,2:45,165,YBy33bwK9C4,2024-10-28T18:08:16Z,commit:777ac1af
Going Back To The Blue Ridge Mountains,The Delmore Brothers,Blues Stay Away From Me - The Best Of The Delmore Brothers,False,INDIFFERENT,2:50,170,7KE1FxGGXh8,2024-10-28T18:05:26Z,commit:777ac1af
Blues Stay Away From Me,The Delmore Brothers,Blues Stay Away From Me - The Best Of The Delmore Brothers,False,INDIFFERENT,2:52,172,3sYlV87HU58,2024-10-28T18:02:34Z,commit:777ac1af
The Weary Lonesome Blues,The Delmore Brothers,The Best of the Delmores,False,INDIFFERENT,2:43,163,kWhw3iQAbnY,2024-10-28T17:59:51Z,commit:777ac1af
Till the Roses Bloom Again,The Delmore Brothers,The Best of the Delmores,False,INDIFFERENT,3:03,183,9x6bVmJbfkQ,2024-10-28T17:56:48Z,commit:777ac1af
Take Me Back to the Range,The Delmore Brothers,The Best of the Delmores,False,INDIFFERENT,3:40,220,kHTkxd_qxtw,2024-10-28T17:53:08Z,commit:777ac1af
See That Coon in a Hickory Tree,The Delmore Brothers,The Best of the Delmores,False,INDIFFERENT,2:37,157,CbBWPf4_ilI,2024-10-28T17:50:31Z,commit:777ac1af
Rainin' on the Mountain,The Delmore Brothers,The Best of the Delmores,False,INDIFFERENT,2:39,159,y8vbVllVkt4,2024-10-28T17:47:52Z,commit:777ac1af
The Nashville Blues,The Delmore Brothers,The Best of the Delmores,False,INDIFFERENT,2:26,146,gwetiPek2bs,2024-10-28T17:45:26Z,commit:777ac1af
The Lover's Warning,The Delmore Brothers,The Best of the Delmores,False,INDIFFERENT,3:02,182,o65dcxQh9DI,2024-10-28T17:42:24Z,commit:777ac1af
I've Got the Big River Blues,The Delmore Brothers,The Best of the Delmores,False,INDIFFERENT,3:03,183,c9RtMd9X1ZU,2024-10-28T17:39:21Z,commit:777ac1af
I'm Going Away,The Delmore Brothers,The Best of the Delmores,False,INDIFFERENT,2:45,165,iIHvaffZ998,2024-10-28T17:36:36Z,commit:777ac1af
Happy on the Mississippi Shore,The Delmore Brothers,The Best of the Delmores,False,INDIFFERENT,2:40,160,mWYE-t56kLI,2024-10-28T17:33:56Z,commit:777ac1af
Gonna Lay Down My Old Guitar,The Delmore Brothers,The Best of the Delmores,False,INDIFFERENT,3:01,181,v7kTnm5hP5A,2024-10-28T17:30:55Z,commit:777ac1af
The Fugitive's Lament,The Delmore Brothers,The Best of the Delmores,False,INDIFFERENT,2:45,165,YqaEI8I_aPw,2024-10-28T17:28:10Z,commit:777ac1af
The Frozen Girl,The Delmore Brothers,The Best of the Delmores,False,INDIFFERENT,3:06,186,yp8ScC1eBOY,2024-10-28T17:25:04Z,commit:777ac1af
False Hearted Girl,The Delmore Brothers,The Best of the Delmores,False,INDIFFERENT,2:53,173,S6G5_iwyF2c,2024-10-28T17:22:11Z,commit:777ac1af
Don't You See That Train,The Delmore Brothers,The Best of the Delmores,False,INDIFFERENT,3:13,193,kDWkAy74QCA,2024-10-28T17:18:58Z,commit:777ac1af
Don't Let My Ramblin' Bother Your Mind,The Delmore Brothers,The Best of the Delmores,False,INDIFFERENT,2:49,169,Cfb8_2IG0cE,2024-10-28T17:16:09Z,commit:777ac1af
Brown's Ferry Blues,The Delmore Brothers,The Best of the Delmores,False,INDIFFERENT,2:45,165,9Bcp3uc28uA,2024-10-28T17:13:24Z,commit:777ac1af
Blue Railroad Train,The Delmore Brothers,The Best of the Delmores,False,INDIFFERENT,3:00,180,5ig7_PPL5wY,2024-10-28T17:10:24Z,commit:777ac1af
"Blow Yo' Whistle, Freight Train",The Delmore Brothers,The Best of the Delmores,False,INDIFFERENT,2:54,174,-OMnS0GPyfo,2024-10-28T17:07:30Z,commit:777ac1af
Back to Birmingham,The Delmore Brothers,The Best of the Delmores,False,INDIFFERENT,2:41,161,ncHPSNAcAuQ,2024-10-28T17:04:49Z,commit:777ac1af
I've Got The Railroad Blues,The Delmore Brothers,Greatest Hits,False,INDIFFERENT,2:12,132,ndxOfA5jb1w,2024-10-28T17:02:37Z,commit:777ac1af
I Need The Prayers Of Those I Love,The Delmore Brothers,Greatest Hits,False,INDIFFERENT,2:31,151,vrHgvCHhMRc,2024-10-28T17:00:06Z,commit:777ac1af
15 Miles From Birmingham,The Delmore Brothers,Greatest Hits,False,INDIFFERENT,2:49,169,ZllTtSeS3aw,2024-10-28T16:57:17Z,commit:777ac1af
Down South,The Delmore Brothers,Greatest Hits,False,INDIFFERENT,2:08,128,osizHA4XQxE,2024-10-28T16:55:09Z,commit:777ac1af
No One,The Delmore Brothers,Greatest Hits,False,INDIFFERENT,2:34,154,AL9gIOwZ_Ew,2024-10-28T16:52:35Z,commit:777ac1af
Happy Hicky - The Hobo,The Delmore Brothers,Greatest Hits,False,INDIFFERENT,2:30,150,xMnLaw57uSY,2024-10-28T16:50:05Z,commit:777ac1af
Blow Yo' Whistle Freight Train,The Delmore Brothers,Greatest Hits,False,INDIFFERENT,2:53,173,WlujVydrfb8,2024-10-28T16:47:12Z,commit:777ac1af
I Ain't Got Nowhere To Travel,The Delmore Brothers,Greatest Hits,False,INDIFFERENT,3:08,188,N18QWR8j0os,2024-10-28T16:44:04Z,commit:777ac1af
"Lorena, The Slave",The Delmore Brothers,Greatest Hits,False,INDIFFERENT,2:33,153,7CBPMgsnH3E,2024-10-28T16:41:31Z,commit:777ac1af
Will You Be Lonesome Too?,The Delmore Brothers,Greatest Hits,False,INDIFFERENT,3:02,182,pcOo3Lj0UYc,2024-10-28T16:38:29Z,commit:777ac1af
Lonesome Jailhouse Blues,The Delmore Brothers,Greatest Hits,False,INDIFFERENT,2:53,173,IeMzTpt9wR0,2024-10-28T16:35:36Z,commit:777ac1af
Till The Roses Bloom Again,The Delmore Brothers,Greatest Hits,False,INDIFFERENT,3:03,183,GKf1q5Y4UN0,2024-10-28T16:32:33Z,commit:777ac1af
The Dying Truckdriver,The Delmore Brothers,Greatest Hits,False,INDIFFERENT,3:11,191,L5g7zd8at2o,2024-10-28T16:29:22Z,commit:777ac1af
The Nashville Blues,The Delmore Brothers,Greatest Hits,False,INDIFFERENT,2:25,145,63-G8unRChk,2024-10-28T16:26:57Z,commit:777ac1af
Brown's Ferry Blues - Part 2,The Delmore Brothers,Greatest Hits,False,INDIFFERENT,2:29,149,lngWPLgQbG8,2024-10-28T16:24:28Z,commit:777ac1af
Lonesome Yodel Blues,The Delmore Brothers,Greatest Hits,False,INDIFFERENT,2:38,158,uPZvuCZ-4Hw,2024-10-28T16:21:50Z,commit:777ac1af
Wabash Blues,The Delmore Brothers,Greatest Hits,False,INDIFFERENT,2:37,157,WfAjtDGk2Mk,2024-10-28T16:19:13Z,commit:777ac1af
Blue Railroad Train,The Delmore Brothers,Greatest Hits,False,INDIFFERENT,3:01,181,29_u0j6EYEw,2024-10-28T16:16:12Z,commit:777ac1af
Baby Girl,The Delmore Brothers,Greatest Hits,False,INDIFFERENT,2:36,156,-Wqtd1yLT1s,2024-10-28T16:13:36Z,commit:777ac1af
Make Room in the Lifeboat For Me,The Delmore Brothers,Greatest Hits,False,INDIFFERENT,3:01,181,wgx0Ms1OgLc,2024-10-28T16:10:35Z,commit:777ac1af
God Put a Rainbow in the Clouds,The Delmore Brothers,Greatest Hits,False,INDIFFERENT,2:46,166,MHxazYH4Gj8,2024-10-28T16:07:49Z,commit:777ac1af
Southern Moon,The Delmore Brothers,Greatest Hits,False,INDIFFERENT,2:24,144,D9BIZf9UPHA,2024-10-28T16:05:25Z,commit:777ac1af
Heavenly Light Is Shining On Me,The Delmore Brothers,Greatest Hits,False,INDIFFERENT,3:01,181,xNf6kMmfrWs,2024-10-28T16:02:24Z,commit:777ac1af
Don't You See That Train,The Delmore Brothers,Greatest Hits,False,INDIFFERENT,3:13,193,Z9vCj3EuJM0,2024-10-28T15:59:11Z,commit:777ac1af
There's Trouble on My Mind Today,The Delmore Brothers,Greatest Hits,False,INDIFFERENT,2:26,146,D530Xl8QNWM,2024-10-28T15:56:45Z,commit:777ac1af
The Budded Rose,The Delmore Brothers,Greatest Hits,False,INDIFFERENT,2:52,172,wNLqkjzywOA,2024-10-28T15:53:53Z,commit:777ac1af
Brown's Ferry Blues,The Delmore Brothers,Greatest Hits,False,INDIFFERENT,2:45,165,Y7Nb0vs6AvA,2024-10-28T15:51:08Z,commit:777ac1af
Gospel Cannonball,The Delmore Brothers,Greatest Hits,False,INDIFFERENT,2:28,148,Gmh8whVWG_w,2024-10-28T15:48:40Z,commit:777ac1af
In the Blue Hills of Virginia,The Delmore Brothers,Greatest Hits,False,INDIFFERENT,2:54,174,sszf_tMWUMs,2024-10-28T15:45:46Z,commit:777ac1af
False Hearted Girl,The Delmore Brothers,Greatest Hits,False,INDIFFERENT,2:51,171,AzFoTbOnb-A,2024-10-28T15:42:55Z,commit:777ac1af
No Drunkard Can Enter There,The Delmore Brothers,Greatest Hits,False,INDIFFERENT,2:35,155,cuAh0UUtico,2024-10-28T15:40:20Z,commit:777ac1af
The Girls Don't Worry My Mind,The Delmore Brothers,Greatest Hits,False,INDIFFERENT,3:11,191,WmWpPU50CvM,2024-10-28T15:37:09Z,commit:777ac1af
Back to Birmingham,The Delmore Brothers,Greatest Hits,False,INDIFFERENT,2:41,161,gAtycmESuTM,2024-10-28T15:34:28Z,commit:777ac1af
Don't Let My Ramblin' Bother Your Mind,The Delmore Brothers,Greatest Hits,False,INDIFFERENT,2:48,168,rh8EvEiEEcU,2024-10-28T15:31:40Z,commit:777ac1af
Bury Me Out On The Prairie,The Delmore Brothers,Greatest Hits,False,INDIFFERENT,3:26,206,ebQ_JVpQDV8,2024-10-28T15:28:14Z,commit:777ac1af
Carelese Love (Bring My Baby Back),The Delmore Brothers,Greatest Hits,False,INDIFFERENT,2:23,143,zkne4IWEpfE,2024-10-28T15:25:51Z,commit:777ac1af
Old Mountain Dew,The Delmore Brothers,Greatest Hits,False,INDIFFERENT,2:35,155,zD4tOTCMdHg,2024-10-28T15:23:16Z,commit:777ac1af
Honey I'm Ramblin' Away,The Delmore Brothers,Greatest Hits,False,INDIFFERENT,2:29,149,qrODVHAvGaY,2024-10-28T15:20:47Z,commit:777ac1af
Lonesome Yodel Blues - No 2,The Delmore Brothers,Greatest Hits,False,INDIFFERENT,2:26,146,vy7T49AwM5Y,2024-10-28T15:18:21Z,commit:777ac1af
See That Coon in a Hickory Tree,The Delmore Brothers,Greatest Hits,False,INDIFFERENT,2:37,157,utfH-H78U0Y,2024-10-28T15:15:44Z,commit:777ac1af
AMBIENT TECHNO || mix 005 by Rob Jenkins,"42K views, ambient techno mixes",,,INDIFFERENT,1:38:56,5936,YohIb5JH6sU,2024-10-28T13:36:48Z,commit:777ac1af
Into Moon - Distance,"27K views, Definition of Chill.",,,INDIFFERENT,3:32,212,N_Pc_0rptxs,2024-10-28T13:33:16Z,commit:777ac1af
dwig - gentle memories,"360K views, Dwig",,,INDIFFERENT,7:47,467,x8oV3xx1k-g,2024-10-28T13:25:29Z,commit:777ac1af
As Dreams Unfold,E-Mantra,E-Mantra - Under the Blue Moon,False,INDIFFERENT,6:31,391,xYRIdxNmKcU,2024-10-28T13:18:58Z,commit:777ac1af
Pink & Blue (Instrumental),Tycho,Pink & Blue,False,INDIFFERENT,3:24,204,YbdkqQfQfiM,2024-10-28T13:15:34Z,commit:777ac1af
Diopter (Hior Remix),Rosa Anschütz,Diopter (Hior Remix),False,INDIFFERENT,7:13,433,hwE9bpujQoY,2024-10-28T13:08:21Z,commit:777ac1af
Virgo,Tomas Novoa,Virgo,False,INDIFFERENT,6:03,363,RbTBOEnwtgE,2024-10-28T13:02:18Z,commit:777ac1af
AMBIENT TECHNO || mix 025 by Rob Jenkins,"151K views, ambient techno mixes",,,INDIFFERENT,1:41:28,6088,fvbrlPLNegE,2024-10-28T11:20:50Z,commit:777ac1af
Right Place Wrong Time,Dr. John,In The Right Place,False,INDIFFERENT,2:56,176,zw-2CTx4YgY,2024-10-28T11:17:54Z,commit:777ac1af
Can You Get To That,Funkadelic,Maggot Brain,True,LIKE,2:50,170,yl3fIXaAXow,2024-10-28T11:15:04Z,commit:777ac1af
Ramble On (Remaster),Led Zeppelin,Led Zeppelin II (Deluxe Edition),False,INDIFFERENT,4:35,275,_h9MxNn8P7w,2024-10-28T11:10:29Z,commit:777ac1af
Tired Of Being Alone,Al Green,Gets Next To You,True,LIKE,2:53,173,BEBHIV9L3uc,2024-10-28T11:07:36Z,commit:777ac1af
If You Want Me to Stay,Sly & The Family Stone,Fresh,True,LIKE,3:01,181,jkzWSL-gEO4,2024-10-28T11:04:35Z,commit:777ac1af
"A Hitch, A Scratch",Ivan the Tolerable,Vertigo,False,INDIFFERENT,5:51,351,ma7s5WxybKs,2024-10-28T10:58:44Z,commit:777ac1af
Swimming,Ivan the Tolerable,Vertigo,False,INDIFFERENT,8:16,496,RUnQU6ju_W8,2024-10-28T10:50:28Z,commit:777ac1af
The Pearl,Ivan the Tolerable,Vertigo,False,INDIFFERENT,6:24,384,Fy-kQPCgZ-c,2024-10-28T10:44:04Z,commit:777ac1af
Liquid Voices,Ivan the Tolerable,Vertigo,False,INDIFFERENT,6:06,366,-kYPbCeBmJk,2024-10-28T10:37:58Z,commit:777ac1af
Salon Muzik,Ivan the Tolerable,Vertigo,False,INDIFFERENT,6:54,414,9U5C0qAfjh8,2024-10-28T10:31:04Z,commit:777ac1af
New Worlds On Earth,Ivan the Tolerable,Vertigo,False,INDIFFERENT,8:06,486,rzVI8YW3Yp0,2024-10-28T10:22:58Z,commit:777ac1af
Ac-Cent-Tchu-Ate The Positive - Bing Crosby & The Andrews Sisters (Lyrics in Description),"1.6M views, singalong",,,INDIFFERENT,2:44,164,5Qk9o_ZeR7s,2024-10-28T00:20:11Z,commit:777ac1af
"Stars/Rhinestone Cowboy (Medley/Live At The Royal Festival Hall, London/1977)",Glen Campbell,Live At The Royal Festival Hall,,LIKE,6:38,398,QyfK2txeIGQ,2024-10-28T00:13:33Z,commit:777ac1af
"Streets Of London (Live At The Royal Festival Hall, London/1977)",Glen Campbell,Live At The Royal Festival Hall,,LIKE,3:13,193,vs_2yiQNtCI,2024-10-28T00:10:20Z,commit:777ac1af
"Try A Little Kindness (Live At The Royal Festival Hall, London/1977)",Glen Campbell,Live At The Royal Festival Hall,,LIKE,2:04,124,dnw4dd7tOV8,2024-10-28T00:08:16Z,commit:777ac1af
Country Boy Rock And Roll,Dillard/Hartford/Dillard,Glitter Grass From The Nashwood Hollyville Strings / Permanent Wave,,LIKE,2:02,122,9baxabyGcfQ,2024-10-28T00:06:14Z,commit:777ac1af
If You Want Me to Stay,Sly & The Family Stone,Fresh,True,LIKE,3:01,181,jkzWSL-gEO4,2024-10-28T00:03:13Z,commit:777ac1af
Alabama Jubilee (feat. Jamey Johnson),Norman Blake,Pilgrimage To Rising Fawn,,LIKE,3:10,190,3MgBropbWZ8,2024-10-28T00:00:03Z,commit:777ac1af
I Can't Give Everything Away,David Bowie,Blackstar,,INDIFFERENT,5:48,348,mzOR9wZSrLY,2024-10-27T23:54:15Z,commit:777ac1af
Dollar Days,David Bowie,Blackstar,,INDIFFERENT,4:45,285,_kpAIv6wUvU,2024-10-27T23:49:30Z,commit:777ac1af
Girl Loves Me,David Bowie,Blackstar,,INDIFFERENT,4:52,292,LBnPDAsonq4,2024-10-27T23:44:38Z,commit:777ac1af
Sue (Or In A Season Of Crime),David Bowie,Blackstar,,INDIFFERENT,4:41,281,xM1kN8MtC8s,2024-10-27T23:39:57Z,commit:777ac1af
Lazarus,David Bowie,Blackstar,,INDIFFERENT,6:25,385,d6PUnsHmsGQ,2024-10-27T23:33:32Z,commit:777ac1af
'Tis A Pity She Was A Whore,David Bowie,Blackstar,,INDIFFERENT,4:53,293,I15X9l-g1ZI,2024-10-27T23:28:39Z,commit:777ac1af
★,David Bowie,Blackstar,,INDIFFERENT,9:58,598,bXJzjj9lOP8,2024-10-27T23:18:41Z,commit:777ac1af
New York Is Killing Me,Gil Scott-Heron,I'm New Here,,INDIFFERENT,4:30,270,9aeMfm6O7iQ,2024-10-27T23:14:11Z,commit:777ac1af
I Was Guided (Interlude),Gil Scott-Heron,I'm New Here,,INDIFFERENT,0:15,15,2m_Qm3fKBl8,2024-10-27T23:13:56Z,commit:777ac1af
Where Did the Night Go,Gil Scott-Heron,I'm New Here,,INDIFFERENT,1:15,75,uYc2W65jEOg,2024-10-27T23:12:41Z,commit:777ac1af
Being Blessed (Interlude),Gil Scott-Heron,I'm New Here,,INDIFFERENT,0:13,13,zBkoQf6FL78,2024-10-27T23:12:28Z,commit:777ac1af
I'll Take Care of You,Gil Scott-Heron,I'm New Here,,INDIFFERENT,2:59,179,7Ug_18m_Fls,2024-10-27T23:09:29Z,commit:777ac1af
Parents (Interlude),Gil Scott-Heron,I'm New Here,,INDIFFERENT,0:19,19,wwXTQj5IURA,2024-10-27T23:09:10Z,commit:777ac1af
Your Soul and Mine,Gil Scott-Heron,I'm New Here,,INDIFFERENT,2:03,123,lvM7EfmthDA,2024-10-27T23:07:07Z,commit:777ac1af
I'm New Here,Gil Scott-Heron,I'm New Here,,LIKE,3:34,214,dcfZcQQqneM,2024-10-27T23:03:33Z,commit:777ac1af
Me and the Devil,Gil Scott-Heron,I'm New Here,,INDIFFERENT,3:34,214,ny7iqn-7r-c,2024-10-27T22:59:59Z,commit:777ac1af
On Coming from a Broken Home (Pt. 1),Gil Scott-Heron,I'm New Here,,INDIFFERENT,2:21,141,qZn_xGCSJVA,2024-10-27T22:57:38Z,commit:777ac1af
Texas Eagle,"Steve Earle, The Del McCoury Band",The Mountain,True,LIKE,3:29,209,65Fj-LeEaQk,2024-10-27T22:54:09Z,commit:777ac1af
I Saw the Light,Charley Crockett,Lil G.L.'s Honky Tonk Jubilee,,LIKE,3:04,184,zys46Hwy2x8,2024-10-27T22:51:05Z,commit:777ac1af
Two Hands,Townes Van Zandt,"High, Low And In Between",,LIKE,2:31,151,Ina0OMurm6Q,2024-10-27T22:48:34Z,commit:777ac1af
"Liberty (Live in Atlanta, March 30, 1994)",Grateful Dead,So Many Roads (1965 - 1995),False,INDIFFERENT,6:00,360,7OuA4UXwCCY,2024-10-27T22:42:34Z,commit:777ac1af
"Dear Mr. Fantasy (Live at Civic Arena, Pittsburgh, PA, April 2, 1989)",Grateful Dead,"Download Series Vol. 9: Civic Arena, Pittsburgh, PA 4/2/89 & 4/3/89 (Live)",True,LIKE,5:09,309,OL2pCRFUqTM,2024-10-27T22:37:25Z,commit:777ac1af
Hey Jude (Remastered 2009),The Beatles,The Beatles 1967 - 1970,False,INDIFFERENT,7:12,432,bkApuQWCPdM,2024-10-27T22:30:13Z,commit:777ac1af
Rhinestone Cowboy,Glen Campbell,The Legacy (1961-2017),False,INDIFFERENT,3:16,196,6P7Sx2L0fVU,2024-10-27T22:26:57Z,commit:777ac1af
If You Want Me to Stay,Sly & The Family Stone,Fresh,True,LIKE,3:01,181,jkzWSL-gEO4,2024-10-27T22:23:56Z,commit:777ac1af
Teddy Bears' Picnic,"David Grisman, Jerry Garcia",Not For Kids Only,False,INDIFFERENT,4:27,267,-9AUiLJnoDg,2024-10-27T22:19:29Z,commit:777ac1af
Accentuate the Positive,Dr. John,In A Sentimental Mood,False,INDIFFERENT,3:53,233,k0I0NB2JLDU,2024-10-27T22:15:36Z,commit:777ac1af
Love Me Tonight,Tom Jones,The Best Of ... Tom Jones,False,INDIFFERENT,3:11,191,OLX-XZvz9iI,2024-10-27T22:12:25Z,commit:777ac1af
Alabama Jubilee (feat. Jamey Johnson),Norman Blake,Pilgrimage To Rising Fawn,,LIKE,3:10,190,3MgBropbWZ8,2024-10-27T22:09:15Z,commit:777ac1af
"Try A Little Kindness (Live At The Royal Festival Hall, London/1977)",Glen Campbell,Live At The Royal Festival Hall,,LIKE,2:04,124,dnw4dd7tOV8,2024-10-27T22:07:11Z,commit:777ac1af
Sweet Caroline,Neil Diamond,Sweet Caroline,False,INDIFFERENT,3:24,204,GmK5_lnQUbE,2024-10-27T22:03:47Z,commit:777ac1af
Shake Sugaree,Elizabeth Cotten and Brenda Evans,Shake Sugaree,True,LIKE,5:03,303,AcqRex6vs-Y,2024-10-27T21:58:44Z,commit:777ac1af
Amarillo Highway (for Dave Hickey),Terry Allen,Lubbock (on everything),True,LIKE,4:01,241,j0yS6Jc-vw0,2024-10-27T21:54:43Z,commit:777ac1af
Not Gentle On My Mind,Chuck Darwin & the Knuckle Draggers,For Educational Purposes Only,True,LIKE,2:11,131,fwlkSDX-JT8,2024-10-27T21:52:32Z,commit:777ac1af
Tired of Fighting,Menahan Street Band,Make the Road By Walking,False,INDIFFERENT,3:32,212,F-OeFm6y384,2024-10-27T21:49:00Z,commit:777ac1af
Time Is the Enemy,Quantic,Life in the Rain,False,INDIFFERENT,3:44,224,4W9iWpxLpOA,2024-10-27T21:45:16Z,commit:777ac1af
Me and the Devil,Gil Scott-Heron,I'm New Here,,INDIFFERENT,3:34,214,ny7iqn-7r-c,2024-10-27T21:41:42Z,commit:777ac1af
Mercy Mercy Me (The Ecology),Marvin Gaye,What's Going On,False,INDIFFERENT,3:14,194,_f5xq6vCQS8,2024-10-27T21:38:28Z,commit:777ac1af
Right Place Wrong Time,Dr. John,The Atco Albums Collection,True,LIKE,2:56,176,grzL8THFlUs,2024-10-27T21:35:32Z,commit:777ac1af
Home Is Where the Hatred Is,Gil Scott-Heron,Pieces of a Man,False,INDIFFERENT,3:22,202,DuaugaX8N2U,2024-10-27T21:32:10Z,commit:777ac1af
Georgia On My Mind (feat. Jamey Johnson),Norman Blake,Pilgrimage To Rising Fawn,,LIKE,7:07,427,p6IeEKFOFU4,2024-10-27T21:25:03Z,commit:777ac1af
Howard Hughes Blues (feat. Jamie Hartford),Norman Blake,Pilgrimage To Rising Fawn,,INDIFFERENT,2:58,178,XkUxyIARFaY,2024-10-27T21:22:05Z,commit:777ac1af
Life's Railway to Heaven (feat. Carlene Carter & John Carter Cash),Norman Blake,Pilgrimage To Rising Fawn,,INDIFFERENT,4:29,269,Z8mvzE95QOM,2024-10-27T21:17:36Z,commit:777ac1af
Give My Love To Rose (feat. Joseph Cash),Norman Blake,Pilgrimage To Rising Fawn,,INDIFFERENT,3:44,224,thCsVwq79X0,2024-10-27T21:13:52Z,commit:777ac1af
Uncle Noah's Ark,Norman Blake,Pilgrimage To Rising Fawn,,LIKE,2:23,143,oOx7juM6LmI,2024-10-27T21:11:29Z,commit:777ac1af
Shady Grove (feat. Jamey Johnson),Norman Blake,Pilgrimage To Rising Fawn,,INDIFFERENT,3:41,221,sOCNq2k4c-4,2024-10-27T21:07:48Z,commit:777ac1af
Hi-Eenktum Daddy-O (feat. Ana Cristina Cash & John Carter Cash),Norman Blake,Pilgrimage To Rising Fawn,,INDIFFERENT,2:31,151,s0naUzHsFlw,2024-10-27T21:05:17Z,commit:777ac1af
"Cowboy's Rules / Boston Boy (feat. Nancy Blake, Dennis Crouch & and Matt Combs)",Norman Blake,Pilgrimage To Rising Fawn,,INDIFFERENT,1:01,61,R9365ZLx014,2024-10-27T21:04:16Z,commit:777ac1af
Mystery of Life (feat. Jamie Hartford),Norman Blake,Pilgrimage To Rising Fawn,,INDIFFERENT,3:19,199,-bTY2Nd8YLU,2024-10-27T21:00:57Z,commit:777ac1af
Yakety Yak,Dillard/Hartford/Dillard,Glitter Grass From The Nashwood Hollyville Strings / Permanent Wave,,INDIFFERENT,2:39,159,03yGH3Quz7w,2024-10-27T20:58:18Z,commit:777ac1af
The Same Thing,Dillard/Hartford/Dillard,Glitter Grass From The Nashwood Hollyville Strings / Permanent Wave,,INDIFFERENT,3:39,219,jR6qo1Gb7h8,2024-10-27T20:54:39Z,commit:777ac1af
Blue Morning,Dillard/Hartford/Dillard,Glitter Grass From The Nashwood Hollyville Strings / Permanent Wave,,INDIFFERENT,2:51,171,cGtp3dCVEco,2024-10-27T20:51:48Z,commit:777ac1af
That'll Be The Day,Dillard/Hartford/Dillard,Glitter Grass From The Nashwood Hollyville Strings / Permanent Wave,,INDIFFERENT,2:22,142,Tux5SnxljGg,2024-10-27T20:49:26Z,commit:777ac1af
Break It To Me Gently,Dillard/Hartford/Dillard,Glitter Grass From The Nashwood Hollyville Strings / Permanent Wave,,INDIFFERENT,3:16,196,MDR8_OggTno,2024-10-27T20:46:10Z,commit:777ac1af
Get No Better,Dillard/Hartford/Dillard,Glitter Grass From The Nashwood Hollyville Strings / Permanent Wave,,INDIFFERENT,3:31,211,oZlWXgO5CVQ,2024-10-27T20:42:39Z,commit:777ac1af
Artificial Limitations,Dillard/Hartford/Dillard,Glitter Grass From The Nashwood Hollyville Strings / Permanent Wave,,INDIFFERENT,2:31,151,ynL62KfZcc0,2024-10-27T20:40:08Z,commit:777ac1af
California Is Nicer Than You,Dillard/Hartford/Dillard,Glitter Grass From The Nashwood Hollyville Strings / Permanent Wave,,INDIFFERENT,3:28,208,A_TKHhLKILY,2024-10-27T20:36:40Z,commit:777ac1af
High Dad In The Morning,Dillard/Hartford/Dillard,Glitter Grass From The Nashwood Hollyville Strings / Permanent Wave,,INDIFFERENT,2:49,169,dMLk8GKqdTg,2024-10-27T20:33:51Z,commit:777ac1af
Lost In A World,Dillard/Hartford/Dillard,Glitter Grass From The Nashwood Hollyville Strings / Permanent Wave,,INDIFFERENT,3:09,189,Er-R7XuZpAM,2024-10-27T20:30:42Z,commit:777ac1af
Biggest Whatever,Dillard/Hartford/Dillard,Glitter Grass From The Nashwood Hollyville Strings / Permanent Wave,,INDIFFERENT,3:20,200,-NqdLO6Gv04,2024-10-27T20:27:22Z,commit:777ac1af
No End Love,Dillard/Hartford/Dillard,Glitter Grass From The Nashwood Hollyville Strings / Permanent Wave,,INDIFFERENT,4:13,253,xsohGEjDYZw,2024-10-27T20:23:09Z,commit:777ac1af
Bear Creek Hop,Dillard/Hartford/Dillard,Glitter Grass From The Nashwood Hollyville Strings / Permanent Wave,,INDIFFERENT,1:58,118,F_XeXogoIro,2024-10-27T20:21:11Z,commit:777ac1af
Don't Lead Me On,Dillard/Hartford/Dillard,Glitter Grass From The Nashwood Hollyville Strings / Permanent Wave,,INDIFFERENT,2:51,171,kLqJKSYcuu0,2024-10-27T20:18:20Z,commit:777ac1af
Two Hits And The Joint Turned Brown,Dillard/Hartford/Dillard,Glitter Grass From The Nashwood Hollyville Strings / Permanent Wave,,INDIFFERENT,3:16,196,x4WaTnYp5n0,2024-10-27T20:15:04Z,commit:777ac1af
Cross The Borderline,Dillard/Hartford/Dillard,Glitter Grass From The Nashwood Hollyville Strings / Permanent Wave,,INDIFFERENT,2:22,142,Rg6H3sIloN4,2024-10-27T20:12:42Z,commit:777ac1af
Don't Come Rollin',Dillard/Hartford/Dillard,Glitter Grass From The Nashwood Hollyville Strings / Permanent Wave,,INDIFFERENT,2:19,139,25bd7E22bQA,2024-10-27T20:10:23Z,commit:777ac1af
In The Wee Small Hours Of The Morning,"Ben Webster, Oscar Peterson",Ben Webster Meets Oscar Peterson,False,INDIFFERENT,3:11,191,dxkmkLbBRz4,2024-10-27T20:07:12Z,commit:777ac1af
Shine It,Medeski Martin & Wood,End Of The World Party (Just In Case),True,LIKE,5:00,300,qbs1O-IUBv8,2024-10-27T20:02:12Z,commit:777ac1af
Accentuate the Positive,Dr. John,In A Sentimental Mood,False,INDIFFERENT,3:53,233,k0I0NB2JLDU,2024-10-27T19:58:19Z,commit:777ac1af
The Flaming Sword,Dr John,Duke Elegant,,INDIFFERENT,5:48,348,DhCf8GSVsfM,2024-10-27T19:52:31Z,commit:777ac1af
Caravan,Dr John,Duke Elegant,,INDIFFERENT,6:25,385,X64FeONxNSo,2024-10-27T19:46:06Z,commit:777ac1af
Things Ain't What They Used to Be,Dr John,Duke Elegant,,INDIFFERENT,6:26,386,GPeZbYLW3A4,2024-10-27T19:39:40Z,commit:777ac1af
Do Nothing 'Til You Hear from Me,Dr John,Duke Elegant,,INDIFFERENT,5:31,331,n9q5ujX9GNg,2024-10-27T19:34:09Z,commit:777ac1af
Mood Indigo,Dr. John,Duke Elegant,,INDIFFERENT,6:55,415,AFRIXlbjJTc,2024-10-27T19:27:14Z,commit:777ac1af
Satin Doll,Dr John,Duke Elegant,,INDIFFERENT,4:47,287,l3zf3eF72NM,2024-10-27T19:22:27Z,commit:777ac1af
Solitude,Dr John,Duke Elegant,,INDIFFERENT,5:06,306,oddqZZJauaA,2024-10-27T19:17:21Z,commit:777ac1af
Don't Get Around Much Anymore,Dr John,Duke Elegant,,INDIFFERENT,3:38,218,WSGgj088Skc,2024-10-27T19:13:43Z,commit:777ac1af
Perdido,Dr John,Duke Elegant,,INDIFFERENT,5:50,350,Eda9B5_bJS8,2024-10-27T19:07:53Z,commit:777ac1af
It Don't Mean a Thing (If It Ain't Got That Swing),Dr John,Duke Elegant,,INDIFFERENT,5:32,332,Z8EgpflPXr0,2024-10-27T19:02:21Z,commit:777ac1af
I'm Gonna Go Fishin,Dr John,Duke Elegant,,INDIFFERENT,5:05,305,NhxdSLNbzXU,2024-10-27T18:57:16Z,commit:777ac1af
On the Wrong Side of the Railroad Tracks,Dr John,Duke Elegant,,INDIFFERENT,5:43,343,0WpZm9d039c,2024-10-27T18:51:33Z,commit:777ac1af
Kingdom of Izzness,Dr. John,Locked Down,False,INDIFFERENT,3:37,217,doysg_6yEfo,2024-10-27T18:47:56Z,commit:777ac1af
There Ain't No Bugs On Me,"David Grisman, Jerry Garcia",Not For Kids Only,False,INDIFFERENT,4:51,291,fb-PvR0h7jY,2024-10-27T18:43:05Z,commit:777ac1af
SCRAM! (Live),Acritarch,Live at the Glass House,False,INDIFFERENT,2:46,166,KpEhVuG20f0,2024-10-27T18:40:19Z,commit:777ac1af
Harvest Moon (feat. AJ Lee & Blue Summit),The Brothers Comatose,Harvest Moon,False,INDIFFERENT,4:42,282,4yRxiQ7AxKw,2024-10-27T18:35:37Z,commit:777ac1af
Poor Man's Blues,Cabinet,This Is Cabinet: Set 2,,LIKE,3:12,192,6eWhynIw-Iw,2024-10-27T18:32:25Z,commit:777ac1af
White Room,Cream,Wheels Of Fire,False,INDIFFERENT,4:59,299,V5BF1V1pbTs,2024-10-27T18:27:26Z,commit:777ac1af
From a Buick 6,Bob Dylan,Highway 61 Revisited,False,INDIFFERENT,3:16,196,op7jAuZ4QXw,2024-10-27T18:24:10Z,commit:777ac1af
The Calvary Cross,Richard & Linda Thompson,I Want To See The Bright Lights Tonight,False,INDIFFERENT,3:54,234,HoCkonFcwew,2024-10-27T18:20:16Z,commit:777ac1af
"Hang Me, Oh Hang Me",Dave Van Ronk,Folksinger,,INDIFFERENT,3:11,191,T_Cqy3uxRXc,2024-10-27T18:17:05Z,commit:777ac1af
High Dad In The Morning,Dillard/Hartford/Dillard,Glitter Grass From The Nashwood Hollyville Strings / Permanent Wave,False,INDIFFERENT,2:49,169,dMLk8GKqdTg,2024-10-27T18:14:16Z,commit:777ac1af
Country Boy Rock And Roll,Dillard/Hartford/Dillard,Glitter Grass From The Nashwood Hollyville Strings / Permanent Wave,True,LIKE,2:02,122,9baxabyGcfQ,2024-10-27T18:12:14Z,commit:777ac1af
Emotions,Don Reno & Red Smiley,Together Again,False,INDIFFERENT,3:23,203,VzpfPnnyyco,2024-10-27T18:08:51Z,commit:777ac1af
Get No Better,Dillard/Hartford/Dillard,Glitter Grass From The Nashwood Hollyville Strings / Permanent Wave,False,INDIFFERENT,3:31,211,oZlWXgO5CVQ,2024-10-27T18:05:20Z,commit:777ac1af
Joseph's Dream,John Hartford,Nobody Knows What You Do,False,INDIFFERENT,4:25,265,7hTvyV7Qc-g,2024-10-27T18:00:55Z,commit:777ac1af
Shake Sugaree,Elizabeth Cotten and Brenda Evans,Shake Sugaree,True,LIKE,5:03,303,AcqRex6vs-Y,2024-10-27T17:55:52Z,commit:777ac1af
Brand New Key,Melanie,Gather Me,,INDIFFERENT,2:28,148,-mXlW9LytYo,2024-10-27T17:53:24Z,commit:777ac1af
Amarillo Highway (for Dave Hickey),Terry Allen,Lubbock (on everything),True,LIKE,4:01,241,j0yS6Jc-vw0,2024-10-27T17:49:23Z,commit:777ac1af
Two Hands,Townes Van Zandt,"High, Low And In Between",,LIKE,2:31,151,Ina0OMurm6Q,2024-10-27T17:46:52Z,commit:777ac1af
End Of The Line,The Traveling Wilburys,"The Traveling Wilburys, Vol. 1",False,INDIFFERENT,3:30,210,stxftCSiVBc,2024-10-25T14:01:37Z,commit:777ac1af
9 to 5,Dolly Parton,Dolly,False,INDIFFERENT,2:46,166,8-ekW4Y2Fxw,2024-10-25T13:58:51Z,commit:777ac1af
Me Lovin' You,Deerfield,Wayfaring Strangers: Cosmic American Music,True,LIKE,2:40,160,pltJfZ4Q6HQ,2024-10-25T13:56:11Z,commit:777ac1af
One More Saturday Night,The Persuasions and Friends,Persuasions of the Dead,,LIKE,6:14,374,c1rtTt_lUU8,2024-10-25T13:49:57Z,commit:777ac1af
dead to you,Heart Reaper,dead to you,,INDIFFERENT,3:14,194,02yjztHOxeY,2024-10-25T13:46:43Z,commit:777ac1af
Capricorn,Vampire Weekend,Capricorn / Gen-X Cops,False,INDIFFERENT,4:10,250,_H6Kq24CHUU,2024-10-25T13:42:33Z,commit:777ac1af
I Think I See The Light,Cat Stevens,Mona Bone Jakon (Super Deluxe),False,INDIFFERENT,3:53,233,WL9Q9bLDgDg,2024-10-25T13:38:40Z,commit:777ac1af
Morning Has Broken,Cat Stevens,Teaser And The Firecat,False,INDIFFERENT,3:20,200,qARB7XPfYjo,2024-10-25T13:35:20Z,commit:777ac1af
Biding My Time,Pink Floyd,Relics,False,INDIFFERENT,5:19,319,gvCNJdUExts,2024-10-25T13:30:01Z,commit:777ac1af
How Blue Can You Get,Louisiana Gator Boys,Blues Brothers 2000,True,LIKE,5:31,331,5l-xLSDU9b8,2024-10-25T13:24:30Z,commit:777ac1af
Clint Eastwood,Gorillaz,Gorillaz,True,LIKE,5:41,341,Qzb2VcBuA3U,2024-10-25T13:18:49Z,commit:777ac1af
Dear Girl,Marley Hale,Dear Girl,False,INDIFFERENT,3:33,213,OT2jWJNs22g,2024-10-25T13:15:16Z,commit:777ac1af
Back Pocket,Vulfpeck,Thrill of the Arts,,INDIFFERENT,3:02,182,r2yhskAS040,2024-10-25T13:12:14Z,commit:777ac1af
Welcome to Vulf Records,Vulfpeck,Thrill of the Arts,,LIKE,2:44,164,3SeLdQS2ZNo,2024-10-25T13:09:30Z,commit:777ac1af
Veggie Dance,Gracie's Corner,Veggie Dance,False,INDIFFERENT,1:57,117,Mnxaygu8ywk,2024-10-25T13:07:33Z,commit:777ac1af
Under African Skies,Paul Simon,Graceland (25th Anniversary Deluxe Edition),False,INDIFFERENT,3:38,218,g4mIAXj0CLM,2024-10-25T13:03:55Z,commit:777ac1af
You Can Call Me Al,Paul Simon,Graceland (25th Anniversary Deluxe Edition),False,INDIFFERENT,4:40,280,OMbfT3Wppjo,2024-10-25T12:59:15Z,commit:777ac1af
Diamonds on the Soles of Her Shoes,Paul Simon,Graceland (25th Anniversary Deluxe Edition),False,INDIFFERENT,5:50,350,FAb2Mu0CRk4,2024-10-25T12:53:25Z,commit:777ac1af
Gumboots,Paul Simon,Graceland (25th Anniversary Deluxe Edition),False,INDIFFERENT,2:45,165,eToxrpSQ3Co,2024-10-25T12:50:40Z,commit:777ac1af
Walk of Life,Dire Straits,Brothers in Arms,False,INDIFFERENT,4:13,253,hylE_GwLFCM,2024-10-25T12:46:27Z,commit:777ac1af
Touch of Grey,Grateful Dead,In the Dark,False,INDIFFERENT,5:51,351,Ht_BfhweF4I,2024-10-25T12:40:36Z,commit:777ac1af
Bennie And The Jets,Elton John,Goodbye Yellow Brick Road,,INDIFFERENT,5:23,323,ZBUW433Porw,2024-10-25T12:35:13Z,commit:777ac1af
September,"Earth, Wind & Fire","The Best Of Earth, Wind & Fire Vol. 1",False,INDIFFERENT,3:36,216,3cKtSlsYVEU,2024-10-25T12:31:37Z,commit:777ac1af
Goodbye Stranger (2010 Remastered),Supertramp,Breakfast In America,False,INDIFFERENT,5:51,351,u8pVZ5hTGJQ,2024-10-25T12:25:46Z,commit:777ac1af
Gypsy,Fleetwood Mac,50 Years - Don't Stop,False,INDIFFERENT,4:24,264,GO0CdWnyLZw,2024-10-25T12:21:22Z,commit:777ac1af
This Must Be the Place (Naive Melody) [2005 Remaster],Talking Heads,Speaking in Tongues (Deluxe Version),False,INDIFFERENT,4:57,297,fsccjsW8bSY,2024-10-25T12:16:25Z,commit:777ac1af
Rich Girl,Daryl Hall & John Oates,Bigger Than Both Of Us,False,INDIFFERENT,2:23,143,IL_LiGCV82g,2024-10-25T12:14:02Z,commit:777ac1af
You Make My Dreams (Come True),Daryl Hall & John Oates,The Very Best of Daryl Hall / John Oates,False,INDIFFERENT,3:08,188,kY27wmTZwyg,2024-10-25T12:10:54Z,commit:777ac1af
Strawberry Fields Forever (Stereo Mix 2015),The Beatles,Sgt. Pepper's Lonely Hearts Club Band (Super Deluxe Edition),False,INDIFFERENT,4:10,250,wwrTkhD_zm8,2024-10-25T12:06:44Z,commit:777ac1af
Qualified,Dr. John,In The Right Place,False,INDIFFERENT,4:51,291,ebnKMMqKMMc,2024-10-25T12:01:53Z,commit:777ac1af
Three Men Went A-hunting,"David Grisman, Jerry Garcia",Not For Kids Only,False,INDIFFERENT,3:16,196,_rbF-egRBqc,2024-10-25T11:58:37Z,commit:777ac1af
Heart of Gold (Live),Neil Young,Harvest (50th Anniversary Edition),False,INDIFFERENT,3:33,213,9wEUatM7bB0,2024-10-25T11:55:04Z,commit:777ac1af
Traveling Mood,Dr. John,In The Right Place,False,INDIFFERENT,2:52,172,ZBm_EW2qqAk,2024-10-25T11:52:12Z,commit:777ac1af
Russian Lullaby,"David Grisman, Jerry Garcia",Jerry Garcia & David Grisman,True,LIKE,4:13,253,y1IDGZoFUpQ,2024-10-25T11:47:59Z,commit:777ac1af
All You Need Is Love (Remastered 2009),The Beatles,Magical Mystery Tour,False,INDIFFERENT,3:51,231,1A8sOOKianA,2024-10-25T11:44:08Z,commit:777ac1af
Have You Ever Seen The Rain,Creedence Clearwater Revival,Pendulum,False,INDIFFERENT,2:41,161,wJZf99CX9e8,2024-10-25T11:41:27Z,commit:777ac1af
The Miller's Will,"David Grisman, Jerry Garcia",Not For Kids Only,False,INDIFFERENT,3:11,191,XmBk1ZRUWXs,2024-10-25T11:38:16Z,commit:777ac1af
Get Back (Remastered 2009),The Beatles,Let It Be,False,INDIFFERENT,3:10,190,IKJqecxswCA,2024-10-25T11:35:06Z,commit:777ac1af
"Mrs. Robinson (From ""The Graduate"" Soundtrack)",Simon & Garfunkel,Bookends,False,INDIFFERENT,4:05,245,_C2vqI9FVwg,2024-10-25T11:31:01Z,commit:777ac1af
Shoo Fly Marches On,Dr. John,In The Right Place,False,INDIFFERENT,3:18,198,xARxgZKQ0IE,2024-10-25T11:27:43Z,commit:777ac1af
Coffee Pot Blues,Pokey LaFarge,Middle of Everywhere,,INDIFFERENT,4:02,242,VCUoZR7xVXE,2024-10-25T11:23:41Z,commit:777ac1af
Wild World,Cat Stevens,Pop Blockbusters 8,False,INDIFFERENT,3:21,201,MhLhFaIBvpY,2024-10-25T11:20:20Z,commit:777ac1af
Such a Night,Dr. John,In The Right Place,False,INDIFFERENT,2:58,178,fj9lG30WzcA,2024-10-25T11:17:22Z,commit:777ac1af
The Sounds Of Silence,Simon & Garfunkel,Everlasting Original Oldies Collection,False,INDIFFERENT,3:07,187,xTbT4kWPccU,2024-10-25T11:14:15Z,commit:777ac1af
The Glory of Love,Bette Midler,Beaches (Original Soundtrack Recording),False,INDIFFERENT,3:16,196,WrbkAe_0QSg,2024-10-25T11:10:59Z,commit:777ac1af
Teddy Bears' Picnic,"David Grisman, Jerry Garcia",Not For Kids Only,False,INDIFFERENT,4:27,267,-9AUiLJnoDg,2024-10-25T11:06:32Z,commit:777ac1af
There Ain't No Bugs On Me,"David Grisman, Jerry Garcia",Not For Kids Only,False,INDIFFERENT,4:51,291,fb-PvR0h7jY,2024-10-25T11:01:41Z,commit:777ac1af
Singing My Troubles Away,Delmore Brothers,Hillbilly Boogie Best,True,LIKE,2:32,152,vh6Dkwiish8,2024-10-25T10:59:09Z,commit:777ac1af
Be Kind to a Man While He's Down,Foghorn Stringband,Outshine the Sun,,INDIFFERENT,2:48,168,OTMXwCu11vs,2024-10-25T10:56:21Z,commit:777ac1af
Accentuate the Positive,Dr. John,In A Sentimental Mood,False,INDIFFERENT,3:53,233,k0I0NB2JLDU,2024-10-25T10:52:28Z,commit:777ac1af
Hey Jude (Remastered 2009),The Beatles,The Beatles 1967 - 1970,False,INDIFFERENT,7:12,432,bkApuQWCPdM,2024-10-25T10:45:16Z,commit:777ac1af
Don't Get Around Much Anymore,Dr John,Duke Elegant,False,INDIFFERENT,3:38,218,WSGgj088Skc,2024-10-25T10:41:38Z,commit:777ac1af
Be My Baby,The Ronettes,Presenting the Fabulous Ronettes Featuring Veronica,False,INDIFFERENT,2:41,161,QBDem6bffyo,2024-10-25T10:38:57Z,commit:777ac1af
"Try A Little Kindness (Live At The Royal Festival Hall, London/1977)",Glen Campbell,Live At The Royal Festival Hall,,LIKE,2:04,124,dnw4dd7tOV8,2024-10-25T10:36:53Z,commit:777ac1af
Let's Make a Better World,Dr. John,Desitively Bonnaroo,,LIKE,2:57,177,Q66BpmD3ugY,2024-10-25T10:33:56Z,commit:777ac1af
Sweet Caroline,Neil Diamond,Sweet Caroline,False,INDIFFERENT,3:24,204,GmK5_lnQUbE,2024-10-25T10:30:32Z,commit:777ac1af
Kingdom of Izzness,Dr. John,Locked Down,False,INDIFFERENT,3:37,217,doysg_6yEfo,2024-10-25T10:26:55Z,commit:777ac1af
Apeman (2020 Stereo Remaster),The Kinks,"Lola Versus Powerman and the Moneygoround, Pt. 1",False,INDIFFERENT,3:54,234,3eoeA_8hC4c,2024-10-25T10:23:01Z,commit:777ac1af
Our Life's Work,Chuck Darwin & the Knuckle Draggers,Three Car Pileup,False,INDIFFERENT,2:43,163,vskBlq2dLAM,2024-10-25T10:20:18Z,commit:777ac1af
Jenny Jenkins,"David Grisman, Jerry Garcia",Not For Kids Only,False,INDIFFERENT,4:23,263,ltEPUNHVYxg,2024-10-25T10:15:55Z,commit:777ac1af
Not Gentle On My Mind,Chuck Darwin & the Knuckle Draggers,For Educational Purposes Only,True,LIKE,2:11,131,fwlkSDX-JT8,2024-10-25T10:13:44Z,commit:777ac1af
Dream Lover,Bobby Darin,Love Songs Of The 50's,False,INDIFFERENT,2:32,152,xzKoghJD9mM,2024-10-25T10:11:12Z,commit:777ac1af
Rank Strangers,The Stanley Brothers,"Stanley Brothers Best, Vol. 4",False,INDIFFERENT,3:08,188,SwP-YgSTNS0,2024-10-25T10:08:04Z,commit:777ac1af
Whiskey Deaf And Whiskey Blind,Norman Blake,"Far Away, Down On A Georgia Farm",False,INDIFFERENT,3:45,225,d34yUwvRluc,2024-10-25T10:04:19Z,commit:777ac1af
Shadows,Tony Rice,Native American,False,INDIFFERENT,3:44,224,pWIidAZXz_M,2024-10-25T10:00:35Z,commit:777ac1af
Jerusalem Ridge,Kenny Baker,Plays Bill Monroe,False,INDIFFERENT,3:35,215,jgV41BD9Fvw,2024-10-25T09:57:00Z,commit:777ac1af
"The Whole World Round (Recorded at the Mecca, Los Angeles)",The Dillards,Live!!! Almost!!!,False,INDIFFERENT,3:28,208,keWqnV4pcP4,2024-10-25T09:53:32Z,commit:777ac1af
High Heel Shoe,Bryan Sutton,Bluegrass Guitar,True,LIKE,3:11,191,6AG4OVF2JFM,2024-10-25T09:50:21Z,commit:777ac1af
Georgie,"Norman Blake, Tony Rice",Norman Blake & Tony Rice 2,,INDIFFERENT,2:49,169,K-IgZJ1KA0Y,2024-10-25T09:47:32Z,commit:777ac1af
Souvenirs (2020 Remaster),John Prine,Crooked Piece of Time: The Atlantic & Asylum Albums (1971-1980)  [2020 Remaster],False,INDIFFERENT,3:38,218,6fZFwChoK1E,2024-10-25T09:43:54Z,commit:777ac1af
House Of The Rising Sun,"Doc Watson, Richard Watson",Third Generation Blues,False,INDIFFERENT,3:22,202,FwXxxSRUX4U,2024-10-25T09:40:32Z,commit:777ac1af
The Logging Song,Bill Staines,The Whistle of the Jay,False,INDIFFERENT,2:21,141,0KqRgAoEfvI,2024-10-25T09:38:11Z,commit:777ac1af
Mountain Dew,The Stanley Brothers,16 Greatest Hits,False,INDIFFERENT,2:44,164,x81du4NMHZ0,2024-10-25T09:35:27Z,commit:777ac1af
Blue Ridge Cabin Home,The Bluegrass Album Band,The Bluegrass Album,False,INDIFFERENT,3:12,192,fJhnPA_dAHU,2024-10-25T09:32:15Z,commit:777ac1af
It's Raining Here This Morning,"Norman Blake, Tony Rice",Norman Blake & Tony Rice 2,,INDIFFERENT,3:38,218,YXJHpgNymOA,2024-10-25T09:28:37Z,commit:777ac1af
Streets Of London,Tony Rice,Church Street Blues,False,INDIFFERENT,4:01,241,04azoK6aKCg,2024-10-25T09:24:36Z,commit:777ac1af
"Take Me Home, Country Roads (Live)",John Denver,Live in the USSR,False,INDIFFERENT,2:53,173,ffnXXADcepQ,2024-10-25T09:21:43Z,commit:777ac1af
Streets of London,Glen Campbell,Live in Concert,False,INDIFFERENT,3:06,186,ThsYDDvOIfE,2024-10-25T09:18:37Z,commit:777ac1af
Sweet Caroline,Neil Diamond,Sweet Caroline,False,INDIFFERENT,3:24,204,GmK5_lnQUbE,2024-10-25T09:15:13Z,commit:777ac1af
Not Gentle On My Mind,Chuck Darwin & the Knuckle Draggers,For Educational Purposes Only,True,LIKE,2:11,131,fwlkSDX-JT8,2024-10-25T09:13:02Z,commit:777ac1af
Hey Jude (Remastered 2009),The Beatles,The Beatles 1967 - 1970,False,INDIFFERENT,7:12,432,bkApuQWCPdM,2024-10-25T09:05:50Z,commit:777ac1af
Accentuate the Positive,Dr. John,In A Sentimental Mood,False,INDIFFERENT,3:53,233,k0I0NB2JLDU,2024-10-25T09:01:57Z,commit:777ac1af
Walk On Boy,"Billy Strings, Don Julin",Fiddle Tune X,,INDIFFERENT,3:42,222,mXIDWr-EAgo,2024-10-25T08:58:15Z,commit:777ac1af
Ginseng Sullivan,Norman Blake,Back Home In Sulphur Springs,,INDIFFERENT,3:32,212,ibLVhYTyWLQ,2024-10-25T08:54:43Z,commit:777ac1af
Church Street Blues,Tony Rice,Church Street Blues,False,INDIFFERENT,3:09,189,UHYkvDo2rXc,2024-10-25T08:51:34Z,commit:777ac1af
1952 Vincent Black Lightning,Del McCoury Band,Del & The Boys,True,LIKE,4:03,243,Vz6fCj1zLSg,2024-10-25T08:47:31Z,commit:777ac1af
Singing My Troubles Away,Delmore Brothers,Hillbilly Boogie Best,True,LIKE,2:32,152,vh6Dkwiish8,2024-10-25T08:44:59Z,commit:777ac1af
Be Kind to a Man While He's Down,Foghorn Stringband,Outshine the Sun,,INDIFFERENT,2:48,168,OTMXwCu11vs,2024-10-25T08:42:11Z,commit:777ac1af
Let's Make a Better World,Dr. John,Desitively Bonnaroo,,LIKE,2:57,177,Q66BpmD3ugY,2024-10-25T08:39:14Z,commit:777ac1af
Jenny Jenkins,"David Grisman, Jerry Garcia",Not For Kids Only,False,INDIFFERENT,4:23,263,ltEPUNHVYxg,2024-10-25T08:34:51Z,commit:777ac1af
The Glory of Love,Bette Midler,Beaches (Original Soundtrack Recording),False,INDIFFERENT,3:16,196,WrbkAe_0QSg,2024-10-25T08:31:35Z,commit:777ac1af
"Try A Little Kindness (Live At The Royal Festival Hall, London/1977)",Glen Campbell,Live At The Royal Festival Hall,,LIKE,2:04,124,dnw4dd7tOV8,2024-10-25T08:29:31Z,commit:777ac1af
Our Life's Work,Chuck Darwin & the Knuckle Draggers,Three Car Pileup,False,INDIFFERENT,2:43,163,vskBlq2dLAM,2024-10-25T08:26:48Z,commit:777ac1af
Teddy Bears' Picnic,"David Grisman, Jerry Garcia",Not For Kids Only,False,INDIFFERENT,4:27,267,-9AUiLJnoDg,2024-10-25T08:22:21Z,commit:777ac1af
Barrett's Privateers,Chuck Darwin & the Knuckle Draggers,Three Car Pileup,False,INDIFFERENT,3:27,207,sYPLjKlmvgU,2024-10-25T08:18:54Z,commit:777ac1af
Hey Up Tuscarora,Chuck Darwin & the Knuckle Draggers,Three Car Pileup,False,INDIFFERENT,3:52,232,Ka2gBTAN1XE,2024-10-25T08:15:02Z,commit:777ac1af
Nice Time,Chuck Darwin & the Knuckle Draggers,Three Car Pileup,False,INDIFFERENT,2:16,136,1KhLqRmP96M,2024-10-25T08:12:46Z,commit:777ac1af
Do Right Woman,Chuck Darwin & the Knuckle Draggers,Three Car Pileup,False,INDIFFERENT,3:29,209,ADSYbRZM38k,2024-10-25T08:09:17Z,commit:777ac1af
Rose,Chuck Darwin & the Knuckle Draggers,Three Car Pileup,False,INDIFFERENT,3:12,192,ThUQ0-Ujk8I,2024-10-25T08:06:05Z,commit:777ac1af
The Road Where The Wild Wind Flies,Chuck Darwin & the Knuckle Draggers,Three Car Pileup,False,INDIFFERENT,3:51,231,_lweSJA5yec,2024-10-25T08:02:14Z,commit:777ac1af
"Streets Of London (Live At The Royal Festival Hall, London/1977)",Glen Campbell,Live At The Royal Festival Hall,,LIKE,3:13,193,vs_2yiQNtCI,2024-10-25T07:59:01Z,commit:777ac1af
Do Right Woman,Chuck Darwin & the Knuckle Draggers,Three Car Pileup,False,INDIFFERENT,3:29,209,ADSYbRZM38k,2024-10-23T07:01:26Z,commit:777ac1af
Not Gentle On My Mind,Chuck Darwin & the Knuckle Draggers,For Educational Purposes Only,True,LIKE,2:11,131,fwlkSDX-JT8,2024-10-23T06:59:15Z,commit:777ac1af
Our Life's Work,Chuck Darwin & the Knuckle Draggers,Three Car Pileup,False,INDIFFERENT,2:43,163,vskBlq2dLAM,2024-10-23T06:56:32Z,commit:777ac1af
"Streets Of London (Live At The Royal Festival Hall, London/1977)",Glen Campbell,Live At The Royal Festival Hall,,LIKE,3:13,193,vs_2yiQNtCI,2024-10-23T06:53:19Z,commit:777ac1af
"Try A Little Kindness (Live At The Royal Festival Hall, London/1977)",Glen Campbell,Live At The Royal Festival Hall,,LIKE,2:04,124,dnw4dd7tOV8,2024-10-23T06:51:15Z,commit:777ac1af
"Stars/Rhinestone Cowboy (Medley/Live At The Royal Festival Hall, London/1977)",Glen Campbell,Live At The Royal Festival Hall,,LIKE,6:38,398,QyfK2txeIGQ,2024-10-23T06:44:37Z,commit:777ac1af
Gentle On My Mind (Remastered 2001),Glen Campbell,Gentle On My Mind,False,INDIFFERENT,2:59,179,mfMnNqn-hKg,2024-10-23T06:41:38Z,commit:777ac1af
Mammas Don't Let Your Babies Grow up to Be Cowboys,"Waylon Jennings, Willie Nelson",Waylon & Willie,False,INDIFFERENT,2:33,153,i85ob2DackI,2024-10-23T06:39:05Z,commit:777ac1af
Rhinestone Cowboy,Charley Pride,She's Just An Old Love Turned Memory,True,LIKE,2:49,169,v6L-9gwPaEI,2024-10-23T06:36:16Z,commit:777ac1af
Rhinestone Cowboy,David Hasselhoff,Sings America,False,INDIFFERENT,3:30,210,ITdjp_XcId8,2024-10-23T06:32:46Z,commit:777ac1af
Rhinestone Cowboy,"Fancy Hagood, Orville Peck, TJ Osborne, Waylon Payne",Stampede,True,LIKE,3:14,194,RIa2iFABjCI,2024-10-23T06:29:32Z,commit:777ac1af
Islands In the Stream,"Dolly Parton, Kenny Rogers",Greatest Hits,False,INDIFFERENT,4:12,252,Cvq6lHDatNs,2024-10-23T06:25:20Z,commit:777ac1af
The Gambler,Kenny Rogers,The Gambler,False,INDIFFERENT,3:35,215,w4RvskuFnPY,2024-10-23T06:21:45Z,commit:777ac1af
Old Number Seven,The Devil Makes Three,The Devil Makes Three,False,INDIFFERENT,3:21,201,1tp4Vyltijw,2024-10-22T20:18:21Z,commit:777ac1af
Atlantic City,The Band,Jericho,False,INDIFFERENT,5:15,315,QFxXTO1t5yo,2024-10-22T20:13:06Z,commit:777ac1af
I'll Fly Away,"Alison Krauss, Gillian Welch","O Brother, Where Art Thou? (Original Motion Picture Soundtrack)",True,LIKE,3:58,238,lFamN-oXRMQ,2024-10-22T20:09:08Z,commit:777ac1af
Gentle On My Mind (Remastered 2001),Glen Campbell,Gentle On My Mind,False,INDIFFERENT,2:59,179,mfMnNqn-hKg,2024-10-22T20:06:09Z,commit:777ac1af
$10 Cowboy,Charley Crockett,$10 Cowboy,False,INDIFFERENT,3:36,216,mwT-smk8VOA,2024-10-22T20:02:33Z,commit:777ac1af
Landslide (Live 1977),Fleetwood Mac,Landslide,False,INDIFFERENT,3:58,238,dshVEZwWLvc,2024-10-22T19:58:35Z,commit:777ac1af
He Was A Friend Of Mine,Dave Van Ronk,Folksinger,,LIKE,3:31,211,fmhJVDnrtcg,2024-10-22T19:55:04Z,commit:777ac1af
Rainbow Connection,Willie Nelson,Rainbow Connection,False,INDIFFERENT,4:30,270,3kih6sGyxCQ,2024-10-22T19:50:34Z,commit:777ac1af
Just Unwanted,Bella White,Just Like Leaving,False,INDIFFERENT,3:14,194,lu0mk5Dcs-U,2024-10-22T19:47:20Z,commit:777ac1af
The Gambler,Kenny Rogers,The Gambler,False,INDIFFERENT,3:35,215,w4RvskuFnPY,2024-10-22T19:43:45Z,commit:777ac1af
American Dreaming (Alternative Version),Sierra Ferrell,American Dreaming (Alternative Version),False,INDIFFERENT,4:25,265,sPC1hvCZ0iw,2024-10-22T19:39:20Z,commit:777ac1af
I Don't Mind,Sturgill Simpson,Cuttin' Grass - Vol. 1 (Butcher Shoppe Sessions),False,INDIFFERENT,4:30,270,xYcmf9cRp7A,2024-10-22T19:34:50Z,commit:777ac1af
I Hear Them All,Old Crow Medicine Show,Big Iron World,False,INDIFFERENT,3:04,184,kiJDZbvj8Vc,2024-10-22T19:31:46Z,commit:777ac1af
Ripple,Grateful Dead,The Best of the Grateful Dead,False,INDIFFERENT,4:12,252,5wh7ylJManI,2024-10-22T19:27:34Z,commit:777ac1af
Deep River Blues,Doc Watson,Doc Watson,,INDIFFERENT,3:12,192,tizeZJB5ARU,2024-10-22T19:24:22Z,commit:777ac1af
Harvest Moon (feat. AJ Lee & Blue Summit),The Brothers Comatose,Harvest Moon,False,INDIFFERENT,4:42,282,4yRxiQ7AxKw,2024-10-22T19:19:40Z,commit:777ac1af
American Pie,Don McLean,American Pie,False,INDIFFERENT,8:37,517,iX_TFkut1PM,2024-10-22T19:11:03Z,commit:777ac1af
Unchain My Heart,Ray Charles,Ray Charles - I Can’t Stop Loving You,False,INDIFFERENT,2:47,167,kDaZWKqmPJI,2024-10-22T19:08:16Z,commit:777ac1af
Feeling Good,Nina Simone,I Put A Spell On You,False,INDIFFERENT,2:54,174,BNMKGYiJpvg,2024-10-22T19:05:22Z,commit:777ac1af
To Love Somebody,Bee Gees,Bee Gees' 1st,False,INDIFFERENT,3:02,182,RQCT1f8IHK0,2024-10-22T19:02:20Z,commit:777ac1af
I Will Follow Him,Little Peggy March,I Will Follow Him,False,INDIFFERENT,2:35,155,IRk9gAqjLgg,2024-10-22T18:59:45Z,commit:777ac1af
"You're The First, The Last, My Everything",Barry White,Can't Get Enough,False,INDIFFERENT,4:37,277,E7zmRvhFEYo,2024-10-22T18:55:08Z,commit:777ac1af
My Baby Just Cares For Me,Harry James Orchestra,Drumming Man,False,INDIFFERENT,5:21,321,LhJ7cM_lCQI,2024-10-22T18:49:47Z,commit:777ac1af
Unforgettable,Natalie Cole,Unforgettable...With Love,False,INDIFFERENT,3:33,213,CrWc-zjiWYk,2024-10-22T18:46:14Z,commit:777ac1af
That's Life,Frank Sinatra,That's Life,False,INDIFFERENT,3:08,188,XvfImv9NseY,2024-10-22T18:43:06Z,commit:777ac1af
A Man Without Love,Engelbert Humperdinck,A Man Without Love,False,INDIFFERENT,3:24,204,o0WWaA3oFa4,2024-10-22T18:39:42Z,commit:777ac1af
Travelin' Man,Ricky Nelson,Rick Is 21,False,INDIFFERENT,2:24,144,CZ_973A44mA,2024-10-22T18:37:18Z,commit:777ac1af
"Moon River (From ""Breakfast at Tiffany's"")",Andy Williams,Moon River And Other Great Movie Themes,False,INDIFFERENT,2:43,163,3tuJ34YgW0c,2024-10-22T18:34:35Z,commit:777ac1af
Without You,Harry Nilsson,21 Love Songs,False,INDIFFERENT,3:24,204,LRJXocVOydk,2024-10-22T18:31:11Z,commit:777ac1af
Swing the Mood,Jive Bunny and the Mastermixers,"OMG It's New Years Eve, Vol. 1",False,INDIFFERENT,4:04,244,1w88-T0p-I8,2024-10-22T18:27:07Z,commit:777ac1af
Season of the Witch,Donovan,Sunshine Superman,False,INDIFFERENT,4:54,294,x-YI50fGMMg,2024-10-22T18:22:13Z,commit:777ac1af
La vie en rose,Grace Jones,Platinum Jubilee - Queens of Pop,False,INDIFFERENT,3:33,213,aw5FbO9Bz7c,2024-10-22T18:18:40Z,commit:777ac1af
Downtown,Petula Clark,Don't Sleep in the Subway - Her Greatest Hits,False,INDIFFERENT,3:11,191,4C2V-GiRUcw,2024-10-22T18:15:29Z,commit:777ac1af
Cracklin' Rosie (Single Version),Neil Diamond,Tap Root Manuscript,False,INDIFFERENT,3:00,180,lXrcuv3G_7A,2024-10-22T18:12:29Z,commit:777ac1af
La Vie En Rose,Edith Piaf,La Vie En Rose,False,INDIFFERENT,3:08,188,qPU8mENUBXk,2024-10-22T18:09:21Z,commit:777ac1af
Unchained Melody,The Righteous Brothers,The Very Best Of The Righteous Brothers - Unchained Melody,False,INDIFFERENT,3:37,217,te51eVrFWEc,2024-10-22T18:05:44Z,commit:777ac1af
My Cherie Amour,Stevie Wonder,My Cherie Amour,False,INDIFFERENT,2:54,174,Fjufjv4rH0s,2024-10-22T18:02:50Z,commit:777ac1af
These Boots Are Made for Walkin',Nancy Sinatra,Boots,False,INDIFFERENT,2:48,168,ICjlGNXwjkE,2024-10-22T18:00:02Z,commit:777ac1af
Dream a Little Dream of Me,Doris Day,Day By Night,False,INDIFFERENT,3:44,224,FD5gE6viJ9g,2024-10-22T17:56:18Z,commit:777ac1af
Can't Smile Without You,Barry Manilow,Ultimate Manilow,False,INDIFFERENT,3:08,188,ib7yFIlqwjU,2024-10-22T17:53:10Z,commit:777ac1af
Everybody Loves Somebody,Dean Martin,Everybody Loves Somebody,False,INDIFFERENT,2:45,165,wmRHeKF2kdU,2024-10-22T17:50:25Z,commit:777ac1af
California Dreamin' (Single Version),The Mamas & The Papas,If You Can Believe Your Eyes & Ears,False,INDIFFERENT,2:43,163,oU6uUEwZ8FM,2024-10-22T17:47:42Z,commit:777ac1af
Suspicious Minds,Elvis Presley,Elvis 30 #1 Hits,False,INDIFFERENT,4:33,273,xt8XQLvKBUs,2024-10-22T17:43:09Z,commit:777ac1af
Beyond the Sea,Bobby Darin,The Ultimate Bobby Darin,False,INDIFFERENT,2:53,173,Rc7_lCfbQP0,2024-10-22T17:40:16Z,commit:777ac1af
Sway (Quien Sera),Dean Martin,"Hey, Brother Pour The Wine",False,INDIFFERENT,2:43,163,ZmUdd8G0ToA,2024-10-22T17:37:33Z,commit:777ac1af
Black Is Black,Los Bravos,Black Is Black,False,INDIFFERENT,2:57,177,_CcdzkSlw2s,2024-10-22T17:34:36Z,commit:777ac1af
Delilah,Tom Jones,Delilah,False,INDIFFERENT,3:25,205,Qvo5SeAwz88,2024-10-22T17:31:11Z,commit:777ac1af
Can't Take My Eyes Off You (Ao Vivo),Daniel Boaventura,Your Song (Ao Vivo) [Deluxe],False,INDIFFERENT,4:28,268,bt4lLqalCQo,2024-10-22T17:26:43Z,commit:777ac1af
That's Amore,Dean Martin,The Fabulous 50s - 1953,False,INDIFFERENT,3:09,189,BRa2eoYFXj0,2024-10-22T17:23:34Z,commit:777ac1af
Tie a Yellow Ribbon Round the Ole Oak Tree (1998 Remastered) (feat. Tony Orlando),Dawn,Tuneweaving,False,INDIFFERENT,3:27,207,tf2a_mQ7xX4,2024-10-22T17:20:07Z,commit:777ac1af
Twist And Shout (Remastered 2009),The Beatles,Please Please Me,False,INDIFFERENT,2:36,156,2RicaUqd9Hg,2024-10-22T17:17:31Z,commit:777ac1af
Mack the Knife,Bobby Darin,Mack the Knife,False,INDIFFERENT,3:04,184,iooViITRp9M,2024-10-22T17:14:27Z,commit:777ac1af
Put Your Head On My Shoulder,Paul Anka,Paul Anka's Early Years,False,INDIFFERENT,2:43,163,kvazBqAlx58,2024-10-22T17:11:44Z,commit:777ac1af
The Great Pretender,The Platters,The Great Pretender,True,LIKE,2:36,156,S3nzDxuBeE4,2024-10-22T17:09:08Z,commit:777ac1af
Clair,Gilbert O'Sullivan,Back to Front (Deluxe Edition),False,INDIFFERENT,3:03,183,dtOXFlJX-Xw,2024-10-22T17:06:05Z,commit:777ac1af
How Deep Is Your Love,Bee Gees,Saturday Night Fever (The Original Movie Soundtrack Deluxe Edition),False,INDIFFERENT,4:04,244,jwikdkqYw6o,2024-10-22T17:02:01Z,commit:777ac1af
"Oh, Pretty Woman",Roy Orbison,The Essential Roy Orbison,False,INDIFFERENT,2:57,177,3KFvoDDs0XM,2024-10-22T16:59:04Z,commit:777ac1af
Venus - The Original Version,Shocking Blue,Venus,False,INDIFFERENT,3:02,182,ghDbKqtuHng,2024-10-22T16:56:02Z,commit:777ac1af
Fever,Peggy Lee,The Best Of Peggy Lee,False,INDIFFERENT,3:24,204,JBANWpzsHts,2024-10-22T16:52:38Z,commit:777ac1af
Georgia on My Mind (Original Master Recording),Ray Charles,Georgia on My Mind (Original Master Recording),False,INDIFFERENT,3:38,218,dcODKvvVSOg,2024-10-22T16:49:00Z,commit:777ac1af
Rivers of Babylon,Boney M.,Gold - 20 Super Hits (International),False,INDIFFERENT,4:18,258,gr8jSYC03gQ,2024-10-22T16:44:42Z,commit:777ac1af
Crazy,Patsy Cline,Crazy: 62 classics (The Ultimate Collection),False,INDIFFERENT,2:46,166,CKTOvHw8qFM,2024-10-22T16:41:56Z,commit:777ac1af
I Say a Little Prayer,Aretha Franklin,Aretha Now,False,INDIFFERENT,3:37,217,2t5VNI0XlwY,2024-10-22T16:38:19Z,commit:777ac1af
Ain't No Mountain High Enough,"Marvin Gaye, Tammi Terrell",United,False,INDIFFERENT,2:32,152,oB9JIz72BoM,2024-10-22T16:35:47Z,commit:777ac1af
At Last,Etta James,At Last!,False,INDIFFERENT,3:00,180,1qJU8G7gR_g,2024-10-22T16:32:47Z,commit:777ac1af
Sway,Michael Bublé,Michael Bublé,False,INDIFFERENT,3:09,189,a90tZJHBklk,2024-10-22T16:29:38Z,commit:777ac1af
Johnny B. Goode,Chuck Berry,Deluxe: Johnny B. Goode,False,INDIFFERENT,2:43,163,Uf4rxCB4lys,2024-10-22T16:26:55Z,commit:777ac1af
"Theme From New York, New York",Frank Sinatra,"Trilogy: Past, Present & Future",False,INDIFFERENT,3:27,207,gFwuHsra6Oc,2024-10-22T16:23:28Z,commit:777ac1af
Raindrops Keep Falling on my Head,B.J. Thomas,The Very Best of B.J. Thomas,False,INDIFFERENT,2:57,177,sySlY1XKlhM,2024-10-22T16:20:31Z,commit:777ac1af
Love's Theme,The Love Unlimited Orchestra,Number Ones,False,INDIFFERENT,3:39,219,C_zL0EraakQ,2024-10-22T16:16:52Z,commit:777ac1af
Be My Baby,The Ronettes,Presenting the Fabulous Ronettes Featuring Veronica,False,INDIFFERENT,2:41,161,QBDem6bffyo,2024-10-22T16:14:11Z,commit:777ac1af
Papa Loves Mambo,Perry Como,Pure Gold,False,INDIFFERENT,2:43,163,CusZFb_gElE,2024-10-22T16:11:28Z,commit:777ac1af
Sugar Sugar,The Archies,The Treasury of Recorded Classics: The Archies - Vol. 1,False,INDIFFERENT,2:55,175,N7Grq71r_OA,2024-10-22T16:08:33Z,commit:777ac1af
Runaround Sue,Dion,Runaround Sue,False,INDIFFERENT,2:52,172,nFch8vH81ks,2024-10-22T16:05:41Z,commit:777ac1af
Happy Together,The Turtles,Happy Together,False,INDIFFERENT,2:57,177,BqZ6sRHpWIk,2024-10-22T16:02:44Z,commit:777ac1af
Volare (Nel Blu Di Pinto Di Blu) (Remastered 1998),Dean Martin,This Is Dean Martin,False,INDIFFERENT,3:02,182,4mppAFu3dqw,2024-10-22T15:59:42Z,commit:777ac1af
Mack the Knife,Bobby Darin,The Ultimate Bobby Darin,False,INDIFFERENT,3:05,185,ygVgxGSQIsw,2024-10-22T15:56:37Z,commit:777ac1af
L-O-V-E,Nat King Cole,L-O-V-E,False,INDIFFERENT,2:36,156,gZYtes1RO_w,2024-10-22T15:54:01Z,commit:777ac1af
Come and Get Your Love (Single Version),Redbone,Come and Get Your Love (Single Edit),False,INDIFFERENT,3:26,206,rsf_gTZG4cI,2024-10-22T15:50:35Z,commit:777ac1af
Sunny,Bobby Hebb,Sunny,False,INDIFFERENT,2:46,166,J-5xGXpNt74,2024-10-22T15:47:49Z,commit:777ac1af
Stardust,The Mills Brothers,London Sessions: 1934-1939,False,INDIFFERENT,3:09,189,KmY2gNrVl8U,2024-10-22T15:44:40Z,commit:777ac1af
Love Me Tonight,Tom Jones,The Best Of ... Tom Jones,False,INDIFFERENT,3:11,191,OLX-XZvz9iI,2024-10-22T15:41:29Z,commit:777ac1af
Águas De Março,"Antonio Carlos Jobim, Elis Regina",Elis & Tom,False,INDIFFERENT,3:35,215,BnB1G63XvCQ,2024-10-22T15:37:54Z,commit:777ac1af
Bossa Nova Cha Cha,"Lalo Schifrin, Luiz Bonfá, Oscar Castro-Neves",Composer Of Black Orpheus Plays And Sings Bossa Nova,False,INDIFFERENT,3:21,201,Pq9XgotWTgo,2024-10-22T15:34:33Z,commit:777ac1af
Magalenha,Sergio Mendes,Brasileiro,False,INDIFFERENT,3:37,217,JNVJ_EmLt0I,2024-10-22T15:30:56Z,commit:777ac1af
A Taste of Honey,Paul Desmond,Glad To Be Unhappy,False,INDIFFERENT,4:26,266,0gOX4W2PNGM,2024-10-22T15:26:30Z,commit:777ac1af
The Girl From Ipanema,Stan Getz,Getz/Gilberto,False,INDIFFERENT,5:25,325,N-TKOh0zsvU,2024-10-22T15:21:05Z,commit:777ac1af
Mais Que Nada,Sergio Mendes & Brasil '66,Herb Alpert Presents,False,INDIFFERENT,2:39,159,R7GsuqCTnQc,2024-10-22T15:18:26Z,commit:777ac1af
Quando Quando Quando,Engelbert Humperdinck,A Man Without Love,False,INDIFFERENT,3:22,202,j2etakoV-rg,2024-10-22T15:15:04Z,commit:777ac1af
Rich Girl,Daryl Hall & John Oates,Bigger Than Both Of Us,False,INDIFFERENT,2:23,143,IL_LiGCV82g,2024-10-22T15:12:41Z,commit:777ac1af
Can't Take My Eyes off You,Frankie Valli,Solo,False,INDIFFERENT,3:24,204,RQBgfjOROPw,2024-10-22T15:09:17Z,commit:777ac1af
She's A Lady,Tom Jones,Tom Jones Sings She's A Lady,False,INDIFFERENT,2:55,175,x8G4xrYfWmw,2024-10-22T15:06:22Z,commit:777ac1af
Dancing Queen,ABBA,Arrival,False,INDIFFERENT,3:51,231,YkLLcIKhJ64,2024-10-22T15:02:31Z,commit:777ac1af
Trick To Happy,Bahamas,Sad Hunk,False,INDIFFERENT,3:25,205,SpWokpM0O6Q,2024-10-22T14:59:06Z,commit:777ac1af
September Fields,Frazey Ford,Indian Ocean,True,LIKE,3:28,208,YxQZRrGjz_8,2024-10-22T14:55:38Z,commit:777ac1af
Lucid Girl,Thee Sacred Souls,Lucid Girl,False,INDIFFERENT,3:23,203,6nk1eGPfqw0,2024-10-22T14:52:15Z,commit:777ac1af
If I Got It (Your Love Brought It),Aaron Frazer,Introducing...,False,INDIFFERENT,2:55,175,myUP4_wlXBE,2024-10-22T14:49:20Z,commit:777ac1af
Climb Up On My Music,Rodriguez,Coming From Reality,True,LIKE,4:55,295,RF4642pdpdU,2024-10-22T14:44:25Z,commit:777ac1af
See Me Cry,The California Honeydrops,Fall in Love Again,False,INDIFFERENT,5:13,313,o7VjjXMbNuU,2024-10-22T14:39:12Z,commit:777ac1af
Fall in Love Again,The California Honeydrops & Lindsay Lou,Fall in Love Again,False,INDIFFERENT,3:31,211,ovAHu8L_JsE,2024-10-22T14:35:41Z,commit:777ac1af
On Your Knees,Marley Hale,By My Own Ways,False,INDIFFERENT,4:24,264,zirAi4gXUmw,2024-10-20T12:27:10Z,commit:777ac1af
Dear Girl,Marley Hale,By My Own Ways,False,INDIFFERENT,3:33,213,nQDVz3xcABo,2024-10-20T12:23:37Z,commit:777ac1af
Drunk On You,Marley Hale,By My Own Ways,False,INDIFFERENT,5:05,305,H_KKxb2a4dY,2024-10-20T12:18:32Z,commit:777ac1af
To Those at My Window,Marley Hale,By My Own Ways,False,INDIFFERENT,3:27,207,CfkqeyJ73l0,2024-10-20T12:15:05Z,commit:777ac1af
Tom Sawyer,Rush,Moving Pictures,False,INDIFFERENT,4:37,277,QJ4-9tAf9UQ,2024-10-20T02:10:25Z,commit:777ac1af
Hard To Handle,The Black Crowes,Shake Your Money Maker,False,INDIFFERENT,3:09,189,h1WItDnFtTk,2024-10-20T02:07:16Z,commit:777ac1af
Black Hole Sun,Soundgarden,Superunknown (Deluxe Edition),False,INDIFFERENT,5:19,319,9kIv6vVRKpw,2024-10-20T02:01:57Z,commit:777ac1af
No Sleep Till Brooklyn,Beastie Boys,Licensed To Ill,False,INDIFFERENT,4:07,247,9b9-S5EB0mw,2024-10-20T01:57:50Z,commit:777ac1af
Brain Stew,Green Day,Insomniac,False,INDIFFERENT,3:13,193,IPeJ7iM55hc,2024-10-20T01:54:37Z,commit:777ac1af
Mother,Danzig,Danzig,False,INDIFFERENT,3:25,205,vPzfKe_G4Ng,2024-10-20T01:51:12Z,commit:777ac1af
Plush,Stone Temple Pilots,Core (Super Deluxe Edition),False,INDIFFERENT,5:14,314,eb3kAUQxinQ,2024-10-20T01:45:58Z,commit:777ac1af
Cult of Personality (2023 Remaster),Living Colour,Vivid (2023 Remaster),False,INDIFFERENT,4:55,295,8mssfWohiig,2024-10-20T01:41:03Z,commit:777ac1af
Peaches,The Presidents Of The United States Of America,The Presidents of The United States of America: Ten Year Super Bonus Special Anniversary Edition,False,INDIFFERENT,2:52,172,SfWDoll9muE,2024-10-20T01:38:11Z,commit:777ac1af
Ace of Spades,Motörhead,Ace of Spades (Expanded Edition),False,INDIFFERENT,2:49,169,wQchKv6OSQA,2024-10-20T01:35:22Z,commit:777ac1af
Loser,Beck,Loser,False,INDIFFERENT,3:56,236,5Z1-5wNjMgs,2024-10-20T01:31:26Z,commit:777ac1af
Santeria,Sublime,Sublime (10th Anniversary Edition / Deluxe Edition),False,INDIFFERENT,3:04,184,FDdkpmSNo4U,2024-10-20T01:28:22Z,commit:777ac1af
Same In The End,Sublime,Sublime (10th Anniversary Edition / Deluxe Edition),False,INDIFFERENT,2:37,157,AoUebgJYdXA,2024-10-20T01:25:45Z,commit:777ac1af
The Kids Aren't Alright,The Offspring,Americana,False,INDIFFERENT,3:01,181,-uQi0vJK9lk,2024-10-20T01:22:44Z,commit:777ac1af
Come As You Are,Nirvana,Nevermind (Deluxe Edition),False,INDIFFERENT,3:39,219,f1IdyrhOrGs,2024-10-20T01:19:05Z,commit:777ac1af
So What'Cha Want (Remastered 2009),Beastie Boys,Check Your Head (Deluxe Edition/Remastered/2009),False,INDIFFERENT,3:37,217,yuD6enwjoLY,2024-10-20T01:15:28Z,commit:777ac1af
Johny Johny Yes Papa,"Baby Sleep Baby Sounds, Relaxing Radiance, Sleep Music Playlist",Sleep Baby: Laughing with Funny Sound,False,INDIFFERENT,3:50,230,i3RAqSq_YZY,2024-10-20T01:11:38Z,commit:777ac1af
What's New?,"Louis Armstrong, Oscar Peterson",A Summer Night: Oscar Peterson,False,INDIFFERENT,2:41,161,NA7nSgYlcxU,2024-10-20T01:08:57Z,commit:777ac1af
"Oh, Lawd, I'm On My Way",Oscar Peterson,A Summer Night: Oscar Peterson,False,INDIFFERENT,2:33,153,z9wKSjfChF4,2024-10-20T01:06:24Z,commit:777ac1af
They All Laughed,Oscar Peterson,A Summer Night: Oscar Peterson,False,INDIFFERENT,2:32,152,xDl-Nnj_1QE,2024-10-20T01:03:52Z,commit:777ac1af
You Took Advantage Of Me,Oscar Peterson,A Summer Night: Oscar Peterson,False,INDIFFERENT,1:59,119,bxvsdzJFq8E,2024-10-20T01:01:53Z,commit:777ac1af
Here Come De Honey Man,Oscar Peterson,A Summer Night: Oscar Peterson,False,INDIFFERENT,1:08,68,sE9jClB72Ls,2024-10-20T01:00:45Z,commit:777ac1af
I Can't Get Started (False Start),"Lester Young, Oscar Peterson Trio",A Summer Night: Oscar Peterson,False,INDIFFERENT,0:53,53,H9n_e05hGyo,2024-10-20T00:59:52Z,commit:777ac1af
Johnny One Note,Oscar Peterson,A Summer Night: Oscar Peterson,False,INDIFFERENT,2:31,151,vjDDmHyIC6Y,2024-10-20T00:57:21Z,commit:777ac1af
I Hear Music,Oscar Peterson Trio,A Summer Night: Oscar Peterson,False,INDIFFERENT,2:28,148,TgwxCBTBBLU,2024-10-20T00:54:53Z,commit:777ac1af
The Boy Next Door,Oscar Peterson,A Summer Night: Oscar Peterson,False,INDIFFERENT,2:20,140,JxaMCmffdI4,2024-10-20T00:52:33Z,commit:777ac1af
Everytime We Say Goodbye,Oscar Peterson,A Summer Night: Oscar Peterson,False,INDIFFERENT,2:19,139,HGx4x6rVIX8,2024-10-20T00:50:14Z,commit:777ac1af
Ac-cent-tchu-ate The Positive,Oscar Peterson,A Summer Night: Oscar Peterson,False,INDIFFERENT,2:02,122,svNjhsUP558,2024-10-20T00:48:12Z,commit:777ac1af
I Get A Kick Out Of You (Run Through),"Louis Armstrong, Oscar Peterson",A Summer Night: Oscar Peterson,False,INDIFFERENT,0:39,39,R76NzCEo1-s,2024-10-20T00:47:33Z,commit:777ac1af
I Love You,Oscar Peterson Trio,A Summer Night: Oscar Peterson,False,INDIFFERENT,2:39,159,LaBx_4qZFhc,2024-10-20T00:44:54Z,commit:777ac1af
A Sunday Kind Of Love,Oscar Peterson,A Summer Night: Oscar Peterson,False,INDIFFERENT,2:33,153,N8ZrteRUOWQ,2024-10-20T00:42:21Z,commit:777ac1af
Black Coffee,Oscar Peterson,A Summer Night: Oscar Peterson,False,INDIFFERENT,2:18,138,T1uO2C3jyGc,2024-10-20T00:40:03Z,commit:777ac1af
The Man That Got Away,Oscar Peterson,A Summer Night: Oscar Peterson,False,INDIFFERENT,2:40,160,9XImsyGkwbY,2024-10-20T00:37:23Z,commit:777ac1af
Thou Swell,Oscar Peterson,A Summer Night: Oscar Peterson,False,INDIFFERENT,2:29,149,Smi9xAS1rhY,2024-10-20T00:34:54Z,commit:777ac1af
Sophisticated Lady,Oscar Peterson,A Summer Night: Oscar Peterson,False,INDIFFERENT,2:25,145,BBQ1iwQaMm4,2024-10-20T00:32:29Z,commit:777ac1af
It's Only A Paper Moon,Oscar Peterson Trio,A Summer Night: Oscar Peterson,False,INDIFFERENT,2:33,153,qY9HLRnfrXM,2024-10-20T00:29:56Z,commit:777ac1af
"It's All Right With Me (Live At The Chicago Opera House,1957) (feat. Oscar Peterson Trio)",Ella Fitzgerald,A Summer Night: Oscar Peterson,False,INDIFFERENT,2:32,152,mlklEdp8B9g,2024-10-20T00:27:24Z,commit:777ac1af
(Ad Lib) Medium Dance,"Fred Astaire, Oscar Peterson",A Summer Night: Oscar Peterson,False,INDIFFERENT,2:03,123,-5sTjOqLoT0,2024-10-20T00:25:21Z,commit:777ac1af
I've Got The World On A String,Oscar Peterson,A Summer Night: Oscar Peterson,False,INDIFFERENT,2:29,149,LrfH2pdnAsk,2024-10-20T00:22:52Z,commit:777ac1af
The Way You Look Tonight,Oscar Peterson,A Summer Night: Oscar Peterson,False,INDIFFERENT,2:59,179,ElrvIzNt2I0,2024-10-20T00:19:53Z,commit:777ac1af
Stormy Weather,Oscar Peterson,A Summer Night: Oscar Peterson,False,INDIFFERENT,2:44,164,2pd6GEki7lc,2024-10-20T00:17:09Z,commit:777ac1af
Turtle Neck,Oscar Peterson Trio,A Summer Night: Oscar Peterson,False,INDIFFERENT,2:20,140,8kBRKeJDQuI,2024-10-20T00:14:49Z,commit:777ac1af
"Don Cha Go Way Mad (Live At The Shrine Auditorium,1957) (feat. Oscar Peterson Trio)",Ella Fitzgerald,A Summer Night: Oscar Peterson,False,INDIFFERENT,2:32,152,pWlmAHS4rdY,2024-10-20T00:12:17Z,commit:777ac1af
Chattanooga Choo Choo,Oscar Peterson,A Summer Night: Oscar Peterson,False,INDIFFERENT,2:09,129,iSLTWwqaT2U,2024-10-20T00:10:08Z,commit:777ac1af
Moonglow,Oscar Peterson,A Summer Night: Oscar Peterson,False,INDIFFERENT,2:39,159,kpMSx-kHevk,2024-10-20T00:07:29Z,commit:777ac1af
The Lady Is A Tramp,Oscar Peterson,A Summer Night: Oscar Peterson,False,INDIFFERENT,2:07,127,mkWS8--BNkQ,2024-10-20T00:05:22Z,commit:777ac1af
Stella By Starlight (feat. The Oscar Peterson Quartet),Anita O'Day,A Summer Night: Oscar Peterson,False,INDIFFERENT,2:04,124,64UZipSLBNI,2024-10-20T00:03:18Z,commit:777ac1af
Let's Fall In Love,Oscar Peterson,A Summer Night: Oscar Peterson,False,INDIFFERENT,2:19,139,WAG4KWTyShM,2024-10-20T00:00:59Z,commit:777ac1af
Yesterdays,Oscar Peterson,A Summer Night: Oscar Peterson,False,INDIFFERENT,2:37,157,XUdcpMOd6w0,2024-10-19T23:58:22Z,commit:777ac1af
"Top Hat, White Tie, And Tails",Oscar Peterson,A Summer Night: Oscar Peterson,False,INDIFFERENT,2:16,136,t0HBxpyRYO8,2024-10-19T23:56:06Z,commit:777ac1af
I'm In The Mood For Love,Oscar Peterson,A Summer Night: Oscar Peterson,False,INDIFFERENT,2:30,150,s97RPHFALBs,2024-10-19T23:53:36Z,commit:777ac1af
Over The Rainbow,Oscar Peterson,A Summer Night: Oscar Peterson,False,INDIFFERENT,2:16,136,-hvgeaCujKE,2024-10-19T23:51:20Z,commit:777ac1af
Do Nothin' Till You Hear From Me,Oscar Peterson,A Summer Night: Oscar Peterson,False,INDIFFERENT,2:16,136,JwMZx1osLjI,2024-10-19T23:49:04Z,commit:777ac1af
Cheek To Cheek,Oscar Peterson,A Summer Night: Oscar Peterson,False,INDIFFERENT,2:28,148,q_NStm_KLy4,2024-10-19T23:46:36Z,commit:777ac1af
Carioca,Oscar Peterson,A Summer Night: Oscar Peterson,False,INDIFFERENT,2:16,136,xTwRyDeJZ_Q,2024-10-19T23:44:20Z,commit:777ac1af
Orange Colored Sky,Oscar Peterson Trio,A Summer Night: Oscar Peterson,False,INDIFFERENT,2:16,136,MO4Gq0OsKmc,2024-10-19T23:42:04Z,commit:777ac1af
Mas Que Nada,Oscar Peterson,A Summer Night: Oscar Peterson,False,INDIFFERENT,2:28,148,anCvu1Odn38,2024-10-19T23:39:36Z,commit:777ac1af
Genesis,Justice,Cross,True,INDIFFERENT,3:55,235,pf7uueiK8ec,2024-10-19T23:35:41Z,commit:777ac1af
D.A.N.C.E,Justice,Cross,True,INDIFFERENT,4:03,243,P0Nryn0YZ-A,2024-10-19T23:31:38Z,commit:777ac1af
Generator,Justice,Hyperdrama,False,INDIFFERENT,4:43,283,H9nZgVYxh9M,2024-10-19T23:26:55Z,commit:777ac1af
We Are Your Friends (Justice Vs Simian),"Justice, Simian",We Are Your Friends,False,INDIFFERENT,4:23,263,yYkpN9Uoaiw,2024-10-19T23:22:32Z,commit:777ac1af
Safe and Sound,Justice,Woman,False,INDIFFERENT,5:46,346,YT59g6xekFE,2024-10-19T23:16:46Z,commit:777ac1af
DVNO,Justice,Cross,True,INDIFFERENT,3:57,237,bz68yrZW3vU,2024-10-19T23:12:49Z,commit:777ac1af
One Night/All Night,"Justice, Tame Impala",Hyperdrama,False,INDIFFERENT,4:37,277,qX4FtyHQWVc,2024-10-19T23:08:12Z,commit:777ac1af
Ohma (Live),Acritarch,Live at the Glass House,False,INDIFFERENT,2:52,172,vUZzsMHQ5vo,2024-10-19T23:05:20Z,commit:777ac1af
Ain't Nobody Gonna Miss Me When I'm Gone,Tony Rice,Tony Rice Plays And Sings Bluegrass,False,INDIFFERENT,2:52,172,tSW6PHdN7dY,2024-10-19T23:02:28Z,commit:777ac1af
dead to you,Heart Reaper,dead to you,,INDIFFERENT,3:14,194,02yjztHOxeY,2024-10-19T22:59:14Z,commit:777ac1af
How Blue Can You Get,Louisiana Gator Boys,Blues Brothers 2000,True,LIKE,5:31,331,5l-xLSDU9b8,2024-10-18T11:43:02Z,commit:777ac1af
Bike,Pink Floyd,Relics,False,INDIFFERENT,3:22,202,X4PAmOKAFlw,2024-10-18T10:36:01Z,commit:777ac1af
Lochs of Dread (Live Version),Bela Fleck And The Flecktones,Live Art,False,INDIFFERENT,5:46,346,xe3bem0kgFE,2024-10-18T10:30:15Z,commit:777ac1af
Stomping Grounds (Live Version),Bela Fleck And The Flecktones,Live Art,False,INDIFFERENT,5:27,327,djxg5DeDnow,2024-10-18T10:24:48Z,commit:777ac1af
The Logical Song,Supertramp,The Logical Song,True,LIKE,4:10,250,pP8iUyb9Gn8,2024-10-18T10:20:38Z,commit:777ac1af
Ain't Nobody Gonna Miss Me When I'm Gone,Tony Rice,Tony Rice Plays And Sings Bluegrass,False,INDIFFERENT,2:52,172,tSW6PHdN7dY,2024-10-17T19:46:31Z,commit:777ac1af
dead to you,Heart Reaper,dead to you,,INDIFFERENT,3:14,194,02yjztHOxeY,2024-10-17T19:43:17Z,commit:777ac1af
Ohma (Live),Acritarch,Live at the Glass House,False,INDIFFERENT,2:52,172,vUZzsMHQ5vo,2024-10-17T19:40:25Z,commit:777ac1af
SCRAM! (Live),Acritarch,Live at the Glass House,False,INDIFFERENT,2:46,166,KpEhVuG20f0,2024-10-17T19:37:39Z,commit:777ac1af
Accelerant (Live),Acritarch,Live at the Glass House,False,INDIFFERENT,4:21,261,PIHQCAPVVGM,2024-10-17T19:33:18Z,commit:777ac1af
Me and Bobby McGee,Janis Joplin,Pearl (Legacy Edition),False,INDIFFERENT,4:32,272,-ggFIeg5u1M,2024-10-16T03:28:32Z,commit:777ac1af
Fire and Rain,James Taylor,Sweet Baby James,False,INDIFFERENT,3:21,201,N8u8tASPtwg,2024-10-16T03:25:11Z,commit:777ac1af
Little Lies,Fleetwood Mac,Greatest Hits,False,INDIFFERENT,3:39,219,OyIvdxfkNA4,2024-10-16T03:21:32Z,commit:777ac1af
Babe I'm Gonna Leave You (Remaster),Led Zeppelin,Mothership,False,INDIFFERENT,6:43,403,dZitPJMh60A,2024-10-16T03:14:49Z,commit:777ac1af
Have You Ever Seen The Rain,Creedence Clearwater Revival,Pendulum (Expanded Edition),False,INDIFFERENT,2:41,161,Xwy-3aI435o,2024-10-16T03:12:08Z,commit:777ac1af
Old Man (2009 Remaster),Neil Young,Harvest (2009 Remaster),False,INDIFFERENT,3:23,203,rAtDrFdomN4,2024-10-16T03:08:45Z,commit:777ac1af
Rhiannon,Fleetwood Mac,Fleetwood Mac,False,INDIFFERENT,4:13,253,0xGPi-Al3zQ,2024-10-16T03:04:32Z,commit:777ac1af
Sundown,Gordon Lightfoot,Sundown,False,INDIFFERENT,3:34,214,kv8zyBi4ZXk,2024-10-16T03:00:58Z,commit:777ac1af
Got a Hold on Me,Christine McVie,Christine McVie,False,INDIFFERENT,3:51,231,bpv0Hhn9Vt8,2024-10-16T02:57:07Z,commit:777ac1af
This Must Be the Place (Naive Melody) [Live],Talking Heads,Stop Making Sense (Live),False,INDIFFERENT,4:58,298,4Q2lmZtDlMU,2024-10-16T02:52:09Z,commit:777ac1af
The Chain (2004 Remaster),Fleetwood Mac,Rumours,False,INDIFFERENT,4:30,270,FhgFtXESdPk,2024-10-16T02:47:39Z,commit:777ac1af
Have A Cigar,Pink Floyd,Wish You Were Here,False,INDIFFERENT,5:08,308,tbdpv7G_PPg,2024-10-16T02:42:31Z,commit:777ac1af
Tiny Dancer,Elton John,Madman Across The Water,False,INDIFFERENT,6:18,378,aqlGlaNlcWE,2024-10-16T02:36:13Z,commit:777ac1af
Witchy Woman,Eagles,Legacy,False,INDIFFERENT,4:11,251,fCcEjZQQNjo,2024-10-16T02:32:02Z,commit:777ac1af
Dreams (2004 Remaster),Fleetwood Mac,Rumours (Deluxe Edition),False,INDIFFERENT,4:18,258,5oWyMakvQew,2024-10-16T02:27:44Z,commit:777ac1af
The Weight (Remastered 2000),The Band,Music From Big Pink,False,INDIFFERENT,4:35,275,QWu-f7HFFJE,2024-10-16T02:23:09Z,commit:777ac1af
Dixie Chicken (Alternate Version),Little Feat,Dixie Chicken (Deluxe Edition),False,INDIFFERENT,4:07,247,-6SpB9hp8Zs,2024-10-16T02:19:02Z,commit:777ac1af
"Hey, Hey, What Can I Do (Remaster)",Led Zeppelin,Coda (Deluxe Edition),False,INDIFFERENT,3:57,237,epX8Th4aiMc,2024-10-16T02:15:05Z,commit:777ac1af
"Playing in the Band (Live at Manhattan Center, New York, NY, April 6, 1971)",Grateful Dead,Grateful Dead (Skull & Roses) (Live),False,INDIFFERENT,4:39,279,vW8GaFZRxtE,2024-10-16T02:10:26Z,commit:777ac1af
Cecilia,Simon & Garfunkel,Bridge Over Troubled Water,False,INDIFFERENT,2:55,175,voGvFWXPYx8,2024-10-16T02:07:31Z,commit:777ac1af
Midnight Rider,The Allman Brothers Band,Idlewild South (Deluxe Edition Remastered),False,INDIFFERENT,3:01,181,O6Q40nZRRco,2024-10-16T02:04:30Z,commit:777ac1af
Late in the Evening,Paul Simon,One-Trick Pony,False,INDIFFERENT,4:03,243,fKWW4ll0YzI,2024-10-16T02:00:27Z,commit:777ac1af
Rocky Mountain Way,Joe Walsh,"The Smoker You Drink, The Player You Get",False,INDIFFERENT,5:16,316,4Fz-mHGXgzs,2024-10-16T01:55:11Z,commit:777ac1af
Take Me to the River (2005 Remaster),Talking Heads,More Songs About Buildings and Food (Deluxe Version),False,INDIFFERENT,5:03,303,v4azbl96BJY,2024-10-16T01:50:08Z,commit:777ac1af
Gypsy,Fleetwood Mac,Greatest Hits,False,INDIFFERENT,4:25,265,cjn0i_D5lWE,2024-10-16T01:45:43Z,commit:777ac1af
Gold Dust Woman (2004 Remaster),Fleetwood Mac,Rumours,False,INDIFFERENT,4:56,296,-Ti1b-RRBjI,2024-10-16T01:40:47Z,commit:777ac1af
"Rocket In My Pocket (Live at the Rainbow Theatre, London, UK, 8/2/1977)",Little Feat,Waiting for Columbus (Live Version),False,INDIFFERENT,3:58,238,r6nOCws9_yA,2024-10-16T01:36:49Z,commit:777ac1af
"Tripe Face Boogie (Live at the Rainbow Theatre, London, UK, 8/3/1977)",Little Feat,Waiting for Columbus (Live Version),False,INDIFFERENT,7:10,430,nVuAOS6mU6k,2024-10-16T01:29:39Z,commit:777ac1af
"Dixie Chicken (Live at the Rainbow Theatre, London, UK, 8/3/1977)",Little Feat,Waiting for Columbus (Live Version),False,INDIFFERENT,8:54,534,UMJbtFZWWa8,2024-10-16T01:20:45Z,commit:777ac1af
"Spanish Moon (Live at Lisner Auditorium, Washington, DC, 8/8/1977)",Little Feat,Waiting for Columbus (Live Version),False,INDIFFERENT,5:39,339,-S5PK14KFcE,2024-10-16T01:15:06Z,commit:777ac1af
"Mercenary Territory (Live at the Rainbow Theatre, London, UK, 8/2/1977)",Little Feat,Waiting for Columbus (Live Version),False,INDIFFERENT,4:37,277,qZZ1qvjIYg8,2024-10-16T01:10:29Z,commit:777ac1af
"Day or Night (Live at the Rainbow Theatre, London, UK, 8/4/1977)",Little Feat,Waiting for Columbus (Live Version),False,INDIFFERENT,5:31,331,OY_mkZ6JJtk,2024-10-16T01:04:58Z,commit:777ac1af
"Time Loves a Hero (Live at the Rainbow Theatre, London, UK, 8/4/1977)",Little Feat,Waiting for Columbus (Live Version),False,INDIFFERENT,4:20,260,Ig-lMlikKNU,2024-10-16T01:00:38Z,commit:777ac1af
"Old Folks' Boogie (Live at the Rainbow Theatre, London, UK, 8/4/1977)",Little Feat,Waiting for Columbus (Live Version),True,LIKE,4:29,269,Kr7VaihjYT8,2024-10-16T00:56:09Z,commit:777ac1af
"Oh Atlanta (Live at Lisner Auditorium, Washington, DC, 8/10/1977)",Little Feat,Waiting for Columbus (Live Version),False,INDIFFERENT,4:21,261,ZsZcJH6NvMc,2024-10-16T00:51:48Z,commit:777ac1af
"All That You Dream (Live at Lisner Auditorium, Washington, DC, 8/10/1977)",Little Feat,Waiting for Columbus (Live Version),False,INDIFFERENT,4:30,270,yXGOZkej-qY,2024-10-16T00:47:18Z,commit:777ac1af
"Fat Man in the Bathtub (Live at Lisner Auditorium, Washington, DC, 8/10/1977)",Little Feat,Waiting for Columbus (Live Version),False,INDIFFERENT,4:54,294,PiutmLNt5VI,2024-10-16T00:42:24Z,commit:777ac1af
Willie The Pimp,Frank Zappa,Hot Rats,False,INDIFFERENT,9:24,564,KHiclrHm-ig,2024-10-16T00:33:00Z,commit:777ac1af
You Got Me Floatin',The Jimi Hendrix Experience,Axis: Bold As Love,False,INDIFFERENT,2:49,169,lOfv4k63vtQ,2024-10-16T00:30:11Z,commit:777ac1af
Dancing Days (Remaster),Led Zeppelin,Houses of the Holy (Deluxe Edition),False,INDIFFERENT,3:44,224,qztKD75J2BM,2024-10-16T00:26:27Z,commit:777ac1af
21st Century Schizoid Man [Bonus Track] (Radio Version),King Crimson,In The Court Of The Crimson King (Expanded & Remastered Original Album Mix),False,INDIFFERENT,6:42,402,W3smsj0Wsps,2024-10-16T00:19:45Z,commit:777ac1af
My Wild Love,The Doors,Waiting for the Sun,False,INDIFFERENT,3:00,180,hVYBuGhpo7Y,2024-10-16T00:16:45Z,commit:777ac1af
I'm Waiting For The Man,"Nico, The Velvet Underground",The Velvet Underground & Nico (45th Anniversary / Super Deluxe Edition),False,INDIFFERENT,4:40,280,YbigVkiAe0s,2024-10-16T00:12:05Z,commit:777ac1af
Don't Do It (Live Academy Of Music/1971/Remixed And Remastered),The Band,A Musical History,False,INDIFFERENT,4:37,277,_QsNhq0MDrs,2024-10-16T00:07:28Z,commit:777ac1af
Trouble Every Day,Frank Zappa,Understanding America,False,INDIFFERENT,5:08,308,BQEHrwKXCDs,2024-10-16T00:02:20Z,commit:777ac1af
Captain,Ween,Quebec,False,INDIFFERENT,4:00,240,dPPawWVImwk,2024-10-15T23:58:20Z,commit:777ac1af
I Can't Quit You Baby (Remaster),Led Zeppelin,Coda (Remaster),False,INDIFFERENT,4:19,259,Y8XJNrtQoUQ,2024-10-15T23:54:01Z,commit:777ac1af
Cymbaline,Pink Floyd,More,,INDIFFERENT,4:50,290,ietkuUZwjpU,2024-10-15T23:49:11Z,commit:777ac1af
Sultans Of Swing,Dire Straits,Dire Straits,False,INDIFFERENT,5:49,349,xZatdZ_bqOc,2024-10-15T23:43:22Z,commit:777ac1af
The Great Deceiver,King Crimson,Starless And Bible Black,False,INDIFFERENT,4:02,242,glh1oD92Ac0,2024-10-15T23:39:20Z,commit:777ac1af
I Wanna Ride You,Medeski Martin & Wood,Uninvisible,False,INDIFFERENT,3:29,209,fdKj5dYjdFM,2024-10-15T23:35:51Z,commit:777ac1af
In From the Storm,Jimi Hendrix,The Cry of Love,False,INDIFFERENT,3:44,224,-zbwAprmRSE,2024-10-15T23:32:07Z,commit:777ac1af
I Zimbra (2005 Remaster),Talking Heads,Fear of Music (Deluxe Version),False,INDIFFERENT,3:09,189,qKFn66dzdz0,2024-10-15T23:28:58Z,commit:777ac1af
Pigs (Three Different Ones) (Live),Les Claypool,Live Frogs: Sets 1 & 2,False,INDIFFERENT,11:45,705,7R_v3QtwnmI,2024-10-15T23:17:13Z,commit:777ac1af
Third Uncle (Remastered 2004),Brian Eno,Taking Tiger Mountain (By Strategy) (2004 Remaster),False,INDIFFERENT,4:48,288,IxsUGOQm6qQ,2024-10-15T23:12:25Z,commit:777ac1af
Shakedown Street,Grateful Dead,Shakedown Street,False,INDIFFERENT,5:01,301,I7hpKHPvRVQ,2024-10-15T23:07:24Z,commit:777ac1af
Communication Breakdown (Remaster),Led Zeppelin,Led Zeppelin (Remaster),False,INDIFFERENT,2:31,151,3EH7QMVnSRI,2024-10-15T23:04:53Z,commit:777ac1af
I'm The Slime,"Frank Zappa, The Mothers",Over-Nite Sensation,False,INDIFFERENT,3:35,215,iiCQcEW98OY,2024-10-15T23:01:18Z,commit:777ac1af
The Ghost Song,"Jim Morrison, Music By The Doors",An American Prayer,False,INDIFFERENT,5:16,316,M1dtkfI_iuI,2024-10-15T22:56:02Z,commit:777ac1af
Cosmik Debris,Frank Zappa,Apostrophe('),False,INDIFFERENT,4:16,256,cwJKCF0jmFM,2024-10-15T22:51:46Z,commit:777ac1af
With My Own Bare Hands,Ween,La Cucaracha,False,INDIFFERENT,2:46,166,m0pYDICNBeQ,2024-10-15T22:49:00Z,commit:777ac1af
Biding My Time,Pink Floyd,Relics,False,INDIFFERENT,5:19,319,gvCNJdUExts,2024-10-15T22:43:41Z,commit:777ac1af
Do Ya (Unedited Alternative Mix),Electric Light Orchestra,Flashback,False,INDIFFERENT,4:10,250,tW_bDujEwBY,2024-10-14T16:39:07Z,commit:777ac1af
"A Apolitical Blues (Live at the Rainbow Theatre, London, UK, 8/3/1977)",Little Feat,Waiting for Columbus (Live Version),False,INDIFFERENT,3:52,232,dahVuPbSylw,2024-10-14T16:35:15Z,commit:777ac1af
"Don't Bogart That Joint (Live at Lisner Auditorium, Washington, DC, 8/8/1977)",Little Feat,Waiting for Columbus (Live Version),False,INDIFFERENT,1:02,62,sE13nvgcwI8,2024-10-14T16:34:13Z,commit:777ac1af
"Willin' (Live at Lisner Auditorium, Washington, DC, 8/8/1977)",Little Feat,Waiting for Columbus (Live Version),False,INDIFFERENT,4:43,283,kfnaxepWtOQ,2024-10-14T16:29:30Z,commit:777ac1af
"Rocket In My Pocket (Live at the Rainbow Theatre, London, UK, 8/2/1977)",Little Feat,Waiting for Columbus (Live Version),False,INDIFFERENT,3:58,238,r6nOCws9_yA,2024-10-14T16:25:32Z,commit:777ac1af
"Tripe Face Boogie (Live at the Rainbow Theatre, London, UK, 8/3/1977)",Little Feat,Waiting for Columbus (Live Version),False,INDIFFERENT,7:10,430,nVuAOS6mU6k,2024-10-14T16:18:22Z,commit:777ac1af
"Dixie Chicken (Live at the Rainbow Theatre, London, UK, 8/3/1977)",Little Feat,Waiting for Columbus (Live Version),False,INDIFFERENT,8:54,534,UMJbtFZWWa8,2024-10-14T16:09:28Z,commit:777ac1af
"Time Loves a Hero (Live at the Rainbow Theatre, London, UK, 8/4/1977)",Little Feat,Waiting for Columbus (Live Version),False,INDIFFERENT,4:20,260,Ig-lMlikKNU,2024-10-14T16:05:08Z,commit:777ac1af
"Old Folks' Boogie (Live at the Rainbow Theatre, London, UK, 8/4/1977)",Little Feat,Waiting for Columbus (Live Version),True,LIKE,4:29,269,Kr7VaihjYT8,2024-10-14T16:00:39Z,commit:777ac1af
"Fat Man in the Bathtub (Live at Lisner Auditorium, Washington, DC, 8/10/1977)",Little Feat,Waiting for Columbus (Live Version),False,INDIFFERENT,4:54,294,PiutmLNt5VI,2024-10-14T15:55:45Z,commit:777ac1af
How Blue Can You Get,Louisiana Gator Boys,Blues Brothers 2000,True,LIKE,5:31,331,5l-xLSDU9b8,2024-10-14T15:50:14Z,commit:777ac1af
Biding My Time,Pink Floyd,Relics,False,INDIFFERENT,5:19,319,gvCNJdUExts,2024-10-14T15:44:55Z,commit:777ac1af
Everybody's Talkin',Harry Nilsson,Aerial Pandemonium Ballet,False,INDIFFERENT,2:43,163,jzFM_-1moSo,2024-10-14T15:42:12Z,commit:777ac1af
Oh! Sweet Nuthin',The Velvet Underground,Loaded,False,INDIFFERENT,7:26,446,YjYrfV2xIwI,2024-10-14T15:34:46Z,commit:777ac1af
Long Way Home,Tom Waits,"Orphans: Brawlers, Bawlers & Bastards",True,LIKE,3:11,191,t5eKQOKC6ts,2024-10-14T15:31:35Z,commit:777ac1af
Morning Has Broken,Cat Stevens,Teaser And The Firecat,False,INDIFFERENT,3:20,200,qARB7XPfYjo,2024-10-14T15:28:15Z,commit:777ac1af
Telephone Call From Istanbul,Tom Waits,Franks Wild Years,False,INDIFFERENT,3:12,192,nRBmNhIuetQ,2024-10-14T15:25:03Z,commit:777ac1af
I Got a Name (Stereo Version),Jim Croce,I Got a Name,False,INDIFFERENT,3:15,195,gdnR9iQS-N8,2024-10-14T15:21:48Z,commit:777ac1af
Way Down In The Hole,Tom Waits,Franks Wild Years,False,INDIFFERENT,3:31,211,ngNnnv1HKAI,2024-10-14T15:18:17Z,commit:777ac1af
Is This What You Wanted,Leonard Cohen,New Skin For The Old Ceremony,False,INDIFFERENT,4:14,254,jKosiPw-85k,2024-10-14T15:14:03Z,commit:777ac1af
"Fat Man in the Bathtub (Live at Lisner Auditorium, Washington, DC, 8/10/1977)",Little Feat,Waiting for Columbus (Live Version),False,INDIFFERENT,4:54,294,PiutmLNt5VI,2024-10-14T15:09:09Z,commit:777ac1af
How Blue Can You Get,Louisiana Gator Boys,Blues Brothers 2000,True,LIKE,5:31,331,5l-xLSDU9b8,2024-10-14T15:03:38Z,commit:777ac1af
"Come On, Come Over",Jaco Pastorius,The Essential Jaco Pastorius,False,INDIFFERENT,3:55,235,zY2H6ZF5ACU,2024-10-14T14:59:43Z,commit:777ac1af
New South Africa (Live Version),Bela Fleck And The Flecktones,Live Art,False,INDIFFERENT,4:44,284,yhfl6uudFJQ,2024-10-14T14:54:59Z,commit:777ac1af
All Time Low,Widespread Panic,Til the Medicine Takes,,INDIFFERENT,4:10,250,HO_7bbEPo-4,2024-10-14T14:50:49Z,commit:777ac1af
Freeker By the Speaker,Keller Williams,Laugh,False,INDIFFERENT,4:53,293,BAdcEArCuo8,2024-10-14T14:45:56Z,commit:777ac1af
Light,Phish,"2015/01/03 Miami, FL",,INDIFFERENT,10:35,635,9EXlGFu50Jw,2024-10-13T18:35:14Z,commit:777ac1af
Helter Skelter (Remastered 2009),The Beatles,The Beatles,False,INDIFFERENT,4:30,270,vWW2SzoAXMo,2024-10-13T18:30:44Z,commit:777ac1af
Biding My Time,Pink Floyd,Relics,False,INDIFFERENT,5:19,319,gvCNJdUExts,2024-10-13T18:25:25Z,commit:777ac1af
Freeker By the Speaker,Keller Williams,Laugh,False,INDIFFERENT,4:53,293,BAdcEArCuo8,2024-10-13T18:20:32Z,commit:777ac1af
Bike,Pink Floyd,Relics,False,INDIFFERENT,3:22,202,X4PAmOKAFlw,2024-10-13T18:17:10Z,commit:777ac1af
Lochs of Dread (Live Version),Bela Fleck And The Flecktones,Live Art,False,INDIFFERENT,5:46,346,xe3bem0kgFE,2024-10-13T18:11:24Z,commit:777ac1af
Stomping Grounds (Live Version),Bela Fleck And The Flecktones,Live Art,False,INDIFFERENT,5:27,327,djxg5DeDnow,2024-10-13T18:05:57Z,commit:777ac1af
New South Africa (Live Version),Bela Fleck And The Flecktones,Live Art,False,INDIFFERENT,4:44,284,yhfl6uudFJQ,2024-10-13T18:01:13Z,commit:777ac1af
The Logical Song,Supertramp,The Logical Song,True,LIKE,4:10,250,pP8iUyb9Gn8,2024-10-13T17:57:03Z,commit:777ac1af
Everybody's Talkin',Harry Nilsson,Aerial Pandemonium Ballet,False,INDIFFERENT,2:43,163,jzFM_-1moSo,2024-10-13T17:54:20Z,commit:777ac1af
The Pusher,Steppenwolf,Steppenwolf,False,INDIFFERENT,5:53,353,Zv6PY1BQLBE,2024-10-13T17:48:27Z,commit:777ac1af
Southbound,Yonder Mountain String Band,"Mountain Tracks, Vol. 5",,INDIFFERENT,3:58,238,Rd2rpcccP8A,2024-10-13T17:44:29Z,commit:777ac1af
Don't Let Your Deal Go Down,Yonder Mountain String Band,"Mountain Tracks, Vol. 5",,INDIFFERENT,4:09,249,CRkIarLuC_A,2024-10-13T17:40:20Z,commit:777ac1af
Didn't Go Wrong,Yonder Mountain String Band,"Mountain Tracks, Vol. 5",,INDIFFERENT,3:16,196,7Odr3Y2hiiI,2024-10-13T17:37:04Z,commit:777ac1af
Nothin' but Nothin',Yonder Mountain String Band,"Mountain Tracks, Vol. 5",,INDIFFERENT,2:43,163,WMGqG7MURqI,2024-10-13T17:34:21Z,commit:777ac1af
Long Time,Yonder Mountain String Band,"Mountain Tracks, Vol. 5",,INDIFFERENT,3:12,192,ssVkjXojPug,2024-10-13T17:31:09Z,commit:777ac1af
Must've Had Your Reasons,Yonder Mountain String Band,"Mountain Tracks, Vol. 5",,INDIFFERENT,2:58,178,f829It6YsVo,2024-10-13T17:28:11Z,commit:777ac1af
Boatman's Dance,Yonder Mountain String Band,"Mountain Tracks, Vol. 5",,INDIFFERENT,4:58,298,A6Ex1MWNOXc,2024-10-13T17:23:13Z,commit:777ac1af
Sideshow Blues,Yonder Mountain String Band,"Mountain Tracks, Vol. 5",,INDIFFERENT,5:55,355,AGQHrA0gKMs,2024-10-13T17:17:18Z,commit:777ac1af
If I Lose,Yonder Mountain String Band,"Mountain Tracks, Vol. 5",,INDIFFERENT,3:48,228,GuGXDxbAmRg,2024-10-13T17:13:30Z,commit:777ac1af
Don't Bogart Me (aka Don't Bogart That Joint),The Fraternity Of Man,Easy Rider (Music From The Soundtrack),False,INDIFFERENT,3:07,187,6Jv4jkviIZo,2024-10-13T17:10:23Z,commit:777ac1af
The Weight,Smith,Easy Rider (Music From The Soundtrack),False,INDIFFERENT,4:37,277,X3-B_p3mTec,2024-10-13T17:05:46Z,commit:777ac1af
Born To Be Wild,Steppenwolf,Easy Rider (Music From The Soundtrack),False,INDIFFERENT,3:37,217,yp8mlU29h_0,2024-10-13T17:02:09Z,commit:777ac1af
The Pusher,Steppenwolf,Easy Rider (Music From The Soundtrack),False,INDIFFERENT,5:52,352,766XbUXDmoM,2024-10-13T16:56:17Z,commit:777ac1af
"Everybody's Talkin' (From ""Midnight Cowboy"")",Geek Music,"Everybody's Talkin' (From ""Midnight Cowboy"")",False,INDIFFERENT,2:45,165,vGqu6PZlAgE,2024-10-13T16:53:32Z,commit:777ac1af
Fire and Rain,James Taylor,Sweet Baby James,False,INDIFFERENT,3:24,204,N4E9MKbOFAY,2024-10-13T16:50:08Z,commit:777ac1af
Morning Has Broken,Cat Stevens,Teaser And The Firecat,False,INDIFFERENT,3:20,200,qARB7XPfYjo,2024-10-13T16:46:48Z,commit:777ac1af
Mighty River,Railroad Earth,Elko,False,INDIFFERENT,7:55,475,GKHvLfeNfCM,2024-10-13T16:38:53Z,commit:777ac1af
"Liberty (Live in Atlanta, March 30, 1994)",Grateful Dead,So Many Roads (1965 - 1995),False,INDIFFERENT,6:00,360,7OuA4UXwCCY,2024-10-13T16:32:53Z,commit:777ac1af
Walkin' Boss,"David Grisman, Jerry Garcia",Jerry Garcia & David Grisman,False,INDIFFERENT,5:18,318,_q9LD0r7sdQ,2024-10-13T16:27:35Z,commit:777ac1af
Dixie Chicken (2023 Remaster),Little Feat,Dixie Chicken (Deluxe Edition),False,INDIFFERENT,3:56,236,G7oCEnBSpRM,2024-10-13T16:23:39Z,commit:777ac1af
Back in the Goodle Days,John Hartford,Aereo-Plain,,INDIFFERENT,3:40,220,UcF0SY0m3sU,2024-10-13T16:19:59Z,commit:777ac1af
"Brown Eyed Women (Live in Denmark, 1972) [2001 Remaster] (Live in Denmark, 1972; 2001 Remaster) (feat. David Nelson, Debbie Eisenberg, Marma-Duke & Merle Saunders)",Grateful Dead,Europe '72 (Live; 2001 Remaster),False,INDIFFERENT,4:38,278,M-cR8u0Jm9E,2024-10-13T16:15:21Z,commit:777ac1af
"Rockin' Pneumonia and the Boogie Woogie Flu (Live at Lyceum Theatre, May 1972) (feat. Merle Saunders)",Grateful Dead,Steppin' out with the Grateful Dead England '72 (Live),False,INDIFFERENT,5:16,316,iWdfvo_eJ-Q,2024-10-13T16:10:05Z,commit:777ac1af
New Lands (Live / AAA),Justice,Access All Arenas,,INDIFFERENT,4:32,272,1TtkRbDk6IA,2024-10-13T16:05:33Z,commit:777ac1af
Horsepower (Live / AAA),Justice,Access All Arenas,,INDIFFERENT,5:25,325,PeAl0KrNqC0,2024-10-13T16:00:08Z,commit:777ac1af
D.A.N.C.E. (Live / AAA),Justice,Access All Arenas,,INDIFFERENT,5:59,359,Fo1AfLfpXoU,2024-10-13T15:54:09Z,commit:777ac1af
TiK ToK,Ke$ha,Animal (Expanded Edition),False,INDIFFERENT,3:20,200,RxUZLmN5RsY,2024-10-13T15:50:49Z,commit:777ac1af
Poker Face,Lady Gaga,The Fame,False,INDIFFERENT,3:58,238,oG-4Uvhm4lI,2024-10-13T15:46:51Z,commit:777ac1af
...Baby One More Time,Britney Spears,...Baby One More Time (Digital Deluxe Version),False,INDIFFERENT,3:32,212,91Niv2q4gvc,2024-10-13T15:43:19Z,commit:777ac1af
Shake It Off,Taylor Swift,1989,False,INDIFFERENT,3:40,220,1nFxMuPYeKA,2024-10-13T15:39:39Z,commit:777ac1af
Toxic,Britney Spears,In The Zone,False,INDIFFERENT,3:19,199,tVdr_JWmnsA,2024-10-13T15:36:20Z,commit:777ac1af
"John Cage's 4'33""",,,,INDIFFERENT,7:45,465,JTEFKFiXSx4,2024-10-13T15:28:35Z,commit:777ac1af
Don't Stop Me Now,Queen,Jazz (Deluxe Remastered Version),True,LIKE,3:30,210,DxQK_ARQmMY,2024-10-13T15:25:05Z,commit:777ac1af
Don't Go Breaking My Heart,"Elton John, Kiki Dee",Rock Of The Westies,False,INDIFFERENT,4:36,276,VHK5k2ieudc,2024-10-13T15:20:29Z,commit:777ac1af
"December, 1963 (Oh What a Night!)",The Four Seasons,Who Loves You,False,INDIFFERENT,3:18,198,EkEqFZaLgBE,2024-10-13T15:17:11Z,commit:777ac1af
Sweet Caroline,Neil Diamond,Sweet Caroline,False,INDIFFERENT,3:24,204,GmK5_lnQUbE,2024-10-13T15:13:47Z,commit:777ac1af
White Noise Black Screen (8 hours continuous) 432 Hz LPF,,,,INDIFFERENT,8:00:00,28800,LD92VXIl8hc,2024-10-13T07:13:47Z,commit:777ac1af
Bedtime Lullabies and Calming Undersea Animation: Baby Lullaby,,,,INDIFFERENT,4:16:55,15415,LdQJw5S4nAQ,2024-10-13T02:56:52Z,commit:777ac1af
Shady Grove,"David Grisman, Jerry Garcia",Shady Grove,False,INDIFFERENT,4:20,260,6G5__H-FOA4,2024-10-13T02:52:32Z,commit:777ac1af
Harvest Moon (feat. AJ Lee & Blue Summit),The Brothers Comatose,Harvest Moon,False,INDIFFERENT,4:42,282,4yRxiQ7AxKw,2024-10-13T02:47:50Z,commit:777ac1af
Boston Blues,Hot Day at the Zoo,Zoograss,,INDIFFERENT,5:58,358,eDdBJM2nYdA,2024-10-13T02:41:52Z,commit:777ac1af
Heavy Rain,Cabinet,Leap,False,INDIFFERENT,3:34,214,HvShmoae1jA,2024-10-13T02:38:18Z,commit:777ac1af
Never There,CAKE,Prolonging the Magic,False,INDIFFERENT,2:45,165,VhGp8Id0HRU,2024-10-13T02:35:33Z,commit:777ac1af
The Argus,Ween,Quebec,False,INDIFFERENT,4:54,294,Y3qguNFflow,2024-10-13T02:30:39Z,commit:777ac1af
Loser,Beck,Loser,False,INDIFFERENT,3:56,236,5Z1-5wNjMgs,2024-10-13T02:26:43Z,commit:777ac1af
Go It Alone,Beck,Guero,False,INDIFFERENT,4:09,249,nTsBcUJkUsU,2024-10-13T02:22:34Z,commit:777ac1af
Short Skirt / Long Jacket,CAKE,Comfort Eagle,False,INDIFFERENT,3:25,205,85zV1fpSJQ0,2024-10-13T02:19:09Z,commit:777ac1af
Float On,Modest Mouse,Good News For People Who Love Bad News,False,INDIFFERENT,3:29,209,88XhEqgmRhM,2024-10-13T02:15:40Z,commit:777ac1af
The Illusion,Ikebe Shakedown,Stone by Stone,,INDIFFERENT,3:33,213,7O0_8sVzVts,2024-10-13T02:12:07Z,commit:777ac1af
What I Got,Sublime,Sublime (10th Anniversary Edition / Deluxe Edition),False,INDIFFERENT,2:52,172,QtbxWas-3oM,2024-10-13T02:09:15Z,commit:777ac1af
We Shall Overcome,The Brothers Four,More Big Folk Hits,,INDIFFERENT,3:06,186,V5kNe5kSeyo,2024-10-13T02:06:09Z,commit:777ac1af
"Come to My Bedside, My Darlin'",The Brothers Four,More Big Folk Hits,,INDIFFERENT,3:01,181,YE9MYjOS-6A,2024-10-13T02:03:08Z,commit:777ac1af
San Francisco Bay Blues,The Brothers Four,More Big Folk Hits,,LIKE,2:04,124,21HLOujQKLg,2024-10-13T02:01:04Z,commit:777ac1af
I'm Just a Country Boy,The Brothers Four,More Big Folk Hits,,INDIFFERENT,3:05,185,O8ij56B8fC0,2024-10-13T01:57:59Z,commit:777ac1af
"Don't Think Twice, It's All Right",The Brothers Four,More Big Folk Hits,,INDIFFERENT,3:23,203,X7nSsxk2YS8,2024-10-13T01:54:36Z,commit:777ac1af
The Banana Boat Song,The Brothers Four,More Big Folk Hits,,INDIFFERENT,2:27,147,xlcraJhE0hg,2024-10-13T01:52:09Z,commit:777ac1af
The Battle of New Orleans,The Brothers Four,More Big Folk Hits,,INDIFFERENT,2:08,128,IRx6xkM4H58,2024-10-13T01:50:01Z,commit:777ac1af
Brother Where Are You,The Brothers Four,More Big Folk Hits,,INDIFFERENT,2:37,157,OboDCaNap3U,2024-10-13T01:47:24Z,commit:777ac1af
Puff the Magic Dragon,The Brothers Four,More Big Folk Hits,,INDIFFERENT,3:22,202,JyLxZoltRYY,2024-10-13T01:44:02Z,commit:777ac1af
Where Have All the Flowers Gone,The Brothers Four,More Big Folk Hits,,INDIFFERENT,3:35,215,eqx-kIebaDw,2024-10-13T01:40:27Z,commit:777ac1af
Don't Let the Rain Come Down (Crooked Little Man),The Brothers Four,More Big Folk Hits,,INDIFFERENT,2:17,137,qZDfm89kqfk,2024-10-13T01:38:10Z,commit:777ac1af
Muleskinner,The Brothers Four,More Big Folk Hits,,INDIFFERENT,2:45,165,tHlFBJrd42A,2024-10-13T01:35:25Z,commit:777ac1af
"Rocket Man (I Think It's Going To Be A Long, Long Time)",Elton John,Honky Chateau,False,INDIFFERENT,4:42,282,BdEe5SpdIuo,2024-10-13T01:30:43Z,commit:777ac1af
Morning Has Broken,Cat Stevens,Teaser And The Firecat,False,INDIFFERENT,3:20,200,qARB7XPfYjo,2024-10-13T01:27:23Z,commit:777ac1af
Alone Again (Naturally),Gilbert O'Sullivan,Back to Front (Deluxe Edition),False,INDIFFERENT,3:42,222,vXL7y6km0a8,2024-10-13T01:23:41Z,commit:777ac1af
Mrs. Robinson (Single Mix),Simon & Garfunkel,Greatest Hits,False,INDIFFERENT,3:55,235,ma6ManVDCHA,2024-10-13T01:19:46Z,commit:777ac1af
Annie's Song,John Denver,Cool & Defined,False,INDIFFERENT,3:02,182,9EXh0uWHH1g,2024-10-13T01:16:44Z,commit:777ac1af
Mother and Child Reunion,Paul Simon,Paul Simon,,INDIFFERENT,3:08,188,IS59-z3aE2c,2024-10-13T01:13:36Z,commit:777ac1af
Rainy Day Women #12 & 35,Bob Dylan,Forrest Gump - The Soundtrack,False,INDIFFERENT,4:36,276,fqGoOQ_H_l0,2024-10-13T01:09:00Z,commit:777ac1af
Everybody's Talkin',Bill Withers,Just As I Am,True,LIKE,3:25,205,p10fyoQrhxQ,2024-10-13T01:05:35Z,commit:777ac1af
San Francisco Bay Blues,Richie Havens,Mixed Bag,False,INDIFFERENT,2:31,151,uqMUlR23EWY,2024-10-13T01:03:04Z,commit:777ac1af
San Francisco Bay Blues (Live at Cazenovia College 1964),Jim Croce,Lost Time in a Bottle,False,INDIFFERENT,2:48,168,JPJ6R-huJPk,2024-10-13T01:00:16Z,commit:777ac1af
San Francisco Bay Blues,"Peter, Paul and Mary",A Song Will Rise,True,LIKE,3:03,183,1wfJhgcxrMI,2024-10-13T00:57:13Z,commit:777ac1af
Everybody's Talkin' (1989 Remastered),Harry Nilsson,Forrest Gump - The Soundtrack,False,INDIFFERENT,2:43,163,2LDXBbtgxGM,2024-10-13T00:54:30Z,commit:777ac1af
Everybody's Talkin',Harry Nilsson,Aerial Pandemonium Ballet,False,INDIFFERENT,2:43,163,jzFM_-1moSo,2024-10-13T00:51:47Z,commit:777ac1af
Ain't Misbehavin',Fats Waller,Fats Waller: Very Best of Fats Waller,False,INDIFFERENT,3:58,238,SWLbcvsUYj0,2024-10-13T00:47:49Z,commit:777ac1af
All Of Me,Sidney Bechet,The Fabulous Sidney Bechet,False,INDIFFERENT,4:09,249,e4n4-SeU4Eg,2024-10-13T00:43:40Z,commit:777ac1af
It Never Entered My Mind,Miles Davis Quartet,Volume 2 (Vol. 2),False,INDIFFERENT,4:04,244,x5fIAnAox0k,2024-10-13T00:39:36Z,commit:777ac1af
Frenesi,Artie Shaw,Frenesi,False,INDIFFERENT,3:05,185,0jAuyh2Q6kw,2024-10-13T00:36:31Z,commit:777ac1af
I'm Gonna Sit Right Down and Write Myself a Letter,Fats Waller,"If You Got To Ask, You Ain't Got It!",False,INDIFFERENT,3:30,210,f8SB0-BV4r0,2024-10-13T00:33:01Z,commit:777ac1af
St. Louis Blues,Sidney Bechet,Blues In The Air,False,INDIFFERENT,4:46,286,AFV2YZNyOfc,2024-10-13T00:28:15Z,commit:777ac1af
Cross the Line,Wood Box Heroes,Cross the Line,True,LIKE,2:53,173,5-0BOzXh3U8,2024-10-13T00:25:22Z,commit:777ac1af
Understand Your Man,Johnny Cash,The Legend,False,INDIFFERENT,2:43,163,L7DQthkJb5k,2024-10-13T00:22:39Z,commit:777ac1af
One More Saturday Night,The Persuasions and Friends,Persuasions of the Dead,,LIKE,6:14,374,c1rtTt_lUU8,2024-10-13T00:16:25Z,commit:777ac1af
Masculine Women! Feminine Men!,Irving Kaufman,Wonderful Nonsense: Fun Songs of the Roaring Twenties,True,LIKE,3:00,180,_0VRfInvY7Y,2024-10-13T00:13:25Z,commit:777ac1af
Summertime,Sidney Bechet,The Best Of Sidney Bechet,False,INDIFFERENT,4:13,253,JYm8ZD1B5VY,2024-10-13T00:09:12Z,commit:777ac1af
Clint Eastwood,Gorillaz,Gorillaz,True,LIKE,5:41,341,Qzb2VcBuA3U,2024-10-13T00:03:31Z,commit:777ac1af
Mr. Spaceman,Cabinet,This Is Cabinet: Set 2,,INDIFFERENT,4:56,296,R2A9b_yJjxY,2024-10-12T23:58:35Z,commit:777ac1af
Samba de Orfeu,"Luis Bonfa, Toots Thielemans",The Brasil Project Vol. II,,LIKE,3:37,217,lr5BEMWvmi8,2024-10-12T23:54:58Z,commit:777ac1af
Sin City,The Flying Burrito Brothers,The Gilded Palace Of Sin,,LIKE,4:10,250,UcU04NGMQb8,2024-10-12T23:50:48Z,commit:777ac1af
Second Fiddle (To An Old Guitar),Jean Shepard,Honky Tonk Heroine: Classic Capitol Recordings 1952-1964,False,INDIFFERENT,2:13,133,ddvETSWrOeM,2024-10-12T23:48:35Z,commit:777ac1af
Amarillo Highway,Bobby Bare,Cowboys and Daddys,True,LIKE,3:33,213,_wnasXO7aC4,2024-10-12T23:45:02Z,commit:777ac1af
Me Lovin' You,Deerfield,Wayfaring Strangers: Cosmic American Music,True,LIKE,2:40,160,pltJfZ4Q6HQ,2024-10-12T23:42:22Z,commit:777ac1af
Don't Go Breaking My Heart,"Elton John, Kiki Dee",Rock Of The Westies,False,INDIFFERENT,4:36,276,VHK5k2ieudc,2024-10-12T23:37:46Z,commit:777ac1af
No Road is the Right Road,Christine McVie,The Legendary Christine Perfect Album,True,LIKE,2:52,172,cIwv82TD-kQ,2024-10-12T23:34:54Z,commit:777ac1af
Soul Rebel (Dub Version),The Aggrovators,Tribute to Bob Marley & Dubs,,INDIFFERENT,2:28,148,LllgwSWAb2Q,2024-10-12T23:32:26Z,commit:777ac1af
After Hours,The Velvet Underground,The Velvet Underground (45th Anniversary / Deluxe Edition),False,INDIFFERENT,2:08,128,wpU4dlroveQ,2024-10-12T23:30:18Z,commit:777ac1af
Porto Rico,"Bunk Johnson, Sidney Bechet",The Best Of Sidney Bechet,False,INDIFFERENT,3:12,192,F1gdrHEQvK0,2024-10-12T23:27:06Z,commit:777ac1af
Muskrat Ramble,Sidney Bechet's Blue Note Jazzmen,The Best Of Sidney Bechet,False,INDIFFERENT,3:42,222,e_um8pFJMHw,2024-10-12T23:23:24Z,commit:777ac1af
Blue Horizon,Sidney Bechet,The Best Of Sidney Bechet,False,INDIFFERENT,4:28,268,pupCrM7J4R4,2024-10-12T23:18:56Z,commit:777ac1af
St. Louis Blues,Sidney Bechet's Blue Note Jazzmen,The Best Of Sidney Bechet,False,INDIFFERENT,4:48,288,Z_pBRSRGpSg,2024-10-12T23:14:08Z,commit:777ac1af
Mannenberg,"Abdullah Ibrahim, Dollar Brand",Mannenberg - 'Is Where It's Happening',False,INDIFFERENT,13:38,818,t3i4rUOIW0A,2024-10-12T23:00:30Z,commit:777ac1af
Rhapsody In Blue (Jazzband Version - Opening),George Gershwin,The Best Classics...Ever!,,INDIFFERENT,4:39,279,AQ0CpBxb6WA,2024-10-12T22:55:51Z,commit:777ac1af
Ella Fitzgerald - Summertime (1968),,,,INDIFFERENT,3:40,220,u2bigf337aU,2024-10-12T22:52:11Z,commit:777ac1af
One More Saturday Night,The Persuasions and Friends,Persuasions of the Dead,,LIKE,6:14,374,c1rtTt_lUU8,2024-10-12T22:45:57Z,commit:777ac1af
Summertime,Sidney Bechet,The Best Of Sidney Bechet,False,INDIFFERENT,4:13,253,JYm8ZD1B5VY,2024-10-12T22:41:44Z,commit:777ac1af
Clint Eastwood,Gorillaz,Gorillaz,False,INDIFFERENT,4:30,270,sZ81GwoCDko,2024-10-12T22:37:14Z,commit:777ac1af
It Must Have Been the Roses,The Persuasions and Friends,Persuasions of the Dead,,INDIFFERENT,4:29,269,JAbfSySTJCc,2024-10-12T22:32:45Z,commit:777ac1af
Liberty,The Persuasions and Friends,Persuasions of the Dead,,LIKE,5:22,322,MQbC1cT73zQ,2024-10-12T22:27:23Z,commit:777ac1af
Soul Rebel (Dub Version),The Aggrovators,Tribute to Bob Marley & Dubs,,INDIFFERENT,2:28,148,LllgwSWAb2Q,2024-10-12T22:24:55Z,commit:777ac1af
The Girl of My Best Friend,Elvis Presley,Elvis Is Back,False,INDIFFERENT,2:23,143,7CckDkpiSzg,2024-10-12T22:22:32Z,commit:777ac1af
No Road is the Right Road,Christine McVie,The Legendary Christine Perfect Album,True,LIKE,2:52,172,cIwv82TD-kQ,2024-10-12T22:19:40Z,commit:777ac1af
No Road Is The Right Road (Remastered Version),Christine Perfect,The Complete Blue Horizon Sessions,False,INDIFFERENT,2:52,172,C1q5GBqrebM,2024-10-12T22:16:48Z,commit:777ac1af
Cross the Line,Wood Box Heroes,Cross the Line,True,LIKE,2:53,173,5-0BOzXh3U8,2024-10-12T22:13:55Z,commit:777ac1af
Understand Your Man,Johnny Cash,The Legend,False,INDIFFERENT,2:43,163,L7DQthkJb5k,2024-10-12T22:11:12Z,commit:777ac1af
Second Fiddle (To An Old Guitar),Jean Shepard,Honky Tonk Heroine: Classic Capitol Recordings 1952-1964,False,INDIFFERENT,2:13,133,ddvETSWrOeM,2024-10-12T22:08:59Z,commit:777ac1af
Amarillo Highway,Bobby Bare,Cowboys and Daddys,True,LIKE,3:33,213,_wnasXO7aC4,2024-10-12T22:05:26Z,commit:777ac1af
Me Lovin' You,Deerfield,Wayfaring Strangers: Cosmic American Music,True,LIKE,2:40,160,pltJfZ4Q6HQ,2024-10-12T22:02:46Z,commit:777ac1af
Highwayman,The Highwaymen,Highwayman,False,INDIFFERENT,3:03,183,RgCRdAzizxY,2024-10-12T01:59:36Z,commit:777ac1af
Me and Bobby McGee,Kris Kristofferson,The Essential Kris Kristofferson,False,INDIFFERENT,4:21,261,IOoMREvsV9E,2024-10-12T01:55:15Z,commit:777ac1af
9 to 5,Dolly Parton,9 To 5 And Odd Jobs,False,INDIFFERENT,2:43,163,OPoSuyu0dsY,2024-10-12T01:52:32Z,commit:777ac1af
For What It's Worth,Buffalo Springfield,Buffalo Springfield,False,INDIFFERENT,2:34,154,1eD-8NTwP9I,2024-10-12T01:49:58Z,commit:777ac1af
Sin City,The Flying Burrito Brothers,The Gilded Palace Of Sin,,LIKE,4:10,250,UcU04NGMQb8,2024-10-12T01:45:48Z,commit:777ac1af
Goodbye Yellow Brick Road,Elton John,Goodbye Yellow Brick Road,,INDIFFERENT,3:13,193,wy709iNG6i8,2024-10-12T01:42:35Z,commit:777ac1af
Mrs. Robinson,Simon & Garfunkel,Forrest Gump - The Soundtrack,False,INDIFFERENT,3:51,231,JCm2dXbaa0g,2024-10-12T01:38:44Z,commit:777ac1af
Are You Sure Hank Done It This Way,Waylon Jennings,Dreaming My Dreams,False,INDIFFERENT,2:55,175,ax3D70GXjzI,2024-10-12T01:35:49Z,commit:777ac1af
Rhinestone Cowboy (Extended Version),Glen Campbell,Meet Glen Campbell,False,INDIFFERENT,3:28,208,ctsLFINNHjw,2024-10-12T01:32:21Z,commit:777ac1af
Watch It Fall,Billy Strings,Home,,INDIFFERENT,4:37,277,VwwKqScF674,2024-10-12T01:27:44Z,commit:777ac1af
Midnight Moonlight,Old & In The Way,The Complete Boarding House Shows,,LIKE,6:15,375,DaXYsEAD1Ng,2024-10-12T01:21:29Z,commit:777ac1af
Poor Man's Blues,Cabinet,This Is Cabinet: Set 2,,LIKE,3:12,192,6eWhynIw-Iw,2024-10-12T01:18:17Z,commit:777ac1af
Columbus Stockade Blues,"Doc Watson, Richard Watson",Third Generation Blues,False,INDIFFERENT,3:32,212,rVAXyZCbFdI,2024-10-12T01:14:45Z,commit:777ac1af
Mr. Spaceman,Cabinet,This Is Cabinet: Set 2,,INDIFFERENT,4:56,296,R2A9b_yJjxY,2024-10-12T01:09:49Z,commit:777ac1af
Fern and Robin,loscil,Endless Falls,,INDIFFERENT,7:12,432,IRgedi_OV5c,2024-10-12T01:02:37Z,commit:777ac1af
Sweet Dreams (2003 Remaster),Emmylou Harris,Elite Hotel (Expanded & Remastered),False,INDIFFERENT,4:01,241,39mFVUZzxIA,2024-10-12T00:58:36Z,commit:777ac1af
When I Paint My Masterpiece,The Band,Cahoots,False,INDIFFERENT,4:19,259,W--7kOZemCI,2024-10-12T00:54:17Z,commit:777ac1af
Into the Mystic,Van Morrison,Moondance,False,INDIFFERENT,3:26,206,pbZf8GY1-Ag,2024-10-12T00:50:51Z,commit:777ac1af
The City of New Orleans,Arlo Guthrie,Hobo's Lullaby (Remastered 2004),False,INDIFFERENT,4:35,275,qSeqrkRT1t0,2024-10-12T00:46:16Z,commit:777ac1af
Spanish Pipedream,John Prine,John Prine,False,LIKE,2:42,162,ZkfqWEXdx-I,2024-10-12T00:43:34Z,commit:777ac1af
Rhinestone Cowboy,Glen Campbell,The Legacy (1961-2017),False,INDIFFERENT,3:16,196,6P7Sx2L0fVU,2024-10-12T00:40:18Z,commit:777ac1af
Sin City,The Flying Burrito Brothers,The Gilded Palace Of Sin,,LIKE,4:10,250,UcU04NGMQb8,2024-10-12T00:36:08Z,commit:777ac1af
You Were the Fool,Ween,12 Golden Country Greats,,INDIFFERENT,4:27,267,plKeLTrR8Cs,2024-10-12T00:31:41Z,commit:777ac1af
You Don't Mess Around with Jim,Jim Croce,You Don't Mess Around With Jim,True,LIKE,3:03,183,VRIHW-aQl-k,2024-10-12T00:28:38Z,commit:777ac1af
Lines,Loscil,"Faults, Coasts, Lines",,INDIFFERENT,8:40,520,uD8AZ_Fdlms,2024-10-12T00:19:58Z,commit:777ac1af
Coasts,Loscil,"Faults, Coasts, Lines",,INDIFFERENT,10:30,630,IyHDULo_3xg,2024-10-12T00:09:28Z,commit:777ac1af
Faults,Loscil,"Faults, Coasts, Lines",,INDIFFERENT,12:03,723,6bcBzxf7xIs,2024-10-11T23:57:25Z,commit:777ac1af
Cyme,Loscil,Umbel,False,INDIFFERENT,7:26,446,nY1gfVP-00I,2024-10-11T23:49:59Z,commit:777ac1af
Dusk Gale,Loscil,Umbel,False,INDIFFERENT,7:36,456,W76Tf2OJrWE,2024-10-11T23:42:23Z,commit:777ac1af
Kamouraska,Loscil,Umbel,False,INDIFFERENT,6:35,395,mGvuBRAFKC8,2024-10-11T23:35:48Z,commit:777ac1af
Umbel,Loscil,Umbel,False,INDIFFERENT,6:38,398,nAIZlOtfKE0,2024-10-11T23:29:10Z,commit:777ac1af
Shadow Maple,Loscil,Umbel,False,INDIFFERENT,8:00,480,i7nLKFXi34M,2024-10-11T23:21:10Z,commit:777ac1af
Crown Of Thorns,Billy Strings,"2024-02-25 Nashville, TN - Ryman Auditorium",,INDIFFERENT,5:05,305,N8I5k7ZVLWU,2024-10-11T23:16:05Z,commit:777ac1af
e: I Saw The Light,Billy Strings,"2024-02-25 Nashville, TN - Ryman Auditorium",,INDIFFERENT,3:47,227,y9PeV3LhAgg,2024-10-11T23:12:18Z,commit:777ac1af
Nutshell,Billy Strings,"2024-02-25 Nashville, TN - Ryman Auditorium",,INDIFFERENT,6:49,409,Gz4m0N3wKWI,2024-10-11T23:05:29Z,commit:777ac1af
Nothing's Working,Billy Strings,"2024-02-25 Nashville, TN - Ryman Auditorium",,INDIFFERENT,3:31,211,HSy6OwjRxkQ,2024-10-11T23:01:58Z,commit:777ac1af
Meet Me At The Creek,Billy Strings,"2024-02-25 Nashville, TN - Ryman Auditorium",,INDIFFERENT,15:32,932,0AMwIvFseG0,2024-10-11T22:46:26Z,commit:777ac1af
Ice Bridges,Billy Strings,"2024-02-25 Nashville, TN - Ryman Auditorium",,LIKE,4:50,290,n1_5pthRBOU,2024-10-11T22:41:36Z,commit:777ac1af
Taking Water >,Billy Strings,"2024-02-25 Nashville, TN - Ryman Auditorium",,INDIFFERENT,4:05,245,XDZVyXMXfNk,2024-10-11T22:37:31Z,commit:777ac1af
"Cold, Cold World",Billy Strings,"2024-02-25 Nashville, TN - Ryman Auditorium",,INDIFFERENT,3:32,212,ibu7rNJOa1A,2024-10-11T22:33:59Z,commit:777ac1af
While I'm Waiting Here,Billy Strings,"2024-02-25 Nashville, TN - Ryman Auditorium",,INDIFFERENT,4:12,252,RTrDdZ_ro80,2024-10-11T22:29:47Z,commit:777ac1af
Rueben's Train,Billy Strings,"2024-02-25 Nashville, TN - Ryman Auditorium",,INDIFFERENT,2:34,154,PHMZLEqd7YU,2024-10-11T22:27:13Z,commit:777ac1af
Thirst Mutilator >,Billy Strings,"2024-02-25 Nashville, TN - Ryman Auditorium",,INDIFFERENT,4:58,298,GN0Ao5c9RLM,2024-10-11T22:22:15Z,commit:777ac1af
Rueben's Train >,Billy Strings,"2024-02-25 Nashville, TN - Ryman Auditorium",,INDIFFERENT,13:24,804,hTy9QFiqvqA,2024-10-11T22:08:51Z,commit:777ac1af
Fire Line,Billy Strings,"2024-02-25 Nashville, TN - Ryman Auditorium",,INDIFFERENT,9:03,543,0AsLjsN4YHM,2024-10-11T21:59:48Z,commit:777ac1af
(I Can't Get No) Satisfaction ((Original Single Mono Version)),The Rolling Stones,Singles 1965-1967,False,INDIFFERENT,3:43,223,-dPEISUxAZo,2024-10-11T21:56:05Z,commit:777ac1af
Judy in Disguise (with Glasses),John Fred And His Playboy Band,Agnes English,False,INDIFFERENT,2:55,175,I0bLoaVFpTQ,2024-10-11T21:53:10Z,commit:777ac1af
Whole Lotta Shakin' Going On,"Chuck Berry, Jerry Lee Lewis",ROCK at the PHILHARMONIC,False,INDIFFERENT,2:53,173,oqpXq-bX7Ko,2024-10-11T21:50:17Z,commit:777ac1af
Gloria (Mono Version) (feat. Van Morrison),Them,"The ""Angry"" Young Them!",False,INDIFFERENT,2:40,160,5pSv9XWcSDE,2024-10-11T21:47:37Z,commit:777ac1af
Sunny Afternoon (Alternate Stereo Mix),The Kinks,Face to Face (Deluxe),False,INDIFFERENT,3:49,229,VVnNrwPwhuk,2024-10-11T21:43:48Z,commit:777ac1af
Mr. Spaceman,The Byrds,Fifth Dimension,False,INDIFFERENT,2:10,130,0Yr1vHKioo4,2024-10-11T21:41:38Z,commit:777ac1af
Señor (Tales of Yankee Power) (Live) (feat. Jerry Garcia Band),Jerry Garcia Band,Jerry Garcia Band,False,INDIFFERENT,7:44,464,T-GnsnAt6SI,2024-10-11T21:33:54Z,commit:777ac1af
Homecoming (Single Version),Tom T. Hall,Tom T. Hall's Greatest Hits,False,INDIFFERENT,3:21,201,edlD8o_lUEA,2024-10-11T21:30:33Z,commit:777ac1af
Rock & Roll,The Velvet Underground,Loaded: Re-Loaded 45th Anniversary Edition,False,INDIFFERENT,4:42,282,a2-H1-pNfEQ,2024-10-11T21:25:51Z,commit:777ac1af
Dupree's Diamond Blues,Grateful Dead,Aoxomoxoa,False,INDIFFERENT,3:35,215,YK3f4SwNCTk,2024-10-11T21:22:16Z,commit:777ac1af
Thunderstorms and Neon Signs,Wayne Hancock,Thunderstorms and Neon Signs,,INDIFFERENT,3:43,223,4Sx2PtajajU,2024-10-11T21:18:33Z,commit:777ac1af
Help Me Scrape the Mucus off My Brain,Ween,12 Golden Country Greats,,INDIFFERENT,2:46,166,vA9B4VU8FlM,2024-10-11T21:15:47Z,commit:777ac1af
Sin City,The Flying Burrito Brothers,The Gilded Palace Of Sin,,LIKE,4:10,250,UcU04NGMQb8,2024-10-11T21:11:37Z,commit:777ac1af
Ascendant - Meridian [Full Album],,,,INDIFFERENT,1:26:59,5219,mH3rO8ptYsE,2024-10-11T19:44:38Z,commit:777ac1af
Neroli,Brian Eno,Neroli (Thinking Music Part IV),False,INDIFFERENT,57:57,3477,wfErixxrKdI,2024-10-11T18:46:41Z,commit:777ac1af
Ruta - Fly With Me // Generative Modular Ambient // 4 Hours Relaxation,,,,INDIFFERENT,4:00:35,14435,8_0kZkfOiek,2024-10-11T14:46:06Z,commit:777ac1af
The Dove,Cabinet,This Is Cabinet: Set 2,,INDIFFERENT,7:12,432,eHRvJ6Deav4,2024-10-11T14:38:54Z,commit:777ac1af
Poor Man's Blues,Cabinet,This Is Cabinet: Set 2,,INDIFFERENT,3:12,192,6eWhynIw-Iw,2024-10-11T14:35:42Z,commit:777ac1af
Doors,Cabinet,This Is Cabinet: Set 2,,INDIFFERENT,5:12,312,jYOBgwU35K0,2024-10-11T14:30:30Z,commit:777ac1af
Caroline,Cabinet,This Is Cabinet: Set 2,,INDIFFERENT,8:34,514,1cKy_EaQMXI,2024-10-11T14:21:56Z,commit:777ac1af
A Well Respected Man,The Kinks,Kinda Kinks (Deluxe),False,INDIFFERENT,2:41,161,vfhJGNnCRYU,2024-10-11T14:19:15Z,commit:777ac1af
These Eyes,The Guess Who,Wheatfield Soul,False,INDIFFERENT,3:46,226,GADRQjY9PEQ,2024-10-11T14:15:29Z,commit:777ac1af
White Rabbit,Jefferson Airplane,Surrealistic Pillow,False,INDIFFERENT,2:31,151,5aeWicwy7fA,2024-10-11T14:12:58Z,commit:777ac1af
Here Comes The Sun (Remastered 2009),The Beatles,Abbey Road,,INDIFFERENT,3:06,186,xUNqsfFUwhY,2024-10-11T14:09:52Z,commit:777ac1af
Heavy Rain,Cabinet,This Is Cabinet: Set 2,,INDIFFERENT,4:26,266,82D536Y9S34,2024-10-11T14:05:26Z,commit:777ac1af
For What It's Worth,Buffalo Springfield,The Best of Buffalo Springfield: Retrospective,False,INDIFFERENT,2:41,161,CXvyq4SyDwU,2024-10-11T14:02:45Z,commit:777ac1af
Chris Hillman  Roger McGuinn  Marty Stuart Fabulous Superlatives,"1.4K views, Roger McGuinn",,,INDIFFERENT,3:31,211,QypDEGDpFG4,2024-10-11T13:59:14Z,commit:777ac1af
California Dreamin' (Single Version),The Mamas & The Papas,If You Can Believe Your Eyes & Ears,False,INDIFFERENT,2:43,163,oU6uUEwZ8FM,2024-10-11T13:56:31Z,commit:777ac1af
"Mr. Spaceman (Live at Colden Center Auditorium, Queens, NY - February 1970)",The Byrds,(Untitled) /(Unissued),,LIKE,3:08,188,6AfQMaG7vSs,2024-10-11T13:53:23Z,commit:777ac1af
Mr. Spaceman,Cabinet,This Is Cabinet: Set 2,,INDIFFERENT,4:56,296,R2A9b_yJjxY,2024-10-11T13:48:27Z,commit:777ac1af
One (Single Version),Three Dog Night,Three Dog Night,False,INDIFFERENT,3:06,186,BvA5xFuDb0o,2024-10-11T13:45:21Z,commit:777ac1af
St. Stephen,Grateful Dead,Aoxomoxoa,False,INDIFFERENT,4:28,268,W-s0lFpflQw,2024-10-11T13:40:53Z,commit:777ac1af
Susquehanna Breakdown,Cabinet,This Is Cabinet: Set 2,,INDIFFERENT,3:07,187,S3hTxQqOkDI,2024-10-11T13:37:46Z,commit:777ac1af
China White,Little Feat,Hoy-Hoy!,False,INDIFFERENT,3:15,195,nP1A-I92HjU,2024-10-11T13:34:31Z,commit:777ac1af
96 Tears,? and The Mysterians,96 Tears,False,INDIFFERENT,2:57,177,ni29X-AbYdg,2024-10-11T13:31:34Z,commit:777ac1af
The Dove,Cabinet,This Is Cabinet: Set 2,,INDIFFERENT,7:12,432,eHRvJ6Deav4,2024-10-11T13:24:22Z,commit:777ac1af
Windy,The Association,Greatest Hits,False,INDIFFERENT,2:57,177,wdyP_vAgC0c,2024-10-11T13:21:25Z,commit:777ac1af
(Sittin' On) the Dock of the Bay,Otis Redding,The Dock of the Bay,False,INDIFFERENT,2:47,167,Zu5chXCp1Ag,2024-10-11T13:18:38Z,commit:777ac1af
Poor Man's Blues,Cabinet,This Is Cabinet: Set 2,,INDIFFERENT,3:12,192,6eWhynIw-Iw,2024-10-11T13:15:26Z,commit:777ac1af
You Don't Mess Around with Jim,Jim Croce,You Don't Mess Around With Jim,True,LIKE,3:03,183,VRIHW-aQl-k,2024-10-11T13:12:23Z,commit:777ac1af
Mr. Spaceman,The Byrds,Fifth Dimension,False,INDIFFERENT,2:10,130,0Yr1vHKioo4,2024-10-11T13:10:13Z,commit:777ac1af
In the Summertime,Mungo Jerry,In the Summertime,False,INDIFFERENT,3:36,216,wVI9iEbqFyo,2024-10-11T13:06:37Z,commit:777ac1af
Up On Cripple Creek,The Band,The Band,False,INDIFFERENT,4:31,271,zFFGkDmjRlo,2024-10-11T13:02:06Z,commit:777ac1af
"Bad, Bad Leroy Brown",Jim Croce,Life & Times,False,INDIFFERENT,3:03,183,01pQgdIfhAM,2024-10-11T12:59:03Z,commit:777ac1af
Just Dropped In (To See What Condition My Condition Was In),The First Edition,The First Edition,False,INDIFFERENT,3:22,202,meJP410N9Gg,2024-10-11T12:55:41Z,commit:777ac1af
Burning Down the House (2005 Remaster),Talking Heads,Speaking in Tongues (Deluxe Version),False,INDIFFERENT,4:02,242,bgJ-hyzl6jg,2024-10-11T12:51:39Z,commit:777ac1af
Electric Avenue,Eddy Grant,Killer On The Rampage,False,INDIFFERENT,3:48,228,-1QZLkPSz6s,2024-10-11T12:47:51Z,commit:777ac1af
Rhinestone Cowboy,"MF Doom, Madlib, Madvillain",Madvillainy,False,INDIFFERENT,4:00,240,WoxHqRPvZJE,2024-10-11T12:43:51Z,commit:777ac1af
Rhinestone Cowboy (Film Version),Bruce Springsteen,Western Stars (Original Motion Picture Soundtrack),False,INDIFFERENT,3:21,201,bBY1WSo5aSk,2024-10-11T12:40:30Z,commit:777ac1af
I Glued My Balls To My Butthole Again,Obscurest Vinyl,I Glued My Balls To My Butthole Again,False,INDIFFERENT,2:19,139,wPlOYPGMRws,2024-10-11T12:38:11Z,commit:777ac1af
You​’​re Gonna Learn a Lesson in This Delicatessen,Obscurest Vinyl,You​’​re Gonna Learn a Lesson in This Delicatessen,False,INDIFFERENT,2:52,172,I1ziAWSzU18,2024-10-11T12:35:19Z,commit:777ac1af
You Look Like You Could Use A Fuckin' Lamp,Obscurest Vinyl,You Look Like You Could Use A Fuckin' Lamp,False,INDIFFERENT,2:01,121,3gHl4P7AXt0,2024-10-11T12:33:18Z,commit:777ac1af
Under Pressure (feat. David Bowie),Queen,Hot Space,False,INDIFFERENT,4:09,249,Scv15eZlsL4,2024-10-11T12:29:09Z,commit:777ac1af
"December, 1963 (Oh, What a Night)",Frankie Valli & The Four Seasons,Billboard #1s: The '70s,False,INDIFFERENT,3:21,201,Gv3U80CZw5k,2024-10-11T12:25:48Z,commit:777ac1af
She's All I Got,Johnny Paycheck,She's All I Got,False,INDIFFERENT,2:57,177,wbzgZ2OxuNE,2024-10-11T12:22:51Z,commit:777ac1af
9 to 5,Dolly Parton,Dolly,False,INDIFFERENT,2:46,166,8-ekW4Y2Fxw,2024-10-11T12:20:05Z,commit:777ac1af
Rhinestone Cowboy (Extended Version),Glen Campbell,Meet Glen Campbell,False,INDIFFERENT,3:28,208,ctsLFINNHjw,2024-10-11T12:16:37Z,commit:777ac1af
Back On 74,Jungle,Volcano,False,INDIFFERENT,3:30,210,ekk0NSXCuqI,2024-10-11T12:13:07Z,commit:777ac1af
Riptide,Vance Joy,Dream Your Life Away (Special Edition),False,INDIFFERENT,3:25,205,MsTWpbR_TVE,2024-10-11T12:09:42Z,commit:777ac1af
Either Way,Wilco,Sky Blue Sky,False,INDIFFERENT,3:07,187,Ox2g83kGE-U,2024-10-11T12:06:35Z,commit:777ac1af
How Long Must I Wait,Dr. Dog,Be The Void (Deluxe Edition),False,INDIFFERENT,3:41,221,EE1VxbdsvF4,2024-10-11T12:02:54Z,commit:777ac1af
Silver Lining,Mt. Joy,Silver Lining,False,INDIFFERENT,3:20,200,tFK5jtJeJZ0,2024-10-11T11:59:34Z,commit:777ac1af
The Force,Lettuce,Crush,True,LIKE,3:42,222,3DuGtGk5oF0,2024-10-11T11:55:52Z,commit:777ac1af
Carol Brown,Flight of the Conchords,I Told You I Was Freaky,True,LIKE,3:27,207,Hz5SFQsLzAg,2024-10-11T11:52:25Z,commit:777ac1af
Horchata,Vampire Weekend,Contra,False,INDIFFERENT,3:27,207,DW-q1d8vk4o,2024-10-11T11:48:58Z,commit:777ac1af
Under the Boardwalk (Live),The California Honeydrops,Under the Boardwalk (Live),False,INDIFFERENT,2:55,175,pcbxrn5t72E,2024-10-11T11:46:03Z,commit:777ac1af
Filaou Bessame (Cerrone Remix),Amadou & Mariam,Filaou Bessame (Cerrone Remix),False,INDIFFERENT,4:41,281,X9lLdphbw4Q,2024-10-11T11:41:22Z,commit:777ac1af
How Sweet It Is (To Be Loved by You),James Taylor,Gorilla,False,INDIFFERENT,3:35,215,Wh__udyczFM,2024-10-11T11:37:47Z,commit:777ac1af
Uncle John's Band,Grateful Dead,Workingman's Dead,False,INDIFFERENT,4:45,285,yD1naKNQuF4,2024-10-11T11:33:02Z,commit:777ac1af
San Antonio Rose (feat. Texas Playboys),Bob Wills,For The Last Time,False,INDIFFERENT,3:11,191,1XM_lkXbCto,2024-10-11T11:29:51Z,commit:777ac1af
Turn! Turn! Turn! (To Everything There Is a Season),The Byrds,Turn! Turn! Turn!,False,INDIFFERENT,3:50,230,vkQlQ6YvGYM,2024-10-11T11:26:01Z,commit:777ac1af
Bron-Y-Aur Stomp (Remaster),Led Zeppelin,Led Zeppelin III (Remaster),False,INDIFFERENT,4:18,258,oC-9aEf0Q-A,2024-10-11T11:21:43Z,commit:777ac1af
(Ghost) Riders in the Sky,Johnny Cash,Silver,False,INDIFFERENT,3:45,225,Ba8mqcMpVx8,2024-10-11T11:17:58Z,commit:777ac1af
Cumbia Sobre el Mar,"Flowering Inferno, Quantic",Dog With a Rope (Quantic Presenta Flowering Inferno),,INDIFFERENT,6:18,378,f1qTRHGqaQI,2024-10-11T11:11:40Z,commit:777ac1af
Smoke! Smoke! Smoke! (That Cigarette),Tex Williams,Vintage Collections,False,INDIFFERENT,2:55,175,DUCsULR6ODA,2024-10-11T11:08:45Z,commit:777ac1af
Country Squire,Tyler Childers,Country Squire,,LIKE,3:22,202,KYIav77fPsA,2024-10-11T11:05:23Z,commit:777ac1af
Natural Mystic,Bob Marley & The Wailers,Exodus,False,INDIFFERENT,3:28,208,2U91ELKMNlE,2024-10-11T11:01:55Z,commit:777ac1af
About to Find Out,Margo Price,Midwest Farmer's Daughter,True,LIKE,3:13,193,Z7hqaiGAKdo,2024-10-11T10:58:42Z,commit:777ac1af
Just Let Go,Sturgill Simpson,Cuttin' Grass - Vol. 1 (Butcher Shoppe Sessions),False,INDIFFERENT,3:03,183,8cY-DhD3tLA,2024-10-11T10:55:39Z,commit:777ac1af
The Love Me Or Die,C.W. Stoneking,Jungle Blues,False,INDIFFERENT,3:55,235,RZlQqMkywrY,2024-10-11T10:51:44Z,commit:777ac1af
Ain't Done Losing Yet,Charley Crockett,$10 Cowboy,False,INDIFFERENT,3:19,199,dTsSwBU8IEY,2024-10-11T10:48:25Z,commit:777ac1af
Rhinestone Cowboy,Glen Campbell,Rhinestone Cowboy (Expanded Edition),False,INDIFFERENT,3:15,195,9HZkbAuAtgs,2024-10-11T10:45:10Z,commit:777ac1af
Take It Easy,Eagles,Eagles,False,INDIFFERENT,3:32,212,32Oc2d_3yEk,2024-10-11T10:41:38Z,commit:777ac1af
In the Mood,Glenn Miller,In the Mood,False,INDIFFERENT,3:33,213,f6_W4rXMJ6A,2024-10-11T10:38:05Z,commit:777ac1af
Don't Go Breaking My Heart,"Elton John, Kiki Dee",Rock Of The Westies,False,INDIFFERENT,4:36,276,VHK5k2ieudc,2024-10-11T10:33:29Z,commit:777ac1af
Piss up a Rope,Ween,12 Golden Country Greats,,INDIFFERENT,3:34,214,CLPQznD11xU,2024-10-11T10:29:55Z,commit:777ac1af
I'm Gonna Sit Right Down And Write Myself A Letter (Remastered 2000),Fats Waller,Fats Waller: Very Best of Fats Waller,False,INDIFFERENT,3:37,217,vw3OFb7lIzs,2024-10-11T10:26:18Z,commit:777ac1af
Falani,Béla Fleck,Transatlantic Sessions - Series 5: Volume One,True,LIKE,4:47,287,LtQv3AfBbXc,2024-10-11T10:21:31Z,commit:777ac1af
Lord Mr. Ford (Buddha Remastered - 2000),Jerry Reed,RCA Country Legends: Jerry Reed,False,INDIFFERENT,3:20,200,cUcVUpGOejM,2024-10-11T10:18:11Z,commit:777ac1af
Red Cajun Girl,Del McCoury Band,Songs of Love and Life,,INDIFFERENT,3:15,195,d3QRwGrgWNo,2024-10-11T10:14:56Z,commit:777ac1af
California Sober (feat. Willie Nelson),Billy Strings,California Sober,True,LIKE,3:51,231,AmxvLgvc8IE,2024-10-11T10:11:05Z,commit:777ac1af
Evolve,Phish,Evolve,True,LIKE,4:13,253,Qbx7oNFmv-s,2024-10-11T10:06:52Z,commit:777ac1af
(Your Love Keeps Lifting Me) Higher & Higher,Jackie Wilson,The Ultimate Jackie Wilson,False,INDIFFERENT,3:02,182,Gn6SNbTD0_Q,2024-10-11T10:03:50Z,commit:777ac1af
If You Talk In Your Sleep,Del McCoury Band,If You Talk In Your Sleep,False,INDIFFERENT,3:06,186,yVUuAxuodSM,2024-10-11T10:00:44Z,commit:777ac1af
The Boxer,Simon & Garfunkel,Over the Bridge of Time: A Paul Simon Retrospective (1964-2011),False,INDIFFERENT,5:08,308,2IClvIiS7_c,2024-10-11T09:55:36Z,commit:777ac1af
Chittlin’ Cookin’ Time In Cheatham County,Sierra Ferrell,Trail Of Flowers,True,LIKE,3:02,182,7p2-TKipaME,2024-10-11T09:52:34Z,commit:777ac1af
You Don't Mess Around with Jim,Jim Croce,You Don't Mess Around With Jim,True,LIKE,3:03,183,VRIHW-aQl-k,2024-10-11T09:49:31Z,commit:777ac1af
Rasputin,Boney M.,Nightflight to Venus,False,INDIFFERENT,5:52,352,5Z0dxsFmX7c,2024-10-11T09:43:39Z,commit:777ac1af
Life To Go,Billy Strings,Me / And / Dad,False,INDIFFERENT,3:07,187,S4u5XUCA3t0,2024-10-11T09:40:32Z,commit:777ac1af
Stay All Night (Stay A Little Longer) (feat. Texas Playboys),Bob Wills,For The Last Time,False,INDIFFERENT,3:07,187,KZBVAGBYPos,2024-10-11T09:37:25Z,commit:777ac1af
Sinnerman (Sofi Tukker Remix),"Nina Simone, Sofi Tukker",Sinnerman (Sofi Tukker Remix),False,INDIFFERENT,3:53,233,lQTkJ5bUHcU,2024-10-11T09:33:32Z,commit:777ac1af
Honky Tonk Heroes,Waylon Jennings,Honky Tonk Heroes,False,INDIFFERENT,3:36,216,SRJhsYf-jok,2024-10-11T09:29:56Z,commit:777ac1af
Waterloo Sunset (Mono Mix),The Kinks,Something Else (Deluxe Edition),,INDIFFERENT,3:15,195,SJ1BuKUCIC8,2024-10-11T09:26:41Z,commit:777ac1af
Just One More,The California Honeydrops,"Just One More, and Then Some",False,INDIFFERENT,4:05,245,fR406TqkFKU,2024-10-11T09:22:36Z,commit:777ac1af
Gypsy,Fleetwood Mac,Mirage,False,INDIFFERENT,4:28,268,_9FGx0hjmC8,2024-10-11T09:18:08Z,commit:777ac1af
"Take Me Home, Country Roads",John Denver,"Poems, Prayers and Promises",False,INDIFFERENT,3:11,191,c0dvabcWVo0,2024-10-11T09:14:57Z,commit:777ac1af
Kodachrome,Paul Simon,There Goes Rhymin' Simon,True,LIKE,3:36,216,JD6Zq505pnM,2024-10-11T09:11:21Z,commit:777ac1af
Gimme! Gimme! Gimme! (A Man After Midnight),ABBA,Voulez-Vous,False,INDIFFERENT,4:53,293,pa2j0Bh83ms,2024-10-11T09:06:28Z,commit:777ac1af
Y'all Come Back Saloon,The Oak Ridge Boys,Y'all Come Back Saloon,True,LIKE,2:56,176,sH_4dSOXj90,2024-10-11T09:03:32Z,commit:777ac1af
One Toke Over the Line,Brewer & Shipley,Tarkio Road,True,LIKE,3:20,200,OF3EUFnafp8,2024-10-11T09:00:12Z,commit:777ac1af
Treat Me Kind,Del McCoury Band,Songs of Love and Life,,LIKE,3:10,190,b8irb2HoyIM,2024-10-11T08:57:02Z,commit:777ac1af
Fakin' It,Simon & Garfunkel,Bookends,True,LIKE,3:18,198,Q_JunmMb1f0,2024-10-11T08:53:44Z,commit:777ac1af
Whiskey River,Willie Nelson,Shotgun Willie,False,INDIFFERENT,4:08,248,Yhbe3ueCLPw,2024-10-11T08:49:36Z,commit:777ac1af
Feelin' Good Again,Robert Earl Keen,Walking Distance,True,LIKE,3:17,197,g5i6duhB9mk,2024-10-11T08:46:19Z,commit:777ac1af
Diana By My Side,The Olympians,The Olympians,,INDIFFERENT,3:30,210,1OcjYV_SZr0,2024-10-11T08:42:49Z,commit:777ac1af
Casio,Jungle,For Ever,False,INDIFFERENT,3:55,235,02nFGcia31M,2024-10-11T08:38:54Z,commit:777ac1af
Road Song,Ikebe Shakedown,The Beast / Road Song,True,LIKE,3:01,181,oUqknxyD8k4,2024-10-11T08:35:53Z,commit:777ac1af
Make the Road By Walking,Menahan Street Band,Make the Road By Walking,False,INDIFFERENT,3:04,184,iV93hXBZinw,2024-10-11T08:32:49Z,commit:777ac1af
Sagittarius By Moonlight,The Olympians,The Olympians,,INDIFFERENT,3:31,211,iKbBjuZRLiI,2024-10-11T08:29:18Z,commit:777ac1af
Fried Soul,Delvon Lamarr Organ Trio,Fried Soul,False,INDIFFERENT,3:37,217,WDAynrHkP7w,2024-10-11T08:25:41Z,commit:777ac1af
She's Knocking,Ikebe Shakedown,The Way Home,False,INDIFFERENT,3:15,195,5gXrbaDHMrM,2024-10-11T08:22:26Z,commit:777ac1af
Tired of Fighting,Menahan Street Band,Make the Road By Walking,False,INDIFFERENT,3:32,212,F-OeFm6y384,2024-10-11T08:18:54Z,commit:777ac1af
Venus,The Olympians,The Olympians,,INDIFFERENT,4:02,242,keU2zM3wKcE,2024-10-11T08:14:52Z,commit:777ac1af
Strange Seed,Emapea,"Seeds, Roots & Fruits",True,LIKE,3:04,184,Z0TfdZBc7L8,2024-10-11T08:11:48Z,commit:777ac1af
Sicily' Box (feat. Rocco Palladino),"Venna, Yussef Dayes, & Marco Bernardis",Sicily' Box,False,INDIFFERENT,4:06,246,w_a5mRbwr-o,2024-10-11T08:07:42Z,commit:777ac1af
Fire,Thomas Naïm,Sounds of Jimi,False,INDIFFERENT,3:37,217,e-qMhYPPDSw,2024-10-11T08:04:05Z,commit:777ac1af
Stand Tall,The Olympians,"Fallin' Off The Reel, Vol. 3",False,INDIFFERENT,3:07,187,Jl40KqQARko,2024-10-11T08:00:58Z,commit:777ac1af
Mercury's Odyssey,The Olympians,The Olympians,,LIKE,3:39,219,ta4G1xOUcrE,2024-10-11T07:57:19Z,commit:777ac1af
Knoxville Girl (The Original Album),The Louvin Brothers,Tragic Songs of Life,,LIKE,3:50,230,CQCHV0CtDNc,2024-10-11T07:53:29Z,commit:777ac1af
The Great Atomic Power,The Louvin Brothers,Grand Ole Opry Legends,True,LIKE,2:49,169,2ci3UUzHTVc,2024-10-11T07:50:40Z,commit:777ac1af
Interstate Love Song,Stone Temple Pilots,Purple,False,INDIFFERENT,3:14,194,BsdXUx61un8,2024-10-11T07:47:26Z,commit:777ac1af
Santa Monica,Everclear,Éxitos Remember: Mi Cinta De Los 90,False,INDIFFERENT,3:12,192,TDtVKTFPinU,2024-10-11T07:44:14Z,commit:777ac1af
Icky Thump,The White Stripes,Icky Thump,False,INDIFFERENT,4:15,255,z8UKyfeCKQQ,2024-10-11T07:39:59Z,commit:777ac1af
Enter Sandman,Metallica,Metallica,False,INDIFFERENT,5:32,332,CHIWNDAwTqQ,2024-10-11T07:34:27Z,commit:777ac1af
Bodies,Drowning Pool,Sinner,False,INDIFFERENT,3:22,202,iYcbfc_UB6M,2024-10-11T07:31:05Z,commit:777ac1af
Pepper,Butthole Surfers,Electriclarryland,False,INDIFFERENT,4:58,298,G8sGmSEehi4,2024-10-11T07:26:07Z,commit:777ac1af
Sleep Now In the Fire,Rage Against The Machine,The Battle Of Los Angeles,False,INDIFFERENT,3:26,206,JbyaPmv5Gc0,2024-10-11T07:22:41Z,commit:777ac1af
What I Got,Sublime,Sublime (10th Anniversary Edition / Deluxe Edition),False,INDIFFERENT,2:52,172,QtbxWas-3oM,2024-10-11T07:19:49Z,commit:777ac1af
Lithium,Nirvana,Nevermind (Deluxe Edition),False,INDIFFERENT,4:18,258,553VogDv5DI,2024-10-11T07:15:31Z,commit:777ac1af
Sabotage,Beastie Boys,Ill Communication,False,INDIFFERENT,2:59,179,B8CD2Rco8cQ,2024-10-11T07:12:32Z,commit:777ac1af
The Distance,CAKE,Fashion Nugget,False,INDIFFERENT,3:00,180,JH6il8U3EU0,2024-10-11T07:09:32Z,commit:777ac1af
Loser,Beck,Loser,False,INDIFFERENT,3:56,236,5Z1-5wNjMgs,2024-10-11T07:05:36Z,commit:777ac1af
Killing In the Name,Rage Against The Machine,Rage Against The Machine,False,INDIFFERENT,5:14,314,2o9aoL0NWpw,2024-10-11T07:00:22Z,commit:777ac1af
Sabotage (Remastered 2009),Beastie Boys,Ill Communication (Deluxe Edition),False,INDIFFERENT,2:59,179,2WHFTRArC44,2024-10-11T06:57:23Z,commit:777ac1af
Landslide,Fleetwood Mac,Fleetwood Mac,False,INDIFFERENT,3:20,200,k4M53xndqiU,2024-10-10T00:53:39Z,commit:777ac1af
Make It with You,Bread,Soft Rock Ballads,False,INDIFFERENT,3:14,194,VtQGkg-73uE,2024-10-10T00:50:25Z,commit:777ac1af
If Not for You (2020 Mix),George Harrison,All Things Must Pass (50th Anniversary;Super Deluxe),False,INDIFFERENT,3:31,211,XCGuWOfR0dg,2024-10-10T00:46:54Z,commit:777ac1af
Why Don't You Write Me,Simon & Garfunkel,Bridge Over Troubled Water,False,INDIFFERENT,2:47,167,S9M2yQOlPx0,2024-10-10T00:44:07Z,commit:777ac1af
"Vincent (Starry, Starry Night)",Don McLean,Rearview Mirror: An American Musical Journey,False,INDIFFERENT,4:36,276,v4mvfb3mYrg,2024-10-10T00:39:31Z,commit:777ac1af
American Tune,Paul Simon,There Goes Rhymin' Simon,False,INDIFFERENT,3:46,226,-8etrzygP_o,2024-10-10T00:35:45Z,commit:777ac1af
,"Jul 5, 2024",,False,INDIFFERENT,6:11,371,cxrgLRtIL-U,2024-10-10T00:29:34Z,commit:777ac1af
Another Saturday Night,Sam Cooke,30 Greatest Hits: Portrait of a Legend 1951-1964,True,LIKE,2:43,163,8N1qQHzh6-A,2024-10-10T00:26:51Z,commit:777ac1af
American Dreaming,Sierra Ferrell,American Dreaming (Single Edit),False,INDIFFERENT,4:18,258,MARPEvw2Prw,2024-10-10T00:22:33Z,commit:777ac1af
Treat Me Kind,Del McCoury Band,Songs of Love and Life,,LIKE,3:10,190,b8irb2HoyIM,2024-10-10T00:19:23Z,commit:777ac1af
I Feel Love,Donna Summer,I Remember Yesterday,False,INDIFFERENT,5:56,356,bHfrdQ8h2Pw,2024-10-10T00:13:27Z,commit:777ac1af
Of All the Dreams,The Wild Reeds,Blind and Brave,,LIKE,3:33,213,FRZJw9-JPg8,2024-10-10T00:09:54Z,commit:777ac1af
Amarillo Highway (for Dave Hickey),Terry Allen,Lubbock (on everything),True,LIKE,4:01,241,j0yS6Jc-vw0,2024-10-10T00:05:53Z,commit:777ac1af
American Tune,Paul Simon,There Goes Rhymin' Simon,False,INDIFFERENT,3:46,226,-8etrzygP_o,2024-10-10T00:02:07Z,commit:777ac1af
That's the Way the World Goes Round,John Prine,Bruised Orange,True,LIKE,3:21,201,ZogciFl-udY,2024-10-09T23:58:46Z,commit:777ac1af
Feelin' Good Again,Robert Earl Keen,Walking Distance,True,LIKE,3:17,197,g5i6duhB9mk,2024-10-09T23:55:29Z,commit:777ac1af
AMBIENT TECHNO || continuous mix 007,Rob Jenkins,AMBIENT TECHNO || continuous mix 007,False,INDIFFERENT,1:39:52,5992,FM7NP1e6t3w,2024-10-09T22:15:37Z,commit:777ac1af
Helix (Living Light Remix),Bluetech,Liquid Geometries In Dub,False,INDIFFERENT,7:52,472,R2K1x_1Z8m4,2024-10-09T12:07:42Z,commit:777ac1af
Vessels (Bluetechs Deep Dub Diver Mix),Bluetech,Liquid Geometries In Dub,False,INDIFFERENT,7:08,428,2I1gpAiROt0,2024-10-09T12:00:34Z,commit:777ac1af
Dawn Ascent (Desert Dwellers Remix),Bluetech,Liquid Geometries In Dub,False,INDIFFERENT,7:32,452,aGP6_MWNzlQ,2024-10-09T11:53:02Z,commit:777ac1af
Crystalline Forms (Saafi Brothers Remix),Bluetech,Liquid Geometries In Dub,False,INDIFFERENT,6:10,370,108snRVeOrs,2024-10-09T11:46:52Z,commit:777ac1af
Tranquility Gate (Mixmaster Morris Remix),Bluetech,Liquid Geometries In Dub,False,INDIFFERENT,6:43,403,R3JrBKCVkRw,2024-10-09T11:40:09Z,commit:777ac1af
Dawn Ascent (DF Tram Remix),Bluetech,Liquid Geometries In Dub,False,INDIFFERENT,8:01,481,fHzpCNtoQ-U,2024-10-09T11:32:08Z,commit:777ac1af
Helix (Pan Electric Remix),Bluetech,Liquid Geometries In Dub,False,INDIFFERENT,5:13,313,Iex8b_nNFag,2024-10-09T11:26:55Z,commit:777ac1af
Fee,Phish,Phish: Star Lake '98,False,INDIFFERENT,8:39,519,JMopPVevWSE,2024-10-09T11:18:16Z,commit:777ac1af
Ginseng Sullivan,Phish,Phish: Star Lake '98,False,INDIFFERENT,3:59,239,0NlVuPivp1o,2024-10-09T11:14:17Z,commit:777ac1af
Live Phish Instrumental Vol 1,Phish,Mixes,,INDIFFERENT,1:12:44,4364,7Dif_2wshpE,2024-10-09T10:01:33Z,commit:777ac1af
The Sloth,Phish,Phish: Star Lake '98,False,INDIFFERENT,3:52,232,ziEDQNfpCSo,2024-10-09T09:57:41Z,commit:777ac1af
Reba,Phish,Phish: Star Lake '98,False,INDIFFERENT,17:26,1046,Bh96uCMKVrU,2024-10-09T09:40:15Z,commit:777ac1af
Sting - Every Breath you Take,,,,INDIFFERENT,4:49,289,H-4yodHCvu0,2024-10-07T02:06:26Z,commit:777ac1af
PNEUMONIA,David Grisman Quintet,Live At The Gamh 1979,,INDIFFERENT,6:45,405,EG4RB8KRMTQ,2024-10-06T14:42:32Z,commit:777ac1af
BAND INTRO,David Grisman Quintet,Live At The Gamh 1979,,INDIFFERENT,3:01,181,prKRsjSRtL4,2024-10-06T14:39:31Z,commit:777ac1af
MINOR SWING,David Grisman Quintet,Live At The Gamh 1979,,INDIFFERENT,3:57,237,jTSsnPNiBUU,2024-10-06T14:35:34Z,commit:777ac1af
JANICE,David Grisman Quintet,Live At The Gamh 1979,,INDIFFERENT,4:47,287,-NeE1U5j6z0,2024-10-06T14:30:47Z,commit:777ac1af
DEVLIN,David Grisman Quintet,Live At The Gamh 1979,,INDIFFERENT,5:12,312,BXR-SPgihTk,2024-10-06T14:25:35Z,commit:777ac1af
WAITING ON VASSAR,David Grisman Quintet,Live At The Gamh 1979,,INDIFFERENT,6:20,380,LZbmC3dnG88,2024-10-06T14:19:15Z,commit:777ac1af
16/16,David Grisman Quintet,Live At The Gamh 1979,,INDIFFERENT,4:29,269,U-K3VI57t7c,2024-10-06T14:14:46Z,commit:777ac1af
Cape Cod Kwassa Kwassa,Vampire Weekend,Vampire Weekend,False,INDIFFERENT,3:35,215,OyUEgsKldyk,2024-10-05T08:10:47Z,commit:777ac1af
Holiday,Vampire Weekend,Contra,False,INDIFFERENT,2:19,139,PZOolJNFnFA,2024-10-05T08:08:28Z,commit:777ac1af
Oxford Comma,Vampire Weekend,Vampire Weekend,False,INDIFFERENT,3:16,196,Xol4RPRnuXQ,2024-10-05T08:05:12Z,commit:777ac1af
Walcott,Vampire Weekend,Vampire Weekend,False,INDIFFERENT,3:42,222,hiWOpg0n57g,2024-10-05T08:01:30Z,commit:777ac1af
This Life,Vampire Weekend,Father of the Bride,False,INDIFFERENT,4:29,269,0DRvBNzwELE,2024-10-05T07:57:01Z,commit:777ac1af
Unbelievers,Vampire Weekend,Modern Vampires of the City,False,INDIFFERENT,3:23,203,aJd5EMB9im0,2024-10-05T07:53:38Z,commit:777ac1af
Worship You,Vampire Weekend,Modern Vampires of the City,False,INDIFFERENT,3:22,202,f5KLYx9jsBA,2024-10-05T07:50:16Z,commit:777ac1af
Step,Vampire Weekend,Modern Vampires of the City,False,INDIFFERENT,4:12,252,JBjwW5iwXkk,2024-10-05T07:46:04Z,commit:777ac1af
Cousins,Vampire Weekend,Contra,False,INDIFFERENT,2:26,146,CoKt6atQFNQ,2024-10-05T07:43:38Z,commit:777ac1af
The Kids Don't Stand a Chance,Vampire Weekend,Vampire Weekend,False,INDIFFERENT,4:03,243,e1yGaf5phIA,2024-10-05T07:39:35Z,commit:777ac1af
Hannah Hunt,Vampire Weekend,Modern Vampires of the City,False,INDIFFERENT,3:58,238,Td7VQnWWWzI,2024-10-05T07:35:37Z,commit:777ac1af
A-Punk,Vampire Weekend,Vampire Weekend,False,INDIFFERENT,2:18,138,BBpzg38GIXU,2024-10-05T07:33:19Z,commit:777ac1af
Scorpio,Moneybagg Yo,A Gangsta’s Pain: Reloaded,False,INDIFFERENT,2:46,166,c5aP4s7HLno,2024-10-05T07:30:33Z,commit:777ac1af
All My Friends,LCD Soundsystem,Sound of Silver,False,INDIFFERENT,7:43,463,vVEZNvqecdE,2024-10-05T07:22:50Z,commit:777ac1af
The Obvious Child,Paul Simon,The Rhythm Of The Saints,False,INDIFFERENT,4:11,251,ikjAJZ9wMPE,2024-10-05T07:18:39Z,commit:777ac1af
You Can Call Me Al,Paul Simon,Graceland (25th Anniversary Deluxe Edition),False,INDIFFERENT,4:40,280,OMbfT3Wppjo,2024-10-05T07:13:59Z,commit:777ac1af
50 Ways to Leave Your Lover,Paul Simon,Still Crazy After All These Years,False,INDIFFERENT,3:38,218,B1V1varByWI,2024-10-05T07:10:21Z,commit:777ac1af
Tieduprightnow,Parcels,Tieduprightnow,True,LIKE,4:10,250,JYHH0ogYN8M,2024-10-05T07:06:11Z,commit:777ac1af
Mercury's Odyssey,The Olympians,The Olympians,,LIKE,3:39,219,ta4G1xOUcrE,2024-10-05T07:02:32Z,commit:777ac1af
"Jesus, Etc.",Wilco,Yankee Hotel Foxtrot,True,LIKE,3:52,232,USMsgVbf8Us,2024-10-05T06:58:40Z,commit:777ac1af
Low Sun,Hermanos Gutiérrez,Low Sun,False,INDIFFERENT,3:09,189,I5gVdQgjWas,2024-10-05T06:55:31Z,commit:777ac1af
Hope,Vampire Weekend,Only God Was Above Us,False,INDIFFERENT,7:58,478,TWjYjX1bCJU,2024-10-05T06:47:33Z,commit:777ac1af
Pravda,Vampire Weekend,Only God Was Above Us,False,INDIFFERENT,4:12,252,fqMS_NDxtfg,2024-10-05T06:43:21Z,commit:777ac1af
Mary Boone,Vampire Weekend,Only God Was Above Us,False,INDIFFERENT,4:27,267,orcq-_ZKd2U,2024-10-05T06:38:54Z,commit:777ac1af
Gen-X Cops,Vampire Weekend,Only God Was Above Us,False,INDIFFERENT,3:48,228,9gLZ4SZo3CA,2024-10-05T06:35:06Z,commit:777ac1af
Prep-School Gangsters,Vampire Weekend,Only God Was Above Us,False,INDIFFERENT,3:49,229,G82Z_GNgkGw,2024-10-05T06:31:17Z,commit:777ac1af
Connect,Vampire Weekend,Only God Was Above Us,False,INDIFFERENT,5:11,311,ubyti-AHytA,2024-10-05T06:26:06Z,commit:777ac1af
Capricorn,Vampire Weekend,Only God Was Above Us,False,INDIFFERENT,4:10,250,T_g54I2cmpU,2024-10-05T06:21:56Z,commit:777ac1af
Classical,Vampire Weekend,Only God Was Above Us,False,INDIFFERENT,4:20,260,TT8g3CLFuBI,2024-10-05T06:17:36Z,commit:777ac1af
Ice Cream Piano,Vampire Weekend,Only God Was Above Us,False,INDIFFERENT,3:37,217,H7n1ZO61zPA,2024-10-05T06:13:59Z,commit:777ac1af
Mariella,"Khruangbin, Leon Bridges",Texas Moon,False,INDIFFERENT,5:11,311,qtz8L-gICzA,2024-10-05T06:08:48Z,commit:777ac1af
This Must Be the Place (Naive Melody) [2005 Remaster],Talking Heads,Speaking in Tongues (Deluxe Version),False,INDIFFERENT,4:57,297,fsccjsW8bSY,2024-10-05T06:03:51Z,commit:777ac1af
Heart It Races (Cover Version),Dr. Dog,Heart It Races (Cover Version),False,INDIFFERENT,3:52,232,IQqa588F9Vs,2024-10-05T05:59:59Z,commit:777ac1af
Unbearably White,Vampire Weekend,Father of the Bride,False,INDIFFERENT,4:41,281,DvTboOje_lY,2024-10-05T05:55:18Z,commit:777ac1af
Diplomat's Son,Vampire Weekend,Contra,False,INDIFFERENT,6:02,362,WwWp8zqgfds,2024-10-05T05:49:16Z,commit:777ac1af
Gen-X Cops,Vampire Weekend,Capricorn / Gen-X Cops,False,INDIFFERENT,3:48,228,ypvf3ibR8CQ,2024-10-05T05:45:28Z,commit:777ac1af
A-Punk,Vampire Weekend,Vampire Weekend,False,INDIFFERENT,2:18,138,BBpzg38GIXU,2024-10-05T05:43:10Z,commit:777ac1af
Capricorn,Vampire Weekend,Capricorn / Gen-X Cops,False,INDIFFERENT,4:10,250,_H6Kq24CHUU,2024-10-05T05:39:00Z,commit:777ac1af
Horchata,Vampire Weekend,Contra,False,INDIFFERENT,3:27,207,DW-q1d8vk4o,2024-10-05T05:35:33Z,commit:777ac1af
Empty Promises (Live),"Christone ""Kingfish"" Ingram",Empty Promises (Live),False,INDIFFERENT,7:50,470,U20euPyJhYw,2024-10-05T05:27:43Z,commit:777ac1af
"Gypsy Jazz - ""Minor Swing"" - Rhythm Future Quartet",,,,INDIFFERENT,6:41,401,do1encCa5TU,2024-10-05T05:21:02Z,commit:777ac1af
"Buddy Rich with Tommy Dorsey & His Orchestra 1943 ""Well Git It"" | from ""Du Barry Was a Lady""",,,,INDIFFERENT,4:19,259,HLFUoPqkGwQ,2024-10-05T05:16:43Z,commit:777ac1af
"Saxophonist hulks out and dominates ""Pick Up The Pieces""","198K views, The Sharp Eleven Electric Band",,,INDIFFERENT,2:56,176,V5yHvIpTTYQ,2024-10-05T05:13:47Z,commit:777ac1af
I Still Haven't Found What I'm Looking For,Postmodern Jukebox,I Still Haven't Found What I'm Looking For,False,INDIFFERENT,3:19,199,XWj8iItcjDU,2024-10-05T05:10:28Z,commit:777ac1af
Taj Mahal - Queen Bee - Bloody Sunday Sessions,,,,INDIFFERENT,5:42,342,sjTEkhXgu_4,2024-10-05T05:04:46Z,commit:777ac1af
Henry Mancini - Pink Panther (live) | WDR Funkhausorchester,,,,INDIFFERENT,2:57,177,oe_uqv5GNNw,2024-10-05T05:01:49Z,commit:777ac1af
Solfeggietto,Luca Sestak,Lighter Notes,False,INDIFFERENT,3:50,230,RuQXTJWZkV8,2024-10-05T04:57:59Z,commit:777ac1af
This Time I'm Gone for Good,Freddy Cole,Singing the Blues,False,INDIFFERENT,4:59,299,3xsPGPeBTCk,2024-10-05T04:53:00Z,commit:777ac1af
Heart - Stairway to Heaven Led Zeppelin - Kennedy Center Honors HD,,,,INDIFFERENT,6:56,416,2cZ_EFAmj08,2024-10-05T04:46:04Z,commit:777ac1af
Proud Mary (Tina Turner Tribute 2005 Kennedy Center Honors),"44M views, Beyoncé",,,INDIFFERENT,4:42,282,A-ioGgZhgNI,2024-10-05T04:41:22Z,commit:777ac1af
"Riviera Paradise (Live From Austin, TX)","6.1M views, Stevie Ray Vaughan & Double Trouble",,,INDIFFERENT,9:14,554,3c_8VUL5jks,2024-10-05T04:32:08Z,commit:777ac1af
Wycliffe Gordon - 'Sweet Louisiana' Trombone Solo,,,,INDIFFERENT,2:52,172,I4i1KcqWikY,2024-10-05T04:29:16Z,commit:777ac1af
Take Five,"1.5M views, Dave Brubeck, Eugene Wright, Joe Morello, Paul Desmond",,,INDIFFERENT,7:25,445,JXi3rHqnAIU,2024-10-05T04:21:51Z,commit:777ac1af
Feeling Good,Nina Simone,I Put A Spell On You,False,INDIFFERENT,2:54,174,BNMKGYiJpvg,2024-10-05T04:18:57Z,commit:777ac1af
"Wynton Marsalis Jazz At Lincoln Center Orchestra, Blues Walk",,,,INDIFFERENT,9:15,555,oGR947AOvlg,2024-10-05T04:09:42Z,commit:777ac1af
Trombone Shorty - Backatown (Transcription),,,,INDIFFERENT,3:29,209,aYvc8CxNSP8,2024-10-05T04:06:13Z,commit:777ac1af
"St. Thomas (feat. Tommy Flanagan, Doug Watkins & Max Roach)",Sonny Rollins,Saxophone Colossus,False,INDIFFERENT,6:44,404,_YynSucmcQo,2024-10-05T03:59:29Z,commit:777ac1af
Stayin Alive,Postmodern Jukebox,The Fourth Tuning,False,INDIFFERENT,3:18,198,C1MWXDsNObY,2024-10-05T03:56:11Z,commit:777ac1af
Talking Heads - Burning Down the House [HD],,,,INDIFFERENT,4:01,241,Zfr3L0drhS8,2024-10-05T03:52:10Z,commit:777ac1af
Summertime - Billy Strings & Marcus King,,,,INDIFFERENT,4:47,287,1RNNQYpnukA,2024-10-05T03:47:23Z,commit:777ac1af
Trombone Shorty & Orleans Avenue Live at New Orleans Jazz & Heritage Festival 2015,,,,INDIFFERENT,23:48,1428,5nicIamsDdU,2024-10-05T03:23:35Z,commit:777ac1af
Trombone Shorty performs 'St. James Infirmary' at the White House,,,,INDIFFERENT,3:22,202,FSbP6ZhfPs0,2024-10-05T03:20:13Z,commit:777ac1af
20. Joss Stone - Son Of A Preacher Man - Live At The Roundhouse 2016 (PRO-SHOT HD 720p),,,,INDIFFERENT,5:36,336,IiG69YDLMbM,2024-10-05T03:14:37Z,commit:777ac1af
アイアム主人公 - I Am Syujinkou,"192K views, Kaho Nakamura",,,INDIFFERENT,3:16,196,Cf6Q0dA0IPY,2024-10-05T03:11:21Z,commit:777ac1af
This Is The Life (Acoustic / Drovers Inn Session),"77M views, Amy Macdonald",,,INDIFFERENT,3:31,211,puZAGRkf6xc,2024-10-05T03:07:50Z,commit:777ac1af
Milk'n Blues - The Thrill is Gone + Summertime (BB king + George Gershwin cover),"9.6M views, Milk 'n Blues",,,INDIFFERENT,6:12,372,pFEIJSXLmFs,2024-10-05T03:01:38Z,commit:777ac1af
"Randy Newman,Linda Ronstadt & Ry Cooder   ""Rider In The Rain""",,,,INDIFFERENT,4:01,241,ipmXGsJskYI,2024-10-05T02:57:37Z,commit:777ac1af
Bill & McKenna Medley - The Time of My Life,,,,INDIFFERENT,3:38,218,H1MS6apBgzA,2024-10-05T02:53:59Z,commit:777ac1af
Listen to the Music feat. Tom Johnston (The Doobie Brothers) | Playing For Change,,,,INDIFFERENT,4:36,276,t4sK8d48Exs,2024-10-05T02:49:23Z,commit:777ac1af
Caleb Meyer - Gillian Welch & David Rawlings,,,,INDIFFERENT,3:00,180,nugXkgd_-84,2024-10-05T02:46:23Z,commit:777ac1af
Angel from Montgomery (Live) (feat. Bonnie Raitt),John Prine,John Prine (Live),False,INDIFFERENT,4:17,257,gHe4cpI9_fk,2024-10-05T02:42:06Z,commit:777ac1af
Matty Groves,Doc Watson,Home Again!,False,INDIFFERENT,6:07,367,ZGaEnslgG3I,2024-10-05T02:35:59Z,commit:777ac1af
Idle Idle,Alex Regeimbal,Idle Idle,True,LIKE,3:20,200,ma7gAQMNTaQ,2024-10-05T02:32:39Z,commit:777ac1af
Matty Groves (Live),"67K views, Eva Abraham",,,LIKE,5:08,308,DDdX5iIOWDA,2024-10-05T02:27:31Z,commit:777ac1af
The Boxer,Simon & Garfunkel,Bridge Over Troubled Water,False,INDIFFERENT,5:09,309,C1VUWDcp5Sg,2024-10-05T02:22:22Z,commit:777ac1af
The Sound of Silence (Electric Version),Simon & Garfunkel,Sounds Of Silence,False,INDIFFERENT,3:06,186,bjkPQYWNTlg,2024-10-05T02:19:16Z,commit:777ac1af
Bridge Over Troubled Water,Simon & Garfunkel,Bridge Over Troubled Water,False,INDIFFERENT,4:54,294,nvF5imxSaLI,2024-10-05T02:14:22Z,commit:777ac1af
The Sound of Silence (Acoustic Version),Simon & Garfunkel,"Wednesday Morning, 3 A.M.",False,INDIFFERENT,3:06,186,-eqJGVl0Pr0,2024-10-05T02:11:16Z,commit:777ac1af
"Mrs. Robinson (From ""The Graduate"" Soundtrack)",Simon & Garfunkel,Bookends,False,INDIFFERENT,4:05,245,_C2vqI9FVwg,2024-10-05T02:07:11Z,commit:777ac1af
Dreams (2004 Remaster),Fleetwood Mac,Rumours,False,INDIFFERENT,4:18,258,swJOIjjW69U,2024-10-05T02:02:53Z,commit:777ac1af
American Tune,Paul Simon,There Goes Rhymin' Simon,False,INDIFFERENT,3:46,226,-8etrzygP_o,2024-10-05T01:59:07Z,commit:777ac1af
I Can See Clearly Now (Edit),Johnny Nash,I Can See Clearly Now,False,INDIFFERENT,2:45,165,Qr2WF8dvjnY,2024-10-05T01:56:22Z,commit:777ac1af
Happy Together,The Turtles,All the Singles,False,INDIFFERENT,2:55,175,h5dq4OP4Eqc,2024-10-05T01:53:27Z,commit:777ac1af
Wild World,Cat Stevens,Pop Blockbusters 8,False,INDIFFERENT,3:21,201,MhLhFaIBvpY,2024-10-05T01:50:06Z,commit:777ac1af
Never My Love (Remastered Version),The Association,Insight Out,False,INDIFFERENT,3:11,191,ixfu_BA9-9s,2024-10-05T01:46:55Z,commit:777ac1af
THE HOUSE OF THE RISING SUN,THE ANIMALS,OLDAYS ALBUM GUIDE BOOK:ROCK #1,False,INDIFFERENT,3:05,185,RyZPKf-Gd9Y,2024-10-05T01:43:50Z,commit:777ac1af
Stand By Me,Ben E. King,60´s Music,False,INDIFFERENT,3:01,181,-0B9FOQXtT0,2024-10-05T01:40:49Z,commit:777ac1af
Mrs. Robinson,Simon & Garfunkel,Fabulous 60s,False,INDIFFERENT,3:56,236,zJ_C0hk_pkE,2024-10-05T01:36:53Z,commit:777ac1af
Ramble On (Remaster),Led Zeppelin,Led Zeppelin II (Deluxe Edition),False,INDIFFERENT,4:35,275,_h9MxNn8P7w,2024-10-05T01:32:18Z,commit:777ac1af
Turn! Turn! Turn!,The Byrds,The Byrds,False,INDIFFERENT,3:54,234,pkuBh5n_Shc,2024-10-05T01:28:24Z,commit:777ac1af
Suspicious Minds,Elvis Presley,Elvis 30 #1 Hits,False,INDIFFERENT,4:33,273,xt8XQLvKBUs,2024-10-05T01:23:51Z,commit:777ac1af
Roadhouse Blues,The Doors,Morrison Hotel,False,INDIFFERENT,4:04,244,yV9DJwJKWMw,2024-10-05T01:19:47Z,commit:777ac1af
Money For Nothing (Single Edit) [2022 Remaster],Dire Straits,Money For Nothing (2022 Remaster),False,INDIFFERENT,4:09,249,jFVA_2Nkj8k,2024-10-05T01:15:38Z,commit:777ac1af
Dancing in the Moonlight,King Harvest,Dancing in the Moonlight,False,INDIFFERENT,3:02,182,0eHBLHVHjWg,2024-10-05T01:12:36Z,commit:777ac1af
Lola (2020 Stereo Remaster),The Kinks,"Lola Versus Powerman and the Moneygoround, Pt. 1",False,INDIFFERENT,4:02,242,SJPCeUAV23I,2024-10-05T01:08:34Z,commit:777ac1af
Midnight Rider,The Allman Brothers Band,Idlewild South (Deluxe Edition Remastered),False,INDIFFERENT,3:01,181,O6Q40nZRRco,2024-10-05T01:05:33Z,commit:777ac1af
Time of the Season (Mono Version),The Zombies,Odessey and Oracle,False,INDIFFERENT,3:35,215,U8Ie9J2Eo5Q,2024-10-05T01:01:58Z,commit:777ac1af
Dreams,Fleetwood Mac,50 Years - Don't Stop,False,INDIFFERENT,4:18,258,m8i5WiWCN-c,2024-10-05T00:57:40Z,commit:777ac1af
Long Cool Woman (In a Black Dress) (1999 Remaster),The Hollies,Distant Light (Expanded Edition),False,INDIFFERENT,3:20,200,zqBCGmqgbHU,2024-10-05T00:54:20Z,commit:777ac1af
Rise To Purpose,Eva Abraham,Songs For A New Earth,,INDIFFERENT,4:23,263,i4xXvS3qtFo,2024-10-05T00:49:57Z,commit:777ac1af
Black Eyed Dog,Nick Drake,Made To Love Magic,False,INDIFFERENT,3:28,208,-y4T_wYJ7YE,2024-10-05T00:46:29Z,commit:777ac1af
Imagine (Take 1),John Lennon,Imagine (The Ultimate Collection),False,INDIFFERENT,3:07,187,XFD-Hrk2jI0,2024-10-05T00:43:22Z,commit:777ac1af
Richard Cory,Simon & Garfunkel,Sounds Of Silence,False,INDIFFERENT,2:56,176,dgMZNJ8VD80,2024-10-05T00:40:26Z,commit:777ac1af
Meditation Of Morning,Eva Abraham,Songs For A New Earth,,LIKE,4:15,255,KToTc25WLfA,2024-10-05T00:36:11Z,commit:777ac1af
Castles In The Air,Don McLean,The Best Of Don McLean,False,INDIFFERENT,3:43,223,KQ-8KpYHE5Q,2024-10-05T00:32:28Z,commit:777ac1af
Dawn Meditation,Eva Abraham,Songs For A New Earth,,INDIFFERENT,0:52,52,ce8HBbDJEo8,2024-10-05T00:31:36Z,commit:777ac1af
Black Day In July,Gordon Lightfoot,Did She Mention My Name,False,INDIFFERENT,4:14,254,vCQmx_wJH6o,2024-10-05T00:27:22Z,commit:777ac1af
Matty Groves (Live),"67K views, Eva Abraham",,,LIKE,5:08,308,DDdX5iIOWDA,2024-10-05T00:22:14Z,commit:777ac1af
Matty Groves,Doc Watson,Home Again!,False,INDIFFERENT,6:07,367,ZGaEnslgG3I,2024-10-05T00:16:07Z,commit:777ac1af
The Idiot,Stan Rogers,Home In Halifax,,LIKE,2:52,172,H_1leBD4l5I,2024-10-05T00:13:15Z,commit:777ac1af
Don't Let Me Down (Remastered 2009),The Beatles,The Beatles 1967 - 1970,False,INDIFFERENT,3:36,216,xk7f6i0CNfs,2024-10-05T00:09:39Z,commit:777ac1af
My Hometown,Bruce Springsteen,Born In The U.S.A.,False,INDIFFERENT,4:35,275,KrGi8ODOWR0,2024-10-05T00:05:04Z,commit:777ac1af
Barrett's Privateers,Stan Rogers,Home In Halifax,,LIKE,4:51,291,DPrIXFFbsfI,2024-10-05T00:00:13Z,commit:777ac1af
Barrett's Privateers,Stan Rogers,Fogarty's Cove,,INDIFFERENT,4:19,259,3T0Ruhb734U,2024-10-04T23:55:54Z,commit:777ac1af
The Obvious Child,Paul Simon,The Rhythm Of The Saints,False,INDIFFERENT,4:11,251,ikjAJZ9wMPE,2024-10-04T23:51:43Z,commit:777ac1af
Only Love Can Break Your Heart,Neil Young,After the Gold Rush (2009 Remaster),False,INDIFFERENT,3:09,189,364qY0Oz-xs,2024-10-04T23:48:34Z,commit:777ac1af
I Want You,Bob Dylan,Blonde On Blonde,False,INDIFFERENT,3:06,186,WH3_5cq5F_0,2024-10-04T23:45:28Z,commit:777ac1af
He Was A Friend Of Mine,Dave Van Ronk,Folksinger,,LIKE,3:31,211,fmhJVDnrtcg,2024-10-04T23:41:57Z,commit:777ac1af
Song Sung Blue (Single Version),Neil Diamond,Moods,False,INDIFFERENT,3:16,196,pp0LkkcmHmI,2024-10-04T23:38:41Z,commit:777ac1af
Where Do You Go To (My Lovely),Peter Sarstedt,Playlist: The Best Of Peter Sarstedt,False,INDIFFERENT,4:45,285,EA6gIyLT3c0,2024-10-04T23:33:56Z,commit:777ac1af
In Between Love,Tom Waits,The Early Years Vol. 2,False,INDIFFERENT,3:02,182,yfCRDKT4u70,2024-10-04T23:30:54Z,commit:777ac1af
Ruby Tuesday,The Rolling Stones,Between The Buttons,False,INDIFFERENT,3:17,197,qs1S7pwWZ0U,2024-10-04T23:27:37Z,commit:777ac1af
Streets of London,Ralph McTell,The Folk Box,False,INDIFFERENT,4:08,248,s8HKDULqGKw,2024-10-04T23:23:29Z,commit:777ac1af
New Kid in Town (Live) [1999 Remaster] (Live; 1999 Remaster),Eagles,Eagles Live,False,INDIFFERENT,5:54,354,odnBJb045Y8,2024-10-04T23:17:35Z,commit:777ac1af
Lady D'Arbanville,Cat Stevens,Mona Bone Jakon,False,INDIFFERENT,3:46,226,GtTph_tchVY,2024-10-04T23:13:49Z,commit:777ac1af
Fakin' It,Simon & Garfunkel,Bookends,False,INDIFFERENT,3:18,198,Q_JunmMb1f0,2024-10-04T23:10:31Z,commit:777ac1af
Lover’s Cross,Jim Croce,The Very Best of Jim Croce,False,INDIFFERENT,3:03,183,1wWq-t88F8c,2024-10-04T23:07:28Z,commit:777ac1af
A Worried Man,The Kingston Trio,The Capitol Collector's Series,False,INDIFFERENT,3:28,208,d_yu1Y0_nGI,2024-10-04T23:04:00Z,commit:777ac1af
Revolution (Remastered 2009),The Beatles,The Beatles 1967 - 1970,False,INDIFFERENT,3:26,206,6MbqzDm1uCo,2024-10-04T23:00:34Z,commit:777ac1af
"Take Me Home, Country Roads (Live at the Universal Amphitheatre, Los Angeles, CA - August/September 1974)",John Denver,An Evening With John Denver,False,INDIFFERENT,3:19,199,7lL07_nvN-A,2024-10-04T22:57:15Z,commit:777ac1af
Loves Me Like a Rock,Paul Simon,There Goes Rhymin' Simon,False,INDIFFERENT,3:34,214,WEnmT5Q8bg4,2024-10-04T22:53:41Z,commit:777ac1af
Goodbye Yellow Brick Road,Elton John,Goodbye Yellow Brick Road (40th Anniversary Celebration / Super Deluxe),False,INDIFFERENT,3:13,193,u2lfizz6OJs,2024-10-04T22:50:28Z,commit:777ac1af
Chimes of Freedom,The Byrds,Mr. Tambourine Man,False,INDIFFERENT,3:52,232,zvBKeB44Qkw,2024-10-04T22:46:36Z,commit:777ac1af
American Tune,Paul Simon,There Goes Rhymin' Simon,False,INDIFFERENT,3:46,226,-8etrzygP_o,2024-10-04T22:42:50Z,commit:777ac1af
The Boxer,Simon & Garfunkel,Bridge Over Troubled Water,False,INDIFFERENT,5:09,309,C1VUWDcp5Sg,2024-10-04T22:37:41Z,commit:777ac1af
Gangster,The Disco Biscuits,"2024/07/14 Wilmington, NC",,INDIFFERENT,10:54,654,27n2n1B23Fo,2024-10-04T01:23:10Z,commit:777ac1af
Tourists (Rocket Ship),The Disco Biscuits,"2024/07/14 Wilmington, NC",,INDIFFERENT,16:50,1010,WcGJeBXMyZE,2024-10-04T01:06:20Z,commit:777ac1af
Reactor,The Disco Biscuits,"2024/07/14 Wilmington, NC",,INDIFFERENT,17:29,1049,aEw5ig9MnEw,2024-10-04T00:48:51Z,commit:777ac1af
I Need Never Get Old,Nathaniel Rateliff & The Night Sweats,Nathaniel Rateliff & The Night Sweats,True,LIKE,4:14,254,-FWrwbHqu5w,2024-10-03T09:17:51Z,commit:777ac1af
I Can’t Find You at All,"AJ Lee & Blue Summit, Molly Tuttle",I Can’t Find You at All,True,LIKE,3:23,203,N26JHmG4sqE,2024-10-03T08:22:32Z,commit:777ac1af
I'm Troubled (Live) (feat. Jerry Garcia Acoustic Band),Jerry Garcia Acoustic Band,Almost Acoustic,,INDIFFERENT,4:52,292,MrCcnlO6nrQ,2024-10-03T08:17:40Z,commit:777ac1af
Mona,Sam Armstrong-Zickefoose,Mona,True,LIKE,3:04,184,YMy_q-X1CIs,2024-10-03T08:14:36Z,commit:777ac1af
I Hope It Rains At My Funeral,Tom T. Hall,"Tom T. Hall - Storyteller, Poet, Philosopher",False,INDIFFERENT,3:29,209,ipXbSK-KDZs,2024-10-03T08:11:07Z,commit:777ac1af
Your Flag Decal Won't Get You into Heaven Anymore,John Prine,John Prine,False,INDIFFERENT,2:53,173,sRCLHBhZPQ4,2024-10-03T08:08:14Z,commit:777ac1af
Gangster,The Disco Biscuits,"2024/07/14 Wilmington, NC",,INDIFFERENT,10:54,654,27n2n1B23Fo,2024-10-02T11:57:13Z,commit:777ac1af
Tourists (Rocket Ship),The Disco Biscuits,"2024/07/14 Wilmington, NC",,INDIFFERENT,16:50,1010,WcGJeBXMyZE,2024-10-02T11:40:23Z,commit:777ac1af
Reactor,The Disco Biscuits,"2024/07/14 Wilmington, NC",,INDIFFERENT,17:29,1049,aEw5ig9MnEw,2024-10-02T11:22:54Z,commit:777ac1af
Caves Of The East,The Disco Biscuits,"2024/07/14 Wilmington, NC",,INDIFFERENT,18:02,1082,klH4YqVw3Rw,2024-10-02T11:04:52Z,commit:777ac1af
Crowd,The Disco Biscuits,"2024/07/14 Wilmington, NC",,INDIFFERENT,1:34,94,co0EXvjyGbc,2024-10-02T11:03:18Z,commit:777ac1af
Hot Air Balloon,The Disco Biscuits,"2024/07/14 Wilmington, NC",,INDIFFERENT,23:30,1410,5RA4yYETwPA,2024-10-02T10:39:48Z,commit:777ac1af
Ring The Doorbell Twice,The Disco Biscuits,"2024/07/14 Wilmington, NC",,INDIFFERENT,20:24,1224,V6plngjOSkw,2024-10-02T10:19:24Z,commit:777ac1af
Minions,The Disco Biscuits,"2024/07/14 Wilmington, NC",,INDIFFERENT,17:39,1059,ehQq_5frrBo,2024-10-02T10:01:45Z,commit:777ac1af
Rockafella,The Disco Biscuits,"2024/07/14 Wilmington, NC",,INDIFFERENT,15:25,925,CByUFq7Yu0A,2024-10-02T09:46:20Z,commit:777ac1af
Inside (2:56am Mix),36,Blue,False,INDIFFERENT,5:40,340,c_FDWJDFq7U,2024-10-02T09:40:40Z,commit:777ac1af
South Tree,Helios,Unleft,False,INDIFFERENT,4:04,244,lUtLJttC6i4,2024-10-02T09:36:36Z,commit:777ac1af
Ágúst,Ólafur Arnalds,Living Room Songs,False,INDIFFERENT,3:07,187,bTfDcUgzPBg,2024-10-02T09:33:29Z,commit:777ac1af
Gods Becoming Memories,Hammock,UnTruth,False,INDIFFERENT,5:44,344,QSzbWbH4B6g,2024-10-02T09:27:45Z,commit:777ac1af
Halving The Compass,Helios,Eingya,False,INDIFFERENT,5:27,327,vnsWDQF1bcg,2024-10-02T09:22:18Z,commit:777ac1af
Chasing Cloud Nine,LUCHS,Chasing Cloud Nine,False,INDIFFERENT,2:42,162,CPvj4moLBvA,2024-10-02T09:19:36Z,commit:777ac1af
Slow Wave,Rhucle,Slow Wave,False,INDIFFERENT,3:20,200,eAv6bSiGvdY,2024-10-02T09:16:16Z,commit:777ac1af
Zephyr,loscil,Plume,False,INDIFFERENT,5:20,320,1EXc96ZBPX4,2024-10-02T09:10:56Z,commit:777ac1af
Fairy Light,EIRLYS,Fairy Light,False,INDIFFERENT,2:47,167,xHTLZkpzOls,2024-10-02T09:08:09Z,commit:777ac1af
Lune,Tony Anderson,Nuit,False,INDIFFERENT,3:31,211,T5JXU1HeWjw,2024-10-02T09:04:38Z,commit:777ac1af
Mullholland,Stars of the Lid,The Tired Sounds of Stars of the Lid,False,INDIFFERENT,6:50,410,XeCF4B_Hjwk,2024-10-02T08:57:48Z,commit:777ac1af
Drift,Brian Eno,Apollo: Atmospheres And Soundtracks (Extended Edition),False,INDIFFERENT,3:06,186,ufNxgRZs-oE,2024-10-02T08:54:42Z,commit:777ac1af
Hutchings: Caress,Sophie Hutchings,Yonder,False,INDIFFERENT,4:40,280,agfwpgOWJ7M,2024-10-02T08:50:02Z,commit:777ac1af
As She Passes,Levi Patel,Of Sleep and Time,False,INDIFFERENT,3:44,224,2SvKuIvwtXU,2024-10-02T08:46:18Z,commit:777ac1af
The Lie and How We Told It,Yo La Tengo,I Can Hear The Heart Beating As One,False,INDIFFERENT,3:20,200,Lhhv6wsfKLc,2024-10-02T08:42:58Z,commit:777ac1af
Deva C,"Harold Budd, Robin Guthrie",Bordeaux,False,INDIFFERENT,3:52,232,qy-QWKIZPIs,2024-10-02T08:39:06Z,commit:777ac1af
Plains,Tycho,Awake,False,INDIFFERENT,3:18,198,5jVl8n3MUUM,2024-10-02T08:35:48Z,commit:777ac1af
We Contain Multitudes (from home),Ólafur Arnalds,We Contain Multitudes (from home),False,INDIFFERENT,3:11,191,R7AWwBl29CU,2024-10-02T08:32:37Z,commit:777ac1af
Pearls,Helios,Yume,False,INDIFFERENT,4:47,287,l4NC7LRCMIU,2024-10-02T08:27:50Z,commit:777ac1af
Pastoral,Northcape,Captured from Static,False,INDIFFERENT,3:09,189,zUZqHX142WY,2024-10-02T08:24:41Z,commit:777ac1af
432,Joep Beving,Prehension,False,INDIFFERENT,4:15,255,EKDqFixYE04,2024-10-02T08:20:26Z,commit:777ac1af
Close (Luke Howard Rework),Ed Carlsen,The Journey Tapes (Reworked),False,INDIFFERENT,3:39,219,PhRm-oVm0_Y,2024-10-02T08:16:47Z,commit:777ac1af
Hope Valley Hill,Helios,Caesura,False,INDIFFERENT,5:19,319,Ngih2n5W_cM,2024-10-02T08:11:28Z,commit:777ac1af
Clouds,Hiroshi Yoshimura,Music for Nine Post Cards,False,INDIFFERENT,5:55,355,Ri5F24odQS0,2024-10-02T08:05:33Z,commit:777ac1af
Ineffable,Hammock,Ineffable,False,INDIFFERENT,3:02,182,FpQp6xK1ER8,2024-10-02T08:02:31Z,commit:777ac1af
Under Orion,Rudy Adrian,MoonWater,False,INDIFFERENT,5:18,318,wP1RiDmq4kQ,2024-10-02T07:57:13Z,commit:777ac1af
Ends,Líom,Coast,False,INDIFFERENT,5:56,356,6NXhKJm3KYI,2024-10-02T07:51:17Z,commit:777ac1af
Stop and Think,Glow City,Road To Olympus,False,INDIFFERENT,3:21,201,8LGOWuUlgI4,2024-10-02T07:47:56Z,commit:777ac1af
You'll Miss Us One Day,Ben Lukas Boysen,Gravity (Special Edition),False,INDIFFERENT,3:16,196,KXSEn0_jskk,2024-10-02T07:44:40Z,commit:777ac1af
Endless Fragments of Time,Deep Watch,Endless Fragments of Time,False,INDIFFERENT,3:36,216,bjWlLpe6Qeo,2024-10-02T07:41:04Z,commit:777ac1af
Radiant City,"Harold Budd, Robin Guthrie",Bordeaux,False,INDIFFERENT,4:54,294,HFoJc5XgyyQ,2024-10-02T07:36:10Z,commit:777ac1af
Easy,Tycho,Weather,False,INDIFFERENT,3:28,208,HGZEMOR4GWE,2024-10-02T07:32:42Z,commit:777ac1af
Ellie's Theme,Ólafur Arnalds,Broadchurch - The Final Chapter (Music From The Original TV Series),False,INDIFFERENT,3:05,185,GrEgnbocoBA,2024-10-02T07:29:37Z,commit:777ac1af
Finding It There,Goldmund,The Malady Of Elegance,False,INDIFFERENT,3:41,221,bAfRXTP2Uug,2024-10-02T07:25:56Z,commit:777ac1af
Goleuni Ynysig four,Rob Jenkins,Goleuni Ynysig,False,INDIFFERENT,10:16,616,Hn1Aqw3EZrU,2024-10-02T07:15:40Z,commit:777ac1af
Goleuni Ynysig seven,Rob Jenkins,Goleuni Ynysig,False,INDIFFERENT,10:16,616,Yi_KfH4xRl4,2024-10-02T07:05:24Z,commit:777ac1af
Goleuni Ynysig two,Rob Jenkins,Goleuni Ynysig,False,INDIFFERENT,8:08,488,8vydYYF-JZQ,2024-10-02T06:57:16Z,commit:777ac1af
Goleuni Ynysig eight,Rob Jenkins,Goleuni Ynysig,False,INDIFFERENT,8:40,520,S0j9w20GSRg,2024-10-02T06:48:36Z,commit:777ac1af
Goleuni Ynysig six,Rob Jenkins,Goleuni Ynysig,False,INDIFFERENT,8:08,488,mV6x9yVsOvU,2024-10-02T06:40:28Z,commit:777ac1af
Goleuni Ynysig twelve,Rob Jenkins,Goleuni Ynysig,False,INDIFFERENT,8:40,520,Cal_nsdPc6o,2024-10-02T06:31:48Z,commit:777ac1af
Goleuni Ynysig ten,Rob Jenkins,Goleuni Ynysig,False,INDIFFERENT,9:44,584,K1XBEDGpDuc,2024-10-02T06:22:04Z,commit:777ac1af
Goleuni Ynysig three,Rob Jenkins,Goleuni Ynysig,False,INDIFFERENT,9:12,552,zV3g7clPMuA,2024-10-02T06:12:52Z,commit:777ac1af
Goleuni Ynysig eleven,Rob Jenkins,Goleuni Ynysig,False,INDIFFERENT,8:40,520,HFNrjHXalcM,2024-10-02T06:04:12Z,commit:777ac1af
Goleuni Ynysig nine,Rob Jenkins,Goleuni Ynysig,False,INDIFFERENT,9:48,588,eWnW60c_o60,2024-10-02T05:54:24Z,commit:777ac1af
Goleuni Ynysig five,Rob Jenkins,Goleuni Ynysig,False,INDIFFERENT,10:48,648,ZIT_pfzoues,2024-10-02T05:43:36Z,commit:777ac1af
Palm Grease,Herbie Hancock,Headhunters (Live),,INDIFFERENT,13:09,789,wsSJfhDLvGI,2024-10-02T05:30:27Z,commit:777ac1af
Cities (2005 Remaster),Talking Heads,Fear of Music (Deluxe Version),False,INDIFFERENT,4:14,254,K5H1nEP2wXA,2024-10-02T05:26:13Z,commit:777ac1af
The Place Upstream,Skinshape,Skinshape,False,INDIFFERENT,3:43,223,aelFS25hej8,2024-10-02T05:22:30Z,commit:777ac1af
Flow Motion,Can,Flow Motion,True,LIKE,10:34,634,1tBf0nLsnfI,2024-10-02T05:11:56Z,commit:777ac1af
Smoke (E.F.S. No. 59),Can,Flow Motion,False,INDIFFERENT,5:21,321,SF4q20musw8,2024-10-02T05:06:35Z,commit:777ac1af
Babylonian Pearl,Can,Flow Motion,False,INDIFFERENT,3:31,211,j95rTX3yFu8,2024-10-02T05:03:04Z,commit:777ac1af
..........And More,Can,Flow Motion,False,INDIFFERENT,2:47,167,R1Pk-_I9Vi4,2024-10-02T05:00:17Z,commit:777ac1af
"Laugh Till You Cry, Live Till You Die",Can,Flow Motion,True,LIKE,6:40,400,QbsnWgQd2ew,2024-10-02T04:53:37Z,commit:777ac1af
Cascade Waltz,Can,Flow Motion,False,INDIFFERENT,5:36,336,ScaXwEI-slE,2024-10-02T04:48:01Z,commit:777ac1af
I Want More,Can,Flow Motion,False,INDIFFERENT,3:31,211,Vs4GZ5d036U,2024-10-02T04:44:30Z,commit:777ac1af
Hallo Excentrico,NEU!,NEU! 2,,INDIFFERENT,3:45,225,qSoaHOpmb7g,2024-10-02T04:40:45Z,commit:777ac1af
Super 78,NEU!,NEU! 2,,INDIFFERENT,1:37,97,PcnZ0TUVxgQ,2024-10-02T04:39:08Z,commit:777ac1af
Cassetto,NEU!,NEU! 2,,INDIFFERENT,1:49,109,qdIMFt--oFY,2024-10-02T04:37:19Z,commit:777ac1af
Neuschnee,NEU!,NEU! 2,,INDIFFERENT,4:08,248,c3Bg14BXyYs,2024-10-02T04:33:11Z,commit:777ac1af
Super 16,NEU!,NEU! 2,,INDIFFERENT,3:40,220,2OHKdKnaX8Q,2024-10-02T04:29:31Z,commit:777ac1af
Neuschnee 78,NEU!,NEU! 2,,INDIFFERENT,2:33,153,ktX8tluWpGQ,2024-10-02T04:26:58Z,commit:777ac1af
Lila Engel (Lilac Angel),NEU!,NEU! 2,,INDIFFERENT,4:38,278,m4ZZTGVtAkA,2024-10-02T04:22:20Z,commit:777ac1af
Gedenkminute (fuer A+K),NEU!,NEU! 2,,INDIFFERENT,2:07,127,Jq3qmkpEf0c,2024-10-02T04:20:13Z,commit:777ac1af
Spitzenqualitat,NEU!,NEU! 2,,INDIFFERENT,3:36,216,5IQln1qymcM,2024-10-02T04:16:37Z,commit:777ac1af
Fur immer,NEU!,NEU! 2,,INDIFFERENT,11:18,678,IId4EH3zANs,2024-10-02T04:05:19Z,commit:777ac1af
After Eight,NEU!,NEU! 75,,INDIFFERENT,4:45,285,NdKI0dGpBwA,2024-10-02T04:00:34Z,commit:777ac1af
E-Musik,NEU!,NEU! 75,,INDIFFERENT,9:58,598,ixvrMp1KNEI,2024-10-02T03:50:36Z,commit:777ac1af
Hero,NEU!,NEU! 75,,INDIFFERENT,7:12,432,wNiO2_Oc_r0,2024-10-02T03:43:24Z,commit:777ac1af
Leb' wohl,NEU!,NEU! 75,,INDIFFERENT,8:51,531,ayKs84dRLdA,2024-10-02T03:34:33Z,commit:777ac1af
Seeland,NEU!,NEU! 75,,INDIFFERENT,6:55,415,5B3bQHYp0rM,2024-10-02T03:27:38Z,commit:777ac1af
ISI,NEU!,NEU! 75,,INDIFFERENT,5:07,307,skzjyjcC9UM,2024-10-02T03:22:31Z,commit:777ac1af
Im Gluck,NEU!,NEU!,,INDIFFERENT,6:54,414,2I0_eW_2mhs,2024-10-02T03:15:37Z,commit:777ac1af
I Want More,Can,Flow Motion,False,INDIFFERENT,3:31,211,Vs4GZ5d036U,2024-10-02T03:12:06Z,commit:777ac1af
Dream Baby Dream (Long Version),Suicide,The Second Album + The First Rehearsal Tapes,False,INDIFFERENT,6:25,385,8zpUfZfe6v4,2024-10-02T03:05:41Z,commit:777ac1af
Dino,Harmonia,Musik von Harmonia,False,INDIFFERENT,3:32,212,h6eblnMt4pI,2024-10-02T03:02:09Z,commit:777ac1af
Lanquidity,Sun Ra,Lanquidity (Definitive Edition),False,INDIFFERENT,8:22,502,7O4c6D8Z9a8,2024-10-02T02:53:47Z,commit:777ac1af
Play Mass,Sons Of Kemet,Lest We Forget What We Came Here to Do,False,INDIFFERENT,5:05,305,IepRB5m5xWE,2024-10-02T02:48:42Z,commit:777ac1af
Electricity,Captain Beefheart & His Magic Band,Safe As Milk,False,INDIFFERENT,3:07,187,JpJb9EpHGzY,2024-10-02T02:45:35Z,commit:777ac1af
Aht uh mi hed,Shuggie Otis,Twenty First Century Twenty First Year,False,INDIFFERENT,4:17,257,uGiyGbbu_vI,2024-10-02T02:41:18Z,commit:777ac1af
Rheinita,La Düsseldorf,Viva,True,INDIFFERENT,7:39,459,gNLsIJUybD4,2024-10-02T02:33:39Z,commit:777ac1af
Monza (Rauf und runter),Harmonia,Deluxe,False,INDIFFERENT,7:08,428,mIi4gnk-Wz0,2024-10-02T02:26:31Z,commit:777ac1af
Moonshake,Can,Future Days,False,INDIFFERENT,3:03,183,JAdNjKAAj_o,2024-10-02T02:23:28Z,commit:777ac1af
Fool's Ride,WITCH,Witch: We Intend to Cause Havoc!,,LIKE,3:27,207,lgm7_8rCHrQ,2024-10-02T02:20:01Z,commit:777ac1af
Negativland,NEU!,NEU!,,INDIFFERENT,9:48,588,Dghl0Aorhf4,2024-10-02T02:10:13Z,commit:777ac1af
Im Gluck,NEU!,NEU!,,INDIFFERENT,6:54,414,2I0_eW_2mhs,2024-10-02T02:03:19Z,commit:777ac1af
Sonderangebot,NEU!,NEU!,,INDIFFERENT,4:52,292,JgYHsb0zKno,2024-10-02T01:58:27Z,commit:777ac1af
Hallogallo,NEU!,NEU!,,INDIFFERENT,10:08,608,zCblJ19-bTY,2024-10-02T01:48:19Z,commit:777ac1af
Weissensee,NEU!,NEU!,,LIKE,6:47,407,PVMBdPZgoJg,2024-10-02T01:41:32Z,commit:777ac1af
Watchin' You,Brainticket,Psychonaut,False,INDIFFERENT,5:19,319,SFQ66PCdXB8,2024-10-02T01:36:13Z,commit:777ac1af
Damaged Goods,Gang Of Four,Fast Product - Rigour Discipline And Disgust,False,INDIFFERENT,3:35,215,Bat1Rgt92GA,2024-10-02T01:32:38Z,commit:777ac1af
Jail-House Frog,Amon Düül II,Wolf City,False,INDIFFERENT,4:57,297,g-6PuzqoNYQ,2024-10-02T01:27:41Z,commit:777ac1af
Numbers (2009 Remaster),Kraftwerk,Computer World (2009 Remaster),False,INDIFFERENT,3:21,201,fOoCnK5Jza4,2024-10-02T01:24:20Z,commit:777ac1af
Fire,The Crazy World Of Arthur Brown,The Crazy World of Arthur Brown,False,INDIFFERENT,2:56,176,9xp6oZi3nXM,2024-10-02T01:21:24Z,commit:777ac1af
Jump Into The Fire,Harry Nilsson,Nilsson Schmilsson,False,INDIFFERENT,7:03,423,A_r7j_NKFCM,2024-10-02T01:14:21Z,commit:777ac1af
I'm Glad,Captain Beefheart & His Magic Band,Safe As Milk,False,INDIFFERENT,3:31,211,M59puEnSvd8,2024-10-02T01:10:50Z,commit:777ac1af
Rare Air,Mildlife,Automatic,False,INDIFFERENT,6:54,414,NKnuQBW4P1I,2024-10-02T01:03:56Z,commit:777ac1af
Love Is The Drug,Roxy Music,Siren,False,INDIFFERENT,4:12,252,L3rXKmugE9c,2024-10-02T00:59:44Z,commit:777ac1af
I Want More,Can,Flow Motion,False,INDIFFERENT,3:31,211,Vs4GZ5d036U,2024-10-02T00:56:13Z,commit:777ac1af
Sweet Jane (Mono; 2015 Remaster),The Velvet Underground,Loaded: Re-Loaded 45th Anniversary Edition,False,INDIFFERENT,3:16,196,AAzOGNUkhDs,2024-10-02T00:52:57Z,commit:777ac1af
"Richard Petty (Live at State Farm Arena, Atlanta, GA 3/1/24)",Billy Strings,Billy Strings Live Vol. 1,,INDIFFERENT,2:12,132,LdQHW8Kanek,2024-10-02T00:50:45Z,commit:777ac1af
"Turmoil & Tinfoil (Live at UNO Lakefront Arena, New Orleans, LA 12/31/23)",Billy Strings,Billy Strings Live Vol. 1,,INDIFFERENT,21:13,1273,TrEGVB-L7ms,2024-10-02T00:29:32Z,commit:777ac1af
"Dos Banjos (Live at La Cigale, Paris, FR 11/14/23)",Billy Strings,Billy Strings Live Vol. 1,,INDIFFERENT,3:25,205,-XZPvXIcts0,2024-10-02T00:26:07Z,commit:777ac1af
"Heartbeat of America (Live at Ryman Auditorium, Nashville, TN 2/25/24)",Billy Strings,Billy Strings Live Vol. 1,,INDIFFERENT,10:17,617,P5dOy2tU5Ds,2024-10-02T00:15:50Z,commit:777ac1af
"Highway Hypnosis (Live at Pine Knob Music Theatre, Clarkston, MI 6/16/23)",Billy Strings,Billy Strings Live Vol. 1,,INDIFFERENT,15:52,952,xoq9xWNHxhk,2024-10-01T23:59:58Z,commit:777ac1af
"Hellbender (Live at St. Augustine Amphitheatre, St. Augustine, FL 4/22/23)",Billy Strings,Billy Strings Live Vol. 1,,INDIFFERENT,3:37,217,Fay6gqtZldw,2024-10-01T23:56:21Z,commit:777ac1af
"Fire Line > Reuben's Train (Live at Ryman Auditorium, Nashville, TN 2/25/24)",Billy Strings,Billy Strings Live Vol. 1,,INDIFFERENT,19:03,1143,3D42oNloVEI,2024-10-01T23:37:18Z,commit:777ac1af
"Long Forgotten Dream (Live at Renewal, Buena Vista, CO 9/22/23)",Billy Strings,Billy Strings Live Vol. 1,,INDIFFERENT,4:37,277,epMMEXuw3v0,2024-10-01T23:32:41Z,commit:777ac1af
"Away From The Mire (Live at Moody Center, Austin, TX 6/2/23)",Billy Strings,Billy Strings Live Vol. 1,,INDIFFERENT,13:09,789,IR4a4nPFulc,2024-10-01T23:19:32Z,commit:777ac1af
"Dust in a Baggie (Live at Mohegan Sun Arena at Casey Plaza, Wilkes-Barre, PA 12/15/23)",Billy Strings,Billy Strings Live Vol. 1,,INDIFFERENT,3:42,222,H2-jhvYLhLs,2024-10-01T23:15:50Z,commit:777ac1af
Right Kind of Dream,"Johnny Blue Skies, Sturgill Simpson",Passage Du Desir,,INDIFFERENT,5:18,318,K68Bx1j8VpE,2024-10-01T23:10:32Z,commit:777ac1af
Another Saturday Night,Sam Cooke,30 Greatest Hits: Portrait of a Legend 1951-1964,True,LIKE,2:43,163,8N1qQHzh6-A,2024-10-01T23:07:49Z,commit:777ac1af
Blue Rondo à la Turk (Live),"Dave Brubeck, Bill Smith, Randy Jones, and Chris Brubeck",Live at Midem 1983,False,INDIFFERENT,7:09,429,ehuVpI-rhUE,2024-10-01T23:00:40Z,commit:777ac1af
Spanish Pipedream,John Prine,John Prine,False,LIKE,2:42,162,ZkfqWEXdx-I,2024-10-01T22:57:58Z,commit:777ac1af
Jerusalem's Ridge,"Bill Monroe, Kenny Baker",High Lonesome: The Story of Bluegrass Music,True,INDIFFERENT,3:34,214,D0AA8lAwH1s,2024-10-01T22:54:24Z,commit:777ac1af
Good At Losing,Charley Crockett,$10 Cowboy,False,INDIFFERENT,3:45,225,uVlHMrpN_qk,2024-10-01T22:50:39Z,commit:777ac1af
Tu Vuo Fà L'Americano,Renato Carosone,L'Incredibile Renato Carosone,True,LIKE,3:29,209,ziiqEDjzrsY,2024-10-01T22:47:10Z,commit:777ac1af
American Dreaming,Sierra Ferrell,American Dreaming (Single Edit),False,INDIFFERENT,4:18,258,MARPEvw2Prw,2024-10-01T22:42:52Z,commit:777ac1af
Puttin' On the Ritz,Gypsy Swing Revue,Puttin' On The Ritz,True,LIKE,3:59,239,CFw6Cqkd0hA,2024-10-01T22:38:53Z,commit:777ac1af
The Great Pretender,Old & In The Way,That High Lonesome Sound,True,LIKE,3:39,219,goE5qv5eh3M,2024-10-01T22:35:14Z,commit:777ac1af
Que Sera,Wax Tailor,Tales of the Forgotten Melodies,,INDIFFERENT,2:45,165,TTLat9iFRp8,2024-10-01T22:32:29Z,commit:777ac1af
1952 Vincent Black Lightning,Del McCoury Band,Del & The Boys,True,LIKE,4:03,243,Vz6fCj1zLSg,2024-10-01T22:28:26Z,commit:777ac1af
New Reggae Funk,Remi Kabaka,Son of Africa,False,INDIFFERENT,3:07,187,68JOCFr_UzA,2024-10-01T22:25:19Z,commit:777ac1af
Battle of New Orleans,Les Claypool's Duo De Twang,Four Foot Shack,,LIKE,4:17,257,WPMPSbWNpbg,2024-10-01T22:21:02Z,commit:777ac1af
Hang Up Your Hang Ups,Herbie Hancock,Man-Child,False,INDIFFERENT,7:26,446,d7kRlufrZJo,2024-10-01T22:13:36Z,commit:777ac1af
Rainbow Connection,Willie Nelson,Rainbow Connection,False,INDIFFERENT,4:30,270,3kih6sGyxCQ,2024-10-01T22:09:06Z,commit:777ac1af
Dancing Queen,ABBA,Arrival,False,INDIFFERENT,3:51,231,YkLLcIKhJ64,2024-10-01T22:05:15Z,commit:777ac1af
Amarillo Highway (for Dave Hickey),Terry Allen,Lubbock (on everything),True,LIKE,4:01,241,j0yS6Jc-vw0,2024-10-01T22:01:14Z,commit:777ac1af
One Toke Over the Line,Brewer & Shipley,One Toke Over The Line: The Best Of Brewer & Shipley,True,LIKE,3:20,200,L9HXClusp_E,2024-10-01T21:57:54Z,commit:777ac1af
"Gold Dust Woman (Live at The Forum, Inglewood, CA 8/29/77)",Fleetwood Mac,Gold Dust Woman,,LIKE,7:24,444,5Zp2WKvnG_E,2024-10-01T21:50:30Z,commit:777ac1af
Wish You Weren’t Here,"Shpongle, Simon Posford",Flux & Contemplation - Portrait of an Artist in Isolation,,LIKE,5:29,329,gWpYbDCSoro,2024-10-01T21:45:01Z,commit:777ac1af
Hard Luck & Circumstances,Charley Crockett,Hard Luck & Circumstances,False,INDIFFERENT,3:05,185,cnjfEGezbxk,2024-10-01T21:41:56Z,commit:777ac1af
Green Green Grass Of Tunnel,múm,Finally We Are No One,False,INDIFFERENT,4:52,292,AcaITzRkO3c,2024-10-01T21:37:04Z,commit:777ac1af
One Most Memorable,Sonna,Smile and The World Smiles With You,False,INDIFFERENT,6:37,397,REh8Bg_mcSY,2024-10-01T21:30:27Z,commit:777ac1af
Poison Tree,Grouper,Inca Ore / Grouper,False,INDIFFERENT,3:17,197,6gnKBDlJutA,2024-10-01T21:27:10Z,commit:777ac1af
Green Arrow,Yo La Tengo,I Can Hear The Heart Beating As One,False,INDIFFERENT,5:44,344,829Lks-mD-c,2024-10-01T21:21:26Z,commit:777ac1af
Engine Of Ruin,Earth,The Bees Made Honey In The Lion's Skull,False,INDIFFERENT,6:29,389,TFYbk-WzGwg,2024-10-01T21:14:57Z,commit:777ac1af
Library Tapes: Fragment II,Library Tapes,Fragment,False,INDIFFERENT,4:01,241,Fq8lS-mSeoY,2024-10-01T21:10:56Z,commit:777ac1af
Arbenita (11 Years),Max Richter,Memoryhouse,False,INDIFFERENT,7:07,427,BRDIS6-H6OA,2024-10-01T21:03:49Z,commit:777ac1af
Your Hand in Mine,Explosions in the Sky,The Earth Is Not a Cold Dead Place,False,INDIFFERENT,8:18,498,1aMQ8db4Y4c,2024-10-01T20:55:31Z,commit:777ac1af
Don't Bother They're Here,Stars of the Lid,And Their Refinement of the Decline,,INDIFFERENT,10:11,611,_DsYk-WM5Rk,2024-10-01T20:45:20Z,commit:777ac1af
Nothing It Can,Helios,Moiety,False,INDIFFERENT,4:48,288,IV2hy2FQ_h8,2024-10-01T20:40:32Z,commit:777ac1af
"Hands, Be Still",Ólafur Arnalds,For Now I Am Winter,False,INDIFFERENT,3:40,220,cJcAmMMOxoQ,2024-10-01T20:36:52Z,commit:777ac1af
Mother Opiate,This Will Destroy You,Another Language,False,INDIFFERENT,4:46,286,BnOlppEkWY8,2024-10-01T20:32:06Z,commit:777ac1af
I Can Almost See You,Hammock,Raising Your Voice... Trying to Stop an Echo (Deluxe Edition),False,INDIFFERENT,4:16,256,KLzyMis-sz8,2024-10-01T20:27:50Z,commit:777ac1af
Should Have Known,The Band Of Heathens,Top Hat Crown & the Clapmaster's Son,False,INDIFFERENT,4:34,274,Z5Qj3UoUDOc,2024-10-01T20:23:16Z,commit:777ac1af
Fried Neck Bones And Some Home Fries,Willie Bobo,Uno Dos Tres 1-2-3,False,INDIFFERENT,3:04,184,A8oKnHRrgBg,2024-10-01T20:20:12Z,commit:777ac1af
About to Find Out,Margo Price,Midwest Farmer's Daughter,True,LIKE,3:13,193,Z7hqaiGAKdo,2024-10-01T20:16:59Z,commit:777ac1af
Don´t Stop The Music (Bossa Version),Marcela Mangabeira,Relaxing Bossa Lounge 3,False,INDIFFERENT,3:48,228,SDV_eTHunq4,2024-10-01T20:13:11Z,commit:777ac1af
50 Ways to Leave Your Lover,Paul Simon,Still Crazy After All These Years,False,INDIFFERENT,3:38,218,B1V1varByWI,2024-10-01T20:09:33Z,commit:777ac1af
The Gambler,Kenny Rogers,The Gambler,False,INDIFFERENT,3:35,215,w4RvskuFnPY,2024-10-01T20:05:58Z,commit:777ac1af
C Jam Blues (Live),"Lincoln Center Jazz Orchestra, Wynton Marsalis",Live In Swing City- Swingin' With Duke,False,INDIFFERENT,3:34,214,mDVca-uwiF8,2024-10-01T20:02:24Z,commit:777ac1af
One Toke Over the Line,Brewer & Shipley,Tarkio Road,True,LIKE,3:20,200,OF3EUFnafp8,2024-10-01T19:59:04Z,commit:777ac1af
Ces petits riens,"Stacey Kent, Matt Skelton, John Parricelli, and Dave Chamberlain",Breakfast on the Morning Tram (Bonus Edition),False,INDIFFERENT,3:22,202,BdkCkoh4Qgw,2024-10-01T19:55:42Z,commit:777ac1af
Yes Baby Yes,Mo' Horizons,Come Touch The Sun,False,INDIFFERENT,5:01,301,fhnTkj0GQUE,2024-10-01T19:50:41Z,commit:777ac1af
Take A Chance On Me,ABBA,The Album,False,INDIFFERENT,4:04,244,DkkQ8dCPiwA,2024-10-01T19:46:37Z,commit:777ac1af
Figure It Out,Royal Blood,Royal Blood,False,INDIFFERENT,3:04,184,Qc2-2GEM4KY,2024-10-01T19:43:33Z,commit:777ac1af
It's Still Rock and Roll to Me,Billy Joel,Glass Houses,False,INDIFFERENT,2:57,177,lvlPoBduEe4,2024-10-01T19:40:36Z,commit:777ac1af
Turn It Up,Whiskey Myers,Firewater,False,INDIFFERENT,3:25,205,ZMNEhz1OSrs,2024-10-01T19:37:11Z,commit:777ac1af
Just What I Needed,The Cars,The Cars,False,INDIFFERENT,3:46,226,naOzftxOKig,2024-10-01T19:33:25Z,commit:777ac1af
Call Me,Blondie,Call Me,False,INDIFFERENT,3:33,213,tykf2xYPNdc,2024-10-01T19:29:52Z,commit:777ac1af
Feed Us,Dreaming Bull,Dreaming Bull,False,INDIFFERENT,3:29,209,amhTsbCHrt4,2024-10-01T19:26:23Z,commit:777ac1af
Sweet Dreams (Are Made of This),Eurythmics,Sweet Dreams (Are Made Of This),False,INDIFFERENT,3:37,217,eRhg7qPLeN8,2024-10-01T19:22:46Z,commit:777ac1af
The Way We Move,"Langhorne Slim, The Law",The Way We Move,False,INDIFFERENT,2:49,169,NuX7yS_luJ8,2024-10-01T19:19:57Z,commit:777ac1af
Don't Stop Believin' (2024 Remaster),Journey,Greatest Hits (2024 Remaster),False,INDIFFERENT,4:11,251,7bX76VR6oQE,2024-10-01T19:15:46Z,commit:777ac1af
The Stroke,Billy Squier,Let's Go To Prison (Music From The Motion Picture),False,INDIFFERENT,3:38,218,_y2RGkty6s4,2024-10-01T19:12:08Z,commit:777ac1af
Hammer To Fall,Queen,Greatest Hits II,False,INDIFFERENT,3:39,219,1BDTVO5Is1Y,2024-10-01T19:08:29Z,commit:777ac1af
One For The Road,"Johnny Blue Skies, Sturgill Simpson",Passage Du Desir,,INDIFFERENT,8:56,536,_A2aZInF1wY,2024-10-01T18:59:33Z,commit:777ac1af
Mint Tea,"Johnny Blue Skies, Sturgill Simpson",Passage Du Desir,,INDIFFERENT,3:38,218,h_Tz8EFJilU,2024-10-01T18:55:55Z,commit:777ac1af
Right Kind of Dream,"Johnny Blue Skies, Sturgill Simpson",Passage Du Desir,,INDIFFERENT,5:18,318,K68Bx1j8VpE,2024-10-01T18:50:37Z,commit:777ac1af
Who I Am,"Johnny Blue Skies, Sturgill Simpson",Passage Du Desir,,INDIFFERENT,3:07,187,zluaYB2EH-I,2024-10-01T18:47:30Z,commit:777ac1af
Jupiter's Faerie,"Johnny Blue Skies, Sturgill Simpson",Passage Du Desir,,INDIFFERENT,7:25,445,KKjxrlC-teA,2024-10-01T18:40:05Z,commit:777ac1af
Hard Luck & Circumstances,Charley Crockett,$10 Cowboy,False,INDIFFERENT,3:05,185,Ui1dhDSugO8,2024-10-01T18:37:00Z,commit:777ac1af
$10 Cowboy,Charley Crockett,$10 Cowboy,False,INDIFFERENT,3:36,216,9aJCmK6VNTE,2024-10-01T18:33:24Z,commit:777ac1af
Dollar Bill Bar,Sierra Ferrell,Dollar Bill Bar,False,INDIFFERENT,3:30,210,0_7TjIxxM_4,2024-10-01T15:56:04Z,commit:777ac1af
American Dreaming,Sierra Ferrell,American Dreaming (Single Edit),False,INDIFFERENT,4:18,258,MARPEvw2Prw,2024-10-01T15:51:46Z,commit:777ac1af
Mamma Mia,ABBA,Abba,False,INDIFFERENT,3:34,214,KMViJKmAV4M,2024-10-01T15:48:12Z,commit:777ac1af
Rasputin,Boney M.,The Magic Of Boney M.,False,INDIFFERENT,4:27,267,6JhVo2zS8hU,2024-10-01T15:43:45Z,commit:777ac1af
Don't Go Breaking My Heart,"Elton John, Kiki Dee",Diamonds (Deluxe),False,INDIFFERENT,4:27,267,DH7kBuZ5GZk,2024-10-01T15:39:18Z,commit:777ac1af
Of All the Dreams,The Wild Reeds,Blind and Brave,,LIKE,3:33,213,FRZJw9-JPg8,2024-10-01T15:13:51Z,commit:777ac1af
Masacote,Orions Belte,Women,True,LIKE,3:17,197,QgQq9eAGCyk,2024-10-31T05:33:40Z,gh-2611
Wreck of the Old 97,Lonnie Donegan,King of Skiffle,False,LIKE,2:32,152,JgGZnbDxo10,2024-10-31T05:31:08Z,gh-2611
Ohio,"Crosby, Stills, Nash & Young",So Far,False,INDIFFERENT,3:04,184,l1PrUU2S_iw,2024-10-31T05:28:04Z,gh-2611
Granny White Special,Chris Thile,Chris Thile & Friends,,INDIFFERENT,5:56,356,FcxkGff6Xhc,2024-10-31T05:22:08Z,gh-2611
Sweet Georia > E.M.D. > Lochs >EMD >Sweet Georgia,Chris Thile,Chris Thile & Friends,,INDIFFERENT,19:42,1182,ohhpKRQI4mw,2024-10-31T05:02:26Z,gh-2611
Big Sciota,Chris Thile,Chris Thile & Friends,,LIKE,5:40,340,txYOk7ybtDk,2024-10-31T04:56:46Z,gh-2611
Masacote,Orions Belte,Women,True,LIKE,3:17,197,QgQq9eAGCyk,2024-10-30T13:28:44Z,gh-2606
Wreck of the Old 97,Lonnie Donegan,King of Skiffle,False,LIKE,2:32,152,JgGZnbDxo10,2024-10-30T13:26:12Z,gh-2606
Sin City,The Flying Burrito Brothers,The Gilded Palace Of Sin,,LIKE,4:10,250,UcU04NGMQb8,2024-10-30T13:22:02Z,gh-2606
Ohio,"Crosby, Stills, Nash & Young",So Far,False,INDIFFERENT,3:04,184,l1PrUU2S_iw,2024-10-31T06:37:59Z,gh-2605
Tombstone Blues,Bob Dylan,Highway 61 Revisited,True,LIKE,5:57,357,J6yWZUv9QJA,2024-10-31T06:32:02Z,gh-2605
Granny White Special,Chris Thile,Chris Thile & Friends,,INDIFFERENT,5:56,356,FcxkGff6Xhc,2024-10-31T06:26:06Z,gh-2605
Sweet Georia > E.M.D. > Lochs >EMD >Sweet Georgia,Chris Thile,Chris Thile & Friends,,INDIFFERENT,19:42,1182,ohhpKRQI4mw,2024-10-31T03:20:03Z,gh-2604
Big Sciota,Chris Thile,Chris Thile & Friends,,LIKE,5:40,340,txYOk7ybtDk,2024-10-31T03:14:23Z,gh-2604
Tombstone Blues,Bob Dylan,Highway 61 Revisited,True,LIKE,5:57,357,J6yWZUv9QJA,2024-10-31T03:08:26Z,gh-2604
Deal,Grateful Dead,"1990.03.19 Hartford Civic Center, Hartford, CT",,INDIFFERENT,8:41,521,NQOT2Ra9zGM,2024-10-31T01:50:03Z,gh-2603
It's All Over Now >,Grateful Dead,"1990.03.19 Hartford Civic Center, Hartford, CT",,INDIFFERENT,7:25,445,oLVO0isIg6k,2024-10-31T01:42:38Z,gh-2603
Brown-Eyed Women,Grateful Dead,"1990.03.19 Hartford Civic Center, Hartford, CT",,INDIFFERENT,5:59,359,1wex2cEJUHs,2024-10-31T01:36:39Z,gh-2603
Picasso Moon,Grateful Dead,"1990.03.19 Hartford Civic Center, Hartford, CT",,INDIFFERENT,7:42,462,lZg4IHmTCS0,2024-10-31T01:28:57Z,gh-2603
Jack-A-Roe,Grateful Dead,"1990.03.19 Hartford Civic Center, Hartford, CT",,INDIFFERENT,5:14,314,U1bWiOaRQ_A,2024-10-31T01:23:43Z,gh-2603
We Can Run,Grateful Dead,"1990.03.19 Hartford Civic Center, Hartford, CT",,INDIFFERENT,7:06,426,J5h4eRfUsrc,2024-10-31T01:16:37Z,gh-2603
Bertha,Grateful Dead,"1990.03.19 Hartford Civic Center, Hartford, CT",,INDIFFERENT,7:10,430,cuUn7XWcL4U,2024-10-31T01:09:27Z,gh-2603
Hell In A Bucket,Grateful Dead,"1990.03.19 Hartford Civic Center, Hartford, CT",,INDIFFERENT,6:44,404,bThPlKF26iU,2024-10-31T01:02:43Z,gh-2603
Mozambique,Bob Dylan,Desire,False,INDIFFERENT,3:01,181,RlgVcRNe6Pk,2024-10-31T00:59:42Z,gh-2603
Stranger in a Strange Land (Instrumental),The Byrds,Turn! Turn! Turn!,False,INDIFFERENT,3:04,184,3fPeBt5aWng,2024-10-31T00:56:38Z,gh-2603
Most Likely You Go Your Way (And I'll Go Mine),Bob Dylan,Blonde On Blonde,True,LIKE,3:28,208,Jm6tklKwaaA,2024-10-31T00:53:10Z,gh-2603
East Virginia Blues (Mono),Bob Dylan,"Travelin' Thru, 1967 - 1969: The Bootleg Series, Vol. 15 (Sampler)",,INDIFFERENT,2:35,155,y-LwK8c2djY,2024-10-31T00:50:35Z,gh-2603
The Man in Me,Bob Dylan,New Morning,False,INDIFFERENT,3:07,187,-y37njM09uc,2024-10-31T00:47:28Z,gh-2603
The Lonesome Death of Hattie Carroll,Bob Dylan,The Times They Are A-Changin',False,INDIFFERENT,5:46,346,-a4Qhrzq6yo,2024-10-31T00:41:42Z,gh-2603
Chimes of Freedom,The Byrds,Mr. Tambourine Man,False,INDIFFERENT,3:52,232,zvBKeB44Qkw,2024-10-31T00:37:50Z,gh-2603
Mr. Spaceman,The Byrds,Fifth Dimension,True,LIKE,2:10,130,0Yr1vHKioo4,2024-10-31T00:35:40Z,gh-2603
Night and Day,Ed Thigpen,Young Men & Olds,False,INDIFFERENT,5:54,354,I6vw8_P7JsM,2024-10-30T21:24:12Z,gh-2602
Speak Like A Child,Herbie Hancock,Speak Like A Child (Expanded Edition),False,INDIFFERENT,7:51,471,FhKBbsTspJA,2024-10-30T21:16:21Z,gh-2602
You Wish,Nightmares On Wax,In A Space Outta Sound,False,INDIFFERENT,3:30,210,rxbCaiyYSXM,2024-10-30T21:12:51Z,gh-2602
Days Of Wine And Roses,Wes Montgomery,Boss Guitar,False,INDIFFERENT,3:47,227,l90ShermeKQ,2024-10-30T21:09:04Z,gh-2602
Anything I Do,Tommy Flanagan,Presenting Tommy Flanagan,False,INDIFFERENT,3:02,182,ZiYH0bfYXs0,2024-10-30T21:06:02Z,gh-2602
Flight of the Cosmic Hippo,Bela Fleck And The Flecktones,Flight Of The Cosmic Hippo,False,INDIFFERENT,4:28,268,Tt_22fXoDYs,2024-10-30T21:01:34Z,gh-2602
Walkin' Shoes,Gerry Mulligan Quartet,Gerry Mulligan Quartet Vol.1 (Expanded Edition),False,INDIFFERENT,3:14,194,PXBq_BnEmS4,2024-10-30T20:58:20Z,gh-2602
Summer Madness,Kool & The Gang,Light Of Worlds,False,INDIFFERENT,4:18,258,vQSI-rUUYqA,2024-10-30T20:54:02Z,gh-2602
But Beautiful,"Bill Evans, Stan Getz",Stan Getz & Bill Evans,False,INDIFFERENT,4:41,281,7fXGu0QTOGg,2024-10-30T20:49:21Z,gh-2602
Naima,John Coltrane,Giant Steps,False,INDIFFERENT,4:19,259,mLlwp1aB8Eo,2024-10-30T20:45:02Z,gh-2602
Georgia On My Mind,Oscar Peterson Trio,Night Train (Expanded Edition),False,INDIFFERENT,3:44,224,bqW0gG6T-9o,2024-10-30T20:41:18Z,gh-2602
I See Your Face Before Me,Hank Mobley,Dippin',False,INDIFFERENT,5:30,330,MetWGkwlpHk,2024-10-30T20:35:48Z,gh-2602
The Astounding Eyes Of Rita,Anouar Brahem,The Astounding Eyes Of Rita,False,INDIFFERENT,8:42,522,9LWLwH8MKWM,2024-10-30T20:27:06Z,gh-2602
Django (Rudy Van Gelder Edition / Remastered 1999),Grant Green,Idle Moments,False,INDIFFERENT,8:45,525,bA9qpIB8xQM,2024-10-30T20:18:21Z,gh-2602
"Old Folks' Boogie (Live at the Rainbow Theatre, London, UK, 8/4/1977)",Little Feat,Waiting for Columbus (Live Version; Deluxe Edition),,INDIFFERENT,4:27,267,cc5N5KRAZ-s,2024-10-30T20:13:54Z,gh-2602
Unbroken Chain,Grateful Dead,From the Mars Hotel,True,LIKE,6:46,406,T5FN06LFfHk,2024-10-30T18:33:54Z,gh-2601
The Winner Is,"DeVotchKa, Mychael Danna",Little Miss Sunshine (Original Motion Picture Soundtrack),False,INDIFFERENT,3:05,185,leZsqe2w5AY,2024-10-30T18:30:49Z,gh-2601
The Concubine,Beirut,March of the Zapotec and Real People Holland,False,INDIFFERENT,3:29,209,oEg2O2Lgh8w,2024-10-30T18:27:20Z,gh-2601
Weird Fishes/ Arpeggi,Radiohead,In Rainbows,False,INDIFFERENT,5:19,319,LUjGtyYEi90,2024-10-30T18:22:01Z,gh-2601
Roads (Live / Remastered 2023),Portishead,Roseland NYC Live 25 (Remastered 2023),False,INDIFFERENT,5:31,331,jfRppWKQMBA,2024-10-30T18:16:30Z,gh-2601
First Mind,Nick Mulvey,First Mind,False,INDIFFERENT,3:06,186,JS8kdn18K4U,2024-10-30T18:13:24Z,gh-2601
Take My Hand,Matt Berry,Witchazel,False,INDIFFERENT,3:11,191,xmqU_ARQJfU,2024-10-30T18:10:13Z,gh-2601
neruda,Rupa & The April Fishes,este mundo,False,INDIFFERENT,3:15,195,8AWeJb5kW0M,2024-10-30T18:06:58Z,gh-2601
Dog Days Are Over,Florence + The Machine,Lungs (10th Anniversary Edition),False,INDIFFERENT,4:11,251,v3cgdlHzQDQ,2024-10-30T18:02:47Z,gh-2601
Black (feat. Norah Jones),"Danger Mouse, Daniele Luppi",Rome,False,INDIFFERENT,3:32,212,OiKuW3xXwmA,2024-10-30T17:59:15Z,gh-2601
In This Shirt,The Irrepressibles,Mirror Mirror,False,INDIFFERENT,5:36,336,UO5hm2WbVes,2024-10-30T17:53:39Z,gh-2601
Me and the Devil,Soap&Skin,Sugarbread,False,INDIFFERENT,3:05,185,ZfWSOs5YbQ8,2024-10-30T17:50:34Z,gh-2601
The Winner Is... (DeVotchKa Version),DeVotchKa,The Winner Is... (DeVotchKa Version),False,INDIFFERENT,3:16,196,PEC6dITILJ8,2024-10-30T17:47:18Z,gh-2601
Exit Music (For A Film),Radiohead,OK Computer OKNOTOK 1997 2017,True,LIKE,4:26,266,FapBH3j6WoA,2024-10-30T17:42:52Z,gh-2601
Mountains,Message To Bears,Folding Leaves,False,INDIFFERENT,3:56,236,oVDOet85uoU,2024-10-30T17:38:56Z,gh-2601
This Place Is Haunted (Live from The Showbox) (Bonus Track),DeVotchKa,How it Ends – Re-Mastered,,INDIFFERENT,3:13,193,b4GvHzNDIHs,2024-10-30T17:35:43Z,gh-2601
How It Ends (Live from Graveside Variety) (Bonus Track),DeVotchKa,How it Ends – Re-Mastered,,INDIFFERENT,6:28,388,zpZkRq1G0xM,2024-10-30T17:29:15Z,gh-2601
How It Ends (Live from The Showbox) (Bonus Track),DeVotchKa,How it Ends – Re-Mastered,,INDIFFERENT,6:23,383,JLroJ69Hu-8,2024-10-30T17:22:52Z,gh-2601
Reprise (Re-Master),DeVotchKa,How it Ends – Re-Mastered,,INDIFFERENT,1:46,106,Ro9_1I6Oltk,2024-10-30T17:21:06Z,gh-2601
Lunnaya Pogonka (Re-Master),DeVotchKa,How it Ends – Re-Mastered,,INDIFFERENT,5:18,318,-yCBTEvveIg,2024-10-30T17:15:48Z,gh-2601
This Place Is Haunted (Re-Master),DeVotchKa,How it Ends – Re-Mastered,,INDIFFERENT,3:20,200,l7J3FCoPybA,2024-10-30T17:12:28Z,gh-2601
Viens Avec Moi (Re-Master),DeVotchKa,How it Ends – Re-Mastered,,INDIFFERENT,5:02,302,fpOm1eKzXt8,2024-10-30T17:07:26Z,gh-2601
Too Tired (Re-Master),DeVotchKa,How it Ends – Re-Mastered,,INDIFFERENT,4:01,241,edfcPK9h3w0,2024-10-30T17:03:25Z,gh-2601
Such A Lovely Thing (Re-Master),DeVotchKa,How it Ends – Re-Mastered,,INDIFFERENT,4:41,281,ZYJNN4Kf7s0,2024-10-30T16:58:44Z,gh-2601
Dearly Departed (Re-Master),DeVotchKa,How it Ends – Re-Mastered,,INDIFFERENT,5:13,313,3a0iADDhQUU,2024-10-30T16:53:31Z,gh-2601
We're Leaving (Re-Master),DeVotchKa,How it Ends – Re-Mastered,,INDIFFERENT,4:42,282,VQF0DOXoS-k,2024-10-30T16:48:49Z,gh-2601
Charlotte Mittnacht (The Fabulous Destiny Of) (Re-Master),DeVotchKa,How it Ends – Re-Mastered,,LIKE,3:07,187,Hq-EYTZV4cc,2024-10-30T16:45:42Z,gh-2601
Charlotte Mittnacht (The Fabulous Destiny Of) (Re-Master),DeVotchKa,How it Ends – Re-Mastered,,INDIFFERENT,3:07,187,Hq-EYTZV4cc,2024-10-29T20:38:37Z,gh-2597
How It Ends (Re-Master),DeVotchKa,How it Ends – Re-Mastered,,INDIFFERENT,7:00,420,WAd5d-Mbi5o,2024-10-29T20:31:37Z,gh-2597
Twenty-Six Temptations (Re-Master),DeVotchKa,How it Ends – Re-Mastered,,INDIFFERENT,4:13,253,r2pdqE75ypI,2024-10-29T20:27:24Z,gh-2597
No One Is Watching (Re-Master),DeVotchKa,How it Ends – Re-Mastered,,INDIFFERENT,0:26,26,RQe-RaXgIK4,2024-10-29T20:26:58Z,gh-2597
The Enemy Guns (Re-Master),DeVotchKa,How it Ends – Re-Mastered,,INDIFFERENT,4:22,262,PQWGzfaUWSU,2024-10-29T20:22:36Z,gh-2597
You Love Me (Re-Master),DeVotchKa,How it Ends – Re-Mastered,,INDIFFERENT,4:03,243,yYdLzf3yQxE,2024-10-29T20:18:33Z,gh-2597
if you want to go to sleep,Housekeys,if you want to go to sleep,True,LIKE,14:58,898,8keMOH30D6Q,2024-10-29T21:15:17Z,gh-2594
Sailing Through Fog,Housekeys,Sailing Through Fog,False,INDIFFERENT,2:57,177,I4Zjoutnznw,2024-10-29T21:12:20Z,gh-2594
Brace For Impact (Live a Little),Sturgill Simpson,"2024/10/15 St. Louis, MO",,INDIFFERENT,8:41,521,s3kb1Uy_6gg,2024-10-29T21:03:39Z,gh-2594
Juanita,Sturgill Simpson,"2024/10/15 St. Louis, MO",,INDIFFERENT,3:37,217,ddCoOiJGHGM,2024-10-29T21:00:02Z,gh-2594
Midnight Rider,Sturgill Simpson,"2024/10/15 St. Louis, MO",,INDIFFERENT,6:16,376,_RCfMVxDboE,2024-10-29T20:53:46Z,gh-2594
Voices,Sturgill Simpson,"2024/10/15 St. Louis, MO",,INDIFFERENT,3:03,183,aADNz-1thOQ,2024-10-29T20:50:43Z,gh-2594
Jupiter's Faerie,Sturgill Simpson,"2024/10/15 St. Louis, MO",,INDIFFERENT,7:31,451,Yu2Kxf9eMyc,2024-10-29T20:43:12Z,gh-2594
One for the Road,Sturgill Simpson,"2024/10/15 St. Louis, MO",,INDIFFERENT,8:09,489,a6weCPK3Ylo,2024-10-29T20:35:03Z,gh-2594
Remember to Breathe,Sturgill Simpson,"2024/10/15 St. Louis, MO",,INDIFFERENT,5:15,315,5XVJ2_TJYT0,2024-10-29T20:29:48Z,gh-2594
Life of Sin,Sturgill Simpson,"2024/10/15 St. Louis, MO",,INDIFFERENT,2:40,160,42_y1mJaVj4,2024-10-29T20:27:08Z,gh-2594
Breakers Roar,Sturgill Simpson,"2024/10/15 St. Louis, MO",,INDIFFERENT,4:20,260,pCr2D8Zy3h8,2024-10-29T20:22:48Z,gh-2594
Best Clockmaker on Mars,Sturgill Simpson,"2024/10/15 St. Louis, MO",,INDIFFERENT,5:59,359,xhLNU52khRk,2024-10-29T20:16:49Z,gh-2594
Best of Gramatik+Proleter,"2.1M views, Vlad Dascalu",,,LIKE,1:08:23,4103,bypGsd527dM,2024-10-29T05:33:28Z,gh-2589
"In Sarah, Mencken, Christ, and Beethoven There Were Women and Men",Tortoise,TNT,False,INDIFFERENT,7:30,450,aEXwB2df69I,2024-10-29T05:25:58Z,gh-2589
Four-Day Interval,Tortoise,TNT,False,INDIFFERENT,4:46,286,InScyxU-0Gs,2024-10-29T05:21:12Z,gh-2589
The Suspension Bridge at Iguazú Falls,Tortoise,TNT,False,INDIFFERENT,5:39,339,C_Cf3zpdSSE,2024-10-29T05:15:33Z,gh-2589
A Simple Way to Go Faster Than Light That Does Not Work,Tortoise,TNT,False,INDIFFERENT,3:34,214,IBoCUZIRuv4,2024-10-29T05:11:59Z,gh-2589
The Equator,Tortoise,TNT,False,INDIFFERENT,3:43,223,uVzBPPxmNio,2024-10-29T05:08:16Z,gh-2589
I Set My Face to the Hillside,Tortoise,TNT,False,INDIFFERENT,6:09,369,ZuNaQ1c6z8A,2024-10-29T05:02:07Z,gh-2589
Ten-Day Interval,Tortoise,TNT,False,INDIFFERENT,4:45,285,hJQBXfdiOCc,2024-10-29T04:57:22Z,gh-2589
Swung From the Gutters,Tortoise,TNT,False,INDIFFERENT,5:53,353,er_92FLRKsw,2024-10-29T04:51:29Z,gh-2589
TNT,Tortoise,TNT,False,INDIFFERENT,7:34,454,WuitmtCZYoY,2024-10-29T04:43:55Z,gh-2589
Live Phish Instrumental Vol 2,Phish,Mixes,,INDIFFERENT,1:09:39,4179,baGssf_Z0_M,2024-10-29T02:28:47Z,gh-2588
Tulum x Comunite Live Set,Nicola Cruz,Boiler Room,,LIKE,50:34,3034,AaAETrunxdc,2024-10-29T01:08:04Z,gh-2587
Caught In The Middle Of A 3-Way Mix - Beastie Boys Paul's Boutique Tribute - 2013,"16K views, SteveWonda",,,LIKE,1:04:33,3873,6kvEmhGz6gA,2024-10-29T00:03:31Z,gh-2587
The Hot Sh*t Episode 83,Pretty Lights,The HOT Sh*t,,INDIFFERENT,1:00:16,3616,afjLc_6G62Y,2024-10-28T23:03:15Z,gh-2587
CHILL MORNING DEEP HOUSE MIX | LILICAY,"2.1M views, LILICAY",,,INDIFFERENT,1:08:54,4134,-sePewgzVfU,2024-10-28T21:54:21Z,gh-2587
Call to Arms,Sturgill Simpson,"2024/10/16 St. Louis, MO",,INDIFFERENT,14:04,844,hWeL9CD3EeU,2024-10-28T21:40:17Z,gh-2587
Purple Rain,Sturgill Simpson,"2024/10/16 St. Louis, MO",,INDIFFERENT,5:29,329,NjrCpYLXuQw,2024-10-28T21:34:48Z,gh-2587
One for the Road,Sturgill Simpson,"2024/10/16 St. Louis, MO",,INDIFFERENT,8:37,517,uO-hXnSjAPs,2024-10-28T21:26:11Z,gh-2587
Long White Line,Sturgill Simpson,"2024/10/16 St. Louis, MO",,INDIFFERENT,5:27,327,pHYvVt8TQqk,2024-10-28T21:20:44Z,gh-2587
Wheels,The Seldom Scene,15th Anniversary Celebration,,INDIFFERENT,3:27,207,Bec8fjcDjwc,2024-10-28T21:17:17Z,gh-2587
Fredericia,Do Make Say Think,Winter Hymn Country Hymn Secret Hymn,,INDIFFERENT,9:38,578,gROkkfNjTmI,2024-10-28T21:07:39Z,gh-2587
St. Stephen,Grateful Dead,Aoxomoxoa,False,INDIFFERENT,4:28,268,W-s0lFpflQw,2024-10-28T21:03:11Z,gh-2587
China Doll,Grateful Dead,From the Mars Hotel,False,INDIFFERENT,4:12,252,ESDvffE20Oc,2024-10-28T20:58:59Z,gh-2587
Box of Rain,Grateful Dead,American Beauty,True,INDIFFERENT,5:19,319,nxjvo4BRf-Y,2024-10-28T20:53:40Z,gh-2587
Unbroken Chain,Grateful Dead,From the Mars Hotel,True,LIKE,6:46,406,T5FN06LFfHk,2024-10-28T20:46:54Z,gh-2587
No Fun,Nick Shoulders,Lonely Like Me,False,INDIFFERENT,3:56,236,yeSouKmD4Uc,2024-10-28T21:26:17Z,gh-2586
Black Iris,Sven Wunder,Eastern Flowers,,LIKE,2:53,173,U_itkIUMAJ8,2024-10-28T21:23:24Z,gh-2586
Bumpin' On Sunset,Wes Montgomery,Tequila (Expanded Edition),False,INDIFFERENT,4:49,289,ER8Q504Vro8,2024-10-28T21:18:35Z,gh-2586
Boulderdash (feat. Tony Trischka & Noam Pikelny),Béla Fleck,My Bluegrass Heart,,LIKE,7:02,422,H84Ast4cZMo,2024-10-28T21:11:33Z,gh-2586
Anthropocene,loscil,Monument Builders,False,INDIFFERENT,4:40,280,WmhPWGkAqUw,2024-10-28T21:06:53Z,gh-2586
The Sunny Side of Life,"Nancy Blake, Norman Blake",The Morning Glory Ramblers,False,INDIFFERENT,3:21,201,KjJGgm353eU,2024-10-28T21:03:32Z,gh-2586
Jonah,Paul Simon,One-Trick Pony,False,INDIFFERENT,3:31,211,IJOhJfuWSi4,2024-10-28T21:00:01Z,gh-2586
Fall On My Knees,Foghorn Stringband,Reap What You Sow,,LIKE,4:45,285,2sVJfYnm6tA,2024-10-28T20:55:16Z,gh-2586
The Logical Song,Supertramp,The Logical Song,True,LIKE,4:10,250,pP8iUyb9Gn8,2024-10-28T20:51:06Z,gh-2586
Poor Man's Blues,Cabinet,This Is Cabinet: Set 2,,LIKE,3:12,192,6eWhynIw-Iw,2024-10-28T20:47:54Z,gh-2586
Honey Dripper,Dr. John,Plays Mac Rebennack,False,INDIFFERENT,3:35,215,BQ9C8GXPx8I,2024-10-28T20:44:19Z,gh-2586
Dance,Chuck Darwin & the Knuckle Draggers,Three Car Pileup,True,LIKE,3:03,183,6ydrdWG15aE,2024-10-28T20:41:16Z,gh-2586
Trans-Continental Hustle,Gogol Bordello,Trans-Continental Hustle,True,LIKE,4:17,257,m25XvcLsROQ,2024-10-28T20:36:59Z,gh-2586
The Uptown Poker Club,Jerry Reed,The Uptown Poker Club,,LIKE,3:29,209,EKMHQIeUTxE,2024-10-28T20:33:30Z,gh-2586
"Conspiracies, Cults & UFOs",John R. Miller,"Conspiracies, Cults & UFOs",,LIKE,2:53,173,dTc_IQiUXtI,2024-10-28T20:30:37Z,gh-2586
Voodoo Lady (Demo),Ween,Chocolate and Cheese (Deluxe Edition),False,INDIFFERENT,4:36,276,biLCHMUBiGY,2024-10-28T20:26:01Z,gh-2586
Bad Idea,The Devil Makes Three,Chains Are Broken,False,INDIFFERENT,2:59,179,NmqQjkXjJow,2024-10-28T20:23:02Z,gh-2586
Last of My Kind,Viv & Riley,Time Is Everything,,LIKE,4:23,263,3kC5wb_yw5Q,2024-10-28T20:18:39Z,gh-2586
Greasy Coat,Chance McCoy and The Appalachian String Band,Debut,,LIKE,3:03,183,OJJJZdITnzg,2024-10-28T20:15:36Z,gh-2586
Lay All Your Love On Me,ABBA,Super Trouper,False,INDIFFERENT,4:35,275,5mHzaIehRTE,2024-10-28T20:11:01Z,gh-2586
Turn Loose Of My Leg,Jim Stafford,Greatest Hits,False,INDIFFERENT,3:17,197,KxlOD4iJ5eg,2024-10-28T20:07:44Z,gh-2586
Clay Pigeons,John Prine,Fair and Square,False,INDIFFERENT,4:28,268,4LfZJMIs3BI,2024-10-28T20:03:16Z,gh-2586
Goodbye Yellow Brick Road,Elton John,Goodbye Yellow Brick Road,,INDIFFERENT,3:13,193,wy709iNG6i8,2024-10-28T20:00:03Z,gh-2586
Accentuate the Positive,Dr. John,In A Sentimental Mood,False,INDIFFERENT,3:53,233,k0I0NB2JLDU,2024-10-28T19:56:10Z,gh-2586
Sow 'Em On The Mountain,Foghorn Stringband,Reap What You Sow,,INDIFFERENT,4:38,278,ut_UqpmZ0j4,2024-10-28T19:51:32Z,gh-2586
Stupid Texas Song,Austin Lounge Lizards,Employee Of The Month,,LIKE,3:34,214,aPvLD7HSUDY,2024-10-28T19:47:58Z,gh-2586
For the First Time,Mac DeMarco,This Old Dog,False,INDIFFERENT,3:03,183,cZCm_i6YvAk,2024-10-28T19:44:55Z,gh-2586
"Little Joe (feat. Andrew Marlin, Noam Pikelny, Chris Eldridge & Alex Hargreaves)",Mighty Poplar,Mighty Poplar,,LIKE,3:04,184,xQ-kxkDP8H0,2024-10-28T19:41:51Z,gh-2586
Jackaroo,"David Grisman, Jerry Garcia",Shady Grove,True,LIKE,4:02,242,GfhrQsMLdY0,2024-10-28T19:37:49Z,gh-2586
Beaumont Rag,The Tony Rice Unit,Unit Of Measure,False,INDIFFERENT,3:38,218,IRlUwaooWUE,2024-10-28T19:34:11Z,gh-2586
Killers of the Flower Moon,Charley Crockett,Killers of the Flower Moon,False,INDIFFERENT,3:14,194,tM3-u1u0nxQ,2024-10-28T19:30:57Z,gh-2586
Nobody's Dirty Business,The Devil Makes Three,The Devil Makes Three,False,INDIFFERENT,3:17,197,rfAhShvrhIU,2024-10-28T19:27:40Z,gh-2586
Call to Arms,Sturgill Simpson,"Cuttin' Grass, Vol. 2 (Cowboy Arms Sessions)",,LIKE,3:03,183,P7VYILfhh3w,2024-10-28T19:24:37Z,gh-2586
American Dreaming,Sierra Ferrell,American Dreaming (Single Edit),False,INDIFFERENT,4:18,258,MARPEvw2Prw,2024-10-28T19:20:19Z,gh-2586
"Mary Poppins (1964) - ""Supercalifragilisticexpialidocious"" - Video/Lyrics","19M views, ItsMusicallyLyrical",,,INDIFFERENT,3:03,183,uZNRzc3hWvE,2024-10-27T21:25:37Z,gh-2578
In the Mood,Glenn Miller,The King of Swing,False,INDIFFERENT,3:35,215,aBOv6lhLxbA,2024-10-27T21:22:02Z,gh-2578
The Lonely Goatherd,"Charmian Carr, Heather Menzies, Julie Andrews, Nicholas Hammond",The Sound Of Music (Original Soundtrack Recording),False,INDIFFERENT,3:13,193,K5Wicl6dcEk,2024-10-27T21:18:49Z,gh-2578
Kodachrome,Paul Simon,There Goes Rhymin' Simon,True,LIKE,3:36,216,JD6Zq505pnM,2024-10-27T21:15:13Z,gh-2578
The Galway Girl,Steve Earle,Transcendental Blues,False,INDIFFERENT,3:05,185,IeW9F4sGzf0,2024-10-27T21:12:08Z,gh-2578
Feelin' Good Again,Robert Earl Keen,Walking Distance,True,LIKE,3:17,197,g5i6duhB9mk,2024-10-27T21:08:51Z,gh-2578
Lil Boo Thang,Paul Russell,Lil Boo Thang,False,INDIFFERENT,1:55,115,ER8z-iLK91Y,2024-10-27T21:06:56Z,gh-2578
Straight Shooter,The Winston Brothers,Straight Shooter / Island Travel,False,INDIFFERENT,3:02,182,dZfe-sEi8Yc,2024-10-27T21:03:54Z,gh-2578
Shallow Water Blackout,loscil,Endless Falls,,INDIFFERENT,7:08,428,ot8dc6oF3pI,2024-10-25T09:25:12Z,gh-2558
Estuarine,loscil,Endless Falls,,INDIFFERENT,8:21,501,MYtX2zYlfdA,2024-10-25T09:16:51Z,gh-2558
Endless Falls,loscil,Endless Falls,,INDIFFERENT,7:56,476,xxxpnfRi4Tw,2024-10-25T09:08:55Z,gh-2558
Shadow Maple,Loscil,Shadow Maple,False,INDIFFERENT,8:00,480,xVWHFlUQ5os,2024-10-25T09:00:55Z,gh-2558
Your Sun (Original) FrankCo Penn,"214 views, FrankCo Penn Bluegrass",,,LIKE,3:19,199,88IU12oeGA0,2024-10-25T06:38:05Z,gh-2557
Welcome to Vulf Records,Vulfpeck,Thrill of the Arts,,LIKE,2:44,164,3SeLdQS2ZNo,2024-10-25T06:35:21Z,gh-2557
Slow Train,Billy Strings,Billy Strings - EP,True,LIKE,4:00,240,dXiyTY6Ctdg,2024-10-25T06:31:21Z,gh-2557
"Steep Grade, Sharp Curves / Ramblin' Reprise",Yonder Mountain String Band,"Mountain Tracks, Vol. 3",True,LIKE,7:06,426,pjlEcgw0IG0,2024-10-25T06:24:15Z,gh-2557
Bitter,"1.9K views, Golden Shoals",,,LIKE,3:43,223,PraaNao2Nf0,2024-10-25T06:20:32Z,gh-2557
South in My Soul,Sons Of The Pioneers,A Country Western Songbook,True,LIKE,2:11,131,ABLlckWKqF4,2024-10-25T06:18:21Z,gh-2557
If I Needed Someone,"Herb Geller, Okko Bekker, Simon Alcott, and Peter Haesslein",Moog & Sitar,,LIKE,3:21,201,ls0yBx9ouuc,2024-10-25T06:15:00Z,gh-2557
Wreck of the Old 97,Lonnie Donegan,King of Skiffle,False,LIKE,2:32,152,JgGZnbDxo10,2024-10-25T06:12:28Z,gh-2557
Idle Hands are the Devil's Playthings,Palace Brothers,There is No-One what Will Take Care of You,,LIKE,2:07,127,4g2lheDsi6A,2024-10-25T06:10:21Z,gh-2557
Bells Of Every Chapel (feat. Billy Strings),Sierra Ferrell,Bells Of Every Chapel,,LIKE,4:16,256,YGMAQw5mcqI,2024-10-25T06:06:05Z,gh-2557
Howard Hughes' Blues,John Hartford,Best of the Warner Years,True,LIKE,2:52,172,Vv-hJCOvKvM,2024-10-25T06:03:13Z,gh-2557
Le gorille,Georges Brassens,La mauvaise réputation,False,LIKE,3:17,197,eZz4fgoYOI8,2024-10-25T05:59:56Z,gh-2557
Obi Agye Me Dofo,Vis a Vis,"Ghana Special: Modern Highlife, Afro Sounds & Ghanaian Blues 1968-81",,INDIFFERENT,9:51,591,oVEneJbH-eg,2024-10-25T05:50:05Z,gh-2557
Sing Me Back Home,The Flying Burrito Brothers,Sleepless Nights,True,LIKE,3:51,231,SijAirmAfoQ,2024-10-25T05:46:14Z,gh-2557
It Ain't All Flowers,Sturgill Simpson,"2024/10/16 St. Louis, MO",,INDIFFERENT,10:01,601,1QydkHogRz4,2024-10-25T05:36:13Z,gh-2557
Welcome to Earth (Pollywog),Sturgill Simpson,"2024/10/16 St. Louis, MO",,INDIFFERENT,3:59,239,UwLnmPw9Rhs,2024-10-25T05:32:14Z,gh-2557
Time After All,Sturgill Simpson,"2024/10/16 St. Louis, MO",,INDIFFERENT,2:43,163,i73Q-mNO7sQ,2024-10-25T05:29:31Z,gh-2557
All Around You,Sturgill Simpson,"2024/10/16 St. Louis, MO",,INDIFFERENT,3:33,213,F7u_YbwoF2U,2024-10-25T05:25:58Z,gh-2557
Some Days,Sturgill Simpson,"2024/10/16 St. Louis, MO",,INDIFFERENT,7:14,434,eEVOxztiDO4,2024-10-25T01:49:54Z,gh-2555
Turtles All The Way Down,Sturgill Simpson,"2024/10/16 St. Louis, MO",,INDIFFERENT,2:50,170,5uvF_Y1kHKs,2024-10-25T01:47:04Z,gh-2555
Life of Sin,Sturgill Simpson,"2024/10/16 St. Louis, MO",,INDIFFERENT,3:45,225,u0HZknGO2wk,2024-10-25T01:43:19Z,gh-2555
L.A. Woman,Sturgill Simpson,"2024/10/16 St. Louis, MO",,INDIFFERENT,6:07,367,bPvtzXQzA6Q,2024-10-25T01:37:12Z,gh-2555
A Good Look,Sturgill Simpson,"2024/10/16 St. Louis, MO",,INDIFFERENT,7:50,470,6MRq53mvZhM,2024-10-25T01:29:22Z,gh-2555
Call to Arms,Sturgill Simpson,"2024/10/16 St. Louis, MO",,INDIFFERENT,14:04,844,hWeL9CD3EeU,2024-10-25T01:15:18Z,gh-2555
Dark End Of The Street,The Flying Burrito Brothers,The Gilded Palace Of Sin,,INDIFFERENT,3:51,231,TDIhN630_3w,2024-10-25T01:11:27Z,gh-2555
Wheels,The Flying Burrito Brothers,The Gilded Palace Of Sin,,INDIFFERENT,3:03,183,kF_jPD5BhZE,2024-10-25T01:08:24Z,gh-2555
Paradise,John Prine,John Prine,False,INDIFFERENT,3:16,196,ediaZ5DhYjw,2024-10-25T01:05:08Z,gh-2555
Christine’s Tune,The Flying Burrito Brothers,The Gilded Palace Of Sin,,INDIFFERENT,3:03,183,7f2g4IDxlEk,2024-10-25T01:02:05Z,gh-2555
Do Right Woman,The Flying Burrito Brothers,The Gilded Palace Of Sin,,INDIFFERENT,3:58,238,KBgDCMo68uA,2024-10-25T00:58:07Z,gh-2555
Positively 4th Street,Bob Dylan,Bob Dylan's Greatest Hits,False,INDIFFERENT,3:54,234,SsovdtBgz3Q,2024-10-25T00:54:13Z,gh-2555
To Live Is To Fly,Townes Van Zandt,"High, Low And In Between",,INDIFFERENT,3:16,196,ChSn6wDhNL8,2024-10-25T00:50:57Z,gh-2555
Sing Me Back Home,The Flying Burrito Brothers,Sleepless Nights,True,LIKE,3:51,231,SijAirmAfoQ,2024-10-25T00:47:06Z,gh-2555
Sin City,The Flying Burrito Brothers,The Gilded Palace Of Sin,,LIKE,4:10,250,UcU04NGMQb8,2024-10-25T00:42:56Z,gh-2555
White House Blues,Bill Monroe,Country Music Hall Of Fame,True,LIKE,2:13,133,EYWPntu8640,2024-10-24T06:39:21Z,gh-2549
Meet Me in the Alleyway,Steve Earle,I'll Never Get Out of This World Alive,False,INDIFFERENT,4:26,266,ip-zT953cqE,2024-10-24T06:34:55Z,gh-2549
Whitehouse Road (OurVinyl Sessions),"OurVinyl, Tyler Childers",Tyler Childers | OurVinyl Sessions,False,INDIFFERENT,4:28,268,UBEzyAGqIcU,2024-10-24T06:30:27Z,gh-2549
Alabama,Cross Canadian Ragweed,Highway 377,False,INDIFFERENT,3:39,219,gYeEBEL0_4I,2024-10-24T06:26:48Z,gh-2549
Feet Don't Touch the Ground,Stoney LaRue,Live at Billy Bob's Texas,False,INDIFFERENT,4:09,249,EYPPCUbRFE8,2024-10-24T06:22:39Z,gh-2549
When It Comes To You,Sturgill Simpson,"Something Borrowed, Something New: A Tribute to John Anderson",False,INDIFFERENT,3:51,231,UJ-IlR8GtpE,2024-10-24T06:18:48Z,gh-2549
Our Life's Work,Chuck Darwin & the Knuckle Draggers,Three Car Pileup,False,INDIFFERENT,2:43,163,vskBlq2dLAM,2024-10-24T06:16:05Z,gh-2549
Feelin' Good Again,Robert Earl Keen,Walking Distance,True,LIKE,3:17,197,g5i6duhB9mk,2024-10-24T06:12:48Z,gh-2549
Links on the Chain,Phil Ochs,I Ain't Marching Anymore,,INDIFFERENT,4:19,259,W8F_yabLwsE,2024-10-22T20:36:56Z,gh-2541
The Highwayman,Phil Ochs,I Ain't Marching Anymore,,INDIFFERENT,5:40,340,4SZ8ceDzFI4,2024-10-22T20:31:16Z,gh-2541
Iron Lady,Phil Ochs,I Ain't Marching Anymore,,INDIFFERENT,3:35,215,-DY4_SPQuds,2024-10-22T20:27:41Z,gh-2541
That Was the President,Phil Ochs,I Ain't Marching Anymore,,INDIFFERENT,3:24,204,H-Pd7azytEk,2024-10-22T20:24:17Z,gh-2541
That's What I Want to Hear,Phil Ochs,I Ain't Marching Anymore,,INDIFFERENT,3:10,190,njKs59-RUFg,2024-10-22T20:21:07Z,gh-2541
Draft Dodger Rag,Phil Ochs,I Ain't Marching Anymore,,INDIFFERENT,2:12,132,_T9MHFldX1E,2024-10-22T20:18:55Z,gh-2541
In the Heat of the Summer,Phil Ochs,I Ain't Marching Anymore,,INDIFFERENT,3:09,189,acQywbKq9ZM,2024-10-22T20:15:46Z,gh-2541
I Ain't Marching Anymore,Phil Ochs,I Ain't Marching Anymore,,INDIFFERENT,2:35,155,uRU_ruqnR6Q,2024-10-22T20:13:11Z,gh-2541
He Was A Friend Of Mine,Dave Van Ronk,Folksinger,,LIKE,3:31,211,fmhJVDnrtcg,2024-10-22T20:09:40Z,gh-2541
Not Gentle On My Mind,Chuck Darwin & the Knuckle Draggers,For Educational Purposes Only,True,LIKE,2:11,131,fwlkSDX-JT8,2024-10-22T20:07:29Z,gh-2541
Two Hands,Townes Van Zandt,"High, Low And In Between",,LIKE,2:31,151,Ina0OMurm6Q,2024-10-22T20:04:58Z,gh-2541
"Fare Thee Well, Miss Carousel",Townes Van Zandt,Townes Van Zandt,False,INDIFFERENT,5:23,323,_2Z7iwCfmXg,2024-10-23T01:50:27Z,gh-2539
Turn! Turn! Turn! (To Everything There Is A Season),The Byrds,Greatest Hits,False,INDIFFERENT,3:50,230,5_YsQu5tKEE,2024-10-23T01:46:37Z,gh-2539
Sin City,The Flying Burrito Brothers,The Gilded Palace Of Sin,,LIKE,4:10,250,UcU04NGMQb8,2024-10-23T01:42:27Z,gh-2539
Dancing in the Moonlight,King Harvest,Dancing in the Moonlight,False,INDIFFERENT,3:02,182,0eHBLHVHjWg,2024-10-21T01:56:01Z,gh-2522
Paranoia Blues (Unreleased Version),Paul Simon,Paul Simon,,INDIFFERENT,3:15,195,TJLCqXnBeeY,2024-10-21T01:52:46Z,gh-2522
Duncan (Demo - San Francisco 2/71),Paul Simon,Paul Simon,,INDIFFERENT,2:47,167,3yx8dpapWgc,2024-10-21T01:49:59Z,gh-2522
Me and Julio Down by the Schoolyard (Demo - San Francisco 2/71),Paul Simon,Paul Simon,,INDIFFERENT,2:28,148,qfrdDjDqG0U,2024-10-21T01:47:31Z,gh-2522
Congratulations,Paul Simon,Paul Simon,,INDIFFERENT,3:44,224,hAgea6FFTLg,2024-10-21T01:43:47Z,gh-2522
Paranoia Blues,Paul Simon,Paul Simon,,INDIFFERENT,2:57,177,0_hPQcNtJcw,2024-10-21T01:40:50Z,gh-2522
Hobo's Blues,Paul Simon,Paul Simon,,INDIFFERENT,1:21,81,eTx-8NjHqzg,2024-10-21T01:39:29Z,gh-2522
Papa Hobo,Paul Simon,Paul Simon,,INDIFFERENT,2:36,156,QgX_ws7uRTQ,2024-10-21T01:36:53Z,gh-2522
Peace Like a River,Paul Simon,Paul Simon,,INDIFFERENT,3:24,204,-5SyCge7NR0,2024-10-21T01:33:29Z,gh-2522
Me and Julio Down by the Schoolyard,Paul Simon,Paul Simon,,INDIFFERENT,2:45,165,1cs6U097kNQ,2024-10-21T01:30:44Z,gh-2522
Armistice Day,Paul Simon,Paul Simon,,INDIFFERENT,3:56,236,sjiHqEpTkVs,2024-10-21T01:26:48Z,gh-2522
Run That Body Down,Paul Simon,Paul Simon,,INDIFFERENT,3:53,233,_ejwrDBqjVM,2024-10-21T01:22:55Z,gh-2522
Everything Put Together Falls Apart,Paul Simon,Paul Simon,,INDIFFERENT,2:02,122,E1dMPwSfHmg,2024-10-21T01:20:53Z,gh-2522
Duncan,Paul Simon,Paul Simon,,INDIFFERENT,4:44,284,ZrmQQbZWvNE,2024-10-21T01:16:09Z,gh-2522
Mother and Child Reunion,Paul Simon,Paul Simon,,INDIFFERENT,3:08,188,IS59-z3aE2c,2024-10-21T01:13:01Z,gh-2522
You Can Call Me Al,Paul Simon,Graceland (25th Anniversary Deluxe Edition),False,INDIFFERENT,4:40,280,OMbfT3Wppjo,2024-10-21T01:08:21Z,gh-2522
Dreams (2004 Remaster),Fleetwood Mac,Rumours (Deluxe Edition),False,INDIFFERENT,4:18,258,5oWyMakvQew,2024-10-21T01:04:03Z,gh-2522
Kodachrome,Paul Simon,There Goes Rhymin' Simon,True,LIKE,3:36,216,JD6Zq505pnM,2024-10-21T01:00:27Z,gh-2522
CHARLIE CHARLIE (Live at Babylon 4-7-24),NorthEast Groovers,Babylon 4-7-24 (Live!),False,INDIFFERENT,14:51,891,OuTQaidYN38,2024-10-20T21:14:05Z,gh-2521
Voodoo Lady (Demo),Ween,Voodoo Lady (Demo),True,LIKE,4:36,276,Wcvdjsf_Uq4,2024-10-20T21:09:29Z,gh-2521
Rumble of the Diesel,Les Claypool,Of Whales And Woe,,LIKE,4:04,244,_-ceV24iOn0,2024-10-20T03:36:40Z,gh-2515
Voodoo Lady,Ween,Chocolate and Cheese,,INDIFFERENT,3:49,229,dIeFSqdag4w,2024-10-20T03:32:51Z,gh-2515
"Take Me Home, Country Roads",John Denver,"Poems, Prayers and Promises",False,INDIFFERENT,3:11,191,c0dvabcWVo0,2024-10-20T02:05:16Z,gh-2514
The Sound of Silence (Electric Version),Simon & Garfunkel,Old Friends,False,INDIFFERENT,3:06,186,Nn0Gf8e_sHI,2024-10-20T02:02:10Z,gh-2514
Bob Wills Is Still the King,Waylon Jennings,Dreaming My Dreams,False,INDIFFERENT,3:34,214,OVFjGc6NxKo,2024-10-20T01:58:36Z,gh-2514
Sin City,The Flying Burrito Brothers,The Gilded Palace Of Sin,,LIKE,4:10,250,UcU04NGMQb8,2024-10-20T01:54:26Z,gh-2514
Wheels,The Seldom Scene,15th Anniversary Celebration,,INDIFFERENT,3:27,207,Bec8fjcDjwc,2024-10-20T01:50:59Z,gh-2514
"A Apolitical Blues (Live at the Rainbow Theatre, London, UK, 8/3/1977)",Little Feat,Waiting for Columbus (Live Version; Deluxe Edition),,INDIFFERENT,3:52,232,jgxyReW_ZlY,2024-10-20T01:47:07Z,gh-2514
"Don't Bogart That Joint (Live at Lisner Auditorium, Washington, DC, 8/8/1977)",Little Feat,Waiting for Columbus (Live Version; Deluxe Edition),,INDIFFERENT,1:02,62,5anAokwZsFI,2024-10-20T01:46:05Z,gh-2514
"Willin' (Live at Lisner Auditorium, Washington, DC, 8/8/1977)",Little Feat,Waiting for Columbus (Live Version; Deluxe Edition),,INDIFFERENT,4:43,283,YIIDvLXySH8,2024-10-20T01:41:22Z,gh-2514
"Spanish Moon (Live at Lisner Auditorium, Washington, DC, 8/8/1977)",Little Feat,Waiting for Columbus (Live Version; Deluxe Edition),,INDIFFERENT,5:37,337,RhmNK-ANKIw,2024-10-20T01:35:45Z,gh-2514
"Mercenary Territory (Live at the Rainbow Theatre, London, UK, 8/2/1977)",Little Feat,Waiting for Columbus (Live Version; Deluxe Edition),,INDIFFERENT,4:37,277,c9_GR8F75Ag,2024-10-20T01:31:08Z,gh-2514
"Day or Night (Live at the Rainbow Theatre, London, UK, 8/4/1977)",Little Feat,Waiting for Columbus (Live Version; Deluxe Edition),,INDIFFERENT,5:31,331,H8Z3ExTgMiM,2024-10-20T01:25:37Z,gh-2514
"Time Loves a Hero (Live at the Rainbow Theatre, London, UK, 8/4/1977)",Little Feat,Waiting for Columbus (Live Version; Deluxe Edition),,INDIFFERENT,4:20,260,z-2ET8MwCr4,2024-10-20T01:21:17Z,gh-2514
"Rocket In My Pocket (Live at the Rainbow Theatre, London, UK, 8/2/1977)",Little Feat,Waiting for Columbus (Live Version; Deluxe Edition),,INDIFFERENT,3:58,238,iLdLqvZ_vBo,2024-10-20T01:17:19Z,gh-2514
"Tripe Face Boogie (Live at the Rainbow Theatre, London, UK, 8/3/1977)",Little Feat,Waiting for Columbus (Live Version; Deluxe Edition),,INDIFFERENT,7:10,430,yPn1CzkuBD0,2024-10-20T01:10:09Z,gh-2514
"Dixie Chicken (Live at the Rainbow Theatre, London, UK, 8/3/1977)",Little Feat,Waiting for Columbus (Live Version; Deluxe Edition),,INDIFFERENT,8:54,534,jqs7Vk7SRq4,2024-10-20T01:01:15Z,gh-2514
"Old Folks' Boogie (Live at the Rainbow Theatre, London, UK, 8/4/1977)",Little Feat,Waiting for Columbus (Live Version; Deluxe Edition),,INDIFFERENT,4:27,267,cc5N5KRAZ-s,2024-10-20T00:56:48Z,gh-2514
SKELETONS,Travis Scott,ASTROWORLD,False,INDIFFERENT,2:26,146,u3eEtCr2CJk,2024-10-20T00:54:22Z,gh-2514
On the Wrong Side of the Railroad Tracks,Dr John,Duke Elegant,,INDIFFERENT,5:43,343,0WpZm9d039c,2024-10-20T00:48:39Z,gh-2514
Keep Me,The Black Keys,Rubber Factory,False,INDIFFERENT,2:53,173,CZHDxTAUJWE,2024-10-20T00:45:46Z,gh-2514
Down in the Valley,The Head And The Heart,The Head And The Heart,False,INDIFFERENT,5:04,304,e5LvI4lgnIE,2024-10-20T00:40:42Z,gh-2514
Spirit In The Sky (Deluxe Edition),Norman Greenbaum,70s Classic Rock,False,INDIFFERENT,4:03,243,HVUtNK1QFWs,2024-10-20T00:36:39Z,gh-2514
Season of the Witch,Donovan,Sunshine Superman,False,INDIFFERENT,4:54,294,x-YI50fGMMg,2024-10-19T21:24:21Z,gh-2513
Pandy Fackler,Ween,White Pepper,,INDIFFERENT,3:58,238,DsAx3DvPCI0,2024-10-19T18:33:21Z,gh-2512
Don't Get 2 Close (2 My Fantasy),Ween,Pure Guava,False,INDIFFERENT,3:25,205,hvh6sS2S8r4,2024-10-19T18:29:56Z,gh-2512
Voodoo Lady (Demo),Ween,Voodoo Lady (Demo),True,LIKE,4:36,276,Wcvdjsf_Uq4,2024-10-19T18:25:20Z,gh-2512
Bad Liver And A Broken Heart (In Lowell),Tom Waits,Small Change,False,INDIFFERENT,4:50,290,_dMoIpKSy5U,2024-10-19T18:20:30Z,gh-2512
In The Neighborhood,Tom Waits,Swordfishtrombones,False,INDIFFERENT,3:08,188,WY6cv5Zleao,2024-10-19T18:17:22Z,gh-2512
How's It Gonna End,Tom Waits,Real Gone,False,INDIFFERENT,4:51,291,iX64Yd29AnE,2024-10-19T18:12:31Z,gh-2512
Singapore,Tom Waits,Rain Dogs,False,INDIFFERENT,2:45,165,Aqo3oNeNxzg,2024-10-19T18:09:46Z,gh-2512
Clap Hands,Tom Waits,Grave Diggers: Tom Waits,False,INDIFFERENT,3:46,226,WsIoLO88Ox4,2024-10-19T18:06:00Z,gh-2512
Way Down in the Hole,"8.3K views, Greg Cohen, Kronos Quartet, Tom Waits",,,INDIFFERENT,4:03,243,WpMgf72gAlA,2024-10-19T18:01:57Z,gh-2512
Way Down In The Hole,Tom Waits,Grave Diggers: Tom Waits,False,INDIFFERENT,3:30,210,Mt-bCAEvg-s,2024-10-19T17:58:27Z,gh-2512
Cemetery Polka,Tom Waits,Rain Dogs,True,LIKE,1:47,107,mwm7yO9MMR4,2024-10-19T17:56:40Z,gh-2512
Six Days On The Road,Dave Dudley,Six Days On the Road,False,INDIFFERENT,2:21,141,rGmw44_ZsPw,2024-10-19T17:54:19Z,gh-2512
The Illusion,Ikebe Shakedown,Stone by Stone,,INDIFFERENT,3:33,213,7O0_8sVzVts,2024-10-19T17:50:46Z,gh-2512
Ruta,Tati Falco,Ruta,False,INDIFFERENT,4:09,249,XtLyrKjApB0,2024-10-19T06:34:46Z,gh-2508
Testimony,"Orions Belte, XTHALIA",Testimony,False,INDIFFERENT,3:20,200,5reSUHsdgPY,2024-10-19T06:31:26Z,gh-2508
"""Blue Collar Blues"" - Yonder Mountain String Band LIVE at The LC Pavilion at Columbus, Ohio","2.4K views, Yonder Mountain String Band",,,INDIFFERENT,11:40,700,NOagZfz6B0k,2024-10-19T01:43:11Z,gh-2506
Remember,Hank Mobley,Blue Berlin,False,INDIFFERENT,5:43,343,BN0gnUmZhp0,2024-10-17T22:20:48Z,gh-2506
Bumpin' On Sunset,Wes Montgomery,Tequila (Expanded Edition),False,INDIFFERENT,4:49,289,ER8Q504Vro8,2024-10-17T22:15:59Z,gh-2506
Wolfman's Brother,Phish,Hoist,False,INDIFFERENT,4:29,269,-wjc9AsIbcY,2024-10-18T21:26:09Z,gh-2505
"Fat Man in the Bathtub (Live at Lisner Auditorium, Washington, DC, 8/10/1977)",Little Feat,Waiting for Columbus (Live Version; Deluxe Edition),,INDIFFERENT,4:54,294,BS1k205YA1s,2024-10-18T21:21:15Z,gh-2505
The Harder They Come (Live),Jerry Garcia Band,"GarciaLive Volume Two: August 5th, 1990 Greek Theatre",True,LIKE,10:46,646,keL6fAVUYsY,2024-10-18T21:10:29Z,gh-2505
"When I Paint My Masterpiece (Live at Knickerbocker Arena, Albany, NY, March 1990)",Grateful Dead,Dozin' at the Knick: Knickerbocker Arena (Live),False,INDIFFERENT,5:55,355,Wv1pl423LDk,2024-10-18T21:04:34Z,gh-2505
Milemarker,Eluder,The Most Beautiful Blue,,INDIFFERENT,6:23,383,Ef2dYGxpUqU,2024-10-18T09:26:15Z,gh-2501
In the End It Won't Matter,Eluder,The Most Beautiful Blue,,INDIFFERENT,6:33,393,Sh2UNR72Df0,2024-10-18T09:19:42Z,gh-2501
The Path Presents Itself,Eluder,The Most Beautiful Blue,,INDIFFERENT,4:20,260,fWVvhCXaew0,2024-10-18T09:15:22Z,gh-2501
Brand New Eyes,Eluder,The Most Beautiful Blue,,INDIFFERENT,8:58,538,rLKw2h2H7Bg,2024-10-18T09:06:24Z,gh-2501
Dusk Invites the Dark,Eluder,The Most Beautiful Blue,,INDIFFERENT,6:45,405,djztB7PH_UE,2024-10-18T08:59:39Z,gh-2501
Autumn Hips,Eluder,The Most Beautiful Blue,,LIKE,7:24,444,OkqCHisILTk,2024-10-18T08:52:15Z,gh-2501
"Trey Anastasio Band - 6/08/03 - Burlington, Vt","4.2K views, telekinetica",,,INDIFFERENT,2:29:39,8979,tPKL431TTFI,2024-10-17T16:10:02Z,gh-2496
Butts Tits Money,KNOWER,Life,True,LIKE,3:34,214,0yqa3R8jpBU,2024-10-17T06:37:40Z,gh-2492
Adagio For Strings (Radio Edit),Tiësto,Magikal Journey: The Hits Collection 1998 - 2008,False,INDIFFERENT,3:26,206,71xik3vIsFE,2024-10-17T06:34:14Z,gh-2492
Planet City,Wice,2017 Singles,False,INDIFFERENT,4:56,296,qIhOc3YoCMU,2024-10-17T06:29:18Z,gh-2492
For An Angel (PvD Angel In Heaven Radio Edit),Paul van Dyk,For An Angel,False,INDIFFERENT,3:54,234,lBKtD9TdVrI,2024-10-17T06:25:24Z,gh-2492
Poison Lips,Vitalic,Flashmob,True,LIKE,3:55,235,Hqp6rFZWg6Q,2024-10-17T06:21:29Z,gh-2492
DVNO,Justice,Cross,True,INDIFFERENT,3:57,237,bz68yrZW3vU,2024-10-17T06:17:32Z,gh-2492
RAGE MODE,DVRKFVCE,RAGE MODE,False,INDIFFERENT,3:32,212,XRsSyuDY2Ho,2024-10-17T06:14:00Z,gh-2492
Clarity (feat. Foxes),Zedd,Clarity,False,INDIFFERENT,4:32,272,Lur-rvf6A1c,2024-10-17T06:09:28Z,gh-2492
1998 (Kay Cee 1999 Radio Mix),Binary Finary,1998 (Remixes),False,INDIFFERENT,3:08,188,6JojPCCJF0E,2024-10-17T06:06:20Z,gh-2492
Monument (The Inevitable End Version) (feat. Robyn),Röyksopp,The Inevitable End,False,INDIFFERENT,4:47,287,9bPAtRV0D74,2024-10-17T06:01:33Z,gh-2492
Soopertrack,Extrawelt,Soopertrack,False,INDIFFERENT,8:00,480,1SHW0QKox84,2024-10-17T03:28:46Z,gh-2491
Mr Noah,Panda Bear,Panda Bear Meets The Grim Reaper,False,INDIFFERENT,4:14,254,Q8wy2WDUapk,2024-10-17T03:24:32Z,gh-2491
U.F.O.,Jim Sullivan,U.F.O.,False,INDIFFERENT,2:50,170,NK46NTm3rJE,2024-10-16T18:37:17Z,gh-2488
Smith & Jones Forever,Silver Jews,American Water,False,INDIFFERENT,3:19,199,vtujTq5u1lQ,2024-10-16T18:10:03Z,gh-2488
Life in Vain,Daniel Johnston,Fun,False,INDIFFERENT,3:23,203,vvoQFIQJSW4,2024-10-16T18:06:40Z,gh-2488
You Never Wanted Me (2001 Remaster),Jackson C. Frank,Jackson C. Frank (2001 - Remaster),False,INDIFFERENT,3:08,188,T2_Ovzh2nBs,2024-10-16T18:03:32Z,gh-2488
Two Hands,Townes Van Zandt,"High, Low And In Between",,LIKE,2:31,151,Ina0OMurm6Q,2024-10-16T18:01:01Z,gh-2488
Heartattack And Vine,Tom Waits,Heartattack And Vine,False,INDIFFERENT,4:51,291,lIsIZx258pE,2024-10-16T17:56:10Z,gh-2488
Yesterday Is Here,Tom Waits,Franks Wild Years,False,INDIFFERENT,2:29,149,8ZkyoCG5fhc,2024-10-16T17:53:41Z,gh-2488
I Don't Wanna Grow Up,Tom Waits,Bone Machine,False,INDIFFERENT,2:32,152,8BGPo_3Gw28,2024-10-16T17:51:09Z,gh-2488
I Should Have Been Home,Blaze Foley,The Dawg Years (1975-1978),False,INDIFFERENT,2:11,131,Sa76Waz9L1U,2024-10-16T17:48:58Z,gh-2488
Mr. Mudd and Mr. Gold,Steve Earle,Townes,False,INDIFFERENT,2:18,138,4XszQg6xZoQ,2024-10-16T17:46:40Z,gh-2488
"Please Call Me, Baby",Tom Waits,The Heart Of Saturday Night,False,INDIFFERENT,4:26,266,4cizbSN7xU8,2024-10-16T17:42:14Z,gh-2488
Wet,Dazey and the Scouts,Maggot,False,INDIFFERENT,2:52,172,xnf9c6wyxRw,2024-10-15T20:38:15Z,gh-2484
Picture Cards Can't  Picture You,Blaze Foley,Live at the Austin Outhouse,False,INDIFFERENT,4:52,292,UqJLQTPKTHg,2024-10-16T01:52:56Z,gh-2482
You're Gonna Make Me Lonesome When You Go,Bob Dylan,Blood On The Tracks,False,INDIFFERENT,2:55,175,Nub7szkLUa4,2024-10-16T01:50:01Z,gh-2482
L.A. Freeway,Guy Clark,Old No. 1,True,LIKE,4:57,297,ZsJxrsecU0c,2024-10-16T01:45:04Z,gh-2482
Goodbye,Steve Earle,Train A Comin',False,INDIFFERENT,4:58,298,YG5q-SikGJ8,2024-10-16T01:40:06Z,gh-2482
Step Right Up,Tom Waits,Small Change,False,INDIFFERENT,5:44,344,tHUry1U7X3g,2024-10-16T01:34:22Z,gh-2482
"Cold, Cold World",Blaze Foley & the Beaver Valley Boys,"Cold, Cold World",False,INDIFFERENT,3:53,233,aHx6JJDn1as,2024-10-16T01:30:29Z,gh-2482
Do Re Mi,Woody Guthrie,Dust Bowl Ballads,False,INDIFFERENT,2:33,153,pPFwFqDoYos,2024-10-16T01:27:56Z,gh-2482
"If You See Her, Say Hello",Bob Dylan,Blood On The Tracks,False,INDIFFERENT,4:48,288,Hd_ct8rZDJA,2024-10-16T01:23:08Z,gh-2482
"Anyhow, I Love You",Guy Clark,Texas Cookin,False,INDIFFERENT,3:55,235,jCIHrporc8U,2024-10-16T01:19:13Z,gh-2482
Marie,Steve Earle,Townes,False,INDIFFERENT,4:53,293,n440z30PH2o,2024-10-16T01:14:20Z,gh-2482
Dead and Lovely,Tom Waits,Real Gone,False,INDIFFERENT,5:42,342,EeH7JBgWEY0,2024-10-16T01:08:38Z,gh-2482
Small Town Hero,Blaze Foley,Live at the Austin Outhouse,False,INDIFFERENT,4:11,251,0T6kHR7a68U,2024-10-16T01:04:27Z,gh-2482
I Ain't Got No Home In This World Anymore,Woody Guthrie,Dust Bowl Ballads,False,INDIFFERENT,2:44,164,ZUgzXJACXzs,2024-10-16T01:01:43Z,gh-2482
My Pal Foot Foot,The Shaggs,Philosophy of the World,False,INDIFFERENT,2:34,154,k5T2kaFiFgg,2024-10-16T00:59:09Z,gh-2482
River Theme,Bob Dylan,Pat Garrett & Billy The Kid (Soundtrack From The Motion Picture),False,INDIFFERENT,1:28,88,ZxxmZ08Sau8,2024-10-16T00:57:41Z,gh-2482
Clothes Of Sand,Nick Drake,Made To Love Magic,False,INDIFFERENT,2:32,152,fla0uXWqzqs,2024-10-16T00:55:09Z,gh-2482
I Wanna Love Again,Dwight Yoakam,Blame the Vain,False,INDIFFERENT,2:58,178,r4tGVILUEj0,2024-10-16T00:52:11Z,gh-2482
Wide River To Cross,Levon Helm,Dirt Farmer,False,INDIFFERENT,4:52,292,218wiYYuAXI,2024-10-16T00:47:19Z,gh-2482
Hearts on Fire (2002 Remaster),Gram Parsons,Grievous Angel,False,INDIFFERENT,3:53,233,1BWvzky9Z7g,2024-10-16T00:43:26Z,gh-2482
Rita Ballou,Guy Clark,Old No. 1,False,INDIFFERENT,2:51,171,OyTuO0FkeTs,2024-10-16T00:40:35Z,gh-2482
You're Probably Wondering Why I'm Here,The Mothers Of Invention,Freak Out!,True,INDIFFERENT,3:39,219,GsGvX1SEcXw,2024-10-16T00:36:56Z,gh-2482
How to Rent a Room,Silver Jews,The Natural Bridge,False,INDIFFERENT,3:03,183,K8Jjosf5GrE,2024-10-16T00:33:53Z,gh-2482
Virginia Avenue,Tom Waits,Closing Time,False,INDIFFERENT,3:10,190,t07Y_EJolgk,2024-10-16T00:30:43Z,gh-2482
Lost In The Backyard,James McMurtry,Where'D You Hide The Body,False,INDIFFERENT,4:12,252,UD27mHACoX4,2024-10-16T00:26:31Z,gh-2482
Little Bird,Jerry Jeff Walker,Viva Terlingua,False,INDIFFERENT,4:14,254,1GIIhcUPukI,2024-10-15T21:25:51Z,gh-2481
I Want to Be Alone (Dialogue) (2001 Remaster),Jackson C. Frank,Jackson C. Frank (2001 - Remaster),False,INDIFFERENT,3:19,199,2jd2Vl5k1VY,2024-10-15T21:22:32Z,gh-2481
Fishin' Blues,Taj Mahal,Giant Steps/De Old Folks At Home,False,INDIFFERENT,3:05,185,2WK3c7HtXK4,2024-10-15T21:19:27Z,gh-2481
Election Day,Blaze Foley,Live at the Austin Outhouse,False,INDIFFERENT,3:02,182,u34QtftJtRg,2024-10-15T21:16:25Z,gh-2481
If I Were A Carpenter,Ramblin' Jack Elliott,Young Brigham,False,INDIFFERENT,5:05,305,YsAmIPLCIts,2024-10-15T21:11:20Z,gh-2481
Could We Survive,Joseph Arthur,Could We Survive,False,INDIFFERENT,2:14,134,UdnmNmBedkA,2024-10-15T21:09:06Z,gh-2481
The Biggest Thing That Man Has Ever Done,Woody Guthrie,"This Land is Your Land: The Asch Recordings, Vol. 1",False,INDIFFERENT,2:20,140,b4rpUxXVsvM,2024-10-15T21:06:46Z,gh-2481
South Wind of Summer,The Flatlanders,Now Again,False,INDIFFERENT,4:47,287,b6rz3X12Ryg,2024-10-15T21:01:59Z,gh-2481
Most Likely You Go Your Way (And I'll Go Mine),Bob Dylan,Blonde On Blonde,True,LIKE,3:28,208,Jm6tklKwaaA,2024-10-15T20:58:31Z,gh-2481
Napalm Sticks to Kids,Covered Wagon Musicians,We Say No to Your War!,False,INDIFFERENT,4:19,259,iYPEo1BI3Mo,2024-10-15T20:54:12Z,gh-2481
Philosophy of the World,The Shaggs,Philosophy of the World,False,INDIFFERENT,2:58,178,thHcvTDGWvg,2024-10-15T20:51:14Z,gh-2481
Singapore,Tom Waits,Rain Dogs,False,INDIFFERENT,2:45,165,Aqo3oNeNxzg,2024-10-15T20:48:29Z,gh-2481
Long Journey Home,The Bedquilt Ramblers & Ben Babbitt,Kentucky Route Zero (Original Soundtrack),False,INDIFFERENT,3:18,198,lLd1zBgXX7c,2024-10-15T20:45:11Z,gh-2481
Remember,Hank Mobley,Blue Berlin,False,INDIFFERENT,5:43,343,BN0gnUmZhp0,2024-10-15T20:39:28Z,gh-2481
Smith & Jones Forever,Silver Jews,American Water,False,INDIFFERENT,3:19,199,vtujTq5u1lQ,2024-10-15T20:36:09Z,gh-2481
Life in Vain,Daniel Johnston,Fun,False,INDIFFERENT,3:23,203,vvoQFIQJSW4,2024-10-15T20:32:46Z,gh-2481
Bumpin' On Sunset,Wes Montgomery,Tequila (Expanded Edition),False,INDIFFERENT,4:49,289,ER8Q504Vro8,2024-10-15T20:27:57Z,gh-2481
You Never Wanted Me (2001 Remaster),Jackson C. Frank,Jackson C. Frank (2001 - Remaster),False,INDIFFERENT,3:08,188,T2_Ovzh2nBs,2024-10-15T20:24:49Z,gh-2481
Two Hands,Townes Van Zandt,"High, Low And In Between",,LIKE,2:31,151,Ina0OMurm6Q,2024-10-15T20:22:18Z,gh-2481
Groovebox Polka,Postwirtmusi,Postwirtmusi,,INDIFFERENT,2:57,177,IQHD-Z7fAT4,2024-10-15T20:19:21Z,gh-2481
It Ain't Necessarily So,Grant Green,Nigeria,False,INDIFFERENT,10:23,623,m-mHo8A4x-E,2024-10-15T20:08:58Z,gh-2481
Nancy (With The Laughing Face),Grant Green,The Complete Quartets With Sonny Clark,False,INDIFFERENT,6:26,386,NzpPuKEK3RM,2024-10-15T20:02:32Z,gh-2481
Da Mama Ihrer,Postwirtmusi,Postwirtmusi,,INDIFFERENT,3:25,205,5F1UiAbZTtE,2024-10-15T19:59:07Z,gh-2481
Gruß an St. Pongratzen,Postwirtmusi,Postwirtmusi,,INDIFFERENT,3:12,192,5_Xn0TLMSV4,2024-10-15T19:55:55Z,gh-2481
Pointer Kathreinmarsch,Postwirtmusi,Postwirtmusi,,INDIFFERENT,2:51,171,zikScv8_NtM,2024-10-15T19:53:04Z,gh-2481
Da Bäurin Ihrer,Postwirtmusi,Postwirtmusi,,INDIFFERENT,2:51,171,CHCc8KkWqbs,2024-10-15T19:50:13Z,gh-2481
Naringer Grüße,Postwirtmusi,Postwirtmusi,,INDIFFERENT,2:58,178,3zS9w0lcX7M,2024-10-15T19:47:15Z,gh-2481
Wintersdorfer Franzé,Postwirtmusi,Postwirtmusi,,INDIFFERENT,2:39,159,ae9Ca-PvB8k,2024-10-15T19:44:36Z,gh-2481
Tin Hat - Cloud on a Leaf - (words by e.e. cummings) - Porto Franco Files,"95K views, Porto Franco Records",,,INDIFFERENT,4:52,292,8pvLCZGB-P4,2024-10-15T19:39:44Z,gh-2481
Straight Story Soundtrack - Laurens Walking,"1.1M views, SJ363",,,INDIFFERENT,4:14,254,xk8Y-XxaAog,2024-10-15T19:35:30Z,gh-2481
Abel Korzeniowski - Tango,"206K views, Patty Disidoro",,,INDIFFERENT,3:53,233,kfLe9aikcFc,2024-10-15T19:31:37Z,gh-2481
In The Mood For Love - Song Yumeji's theme Shigeru Umebayashi,"7.1M views, Pinelopi Chantzara",,,INDIFFERENT,12:12,732,CydoHnlWpEI,2024-10-15T19:19:25Z,gh-2481
"Blind Blake & the Victoria Royal Hotel Calypsos - Love, love alone","154K views, alberto gilardoni",,,INDIFFERENT,2:43,163,ebR3Yur1KjY,2024-10-15T19:16:42Z,gh-2481
Scrapped Song - Kostantis Papakonstantinou,"226K views, ballenadepapel",,,INDIFFERENT,3:05,185,ya8TgHphugo,2024-10-15T19:13:37Z,gh-2481
Rain Dogs,Tom Waits,Rain Dogs,False,INDIFFERENT,2:56,176,rUJB4as2Nos,2024-10-15T19:10:41Z,gh-2481
Tin Hat - Old World,"41K views, M Chamberlain",,,INDIFFERENT,3:22,202,zYpYPcZy63c,2024-10-15T19:07:19Z,gh-2481
Al Bowlly - Guilty,"1.1M views, serge1232",,,INDIFFERENT,3:14,194,CfSZARFUvnM,2024-10-15T19:04:05Z,gh-2481
Little Johnatan - The Wall - Everything Is Illuminated,"15K views, Bugrahan Namdar (Alumni)",,,INDIFFERENT,3:09,189,bqihYN5k0Kg,2024-10-15T19:00:56Z,gh-2481
Stéphane Wrembel - Bistro Fada  ( Midnight In Paris - Gypsy Jazz),"448K views, DC Music School",,,INDIFFERENT,3:13,193,tTcwLxpK1BU,2024-10-15T18:37:05Z,gh-2480
Minor Swing,Django Reinhardt,Django Swings Nuages 1934-1941 (73 Tunes),False,INDIFFERENT,3:17,197,Iq6JXNiCumw,2024-10-15T18:33:48Z,gh-2480
C.W. Stoneking ~ The Love Me Or Die,"8.2M views, PanzerFrog",,,INDIFFERENT,3:56,236,JlmsK59ncHs,2024-10-15T18:29:52Z,gh-2480
Everything Is Illuminated [Original Motion Picture Soundtrack] - 1080p,"460K views, LFB",,,LIKE,58:41,3521,ZojHUN3pob0,2024-10-15T17:31:11Z,gh-2480
Old Ship Of Zion,Pilgrim Jubilees,In Revival,False,INDIFFERENT,8:03,483,nBrjZxg5wo4,2024-10-14T23:24:56Z,gh-2477
Tis The Old Ship Of Zion,The James Carter Organ Trio,At The Crossroads,False,INDIFFERENT,5:22,322,L-Y96bvvgWg,2024-10-14T23:19:34Z,gh-2477
"Trey Anastasio Band 2002.06.23 Bonnaroo Music and Arts Festival Manchester, Tennessee","29K views, genesisguru",,,INDIFFERENT,3:00:58,10858,bMsnCHyuVKo,2024-10-15T03:40:25Z,gh-2476
Fire on the Mountain,Grateful Dead,Shakedown Street,False,INDIFFERENT,3:50,230,iOF2psD2uTk,2024-10-15T01:53:40Z,gh-2474
Goodbye Stranger (2010 Remastered),Supertramp,Breakfast In America,False,INDIFFERENT,5:51,351,u8pVZ5hTGJQ,2024-10-15T01:47:49Z,gh-2474
Strange Overtones,"Brian Eno, David Byrne",Everything That Happens Will Happen Today,False,INDIFFERENT,4:18,258,GvZhpCYWFzs,2024-10-15T01:43:31Z,gh-2474
Even If You Don't,Ween,White Pepper,,INDIFFERENT,3:26,206,W_V7A-NN3MI,2024-10-15T01:40:05Z,gh-2474
The Force,Lettuce,Crush,True,LIKE,3:42,222,3DuGtGk5oF0,2024-10-15T01:36:23Z,gh-2474
Everything In Its Right Place,Radiohead,Kid A,False,INDIFFERENT,4:12,252,NUnXxh5U25Y,2024-10-15T01:32:11Z,gh-2474
The Argus,Ween,Quebec,False,INDIFFERENT,4:54,294,Y3qguNFflow,2024-10-15T01:27:17Z,gh-2474
Captain,Ween,Quebec,False,INDIFFERENT,4:00,240,dPPawWVImwk,2024-10-14T21:11:25Z,gh-2473
Hey There Fancypants,Ween,Quebec,False,INDIFFERENT,2:00,120,AWUaFnZRUko,2024-10-14T21:09:25Z,gh-2473
Happy Colored Marbles,Ween,Quebec,False,INDIFFERENT,3:14,194,p4MnPORRfxw,2024-10-14T21:06:11Z,gh-2473
Tried And True,Ween,Quebec,False,INDIFFERENT,4:02,242,5CWiaFrPUpU,2024-10-14T21:02:09Z,gh-2473
So Many People In The Neighborhood,Ween,Quebec,False,INDIFFERENT,3:30,210,w2A7Us9AMlc,2024-10-14T20:58:39Z,gh-2473
Among His Tribe,Ween,Quebec,False,INDIFFERENT,3:39,219,wTdI9eijGFM,2024-10-14T20:55:00Z,gh-2473
Transdermal Celebration,Ween,Quebec,False,INDIFFERENT,3:26,206,Nt9uNomdCHg,2024-10-14T20:51:34Z,gh-2473
Zoloft,Ween,Quebec,False,INDIFFERENT,3:52,232,hpziJJBY1KA,2024-10-14T18:35:51Z,gh-2472
It's Gonna Be A Long Night,Ween,Quebec,False,INDIFFERENT,2:51,171,6amOtv1Sw3s,2024-10-14T18:33:00Z,gh-2472
I Got a Name (Stereo Version),Jim Croce,I Got a Name,False,INDIFFERENT,3:15,195,gdnR9iQS-N8,2024-10-14T18:29:45Z,gh-2472
Uncle John's Band,Grateful Dead,Workingman's Dead,False,INDIFFERENT,4:45,285,yD1naKNQuF4,2024-10-14T18:25:00Z,gh-2472
Goodbye Yellow Brick Road,Elton John,Goodbye Yellow Brick Road,,INDIFFERENT,3:13,193,wy709iNG6i8,2024-10-14T18:21:47Z,gh-2472
Waterloo Sunset (Mono Mix),The Kinks,Something Else (Deluxe Edition),,INDIFFERENT,3:15,195,SJ1BuKUCIC8,2024-10-14T18:18:32Z,gh-2472
Rocky Raccoon (Remastered 2009),The Beatles,The Beatles,False,INDIFFERENT,3:34,214,sDcDCZGcZj8,2024-10-14T18:14:58Z,gh-2472
Hang Up Your Hang Ups,Herbie Hancock,Man-Child,False,INDIFFERENT,7:26,446,d7kRlufrZJo,2024-10-14T18:07:32Z,gh-2472
When It Was Wrong,The California Honeydrops,Spreadin' Honey,False,INDIFFERENT,4:33,273,gEZl7iUIQuU,2024-10-14T18:02:59Z,gh-2472
Tired of Fighting,Menahan Street Band,Make the Road By Walking,False,INDIFFERENT,3:32,212,F-OeFm6y384,2024-10-14T17:59:27Z,gh-2472
The Browns at Home,The Greyboy Allstars,West Coast Boogaloo,,LIKE,5:05,305,OFZ8XmDHCAI,2024-10-14T17:54:22Z,gh-2472
How Glad I Am,The Greyboy Allstars,What Happened to Television?,,INDIFFERENT,2:51,171,kKCImOgRUv8,2024-10-14T17:51:31Z,gh-2472
Tired Of Being Alone,Al Green,Gets Next To You,True,LIKE,2:53,173,BEBHIV9L3uc,2024-10-14T03:37:00Z,gh-2467
Killing Me Softly With His Song,Roberta Flack,Killing Me Softly,True,LIKE,4:47,287,l2n167F0eBc,2024-10-14T03:32:13Z,gh-2467
Killing Me Softly With His Song,Fugees,The Score (Expanded Edition),False,INDIFFERENT,4:59,299,H-RBJNqdnoM,2024-10-14T01:54:06Z,gh-2466
The Argus,Ween,Quebec,False,INDIFFERENT,4:54,294,Y3qguNFflow,2024-10-13T18:32:33Z,gh-2464
Rocky Raccoon (Remastered 2009),The Beatles,The Beatles,False,INDIFFERENT,3:34,214,sDcDCZGcZj8,2024-10-13T18:28:59Z,gh-2464
Baby Sleep White Noise,littleONES,Perfect Sounds for Baby Sleep,False,INDIFFERENT,1:00:00,3600,q-cRQVt2ms4,2024-10-13T17:28:59Z,gh-2464
We Are Between,Modest Mouse,The Golden Casket,False,INDIFFERENT,3:53,233,TCVkGmOvE_Q,2024-10-13T17:25:06Z,gh-2464
Gravity Rides Everything,Modest Mouse,The Moon & Antarctica,False,INDIFFERENT,4:20,260,hFVHyL0MIVA,2024-10-13T15:29:36Z,gh-2463
Lampshades on Fire,Modest Mouse,Strangers to Ourselves,False,INDIFFERENT,3:08,188,6l6aXxqfedo,2024-10-13T15:26:28Z,gh-2463
Dashboard,Modest Mouse,We Were Dead Before The Ship Even Sank,False,INDIFFERENT,4:07,247,21euaOPVneM,2024-10-13T15:22:21Z,gh-2463
Float On,Modest Mouse,Good News For People Who Love Bad News,False,INDIFFERENT,3:29,209,88XhEqgmRhM,2024-10-13T15:18:52Z,gh-2463
Baby Me (Demo),Karly Hartzman,Cardinals At The Window,,INDIFFERENT,3:36,216,A2jIFeJ6gAQ,2024-10-12T18:33:44Z,gh-2456
Candle,Hotline TNT,Cardinals At The Window,,INDIFFERENT,3:50,230,pJICT-_Wi2w,2024-10-12T18:29:54Z,gh-2456
Great Holding Down,Archers of Loaf,Cardinals At The Window,,INDIFFERENT,2:52,172,3D5OJ5gkkHc,2024-10-12T18:27:02Z,gh-2456
Wild Loneliness (Live for the Current),Superchunk,Cardinals At The Window,,INDIFFERENT,3:12,192,DQA8vsVu7iI,2024-10-12T18:23:50Z,gh-2456
Hand of Death,the Mountain Goats,Cardinals At The Window,,INDIFFERENT,2:45,165,qE2Pbr50LYE,2024-10-12T18:21:05Z,gh-2456
Ighre Massina (Live at Madame Lou's),Etran De L'Aïr,Cardinals At The Window,,INDIFFERENT,6:51,411,Y6GsmZ_ssyU,2024-10-12T18:14:14Z,gh-2456
Strep Season,Riggings,Cardinals At The Window,,INDIFFERENT,2:17,137,7Xq_3iwU3xs,2024-10-12T18:11:57Z,gh-2456
My Friend,Sophie Thatcher,Cardinals At The Window,,INDIFFERENT,3:26,206,5ulCC3r_ioo,2024-10-12T18:08:31Z,gh-2456
Tonky’s Rocket Ship,Lonnie Holley (with Jacknife Lee),Cardinals At The Window,,INDIFFERENT,5:31,331,DafkH5j6vVA,2024-10-12T18:03:00Z,gh-2456
Bob Wills Stomp (Live at Nightlight 7.26.22),Joseph Decosimo & Jake Xerxes Fussell,Cardinals At The Window,,INDIFFERENT,4:17,257,9cH0cJlelOM,2024-10-12T17:58:43Z,gh-2456
Swannanoa (Demo Version),Water Liars,Cardinals At The Window,,INDIFFERENT,3:40,220,BHVEWs7zAOg,2024-10-12T17:55:03Z,gh-2456
Say What You Like - Live At Massey Hall,Bahamas,Cardinals At The Window,,INDIFFERENT,2:45,165,j9iWnWQkWuI,2024-10-12T17:52:18Z,gh-2456
"New Lost Ages (A Parkway Session, from Asheville)",Tyler Ramsey,Cardinals At The Window,,INDIFFERENT,5:10,310,JbHCb2Zchrk,2024-10-12T17:47:08Z,gh-2456
How Can You Mend A Broken Heart,Iron & Wine,Cardinals At The Window,,INDIFFERENT,3:25,205,HOOEWbGeUiI,2024-10-12T17:43:43Z,gh-2456
Belvedere,Uwade,Cardinals At The Window,,INDIFFERENT,3:36,216,RZncYRF_nJ8,2024-10-12T17:40:07Z,gh-2456
Lightning in the Water (Live at the Historic Dry Creek Cafe 10/17/21),Little Mazarn & Jonathan Horne,Cardinals At The Window,,LIKE,3:43,223,Q7TLulcjE5Q,2024-10-12T01:49:20Z,gh-2450
John Frusciante’s Trailer House,Hayden Pedigo,Cardinals At The Window,,INDIFFERENT,1:48,108,vBE5LCGDKoo,2024-10-12T01:47:32Z,gh-2450
Bigger Than The Work,Sy Smith,Cardinals At The Window,,INDIFFERENT,4:01,241,G5f9TLJdlkg,2024-10-12T01:43:31Z,gh-2450
Freight Train (From DR Byen),Adeem The Artist,Cardinals At The Window,,INDIFFERENT,2:58,178,koUk_2nZDfg,2024-10-12T01:40:33Z,gh-2450
Street Scene (Live at Shadowbox),Object Hours,Cardinals At The Window,,INDIFFERENT,7:37,457,pCBAvyjDN48,2024-10-12T01:32:56Z,gh-2450
Finally Rain (Live in St. Louis),Squirrel Flower,Cardinals At The Window,,INDIFFERENT,4:08,248,MqsU6lNFvnY,2024-10-12T01:28:48Z,gh-2450
The Gift (Demo),Blue Cactus,Cardinals At The Window,,INDIFFERENT,3:19,199,d_2KTXiZPAQ,2024-10-12T01:25:29Z,gh-2450
Bulldog,Lou Hazel,Cardinals At The Window,,INDIFFERENT,3:10,190,ZVG_Hcr47ME,2024-10-12T01:22:19Z,gh-2450
Lean Closer To Me Now,Skylar Gudasz,Cardinals At The Window,,INDIFFERENT,5:43,343,PAqy_UqdBwU,2024-10-12T01:16:36Z,gh-2450
NYC,Pachyman,Cardinals At The Window,,INDIFFERENT,2:53,173,dk0bTfaShKM,2024-10-12T01:13:43Z,gh-2450
For Vibraphone and Tapes,Marta Salogni,Cardinals At The Window,,INDIFFERENT,6:47,407,tUgblZuMgTM,2024-10-12T01:06:56Z,gh-2450
Take My Strong Hand,BeMyFiasco,Cardinals At The Window,,INDIFFERENT,1:51,111,M9Jnf_L3X0k,2024-10-12T01:05:05Z,gh-2450
Hungry & Croaking,Indigo De Souza,Cardinals At The Window,,INDIFFERENT,3:34,214,aepj1Eb4rQg,2024-10-11T18:36:02Z,gh-2448
Easy and Down,M. Duffy,Cardinals At The Window,,INDIFFERENT,1:15,75,D2zILC3yn2A,2024-10-11T18:34:47Z,gh-2448
Ashes On The Lawn,The Go-Betweens,Cardinals At The Window,,INDIFFERENT,5:54,354,dcNjuS_0x4A,2024-10-11T18:28:53Z,gh-2448
"Long, Long, Long",Sam Evian,Cardinals At The Window,,INDIFFERENT,2:40,160,KOQlPEyvlvk,2024-10-11T18:26:13Z,gh-2448
Long Leaf Overtime (iPhone Demo),Real Companion,Cardinals At The Window,,INDIFFERENT,2:28,148,aB0RkJOC6Vg,2024-10-11T18:23:45Z,gh-2448
Pink Sky,Real Estate,Cardinals At The Window,,INDIFFERENT,3:08,188,QNYbzl2ttTo,2024-10-11T18:20:37Z,gh-2448
Distant Blue,Danny Paul Grody,Cardinals At The Window,,INDIFFERENT,4:05,245,HvNTgRPC9lc,2024-10-11T18:16:32Z,gh-2448
Cornfields,Mipso,Cardinals At The Window,,INDIFFERENT,3:54,234,8i6xVO6mO-M,2024-10-11T18:12:38Z,gh-2448
How Hard It Is For Desert To Die (Live from Solid Sound),Jeff Tweedy (feat. Karly Hartzman),Cardinals At The Window,,INDIFFERENT,3:57,237,-Pi3NqFHAe4,2024-10-11T18:08:41Z,gh-2448
American Holly,Kevin Morby,Cardinals At The Window,,INDIFFERENT,3:39,219,OFlUUsrUUtc,2024-10-11T18:05:02Z,gh-2448
Borrow Trouble (Demo),Feist,Cardinals At The Window,,INDIFFERENT,4:05,245,uEsC-JIQjm0,2024-10-11T18:00:57Z,gh-2448
Minor Suite,Universal Light,Cardinals At The Window,,LIKE,8:24,504,C4qpn4oQV4w,2024-10-11T17:52:33Z,gh-2448
Time To Leave,Deer Tick,Cardinals At The Window,,INDIFFERENT,3:57,237,StMDKa4WASI,2024-10-11T17:48:36Z,gh-2448
Haunted House,Dawes & Hiss Golden Messenger,Cardinals At The Window,,INDIFFERENT,4:50,290,qIBRjmcz-Fk,2024-10-11T17:43:46Z,gh-2448
Wrecking Ball,Waxahatchee,Cardinals At The Window,,INDIFFERENT,4:11,251,a64uEXi2ykA,2024-10-11T17:39:35Z,gh-2448
Deep Sleep Music: Deeper Relaxation,Jason Stephenson,Deep Sleep Music: Deeper Relaxation,False,INDIFFERENT,3:00:16,10816,yGi1MePEN-k,2024-10-11T12:31:49Z,gh-2447
White Noise: Airplane (Extended),SleepTherapy,White Noise: Airplane (Extended),False,INDIFFERENT,1:00:00,3600,h41yFt8Mblg,2024-10-11T11:31:49Z,gh-2447
Brown Noise for Sleep,Sounds for Life,Brown Noise for Sleep,False,INDIFFERENT,1:11:11,4271,TKHjJnEaVrQ,2024-10-11T10:20:38Z,gh-2447
Baby Sleep White Noise,littleONES,Perfect Sounds for Baby Sleep,False,INDIFFERENT,1:00:00,3600,q-cRQVt2ms4,2024-10-11T09:20:38Z,gh-2447
Ocean Sounds: 2 Hours of Relaxing Ocean Waves,Calmsound,"Relaxing Nature Sounds: 24 Hours of Exquisite Nature Sounds for Deep Sleep, Study, Meditation and Mindfulness",False,INDIFFERENT,2:00:01,7201,o-fGVRySAFU,2024-10-11T10:53:26Z,gh-2446
Thunderstorm Sounds: 1 Hour Thunder,SleepTherapy,Thunderstorm Sounds: 1 Hour Thunder,False,INDIFFERENT,1:00:01,3601,tJ-pxOObruY,2024-10-11T09:53:25Z,gh-2446
Ready or Not,Fugees,The Score (Expanded Edition),False,INDIFFERENT,3:47,227,NJHKraasQ_I,2024-10-11T01:51:22Z,gh-2442
"Scenario (LP Mix) (feat. Busta Rhymes, Dinco D & Charlie Brown)",A Tribe Called Quest,The Low End Theory,,INDIFFERENT,4:11,251,Rd27sUfd8gM,2024-10-11T01:47:11Z,gh-2442
What?,A Tribe Called Quest,The Low End Theory,,INDIFFERENT,2:29,149,I2JKwiDm7ug,2024-10-11T01:44:42Z,gh-2442
Skypager,A Tribe Called Quest,The Low End Theory,,INDIFFERENT,2:13,133,pYc50S23pQY,2024-10-11T01:42:29Z,gh-2442
Jazz (We've Got),A Tribe Called Quest,The Low End Theory,,INDIFFERENT,4:11,251,zlA0GHnERLs,2024-10-11T01:38:18Z,gh-2442
Everything Is Fair,A Tribe Called Quest,The Low End Theory,,INDIFFERENT,2:59,179,hVBLKmppVgM,2024-10-11T01:35:19Z,gh-2442
Check the Rhime,A Tribe Called Quest,The Low End Theory,,INDIFFERENT,3:37,217,jBknsqfFERE,2024-10-11T01:31:42Z,gh-2442
Infamous Date Rape,A Tribe Called Quest,The Low End Theory,,INDIFFERENT,2:54,174,8tchKEI4F5s,2024-10-11T01:28:48Z,gh-2442
Vibes and Stuff,A Tribe Called Quest,The Low End Theory,,INDIFFERENT,4:18,258,jLXe13ICck4,2024-10-11T01:24:30Z,gh-2442
"Show Business (feat. Diamond D, Lord Jamar & Sadat X)",A Tribe Called Quest,The Low End Theory,,INDIFFERENT,3:54,234,6vTn8qUYHEw,2024-10-11T01:20:36Z,gh-2442
Verses from the Abstract (feat. Vinia Mojica & Ron Carter),A Tribe Called Quest,The Low End Theory,,INDIFFERENT,3:59,239,sIqm40Y0LVw,2024-10-11T01:16:37Z,gh-2442
Butter,A Tribe Called Quest,The Low End Theory,,INDIFFERENT,3:39,219,9-lNdALkI1U,2024-10-11T01:12:58Z,gh-2442
Rap Promoter,A Tribe Called Quest,The Low End Theory,,INDIFFERENT,2:13,133,BhZpFBFpBO4,2024-10-11T01:10:45Z,gh-2442
Buggin' Out,A Tribe Called Quest,The Low End Theory,,INDIFFERENT,3:38,218,P9oTCzWRuvQ,2024-10-11T01:07:07Z,gh-2442
Excursions,A Tribe Called Quest,The Low End Theory,,INDIFFERENT,3:55,235,qDKrJhNOygA,2024-10-11T01:03:12Z,gh-2442
Killing Me Softly With His Song,Fugees,The Score (Expanded Edition),False,INDIFFERENT,4:59,299,H-RBJNqdnoM,2024-10-11T00:58:13Z,gh-2442
For the Sake of the Song,Townes Van Zandt,Townes Van Zandt,False,INDIFFERENT,5:23,323,5DZstZzbBn0,2024-10-11T00:52:50Z,gh-2442
Certain Songs (Live at 9:30 Club),The Hold Steady,Cardinals At The Window,,INDIFFERENT,3:35,215,XF1DyvBBycw,2024-10-11T00:49:15Z,gh-2442
Crier (Live at Red Rocks 5/9/24),American Aquarium,Cardinals At The Window,,INDIFFERENT,3:40,220,rAsEqMxp0gU,2024-10-11T00:45:35Z,gh-2442
Pianos,MJ Lenderman,Cardinals At The Window,,INDIFFERENT,7:57,477,nPVeP-coqUk,2024-10-11T00:37:38Z,gh-2442
Tonky’s Rocket Ship,Lonnie Holley (with Jacknife Lee),Cardinals At The Window,,INDIFFERENT,5:31,331,DafkH5j6vVA,2024-10-11T00:32:07Z,gh-2442
Bob Wills Stomp (Live at Nightlight 7.26.22),Joseph Decosimo & Jake Xerxes Fussell,Cardinals At The Window,,INDIFFERENT,4:17,257,9cH0cJlelOM,2024-10-11T00:27:50Z,gh-2442
Minor Suite,Universal Light,Cardinals At The Window,,LIKE,8:24,504,C4qpn4oQV4w,2024-10-10T21:22:07Z,gh-2441
Music Laughter Episode Track 78,Laraaji,Cardinals At The Window,,INDIFFERENT,3:12,192,MWKCT4U1sr8,2024-10-10T21:18:55Z,gh-2441
Arctic Halo,Chuck Johnson,Cardinals At The Window,,LIKE,4:58,298,q9R3HspvXKg,2024-10-10T21:13:57Z,gh-2441
Property (Live at Dynasty Typewriter),Tim Heidecker,Cardinals At The Window,,LIKE,4:05,245,tyMZs0PVVxQ,2024-10-10T21:09:52Z,gh-2441
Fallin' Rain,The Nude Party,Cardinals At The Window,,INDIFFERENT,3:37,217,7xB-IdBNL6Q,2024-10-10T21:06:15Z,gh-2441
Time To Leave,Deer Tick,Cardinals At The Window,,INDIFFERENT,3:57,237,StMDKa4WASI,2024-10-10T21:02:18Z,gh-2441
Haunted House,Dawes & Hiss Golden Messenger,Cardinals At The Window,,INDIFFERENT,4:50,290,qIBRjmcz-Fk,2024-10-10T20:57:28Z,gh-2441
Children of Children – Live At The Ryman 10/15/17,Jason Isbell and the 400 Unit with Jerry Douglas,Cardinals At The Window,,INDIFFERENT,6:39,399,_qKQiBdgB5Y,2024-10-10T20:50:49Z,gh-2441
Rainy Day,Terry Allen & The Panhandle Mystery Band,Cardinals At The Window,,INDIFFERENT,2:56,176,ncON8sZ1b5c,2024-10-10T20:47:53Z,gh-2441
Cheap Coffee (Live),The Avett Brothers,Cardinals At The Window,,INDIFFERENT,6:37,397,4znWsN-MIKo,2024-10-10T18:33:47Z,gh-2440
Lovers On The Turnpike,Daniel Bachman,Cardinals At The Window,,INDIFFERENT,2:25,145,m_KhTiKdcNg,2024-10-10T18:31:22Z,gh-2440
Route 9 Falls,Geologist & D.S.,Cardinals At The Window,,INDIFFERENT,4:07,247,PJu8jW0BnNI,2024-10-10T18:27:15Z,gh-2440
Levon's Bark,"Spencer Cullum, Sean Thompson & Rich Ruth",Cardinals At The Window,,INDIFFERENT,3:50,230,ZgGbKpAL5kI,2024-10-10T18:23:25Z,gh-2440
Your Tender Loving Care,Keven Louis Lareau,Cardinals At The Window,,INDIFFERENT,3:14,194,lWaiVfhsu9M,2024-10-10T18:20:11Z,gh-2440
Talking To Me,John Andrews & The Yawns,Cardinals At The Window,,INDIFFERENT,3:02,182,bNxEaH2NmKo,2024-10-10T18:17:09Z,gh-2440
On The Wind,Sylvie,Cardinals At The Window,,INDIFFERENT,3:04,184,MUkV8006c0Y,2024-10-10T18:14:05Z,gh-2440
Near a Thousand Tables,William Tyler,Cardinals At The Window,,INDIFFERENT,2:22,142,ywc07OjazXs,2024-10-10T18:11:43Z,gh-2440
Running (Live at Drop of Sun),Helado Negro,Cardinals At The Window,,INDIFFERENT,3:31,211,OAXr-K6elr0,2024-10-10T18:08:12Z,gh-2440
Corner Pocket (Small Pond Sessions),Shirlette Ammons,Cardinals At The Window,,INDIFFERENT,3:41,221,pLE2oUR2gIk,2024-10-10T18:04:31Z,gh-2440
Electric Tribal,Oak City Slums,Cardinals At The Window,,INDIFFERENT,5:37,337,pqUgUxPuTDw,2024-10-10T17:58:54Z,gh-2440
Hashtag (Live from Newport Folk Festival 2024),Gillian Welch and David Rawlings,Cardinals At The Window,,INDIFFERENT,3:47,227,LgckEIGlzx8,2024-10-10T17:55:07Z,gh-2440
Wrecking Ball,Waxahatchee,Cardinals At The Window,,INDIFFERENT,4:11,251,a64uEXi2ykA,2024-10-10T17:50:56Z,gh-2440
Bus Route (Live),Tyler Childers,Cardinals At The Window,,INDIFFERENT,3:17,197,IGrJeWPyEx8,2024-10-10T17:47:39Z,gh-2440
The Carolina Lady,Weirs,Cardinals At The Window,,INDIFFERENT,6:34,394,9cFetsLgE8I,2024-10-10T17:41:05Z,gh-2440
Flotsam,Magic Tuber Stringband,Cardinals At The Window,,INDIFFERENT,5:04,304,ENbrHKCa6JE,2024-10-10T17:36:01Z,gh-2440
Night Divers,Setting,Cardinals At The Window,,INDIFFERENT,8:07,487,_hq10Duv4a8,2024-10-10T17:27:54Z,gh-2440
Untitled,Yasmin Williams,Cardinals At The Window,,INDIFFERENT,1:45,105,TC1cNLkJZm8,2024-10-10T17:26:09Z,gh-2440
The Way,Little Brother feat. BeMyFiasco x Denaine Jones,Cardinals At The Window,,INDIFFERENT,3:37,217,BilCRXU2wqk,2024-10-10T17:22:32Z,gh-2440
"King of Birds (Live in Greensboro, 1989)",R.E.M.,Cardinals At The Window,,INDIFFERENT,5:10,310,56Vs4COUkb8,2024-10-10T17:17:22Z,gh-2440
Is There a Doctor in the House?,Lambchop,Cardinals At The Window,,INDIFFERENT,2:46,166,gc6s32xbcNI,2024-10-10T17:14:36Z,gh-2440
Daylily (Demo),The Dead Tongues,Cardinals At The Window,,INDIFFERENT,3:42,222,OeXMnb0aIzo,2024-10-10T17:10:54Z,gh-2440
We Live Inside A Dream,Floating Action,Cardinals At The Window,,INDIFFERENT,2:09,129,eMi2wnYL1EI,2024-10-10T17:08:45Z,gh-2440
Blue Ridge Mountains (Live from The Spring Recital),Fleet Foxes,Cardinals At The Window,,INDIFFERENT,3:39,219,J4Ov3qoPXfI,2024-10-10T17:05:06Z,gh-2440
Vapor Ascensus,Luke Schneider,Cardinals At The Window,,INDIFFERENT,4:05,245,iLXk0LTQ3qY,2024-10-10T17:01:01Z,gh-2440
Hey Heron,Rosali,Cardinals At The Window,,INDIFFERENT,5:22,322,idGEvQMJJz0,2024-10-10T16:55:39Z,gh-2440
Smilin',Nathaniel Rateliff & The Night Sweats,Cardinals At The Window,,INDIFFERENT,3:26,206,cs90dhMYBGc,2024-10-10T16:52:13Z,gh-2440
Nature’s Child,S.G. Goodman feat. Bonnie “Prince” Billy,Cardinals At The Window,,INDIFFERENT,3:53,233,DBeblwPFt4M,2024-10-10T16:48:20Z,gh-2440
Hard Times,Sluice,Cardinals At The Window,,INDIFFERENT,4:42,282,vd8fhjdMrHY,2024-10-10T16:43:38Z,gh-2440
Can’t Wait Until Tomorrow (Live At Echo Mountain),Angel Olsen,Cardinals At The Window,,INDIFFERENT,2:36,156,ZmxaCX6HOns,2024-10-10T16:41:02Z,gh-2440
Harmonia’s Dream (Live from New York),The War on Drugs,Cardinals At The Window,,INDIFFERENT,10:13,613,-hGgGiFPpm4,2024-10-10T15:22:45Z,gh-2439
Americana,Moe Bandy,"Best Of Branson, USA - Vol. 1",False,INDIFFERENT,4:25,265,m8sHzypNyAM,2024-10-10T15:18:20Z,gh-2439
Help Me Make It Through The Night,Ray Stevens,"Best Of Branson, USA - Vol. 1",False,INDIFFERENT,2:23,143,Xny49GbJdhE,2024-10-10T15:15:57Z,gh-2439
Bite the Nose,Little Wings,People,True,LIKE,3:56,236,3VySKfv31Rg,2024-10-09T23:28:53Z,gh-2437
Squire's Locker,Little Wings,High On The Glade,,INDIFFERENT,3:42,222,rM7TUgPDPk4,2024-10-09T23:25:11Z,gh-2437
Bubbles Go Pop,Little Wings,High On The Glade,,INDIFFERENT,4:21,261,zfMHyZwnB0Q,2024-10-09T23:20:50Z,gh-2437
Halloween 2020,Little Wings,Made it Rain,,INDIFFERENT,3:09,189,TNFT19lrawQ,2024-10-09T23:17:41Z,gh-2437
Too Many Rivers to Cross,Little Wings,Made it Rain,,INDIFFERENT,2:11,131,YmgsX8-qBLA,2024-10-09T23:15:30Z,gh-2437
Honey Bird’s Power Outage,Little Wings,Cardinals At The Window,,LIKE,6:09,369,LrpfG_9wtns,2024-10-10T07:04:32Z,gh-2436
"Sand (Live at Reynolds Coliseum, 1999)",Phish,Cardinals At The Window,,INDIFFERENT,22:12,1332,GVrdCSIGlpQ,2024-10-10T06:42:20Z,gh-2436
Harmonia’s Dream (Live from New York),The War on Drugs,Cardinals At The Window,,INDIFFERENT,10:13,613,-hGgGiFPpm4,2024-10-10T06:32:07Z,gh-2436
Swamp Witch,Jim Stafford,Jim Stafford,,INDIFFERENT,3:48,228,O-4mpwJQBFk,2024-10-10T04:34:33Z,gh-2432
A Real Good Time,Jim Stafford,Jim Stafford,,INDIFFERENT,3:34,214,NT53xaiyNWM,2024-10-10T04:30:59Z,gh-2432
Nifty Fifties Blues,Jim Stafford,Jim Stafford,,INDIFFERENT,3:03,183,9mtrCdWx_Xo,2024-10-10T04:27:56Z,gh-2432
My Girl Bill,Jim Stafford,Jim Stafford,,INDIFFERENT,3:13,193,uQZ48xw6pi4,2024-10-10T04:24:43Z,gh-2432
The Last Chant,Jim Stafford,Jim Stafford,,INDIFFERENT,3:19,199,pDbKUDnX_nA,2024-10-10T04:21:24Z,gh-2432
Spiders & Snakes,Jim Stafford,Jim Stafford,,INDIFFERENT,3:07,187,fOs1w3zzWCQ,2024-10-10T04:18:17Z,gh-2432
16 Little Red Noses And A Horse That Sweats,Jim Stafford,Jim Stafford,,INDIFFERENT,3:54,234,3qgoNu5IBao,2024-10-10T04:14:23Z,gh-2432
Wildwood Weed,Jim Stafford,Jim Stafford,,INDIFFERENT,2:41,161,REQ1YqYLi4g,2024-10-10T04:11:42Z,gh-2432
Medley: mr. bojangles/ a visit with a old friend,Jim Stafford,Jim Stafford,,LIKE,5:10,310,Eqlk3FhRRDU,2024-10-10T04:06:32Z,gh-2432
I Ain't Sharin' Sharon,Jim Stafford,Jim Stafford,,INDIFFERENT,2:14,134,gbplOMrpeOo,2024-10-10T04:04:18Z,gh-2432
L.A. Mamma,Jim Stafford,Jim Stafford,,INDIFFERENT,2:23,143,3J7HssP5Ias,2024-10-10T04:01:55Z,gh-2432
One Toke Over The Line,Brewer & Shipley,One Toke Over The Line,False,INDIFFERENT,3:34,214,Qzfb6XriWCw,2024-10-10T03:58:21Z,gh-2432
The Littlest Birds,The Be Good Tanyas,The Littlest Birds 1,True,LIKE,3:55,235,DjaW_oZDRmQ,2024-10-10T03:54:26Z,gh-2432
Lay Down (Candles In The Rain) (Long Version),"Melanie, The Edwin Hawkins Singers",Beautiful People: The Greatest Hits of Melanie,True,LIKE,7:40,460,pUfgjp10w-w,2024-10-10T03:46:46Z,gh-2432
Southern Star,Brent Cobb,Southern Star,False,INDIFFERENT,3:07,187,zfxcSonFQ9U,2024-10-10T03:43:39Z,gh-2432
Midnight Sun,Matt Heckler,After the Flood,,LIKE,4:54,294,dup_V9vCGxQ,2024-10-10T03:38:45Z,gh-2432
Gypsy,Kitchen Dwellers,Ghost in the Bottle,False,INDIFFERENT,5:57,357,THnAuo12G2U,2024-10-10T03:32:48Z,gh-2432
No More Soul in the Soil,Clyde and the Milltailers,Folklore,False,INDIFFERENT,3:27,207,2M3bj5DhGc0,2024-10-10T03:29:21Z,gh-2432
People Are Strange,The Dead South,"Easy Listening for Jerks, Pt. 2",False,INDIFFERENT,3:12,192,m6WAxPmayqA,2024-10-10T03:26:09Z,gh-2432
Float On,"Iron Horse, Pickin' On Series",The Bluegrass Tribute to Modest Mouse: Something You've Never Heard Before,False,INDIFFERENT,4:14,254,bMhP7QJoQNk,2024-10-10T03:21:55Z,gh-2432
The Thief and the Moon,Shawn James,Shadows,False,INDIFFERENT,3:11,191,gFZGt6bMAXA,2024-10-10T03:18:44Z,gh-2432
Annihilate,Trampled By Turtles,Life is Good on the Open Road,False,INDIFFERENT,3:26,206,hZrSJQoNjsk,2024-10-10T03:15:18Z,gh-2432
The Only Cowboy Bar in Portland,Lightnin' Luke,Volume 2,False,INDIFFERENT,3:00,180,36Ilc4_jZKA,2024-10-10T03:12:18Z,gh-2432
Wind and Rain,Crooked Still,Shaken By A Low Sound,,INDIFFERENT,3:47,227,9VGjaxe9ZOU,2024-10-10T03:08:31Z,gh-2432
Railroad Bill,Crooked Still,Shaken By A Low Sound,,LIKE,2:19,139,S9k2cUH6g7o,2024-10-10T03:33:42Z,gh-2431
Mountain Jumper,Crooked Still,Shaken By A Low Sound,,INDIFFERENT,2:52,172,qels-5Ebddg,2024-10-10T03:30:50Z,gh-2431
Ecstasy,Crooked Still,Shaken By A Low Sound,,INDIFFERENT,6:14,374,iqXuHxoB9Ig,2024-10-10T03:24:36Z,gh-2431
Ain't No Grave,Crooked Still,Shaken By A Low Sound,,INDIFFERENT,3:22,202,eb4W_3KC50g,2024-10-10T03:21:14Z,gh-2431
Whiskey Deaf And Whiskey Blind,Norman Blake,"Far Away, Down On A Georgia Farm",False,INDIFFERENT,3:45,225,d34yUwvRluc,2024-10-10T01:52:02Z,gh-2430
Spanish Pipedream,John Prine,John Prine,False,LIKE,2:42,162,ZkfqWEXdx-I,2024-10-10T01:49:20Z,gh-2430
I'll Be Here in the Morning,Townes Van Zandt,Townes Van Zandt,False,INDIFFERENT,3:01,181,5irlcdLkmiI,2024-10-10T01:46:19Z,gh-2430
Columbus Stockade Blues,"Doc Watson, Richard Watson",Third Generation Blues,False,INDIFFERENT,3:32,212,rVAXyZCbFdI,2024-10-10T01:42:47Z,gh-2430
Come On Up To The House,Sarah Jarosz,Song Up In Her Head,False,INDIFFERENT,4:28,268,THh_hWrGXYw,2024-10-10T01:38:19Z,gh-2430
Whiplash,Motörhead,Under Cöver,False,INDIFFERENT,3:50,230,0Sn0J5INxyA,2024-10-10T01:34:29Z,gh-2430
Ace of Spades,Motörhead,Ace of Spades (Expanded Edition),True,LIKE,2:49,169,wQchKv6OSQA,2024-10-10T01:31:40Z,gh-2430
Chains Are Broken,The Devil Makes Three,Chains Are Broken,False,INDIFFERENT,3:19,199,3MSYrswhAvg,2024-10-09T21:26:17Z,gh-2429
We Don't Grow Tobacco,Old Crow Medicine Show,Carry Me Back,False,INDIFFERENT,3:55,235,-wuJ9985T3Q,2024-10-09T21:22:22Z,gh-2429
I Won't Cry,Charley Crockett,Music City USA,False,INDIFFERENT,3:35,215,qzVhb7NN0JU,2024-10-09T21:18:47Z,gh-2429
Carry Me Away,The Infamous Stringdusters,Rise Sun,False,INDIFFERENT,4:08,248,WACVRAncmCY,2024-10-09T21:14:39Z,gh-2429
Judgement Day,The Devil Makes Three,"Longjohns, Boots and a Belt",True,LIKE,3:16,196,EXggV8Ildh4,2024-10-09T21:11:23Z,gh-2429
Dos Banjos,Billy Strings,Billy Strings - EP,False,INDIFFERENT,3:07,187,8ag-F986iI4,2024-10-09T21:08:16Z,gh-2429
Old Hickory,Old Crow Medicine Show,Volunteer,False,INDIFFERENT,5:10,310,IhmbhjjRvok,2024-10-09T21:03:06Z,gh-2429
Roll Me Through the Gates of Hell,Mischief Brew,Smash the Windows,False,INDIFFERENT,3:38,218,ZKnjxzbdz9E,2024-10-09T20:59:28Z,gh-2429
Tow,The Devil Makes Three,"Longjohns, Boots and a Belt",True,LIKE,4:25,265,oe9MV2mpVQQ,2024-10-09T20:55:03Z,gh-2429
Gonna Be Flyin' Tonight,Wayne Hancock,Tulsa,False,INDIFFERENT,3:55,235,ABJTY6Z8UCI,2024-10-09T20:51:08Z,gh-2429
Sometimes Wine,Sturgill Simpson,Cuttin' Grass - Vol. 1 (Butcher Shoppe Sessions),False,INDIFFERENT,3:56,236,_oTovhnxDg4,2024-10-09T20:47:12Z,gh-2429
O Cumberland River,Old Crow Medicine Show,Remedy,False,INDIFFERENT,3:22,202,9qNrCe-yBBA,2024-10-09T20:43:50Z,gh-2429
Graveyard,The Devil Makes Three,The Devil Makes Three,False,INDIFFERENT,3:26,206,K7FYQn6ou9Y,2024-10-09T20:40:24Z,gh-2429
Midnight Cowboy,Charley Crockett,$10 Cowboy,False,INDIFFERENT,2:58,178,dIov-HNjYHk,2024-10-09T20:37:26Z,gh-2429
California Sober (feat. Willie Nelson),Billy Strings,California Sober,True,LIKE,3:51,231,AmxvLgvc8IE,2024-10-09T20:33:35Z,gh-2429
So Long Chicago,Pokey LaFarge,Rhumba Country,,INDIFFERENT,3:38,218,Nxll6tukr4A,2024-10-09T20:29:57Z,gh-2429
Why Don't You Leave Me Alone,Wayne Hancock,Thunderstorms and Neon Signs,,INDIFFERENT,2:51,171,PRZ_oiuLxzw,2024-10-09T20:27:06Z,gh-2429
Rather Low (OurVinyl Session),"Milly Raccoon, Nick Shoulders, OurVinyl",Rather Low (OurVinyl Session),False,INDIFFERENT,2:57,177,78H9D8Ibkuw,2024-10-09T20:24:09Z,gh-2429
Gracefully Facedown,The Devil Makes Three,Do Wrong Right,,INDIFFERENT,4:12,252,JfWASwsYb2w,2024-10-09T20:19:57Z,gh-2429
Rosemary,Sierra Ferrell,Trail Of Flowers,False,INDIFFERENT,3:37,217,DoYRPz8DA_U,2024-10-09T20:16:20Z,gh-2429
Pretty Polly,Vandaveer,"Oh, Willie, Please...",,INDIFFERENT,3:49,229,9Sejo_rSr0Y,2024-10-09T20:12:31Z,gh-2429
One Day Soon,Hot Day at the Zoo,Zoograss,,LIKE,3:45,225,W9DmvXAQH4s,2024-10-09T20:08:46Z,gh-2429
Bootlegger's Boy,Old Crow Medicine Show,Carry Me Back,False,INDIFFERENT,3:27,207,cEzNC7o4xyQ,2024-10-09T20:05:19Z,gh-2429
Ain't No Grave,Crooked Still,Shaken By A Low Sound,,INDIFFERENT,3:22,202,eb4W_3KC50g,2024-10-09T20:01:57Z,gh-2429
The Angel of Death,The Devil Makes Three,Redemption & Ruin,False,INDIFFERENT,3:37,217,qj7LXpqOl4I,2024-10-09T19:58:20Z,gh-2429
Down in the Valley,The Devil Makes Three,Redemption & Ruin,False,INDIFFERENT,3:10,190,L5PAVgMYLio,2024-10-09T19:55:10Z,gh-2429
What Would You Give (In Exchange for Your Soul),The Devil Makes Three,Redemption & Ruin,False,INDIFFERENT,4:24,264,Uk_bF6G1lvw,2024-10-09T19:50:46Z,gh-2429
Come on up to the House,The Devil Makes Three,Redemption & Ruin,False,INDIFFERENT,2:56,176,DktajBn2IZ8,2024-10-09T19:47:50Z,gh-2429
I Am the Man Thomas,The Devil Makes Three,Redemption & Ruin,False,INDIFFERENT,2:40,160,eQgta3g_Qrs,2024-10-09T19:45:10Z,gh-2429
There’ll Be a Jubilee,The Devil Makes Three,Redemption & Ruin,False,INDIFFERENT,2:56,176,V1g22idnLOo,2024-10-09T19:42:14Z,gh-2429
Waiting Around to Die,The Devil Makes Three,Redemption & Ruin,False,INDIFFERENT,3:35,215,WZPo9QlYrKA,2024-10-09T19:38:39Z,gh-2429
I’m Gonna Get High,The Devil Makes Three,Redemption & Ruin,False,INDIFFERENT,2:32,152,IIlOx7QELIY,2024-10-09T19:36:07Z,gh-2429
Chase the Feeling,The Devil Makes Three,Redemption & Ruin,False,INDIFFERENT,3:35,215,3gKPXsiJpvA,2024-10-09T19:32:32Z,gh-2429
I Gotta Get Drunk,The Devil Makes Three,Redemption & Ruin,False,INDIFFERENT,2:30,150,WcW6UGlGXow,2024-10-09T19:30:02Z,gh-2429
Champagne and Reefer,The Devil Makes Three,Redemption & Ruin,False,INDIFFERENT,2:55,175,qixzChjrT-k,2024-10-09T19:27:07Z,gh-2429
Drunken Hearted Man,The Devil Makes Three,Redemption & Ruin,False,INDIFFERENT,2:49,169,h8SmPil4niM,2024-10-09T19:24:18Z,gh-2429
Lay Down (Candles In The Rain) (Long Version),"Melanie, The Edwin Hawkins Singers",Beautiful People: The Greatest Hits of Melanie,False,INDIFFERENT,7:40,460,pUfgjp10w-w,2024-10-09T18:32:18Z,gh-2428
The Night They Drove Old Dixie Down,Joan Baez,Blessed Are...,False,INDIFFERENT,3:27,207,IueqU0JMkdI,2024-10-09T18:28:51Z,gh-2428
One Tin Soldier (Original Hit Single),The Original Caste,Essential Hits Woodstock Generation,False,INDIFFERENT,3:39,219,VGY9k5PeoQA,2024-10-09T18:25:12Z,gh-2428
Crimson & Clover,Tommy James & The Shondells,Tommy James and The Shondells: Anthology,False,INDIFFERENT,3:30,210,YwHx4R6PurA,2024-10-09T18:21:42Z,gh-2428
Joy (feat. Tom Parker),Apollo 100,Joy,False,INDIFFERENT,2:51,171,X6ipT3d2kFg,2024-10-09T18:18:51Z,gh-2428
Feel Too Good (2008 Remaster),The Move,Looking On (2008 Remaster),True,LIKE,9:39,579,n1y-K1bSjMw,2024-10-09T18:09:12Z,gh-2428
The Night the Lights Went out in Georgia,Vicki Lawrence,The Night the Lights Went out in Georgia (Deluxe Edition),False,INDIFFERENT,3:41,221,K-qK7oVXVRQ,2024-10-09T18:05:31Z,gh-2428
Take Another Piece of My Heart (Live Broadcast Germany 1969),Janis Joplin,Live In Europe 1969,False,INDIFFERENT,3:55,235,gxhnvb8HFP8,2024-10-09T18:01:36Z,gh-2428
The Littlest Birds,The Be Good Tanyas,The Littlest Birds 1,True,LIKE,3:55,235,DjaW_oZDRmQ,2024-10-09T17:57:41Z,gh-2428
We Gotta Get Out Of This Place (US Version),The Animals,The Best Of The Animals,False,INDIFFERENT,3:13,193,t6gcxNFc1I0,2024-10-09T17:54:28Z,gh-2428
Mustang Sally,Wilson Pickett,The Wicked Pickett,False,INDIFFERENT,3:08,188,efctwrcovJQ,2024-10-09T17:51:20Z,gh-2428
An Old Fashioned Love Song,Three Dog Night,"Celebrate: The Three Dog Night Story, 1965–1975",False,INDIFFERENT,3:51,231,o0NmCA9efi0,2024-10-09T17:47:29Z,gh-2428
Creeque Alley (Single Version),The Mamas & The Papas,Deliver,False,INDIFFERENT,3:49,229,7ccDdIuJpOE,2024-10-09T17:43:40Z,gh-2428
Jungle Fever,The Chakachas,Jungle Fever,False,INDIFFERENT,4:24,264,ammcy3J6dPg,2024-10-09T17:39:16Z,gh-2428
Signs,Five Man Electrical Band,Class Reunion '71: Greatest Hits Of 1971,False,INDIFFERENT,3:06,186,CxrsVV5N06I,2024-10-09T17:36:10Z,gh-2428
Dream A Little Dream Of Me,Mama Cass,Dream A Little Dream,False,INDIFFERENT,3:42,222,zz4Et_XUMiI,2024-10-09T17:32:28Z,gh-2428
"500 Miles (Live At UCLA, Los Angeles/1961)",The Kingston Trio,College Concert (Live),False,INDIFFERENT,3:15,195,SVFDXzqx8cM,2024-10-09T17:29:13Z,gh-2428
Tennessee Flat Top Box,Rosanne Cash,King's Record Shop,False,INDIFFERENT,3:10,190,i93s451B5iE,2024-10-09T17:26:03Z,gh-2428
Please Do Not Go,Violent Femmes,Violent Femmes,False,INDIFFERENT,4:16,256,xHdVBoQc2mg,2024-10-09T17:21:47Z,gh-2428
The Beat Goes On,Sonny & Cher,In Case You're In Love,False,INDIFFERENT,3:29,209,oC7ZgXmrs6Q,2024-10-09T17:18:18Z,gh-2428
Swamp Witch,Jim Stafford,Jim Stafford,False,INDIFFERENT,3:48,228,O-4mpwJQBFk,2024-10-09T17:14:30Z,gh-2428
Glory Bound,The Wailin' Jennys,Firecracker,False,INDIFFERENT,4:25,265,38M8DJX6Tto,2024-10-09T17:10:05Z,gh-2428
Barabajagal,Donovan,Barabajagal,False,INDIFFERENT,3:21,201,x2NMuycKY2k,2024-10-09T17:06:44Z,gh-2428
Brand New Key,Melanie,Gather Me,,INDIFFERENT,2:28,148,-mXlW9LytYo,2024-10-09T17:04:16Z,gh-2428
Brown Noise with Deep Bass (No Fade),SleepTherapy,"Brown Noise: Loops for Relaxation, Deep Sleep, Meditation, and Babies",False,INDIFFERENT,9:38,578,5fAy2qbzLlw,2024-10-09T16:54:38Z,gh-2428
Loving Cup,Phish,"LivePhish, Vol. 17 7/15/98 (Portland Meadows, Portland, OR)",False,INDIFFERENT,7:49,469,aHJs8e_1CPs,2024-10-08T20:34:10Z,gh-2424
Birds Of A Feather,Phish,"LivePhish, Vol. 17 7/15/98 (Portland Meadows, Portland, OR)",False,INDIFFERENT,9:04,544,v7cSTpfhgB0,2024-10-08T20:25:06Z,gh-2424
Roggae,Phish,"LivePhish, Vol. 17 7/15/98 (Portland Meadows, Portland, OR)",False,INDIFFERENT,9:27,567,dO4LRFAE43Q,2024-10-08T20:15:39Z,gh-2424
Cars Trucks Buses,Phish,"LivePhish, Vol. 17 7/15/98 (Portland Meadows, Portland, OR)",False,INDIFFERENT,5:31,331,ZmotP5RkpSs,2024-10-08T20:10:08Z,gh-2424
Beauty Of My Dreams,Phish,"LivePhish, Vol. 17 7/15/98 (Portland Meadows, Portland, OR)",False,INDIFFERENT,3:21,201,PO9IYIHiHAQ,2024-10-08T20:06:47Z,gh-2424
Brian And Robert,Phish,"LivePhish, Vol. 17 7/15/98 (Portland Meadows, Portland, OR)",False,INDIFFERENT,3:36,216,LK6niJDrieQ,2024-10-08T20:03:11Z,gh-2424
Chalk Dust Torture,Phish,"LivePhish, Vol. 17 7/15/98 (Portland Meadows, Portland, OR)",False,INDIFFERENT,8:52,532,JZDVAQyVXWs,2024-10-08T19:54:19Z,gh-2424
Portland Jam,Phish,"LivePhish, Vol. 17 7/15/98 (Portland Meadows, Portland, OR)",False,INDIFFERENT,6:20,380,j74houmcSGw,2024-10-09T03:30:11Z,gh-2423
Horn,Phish,"LivePhish, Vol. 17 7/15/98 (Portland Meadows, Portland, OR)",False,INDIFFERENT,4:01,241,g8gSac31v2Y,2024-10-09T03:26:10Z,gh-2423
Piper,Phish,LivePhish 07/06/98,False,INDIFFERENT,19:50,1190,YMuKPCZ5ySE,2024-10-09T03:06:20Z,gh-2423
Boatman's Dance,Yonder Mountain String Band,"Mountain Tracks, Vol. 5",,INDIFFERENT,4:58,298,A6Ex1MWNOXc,2024-10-09T03:01:22Z,gh-2423
My Gal,Yonder Mountain String Band,"Mountain Tracks, Vol. 1",True,LIKE,5:53,353,ekQynGowh5w,2024-10-09T02:55:29Z,gh-2423
Six Days On The Road,Dave Dudley,Six Days On the Road,False,INDIFFERENT,2:21,141,rGmw44_ZsPw,2024-10-09T01:52:55Z,gh-2422
No Particular Place To Go,Chuck Berry,St. Louis To Liverpool,False,INDIFFERENT,2:43,163,Bhx96Nt5hyQ,2024-10-09T01:50:12Z,gh-2422
"Hey, Good Lookin'",Hank Williams,Busted,False,INDIFFERENT,2:56,176,EV1uoGsYz0U,2024-10-09T01:47:16Z,gh-2422
"Bad, Bad Leroy Brown",Jim Croce,Photographs & Memories: His Greatest Hits,False,INDIFFERENT,3:03,183,JzYf6qskdfA,2024-10-09T01:44:13Z,gh-2422
Heart Of The Country,"Linda McCartney, Paul McCartney",Ram,,LIKE,2:24,144,_hLKRHvAD2Y,2024-10-09T01:41:49Z,gh-2422
Brand New Key,Melanie,Gather Me,,INDIFFERENT,2:28,148,-mXlW9LytYo,2024-10-09T01:39:21Z,gh-2422
One Toke Over the Line,Brewer & Shipley,Tarkio Road,True,LIKE,3:20,200,OF3EUFnafp8,2024-10-09T01:36:01Z,gh-2422
Late in the Evening,Paul Simon,One-Trick Pony,False,INDIFFERENT,4:03,243,fKWW4ll0YzI,2024-10-09T01:31:58Z,gh-2422
Sweet by and By,bird youmans,Sweet by and By,False,INDIFFERENT,2:59,179,OJlLWiQnlo8,2024-10-09T01:28:59Z,gh-2422
For the Good Times,Ray Price,"Willie, Merle & Ray: Big Hits Live From The Last Of The Breed Tour",False,INDIFFERENT,3:13,193,G9kTNL95FDE,2024-10-09T01:25:46Z,gh-2422
Love of the Common People,Waylon Jennings,Waylon's World,False,INDIFFERENT,2:52,172,k5uyrniq88U,2024-10-09T01:22:54Z,gh-2422
Bloody Mary Morning,Willie Nelson,Phases And Stages,False,INDIFFERENT,2:49,169,NbrB4B5FoBQ,2024-10-09T01:20:05Z,gh-2422
Workin Man Blues (Live),Merle Haggard,Greatest Hits (Live),False,INDIFFERENT,3:01,181,4G_J3tG2nEE,2024-10-09T01:17:04Z,gh-2422
Sing Me Back Home,Merle Haggard,"Willie, Merle & Ray: Big Hits Live From The Last Of The Breed Tour",False,INDIFFERENT,4:28,268,QIA8TWyLpYI,2024-10-09T01:12:36Z,gh-2422
The Ride,David Allan Coe,Castles in the Sand,False,INDIFFERENT,3:11,191,uh6u4O-264Q,2024-10-09T01:09:25Z,gh-2422
Low Down,Hank Williams III,Straight To Hell (Clean Version),False,INDIFFERENT,3:25,205,wM0Q__hBauk,2024-10-09T01:06:00Z,gh-2422
East Bound And Down,"Bill Justis, Jerry Reed",Smokey And The Bandit (Original Motion Picture Soundtrack),False,INDIFFERENT,4:44,284,-u1Kzcs-z3c,2024-10-09T01:01:16Z,gh-2422
Kaw-Liga,"Hank Williams, Jr.",Habits Old And New,False,INDIFFERENT,4:25,265,ZUblBoEHf5g,2024-10-09T00:56:51Z,gh-2422
Amos Moses,Jerry Reed,Georgia Sunshine,True,LIKE,2:20,140,PbXFHSa4YmQ,2024-10-09T00:54:31Z,gh-2422
Back In The Doghouse Again,Ray Stevens,#1 With A Bullet,False,INDIFFERENT,3:08,188,2CnlDAD9Mds,2024-10-09T00:51:23Z,gh-2422
Black Sedan,Charley Crockett,The Man from Waco,False,INDIFFERENT,3:25,205,4Y9RolTqiuM,2024-10-09T00:47:58Z,gh-2422
D-R-U-N-K,David Allan Coe,Tennessee Whiskey,True,LIKE,2:35,155,aMmRgo5GTO0,2024-10-09T00:45:23Z,gh-2422
Howard Hughes Blues,Robert Ellis & Courtney Hartman,Dear John,,LIKE,2:51,171,dRQMM47WlW0,2024-10-08T21:27:46Z,gh-2421
Down Along the Dixie Line,Punch Brothers,Ahoy!,,INDIFFERENT,2:49,169,ywr-3L4I4mw,2024-10-08T21:24:57Z,gh-2421
Our Life's Work,Chuck Darwin & the Knuckle Draggers,Three Car Pileup,False,INDIFFERENT,2:43,163,vskBlq2dLAM,2024-10-08T21:22:14Z,gh-2421
Where's the Truck?,Charlie Douglas & Dave Dudley,Diesel Duets,False,INDIFFERENT,3:12,192,ocnt6_z3U0s,2024-10-08T21:19:02Z,gh-2421
In the Clear,Billy Strings,Highway Prayers,False,INDIFFERENT,2:57,177,kYLM4PZjsD4,2024-10-08T21:16:05Z,gh-2421
Dance,Chuck Darwin & the Knuckle Draggers,Three Car Pileup,True,LIKE,3:03,183,6ydrdWG15aE,2024-10-08T21:13:02Z,gh-2421
Springtime in Pennsylvania,Chuck Darwin & the Knuckle Draggers,Summer Wine,,LIKE,2:37,157,-T3F3uRtyoM,2024-10-08T21:10:25Z,gh-2421
Summer Wine,Chuck Darwin & the Knuckle Draggers,Summer Wine,,LIKE,3:08,188,q8idCcAoBdU,2024-10-08T21:07:17Z,gh-2421
Cross The Borderline,Dillard/Hartford/Dillard,Glitter Grass From The Nashwood Hollyville Strings / Permanent Wave,,INDIFFERENT,2:22,142,Rg6H3sIloN4,2024-10-08T21:04:55Z,gh-2421
Don't Come Rollin',Dillard/Hartford/Dillard,Glitter Grass From The Nashwood Hollyville Strings / Permanent Wave,,LIKE,2:19,139,25bd7E22bQA,2024-10-08T21:02:36Z,gh-2421
Chalk Dust Torture,Phish,"LivePhish, Vol. 6 11/27/98 (The Centrum, Worcester, MA)",False,INDIFFERENT,3:34,214,YiYALbjndE0,2024-10-08T18:35:42Z,gh-2420
Wipe Out,Phish,"LivePhish, Vol. 6 11/27/98 (The Centrum, Worcester, MA)",False,INDIFFERENT,2:02,122,5kYqM9scTYA,2024-10-08T18:33:40Z,gh-2420
Buried Alive,Phish,"LivePhish, Vol. 6 11/27/98 (The Centrum, Worcester, MA)",False,INDIFFERENT,3:38,218,rplk_2lk154,2024-10-08T18:30:02Z,gh-2420
Birds Of A Feather,Phish,"LivePhish, Vol. 6 11/27/98 (The Centrum, Worcester, MA)",False,INDIFFERENT,9:02,542,gp86EJEvvzE,2024-10-08T18:21:00Z,gh-2420
When The Circus Comes,Phish,"LivePhish, Vol. 6 11/27/98 (The Centrum, Worcester, MA)",False,INDIFFERENT,5:30,330,2Zh3eTmiY-U,2024-10-08T18:15:30Z,gh-2420
"When You're Hot, You're Hot",Jerry Reed,"When You're Hot, You're Hot",True,LIKE,2:17,137,fd_2hlSbcZw,2024-10-08T18:13:13Z,gh-2420
Paint It Blue (Live from the Ryman),Charley Crockett,Live from the Ryman,False,INDIFFERENT,4:21,261,Vz7TzN6USnE,2024-10-08T18:08:52Z,gh-2420
D-R-U-N-K,David Allan Coe,Tennessee Whiskey,True,LIKE,2:35,155,aMmRgo5GTO0,2024-10-08T18:06:17Z,gh-2420
I'm Gonna Go Fishin,Dr John,Duke Elegant,,INDIFFERENT,5:05,305,NhxdSLNbzXU,2024-10-08T18:01:12Z,gh-2420
On the Wrong Side of the Railroad Tracks,Dr John,Duke Elegant,,INDIFFERENT,5:43,343,0WpZm9d039c,2024-10-08T17:55:29Z,gh-2420
Brown Noise for Sleep,Sounds for Life,Brown Noise for Sleep,False,INDIFFERENT,1:11:11,4271,TKHjJnEaVrQ,2024-10-08T14:22:27Z,gh-2419
The Song Is You,Grant Green,Nigeria,False,INDIFFERENT,7:48,468,_TIRxwCisVo,2024-10-08T06:33:30Z,gh-2416
I Say A Little Prayer For You,Wes Montgomery,Down Here On The Ground,False,INDIFFERENT,3:18,198,IUT8UmiYwi4,2024-10-08T06:30:12Z,gh-2416
My Girl Is Just Enough Woman For Me,Stanley Turrentine,Comin' Your Way,False,INDIFFERENT,6:46,406,Xm16sAC2gFA,2024-10-08T06:23:26Z,gh-2416
"Maiden Voyage (Live At The Cliche' Lounge, Newark, New Jersey, 1970 / Remastered 2000)",Grant Green,"Alive! (Live At The Cliche' Lounge, Newark, New Jersey, 1970 / Remastered 2000)",False,INDIFFERENT,10:59,659,6WTYsG5MZGY,2024-10-08T06:12:27Z,gh-2416
Summer In Central Park,Horace Silver,In Pursuit Of The 27th Man,False,INDIFFERENT,4:42,282,9659Ve5ZzHY,2024-10-08T06:07:45Z,gh-2416
When We Were One,Roy Hargrove Quintet,With The Tenors Of Our Time,False,INDIFFERENT,5:55,355,7WeLZESmVDY,2024-10-08T06:01:50Z,gh-2416
Tune-Up (Take 1),Wes Montgomery,"Encores, Volume 2: Blue 'N' Boogie",False,INDIFFERENT,4:50,290,PzDSGWzQG40,2024-10-08T05:57:00Z,gh-2416
Three Way Split (Remastered 2000 / Rudy Van Gelder Edition),Hank Mobley,No Room For Squares (Remastered 2000 / Rudy Van Gelder Edition),False,INDIFFERENT,7:50,470,SdY_T_TEFF8,2024-10-08T05:49:10Z,gh-2416
Party Time,Lee Morgan,The Procrastinator,False,INDIFFERENT,6:02,362,aIekj7YFIjA,2024-10-08T05:43:08Z,gh-2416
I Can't Get Started,John Lewis,Grand Encounter: 2° East / 3° West,False,INDIFFERENT,3:36,216,_rafRtfRT2U,2024-10-08T05:39:32Z,gh-2416
Gibraltar,Stanley Turrentine,Sugar ((CTI Records 40th Anniversary Edition - Original recording remastered)),False,INDIFFERENT,9:37,577,Y9ROi5Tk_z4,2024-10-08T05:29:55Z,gh-2416
I Want To Hold Your Hand,Grant Green,I Want To Hold Your Hand,False,INDIFFERENT,7:23,443,BwVZnvW55So,2024-10-08T05:22:32Z,gh-2416
Kathy (Rudy Van Gelder 24-Bit Mastering / 2002 Digital Remaster),Horace Silver,In Pursuit Of The 27th Man,True,LIKE,4:18,258,nqFEVT8MacY,2024-10-08T05:18:14Z,gh-2416
Never Let Me Go,Roy Hargrove Quintet,With The Tenors Of Our Time,False,INDIFFERENT,5:35,335,XU_jxJT_5jA,2024-10-08T05:12:39Z,gh-2416
Canadian Sunset,Wes Montgomery,Boss Guitar,False,INDIFFERENT,5:06,306,l7URjm4eF4g,2024-10-08T05:07:33Z,gh-2416
The Essence Of Mystery,Alphonze Mouzon,The Essence Of Mystery,False,INDIFFERENT,5:01,301,3P6yvFpT7I0,2024-10-08T05:02:32Z,gh-2416
Things Ain't What They Used To Be,"Frank Wess, John Coltrane",Wheelin' & Dealin',False,INDIFFERENT,8:25,505,G60hY-PTdOo,2024-10-08T04:54:07Z,gh-2416
Maiden Voyage (Rudy Van Gelder Edition; 2006 Digital Remaster),Bobby Hutcherson,Happenings,False,INDIFFERENT,5:50,350,c8fvOJvRmPY,2024-10-08T04:48:17Z,gh-2416
But Beautiful (Remastered 2002/Rudy Van Gelder Edition),Freddie Hubbard,Open Sesame (The Rudy Van Gelder Edition),False,INDIFFERENT,6:27,387,3t3H32spG7Q,2024-10-08T04:41:50Z,gh-2416
Good Old Soul,Tina Brooks,True Blue,False,INDIFFERENT,8:08,488,2VBWiCL7Ar0,2024-10-08T04:33:42Z,gh-2416
Flirty Gerty,Hank Mobley,Hi Voltage,False,INDIFFERENT,7:01,421,JUIrOem6-lo,2024-10-08T04:26:41Z,gh-2416
"Straight, No Chaser (Live [Tokyo])",Thelonious Monk,Monk In Tokyo,False,INDIFFERENT,9:46,586,S9QQbqupGe0,2024-10-08T04:16:55Z,gh-2416
Cariba (Live),Wes Montgomery,Full House,False,INDIFFERENT,9:37,577,aUqxqttVrpk,2024-10-08T04:07:18Z,gh-2416
Tower Jam,Phish,Jam,,INDIFFERENT,59:14,3554,EHi9PjBV6BM,2024-10-08T02:38:48Z,gh-2415
Evolve,Phish,Evolve,True,LIKE,4:13,253,Qbx7oNFmv-s,2024-10-08T01:52:05Z,gh-2414
Buried Alive,Phish,"LivePhish, Vol. 6 11/27/98 (The Centrum, Worcester, MA)",False,INDIFFERENT,3:38,218,rplk_2lk154,2024-10-08T01:48:27Z,gh-2414
Barrett's Privateers,Stan Rogers,The Very Best of Stan Rogers,True,LIKE,4:24,264,mQbh7UNCZdc,2024-10-08T01:44:03Z,gh-2414
Never Make It Home,Split Lip Rayfield,Never Make It Home,False,INDIFFERENT,3:11,191,g6dg_JKDW8k,2024-10-08T01:40:52Z,gh-2414
Barrett's Privateers,The Jolly Rogers,Pirates Evermore,True,LIKE,3:00,180,lVggiK_5CRo,2024-10-08T01:37:52Z,gh-2414
Barrett's Privateers,Stan Rogers,Fogarty's Cove,,INDIFFERENT,4:19,259,3T0Ruhb734U,2024-10-08T01:33:33Z,gh-2414
A Place in the Choir,Bill Staines,The Whistle of the Jay,,INDIFFERENT,2:29,149,3pR5nyeFgmA,2024-10-08T01:31:04Z,gh-2414
The Logging Song,Bill Staines,The Whistle of the Jay,,LIKE,2:21,141,0KqRgAoEfvI,2024-10-08T01:28:43Z,gh-2414
Gloryland,Ralph Stanley,Ralph Stanley & The Clinch Mountain Boys 1971-1973,True,LIKE,2:42,162,1Cs_B8XlLug,2024-10-08T01:26:01Z,gh-2414
Matterhorn,The Country Gentlemen,25 Years,True,LIKE,2:21,141,tf49BnALF2Q,2024-10-08T01:23:40Z,gh-2414
I've Come To Take You Home,The Seldom Scene,Like We Used To Be,False,INDIFFERENT,3:10,190,sBsOlYImNws,2024-10-08T01:20:30Z,gh-2414
Mean Mother Blues,The Seldom Scene with John Starling,Long Time... Seldom Scene,True,LIKE,3:08,188,UKy_Q-SvPHQ,2024-10-08T01:17:22Z,gh-2414
Bound to Ride,"John Hartford, Tony Rice, Vassar Clements",Hartford Rice and Clements,,LIKE,2:00,120,BdWeRIYBZq4,2024-10-08T01:15:22Z,gh-2414
Honky Tonk Heroes (Like Me),Waylon Jennings,Greatest Hits,False,INDIFFERENT,3:29,209,CE5CQ1gfaR8,2024-10-08T01:11:53Z,gh-2414
D-R-U-N-K,David Allan Coe,Tennessee Whiskey,True,LIKE,2:35,155,aMmRgo5GTO0,2024-10-08T01:09:18Z,gh-2414
Don't Come Rollin',Dillard/Hartford/Dillard,Glitter Grass From The Nashwood Hollyville Strings / Permanent Wave,,LIKE,2:19,139,25bd7E22bQA,2024-10-08T01:06:59Z,gh-2414
You Were the Fool,Ween,12 Golden Country Greats,,INDIFFERENT,4:27,267,plKeLTrR8Cs,2024-10-08T01:02:32Z,gh-2414
Kodachrome,Paul Simon,There Goes Rhymin' Simon,True,LIKE,3:36,216,JD6Zq505pnM,2024-10-08T00:58:56Z,gh-2414
Amie,Pure Prairie League,Bustin' Out,False,INDIFFERENT,4:20,260,lPgNbFni0oI,2024-10-08T00:54:36Z,gh-2414
Short Stuff: Snow Globes | STUFF YOU SHOULD KNOW,"Dec 21, 2022",,False,INDIFFERENT,12:07,727,8YKGS55WGRc,2024-10-08T00:42:29Z,gh-2414
"Who was Dorothy Parker, really? | STUFF YOU SHOULD KNOW","Dec 20, 2022",,False,INDIFFERENT,47:44,2864,q5Nc0Ol8Nv0,2024-10-07T23:54:45Z,gh-2414
The Strange Story of Lysol | STUFF YOU SHOULD KNOW,"Oct 3, 2024",,False,INDIFFERENT,43:50,2630,XNoEZyRhJtc,2024-10-07T23:10:55Z,gh-2414
Selects: Timber! How Timber Works | STUFF YOU SHOULD KNOW,"Aug 3, 2024",,False,INDIFFERENT,1:05:10,3910,91pQ5FItY0w,2024-10-07T22:05:45Z,gh-2414
"Gone With The Wind (feat. Tommy Flanagan, Percy Heath & Albert Heath)",Wes Montgomery,The Incredible Jazz Guitar (Keepnews Collection),False,INDIFFERENT,6:21,381,hoTm_sRUnIw,2024-10-07T21:23:57Z,gh-2413
"Mr Walker (feat. Tommy Flanagan, Percy Heath & Albert Heath)",Wes Montgomery,The Incredible Jazz Guitar (Keepnews Collection),False,INDIFFERENT,4:33,273,-LOiBQZRXCM,2024-10-07T21:19:24Z,gh-2413
"In Your Own Sweet Way (feat. Tommy Flanagan, Percy Heath & Albert Heath)",Wes Montgomery,The Incredible Jazz Guitar (Keepnews Collection),False,INDIFFERENT,4:54,294,VjIaYCjy8yE,2024-10-07T21:14:30Z,gh-2413
"West Coast Blues (feat. Tommy Flanagan, Percy Heath & Albert Heath)",Wes Montgomery,The Incredible Jazz Guitar (Keepnews Collection),False,INDIFFERENT,7:24,444,Lvf2e6hm9lU,2024-10-07T21:07:06Z,gh-2413
"Four On Six (feat. Tommy Flanagan, Percy Heath & Albert Heath)",Wes Montgomery,The Incredible Jazz Guitar (Keepnews Collection),False,INDIFFERENT,6:16,376,9PD2Q7TXmvU,2024-10-07T21:00:50Z,gh-2413
"Polka Dots And Moonbeams (feat. Tommy Flanagan, Percy Heath & Albert Heath)",Wes Montgomery,The Incredible Jazz Guitar (Keepnews Collection),False,INDIFFERENT,4:43,283,ChX2XzYpSOU,2024-10-07T20:56:07Z,gh-2413
"D-Natural Blues (feat. Tommy Flanagan, Percy Heath & Albert Heath)",Wes Montgomery,The Incredible Jazz Guitar (Keepnews Collection),False,INDIFFERENT,5:23,323,vZ5ZrT0IKz0,2024-10-07T20:50:44Z,gh-2413
"Airegin (feat. Tommy Flanagan, Percy Heath & Albert Heath)",Wes Montgomery,The Incredible Jazz Guitar (Keepnews Collection),False,INDIFFERENT,4:29,269,q72GV9cwkr8,2024-10-07T20:46:15Z,gh-2413
Nancy (With The Laughing Face),Grant Green,The Complete Quartets With Sonny Clark,False,INDIFFERENT,6:26,386,NzpPuKEK3RM,2024-10-07T20:39:49Z,gh-2413
Idle Moments (Rudy Van Gelder Edition / Remastered 1999),Grant Green,Idle Moments,True,LIKE,14:57,897,aq0m0hbCjFQ,2024-10-07T20:24:52Z,gh-2413
Reverb,Soulive,Break Out,False,INDIFFERENT,4:19,259,PhJ0PEvQNXM,2024-10-07T20:20:33Z,gh-2413
Uninvisible,Medeski Martin & Wood,Uninvisible,False,INDIFFERENT,3:38,218,N5kYgB4DDw4,2024-10-07T20:16:55Z,gh-2413
Crimson Skies,The Budos Band,The Budos Band III,False,INDIFFERENT,3:35,215,hPpBvCrY8cE,2024-10-07T20:13:20Z,gh-2413
Blast Off,Lettuce,Rage!,False,INDIFFERENT,3:44,224,qCdvAnWZRls,2024-10-07T20:09:36Z,gh-2413
Love For Sale,Oscar Peterson,Oscar Peterson Plays The Cole Porter Songbook,False,INDIFFERENT,3:27,207,rwLzgz0FtAE,2024-10-07T20:06:09Z,gh-2413
Road Song,Wes Montgomery,Road Song,False,INDIFFERENT,3:52,232,ABFAz5orvWA,2024-10-07T20:02:17Z,gh-2413
Break Out,Soulive,Break Out,False,INDIFFERENT,4:31,271,hbyxSMrb3xg,2024-10-07T19:57:46Z,gh-2413
Fish and Chips,Soul delivery,Peninsula Park,False,INDIFFERENT,3:33,213,3GsXvZvcRfg,2024-10-07T19:54:13Z,gh-2413
Down With Disease,Phish,Hoist,False,INDIFFERENT,4:08,248,pdSTu0vrYsc,2024-10-07T19:50:05Z,gh-2413
Shine It,Medeski Martin & Wood,End Of The World Party (Just In Case),True,LIKE,5:00,300,qbs1O-IUBv8,2024-10-07T19:45:05Z,gh-2413
Freckles,The New Mastersounds,Breaks from the Border,False,INDIFFERENT,3:44,224,oAt6OBakOnE,2024-10-07T19:41:21Z,gh-2413
Maybe Tomorrow,Grant Green,Visions,False,INDIFFERENT,4:56,296,T-iZF2LyxIs,2024-10-07T19:36:25Z,gh-2413
Sicily' Box (feat. Rocco Palladino),"Venna, Yussef Dayes, & Marco Bernardis",Sicily' Box,False,INDIFFERENT,4:06,246,w_a5mRbwr-o,2024-10-07T19:32:19Z,gh-2413
Fo Sho,Delvon Lamarr Organ Trio,I Told You So,False,INDIFFERENT,4:11,251,qb0-qu2vP44,2024-10-07T19:28:08Z,gh-2413
Vapor,Soulive,Break Out,False,INDIFFERENT,5:00,300,oIOV6ryQa1Q,2024-10-07T19:23:08Z,gh-2413
Elephant Walk,Lettuce,Mt. Crushmore,False,INDIFFERENT,3:04,184,JEYiyi3ofsY,2024-10-07T19:20:04Z,gh-2413
I Wanna Ride You,Medeski Martin & Wood,Uninvisible,False,INDIFFERENT,3:29,209,fdKj5dYjdFM,2024-10-07T19:16:35Z,gh-2413
Hurry Up...And Wait,Soulive,Doin' Something,,LIKE,4:06,246,-k1lV8UryqY,2024-10-07T19:12:29Z,gh-2413
Only One And Only,Gillian Welch,Revival,False,INDIFFERENT,5:33,333,OJsW8DY6wf4,2024-10-07T03:33:20Z,gh-2407
Sweet Dreams (Are Made of This) (2005 Remaster),Eurythmics,Sweet Dreams (Are Made Of This),False,INDIFFERENT,3:37,217,eRhg7qPLeN8,2024-10-06T15:27:39Z,gh-2403
Take A Chance On Me,ABBA,The Album,False,INDIFFERENT,4:04,244,DkkQ8dCPiwA,2024-10-06T15:23:35Z,gh-2403
"Holding Out for a Hero (From ""Footloose"" Soundtrack)",Bonnie Tyler,Secret Dreams and Forbidden Fire,False,INDIFFERENT,5:49,349,qgHVh5jspsA,2024-10-06T15:17:46Z,gh-2403
Boogie Wonderland,"Earth, Wind & Fire",Skatetown USA (Music from the Motion Picture Soundtrack),False,INDIFFERENT,4:50,290,2Hp8adWkSFU,2024-10-06T15:12:56Z,gh-2403
Call Me,Blondie,Call Me,False,INDIFFERENT,3:33,213,tykf2xYPNdc,2024-10-06T15:09:23Z,gh-2403
Gypsy (2002 Remaster),Fleetwood Mac,The Very Best Of Fleetwood Mac,False,INDIFFERENT,4:23,263,rX57RBmD3eI,2024-10-06T15:05:00Z,gh-2403
Laid,James,Laid,False,INDIFFERENT,2:37,157,mC53oRIo0zQ,2024-10-06T15:02:23Z,gh-2403
Walk On the Wild Side,Lou Reed,Transformer,False,INDIFFERENT,4:14,254,Qu6F-mMAQhk,2024-10-06T14:58:09Z,gh-2403
Perfect Day,Lou Reed,The Essential Lou Reed,False,INDIFFERENT,3:44,224,Q_qy2ziekOc,2024-10-06T14:54:25Z,gh-2403
Born Slippy (Nuxx) (Radio Edit),Underworld,Born Slippy (Nuxx) (Radio Edit),False,INDIFFERENT,4:25,265,GjXpOolPUBc,2024-10-06T14:50:00Z,gh-2403
Self Control (Edit),Laura Branigan,Self Control (Expanded),False,INDIFFERENT,3:58,238,f8Uwtm30uhc,2024-10-06T14:46:02Z,gh-2403
Take On Me,a-ha,Hit Mix!,False,INDIFFERENT,3:50,230,f-BDCwxBF9Q,2024-10-06T12:47:16Z,gh-2402
I Feel Love,Donna Summer,On The Radio: Greatest Hits Volumes I & II,False,INDIFFERENT,3:22,202,nTNcCKq6V2c,2024-10-06T12:43:54Z,gh-2402
Stayin’ Alive (Serban Mix),Bee Gees,Saturday Night Fever (The Original Movie Soundtrack Deluxe Edition),False,INDIFFERENT,4:58,298,2FbFzIWGYWw,2024-10-06T12:38:56Z,gh-2402
9 to 5,Dolly Parton,9 To 5 And Odd Jobs,False,INDIFFERENT,2:43,163,OPoSuyu0dsY,2024-10-06T12:36:13Z,gh-2402
The Chain (2004 Remaster),Fleetwood Mac,Rumours,False,INDIFFERENT,4:30,270,FhgFtXESdPk,2024-10-06T12:31:43Z,gh-2402
Don't Go Breaking My Heart,"Elton John, Kiki Dee",Diamonds (Deluxe),False,INDIFFERENT,4:27,267,DH7kBuZ5GZk,2024-10-06T12:27:16Z,gh-2402
Lay All Your Love On Me,ABBA,ABBA Gold,False,INDIFFERENT,4:33,273,OeBO5LnCJOI,2024-10-06T12:22:43Z,gh-2402
Dancing Queen,ABBA,ABBA Gold,False,INDIFFERENT,3:52,232,OGHZ0a82nwA,2024-10-06T12:18:51Z,gh-2402
"Money, Money, Money",ABBA,ABBA Gold,False,INDIFFERENT,3:07,187,ivApEf3rqH8,2024-10-06T12:15:44Z,gh-2402
Rasputin,Boney M.,Nightflight to Venus,False,INDIFFERENT,5:52,352,5Z0dxsFmX7c,2024-10-06T12:09:52Z,gh-2402
Taxman,Soulive,Rubber Soulive,,INDIFFERENT,3:14,194,K5w2gF5q1Zs,2024-10-06T12:06:38Z,gh-2402
Drive My Car,Soulive,Rubber Soulive,,INDIFFERENT,3:31,211,RD7m6llk0Ic,2024-10-06T12:03:07Z,gh-2402
While My Guitar Gently Weeps,Soulive,Rubber Soulive,,INDIFFERENT,4:06,246,c6XlreeIE3Q,2024-10-06T11:59:01Z,gh-2402
Day Tripper,Soulive,Rubber Soulive,,INDIFFERENT,3:06,186,Nz4o0BwtuNc,2024-10-06T11:55:55Z,gh-2402
Help!,Soulive,Rubber Soulive,,INDIFFERENT,3:08,188,tVBL6pvS6D4,2024-10-06T11:52:47Z,gh-2402
Revolution,Soulive,Rubber Soulive,,INDIFFERENT,3:36,216,wvGn3yjGBV8,2024-10-06T11:49:11Z,gh-2402
Something,Soulive,Rubber Soulive,,INDIFFERENT,3:12,192,3v5dUONByvA,2024-10-06T11:45:59Z,gh-2402
Come Together,Soulive,Rubber Soulive,,INDIFFERENT,4:16,256,FFxlNbNhz8c,2024-10-06T11:41:43Z,gh-2402
I Want You (She's So Heavy),Soulive,Rubber Soulive,,INDIFFERENT,5:01,301,pWDUebsvV54,2024-10-06T11:36:42Z,gh-2402
Eleanor Rigby,Soulive,Rubber Soulive,,INDIFFERENT,4:20,260,9pX9AX27lQY,2024-10-06T11:32:22Z,gh-2402
In My Life,Soulive,Rubber Soulive,,INDIFFERENT,2:38,158,1tRi5vzQmKQ,2024-10-06T11:29:44Z,gh-2402
Shaheed,Soulive,Doin' Something,,INDIFFERENT,5:39,339,BCcgjAyfZqI,2024-10-06T11:24:05Z,gh-2402
Cannonball,Soulive,Doin' Something,,INDIFFERENT,5:42,342,FZMUl9jkup4,2024-10-06T11:18:23Z,gh-2402
Bridge To Bama,Soulive,Doin' Something,,INDIFFERENT,7:24,444,dUr3eGiWjUk,2024-10-06T11:10:59Z,gh-2402
One In Seven,Soulive,Doin' Something,,INDIFFERENT,5:17,317,jgFJqBuvwPI,2024-10-06T11:05:42Z,gh-2402
Evidence,Soulive,Doin' Something,,INDIFFERENT,4:34,274,4MzzxDVrml0,2024-10-06T11:01:08Z,gh-2402
Doin' Something,Soulive,Doin' Something,,INDIFFERENT,6:46,406,hO9fXnps-O4,2024-10-06T10:54:22Z,gh-2402
Hurry Up...And Wait,Soulive,Doin' Something,,LIKE,4:06,246,-k1lV8UryqY,2024-10-06T10:50:16Z,gh-2402
Cabriolet,Soulive,"Cinematics, Vol. 2",False,INDIFFERENT,4:56,296,vKZeOTO6GDw,2024-10-06T10:45:20Z,gh-2402
Neptune,The Olympians,The Olympians,,INDIFFERENT,3:54,234,F_6wEdg2-TM,2024-10-06T10:41:26Z,gh-2402
Mars,The Olympians,The Olympians,,INDIFFERENT,3:39,219,PUUDWVhxZ4I,2024-10-06T10:37:47Z,gh-2402
Apollo's Mood,The Olympians,The Olympians,,INDIFFERENT,4:32,272,WQfx5jmzAyU,2024-10-06T10:33:15Z,gh-2402
Venus,The Olympians,The Olympians,,INDIFFERENT,4:02,242,keU2zM3wKcE,2024-10-06T10:29:13Z,gh-2402
Sirens of Jupiter,The Olympians,The Olympians,,INDIFFERENT,3:43,223,4c_i_JmttKg,2024-10-06T10:25:30Z,gh-2402
Sabotage,Phish,"2024/09/01 Commerce City, CO",,INDIFFERENT,2:38,158,Z0ln75qsbi0,2024-10-06T10:22:52Z,gh-2402
Cosmic Influence,Eskimotion,Spa Relaxation Music,False,INDIFFERENT,4:05,245,ffa3HVck21I,2024-10-06T10:18:47Z,gh-2402
Life Force Energy,February Four,Yoga Music: Morning Workout,False,INDIFFERENT,4:19,259,Uu8rjjgsedM,2024-10-06T10:14:28Z,gh-2402
Valley,Deep Sleep,Soothing Sleep Sensation,False,INDIFFERENT,5:40,340,fu3tPtWVDxg,2024-10-06T10:08:48Z,gh-2402
Rest,Deep Sleep,Soothing Sleep Sensation,False,INDIFFERENT,5:43,343,e3xilfnm-T0,2024-10-06T10:03:05Z,gh-2402
Higher Power,Deep Sleep,Soothing Sleep Sensation,False,INDIFFERENT,3:44,224,LS3D7yPleGw,2024-10-06T09:59:21Z,gh-2402
Awaken with Nature,Deep Sleep,Soothing Sleep Sensation,False,INDIFFERENT,3:41,221,64vc_6ce0Q4,2024-10-06T09:55:40Z,gh-2402
Within the Clouds,Deep Sleep,Soothing Sleep Sensation,False,INDIFFERENT,3:12,192,NO3e7DhvC_k,2024-10-06T09:52:28Z,gh-2402
Warm Embrace,Deep Sleep,Soothing Sleep Sensation,False,INDIFFERENT,4:22,262,07EtGyh3umg,2024-10-06T09:26:14Z,gh-2401
Become Mindful,Deep Sleep,Soothing Sleep Sensation,False,INDIFFERENT,3:43,223,OqvGiAGrCec,2024-10-06T09:22:31Z,gh-2401
Lotus Flower,Deep Sleep,Soothing Sleep Sensation,False,INDIFFERENT,3:40,220,-q32TxJqASE,2024-10-06T09:18:51Z,gh-2401
Back Porch Breeze,Deep Sleep,Soothing Sleep Sensation,False,INDIFFERENT,6:57,417,8vuspb4R6Rg,2024-10-06T09:11:54Z,gh-2401
VISIONARY ART BY AEOLIAH: PORTALS TO ASCENSION: Out of the Silence,"136K views, Aeoliah",,,INDIFFERENT,5:51,351,eyg1g6C0b9Y,2024-10-06T09:06:03Z,gh-2401
Wind over Prairie,Música para Meditar y Relajarse,Relajarse y Meditar,False,INDIFFERENT,6:48,408,57FFrhH3B-Q,2024-10-06T08:59:15Z,gh-2401
Daydreaming,Eskimotion,Musica para la Relajación,False,INDIFFERENT,4:07,247,3gMz9ghvsXw,2024-10-06T08:55:08Z,gh-2401
Soft Atmosphere,Deep Sleep,Soothing Sleep Sensation,False,INDIFFERENT,3:07,187,R6JB89crsmk,2024-10-06T08:52:01Z,gh-2401
Awaken with Nature,February Four,Sparks,False,INDIFFERENT,3:41,221,NOG4dNCbjyE,2024-10-06T08:48:20Z,gh-2401
Storm Sounds With Tibetan Singing Bowls,Tibetan Singing Bowls,Tibetan Singing Bowls,False,INDIFFERENT,8:32,512,NAyVhJWOH7A,2024-10-06T08:39:48Z,gh-2401
Restful Sleep Hypnosis with Binaural Delta Waves,Sleeping Songs Lullabies,"Sleeping songs: 101 Sleeping songs, Sleep Music to Help You Relax All Night, Long Sleeping Songs and Deep Sleep Music for Relaxation, Meditation, Massage, Yoga and Relax at the Spa Healing Meditation Music for New Age Spirituality",False,INDIFFERENT,3:33,213,Igkdb3ne3AU,2024-10-06T08:36:15Z,gh-2401
Binaural Beats for Sleep and Day Dream at the Spa,Sons da Natureza Relax,"Sons da Natureza (Trovão e Som de Chuva para Relaxar, Bem-Estar, Serenidade e para Dormir)",False,INDIFFERENT,3:41,221,siuk-ELSa28,2024-10-06T08:32:34Z,gh-2401
Join Your Hands,Deep Sleep,Soothing Sleep Sensation,False,INDIFFERENT,4:17,257,xMLxNKGvbDQ,2024-10-06T08:28:17Z,gh-2401
Background Music,spa relaxation,Spa Relaxation,False,INDIFFERENT,3:02,182,ys_fgD3aj3s,2024-10-06T08:25:15Z,gh-2401
Sunset Getaway,Satori Modes,Relaxing Music,False,INDIFFERENT,5:26,326,Wsq2HEQCv2U,2024-10-06T08:19:49Z,gh-2401
Juguete,Explorador Sonico,Juguete,False,INDIFFERENT,3:42,222,uGJVxT94QZY,2024-10-06T08:16:07Z,gh-2401
Spa Music and Relaxing Sounds,Relax & Relax,Relax - Relaxation Music,False,INDIFFERENT,2:14,134,ZDt78agY79U,2024-10-06T08:13:53Z,gh-2401
Celtic Music,Hintergrundmusik Akademie,Hintergrundmusik - Entspannungsmusik,False,INDIFFERENT,4:02,242,mnAKyVH0k10,2024-10-06T08:09:51Z,gh-2401
Breathe into the Still,Rnwy Lites,Breathe into the Still,False,INDIFFERENT,3:12,192,-g0hzCHSWRM,2024-10-06T08:06:39Z,gh-2401
Regular Sleep Pattern,Deep Sleep Music Delta Binaural 432 Hz,Binaural Beats Lucid Dreaming - Deep Sleep Music for Lucid Dreams,False,INDIFFERENT,4:01,241,cyJgzxyUMVk,2024-10-06T08:02:38Z,gh-2401
Perspective,Jorin Williams,Perspective,False,INDIFFERENT,2:57,177,5KVEPueM9H4,2024-10-06T07:59:41Z,gh-2401
Nikad ne Zaboravi,Nadia Bulic,Nikad ne Zaboravi,False,INDIFFERENT,2:23,143,0XA_fe7WS1U,2024-10-06T07:57:18Z,gh-2401
"You Are Here, Pt. 1 (Relax Soundscape)","Endel, Novo Amor",Antarctican Dream Machine (Relax Soundscape),False,INDIFFERENT,3:08,188,Eh9SU8BluXo,2024-10-06T07:54:10Z,gh-2401
The Road Back,Corbin Tellier,The Road Back,False,INDIFFERENT,4:07,247,zqrel3LIJ6c,2024-10-06T07:50:03Z,gh-2401
Balance the Muscles (Music for Exercises),Peaceful Music,"Daydream Emotions: Hatha, Vinyasa, Ashtanga, Kundalini, Complete Workout. Amazing Yoga Soothing Music to Bring Your Mind and Body Together",False,INDIFFERENT,2:58,178,s4VXlA694QA,2024-10-06T07:47:05Z,gh-2401
Repouso,Polysomni,Repouso,False,INDIFFERENT,3:57,237,pFJ4r2lXjwo,2024-10-06T07:43:08Z,gh-2401
Delta Sinus Noise Pad,Melatonin Release,Delta Sinus Noise Pad,False,INDIFFERENT,2:58,178,LpQd2BIVj0Y,2024-10-06T07:40:10Z,gh-2401
Linea Degli Alberi,Giulia De Serio,Linea Degli Alberi,False,INDIFFERENT,3:57,237,acGzzkYplJ8,2024-10-06T07:36:13Z,gh-2401
Vibrations,Satorio,Crystal Bowls & Tibetan Singing Bowls,False,INDIFFERENT,7:55,475,edef25LEF68,2024-10-06T07:28:18Z,gh-2401
Resolvation,The Nowhows,Resolvation,False,INDIFFERENT,2:57,177,TvrknW3lL3Q,2024-10-06T07:25:21Z,gh-2401
Tillbakalutande,Eleonora Feldt,Tillbakalutande,False,INDIFFERENT,2:44,164,F6zCNbBpA2o,2024-10-06T07:22:37Z,gh-2401
"Brainwave Entrainment with Delta Waves for Sound Sleep, Relaxation, Deep Rest and Massage",Binaural Beats Recordings,Binaural Beats,False,INDIFFERENT,10:01,601,U-yBoVShfd0,2024-10-06T07:12:36Z,gh-2401
Consonance,Blake Tyber,Consonance,False,INDIFFERENT,3:03,183,CGo4foIxm7w,2024-10-06T07:09:33Z,gh-2401
Sleep Sounds,Bedtime Songs Collective,"Dream On: Nature Sounds Sleep Music and Bedtime Songs to Help You Sleep, Dream Music for Relaxation",False,INDIFFERENT,3:24,204,PZdXuQuktkQ,2024-10-06T07:06:09Z,gh-2401
Drop the Inner Critic - Solfeggio 528 Hz,Subtle Mind Expansion,Alpha Male Powerful Influence Confidence & Charisma Testosterone Deep Sleep Relaxation Binaural Beats & Solfeggio Tones,False,INDIFFERENT,11:03,663,PEsbUDXJZ4U,2024-10-06T06:55:06Z,gh-2401
Just Breathe - Relax Music for Healing Yoga Meditation,Sweet Baby Sleep Baby,Baby Sleep Music with Sounds of Nature,False,INDIFFERENT,10:39,639,fOmyYes3JQc,2024-10-06T06:44:27Z,gh-2401
Yoga Music,Healing Massage Music,Healing Massage Music,False,INDIFFERENT,2:00,120,vFnqs9m8raQ,2024-10-06T06:42:27Z,gh-2401
Navasana,Zen Music Garden,Meditation Yoga Sleep,False,INDIFFERENT,4:28,268,DTw6mN6D3-U,2024-10-06T06:34:49Z,gh-2400
Following The Seasons,Aisha Akebono,Following The Seasons,False,INDIFFERENT,3:32,212,kiEvr6XLYPc,2024-10-06T06:31:17Z,gh-2400
Blue Sphere,Sea of Waves,Blue Sphere,False,INDIFFERENT,2:43,163,9RzOvzTUpNI,2024-10-06T06:28:34Z,gh-2400
Caminando,Jademaia,Invierno,False,INDIFFERENT,2:34,154,s4LF60TtlOM,2024-10-06T06:26:00Z,gh-2400
Dreams Of Delta,Sleepy Moon,Dreams Of Delta,False,INDIFFERENT,4:18,258,EQc2j2dnX54,2024-10-06T06:21:42Z,gh-2400
Encore Une Fois,Alanna Brooks,Heaven On Earth,False,INDIFFERENT,3:20,200,1OABjC1Sho4,2024-10-06T06:18:22Z,gh-2400
Sunsets,Siona Swin,Sunsets,False,INDIFFERENT,2:45,165,RQHDh3ux6k0,2024-10-06T06:15:37Z,gh-2400
Blua Aero,Manolakas,Blua Aero,False,INDIFFERENT,2:09,129,LdRoqq02sos,2024-10-06T06:13:28Z,gh-2400
Atardecer,Niebla Estelar,Atardecer,False,INDIFFERENT,2:21,141,S4EMIGmuytI,2024-10-06T06:11:07Z,gh-2400
Stave Peak,Loscil,Coast / Range / Arc,,INDIFFERENT,6:41,401,v5ke9itwVIU,2024-10-06T06:04:26Z,gh-2400
Fromme,Loscil,Coast / Range / Arc,,INDIFFERENT,7:36,456,86K_KPnNiNw,2024-10-06T05:56:50Z,gh-2400
Black Tusk,Loscil,Coast / Range / Arc,,INDIFFERENT,10:03,603,Y4Z7w6nNe8U,2024-10-06T05:46:47Z,gh-2400
Station 6,"Field Works, Hanna Benn, Janie Cowan, Masayoshi Fujita, Stuart Hyatt, Qasim Naqvi, and Pick a Piper",Stations,False,INDIFFERENT,2:43,163,izVwdkREPY4,2024-10-05T06:36:32Z,gh-2392
Station 5,"Field Works, Hanna Benn, Janie Cowan, Masayoshi Fujita, Stuart Hyatt, Qasim Naqvi, and Pick a Piper",Stations,False,INDIFFERENT,3:03,183,DcxODwPeNpQ,2024-10-05T06:33:29Z,gh-2392
Station 4,"Field Works, Hanna Benn, Janie Cowan, Masayoshi Fujita, Stuart Hyatt, Qasim Naqvi, and Pick a Piper",Stations,False,INDIFFERENT,3:04,184,hgZUuYjvjQ4,2024-10-05T06:30:25Z,gh-2392
Station 3,"Field Works, Hanna Benn, Janie Cowan, Masayoshi Fujita, Stuart Hyatt, Qasim Naqvi, and Pick a Piper",Stations,False,INDIFFERENT,3:03,183,llqZDUPDPps,2024-10-05T06:27:22Z,gh-2392
Station 2,"Field Works, Hanna Benn, Janie Cowan, Masayoshi Fujita, Stuart Hyatt, Qasim Naqvi, and Pick a Piper",Stations,False,INDIFFERENT,2:57,177,EZYUBN3xKFA,2024-10-05T06:24:25Z,gh-2392
Station 1,"Field Works, Hanna Benn, Janie Cowan, Masayoshi Fujita, Stuart Hyatt, Qasim Naqvi, and Pick a Piper",Stations,False,INDIFFERENT,2:28,148,ZIABOOABzps,2024-10-05T06:21:57Z,gh-2392
Imprints,"Field Works, Loscil",Imprints,,INDIFFERENT,3:23,203,D5harb2mKqs,2024-10-05T06:18:34Z,gh-2392
Mysterium,Hammock,Mysterium,False,INDIFFERENT,7:12,432,Pe5Q9xN63nk,2024-10-05T06:11:22Z,gh-2392
The Funeral,Stars of the Lid,Carte-de-visite,False,INDIFFERENT,2:28,148,vBSGcSqNtgQ,2024-10-05T06:08:54Z,gh-2392
Voigt-Kampf,Rafael Anton Irisarri,Daydreaming,False,INDIFFERENT,3:07,187,Nuk2HYBnB6c,2024-10-05T06:05:47Z,gh-2392
The Most Beautiful Blue,Eluder,The Most Beautiful Blue,,INDIFFERENT,6:51,411,yLcE3artFtE,2024-10-05T05:58:56Z,gh-2392
Sea Swallows,Eluder,The Most Beautiful Blue,,LIKE,8:08,488,Tn35nbk9Bxo,2024-10-05T05:50:48Z,gh-2392
The Path Leads to the Solution,Eluder,The Most Beautiful Blue,,INDIFFERENT,4:54,294,NwjyviGrOEA,2024-10-05T05:45:54Z,gh-2392
Via Starlight,Eluder,The Most Beautiful Blue,,INDIFFERENT,6:50,410,hTOcH2d3DiQ,2024-10-05T05:39:04Z,gh-2392
Milemarker,Eluder,The Most Beautiful Blue,,INDIFFERENT,6:23,383,Ef2dYGxpUqU,2024-10-05T05:32:41Z,gh-2392
In the End It Won't Matter,Eluder,The Most Beautiful Blue,,INDIFFERENT,6:33,393,Sh2UNR72Df0,2024-10-05T05:26:08Z,gh-2392
The Path Presents Itself,Eluder,The Most Beautiful Blue,,INDIFFERENT,4:20,260,fWVvhCXaew0,2024-10-05T05:21:48Z,gh-2392
Brand New Eyes,Eluder,The Most Beautiful Blue,,INDIFFERENT,8:58,538,rLKw2h2H7Bg,2024-10-05T05:12:50Z,gh-2392
Dusk Invites the Dark,Eluder,The Most Beautiful Blue,,INDIFFERENT,6:45,405,djztB7PH_UE,2024-10-05T05:06:05Z,gh-2392
Autumn Hips,Eluder,The Most Beautiful Blue,,LIKE,7:24,444,OkqCHisILTk,2024-10-05T04:58:41Z,gh-2392
When Johnny Comes Marching Home,Pa's Fiddle Band,"Pa's Fiddle: Charles Ingalls, American Fiddler",False,INDIFFERENT,2:43,163,A7XWcEa-49Y,2024-10-04T21:26:44Z,gh-2389
Congress Reel,Tophouse,The Irish EP,False,INDIFFERENT,3:36,216,qaO_7t_WhxY,2024-10-04T21:23:08Z,gh-2389
Going Out…,Nickel Creek,Celebrants,False,INDIFFERENT,3:05,185,qEcsDS_u8Mc,2024-10-04T21:20:03Z,gh-2389
Saltsping Overture / Saltspring,Kinnaris Quintet,Free One,False,INDIFFERENT,6:19,379,DtJCTcYj3WA,2024-10-04T21:13:44Z,gh-2389
Angeline The Baker,Crooked Still,Hop High,,INDIFFERENT,4:14,254,G9B9Ej86X-4,2024-10-04T21:09:30Z,gh-2389
Typhoon Nozaki,Väsen,Rule of 3,False,INDIFFERENT,4:13,253,tXv0P0l-JFE,2024-10-04T21:05:17Z,gh-2389
Silhouettes,Orions Belte,When You're Gone I'll Be Gone,False,INDIFFERENT,4:44,284,_imYP1EWQds,2024-10-04T21:00:33Z,gh-2389
Night Sky,Orions Belte,When You're Gone I'll Be Gone,False,INDIFFERENT,3:03,183,Do-Q-GKCuNw,2024-10-04T20:57:30Z,gh-2389
Lucid Dreaming,Orions Belte,When You're Gone I'll Be Gone,False,INDIFFERENT,3:26,206,DYESFQdQ4XQ,2024-10-04T20:54:04Z,gh-2389
Jai Alai,Orions Belte,When You're Gone I'll Be Gone,False,INDIFFERENT,4:06,246,TrADBz1wnEU,2024-10-04T20:49:58Z,gh-2389
When You're Gone I'll Be Gone,"Louien, Orions Belte",When You're Gone I'll Be Gone,True,LIKE,4:38,278,Se30IVWjqxg,2024-10-04T20:45:20Z,gh-2389
Django (Alternate Version / Rudy Van Gelder Edition / Remastered 1999),Grant Green,Idle Moments,False,INDIFFERENT,13:15,795,__2E0v80RiE,2024-10-04T20:32:05Z,gh-2389
Jean De Fleur (Alternate Version / Rudy Van Gelder Edition / Remastered 1999),Grant Green,Idle Moments,False,INDIFFERENT,8:10,490,1etxlNGHbUU,2024-10-04T20:23:55Z,gh-2389
Nomad (Rudy Van Gelder Edition / Remastered 1999),Grant Green,Idle Moments,False,INDIFFERENT,12:17,737,5jvP42Q3guw,2024-10-04T20:11:38Z,gh-2389
Django (Rudy Van Gelder Edition / Remastered 1999),Grant Green,Idle Moments,False,INDIFFERENT,8:45,525,bA9qpIB8xQM,2024-10-04T20:02:53Z,gh-2389
Jean De Fleur (Rudy Van Gelder Edition / Remastered 1999),Grant Green,Idle Moments,False,INDIFFERENT,6:50,410,vnEQmnrMWt4,2024-10-04T18:32:52Z,gh-2388
Idle Moments (Rudy Van Gelder Edition / Remastered 1999),Grant Green,Idle Moments,True,LIKE,14:57,897,aq0m0hbCjFQ,2024-10-04T18:17:55Z,gh-2388
Trans Amazonian Highway,Orions Belte,Women,False,INDIFFERENT,4:58,298,fpNs3bY0MlA,2024-10-04T18:12:57Z,gh-2388
Balloonfest '86,Orions Belte,Women,True,LIKE,2:45,165,b5--0vEy1VM,2024-10-04T18:10:12Z,gh-2388
Slice Co.,Orions Belte,Women,False,INDIFFERENT,1:38,98,fb6hMDvpuvM,2024-10-04T18:08:34Z,gh-2388
Night Sky,Orions Belte,Women,False,INDIFFERENT,3:03,183,OSUQrjLFcaM,2024-10-04T18:05:31Z,gh-2388
Jai Alai,Orions Belte,Women,False,INDIFFERENT,4:06,246,1l6ZcG0WIxg,2024-10-04T18:01:25Z,gh-2388
Casablanca,Orions Belte,Women,True,LIKE,3:33,213,2Z2RUNMtx64,2024-10-04T17:57:52Z,gh-2388
When You're Gone I'll Be Gone,"Louien, Orions Belte",Women,False,INDIFFERENT,4:38,278,JmCbOKO9YR8,2024-10-04T17:53:14Z,gh-2388
Coup de Cæur,Orions Belte,Women,False,INDIFFERENT,1:42,102,KF38CJ3l74o,2024-10-04T17:51:32Z,gh-2388
Lucid Dreaming,Orions Belte,Women,False,INDIFFERENT,3:26,206,clXViC2Z4vo,2024-10-04T17:48:06Z,gh-2388
Silhouettes,Orions Belte,Women,False,INDIFFERENT,4:44,284,2cMx0hvt_2Q,2024-10-04T17:43:22Z,gh-2388
Masacote,Orions Belte,Women,True,LIKE,3:17,197,QgQq9eAGCyk,2024-10-04T17:40:05Z,gh-2388
I Will Always Miss You,"Orions Belte, Øyvind Torvund",Women,True,LIKE,4:25,265,4Jv2DHMogZ8,2024-10-04T17:35:40Z,gh-2388
Maria También,Khruangbin,Con Todo El Mundo,False,INDIFFERENT,3:11,191,H_kvg5fV6mw,2024-10-04T17:32:29Z,gh-2388
Strolling Sloth,Arc De Soleil,Libertalia,False,INDIFFERENT,2:57,177,qp6XjLKhgj8,2024-10-04T17:29:32Z,gh-2388
Windows,Sugar Candy Mountain,Windows,False,INDIFFERENT,3:13,193,0Mel8jtB1Ck,2024-10-04T17:26:19Z,gh-2388
Acere (Live at Voss kino),Orions Belte,The Scenic Route (Live),False,INDIFFERENT,3:19,199,MdSTz-szrXg,2024-10-04T17:23:00Z,gh-2388
Star,Allah-Las,LAHS,False,INDIFFERENT,4:09,249,Kf-6xX-6Rc8,2024-10-04T17:18:51Z,gh-2388
Chameleon Sunday,Arc De Soleil,Chameleon Sunday,False,INDIFFERENT,3:16,196,0wglwIK3Ip0,2024-10-04T17:15:35Z,gh-2388
Fountayne,Skinshape,Life & Love,False,INDIFFERENT,3:25,205,00vfgUqvHj4,2024-10-04T17:12:10Z,gh-2388
White Gloves,Khruangbin,The Universe Smiles Upon You,False,INDIFFERENT,3:39,219,P2-Bn4hxdM4,2024-10-04T17:08:31Z,gh-2388
Celebration,Kip Nelson,Celebration,False,INDIFFERENT,4:07,247,CFPv2kFVaO8,2024-10-04T17:04:24Z,gh-2388
Mumbo Sugar,Arc De Soleil,Libertalia,False,INDIFFERENT,3:09,189,1FSPY3aYVEg,2024-10-04T17:01:15Z,gh-2388
Stay a While,The Cactus Channel,Stay a While,False,INDIFFERENT,4:16,256,nntDONIfIjA,2024-10-04T16:56:59Z,gh-2388
Night Sky,Orions Belte,Night Sky,False,INDIFFERENT,3:03,183,e8t24wsXHNc,2024-10-04T16:53:56Z,gh-2388
Breathe,Skinshape,Filoxiny,False,INDIFFERENT,3:04,184,oNOGT18ae_o,2024-10-04T16:50:52Z,gh-2388
Dern Kala,Khruangbin,The Universe Smiles Upon You,False,INDIFFERENT,3:40,220,k5RVRpVguXE,2024-10-04T16:47:12Z,gh-2388
Lost My Mind,Will Van Horn,Pedal Steel Guitar,False,INDIFFERENT,3:50,230,zrLXBIc6F8E,2024-10-04T16:43:22Z,gh-2388
In My Head,Tommy Guerrero,Loose Grooves and Bastard Blues,False,INDIFFERENT,3:08,188,DeblSs9ET70,2024-10-04T16:40:14Z,gh-2388
Sahara Cowboy,Arc De Soleil,Chameleon Sunday,False,INDIFFERENT,3:05,185,sk1j6cg2p3k,2024-10-04T16:37:09Z,gh-2388
Alnitak,Orions Belte,Mint,,INDIFFERENT,3:30,210,o0tHU8wlsJQ,2024-10-04T16:33:39Z,gh-2388
Atlantic Surfing,Orions Belte,Mint,,INDIFFERENT,7:32,452,9mysCWQdLZA,2024-10-04T16:26:07Z,gh-2388
Picturephone Blues,Orions Belte,Mint,,INDIFFERENT,3:06,186,Pv1ucrgAoRg,2024-10-04T16:23:01Z,gh-2388
Le Mans,Orions Belte,Mint,,INDIFFERENT,3:02,182,vPDSjv8JwtM,2024-10-04T16:19:59Z,gh-2388
Moving Back Again,Orions Belte,Mint,,INDIFFERENT,4:09,249,kV_FRt88m-A,2024-10-04T16:15:50Z,gh-2388
Joe Frazier,Orions Belte,Mint,,LIKE,5:39,339,IunZLlDTv1Q,2024-10-04T16:10:11Z,gh-2388
Delmonte,Orions Belte,Mint,,INDIFFERENT,1:31,91,3vcIDQSS3jo,2024-10-04T16:08:40Z,gh-2388
Papillon,Orions Belte,Mint,,INDIFFERENT,3:39,219,pNaRpV9iWu4,2024-10-04T16:05:01Z,gh-2388
New Years Eve #2,Orions Belte,Mint,,INDIFFERENT,3:28,208,QBbXKIvPIYs,2024-10-04T16:01:33Z,gh-2388
Jai Alai,Orions Belte,Jai Alai,False,INDIFFERENT,4:06,246,xpqtgJy-xAI,2024-10-04T15:57:27Z,gh-2388
Apurina,Lightbath,"Selected Public Works, Vol. 5",,INDIFFERENT,4:39,279,WsHh5KnEt2A,2024-10-03T15:56:27Z,gh-2388
Fairland Bond,Lightbath,"Selected Public Works, Vol. 5",,INDIFFERENT,4:01,241,OZoeG3380mo,2024-10-03T15:52:26Z,gh-2388
The Rhythm of Desire,Lightbath,"Selected Public Works, Vol. 5",,INDIFFERENT,8:19,499,93x8nHQpNvc,2024-10-03T15:44:07Z,gh-2388
Baby Steps,Lightbath,"Selected Public Works, Vol. 5",,INDIFFERENT,1:27,87,4495ovWoeYQ,2024-10-03T15:42:40Z,gh-2388
Dreams,Fleetwood Mac,50 Years - Don't Stop,False,INDIFFERENT,4:18,258,m8i5WiWCN-c,2024-10-03T11:01:45Z,gh-2388
September,"Earth, Wind & Fire",Feel Good Friday,False,INDIFFERENT,3:38,218,B2mmDEv0OEk,2024-10-03T10:58:07Z,gh-2388
Big Spike Hammer,"Bobby Hicks, Doyle Lawson, J.D. Crowe, Jerry Douglas","The Bluegrass Album, Vol. 3: California Connection",False,INDIFFERENT,3:02,182,deWcQjLa8G0,2024-10-03T10:55:05Z,gh-2388
Papillon,Orions Belte,Mint,,INDIFFERENT,3:39,219,pNaRpV9iWu4,2024-10-04T09:30:05Z,gh-2385
New Years Eve #2,Orions Belte,Mint,,INDIFFERENT,3:28,208,QBbXKIvPIYs,2024-10-04T07:00:51Z,gh-2384
Joe Frazier,Orions Belte,Mint,,LIKE,5:39,339,IunZLlDTv1Q,2024-10-04T06:55:12Z,gh-2384
Jai Alai,Orions Belte,Jai Alai,False,INDIFFERENT,4:06,246,xpqtgJy-xAI,2024-10-04T06:51:06Z,gh-2384
Masacote,Orions Belte,Women,True,LIKE,3:17,197,QgQq9eAGCyk,2024-10-04T06:47:49Z,gh-2384
I Will Always Miss You,"Orions Belte, Øyvind Torvund",Women,False,INDIFFERENT,4:25,265,4Jv2DHMogZ8,2024-10-04T06:43:24Z,gh-2384
Common Mama,Keith Jarrett,Expectations,,LIKE,8:12,492,fWh6XVoqJLM,2024-10-04T06:33:24Z,gh-2382
Vision,Keith Jarrett,Expectations,,INDIFFERENT,0:48,48,zDujecndByY,2024-10-04T06:32:36Z,gh-2382
The Hot Sh*t Episode 42,Pretty Lights,The HOT Sh*t,,INDIFFERENT,59:34,3574,xAHDbXBDe8s,2024-10-04T05:33:02Z,gh-2382
"High Tide, Storm Rising",Skinshape,"High Tide, Storm Rising",False,INDIFFERENT,3:57,237,2t1EiWjHFt8,2024-10-04T05:29:05Z,gh-2382
Homesick,The Morrison Sisters,Still,False,INDIFFERENT,3:43,223,imkLcfLJtFY,2024-10-04T05:25:22Z,gh-2382
Black Mountain Rag,Eddie Adcock,Banjo Hall of Fame,False,INDIFFERENT,3:07,187,lbzu7CXQwk0,2024-10-04T05:22:15Z,gh-2382
I Want To Stroll Over Heaven With You,Alan Jackson,Precious Memories,False,INDIFFERENT,3:07,187,Z7RhT1GxbiU,2024-10-04T05:19:08Z,gh-2382
The Blues Are Close At Hand,Michael Cleveland,The Blues Are Close At Hand,False,INDIFFERENT,3:29,209,HgjSNYCZRDM,2024-10-04T03:32:29Z,gh-2381
Troublesome Waters,Authentic Unlimited,"The Gospel Sessions, Vol 2",False,INDIFFERENT,3:20,200,-TV-9Yy0wD8,2024-10-04T03:29:09Z,gh-2381
"Wait A Little Longer, Please Jesus",The Louvin Brothers,Nearer My God To Thee,False,INDIFFERENT,2:49,169,VJsrQoSYxL8,2024-10-04T03:26:20Z,gh-2381
I'm Gonna Lay My Burdens Down,Doc Watson,On Praying Ground,False,INDIFFERENT,3:40,220,9JGmgcrZj3Q,2024-10-04T03:22:40Z,gh-2381
Jordan,The Stanley Brothers,"The Best of the Stanley Brothers, Vol. 1",True,LIKE,2:03,123,BjtePL_celc,2024-10-04T03:20:37Z,gh-2381
"70s Japanese Jazz Mix (Modal Jazz, Soul Jazz, Jazz Funk, Rare Groove...)","5.3M views, Magical Mystery Mix",,,INDIFFERENT,1:06:47,4007,s-jtdKjzQaE,2024-10-03T05:34:14Z,gh-2374
Everything Is Illuminated [Original Motion Picture Soundtrack] - 1080p,"460K views, LFB",,,LIKE,58:41,3521,ZojHUN3pob0,2024-10-03T04:35:33Z,gh-2374
Idle Moments (Rudy Van Gelder Edition / Remastered 1999),Grant Green,Idle Moments,True,LIKE,14:57,897,aq0m0hbCjFQ,2024-10-03T04:20:36Z,gh-2374
23 (acoustic-ish),Lawrence,23 (acoustic-ish),False,INDIFFERENT,4:43,283,-iLoeBVN91k,2024-10-03T04:15:53Z,gh-2374
07-23-2016,Pretty Lights The Hot Shit,The Hot Shit 2016,,INDIFFERENT,59:48,3588,2qOau72blTY,2024-10-03T00:56:19Z,gh-2372
I'll Just Go Away,The Stanley Brothers,"The Best of the Stanley Brothers, Vol. 1",False,INDIFFERENT,2:11,131,l2428b2tK_Q,2024-10-03T00:54:08Z,gh-2372
I'd Worship You,The Stanley Brothers,"The Best of the Stanley Brothers, Vol. 1",False,INDIFFERENT,2:18,138,8qZcGLpGgNU,2024-10-03T00:51:50Z,gh-2372
"Take Me Home, Country Roads",John Denver,"Poems, Prayers and Promises",False,INDIFFERENT,3:11,191,c0dvabcWVo0,2024-10-03T00:34:33Z,gh-2372
Lord Build Me A Cabin (2019 - Remaster),Hank Williams,Pictures From Life's Other Side: The Man and His Music In Rare Recordings and Photos (2019 - Remaster),False,INDIFFERENT,3:11,191,BSR4q1SRwOg,2024-10-03T00:31:22Z,gh-2372
1952 Vincent Black Lightning,Del McCoury Band,Del & The Boys,True,LIKE,4:03,243,Vz6fCj1zLSg,2024-10-03T00:27:19Z,gh-2372
Gentle On My Mind,John Hartford,RCA Country Legends: John Hartford,False,INDIFFERENT,3:03,183,7AMJe4TwH8E,2024-10-03T00:24:16Z,gh-2372
Atrium 2,Trey Anastasio,Atriums,,INDIFFERENT,16:20,980,xVolFJqYfK4,2024-10-01T20:26:59Z,gh-2372
Atrium 1,Trey Anastasio,Atriums,,INDIFFERENT,15:21,921,F1gcT2iM6YA,2024-10-01T20:11:38Z,gh-2372
I Saw the Light,The Stanley Brothers,"The Best of the Stanley Brothers, Vol. 1",False,INDIFFERENT,2:12,132,7B1DJWAzdWw,2024-10-02T21:30:17Z,gh-2371
How Mountain Girls Can Love,The Stanley Brothers,"The Best of the Stanley Brothers, Vol. 1",False,INDIFFERENT,2:06,126,HkJfVMpzquU,2024-10-02T21:28:11Z,gh-2371
How Far to Little Rock?,The Stanley Brothers,"The Best of the Stanley Brothers, Vol. 1",False,INDIFFERENT,2:39,159,YTc3LizSe4Y,2024-10-02T21:25:32Z,gh-2371
How Can We Thank Him?,The Stanley Brothers,"The Best of the Stanley Brothers, Vol. 1",False,INDIFFERENT,2:29,149,8kmUU-v0o_8,2024-10-02T21:23:03Z,gh-2371
Heaven Seemed so Near,The Stanley Brothers,"The Best of the Stanley Brothers, Vol. 1",False,INDIFFERENT,2:11,131,Uf66lUAMVtU,2024-10-02T21:20:52Z,gh-2371
He Said If I Be Lifted Up,The Stanley Brothers,"The Best of the Stanley Brothers, Vol. 1",False,INDIFFERENT,2:29,149,61aPC-t4kW4,2024-10-02T21:18:23Z,gh-2371
Jordan,The Stanley Brothers,"The Best of the Stanley Brothers, Vol. 1",True,LIKE,2:03,123,BjtePL_celc,2024-10-02T21:16:20Z,gh-2371
Walkin' Boss,"David Grisman, Jerry Garcia",Jerry Garcia & David Grisman,False,INDIFFERENT,5:18,318,_q9LD0r7sdQ,2024-10-02T21:11:02Z,gh-2371
Ginseng Sullivan,The Tony Rice Unit,Manzanita,,LIKE,3:11,191,1e_Jc2mo1xI,2024-10-02T21:07:51Z,gh-2371
Fish and Whistle,John Prine,Bruised Orange,False,INDIFFERENT,3:15,195,QYxlxYSCvFg,2024-10-02T21:04:36Z,gh-2371
Gracefully Facedown (Live),The Devil Makes Three,Kexp Presents: The Devil Makes Three Live in Studio - EP,True,LIKE,3:27,207,FGt1_5rUr14,2024-10-02T21:01:09Z,gh-2371
Sweet Appalachia,Del McCoury Band,Family Circle,False,INDIFFERENT,3:41,221,GJr_fjr5vA4,2024-10-02T20:57:28Z,gh-2371
My Gal,Yonder Mountain String Band,"Mountain Tracks, Vol. 1",True,LIKE,5:53,353,ekQynGowh5w,2024-10-02T20:51:35Z,gh-2371
Final (Live Version - Rappel),Justice,A Cross The Universe,,INDIFFERENT,2:56,176,wqxTUxphn8o,2024-10-02T20:48:39Z,gh-2371
Encore (Live Version - Rappel),Justice,A Cross The Universe,,INDIFFERENT,1:08,68,avHgyRqbK9U,2024-10-02T20:47:31Z,gh-2371
Phantom Part 2 (Live Version),Justice,A Cross The Universe,,INDIFFERENT,9:55,595,-bDgtxQvHC0,2024-10-02T20:37:36Z,gh-2371
Waters Of Nazareth (Live Version),Justice,A Cross The Universe,,INDIFFERENT,6:47,407,GeleTOdrP6c,2024-10-02T20:30:49Z,gh-2371
We Are Your Friends (Reprise) (Live Version),Justice,A Cross The Universe,,INDIFFERENT,3:43,223,RwawV855lQA,2024-10-02T20:27:06Z,gh-2371
Stress (Live Version),Justice,A Cross The Universe,,INDIFFERENT,7:39,459,K-R3jt6wmtw,2024-10-02T20:19:27Z,gh-2371
Let There Be Lite (Live Version),Justice,A Cross The Universe,,INDIFFERENT,3:26,206,96nFF5MqpRQ,2024-10-02T20:16:01Z,gh-2371
TTHHEE PPAARRTTYY (Live Version),Justice,A Cross The Universe,,INDIFFERENT,2:47,167,gOCVNO2OeVI,2024-10-02T20:13:14Z,gh-2371
One Minute To Midnight (Live Version),Justice,A Cross The Universe,,INDIFFERENT,3:53,233,Y5oNC5k7dw0,2024-10-02T20:09:21Z,gh-2371
Waters Of Nazareth (Prelude) (Live Version),Justice,A Cross The Universe,,INDIFFERENT,2:15,135,KjNCI2uiCYw,2024-10-02T20:07:06Z,gh-2371
DVNO (Live Version),Justice,A Cross The Universe,,INDIFFERENT,2:58,178,LbJnnfusdTI,2024-10-02T18:37:30Z,gh-2370
D.A.N.C.E Part 2 (Live Version),Justice,A Cross The Universe,,INDIFFERENT,2:40,160,b3CB_uwC6ig,2024-10-02T18:34:50Z,gh-2370
D.A.N.C.E (Live Version),Justice,A Cross The Universe,,INDIFFERENT,2:45,165,zvHkOJjoSTE,2024-10-02T18:32:05Z,gh-2370
Phantom Part 1.5 (Live Version),Justice,A Cross The Universe,,INDIFFERENT,4:46,286,v3ReIIRWh44,2024-10-02T18:27:19Z,gh-2370
Phantom Part 1 (Live Version),Justice,A Cross The Universe,,INDIFFERENT,2:51,171,uhTbpdhVL04,2024-10-02T18:24:28Z,gh-2370
Genesis (Live Version),Justice,A Cross The Universe,,INDIFFERENT,7:20,440,wLayne_FyXg,2024-10-02T18:17:08Z,gh-2370
D.A.N.C.E. (Logic Reprise),Justice & Logic,† (Anniversary Edition),False,INDIFFERENT,3:17,197,LaZzMlq4pY8,2024-10-02T18:13:51Z,gh-2370
B.E.A.T (Instrumental),Justice,† (Anniversary Edition),False,INDIFFERENT,2:22,142,JK4H9eBNW2g,2024-10-02T18:11:29Z,gh-2370
Donna (Outtake),Justice,† (Anniversary Edition),False,INDIFFERENT,3:03,183,U6qSwlDQbTg,2024-10-02T18:08:26Z,gh-2370
D.A.N.C.E. (Demo),Justice,† (Anniversary Edition),False,INDIFFERENT,4:07,247,pEwvkB60ntk,2024-10-02T18:04:19Z,gh-2370
Valentine (Demo),Justice,† (Anniversary Edition),False,INDIFFERENT,2:21,141,4zrSvGzMmds,2024-10-02T18:01:58Z,gh-2370
TTHHEE PPAARRTTYY (Demo),Justice,† (Anniversary Edition),False,INDIFFERENT,3:33,213,rVU0e7P9GYg,2024-10-02T17:58:25Z,gh-2370
One Minute to Midnight,Justice,† (Anniversary Edition),False,INDIFFERENT,3:41,221,B2JaCK8AHB0,2024-10-02T17:54:44Z,gh-2370
Waters of Nazareth,Justice,† (Anniversary Edition),False,INDIFFERENT,4:26,266,oAJLlJ_Q7do,2024-10-02T17:50:18Z,gh-2370
Stress,Justice,† (Anniversary Edition),False,INDIFFERENT,4:59,299,Xu19UitI_Gs,2024-10-02T17:45:19Z,gh-2370
DVNO,Justice,† (Anniversary Edition),False,INDIFFERENT,3:57,237,UZ9NXeG6TWc,2024-10-02T17:41:22Z,gh-2370
TTHHEE PPAARRTTYY,Justice,† (Anniversary Edition),True,LIKE,4:04,244,bsDfeCeLUig,2024-10-02T17:37:18Z,gh-2370
Valentine,Justice,† (Anniversary Edition),False,INDIFFERENT,2:57,177,Vj-qTF35_m0,2024-10-02T17:34:21Z,gh-2370
Phantom Pt. II,Justice,† (Anniversary Edition),False,INDIFFERENT,3:21,201,8GL1qMNN-Eo,2024-10-02T17:31:00Z,gh-2370
Phantom,Justice,† (Anniversary Edition),False,INDIFFERENT,4:23,263,YLBpOdhXYH8,2024-10-02T17:26:37Z,gh-2370
Newjack,Justice,† (Anniversary Edition),False,INDIFFERENT,3:37,217,swuzjkAWroQ,2024-10-02T17:23:00Z,gh-2370
D.A.N.C.E.,Justice,† (Anniversary Edition),False,INDIFFERENT,4:03,243,dmdeHJtd9mQ,2024-10-02T17:18:57Z,gh-2370
Let There Be Light,Justice,† (Anniversary Edition),False,INDIFFERENT,4:56,296,QZUATcC6S_4,2024-10-02T17:14:01Z,gh-2370
Genesis,Justice,† (Anniversary Edition),False,INDIFFERENT,3:55,235,RLSnnHWxO9E,2024-10-02T17:10:06Z,gh-2370
The Man from Waco,Charley Crockett,The Man from Waco,False,INDIFFERENT,3:46,226,YARPrgVaxFc,2024-10-02T17:06:20Z,gh-2370
Honky Tonk Heroes (Like Me),Waylon Jennings,Wanted! The Outlaws,True,LIKE,3:30,210,8LIDR2ySLlo,2024-10-02T17:02:50Z,gh-2370
Six Days On The Road,Dave Dudley,20th Century Masters: The Millennium Collection: Best Of Dave Dudley,True,LIKE,2:15,135,otkytn8L-Cw,2024-10-02T17:00:35Z,gh-2370
The Best Sleep Healing Frequency (Deeply Relaxing),Powerthoughts Meditation Club,432 Hz Miracle Sleep: Deep Relaxation: Raise Positive Vibrations,False,INDIFFERENT,2:00:01,7201,YCJV-dKj_W8,2024-10-02T15:00:34Z,gh-2370
Iris,Eluder,Through Horizon,False,INDIFFERENT,4:32,272,s1NfyXCM8B8,2024-10-01T23:28:05Z,gh-2367
Carbon-Based,Eluder,Through Horizon,False,INDIFFERENT,5:41,341,PrshK7NR0yI,2024-10-02T06:35:10Z,gh-2366
Orbital Resonance,Eluder,Through Horizon,False,INDIFFERENT,6:58,418,JPpPCL64ipU,2024-10-02T06:28:12Z,gh-2366
The Event Horizon,Eluder,Through Horizon,False,INDIFFERENT,5:57,357,wGpEDh0VGgw,2024-10-02T06:22:15Z,gh-2366
Atrium 5,Trey Anastasio,Atriums,,INDIFFERENT,15:04,904,Qs2MCbHAQ6Q,2024-10-02T06:07:11Z,gh-2366
Atrium 4,Trey Anastasio,Atriums,,INDIFFERENT,14:55,895,qSyDijzC2T4,2024-10-02T05:52:16Z,gh-2366
Atrium 3,Trey Anastasio,Atriums,,INDIFFERENT,15:15,915,dKSKHpfazXU,2024-10-02T05:37:01Z,gh-2366
Tower Jam,Phish,Jam,,INDIFFERENT,59:14,3554,EHi9PjBV6BM,2024-10-02T00:56:21Z,gh-2364
Approaching Pavonis Mons by Balloon (Utopia Planitia),The Flaming Lips,Yoshimi Battles the Pink Robots,False,INDIFFERENT,3:10,190,yqxYqc6ipU0,2024-10-02T00:53:11Z,gh-2364
All We Have Is Now,The Flaming Lips,Yoshimi Battles the Pink Robots,False,INDIFFERENT,3:54,234,SAGdXf7uago,2024-10-02T00:49:17Z,gh-2364
Do You Realize??,The Flaming Lips,Yoshimi Battles the Pink Robots,False,INDIFFERENT,3:34,214,BhjKuOfzLB8,2024-10-02T00:45:43Z,gh-2364
It's Summertime,The Flaming Lips,Yoshimi Battles the Pink Robots,False,INDIFFERENT,4:21,261,8epnNzRSUdI,2024-10-02T00:41:22Z,gh-2364
Are You a Hypnotist??,The Flaming Lips,Yoshimi Battles the Pink Robots,False,INDIFFERENT,4:44,284,X49c2dGONeU,2024-10-02T00:36:38Z,gh-2364
Ego Tripping at the Gates of Hell,The Flaming Lips,Yoshimi Battles the Pink Robots,False,INDIFFERENT,4:32,272,PamBD5B2wXk,2024-10-02T00:32:06Z,gh-2364
Everything Is Illuminated [Original Motion Picture Soundtrack] - 1080p,"460K views, LFB",,,LIKE,58:41,3521,ZojHUN3pob0,2024-10-01T23:33:25Z,gh-2364
In the Morning of the Magicians,The Flaming Lips,Yoshimi Battles the Pink Robots,False,INDIFFERENT,6:20,380,gNwyByCEytc,2024-10-01T23:27:05Z,gh-2364
"Yoshimi Battles the Pink Robots, Part 2",The Flaming Lips,Yoshimi Battles the Pink Robots,False,INDIFFERENT,2:58,178,uSUA1OZZxCA,2024-10-01T23:24:07Z,gh-2364
"Yoshimi Battles the Pink Robots, Pt. 1",The Flaming Lips,Yoshimi Battles the Pink Robots,False,INDIFFERENT,4:48,288,7TII2v4UdB8,2024-10-01T23:19:19Z,gh-2364
One More Robot / Sympathy 3000-21,The Flaming Lips,Yoshimi Battles the Pink Robots,False,INDIFFERENT,5:00,300,eCfOD0yrvOo,2024-10-01T23:14:19Z,gh-2364
Fight Test,The Flaming Lips,Yoshimi Battles the Pink Robots,False,INDIFFERENT,4:17,257,eITvHa3YB2E,2024-10-01T23:10:02Z,gh-2364
Float On (Dan the Automator Remix),Modest Mouse,Good News For People Who Love Bad News: 20th Anniversary Expanded Edition,,INDIFFERENT,5:21,321,snNuQZ1UnQY,2024-10-01T23:04:41Z,gh-2364
The World At Large (Enough Love to Kill Us All Remix),Modest Mouse,Good News For People Who Love Bad News: 20th Anniversary Expanded Edition,,INDIFFERENT,4:58,298,mWUAklsDi2I,2024-10-01T22:59:43Z,gh-2364
The Good Times Are Killing Me,Modest Mouse,Good News For People Who Love Bad News: 20th Anniversary Expanded Edition,,INDIFFERENT,4:17,257,GwYa7ZaTepw,2024-10-01T22:55:26Z,gh-2364
One Chance,Modest Mouse,Good News For People Who Love Bad News: 20th Anniversary Expanded Edition,,INDIFFERENT,3:02,182,bl5_Y0lVXd0,2024-10-01T22:52:24Z,gh-2364
Black Cadillacs,Modest Mouse,Good News For People Who Love Bad News: 20th Anniversary Expanded Edition,,INDIFFERENT,2:44,164,Fjn928VQTdE,2024-10-01T22:49:40Z,gh-2364
Blame It On the Tetons,Modest Mouse,Good News For People Who Love Bad News: 20th Anniversary Expanded Edition,,INDIFFERENT,5:25,325,E8AJvoNhT4g,2024-10-01T22:44:15Z,gh-2364
Interlude (Milo),Modest Mouse,Good News For People Who Love Bad News: 20th Anniversary Expanded Edition,,INDIFFERENT,0:59,59,TBZel8jwlEk,2024-10-01T22:43:16Z,gh-2364
Satin In A Coffin,Modest Mouse,Good News For People Who Love Bad News: 20th Anniversary Expanded Edition,,INDIFFERENT,2:36,156,3zKKyLwozvM,2024-10-01T22:40:40Z,gh-2364
The View,Modest Mouse,Good News For People Who Love Bad News: 20th Anniversary Expanded Edition,,INDIFFERENT,4:11,251,LzGjFa9Hcds,2024-10-01T22:36:29Z,gh-2364
This Devil's Workday,Modest Mouse,Good News For People Who Love Bad News: 20th Anniversary Expanded Edition,,INDIFFERENT,2:20,140,midbKnDaf3E,2024-10-01T22:34:09Z,gh-2364
Bukowski,Modest Mouse,Good News For People Who Love Bad News: 20th Anniversary Expanded Edition,,LIKE,4:15,255,uCLbzU1D81A,2024-10-01T22:29:54Z,gh-2364
Ocean Breathes Salty,Modest Mouse,Good News For People Who Love Bad News: 20th Anniversary Expanded Edition,,INDIFFERENT,3:45,225,zw-N-G1emhU,2024-10-01T22:26:09Z,gh-2364
Float On,Modest Mouse,Good News For People Who Love Bad News: 20th Anniversary Expanded Edition,,INDIFFERENT,3:29,209,gJmScRhn0Nw,2024-10-01T22:22:40Z,gh-2364
The World At Large,Modest Mouse,Good News For People Who Love Bad News: 20th Anniversary Expanded Edition,,INDIFFERENT,4:33,273,TfizsZmdQzc,2024-10-01T22:18:07Z,gh-2364
Horn Intro,Modest Mouse,Good News For People Who Love Bad News: 20th Anniversary Expanded Edition,,INDIFFERENT,0:10,10,Gl8WgpjNCP4,2024-10-01T22:17:57Z,gh-2364
Baby Steps,Lightbath,"Selected Public Works, Vol. 5",,INDIFFERENT,1:27,87,4495ovWoeYQ,2024-10-01T17:42:10Z,gh-2361
Apurina,Lightbath,"Selected Public Works, Vol. 5",,INDIFFERENT,4:39,279,WsHh5KnEt2A,2024-10-01T17:37:31Z,gh-2361
Fairland Bond,Lightbath,"Selected Public Works, Vol. 5",,INDIFFERENT,4:01,241,OZoeG3380mo,2024-10-01T17:33:30Z,gh-2361
The Rhythm of Desire,Lightbath,"Selected Public Works, Vol. 5",,INDIFFERENT,8:19,499,93x8nHQpNvc,2024-10-01T17:25:11Z,gh-2361
Unless,"Hawktail, Väsen",Väsen & Hawktail,,INDIFFERENT,5:30,330,I1E1ndWZKII,2024-10-01T17:19:41Z,gh-2361
Brötpolska,"Hawktail, Väsen",Väsen & Hawktail,,INDIFFERENT,4:36,276,sDD8LFeLOMA,2024-10-01T17:15:05Z,gh-2361
The Tobogganist,"Hawktail, Väsen",Väsen & Hawktail,,INDIFFERENT,3:55,235,JWNbqLKl9Ac,2024-10-01T17:11:10Z,gh-2361
Strykarepolska,"Hawktail, Väsen",Väsen & Hawktail,,INDIFFERENT,3:19,199,A8bxE6Hts1k,2024-10-01T17:07:51Z,gh-2361
Kackerlackan,"Hawktail, Väsen",Väsen & Hawktail,,INDIFFERENT,2:27,147,MIxwtzBCOWA,2024-10-01T17:05:24Z,gh-2361
Your Town Polska,"Hawktail, Väsen",Väsen & Hawktail,,INDIFFERENT,5:25,325,pc_wrj78c-g,2024-10-01T16:59:59Z,gh-2361
Hymn Till Sommarnätter,"Hawktail, Väsen",Väsen & Hawktail,,INDIFFERENT,3:37,217,JG6e4HUjvVI,2024-10-01T16:56:22Z,gh-2361
Tell Me Watcha Gonna Do Now,"Hawktail, Väsen",Väsen & Hawktail,,INDIFFERENT,3:52,232,5-msYtaK_ok,2024-10-01T16:52:30Z,gh-2361
Leadfoot,"Hawktail, Väsen",Väsen & Hawktail,,INDIFFERENT,3:55,235,vmMFn7Prrbk,2024-10-01T16:48:35Z,gh-2361
Rain Sounds: 2 Hour Relaxing Rain Shower,Calmsound,"Relaxing Nature Sounds: 24 Hours of Exquisite Nature Sounds for Deep Sleep, Study, Meditation and Mindfulness",False,INDIFFERENT,2:00:01,7201,Xmt_W6wDaDM,2024-10-01T13:33:39Z,gh-2360
Baby Sleep White Noise,littleONES,Perfect Sounds for Baby Sleep,False,INDIFFERENT,1:00:00,3600,q-cRQVt2ms4,2024-10-01T12:33:39Z,gh-2360
White Noise: Airplane (Extended),SleepTherapy,White Noise: Airplane (Extended),False,INDIFFERENT,1:00:00,3600,h41yFt8Mblg,2024-10-01T11:55:56Z,gh-2359
Big Spike Hammer,"Bobby Hicks, Doyle Lawson, J.D. Crowe, Jerry Douglas","The Bluegrass Album, Vol. 3: California Connection",False,INDIFFERENT,3:02,182,deWcQjLa8G0,2024-10-01T09:30:53Z,gh-2358
Dreams,Fleetwood Mac,50 Years - Don't Stop,False,INDIFFERENT,4:18,258,m8i5WiWCN-c,2024-10-01T06:38:23Z,gh-2357
September,"Earth, Wind & Fire",Feel Good Friday,False,INDIFFERENT,3:38,218,B2mmDEv0OEk,2024-10-01T06:34:45Z,gh-2357
Big Spike Hammer,"Bobby Hicks, Doyle Lawson, J.D. Crowe, Jerry Douglas","The Bluegrass Album, Vol. 3: California Connection",False,INDIFFERENT,3:02,182,deWcQjLa8G0,2024-10-01T03:40:18Z,gh-2356
My Gal,Yonder Mountain String Band,"Mountain Tracks, Vol. 1",True,LIKE,5:53,353,ekQynGowh5w,2024-10-01T03:34:25Z,gh-2356
Canadian Pacific,Hank Snow,Tracks and Trains,False,INDIFFERENT,3:14,194,-cGD1v0sjtc,2024-10-01T03:31:11Z,gh-2356
You Never Can Tell,Chuck Berry,St. Louis To Liverpool,False,INDIFFERENT,2:42,162,u9l0YBKcGnY,2024-10-01T03:28:29Z,gh-2356
Midnight Special,Creedence Clearwater Revival,Willy And The Poor Boys (Expanded Edition),True,LIKE,4:14,254,QBPqlxZD-h8,2024-10-01T02:05:46Z,gh-2355
I'd Just Love To Lay You Down,Conway Twitty,Heart & Soul,False,INDIFFERENT,3:21,201,Dz9QEebLSbw,2024-10-01T02:02:25Z,gh-2355
Freightliner Fever,Dave Dudley,Interstate Gold,False,INDIFFERENT,2:57,177,jKkm6Yc-aM8,2024-10-01T01:59:28Z,gh-2355
C.B. Savage,Rod Hart,Truck Stop Sweethearts & C.B. Savages (The Plantation Records Story 1968-1981),False,INDIFFERENT,3:30,210,j9fUcR6KhGE,2024-10-01T01:55:58Z,gh-2355
Six Days On The Road,Dave Dudley,20th Century Masters: The Millennium Collection: Best Of Dave Dudley,False,INDIFFERENT,2:15,135,otkytn8L-Cw,2024-10-01T01:53:43Z,gh-2355
Been Worryin',"Cat Clyde, Jeremie Albino",Been Worryin',False,INDIFFERENT,3:03,183,GJsig9M42UE,2024-10-01T01:50:40Z,gh-2355
Cash or Check,Helmut Reinhardt,"The Swingin' sound of the Dr. Drew Podcast, Vol. 3",False,INDIFFERENT,2:51,171,ri3WFTW9qhM,2024-10-01T01:47:49Z,gh-2355
Don't Have to Do This Like That (OurVinyl Sessions),Flatland Cavalry & OurVinyl,Flatland Cavalry | OurVinyl Sessions,False,INDIFFERENT,3:04,184,KrrhWEa_29E,2024-10-01T01:44:45Z,gh-2355
Can't Help Lovin' Dat Man,Love Is a Drag,For Adult Listeners Only,False,INDIFFERENT,3:05,185,6A0cvwwCUQ4,2024-10-01T01:41:40Z,gh-2355
Dub It Inna Yard,Bass Over Babylon,Love Is Everywhere,False,INDIFFERENT,3:38,218,fSNJMU7I5xU,2024-10-01T01:38:02Z,gh-2355
Half Broke,Justin Peter Kinkel-Schuster,Constant Stranger,False,INDIFFERENT,4:11,251,Wi72QK70kwA,2024-10-01T01:33:51Z,gh-2355
State Line (OurVinyl Sessions),"OurVinyl, The Dip",The Dip | OurVinyl Sessions,False,INDIFFERENT,3:36,216,1JYATOp_OtA,2024-10-01T01:30:15Z,gh-2355
Ooh Song,DYAN,Looking for Knives,False,INDIFFERENT,3:53,233,5aGQ6ZbalVk,2024-10-01T01:26:22Z,gh-2355
Sweet Tooth Boogie,The Bones of J.R. Jones,Sweet Tooth Boogie,False,INDIFFERENT,3:26,206,SSgvX5Z5X-Y,2024-10-01T01:22:56Z,gh-2355
Soy Muriendo,Possessed by Paul James,There Will Be Nights When I'm Lonely,False,INDIFFERENT,3:41,221,jetD04vbd3U,2024-10-01T01:19:15Z,gh-2355
"Bada Boom, Bada Bling (OurVinyl Sessions)","Caleb Hawley, OurVinyl",Caleb Hawley | OurVinyl Sessions,False,INDIFFERENT,3:46,226,QEZYEUmwhCU,2024-10-01T01:15:29Z,gh-2355
Lonesome City,The Black Canyon Gang,Wayfaring Strangers: Cosmic American Music,False,INDIFFERENT,3:35,215,7DYS0lA8M-4,2024-10-01T01:11:54Z,gh-2355
Mary Moon,LABRYS,Labrys,False,INDIFFERENT,3:01,181,wr6NNw52cKE,2024-10-01T01:08:53Z,gh-2355
Hymn (2003 Remaster),Kevin Ayers,Bananamour,False,INDIFFERENT,4:36,276,48NPXDDdDo0,2024-10-01T01:04:17Z,gh-2355
Atlas (OurVinyl Sessions),"OurVinyl, The Dip",The Dip | OurVinyl Sessions,False,INDIFFERENT,3:36,216,SBrIOAit70E,2024-10-01T01:00:41Z,gh-2355
Hawk Ale,"Hawktail, Väsen",Väsen & Hawktail,,INDIFFERENT,4:23,263,ec_3390DnaM,2024-10-01T00:56:18Z,gh-2355
The Golden Eel,Ween,The Mollusk,False,INDIFFERENT,4:04,244,rvLhmd0v7KQ,2024-10-01T00:52:14Z,gh-2355
Bird Song,Sturtz,Hyacinth,,INDIFFERENT,3:42,222,ZDoyCu6fuEE,2024-10-01T00:48:32Z,gh-2355
Alabama Jubilee (feat. Jamey Johnson),Norman Blake,Pilgrimage To Rising Fawn,,LIKE,3:10,190,3MgBropbWZ8,2024-10-01T00:45:22Z,gh-2355
I'm Alive Today,R. Shayne Floyd,I'm Alive Today,,LIKE,3:04,184,cv17SCWJ22A,2024-10-01T00:42:18Z,gh-2355
Photographs,Sturtz,Hyacinth,,INDIFFERENT,4:43,283,MEpSwh9x5Xg,2024-10-01T00:37:35Z,gh-2355
