title,artists,album,inLibrary,likeStatus,duration,duration_seconds,videoId,played_at,run_id
October Leaves,The Clark McLane Band,Commonfolk,,INDIFFERENT,6:13,373,zKLVdtpZqhI,2024-01-31T21:21:20Z,gh-268
Turn and Return,The Clark McLane Band,Commonfolk,,INDIFFERENT,3:11,191,O7HSxFtWlKI,2024-01-31T21:18:09Z,gh-268
Jarvis Lee,The Clark McLane Band,Commonfolk,,INDIFFERENT,4:24,264,yiJLCCELGJI,2024-01-31T21:13:45Z,gh-268
Standing Still,The Clark McLane Band,Commonfolk,,INDIFFERENT,4:17,257,0GmsnsKtU34,2024-01-31T21:09:28Z,gh-268
A Horse and a Badge,The Clark McLane Band,Commonfolk,,INDIFFERENT,2:51,171,0w_eehPLr_E,2024-01-31T21:06:37Z,gh-268
Onward I Go,The Clark McLane Band,Commonfolk,,INDIFFERENT,3:23,203,-prhzA9qei4,2024-01-31T21:03:14Z,gh-268
Dark Side of the Hollow,The Clark McLane Band,Commonfolk,,INDIFFERENT,5:01,301,0O-xgGVRbjw,2024-01-31T20:58:13Z,gh-268
Moonlight Is My Friend,The Clark McLane Band,Commonfolk,,INDIFFERENT,3:46,226,bBvbX5fyIxI,2024-01-31T20:54:27Z,gh-268
A Ghost Is Just an Angel,The Clark McLane Band,Commonfolk,,INDIFFERENT,3:21,201,arKXrtmKDsY,2024-01-31T20:51:06Z,gh-268
I Did I Did,The Clark McLane Band,Commonfolk,,INDIFFERENT,1:58,118,vmZWqgH091k,2024-01-31T20:49:08Z,gh-268
There's Nothing New Under the Sun,The Clark McLane Band,Commonfolk,,INDIFFERENT,3:50,230,v_5S1S1eYJI,2024-01-31T20:45:18Z,gh-268
The Theme,The Clark McLane Band,Commonfolk,,LIKE,1:18,78,9Ll97FLz9_0,2024-01-31T20:44:00Z,gh-268
Let It Rock,Jerry Garcia,Garcia (Compliments) (Expanded),False,INDIFFERENT,3:15,195,OIII0kt_wfY,2024-01-31T20:40:45Z,gh-268
Right Place Wrong Time,Dr. John,In The Right Place,False,INDIFFERENT,2:56,176,zw-2CTx4YgY,2024-01-31T20:37:49Z,gh-268
Midnight Rider,The Allman Brothers Band,Idlewild South (Deluxe Edition Remastered),False,INDIFFERENT,3:01,181,O6Q40nZRRco,2024-01-31T20:34:48Z,gh-268
The Hobo Song,John Prine,Bruised Orange,False,INDIFFERENT,3:31,211,prb5LFS_V4c,2024-01-31T20:31:17Z,gh-268
Iron Ore Betty,John Prine,Bruised Orange,False,INDIFFERENT,2:42,162,-L6ammWgL3Y,2024-01-31T20:28:35Z,gh-268
Crooked Piece of Time,John Prine,Bruised Orange,False,INDIFFERENT,2:52,172,wAxkgpnYyBk,2024-01-31T20:25:43Z,gh-268
Aw Heck,John Prine,Bruised Orange,False,INDIFFERENT,2:20,140,390y9FBmJAg,2024-01-31T20:23:23Z,gh-268
Sabu Visits the Twin Cities Alone,John Prine,Bruised Orange,False,INDIFFERENT,2:53,173,0MlwTvNESLs,2024-01-31T18:24:39Z,gh-267
Bruised Orange (Chain of Sorrow),John Prine,Bruised Orange,False,INDIFFERENT,5:21,321,4iyyhnNIKe4,2024-01-31T18:19:18Z,gh-267
If You Don't Want My Love,John Prine,Bruised Orange,False,INDIFFERENT,3:05,185,EGSUeGyqGXk,2024-01-31T18:16:13Z,gh-267
There She Goes,John Prine,Bruised Orange,False,INDIFFERENT,3:24,204,rXxo1ZP85Bk,2024-01-31T18:12:49Z,gh-267
Fish and Whistle,John Prine,Bruised Orange,False,INDIFFERENT,3:14,194,QYxlxYSCvFg,2024-01-31T18:09:35Z,gh-267
That's the Way the World Goes Round,John Prine,Bruised Orange,True,LIKE,3:20,200,ZogciFl-udY,2024-01-31T18:06:15Z,gh-267
The Big Country,Talking Heads,More Songs About Buildings and Food,False,INDIFFERENT,5:31,331,93oFXRedHy0,2024-01-31T18:00:44Z,gh-267
Take Me to the River,Talking Heads,More Songs About Buildings and Food,False,INDIFFERENT,5:03,303,bP3PIn8ff74,2024-01-31T17:55:41Z,gh-267
Stay Hungry,Talking Heads,More Songs About Buildings and Food,False,INDIFFERENT,2:41,161,JIK78TitysA,2024-01-31T17:53:00Z,gh-267
I'm Not in Love,Talking Heads,More Songs About Buildings and Food,False,INDIFFERENT,4:36,276,1T44eY1dRHs,2024-01-31T17:48:24Z,gh-267
Artists Only,Talking Heads,More Songs About Buildings and Food,False,INDIFFERENT,3:36,216,7Lf4_eXORRM,2024-01-31T17:44:48Z,gh-267
Found a Job,Talking Heads,More Songs About Buildings and Food,False,INDIFFERENT,5:00,300,MhAPYgw7unI,2024-01-31T17:39:48Z,gh-267
The Girl Wants to Be with the Girls,Talking Heads,More Songs About Buildings and Food,False,INDIFFERENT,2:39,159,pivsCsCb2DY,2024-01-31T17:37:09Z,gh-267
Warning Sign,Talking Heads,More Songs About Buildings and Food,False,INDIFFERENT,3:55,235,MBLD2TnCe5A,2024-01-31T17:33:14Z,gh-267
The Good Thing,Talking Heads,More Songs About Buildings and Food,False,INDIFFERENT,3:04,184,j-FMyDKX0a8,2024-01-31T17:30:10Z,gh-267
With Our Love,Talking Heads,More Songs About Buildings and Food,False,INDIFFERENT,3:32,212,tAAWIvge4Qo,2024-01-31T17:26:38Z,gh-267
Thank You for Sending Me an Angel,Talking Heads,More Songs About Buildings and Food,False,INDIFFERENT,2:12,132,L0yT4Yv4ey8,2024-01-31T17:24:26Z,gh-267
Crossing Paths,Lake Isabel,Crossing Paths,False,INDIFFERENT,3:00,180,lTxVVdhFE6Q,2024-01-31T15:24:19Z,gh-266
Same but Different,Vashti Bunyan,Lookaftering,False,INDIFFERENT,3:39,219,5D8J6lVcDPg,2024-01-31T15:20:40Z,gh-266
Birthday Boy,Ween,God Ween Satan: The Oneness [Anniversary Edition],False,INDIFFERENT,3:30,210,CphpuX_KXmU,2024-01-31T15:17:10Z,gh-266
Raise,Fuzz,Fuzz,False,INDIFFERENT,3:43,223,PSw0Zjq9xb8,2024-01-31T15:13:27Z,gh-266
Chem-Farmer,Thee Oh Sees,Carrion Crawler / The Dream,False,INDIFFERENT,4:07,247,jDk9ySTpwAA,2024-01-31T15:09:20Z,gh-266
Glide,Phish,"LivePhish, Vol. 12 8/13/96 (Deer Creek Music Center, Noblesville, IN)",False,INDIFFERENT,4:21,261,jYmO7zAyczk,2024-01-31T06:25:45Z,gh-263
Llama,Phish,"LivePhish, Vol. 12 8/13/96 (Deer Creek Music Center, Noblesville, IN)",False,INDIFFERENT,5:06,306,orqTrYWrNOo,2024-01-31T06:20:39Z,gh-263
Punch You In The Eye,Phish,"LivePhish, Vol. 12 8/13/96 (Deer Creek Music Center, Noblesville, IN)",False,INDIFFERENT,8:02,482,-8DfdV452tw,2024-01-31T06:12:37Z,gh-263
Old Home Place,Phish,"LivePhish, Vol. 12 8/13/96 (Deer Creek Music Center, Noblesville, IN)",False,INDIFFERENT,3:03,183,BK-dm_LSEbc,2024-01-31T06:09:34Z,gh-263
Fast Enough For You,Phish,"LivePhish, Vol. 12 8/13/96 (Deer Creek Music Center, Noblesville, IN)",False,INDIFFERENT,6:53,413,kvHs0lAA0Zk,2024-01-31T06:02:41Z,gh-263
Grandpa Was a Carpenter,John Prine,Sweet Revenge,False,INDIFFERENT,2:10,130,ax1fmLA9iDA,2024-01-31T06:00:31Z,gh-263
Water Fountain Quicksand,Railroad Earth,The Good Life,False,INDIFFERENT,2:56,176,GRNuN16ej1E,2024-01-31T05:57:35Z,gh-263
"Don't Think Twice, It's All Right",The Infamous Stringdusters,Undercover,True,LIKE,4:26,266,Wewb33DJSz0,2024-01-31T05:53:09Z,gh-263
"Don't Think Twice, It's All Right",The Infamous Stringdusters,Undercover,True,LIKE,4:26,266,Wewb33DJSz0,2024-01-31T03:22:21Z,gh-262
Upside Down,Teho,Woody,,INDIFFERENT,6:50,410,f3mBuoZMYoQ,2024-01-31T01:22:29Z,gh-261
Go Away,Teho,Woody,,INDIFFERENT,7:21,441,C5iwtSf_m4Q,2024-01-31T01:15:08Z,gh-261
Woody,Teho,Woody,,INDIFFERENT,7:04,424,B6-6XQ5T5KA,2024-01-31T01:08:04Z,gh-261
Through the Kids Eyes,Teho,Woody,,INDIFFERENT,5:38,338,lgLpYhJdiRg,2024-01-31T01:02:26Z,gh-261
Origins,Teho,Origins,False,INDIFFERENT,6:20,380,d6R5SNTOvdg,2024-01-31T00:56:06Z,gh-261
Cumberland Gap,David Rawlings,Poor David's Almanack,,INDIFFERENT,2:55,175,dra9BCISlyQ,2024-01-31T00:53:11Z,gh-261
Midnight Train,David Rawlings,Poor David's Almanack,,INDIFFERENT,3:18,198,S_7ayGvOLWI,2024-01-31T00:49:53Z,gh-261
Money Is The Meat In The Coconut,David Rawlings,Poor David's Almanack,,LIKE,2:23,143,vwe5K642jTo,2024-01-31T00:47:30Z,gh-261
"Dixie Chicken (Live at the Rainbow Theatre, London, UK, 8/3/1977)",Little Feat,Waiting for Columbus (Live Version),False,INDIFFERENT,8:54,534,UMJbtFZWWa8,2024-01-31T00:38:36Z,gh-261
Vagabond,Wolfmother,Wolfmother,False,INDIFFERENT,3:51,231,3ndE__G64uQ,2024-01-31T00:34:45Z,gh-261
Ghosts Of Mississippi,The SteelDrivers,Reckless,False,INDIFFERENT,6:15,375,PzTgzDAC4EY,2024-01-30T21:21:05Z,gh-260
All Hail,The Devil Makes Three,Do Wrong Right,,LIKE,4:02,242,4_bjSdl85gU,2024-01-30T21:17:03Z,gh-260
Thunder & Lightning,Brown Bird,Salt For Salt,False,INDIFFERENT,3:29,209,KGsxXfIEq8Q,2024-01-30T21:13:34Z,gh-260
Feet and Bones,Trampled by Turtles,Palomino,False,INDIFFERENT,1:56,116,RN46VrMYKNg,2024-01-30T21:11:38Z,gh-260
The Angel of Death,The Devil Makes Three,Redemption & Ruin,False,INDIFFERENT,3:37,217,qj7LXpqOl4I,2024-01-30T21:08:01Z,gh-260
Down in the Valley,The Devil Makes Three,Redemption & Ruin,False,INDIFFERENT,3:10,190,L5PAVgMYLio,2024-01-30T21:04:51Z,gh-260
What Would You Give (In Exchange for Your Soul),The Devil Makes Three,Redemption & Ruin,False,INDIFFERENT,4:24,264,Uk_bF6G1lvw,2024-01-30T21:00:27Z,gh-260
Come on up to the House,The Devil Makes Three,Redemption & Ruin,False,INDIFFERENT,2:56,176,DktajBn2IZ8,2024-01-30T20:57:31Z,gh-260
I Am the Man Thomas,The Devil Makes Three,Redemption & Ruin,False,INDIFFERENT,2:40,160,eQgta3g_Qrs,2024-01-30T20:54:51Z,gh-260
There’ll Be a Jubilee,The Devil Makes Three,Redemption & Ruin,False,INDIFFERENT,2:56,176,V1g22idnLOo,2024-01-30T20:51:55Z,gh-260
Waiting Around to Die,The Devil Makes Three,Redemption & Ruin,False,INDIFFERENT,3:35,215,WZPo9QlYrKA,2024-01-30T20:48:20Z,gh-260
I’m Gonna Get High,The Devil Makes Three,Redemption & Ruin,False,INDIFFERENT,2:32,152,IIlOx7QELIY,2024-01-30T20:45:48Z,gh-260
Chase the Feeling,The Devil Makes Three,Redemption & Ruin,False,INDIFFERENT,3:35,215,3gKPXsiJpvA,2024-01-30T20:42:13Z,gh-260
I Gotta Get Drunk,The Devil Makes Three,Redemption & Ruin,False,INDIFFERENT,2:30,150,WcW6UGlGXow,2024-01-30T20:39:43Z,gh-260
Champagne and Reefer,The Devil Makes Three,Redemption & Ruin,False,INDIFFERENT,2:55,175,qixzChjrT-k,2024-01-30T20:36:48Z,gh-260
Drunken Hearted Man,The Devil Makes Three,Redemption & Ruin,False,INDIFFERENT,2:49,169,h8SmPil4niM,2024-01-30T20:33:59Z,gh-260
Gracefully Facedown,The Devil Makes Three,Do Wrong Right,,INDIFFERENT,4:12,252,JfWASwsYb2w,2024-01-30T20:29:47Z,gh-260
Chesapeake Bay,Corn Potato String Band,Corn Potato String Band,,LIKE,2:48,168,InnlDgthavk,2024-01-30T20:26:59Z,gh-260
Chesapeake Bay,The Piccadilly Six,Apple Blossom Time,,INDIFFERENT,2:50,170,IZgN-jSSW0s,2024-01-30T20:24:09Z,gh-260
"Chesapeake Bay (The Caesar's Palace, Dunstable 1967)",Lonnie Donegan,Lonnie Live! Rare Tapes from the Late Sixties,,LIKE,2:01,121,jVHf91M2UTQ,2024-01-30T20:22:08Z,gh-260
Make Yourself A Happiness Pie,Ray Noble and The New Mayfair Dance Orchestra,"British Dance Bands - Pete Smiths Specialties, Vol. 2",,INDIFFERENT,3:12,192,CUF0vBBqIwI,2024-01-30T20:18:56Z,gh-260
Teddy Bears Picnic,Henry Hall & The BBC Dance Orchestra,"British Dance Bands - Pete Smiths Specialties, Vol. 2",,INDIFFERENT,2:53,173,fcZCxWBC4AA,2024-01-30T20:16:03Z,gh-260
Yacka Hula Hickey Dula,Felix Mendelssohn and His Hawaiian Serenaders,"British Dance Bands - Pete Smiths Specialties, Vol. 2",,INDIFFERENT,2:43,163,eoHm0_t6XoE,2024-01-30T20:13:20Z,gh-260
"It's Been A Long, Long Time",Peggy Lee,Things Are Swingin',False,INDIFFERENT,2:20,140,UE4J-rREYiY,2024-01-30T20:11:00Z,gh-260
Tiger Rag,Harry Roy,Harry Roy and His Orchestra. New Day Come,,LIKE,2:43,163,2a48zD-_5u8,2024-01-30T20:08:17Z,gh-260
Thriller Rag,Tuba Skinny,Some Kind-A-Shake,,INDIFFERENT,3:47,227,29RWqxjAEuQ,2024-01-30T20:04:30Z,gh-260
Deep Minor Rhythm Stomp,Tuba Skinny,Some Kind-A-Shake,,INDIFFERENT,3:27,207,9yHVR43rZkw,2024-01-30T20:01:03Z,gh-260
I'm Gettin' Sentimental Over You,Tommy Dorsey & His Orchestra,Battle of the Bands: Glenn Miller vs. Tommy Dorsey,False,INDIFFERENT,3:38,218,HHxqCBo3PwU,2024-01-30T19:57:25Z,gh-260
Too Late,Tuba Skinny,Some Kind-A-Shake,,INDIFFERENT,4:12,252,MJ_LUeMhwTQ,2024-01-30T19:53:13Z,gh-260
Jubilee Stomp,Tuba Skinny,Some Kind-A-Shake,,INDIFFERENT,3:38,218,ufnQf9fwuds,2024-01-30T19:49:35Z,gh-260
Tuba Skinny - Full Set - Jazz & Heritage Center 2022,"602K views, wwozneworleans",,,LIKE,1:24:01,5041,861jOEqVr4Q,2024-01-30T18:25:34Z,gh-260
Rock Salt and Nails,Willie Watson,"Folk Singer, Vol. 1",False,INDIFFERENT,3:47,227,8xifHI4yLd4,2024-01-30T18:21:47Z,gh-260
James Alley Blues,Willie Watson,"Folk Singer, Vol. 1",False,INDIFFERENT,4:06,246,mnfd0zBWkn8,2024-01-30T18:17:41Z,gh-260
Mexican Cowboy,Willie Watson,"Folk Singer, Vol. 1",False,INDIFFERENT,3:53,233,FTbhfZlrXiU,2024-01-30T18:13:48Z,gh-260
Mother Earth,Willie Watson,"Folk Singer, Vol. 1",False,INDIFFERENT,3:36,216,cZ5B_KFcmvU,2024-01-30T18:10:12Z,gh-260
Stewball,Willie Watson,"Folk Singer, Vol. 1",False,INDIFFERENT,3:47,227,yT7WzqP6EH4,2024-01-30T18:06:25Z,gh-260
Long John Dean,Willie Watson,"Folk Singer, Vol. 1",False,INDIFFERENT,2:54,174,thC8dExOTKk,2024-01-30T18:03:31Z,gh-260
Midnight Special,Willie Watson,"Folk Singer, Vol. 1",False,INDIFFERENT,4:38,278,CORVjNWEl-0,2024-01-30T17:58:53Z,gh-260
I Think I Like When It Rains,WILLIS,Locals 2,False,INDIFFERENT,4:39,279,HpYdA-06jTc,2024-01-30T17:54:14Z,gh-260
Glimmer,Tame Impala,The Slow Rush,False,INDIFFERENT,2:09,129,0n28cYmm1Zs,2024-01-30T17:52:05Z,gh-260
Dramamine,Modest Mouse,This Is a Long Drive for Someone with Nothing to Think About,False,INDIFFERENT,5:42,342,dXBEuQwy5NU,2024-01-30T17:46:23Z,gh-260
Femme Fatale,"Nico, The Velvet Underground",The Velvet Underground & Nico 45th Anniversary,False,INDIFFERENT,2:39,159,ggHPtzVSEeE,2024-01-30T17:43:44Z,gh-260
I Don't Mind,The Head And The Heart,Signs of Light,False,INDIFFERENT,2:35,155,1-UhOUXE2HI,2024-01-30T17:41:09Z,gh-260
Rabbit Heart (Raise It Up),Florence + The Machine,Lungs (Digital Deluxe Version),False,INDIFFERENT,3:53,233,eDugt2pFiuk,2024-01-30T17:37:16Z,gh-260
Over,Electric Guest,Plural,False,INDIFFERENT,3:58,238,ddjIJXdb85k,2024-01-30T17:33:18Z,gh-260
A-Punk,Vampire Weekend,Vampire Weekend,False,INDIFFERENT,2:18,138,BBpzg38GIXU,2024-01-30T17:31:00Z,gh-260
Sympathy,Vampire Weekend,Father of the Bride,False,INDIFFERENT,3:47,227,drHFNf3r2VQ,2024-01-30T17:27:13Z,gh-260
Blood Poem,Ivan the Tolerable,Twenny Eighteen Reveries,False,INDIFFERENT,5:34,334,JB_xTTVvuis,2024-01-30T17:21:39Z,gh-260
Square One,Ivan the Tolerable,Twenny Eighteen Reveries,False,INDIFFERENT,8:27,507,Fgu8uVlY9nM,2024-01-30T18:20:59Z,gh-259
Flood,Ivan the Tolerable,Twenny Eighteen Reveries,False,INDIFFERENT,4:15,255,mTxYgkwOrl4,2024-01-30T18:16:44Z,gh-259
Pond Skimmer,Ivan the Tolerable,Twenny Eighteen Reveries,False,INDIFFERENT,2:34,154,lhmju48b1ns,2024-01-30T18:14:10Z,gh-259
The Bottom of the Sea,Ivan the Tolerable,Twenny Eighteen Reveries,False,INDIFFERENT,10:12,612,0yRBxcK33o4,2024-01-30T18:03:58Z,gh-259
Orgy,Ivan the Tolerable,The Continuous Katherine Mortenhoe,,INDIFFERENT,4:31,271,RBwjGAWxE1g,2024-01-30T17:59:27Z,gh-259
Human Destiny,Ivan the Tolerable,The Continuous Katherine Mortenhoe,,INDIFFERENT,3:07,187,8Pm_jjFHTSs,2024-01-30T17:56:20Z,gh-259
The Trap,Ivan the Tolerable,The Continuous Katherine Mortenhoe,,INDIFFERENT,5:20,320,IaExAF9Ob4o,2024-01-30T17:51:00Z,gh-259
Roddie & Vince,Ivan the Tolerable,The Continuous Katherine Mortenhoe,,INDIFFERENT,2:21,141,24YyvIldyTQ,2024-01-30T17:48:39Z,gh-259
TCKM,Ivan the Tolerable,The Continuous Katherine Mortenhoe,,INDIFFERENT,6:58,418,NEb1jDAtZ8o,2024-01-30T17:41:41Z,gh-259
Hate the Way You Love Me,John Paul White,Beulah,False,INDIFFERENT,4:04,244,eFyx1KrAHB8,2024-01-30T17:37:37Z,gh-259
Gentle on My Mind,Robert Ellis & Courtney Hartman,Dear John,,INDIFFERENT,5:52,352,wxYetopv6UI,2024-01-30T17:31:45Z,gh-259
Where I Ought to Be,Watkins Family Hour,Watkins Family Hour,False,INDIFFERENT,2:58,178,Y3J2Rk_cMK8,2024-01-30T17:28:47Z,gh-259
Nightjar,Ivan the Tolerable,Autodidact II,,INDIFFERENT,2:52,172,4E_1GBRGfAs,2024-01-30T17:25:55Z,gh-259
A Letter To November,Ivan the Tolerable,Autodidact II,,INDIFFERENT,6:20,380,1g1nbhRkno4,2024-01-30T17:19:35Z,gh-259
Turkish Golden Scissors III,Ivan the Tolerable,Autodidact II,,INDIFFERENT,4:37,277,5N_otnNTBFo,2024-01-30T17:14:58Z,gh-259
The Smell Of Water,Ivan the Tolerable,Autodidact II,,INDIFFERENT,5:43,343,-snSCUy3Mhc,2024-01-30T17:09:15Z,gh-259
Red Oilcloth,Ivan the Tolerable,Autodidact II,,INDIFFERENT,3:58,238,SVLRpaL_7TE,2024-01-30T17:05:17Z,gh-259
Sandmartin,Ivan the Tolerable,Autodidact II,,INDIFFERENT,2:23,143,hBmxQSFbfGA,2024-01-30T17:02:54Z,gh-259
Wylder's Hand,Ivan the Tolerable,Autodidact II,,INDIFFERENT,3:58,238,oSmZY-qQD6A,2024-01-30T16:58:56Z,gh-259
Three Methods,Ivan the Tolerable,Autodidact II,,INDIFFERENT,4:53,293,oQmV2qi58Jc,2024-01-30T16:54:03Z,gh-259
Turkish Golden Scissors II,Ivan the Tolerable,Autodidact II,,INDIFFERENT,4:37,277,diMHXhUoP0g,2024-01-30T16:49:26Z,gh-259
Autodidact II,Ivan the Tolerable,Autodidact II,,INDIFFERENT,4:17,257,Vkp6BzYR9PQ,2024-01-30T16:45:09Z,gh-259
Helianthus,Ivan the Tolerable,Autodidact II,,INDIFFERENT,5:18,318,jOZXJ4OgpiI,2024-01-30T16:39:51Z,gh-259
On A Rock,Ivan the Tolerable,Autodidact II,,INDIFFERENT,4:21,261,Zk6VryWyXOo,2024-01-30T16:35:30Z,gh-259
Into The Well,Ivan the Tolerable,Autodidact II,,INDIFFERENT,2:57,177,ss2n5Caf3d0,2024-01-30T16:32:33Z,gh-259
Red Throated Diver,Ivan the Tolerable,Autodidact II,,INDIFFERENT,2:19,139,eELeHvxQqMc,2024-01-30T16:30:14Z,gh-259
Turkish Golden Scissors I,Ivan the Tolerable,Autodidact II,,INDIFFERENT,14:34,874,4tNPwNJFhIo,2024-01-30T16:15:40Z,gh-259
Howard Hughes Blues,Robert Ellis & Courtney Hartman,Dear John,,LIKE,2:50,170,dRQMM47WlW0,2024-01-30T16:12:50Z,gh-259
"Tattletale, Pt. 1",Antibalas,Daptone Records Singles Collection: Volume 5,False,INDIFFERENT,4:35,275,CS0WHyOCg0M,2024-01-30T03:20:10Z,gh-254
Luv Jones,"Charles Bradley, LaRose Jackson",Daptone Records Singles Collection: Volume 5,False,INDIFFERENT,3:51,231,E0M0Ni2WkPY,2024-01-30T03:16:19Z,gh-254
Everybody Knows (River Song),"Naomi Shelton, The Gospel Queens",Daptone Records Singles Collection: Volume 5,False,INDIFFERENT,3:00,180,0dy2yKGTK84,2024-01-30T03:13:19Z,gh-254
Sinner,"Naomi Shelton, The Gospel Queens",Daptone Records Singles Collection: Volume 5,False,INDIFFERENT,2:52,172,A4Kvpc9DAy8,2024-01-30T03:10:27Z,gh-254
"Change, Change, Change","Charles Bradley, LaRose Jackson",Daptone Records Singles Collection: Volume 5,False,INDIFFERENT,2:42,162,i9T0imt4D5Y,2024-01-30T03:07:45Z,gh-254
Sweet Water,The Meltdown,Better Days,False,INDIFFERENT,3:51,231,Swa4sQ8nFKQ,2024-01-30T03:03:54Z,gh-254
Live Learn,The California Honeydrops,Live Learn,False,INDIFFERENT,4:36,276,n72hZsTHAZc,2024-01-30T02:59:18Z,gh-254
Cry for Me (Live),The California Honeydrops,Honeydrops Live,False,INDIFFERENT,5:56,356,k-8O70Ba6_c,2024-01-30T02:53:22Z,gh-254
My Sisters and Brothers (Live) (feat. Jerry Garcia Band),Jerry Garcia Band,Jerry Garcia Band,False,INDIFFERENT,4:18,258,asMZcBKCLhs,2024-01-30T02:49:04Z,gh-254
"It's All over Now (Live at Winterland, December 31, 1978)",Grateful Dead,"The Closing of Winterland: December 31, 1978",False,INDIFFERENT,8:23,503,AYUMaTwhMJ0,2024-01-30T02:40:41Z,gh-254
My Sisters and Brothers (Live) (feat. Jerry Garcia Band),Jerry Garcia Band,Jerry Garcia Band,False,INDIFFERENT,4:18,258,asMZcBKCLhs,2024-01-29T06:26:08Z,gh-247
"It's All over Now (Live at Winterland, December 31, 1978)",Grateful Dead,"The Closing of Winterland: December 31, 1978",False,INDIFFERENT,8:23,503,AYUMaTwhMJ0,2024-01-29T06:17:45Z,gh-247
"Brown Noise - Perfect for Sleep, Study And Focus - Black Screen | Relaxing Sound In 24H","1.3M views, BEST SLEEP NOISE",,,LIKE,24:00:08,86408,3ZQLdo1dR8Q,2024-01-27T21:27:17Z,gh-244
Moon Milk,Ivan the Tolerable,Black Water/Brown Earth,False,INDIFFERENT,2:50,170,B5nAO8ujpxU,2024-01-27T21:24:27Z,gh-244
Slow Deep Salt and Silent Black,Ivan the Tolerable,Black Water/Brown Earth,False,INDIFFERENT,9:32,572,y5-_9T7R8jY,2024-01-27T21:14:55Z,gh-244
The Labyrinth,Ivan the Tolerable,Black Water/Brown Earth,False,INDIFFERENT,2:20,140,h6nmJNz77cU,2024-01-27T21:12:35Z,gh-244
Before The Sun Sinks,Ivan the Tolerable,Black Water/Brown Earth,False,INDIFFERENT,8:35,515,Z-1t4Gmy344,2024-01-27T21:04:00Z,gh-244
Back in the Goodle Days,John Hartford,Aereo-Plain,,INDIFFERENT,3:39,219,UcF0SY0m3sU,2024-01-27T21:00:21Z,gh-244
Rye Whiskey,Punch Brothers,Antifogmatic,True,INDIFFERENT,3:29,209,jXfE-e4a3GU,2024-01-27T20:56:52Z,gh-244
Mean Mother Blues,Seldom Scene,Act 3,False,INDIFFERENT,3:03,183,k5Sz1rG7vRA,2024-01-27T20:53:49Z,gh-244
Me and Paul,Willie Nelson,One Hell Of A Ride,True,LIKE,3:49,229,lMugPjewv-0,2024-01-27T20:50:00Z,gh-244
Loose Lucy,Grateful Dead,From the Mars Hotel,False,INDIFFERENT,3:26,206,hptwzSGZP34,2024-01-27T20:46:34Z,gh-244
Jackaroo,"David Grisman, Jerry Garcia",Shady Grove,True,LIKE,4:02,242,GfhrQsMLdY0,2024-01-27T20:42:32Z,gh-244
"Likes Of Me (feat. Vassar Clements, Jerry Douglas, Todd Phillips & Sam Bush)",Tony Rice,Cold On The Shoulder,,LIKE,2:56,176,oZpYMddziuA,2024-01-27T20:39:36Z,gh-244
House Of The Rising Sun,"Doc Watson, Richard Watson",Third Generation Blues,False,INDIFFERENT,3:22,202,FwXxxSRUX4U,2024-01-27T20:36:14Z,gh-244
Cheyenne,Noam Pikelny,Noam Pikelny Plays Kenny Baker Plays Bill Monroe,True,LIKE,3:37,217,gnqIsB2Y8SQ,2024-01-27T20:32:37Z,gh-244
Georgia Railroad,Foghorn Stringband,Reap What You Sow,,INDIFFERENT,3:50,230,orl1CvCLmn4,2024-01-28T06:24:46Z,gh-239
Brushy Run,"Rhys Jones, Jeff Miller, and Jim Nelson",All I've Gots Done Gone,False,INDIFFERENT,1:39,99,lEq0aKCP8VI,2024-01-28T06:23:07Z,gh-239
Sugar Tree Stomp,Kenny Baker,Master Fiddler,False,INDIFFERENT,2:36,156,x9nAclmJ7w8,2024-01-28T06:20:31Z,gh-239
I'd Jump the Mississippi,Caleb Klauder & Reeb Willms,Innocent Road,,INDIFFERENT,2:51,171,RuE6QOrhojM,2024-01-28T06:17:40Z,gh-239
Texas Gales (Instrumental),Doc & Merle Watson,Ballads From Deep Gap,False,INDIFFERENT,1:34,94,_Ra6dgDyIvQ,2024-01-28T06:16:06Z,gh-239
Policeman,Foghorn Stringband,Rattlesnake Tidal Wave,,LIKE,3:17,197,1b7dQ2DLc_M,2024-01-28T06:12:49Z,gh-239
Arthur,The Kinks,Arthur (Deluxe Edition),False,INDIFFERENT,5:25,325,XFexQfJRXrk,2024-01-28T03:19:06Z,gh-238
Shine A Light,Wolf Parade,Wolf Parade,False,INDIFFERENT,3:44,224,u1OL4FFlATE,2024-01-28T03:15:22Z,gh-238
Love You So,The King Khan & BBQ Show,Love You So,False,INDIFFERENT,3:46,226,bHwKPCm5fDU,2024-01-28T03:11:36Z,gh-238
Life During Wartime (2005 Remaster),Talking Heads,Fear of Music (Deluxe Version),False,INDIFFERENT,3:42,222,_NywTcGOUkE,2024-01-28T03:07:54Z,gh-238
A Good Look,Sturgill Simpson,SOUND & FURY,False,INDIFFERENT,4:02,242,nCKzSbBdhxk,2024-01-28T03:03:52Z,gh-238
Queen Bitch,David Bowie,Hunky Dory,True,LIKE,3:21,201,2_ayFz62eYE,2024-01-28T03:00:31Z,gh-238
Cuckoo's Nest,John Hartford,"Me Oh My, How the Time Does Fly -- A John Hartford Anthology",False,INDIFFERENT,3:15,195,RiHOpy32yLQ,2024-01-27T21:24:06Z,gh-236
Richland Woman Blues,Muireann Bradley,Richland Woman Blues,False,INDIFFERENT,4:27,267,ktmO8YG29pA,2024-01-27T21:19:39Z,gh-236
What Did Jesus Say,Jubalaires,Gospel Classics,,INDIFFERENT,2:56,176,cvV6tBTl1iE,2024-01-27T21:16:43Z,gh-236
Won'tcha Please Don't Do It,Pokey LaFarge,Pokey LaFarge,,INDIFFERENT,2:56,176,tCPhym2odOY,2024-01-27T21:13:47Z,gh-236
Carolina Peach,The California Honeydrops,Like You Mean It,False,INDIFFERENT,4:56,296,zo_Ndw93s64,2024-01-27T21:08:51Z,gh-236
Tulsa Time,The California Honeydrops,Tulsa Time,False,INDIFFERENT,3:11,191,23xwUz6p-yE,2024-01-27T21:05:40Z,gh-236
Sunny Side of the Street,Pokey LaFarge,Middle of Everywhere,,INDIFFERENT,2:50,170,5yAfy230Wmc,2024-01-27T21:02:50Z,gh-236
Good Country Girls,Pokey LaFarge,Middle of Everywhere,,INDIFFERENT,3:13,193,Td0X2vdJ6sc,2024-01-27T20:59:37Z,gh-236
You Never Can Tell,The California Honeydrops,You Never Can Tell,True,LIKE,4:39,279,V4yVOrQPsYM,2024-01-27T20:54:58Z,gh-236
Daniel Saw The Stone (Negro-Spiritual),"The Golden Gate Quartet & Clyde Riddick, Clyde Wright, J. Caleb Ginyard, Orlando Wilson","""Serie All Stars Music"" Nº 039 Exclusive Remastered From Original Vinyl First Edition (Vintage Lps) ""Negro - Spirituals"" ""Gospel""",True,LIKE,2:21,141,UdN9B7UVkYs,2024-01-27T20:52:37Z,gh-236
California Sober (feat. Willie Nelson),Billy Strings,California Sober,True,LIKE,3:51,231,AmxvLgvc8IE,2024-01-27T20:48:46Z,gh-236
The Ballad of the Choctaw-Apache,Vincent Neil Emerson,Vincent Neil Emerson,False,INDIFFERENT,4:13,253,JjiLqSL6pJo,2024-01-27T18:23:04Z,gh-235
(A Year Ahead) …and A Light,Richard Buckner,Impasse,False,INDIFFERENT,2:22,142,KaIjFschMQU,2024-01-27T18:20:42Z,gh-235
"Living, Forgiving","Paul Burch, The WPA Ballclub",Pan-American Flash,False,INDIFFERENT,3:42,222,8yCTH65voS8,2024-01-27T18:17:00Z,gh-235
Strong Boy,Gram Parsons' International Submarine Band,Safe At Home,False,INDIFFERENT,2:04,124,nK5NX5PaPOU,2024-01-27T18:14:56Z,gh-235
Shut up and Sing,Brent Cobb,Keep 'Em on They Toes,False,INDIFFERENT,4:46,286,KFIQUHRZ4Ls,2024-01-27T18:10:10Z,gh-235
My One Desire,Freakwater,Old Paint,False,INDIFFERENT,2:29,149,12Wr6bblUo8,2024-01-27T18:07:41Z,gh-235
Damaged Goods (Acoustic),The Band of Heathens,Simpler Things,False,INDIFFERENT,3:07,187,3G-6YzieEeU,2024-01-27T18:04:34Z,gh-235
Elijah,The Original Harmony Ridge Creek Dippers,Pacific Coast Rambler,False,INDIFFERENT,2:10,130,UbEhA3bOvns,2024-01-27T18:02:24Z,gh-235
Last of My Kind,Viv & Riley,Time Is Everything,,LIKE,4:23,263,3kC5wb_yw5Q,2024-01-27T17:58:01Z,gh-235
Standing Here,Colter Wall,Little Songs,,INDIFFERENT,2:43,163,Y2o4mXTGcu8,2024-01-27T17:55:18Z,gh-235
Desperado,Linda Ronstadt,Don't Cry Now,False,INDIFFERENT,3:33,213,5vYhzf96_YA,2024-01-27T17:51:45Z,gh-235
Geronimo,Waco Brothers,To The Last Dead Cowboy,False,INDIFFERENT,2:32,152,HyGm2ZYlP_U,2024-01-27T17:49:13Z,gh-235
Last of My Kind,Paul Burch,Last of My Kind,,LIKE,4:10,250,1Rboxn_ZFIs,2024-01-27T17:45:03Z,gh-235
California Sober (feat. Willie Nelson),Billy Strings,California Sober,True,LIKE,3:51,231,AmxvLgvc8IE,2024-01-27T17:20:38Z,gh-235
People Ii: The Reckoning,AJJ,People Who Can Eat People Are the Luckiest People in the World,False,INDIFFERENT,4:09,249,sqouMqryzxM,2024-01-27T17:16:29Z,gh-235
Won't Make Love at All,Pokey LaFarge,Riverboat Soul,,INDIFFERENT,2:59,179,9GCHokxOXhg,2024-01-27T17:13:30Z,gh-235
Drinkin' Whiskey Tonight,Pokey LaFarge,Middle of Everywhere,,LIKE,2:53,173,GWqjF81M5h4,2024-01-27T17:10:37Z,gh-235
Angel Band,"The Clinch Mountain Boys, The Stanley Brothers","O Brother, Where Art Thou? (Music From The Motion Picture / Deluxe Edition)",False,INDIFFERENT,2:21,141,gkjy9lO2zig,2024-01-27T03:21:59Z,gh-230
Didn't Leave Nobody But The Baby,"Alison Krauss, Emmylou Harris, Gillian Welch","O Brother, Where Art Thou? (Music From The Motion Picture / Deluxe Edition)",False,INDIFFERENT,2:00,120,7T-uuUDwlvU,2024-01-27T03:19:59Z,gh-230
Murder On The Dancefloor,Sophie Ellis-Bextor,Read My Lips,False,INDIFFERENT,3:51,231,TEGkUHzd8hI,2024-01-27T03:16:08Z,gh-230
Thank God I'm a Country Boy,John Denver,Back Home Again,False,INDIFFERENT,3:14,194,GSJaaZgIwtE,2024-01-27T03:12:54Z,gh-230
That's What Makes The World Go Around (feat. Willie Nelson),Charley Crockett,That's What Makes the World Go Around,False,INDIFFERENT,3:18,198,mj9ZP6xgPQ4,2024-01-27T03:09:36Z,gh-230
Dry Town (Demo),Gillian Welch,Boots No. 1: The Official Revival Bootleg,True,LIKE,2:55,175,sqrP7bOKOMo,2024-01-27T03:06:41Z,gh-230
Jambalaya (On The Bayou),Hank Williams,Honky Tonkin (Expanded Undubbed Edition),False,INDIFFERENT,2:55,175,wL54kBsWUhU,2024-01-27T03:03:46Z,gh-230
People Ii: The Reckoning,AJJ,People Who Can Eat People Are the Luckiest People in the World,False,INDIFFERENT,4:09,249,sqouMqryzxM,2024-01-27T02:59:37Z,gh-230
Won't Make Love at All,Pokey LaFarge,Riverboat Soul,,INDIFFERENT,2:59,179,9GCHokxOXhg,2024-01-27T02:56:38Z,gh-230
Drinkin' Whiskey Tonight,Pokey LaFarge,Middle of Everywhere,,LIKE,2:53,173,GWqjF81M5h4,2024-01-27T02:53:45Z,gh-230
"So Long Honeybee, Goodbye",Pokey LaFarge,Middle of Everywhere,,INDIFFERENT,3:07,187,_WbXnLx3YSM,2024-01-27T01:24:08Z,gh-229
Drinkin' Whiskey Tonight,Pokey LaFarge,Middle of Everywhere,,LIKE,2:53,173,GWqjF81M5h4,2024-01-27T01:21:15Z,gh-229
California Sober (feat. Willie Nelson),Billy Strings,California Sober,True,LIKE,3:51,231,AmxvLgvc8IE,2024-01-27T01:17:24Z,gh-229
These Boots Are Made for Walkin',Nancy Sinatra,Boots,False,INDIFFERENT,2:48,168,ICjlGNXwjkE,2024-01-27T01:14:36Z,gh-229
One Toke Over the Line,Brewer & Shipley,Tarkio Road,False,INDIFFERENT,3:20,200,OF3EUFnafp8,2024-01-27T01:11:16Z,gh-229
Yosemite (feat. Dave Matthews),"Golden Highway, Molly Tuttle",City of Gold,False,INDIFFERENT,3:11,191,Eaj1SLXrIec,2024-01-27T01:08:05Z,gh-229
"10,000 Miles Away",The Skullduggers,Staggers and Jags,False,INDIFFERENT,3:25,205,gHWoWOS64y8,2024-01-27T01:04:40Z,gh-229
Love Came Back,Paul Burch,Light Sensitive,False,INDIFFERENT,3:48,228,OL28qqd7RCM,2024-01-27T01:00:52Z,gh-229
Hey Good Lookin',Hank Williams,Your Cheatin' Heart,False,INDIFFERENT,2:52,172,T03HmxqrCmE,2024-01-27T00:58:00Z,gh-229
Deep Minor Rhythm Stomp,Tuba Skinny,Some Kind-A-Shake,,INDIFFERENT,3:27,207,9yHVR43rZkw,2024-01-27T00:54:33Z,gh-229
I Ain't Broke But I'm Badly Bent,Old & In The Way,That High Lonesome Sound,False,INDIFFERENT,2:52,172,PjEBpLwarsM,2024-01-27T00:51:41Z,gh-229
I Wouldn't Change You If I Could,Ricky Skaggs,Highways And Heartaches,False,INDIFFERENT,3:01,181,j62afy-GIKI,2024-01-27T00:48:40Z,gh-229
Even If You Don't,Ween,White Pepper,,INDIFFERENT,3:25,205,W_V7A-NN3MI,2024-01-27T00:45:15Z,gh-229
Daniel Saw The Stone (Negro-Spiritual),"The Golden Gate Quartet & Clyde Riddick, Clyde Wright, J. Caleb Ginyard, Orlando Wilson","""Serie All Stars Music"" Nº 039 Exclusive Remastered From Original Vinyl First Edition (Vintage Lps) ""Negro - Spirituals"" ""Gospel""",True,LIKE,2:21,141,UdN9B7UVkYs,2024-01-27T00:42:54Z,gh-229
Under the Boardwalk (Live),The California Honeydrops,Under the Boardwalk (Live),False,INDIFFERENT,2:55,175,pcbxrn5t72E,2024-01-27T00:39:59Z,gh-229
Way of the Triune God (Hallelujah Version),Tyler Childers,Can I Take My Hounds to Heaven?,False,INDIFFERENT,3:29,209,YYC4scj5rXY,2024-01-27T00:36:30Z,gh-229
In The Jailhouse Now (feat. Tim Blake Nelson),The Soggy Bottom Boys,"O Brother, Where Art Thou? (Original Motion Picture Soundtrack)",False,INDIFFERENT,3:37,217,r6dVH6rhIOo,2024-01-27T00:32:53Z,gh-229
Water Underground,Real Estate,Water Underground,False,INDIFFERENT,3:27,207,2HAuM2KjyxY,2024-01-27T00:29:26Z,gh-229
Brother Bill,The Golden Gate Quartet,24 Carrot,,LIKE,2:44,164,RzjEOwModdw,2024-01-27T00:26:42Z,gh-229
In My Head,The Lemon Twigs,Everything Harmony,False,INDIFFERENT,3:19,199,yJLgexy5yFY,2024-01-27T00:23:23Z,gh-229
I'm Going Back Home,Tuba Skinny,Some Kind-A-Shake,,INDIFFERENT,3:41,221,cSh82jyNjos,2024-01-27T00:19:42Z,gh-229
Lonesome Cowboy Bill,The Velvet Underground,Loaded,False,INDIFFERENT,2:44,164,4ijXYf6d42E,2024-01-27T00:16:58Z,gh-229
Sugar Candy Kisses,Mac & Katie Kissoon,Sugar Candy Kisses,False,INDIFFERENT,3:17,197,FE6qaRGeC_8,2024-01-27T00:13:41Z,gh-229
Alabama Song (Whisky Bar),The Doors,The Doors,True,LIKE,3:18,198,nbtEkZIvMAg,2024-01-27T00:10:23Z,gh-229
Cuckoo's Nest,John Hartford,"Me Oh My, How the Time Does Fly -- A John Hartford Anthology",False,INDIFFERENT,3:15,195,RiHOpy32yLQ,2024-01-27T00:07:08Z,gh-229
Live A-Humble,Jubalaires,Gospel Classics,,INDIFFERENT,2:35,155,hV3p7pu1htk,2024-01-27T00:04:33Z,gh-229
Doctor Jazz Stomp,Jelly-Roll Morton's Red Hot Peppers,Hot Hot Hot!,False,INDIFFERENT,3:24,204,10ncO50NJYQ,2024-01-27T00:01:09Z,gh-229
Puttin' on the Ritz,Philharmonic Wind Orchestra,Cinemagic 9,False,INDIFFERENT,3:01,181,neYed6OIYXk,2024-01-26T23:58:08Z,gh-229
Cheap Reward,The Devil Makes Three,Do Wrong Right,,INDIFFERENT,3:11,191,aD6gHgIWeNo,2024-01-26T23:54:57Z,gh-229
Jonah,Golden Gate Jubilee Quartet,Golden Gate Quartet Vol. 1 (1937-1938),,INDIFFERENT,3:06,186,molhylMJ-r8,2024-01-26T23:51:51Z,gh-229
Tulsa Time,The California Honeydrops,Tulsa Time,False,INDIFFERENT,3:11,191,23xwUz6p-yE,2024-01-26T23:48:40Z,gh-229
You Never Can Tell,The California Honeydrops,You Never Can Tell,True,LIKE,4:39,279,V4yVOrQPsYM,2024-01-26T23:44:01Z,gh-229
Somewhere in Between,Jacob LaVallee,Somewhere in Between,False,INDIFFERENT,3:02,182,z_IjnF4lu-g,2024-01-26T23:40:59Z,gh-229
Speak in Colours (feat. Shuffling Strangefoot & Shaw),Deeb,Chapter One: Lost Souls,False,INDIFFERENT,4:16,256,7f5jSr39Y6w,2024-01-26T23:36:43Z,gh-229
Garment of Destiny (Reprise),Lightbath,"Selected Public Works, Vol. 4",False,INDIFFERENT,9:49,589,GutfRlSyqBQ,2024-01-26T23:26:54Z,gh-229
Bury Them Bones (Marley Carroll Remix),Emancipator,Remixes,False,INDIFFERENT,7:22,442,x4x-JaqjdyA,2024-01-26T23:19:32Z,gh-229
The Recital That Never Happened,Khruangbin,A Calf Born in Winter,False,INDIFFERENT,3:39,219,VWwxHr4MS1k,2024-01-26T21:23:32Z,gh-228
When I Write My Song,Laurindo Almeida,Classical Current,False,INDIFFERENT,3:42,222,SaX5APNeSA0,2024-01-26T21:19:50Z,gh-228
The Night We Called It a Day,"John Coltrane, Milt Jackson",Bags & Trane,False,INDIFFERENT,4:21,261,8DiztjtIkoY,2024-01-26T21:15:29Z,gh-228
20200223,Mac DeMarco,One Wayne G,,INDIFFERENT,3:22,202,qyq8cBnGItQ,2024-01-26T21:12:07Z,gh-228
Freddie Freeloader,Bill Evans,You Must Believe In Spring (Remastered Version),False,INDIFFERENT,7:35,455,DvrKyCvlRUk,2024-01-26T21:04:32Z,gh-228
Moon,Little People,Mickey Mouse Operation,False,INDIFFERENT,3:47,227,E1y2kB7LKfQ,2024-01-26T21:00:45Z,gh-228
Joeira (feat. João Pedreira),Kurup,Joeira,True,LIKE,5:02,302,Rq4_GZAYcOI,2024-01-26T20:55:43Z,gh-228
Ny,Robohands,Green,False,INDIFFERENT,3:41,221,L4UgeQgYMV4,2024-01-26T20:52:02Z,gh-228
A Great Design,Black Marble,A Different Arrangement,False,INDIFFERENT,4:30,270,Rncqamit97g,2024-01-26T20:47:32Z,gh-228
Jadiz,Boozoo Bajou,Lambique - EP,False,INDIFFERENT,4:26,266,rOHj15vqo2k,2024-01-26T20:43:06Z,gh-228
"Water Music - Suite #1 In F, HWV 348 - Alla Hornpipe",Jordi Savall,Haendel: Water Music & Music for the Royal Fireworks,False,INDIFFERENT,4:04,244,SsM25EBXN58,2024-01-26T20:39:02Z,gh-228
Morse,Nightmares on Wax,Carboot Soul,False,INDIFFERENT,6:22,382,sAaOn9Ew7bc,2024-01-26T20:32:40Z,gh-228
Sala,Tosca,JAC,False,INDIFFERENT,8:19,499,DgPMoYAvmxw,2024-01-26T20:24:21Z,gh-228
Phyllis,Lettuce,Crush,False,INDIFFERENT,6:50,410,uhMLUZ9-eT0,2024-01-26T20:17:31Z,gh-228
Lead Me Home,The California Honeydrops,A River's Invitation,False,INDIFFERENT,3:56,236,VKM7ZawiovM,2024-01-26T20:13:35Z,gh-228
Weow,Funki Porcini,Fast Asleep,False,INDIFFERENT,6:02,362,VRllr5eSODo,2024-01-26T20:07:33Z,gh-228
Ketto,Bonobo,Days To Come,False,INDIFFERENT,5:07,307,7geq5Pg2uIE,2024-01-26T18:24:20Z,gh-227
Circle Line,Sam Prekop,Circle Line,False,INDIFFERENT,3:21,201,dXQ66j_kbEs,2024-01-26T18:20:59Z,gh-227
La femme d'argent,Air,Moon Safari,,INDIFFERENT,7:07,427,wLmfNFVDa_U,2024-01-26T18:13:52Z,gh-227
Serenade of Water,Men I Trust,Untourable Album,False,INDIFFERENT,3:06,186,zLdT_0YfPLk,2024-01-26T18:10:46Z,gh-227
Classic Noodlanding,Do Make Say Think,& Yet & Yet,False,INDIFFERENT,5:28,328,KeZJyNP4jdo,2024-01-26T18:05:18Z,gh-227
20200107 2,Mac DeMarco,One Wayne G,,INDIFFERENT,2:42,162,L3S3l2gezpM,2024-01-26T18:02:36Z,gh-227
Ontario Plates,Do Make Say Think,Winter Hymn Country Hymn Secret Hymn,,INDIFFERENT,7:03,423,54npPNKw6bY,2024-01-26T17:55:33Z,gh-227
107 Reasons Why,Do Make Say Think,Winter Hymn Country Hymn Secret Hymn,,INDIFFERENT,3:02,182,QYmpQbf1q2g,2024-01-26T17:52:31Z,gh-227
Outer Inner Secret,Do Make Say Think,Winter Hymn Country Hymn Secret Hymn,,INDIFFERENT,10:14,614,bUw_pr2s_gI,2024-01-26T17:42:17Z,gh-227
Auberge Le Mouton Noir,Do Make Say Think,Winter Hymn Country Hymn Secret Hymn,,INDIFFERENT,7:05,425,UQuNsWh1C0E,2024-01-26T17:35:12Z,gh-227
War On Want,Do Make Say Think,Winter Hymn Country Hymn Secret Hymn,,INDIFFERENT,1:56,116,aBdAwZJQ2fk,2024-01-26T17:33:16Z,gh-227
Fredericia,Do Make Say Think,Winter Hymn Country Hymn Secret Hymn,,INDIFFERENT,9:38,578,gROkkfNjTmI,2024-01-26T17:23:38Z,gh-227
TNT,Tortoise,TNT,,INDIFFERENT,7:34,454,WuitmtCZYoY,2024-01-26T17:16:04Z,gh-227
Elvira,The Oak Ridge Boys,Oak Ridge Boys Collection,False,INDIFFERENT,2:39,159,iWuRO_DJC7o,2024-01-26T01:27:40Z,gh-220
Tougher Than The Rest,Chris LeDoux,Haywire,False,INDIFFERENT,4:58,298,5Mvj4RBCHgY,2024-01-26T01:22:42Z,gh-220
Big Bad John,Jimmy Dean,Big Bad John and Other Fabulous Songs and Tales,False,INDIFFERENT,3:01,181,4ukE3jwmOcA,2024-01-26T01:19:41Z,gh-220
Meet Me In Montana (feat. Marie Osmond),Dan Seals,Won't Be Blue Anymore,False,INDIFFERENT,3:57,237,3GRvdGGCoKE,2024-01-26T01:15:44Z,gh-220
Lost Highway,Hank Williams,Health & Happiness Shows,False,INDIFFERENT,3:24,204,92dezZCxer8,2024-01-26T01:12:20Z,gh-220
Good Woman Blues,Mel Tillis,Country Hit Parade,False,INDIFFERENT,1:32,92,ST728k5ozow,2024-01-26T01:10:48Z,gh-220
Champagne & Reefer,Muddy Waters,King Bee,False,INDIFFERENT,4:37,277,rea4Stp0SeE,2024-01-26T01:06:11Z,gh-220
Neon Moon,Brooks & Dunn,Brand New Man,False,INDIFFERENT,4:22,262,8IjOQmwlGmk,2024-01-26T01:01:49Z,gh-220
Small Town Saturday Night,Hal Ketchum,Past The Point Of Rescue,False,INDIFFERENT,2:58,178,ekW_gV75wN4,2024-01-26T00:58:51Z,gh-220
Sixteen Tons,Tennessee Ernie Ford,Sixteen Tons,False,INDIFFERENT,2:36,156,BSvORvIjZiU,2024-01-26T00:56:15Z,gh-220
I Believe In You,Don Williams,I Believe In You,False,INDIFFERENT,4:07,247,3vh8hrIz-5c,2024-01-26T00:52:08Z,gh-220
I'm Over You,Keith Whitley,I Wonder Do You Think of Me,False,INDIFFERENT,3:04,184,1yDD7yoyw3Q,2024-01-26T00:49:04Z,gh-220
Mountain Music,Alabama,Mountain Music,False,INDIFFERENT,4:12,252,GBdonr6AWtQ,2024-01-26T00:44:52Z,gh-220
Killers of the Flower Moon,Charley Crockett,Killers of the Flower Moon,False,INDIFFERENT,3:14,194,5xB7l8VhJ8A,2024-01-26T00:41:38Z,gh-220
Smoky Mountain Rain,Ronnie Milsap,The Best Of Ronnie Milsap,False,INDIFFERENT,3:44,224,Zj6_CpSGPoE,2024-01-26T00:37:54Z,gh-220
I've Cried My Last Tear For You,Ricky Van Shelton,RVS III,False,INDIFFERENT,2:29,149,JsydFDkbuhc,2024-01-26T00:35:25Z,gh-220
Stuck In The Middle With You,Stealers Wheel,Stealers Wheel,False,INDIFFERENT,3:29,209,ln7Vn_WKkWU,2024-01-26T00:31:56Z,gh-220
Family Tradition,"Hank Williams, Jr.",A Country Boy Can Survive (Box Set),False,INDIFFERENT,4:00,240,GdDyEqnhvNI,2024-01-26T00:27:56Z,gh-220
Tender Years,George Jones,Sings Country Hits,False,INDIFFERENT,2:24,144,41rw5w08x1E,2024-01-26T00:25:32Z,gh-220
For What It's Worth,Buffalo Springfield,Buffalo Springfield,False,INDIFFERENT,2:34,154,1eD-8NTwP9I,2024-01-26T00:22:58Z,gh-220
I Loved 'Em Every One,T.G. Sheppard,I Love 'Em All,False,INDIFFERENT,3:42,222,DeZMLrzcU5Q,2024-01-26T00:19:16Z,gh-220
Highwayman,The Highwaymen,Highwayman,False,INDIFFERENT,3:03,183,RgCRdAzizxY,2024-01-26T00:16:13Z,gh-220
Tight Fittin' Jeans,Conway Twitty,20th Century Masters: The Millennium Collection: Best Of Conway Twitty,False,INDIFFERENT,2:51,171,hJ00bLuN8VU,2024-01-26T00:13:22Z,gh-220
Ring of Fire,Johnny Cash,The Essential Johnny Cash,False,INDIFFERENT,2:36,156,1WaV2x8GXj0,2024-01-26T00:10:46Z,gh-220
Mammas Don't Let Your Babies Grow up to Be Cowboys,"Waylon Jennings, Willie Nelson",Waylon & Willie,False,INDIFFERENT,2:33,153,i85ob2DackI,2024-01-26T00:08:13Z,gh-220
The Gambler,Kenny Rogers,The Gambler,False,INDIFFERENT,3:35,215,w4RvskuFnPY,2024-01-26T00:04:38Z,gh-220
Baby's Got Her Blue Jeans On,Mel McDaniel,Let It Roll,False,INDIFFERENT,3:00,180,-Kl3PbNXDCY,2024-01-26T00:01:38Z,gh-220
You Don't Mess Around with Jim,Jim Croce,You Don't Mess Around With Jim,False,INDIFFERENT,3:03,183,VRIHW-aQl-k,2024-01-25T23:58:35Z,gh-220
Cherokee Fiddle,Johnny Lee,Greatest Hits,False,INDIFFERENT,4:06,246,yYANyZhkgHk,2024-01-25T23:54:29Z,gh-220
Are the Good Times Really Over (I Wish a Buck Was Still Silver),Merle Haggard,Big City,False,INDIFFERENT,4:13,253,kS7GGpMkRTo,2024-01-25T23:50:16Z,gh-220
I Am A Man Of Constant Sorrow (With Band) (feat. Dan Tyminski),The Soggy Bottom Boys,"O Brother, Where Art Thou? (Original Motion Picture Soundtrack)",False,INDIFFERENT,4:17,257,zHamgwlQ1yo,2024-01-25T23:45:59Z,gh-220
Kiss An Angel Good Morning (Live),Charley Pride,Country Music Pioneer,False,INDIFFERENT,2:10,130,G_q4Hmp4YPY,2024-01-25T23:43:49Z,gh-220
Some Broken Hearts Never Mend,Don Williams,Visions,False,INDIFFERENT,2:51,171,YTuJHeXYD7I,2024-01-25T23:40:58Z,gh-220
Tulsa Time,Don Williams,20 Greatest Hits,True,LIKE,3:13,193,KSRWuAxh9v0,2024-01-25T23:37:45Z,gh-220
Fats Waller's Original E-Flat Blues (OurVinyl Sessions),"OurVinyl, The California Honeydrops",The California Honeydrops | OurVinyl Sessions,False,INDIFFERENT,3:01,181,7uveHNa2WLs,2024-01-25T23:34:44Z,gh-220
Trying to Live My Life Without You (OurVinyl Sessions),"OurVinyl, The California Honeydrops",The California Honeydrops | OurVinyl Sessions,False,INDIFFERENT,5:39,339,lLHvqZEru6Q,2024-01-25T23:29:05Z,gh-220
"All Day, All Night (OurVinyl Sessions)","OurVinyl, The California Honeydrops",The California Honeydrops | OurVinyl Sessions,False,INDIFFERENT,2:59,179,NOTG6O7cIxs,2024-01-25T23:26:06Z,gh-220
Cry For Me (OurVinyl Sessions),"OurVinyl, The California Honeydrops",The California Honeydrops | OurVinyl Sessions,True,LIKE,6:22,382,J217cOFyx_U,2024-01-25T23:19:44Z,gh-220
Bye Bye Baby,The California Honeydrops,Bye Bye Baby,False,INDIFFERENT,3:51,231,DI7fEaV1WhA,2024-01-25T23:15:53Z,gh-220
My Key Don't Fit,The California Honeydrops,Covers from the Cave,,INDIFFERENT,4:01,241,9SDq39eAYks,2024-01-25T23:11:52Z,gh-220
Ripple,The California Honeydrops,Covers from the Cave,,INDIFFERENT,5:25,325,PkOYUHINCu8,2024-01-25T23:06:27Z,gh-220
Under the Boardwalk (Live),The California Honeydrops,Covers from the Cave,,INDIFFERENT,2:55,175,5cZJKUNXoP0,2024-01-25T23:03:32Z,gh-220
You Never Can Tell,The California Honeydrops,Covers from the Cave,,INDIFFERENT,4:39,279,qD4pMAq_mJw,2024-01-25T22:58:53Z,gh-220
Bloodshot Eyes,The California Honeydrops,Covers from the Cave,,INDIFFERENT,4:16,256,Vh2FMKFZj-c,2024-01-25T22:54:37Z,gh-220
Up and Down World,The California Honeydrops,Covers from the Cave,,INDIFFERENT,3:29,209,rqb-4C8JnbE,2024-01-25T22:51:08Z,gh-220
Fire and Rain,The California Honeydrops,Covers from the Cave,,INDIFFERENT,3:49,229,J2eUFPVKWEI,2024-01-25T22:47:19Z,gh-220
That's Where It's At,The California Honeydrops,Covers from the Cave,,INDIFFERENT,3:01,181,P-fzhRouSNo,2024-01-25T22:44:18Z,gh-220
Tulsa Time,The California Honeydrops,Covers from the Cave,,LIKE,3:11,191,jjbzeMCvzMQ,2024-01-25T21:24:24Z,gh-219
If You're Gonna Play in Texas (You Gotta Have a Fiddle in the Band),Turnpike Troubadours,High Cotton: The Songs of Alabama,False,INDIFFERENT,3:16,196,ra9_eYo6900,2024-01-25T21:21:08Z,gh-219
Matchbox,Carl Perkins,Deluxe: Greatest Hits - Carl Perkins,False,INDIFFERENT,2:11,131,OTA8m_luor4,2024-01-25T21:18:57Z,gh-219
Sat By A Tree,Dan Deacon,Mystic Familiar,False,INDIFFERENT,4:26,266,HQe-lZPrR8o,2024-01-25T21:14:31Z,gh-219
"Holland, 1945",Neutral Milk Hotel,In the Aeroplane Over the Sea,False,INDIFFERENT,3:13,193,x_Et7DoYxUc,2024-01-25T21:11:18Z,gh-219
After Awhile,Patrick Sweany,Every Hour Is A Dollar Gone,False,INDIFFERENT,4:38,278,VqTFga1IOjY,2024-01-25T21:06:40Z,gh-219
Poor Rambler,Sturgill Simpson,High Top Mountain,False,INDIFFERENT,3:46,226,gsG9QO0uh-8,2024-01-25T21:02:54Z,gh-219
Movement,LCD Soundsystem,LCD Soundsystem,,INDIFFERENT,3:05,185,2vHUEGI3_no,2024-01-25T20:59:49Z,gh-219
Midnight,Jimi Hendrix,South Saturn Delta,False,INDIFFERENT,5:33,333,4g-EtZfgrio,2024-01-25T20:54:16Z,gh-219
Cero,Isaac Soto,Ilusiones Necesarias,False,INDIFFERENT,6:47,407,D1U1Bk-Mn-4,2024-01-25T20:47:29Z,gh-219
September Remember,Sam Prekop,September Remember,False,INDIFFERENT,5:10,310,QygnVgScT04,2024-01-25T20:42:19Z,gh-219
FKJ  |  Ylang Ylang EP (Live Session),"34M views, FKJ",,,INDIFFERENT,19:11,1151,pfU0QORkRpY,2024-01-25T20:23:08Z,gh-219
Bluegrass Megison - Dear Lord - (Original) | Bluegrass Music,"536 views, Megison Bluegrass",,,INDIFFERENT,2:58,178,fMmKIkLUdaQ,2024-01-25T20:20:10Z,gh-219
Mort Garson - Mother Earth's Plantasia (Official Full Album Stream),"739K views, Sacred Bones Records",,,INDIFFERENT,31:04,1864,SZkR3PyHTs0,2024-01-25T19:49:06Z,gh-219
Mark and Maggie O'Connor - Spice of Life (Official Video),"84K views, Mark and Maggie O'Connor",,,INDIFFERENT,5:06,306,rlmDcVZV7zo,2024-01-25T19:44:00Z,gh-219
Southern Flavor (Bill Monroe Cover) by FrankCo Penn,"115 views, FrankCo Penn Bluegrass",,,LIKE,5:05,305,BTbAx_ij6qA,2024-01-25T19:38:55Z,gh-219
Cooling Board Blues,Blind Willie McTell,Blind Willie McTell -Statesboro Blues - The Early Years 1927-1935,False,INDIFFERENT,3:19,199,RC0IDEGydnw,2024-01-25T19:35:36Z,gh-219
Rabbit Foot Blues,Blind Lemon Jefferson,American Folk Music,False,INDIFFERENT,2:57,177,VhI0zxOiQ9U,2024-01-25T19:32:39Z,gh-219
Midnight Special (Remastered 2002),Leadbelly (Huddie Ledbetter),Take This Hammer - The Complete RCA Victor Recordings - When The Sun Goes Down Series,False,INDIFFERENT,3:06,186,6IjPmIEgeIU,2024-01-25T19:29:33Z,gh-219
Old Number Seven,The Devil Makes Three,The Devil Makes Three,False,INDIFFERENT,3:21,201,1tp4Vyltijw,2024-01-25T19:26:12Z,gh-219
You Gotta Move,Mississippi Fred McDowell,You Gotta Move,False,INDIFFERENT,3:21,201,sjFWYuqsmc8,2024-01-25T19:22:51Z,gh-219
Come on Boys Let's Do That Messin' Around,Blind Blake,Jailhouse Blues & Murder Ballads,False,INDIFFERENT,2:46,166,47f2oxaM5xA,2024-01-25T19:20:05Z,gh-219
My Way (2008 Remastered),Frank Sinatra,Nothing But The Best (2008 Remastered),False,INDIFFERENT,4:37,277,qQzdAsjWGPg,2024-01-25T19:15:28Z,gh-219
Dark Was The Night (Cold Was The Ground),Blind Willie Johnson,The Great Depression - American Music In The 30's,False,INDIFFERENT,3:20,200,qasPCNQuo88,2024-01-25T19:12:08Z,gh-219
Mr. McTell Got The Blues (Take 1),Blind Willie McTell,Blind Willie McTell -Statesboro Blues - The Early Years 1927-1935,False,INDIFFERENT,2:21,141,SOz96DfuyIQ,2024-01-25T19:09:47Z,gh-219
One Dime Blues,Blind Lemon Jefferson,Jailhouse Blues & Murder Ballads,False,INDIFFERENT,2:47,167,ATwmsV75UYU,2024-01-25T19:07:00Z,gh-219
Frankie and Johnny,Big Bill Broonzy,Trouble in Mind,False,INDIFFERENT,2:09,129,8XkSmCal8tM,2024-01-25T19:04:51Z,gh-219
Samson And Delilah,Rev. Gary Davis,Harlem Street Singer,False,INDIFFERENT,4:04,244,oW5hvQmHLdY,2024-01-25T19:00:47Z,gh-219
Mance's Talking Blues,Mance Lipscomb,"Captain, Captain!",False,INDIFFERENT,2:06,126,ELCYBWjF4r0,2024-01-25T18:58:41Z,gh-219
Pony Blues,Charley Patton,Complete Remastered Sessions,False,INDIFFERENT,3:02,182,HoEyyaK9Uvk,2024-01-25T18:55:39Z,gh-219
Woke up This Morning,Lightnin' Hopkins,"Lightnin' Strikes, Vol. 1",False,INDIFFERENT,4:31,271,0pM755x5npM,2024-01-25T18:51:08Z,gh-219
Bootleg Rum Dum Blues,Blind Blake,Blind Blake Vol. 2 (1927-1928),False,INDIFFERENT,2:58,178,4q9NlaB--hY,2024-01-25T18:48:10Z,gh-219
You Was Born To Die,Curley Weaver,The Definitive Blind Willie McTell,False,INDIFFERENT,2:49,169,q7UnhPSXTAA,2024-01-25T18:45:21Z,gh-219
I'm Climbin' On Top Of The Hill,Blind Boy Fuller,Blind Boy Fuller Vol. 1 1935 - 1936,False,INDIFFERENT,3:20,200,kPwVok17jT4,2024-01-25T18:42:01Z,gh-219
Nobody Knows You When You're Down And Out,Scrapper Blackwell,Mr. Scrapper's Blues,True,LIKE,4:59,299,ZFUxrJ3urRs,2024-01-25T18:37:02Z,gh-219
I Got to Cross de River o' Jordan,Blind Willie McTell,The Ultimate Collection,False,INDIFFERENT,1:50,110,JiXuCB3nKlA,2024-01-25T18:35:12Z,gh-219
Rising High Water Blues,Blind Lemon Jefferson,See That My Grave Is Kept Clean,False,INDIFFERENT,2:30,150,iqy5S3Uu06U,2024-01-25T18:32:42Z,gh-219
Money Is the Name of the Game,Buster Benton,Blues & Trouble (Blues Reference 1983-1985),False,INDIFFERENT,6:05,365,Zgdk16PQstY,2024-01-25T18:26:37Z,gh-219
Death Don't Have No Mercy,Rev. Gary Davis,Live at Gerde's Folk City,False,INDIFFERENT,5:18,318,bEbMkwR44LQ,2024-01-25T18:21:19Z,gh-219
Ocelot,Phish,Joy,False,INDIFFERENT,3:36,216,tgbNBMCi7zM,2024-01-25T18:17:43Z,gh-219
"Train Song (Live - Hampton, 1998)",Phish,Hampton Comes Alive,False,INDIFFERENT,3:31,211,iFAaej2zwrw,2024-01-25T18:14:12Z,gh-219
Andelmans' Yard,Mike Gordon,The Green Sparrow,,INDIFFERENT,6:11,371,7SPfZc6J5ts,2024-01-25T18:08:01Z,gh-219
Soulfood Man,Mike Gordon,Inside In,False,INDIFFERENT,3:30,210,_1IQg1eMcgk,2024-01-25T18:04:31Z,gh-219
Sugar Shack,Phish,Joy,False,INDIFFERENT,4:04,244,-W9qj_TmG68,2024-01-25T18:29:03Z,gh-218
I Didn't Know,Skinshape,Filoxiny,False,INDIFFERENT,3:38,218,mCgorrefSDA,2024-01-25T18:25:25Z,gh-218
Van Gogh,"On Piano, Virginio Aiello",Van Gogh,False,INDIFFERENT,3:04,184,U7uyfLTvsBE,2024-01-25T18:22:21Z,gh-218
The Girl From Ipanema,Stan Getz,Getz/Gilberto,False,INDIFFERENT,5:25,325,N-TKOh0zsvU,2024-01-25T18:16:56Z,gh-218
Ylang Ylang (slowed + reverb) - FKJ,"24M views, SlowedEdits",,,INDIFFERENT,4:20,260,l1WlHRukTUg,2024-01-25T18:12:36Z,gh-218
Nothing's New,Rio Romeo,Good God!,False,INDIFFERENT,3:31,211,XIt3pgvhmM0,2024-01-25T18:09:05Z,gh-218
Yume Utsutsu,Lamp,Lamp Genso,False,INDIFFERENT,5:15,315,AJdTBPuZkHU,2024-01-25T18:03:50Z,gh-218
From The Start,Laufey,From The Start,False,INDIFFERENT,2:50,170,hbvlVCmIiEI,2024-01-25T18:01:00Z,gh-218
My Love Mine All Mine,Mitski,The Land Is Inhospitable and So Are We,False,INDIFFERENT,2:18,138,Qy9LTRu89FA,2024-01-25T17:58:42Z,gh-218
Locket,Crumb,Locket,False,INDIFFERENT,5:18,318,xKmqwrQFlpA,2024-01-25T17:53:24Z,gh-218
Somewhere in Between,Jacob LaVallee,Somewhere in Between,False,INDIFFERENT,3:02,182,z_IjnF4lu-g,2024-01-25T17:50:22Z,gh-218
Heart To Heart,Mac DeMarco,Here Comes The Cowboy,False,INDIFFERENT,3:32,212,qBoQzo98EpQ,2024-01-25T17:46:50Z,gh-218
Je te laisserai des mots,Patrick Watson,Je te laisserai des mots,False,INDIFFERENT,2:40,160,mcdO9UP0hp8,2024-01-25T17:44:10Z,gh-218
rises the moon,liana flores,recently,False,INDIFFERENT,2:42,162,5e1zT7miep8,2024-01-25T17:41:28Z,gh-218
Hey,Liana Flores,The Water's Fine!,False,INDIFFERENT,3:16,196,TJL9O0ROaHw,2024-01-25T17:38:12Z,gh-218
Soulful,L'Indécis,Playtime,False,INDIFFERENT,3:41,221,fs0BCIUQ7Ws,2024-01-25T17:34:31Z,gh-218
Claire de Lune - Debussy - Classical Piano - Classical Music - Classical Study Music - Studying Music - Music For Reading,"Reading and Studying Music, Study Playlist, Studying Music","Classical Study Music Playlist: Relaxing Instrumental Classical Piano Music For Studying, Classical Study Aid, Music For Focus and Concentration and Music For Reading and Studying Music",False,INDIFFERENT,2:53,173,zfkTOEj1Puc,2024-01-25T17:31:38Z,gh-218
Untitled Blues Waltz,"Gerry Mulligan, Paul Desmond",Two Of A Mind,False,INDIFFERENT,1:39,99,1tiL7sOOeVY,2024-01-25T17:29:59Z,gh-218
Summertime (Mono) [2022 Remaster],John Coltrane,My Favorite Things (2022 Remaster),False,INDIFFERENT,11:39,699,gDUoy1syL_k,2024-01-25T17:18:20Z,gh-218
Take Twelve,"Barry Harris, Bob Cranshaw, Clifford Jordan, Lee Morgan",Take Twelve,False,INDIFFERENT,5:00,300,cePX4dW74x4,2024-01-25T17:13:20Z,gh-218
Salute to fats,"Lester Young, John Coltrane",John Coltrane & Lester Young,False,INDIFFERENT,3:00,180,9BHlK-qJaiU,2024-01-25T17:10:20Z,gh-218
Lonely Shredder,Mac DeMarco,2 Demos,False,INDIFFERENT,3:07,187,IPMf_gEKMHs,2024-01-25T17:07:13Z,gh-218
The Recital That Never Happened,Khruangbin,A Calf Born in Winter,False,INDIFFERENT,3:39,219,VWwxHr4MS1k,2024-01-25T17:03:34Z,gh-218
Dazed (feat. Geoffroy & Gabrielle),Men I Trust,Men I Trust,False,INDIFFERENT,3:52,232,vLV6ly_II4I,2024-01-25T16:59:42Z,gh-218
L'Autre Cote,Elijah Fox,L'Autre Cote,False,INDIFFERENT,3:16,196,B56iftyjS3U,2024-01-25T16:56:26Z,gh-218
the joy you once felt,dj poolboi,the joy you once felt,False,INDIFFERENT,3:14,194,d2EkI6IOByc,2024-01-25T16:53:12Z,gh-218
Tryin' Times,Roberta Flack,First Take,False,INDIFFERENT,5:09,309,La8_flXOTrI,2024-01-25T06:27:45Z,gh-214
The First Time Ever I Saw Your Face,Roberta Flack,First Take,False,INDIFFERENT,4:21,261,VqW-eO3jTVU,2024-01-25T06:23:24Z,gh-214
I Told Jesus,Roberta Flack,First Take,False,INDIFFERENT,6:10,370,C39ltA1nvUc,2024-01-25T06:17:14Z,gh-214
Our Ages or Our Hearts,Roberta Flack,First Take,False,INDIFFERENT,6:10,370,k3Cu5kJZO9k,2024-01-25T06:11:04Z,gh-214
Angelitos Negros,Roberta Flack,First Take,False,INDIFFERENT,6:57,417,1tBI0YJjCtk,2024-01-25T06:04:07Z,gh-214
Compared to What,Roberta Flack,First Take,False,INDIFFERENT,5:17,317,wDUk9Lsy_yQ,2024-01-25T05:58:50Z,gh-214
"Hey, That's No Way to Say Goodbye",Roberta Flack,First Take,False,INDIFFERENT,4:09,249,kz38Vxkyow4,2024-01-25T05:54:41Z,gh-214
Desperado,The Langley Schools Music Project,Innocence and Despair,,LIKE,3:36,216,2H9xirgRM2w,2024-01-25T05:51:05Z,gh-214
Eldorado,Electric Light Orchestra,Eldorado,False,INDIFFERENT,5:19,319,atOsiuv1Pjk,2024-01-25T05:45:46Z,gh-214
For What It's Worth,Buffalo Springfield,Buffalo Springfield,False,INDIFFERENT,2:34,154,1eD-8NTwP9I,2024-01-25T05:43:12Z,gh-214
Rockin' Pneumonia And The Boogie Woogie Flu,Johnny Rivers,L.A. Reggae,False,INDIFFERENT,3:31,211,5Ra1DEd1ueA,2024-01-25T05:39:41Z,gh-214
San Francisco Bay Blues,"Peter, Paul and Mary",A Song Will Rise,True,LIKE,3:03,183,1wfJhgcxrMI,2024-01-25T05:36:38Z,gh-214
Chimes of Freedom,The Byrds,Mr. Tambourine Man,False,INDIFFERENT,3:52,232,zvBKeB44Qkw,2024-01-25T05:32:46Z,gh-214
One Toke Over the Line,Brewer & Shipley,One Toke Over The Line: The Best Of Brewer & Shipley,True,LIKE,3:20,200,L9HXClusp_E,2024-01-25T05:29:26Z,gh-214
Slonimsky's Earbox,Kent Nagano & The Hallé Orchestra,Earbox,False,INDIFFERENT,13:21,801,pwmwjs0gyHY,2024-01-25T05:16:05Z,gh-214
John's Book Of Alleged Dances: Judah to Ocean (reprise),Kronos Quartet,Earbox,False,INDIFFERENT,2:32,152,12SKUCdkxrw,2024-01-25T05:13:33Z,gh-214
Mike's Song about Arresting a Particular Individual,John Adams,Earbox,False,INDIFFERENT,3:19,199,swg7SUM_VVY,2024-01-25T05:10:14Z,gh-214
Two Fanfares for Orchestra: Tromba Lontana,"Edo de Waart, San Francisco Symphony",Earbox,False,INDIFFERENT,4:12,252,X6Qd5fUWvu0,2024-01-25T05:06:02Z,gh-214
20200223,Mac DeMarco,One Wayne G,,INDIFFERENT,3:22,202,qyq8cBnGItQ,2024-01-25T05:02:40Z,gh-214
20200115,Mac DeMarco,One Wayne G,,INDIFFERENT,3:05,185,8_Q7LvBIT6o,2024-01-25T04:59:35Z,gh-214
20200109,Mac DeMarco,One Wayne G,,INDIFFERENT,2:08,128,vbiNFIiWMWA,2024-01-25T04:57:27Z,gh-214
20200108,Mac DeMarco,One Wayne G,,INDIFFERENT,2:35,155,g-J71jqej4Q,2024-01-25T04:54:52Z,gh-214
20200107 2,Mac DeMarco,One Wayne G,,INDIFFERENT,2:42,162,L3S3l2gezpM,2024-01-25T04:52:10Z,gh-214
20200107,Mac DeMarco,One Wayne G,,INDIFFERENT,2:22,142,pSM6NSu_SAI,2024-01-25T04:49:48Z,gh-214
20200101,Mac DeMarco,One Wayne G,,INDIFFERENT,2:29,149,0s8d2miLLfU,2024-01-25T04:47:19Z,gh-214
20191229,Mac DeMarco,One Wayne G,,INDIFFERENT,6:16,376,_7VD_ur8ZJ4,2024-01-25T04:41:03Z,gh-214
20191228,Mac DeMarco,One Wayne G,,INDIFFERENT,1:51,111,RSrBXgeR02s,2024-01-25T04:39:12Z,gh-214
20191227,Mac DeMarco,One Wayne G,,INDIFFERENT,2:09,129,RbjkzXwo20w,2024-01-25T04:37:03Z,gh-214
20191219,Mac DeMarco,One Wayne G,,INDIFFERENT,2:12,132,RrWpti1YqfI,2024-01-25T04:34:51Z,gh-214
20191216,Mac DeMarco,One Wayne G,,INDIFFERENT,2:12,132,bT0xXeCs6pE,2024-01-25T04:32:39Z,gh-214
20191215,Mac DeMarco,One Wayne G,,INDIFFERENT,2:17,137,pxteNeBQ8UI,2024-01-25T04:30:22Z,gh-214
20191202,Mac DeMarco,One Wayne G,,INDIFFERENT,1:01,61,wZsjq-HxV0g,2024-01-25T04:29:21Z,gh-214
20191011 You Made The Bed,Mac DeMarco,One Wayne G,,LIKE,2:14,134,_fNh0qgGf3s,2024-01-25T04:27:07Z,gh-214
20190826,Mac DeMarco,One Wayne G,,INDIFFERENT,22:38,1358,iztRgMsNEgw,2024-01-25T04:04:29Z,gh-214
20190813 3,Mac DeMarco,One Wayne G,,INDIFFERENT,1:33,93,wAybeCOhUwE,2024-01-25T04:02:56Z,gh-214
20190813 2,Mac DeMarco,One Wayne G,,INDIFFERENT,3:03,183,79l9lL6UKuk,2024-01-25T03:59:53Z,gh-214
20190813,Mac DeMarco,One Wayne G,,INDIFFERENT,1:15,75,YNtfjDi62ys,2024-01-25T03:58:38Z,gh-214
20190802,Mac DeMarco,One Wayne G,,INDIFFERENT,4:07,247,-Z2jRbtbM1s,2024-01-25T03:54:31Z,gh-214
20190801,Mac DeMarco,One Wayne G,,INDIFFERENT,2:26,146,zd_KaP5yWcM,2024-01-25T03:52:05Z,gh-214
20190730,Mac DeMarco,One Wayne G,,INDIFFERENT,1:57,117,Rr8G5QoX_J8,2024-01-25T03:50:08Z,gh-214
20190729,Mac DeMarco,One Wayne G,,INDIFFERENT,3:08,188,uo2dw-Fm_PE,2024-01-25T03:47:00Z,gh-214
20190728,Mac DeMarco,One Wayne G,,INDIFFERENT,2:01,121,JZdRZuC00lM,2024-01-25T03:44:59Z,gh-214
Brother Bill,The Golden Gate Quartet,24 Carrot,,LIKE,2:44,164,RzjEOwModdw,2024-01-25T02:25:16Z,gh-214
Didn't It Rain,The Golden Gate Quartet,24 Carrot,,LIKE,2:24,144,hbj2KTBzKuE,2024-01-25T02:12:58Z,gh-214
I'm A Pilgrim,Golden Gate Jubilee Quartet,Golden Gate Quartet Vol. 3 (1939),,LIKE,3:16,196,rx_36v32Jew,2024-01-25T02:09:42Z,gh-214
Dese Bones Gonna Rise Again,The Golden Gate Quartet,24 Carrot,,LIKE,2:13,133,mJL-pWtyC_s,2024-01-25T02:07:29Z,gh-214
20190726,Mac DeMarco,One Wayne G,,INDIFFERENT,1:47,107,Mt7Ai-2NHTM,2024-01-25T03:25:13Z,gh-213
20190724 2,Mac DeMarco,One Wayne G,,INDIFFERENT,1:53,113,T4YTiJLvGhQ,2024-01-25T03:23:20Z,gh-213
20190724,Mac DeMarco,One Wayne G,,LIKE,1:11,71,975vpVzfeRY,2024-01-25T03:22:09Z,gh-213
20190723,Mac DeMarco,One Wayne G,,INDIFFERENT,2:18,138,F2pdo_WbFk0,2024-01-25T03:19:51Z,gh-213
20190722,Mac DeMarco,One Wayne G,,INDIFFERENT,1:43,103,P-VS3vXjjtc,2024-01-25T03:18:08Z,gh-213
20190622,Mac DeMarco,One Wayne G,,INDIFFERENT,3:50,230,3GuH8cV6dFY,2024-01-25T03:14:18Z,gh-213
20190210,Mac DeMarco,One Wayne G,,INDIFFERENT,4:42,282,Rt4izbn8-rA,2024-01-25T03:09:36Z,gh-213
20190206,Mac DeMarco,One Wayne G,,INDIFFERENT,2:57,177,R0uLjZ0ma4Q,2024-01-25T03:06:39Z,gh-213
20190205 3,Mac DeMarco,One Wayne G,,INDIFFERENT,4:00,240,2DS7n00N0nc,2024-01-25T03:02:39Z,gh-213
20190205 2,Mac DeMarco,One Wayne G,,INDIFFERENT,2:36,156,ygoxDKyiGRw,2024-01-25T03:00:03Z,gh-213
20190205,Mac DeMarco,One Wayne G,,INDIFFERENT,4:53,293,OEMdq_D4Ar4,2024-01-25T02:55:10Z,gh-213
20190127,Mac DeMarco,One Wayne G,,INDIFFERENT,3:22,202,qLYV0XpqdgU,2024-01-25T02:51:48Z,gh-213
20181212,Mac DeMarco,One Wayne G,,INDIFFERENT,2:47,167,ZwxDm1p-7To,2024-01-25T02:49:01Z,gh-213
20181108,Mac DeMarco,One Wayne G,,INDIFFERENT,3:04,184,bPubeLyHAlY,2024-01-25T02:45:57Z,gh-213
20181019,Mac DeMarco,One Wayne G,,INDIFFERENT,2:56,176,W26yFNa69-Y,2024-01-25T02:43:01Z,gh-213
20181002,Mac DeMarco,One Wayne G,,INDIFFERENT,0:33,33,2tq1iv6GKys,2024-01-25T02:42:28Z,gh-213
20180930,Mac DeMarco,One Wayne G,,INDIFFERENT,3:09,189,P228A9uv6vo,2024-01-25T02:39:19Z,gh-213
20180927,Mac DeMarco,One Wayne G,,INDIFFERENT,1:20,80,XC2WZjUo9hY,2024-01-25T02:37:59Z,gh-213
20180924,Mac DeMarco,One Wayne G,,INDIFFERENT,2:04,124,qIQndGhS35g,2024-01-25T02:35:55Z,gh-213
Ezekiel,Jubalaires,Gospel Classics,,LIKE,2:19,139,9VwZOKew7bQ,2024-01-25T02:33:36Z,gh-213
The Sun Didn't Shine,Golden Gate Jubilee Quartet,The Gospel Sound,False,INDIFFERENT,2:09,129,64fqP9ZwllE,2024-01-25T02:31:27Z,gh-213
A Bit of Soul,Ray Charles,The Ray Charles Story Volume 4,False,INDIFFERENT,2:20,140,SA-E9EhXCbY,2024-01-25T02:29:07Z,gh-213
Meringue,Sidney Bechet,Sidney'S Blues,False,INDIFFERENT,2:19,139,9POsi6b1AWk,2024-01-25T02:26:48Z,gh-213
Put Your Cat Clothes On,Carl Perkins,Rockabilly Portrait,True,LIKE,2:50,170,VIs9Tko7apE,2024-01-25T02:23:58Z,gh-213
It Won't Be You,Bessie Smith,"The Complete Recordings, Vol. 4",False,INDIFFERENT,2:48,168,2wZ_JvAaqyU,2024-01-25T02:21:10Z,gh-213
Brain Cloudy Blues,Bob Wills and His Texas Playboys,The Essential Bob Wills & His Texas Playboys,False,INDIFFERENT,2:45,165,XXF5A4dlmRw,2024-01-25T02:18:25Z,gh-213
Down by the Riverside,Golden Gate Quartet,Gospel Masters: Ballin' the Jack,False,INDIFFERENT,2:50,170,M0syqGGeAws,2024-01-25T02:15:35Z,gh-213
Lazy River,The Mills Brothers,Paper Doll,False,INDIFFERENT,2:45,165,TcYEynlhZW0,2024-01-25T02:12:50Z,gh-213
Minor Blues,Django Reinhardt,Peche A La Mouche,False,INDIFFERENT,2:49,169,l3-g_9wHw2A,2024-01-25T02:10:01Z,gh-213
Sit Down,Sister Rosetta Tharpe,Sister Rosetta Tharpe Vol 1 (1938 - 1941),False,INDIFFERENT,2:25,145,cS6PgpTw_NA,2024-01-25T02:07:36Z,gh-213
Noah,The Jubalaires,Noah,False,INDIFFERENT,2:34,154,s4pKsuNH7z4,2024-01-25T02:05:02Z,gh-213
Moses Smote The Waters,Golden Gate Jubilee Quartet,Golden Gate Quartet Vol. 4 (1939-1943),False,INDIFFERENT,2:33,153,0hiFeh_oH_c,2024-01-25T02:02:29Z,gh-213
Go Where I Send Thee,Golden Gate Jubilee Quartet,Golden Gate Quartet Vol. 1 (1937-1938),,LIKE,2:22,142,6t7VQtB56x4,2024-01-25T02:00:07Z,gh-213
I'm A Pilgrim,Golden Gate Jubilee Quartet,Golden Gate Quartet Vol. 3 (1939),,LIKE,3:16,196,rx_36v32Jew,2024-01-25T01:56:51Z,gh-213
Bechet's Blues,Sidney Bechet,"Sidney Bechet, Essentials",False,INDIFFERENT,1:57,117,qkH9Iea4DWQ,2024-01-25T01:54:54Z,gh-213
Hogan's Alley,Odetta,Odetta And The Blues,True,LIKE,2:10,130,uVPkqRZAskc,2024-01-25T01:52:44Z,gh-213
I'm Gonna Sit Right Down And Write Myself A Letter (Remastered 2000),Fats Waller,Fats Waller: Very Best of Fats Waller,False,INDIFFERENT,3:37,217,vw3OFb7lIzs,2024-01-25T01:49:07Z,gh-213
Oh my lord,Mahalia Jackson,The Gospel Train is Leaving 1930-1945,False,INDIFFERENT,2:54,174,FFyFGQ7vktg,2024-01-25T01:46:13Z,gh-213
Ol' Man Mose,The Golden Gate Quartet,Golden Gate Gospel Train (The Golden Gate Quartet Vol. 1),False,INDIFFERENT,2:04,124,RHESdwH91X0,2024-01-25T01:36:32Z,gh-212
Mean Old Bed Bug Blues,Bessie Smith,"Soul Sisters - Classic Female Black Performers, Vol. 10",False,INDIFFERENT,3:14,194,XIfOqzbOQdQ,2024-01-25T01:33:18Z,gh-212
Up above my head i hear music in the air,Tharpe Sister Rosetta,"The Swinging Gospel Queen 1939-1947 (feat. Lucky Millinder, Sammy Price, Marie Knight) [Blues Collection Historic Recordings]",False,INDIFFERENT,2:34,154,i0plkx1DDo0,2024-01-25T01:30:44Z,gh-212
How´m I Doin´ Hey Hey,The Mills Brothers,Tiger Rag (Original Recordings 1932 - 1934),False,INDIFFERENT,2:12,132,p1nZLKR6mlM,2024-01-25T01:28:32Z,gh-212
Baby Won't You Please Come Home - Take 1 (feat. Bill Coleman & his Orchestra),Django Reinhardt,"The Swing Sessions, Vol. 2",False,INDIFFERENT,3:01,181,oXgQYCnBowk,2024-01-25T01:25:31Z,gh-212
Alphabets Of The Bible (John The Revelator),Jubalaires,Gospel Classics,,INDIFFERENT,2:10,130,tPnkf90tvHU,2024-01-25T01:23:21Z,gh-212
Run On,Golden Gate Jubilee Quartet,Golden Gate Quartet Vol. 4 (1939-1943),False,INDIFFERENT,2:46,166,swjQeXgD2Oc,2024-01-25T01:20:35Z,gh-212
Lead Me On And On,Golden Gate Jubilee Quartet,Golden Gate Quartet Vol. 1 (1937-1938),,INDIFFERENT,2:04,124,gYE_FCkD8JY,2024-01-25T01:18:31Z,gh-212
Swanee River,Golden Gate Jubilee Quartet,Golden Gate Quartet Vol. 1 (1937-1938),,INDIFFERENT,2:26,146,B6gRtk4FASI,2024-01-25T01:16:05Z,gh-212
Dipsy Doodle,Golden Gate Jubilee Quartet,Golden Gate Quartet Vol. 1 (1937-1938),,INDIFFERENT,2:18,138,TcPe_5Wlo5c,2024-01-25T01:13:47Z,gh-212
Pure Religion,Golden Gate Jubilee Quartet,Golden Gate Quartet Vol. 1 (1937-1938),,INDIFFERENT,1:55,115,hW5WWA3aziY,2024-01-25T01:11:52Z,gh-212
Remember Me,Golden Gate Jubilee Quartet,Golden Gate Quartet Vol. 1 (1937-1938),,INDIFFERENT,2:33,153,a8j34V7t3vE,2024-01-25T01:09:19Z,gh-212
"John, The Revelator",Golden Gate Jubilee Quartet,Golden Gate Quartet Vol. 1 (1937-1938),,INDIFFERENT,2:19,139,auu2xugMpqA,2024-01-25T01:07:00Z,gh-212
Travelin' Shoes,Golden Gate Jubilee Quartet,Golden Gate Quartet Vol. 1 (1937-1938),,INDIFFERENT,1:54,114,2TtnubRvnmQ,2024-01-25T01:05:06Z,gh-212
Motherless Child,Golden Gate Jubilee Quartet,Golden Gate Quartet Vol. 1 (1937-1938),,INDIFFERENT,2:28,148,Lxk8Vn9ylM4,2024-01-25T01:02:38Z,gh-212
Found A Wonderful Savior,Golden Gate Jubilee Quartet,Golden Gate Quartet Vol. 1 (1937-1938),,INDIFFERENT,2:23,143,tljBsh9Z1To,2024-01-25T01:00:15Z,gh-212
Stand In The Test In Judgement,Golden Gate Jubilee Quartet,Golden Gate Quartet Vol. 1 (1937-1938),,INDIFFERENT,3:09,189,xBZV7CsFdHU,2024-01-25T00:57:06Z,gh-212
"Massa's In The Cold, Cold Ground",Golden Gate Jubilee Quartet,Golden Gate Quartet Vol. 1 (1937-1938),,INDIFFERENT,2:49,169,1WKaNkYqWf8,2024-01-25T00:54:17Z,gh-212
Carolina In The Morning,Golden Gate Jubilee Quartet,Golden Gate Quartet Vol. 1 (1937-1938),,INDIFFERENT,2:36,156,WIT99HEogso,2024-01-25T00:51:41Z,gh-212
Bonnet,Golden Gate Jubilee Quartet,Golden Gate Quartet Vol. 1 (1937-1938),,LIKE,2:01,121,nJWxPUwi0bI,2024-01-25T00:49:40Z,gh-212
Go Where I Send Thee,Golden Gate Jubilee Quartet,Golden Gate Quartet Vol. 1 (1937-1938),,LIKE,2:22,142,6t7VQtB56x4,2024-01-25T00:47:18Z,gh-212
Behold The Bridegroom Cometh,Golden Gate Jubilee Quartet,Golden Gate Quartet Vol. 1 (1937-1938),,INDIFFERENT,2:07,127,lqIE_IeNDbU,2024-01-25T00:45:11Z,gh-212
Born Ten Thousands Years Ago,Golden Gate Jubilee Quartet,Golden Gate Quartet Vol. 1 (1937-1938),,LIKE,1:55,115,-zH0HKDQ4Bs,2024-01-25T00:43:16Z,gh-212
Preacher And The Bear,Golden Gate Jubilee Quartet,Golden Gate Quartet Vol. 1 (1937-1938),,INDIFFERENT,2:51,171,3e-Raq5c-G4,2024-01-25T00:40:25Z,gh-212
Jonah,Golden Gate Jubilee Quartet,Golden Gate Quartet Vol. 1 (1937-1938),,INDIFFERENT,3:06,186,molhylMJ-r8,2024-01-25T00:37:19Z,gh-212
Bedside Of A Neighbor,Golden Gate Jubilee Quartet,Golden Gate Quartet Vol. 1 (1937-1938),,INDIFFERENT,2:50,170,HptGT_r_B20,2024-01-25T00:34:29Z,gh-212
Gabriel Blows His Horn,Golden Gate Jubilee Quartet,Golden Gate Quartet Vol. 1 (1937-1938),,INDIFFERENT,2:24,144,ag3GbX3txDQ,2024-01-25T00:32:05Z,gh-212
Cheer The Weary Traveler,Golden Gate Jubilee Quartet,Golden Gate Quartet Vol. 2 (1938-1939),False,INDIFFERENT,3:04,184,8u5S1LSickI,2024-01-25T00:29:01Z,gh-212
I Heard Zion Moan,Golden Gate Jubilee Quartet,Golden Gate Quartet Vol. 2 (1938-1939),False,INDIFFERENT,2:54,174,EmAMTmF8zew,2024-01-25T00:26:07Z,gh-212
The Devil With The Devil,Golden Gate Jubilee Quartet,Golden Gate Quartet Vol. 3 (1939),,INDIFFERENT,3:04,184,nIizEKmHrJg,2024-01-25T00:23:03Z,gh-212
Lis'n To De Lambs,Golden Gate Jubilee Quartet,Golden Gate Quartet Vol. 2 (1938-1939),False,INDIFFERENT,3:27,207,6P91iAzyzzs,2024-01-25T00:19:36Z,gh-212
Stalin Wasn't Stallin',Golden Gate Jubilee Quartet,Golden Gate Quartet Vol. 4 (1939-1943),False,INDIFFERENT,3:11,191,it6dTgt_RtY,2024-01-25T00:16:25Z,gh-212
Golden Gate Gospel Train,Golden Gate Jubilee Quartet,Golden Gate Quartet Vol. 1 (1937-1938),,INDIFFERENT,2:37,157,0dz_IsWKl6Y,2024-01-25T00:13:48Z,gh-212
Noah (028964),Golden Gate Jubilee Quartet,Golden Gate Quartet Vol. 2 (1938-1939),False,INDIFFERENT,2:10,130,JKMMiEnn0ic,2024-01-25T00:11:38Z,gh-212
When They Ring The Golden Bells,Golden Gate Jubilee Quartet,Golden Gate Quartet Vol. 2 (1938-1939),False,INDIFFERENT,1:54,114,JzFxpRl1FpM,2024-01-25T00:09:44Z,gh-212
My Walking Stick,Golden Gate Jubilee Quartet,Golden Gate Quartet Vol. 3 (1939),,LIKE,2:20,140,bkRqCHBHw68,2024-01-25T00:07:24Z,gh-212
Darling Nellie Gray,Golden Gate Jubilee Quartet,Golden Gate Quartet Vol. 3 (1939),,INDIFFERENT,3:06,186,4cmi9P4Wwww,2024-01-25T00:04:18Z,gh-212
What's New?,Golden Gate Jubilee Quartet,Golden Gate Quartet Vol. 3 (1939),,INDIFFERENT,2:21,141,Mih0VAlJBMs,2024-01-25T00:01:57Z,gh-212
I'm A Pilgrim,Golden Gate Jubilee Quartet,Golden Gate Quartet Vol. 3 (1939),,LIKE,3:16,196,rx_36v32Jew,2024-01-24T23:58:41Z,gh-212
If I Had My Way,Golden Gate Jubilee Quartet,Golden Gate Quartet Vol. 3 (1939),,INDIFFERENT,2:21,141,QF7BG3cOLF4,2024-01-24T23:56:20Z,gh-212
Gospel Train,Golden Gate Jubilee Quartet,Golden Gate Quartet Vol. 3 (1939),,INDIFFERENT,2:13,133,lyAZSkK-yeE,2024-01-24T23:54:07Z,gh-212
Timber,Golden Gate Jubilee Quartet,Golden Gate Quartet Vol. 3 (1939),,INDIFFERENT,2:43,163,LsMyhPwvr-Y,2024-01-24T23:51:24Z,gh-212
Brother Bill,The Golden Gate Quartet,24 Carrot,,LIKE,2:44,164,RzjEOwModdw,2024-01-24T23:48:40Z,gh-212
Darling Nellie Gray,The Golden Gate Quartet,24 Carrot,,INDIFFERENT,1:25,85,Q9Rfa_k_CeE,2024-01-24T23:47:15Z,gh-212
Atom and Evil,The Golden Gate Quartet,24 Carrot,,INDIFFERENT,3:20,200,P5nNQmRcFWk,2024-01-24T23:43:55Z,gh-212
Didn't It Rain,The Golden Gate Quartet,24 Carrot,,LIKE,2:24,144,hbj2KTBzKuE,2024-01-24T23:41:31Z,gh-212
Dese Bones Gonna Rise Again,The Golden Gate Quartet,24 Carrot,,LIKE,2:13,133,mJL-pWtyC_s,2024-01-24T23:39:18Z,gh-212
Daniel Saw The Stone (Negro-Spiritual),"The Golden Gate Quartet & Clyde Riddick, Clyde Wright, J. Caleb Ginyard, Orlando Wilson","""Serie All Stars Music"" Nº 039 Exclusive Remastered From Original Vinyl First Edition (Vintage Lps) ""Negro - Spirituals"" ""Gospel""",True,LIKE,2:21,141,UdN9B7UVkYs,2024-01-24T23:36:57Z,gh-212
Sobbin' Hearted Blues,Bessie Smith,"The Complete Recordings, Vol. 2",False,INDIFFERENT,3:01,181,M3M-Npau8ow,2024-01-24T23:33:56Z,gh-212
Nobody Knows You When You're Down And Out,Odetta,Odetta And The Blues,False,INDIFFERENT,2:21,141,uZr5Y485bIE,2024-01-24T23:31:35Z,gh-212
Haunted Road Blues,Clarence Ashley,Blue Ballads strings bands (1927 - 1938) Vol 2,False,INDIFFERENT,3:15,195,aWbUP5sbPig,2024-01-24T23:28:20Z,gh-212
You Better Run,Jubalaires,Gospel Classics,,INDIFFERENT,2:11,131,2UFXai38uoA,2024-01-24T23:26:09Z,gh-212
Just a Simple Melody,"Ella Fitzgerald, The Chick Webb Orchestra",Sing Me a Swing Song,False,INDIFFERENT,3:00,180,mxfq2ReqdD8,2024-01-24T23:23:09Z,gh-212
Get Away Jordan,Mahalia Jackson,I Believe,False,INDIFFERENT,2:39,159,1-tJVlX1m70,2024-01-24T23:20:30Z,gh-212
X-Temporaneous Boogie,Camille Howard,The Specialty Story,False,INDIFFERENT,2:06,126,M_YAjZK0pFU,2024-01-24T23:18:24Z,gh-212
One Day,The Angelic Gospel Singers & The Dixie H,Gospel Music,,INDIFFERENT,2:13,133,aQTbFh8V3rc,2024-01-24T23:16:11Z,gh-212
All to Myself Alone,Ray Charles,Acoustic Blues,False,INDIFFERENT,1:56,116,uL5wWZnZjbM,2024-01-24T23:14:15Z,gh-212
The Sheik of Araby,Sidney Bechet's One Man Band,The Legendary Sidney Bechet,False,INDIFFERENT,2:13,133,tTq8cOi1FCs,2024-01-24T23:12:02Z,gh-212
Hide Me In Thy Bosom,Thomas A. Dorsey,Precious Lord Recordings Of The Great Gospel Songs Of Thomas A. Dorsey,False,INDIFFERENT,1:56,116,kslcBu5rEPI,2024-01-24T23:10:06Z,gh-212
God Almighty's Gonna Cut You Down (Negro-Spiritual),"The Golden Gate Quartet & Clyde Riddick, Clyde Wright, J. Caleb Ginyard, Orlando Wilson","""Serie All Stars Music"" Nº 039 Exclusive Remastered From Original Vinyl First Edition (Vintage Lps) ""Negro - Spirituals"" ""Gospel""",False,INDIFFERENT,2:30,150,23qpzaAHBnY,2024-01-24T23:07:36Z,gh-212
Mary Don't You Weep,The Swan Silvertones,Gospel Music Anthology (Oh Happy Day),False,INDIFFERENT,2:47,167,ZerZdPZyq4A,2024-01-24T23:04:49Z,gh-212
Go Where I Send Thee,The Golden Gate Jubilee Quartet,Gospel Music,,LIKE,2:19,139,yz9kzV0_whE,2024-01-24T23:02:30Z,gh-212
Blue Moon,Dean Martin,Dream with Dean,False,INDIFFERENT,3:05,185,tgcqyULOcQs,2024-01-24T22:59:25Z,gh-212
Feeling Good,Nina Simone,I Put A Spell On You,False,INDIFFERENT,2:54,174,BNMKGYiJpvg,2024-01-24T22:56:31Z,gh-212
Swinging On A Star,Frank Sinatra,"Days Of Wine And Roses, Moon River And Other Academy Award Winners",False,INDIFFERENT,2:54,174,AnCqZXhGTm0,2024-01-24T22:53:37Z,gh-212
These Boots Are Made for Walkin',Nancy Sinatra,Boots,False,INDIFFERENT,2:48,168,ICjlGNXwjkE,2024-01-24T22:50:49Z,gh-212
You Don't Own Me,Lesley Gore,20th Century Masters: The Millennium Collection: Best Of Lesley Gore,False,INDIFFERENT,2:32,152,ZRTCx_1Reec,2024-01-24T22:48:17Z,gh-212
Walk On the Wild Side,Lou Reed,Transformer,False,INDIFFERENT,4:14,254,Qu6F-mMAQhk,2024-01-24T22:44:03Z,gh-212
Bang Bang (My Baby Shot Me Down),Nancy Sinatra,How Does That Grab You?,True,LIKE,2:42,162,OEFa4ztm9P0,2024-01-24T22:41:21Z,gh-212
Nym - Et Moi,"9.7M views, DLoaw",,,INDIFFERENT,3:46,226,kZnJSw2cNLc,2024-01-24T22:37:35Z,gh-212
You Wish,Nightmares on Wax,In A Space Outta Sound,False,INDIFFERENT,3:31,211,tkEPEKSmlYI,2024-01-24T22:34:04Z,gh-212
Brazilian Soul (Acoustic Bossa Version) (feat. Sofi Tukker),The Knocks,Brazilian Soul (Remixes),False,INDIFFERENT,4:11,251,oGBLviu_W18,2024-01-24T22:29:53Z,gh-212
Ungodly Fruit,Wax Tailor,Tales of the Forgotten Melodies,,INDIFFERENT,3:01,181,q_Y2xEWDVXQ,2024-01-24T22:26:52Z,gh-212
Ghostwriter,RJD2,Deadringer: Deluxe,False,INDIFFERENT,5:17,317,hY08FkhpPjk,2024-01-24T22:21:35Z,gh-212
Tourment d' amour (feat. Saneyes),La Fine Equipe,La Boulangerie 2 (La Fine Equipe & Friends),False,INDIFFERENT,2:14,134,FQW8fSyx_8o,2024-01-24T22:19:21Z,gh-212
Mama Jay,Frizzy P & Mr Cole,Ladi Dadi,False,INDIFFERENT,3:46,226,eWzmVzJcSKg,2024-01-24T22:15:35Z,gh-212
Que Sera,Wax Tailor,Tales of the Forgotten Melodies,,INDIFFERENT,2:45,165,TTLat9iFRp8,2024-01-24T22:12:50Z,gh-212
Voyage Libre (feat. Lou Lou Ghelickhani),Thievery Corporation,Treasures From The Temple,False,INDIFFERENT,3:56,236,2VrApg7BAJg,2024-01-24T22:08:54Z,gh-212
Tired of Fighting,Menahan Street Band,Make the Road By Walking,False,INDIFFERENT,3:32,212,F-OeFm6y384,2024-01-24T22:05:22Z,gh-212
Joeira (feat. João Pedreira),Kurup,Joeira,True,LIKE,5:02,302,Rq4_GZAYcOI,2024-01-24T22:00:20Z,gh-212
Time Is the Enemy,Quantic,Life in the Rain,False,INDIFFERENT,3:44,224,4W9iWpxLpOA,2024-01-24T21:56:36Z,gh-212
Days To Come (feat. Bajka),Bonobo,Days To Come,True,INDIFFERENT,3:50,230,dq67Un8Z2Cw,2024-01-24T21:52:46Z,gh-212
20230109,Mac DeMarco,One Wayne G,,INDIFFERENT,3:10,190,PCPG19DKzf0,2024-01-24T21:23:18Z,gh-212
Jonny's Odyssey,Mac DeMarco,Salad Days,False,INDIFFERENT,2:39,159,RPgdZht906c,2024-01-24T21:20:39Z,gh-212
20200101,Mac DeMarco,One Wayne G,,INDIFFERENT,2:29,149,0s8d2miLLfU,2024-01-24T19:59:26Z,gh-212
20221119,Mac DeMarco,One Wayne G,,INDIFFERENT,2:49,169,fS_ODjIpe9E,2024-01-24T19:56:37Z,gh-212
20201126 2,Mac DeMarco,One Wayne G,,INDIFFERENT,2:11,131,KeYGYEzWt3o,2024-01-24T19:54:26Z,gh-212
Edmonton,Mac DeMarco,Five Easy Hot Dogs,False,INDIFFERENT,2:24,144,GTQKjyFHt1I,2024-01-24T19:52:02Z,gh-212
20200223,Mac DeMarco,One Wayne G,,INDIFFERENT,3:22,202,qyq8cBnGItQ,2024-01-24T19:48:40Z,gh-212
20210701,Mac DeMarco,One Wayne G,,INDIFFERENT,2:14,134,2uHwPdeF8Ro,2024-01-24T19:46:26Z,gh-212
20211121 2,Mac DeMarco,One Wayne G,,INDIFFERENT,2:48,168,GDMWEAfEem0,2024-01-24T19:43:38Z,gh-212
20210815,Mac DeMarco,One Wayne G,,INDIFFERENT,2:30,150,oXtEryFimn8,2024-01-24T19:41:08Z,gh-212
20200811,Mac DeMarco,One Wayne G,,INDIFFERENT,1:23,83,A-G8HUghOiU,2024-01-24T18:54:53Z,gh-212
Turiya & Ramakrishna,Alice Coltrane,Ptah The El Daoud,False,INDIFFERENT,8:19,499,jOkBpSItuP8,2024-01-24T21:18:53Z,gh-211
August 10,Khruangbin,Con Todo El Mundo,True,LIKE,4:25,265,NA48_XQcuwc,2024-01-24T21:14:28Z,gh-211
Shine It,Medeski Martin & Wood,End Of The World Party (Just In Case),True,LIKE,5:00,300,qbs1O-IUBv8,2024-01-24T21:09:28Z,gh-211
Cumbia de Tototl,El Búho,Tamoachan,False,INDIFFERENT,3:52,232,LoxijR0ZjBw,2024-01-24T21:05:36Z,gh-211
Aces,Delvon Lamarr Organ Trio,I Told You So,False,INDIFFERENT,4:42,282,aZPOUq9-11w,2024-01-24T21:00:54Z,gh-211
20210306,Mac DeMarco,One Wayne G,,INDIFFERENT,0:51,51,DdCN-dIk54A,2024-01-24T21:00:03Z,gh-211
Sheeta (Instrumental),Mac DeMarco,Old Dog Demos,False,INDIFFERENT,2:20,140,8qMli8gVMeQ,2024-01-24T20:57:43Z,gh-211
20200323 2,Mac DeMarco,One Wayne G,,INDIFFERENT,1:32,92,ggeV5rZOzb8,2024-01-24T20:56:11Z,gh-211
Tommy,Mac DeMarco,Other Here Comes The Cowboy Demos,False,INDIFFERENT,1:41,101,xl1IWWI03fk,2024-01-24T20:54:30Z,gh-211
20181002,Mac DeMarco,One Wayne G,,INDIFFERENT,0:33,33,2tq1iv6GKys,2024-01-24T20:53:57Z,gh-211
20190205 3,Mac DeMarco,One Wayne G,,INDIFFERENT,4:00,240,2DS7n00N0nc,2024-01-24T20:49:57Z,gh-211
20210529,Mac DeMarco,One Wayne G,,INDIFFERENT,2:22,142,FTzLemElNV0,2024-01-24T20:47:35Z,gh-211
20201128,Mac DeMarco,One Wayne G,,INDIFFERENT,2:04,124,zcPuam4IZ2Y,2024-01-24T20:45:31Z,gh-211
20221118,Mac DeMarco,One Wayne G,,INDIFFERENT,2:24,144,Ktzpyobq5Y8,2024-01-24T20:43:07Z,gh-211
20181019,Mac DeMarco,One Wayne G,,INDIFFERENT,2:56,176,W26yFNa69-Y,2024-01-24T20:40:11Z,gh-211
Onion Man,Mac DeMarco,Some Other Ones,False,INDIFFERENT,2:45,165,pW3WB_Rg8MI,2024-01-24T20:37:26Z,gh-211
Young Coconut,Mac DeMarco,Some Other Ones,False,INDIFFERENT,2:43,163,5SxdWlxRPdY,2024-01-24T20:34:43Z,gh-211
20190802,Mac DeMarco,One Wayne G,,INDIFFERENT,4:07,247,-Z2jRbtbM1s,2024-01-24T20:30:36Z,gh-211
20220401,Mac DeMarco,One Wayne G,,INDIFFERENT,2:28,148,TKGSfmkFRU8,2024-01-24T20:28:08Z,gh-211
Gualala 2,Mac DeMarco,Five Easy Hot Dogs,False,INDIFFERENT,2:27,147,k6noPb_-wZo,2024-01-24T20:25:41Z,gh-211
At Ron's Bris,Mac DeMarco,Another (Demo) One,False,INDIFFERENT,3:14,194,RNQ2MVJegUg,2024-01-24T20:22:27Z,gh-211
20190722,Mac DeMarco,One Wayne G,,INDIFFERENT,1:43,103,P-VS3vXjjtc,2024-01-24T20:20:44Z,gh-211
20230102,Mac DeMarco,One Wayne G,,INDIFFERENT,2:27,147,inaUPCBRF6M,2024-01-24T20:18:17Z,gh-211
Vancouver 3,Mac DeMarco,Five Easy Hot Dogs,False,INDIFFERENT,2:48,168,4u0YeMxVvCM,2024-01-24T20:15:29Z,gh-211
20190724 2,Mac DeMarco,One Wayne G,,INDIFFERENT,1:53,113,T4YTiJLvGhQ,2024-01-24T20:13:36Z,gh-211
20200330,Mac DeMarco,One Wayne G,,INDIFFERENT,2:19,139,n2vVgnmkLq4,2024-01-24T20:11:17Z,gh-211
20210629,Mac DeMarco,One Wayne G,,INDIFFERENT,1:18,78,t4v9DUNeY10,2024-01-24T20:09:59Z,gh-211
20201111,Mac DeMarco,One Wayne G,,LIKE,2:28,148,TL3R9F6tt4g,2024-01-24T20:07:31Z,gh-211
20201228,Mac DeMarco,One Wayne G,,INDIFFERENT,3:06,186,A6UBqH3k414,2024-01-24T20:04:25Z,gh-211
20200802,Mac DeMarco,One Wayne G,,INDIFFERENT,2:41,161,-dSBBO-JER0,2024-01-24T20:01:44Z,gh-211
20210720,Mac DeMarco,One Wayne G,,INDIFFERENT,3:34,214,O_0drNxFDmc,2024-01-24T19:58:10Z,gh-211
Hachiko,Mac DeMarco,Some Other Ones,False,INDIFFERENT,2:43,163,zmEKxniZJU0,2024-01-24T19:55:27Z,gh-211
20201119,Mac DeMarco,One Wayne G,,INDIFFERENT,1:47,107,dppefln9DR8,2024-01-24T19:53:40Z,gh-211
20220204,Mac DeMarco,One Wayne G,,INDIFFERENT,2:53,173,Nn0_xdOSc70,2024-01-24T19:50:47Z,gh-211
Edmonton 2,Mac DeMarco,Five Easy Hot Dogs,False,INDIFFERENT,2:44,164,9tocBnyXX_k,2024-01-24T19:48:03Z,gh-211
20221121,Mac DeMarco,One Wayne G,,INDIFFERENT,2:06,126,F7SgS0UhaRg,2024-01-24T19:45:57Z,gh-211
20210704,Mac DeMarco,One Wayne G,,INDIFFERENT,3:47,227,kgmE_pk-u6Y,2024-01-24T19:42:10Z,gh-211
20221119,Mac DeMarco,One Wayne G,,INDIFFERENT,2:49,169,fS_ODjIpe9E,2024-01-24T19:39:21Z,gh-211
20201126 2,Mac DeMarco,One Wayne G,,INDIFFERENT,2:11,131,KeYGYEzWt3o,2024-01-24T19:37:10Z,gh-211
20200223,Mac DeMarco,One Wayne G,,INDIFFERENT,3:22,202,qyq8cBnGItQ,2024-01-24T19:33:48Z,gh-211
20210701,Mac DeMarco,One Wayne G,,INDIFFERENT,2:14,134,2uHwPdeF8Ro,2024-01-24T19:31:34Z,gh-211
20211121 2,Mac DeMarco,One Wayne G,,INDIFFERENT,2:48,168,GDMWEAfEem0,2024-01-24T19:28:46Z,gh-211
20200324,Mac DeMarco,One Wayne G,,INDIFFERENT,2:40,160,yTrY-7whrH0,2024-01-24T19:26:06Z,gh-211
20211126,Mac DeMarco,One Wayne G,,INDIFFERENT,1:59,119,EVvORns1u_g,2024-01-24T19:24:07Z,gh-211
20221124,Mac DeMarco,One Wayne G,,INDIFFERENT,2:22,142,27zcb5NJ9c4,2024-01-24T19:21:45Z,gh-211
20190205 2,Mac DeMarco,One Wayne G,,INDIFFERENT,2:36,156,ygoxDKyiGRw,2024-01-24T19:19:09Z,gh-211
Pepperoni Playboy,Mac DeMarco,Salad Days Demos,False,INDIFFERENT,2:31,151,2LyymC5J6Ck,2024-01-24T19:16:38Z,gh-211
20221120 2,Mac DeMarco,One Wayne G,,INDIFFERENT,0:56,56,I2sS6Y_uh4s,2024-01-24T19:15:42Z,gh-211
Sloopy Lau Lau,Mac DeMarco,Salad Days Demos,False,INDIFFERENT,2:45,165,OKCYdb1Aj38,2024-01-24T19:12:57Z,gh-211
20201110,Mac DeMarco,One Wayne G,,INDIFFERENT,2:52,172,yG4VfbDNJls,2024-01-24T19:10:05Z,gh-211
Don Juan,Mac DeMarco,Some Other Ones,False,INDIFFERENT,1:57,117,I0f88uzhjr8,2024-01-24T19:08:08Z,gh-211
20190724,Mac DeMarco,One Wayne G,,LIKE,1:11,71,975vpVzfeRY,2024-01-24T19:06:57Z,gh-211
Frog Hollow (Instrumental),Mac DeMarco,Old Dog Demos,False,INDIFFERENT,1:55,115,PJnK3nAhgMM,2024-01-24T19:05:02Z,gh-211
Mac DeMarco - Dreamin - Instumental,"20K views, Hawksox11",,,INDIFFERENT,2:28,148,yFYLqJfMRVQ,2024-01-24T19:02:34Z,gh-211
20211129 2,Mac DeMarco,One Wayne G,,INDIFFERENT,1:48,108,3MACH51CVKc,2024-01-24T19:00:46Z,gh-211
Umaro (Instrumental),Mac DeMarco,Old Dog Demos,False,INDIFFERENT,2:15,135,dmK2PVy7Dw8,2024-01-24T18:58:31Z,gh-211
Very Spooky,Mac DeMarco,Other Here Comes The Cowboy Demos,False,INDIFFERENT,2:45,165,6s_PRhgtrVc,2024-01-24T18:55:46Z,gh-211
20210516,Mac DeMarco,One Wayne G,,INDIFFERENT,2:11,131,APf3--LDXQA,2024-01-24T18:53:35Z,gh-211
Ken The Wolf Boy,Mac DeMarco,Salad Days Demos,False,INDIFFERENT,2:37,157,KIxY8ojkJ6c,2024-01-24T18:50:58Z,gh-211
20190206,Mac DeMarco,One Wayne G,,INDIFFERENT,2:57,177,R0uLjZ0ma4Q,2024-01-24T18:48:01Z,gh-211
20210301,Mac DeMarco,One Wayne G,,INDIFFERENT,1:53,113,ph_un8eXpp4,2024-01-24T18:46:08Z,gh-211
20191011 You Made The Bed,Mac DeMarco,One Wayne G,,INDIFFERENT,2:14,134,_fNh0qgGf3s,2024-01-24T18:43:54Z,gh-211
20180512,Mac DeMarco,One Wayne G,,INDIFFERENT,4:08,248,loQolUfkyvo,2024-01-24T18:16:26Z,gh-211
20210720 2,Mac DeMarco,One Wayne G,,INDIFFERENT,1:54,114,07nzwyUIcgg,2024-01-24T18:29:02Z,gh-210
20190726,Mac DeMarco,One Wayne G,,INDIFFERENT,1:47,107,Mt7Ai-2NHTM,2024-01-24T18:27:15Z,gh-210
20210813,Mac DeMarco,One Wayne G,,INDIFFERENT,1:03,63,GxHJHvVeUME,2024-01-24T18:26:12Z,gh-210
20210306 3,Mac DeMarco,One Wayne G,,INDIFFERENT,3:11,191,5iYJ4lNDkLk,2024-01-24T18:23:01Z,gh-210
20191228,Mac DeMarco,One Wayne G,,INDIFFERENT,1:51,111,RSrBXgeR02s,2024-01-24T18:21:10Z,gh-210
Chicago,Mac DeMarco,Five Easy Hot Dogs,False,INDIFFERENT,2:25,145,Oziul23ZrCE,2024-01-24T18:18:45Z,gh-210
20190205,Mac DeMarco,One Wayne G,,INDIFFERENT,4:53,293,OEMdq_D4Ar4,2024-01-24T18:13:52Z,gh-210
20191229,Mac DeMarco,One Wayne G,,INDIFFERENT,6:16,376,_7VD_ur8ZJ4,2024-01-24T18:07:36Z,gh-210
20180702 2,Mac DeMarco,One Wayne G,,INDIFFERENT,2:38,158,xi_60p1gqX8,2024-01-24T18:04:58Z,gh-210
20210709,Mac DeMarco,One Wayne G,,INDIFFERENT,2:23,143,CnwFSxgonCo,2024-01-24T18:02:35Z,gh-210
20220223,Mac DeMarco,One Wayne G,,INDIFFERENT,2:29,149,7G0WaHAk7yA,2024-01-24T18:00:06Z,gh-210
20221126,Mac DeMarco,One Wayne G,,INDIFFERENT,2:26,146,DOf_CbRa3FU,2024-01-24T17:57:40Z,gh-210
20220331,Mac DeMarco,One Wayne G,,INDIFFERENT,2:16,136,pwe0RDPa0lo,2024-01-24T17:55:24Z,gh-210
20200812,Mac DeMarco,One Wayne G,,INDIFFERENT,2:43,163,mxp4U-vbdmI,2024-01-24T17:52:41Z,gh-210
20200107,Mac DeMarco,One Wayne G,,INDIFFERENT,2:22,142,pSM6NSu_SAI,2024-01-24T17:50:19Z,gh-210
20210518,Mac DeMarco,One Wayne G,,INDIFFERENT,2:35,155,YYWVPSnB9sE,2024-01-24T17:47:44Z,gh-210
20210517,Mac DeMarco,One Wayne G,,INDIFFERENT,3:22,202,7BxZ08uNWWI,2024-01-24T17:44:22Z,gh-210
Potato Boy,Mac DeMarco,Salad Days Demos,False,INDIFFERENT,2:46,166,HKhJGkJt6_0,2024-01-24T17:41:36Z,gh-210
If You Want Me to Stay,Larry Goldings,Super Soul Jazz,False,INDIFFERENT,6:05,365,2knenLoOgeE,2024-01-24T17:35:31Z,gh-210
634.5789,"Monica Green, Project Soul",Monica Green & Project Soul,False,INDIFFERENT,3:07,187,SxClbX0n3kk,2024-01-24T17:32:24Z,gh-210
The Line,"Monica Green, Project Soul",Monica Green & Project Soul,False,INDIFFERENT,4:19,259,gahsMk3mEsg,2024-01-24T17:28:05Z,gh-210
If You Want Me to Stay,"Monica Green, Project Soul",Monica Green & Project Soul,True,LIKE,4:58,298,nnk47AuUWiE,2024-01-24T17:23:07Z,gh-210
Born Under a Bad Sign,Etta James,"Life, Love & The Blues",False,INDIFFERENT,3:29,209,70UkfQeXQ_c,2024-01-24T17:19:38Z,gh-210
If You Want Me to Stay,Etta James,"Life, Love & The Blues",True,INDIFFERENT,5:21,321,shbCl3Pj-cU,2024-01-24T17:14:17Z,gh-210
If You Want Me to Stay,Sly & The Family Stone,Fresh,True,LIKE,3:01,181,jkzWSL-gEO4,2024-01-24T17:11:16Z,gh-210
Hard To Tell,"Carrie Baxter, edbl",Hard To Tell,True,INDIFFERENT,3:51,231,yvVwzyaMpPA,2024-01-24T17:07:25Z,gh-210
Happy To Help,City Park,Happy To Help,False,INDIFFERENT,3:37,217,aQzgU37am2U,2024-01-24T17:03:48Z,gh-210
Meaning In The Moment,"Leo Sidran, Podsongs",Meaning in the Moment,True,LIKE,3:38,218,p7O-PR5SfWI,2024-01-24T17:00:10Z,gh-210
Antonio's Song (feat. Leo Minax & Olivier Ker Ourio),Leo Sidran,Cool School (The Music of Michael Franks),False,INDIFFERENT,4:12,252,90b1xFlTXBY,2024-01-24T16:55:58Z,gh-210
The Lady Wants to Know,Leo Sidran,Cool School (The Music of Michael Franks),False,INDIFFERENT,3:45,225,nVXLM7FMO0g,2024-01-24T16:52:13Z,gh-210
Monkey See Monkey Do,Leo Sidran,Cool School (The Music of Michael Franks),False,INDIFFERENT,4:01,241,_C0hU6cj92I,2024-01-24T16:48:12Z,gh-210
Harrison Ford Escort,Mac DeMarco,2 Demos,False,INDIFFERENT,2:53,173,i7rytP94rb8,2024-01-24T16:45:19Z,gh-210
20190813 3,Mac DeMarco,One Wayne G,,INDIFFERENT,1:33,93,wAybeCOhUwE,2024-01-24T16:43:46Z,gh-210
Wrestle a Live Nude Girl,Leo Sidran,Cool School (The Music of Michael Franks),True,LIKE,4:44,284,vr996jU1Kpg,2024-01-24T16:39:02Z,gh-210
20200326,Mac DeMarco,One Wayne G,,INDIFFERENT,1:49,109,m4E7harfPpg,2024-01-24T16:37:13Z,gh-210
20210720,Mac DeMarco,One Wayne G,,INDIFFERENT,3:34,214,O_0drNxFDmc,2024-01-24T16:33:39Z,gh-210
20180816,Mac DeMarco,One Wayne G,,INDIFFERENT,2:16,136,0vOsiY6-67M,2024-01-24T16:31:23Z,gh-210
my crush,muque,my crush,False,INDIFFERENT,2:41,161,cw9XsbJhO4U,2024-01-24T16:28:42Z,gh-210
20191011 You Made The Bed,Mac DeMarco,One Wayne G,,INDIFFERENT,2:14,134,_fNh0qgGf3s,2024-01-24T16:26:28Z,gh-210
20220328,Mac DeMarco,One Wayne G,,INDIFFERENT,2:02,122,wyzOLJ-GUhI,2024-01-24T16:24:26Z,gh-210
20210529,Mac DeMarco,One Wayne G,,INDIFFERENT,2:22,142,FTzLemElNV0,2024-01-24T16:22:04Z,gh-210
Mac DeMarco - Sherrill - Instumental,"8K views, Hawksox11",,,INDIFFERENT,2:28,148,agDkEQEF6nk,2024-01-24T16:19:36Z,gh-210
20190728,Mac DeMarco,One Wayne G,,INDIFFERENT,2:01,121,JZdRZuC00lM,2024-01-24T16:17:35Z,gh-210
20190210,Mac DeMarco,One Wayne G,,INDIFFERENT,4:42,282,Rt4izbn8-rA,2024-01-24T16:12:53Z,gh-210
20201125,Mac DeMarco,One Wayne G,,INDIFFERENT,2:53,173,XVoWzqv7E10,2024-01-24T16:10:00Z,gh-210
20210612,Mac DeMarco,One Wayne G,,INDIFFERENT,1:11,71,6eUELLBzKNc,2024-01-24T16:08:49Z,gh-210
Crescent City,Mac DeMarco,Five Easy Hot Dogs,False,INDIFFERENT,2:28,148,GdDUXRGUv_c,2024-01-24T16:06:21Z,gh-210
20210306,Mac DeMarco,One Wayne G,,INDIFFERENT,0:51,51,DdCN-dIk54A,2024-01-24T16:05:30Z,gh-210
20230109,Mac DeMarco,One Wayne G,,INDIFFERENT,3:10,190,PCPG19DKzf0,2024-01-24T16:02:20Z,gh-210
Jonny's Odyssey,Mac DeMarco,Salad Days,False,INDIFFERENT,2:39,159,RPgdZht906c,2024-01-24T15:59:41Z,gh-210
20200107 2,Mac DeMarco,One Wayne G,,INDIFFERENT,2:42,162,L3S3l2gezpM,2024-01-24T15:56:59Z,gh-210
20220202 2,Mac DeMarco,One Wayne G,,INDIFFERENT,2:25,145,tMcT7j29veQ,2024-01-24T15:54:34Z,gh-210
20191202,Mac DeMarco,One Wayne G,,INDIFFERENT,1:01,61,wZsjq-HxV0g,2024-01-24T15:53:33Z,gh-210
20200101,Mac DeMarco,One Wayne G,,INDIFFERENT,2:29,149,0s8d2miLLfU,2024-01-24T15:51:04Z,gh-210
Edmonton,Mac DeMarco,Five Easy Hot Dogs,False,INDIFFERENT,2:24,144,GTQKjyFHt1I,2024-01-24T15:48:40Z,gh-210
20210815,Mac DeMarco,One Wayne G,,INDIFFERENT,2:30,150,oXtEryFimn8,2024-01-24T15:46:10Z,gh-210
20221217,Mac DeMarco,One Wayne G,,LIKE,4:06,246,TbA5cKAuFmg,2024-01-24T15:42:04Z,gh-210
20200323 2,Mac DeMarco,One Wayne G,,INDIFFERENT,1:32,92,ggeV5rZOzb8,2024-01-24T15:40:32Z,gh-210
20190127,Mac DeMarco,One Wayne G,,INDIFFERENT,3:22,202,qLYV0XpqdgU,2024-01-24T15:37:10Z,gh-210
20201110 2,Mac DeMarco,One Wayne G,,INDIFFERENT,2:38,158,js7gt8kuxwE,2024-01-24T15:34:32Z,gh-210
20221125,Mac DeMarco,One Wayne G,,INDIFFERENT,2:29,149,T-nDJANbnaI,2024-01-24T15:32:03Z,gh-210
20200811,Mac DeMarco,One Wayne G,,INDIFFERENT,1:23,83,A-G8HUghOiU,2024-01-24T15:30:40Z,gh-210
20230102,Mac DeMarco,One Wayne G,,INDIFFERENT,2:27,147,inaUPCBRF6M,2024-01-24T15:28:13Z,gh-210
Little Pepper,Mac DeMarco,Some Other Ones,False,INDIFFERENT,2:40,160,JmDh6g2J4WY,2024-01-24T15:26:42Z,gh-209
20180512,Mac DeMarco,One Wayne G,,INDIFFERENT,4:08,248,loQolUfkyvo,2024-01-24T15:22:34Z,gh-209
The Road to Brancrug,Mickymar Productions Ltd,Book of Hours (Original Game Soundtrack),False,INDIFFERENT,3:13,193,Q514zHH7Y5w,2024-01-24T15:19:21Z,gh-209
Garment of Destiny,Lightbath,"Selected Public Works, Vol. 4",False,INDIFFERENT,6:33,393,h6b_foD7GXA,2024-01-24T15:12:48Z,gh-209
Harmonic Symmetry,"1.3M views, Richard Devine",,,INDIFFERENT,5:05,305,o791hgNvGIg,2024-01-24T15:07:43Z,gh-209
Tangerine Portal,Lightbath,"Selected Public Works, Vol. 4",False,INDIFFERENT,5:19,319,5cKAWMWH8bo,2024-01-24T15:02:24Z,gh-209
SpaceWave,"Analog Machine, Remixsample",Analog Machine Presents - Remixsample,False,INDIFFERENT,9:07,547,DaTQwl3vNVc,2024-01-24T14:53:17Z,gh-209
Bloom,Jogging House,I Was a Teenage Exocolonist (Original Soundtrack),False,INDIFFERENT,10:18,618,A_VXQM_zMWs,2024-01-24T14:42:59Z,gh-209
Love on a Real Train,State Azure,Dreams,False,INDIFFERENT,8:26,506,FIY5aCDvdNM,2024-01-24T14:34:33Z,gh-209
"Glowing Dawn, Across the River",R Beny,Eistla,False,INDIFFERENT,7:59,479,5pv7QMPz9k4,2024-01-24T14:26:34Z,gh-209
Holding a Feather,Lightbath,"Selected Public Works, Vol. 3",False,INDIFFERENT,8:24,504,ObmAWghNqxo,2024-01-24T14:18:10Z,gh-209
The Curve of Time,Lightbath,"Selected Public Works, Vol. 4",False,INDIFFERENT,5:00,300,Ko8LNyZDRp0,2024-01-24T14:13:10Z,gh-209
Cathedral Rock,Lightbath,"Selected Public Works, Vol. 4",False,INDIFFERENT,5:16,316,_NCFNTTkN6E,2024-01-24T14:07:54Z,gh-209
Returning,Lightbath,"Selected Public Works, Vol. 4",False,INDIFFERENT,4:18,258,NN9bJq3qyz8,2024-01-24T14:03:36Z,gh-209
Cathartic Pressure Waves (feat. Amulets),Lightbath,"Selected Public Works, Vol. 4",False,INDIFFERENT,7:07,427,TT-6tWTO86U,2024-01-24T13:56:29Z,gh-209
Garment of Destiny (Reprise),Lightbath,"Selected Public Works, Vol. 4",False,INDIFFERENT,9:49,589,GutfRlSyqBQ,2024-01-24T13:46:40Z,gh-209
When I Step Off That Beautiful Shore,Paul Williams,Hard Working Pilgrim,False,INDIFFERENT,4:22,262,ELVdxg-qiWo,2024-01-24T09:23:10Z,gh-207
I Went Down A Beggar But I Came Up A Millionaire,"Paul Williams, The Victory Trio",What A Journey,False,INDIFFERENT,3:53,233,XnNjlYPQchI,2024-01-24T09:19:17Z,gh-207
They Are Marching Down On High Street,Ye Banished Privateers,Hostis Humani Generis,False,INDIFFERENT,3:45,225,BsKB8MW-Nnk,2024-01-24T09:15:32Z,gh-207
My Main Trial Is Yet to Come,The Stanley Brothers,For The Good People,,INDIFFERENT,3:04,184,LKKqv-vL8hQ,2024-01-24T09:12:28Z,gh-207
Pass Me Not,The Stanley Brothers,For The Good People,,INDIFFERENT,2:38,158,n03a8o3yvSk,2024-01-24T09:09:50Z,gh-207
Purple Robe,The Stanley Brothers,For The Good People,,INDIFFERENT,2:40,160,IudfcWI0OI0,2024-01-24T09:07:10Z,gh-207
Mother Left Me Her Bible,The Stanley Brothers,For The Good People,,INDIFFERENT,2:24,144,PsBX9Z2SqGs,2024-01-24T09:04:46Z,gh-207
From the Manger to the Cross,The Stanley Brothers,For The Good People,,INDIFFERENT,2:21,141,DonpjLHdd2o,2024-01-24T09:02:25Z,gh-207
Jacob's Vision,The Stanley Brothers,For The Good People,,INDIFFERENT,2:15,135,pdejuC8_V24,2024-01-24T09:00:10Z,gh-207
Lonely Tombs,The Stanley Brothers,For The Good People,,INDIFFERENT,2:59,179,sx7kc3ra7BE,2024-01-24T08:57:11Z,gh-207
Over In the Glory Land,The Stanley Brothers,For The Good People,,INDIFFERENT,2:31,151,foh6RWoQubI,2024-01-24T08:54:40Z,gh-207
I'll Not Be a Stranger,The Stanley Brothers,For The Good People,,INDIFFERENT,3:07,187,pLtBGF9Mg_c,2024-01-24T08:51:33Z,gh-207
Four Books In the Bible,The Stanley Brothers,For The Good People,,INDIFFERENT,2:20,140,EpBGJZOQuGA,2024-01-24T08:49:13Z,gh-207
Jordan,The Stanley Brothers,For The Good People,,INDIFFERENT,2:03,123,yw2aVVwgP4A,2024-01-24T08:47:10Z,gh-207
When Jesus Beckons Me Home,The Stanley Brothers,For The Good People,,INDIFFERENT,2:08,128,HT-q5TgmwGE,2024-01-24T08:45:02Z,gh-207
One Of These Mornings,New Ground,Not In A Million Years,False,INDIFFERENT,2:32,152,MnFmAEIz4Xs,2024-01-24T08:42:30Z,gh-207
You'd Better Run,Jordanaires,Jordanaires,False,INDIFFERENT,2:19,139,rEUJgN7rnRE,2024-01-24T08:40:11Z,gh-207
Working On a Building,Jordanaires,Jordanaires,False,INDIFFERENT,1:56,116,7Jmc33ua3MU,2024-01-24T08:38:15Z,gh-207
Walk In Jerusalem,Jordanaires,Jordanaires,False,INDIFFERENT,2:25,145,MQQYktoYi3k,2024-01-24T08:35:50Z,gh-207
Dip Your Fingers In Some Water,Jordanaires,Jordanaires,False,INDIFFERENT,2:06,126,kk1iQkKuBzI,2024-01-24T08:33:44Z,gh-207
Dig a Little Deeper,Jordanaires,Jordanaires,False,INDIFFERENT,1:46,106,vTSjV6iWgxQ,2024-01-24T08:31:58Z,gh-207
One of These Mornings,Jordanaires,Jordanaires,False,INDIFFERENT,2:00,120,-iPzia91eYQ,2024-01-24T08:29:58Z,gh-207
One of These Mornings,Ernie Haase & Signature Sound,Happy People,False,INDIFFERENT,2:10,130,dIEEWMmhSDs,2024-01-24T08:27:48Z,gh-207
Jesus Hits Like The Atom Bomb,Pilgrim Travelers,Best Of The Pilgrim Travelers,False,INDIFFERENT,2:26,146,qva1afSKv3I,2024-01-24T08:25:22Z,gh-207
Stand Up And Testify,The Swan Silvertones,Golden Gospel Classics: The Swan Silvertones,False,INDIFFERENT,2:34,154,q9NX8imfVzs,2024-01-24T08:22:48Z,gh-207
Breaking Bad - Season 3 - Chuy Flores - Veneno,"3.1M views, Crystal Blue",,,INDIFFERENT,2:43,163,YhderDfBtRA,2024-01-24T08:20:05Z,gh-207
Did You Stop to Pray This Morning,Pilgrim Travelers,This Little Light,False,INDIFFERENT,2:51,171,EvlWUD3B5p8,2024-01-24T08:17:14Z,gh-207
How I Got Over (Live),Mahalia Jackson,The Best Of Mahalia Jackson,False,INDIFFERENT,6:41,401,v_v7Myv0K8M,2024-01-24T08:10:33Z,gh-207
Feed Me Jesus,The Swan Silvertones,Saviour Pass Me Not,False,INDIFFERENT,2:42,162,Bia9BsaB35k,2024-01-24T08:07:51Z,gh-207
Milky White Way,The Trumpeteers,"Rare Country Classics, Vol.9",False,INDIFFERENT,2:46,166,-foS70Zg-lc,2024-01-24T06:30:34Z,gh-206
Where Shall I Go,The Trumpeteers,Gospel Music,False,INDIFFERENT,2:48,168,7RyVylvi7mQ,2024-01-24T06:27:46Z,gh-206
Can't Sit Down,Sister Rosetta Tharpe,Sing Sister Sing,False,INDIFFERENT,1:48,108,vEyhOvmQI78,2024-01-24T06:25:58Z,gh-206
When The Saints Go Marching In (Negro-Spiritual),"The Golden Gate Quartet & Clyde Riddick, Clyde Wright, J. Caleb Ginyard, Orlando Wilson","""Serie All Stars Music"" Nº 039 Exclusive Remastered From Original Vinyl First Edition (Vintage Lps) ""Negro - Spirituals"" ""Gospel""",False,INDIFFERENT,2:42,162,GL7Cg1VRzxc,2024-01-24T06:23:16Z,gh-206
Jada (feat. Sidney BEchet & Mezz Merrow),Tommy Ladnier,Black Horns - Rare Cuts Well Done Vol 10,False,INDIFFERENT,2:56,176,iYJyHSAWLyM,2024-01-24T06:20:20Z,gh-206
September In The Rain,Dinah Washington,September In The Rain,False,INDIFFERENT,2:10,130,bzLwGA3e3ME,2024-01-24T06:18:10Z,gh-206
If You Build a Better Mousetrap,Peggy Lee,The Complete Recordings 1941-1947,False,INDIFFERENT,3:03,183,VhhCDk0QWzY,2024-01-24T06:15:07Z,gh-206
Swing Down Chariot (Negro-Spiritual),"The Golden Gate Quartet & Clyde Riddick, Clyde Wright, J. Caleb Ginyard, Orlando Wilson","""Serie All Stars Music"" Nº 039 Exclusive Remastered From Original Vinyl First Edition (Vintage Lps) ""Negro - Spirituals"" ""Gospel""",False,INDIFFERENT,3:03,183,o_xSoE6HIMs,2024-01-24T06:12:04Z,gh-206
My God Is Real,Mahalia Jackson,Gospel Music,False,INDIFFERENT,3:38,218,UmVyYXcvZoo,2024-01-24T06:08:26Z,gh-206
Go Where I Send Thee,The Golden Gate Jubilee Quartet,Gospel Music,True,LIKE,2:19,139,yz9kzV0_whE,2024-01-24T06:06:07Z,gh-206
Just a Simple Melody,"Ella Fitzgerald, The Chick Webb Orchestra",Sing Me a Swing Song,False,INDIFFERENT,3:00,180,mxfq2ReqdD8,2024-01-24T06:03:07Z,gh-206
Frenzy,Jay Hawkins,Screamin' Jay Hawkins,False,INDIFFERENT,2:11,131,2dR__1tliO4,2024-01-24T06:00:56Z,gh-206
God Almighty's Gonna Cut You Down (Negro-Spiritual),"The Golden Gate Quartet & Clyde Riddick, Clyde Wright, J. Caleb Ginyard, Orlando Wilson","""Serie All Stars Music"" Nº 039 Exclusive Remastered From Original Vinyl First Edition (Vintage Lps) ""Negro - Spirituals"" ""Gospel""",False,INDIFFERENT,2:30,150,23qpzaAHBnY,2024-01-24T05:58:26Z,gh-206
I Ain't Got No Heart,The Mothers Of Invention,Freak Out!,False,INDIFFERENT,2:36,156,Sb8mk9feIQk,2024-01-24T05:55:50Z,gh-206
It's Only A Paper Moon,"Ella Fitzgerald, The Delta Rhythm Boys",Ella: The Legendary Decca Recordings,False,INDIFFERENT,2:37,157,lKoKy0oPfvg,2024-01-24T05:53:13Z,gh-206
Steel Guitar Rag,Bob Wills and His Texas Playboys,The Essential Bob Wills & His Texas Playboys,False,INDIFFERENT,2:34,154,ehnxV5SL2Cw,2024-01-24T05:50:39Z,gh-206
Blind Barnabus (Negro-Spiritual),"The Golden Gate Quartet & Clyde Riddick, Clyde Wright, J. Caleb Ginyard, Orlando Wilson","""Serie All Stars Music"" Nº 039 Exclusive Remastered From Original Vinyl First Edition (Vintage Lps) ""Negro - Spirituals"" ""Gospel""",False,INDIFFERENT,2:07,127,wG0uIRJvEho,2024-01-24T05:48:32Z,gh-206
All That Meat & No Potatoes,Fats Waller,Fats Waller: Very Best of Fats Waller,False,INDIFFERENT,2:48,168,VaJRg-RZ8Vo,2024-01-24T05:45:44Z,gh-206
Ezekiel Saw De Wheel (feat. Sy Oliver Choir & The All Stars),Louis Armstrong,Louis And The Good Book (Expanded Edition),False,INDIFFERENT,2:34,154,sDJwQqAiH2o,2024-01-24T05:43:10Z,gh-206
Lover Come Back to Me,Mildred Bailey,Lady Sings the Blues,False,INDIFFERENT,3:06,186,tyzU60ahH7o,2024-01-24T05:40:04Z,gh-206
No Matter How You Pray,Mahalia Jackson,The Original Apollo Sessions,False,INDIFFERENT,1:53,113,46Uo1VpHbgw,2024-01-24T05:38:11Z,gh-206
"Long, Lean & Lanky",Jubalaires,Gospel Classics,,INDIFFERENT,1:51,111,wObwpkuiDMA,2024-01-24T05:36:20Z,gh-206
St. Louis Blues,Jubalaires,Gospel Classics,,INDIFFERENT,2:16,136,THQEuGve4p8,2024-01-24T05:34:04Z,gh-206
My Father's Rich,Jubalaires,Gospel Classics,,INDIFFERENT,3:34,214,x2CwRsBQqME,2024-01-24T05:30:30Z,gh-206
Casey Jones,Jubalaires,Gospel Classics,,INDIFFERENT,2:04,124,kWImZ_Kh8Ts,2024-01-24T05:28:26Z,gh-206
Rockin' Chair,Jubalaires,Gospel Classics,,INDIFFERENT,2:46,166,rJ1gzPsvHFQ,2024-01-24T05:25:40Z,gh-206
I Declare This World Is In A Bad Condition,Jubalaires,Gospel Classics,,INDIFFERENT,2:07,127,OhOVDXqnoyk,2024-01-24T05:23:33Z,gh-206
Sampson And Delilah,Jubalaires,Gospel Classics,,INDIFFERENT,2:09,129,3ZNIxlAlEC4,2024-01-24T05:21:24Z,gh-206
John Saw The Number,Jubalaires,Gospel Classics,,INDIFFERENT,1:59,119,XmcNSAkf3IM,2024-01-24T05:19:25Z,gh-206
Alphabets Of The Bible (John The Revelator),Jubalaires,Gospel Classics,,INDIFFERENT,2:10,130,tPnkf90tvHU,2024-01-24T05:17:15Z,gh-206
Handwriting On The Wall,Jubalaires,Gospel Classics,,INDIFFERENT,1:47,107,u0_pwW_W2P4,2024-01-24T05:15:28Z,gh-206
What Did Jesus Say,Jubalaires,Gospel Classics,,INDIFFERENT,2:56,176,cvV6tBTl1iE,2024-01-24T05:12:32Z,gh-206
You Better Run,Jubalaires,Gospel Classics,,INDIFFERENT,2:11,131,2UFXai38uoA,2024-01-24T05:10:21Z,gh-206
Old Lamb,Jubalaires,Gospel Classics,,INDIFFERENT,2:10,130,Zcdhppg1oTU,2024-01-24T05:08:11Z,gh-206
When The Midnight Choo Choo Leaves For Alabama,Jubalaires,Gospel Classics,,INDIFFERENT,2:09,129,N8Me9HR-EWQ,2024-01-24T05:06:02Z,gh-206
Dese Bones Gwine Rise Again,Jubalaires,Gospel Classics,,INDIFFERENT,2:18,138,7-s9cKrGnr8,2024-01-24T05:03:44Z,gh-206
Swing Down Chariot,Jubalaires,Gospel Classics,,INDIFFERENT,1:51,111,WcMbetZetuQ,2024-01-24T05:01:53Z,gh-206
Jube's Blues,Jubalaires,Gospel Classics,,INDIFFERENT,2:24,144,APEWkYoegJY,2024-01-24T04:59:29Z,gh-206
"He Understands, He'll Say ""Well Done""",Jubalaires,Gospel Classics,,INDIFFERENT,3:06,186,vcQMHrJ5ieU,2024-01-24T04:56:23Z,gh-206
My Trouble Is Hard,Jubalaires,Gospel Classics,,INDIFFERENT,2:05,125,7hGj-Xi6A5g,2024-01-24T04:54:18Z,gh-206
When The Moon Goes Down,Jubalaires,Gospel Classics,,INDIFFERENT,1:55,115,LyTJiLuJxoI,2024-01-24T04:52:23Z,gh-206
Live A-Humble,Jubalaires,Gospel Classics,,INDIFFERENT,2:35,155,hV3p7pu1htk,2024-01-24T04:49:48Z,gh-206
The Preacher And The Bear,Jubalaires,Gospel Classics,,INDIFFERENT,2:49,169,QeZyZOG2rjs,2024-01-24T04:46:59Z,gh-206
Ezekiel,Jubalaires,Gospel Classics,,LIKE,2:19,139,9VwZOKew7bQ,2024-01-24T04:44:40Z,gh-206
Moses Smote The Water,Jubalaires,Gospel Classics,,INDIFFERENT,1:16,76,gP1nHsFVp80,2024-01-24T04:43:24Z,gh-206
Across The Alley From The Alamo,The Mills Brothers,Mills Brothers - From The Archives (Digitally Remastered),False,INDIFFERENT,2:12,132,HtMME5lNWd4,2024-01-24T04:41:12Z,gh-206
"Jump Down, Spin Around",Harry Belafonte,Belafonte,False,INDIFFERENT,2:00,120,ndrkqoCInLM,2024-01-24T04:39:12Z,gh-206
Alabamy Bound,Ray Charles,Ray Charles - Georgia On My Mind,False,INDIFFERENT,1:54,114,87d3uwhaU7s,2024-01-24T04:37:18Z,gh-206
Shadrack (Negro-Spiritual),"The Golden Gate Quartet & Clyde Riddick, Clyde Wright, J. Caleb Ginyard, Orlando Wilson","""Serie All Stars Music"" Nº 039 Exclusive Remastered From Original Vinyl First Edition (Vintage Lps) ""Negro - Spirituals"" ""Gospel""",False,INDIFFERENT,2:19,139,IKRGCtEogTo,2024-01-24T04:34:59Z,gh-206
Daniel Saw The Stone (Negro-Spiritual),"The Golden Gate Quartet & Clyde Riddick, Clyde Wright, J. Caleb Ginyard, Orlando Wilson","""Serie All Stars Music"" Nº 039 Exclusive Remastered From Original Vinyl First Edition (Vintage Lps) ""Negro - Spirituals"" ""Gospel""",True,LIKE,2:21,141,UdN9B7UVkYs,2024-01-24T04:32:38Z,gh-206
Help Yourself,The Devil Makes Three,Do Wrong Right,,INDIFFERENT,3:58,238,qAqel1hDewQ,2024-01-24T04:28:40Z,gh-206
Do Right Woman,Chuck Darwin and The Knuckledraggers,Three Car Pileup,,INDIFFERENT,3:29,209,EO7Q5fB9NoU,2024-01-24T04:25:11Z,gh-206
Drinkin' Whiskey Tonight,Pokey LaFarge,Middle of Everywhere,,LIKE,2:53,173,GWqjF81M5h4,2024-01-24T04:22:18Z,gh-206
Wrestle a Live Nude Girl,Leo Sidran,Cool School (The Music of Michael Franks),True,LIKE,4:44,284,vr996jU1Kpg,2024-01-24T04:17:34Z,gh-206
Poison Trees,The Devil Makes Three,Do Wrong Right,,INDIFFERENT,3:58,238,uia5vCOAk2Y,2024-01-24T04:13:36Z,gh-206
Blue Boy,Mac DeMarco,Salad Days,False,INDIFFERENT,2:07,127,GXuIWm12S24,2024-01-24T03:25:17Z,gh-205
For the First Time,Mac DeMarco,This Old Dog,False,INDIFFERENT,3:03,183,cZCm_i6YvAk,2024-01-24T03:22:14Z,gh-205
One More Love Song,Mac DeMarco,This Old Dog,False,INDIFFERENT,4:02,242,eMztEjtPm4o,2024-01-24T03:18:12Z,gh-205
Chamber Of Reflection,Mac DeMarco,Salad Days,False,INDIFFERENT,3:52,232,pQsF3pzOc54,2024-01-24T03:14:20Z,gh-205
On the Level,Mac DeMarco,This Old Dog,False,INDIFFERENT,3:48,228,WOV3c0t-Mwk,2024-01-24T03:10:32Z,gh-205
Heart To Heart,Mac DeMarco,Here Comes The Cowboy,False,INDIFFERENT,3:32,212,qBoQzo98EpQ,2024-01-24T03:07:00Z,gh-205
My Kind of Woman,Mac DeMarco,2,False,INDIFFERENT,3:10,190,1_tjOgqG8Yc,2024-01-24T03:03:50Z,gh-205
Train 45 (Instrumental),"Mark Howard, Sam Bush, Stuart Duncan",Lonesome Whistle,False,INDIFFERENT,2:12,132,7wz1-sWf_Qc,2024-01-24T01:35:31Z,gh-204
Wayside (Back In Time),Chris Thile,How To Grow A Woman From The Ground,,INDIFFERENT,2:46,166,IgDjznzUObg,2024-01-24T01:32:45Z,gh-204
Clarinet Polka,Béla Fleck,"The Bluegrass Sessions: Tales From The Acoustic Planet, Vol. 2",False,INDIFFERENT,1:33,93,WP0gBN89jyY,2024-01-24T01:31:12Z,gh-204
Railroad Bill,Crooked Still,Shaken By A Low Sound,,LIKE,2:19,139,S9k2cUH6g7o,2024-01-24T01:28:53Z,gh-204
Arachnid Stomp,"David Grisman, Sam Bush","Hold On, We're Strummin'",,INDIFFERENT,1:34,94,Tv8X1pSZJJ8,2024-01-24T01:27:19Z,gh-204
Policeman,Foghorn Stringband,Rattlesnake Tidal Wave,,LIKE,3:17,197,1b7dQ2DLc_M,2024-01-24T01:24:02Z,gh-204
Reeb Willms performs Last of My Kind in Frank Lloyd Wright's Millard House,"89K views, Stephen Schauer",,,INDIFFERENT,3:15,195,okqyQpYRKbk,2024-01-24T01:20:47Z,gh-204
Brakeman's Blues,Chris Thile,How To Grow A Woman From The Ground,,INDIFFERENT,3:43,223,U-V5J67e-FQ,2024-01-24T01:17:04Z,gh-204
Hearts In A Cage (4hero Remix),Natalie Duncan,Hearts In A Cage (4hero Remix),False,INDIFFERENT,4:36,276,OIMUYURChuU,2024-01-23T21:22:47Z,gh-203
Haunted House,After School Surf Club,Haunted House,False,INDIFFERENT,3:07,187,SFFrjTyPZyc,2024-01-23T21:19:40Z,gh-203
Sunday Driver,The Limp Twins,Tales from Beyond the Groove,False,INDIFFERENT,3:30,210,Ia415MKyTsk,2024-01-23T21:16:10Z,gh-203
Prince Vince (feat. Julia Minkin),Kid Francescoli,With Julia,False,INDIFFERENT,2:32,152,_4eBtdLztTE,2024-01-23T21:13:38Z,gh-203
3 Bandits,Bumcello,Nude for Love,False,INDIFFERENT,2:54,174,OVM2jKcqfGU,2024-01-23T21:10:44Z,gh-203
Make the Road By Walking,Menahan Street Band,Make the Road By Walking,False,INDIFFERENT,3:04,184,iV93hXBZinw,2024-01-23T21:07:40Z,gh-203
Damn,Nightmares on Wax,In A Space Outta Sound,False,INDIFFERENT,7:39,459,ekPt4VlzORU,2024-01-23T21:00:01Z,gh-203
onceortwice,Oscar Anton,July Pack,False,INDIFFERENT,3:07,187,IVgPIPf3NwI,2024-01-23T20:56:54Z,gh-203
"Source (Makaya McCraven Remix) (feat. Ms MAURICE, Cassie Kinoshi & Richie Seivwright)",Nubya Garcia,Source (Makaya McCraven Remix),False,INDIFFERENT,5:36,336,PXSA0nWblJw,2024-01-23T20:51:18Z,gh-203
Father,The Quantic Soul Orchestra,Tropidélico,False,LIKE,2:23,143,pqtUZYhvIBY,2024-01-23T20:48:55Z,gh-203
Footprints,Ezra Collective,Footprints,False,INDIFFERENT,6:22,382,nSXNYCHuCM0,2024-01-23T20:42:33Z,gh-203
Love Language,Zinadelphia,Love Language,False,INDIFFERENT,3:29,209,9ILP-z64vpE,2024-01-23T20:39:04Z,gh-203
Wobble Jazz (Vitamin D Re-Edit),KSOZE,Bust Free 9,False,INDIFFERENT,6:02,362,g1WJlsO44Gw,2024-01-23T20:33:02Z,gh-203
Pony,Deluxe,Polishing Peanuts EP,False,INDIFFERENT,3:29,209,BcKAZCMF3jE,2024-01-23T20:29:33Z,gh-203
Show Me Love (feat. Jimi Bellmartin),The Soul Snatchers,Scratch My Itch,False,INDIFFERENT,2:48,168,y0QcuIdso0A,2024-01-23T20:26:45Z,gh-203
Finally Moving,Pretty Lights,Taking up Your Precious Time,False,INDIFFERENT,4:38,278,rSW-L4kXun8,2024-01-23T20:22:07Z,gh-203
Don't Let Go,Pacha Massive,All Good Things,False,INDIFFERENT,3:32,212,J0hA6RPJCQY,2024-01-23T20:18:35Z,gh-203
Ruby,Ben Mazué,33 ans,False,INDIFFERENT,2:19,139,biTROayyUsY,2024-01-23T20:16:16Z,gh-203
Redwood,Nym,Warm Blooded Lizard,False,INDIFFERENT,2:56,176,4XDsa0ThKvM,2024-01-23T20:13:20Z,gh-203
Disko Dansen,Dafuniks,Searching,False,INDIFFERENT,2:11,131,nUpwSCG1JNY,2024-01-23T20:11:09Z,gh-203
So Easy,Röyksopp,Melody A.M.,False,INDIFFERENT,4:10,250,5Mcj_YtQhbQ,2024-01-23T20:06:59Z,gh-203
Bande De Dégénérés,Kognitif,Monometric,False,INDIFFERENT,3:00,180,dpeoGuj6oFU,2024-01-23T20:03:59Z,gh-203
Fiesta,80s Casual,Bust Free 2,False,INDIFFERENT,4:28,268,Fps5NJB_Auo,2024-01-23T19:59:31Z,gh-203
The Gentle Rain (RJD2 Remix),Astrud Gilberto,Verve Remixed 3,False,INDIFFERENT,6:00,360,j8_gAQsbvJ4,2024-01-23T19:53:31Z,gh-203
The Sophisticated Hippie (Easy Mo Bee Remix),Horace Silver,The New Groove: The Blue Note Remix Project Vol. 1,False,INDIFFERENT,6:54,414,bQgoCZ6oqxs,2024-01-23T19:46:37Z,gh-203
I Had a Woman,Wax Tailor,By Any Beats Necessary,False,INDIFFERENT,2:40,160,Pyfzgw6bYHs,2024-01-23T19:43:57Z,gh-203
Fade (KEARL Remix),Takuya Kuroda,Fade,False,INDIFFERENT,5:22,322,1m6fvoZFpqk,2024-01-23T18:26:57Z,gh-202
Lost in Bass,Supervision,Telescopic,False,INDIFFERENT,4:52,292,IKcZdfP5dGY,2024-01-23T18:22:05Z,gh-202
Ghost Train,Gorillaz,G-Sides,False,INDIFFERENT,3:55,235,Bfq4ioHmiHs,2024-01-23T18:18:10Z,gh-202
Close to My Fire (feat. Anna Leyne),Slackwax,Close to My Fire,False,INDIFFERENT,3:58,238,aPbKsjtC5wQ,2024-01-23T18:14:12Z,gh-202
Au revoir,Clara Luciani,Cœur,False,INDIFFERENT,3:07,187,4kbB4g2LUkk,2024-01-23T18:11:05Z,gh-202
It's About Showtime,Scratch Bandits Crew,En petites coupures...,False,INDIFFERENT,2:20,140,isWvZcWVGTk,2024-01-23T18:08:45Z,gh-202
The Garden,Cut Chemist,The Garden (DMD Single),False,INDIFFERENT,6:15,375,h8l0NFmuNO0,2024-01-23T18:02:30Z,gh-202
Mystic Bounce,Madlib,Shades Of Blue: Madlib Invades Blue Note,False,LIKE,3:57,237,W2eAKUX2CEA,2024-01-23T17:58:33Z,gh-202
Post Houmous,Morcheeba,Who Can You Trust? / Beats & B-Sides,False,INDIFFERENT,1:50,110,6FZ4LtPAZ6Y,2024-01-23T17:56:43Z,gh-202
Raid the Radio,General Elektriks,Good City for Dreamers (Deluxe Edition),False,INDIFFERENT,3:49,229,8APLr6QR82s,2024-01-23T17:52:54Z,gh-202
Lansana's Priestess (Remix),DJ Spinna,Blue Note Revisited,False,INDIFFERENT,6:04,364,66179hPmCSU,2024-01-23T17:46:50Z,gh-202
Bass and Time,Ancient Astronauts,Into Bass and Time,False,INDIFFERENT,1:51,111,nFn7LVmdzPI,2024-01-23T17:44:59Z,gh-202
Stay Loose (Lyrics Born Remix),Jimmy Smith,Verve Remixed 3,False,INDIFFERENT,3:19,199,QcdOYOjkA78,2024-01-23T17:41:40Z,gh-202
Angel Eyes (Layo & Bushwacka Remix),"Ella Fitzgerald, Layo & Bushwacka",Verve Remixed 2,,INDIFFERENT,5:35,335,gQvjU2vEIe4,2024-01-23T17:36:05Z,gh-202
Lilac Wine (The Album Leaf Remix),Nina Simone,Verve Remixed 3,False,INDIFFERENT,5:46,346,umaOThxeVnA,2024-01-23T17:30:19Z,gh-202
Sinnerman (Felix Da Housecat's Heavenly House Mix),"Felix Da Housecat, Nina Simone",Verve Remixed 2,,INDIFFERENT,4:36,276,zh970Ofz86o,2024-01-23T17:25:43Z,gh-202
Manteca (Funky Lowlives Remix),Dizzy Gillespie & Funky Lowlives,Verve Remixed 2,,LIKE,6:54,414,-1azowNkI_I,2024-01-23T17:18:49Z,gh-202
Enjoy the Silence,Moriarty,Gee Whiz But This Is a Lonesome Town (Deluxe Edition),False,INDIFFERENT,2:04,124,NavW8AeXgQY,2024-01-23T17:16:45Z,gh-202
Ghostwriter,RJD2,Deadringer: Deluxe,False,INDIFFERENT,5:17,317,hY08FkhpPjk,2024-01-23T17:11:28Z,gh-202
Montara (Remix),Bobby Hutcherson,The New Groove: The Blue Note Remix Project Vol. 1,False,INDIFFERENT,4:54,294,S3oUTPDj38k,2024-01-23T17:06:34Z,gh-202
Beautiful You,Bumcello,Get Me (Live),False,INDIFFERENT,2:11,131,YKFOpLy6lLM,2024-01-23T17:04:23Z,gh-202
Little Lady,General Elektriks,Good City for Dreamers (Deluxe Edition),False,INDIFFERENT,4:59,299,fCTEowfGb5s,2024-01-23T16:59:24Z,gh-202
Little Lady (feat. Mikill Pane),Ed Sheeran,No.5 Collaborations Project,False,INDIFFERENT,5:29,329,F2crCkHk6y8,2024-01-23T16:53:55Z,gh-202
Surreality,STS9,The Brown Album,,INDIFFERENT,8:26,506,ydYm7xYLqlg,2024-01-23T16:37:05Z,gh-201
Frequencies Peace 3,STS9,The Brown Album,,INDIFFERENT,7:07,427,dXiVanM9qmk,2024-01-23T16:29:58Z,gh-201
Frequencies Peace 2,STS9,The Brown Album,,INDIFFERENT,1:56,116,QyA_pqotLlU,2024-01-23T16:28:02Z,gh-201
Frequencies Peace 1,STS9,The Brown Album,,INDIFFERENT,6:04,364,fvEZzBSLJOQ,2024-01-23T16:21:58Z,gh-201
Kamuy,STS9,The Brown Album,,INDIFFERENT,2:15,135,9vM3kQceJT8,2024-01-23T16:19:43Z,gh-201
T.W.E.L.V.E.,STS9,The Brown Album,,INDIFFERENT,15:28,928,skPdnjagUYE,2024-01-23T16:04:15Z,gh-201
Tap-In,STS9,The Brown Album,,INDIFFERENT,7:59,479,DQkBMzvfjO0,2024-01-23T15:56:16Z,gh-201
Blue Ridge Mountains,Fleet Foxes,Fleet Foxes,False,INDIFFERENT,4:25,265,d370CKlg-wk,2024-01-23T15:51:51Z,gh-201
"Holland, 1945",Neutral Milk Hotel,In the Aeroplane Over the Sea,False,INDIFFERENT,3:12,192,3eNK38nmzw4,2024-01-23T15:48:39Z,gh-201
In the Aeroplane Over the Sea,Neutral Milk Hotel,In the Aeroplane Over the Sea,False,INDIFFERENT,3:22,202,1FeD16vu_qQ,2024-01-23T15:45:17Z,gh-201
Norton Commander (Garage Session),Men I Trust,Forever Live Sessions,True,LIKE,3:06,186,x9--Vl_LT0I,2024-01-23T14:59:25Z,gh-199
20211121,Mac DeMarco,One Wayne G,,INDIFFERENT,2:34,154,cNAw4fqLRbM,2024-01-23T14:56:51Z,gh-199
Simply Paradise,"Mac DeMarco, Ryan Paris",Simply Paradise,False,INDIFFERENT,2:36,156,xUFYeSp2ht0,2024-01-23T14:54:15Z,gh-199
Muppet Songs: Peter Sellers - Cigarettes & Whiskey,"91K views, Muppet Songs",,,INDIFFERENT,3:09,189,72mOCLzG9T4,2024-01-23T14:51:06Z,gh-199
"Movin' Right Along (From ""The Muppet Movie""/Soundtrack Version)",Fozzie & Kermit,The Muppet Movie (Original Motion Picture Soundtrack),True,LIKE,2:58,178,3mOppRT9S60,2024-01-23T14:48:08Z,gh-199
The Muppet Show Theme,Marcel Saurer,Cinemagic 9,True,LIKE,2:47,167,frLLDNjelLs,2024-01-23T14:45:21Z,gh-199
The Muppet Show Theme arranged by Paul Murtha,"106K views, Hal Leonard Concert Band",,,INDIFFERENT,1:18,78,QiQ7b11SCd0,2024-01-23T14:44:03Z,gh-199
The Tunnel and the Clearing,Colleen,The Tunnel and the Clearing,,INDIFFERENT,6:10,370,JwEPwNNGIwA,2024-01-23T14:37:53Z,gh-199
Locate,Kaitlyn Aurelia Smith,Let's Turn It Into Sound,False,INDIFFERENT,3:19,199,TXFa-cccmCE,2024-01-23T14:34:34Z,gh-199
Green To You,"Emile Mosseri, Kaitlyn Aurelia Smith",Green To You,False,INDIFFERENT,3:26,206,fTP0n7eJOxA,2024-01-23T14:31:08Z,gh-199
Retrograde (Bonus Track),"Kaitlyn Aurelia Smith, Suzanne Ciani",FRKWYS Vol. 13 - Sunergy (Expanded),,INDIFFERENT,18:21,1101,d7q0elQgeDA,2024-01-23T14:12:47Z,gh-199
Closed Circuit,"Kaitlyn Aurelia Smith, Suzanne Ciani",FRKWYS Vol. 13 - Sunergy (Expanded),,INDIFFERENT,12:29,749,ZOtbCTH0NkA,2024-01-23T14:00:18Z,gh-199
A New Day,"Kaitlyn Aurelia Smith, Suzanne Ciani",FRKWYS Vol. 13 - Sunergy (Expanded),,INDIFFERENT,23:09,1389,XJo1FmplJQQ,2024-01-23T13:37:09Z,gh-199
Raum (Single Edit),Tangerine Dream,Raum (Single Edit),False,INDIFFERENT,7:23,443,1gxYWZ8Nc4A,2024-01-23T13:29:46Z,gh-199
Bright-eyed Hunger (Kaitlyn Aurelia Smith Remix),Theo Alexander,Bright-eyed Hunger (Kaitlyn Aurelia Smith Remix),False,INDIFFERENT,3:13,193,PBBeUkORqqg,2024-01-23T13:26:33Z,gh-199
Rose Water,Brett Naucke,Rose Water,False,INDIFFERENT,3:55,235,pgzfukggUmg,2024-01-23T12:43:21Z,gh-198
Interstices,Simon McCorry,Interstices,False,INDIFFERENT,9:50,590,FdX26iaJnjo,2024-01-23T12:33:31Z,gh-198
Cero,Isaac Soto,Ilusiones Necesarias,False,INDIFFERENT,6:47,407,D1U1Bk-Mn-4,2024-01-23T12:26:44Z,gh-198
17 Minutos,Isaac Soto,Ilusiones Necesarias,False,INDIFFERENT,4:52,292,sMo1SHE6m8g,2024-01-23T12:21:52Z,gh-198
Corporal,Isaac Soto,Ilusiones Necesarias,False,INDIFFERENT,7:49,469,jxsiYqO4n9s,2024-01-23T12:14:03Z,gh-198
Wrecked Exotic,John Roberts,Wrecked Exotic,False,INDIFFERENT,3:37,217,vxsmzsV86wo,2024-01-23T12:10:26Z,gh-198
Crash,John Roberts,Wrecked Exotic,False,INDIFFERENT,5:08,308,dK6FJWW4rnc,2024-01-23T12:05:18Z,gh-198
Paravents,John Roberts,Wrecked Exotic,False,INDIFFERENT,4:51,291,y7gGeoKXuoI,2024-01-23T12:00:27Z,gh-198
Noise is Preeminently a Private Matter,John Roberts,Wrecked Exotic,False,INDIFFERENT,2:01,121,VUt4zDmUNZE,2024-01-23T11:58:26Z,gh-198
Silver Spur,John Roberts,Wrecked Exotic,False,INDIFFERENT,3:18,198,sPu5UUBx-9c,2024-01-23T11:55:08Z,gh-198
Oblique Driver,John Roberts,Wrecked Exotic,False,INDIFFERENT,1:24,84,Z0S_6Vcsnow,2024-01-23T11:53:44Z,gh-198
Tank,John Roberts,Wrecked Exotic,False,INDIFFERENT,3:22,202,KksBbaH04mw,2024-01-23T11:50:22Z,gh-198
Horse Hair,John Roberts,Wrecked Exotic,False,INDIFFERENT,4:46,286,7w7sTvprTas,2024-01-23T11:45:36Z,gh-198
Above Our Heads,Sam Prekop,Comma,False,INDIFFERENT,2:26,146,_6UoIahXIII,2024-01-23T11:43:10Z,gh-198
Wax Wing,Sam Prekop,Comma,False,INDIFFERENT,4:40,280,oT4jGrKqhes,2024-01-23T11:38:30Z,gh-198
Never Met,Sam Prekop,Comma,False,INDIFFERENT,4:46,286,c78HiOVStWo,2024-01-23T11:33:44Z,gh-198
Circle Line,Sam Prekop,Comma,False,INDIFFERENT,3:21,201,Na5PFoB1mW0,2024-01-23T11:30:23Z,gh-198
Approaching,Sam Prekop,Comma,False,INDIFFERENT,5:58,358,gdoGg-0b5wI,2024-01-23T11:24:25Z,gh-198
The New Last,Sam Prekop,Comma,False,INDIFFERENT,4:06,246,_DL4vSi9zXc,2024-01-23T11:20:19Z,gh-198
September Remember,Sam Prekop,Comma,False,INDIFFERENT,5:10,310,MsXmY1BtGYY,2024-01-23T11:15:09Z,gh-198
Comma,Sam Prekop,Comma,False,INDIFFERENT,2:40,160,NzABaPhkdxo,2024-01-23T11:12:29Z,gh-198
Summer Places,Sam Prekop,Comma,False,INDIFFERENT,3:44,224,gSTGM4bWX84,2024-01-23T11:08:45Z,gh-198
Park Line,Sam Prekop,Comma,False,INDIFFERENT,5:12,312,qyys7XIy7g0,2024-01-23T11:03:33Z,gh-198
Pareidolie (Bonus),JakoJako,Metamorphose,False,INDIFFERENT,7:47,467,Kn9cKgwNeP0,2024-01-23T10:55:46Z,gh-198
Neogenese,JakoJako,Metamorphose,False,INDIFFERENT,5:27,327,fRHFhZA9Tpo,2024-01-23T10:50:19Z,gh-198
Inferenz,JakoJako,Metamorphose,False,INDIFFERENT,7:10,430,_-gJBS0vMEY,2024-01-23T10:43:09Z,gh-198
Transformation,JakoJako,Metamorphose,False,INDIFFERENT,3:11,191,V9u7VbKRQ6o,2024-01-23T09:24:14Z,gh-197
Thalamus,JakoJako,Metamorphose,False,INDIFFERENT,7:39,459,3DkdsVRz6EU,2024-01-23T09:16:35Z,gh-197
Amygdala,JakoJako,Metamorphose,False,INDIFFERENT,5:20,320,_aaHxnq5Wp0,2024-01-23T09:11:15Z,gh-197
Affekt,JakoJako,Metamorphose,False,INDIFFERENT,4:48,288,jWRV2ZBAa3Y,2024-01-23T09:06:27Z,gh-197
Perzeption,JakoJako,Metamorphose,False,INDIFFERENT,6:03,363,0XEZFqUex9g,2024-01-23T09:00:24Z,gh-197
Resonanz,JakoJako,Metamorphose,False,INDIFFERENT,4:03,243,9HJHZPS08I8,2024-01-23T08:56:21Z,gh-197
Objekt,JakoJako,Metamorphose,False,INDIFFERENT,5:03,303,X-chYjwwh5s,2024-01-23T08:51:18Z,gh-197
Objekt,JakoJako,Objekt,False,INDIFFERENT,5:03,303,H4L8aEtGoSA,2024-01-23T08:46:15Z,gh-197
Anus Of Uranus,Klaatu,3:47 EST,True,INDIFFERENT,3:19,199,H1uojJl7_Rw,2024-01-23T08:42:56Z,gh-197
20201125,Mac DeMarco,One Wayne G,,INDIFFERENT,2:53,173,XVoWzqv7E10,2024-01-23T06:30:20Z,gh-196
20201124,Mac DeMarco,One Wayne G,,INDIFFERENT,1:48,108,2Q7IBAfrr8o,2024-01-23T06:28:32Z,gh-196
20201119 2,Mac DeMarco,One Wayne G,,INDIFFERENT,1:20,80,NKvJX0oE9ds,2024-01-23T06:27:12Z,gh-196
20201119,Mac DeMarco,One Wayne G,,INDIFFERENT,1:47,107,dppefln9DR8,2024-01-23T06:25:25Z,gh-196
20201115,Mac DeMarco,One Wayne G,,INDIFFERENT,1:59,119,D30t-fp9af0,2024-01-23T06:23:26Z,gh-196
20201111 2,Mac DeMarco,One Wayne G,,INDIFFERENT,2:09,129,RuIiUDMZtYw,2024-01-23T06:21:17Z,gh-196
20201111,Mac DeMarco,One Wayne G,,INDIFFERENT,2:28,148,TL3R9F6tt4g,2024-01-23T06:18:49Z,gh-196
20201110 2,Mac DeMarco,One Wayne G,,INDIFFERENT,2:38,158,js7gt8kuxwE,2024-01-23T06:16:11Z,gh-196
20201110,Mac DeMarco,One Wayne G,,INDIFFERENT,2:52,172,yG4VfbDNJls,2024-01-23T06:13:19Z,gh-196
20201023 2,Mac DeMarco,One Wayne G,,INDIFFERENT,2:23,143,NH8CeOfIFIU,2024-01-23T06:10:56Z,gh-196
20201023,Mac DeMarco,One Wayne G,,INDIFFERENT,2:37,157,sgQf3ldC9ZM,2024-01-23T06:08:19Z,gh-196
20201022,Mac DeMarco,One Wayne G,,INDIFFERENT,2:35,155,FuHVkCjm53Y,2024-01-23T06:05:44Z,gh-196
20200922,Mac DeMarco,One Wayne G,,INDIFFERENT,1:11,71,_5C2t49T1rY,2024-01-23T06:04:33Z,gh-196
20200823 Inside The Beavers Dam,Mac DeMarco,One Wayne G,,INDIFFERENT,1:21,81,jwU9IS2iNOE,2024-01-23T06:03:12Z,gh-196
20200821 Cowboy Shit,Mac DeMarco,One Wayne G,,INDIFFERENT,3:22,202,AHsaUwMXeQY,2024-01-23T05:59:50Z,gh-196
20200820 Turn My TV On,Mac DeMarco,One Wayne G,,INDIFFERENT,3:01,181,ud-4dKdEb5U,2024-01-23T05:56:49Z,gh-196
20200819 She Get The Gold Star,Mac DeMarco,One Wayne G,,INDIFFERENT,2:42,162,5I-fzLwIXmY,2024-01-23T05:54:07Z,gh-196
20200817 Proud True Toyota,Mac DeMarco,One Wayne G,,INDIFFERENT,2:03,123,qZQZVg4nTfk,2024-01-23T05:52:04Z,gh-196
20200816 She Want The Sandwich,Mac DeMarco,One Wayne G,,INDIFFERENT,1:59,119,utYrEPWLF9U,2024-01-23T05:50:05Z,gh-196
20200813,Mac DeMarco,One Wayne G,,INDIFFERENT,1:30,90,XxU2Zrel4VI,2024-01-23T05:48:35Z,gh-196
20200812,Mac DeMarco,One Wayne G,,INDIFFERENT,2:43,163,mxp4U-vbdmI,2024-01-23T05:45:52Z,gh-196
20200811,Mac DeMarco,One Wayne G,,INDIFFERENT,1:23,83,A-G8HUghOiU,2024-01-23T05:44:29Z,gh-196
20200808,Mac DeMarco,One Wayne G,,INDIFFERENT,2:39,159,-s9GB07ZYmc,2024-01-23T05:41:50Z,gh-196
20200802,Mac DeMarco,One Wayne G,,INDIFFERENT,2:41,161,-dSBBO-JER0,2024-01-23T03:24:27Z,gh-195
20200801,Mac DeMarco,One Wayne G,,INDIFFERENT,2:23,143,yGN_d3AevMY,2024-01-23T03:22:04Z,gh-195
20200402,Mac DeMarco,One Wayne G,,INDIFFERENT,3:09,189,aCEPdXQxPdc,2024-01-23T03:18:55Z,gh-195
20200330,Mac DeMarco,One Wayne G,,INDIFFERENT,2:19,139,n2vVgnmkLq4,2024-01-23T03:16:36Z,gh-195
20200329,Mac DeMarco,One Wayne G,,INDIFFERENT,2:41,161,vkPCJQBD6ZI,2024-01-23T03:13:55Z,gh-195
20200327,Mac DeMarco,One Wayne G,,INDIFFERENT,2:06,126,zI1_4oZ3I84,2024-01-23T03:11:49Z,gh-195
20180512,Mac DeMarco,One Wayne G,,INDIFFERENT,4:08,248,loQolUfkyvo,2024-01-23T03:07:41Z,gh-195
Butter Notes,Nils Frahm,Butter Notes,False,INDIFFERENT,5:22,322,eRYQDaum-jY,2024-01-22T21:21:46Z,gh-193
20200225,Mac DeMarco,One Wayne G,,INDIFFERENT,6:21,381,Cnx559YTZBE,2024-01-22T21:15:25Z,gh-193
20200223,Mac DeMarco,One Wayne G,,INDIFFERENT,3:22,202,qyq8cBnGItQ,2024-01-22T21:12:03Z,gh-193
20200115,Mac DeMarco,One Wayne G,,INDIFFERENT,3:05,185,8_Q7LvBIT6o,2024-01-22T21:08:58Z,gh-193
20200109,Mac DeMarco,One Wayne G,,INDIFFERENT,2:08,128,vbiNFIiWMWA,2024-01-22T21:06:50Z,gh-193
20200108,Mac DeMarco,One Wayne G,,INDIFFERENT,2:35,155,g-J71jqej4Q,2024-01-22T21:04:15Z,gh-193
20200107 2,Mac DeMarco,One Wayne G,,INDIFFERENT,2:42,162,L3S3l2gezpM,2024-01-22T21:01:33Z,gh-193
20200107,Mac DeMarco,One Wayne G,,INDIFFERENT,2:22,142,pSM6NSu_SAI,2024-01-22T20:59:11Z,gh-193
20200101,Mac DeMarco,One Wayne G,,INDIFFERENT,2:29,149,0s8d2miLLfU,2024-01-22T20:56:42Z,gh-193
20191229,Mac DeMarco,One Wayne G,,INDIFFERENT,6:16,376,_7VD_ur8ZJ4,2024-01-22T20:50:26Z,gh-193
20191228,Mac DeMarco,One Wayne G,,INDIFFERENT,1:51,111,RSrBXgeR02s,2024-01-22T20:48:35Z,gh-193
20191227,Mac DeMarco,One Wayne G,,INDIFFERENT,2:09,129,RbjkzXwo20w,2024-01-22T20:46:26Z,gh-193
20191219,Mac DeMarco,One Wayne G,,INDIFFERENT,2:12,132,RrWpti1YqfI,2024-01-22T20:44:14Z,gh-193
20191216,Mac DeMarco,One Wayne G,,INDIFFERENT,2:12,132,bT0xXeCs6pE,2024-01-22T20:42:02Z,gh-193
20191215,Mac DeMarco,One Wayne G,,INDIFFERENT,2:17,137,pxteNeBQ8UI,2024-01-22T20:39:45Z,gh-193
20191202,Mac DeMarco,One Wayne G,,INDIFFERENT,1:01,61,wZsjq-HxV0g,2024-01-22T20:38:44Z,gh-193
20191012 Fooled By Love,Mac DeMarco,One Wayne G,,INDIFFERENT,3:18,198,TPzRHfD2UrA,2024-01-22T20:35:26Z,gh-193
20191011 You Made The Bed,Mac DeMarco,One Wayne G,,INDIFFERENT,2:14,134,_fNh0qgGf3s,2024-01-22T20:33:12Z,gh-193
20191010 No Doubt About It,Mac DeMarco,One Wayne G,,INDIFFERENT,3:03,183,MyteoKsvvOU,2024-01-22T20:30:09Z,gh-193
20191009 I Like Her,Mac DeMarco,One Wayne G,,INDIFFERENT,2:17,137,r4ThHPMhmXQ,2024-01-22T20:27:52Z,gh-193
20180702 2,Mac DeMarco,One Wayne G,,INDIFFERENT,2:38,158,xi_60p1gqX8,2024-01-22T18:47:33Z,gh-193
20180702,Mac DeMarco,One Wayne G,,INDIFFERENT,2:21,141,cIkV96kRZGw,2024-01-22T18:45:12Z,gh-193
20180701,Mac DeMarco,One Wayne G,,INDIFFERENT,2:06,126,xf-514G0vj0,2024-01-22T18:43:06Z,gh-193
Valley,Leavv,Mind Garden,False,INDIFFERENT,3:10,190,yApGAVGvKDs,2024-01-22T18:39:56Z,gh-193
A Handful Of Stars,Stan Getz,West Coast Jazz (Expanded Edition),False,INDIFFERENT,3:24,204,2ux68AIfnkI,2024-01-22T18:36:32Z,gh-193
One Chance To Save The World,The Disco Biscuits,"2023/10/28 Port Chester, NY",,INDIFFERENT,12:30,750,jrCOnpsXD0A,2024-01-22T18:24:02Z,gh-193
20190826,Mac DeMarco,One Wayne G,,INDIFFERENT,22:38,1358,iztRgMsNEgw,2024-01-22T19:58:40Z,gh-192
20190813 3,Mac DeMarco,One Wayne G,,INDIFFERENT,1:33,93,wAybeCOhUwE,2024-01-22T19:57:07Z,gh-192
20190813 2,Mac DeMarco,One Wayne G,,INDIFFERENT,3:03,183,79l9lL6UKuk,2024-01-22T19:54:04Z,gh-192
20190813,Mac DeMarco,One Wayne G,,INDIFFERENT,1:15,75,YNtfjDi62ys,2024-01-22T19:52:49Z,gh-192
20190802,Mac DeMarco,One Wayne G,,INDIFFERENT,4:07,247,-Z2jRbtbM1s,2024-01-22T19:48:42Z,gh-192
20190801,Mac DeMarco,One Wayne G,,INDIFFERENT,2:26,146,zd_KaP5yWcM,2024-01-22T19:46:16Z,gh-192
20190730,Mac DeMarco,One Wayne G,,INDIFFERENT,1:57,117,Rr8G5QoX_J8,2024-01-22T19:44:19Z,gh-192
20190729,Mac DeMarco,One Wayne G,,INDIFFERENT,3:08,188,uo2dw-Fm_PE,2024-01-22T19:41:11Z,gh-192
20190728,Mac DeMarco,One Wayne G,,INDIFFERENT,2:01,121,JZdRZuC00lM,2024-01-22T19:39:10Z,gh-192
20190726,Mac DeMarco,One Wayne G,,INDIFFERENT,1:47,107,Mt7Ai-2NHTM,2024-01-22T19:37:23Z,gh-192
20190724 2,Mac DeMarco,One Wayne G,,INDIFFERENT,1:53,113,T4YTiJLvGhQ,2024-01-22T19:35:30Z,gh-192
20190724,Mac DeMarco,One Wayne G,,INDIFFERENT,1:11,71,975vpVzfeRY,2024-01-22T19:34:19Z,gh-192
20190723,Mac DeMarco,One Wayne G,,INDIFFERENT,2:18,138,F2pdo_WbFk0,2024-01-22T19:32:01Z,gh-192
20190722,Mac DeMarco,One Wayne G,,INDIFFERENT,1:43,103,P-VS3vXjjtc,2024-01-22T19:30:18Z,gh-192
20190622,Mac DeMarco,One Wayne G,,INDIFFERENT,3:50,230,3GuH8cV6dFY,2024-01-22T19:26:28Z,gh-192
20190210,Mac DeMarco,One Wayne G,,INDIFFERENT,4:42,282,Rt4izbn8-rA,2024-01-22T19:21:46Z,gh-192
20190206,Mac DeMarco,One Wayne G,,INDIFFERENT,2:57,177,R0uLjZ0ma4Q,2024-01-22T19:18:49Z,gh-192
20190205 3,Mac DeMarco,One Wayne G,,INDIFFERENT,4:00,240,2DS7n00N0nc,2024-01-22T19:14:49Z,gh-192
20190205 2,Mac DeMarco,One Wayne G,,INDIFFERENT,2:36,156,ygoxDKyiGRw,2024-01-22T19:12:13Z,gh-192
20190205,Mac DeMarco,One Wayne G,,INDIFFERENT,4:53,293,OEMdq_D4Ar4,2024-01-22T19:07:20Z,gh-192
20190127,Mac DeMarco,One Wayne G,,INDIFFERENT,3:22,202,qLYV0XpqdgU,2024-01-22T19:03:58Z,gh-192
20181212,Mac DeMarco,One Wayne G,,INDIFFERENT,2:47,167,ZwxDm1p-7To,2024-01-22T19:01:11Z,gh-192
20181108,Mac DeMarco,One Wayne G,,INDIFFERENT,3:04,184,bPubeLyHAlY,2024-01-22T18:58:07Z,gh-192
20181019,Mac DeMarco,One Wayne G,,INDIFFERENT,2:56,176,W26yFNa69-Y,2024-01-22T18:55:11Z,gh-192
20181002,Mac DeMarco,One Wayne G,,INDIFFERENT,0:33,33,2tq1iv6GKys,2024-01-22T18:54:38Z,gh-192
20180930,Mac DeMarco,One Wayne G,,INDIFFERENT,3:09,189,P228A9uv6vo,2024-01-22T18:51:29Z,gh-192
20180927,Mac DeMarco,One Wayne G,,INDIFFERENT,1:20,80,XC2WZjUo9hY,2024-01-22T18:50:09Z,gh-192
20180924,Mac DeMarco,One Wayne G,,INDIFFERENT,2:04,124,qIQndGhS35g,2024-01-22T18:48:05Z,gh-192
20180913,Mac DeMarco,One Wayne G,,INDIFFERENT,2:12,132,KzJRcZK29iw,2024-01-22T18:45:53Z,gh-192
20180816,Mac DeMarco,One Wayne G,,INDIFFERENT,2:16,136,0vOsiY6-67M,2024-01-22T18:43:37Z,gh-192
Valley,Leavv,Mind Garden,False,INDIFFERENT,3:10,190,yApGAVGvKDs,2024-01-22T18:40:27Z,gh-192
A Handful Of Stars,Stan Getz,West Coast Jazz (Expanded Edition),False,INDIFFERENT,3:24,204,2ux68AIfnkI,2024-01-22T18:37:03Z,gh-192
One Chance To Save The World,The Disco Biscuits,"2023/10/28 Port Chester, NY",,INDIFFERENT,12:30,750,jrCOnpsXD0A,2024-01-22T18:24:33Z,gh-192
The Deal,The Disco Biscuits,"2023/10/28 Port Chester, NY",,INDIFFERENT,33:10,1990,S4N11OC4o60,2024-01-22T17:59:02Z,gh-191
Run Like Hell,The Disco Biscuits,"2023/10/28 Port Chester, NY",,INDIFFERENT,18:38,1118,czo8cYUUXy8,2024-01-22T17:40:24Z,gh-191
25.White House Blues,The Earls Of Leicester,Live At The CMA Theater In The Country Music Hall Of Fame,,INDIFFERENT,3:16,196,6Ic8-g6e5oE,2024-01-22T17:37:08Z,gh-191
24.Martha White Theme Song,The Earls Of Leicester,Live At The CMA Theater In The Country Music Hall Of Fame,,INDIFFERENT,1:38,98,CfJYDZOeehY,2024-01-22T17:35:30Z,gh-191
10.All I Want Is You,The Earls Of Leicester,Live At The CMA Theater In The Country Music Hall Of Fame,,INDIFFERENT,3:26,206,vCno-MfIdnk,2024-01-22T17:32:04Z,gh-191
09.Rollin’ In My Sweet Baby’s Arm,The Earls Of Leicester,Live At The CMA Theater In The Country Music Hall Of Fame,,INDIFFERENT,3:12,192,mMCxO7lg7Vw,2024-01-22T17:28:52Z,gh-191
08.I Ain’t Gonna Work Tomorrow,The Earls Of Leicester,Live At The CMA Theater In The Country Music Hall Of Fame,,INDIFFERENT,3:27,207,kI1Br9wK4t4,2024-01-22T17:25:25Z,gh-191
07.I’m Gonna Sleep With One Eye Open,The Earls Of Leicester,Live At The CMA Theater In The Country Music Hall Of Fame,,INDIFFERENT,4:00,240,ZPRWQOJMItk,2024-01-22T17:21:25Z,gh-191
06.I’ll Go Stepping Too,The Earls Of Leicester,Live At The CMA Theater In The Country Music Hall Of Fame,,INDIFFERENT,3:05,185,wmbpW_vI51A,2024-01-22T17:18:20Z,gh-191
05.Long Journey Home,The Earls Of Leicester,Live At The CMA Theater In The Country Music Hall Of Fame,,INDIFFERENT,2:02,122,KhDPsqRxojQ,2024-01-22T17:16:18Z,gh-191
04.Earl’s Breakdown,The Earls Of Leicester,Live At The CMA Theater In The Country Music Hall Of Fame,,INDIFFERENT,2:23,143,RJiAqZss6fQ,2024-01-22T17:13:55Z,gh-191
03.Will You Be Lonesome Too,The Earls Of Leicester,Live At The CMA Theater In The Country Music Hall Of Fame,,INDIFFERENT,3:19,199,bxkTSRkhCJg,2024-01-22T17:10:36Z,gh-191
02.Salty Dog Blues,The Earls Of Leicester,Live At The CMA Theater In The Country Music Hall Of Fame,,INDIFFERENT,2:32,152,YgZWSG39-Zk,2024-01-22T17:08:04Z,gh-191
20180702 2,Mac DeMarco,One Wayne G,,INDIFFERENT,2:38,158,xi_60p1gqX8,2024-01-22T17:05:26Z,gh-191
20180702,Mac DeMarco,One Wayne G,,INDIFFERENT,2:21,141,cIkV96kRZGw,2024-01-22T17:03:05Z,gh-191
20180701,Mac DeMarco,One Wayne G,,INDIFFERENT,2:06,126,xf-514G0vj0,2024-01-22T17:00:59Z,gh-191
20180529,Mac DeMarco,One Wayne G,,INDIFFERENT,2:32,152,lhfd0OPI0K0,2024-01-22T16:58:27Z,gh-191
20180512,Mac DeMarco,One Wayne G,,INDIFFERENT,4:08,248,loQolUfkyvo,2024-01-22T16:54:19Z,gh-191
It's Coming Down,CAKE,b-sides and rarities,False,INDIFFERENT,4:12,252,k1rvzLz6Xlc,2024-01-22T16:50:07Z,gh-191
"Short Skirt, Long Jacket",CAKE,b-sides and rarities,False,INDIFFERENT,3:16,196,f2uPq-9Hj_A,2024-01-22T16:46:51Z,gh-191
Thrills,CAKE,b-sides and rarities,False,INDIFFERENT,2:58,178,Q8O_g7fXV9o,2024-01-22T16:43:53Z,gh-191
"Never, Never Gonna Give You Up",CAKE,b-sides and rarities,False,INDIFFERENT,3:50,230,-5BU3w-2FGs,2024-01-22T16:40:03Z,gh-191
Multiply the Heartaches,CAKE,b-sides and rarities,False,INDIFFERENT,2:47,167,UQ6r65QH--8,2024-01-22T16:37:16Z,gh-191
Strangers in the Night,CAKE,b-sides and rarities,False,INDIFFERENT,2:51,171,gKGvMO2BI_Q,2024-01-22T16:34:25Z,gh-191
Conroy,CAKE,b-sides and rarities,False,INDIFFERENT,3:01,181,UH7YkqrGHM4,2024-01-22T16:31:24Z,gh-191
"Excuse Me, I Think I've Got a Heartache",CAKE,b-sides and rarities,True,LIKE,2:21,141,p1wSbJxjMFM,2024-01-22T16:29:03Z,gh-191
"Mahna, Mahna",CAKE,b-sides and rarities,True,LIKE,2:54,174,0kUib8lh168,2024-01-22T16:26:09Z,gh-191
"Ruby, Don't Take Your Love to Town",CAKE,b-sides and rarities,False,INDIFFERENT,2:55,175,hCVe11AX7Uk,2024-01-22T16:23:14Z,gh-191
War Pigs,CAKE,b-sides and rarities,False,INDIFFERENT,3:54,234,NhmvKYbi7iY,2024-01-22T16:19:20Z,gh-191
Milk Cow Blues (Live),"David Grisman, Doc Watson",Doc & Dawg (Live @ Acoustic Stage 1997),,INDIFFERENT,4:40,280,UnExmwawP68,2024-01-22T16:14:40Z,gh-191
East Tennessee Blues/Beaumont Rag (Live),"David Grisman, Doc Watson",Doc & Dawg (Live @ Acoustic Stage 1997),,INDIFFERENT,4:27,267,a01YiS1UY_Y,2024-01-22T16:10:13Z,gh-191
Milk Cow Blues (Live),"David Grisman, Doc Watson",Doc & Dawg (Live @ Acoustic Stage 1997),,INDIFFERENT,4:40,280,UnExmwawP68,2024-01-22T12:10:09Z,gh-182
East Tennessee Blues/Beaumont Rag (Live),"David Grisman, Doc Watson",Doc & Dawg (Live @ Acoustic Stage 1997),,INDIFFERENT,4:27,267,a01YiS1UY_Y,2024-01-22T12:05:42Z,gh-182
Hobo Bill's Last Ride (Live),"David Grisman, Doc Watson",Doc & Dawg (Live @ Acoustic Stage 1997),,INDIFFERENT,4:58,298,zpNhs9W8TA4,2024-01-22T12:00:44Z,gh-182
Hobo Bill's Last Ride (Live),"David Grisman, Doc Watson",Doc & Dawg (Live @ Acoustic Stage 1997),,INDIFFERENT,4:58,298,zpNhs9W8TA4,2024-01-22T11:30:22Z,gh-181
Shady Grove (Live),"David Grisman, Doc Watson",Doc & Dawg (Live @ Acoustic Stage 1997),,INDIFFERENT,4:12,252,14GzSxDaWWQ,2024-01-22T11:26:10Z,gh-181
Give Me Back My 15 Cents (Live),"David Grisman, Doc Watson",Doc & Dawg (Live @ Acoustic Stage 1997),,INDIFFERENT,3:08,188,2Turh_m3Eqc,2024-01-22T11:23:02Z,gh-181
Shady Grove (Live),"David Grisman, Doc Watson",Doc & Dawg (Live @ Acoustic Stage 1997),,INDIFFERENT,4:12,252,14GzSxDaWWQ,2024-01-22T11:24:01Z,gh-180
Give Me Back My 15 Cents (Live),"David Grisman, Doc Watson",Doc & Dawg (Live @ Acoustic Stage 1997),,INDIFFERENT,3:08,188,2Turh_m3Eqc,2024-01-22T11:20:53Z,gh-180
Can't You See,The Marshall Tucker Band,"Rock Essentials, Vol.2",False,INDIFFERENT,6:04,364,0egYAT9g3JE,2024-01-22T06:28:21Z,gh-172
Today I Started Loving You Again (Live 1981),Merle Haggard,Last Train to Nashville,True,LIKE,5:34,334,uo36eWPslYE,2024-01-22T06:22:47Z,gh-172
Best of All Possible Worlds,Kris Kristofferson,Kristofferson,False,INDIFFERENT,2:59,179,mmlxlqOSWdQ,2024-01-22T06:19:48Z,gh-172
Elvis the most beautiful voice,"385K views, Marisa Thiele",,,INDIFFERENT,3:25,205,c1EIY2z0WNQ,2024-01-22T06:16:23Z,gh-172
"Lord's Prayer (Live At Garden State Arts Center, 1969)",Glen Campbell,Live,False,INDIFFERENT,3:10,190,SlohZ3F-36c,2024-01-22T06:13:13Z,gh-172
"Yakety Sax (Live At Garden State Arts Center, 1969)",Glen Campbell,Live,False,INDIFFERENT,3:00,180,2oAHCeATgrg,2024-01-22T06:10:13Z,gh-172
"It's Over (Live At Garden State Arts Center, 1969)",Glen Campbell,Live,False,INDIFFERENT,2:36,156,8w5uqDaIst4,2024-01-22T06:07:37Z,gh-172
"For Once In My Life (Live At Garden State Arts Center, 1969)",Glen Campbell,Live,True,LIKE,3:52,232,GZxWf1NIBY4,2024-01-22T06:03:45Z,gh-172
"By The Time I Get To Phoenix (Live At Garden State Arts Center, 1969)",Glen Campbell,Live,False,INDIFFERENT,3:54,234,VtkxWitZ-Dk,2024-01-22T05:59:51Z,gh-172
"You All Come (Live At Garden State Arts Center, 1969)",Glen Campbell,Live,False,INDIFFERENT,2:26,146,bHP9w8EsrYA,2024-01-22T05:57:25Z,gh-172
"Gentle On My Mind (Live At Garden State Arts Center, 1969)",Glen Campbell,Live,False,INDIFFERENT,3:45,225,-JYK_6dPX5U,2024-01-22T05:53:40Z,gh-172
"Mountain Dew (Live At Garden State Arts Center, 1969)",Glen Campbell,Live,True,LIKE,3:02,182,vyLXZ1LuBB8,2024-01-22T05:50:38Z,gh-172
"If You Go Away (Live At Garden State Arts Center, 1969)",Glen Campbell,Live,False,INDIFFERENT,7:24,444,m5aGUEhtYwo,2024-01-22T05:43:14Z,gh-172
"(Sittin' On) The Dock Of The Bay (Live At Garden State Arts Center, 1969)",Glen Campbell,Live,False,INDIFFERENT,3:05,185,Lv5dQ9DWHmo,2024-01-22T05:40:09Z,gh-172
"Gotta Travel On (Live At Garden State Arts Center, 1969)",Glen Campbell,Live,False,INDIFFERENT,4:02,242,F61Q7f21t5Y,2024-01-22T05:36:07Z,gh-172
"White Lightning (Live At Garden State Arts Center, 1969)",Glen Campbell,Live,False,INDIFFERENT,3:13,193,1UsCUxG3xgs,2024-01-22T05:32:54Z,gh-172
I Don't Mind,Sturgill Simpson,Cuttin' Grass - Vol. 1 (Butcher Shoppe Sessions),False,INDIFFERENT,4:30,270,xYcmf9cRp7A,2024-01-22T05:28:24Z,gh-172
Take The Journey,Molly Tuttle,Take The Journey,False,INDIFFERENT,2:42,162,K5UFb5Nprxc,2024-01-22T05:25:42Z,gh-172
Just Like Leaving,Bella White,Just Like Leaving,False,INDIFFERENT,3:27,207,oviDGUsgHhY,2024-01-22T05:22:15Z,gh-172
Leaving on Our Minds,Viv & Riley,Vivian Leva & Riley Calcagno,False,INDIFFERENT,3:59,239,WTxy9Tp7k88,2024-01-22T05:18:16Z,gh-172
Last of My Kind,Paul Burch,Last of My Kind,,LIKE,4:10,250,1Rboxn_ZFIs,2024-01-22T05:14:06Z,gh-172
Here I Am,Viv & Riley,Time Is Everything,,INDIFFERENT,4:56,296,Tl_J_rdA_zc,2024-01-22T05:09:10Z,gh-172
Every Goodbye,Viv & Riley,Time Is Everything,,LIKE,3:45,225,MRiyqLHOLmQ,2024-01-22T05:05:25Z,gh-172
Last of My Kind,Viv & Riley,Time Is Everything,,LIKE,4:23,263,3kC5wb_yw5Q,2024-01-22T05:01:02Z,gh-172
Why Don't You Introduce Me as Your Darlin',Viv & Riley,Time Is Everything,,INDIFFERENT,3:31,211,nZug8tSEyJA,2024-01-22T04:57:31Z,gh-172
Cold Mountains,Viv & Riley,Time Is Everything,,INDIFFERENT,3:14,194,mXNwH0aR7Vo,2024-01-22T04:54:17Z,gh-172
Wishes and Dreams,Viv & Riley,Time Is Everything,,INDIFFERENT,4:50,290,Leq9saZYB1o,2024-01-22T04:49:27Z,gh-172
No Forever,Viv & Riley,Time Is Everything,,LIKE,3:56,236,0OOsaoO9ESE,2024-01-22T04:45:31Z,gh-172
Sturdy as the Land,Viv & Riley,Time Is Everything,,INDIFFERENT,4:03,243,djEg4-mna6E,2024-01-22T04:41:28Z,gh-172
Time is Everything,Viv & Riley,Time Is Everything,,INDIFFERENT,3:06,186,556gJIJR6rE,2024-01-22T04:38:22Z,gh-172
Bottom of the Glass,Viv & Riley,Time Is Everything,,INDIFFERENT,3:33,213,RhhePcKE70c,2024-01-22T04:34:49Z,gh-172
Neck Romancer,The Disco Biscuits,"2021/10/30 Las Vegas, NV",,INDIFFERENT,8:21,501,2r29a3rJhHo,2024-01-22T04:26:28Z,gh-172
Evolve,The Disco Biscuits,"2021/10/30 Las Vegas, NV",,INDIFFERENT,15:06,906,HSIrO-P-C1g,2024-01-22T04:11:22Z,gh-172
Orch Theme,The Disco Biscuits,"2021/10/30 Las Vegas, NV",,INDIFFERENT,9:58,598,3HIRPUL-AiU,2024-01-22T04:01:24Z,gh-172
42,The Disco Biscuits,"2021/10/30 Las Vegas, NV",,INDIFFERENT,20:22,1222,wgR7nzCWiSQ,2024-01-22T03:41:02Z,gh-172
Banter,The Disco Biscuits,"2021/10/30 Las Vegas, NV",,INDIFFERENT,1:35,95,0VF4sjWYSAA,2024-01-22T03:39:27Z,gh-172
Hot Air Balloon,The Disco Biscuits,"2021/10/30 Las Vegas, NV",,INDIFFERENT,9:40,580,HlNQ0O91YM0,2024-01-22T03:29:47Z,gh-172
I-Man,The Disco Biscuits,"2021/10/30 Las Vegas, NV",,INDIFFERENT,15:13,913,tzDsrGrElbM,2024-01-22T03:14:34Z,gh-172
I-Man,The Disco Biscuits,"2021/10/30 Las Vegas, NV",,INDIFFERENT,15:13,913,tzDsrGrElbM,2024-01-22T03:12:43Z,gh-171
Shem-Rah Boo,The Disco Biscuits,"2021/10/30 Las Vegas, NV",,INDIFFERENT,9:55,595,4r7R7Uu0OPM,2024-01-22T03:10:46Z,commit:e96e08bc
Hot Air Balloon,The Disco Biscuits,"2021/10/30 Las Vegas, NV",,INDIFFERENT,19:07,1147,rakDCZC4YDs,2024-01-22T02:51:39Z,commit:e96e08bc
M.E.M.P.H.I.S.,The Disco Biscuits,"2021/10/30 Las Vegas, NV",,INDIFFERENT,18:54,1134,jFWIZZ6mj6w,2024-01-22T02:22:12Z,gh-170
Fortunate Son,Creedence Clearwater Revival,Willy And The Poor Boys (Expanded Edition),False,INDIFFERENT,2:21,141,r5NzAksjfDI,2024-01-22T02:19:51Z,gh-170
Alabama Song (Whisky Bar),The Doors,The Doors,True,LIKE,3:18,198,nbtEkZIvMAg,2024-01-22T02:16:33Z,gh-170
Flaming Pie (2020 Remaster) (feat. Jeff Lynne),Paul McCartney,Flaming Pie,False,INDIFFERENT,2:31,151,JyF93vhzF3w,2024-01-22T02:14:02Z,gh-170
Ring of Fire (Outtake),Bob Dylan,"Travelin' Thru, 1967 - 1969: The Bootleg Series, Vol. 15 (Sampler)",True,LIKE,2:28,148,ibeP210YaRQ,2024-01-22T02:11:34Z,gh-170
Come On (Let the Good Times Roll),The Jimi Hendrix Experience,Electric Ladyland,False,INDIFFERENT,4:10,250,Ne_NSMZvvJI,2024-01-22T02:07:24Z,gh-170
California Dreamin' (Single Version),The Mamas & The Papas,If You Can Believe Your Eyes & Ears,False,INDIFFERENT,2:43,163,oU6uUEwZ8FM,2024-01-22T02:04:41Z,gh-170
You Make My Dreams (Come True),Daryl Hall & John Oates,Voices,False,INDIFFERENT,3:11,191,E4CZuj7solw,2024-01-22T02:01:30Z,gh-170
Come and Get Your Love (Single Version),Redbone,Come and Get Your Love (Single Edit),False,INDIFFERENT,3:26,206,rsf_gTZG4cI,2024-01-22T01:58:04Z,gh-170
"Rocket Man (I Think It's Going To Be A Long, Long Time)",Elton John,Honky Chateau,False,INDIFFERENT,4:42,282,BdEe5SpdIuo,2024-01-22T01:53:22Z,gh-170
I Will (Remastered 2009),The Beatles,The Beatles,False,INDIFFERENT,1:46,106,p-abNGP1BK4,2024-01-22T01:51:36Z,gh-170
After Hours,The Velvet Underground,The Velvet Underground (45th Anniversary / Deluxe Edition),False,INDIFFERENT,2:08,128,wpU4dlroveQ,2024-01-22T01:49:28Z,gh-170
Starman,David Bowie,The Rise and Fall of Ziggy Stardust and the Spiders from Mars,False,INDIFFERENT,4:15,255,aBKEt3MhNMM,2024-01-22T01:45:13Z,gh-170
Oh! You Pretty Things,David Bowie,Hunky Dory,False,INDIFFERENT,3:14,194,ccMYgiSC_eQ,2024-01-22T01:41:59Z,gh-170
Queen Bitch,David Bowie,Hunky Dory,True,LIKE,3:21,201,2_ayFz62eYE,2024-01-22T01:38:38Z,gh-170
"Paint It, Black",The Rolling Stones,Aftermath,False,INDIFFERENT,3:23,203,170sceOWWXc,2024-01-22T01:35:15Z,gh-170
My Body (2020 Remaster),Young the Giant,Young The Giant (10th Anniversary Edition),False,INDIFFERENT,4:05,245,T95arrUeHH4,2024-01-22T01:31:10Z,gh-170
Don't Think About My Death,The Wood Brothers,Kingdom in My Mind,False,INDIFFERENT,3:39,219,6yVQy5Bz3pE,2024-01-22T01:27:31Z,gh-170
Poor Rambler,Sturgill Simpson,High Top Mountain,False,INDIFFERENT,3:46,226,gsG9QO0uh-8,2024-01-22T01:23:45Z,gh-170
Bye Bye Blues,Luiz Bonfa,The Brazilian Scene,False,INDIFFERENT,2:07,127,PuNrecwITlU,2024-01-22T01:21:38Z,gh-170
Last of My Kind,Viv & Riley,Time Is Everything,,LIKE,4:23,263,3kC5wb_yw5Q,2024-01-22T01:17:15Z,gh-170
Last of My Kind,Paul Burch,Last of My Kind,,LIKE,4:10,250,1Rboxn_ZFIs,2024-01-22T01:13:05Z,gh-170
Yonder Comes a Sucker,Dori Freeman,Letters Never Read,True,LIKE,2:09,129,gXrhRW5tIsA,2024-01-22T01:10:56Z,gh-170
"Conspiracies, Cults & UFOs",John R. Miller,"Conspiracies, Cults & UFOs",,LIKE,2:53,173,dTc_IQiUXtI,2024-01-22T01:08:03Z,gh-170
Call to Arms,Sturgill Simpson,A Sailor's Guide to Earth,True,LIKE,5:30,330,VuiR4AtH1fc,2024-01-22T01:02:33Z,gh-170
Tied to the Wheel,Whitney Rose,Rule 62,False,INDIFFERENT,4:41,281,TnSkeFgR9a4,2024-01-22T00:57:52Z,gh-170
No Forever,Viv & Riley,Time Is Everything,,LIKE,3:56,236,0OOsaoO9ESE,2024-01-22T00:53:56Z,gh-170
Insomnia Blues,John R. Miller,Heat Comes Down,True,LIKE,4:01,241,L1pRpcEhT0c,2024-01-22T00:49:55Z,gh-170
If I Should Wander Back Tonight,"John Hartford, Tony Rice, Vassar Clements",Hartford Rice and Clements,,INDIFFERENT,3:49,229,rWek-GkaACA,2024-01-22T00:46:06Z,gh-170
Harvest Moon (feat. AJ Lee & Blue Summit),The Brothers Comatose,Harvest Moon,False,INDIFFERENT,4:42,282,4yRxiQ7AxKw,2024-01-22T00:41:24Z,gh-170
Shake Sugaree,Muireann Bradley,I Kept These Old Blues,True,LIKE,5:49,349,2HYgGoG2OpU,2024-01-22T00:35:35Z,gh-170
Rich Girl,Daryl Hall & John Oates,Bigger Than Both Of Us,False,INDIFFERENT,2:23,143,IL_LiGCV82g,2024-01-22T00:33:12Z,gh-170
Burn Me Once (from The Hunger Games: The Ballad of Songbirds & Snakes),Bella White,The Hunger Games: The Ballad of Songbirds & Snakes (Music From & Inspired By),,INDIFFERENT,3:21,201,CeYXXxSPHUc,2024-01-22T00:29:51Z,gh-170
The Old Dun Cow,Seamus Kennedy,Let The Music Take You Home,,LIKE,3:04,184,cWft1OsrY8Y,2024-01-22T00:26:47Z,gh-170
In the Aeroplane Over the Sea,Neutral Milk Hotel,In the Aeroplane Over the Sea,False,INDIFFERENT,3:22,202,1FeD16vu_qQ,2024-01-22T00:23:25Z,gh-170
Okie From Muskogee,Merle Haggard,Down Every Road 1962-1994,True,LIKE,2:45,165,3dM03dG3zv4,2024-01-22T00:20:40Z,gh-170
Nobody Has To Know Your Mind,John R. Miller,Nobody Has To Know Your Mind,False,INDIFFERENT,4:54,294,rcXYEEu3WSk,2024-01-22T00:15:46Z,gh-170
One I Love,Jean Ritchie,Mountain Hearth & Home,False,INDIFFERENT,3:01,181,-hSXKhrmSHw,2024-01-22T00:12:45Z,gh-170
Chimney Swifts,Brad Kolodner,Chimney Swifts,,LIKE,3:47,227,Xrf5C8vgqfs,2024-01-22T00:08:58Z,gh-170
That's What Love Will Make You Do (Live) (feat. Jerry Garcia Band),Jerry Garcia Band,"Let it Rock: The Jerry Garcia Collection, Volume 2",,LIKE,9:48,588,KGWL7Dpk2rE,2024-01-21T23:59:10Z,gh-170
La femme d'argent,Air,Moon Safari,,INDIFFERENT,7:07,427,wLmfNFVDa_U,2024-01-21T23:52:03Z,gh-170
In The Waiting Line,"Sophie Barker, Zero 7",Simple Things,False,INDIFFERENT,4:31,271,G5KbL4LAUL8,2024-01-21T23:47:32Z,gh-170
Waiting for the Sunrise,Carl Perkins,Carl Perkins & Friends,True,LIKE,2:18,138,O3WyYu0MYdw,2024-01-21T23:45:14Z,gh-170
Little Lady,General Elektriks,Good City For Dreamers,,LIKE,4:59,299,PRSIar2a8FE,2024-01-21T23:40:15Z,gh-170
Portland Woodchamber,Boozoo Bajou,Inner City Soul vol.1,False,LIKE,4:03,243,jOQQuGufSaU,2024-01-21T23:36:12Z,gh-170
Look On The Bright Side Of Life (All Things Dull And Ugly),Monty Python,Monty Python's Life Of Brian,True,LIKE,3:58,238,r0kvTBbBbbY,2024-01-21T23:32:14Z,gh-170
Bells Of Every Chapel (feat. Billy Strings),Sierra Ferrell,Bells Of Every Chapel,,LIKE,4:16,256,YGMAQw5mcqI,2024-01-21T23:27:58Z,gh-170
The Boy Who Wouldn't Hoe Corn,Dan Tyminski,Transatlantic Sessions - Series 4: Volume Two,True,LIKE,5:54,354,mWcak8mGVVM,2024-01-21T23:22:04Z,gh-170
I Got a Woman,Booker T. & the MG's,Green Onions,False,LIKE,3:32,212,jIMxGKbHT-4,2024-01-21T23:18:32Z,gh-170
Dresses Too Short,Syl Johnson,Dresses Too Short,True,LIKE,2:47,167,Eu6BNfw4qXQ,2024-01-21T23:15:45Z,gh-170
Blackberry,Pablo Moriego,Pearls,,LIKE,6:58,418,k0NEFeaHpW4,2024-01-21T23:08:47Z,gh-170
Knob Creek,Steep Canyon Rangers,Nobody Knows You,True,LIKE,5:18,318,qR44ixdhjl0,2024-01-21T23:03:29Z,gh-170
Grand Theft Ecstasy,Feed Me,Feed Me's Big Adventure,False,INDIFFERENT,6:12,372,bB1uxWDk68w,2024-01-21T22:57:17Z,gh-170
Opening Act,Ugly Duckling,Taste The Secret,True,LIKE,3:55,235,E7PQekJhpfI,2024-01-21T22:53:22Z,gh-170
I'll Tell Me Ma,Young Dubliners,With All Due Respect: The Irish Sessions,False,INDIFFERENT,2:53,173,ymFM0Idsv3o,2024-01-21T22:50:29Z,gh-170
"10,000 Miles Away",The Skullduggers,Staggers and Jags,False,INDIFFERENT,3:25,205,gHWoWOS64y8,2024-01-21T22:47:04Z,gh-170
Rosa Lee Blues,Tuba Skinny,Owl Call Blues,False,INDIFFERENT,4:01,241,QRmzKAPonEs,2024-01-21T22:43:03Z,gh-170
Almost Afraid to Love,Tuba Skinny,Blue Chime Stomp,False,INDIFFERENT,4:31,271,blT21zeegko,2024-01-21T22:38:32Z,gh-170
This is My Tree,The Lemon Twigs,Go To School,,LIKE,3:33,213,ox7HIZyVgfQ,2024-01-21T22:34:59Z,gh-170
The Race Is On (Live),Grateful Dead,Reckoning (Live),False,INDIFFERENT,3:01,181,a1swkqvISJg,2024-01-21T22:31:58Z,gh-170
Look It Here,Nathaniel Rateliff & The Night Sweats,Nathaniel Rateliff & The Night Sweats,False,INDIFFERENT,3:04,184,77FaOLESRTw,2024-01-21T22:28:54Z,gh-170
East Kentucky Home,The SteelDrivers,The SteelDrivers,False,INDIFFERENT,2:40,160,3UlAeD_sFFw,2024-01-21T22:26:14Z,gh-170
A Nickle For The Fiddler,Guy Clark,Old No. 1,False,INDIFFERENT,2:46,166,U8LtJ1VxdvM,2024-01-21T22:23:28Z,gh-170
Cuckoo's Nest,John Hartford,"Me Oh My, How the Time Does Fly -- A John Hartford Anthology",False,INDIFFERENT,3:15,195,RiHOpy32yLQ,2024-01-21T22:20:13Z,gh-170
I'm Going Back Home,Tuba Skinny,Some Kind-A-Shake,,INDIFFERENT,3:41,221,cSh82jyNjos,2024-01-21T22:16:32Z,gh-170
Cannonball Blues,Tuba Skinny,Owl Call Blues,False,INDIFFERENT,2:46,166,-_QXKoRUV78,2024-01-21T22:13:46Z,gh-170
Little Cabin Home On The Hill,Billy Strings,Me / And / Dad,False,INDIFFERENT,3:23,203,cDHFOdlN4Fs,2024-01-21T22:10:23Z,gh-170
Big Iron,Marty Robbins,Gunfighter Ballads And Trail Songs,,INDIFFERENT,3:56,236,zzICMIu5zFY,2024-01-21T22:06:27Z,gh-170
Just Let Go,Sturgill Simpson,Cuttin' Grass - Vol. 1 (Butcher Shoppe Sessions),False,INDIFFERENT,3:03,183,8cY-DhD3tLA,2024-01-21T22:03:24Z,gh-170
Breaking Down,Mike Lawson & Friends,Evidence Concerning Apparitions,True,LIKE,4:00,240,uyEP5NKRQT0,2024-01-21T21:59:24Z,gh-170
Another New World,Punch Brothers,Ahoy!,,LIKE,6:31,391,O5jhLetcHag,2024-01-21T21:52:53Z,gh-170
Baby Gone,The Steel Wheels,Hero,False,INDIFFERENT,3:12,192,YkWh1FXJumo,2024-01-21T21:49:41Z,gh-170
Yes I Know,The Steel Wheels,Hero,False,INDIFFERENT,2:46,166,opcCPcConCE,2024-01-21T21:46:55Z,gh-170
Hero,The Steel Wheels,Hero,False,INDIFFERENT,3:30,210,k9utVd82A5M,2024-01-21T21:43:25Z,gh-170
Take It Easy,Eagles,Eagles,False,INDIFFERENT,3:32,212,32Oc2d_3yEk,2024-01-21T21:39:53Z,gh-170
Listen to the Music,The Doobie Brothers,Toulouse Street,False,INDIFFERENT,3:48,228,S3ta4T9tIUM,2024-01-21T21:36:05Z,gh-170
Touch of Grey,Grateful Dead,In the Dark,False,INDIFFERENT,5:51,351,Ht_BfhweF4I,2024-01-21T21:30:14Z,gh-170
"Sing Me Back Home (Live at the Fillmore West, San Francisco, CA, July 2, 1971)",Grateful Dead,Grateful Dead (Skull & Roses) [50th Anniversary Expanded Edition] (Live),False,INDIFFERENT,10:17,617,zpybdWN-0ag,2024-01-21T21:19:57Z,gh-170
The Sixth Revelation,Shpongle,The Mystery Of The Thirteen Crystal Skulls,False,INDIFFERENT,12:17,737,SA5YNb3hlKI,2024-01-21T15:15:17Z,gh-166
Oleander,Bluetech,Digital Singles Vol.1,False,INDIFFERENT,7:35,455,JnKhDj3r81A,2024-01-21T15:07:42Z,gh-166
"Merle Haggard ""Call Me""","1M views, Favor Media",,,INDIFFERENT,4:18,258,kKKtOqy6z0Y,2024-01-21T15:03:24Z,gh-166
Ginseng Sullivan,Phish,Phish: Star Lake '98,False,INDIFFERENT,3:59,239,0NlVuPivp1o,2024-01-21T14:59:25Z,gh-166
I May Be Used (But Baby I Ain't Used Up),Waylon Jennings,Waylon and Company,False,INDIFFERENT,2:58,178,dERUzEtsEuw,2024-01-21T14:56:27Z,gh-166
How the Web Was Woven (Take 1),Elvis Presley,From Elvis in Nashville,False,INDIFFERENT,5:21,321,LUCAbF6w-lg,2024-01-21T14:51:06Z,gh-166
Julius,Phish,Phish: Star Lake '98,False,INDIFFERENT,9:50,590,Kuxj6SYndp0,2024-01-21T14:41:16Z,gh-166
Texas (When I Die),Tanya Tucker,TNT,False,INDIFFERENT,4:52,292,B2AHpJ7XXKI,2024-01-21T14:36:24Z,gh-166
Blue Eyes Crying In the Rain,Willie Nelson,Red Headed Stranger,False,INDIFFERENT,2:19,139,2_I6gG2e4_A,2024-01-21T14:34:05Z,gh-166
Slide off of Your Satin Sheets,Johnny Paycheck,Super Hits,False,INDIFFERENT,2:55,175,0UI2ir6RwPo,2024-01-21T14:31:10Z,gh-166
The King Is Gone (So Are You),George Jones,The Essential George Jones: The Spirit Of Country,False,INDIFFERENT,3:22,202,XB2Bg7x5IEQ,2024-01-21T14:27:48Z,gh-166
The Year That Clayton Delaney Died,Tom T. Hall,In Search Of A Song,False,INDIFFERENT,2:45,165,rcSUIkglCQw,2024-01-21T14:25:03Z,gh-166
Drinkin' and Drivin',Johnny Paycheck,Biggest Hits,False,INDIFFERENT,3:03,183,QRHjQJMMeig,2024-01-21T14:22:00Z,gh-166
She's All I Got,Johnny Paycheck,She's All I Got,False,INDIFFERENT,2:57,177,wbzgZ2OxuNE,2024-01-21T14:19:03Z,gh-166
Heaven Was A Drink Of Wine,Merle Haggard,Serving 190 Proof,False,INDIFFERENT,2:51,171,JQCHIe3ypmA,2024-01-21T14:16:12Z,gh-166
Turn The Page,Waylon Jennings,Turn The Page,False,INDIFFERENT,4:37,277,aYmrx9sfvlY,2024-01-21T14:11:35Z,gh-166
Honky Tonkin',Hank Williams Jr.,Living Proof: The MGM Recordings 1963 - 1975,False,INDIFFERENT,2:30,150,0mxYYiMB7As,2024-01-21T14:09:05Z,gh-166
Take This job And Shove It,Johnny Paycheck,Biggest Hits,False,INDIFFERENT,2:36,156,4RIaXt3fJWw,2024-01-21T14:06:29Z,gh-166
The Promise,Sturgill Simpson,Metamodern Sounds in Country Music,False,INDIFFERENT,4:18,258,bEenmXxzBco,2024-01-21T14:02:11Z,gh-166
Leaving Louisiana In The Broad Daylight,The Oak Ridge Boys,The Oak Ridge Boys Have Arrived,False,INDIFFERENT,3:00,180,PVjXYjyxWTg,2024-01-21T13:59:11Z,gh-166
Hard Headed Me,Roger Miller,King Of The Road: The Genius Of Roger Miller,False,INDIFFERENT,2:33,153,Jxl2sCuKdj0,2024-01-21T13:56:38Z,gh-166
Loving Arms,Elvis Presley,Good Times,False,INDIFFERENT,2:50,170,0Win1QEVAp4,2024-01-21T13:53:48Z,gh-166
Fox On The Run,Tom T. Hall,The Magnificent Music Machine,False,INDIFFERENT,2:05,125,Ks1EyAuVuWY,2024-01-21T13:51:43Z,gh-166
Colorado Cool-Aid,Johnny Paycheck,Biggest Hits,False,INDIFFERENT,3:36,216,eqhFuz_bF2w,2024-01-21T13:48:07Z,gh-166
Why You Been Gone so Long,Jessi Colter,A Country Star Is Born,False,INDIFFERENT,3:06,186,FaieoS6sPpI,2024-01-21T13:45:01Z,gh-166
Georgia On My Mind,Willie Nelson,Stardust,False,INDIFFERENT,4:20,260,m4GgHvDzalw,2024-01-21T13:40:41Z,gh-166
Sing Me Back Home (Re-Recorded In Stereo),Merle Haggard,20 Hits,False,INDIFFERENT,2:52,172,chXHi57yAVU,2024-01-21T13:37:49Z,gh-166
Shine,Waylon Jennings,Black On Black,False,INDIFFERENT,2:52,172,ZoEidrMac2o,2024-01-21T13:34:57Z,gh-166
Sigma Oasis >,Phish,"2023-12-30 New York, NY - Madison Square Garden (MTX)",,INDIFFERENT,6:51,411,zYG8honqnks,2024-01-20T21:20:51Z,gh-160
Also Sprach Zarathustra,Phish,"2023-12-30 New York, NY - Madison Square Garden (MTX)",,INDIFFERENT,8:40,520,DZmKdObsOuA,2024-01-20T21:12:11Z,gh-160
Golden Age >,Phish,"2023-12-30 New York, NY - Madison Square Garden (MTX)",,INDIFFERENT,9:55,595,gDrDv4TlhXI,2024-01-20T21:02:16Z,gh-160
Piper,Phish,"2023-12-30 New York, NY - Madison Square Garden (MTX)",,INDIFFERENT,9:51,591,_2IRTsI2qnA,2024-01-20T20:52:25Z,gh-160
Twist,Phish,"2023-12-30 New York, NY - Madison Square Garden (MTX)",,INDIFFERENT,9:45,585,SuwvxZxlZEE,2024-01-20T20:42:40Z,gh-160
Tweezer,Phish,"2023-12-30 New York, NY - Madison Square Garden (MTX)",,INDIFFERENT,13:11,791,0o9DhcyP0Yo,2024-01-20T20:29:29Z,gh-160
Never Mind Bo Peep,Laurel & Hardy,Trail Of The Lonesome Pine,False,INDIFFERENT,3:55,235,QGzPl94Ablw,2024-01-20T06:27:33Z,gh-155
I Want To Go Back To Michigan,Laurel & Hardy,Trail Of The Lonesome Pine,False,INDIFFERENT,1:31,91,rNUm9oBJwwY,2024-01-20T06:26:02Z,gh-155
"At The Ball, That's All",Laurel & Hardy,Trail Of The Lonesome Pine,False,INDIFFERENT,2:04,124,1osNy2oSELI,2024-01-20T06:23:58Z,gh-155
The Heart Of A Gypsy,Laurel & Hardy,Trail Of The Lonesome Pine,False,INDIFFERENT,1:47,107,gDTbI_RbfXk,2024-01-20T06:22:11Z,gh-155
The Mousetrap Song,Laurel & Hardy,Trail Of The Lonesome Pine,False,INDIFFERENT,0:30,30,5kCI2cD-Nh0,2024-01-20T06:21:41Z,gh-155
Honolulu Baby,Laurel & Hardy,Trail Of The Lonesome Pine,False,INDIFFERENT,2:10,130,19w6lofhlHQ,2024-01-20T06:19:31Z,gh-155
Shine On Harvest Moon,Laurel & Hardy,Trail Of The Lonesome Pine,False,INDIFFERENT,1:16,76,BM5W-nGBTW8,2024-01-20T06:18:15Z,gh-155
Swing Along Children,Laurel & Hardy,Trail Of The Lonesome Pine,False,INDIFFERENT,1:05,65,soCHCcbkV8k,2024-01-20T06:17:10Z,gh-155
Trail Of The Lonesome Pine,Laurel & Hardy,Trail Of The Lonesome Pine,True,LIKE,2:04,124,5nVOwQRUvNs,2024-01-20T06:15:06Z,gh-155
Cry Me A River,Julie London,Julie Is Her Name,False,INDIFFERENT,2:59,179,gCGNYJOrebA,2024-01-20T06:12:07Z,gh-155
"Yes, Yes (My Baby Said Yes)",Ambrose & His Orchestra,The Very Best Of,False,INDIFFERENT,2:44,164,NYWZaYDUguA,2024-01-20T06:09:23Z,gh-155
Traditional: Joshua Fit De Battle Ob Jericho,Paul Robeson,Paul Robeson: The Complete EMI Sessions 1928-1939,False,INDIFFERENT,2:02,122,_rlyZxPYVKU,2024-01-20T06:07:21Z,gh-155
"Goodbye Little Dream, Goodbye",Jack Hylton & His Orchestra,I Get a Kick out of You - Great British Dance Bands Play Cole Porter (1935 - 1938),False,INDIFFERENT,3:15,195,xPcdz1t1nyI,2024-01-20T06:04:06Z,gh-155
The Girl Friend,George Olson & His Music,The Very Best Of,False,INDIFFERENT,2:52,172,WlLGKDGTc1c,2024-01-20T06:01:14Z,gh-155
Ain't Misbehavin',Arthur Young,Two 4 Jazz,False,INDIFFERENT,2:29,149,-R9nNN_T_z8,2024-01-20T05:58:45Z,gh-155
Five O'Clock Whistle (feat. Marjorie Kingsley),Harry Roy and His Band,"Big Band Hits, Vol. 2",False,INDIFFERENT,2:16,136,hyNwgp89x4o,2024-01-20T05:56:29Z,gh-155
Everybody Loves My Baby,The Boswell Sisters,The Boswell Sisters Collection Pt. 1,False,INDIFFERENT,2:20,140,zDrFzmyOBkQ,2024-01-20T05:54:09Z,gh-155
Jeepers Creepers,Paul Whiteman & His Swing Wing,The Dance Band Days,False,INDIFFERENT,2:17,137,DbduGgaKkmM,2024-01-20T05:51:52Z,gh-155
CARAVAN,BLUEGRASS QUINTET,Live in Japan 76,,INDIFFERENT,6:50,410,fU9V6Afq_Ig,2024-01-20T03:19:49Z,gh-153
NEW CAMPTOWN RACES,BLUEGRASS QUINTET,Live in Japan 76,,INDIFFERENT,3:22,202,Ci9D45EFyb4,2024-01-20T03:16:27Z,gh-153
LIMEHOUSE BLUES,David Grisman Quintet,Live At The Gamh 1979,,LIKE,3:55,235,kUYj4vJAQ2U,2024-01-20T03:12:32Z,gh-153
Caravan,Bill Keith,"Something Auld, Something Newgrass, Something Borrowed, Something Bluegrass",False,INDIFFERENT,5:19,319,krZWozSZnLk,2024-01-20T03:07:13Z,gh-153
Bit,Reginald Foresythe And His New Music,Pennies from Heaven - Original Soundtrack to the BBC Tv Series,False,INDIFFERENT,2:48,168,gHKhclt_AaY,2024-01-20T03:04:25Z,gh-153
I'll Get By (As Long As I Have You),Peggy Lee,Mink Jazz (Expanded Edition),False,INDIFFERENT,2:21,141,bvLZc3C0za8,2024-01-20T03:02:04Z,gh-153
"Come On, Be Happy",Jack Jackson & His Orchestra,Charleston All Night! The Very Best Of,False,INDIFFERENT,2:49,169,I5UP5fkBjNI,2024-01-20T02:59:15Z,gh-153
Stardust,Hoagy Carmichael,The Stardust Road,False,INDIFFERENT,2:27,147,COrHHeoaNAo,2024-01-20T02:56:48Z,gh-153
I'll Get By (As Long As I Have You),Peggy Lee,Mink Jazz (Expanded Edition),False,INDIFFERENT,2:21,141,bvLZc3C0za8,2024-01-20T03:04:05Z,gh-152
"Come On, Be Happy",Jack Jackson & His Orchestra,Charleston All Night! The Very Best Of,False,INDIFFERENT,2:49,169,I5UP5fkBjNI,2024-01-20T03:01:16Z,gh-152
Stardust,Hoagy Carmichael,The Stardust Road,False,INDIFFERENT,2:27,147,COrHHeoaNAo,2024-01-20T02:58:49Z,gh-152
Cheek to Cheek,Lew Stone,The Dance Band Days,False,INDIFFERENT,3:04,184,5BRUyLCYNgE,2024-01-20T02:55:45Z,gh-152
Cheek to Cheek,Lew Stone,The Dance Band Days,False,INDIFFERENT,3:04,184,5BRUyLCYNgE,2024-01-20T02:57:48Z,gh-151
Love Is Good for Anything That Ails You,Orlando and His Gleneagles Hotel Orchestra,Pennies from Heaven - Original Soundtrack to the BBC Tv Series,False,INDIFFERENT,2:31,151,iLqCAMoaDCs,2024-01-20T02:54:27Z,gh-150
Fanlight Fanny,George Formby,Leaning On A Lamp Post - Greatest Hits,False,INDIFFERENT,3:02,182,aPsnWtVSPt0,2024-01-20T02:51:25Z,gh-150
Mood Indigo (Piano Duet),"Arthur Young, Reginald Foresythe","The Serenades, Lullabyes and Melancholia of Reginald Foresythe",False,INDIFFERENT,2:52,172,QFrUp-PWszE,2024-01-20T02:48:33Z,gh-150
Solitude (Piano Duet),"Arthur Young, Reginald Foresythe","The Serenades, Lullabyes and Melancholia of Reginald Foresythe",False,INDIFFERENT,2:50,170,M-pyBpOM11M,2024-01-20T02:45:43Z,gh-150
Volcanic (Eruption for Orchestra),Reginald Foresythe,"The Serenades, Lullabyes and Melancholia of Reginald Foresythe",False,INDIFFERENT,2:58,178,wxZqQJy5sGw,2024-01-20T02:42:45Z,gh-150
Volcanic (Eruption for Orchestra),Reginald Foresythe,"The Serenades, Lullabyes and Melancholia of Reginald Foresythe",False,INDIFFERENT,2:58,178,wxZqQJy5sGw,2024-01-20T02:43:12Z,gh-149
Bit,Reginald Foresythe,"The Serenades, Lullabyes and Melancholia of Reginald Foresythe",False,INDIFFERENT,2:47,167,RTR5PQDNLH0,2024-01-20T02:39:08Z,gh-148
The Greener the Grass,Reginald Foresythe,"The Serenades, Lullabyes and Melancholia of Reginald Foresythe",False,INDIFFERENT,2:58,178,yPl2Hr-SI4c,2024-01-20T02:36:10Z,gh-148
Revolt of the Yes-Men,Reginald Foresythe,"The Serenades, Lullabyes and Melancholia of Reginald Foresythe",False,INDIFFERENT,2:41,161,jlpiCxV4TE0,2024-01-20T02:33:29Z,gh-148
Lullaby (For Mildred Bailey),Reginald Foresythe,"The Serenades, Lullabyes and Melancholia of Reginald Foresythe",False,INDIFFERENT,3:18,198,0A8iQB8AvAo,2024-01-20T02:30:11Z,gh-148
St. Louis Blues (Solo Piano),Reginald Foresythe,"The Serenades, Lullabyes and Melancholia of Reginald Foresythe",False,INDIFFERENT,2:58,178,-Ri2Vn8-MRk,2024-01-20T02:27:13Z,gh-148
Lament for Congo (A Hymn to Darkness #2),Reginald Foresythe,"The Serenades, Lullabyes and Melancholia of Reginald Foresythe",False,INDIFFERENT,2:53,173,8yvpEC_Ybr4,2024-01-20T02:24:20Z,gh-148
Deep Forest (A Hymn to Darkness #1),Reginald Foresythe,"The Serenades, Lullabyes and Melancholia of Reginald Foresythe",False,INDIFFERENT,3:05,185,pGG2HHmV0qM,2024-01-20T02:21:15Z,gh-148
Berceuse for an Unwanted Child,Reginald Foresythe,"The Serenades, Lullabyes and Melancholia of Reginald Foresythe",False,INDIFFERENT,2:46,166,1wWGIYctx-k,2024-01-20T02:18:29Z,gh-148
Follow the Sun (Piano Duet),"Arthur Young, Reginald Foresythe","The Serenades, Lullabyes and Melancholia of Reginald Foresythe",False,INDIFFERENT,2:41,161,aDfQwrUWdws,2024-01-20T02:15:48Z,gh-148
The Duke Insists,Reginald Foresythe,"The Serenades, Lullabyes and Melancholia of Reginald Foresythe",False,INDIFFERENT,2:44,164,NcOE-KHSxc0,2024-01-20T02:13:04Z,gh-148
The Melancholy Clown,Reginald Foresythe,"The Serenades, Lullabyes and Melancholia of Reginald Foresythe",False,INDIFFERENT,2:49,169,x4CP1ZF4Y6k,2024-01-20T02:10:15Z,gh-148
The Autocrat Before Breakfast,Reginald Foresythe,"The Serenades, Lullabyes and Melancholia of Reginald Foresythe",False,INDIFFERENT,2:49,169,PwwpYtcJGQk,2024-01-20T02:07:26Z,gh-148
Because It's Love (For Elisabeth Welch) (Solo Piano),Reginald Foresythe,"The Serenades, Lullabyes and Melancholia of Reginald Foresythe",False,INDIFFERENT,3:13,193,PLyNN7rf14s,2024-01-20T02:04:13Z,gh-148
Burlesque,Reginald Foresythe,"The Serenades, Lullabyes and Melancholia of Reginald Foresythe",False,INDIFFERENT,2:47,167,Ni6pcRbFfRw,2024-01-20T02:01:26Z,gh-148
Garden of Weed,Reginald Foresythe,"The Serenades, Lullabyes and Melancholia of Reginald Foresythe",False,INDIFFERENT,2:51,171,NYs27CbFJvU,2024-01-20T01:58:35Z,gh-148
Angry Jungle,Reginald Foresythe,"The Serenades, Lullabyes and Melancholia of Reginald Foresythe",False,INDIFFERENT,2:45,165,0h3wIQNl6iI,2024-01-20T01:55:50Z,gh-148
Tonight at 8: 30 (Piano Duet),"Arthur Young, Reginald Foresythe","The Serenades, Lullabyes and Melancholia of Reginald Foresythe",False,INDIFFERENT,3:06,186,LSZwp_mzbfo,2024-01-20T01:52:44Z,gh-148
Dodging a Divorcee,Reginald Foresythe,"The Serenades, Lullabyes and Melancholia of Reginald Foresythe",False,INDIFFERENT,3:03,183,FZHJxAfCu60,2024-01-20T01:49:41Z,gh-148
Serenade for a Wealthy Widow,Reginald Foresythe,"The Serenades, Lullabyes and Melancholia of Reginald Foresythe",False,INDIFFERENT,2:52,172,yXT4qgGlElg,2024-01-20T01:46:49Z,gh-148
Tiger Rag (Piano Duet),"Arthur Young, Reginald Foresythe","The Serenades, Lullabyes and Melancholia of Reginald Foresythe",False,INDIFFERENT,2:30,150,ZgGWbBskUb8,2024-01-20T01:44:19Z,gh-148
Breaking Down,Mike Lawson & Friends,Evidence Concerning Apparitions,True,LIKE,4:00,240,uyEP5NKRQT0,2024-01-20T01:30:54Z,commit:a1e233d2
Loretta,Townes Van Zandt,Flyin' Shoes,False,INDIFFERENT,3:56,236,9ZhYqYuhiys,2024-01-20T01:26:58Z,commit:a1e233d2
Can't Help But Wonder Where I'm Bound (Acoustic),Moonalice,Mother & Child,False,INDIFFERENT,3:57,237,4S3as0jgjbE,2024-01-20T01:23:01Z,commit:a1e233d2
Sally Goodin',Nat Keefe with The Bow Ties,Sally Goodin',False,INDIFFERENT,3:50,230,X_DgAiTRuSU,2024-01-20T01:19:11Z,commit:a1e233d2
Our Life's Work,Chuck Darwin and The Knuckledraggers,Three Car Pileup,,LIKE,2:35,155,p2iKO2q8_8g,2024-01-20T01:16:36Z,commit:a1e233d2
'39,Queen,A Night At The Opera (Deluxe Remastered Version),False,INDIFFERENT,3:31,211,Gkdi-vkMGz4,2024-01-20T01:13:05Z,commit:a1e233d2
Beer Taste Good,Casey Donahew,Built Different,False,INDIFFERENT,3:11,191,s-sv27tIAQo,2024-01-20T01:09:54Z,commit:a1e233d2
"Holland, 1945",Neutral Milk Hotel,In the Aeroplane Over the Sea,False,INDIFFERENT,3:12,192,3eNK38nmzw4,2024-01-20T01:06:42Z,commit:a1e233d2
S.O.B.,Nathaniel Rateliff & The Night Sweats,Nathaniel Rateliff & The Night Sweats,False,DISLIKE,4:08,248,OhEWoKttcEI,2024-01-20T01:02:34Z,commit:a1e233d2
Out On The Weekend (Live),Nathaniel Rateliff & The Night Sweats,Live At Red Rocks,False,INDIFFERENT,4:00,240,JT11y0bx7gs,2024-01-20T00:58:34Z,commit:a1e233d2
All My Rowdy Friends Are Coming Over Tonight,"Hank Williams, Jr.",Major Moves,False,INDIFFERENT,2:58,178,kjgc90Yf0as,2024-01-20T00:55:36Z,commit:a1e233d2
Rocky Top,Phish,Amsterdam,,INDIFFERENT,3:12,192,G7Xsla0GjWM,2024-01-20T00:52:24Z,commit:a1e233d2
Call to Arms,Sturgill Simpson,A Sailor's Guide to Earth,True,LIKE,5:30,330,VuiR4AtH1fc,2024-01-20T00:46:54Z,commit:a1e233d2
Around the World (Radio Edit),Daft Punk,Around the World,False,INDIFFERENT,4:02,242,ARfJ55bUAw0,2024-01-20T00:42:52Z,commit:a1e233d2
Peach (Xtended Jam) (Live from One Nite Alone Tour...The Aftershow),Prince,One Nite Alone... The Aftershow: It Ain't Over! (Up Late with Prince & The NPG) (Live),,INDIFFERENT,11:20,680,s1TwexjiZMc,2024-01-20T00:31:32Z,commit:a1e233d2
Alphabet Street (Live from One Nite Alone Tour...The Aftershow),Prince,One Nite Alone... The Aftershow: It Ain't Over! (Up Late with Prince & The NPG) (Live),,LIKE,2:56,176,vtsZQtkFb9U,2024-01-20T00:28:36Z,commit:a1e233d2
Old Joe Clark,John Hartford,Morning Bugle,True,LIKE,5:53,353,2yneC-iAHWM,2024-01-20T00:22:43Z,commit:a1e233d2
The Poor Old Prurient Interest Blues,John Hartford,John Hartford,False,INDIFFERENT,2:41,161,DM6R598w4XY,2024-01-20T00:20:02Z,commit:a1e233d2
Honky Tonk Heroes,Waylon Jennings,Honky Tonk Heroes,False,INDIFFERENT,3:36,216,SRJhsYf-jok,2024-01-20T00:16:26Z,commit:a1e233d2
She's All I Got,Johnny Paycheck,Columbia Country Classics - Volume 4: The Nashville Sound,False,INDIFFERENT,2:54,174,P_9ooCUgBWQ,2024-01-20T00:13:32Z,commit:a1e233d2
Large Garbage Barge,Jacob Jolliff,The Jacob Jolliff Band,,LIKE,3:58,238,umeEbTDnwb0,2024-01-20T00:09:34Z,commit:a1e233d2
Tweezer,Phish,"2023-12-30 New York, NY - Madison Square Garden (MTX)",,INDIFFERENT,13:11,791,0o9DhcyP0Yo,2024-01-19T23:56:23Z,commit:a1e233d2
The Well >,Phish,"2023-12-30 New York, NY - Madison Square Garden (MTX)",,INDIFFERENT,6:23,383,7fhU-ExQTV0,2024-01-19T23:50:00Z,commit:a1e233d2
Tweezer,Phish,"2023-12-30 New York, NY - Madison Square Garden (MTX)",,INDIFFERENT,13:11,791,0o9DhcyP0Yo,2024-01-19T21:14:22Z,commit:bf70fa05
The Well >,Phish,"2023-12-30 New York, NY - Madison Square Garden (MTX)",,INDIFFERENT,6:23,383,7fhU-ExQTV0,2024-01-19T21:07:59Z,commit:bf70fa05
Life Saving Gun,Phish,"2023-12-30 New York, NY - Madison Square Garden (MTX)",,INDIFFERENT,13:23,803,1Ft85g_s0v0,2024-01-19T18:18:51Z,commit:2945690e
It’s Ice >,Phish,"2023-12-30 New York, NY - Madison Square Garden (MTX)",,INDIFFERENT,7:41,461,f0ES4ST-0UA,2024-01-19T18:11:10Z,commit:2945690e
Train Song,Phish,"2023-12-30 New York, NY - Madison Square Garden (MTX)",,INDIFFERENT,2:47,167,lnfW_a75d-Y,2024-01-19T18:08:23Z,commit:2945690e
Fuego >,Phish,"2023-12-30 New York, NY - Madison Square Garden (MTX)",,INDIFFERENT,16:38,998,7RAxFl4zp9w,2024-01-19T17:51:45Z,commit:2945690e
Kill Devil Falls,Phish,"2023-12-30 New York, NY - Madison Square Garden (MTX)",,INDIFFERENT,8:25,505,yw6iO0CaVXw,2024-01-19T17:43:20Z,commit:2945690e
Undermind,Phish,"2023-12-30 New York, NY - Madison Square Garden (MTX)",,INDIFFERENT,8:48,528,QziLO_5n-L8,2024-01-19T17:34:32Z,commit:2945690e
Turtle In The Clouds,Phish,"2023-12-30 New York, NY - Madison Square Garden (MTX)",,INDIFFERENT,6:58,418,Xs-1m4qSgyA,2024-01-19T17:27:34Z,commit:2945690e
Wolfman’s Brother,Phish,"2023-12-30 New York, NY - Madison Square Garden (MTX)",,INDIFFERENT,11:21,681,A3F_OxZ-a9k,2024-01-19T17:16:13Z,commit:2945690e
Backwards Down The Number Line,Phish,"2023-12-30 New York, NY - Madison Square Garden (MTX)",,INDIFFERENT,7:13,433,4OUBNm4-MSo,2024-01-19T17:09:00Z,commit:2945690e
Misty,Johnny Mathis,Heavenly,False,INDIFFERENT,3:37,217,Ytb_T7eTAKI,2024-01-19T17:05:23Z,commit:2945690e
My One And Only Love,"John Coltrane, Johnny Hartman",John Coltrane And Johnny Hartman,False,INDIFFERENT,4:56,296,fue4mYwJjeU,2024-01-19T17:00:27Z,commit:2945690e
Desafinado,"João Gilberto, Stan Getz",Getz/Gilberto,False,INDIFFERENT,4:16,256,oqHONL-LZ58,2024-01-19T16:56:11Z,commit:2945690e
A Taste of Honey,Paul Desmond,Glad To Be Unhappy,False,INDIFFERENT,4:26,266,0gOX4W2PNGM,2024-01-19T16:51:45Z,commit:2945690e
Dream Girl,Luiz Bonfa,The Brazilian Scene,False,INDIFFERENT,2:49,169,fLnerWnHfXE,2024-01-19T16:48:56Z,commit:2945690e
Sambalero,Luiz Bonfa,The Brazilian Scene,False,INDIFFERENT,2:14,134,XBzhHrWjptk,2024-01-19T16:46:42Z,commit:2945690e
Her Face,Luiz Bonfa,The Brazilian Scene,False,INDIFFERENT,3:15,195,cOc1Mas0WdI,2024-01-19T16:43:27Z,commit:2945690e
Bye Bye Blues,Luiz Bonfa,The Brazilian Scene,False,INDIFFERENT,2:07,127,PuNrecwITlU,2024-01-19T16:41:20Z,commit:2945690e
"21 Hungarian Dances, WoO 1: XIX. Allegretto",London Festival Orchestra,The Classical Colletion - Brahms - Obras maestras orquestrales,False,INDIFFERENT,2:02,122,ml_49lmbOmc,2024-01-18T20:09:15Z,commit:f28fbcd7
"Prokofiev: Symphony No. 1 in D, Op. 25 ""Classical Symphony"" - 3. Gavotta (Non troppo allegro)","London Symphony Orchestra, Sergei Prokofiev, Walter Weller",Prokofiev: Complete Symphonies,False,INDIFFERENT,1:38,98,5tER-fRpvuI,2024-01-18T20:07:37Z,commit:f28fbcd7
"Vivaldi: Concerto for Violin and Strings in G minor, Op. 8, No. 2, R.315 ""L'estate"" - 3. Presto (Tempo impetuoso d'estate)","Felix Ayo, I Musici",Vivaldi: Le Quattro Stagioni (The 4 Seasons),False,INDIFFERENT,3:16,196,hkDwOv-MIHE,2024-01-18T20:04:21Z,commit:f28fbcd7
"Holst: The Planets, Op. 32 - 4. Jupiter, the Bringer of Jollity","Berliner Philharmoniker, Gustav Holst, Herbert von Karajan",Holst: The Planets,False,INDIFFERENT,7:36,456,wvfz23jZz6c,2024-01-18T19:56:45Z,commit:f28fbcd7
"The 4 Seasons, Op. 8/4, RV 297, ""Winter""",St. Mark's Philharmonic Orchestra,Vivaldi: All Time Greatest Moments,False,INDIFFERENT,9:25,565,_FeJFs6LJjU,2024-01-18T19:47:20Z,commit:f28fbcd7
Star of Bethlehem (Instrumental),John Williams,Home Alone (Original Motion Picture Soundtrack) (Anniversary Edition),False,INDIFFERENT,2:52,172,KIUtb696uhs,2024-01-18T19:44:28Z,commit:f28fbcd7
"The Nutcracker, Op. 71, Act I, Scene 2: No. 9, Waltz of the Snowflakes (feat. Libera)","Berliner Philharmoniker, Sir Simon Rattle",Tchaikovsky: The Nutcracker (Discovery Edition),False,INDIFFERENT,6:41,401,fo3yFy-roR8,2024-01-18T19:37:47Z,commit:f28fbcd7
"Elgar: Variations on an Original Theme, Op. 36 ""Enigma"" - Theme (Andante)","Giuseppe Sinopoli, Philharmonia Orchestra",Elgar: Enigma Variations; Cello Concerto; Serenade For Strings,False,INDIFFERENT,1:34,94,BrbtzlPijKo,2024-01-18T19:36:13Z,commit:f28fbcd7
"Tchaikovsky: Swan Lake, Op. 20, TH.12 / Act 2 - No. 10 Scène (Moderato)","Charles Dutoit, Orchestre symphonique de Montréal, Pyotr Ilyich Tchaikovsky",Tchaikovsky: Swan Lake,False,INDIFFERENT,2:56,176,ItMDZDExhKw,2024-01-18T19:33:17Z,commit:f28fbcd7
Elvira Madigan (Andante),Paul Brooks,Meditation,False,INDIFFERENT,2:18,138,xp4nYG441ho,2024-01-18T19:30:59Z,commit:f28fbcd7
Beethoven: Speaking Unto Nations (Beethoven Symphony no 7 - II ),Terry Davies,The King's Speech (International Version),False,INDIFFERENT,5:03,303,FpCr4Z1iK54,2024-01-18T19:25:56Z,commit:f28fbcd7
"Beethoven - Symphony No.7 in A major op.92 - II, Allegretto","16M views, neuIlaryRheinKlange",,,INDIFFERENT,8:47,527,vCHREyE5GzQ,2024-01-18T19:17:09Z,commit:f28fbcd7
"Prokofiev: Romeo and Juliet, Op. 64 / Act 1 - Dance Of The Knights","Lorin Maazel, Sergei Prokofiev, The Cleveland Orchestra",Prokofiev: Romeo & Juliet,False,INDIFFERENT,5:08,308,XX6GHiFKovw,2024-01-18T18:26:48Z,commit:89c6833b
Moment Musical in F Minor,Alfred Scholz,133 Finest Moments in Classical,False,INDIFFERENT,1:54,114,gq5zokNDNI4,2024-01-18T18:24:54Z,commit:89c6833b
"16 Waltzes, Op. 39: No. 15 in A-Flat Major",Moura Lympany,Piano Favorites,False,INDIFFERENT,1:40,100,e1kZKGGIueE,2024-01-18T18:23:14Z,commit:89c6833b
"Swan Lake Op, 20, Act II: No. 10 Szene",London Concert Orchestra,The Best Of Tchaikovsky,False,INDIFFERENT,3:17,197,ogCb_oxMI-8,2024-01-18T18:19:57Z,commit:89c6833b
Bizet: Carmen Suite No. 1 - Les toréadors,"London Symphony Orchestra, Sir Neville Marriner",Music From The Heart Of Spain,False,INDIFFERENT,2:21,141,T0PggZQihFA,2024-01-18T18:17:36Z,commit:89c6833b
"16 Waltzes, Op. 39: No. 15 in A-Flat Major",Idil Biret,"Brahms: Hungarian Dances - Waltzes, Op. 39",False,INDIFFERENT,1:34,94,3Hf8ul1hibc,2024-01-18T18:16:02Z,commit:89c6833b
"The Nutcracker, Op. 71, Act II: No. 13, Waltz of the Flowers","Berliner Philharmoniker, Sir Simon Rattle",Tchaikovsky: The Nutcracker,False,INDIFFERENT,6:56,416,9LEZA9IQDDs,2024-01-18T18:09:06Z,commit:89c6833b
"The Nutcracker, Op. 71, Act II: No. 15, Final Waltz and Apotheosis","Berliner Philharmoniker, Sir Simon Rattle",Tchaikovsky: The Nutcracker,False,INDIFFERENT,4:52,292,8B3RoWA4xUU,2024-01-18T18:04:14Z,commit:89c6833b
"Messiah: Part I, No 4. And the Glory of the Lord","London Symphony Orchestra, Sir Colin Davis, Tenebrae Choir",Handel: Messiah,False,INDIFFERENT,2:45,165,4_3cnpfs0aQ,2024-01-18T18:01:29Z,commit:89c6833b
"The Four Seasons, Violin Concerto in F Minor, Op. 8 No. 4, RV 297 ""Winter"": II. Largo (feat. I Solisti dell'Orchestra Filarmonica della Scala & Robert Kettelson)",Giulio Franzetti,Vivaldi: The Four Seasons etc.,False,INDIFFERENT,2:35,155,uXrPTUXOptg,2024-01-18T17:58:54Z,commit:89c6833b
"Water Music - Suite #1 In F, HWV 348 - Alla Hornpipe",Jordi Savall,Haendel: Water Music & Music for the Royal Fireworks,False,INDIFFERENT,4:04,244,SsM25EBXN58,2024-01-18T17:54:50Z,commit:89c6833b
"Handel: Zadok the Priest (Coronation Anthem No. 1, HWV 258)","Simon Preston, The Choir of Westminster Abbey, The English Concert, Trevor Pinnock",Handel: Coronation Anthems; Concerti a Due Cori,True,LIKE,5:24,324,y0hJP245LyI,2024-01-18T17:49:26Z,commit:89c6833b
Rocky Road Blues,Hot Rize,Take It Home,False,INDIFFERENT,2:15,135,XN02hU2TOX4,2024-01-18T17:47:11Z,commit:89c6833b
Twin Sisters,Doc & Merle Watson,Down South,,INDIFFERENT,1:40,100,sX06bB3hYFo,2024-01-18T17:45:31Z,commit:89c6833b
Fiddler's Dram / Whiskey Before Breakfast,Norman Blake,Whiskey Before Breakfast,,INDIFFERENT,3:34,214,wJVEohgugU4,2024-01-18T17:41:57Z,commit:89c6833b
New Chance Blues,"Norman Blake, Tony Rice",Blake & Rice,,INDIFFERENT,2:16,136,0Cgr6BoZDdM,2024-01-18T17:39:41Z,commit:89c6833b
Yellow Barber (Live),John Hartford,Live From Mountain Stage,,INDIFFERENT,1:41,101,U56w_7vk80k,2024-01-18T17:38:00Z,commit:89c6833b
Cluck Old Hen,"Dirk Powell, John Hermann, Tim O'Brien",Songs From The Mountain,,INDIFFERENT,2:04,124,LtdHBnYFnp0,2024-01-18T17:35:56Z,commit:89c6833b
June Apple,Brittany Haas,Brittany Haas,False,INDIFFERENT,2:59,179,ZTTrnNFsDd4,2024-01-18T17:32:57Z,commit:89c6833b
First Snow,Tim O'Brien,Fiddler's Green,False,INDIFFERENT,2:22,142,UZ8wjLWJ-ak,2024-01-18T17:30:35Z,commit:89c6833b
Good In The Kitchen,Bearfoot,Doors and Windows,False,INDIFFERENT,1:30,90,Y2SYVR95dO0,2024-01-18T17:29:05Z,commit:89c6833b
Coon Dog,Uncle Earl,Going to the Western Slope,False,INDIFFERENT,2:27,147,sxP_ayn30Fk,2024-01-18T17:26:38Z,commit:89c6833b
Western Skies,Hot Rize,When I'm Free,False,INDIFFERENT,2:43,163,XCHVL_po2jI,2024-01-18T17:23:55Z,commit:89c6833b
Sally Ann,Wade Ward,Clawhammer Banjo Volume One,False,INDIFFERENT,1:33,93,Ny92iQYxL14,2024-01-18T17:22:22Z,commit:89c6833b
Old Joe Clark / June Apple,Tony Trischka,Solo Banjo Works,False,INDIFFERENT,1:47,107,ci5BjiInlPQ,2024-01-18T17:20:35Z,commit:89c6833b
Red Dog in the Morning,Tim O'Brien,Chameleon,False,INDIFFERENT,2:41,161,m3rqZmH6UwA,2024-01-18T17:17:54Z,commit:89c6833b
Little Sadie,"Doc Watson, Merle Watson",Doc Watson & Son,False,INDIFFERENT,2:01,121,oJIerz1DtDI,2024-01-18T17:15:53Z,commit:89c6833b
Room At The Top Of The Stairs,"David Grisman, John Hartford, Mike Seeger",Retrograss,False,INDIFFERENT,2:11,131,NA9i5Ny3mcw,2024-01-18T17:13:42Z,commit:89c6833b
Cherokee Trail / Glory In The Meeting House,"Dirk Powell, John Hermann, Tim O'Brien",Songs From The Mountain,,LIKE,2:08,128,8F1UZQcIles,2024-01-18T17:11:34Z,commit:89c6833b
Monroe's Hornpipe,"Norman Blake, Tony Rice",Blake & Rice,,INDIFFERENT,2:17,137,lVEpnrfHCCw,2024-01-18T17:09:17Z,commit:89c6833b
Sugar in the Gourd,Furnace Mountain,Fields of Fescue,False,INDIFFERENT,2:28,148,kozTMrjozB0,2024-01-18T17:06:49Z,commit:89c6833b
Bowling Green,Furnace Mountain,Fields of Fescue,False,INDIFFERENT,2:53,173,8Y82BLiOVzY,2024-01-18T17:03:56Z,commit:89c6833b
Watermelon Seed,Furnace Mountain,Fields of Fescue,False,INDIFFERENT,3:45,225,vB5KULdCbk8,2024-01-18T17:00:11Z,commit:89c6833b
Ooh Belle,Furnace Mountain,Fields of Fescue,False,INDIFFERENT,3:47,227,pQAfRBo9ExA,2024-01-18T16:56:24Z,commit:89c6833b
Factory Girl,Furnace Mountain,Fields of Fescue,False,INDIFFERENT,4:30,270,9Fzmi464EmA,2024-01-18T16:51:54Z,commit:89c6833b
Turbo Dog,Furnace Mountain,Fields of Fescue,False,INDIFFERENT,3:06,186,Mt1ChAbAbFo,2024-01-18T16:48:48Z,commit:89c6833b
Bad Girl,Furnace Mountain,Fields of Fescue,False,INDIFFERENT,4:23,263,NjTVMPHelTg,2024-01-18T16:44:25Z,commit:89c6833b
Graveyard / John Brown's Dream,Furnace Mountain,Fields of Fescue,False,INDIFFERENT,3:45,225,pGS21Vv1OQA,2024-01-18T16:40:40Z,commit:89c6833b
Pretty Little Widow,Furnace Mountain,Fields of Fescue,False,INDIFFERENT,2:18,138,IIZfGyOpl4A,2024-01-18T16:38:22Z,commit:89c6833b
Winter's Night,Furnace Mountain,Fields of Fescue,False,INDIFFERENT,3:08,188,ZUUrFsQInio,2024-01-18T16:35:14Z,commit:89c6833b
Rattlesnake / Black Mountain Rag,Furnace Mountain,Fields of Fescue,False,INDIFFERENT,3:59,239,xLRIbdKXpJo,2024-01-18T16:31:15Z,commit:89c6833b
Fields of Fescue,Furnace Mountain,Fields of Fescue,False,INDIFFERENT,2:40,160,YD-RNVa9yxo,2024-01-18T16:28:35Z,commit:89c6833b
#20,Aphex Twin,Selected Ambient Works Volume II,False,INDIFFERENT,4:16,256,w3ssNqg8U1c,2024-01-18T15:24:16Z,commit:3501072a
Matta (Remastered 2005),Brian Eno,Apollo,False,INDIFFERENT,4:20,260,W8c8Oy2ipRM,2024-01-18T15:19:56Z,commit:3501072a
Currents (220v Offshore),Phonem,Hydro Electric,False,INDIFFERENT,6:48,408,VsGHR1gHcKw,2024-01-18T15:13:08Z,commit:3501072a
An Eagle in Your Mind,Boards of Canada,Music Has The Right To Children,True,INDIFFERENT,6:26,386,VCcU-vg-woY,2024-01-18T15:06:42Z,commit:3501072a
Heliosphan,Aphex Twin,Selected Ambient Works 85-92,False,INDIFFERENT,4:54,294,Xxk-ryO6J2I,2024-01-18T15:01:48Z,commit:3501072a
Dusk You & Me,Groove Armada,Vertigo,False,INDIFFERENT,5:38,338,pn_9e2uYk9c,2024-01-18T14:56:10Z,commit:3501072a
Yu Mountain,Plaid,The Digging Remedy,False,INDIFFERENT,4:05,245,ois75tvneYA,2024-01-18T14:52:05Z,commit:3501072a
Triangles & Rhombuses,Boards of Canada,Music Has The Right To Children,True,INDIFFERENT,1:51,111,RSoXysR12Qc,2024-01-18T14:50:14Z,commit:3501072a
Ted,Clark,Body Riddle,False,INDIFFERENT,2:55,175,PsT-nbVBsXw,2024-01-18T14:47:19Z,commit:3501072a
Mdrmx,Brothomstates,Claro,False,INDIFFERENT,6:00,360,ZRnA18TI6Oc,2024-01-18T14:41:19Z,commit:3501072a
Unicorn,Four Tet,Beautiful Rewind,False,INDIFFERENT,3:30,210,pfcj_jOoKIw,2024-01-18T14:37:49Z,commit:3501072a
Amo Bishop Roden,Boards of Canada,In A Beautiful Place Out In The Country,False,INDIFFERENT,6:17,377,KZbFpcEl-8o,2024-01-18T14:31:32Z,commit:3501072a
Teardrop (feat. Elizabeth Fraser),Massive Attack,Mezzanine,False,INDIFFERENT,5:31,331,3h-JYx76QNM,2024-01-18T14:26:01Z,commit:3501072a
Eutow,Autechre,Tri Repetae,False,INDIFFERENT,4:16,256,13ZJ4_y30Ok,2024-01-18T14:21:45Z,commit:3501072a
Gorecki,Lamb,Lamb,False,INDIFFERENT,6:31,391,cfsmETjZhwY,2024-01-18T14:15:14Z,commit:3501072a
Oscar See Through Red Eye,Boards of Canada,The Campfire Headphase,False,INDIFFERENT,5:09,309,Gwx-sl-4JXs,2024-01-18T14:10:05Z,commit:3501072a
Founded,Plaid,scintilli,False,INDIFFERENT,3:09,189,EGMCbMix8h0,2024-01-18T14:06:56Z,commit:3501072a
Vespers,Bola,Mauver,False,INDIFFERENT,6:52,412,qc76eo5ETbw,2024-01-18T12:39:23Z,commit:3736545e
Bubble Life,Squarepusher,Hello Everything,False,INDIFFERENT,2:54,174,iITvUc6DMSc,2024-01-18T12:36:29Z,commit:3736545e
Telephasic Workshop,Boards of Canada,Music Has The Right To Children,True,INDIFFERENT,6:36,396,soAH__YofsM,2024-01-18T12:29:53Z,commit:3736545e
On Your Marks,Bonobo,Days To Come,False,INDIFFERENT,4:12,252,DcRBvAe70S8,2024-01-18T12:25:41Z,commit:3736545e
In McDonalds,Burial,Untrue,False,INDIFFERENT,2:07,127,8GjESYARiJU,2024-01-18T12:23:34Z,commit:3736545e
Heat Death Of The Universe,Fila Brazillia,Luck Be a Weirdo Tonight,False,INDIFFERENT,7:45,465,1mCO440DjnM,2024-01-18T12:15:49Z,commit:3736545e
Satellite Anthem Icarus,Boards of Canada,The Campfire Headphase,False,INDIFFERENT,6:05,365,qAVM8vQGQxI,2024-01-18T12:09:44Z,commit:3736545e
Shakatakadoodub,"Dorfmeister, Kruder",Ninja Cuts - Flexistentialism,False,INDIFFERENT,7:15,435,o05QJzi3k70,2024-01-18T12:02:29Z,commit:3736545e
Song of Life,Leftfield,Leftism,False,INDIFFERENT,7:04,424,4_n-BQ1fZ_E,2024-01-18T11:55:25Z,commit:3736545e
Sing It Back,Moloko,I Am Not a Doctor,False,INDIFFERENT,4:24,264,0lGXDFHnyag,2024-01-18T11:51:01Z,commit:3736545e
Happy Cycling,Boards of Canada,Music Has The Right To Children,True,INDIFFERENT,7:53,473,DAM7OeFpgoE,2024-01-18T11:43:08Z,commit:3736545e
Nine,Autechre,Amber,False,INDIFFERENT,3:41,221,TZ7RF7dCCgc,2024-01-18T11:39:27Z,commit:3736545e
The Wider Sun,Jon Hopkins,Insides,False,INDIFFERENT,2:35,155,K32txPlV64I,2024-01-18T11:36:52Z,commit:3736545e
Papua New Guinea (Blue States Full Length Mix),The Future Sound Of London,Accelerator Deluxe,False,INDIFFERENT,5:47,347,m2tsHIDWElI,2024-01-18T11:31:05Z,commit:3736545e
Kid for Today,Boards of Canada,In A Beautiful Place Out In The Country,False,INDIFFERENT,6:24,384,zV0P-WO0Mds,2024-01-18T11:24:41Z,commit:3736545e
Secret Stair #1,U-Ziq,Lunatic Harness,False,INDIFFERENT,4:17,257,_aSO6NMRW0I,2024-01-18T11:20:24Z,commit:3736545e
I Made a Tree on the Wold,Telefon Tel Aviv,Immolate Yourself,False,INDIFFERENT,4:39,279,YZ2b2myb4aA,2024-01-18T11:15:45Z,commit:3736545e
Alberto Balsalm,Aphex Twin,...I Care Because You Do,False,INDIFFERENT,5:11,311,-ZVZgCrHy5E,2024-01-18T11:10:34Z,commit:3736545e
Music Is Math,Boards of Canada,Geogaddi,False,INDIFFERENT,5:22,322,lhPWJHrwgR4,2024-01-18T11:05:12Z,commit:3736545e
Antennaria,Biosphere,Substrata + Man with a Movie Camera,False,INDIFFERENT,5:04,304,WYZAXMwLjLM,2024-01-18T11:00:08Z,commit:3736545e
In Your Own Time,Amon Tobin,Dark Jovian,False,INDIFFERENT,3:06,186,l78B4TNG88M,2024-01-18T10:57:02Z,commit:3736545e
2X202-ST5,Aphex Twin,Cheetah EP,False,INDIFFERENT,4:40,280,MPW3oh5a4FU,2024-01-18T10:52:22Z,commit:3736545e
Chromakey Dreamcoat,Boards of Canada,The Campfire Headphase,False,INDIFFERENT,5:48,348,ex6-A803EnE,2024-01-18T10:46:34Z,commit:3736545e
Ten Hours,Arovane,Lilies,False,INDIFFERENT,3:02,182,6tQw6RjECl8,2024-01-18T10:43:32Z,commit:3736545e
Kalpol Introl,Autechre,Incunabula,False,INDIFFERENT,3:19,199,kE8gg-KBzf4,2024-01-18T10:40:13Z,commit:3736545e
Redruth School,Polygon Window,Surfing On Sine Waves,False,INDIFFERENT,2:44,164,LqcKEiWGWhs,2024-01-18T10:37:29Z,commit:3736545e
Sixtyniner,Boards of Canada,Twoism,False,INDIFFERENT,5:18,318,3JPPFG-Np4M,2024-01-18T10:32:11Z,commit:3736545e
Petroleum Tinged,Clark,Clark,False,INDIFFERENT,1:38,98,o9vrgw0dyvw,2024-01-18T10:30:33Z,commit:3736545e
Ropen,Plaid,Reachy Prints,False,INDIFFERENT,3:51,231,t6XH0oiwSzE,2024-01-18T10:26:42Z,commit:3736545e
Laughable Butane Bob,Afx,Hangable Auto Bulb,False,INDIFFERENT,3:03,183,ElwOsPkNU38,2024-01-18T10:23:39Z,commit:3736545e
In a Beautiful Place Out in the Country,Boards of Canada,In A Beautiful Place Out In The Country,False,INDIFFERENT,6:08,368,XrjvFzH2ALM,2024-01-18T10:17:31Z,commit:3736545e
Intervention Stjerner,"Jonas Munk, Ulrich Schnauss",Passage,False,INDIFFERENT,2:47,167,QADkRUY9uhE,2024-01-18T10:14:44Z,commit:3736545e
No Drums,Tim Hecker,"Ravedeath, 1972",False,INDIFFERENT,3:24,204,qdmbbiMRe48,2024-01-18T10:11:20Z,commit:3736545e
Vic Acid,Squarepusher,Hard Normal Daddy,False,INDIFFERENT,3:08,188,rYyuB9j03D4,2024-01-18T10:08:12Z,commit:3736545e
Night Bus,Burial,Burial,,INDIFFERENT,2:14,134,gTVt7EOCmgM,2024-01-18T10:05:58Z,commit:3736545e
Hope We Never Surface,Two Lone Swordsmen,Stay Down,False,INDIFFERENT,2:24,144,if5MOVBBhl0,2024-01-18T10:03:34Z,commit:3736545e
Altibzz,Autechre,Quaristice,False,INDIFFERENT,2:53,173,-F665Mkc0D0,2024-01-18T10:00:41Z,commit:3736545e
Opalescent,Jon Hopkins,Opalescent,False,INDIFFERENT,2:12,132,8cgeEOIki0k,2024-01-18T09:58:29Z,commit:3736545e
Lotus Above Water,Telefon Tel Aviv,Fahrenheit Fair Enough,False,INDIFFERENT,3:34,214,NsTmv3_kSmE,2024-01-18T09:54:55Z,commit:3736545e
#17,Aphex Twin,Selected Ambient Works Volume II,False,INDIFFERENT,2:06,126,6ISBJMHPSiA,2024-01-18T09:52:49Z,commit:3736545e
Turquoise Hexagon Sun,Boards of Canada,Music Has The Right To Children,True,INDIFFERENT,5:08,308,RQef_-Y_Imo,2024-01-18T09:47:41Z,commit:3736545e
Hi Scores,Boards Of Canada,Hi Scores,False,INDIFFERENT,4:58,298,jGUBhdWFFAs,2024-01-18T09:42:43Z,commit:3736545e
Dimensional Rift,Sphäre Sechs,Extradimension,False,INDIFFERENT,6:02,362,hkm4Xf7QREY,2024-01-18T09:36:41Z,commit:3736545e
Black Tusk Descent,loscil,coast/range/arc//,,INDIFFERENT,7:15,435,ZheAgv6symk,2024-01-18T09:29:26Z,commit:3736545e
Press On,John R. Miller,Heat Comes Down,True,LIKE,3:38,218,F8G-Spade6A,2024-01-18T06:29:49Z,commit:14e2a11f
Dollar Store Tents,John R. Miller,Heat Comes Down,False,INDIFFERENT,3:33,213,yFUc-qvDDt4,2024-01-18T06:26:16Z,commit:14e2a11f
Basements,John R. Miller,Heat Comes Down,False,INDIFFERENT,3:44,224,UqBdpiOCc1w,2024-01-18T06:22:32Z,commit:14e2a11f
"Conspiracies, Cults & UFOs",John R. Miller,Heat Comes Down,False,INDIFFERENT,2:53,173,ge1U48laNvk,2024-01-18T06:19:39Z,commit:14e2a11f
Summer Lens,John R. Miller,Heat Comes Down,False,INDIFFERENT,3:23,203,uxzLZ0WHKFk,2024-01-18T06:16:16Z,commit:14e2a11f
Smokestacks On The Skyline,John R. Miller,Heat Comes Down,False,INDIFFERENT,3:15,195,uIFP8mwb-fc,2024-01-18T06:13:01Z,commit:14e2a11f
Crumbling Pie,John R. Miller,Heat Comes Down,False,INDIFFERENT,4:15,255,c_B0zpr22oo,2024-01-18T06:08:46Z,commit:14e2a11f
Ditcher,John R. Miller,Heat Comes Down,False,INDIFFERENT,3:52,232,1uyg9AYzDEs,2024-01-18T06:04:54Z,commit:14e2a11f
Harpers Ferry Moon,John R. Miller,Heat Comes Down,False,INDIFFERENT,4:03,243,9mYlG4-doGw,2024-01-18T06:00:51Z,commit:14e2a11f
Insomnia Blues,John R. Miller,Heat Comes Down,True,LIKE,4:01,241,L1pRpcEhT0c,2024-01-18T05:56:50Z,commit:14e2a11f
The Whores of Sailortown,Salty Dick,Salty Dick's Uncensored Sailor Songs,False,INDIFFERENT,3:21,201,ej7hzjrt3WM,2024-01-18T05:53:29Z,commit:14e2a11f
Nobody Has To Know Your Mind,John R. Miller,Heat Comes Down,False,INDIFFERENT,4:54,294,ivk6KfR6hAY,2024-01-18T05:48:35Z,commit:14e2a11f
Broken Window Serenade,Whiskey Myers,Firewater,False,INDIFFERENT,5:47,347,_bto0UKEZNA,2024-01-18T05:42:48Z,commit:14e2a11f
I Don't Mind,Sturgill Simpson,Cuttin' Grass - Vol. 1 (Butcher Shoppe Sessions),False,INDIFFERENT,4:30,270,xYcmf9cRp7A,2024-01-18T05:38:18Z,commit:14e2a11f
"Conspiracies, Cults & UFOs",John R. Miller,"Conspiracies, Cults & UFOs",,LIKE,2:53,173,dTc_IQiUXtI,2024-01-18T05:35:25Z,commit:14e2a11f
Consume (feat. Goon Des Garcons),Chase Atlantic,Chase Atlantic,False,INDIFFERENT,4:28,268,tPQR3ckPRis,2024-01-18T05:30:57Z,commit:14e2a11f
Death Ride to Durango,Gaelic Storm,What's the Rumpus?,False,INDIFFERENT,4:36,276,fWSw4taKiFk,2024-01-18T05:26:21Z,commit:14e2a11f
The Foggy Dew,Derek Warfield & The Young Wolfe Tones,"Call of Erin, Vol. 1",False,INDIFFERENT,4:29,269,IKU1UxRlE0Q,2024-01-18T05:21:52Z,commit:14e2a11f
Home For A Rest,Spirit of the West,Save This House,False,INDIFFERENT,4:37,277,RsSQSzrtChU,2024-01-18T05:17:15Z,commit:14e2a11f
John Kanackanaka,The Captain's Beard,Same Ship Different Day,False,INDIFFERENT,3:16,196,i06gFqbf41I,2024-01-18T05:13:59Z,commit:14e2a11f
Count to Ten,Paul & Storm,Gumbo Pants,False,INDIFFERENT,3:42,222,2A7jmFmPmis,2024-01-18T05:10:17Z,commit:14e2a11f
The Captain's Wife's Lament,Paul & Storm,Gumbo Pants,True,LIKE,2:26,146,e9iF-5ip8ZA,2024-01-18T05:07:51Z,commit:14e2a11f
The Nancy,Stan Rogers,From Fresh Water,False,INDIFFERENT,4:03,243,FybKCSi7mU4,2024-01-18T05:03:48Z,commit:14e2a11f
Oriental Strut,Tuba Skinny,Owl Call Blues,False,INDIFFERENT,3:10,190,X7BZ05TUOLo,2024-01-18T05:00:38Z,commit:14e2a11f
Long Haired Country Boy,The Charlie Daniels Band,Fire On The Mountain,False,INDIFFERENT,4:01,241,JuAMm2Ub-60,2024-01-18T04:56:37Z,commit:14e2a11f
California Sober (feat. Willie Nelson),Billy Strings,California Sober,True,LIKE,3:51,231,AmxvLgvc8IE,2024-01-18T04:52:46Z,commit:14e2a11f
Memphis Shake,Tuba Skinny,Blue Chime Stomp,False,INDIFFERENT,3:19,199,VkJ9dO9BCGU,2024-01-18T04:49:27Z,commit:14e2a11f
(Ghost) Riders In the Sky,Johnny Cash,Amerika (The West),False,INDIFFERENT,3:40,220,-HvcYjPKzEk,2024-01-18T04:45:47Z,commit:14e2a11f
The Road Where The Wild Wind Flies,Chuck Darwin and The Knuckledraggers,Three Car Pileup,,INDIFFERENT,3:51,231,59DkOQrhrc8,2024-01-18T04:41:56Z,commit:14e2a11f
Deep Pockets,Yonder Mountain String Band,Old Hands,True,LIKE,3:16,196,7hVcUa2ZYGA,2024-01-18T04:38:40Z,commit:14e2a11f
Such A Night,Elvis Presley,40 Years On Greatest Hits and More,False,INDIFFERENT,3:02,182,t5Ng8t_Engo,2024-01-18T04:35:38Z,commit:14e2a11f
Nobody Knows What You Do,John Hartford,Nobody Knows What You Do,False,INDIFFERENT,3:59,239,jozQQIalOnY,2024-01-18T04:31:39Z,commit:14e2a11f
Our Life's Work,Chuck Darwin and The Knuckledraggers,Three Car Pileup,,LIKE,2:35,155,p2iKO2q8_8g,2024-01-18T04:29:04Z,commit:14e2a11f
Sweet Sunny South,"John Hartford, Tony Rice, Vassar Clements",Hartford Rice and Clements,,INDIFFERENT,4:01,241,SDQBGoxPXyk,2024-01-18T03:24:02Z,commit:ac1ec0ab
The Wings of a Song,"John Hartford, Tony Rice, Vassar Clements",Hartford Rice and Clements,,INDIFFERENT,2:51,171,U9ptxjpeX58,2024-01-18T03:21:11Z,commit:ac1ec0ab
My Baby's Gone,"John Hartford, Tony Rice, Vassar Clements",Hartford Rice and Clements,,INDIFFERENT,2:27,147,aQg9YCE21aw,2024-01-18T03:18:44Z,commit:ac1ec0ab
I Know You Don't Love Me No More,"John Hartford, Tony Rice, Vassar Clements",Hartford Rice and Clements,,INDIFFERENT,2:36,156,4nTThzkG860,2024-01-18T03:16:08Z,commit:ac1ec0ab
If I Should Wander Back Tonight,"John Hartford, Tony Rice, Vassar Clements",Hartford Rice and Clements,,INDIFFERENT,3:49,229,rWek-GkaACA,2024-01-18T03:12:19Z,commit:ac1ec0ab
Bound to Ride,"John Hartford, Tony Rice, Vassar Clements",Hartford Rice and Clements,,INDIFFERENT,1:59,119,BdWeRIYBZq4,2024-01-18T03:10:20Z,commit:ac1ec0ab
DR  ORLANDO OWOH ORIKI ILU OKE 2,"118K views, ORLANDO J BABA",,,INDIFFERENT,12:22,742,_aQG5DS2BU0,2024-01-18T01:23:22Z,commit:69ea3e74
I Come From De Ghetto,Majek Fashek,Spirit Of Love,False,INDIFFERENT,6:28,388,P84tCcKnsyY,2024-01-18T01:16:54Z,commit:69ea3e74
Sweet Mother,Prince Nico Mbarga & Rocafil Jazz International,Highlife Time Vol. 2,False,INDIFFERENT,9:54,594,2MCzYxCecfY,2024-01-18T01:07:00Z,commit:69ea3e74
Iyogogo,Onyeka Onwenu,Golden Songs Vol.2,False,INDIFFERENT,4:32,272,Lg4ktybQ_6I,2024-01-18T01:02:28Z,commit:69ea3e74
"Unbroken, Unshaven",The Budos Band,The Budos Band III,False,INDIFFERENT,2:59,179,mWXFwdjp7s4,2024-01-18T00:59:29Z,commit:69ea3e74
Bad Man Lighter (B.M.L.),Seun Kuti & Egypt 80,Black Times,False,INDIFFERENT,7:48,468,i7BmsWB5cyo,2024-01-18T00:51:41Z,commit:69ea3e74
Mr. Follow Follow,Fela Kuti,Zombie,False,INDIFFERENT,12:58,778,tBkdczEYdS0,2024-01-18T00:38:43Z,commit:69ea3e74
Stalemate (Edit),Fela Kuti,Stalemate (Edit),False,INDIFFERENT,6:44,404,IUnjK6Y6ZKI,2024-01-18T00:31:59Z,commit:69ea3e74
Wind and Rain,Crooked Still,Shaken By A Low Sound,,INDIFFERENT,3:47,227,9VGjaxe9ZOU,2024-01-18T00:28:12Z,commit:69ea3e74
Railroad Bill,Crooked Still,Shaken By A Low Sound,,LIKE,2:19,139,S9k2cUH6g7o,2024-01-18T00:25:53Z,commit:69ea3e74
Come On In My Kitchen,Crooked Still,Shaken By A Low Sound,,INDIFFERENT,5:00,300,_T93akG4jWs,2024-01-18T00:20:53Z,commit:69ea3e74
Mountain Jumper,Crooked Still,Shaken By A Low Sound,,INDIFFERENT,2:52,172,qels-5Ebddg,2024-01-18T00:18:01Z,commit:69ea3e74
Boll Weevil,Punch Brothers,The Phosphorescent Blues,,INDIFFERENT,2:36,156,HTZdoye0rqg,2024-01-18T00:15:25Z,commit:69ea3e74
Jumbo,Punch Brothers,All Ashore,,LIKE,3:35,215,ioDXUnJmdBE,2024-01-18T00:11:50Z,commit:69ea3e74
Rye Whiskey,Punch Brothers,Antifogmatic,True,INDIFFERENT,3:29,209,jXfE-e4a3GU,2024-01-18T00:08:21Z,commit:69ea3e74
Patchwork Girlfriend,Punch Brothers,Who's Feeling Young Now?,False,LIKE,3:48,228,CMtyWB_Pzic,2024-01-18T00:04:33Z,commit:69ea3e74
Down To The River To Pray,Alison Krauss,"O Brother, Where Art Thou? (Original Motion Picture Soundtrack)",False,INDIFFERENT,2:56,176,flcrUnoAwVk,2024-01-18T00:01:37Z,commit:69ea3e74
Streetcar,John Hartford,Morning Bugle,False,INDIFFERENT,3:56,236,zyqFipU8JkE,2024-01-17T23:57:41Z,commit:69ea3e74
Texas Gales (Instrumental),Doc & Merle Watson,Ballads From Deep Gap,False,INDIFFERENT,1:34,94,_Ra6dgDyIvQ,2024-01-17T23:56:07Z,commit:69ea3e74
Columbus Stockade Blues,Jacob Jolliff,Columbus Stockade Blues,False,INDIFFERENT,3:21,201,jfEILwqf8Hk,2024-01-17T23:52:46Z,commit:69ea3e74
Howard Hughes' Blues,John Hartford,Morning Bugle,False,INDIFFERENT,2:51,171,u4S0OzdpQfE,2024-01-17T23:49:55Z,commit:69ea3e74
Hangman's Reel,Bryan Sutton,Country Rags and Reels,True,LIKE,3:04,184,mH0bLtkPoXM,2024-01-17T23:46:51Z,commit:69ea3e74
Five Miles From Town,Brad Kolodner,Chimney Swifts,,INDIFFERENT,3:10,190,B_Q-_wW1a0Q,2024-01-17T23:43:41Z,commit:69ea3e74
Chimney Swifts,Brad Kolodner,Chimney Swifts,,LIKE,3:47,227,Xrf5C8vgqfs,2024-01-17T23:39:54Z,commit:69ea3e74
Please Love Me,The Speakeasies' Swing Band!,Land of Plenty,False,INDIFFERENT,5:31,331,79mmZyUusDc,2024-01-17T21:50:36Z,commit:381009fe
Senza Fine,Jeff Steinberg,Velvet Martini,False,INDIFFERENT,3:50,230,AF4-4Py0nGM,2024-01-17T21:46:46Z,commit:381009fe
Bossa Morticia,Gypsy Jazz Caravan,Gypsy Jazz Caravan III,False,INDIFFERENT,3:54,234,5sB8pWF_UoU,2024-01-17T21:42:52Z,commit:381009fe
"Cello Suite No. 1 in G Major, BWV 1007: I. Prélude",Yo-Yo Ma,Bach: Unaccompanied Cello Suites (),False,INDIFFERENT,2:32,152,eKbrty2x8rM,2024-01-17T21:40:20Z,commit:381009fe
Säkkijärven Cumbia,Cafe Accordion Orchestra,La Zingara,False,INDIFFERENT,3:22,202,bm_H5zcTJ5Y,2024-01-17T21:36:58Z,commit:381009fe
Dark Eyes (feat. Paul Mehling & Evan Price),The Hot Club Of San Francisco,Claire De Lune,True,LIKE,5:58,358,65inpezdN4s,2024-01-17T21:31:00Z,commit:381009fe
Si tu vois ma mère (Slow),"Claude Luter et Son Orchestre, Sidney Bechet",Les Années Bechet,False,INDIFFERENT,3:14,194,NyDz4Okg-Hs,2024-01-17T21:27:46Z,commit:381009fe
Dark Eyes (feat. Paul Mehling & Evan Price),The Hot Club Of San Francisco,Claire De Lune,True,LIKE,5:58,358,65inpezdN4s,2024-01-17T21:21:27Z,commit:00f2e757
Si tu vois ma mère (Slow),"Claude Luter et Son Orchestre, Sidney Bechet",Les Années Bechet,False,INDIFFERENT,3:14,194,NyDz4Okg-Hs,2024-01-17T21:18:13Z,commit:00f2e757
Desafinado,Nova,"The Collection, Vol. 1",False,INDIFFERENT,8:04,484,9usobwF2wxc,2024-01-17T21:06:41Z,commit:23be29e6
Flambee Montalbanese,Madeleine Peyroux,Got You on My Mind,False,INDIFFERENT,3:02,182,HwF6GJtFh6s,2024-01-17T21:03:39Z,commit:23be29e6
Almost Blue,Chet Baker,Plays and Sings,False,INDIFFERENT,7:56,476,I5l0jkC71Yk,2024-01-17T20:55:43Z,commit:23be29e6
Blue Bossa (feat. Leif Shires),Jack Jezzro,Rio Nights,False,INDIFFERENT,3:41,221,bZ2joskI0UM,2024-01-17T20:52:02Z,commit:23be29e6
Comes Love,Nikki Yanofsky,Comes Love,False,INDIFFERENT,3:43,223,MjEB1Inpgus,2024-01-17T20:48:19Z,commit:23be29e6
One For Daddy-O,Cannonball Adderley,Somethin' Else (Rudy Van Gelder Edition),False,INDIFFERENT,8:26,506,hYbLEjyrLZc,2024-01-17T20:39:53Z,commit:23be29e6
Got That Feeling,Peter Sandberg,A Scandinavian Thing,False,INDIFFERENT,6:00,360,mjuymmDrz6o,2024-01-17T20:33:53Z,commit:23be29e6
Tu sais je vais t'aimer,Diana Panton,To Brazil With Love,False,INDIFFERENT,4:22,262,EM7vNWgxPbM,2024-01-17T20:29:31Z,commit:23be29e6
When Sunny Gets Blue,McCoy Tyner,Today And Tomorrow,False,INDIFFERENT,4:43,283,frYLvC0mM50,2024-01-17T20:24:48Z,commit:23be29e6
Quanno chiove,Massimo Faraò,Massimo Faraò Plays Pino Daniele's Ballads,False,INDIFFERENT,4:45,285,oBvDIIfOuUc,2024-01-17T20:20:03Z,commit:23be29e6
"Bye Bye Blackbird (feat. John Coltrane, Red Garland, Paul Chambers & Philly Joe Jones)",Miles Davis,'Round About Midnight,False,INDIFFERENT,7:55,475,CieM9gurwZ4,2024-01-17T20:12:08Z,commit:23be29e6
The Sinister Minister,Bela Fleck And The Flecktones,Bela Fleck and the Flecktones,False,INDIFFERENT,4:36,276,qvINvjCoapw,2024-01-17T20:07:32Z,commit:23be29e6
Autumn Leaves,New York Jazz Lounge,Best of Trio Masterpieces,False,INDIFFERENT,6:03,363,wU-KuQlnS5k,2024-01-17T20:01:29Z,commit:23be29e6
Giselle,The Hot Club of San Francisco,Veronica,False,INDIFFERENT,4:56,296,Qy_AIvICrm0,2024-01-17T19:56:33Z,commit:23be29e6
Manouche Cafe,Cafe Accordion Orchestra,CAO 10,False,INDIFFERENT,4:13,253,sE8yMTcUpjY,2024-01-17T19:52:20Z,commit:23be29e6
Minor Swing,Django Reinhardt,Django Swings Nuages 1934-1941 (73 Tunes),False,INDIFFERENT,3:16,196,Iq6JXNiCumw,2024-01-17T19:49:04Z,commit:23be29e6
Bistro Fada,Stephane Wrembel,Bistro Fada,False,INDIFFERENT,3:02,182,EB6BJ3EhdzE,2024-01-17T19:46:02Z,commit:23be29e6
Vacqueyras,Bladverk Band,Varenne,False,INDIFFERENT,3:06,186,_rVgBfXspeM,2024-01-17T19:42:56Z,commit:23be29e6
Mr. Pinstripe Suit,Big Bad Voodoo Daddy,Big Bad Voodoo Daddy,False,INDIFFERENT,3:38,218,WU4RBNfI_0k,2024-01-17T19:39:18Z,commit:23be29e6
Take 5,Gypsy Jazz Caravan,Gypsy Jazz Caravan III,False,INDIFFERENT,3:09,189,lBDTNfPSauM,2024-01-17T19:36:09Z,commit:23be29e6
Everlasting Now (Vamp) (Live from One Nite Alone Tour...The Aftershow),Prince,One Nite Alone... The Aftershow: It Ain't Over! (Up Late with Prince & The NPG) (Live),,INDIFFERENT,1:49,109,FfGTBgFpgIs,2024-01-17T19:34:20Z,commit:23be29e6
Girls & Boys (Live from One Nite Alone Tour...The Aftershow),Prince,One Nite Alone... The Aftershow: It Ain't Over! (Up Late with Prince & The NPG) (Live),,INDIFFERENT,7:00,420,l-M7X6XZKZI,2024-01-17T19:27:20Z,commit:23be29e6
Dorothy Parker (Live from One Nite Alone Tour...The Aftershow),Prince,One Nite Alone... The Aftershow: It Ain't Over! (Up Late with Prince & The NPG) (Live),,INDIFFERENT,6:17,377,9fJkBnBjUzw,2024-01-17T19:21:03Z,commit:23be29e6
Peach (Xtended Jam) (Live from One Nite Alone Tour...The Aftershow),Prince,One Nite Alone... The Aftershow: It Ain't Over! (Up Late with Prince & The NPG) (Live),,INDIFFERENT,11:20,680,s1TwexjiZMc,2024-01-17T19:09:43Z,commit:23be29e6
Alphabet Street (Live from One Nite Alone Tour...The Aftershow),Prince,One Nite Alone... The Aftershow: It Ain't Over! (Up Late with Prince & The NPG) (Live),,LIKE,2:56,176,vtsZQtkFb9U,2024-01-17T19:06:47Z,commit:23be29e6
2 Nigs United 4 West Compton (Live from One Nite Alone Tour...The Aftershow),Prince,One Nite Alone... The Aftershow: It Ain't Over! (Up Late with Prince & The NPG) (Live),,INDIFFERENT,6:16,376,UCMjvlLu4gM,2024-01-17T19:00:31Z,commit:23be29e6
Medley: Just Friends (Sunny) / If You Want Me to Stay (Live from One Nite Alone Tour...The Aftershow),Prince,One Nite Alone... The Aftershow: It Ain't Over! (Up Late with Prince & The NPG) (Live),,INDIFFERENT,4:27,267,zT1Se_TTpqQ,2024-01-17T18:56:04Z,commit:23be29e6
We Do This (Live from One Nite Alone Tour...The Aftershow) (feat. George Clinton),Prince,One Nite Alone... The Aftershow: It Ain't Over! (Up Late with Prince & The NPG) (Live),,INDIFFERENT,4:43,283,S7bSep9V3Oc,2024-01-17T18:51:21Z,commit:23be29e6
Joy In Repetition (Live from One Nite Alone Tour...The Aftershow),Prince,One Nite Alone... The Aftershow: It Ain't Over! (Up Late with Prince & The NPG) (Live),,INDIFFERENT,10:57,657,bBUFWnaKom8,2024-01-17T18:40:24Z,commit:23be29e6
Freak Out / Starry Eyes,LCD Soundsystem,45:33,,INDIFFERENT,12:23,743,WKoinrME8lk,2024-01-17T18:28:01Z,commit:23be29e6
45:33,LCD Soundsystem,45:33,,INDIFFERENT,46:05,2765,WoVO2HKwfbg,2024-01-17T17:45:53Z,commit:71c3d368
TCKM,Ivan the Tolerable,The Continuous Katherine Mortenhoe,,INDIFFERENT,6:58,418,NEb1jDAtZ8o,2024-01-17T17:38:55Z,commit:71c3d368
Large Garbage Barge,Jacob Jolliff,The Jacob Jolliff Band,,LIKE,3:58,238,umeEbTDnwb0,2024-01-17T17:34:57Z,commit:71c3d368
Outbound Plane,Jacob Jolliff,The Jacob Jolliff Band,,INDIFFERENT,3:50,230,QW5f2kq2R6g,2024-01-17T17:31:07Z,commit:71c3d368
Old Dizzy Legs,Jacob Jolliff,The Jacob Jolliff Band,,INDIFFERENT,5:13,313,KZCYz8mMZmo,2024-01-17T17:25:54Z,commit:71c3d368
Middle Of The Moon,Jacob Jolliff,The Jacob Jolliff Band,,INDIFFERENT,4:37,277,muVO5kC72sM,2024-01-17T17:21:17Z,commit:71c3d368
Don't Cry Blue,Jacob Jolliff,The Jacob Jolliff Band,,INDIFFERENT,3:58,238,y8GvmBXLMIY,2024-01-17T17:17:19Z,commit:71c3d368
Green Green Rocky Road,Jacob Jolliff,The Jacob Jolliff Band,,INDIFFERENT,4:09,249,MyzJsvoD0QE,2024-01-17T17:13:10Z,commit:71c3d368
One Night In Glasgow,Jacob Jolliff,The Jacob Jolliff Band,,INDIFFERENT,3:57,237,bhaw4ORERUM,2024-01-17T17:09:13Z,commit:71c3d368
"Heads Carolina, Tails California",Jacob Jolliff,The Jacob Jolliff Band,,INDIFFERENT,4:43,283,6fbWLGF32qw,2024-01-17T17:04:30Z,commit:71c3d368
They're Holding Up The Ladder,Jacob Jolliff,The Jacob Jolliff Band,,INDIFFERENT,3:57,237,cWxTDLNXYhg,2024-01-17T17:00:33Z,commit:71c3d368
"The Good, The Bad And The Home-Schooled",Jacob Jolliff,The Jacob Jolliff Band,,LIKE,4:41,281,AY8j4hYobrw,2024-01-17T16:55:52Z,commit:71c3d368
Columbus Stockade Blues,Jacob Jolliff,The Jacob Jolliff Band,,INDIFFERENT,3:21,201,5qi9_grnOzU,2024-01-17T16:52:31Z,commit:71c3d368
"Trumpet Concerto in D Major, TWV 51/D7: I. Adagio",Mainz Chamber Orchestra,The Telemann Playlist,False,INDIFFERENT,1:58,118,PtaXIC-acFY,2024-01-17T16:50:33Z,commit:71c3d368
"Telemann: Oboe Concerto in E minor, TWV 51:e1 - 1. Andante","Academy of St Martin in the Fields, Heinz Holliger, Iona Brown",Telemann: Oboe Concertos,False,INDIFFERENT,2:31,151,8kbv4TTdWY4,2024-01-17T16:48:02Z,commit:71c3d368
"Concerto for 2 Flutes, Violin & Cello in D Major, TWV 54:D1: I. Vivace","Cologne New Philharmonic Orchestra, ﻿Diego Garcia Conde, Maria Kostina, Alexey Galikhanov, Alexander Dimitrov, and Volker Hartung",Telemann: Baroque Concertos,False,INDIFFERENT,5:08,308,5QP88b0LZQc,2024-01-17T16:42:54Z,commit:71c3d368
"Prokofiev: Visions fugitives, Op. 22: III. Allegretto",Steven Osborne,"Classical January: Mozart, Bach & More",,INDIFFERENT,0:47,47,RVSXMEiyIHQ,2024-01-17T16:42:07Z,commit:71c3d368
"34 Valses sentimentales, D. 779: No. 1 in C Major",Piers Lane,"Classical January: Mozart, Bach & More",,INDIFFERENT,0:44,44,iv59gw5gH9Y,2024-01-17T16:41:23Z,commit:71c3d368
"Chopin: Waltz No. 12 in F Minor, Op. 70 No. 2",Stephen Hough,"Classical January: Mozart, Bach & More",,INDIFFERENT,1:49,109,uM7z3oVu3YY,2024-01-17T16:39:34Z,commit:71c3d368
Rich Men North of Richmond,Oliver Anthony Music,Rich Men North of Richmond,False,INDIFFERENT,3:08,188,98FoEuBGOIU,2024-01-17T16:36:26Z,commit:71c3d368
Dust in a Baggie,Billy Strings,Billy Strings - EP,False,INDIFFERENT,2:55,175,qan4VRikfz8,2024-01-17T16:33:31Z,commit:71c3d368
Way Downtown,Billy Strings,Me / And / Dad,False,INDIFFERENT,3:08,188,GHBJdrTZHbw,2024-01-17T16:30:23Z,commit:71c3d368
Shake Sugaree,Muireann Bradley,I Kept These Old Blues,True,LIKE,5:49,349,2HYgGoG2OpU,2024-01-17T16:24:34Z,commit:71c3d368
Idle Moments (Rudy Van Gelder Edition / Remastered 1999),Grant Green,Idle Moments,True,LIKE,14:57,897,aq0m0hbCjFQ,2024-01-17T11:48:59Z,commit:5c3d6c2c
The Girl From Ipanema,Stan Getz,Getz/Gilberto,False,INDIFFERENT,5:25,325,N-TKOh0zsvU,2024-01-17T11:43:34Z,commit:5c3d6c2c
A Taste of Honey,Paul Desmond,Glad To Be Unhappy,False,INDIFFERENT,4:26,266,0gOX4W2PNGM,2024-01-17T11:39:08Z,commit:5c3d6c2c
Just the Two of Us (feat. Bill Withers),"Grover Washington, Jr.",Anthology,False,INDIFFERENT,7:19,439,6POZlJAZsok,2024-01-17T11:31:49Z,commit:5c3d6c2c
Feels So Good,Chuck Mangione,Feels So Good,False,INDIFFERENT,9:43,583,FExBwfQHXlE,2024-01-17T11:22:06Z,commit:5c3d6c2c
Take Five,The Dave Brubeck Quartet,Time Out,False,INDIFFERENT,5:25,325,ryA6eHZNnXY,2024-01-17T11:16:41Z,commit:5c3d6c2c
The Pink Panther Theme,Henry Mancini & His Orchestra,The Return of the Pink Panther,False,INDIFFERENT,3:05,185,VyZiIuMufTA,2024-01-17T11:13:36Z,commit:5c3d6c2c
Ladyfingers,Herb Alpert & The Tijuana Brass,Whipped Cream & Other Delights,False,INDIFFERENT,2:45,165,l6U1JB7z-I8,2024-01-17T11:10:51Z,commit:5c3d6c2c
Spanish Flea,Herb Alpert & The Tijuana Brass,!!Going Places!!,False,INDIFFERENT,2:07,127,aBE9EQ7gXKI,2024-01-17T11:08:44Z,commit:5c3d6c2c
The Sicilian,Bonobo,Bonobo: One Offs... Remixes & B Sides,,INDIFFERENT,4:24,264,bbAT9SbK8hA,2024-01-17T11:04:20Z,commit:5c3d6c2c
Dinosaurs (Jon Kennedy Mix),Bonobo,Bonobo: One Offs... Remixes & B Sides,,INDIFFERENT,4:09,249,fmrl5HdCQdo,2024-01-17T11:00:11Z,commit:5c3d6c2c
Dismantling Frank,Bonobo,Bonobo: One Offs... Remixes & B Sides,,INDIFFERENT,5:08,308,rX_OLQpopxg,2024-01-17T10:55:03Z,commit:5c3d6c2c
The Plug (Quantic Mix),Bonobo,Bonobo: One Offs... Remixes & B Sides,,INDIFFERENT,6:14,374,IXDCasgfq9s,2024-01-17T10:48:49Z,commit:5c3d6c2c
Beachy Head (Bonobo Mix),Mechanical Me,Bonobo: One Offs... Remixes & B Sides,,INDIFFERENT,3:48,228,-xUAhFNuiBM,2024-01-17T10:45:01Z,commit:5c3d6c2c
Dismantling Frank,Bonobo,Bonobo: One Offs... Remixes & B Sides,,INDIFFERENT,5:08,308,rX_OLQpopxg,2024-01-17T09:22:36Z,commit:d8bdc810
The Plug (Quantic Mix),Bonobo,Bonobo: One Offs... Remixes & B Sides,,INDIFFERENT,6:14,374,IXDCasgfq9s,2024-01-17T09:16:22Z,commit:d8bdc810
Beachy Head (Bonobo Mix),Mechanical Me,Bonobo: One Offs... Remixes & B Sides,,INDIFFERENT,3:48,228,-xUAhFNuiBM,2024-01-17T09:12:34Z,commit:d8bdc810
Maneater,Daryl Hall & John Oates,H2O,False,INDIFFERENT,4:34,274,wAeDVL-SBbU,2024-01-17T09:08:00Z,commit:d8bdc810
Toxic,Britney Spears,In The Zone,False,INDIFFERENT,3:19,199,tVdr_JWmnsA,2024-01-17T09:04:41Z,commit:d8bdc810
Maneater,Daryl Hall & John Oates,H2O,False,INDIFFERENT,4:34,274,wAeDVL-SBbU,2024-01-17T06:27:48Z,commit:d8cf6bc7
Toxic,Britney Spears,In The Zone,False,INDIFFERENT,3:19,199,tVdr_JWmnsA,2024-01-17T06:24:29Z,commit:d8cf6bc7
Shake Sugaree,Muireann Bradley,I Kept These Old Blues,True,LIKE,5:49,349,2HYgGoG2OpU,2024-01-17T06:05:20Z,commit:d8cf6bc7
Maneater,Nelly Furtado,Loose,False,INDIFFERENT,4:19,259,nVq_Gua4wsQ,2024-01-17T03:23:22Z,commit:3a7bb8d1
Sometimes it Does,Front Country,Other Love Songs,False,INDIFFERENT,2:00,120,xEB-QRsPMO4,2024-01-17T03:21:22Z,commit:3a7bb8d1
Sirens (feat. Frances Quinlan),"Hop Along, Queen Ansleis",Freshman Year,False,INDIFFERENT,3:45,225,uJoOENVtxZg,2024-01-17T03:17:37Z,commit:3a7bb8d1
Strawberry Mentos,Leanna Firestone,Strawberry Mentos,False,INDIFFERENT,3:16,196,9zItURMWo4E,2024-01-17T03:14:21Z,commit:3a7bb8d1
Milo,The Steel Wheels,Leave Some Things Behind,False,INDIFFERENT,1:53,113,BHldq9PDIZA,2024-01-17T03:12:28Z,commit:3a7bb8d1
Wait My Turn,GRAHAM,Wait My Turn,False,INDIFFERENT,2:06,126,PWEjgXSzbFs,2024-01-17T03:10:22Z,commit:3a7bb8d1
2004,Anthony Amorim,2004,False,INDIFFERENT,3:36,216,YV5H4CtJwnA,2024-01-17T03:06:46Z,commit:3a7bb8d1
Down in the Willow Garden,The Stray Birds,Borderland,False,INDIFFERENT,2:57,177,KgfNYIL3fb0,2024-01-17T03:03:49Z,commit:3a7bb8d1
tunnel vision,egg,passing papers,False,INDIFFERENT,3:26,206,AjKOZL3Gkmg,2024-01-17T03:00:23Z,commit:3a7bb8d1
Catawba,The Honey Dewdrops,Silver Lining,False,INDIFFERENT,2:23,143,IHAdLxlosz4,2024-01-17T02:58:00Z,commit:3a7bb8d1
Dress Like A Pirate,Madilyn Mei,Dress Like A Pirate,False,INDIFFERENT,2:39,159,UzUHYtqP2r8,2024-01-17T02:55:21Z,commit:3a7bb8d1
Roll With Me,Lindsay Lou,Southland,False,INDIFFERENT,4:04,244,Y-0yPsDQhps,2024-01-17T02:51:17Z,commit:3a7bb8d1
Satellite,Lindsay Lou,Southland,True,LIKE,2:49,169,Ld8VNub-c-4,2024-01-17T02:48:28Z,commit:3a7bb8d1
Satellite,Lindsay Lou,Southland,True,LIKE,2:49,169,Ld8VNub-c-4,2024-01-16T23:37:23Z,commit:3a7bb8d1
White Rabbit,"Grace Slick, The Great Society",Grace Slick & The Great Society,False,INDIFFERENT,6:15,375,JxxnDGWI3e8,2024-01-17T01:30:45Z,commit:f6c3c91f
Let Me Try,MC5,Back In The USA,False,INDIFFERENT,4:14,254,kffhbhcdqlo,2024-01-17T01:26:31Z,commit:f6c3c91f
Hot Dusty Roads,Buffalo Springfield,Buffalo Springfield,False,INDIFFERENT,2:52,172,tX8E7W379sw,2024-01-17T01:23:39Z,commit:f6c3c91f
Get It on Time,Black Lips,Sing in a World That's Falling Apart,False,INDIFFERENT,3:07,187,jSMnOqwJL3Y,2024-01-17T01:20:32Z,commit:f6c3c91f
If You Want This Love,The West Coast Pop Art Experimental Band,Part One,False,INDIFFERENT,2:52,172,JpNRCG3Kceg,2024-01-17T01:17:40Z,commit:f6c3c91f
Astral Plane,The Modern Lovers,The Modern Lovers (Expanded Version),False,INDIFFERENT,3:01,181,Y0LesdhYkkQ,2024-01-17T01:14:39Z,commit:f6c3c91f
Draft Morning,The Byrds,The Notorious Byrd Brothers,False,INDIFFERENT,2:43,163,Nbsbh1oj9jk,2024-01-17T01:11:56Z,commit:f6c3c91f
Baby Blue,The Chocolate Watch Band,Inner Mystique,False,INDIFFERENT,3:13,193,1tLuzPrZJaY,2024-01-17T01:08:43Z,commit:f6c3c91f
Fear Is A Man's Best Friend,John Cale,Fear,False,INDIFFERENT,3:53,233,cm2tVda1LGE,2024-01-17T01:04:50Z,commit:f6c3c91f
I Love You (Session Outtake) (Session Outtake; 2015 Remaster),The Velvet Underground,Loaded,False,INDIFFERENT,2:54,174,UaFQlI16Pjk,2024-01-17T01:01:56Z,commit:f6c3c91f
"Going, Going, Gone",Bob Dylan,Planet Waves,False,INDIFFERENT,3:27,207,-LRdeHSaZBs,2024-01-17T00:58:29Z,commit:f6c3c91f
Vicious,Lou Reed,Transformer,False,INDIFFERENT,2:57,177,BVcj_lo1F6o,2024-01-17T00:55:32Z,commit:f6c3c91f
White Light/White Heat,The Velvet Underground,White Light / White Heat,True,LIKE,2:48,168,AJy0LP8iYPg,2024-01-17T00:52:44Z,commit:f6c3c91f
Scarlet Town,Gillian Welch,The Harrow & The Harvest,False,INDIFFERENT,3:40,220,aVdjP8XfU_0,2024-01-17T00:49:04Z,commit:f6c3c91f
Dirty Old Town,Craig Cardiff,Goodnight (Go Home),False,INDIFFERENT,4:07,247,zigLhs8ZIIA,2024-01-17T00:44:57Z,commit:f6c3c91f
The Conch Republic Song,Michael McCloud,"Best of Key West, Vol. 2",False,INDIFFERENT,2:44,164,RU2U3PYpFrc,2024-01-17T00:42:13Z,commit:f6c3c91f
My Darlin' Hometown,John Prine,Fair and Square,False,INDIFFERENT,3:15,195,ZPZirGHcyQ4,2024-01-17T00:38:58Z,commit:f6c3c91f
Winter's Come And Gone,Gillian Welch,Hell Among The Yearlings,False,INDIFFERENT,2:16,136,nzZLpjT5jgM,2024-01-17T00:36:42Z,commit:f6c3c91f
When My Race Is Run,"Golden Highway, Molly Tuttle",City of Gold,False,INDIFFERENT,4:23,263,fFz6ymyQhXY,2024-01-17T00:32:19Z,commit:f6c3c91f
Tell It To Me,Old Crow Medicine Show,O.C.M.S.,,INDIFFERENT,2:48,168,7VkM6QCxEVs,2024-01-17T00:29:31Z,commit:f6c3c91f
How High,The Record Company,Play Loud,False,INDIFFERENT,3:13,193,2Qb8w2ULZAE,2024-01-17T00:26:18Z,commit:f6c3c91f
Wash Away (Reprise),Joe Purdy,Julie Blue,False,INDIFFERENT,3:01,181,o3POrvU_ZzM,2024-01-17T00:23:17Z,commit:f6c3c91f
Creature,Tijuana Panthers,Max Baker,False,INDIFFERENT,2:59,179,2QPt5GVwJNk,2024-01-17T00:20:18Z,commit:f6c3c91f
Take Us Back,Alela Diane,To Be Still,False,INDIFFERENT,4:44,284,Xqb4R6Pyyv4,2024-01-17T00:15:34Z,commit:f6c3c91f
Statesboro Blues,Blind Willie McTell,The Ultimate Collection,False,INDIFFERENT,2:31,151,cXuCuoScurk,2024-01-17T00:13:03Z,commit:f6c3c91f
Call to Arms,Sturgill Simpson,A Sailor's Guide to Earth,True,LIKE,5:30,330,VuiR4AtH1fc,2024-01-17T00:07:33Z,commit:f6c3c91f
I Followed Fires,Matthew And The Atlas,Kingdom of Your Own,False,INDIFFERENT,3:49,229,5zexmRxxJlY,2024-01-17T00:03:44Z,commit:f6c3c91f
Dos Banjos,Billy Strings,Billy Strings - EP,False,INDIFFERENT,3:07,187,8ag-F986iI4,2024-01-17T00:00:37Z,commit:f6c3c91f
Who the Devil (Live),The Wood Brothers,Live at the Barn,False,INDIFFERENT,5:03,303,A1Ajs5ZQCWo,2024-01-16T23:55:34Z,commit:f6c3c91f
Set Ourselves Free,Uncle Lucius,And You Are Me,False,INDIFFERENT,4:17,257,k1i6Jh8sP0I,2024-01-16T23:51:17Z,commit:f6c3c91f
Games People Play,The Georgia Satellites,Shaken Not Stirred,False,INDIFFERENT,3:38,218,kPjqYCtVjZs,2024-01-16T23:47:39Z,commit:f6c3c91f
Barnacles,Ugly Casanova,Sharpen Your Teeth (Bonus Track Version),False,INDIFFERENT,5:05,305,fPmF9v3bJpQ,2024-01-16T23:42:34Z,commit:f6c3c91f
If You're Gonna Play in Texas (You Gotta Have a Fiddle in the Band),Turnpike Troubadours,High Cotton: The Songs of Alabama,False,INDIFFERENT,3:16,196,ra9_eYo6900,2024-01-16T23:39:18Z,commit:f6c3c91f
Dancing In The Dark,Ruth Moody,These Wilder Things,False,INDIFFERENT,4:19,259,zXC9MmaCo_A,2024-01-16T23:34:59Z,commit:f6c3c91f
The Circle Game (2008 Remaster),Tom Rush,The Circle Game [Expanded & Remastered],False,INDIFFERENT,5:17,317,dURdp9tXa6k,2024-01-16T23:29:42Z,commit:f6c3c91f
Didn't Leave Nobody But The Baby,"Alison Krauss, Emmylou Harris, Gillian Welch","O Brother, Where Art Thou? (Original Motion Picture Soundtrack)",False,INDIFFERENT,1:58,118,q_wq-M7iCSE,2024-01-16T23:27:44Z,commit:f6c3c91f
Dirty Lie,The Secret Sisters,Put Your Needle Down,False,INDIFFERENT,2:55,175,K5t95CIoID4,2024-01-16T23:24:49Z,commit:f6c3c91f
"Don't Think Twice, It's All Right",The Infamous Stringdusters,Undercover,True,LIKE,4:26,266,Wewb33DJSz0,2024-01-16T23:20:23Z,commit:f6c3c91f
Wearin' A Hole,The SteelDrivers,Hammer Down,False,INDIFFERENT,3:25,205,ucwwVq0UMgg,2024-01-16T23:16:58Z,commit:f6c3c91f
The Dragon Song,Bonnie 'Prince' Billy,Pete's Dragon (Original Motion Picture Soundtrack),False,INDIFFERENT,2:29,149,O7K8Y1g06dY,2024-01-16T23:14:29Z,commit:f6c3c91f
Irish Washerwoman,Pa's Fiddle Band,The Arkansas Traveler: Music from Little House On the Prairie,False,INDIFFERENT,2:49,169,wQ1lApMT54o,2024-01-16T23:11:40Z,commit:f6c3c91f
Song for a Winter's Night,Christopher Shaw & Bridget Ball,Mountain Snow and Mistletoe,False,INDIFFERENT,3:26,206,WEdTn-wdJd8,2024-01-16T23:08:14Z,commit:f6c3c91f
In My Arms,Will Killen,In My Arms,False,INDIFFERENT,2:55,175,W-TwP-etVxg,2024-01-16T23:05:19Z,commit:f6c3c91f
Fade Away,Beau Bradley,Fade Away,False,INDIFFERENT,3:54,234,veqRfVYS68M,2024-01-16T23:01:25Z,commit:f6c3c91f
Ode To A Butterfly,Nickel Creek,Nickel Creek,False,INDIFFERENT,4:09,249,urfWMaY3z-E,2024-01-16T22:57:16Z,commit:f6c3c91f
"Solidarity Forever (Live From Victoria, Courtenay, And Vancouver, British Columbia / February, 1981)",Utah Phillips,"We Have Fed You All A Thousand Years (Live From Victoria, Courtenay, And Vancouver, British Columbia / February, 1981)",False,INDIFFERENT,4:30,270,5rBVd9JAz3M,2024-01-16T22:52:46Z,commit:f6c3c91f
Sally Goodin',Nat Keefe with The Bow Ties,Sally Goodin',False,INDIFFERENT,3:50,230,X_DgAiTRuSU,2024-01-16T22:48:56Z,commit:f6c3c91f
Parlez nous a boire,The Balfa Brothers,"The Balfa Brothers Play Traditional Cajun Music, Vol. 1 & 2",False,INDIFFERENT,3:12,192,jm-_5vF7Zj4,2024-01-16T22:45:44Z,commit:f6c3c91f
Old Man,James Blundell,Hand It Down,False,INDIFFERENT,4:04,244,HyNa64RAwYA,2024-01-16T22:41:40Z,commit:f6c3c91f
Hemingway's Whiskey,Guy Clark,Somedays The Song Writes You,False,INDIFFERENT,2:55,175,ujffnzgkOL4,2024-01-16T22:38:45Z,commit:f6c3c91f
Undone in Sorrow,Ola Belle Reed,Rising Sun Melodies,,INDIFFERENT,3:20,200,Wr9_SxBgMII,2024-01-16T22:35:25Z,commit:f6c3c91f
He Was A Friend Of Mine,Dave Van Ronk,Folksinger,,LIKE,3:31,211,fmhJVDnrtcg,2024-01-16T22:31:54Z,commit:f6c3c91f
Never Make It Home,Split Lip Rayfield,Never Make It Home,False,INDIFFERENT,3:10,190,g6dg_JKDW8k,2024-01-16T22:28:44Z,commit:f6c3c91f
Long Hot Summer Days,Sara Watkins,The Peanut Butter Falcon (Original Motion Picture Soundtrack),False,INDIFFERENT,3:16,196,OSh9D9iTw-4,2024-01-16T22:25:28Z,commit:f6c3c91f
Torn Screen Door (feat. David Francey),David Francey,Torn Screen Door,False,INDIFFERENT,1:38,98,F6eNqyKSO5E,2024-01-16T22:23:50Z,commit:f6c3c91f
The World Is Turned Upside Down,Maddy Prior & The Carnival Band,Hang Up Sorrow And Care,False,INDIFFERENT,3:07,187,t-eSGMlxx5I,2024-01-16T22:20:43Z,commit:f6c3c91f
Nottamun Town,Jean Ritchie,Mountain Hearth & Home,False,INDIFFERENT,2:29,149,UGU1yR3wPlw,2024-01-16T22:18:14Z,commit:f6c3c91f
Cajun Waltz,JC Miller,Cajun Waltz,False,INDIFFERENT,5:56,356,LmLLrWyQ-TA,2024-01-16T22:12:18Z,commit:f6c3c91f
Mona Lisa,Grant-Lee Phillips,Virginia Creeper,False,INDIFFERENT,4:12,252,J5D67C5MJrM,2024-01-16T22:08:06Z,commit:f6c3c91f
Foggy Mountain Special,Brad Kolodner,Chimney Swifts,,INDIFFERENT,3:40,220,EO6eec8Frjo,2024-01-16T22:04:26Z,commit:f6c3c91f
No Sanctuary Here,Chris Jones,Roadhouses & Automobiles,False,INDIFFERENT,3:46,226,_DXCKkW-_Sw,2024-01-16T22:00:40Z,commit:f6c3c91f
Beyond This Wall,Jake Blount,Spider Tales,,INDIFFERENT,3:26,206,LqQuN3kYRIY,2024-01-16T21:57:14Z,commit:f6c3c91f
Harvest Moon (feat. AJ Lee & Blue Summit),The Brothers Comatose,Harvest Moon,False,INDIFFERENT,4:42,282,4yRxiQ7AxKw,2024-01-16T21:52:32Z,commit:f6c3c91f
Five Miles From Town,Brad Kolodner,Chimney Swifts,,INDIFFERENT,3:10,190,B_Q-_wW1a0Q,2024-01-16T21:49:22Z,commit:f6c3c91f
Chimney Swifts,Brad Kolodner,Chimney Swifts,,LIKE,3:47,227,Xrf5C8vgqfs,2024-01-16T21:45:35Z,commit:f6c3c91f
December,Zoe Boekbinder,Artichoke Perfume,False,INDIFFERENT,1:52,112,nymyIUmPid4,2024-01-16T21:43:43Z,commit:f6c3c91f
Freight train,Elizabeth Cotten,Freight Train and Other North Carolina Folk Songs and Tunes,,INDIFFERENT,2:46,166,If5ZGXKG9bw,2024-01-16T21:40:57Z,commit:f6c3c91f
I Am A Man Of Constant Sorrow (Instrumental),Norman Blake,"O Brother, Where Art Thou? (Original Motion Picture Soundtrack)",False,INDIFFERENT,4:30,270,s-xRawj4dZo,2024-01-16T21:36:27Z,commit:f6c3c91f
Shake Sugaree,Muireann Bradley,I Kept These Old Blues,True,LIKE,5:49,349,2HYgGoG2OpU,2024-01-16T21:30:38Z,commit:f6c3c91f
Little Boxes,Malvina Reynolds,The Best of Broadside 1962-1988: Anthems of the American Underground from the Pages of Broadside Magazine,False,INDIFFERENT,2:11,131,khLXh67VyEc,2024-01-16T21:28:27Z,commit:f6c3c91f
I Dream A Highway,Gillian Welch,Time (The Revelator),False,INDIFFERENT,14:43,883,GLjcUFnZjNk,2024-01-16T21:13:44Z,commit:f6c3c91f
Can't Help But Wonder Where I'm Bound (Acoustic),Moonalice,Mother & Child,False,INDIFFERENT,3:57,237,4S3as0jgjbE,2024-01-16T21:09:47Z,commit:f6c3c91f
Loretta,Townes Van Zandt,Flyin' Shoes,False,INDIFFERENT,3:56,236,9ZhYqYuhiys,2024-01-16T21:05:51Z,commit:f6c3c91f
In the Long Run,The Staves,Dead & Born & Grown,False,INDIFFERENT,2:46,166,r9jplxkIQYg,2024-01-16T21:03:05Z,commit:f6c3c91f
Turntable,Dead Horses,Turntable,False,INDIFFERENT,3:15,195,AAywD7nmOhk,2024-01-16T20:59:50Z,commit:f6c3c91f
Last of My Kind,Viv & Riley,Time Is Everything,,LIKE,4:23,263,3kC5wb_yw5Q,2024-01-16T19:43:35Z,commit:f6c3c91f
The Curse of the Blackened Eye,Orville Peck,Bronco: Chapters 1 & 2,False,INDIFFERENT,4:11,251,BA9LNzm6Ccs,2024-01-16T21:23:17Z,commit:de24a109
Goodbye Boozy Suzy,Golden Shoals,Reasons to Run,True,LIKE,2:55,175,Ng1Ux725PR8,2024-01-16T21:20:22Z,commit:de24a109
Distant Star,First Aid Kit,Ruins,False,INDIFFERENT,3:09,189,xmKEy5mIBfg,2024-01-16T21:17:13Z,commit:de24a109
Dark Mountainside,Carolina Blue,I Hear Bluegrass Calling Me,False,INDIFFERENT,4:06,246,bUXrjBRgcl8,2024-01-16T21:13:07Z,commit:de24a109
My Bucket's Got a Hole in It,"Carrie Rodriguez, Chip Taylor",Red Dog Tracks,False,INDIFFERENT,2:32,152,HcKtIH_OGlY,2024-01-16T21:10:35Z,commit:de24a109
Eid Ma Clack Shaw,Bill Callahan,Sometimes I Wish We Were An Eagle,False,INDIFFERENT,4:20,260,_xOWjELJwv0,2024-01-16T21:06:15Z,commit:de24a109
Ghost of Your Worries,Blackwater Railroad Company,Onsara Series (Part I),False,INDIFFERENT,5:02,302,XO07dl3m6fo,2024-01-16T21:01:13Z,commit:de24a109
They Called it Music,The Gibson Brothers,They Called It Music,False,INDIFFERENT,3:30,210,g65jZF0UDDg,2024-01-16T20:57:43Z,commit:de24a109
Nothing to Lose,Andrew Combs,All These Dreams,False,INDIFFERENT,3:54,234,fzHRwGHNTNY,2024-01-16T20:53:49Z,commit:de24a109
Jesus Would've Let Me Pick the Restaurant,Lilly Hiatt,Royal Blue,False,INDIFFERENT,4:10,250,o9UneEKPLW8,2024-01-16T20:49:39Z,commit:de24a109
Hills of My Home,The Honey Dewdrops,Silver Lining,False,INDIFFERENT,4:20,260,VGBmY4x-VAo,2024-01-16T20:45:19Z,commit:de24a109
Central Hillside Blues,Trampled By Turtles,Alpenglow,False,INDIFFERENT,3:25,205,soPz7QgGk2U,2024-01-16T20:41:54Z,commit:de24a109
I Come From,Ordinary Elephant,Honest,False,INDIFFERENT,3:59,239,P92htwd2NRc,2024-01-16T20:37:55Z,commit:de24a109
If I,Amanda Shires,Down Fell the Doves,False,INDIFFERENT,2:15,135,of-vUgsuH08,2024-01-16T20:35:40Z,commit:de24a109
Satellite,Lindsay Lou,Southland,True,LIKE,2:49,169,Ld8VNub-c-4,2024-01-16T20:32:51Z,commit:de24a109
Tied to the Wheel,Whitney Rose,Rule 62,False,INDIFFERENT,4:41,281,TnSkeFgR9a4,2024-01-16T20:28:10Z,commit:de24a109
No Forever,Viv & Riley,Time Is Everything,,LIKE,3:56,236,0OOsaoO9ESE,2024-01-16T20:24:14Z,commit:de24a109
Girl From the North Country (Bob Dylan Cover),Hayde Bluegrass Orchestra,Amerikakoffert,False,INDIFFERENT,4:19,259,Dj7Oe9_qr8Y,2024-01-16T20:19:55Z,commit:de24a109
Ern & Zorry's Sneakin' Bitin' Dog,Dori Freeman,Letters Never Read,False,INDIFFERENT,2:10,130,tZ5PFRBMC28,2024-01-16T20:17:45Z,commit:de24a109
Yonder Comes a Sucker,Dori Freeman,Letters Never Read,True,LIKE,2:09,129,gXrhRW5tIsA,2024-01-16T20:15:36Z,commit:de24a109
Vajrayana,Entheogenic,Oddiyana,,INDIFFERENT,8:41,521,M1MNUREodl8,2024-01-16T19:51:49Z,commit:77f77b8b
Crown Shyness,Entheogenic,Oddiyana,,INDIFFERENT,10:17,617,Ijg9YIbu5i8,2024-01-16T19:41:32Z,commit:77f77b8b
Prototaxities,Entheogenic,Oddiyana,,INDIFFERENT,9:24,564,KQu9Ys7ZONQ,2024-01-16T19:32:08Z,commit:77f77b8b
Lotus Born,Entheogenic,Oddiyana,,INDIFFERENT,14:13,853,62LeS9IuARo,2024-01-16T19:17:55Z,commit:77f77b8b
Dharmakaya,Entheogenic,Oddiyana,,INDIFFERENT,15:12,912,H_4wXExeSBo,2024-01-16T19:02:43Z,commit:77f77b8b
Hit Parade Of Love,The Infamous Stringdusters,"2023/12/30 Asheville, NC",,INDIFFERENT,3:31,211,sUYwl6txFTc,2024-01-16T18:59:12Z,commit:77f77b8b
Truth And Love,The Infamous Stringdusters,"2023/12/30 Asheville, NC",,INDIFFERENT,9:59,599,XJE_jOuJqeQ,2024-01-16T18:49:13Z,commit:77f77b8b
Sharp Dressed Man,The Infamous Stringdusters,"2023/12/30 Asheville, NC",,INDIFFERENT,4:37,277,4m78yWmyUco,2024-01-16T18:44:36Z,commit:77f77b8b
One More Bridge,The Infamous Stringdusters,"2023/12/30 Asheville, NC",,INDIFFERENT,3:36,216,2PYhWMlKufY,2024-01-16T18:41:00Z,commit:77f77b8b
Back In The Goodle Days,The Infamous Stringdusters,"2023/12/30 Asheville, NC",,INDIFFERENT,4:57,297,0xL98s9uVWU,2024-01-16T18:36:03Z,commit:77f77b8b
Shenandoah Breakdown,The Infamous Stringdusters,"2023/12/30 Asheville, NC",,INDIFFERENT,8:54,534,LeSY5EJ0JQQ,2024-01-16T18:27:09Z,commit:77f77b8b
Jon Stickley And Lindsay Pruett Introduction,The Infamous Stringdusters,"2023/12/30 Asheville, NC",,INDIFFERENT,3:06,186,g-O44uZhHuw,2024-01-16T18:24:03Z,commit:77f77b8b
Walking On The Moon,The Infamous Stringdusters,"2023/12/30 Asheville, NC",,INDIFFERENT,4:42,282,cwiQRHIMFFs,2024-01-16T18:19:21Z,commit:77f77b8b
Back Home Again,The Infamous Stringdusters,"2023/12/30 Asheville, NC",,INDIFFERENT,8:57,537,gKo31pJkm8E,2024-01-16T18:10:24Z,commit:77f77b8b
As It Was,The Infamous Stringdusters,"2023/12/30 Asheville, NC",,INDIFFERENT,3:20,200,ClCWbfoBdNg,2024-01-16T18:07:04Z,commit:77f77b8b
Pig in a Pen,The Infamous Stringdusters,"2023/12/30 Asheville, NC",,INDIFFERENT,3:44,224,9Ya97r7hS6c,2024-01-16T18:03:20Z,commit:77f77b8b
Colorado,The Infamous Stringdusters,"2023/12/30 Asheville, NC",,INDIFFERENT,6:33,393,OXC8nqOrUIA,2024-01-16T17:56:47Z,commit:77f77b8b
Rise Sun,The Infamous Stringdusters,"2023/12/30 Asheville, NC",,INDIFFERENT,4:14,254,u6SDg2qk6Fw,2024-01-16T17:52:33Z,commit:77f77b8b
Moon Man,The Infamous Stringdusters,"2023/12/30 Asheville, NC",,INDIFFERENT,8:45,525,xqC_FuDJ6Zg,2024-01-16T17:43:48Z,commit:77f77b8b
Dream You Back,The Infamous Stringdusters,"2023/12/30 Asheville, NC",,INDIFFERENT,3:20,200,PJF-xPfDj-c,2024-01-16T17:40:28Z,commit:77f77b8b
Letter From Prison,The Infamous Stringdusters,"2023/12/30 Asheville, NC",,INDIFFERENT,3:59,239,GY8_DdDHWQM,2024-01-16T17:36:29Z,commit:77f77b8b
My Destination,The Infamous Stringdusters,"2023/12/30 Asheville, NC",,INDIFFERENT,7:48,468,6x6RiNsr3G4,2024-01-16T17:28:41Z,commit:77f77b8b
No Resolution,The Infamous Stringdusters,"2023/12/30 Asheville, NC",,INDIFFERENT,5:04,304,f4m6SrHSRRk,2024-01-16T17:23:37Z,commit:77f77b8b
Poor Boy's Delight,The Infamous Stringdusters,"2023/12/30 Asheville, NC",,INDIFFERENT,4:02,242,30i-AmuNbQA,2024-01-16T17:19:35Z,commit:77f77b8b
Tragic Life,The Infamous Stringdusters,"2023/12/30 Asheville, NC",,INDIFFERENT,8:43,523,snbJ4p2XQ4c,2024-01-16T17:10:52Z,commit:77f77b8b
40 West,The Infamous Stringdusters,"2023/12/30 Asheville, NC",,INDIFFERENT,3:35,215,Mvmdk0GtXeA,2024-01-16T17:07:17Z,commit:77f77b8b
3x5,The Infamous Stringdusters,"2023/12/30 Asheville, NC",,INDIFFERENT,5:22,322,88PfOg9NYYk,2024-01-16T17:01:55Z,commit:77f77b8b
Starry Night,The Infamous Stringdusters,"2023/12/30 Asheville, NC",,INDIFFERENT,3:36,216,XNDppLxdmLs,2024-01-16T16:58:19Z,commit:77f77b8b
Fork In The Road,The Infamous Stringdusters,"2023/12/30 Asheville, NC",,INDIFFERENT,3:49,229,B1qAMbN6PvQ,2024-01-16T16:54:30Z,commit:77f77b8b
No More To Leave You Behind,The Infamous Stringdusters,"2023/12/30 Asheville, NC",,INDIFFERENT,9:06,546,NWZnskOulCw,2024-01-16T16:45:24Z,commit:77f77b8b
Fire On the Mountain,Iron Horse,Ridin' Out The Storm,False,INDIFFERENT,3:18,198,1xEyds9Z4II,2024-01-16T16:42:06Z,commit:77f77b8b
Here I Am,Viv & Riley,Time Is Everything,,INDIFFERENT,4:56,296,Tl_J_rdA_zc,2024-01-16T16:37:10Z,commit:77f77b8b
Every Goodbye,Viv & Riley,Time Is Everything,,LIKE,3:45,225,MRiyqLHOLmQ,2024-01-16T16:33:25Z,commit:77f77b8b
Why Don't You Introduce Me as Your Darlin',Viv & Riley,Time Is Everything,,INDIFFERENT,3:31,211,nZug8tSEyJA,2024-01-16T16:29:54Z,commit:77f77b8b
Cold Mountains,Viv & Riley,Time Is Everything,,INDIFFERENT,3:14,194,mXNwH0aR7Vo,2024-01-16T16:26:40Z,commit:77f77b8b
Wishes and Dreams,Viv & Riley,Time Is Everything,,INDIFFERENT,4:50,290,Leq9saZYB1o,2024-01-16T16:21:50Z,commit:77f77b8b
No Forever,Viv & Riley,Time Is Everything,,INDIFFERENT,3:56,236,0OOsaoO9ESE,2024-01-16T16:17:54Z,commit:77f77b8b
Sturdy as the Land,Viv & Riley,Time Is Everything,,INDIFFERENT,4:03,243,djEg4-mna6E,2024-01-16T16:13:51Z,commit:77f77b8b
Time is Everything,Viv & Riley,Time Is Everything,,INDIFFERENT,3:06,186,556gJIJR6rE,2024-01-16T16:10:45Z,commit:77f77b8b
Bottom of the Glass,Viv & Riley,Time Is Everything,,INDIFFERENT,3:33,213,RhhePcKE70c,2024-01-16T16:07:12Z,commit:77f77b8b
Last of My Kind,Viv & Riley,Time Is Everything,,LIKE,4:23,263,3kC5wb_yw5Q,2024-01-16T16:02:49Z,commit:77f77b8b
Last of My Kind,Paul Burch,Last of My Kind,,LIKE,4:10,250,1Rboxn_ZFIs,2024-01-16T15:58:39Z,commit:77f77b8b
You Got To Walk That Lonesome Valley,Mississippi John Hurt,Christian Hymns - Delta Blues,False,INDIFFERENT,2:46,166,HJHXt_upF1c,2024-01-16T15:55:53Z,commit:77f77b8b
Prepare Your Coffin,Tortoise,Beacons Of Ancestorship,False,INDIFFERENT,3:40,220,ltgqgNuYAzY,2024-01-16T15:52:13Z,commit:77f77b8b
High Class Slim Came Floatin' In,Tortoise,Beacons Of Ancestorship,False,INDIFFERENT,8:17,497,0RvZr3yXJVQ,2024-01-16T15:43:56Z,commit:77f77b8b
Nightjar,Ivan the Tolerable,Autodidact II,,INDIFFERENT,2:52,172,4E_1GBRGfAs,2024-01-16T15:41:04Z,commit:77f77b8b
A Letter To November,Ivan the Tolerable,Autodidact II,,INDIFFERENT,6:20,380,1g1nbhRkno4,2024-01-16T15:34:44Z,commit:77f77b8b
Turkish Golden Scissors III,Ivan the Tolerable,Autodidact II,,INDIFFERENT,4:37,277,5N_otnNTBFo,2024-01-16T15:30:07Z,commit:77f77b8b
The Smell Of Water,Ivan the Tolerable,Autodidact II,,INDIFFERENT,5:43,343,-snSCUy3Mhc,2024-01-16T15:24:24Z,commit:77f77b8b
Red Oilcloth,Ivan the Tolerable,Autodidact II,,INDIFFERENT,3:58,238,SVLRpaL_7TE,2024-01-16T15:20:26Z,commit:77f77b8b
Sandmartin,Ivan the Tolerable,Autodidact II,,INDIFFERENT,2:23,143,hBmxQSFbfGA,2024-01-16T15:25:52Z,commit:1770a57f
Wylder's Hand,Ivan the Tolerable,Autodidact II,,INDIFFERENT,3:58,238,oSmZY-qQD6A,2024-01-16T15:21:54Z,commit:1770a57f
Three Methods,Ivan the Tolerable,Autodidact II,,INDIFFERENT,4:53,293,oQmV2qi58Jc,2024-01-16T15:17:01Z,commit:1770a57f
Turkish Golden Scissors II,Ivan the Tolerable,Autodidact II,,INDIFFERENT,4:37,277,diMHXhUoP0g,2024-01-16T15:12:24Z,commit:1770a57f
Autodidact II,Ivan the Tolerable,Autodidact II,,INDIFFERENT,4:17,257,Vkp6BzYR9PQ,2024-01-16T15:08:07Z,commit:1770a57f
Helianthus,Ivan the Tolerable,Autodidact II,,INDIFFERENT,5:18,318,jOZXJ4OgpiI,2024-01-16T15:02:49Z,commit:1770a57f
On A Rock,Ivan the Tolerable,Autodidact II,,INDIFFERENT,4:21,261,Zk6VryWyXOo,2024-01-16T14:58:28Z,commit:1770a57f
Into The Well,Ivan the Tolerable,Autodidact II,,INDIFFERENT,2:57,177,ss2n5Caf3d0,2024-01-16T14:55:31Z,commit:1770a57f
Red Throated Diver,Ivan the Tolerable,Autodidact II,,INDIFFERENT,2:19,139,eELeHvxQqMc,2024-01-16T14:53:12Z,commit:1770a57f
Turkish Golden Scissors I,Ivan the Tolerable,Autodidact II,,INDIFFERENT,14:34,874,4tNPwNJFhIo,2024-01-16T14:38:38Z,commit:1770a57f
The Centre Is Everything,Ivan the Tolerable,The Aleph,False,INDIFFERENT,3:40,220,6VtjsXH2jQ0,2024-01-16T14:34:58Z,commit:1770a57f
Aleph III,Ivan the Tolerable,The Aleph,False,INDIFFERENT,3:26,206,LBf3Ii8Rowk,2024-01-16T14:31:32Z,commit:1770a57f
All Space Was There,Ivan the Tolerable,The Aleph,False,INDIFFERENT,4:12,252,IXtQA6Pzsqk,2024-01-16T14:27:20Z,commit:1770a57f
The Prince Of Wits,Ivan the Tolerable,The Aleph,False,INDIFFERENT,6:27,387,nNu2mwQcNFw,2024-01-16T14:20:53Z,commit:1770a57f
Aleph II,Ivan the Tolerable,The Aleph,False,INDIFFERENT,5:27,327,VZD2ZbeUTAI,2024-01-16T14:15:26Z,commit:1770a57f
Tangled Hair,Ivan the Tolerable,The Aleph,False,INDIFFERENT,5:17,317,2VpQr6PECGE,2024-01-16T14:10:09Z,commit:1770a57f
Black Pyramid,Ivan the Tolerable,The Aleph,False,INDIFFERENT,5:38,338,EmRpauCn2Yw,2024-01-16T14:04:31Z,commit:1770a57f
Godhead,Ivan the Tolerable,The Aleph,False,INDIFFERENT,5:17,317,dTribokDa70,2024-01-16T13:59:14Z,commit:1770a57f
Aleph I,Ivan the Tolerable,The Aleph,False,INDIFFERENT,4:47,287,diqeXaZ0zds,2024-01-16T13:54:27Z,commit:1770a57f
Prologue Canto,Ivan the Tolerable,The Aleph,False,INDIFFERENT,5:51,351,CWnlwL2MQcc,2024-01-16T13:48:36Z,commit:1770a57f
Memory,Ivan the Tolerable,Black Water/Brown Earth,True,LIKE,11:42,702,naEQW6Z8Cr0,2024-01-16T13:36:54Z,commit:1770a57f
Silver Lawn,Ivan the Tolerable,Black Water/Brown Earth,False,INDIFFERENT,3:24,204,VuW0s6RFjf8,2024-01-16T13:33:30Z,commit:1770a57f
Signs,Ivan the Tolerable,Black Water/Brown Earth,False,INDIFFERENT,7:50,470,9pWvWm2n03M,2024-01-16T13:25:40Z,commit:1770a57f
Birds,Ivan the Tolerable,Black Water/Brown Earth,False,INDIFFERENT,2:17,137,lEsolo2zRkc,2024-01-16T13:23:23Z,commit:1770a57f
Seaweed,Ivan the Tolerable,Black Water/Brown Earth,False,INDIFFERENT,7:34,454,ueTDfo7c50c,2024-01-16T13:15:49Z,commit:1770a57f
Sawdust,Ivan the Tolerable,Black Water/Brown Earth,False,INDIFFERENT,2:22,142,53eB-vaXQVM,2024-01-16T13:13:07Z,commit:32843bf8
Dew Damp,Ivan the Tolerable,Black Water/Brown Earth,False,INDIFFERENT,6:30,390,poznoZTjrVs,2024-01-16T13:06:37Z,commit:32843bf8
Moon Milk,Ivan the Tolerable,Black Water/Brown Earth,False,INDIFFERENT,2:50,170,B5nAO8ujpxU,2024-01-16T13:03:47Z,commit:32843bf8
Slow Deep Salt and Silent Black,Ivan the Tolerable,Black Water/Brown Earth,False,INDIFFERENT,9:32,572,y5-_9T7R8jY,2024-01-16T12:54:15Z,commit:32843bf8
The Labyrinth,Ivan the Tolerable,Black Water/Brown Earth,False,INDIFFERENT,2:20,140,h6nmJNz77cU,2024-01-16T12:51:55Z,commit:32843bf8
Before The Sun Sinks,Ivan the Tolerable,Black Water/Brown Earth,False,INDIFFERENT,8:35,515,Z-1t4Gmy344,2024-01-16T12:43:20Z,commit:32843bf8
Going out West,Hayde Bluegrass Orchestra,Migrants,False,INDIFFERENT,3:58,238,UaCvk-zHRQM,2024-01-16T12:39:22Z,commit:32843bf8
Before The Sun Sinks,Ivan the Tolerable,Black Water/Brown Earth,False,INDIFFERENT,8:35,515,Z-1t4Gmy344,2024-01-16T12:38:11Z,commit:e06cf068
Going out West,Hayde Bluegrass Orchestra,Migrants,False,INDIFFERENT,3:58,238,UaCvk-zHRQM,2024-01-16T12:34:13Z,commit:e06cf068
Lucy Gray (part 2) (from The Hunger Games: The Ballad of Songbirds & Snakes),Rachel Zegler,The Hunger Games: The Ballad of Songbirds & Snakes (Music From & Inspired By),,INDIFFERENT,3:19,199,2TeS0wplw9M,2024-01-16T12:30:54Z,commit:e06cf068
Keep On The Sunny Side (from The Hunger Games: The Ballad of Songbirds & Snakes),"Josie Hope Hall, The Covey Band",The Hunger Games: The Ballad of Songbirds & Snakes (Music From & Inspired By),,INDIFFERENT,2:44,164,6YO7vFFD12Q,2024-01-16T12:28:10Z,commit:e06cf068
Winter's Come and Gone (from The Hunger Games: The Ballad of Songbirds & Snakes),Charles Wesley Godwin,The Hunger Games: The Ballad of Songbirds & Snakes (Music From & Inspired By),,INDIFFERENT,2:50,170,aHtHBiAgysU,2024-01-16T12:25:20Z,commit:e06cf068
Pure As The Driven Snow (from The Hunger Games: The Ballad of Songbirds & Snakes),"Rachel Zegler, The Covey Band",The Hunger Games: The Ballad of Songbirds & Snakes (Music From & Inspired By),,INDIFFERENT,3:54,234,ISucPnIrgBs,2024-01-16T12:21:26Z,commit:e06cf068
Bury Me Beneath The Willow (from The Hunger Games: The Ballad of Songbirds & Snakes),Molly Tuttle,The Hunger Games: The Ballad of Songbirds & Snakes (Music From & Inspired By),,LIKE,3:43,223,otqQ8yVnIqE,2024-01-16T12:01:26Z,commit:e06cf068
Lucy Gray (part 2) (from The Hunger Games: The Ballad of Songbirds & Snakes),Rachel Zegler,The Hunger Games: The Ballad of Songbirds & Snakes (Music From & Inspired By),,INDIFFERENT,3:19,199,2TeS0wplw9M,2024-01-16T12:37:49Z,commit:893c6823
Keep On The Sunny Side (from The Hunger Games: The Ballad of Songbirds & Snakes),"Josie Hope Hall, The Covey Band",The Hunger Games: The Ballad of Songbirds & Snakes (Music From & Inspired By),,INDIFFERENT,2:44,164,6YO7vFFD12Q,2024-01-16T12:35:05Z,commit:893c6823
Winter's Come and Gone (from The Hunger Games: The Ballad of Songbirds & Snakes),Charles Wesley Godwin,The Hunger Games: The Ballad of Songbirds & Snakes (Music From & Inspired By),,INDIFFERENT,2:50,170,aHtHBiAgysU,2024-01-16T12:32:15Z,commit:893c6823
Lucy Gray (part 1) (from The Hunger Games: The Ballad of Songbirds & Snakes),Rachel Zegler,The Hunger Games: The Ballad of Songbirds & Snakes (Music From & Inspired By),,INDIFFERENT,2:42,162,qbPIl8mqjms,2024-01-16T12:29:33Z,commit:893c6823
Cabin Song (from The Hunger Games: The Ballad of Songbirds & Snakes),Billy Strings,The Hunger Games: The Ballad of Songbirds & Snakes (Music From & Inspired By),,INDIFFERENT,3:27,207,4Y2ak4hh1aI,2024-01-16T12:26:06Z,commit:893c6823
Nothing You Can Take From Me (Boot-Stompin' Version) (from The Hunger Games: The Ballad of Songbirds & Snakes),"Rachel Zegler, The Covey Band",The Hunger Games: The Ballad of Songbirds & Snakes (Music From & Inspired By),,INDIFFERENT,3:14,194,Ym8JURyCNXk,2024-01-16T12:22:52Z,commit:893c6823
District 12 Stomp (from The Hunger Games: The Ballad of Songbirds & Snakes),The Covey Band,The Hunger Games: The Ballad of Songbirds & Snakes (Music From & Inspired By),,INDIFFERENT,0:44,44,hGRwUK2RBhU,2024-01-16T12:22:08Z,commit:893c6823
Burn Me Once (from The Hunger Games: The Ballad of Songbirds & Snakes),Bella White,The Hunger Games: The Ballad of Songbirds & Snakes (Music From & Inspired By),,INDIFFERENT,3:21,201,CeYXXxSPHUc,2024-01-16T12:18:47Z,commit:893c6823
The Old Therebefore / Singing at Snakes (from The Hunger Games: The Ballad of Songbirds & Snakes),"James Newton Howard, Rachel Zegler",The Hunger Games: The Ballad of Songbirds & Snakes (Music From & Inspired By),,INDIFFERENT,2:49,169,EcFNUxKgNb8,2024-01-16T12:15:58Z,commit:893c6823
The Ballad of Lucy Gray Baird (from The Hunger Games: The Ballad of Songbirds & Snakes),Rachel Zegler,The Hunger Games: The Ballad of Songbirds & Snakes (Music From & Inspired By),,LIKE,2:20,140,74LYZuxHom0,2024-01-16T12:13:38Z,commit:893c6823
The Garden (from The Hunger Games: The Ballad of Songbirds & Snakes),Sierra Ferrell,The Hunger Games: The Ballad of Songbirds & Snakes (Music From & Inspired By),,LIKE,3:43,223,oqyL-fDiXkU,2024-01-16T12:09:55Z,commit:893c6823
Nothing You Can Take From Me (from The Hunger Games: The Ballad of Songbirds & Snakes),Rachel Zegler,The Hunger Games: The Ballad of Songbirds & Snakes (Music From & Inspired By),,INDIFFERENT,1:36,96,dSL7DlaLukY,2024-01-16T12:08:19Z,commit:893c6823
Wool (from The Hunger Games: The Ballad of Songbirds & Snakes),Flatland Cavalry,The Hunger Games: The Ballad of Songbirds & Snakes (Music From & Inspired By),,INDIFFERENT,3:50,230,epz80uwyivw,2024-01-16T12:04:29Z,commit:893c6823
Because I Was Lonely,Ward Wills,When To Say Goodbye,False,INDIFFERENT,2:33,153,9itq7vaANik,2024-01-16T12:01:56Z,commit:893c6823
Spirits,"Evil Needle, Misha",Chillhop Essentials Fall 2021,False,INDIFFERENT,3:09,189,BDuDCIt2eiY,2024-01-16T11:58:47Z,commit:893c6823
Samui Sunrise,Saib,Samui Sunrise,False,INDIFFERENT,3:24,204,myRx1SRqxic,2024-01-16T11:55:23Z,commit:893c6823
Velvet Garden,City Girl,Neon Impasse,False,INDIFFERENT,3:54,234,ULgPNlTfinM,2024-01-16T11:51:29Z,commit:893c6823
Fireplace,Sleepy Fish,Beneath Your Waves,False,INDIFFERENT,2:39,159,IsLFK8TkaVw,2024-01-16T11:48:50Z,commit:893c6823
Snacks Pt. 1,"Kyle McEvoy, Louk, No Spirit, Philanthrope",Snacks,False,INDIFFERENT,2:57,177,RjQxmy90hTg,2024-01-16T11:45:53Z,commit:893c6823
Birds Fly Higher Than The Moon,Yasper,Birds Fly Higher Than The Moon,False,INDIFFERENT,2:44,164,EX2d37tT5fo,2024-01-16T11:43:09Z,commit:893c6823
A Day at the Beach,Pandrezz & j’san,Hometown,False,INDIFFERENT,2:50,170,UiCRuNo4dGg,2024-01-16T11:40:19Z,commit:893c6823
Daybreak,cocabona,Daybreak,False,INDIFFERENT,3:29,209,y3PKcVd7UtM,2024-01-16T11:36:50Z,commit:893c6823
Hanging Lanterns,Kalaido,Hanging Lanterns,False,INDIFFERENT,3:54,234,cukiBQ18NgE,2024-01-16T11:32:56Z,commit:893c6823
for when it’s warmer,Sleepy Fish,Chillhop Essentials Summer 2019,False,INDIFFERENT,3:37,217,hG6YzmvbosI,2024-01-16T11:29:19Z,commit:893c6823
Still,"Idealism, Philanthrope",Chillhop Daydreams 2,False,INDIFFERENT,3:34,214,1FxeCa6kypU,2024-01-16T11:25:45Z,commit:893c6823
Velocities,Sleepy Fish,Velocities,False,INDIFFERENT,3:12,192,JgI6z6aQhEA,2024-01-16T11:22:33Z,commit:893c6823
Eternal Youth,Rude.,Eternal Youth,False,INDIFFERENT,3:26,206,_BWPNPtsZm8,2024-01-16T11:19:07Z,commit:893c6823
1. Dreams,briqs,Dreams,False,INDIFFERENT,1:36,96,TEOwoK-CMes,2024-01-16T11:17:31Z,commit:893c6823
Rainbow Roll,Strehlow,Late Night Essentials,False,INDIFFERENT,2:06,126,SCTMdJ1cuoU,2024-01-16T11:15:25Z,commit:893c6823
Future,"Astairé, Paul Grant",Future,False,INDIFFERENT,2:29,149,_LY6aFUVmOU,2024-01-16T09:25:01Z,commit:7b934dcb
Opiate,Evil Needle,Chillhop Essentials Spring 2022,False,INDIFFERENT,2:51,171,YeSgtLJQGJs,2024-01-16T09:22:10Z,commit:7b934dcb
Azimuth,Dpsht,Azimuth,False,INDIFFERENT,1:41,101,Jcp48M-vRJw,2024-01-16T09:20:29Z,commit:7b934dcb
Gardenia,DRWN.,Gardenia,False,INDIFFERENT,2:05,125,kOmmYiigFLE,2024-01-16T09:18:24Z,commit:7b934dcb
Traveller,Dualizm,Traveller,False,INDIFFERENT,2:11,131,pZC82a-2eo0,2024-01-16T09:16:13Z,commit:7b934dcb
she,Sans,she,False,INDIFFERENT,3:06,186,xv3qKrCq2w8,2024-01-16T09:13:07Z,commit:7b934dcb
Lost In This Moment,"Evil Needle, Misha",Chillhop Essentials Summer 2022,False,INDIFFERENT,3:50,230,0am_BfODDvc,2024-01-16T09:09:17Z,commit:7b934dcb
Moony,The BREED,Moony,False,INDIFFERENT,2:07,127,SSy4VdjEJKM,2024-01-16T09:07:10Z,commit:7b934dcb
thinking of you,"Kyle McEvoy, Philanthrope, mommy",Inaudible,False,INDIFFERENT,2:11,131,Pts5UXY6R5U,2024-01-16T09:04:59Z,commit:7b934dcb
Summer Soft,"Ruck P, Shuko",Summer Soft,False,INDIFFERENT,2:30,150,J1AOKFRqCjg,2024-01-16T09:02:29Z,commit:7b934dcb
5:32pm,The Deli,Vibes 2,False,INDIFFERENT,2:17,137,6ustyT4Kx-g,2024-01-16T09:00:12Z,commit:7b934dcb
Aftermath,Beamer,Aftermath,False,INDIFFERENT,2:55,175,uCW2sZZofhk,2024-01-16T08:57:17Z,commit:7b934dcb
grainy days,Moody.,grainy days,False,INDIFFERENT,2:24,144,L2apFB6EF-Y,2024-01-16T08:54:53Z,commit:7b934dcb
Affection,Jinsang,Life,False,INDIFFERENT,1:58,118,LbHsWjX9dv4,2024-01-16T08:52:55Z,commit:7b934dcb
Sonria,Chris Mazuera,Sonria,False,INDIFFERENT,1:57,117,u04paoFoJeo,2024-01-16T08:50:58Z,commit:7b934dcb
i'm closing my eyes,potsu,i'm closing my eyes,False,INDIFFERENT,1:59,119,xSB8trUFX1A,2024-01-16T08:48:59Z,commit:7b934dcb
Nonchalant (feat. Hiroshi Suzuki),Dire Beats,Nonchalant,False,INDIFFERENT,1:22,82,tsw1LgVkFjE,2024-01-16T08:47:37Z,commit:7b934dcb
Mramor,Chau Sara,Time Travel,False,INDIFFERENT,2:19,139,RcoBPyF5wXg,2024-01-16T08:45:18Z,commit:7b934dcb
The Afternoon,Boztown,The Afternoon,False,INDIFFERENT,2:08,128,uyemSV1SpnE,2024-01-16T08:43:10Z,commit:7b934dcb
Bustlin,"LESKY, Midan",Park,False,INDIFFERENT,1:46,106,U8bM8mLlhUs,2024-01-16T08:41:24Z,commit:7b934dcb
Bees And Apple Trees,"Heinrich Schlupf, Loufish",Bees And Apple Trees,False,INDIFFERENT,1:50,110,EnLWwwtO1-A,2024-01-16T08:39:34Z,commit:7b934dcb
Far Away,sleepsleepsleep,Far Away,False,INDIFFERENT,1:56,116,0C1NFu4NB_4,2024-01-16T08:37:38Z,commit:7b934dcb
Santa Anna,Tom Doolie,Santa Anna,False,INDIFFERENT,2:01,121,mHKNroJOcig,2024-01-16T08:35:37Z,commit:7b934dcb
Wonderful Day,Kind Puppy,Wonderful Day,False,INDIFFERENT,2:24,144,72b8D6s_y_U,2024-01-16T08:33:13Z,commit:7b934dcb
Started Ballin',"Brenk Sinatra, Shuko",Started Ballin',False,INDIFFERENT,2:42,162,JbXkjRqWTxc,2024-01-16T08:30:31Z,commit:7b934dcb
Controlla,Idealism,rainy evening,False,INDIFFERENT,1:48,108,_mAPAtjWZGE,2024-01-16T08:28:43Z,commit:7b934dcb
Jazzy Wave,yourneighborsclassicbeats,Jazzy Wave,False,INDIFFERENT,2:07,127,P-zJCLBqZc4,2024-01-16T08:26:36Z,commit:7b934dcb
Floater,Auxjack,Welcome to My Lofi House,False,INDIFFERENT,2:03,123,uJv3YCk9wD4,2024-01-16T08:24:33Z,commit:7b934dcb
Reprisal,Rafael Anton Irisarri,A Fragile Geography,False,INDIFFERENT,9:40,580,GHipjUKMoYg,2024-01-16T08:02:38Z,commit:fabc0348
Zephyr,loscil,Plume,False,INDIFFERENT,5:19,319,1EXc96ZBPX4,2024-01-16T07:57:19Z,commit:fabc0348
Stave Peak,Loscil,Coast / Range / Arc,,INDIFFERENT,6:41,401,v5ke9itwVIU,2024-01-16T07:50:38Z,commit:fabc0348
Variety Stomp,Tuba Skinny,Blue Chime Stomp,False,INDIFFERENT,3:40,220,qr-NgbLq0A4,2024-01-16T07:46:58Z,commit:fabc0348
Shake It And Break It,Tuba Skinny,Blue Chime Stomp,False,INDIFFERENT,3:10,190,04vefKDPs7s,2024-01-16T07:04:35Z,commit:5bec8e13
All By Myself,Tuba Skinny & Jam in the Van,"Tuba Skinny - Jam in the Van (Live Session, New Orleans, LA 2022)",False,INDIFFERENT,4:48,288,NMvw02YHPaU,2024-01-16T06:59:47Z,commit:5bec8e13
Hard Times Come and Go,Pokey LaFarge,Riverboat Soul,,INDIFFERENT,3:46,226,VtRilacn8lo,2024-01-16T06:56:01Z,commit:5bec8e13
Broken Hearted Blues,Tuba Skinny,Blue Chime Stomp,False,INDIFFERENT,4:41,281,0KWWZDNFHvs,2024-01-16T06:51:20Z,commit:5bec8e13
Sing Sing Sing,Benny Goodman,Mambo-Swing y Beguine,False,INDIFFERENT,5:03,303,G7fARRnhWSg,2024-01-16T06:46:17Z,commit:5bec8e13
Too Tight,Tuba Skinny,Owl Call Blues,False,INDIFFERENT,3:37,217,4XiWwxOC6V8,2024-01-16T06:42:40Z,commit:5bec8e13
Wee Midnight Hours,Tuba Skinny,Some Kind-A-Shake,,INDIFFERENT,4:22,262,4dZTE4-_AZk,2024-01-16T06:38:59Z,gh-96
Thriller Rag,Tuba Skinny,Some Kind-A-Shake,,INDIFFERENT,3:47,227,29RWqxjAEuQ,2024-01-16T06:35:12Z,gh-96
Big River Ballad,Benjamin Tod,Songs I Swore I'd Never Sing,False,INDIFFERENT,5:14,314,yFCjoCJntaA,2024-01-16T03:22:37Z,gh-94
Why Me?,Big Bad Voodoo Daddy,Rattle Them Bones (Deluxe Edition),False,INDIFFERENT,3:35,215,fOIATCEefvY,2024-01-16T03:19:02Z,gh-94
Walkin Talkin Deadman,The Pine Hill Haints,Ghost Dance,False,INDIFFERENT,2:31,151,xBYyLyoGBiA,2024-01-16T03:16:31Z,gh-94
"Milk Cow Blues (feat. Richard Watson, Josh Graves & Doc Watson)",Nitty Gritty Dirt Band,Will The Circle Be Unbroken (Vol. III),False,INDIFFERENT,5:05,305,rgzB1eqT-h0,2024-01-16T03:11:26Z,gh-94
That's What I Like 'Bout The South (feat. Texas Playboys),Bob Wills,For The Last Time,False,INDIFFERENT,2:46,166,BKxoJKtoHP8,2024-01-16T03:08:40Z,gh-94
When in Rome (Live),Nickel Creek,Live from the Fox Theater,False,INDIFFERENT,4:50,290,0z0qzwosA6U,2024-01-16T03:03:50Z,gh-94
Late July,Spooky Wagons,Western Unplugged - Volume Two,False,INDIFFERENT,5:20,320,0S1MggOowfU,2024-01-16T02:58:30Z,gh-94
Zoot Suit Riot (20th Anniversary),Cherry Poppin' Daddies,Zoot Suit Riot: The 20th Anniversary Edition,False,INDIFFERENT,3:57,237,bfxpkfQRqGo,2024-01-16T02:54:33Z,gh-94
Gracefully Facedown (Live),The Devil Makes Three,Kexp Presents: The Devil Makes Three Live in Studio - EP,False,INDIFFERENT,3:27,207,FGt1_5rUr14,2024-01-16T02:51:06Z,gh-94
The Devil Ain't Lazy,Pokey LaFarge,Pokey LaFarge,,INDIFFERENT,2:40,160,p2FA6c6dEG0,2024-01-16T02:48:26Z,gh-94
Techno Party,"Tujamo, VINNE, & Murotani",Techno Party,False,INDIFFERENT,3:18,198,Hl58EdP9tvY,2024-01-16T01:33:10Z,gh-93
Santorini (Club Dub) (feat. ASTA),Mark Maxwell,Santorini (Club Dub),False,INDIFFERENT,2:58,178,LEiMUpPiU-s,2024-01-16T01:30:12Z,gh-93
Rhymes,"Chris Lorenzo, Hannah Wants",Rhymes,False,INDIFFERENT,3:21,201,rPivT_KYaJM,2024-01-16T01:26:51Z,gh-93
Elevate,Deeper Purpose,Elevate,False,INDIFFERENT,3:32,212,hSGc12O-6og,2024-01-16T01:23:19Z,gh-93
Take It,Dom Dolla,Take It,False,INDIFFERENT,3:55,235,Gz4K2N88kjM,2024-01-16T01:19:24Z,gh-93
Make Me Feel,"DJ Hanzel, Dillon Francis",Make Me Feel,False,INDIFFERENT,3:33,213,EK0BU4eJ7S4,2024-01-16T01:15:51Z,gh-93
Talking To Myself,Qubiko,Talking To Myself,False,INDIFFERENT,3:34,214,hqxI5KeEL2k,2024-01-16T01:12:17Z,gh-93
UP,Dune Rats,UP,False,INDIFFERENT,3:23,203,p9G6ZSoKg7M,2024-01-16T01:08:54Z,gh-93
D.A.N.C.E,Justice,Cross,True,INDIFFERENT,4:03,243,P0Nryn0YZ-A,2024-01-16T01:04:51Z,gh-93
Flexing (Extended Mix),"Nahswille, Zhanti",Flexing,False,INDIFFERENT,3:24,204,ccAlu89ZlSc,2024-01-16T01:01:27Z,gh-93
Gimme That Bounce,Mau P,Gimme That Bounce,False,INDIFFERENT,3:38,218,dM91fZEYfjM,2024-01-16T00:57:49Z,gh-93
The Boxer,Simon & Garfunkel,Over the Bridge of Time: A Paul Simon Retrospective (1964-2011),False,INDIFFERENT,5:08,308,2IClvIiS7_c,2024-01-16T00:20:25Z,gh-91
Chimney Swifts,Brad Kolodner,Chimney Swifts,,LIKE,3:47,227,Xrf5C8vgqfs,2024-01-16T00:16:38Z,gh-91
Lost Highway,Hank Williams,Health & Happiness Shows,False,INDIFFERENT,3:24,204,92dezZCxer8,2024-01-16T00:13:14Z,gh-91
Around the World,Daft Punk,Homework,,LIKE,7:10,430,Jb6gcoR266U,2024-01-16T00:06:04Z,gh-91
Un Rayo Del Sol,Chakachas,Jungle Fever,False,INDIFFERENT,2:50,170,2JAEMdiFHAg,2024-01-16T00:03:14Z,gh-91
Tired Of Being Alone,Al Green,Gets Next To You,True,LIKE,2:53,173,BEBHIV9L3uc,2024-01-16T00:00:21Z,gh-91
Bound to Ride,"John Hartford, Tony Rice, Vassar Clements",Hartford Rice and Clements,,INDIFFERENT,1:59,119,BdWeRIYBZq4,2024-01-15T23:58:22Z,gh-91
Howard Hughes' Blues,Wood & Wire,"The Woodshed Sessions, Vol. 2",,LIKE,3:25,205,d1xHusoNg3s,2024-01-15T23:54:57Z,gh-91
The Sunny Side of Life,"Nancy Blake, Norman Blake",The Morning Glory Ramblers,False,INDIFFERENT,3:21,201,KjJGgm353eU,2024-01-15T23:51:36Z,gh-91
Punk Rock Girl,The Dead Milkmen,Beelzebubba,False,INDIFFERENT,2:39,159,R_dXMrssU_o,2024-01-15T23:48:57Z,gh-91
Ripples of the Mind,"Shpongle, Simon Posford",Flux & Contemplation - Portrait of an Artist in Isolation,,INDIFFERENT,3:48,228,jWHptnuVBew,2024-01-15T23:45:09Z,gh-91
Forgot About Dre (feat. Eminem),Dr. Dre,2001,False,INDIFFERENT,3:43,223,SqTSgCdDaaM,2024-01-15T23:41:26Z,gh-91
Too Long / Steam Machine,Daft Punk,Alive 2007,,INDIFFERENT,7:02,422,ifJxwoDmQqY,2024-01-15T23:34:24Z,gh-91
Me and Paul,Willie Nelson,One Hell Of A Ride,True,LIKE,3:49,229,lMugPjewv-0,2024-01-15T23:30:35Z,gh-91
Old Number Seven,The Devil Makes Three,The Devil Makes Three,False,INDIFFERENT,3:21,201,1tp4Vyltijw,2024-01-15T23:27:14Z,gh-91
Help Me Scrape the Mucus off My Brain,Ween,12 Golden Country Greats,,INDIFFERENT,2:46,166,vA9B4VU8FlM,2024-01-15T23:24:28Z,gh-91
Pigs,Wood & Wire,Pigs,False,INDIFFERENT,4:15,255,s_6cK3CgjFc,2024-01-15T23:20:13Z,gh-91
The Other Side of This Life,"Peter, Paul & Mary","Peter, Paul and Mary Album",True,LIKE,3:04,184,_mVXZdPgGUY,2024-01-15T23:17:09Z,gh-91
Julie,Rhiannon Gibbens,Tunes from David Holt's State of Music,False,INDIFFERENT,3:41,221,DSvQaAeaV00,2024-01-15T23:13:28Z,gh-91
If I Should Wander Back Tonight,"John Hartford, Tony Rice, Vassar Clements",Hartford Rice and Clements,,INDIFFERENT,3:49,229,rWek-GkaACA,2024-01-15T23:09:39Z,gh-91
Industrial Good Day Mantra,M Ross Perkins,E Pluribus M Ross,,LIKE,4:16,256,pKUc0RVGoSc,2024-01-15T23:05:23Z,gh-91
Mean Mother Blues,Julian Lage & Chris Eldridge,Avalon,,LIKE,3:44,224,7yD5urQ29_A,2024-01-15T23:01:39Z,gh-91
Chimes of Freedom,The Byrds,Mr. Tambourine Man,False,INDIFFERENT,3:52,232,zvBKeB44Qkw,2024-01-15T22:57:47Z,gh-91
Television Rules the Nation / Crescendolls,Daft Punk,Alive 2007,,INDIFFERENT,4:51,291,F6e2rM2-oLY,2024-01-15T22:52:56Z,gh-91
You Never Can Tell (C'est la Vie),Emmylou Harris,Profile: Best of Emmylou Harris,False,INDIFFERENT,3:27,207,-7S6XVoIVDI,2024-01-15T22:49:29Z,gh-91
54-46 Was My Number,Toots & The Maytals,In The Dark,False,INDIFFERENT,3:25,205,wNxNwvjzGM0,2024-01-15T22:46:04Z,gh-91
On The Sunny Side Of Life,Country Gentlemen,The Early Rebel Recordings: 1962-1971,,LIKE,2:21,141,cgzjR8GBzkQ,2024-01-15T22:43:43Z,gh-91
"Around the World / Harder, Better, Faster, Stronger",Daft Punk,Alive 2007,,INDIFFERENT,5:43,343,kcxK1Tnwy5M,2024-01-15T22:38:00Z,gh-91
The Gambler,Kenny Rogers,The Gambler,False,INDIFFERENT,3:35,215,w4RvskuFnPY,2024-01-15T22:34:25Z,gh-91
Germination,"Shpongle, Simon Posford",Flux & Contemplation - Portrait of an Artist in Isolation,,INDIFFERENT,2:14,134,8XabjqbkjCs,2024-01-15T22:32:11Z,gh-91
On a Rainy Day,"Shpongle, Simon Posford",Flux & Contemplation - Portrait of an Artist in Isolation,,INDIFFERENT,3:13,193,EoEsnrRnV2I,2024-01-15T22:28:58Z,gh-91
Okie From Muskogee,Merle Haggard,Down Every Road 1962-1994,True,LIKE,2:45,165,3dM03dG3zv4,2024-01-15T22:26:13Z,gh-91
Faster Horses (The Cowboy And The Poet),Tom T. Hall,"Tom T. Hall - Storyteller, Poet, Philosopher",False,INDIFFERENT,2:53,173,UD8ytadaNI8,2024-01-15T22:23:20Z,gh-91
Are You Sure Hank Done It This Way,Waylon Jennings,Greatest Hits,True,LIKE,2:55,175,6PLPmmfeNd4,2024-01-15T22:20:25Z,gh-91
"Goodbye, Barcelona",Pokey LaFarge,Something In The Water,True,LIKE,4:43,283,tWGv2IOG1hI,2024-01-15T22:15:42Z,gh-91
Dark Eyes (Ochi Chornye),Hot Club of Cowtown,Rendezvous in Rhythm,,LIKE,3:55,235,nnL5JF4imc0,2024-01-15T22:11:47Z,gh-91
Deep Pockets,Yonder Mountain String Band,Old Hands,True,LIKE,3:16,196,7hVcUa2ZYGA,2024-01-15T22:08:31Z,gh-91
Mean Mother Blues,The Seldom Scene with John Starling,Long Time... Seldom Scene,True,LIKE,3:07,187,UKy_Q-SvPHQ,2024-01-15T22:05:24Z,gh-91
Only One And Only,Gillian Welch,Revival,False,INDIFFERENT,5:33,333,OJsW8DY6wf4,2024-01-15T21:22:02Z,gh-89
Teardrop (feat. Elizabeth Fraser),Massive Attack,Mezzanine,False,INDIFFERENT,5:31,331,3h-JYx76QNM,2024-01-15T18:25:49Z,gh-88
This Must Be the Place (Naive Melody) [2005 Remaster],Talking Heads,Speaking in Tongues (Deluxe Version),False,INDIFFERENT,4:57,297,fsccjsW8bSY,2024-01-15T11:15:14Z,gh-85
Teddy Bears' Picnic,"David Grisman, Jerry Garcia",Not For Kids Only,False,INDIFFERENT,4:27,267,-9AUiLJnoDg,2024-01-15T10:58:47Z,gh-82
You're Lucky She's Lonely,"Colter Wall, Summer Dean",You're Lucky She's Lonely,False,INDIFFERENT,3:27,207,vcR2WJh8Eyg,2024-01-15T10:55:20Z,gh-82
Yosemite (feat. Dave Matthews),"Golden Highway, Molly Tuttle",City of Gold,False,INDIFFERENT,3:11,191,Eaj1SLXrIec,2024-01-15T10:52:09Z,gh-82
There Ain't No Bugs On Me,"David Grisman, Jerry Garcia",Not For Kids Only,False,INDIFFERENT,4:51,291,fb-PvR0h7jY,2024-01-15T09:45:55Z,gh-82
Kisses Sweeter Than Mine,"Pete Seeger, The Weavers",Midnight Special,False,INDIFFERENT,2:59,179,PPfOtA_GwR8,2024-01-15T09:42:56Z,gh-82
Bill Staines - Sourdough/The Miner's Song,"147K views, Bob Marshall",,,INDIFFERENT,6:30,390,S_PRUCzZTp8,2024-01-15T09:36:26Z,gh-82
Houdini,Foster The People,Torches,False,INDIFFERENT,3:23,203,Mg5eb7BA-e4,2024-01-15T06:30:47Z,gh-79
Feel Good Inc.,Gorillaz,Demon Days,False,INDIFFERENT,3:43,223,NxxjLD2pmlk,2024-01-15T06:27:04Z,gh-79
Teardrop,Massive Attack,Mezzanine,False,INDIFFERENT,5:31,331,3h-JYx76QNM,2024-01-15T06:21:33Z,gh-79
Them Changes,Thundercat,The Beyond / Where the Giants Roam,False,INDIFFERENT,3:08,188,35-MnoI1drY,2024-01-15T06:18:25Z,gh-79
Casio,Jungle,For Ever,False,INDIFFERENT,3:55,235,02nFGcia31M,2024-01-15T06:14:30Z,gh-79
Music Sounds Better With You,Stardust,Music Sounds Better With You,True,LIKE,6:44,404,Hf244LCkkLc,2024-01-15T06:07:46Z,gh-79
One More Time,Daft Punk,Discovery,,INDIFFERENT,5:21,321,fa5IWHDbftI,2024-01-15T06:02:25Z,gh-79
Giorgio by Moroder,Daft Punk,Random Access Memories,True,LIKE,9:05,545,ZFZM6jDTWd4,2024-01-15T05:53:20Z,gh-79
Jamestown Ferry,Charley Crockett,Lil G.L.'s Honky Tonk Jubilee,False,INDIFFERENT,3:07,187,6bIkqAF4ZOs,2024-01-15T05:50:13Z,gh-79
Way of the Triune God (Hallelujah Version),Tyler Childers,Can I Take My Hounds to Heaven?,False,INDIFFERENT,3:29,209,YYC4scj5rXY,2024-01-15T05:46:44Z,gh-79
Cabin Song (from The Hunger Games: The Ballad of Songbirds & Snakes),Billy Strings,The Hunger Games: The Ballad of Songbirds & Snakes (Music From & Inspired By),,INDIFFERENT,3:27,207,4Y2ak4hh1aI,2024-01-15T05:43:17Z,gh-79
Pure As The Driven Snow (from The Hunger Games: The Ballad of Songbirds & Snakes),"Rachel Zegler, The Covey Band",The Hunger Games: The Ballad of Songbirds & Snakes (Music From & Inspired By),,INDIFFERENT,3:54,234,ISucPnIrgBs,2024-01-15T05:39:23Z,gh-79
Young Man,Jamestown Revival,Young Man,False,INDIFFERENT,4:06,246,13IJFkSv_F0,2024-01-15T05:35:17Z,gh-79
Here No More,Ghost Hounds,First Last Time,False,INDIFFERENT,3:04,184,rXEY49fw4R0,2024-01-15T05:32:13Z,gh-79
Bury Me Beneath The Willow (from The Hunger Games: The Ballad of Songbirds & Snakes),Molly Tuttle,The Hunger Games: The Ballad of Songbirds & Snakes (Music From & Inspired By),,LIKE,3:43,223,otqQ8yVnIqE,2024-01-15T05:28:30Z,gh-79
Shake Sugaree,Elizabeth Cotten and Brenda Evans,Shake Sugaree,True,LIKE,5:02,302,AcqRex6vs-Y,2024-01-15T05:23:28Z,gh-79
The Storm,Sturgill Simpson,Cuttin' Grass - Vol. 1 (Butcher Shoppe Sessions),False,INDIFFERENT,2:32,152,tdcKGCEUrlg,2024-01-15T05:20:56Z,gh-79
Calgary Round-Up,Colter Wall,Songs of the Plains,False,INDIFFERENT,3:35,215,sRsD7EkJueg,2024-01-15T05:17:21Z,gh-79
West Virginia Waltz,Sierra Ferrell,Long Time Coming,,INDIFFERENT,3:34,214,1bE7LApwxUk,2024-01-15T05:13:47Z,gh-79
Give It Time,Sierra Ferrell,Long Time Coming,,INDIFFERENT,3:38,218,6gbKrEtscFY,2024-01-15T05:10:09Z,gh-79
In Dreams (Alternative Version),Sierra Ferrell,In Dreams (Alternative Version),False,INDIFFERENT,2:44,164,PnTdOv5oA2o,2024-01-15T05:07:25Z,gh-79
Blame It on the Boogie,The Jacksons,Destiny,True,LIKE,3:35,215,Bid6LmRU1d8,2024-01-15T01:36:20Z,gh-76
I Wanna Dance with Somebody (Who Loves Me),Whitney Houston,Whitney,False,INDIFFERENT,4:52,292,6xzN8Nt0Pok,2024-01-15T01:31:28Z,gh-76
Freedom! '90,George Michael,Twenty Five,False,DISLIKE,6:29,389,FaEjDk3lgcI,2024-01-15T01:24:59Z,gh-76
When Doves Cry,Prince and the Revolution,Purple Rain,False,INDIFFERENT,5:53,353,oTUSeac7IuQ,2024-01-15T01:19:06Z,gh-76
Kiss,Prince & The Revolution,Parade - Music from the Motion Picture Under the Cherry Moon,False,INDIFFERENT,3:47,227,rH9CZuuKpSg,2024-01-15T01:15:19Z,gh-76
Alphabet St.,Prince,Lovesexy,True,LIKE,5:39,339,J5x6vKNQAUo,2024-01-15T01:09:40Z,gh-76
Pray For You,Jhené Aiko,Chilombo,False,INDIFFERENT,1:41,101,QVDj_nzgSkI,2024-01-15T01:07:59Z,gh-76
Float (feat. Seun Kuti & Egypt 80),Janelle Monáe,The Age of Pleasure,False,INDIFFERENT,4:00,240,IXhpu6SHVKs,2024-01-15T01:03:59Z,gh-76
Pynk (feat. Grimes),Janelle Monáe,Dirty Computer,False,INDIFFERENT,4:01,241,CLcP5HSYd0s,2024-01-15T00:59:58Z,gh-76
Make Me Feel,Janelle Monáe,Dirty Computer,False,INDIFFERENT,3:15,195,18k1LJX4DjA,2024-01-15T00:56:43Z,gh-76
Teddy Bears' Picnic,"Jerry Garcia, David Grisman",Not For Kids Only,False,INDIFFERENT,4:27,267,-9AUiLJnoDg,2024-01-15T00:00:19Z,gh-76
Brown Eyed Girl,Van Morrison,Blowin' Your Mind!,False,INDIFFERENT,3:04,184,yZ-VUnIehi8,2024-01-14T21:24:13Z,gh-75
Summer Breeze,Seals and Crofts,Summer Breeze,False,INDIFFERENT,3:26,206,ywL6tMQdG4c,2024-01-14T21:20:47Z,gh-75
Escape (The Pina Colada Song),Rupert Holmes,Partners In Crime,False,INDIFFERENT,4:37,277,Xb6l38eP-4w,2024-01-14T21:16:10Z,gh-75
Superstition,Stevie Wonder,Talking Book,False,INDIFFERENT,4:28,268,egqv1mtos6A,2024-01-14T21:11:42Z,gh-75
Southern Nights,Glen Campbell,Southern Nights,False,LIKE,3:01,181,X6-sU7pVJ3k,2024-01-14T21:08:41Z,gh-75
Dancing in the Moonlight,King Harvest,Dancing in the Moonlight,False,INDIFFERENT,3:02,182,0eHBLHVHjWg,2024-01-14T21:05:39Z,gh-75
This Must Be the Place (Naive Melody) [2005 Remaster],Talking Heads,Speaking in Tongues (Deluxe Version),False,INDIFFERENT,4:57,297,fsccjsW8bSY,2024-01-14T21:00:42Z,gh-75
Sweet Jane (Full Length Version) (Full Length Version; 2015 Remaster),The Velvet Underground,Loaded,False,INDIFFERENT,4:07,247,hUcwNwMKAWs,2024-01-14T20:56:35Z,gh-75
Brandy (You're a Fine Girl),Looking Glass,Looking Glass,False,INDIFFERENT,3:07,187,CFhFyvk0yS8,2024-01-14T18:27:24Z,gh-74
Stuck In The Middle With You,Stealers Wheel,Stealers Wheel,False,INDIFFERENT,3:29,209,ln7Vn_WKkWU,2024-01-14T18:23:55Z,gh-74
You Make My Dreams (Come True),Daryl Hall & John Oates,Voices,False,INDIFFERENT,3:11,191,E4CZuj7solw,2024-01-14T18:20:44Z,gh-74
Rich Girl,Daryl Hall & John Oates,Bigger Than Both Of Us,False,INDIFFERENT,2:23,143,IL_LiGCV82g,2024-01-14T18:18:21Z,gh-74
Gimme! Gimme! Gimme! (A Man After Midnight),ABBA,Voulez-Vous,False,INDIFFERENT,4:53,293,pa2j0Bh83ms,2024-01-14T18:13:28Z,gh-74
Lay All Your Love On Me,ABBA,Super Trouper,False,INDIFFERENT,4:35,275,5mHzaIehRTE,2024-01-14T18:08:53Z,gh-74
Rasputin,Boney M.,Nightflight to Venus,False,INDIFFERENT,5:52,352,5Z0dxsFmX7c,2024-01-14T18:03:01Z,gh-74
Waterloo,ABBA,Waterloo,False,INDIFFERENT,2:49,169,GezJLwEcz8Y,2024-01-14T18:00:12Z,gh-74
"Le Migou - Live au Yéti Bar - ""Panique au bureau"" (album intégral)","Le Migou, 225 views",,,INDIFFERENT,42:50,2570,UaoiSrVJ3qo,2024-01-14T17:17:22Z,gh-74
"Le Migou - Live au Yéti Bar - ""Panique au bureau"" (album intégral)","Le Migou, 223 views",,,INDIFFERENT,42:50,2570,UaoiSrVJ3qo,2024-01-14T10:51:59Z,gh-62
New Magic II,Esther Rose,Safe to Run,False,INDIFFERENT,3:50,230,UP_TkZiXaAU,2024-01-14T10:50:19Z,commit:08a031ad
Wyoming,Lost Dog Street Band,Life's a Dog-Gone Shame,False,INDIFFERENT,5:16,316,aJAUXt4jucQ,2024-01-14T10:45:03Z,commit:08a031ad
If Nothing Else Comes Along,Steph Green,If Nothing Else Comes Along,False,INDIFFERENT,3:09,189,Om13BEwPE-4,2024-01-14T10:41:54Z,commit:08a031ad
Among Other Things,Bella White,Among Other Things,False,INDIFFERENT,3:02,182,Tn2lySdoVdE,2024-01-14T10:38:52Z,commit:08a031ad
New Romantic,Laura Marling,My Manic And I,False,INDIFFERENT,2:53,173,SVj6PnY6xV0,2024-01-14T10:35:59Z,commit:08a031ad
Jeremiah,Sierra Ferrell,Jeremiah / Why’d Ya Do It,False,INDIFFERENT,3:05,185,Zqr4zb-0Ps0,2024-01-14T10:32:54Z,commit:08a031ad
The Swimming Song,"Loudon Wainwright, III",Attempted Mustache,False,INDIFFERENT,2:28,148,XOnqh7LplTs,2024-01-14T10:30:26Z,commit:08a031ad
Heart of Glass,Nick Shoulders,Heart of Glass,False,INDIFFERENT,4:30,270,kcbgNX5LFTo,2024-01-14T10:25:56Z,commit:08a031ad
Great High Mountain,Jack White,Cold Mountain (Music From the Miramax Motion Picture),False,INDIFFERENT,4:34,274,EWHXrlKSKZw,2024-01-14T10:21:22Z,commit:08a031ad
Insecure,Esther Rose,Safe to Run,False,INDIFFERENT,3:35,215,3obhN65hb80,2024-01-14T10:17:47Z,commit:08a031ad
Only One and Only,Gillian Welch,Revival,False,INDIFFERENT,5:33,333,OJsW8DY6wf4,2024-01-14T10:12:14Z,commit:08a031ad
Los Amantes,Hermanos Gutiérrez,El Bueno Y El Malo,False,INDIFFERENT,2:37,157,SptYa7-TEkA,2024-01-14T10:09:37Z,commit:08a031ad
Swinger in the Trees,Dead Horses,Swinger in the Trees,False,INDIFFERENT,3:28,208,ol174AODHRA,2024-01-14T10:06:09Z,commit:08a031ad
Single Girl (OurVinyl Sessions),"Charley Crockett, OurVinyl",Single Girl (OurVinyl Sessions),False,INDIFFERENT,1:58,118,Ut2qIy-5Tko,2024-01-14T10:04:11Z,commit:08a031ad
August Twelve,Khruangbin,The Universe Smiles Upon You,False,INDIFFERENT,6:13,373,WQFgHzPr1fM,2024-01-14T09:57:58Z,commit:08a031ad
Early Blue,F.J. McMahon,Spirit of the Golden Juice,False,INDIFFERENT,3:05,185,nHJGBgkzMHY,2024-01-14T09:54:53Z,commit:08a031ad
Years,Sierra Ferrell,Years,False,INDIFFERENT,3:00,180,vg4sGkehWBw,2024-01-14T09:51:53Z,commit:08a031ad
You're Lucky She's Lonely,"Summer Dean, Colter Wall",You're Lucky She's Lonely,False,INDIFFERENT,3:27,207,vcR2WJh8Eyg,2024-01-14T09:48:26Z,commit:08a031ad
Lonely Like Me,Nick Shoulders,Lonely Like Me,False,INDIFFERENT,3:10,190,YnZHdMxwlSQ,2024-01-14T09:45:16Z,commit:08a031ad
You Made It This Far,Esther Rose,You Made It This Far,True,LIKE,3:09,189,vymD4CeqCBA,2024-01-14T09:42:07Z,commit:08a031ad
El Sol Avenue,Hermanos Gutiérrez,Hoy Como Ayer,False,INDIFFERENT,4:34,274,DBYAP-WOPvo,2024-01-14T09:37:33Z,commit:08a031ad
My Girl,Alice Phoebe Lou,Shelter,False,INDIFFERENT,3:11,191,wcnyeSt0y5k,2024-01-14T09:34:22Z,commit:08a031ad
Baby I Got You,Lost Dog Street Band,Homeward Bound,False,INDIFFERENT,3:50,230,4SAQWFvhfXY,2024-01-14T09:30:32Z,commit:08a031ad
Knockin' on Your Screen Door,John Prine,The Tree of Forgiveness,False,INDIFFERENT,2:20,140,k769X-K0K8g,2024-01-14T09:28:12Z,commit:08a031ad
Wasted On You,Andy Shauf,Norm,True,LIKE,3:37,217,M8hq0UFaKXM,2024-01-14T09:24:35Z,commit:08a031ad
"Fare Thee Well, Miss Carousel",Townes Van Zandt,Townes Van Zandt,False,INDIFFERENT,5:23,323,_2Z7iwCfmXg,2024-01-14T09:19:12Z,commit:08a031ad
West Virginia Waltz,Sierra Ferrell,Long Time Coming,,INDIFFERENT,3:34,214,1bE7LApwxUk,2024-01-14T09:15:38Z,commit:08a031ad
Blue Eyes Dancing,Matt Heckler,After the Flood,,INDIFFERENT,3:16,196,I5CYO4BR7iw,2024-01-14T09:12:22Z,commit:08a031ad
You Should've Seen The Other Guy,Nathaniel Rateliff,In Memory Of Loss (Deluxe Edition),False,INDIFFERENT,3:02,182,KMuyYoiYwq0,2024-01-14T09:09:20Z,commit:08a031ad
For Good Again,The Devil Makes Three,Do Wrong Right,,INDIFFERENT,4:33,273,DWoUiXvWReA,2024-01-14T09:04:47Z,commit:08a031ad
Tears Stupid Tears,Nick Shoulders,Lonely Like Me,False,INDIFFERENT,3:26,206,ejlRrtETp68,2024-01-14T09:01:21Z,commit:08a031ad
Sex and Magic,Esther Rose,You Made It This Far,False,INDIFFERENT,3:17,197,2a4l6qaKJqs,2024-01-14T08:58:04Z,commit:08a031ad
Sugar Babe,Tom Rush,Take A Little Walk With Me,False,INDIFFERENT,1:59,119,z4oMc8jmf98,2024-01-14T08:56:05Z,commit:08a031ad
Sweet Bird Of Youth (Live),David Mallett,"Inches & Miles, 1977-1980",False,INDIFFERENT,2:39,159,WAT5pzXZyiI,2024-01-14T08:53:26Z,commit:08a031ad
Old Friends,Mary McCaslin,Old Friends,,INDIFFERENT,5:15,315,sV1Aby_MVAU,2024-01-14T08:48:11Z,commit:08a031ad
Like My Watch,John Gorka,I Know,False,INDIFFERENT,1:33,93,mgSqCehgiFg,2024-01-14T08:46:38Z,commit:08a031ad
Strawberry Roan,Jim Ringer,The Band of Jesse James: The Best of Jim Ringer,False,INDIFFERENT,2:21,141,3GBvK7D5k-4,2024-01-14T08:44:17Z,commit:08a031ad
Oklahoma Hills,Mary McCaslin,Old Friends,,INDIFFERENT,2:51,171,RXAMIZ1fqHs,2024-01-14T08:41:26Z,commit:08a031ad
Black Rock,The Infamous Stringdusters,The Infamous Stringdusters,False,INDIFFERENT,3:32,212,kQUvdEQav4U,2024-01-14T08:37:54Z,commit:08a031ad
Lovin' You,The Infamous Stringdusters,The Infamous Stringdusters,False,INDIFFERENT,5:26,326,eQ68Pe5xnzM,2024-01-14T08:32:28Z,commit:08a031ad
You Can't Handle The Truth,The Infamous Stringdusters,The Infamous Stringdusters,False,INDIFFERENT,3:24,204,6F217pE5-fg,2024-01-14T08:29:04Z,commit:08a031ad
Get It While You Can,The Infamous Stringdusters,The Infamous Stringdusters,False,INDIFFERENT,4:17,257,vCcjcWt0cf0,2024-01-14T08:24:47Z,commit:08a031ad
I Wonder,The Infamous Stringdusters,The Infamous Stringdusters,False,INDIFFERENT,3:02,182,UzvAqqiqKqk,2024-01-14T08:21:45Z,commit:08a031ad
Golden Ticket,The Infamous Stringdusters,The Infamous Stringdusters,False,INDIFFERENT,4:41,281,eWH0vo6M3HA,2024-01-14T08:17:04Z,commit:08a031ad
The Way I See You Now,The Infamous Stringdusters,The Infamous Stringdusters,False,INDIFFERENT,3:44,224,B_tSM_qlNig,2024-01-14T08:13:20Z,commit:08a031ad
Three Days In July,The Infamous Stringdusters,The Infamous Stringdusters,False,INDIFFERENT,4:24,264,4g-xvxAEJKU,2024-01-14T08:08:56Z,commit:08a031ad
Glass Elevator,The Infamous Stringdusters,The Infamous Stringdusters,False,INDIFFERENT,4:23,263,WUpCCoGKr_8,2024-01-14T08:04:33Z,commit:08a031ad
Bound For Tennessee,The Infamous Stringdusters,The Infamous Stringdusters,False,INDIFFERENT,3:28,208,bp5tbudHPYc,2024-01-14T08:01:05Z,commit:08a031ad
When Silence Is The Only Sound,The Infamous Stringdusters,The Infamous Stringdusters,False,INDIFFERENT,3:25,205,dffFjkLJ1H0,2024-01-14T07:57:40Z,commit:08a031ad
"Well, Well",The Infamous Stringdusters,The Infamous Stringdusters,False,INDIFFERENT,3:37,217,wbE4oTi9RaM,2024-01-14T07:54:03Z,commit:08a031ad
Won't Be Coming Back,The Infamous Stringdusters,The Infamous Stringdusters,False,INDIFFERENT,3:40,220,bWHm78cgjX8,2024-01-14T07:50:23Z,commit:08a031ad
Dissatisfied,"Bill Anderson, Jan Howard",Classic Folk Masters,False,INDIFFERENT,3:05,185,nOcMBvvPNhY,2024-01-14T07:47:18Z,commit:08a031ad
Satisfied,Barbara Mandrell,The Midnight Oil (Expanded Edition),False,INDIFFERENT,2:24,144,waRDNbH3HGs,2024-01-14T07:44:54Z,commit:08a031ad
I've Been on the Mountain,JD Sumner & The Stamps,He Touched Me,False,INDIFFERENT,1:44,104,ZL6RoTIIfZ4,2024-01-14T07:43:10Z,commit:08a031ad
I Wouldn't Take Nothin' For My Journey,Ricky Van Shelton,Don'T Overlook Salvation,False,INDIFFERENT,2:02,122,oL5TaWsDsOQ,2024-01-14T07:41:08Z,commit:08a031ad
Let's All Go Down to the River,"George Jones, Tammy Wynette",We Love To Sing About Jesus,False,INDIFFERENT,2:35,155,etJwzYrA-Xs,2024-01-14T07:38:33Z,commit:08a031ad
Elvira,The Oak Ridge Boys,Fancy Free,False,INDIFFERENT,3:46,226,78StTWsq9ag,2024-01-14T07:34:47Z,commit:08a031ad
He Gave Me That Old Time Religion,The Chuck Wagon Gang,That Old Time Religion,False,INDIFFERENT,1:51,111,dF3qZgsYim8,2024-01-14T07:32:56Z,commit:08a031ad
Somebody New Will Be Coming Along,The Statler Brothers,The Country America Loves,False,INDIFFERENT,2:08,128,mwRE5AeNZQ4,2024-01-14T07:30:48Z,commit:08a031ad
One of These Mornings (Early Gospel Recording),The Oak Ridge Boys,Early Gospel Recordings,,LIKE,2:08,128,nUyXFnAki_4,2024-01-14T07:28:40Z,commit:08a031ad
Pig Foot Pete,"Ella Mae Morse, Freddie Slack And His Orchestra",Capitol Collectors Series,False,INDIFFERENT,2:54,174,ItgVXDMf_i0,2024-01-14T07:25:46Z,commit:08a031ad
9 to 5,Dolly Parton,9 To 5 And Odd Jobs,False,INDIFFERENT,2:43,163,OPoSuyu0dsY,2024-01-14T07:23:03Z,commit:08a031ad
Lazy River,The Mills Brothers,Paper Doll,False,INDIFFERENT,2:45,165,TcYEynlhZW0,2024-01-14T07:20:18Z,commit:08a031ad
Working My Way Back to You,Frankie Valli & The Four Seasons,Working My Way Back to You,False,INDIFFERENT,3:07,187,xyoaDhT-M_E,2024-01-14T07:17:11Z,commit:08a031ad
Death Trip,Yonder Mountain String Band,Mountain Tracks: Vol.5,,INDIFFERENT,7:42,462,9aYne1Fhir0,2024-01-14T07:09:29Z,commit:08a031ad
Ragtime Annie,Hot Club of Cowtown,Ragtime Annie,False,INDIFFERENT,2:54,174,CEd9yN32Kdg,2024-01-14T07:06:35Z,commit:08a031ad
Get Up And Go,Tom Paxton,Where Have All The Flowers Gone: The Songs Of Pete Seeger,False,INDIFFERENT,3:15,195,5jQf43yzd1c,2024-01-14T07:03:20Z,commit:08a031ad
Good Time,Esther Rose,How Many Times,False,INDIFFERENT,3:15,195,OC9nvO2Y94Q,2024-01-14T07:00:05Z,commit:08a031ad
My Melancholy Baby,ProleteR,Rookie EP,False,INDIFFERENT,3:57,237,_59V9y317vg,2024-01-14T06:56:08Z,commit:08a031ad
Under the Double Eagle,Tommy Allsup & The Raiders,American County Pioneers,,LIKE,2:20,140,Sn5M99TCvUE,2024-01-14T06:53:48Z,commit:08a031ad
Sweet Jane (Full Length Version) [2015 Remastered],The Velvet Underground,Loaded,False,INDIFFERENT,4:07,247,hUcwNwMKAWs,2024-01-14T06:49:41Z,commit:08a031ad
Richland Woman Blues,Muireann Bradley,Richland Woman Blues,False,INDIFFERENT,4:27,267,ktmO8YG29pA,2024-01-14T06:45:14Z,commit:08a031ad
Something In The Water,Pokey LaFarge,Something In The Water,False,INDIFFERENT,3:24,204,eOJIBXMPcf0,2024-01-14T06:41:50Z,commit:08a031ad
Are You Washed in the Blood?,Ernest V Stoneman & His Dixie Mountaineers,American County Pioneers,,LIKE,3:21,201,5HyKrmybEMU,2024-01-14T06:38:29Z,commit:08a031ad
Undecided,Cherry Poppin’ Daddies,Undecided,False,INDIFFERENT,3:50,230,2vN8zEW-Zs8,2024-01-14T06:34:39Z,commit:08a031ad
Friend of the Devil,Grateful Dead,American Beauty,False,INDIFFERENT,3:25,205,tXgReZFB1SY,2024-01-14T06:31:14Z,commit:08a031ad
Limelight,The Hot Club of San Francisco,Swing This,False,INDIFFERENT,3:30,210,yBOvcvU6wak,2024-01-14T06:27:44Z,commit:08a031ad
Country Squire,Tyler Childers,Country Squire,,LIKE,3:22,202,KYIav77fPsA,2024-01-14T06:24:22Z,commit:08a031ad
The Road Where The Wild Wind Flies,Chuck Darwin and The Knuckledraggers,Three Car Pileup,,INDIFFERENT,3:51,231,59DkOQrhrc8,2024-01-14T06:20:31Z,commit:08a031ad
Dancing in the Moonlight,Yonder Mountain String Band,Dancing in the Moonlight,False,INDIFFERENT,2:55,175,x5yChzVeM6g,2024-01-14T06:17:36Z,commit:08a031ad
Any Time Of Day,The Lemon Twigs,Everything Harmony,False,INDIFFERENT,2:52,172,kElemlWjHUs,2024-01-14T06:14:44Z,commit:08a031ad
Fox Hunt,Sierra Ferrell,Fox Hunt,False,INDIFFERENT,3:17,197,lLVITH62c8I,2024-01-14T06:11:27Z,commit:08a031ad
My Bad Mood,Esther Rose,How Many Times,False,INDIFFERENT,2:55,175,339k1lRl_hk,2024-01-14T06:08:32Z,commit:08a031ad
Look It Here,Nathaniel Rateliff & The Night Sweats,Nathaniel Rateliff & The Night Sweats,False,INDIFFERENT,3:04,184,77FaOLESRTw,2024-01-14T06:05:28Z,commit:08a031ad
We Three Kings of Orient Are,Wynton Marsalis Septet,"A Carnegie Hall Christmas Concert, December 8, 1991",False,INDIFFERENT,5:09,309,mPXEnZRRkyo,2024-01-14T06:00:19Z,commit:08a031ad
Dizzy,Tchotchke,Dizzy,False,INDIFFERENT,3:04,184,db5OQmod0JU,2024-01-14T05:57:15Z,commit:08a031ad
Thank God I'm a Country Boy,John Denver,Back Home Again,False,INDIFFERENT,3:14,194,GSJaaZgIwtE,2024-01-14T05:54:01Z,commit:08a031ad
Yosemite (feat. Dave Matthews),"Molly Tuttle, Golden Highway",City of Gold,False,INDIFFERENT,3:11,191,Eaj1SLXrIec,2024-01-14T05:50:50Z,commit:08a031ad
Mr. Five By Five,"Ella Mae Morse, Freddie Slack",Capitol Collectors Series,False,INDIFFERENT,3:03,183,Un2Gs_4zh_U,2024-01-14T05:47:47Z,commit:08a031ad
My Mother Thinks I'm a Lawyer,Noam Pikelny,Beat the Devil and Carry a Rail,True,LIKE,4:21,261,6scYUseAFwc,2024-01-14T05:43:26Z,commit:08a031ad
"Honey, Let's Stay In",Nick Shoulders,"Okay, Crawdad",,INDIFFERENT,3:22,202,-YTSzkWyqyM,2024-01-14T05:40:04Z,commit:08a031ad
Coat of Many Colors,Dolly Parton,Coat Of Many Colors,False,INDIFFERENT,3:04,184,LQjMCKq87N0,2024-01-14T05:37:00Z,commit:08a031ad
The Ketchup Song (Aserejé) (Spanish Version),Las Ketchup,Hijas del Tomate,False,INDIFFERENT,3:30,210,Y6Lsr_z4hN0,2024-01-14T05:33:30Z,commit:08a031ad
Gesu Bambino,André Previn,"A Carnegie Hall Christmas Concert, December 8, 1991",False,INDIFFERENT,3:51,231,aSZisHSQ89k,2024-01-14T05:29:39Z,commit:08a031ad
Soft Sounds from Another Planet,Japanese Breakfast,Soft Sounds from Another Planet,False,INDIFFERENT,3:20,200,MiOGtssMuFw,2024-01-14T05:08:15Z,commit:08a031ad
Concrete Over Water,Jockstrap,I Love You Jennifer B,True,LIKE,6:13,373,NbDDU24yu7U,2024-01-14T05:02:02Z,commit:08a031ad
Improvisation,The Hot Club of San Francisco,Swing This,False,INDIFFERENT,2:57,177,rD_PmIDoX_g,2024-01-14T04:59:05Z,commit:08a031ad
Anitra's Danse,The Hot Club of San Francisco,Swing This,False,INDIFFERENT,2:36,156,z_Spe_J3UlE,2024-01-14T04:56:29Z,commit:08a031ad
The Very Thought of You,The Hot Club of San Francisco,Swing This,False,INDIFFERENT,4:16,256,9fMT3BnrtxU,2024-01-14T04:52:13Z,commit:08a031ad
Fine Excuses,Yonder Mountain String Band,The Show,False,INDIFFERENT,4:07,247,SqgClVRwFJ8,2024-01-14T10:49:04Z,commit:c3d04bff
Whatever Blues,ProleteR,Bubbles,False,INDIFFERENT,3:34,214,6dElJGjCg2U,2024-01-14T10:45:30Z,commit:c3d04bff
Way of the Triune God (Hallelujah Version),Tyler Childers,Can I Take My Hounds to Heaven?,False,INDIFFERENT,3:29,209,YYC4scj5rXY,2024-01-14T10:42:01Z,commit:c3d04bff
You Make Me Feel Like Dancing,Leo Sayer,Endless Flight,False,INDIFFERENT,3:40,220,bJ0f2hIiysU,2024-01-14T10:38:21Z,commit:c3d04bff
Jump Down Baby,Esther Rose,This Time Last Night,,INDIFFERENT,3:14,194,6OXO8L-7giw,2024-01-14T10:35:07Z,commit:c3d04bff
Handsome Molly,Ian & Sylvia,Ian And Sylvia,False,INDIFFERENT,2:09,129,ttphKxTSUgI,2024-01-14T10:32:58Z,commit:c3d04bff
Barrett's Privateers | The Longest Johns | Stan Rogers Cover,"The Longest Johns, 202K views",,,INDIFFERENT,4:13,253,5GjnoZzcVYs,2024-01-14T10:28:45Z,commit:c3d04bff
Soft Sounds from Another Planet,Japanese Breakfast,Soft Sounds from Another Planet,False,INDIFFERENT,3:20,200,MiOGtssMuFw,2024-01-14T10:47:08Z,commit:bbb614e9
Concrete Over Water,Jockstrap,I Love You Jennifer B,True,LIKE,6:13,373,NbDDU24yu7U,2024-01-14T10:40:55Z,commit:bbb614e9
Teddy Bears' Picnic,"Jerry Garcia, David Grisman",Not For Kids Only,False,INDIFFERENT,4:27,267,-9AUiLJnoDg,2024-01-14T10:36:28Z,commit:bbb614e9
Improvisation,The Hot Club of San Francisco,Swing This,False,INDIFFERENT,2:57,177,rD_PmIDoX_g,2024-01-14T10:33:31Z,commit:bbb614e9
Anitra's Danse,The Hot Club of San Francisco,Swing This,False,INDIFFERENT,2:36,156,z_Spe_J3UlE,2024-01-14T10:30:55Z,commit:bbb614e9
The Very Thought of You,The Hot Club of San Francisco,Swing This,False,INDIFFERENT,4:16,256,9fMT3BnrtxU,2024-01-14T10:26:39Z,commit:bbb614e9
Limelight,The Hot Club of San Francisco,Swing This,False,INDIFFERENT,3:30,210,yBOvcvU6wak,2024-01-14T10:23:09Z,commit:bbb614e9
A little Waltz for Mischa,The Hot Club of San Francisco,Swing This,False,INDIFFERENT,4:07,247,34x8vBXFRYc,2024-01-14T10:19:02Z,commit:bbb614e9
Lullabye of the Leaves,The Hot Club of San Francisco,Swing This,False,INDIFFERENT,4:02,242,Yc1AOy3A5mY,2024-01-14T10:15:00Z,commit:bbb614e9
Nica's Dream,The Hot Club of San Francisco,Swing This,False,INDIFFERENT,5:27,327,_LfAU99XA8I,2024-01-14T10:09:33Z,commit:bbb614e9
The Breeze and I,The Hot Club of San Francisco,Swing This,False,INDIFFERENT,5:06,306,H26mgh1uvVY,2024-01-14T10:04:27Z,commit:bbb614e9
The Man I Love,The Hot Club of San Francisco,Swing This,False,INDIFFERENT,4:17,257,tcqvtzkeFlw,2024-01-14T10:00:10Z,commit:bbb614e9
Till We Meet,The Hot Club of San Francisco,Swing This,False,INDIFFERENT,5:26,326,ahXesNwW8w0,2024-01-14T09:54:44Z,commit:bbb614e9
While My Guitar Gently Weeps,The Hot Club of San Francisco,Swing This,False,INDIFFERENT,3:46,226,uNoyXXmRGNU,2024-01-14T09:50:58Z,commit:bbb614e9
Swing This,The Hot Club of San Francisco,Swing This,False,INDIFFERENT,2:28,148,jiE8H7qp9pg,2024-01-14T09:48:30Z,commit:bbb614e9
Tchavolo Swing,The Hot Club of San Francisco,Swing This,False,INDIFFERENT,4:53,293,tD3LN7a74LA,2024-01-14T09:43:37Z,commit:bbb614e9
Cars and Girls,Groove Da Praia,The Groove Girls,False,INDIFFERENT,4:46,286,fPfXgN4Zb2g,2024-01-14T09:38:51Z,commit:bbb614e9
Petite fleur,Jill Barber,Chansons,False,INDIFFERENT,2:44,164,mWXjk2tG6qo,2024-01-14T09:36:07Z,commit:bbb614e9
I’m Free,"Chris Bullinger, 133K views",,,INDIFFERENT,3:01,181,WjTGg83-rYA,2024-01-14T09:33:06Z,commit:bbb614e9
"Le Migou - Live au Yéti Bar - ""Panique au bureau"" (album intégral)","Le Migou, 221 views",,,INDIFFERENT,42:50,2570,UaoiSrVJ3qo,2024-01-14T08:50:16Z,commit:bbb614e9
"LE MIGOU - California Love ""Pistolero""","LE MIGOU, 3.7K views",,,LIKE,3:44,224,1vTUVsZpj4g,2024-01-14T08:46:32Z,commit:bbb614e9
"LE MIGOU - California Love ""Big O'""","LE MIGOU, 1K views",,,DISLIKE,5:35,335,fcnkXd0rnj0,2024-01-14T08:40:57Z,commit:bbb614e9
Jenny Jenkins,"Jerry Garcia, David Grisman",Not For Kids Only,False,INDIFFERENT,4:23,263,ltEPUNHVYxg,2024-01-14T08:36:34Z,commit:bbb614e9
Polly Wolly Doodle,"Pete Seeger, Bess Hawes, Tom Glazer",Classic Folk Songs for Kids from Smithsonian Folkways,False,INDIFFERENT,1:50,110,ukZM0HC3G3U,2024-01-14T08:34:44Z,commit:bbb614e9
Hopalong Peter,The New Lost City Ramblers,Old Timey Songs for Children,False,INDIFFERENT,2:08,128,TJyXs4ahdD4,2024-01-14T08:32:36Z,commit:bbb614e9
Dance around,Woody Guthrie,Nursery Days,False,INDIFFERENT,2:15,135,aC8LQnES4Sw,2024-01-14T08:30:21Z,commit:bbb614e9
Ripple,Grateful Dead,American Beauty,False,INDIFFERENT,4:10,250,sFBQSx_xc2o,2024-01-14T08:26:11Z,commit:bbb614e9
There Ain't No Bugs On Me,"Jerry Garcia, David Grisman",Not For Kids Only,False,INDIFFERENT,4:51,291,fb-PvR0h7jY,2024-01-14T08:21:20Z,commit:bbb614e9
Loggers Home Brew,Buzz Martin,Where There Walks a Logger There Walks a Man/A Loggers Reward,False,INDIFFERENT,2:42,162,3W9Ljn1BHIQ,2024-01-14T08:18:38Z,commit:bbb614e9
Wildegeeses,Michael Hurley,Ida Con Snock,False,INDIFFERENT,4:19,259,y66OhtbyhEE,2024-01-14T08:14:19Z,commit:bbb614e9
Living Without You,Mary McCaslin,Way Out West,False,INDIFFERENT,2:05,125,exXkqllDkBc,2024-01-14T08:12:14Z,commit:bbb614e9
The Roseville Fair,Bill Staines,The Whistle of the Jay,False,INDIFFERENT,3:33,213,28VGVnq1GXY,2024-01-14T08:08:41Z,commit:bbb614e9
Used Log Truck,Buzz Martin,Where There Walks a Logger There Walks a Man/A Loggers Reward,False,INDIFFERENT,3:46,226,rxkIo64epuA,2024-01-14T08:04:55Z,commit:bbb614e9
Daily News,Tom Paxton,Ramblin' Boy,False,INDIFFERENT,2:18,138,ui-cL6YOKHI,2024-01-14T08:02:37Z,commit:bbb614e9
Like Me Without You,David Mallett,Artist In Me,False,INDIFFERENT,2:49,169,s5AWpadC_GQ,2024-01-14T07:59:48Z,commit:bbb614e9
A Cowboy's Hard Times,Bill Staines,The Whistle of the Jay,False,INDIFFERENT,3:04,184,swgiGYr-3uw,2024-01-14T07:56:44Z,commit:bbb614e9
Different Kind of Breed of A Truck Driving Man,Buzz Martin,Where There Walks a Logger There Walks a Man/A Loggers Reward,False,INDIFFERENT,2:12,132,c3H1B01RciQ,2024-01-14T07:54:32Z,commit:bbb614e9
Cruel War (Original Single Version),"Peter, Paul and Mary","The Very Best of Peter, Paul and Mary",False,INDIFFERENT,3:29,209,cwKSCszja4g,2024-01-14T07:51:03Z,commit:bbb614e9
The Bramble And The Rose,Mary McCaslin,The Best Of Mary McCaslin: Things We Said Today,False,INDIFFERENT,3:19,199,12AGsHem13M,2024-01-14T07:47:44Z,commit:bbb614e9
Home On the Range,Bill Staines,The Happy Wanderer,False,INDIFFERENT,4:34,274,NBHoRJL97U4,2024-01-14T07:43:10Z,commit:bbb614e9
A Language I Don't Understand,Buzz Martin,Where There Walks a Logger There Walks a Man/A Loggers Reward,False,INDIFFERENT,1:57,117,R8f6IF-ez-Y,2024-01-14T07:41:13Z,commit:bbb614e9
The Frozen Logger,Cisco Houston,Hard Travelin',False,INDIFFERENT,2:12,132,R8AtJDVi14o,2024-01-14T07:39:01Z,commit:bbb614e9
Get Up And Go,Tom Paxton,Where Have All The Flowers Gone: The Songs Of Pete Seeger,False,INDIFFERENT,3:15,195,5jQf43yzd1c,2024-01-14T07:35:46Z,commit:bbb614e9
Crossing The Water,Bill Staines,Going To the West,False,INDIFFERENT,3:23,203,aWodVQIhARY,2024-01-14T07:32:23Z,commit:bbb614e9
Cat Skinning Gypo Logger,Buzz Martin,Where There Walks a Logger There Walks a Man/A Loggers Reward,False,INDIFFERENT,2:09,129,atxl6GBZdOQ,2024-01-14T07:30:14Z,commit:bbb614e9
Kisses Sweeter Than Mine,"The Weavers, Pete Seeger",Midnight Special,False,INDIFFERENT,2:59,179,PPfOtA_GwR8,2024-01-14T07:27:15Z,commit:bbb614e9
For The Fallen,Tim O'Brien,Two Journeys,False,INDIFFERENT,3:22,202,qPz7V50cnnc,2024-01-14T07:23:53Z,commit:bbb614e9
Bill Staines - Sourdough/The Miner's Song,"Bob Marshall, 147K views",,,INDIFFERENT,6:30,390,S_PRUCzZTp8,2024-01-14T07:17:23Z,commit:bbb614e9
Down The Road,Mary McCaslin,Way Out West,False,INDIFFERENT,2:28,148,_fIIfV6wcqQ,2024-01-14T07:14:55Z,commit:bbb614e9
Early Morning Melody,Kate Wolf,Safe at Anchor,False,INDIFFERENT,2:44,164,Q0uoWUR44r8,2024-01-14T07:12:11Z,commit:bbb614e9
I Ain't Got No Home in This World Anymore,Cisco Houston,Cisco Houston Sings Songs of the Open Road,False,INDIFFERENT,1:50,110,S-TWy2kMZ-4,2024-01-14T07:10:21Z,commit:bbb614e9
Music To Me,Bill Staines,Tracks And Trails,False,INDIFFERENT,4:40,280,nCsQmeUfu34,2024-01-14T07:05:41Z,commit:bbb614e9
High Sheriff of Hazard,Tom Paxton,Ramblin' Boy,False,INDIFFERENT,2:11,131,2euFHN22FEw,2024-01-14T07:03:30Z,commit:bbb614e9
"Introduction To ""Phil Brown"" (Live At DelRossi's, Dublin, New Hampshire / April 25-26, 1997)",David Mallett,"Parallel Lives (Live At DelRossi's, Dublin, New Hampshire / April 25-26, 1997)",False,INDIFFERENT,1:57,117,POGHjMMnlb8,2024-01-14T07:01:33Z,commit:bbb614e9
In Spite of Ourselves (feat. Iris DeMent),John Prine,In Spite of Ourselves,False,INDIFFERENT,3:34,214,WWclZpTBRaU,2024-01-14T06:57:59Z,commit:bbb614e9
The Big Rock Candy Mountain,Harry McClintock with Guitar,Bona Fide Bluegrass and Mountain Music,False,INDIFFERENT,2:16,136,E6F0IhdaaWI,2024-01-14T06:55:43Z,commit:bbb614e9
If I Had a Hammer,Pete Seeger,American Folk Music,False,INDIFFERENT,1:55,115,sp0ioqG-pRs,2024-01-14T06:53:48Z,commit:bbb614e9
Sick Of Setting Chokers,Buzz Martin,Where There Walks a Logger There Walks a Man/A Loggers Reward,False,INDIFFERENT,2:20,140,Xj0pqaE96zw,2024-01-14T06:51:28Z,commit:bbb614e9
Daylight,Watchhouse,Such Jubilee,False,INDIFFERENT,3:14,194,ShvwIdpxyG8,2024-01-14T06:48:14Z,commit:bbb614e9
Handsome Molly,Ian & Sylvia,Ian & Sylvia,False,INDIFFERENT,2:09,129,ttphKxTSUgI,2024-01-14T06:46:05Z,commit:bbb614e9
The Holy Well,Tim O'Brien,Two Journeys,False,INDIFFERENT,3:18,198,vN7rNaQYMvE,2024-01-14T06:42:47Z,commit:bbb614e9
Oklahoma Hills,Mary McCaslin,Old Friends,,INDIFFERENT,2:51,171,RXAMIZ1fqHs,2024-01-14T06:39:56Z,commit:bbb614e9
Blackbird,Mary McCaslin,Old Friends,,LIKE,2:26,146,8nNZ7X5oqWU,2024-01-14T06:37:30Z,commit:bbb614e9
Down the Moor,Maura O'Connell,Wandering Home,False,INDIFFERENT,3:09,189,DFzVtdvAtvA,2024-01-14T06:34:21Z,commit:bbb614e9
Kisses Sweeter Than Wine,Arlo Guthrie / Pete Seeger,Precious Friend,False,INDIFFERENT,2:02,122,8Nk2nbHcE9E,2024-01-14T06:32:19Z,commit:bbb614e9
There But For Fortune,Phil Ochs,Folk Hits,False,INDIFFERENT,2:13,133,fDBNzppC4-o,2024-01-14T06:30:06Z,commit:bbb614e9
Shake Sugaree,Elizabeth Cotten and Brenda Evans,Shake Sugaree,True,LIKE,5:02,302,AcqRex6vs-Y,2024-01-14T06:25:04Z,commit:bbb614e9
The Weight,The Band,Music From Big Pink,False,INDIFFERENT,4:35,275,QWu-f7HFFJE,2024-01-14T06:20:29Z,commit:bbb614e9
I'll Fly Away,"Gillian Welch, Alison Krauss","O Brother, Where Art Thou? (Original Motion Picture Soundtrack)",True,LIKE,3:58,238,lFamN-oXRMQ,2024-01-14T06:16:31Z,commit:bbb614e9
The Gambler,Kenny Rogers,The Gambler,False,INDIFFERENT,3:35,215,w4RvskuFnPY,2024-01-14T06:12:56Z,commit:bbb614e9
Yellow Ribbon,Utah Phillips,I've Got to Know,False,INDIFFERENT,1:52,112,uh6Sq46mGUw,2024-01-14T06:11:04Z,commit:bbb614e9
"Aces, Straights, & Flushes",Kate Wolf,Starlight on the Rails: A Songbook,False,INDIFFERENT,3:13,193,N_hsUrDj0Y8,2024-01-14T06:07:51Z,commit:bbb614e9
"Puff, the Magic Dragon","Peter, Paul and Mary",Moving,False,INDIFFERENT,3:27,207,s26e_86-K0k,2024-01-14T06:04:24Z,commit:bbb614e9
Too High On the Stump,Buzz Martin,Where There Walks a Logger There Walks a Man/A Loggers Reward,False,INDIFFERENT,3:55,235,qyLFguCwZs0,2024-01-14T06:00:29Z,commit:bbb614e9
The Lumber Camp Song,Joe Glazer,Songs for Woodworkers,False,INDIFFERENT,1:55,115,pdyS3Utk40g,2024-01-14T05:58:34Z,commit:bbb614e9
Franklin D. Roosevelt's Back Again,The New Lost City Ramblers,"The Early Years, 1958-1962",False,INDIFFERENT,2:22,142,Cm1aRohQoG4,2024-01-14T05:56:12Z,commit:bbb614e9
I'm Goin' Home,"W. D. ""Bama"" Stuart",The Land Where The Blues Began - The Alan Lomax Collection,False,INDIFFERENT,2:07,127,to7ZVS7zqb8,2024-01-14T05:54:05Z,commit:bbb614e9
The Apple Press And The Apple Cart,Tim O'Brien,Two Journeys,False,INDIFFERENT,3:35,215,kyqWC-xXZXw,2024-01-14T05:50:30Z,commit:bbb614e9
Stay All Night (Stay A Little Longer) (feat. Texas Playboys),Bob Wills,For The Last Time,False,INDIFFERENT,3:07,187,KZBVAGBYPos,2024-01-14T05:47:23Z,commit:bbb614e9
Will the Circle Be Unbroken,June Carter Cash,Press On,False,INDIFFERENT,4:07,247,vFIGRjOIrCo,2024-01-14T05:43:16Z,commit:bbb614e9
High Fever Blues,Bukka White,Parchman Farm,False,INDIFFERENT,2:51,171,RbSiqSI1KeY,2024-01-14T05:40:25Z,commit:bbb614e9
Snake Baked A Hoecake,Peggy Seeger,Animal Folk Songs For Children,False,INDIFFERENT,0:57,57,18zQGUhCcdA,2024-01-14T05:39:28Z,commit:bbb614e9
Child of Mine,Bill Staines,Going To the West,False,INDIFFERENT,3:34,214,strHHvS6n18,2024-01-14T05:35:54Z,commit:bbb614e9
Farther Along,Mississippi John Hurt,Last Sessions,False,INDIFFERENT,3:45,225,zTjmXfiRXGw,2024-01-14T05:32:09Z,commit:bbb614e9
Sing For The Song,"Tom Paxton, Bob Gibson, Anne Hills",Best Of Friends,False,INDIFFERENT,2:20,140,Mv9kZBazceI,2024-01-14T05:29:49Z,commit:bbb614e9
Passing Through,Cisco Houston,"The Folkways Years, 1944-1961",False,INDIFFERENT,2:34,154,UGR_JxWkU-Q,2024-01-14T05:27:15Z,commit:bbb614e9
Bridges,Bill Staines,Bridges,False,INDIFFERENT,2:59,179,nNd3hIl1sfM,2024-01-14T05:24:16Z,commit:bbb614e9
The Farmer is the Man (Who Feeds Us All),Pete Seeger,American Industrial Ballads,False,INDIFFERENT,1:43,103,_XFojiOqB3o,2024-01-14T05:22:33Z,commit:bbb614e9
Whistle Punk Pete,Buzz Martin,Where There Walks a Logger There Walks a Man/A Loggers Reward,False,INDIFFERENT,2:23,143,U_Th3zHf6a0,2024-01-14T05:20:10Z,commit:bbb614e9
Subterranean Homesick Blues,Tim O'Brien,Red On Blonde,,INDIFFERENT,2:42,162,Uj5lk8mpxpc,2024-01-14T05:17:28Z,commit:bbb614e9
River,Bill Staines,The Whistle of the Jay,False,INDIFFERENT,4:30,270,_nKjO0lvoLc,2024-01-14T05:12:58Z,commit:bbb614e9
Ettrick,"Archie Fisher, Garnet Rogers",The Flooers o' the Forest,False,INDIFFERENT,2:18,138,e2TP-8HlsFM,2024-01-14T05:10:40Z,commit:bbb614e9
God And Man,"Sonny Terry, Brownie McGhee",Sonny & Brownie,False,INDIFFERENT,3:51,231,bSEp9MiMqVw,2024-01-14T05:06:49Z,commit:bbb614e9
Winter Cows,John Gorka,I Know,False,INDIFFERENT,2:21,141,rgtYIKpNSak,2024-01-14T05:04:28Z,commit:bbb614e9
Strong Winds and Widow Makers,Buzz Martin,Where There Walks a Logger There Walks a Man/A Loggers Reward,False,INDIFFERENT,2:34,154,qbh1mmKyqII,2024-01-14T05:01:54Z,commit:bbb614e9
Prairie Love Song,"Jay Ungar, Molly Mason",The Lovers' Waltz,False,INDIFFERENT,3:02,182,elk00X2-Uk0,2024-01-14T04:58:52Z,commit:bbb614e9
Old Dogs,Bill Staines,Old Dogs,False,INDIFFERENT,3:45,225,ZSSB3zDA_tA,2024-01-14T04:55:07Z,commit:bbb614e9
Things We Said Today,Mary McCaslin,Old Friends,,INDIFFERENT,3:03,183,n011lIChInM,2024-01-14T04:52:04Z,commit:bbb614e9
Roving Gambler,Arlo Guthrie,Together in Concert (Remastered 1999),False,INDIFFERENT,2:21,141,yU-gtlxBKmg,2024-01-14T04:49:43Z,commit:bbb614e9
Soul of a Man,Irma Thomas,After The Rain,False,INDIFFERENT,3:02,182,MV5GDc7o-PU,2024-01-14T04:46:41Z,commit:bbb614e9
Four Wet Pigs,Greg Brown,The Iowa Waltz (30th Anniversary Edition),False,INDIFFERENT,1:59,119,TZeFb5TKzYk,2024-01-14T04:44:42Z,commit:bbb614e9
O Mary Don't You Weep,Bruce Springsteen,We Shall Overcome: The Seeger Sessions (American Land Edition),False,INDIFFERENT,6:05,365,nkeIYv50maE,2024-01-14T04:38:37Z,commit:bbb614e9
V'La L'Bon Vent,Ian & Sylvia,Four Strong Winds,,INDIFFERENT,1:44,104,_Zo2JZS83Os,2024-01-14T04:36:53Z,commit:bbb614e9
What Did You Learn in School Today?,Tom Paxton,Ramblin' Boy,False,INDIFFERENT,1:45,105,0iSisz9uLiI,2024-01-14T04:35:08Z,commit:bbb614e9
What Will I Do with the Baby-O,Jean Ritchie and Doc Watson,Jean Ritchie and Doc Watson at Folk City,False,INDIFFERENT,2:09,129,2LKUaVfoYw0,2024-01-14T04:32:59Z,commit:bbb614e9
Business You're Doin',Lightnin' Hopkins,Goin' Away,False,INDIFFERENT,3:19,199,5UU-A7pJ-1U,2024-01-14T04:29:40Z,commit:bbb614e9
Sixteen Tons,The Weavers,Best Of The Vanguard Years,False,INDIFFERENT,2:08,128,M7TH9f-SnpQ,2024-01-14T04:27:32Z,commit:bbb614e9
"Traveling Day (Live, Los Angeles, CA 1977-1979)",Kate Wolf,"Looking Back At You [Live, Los Angeles, 1977-1979]",False,INDIFFERENT,1:41,101,aQdAiYGcAGY,2024-01-14T04:25:51Z,commit:bbb614e9
Pretty Polly,Hilarie Burhans,Put On the Skillet,False,INDIFFERENT,3:13,193,xH7dv85LfAk,2024-01-14T04:22:38Z,commit:bbb614e9
Hog of the Foresaken,Michael Hurley,Ida Con Snock,False,INDIFFERENT,4:35,275,F2hVXLoFjF8,2024-01-14T04:18:03Z,commit:bbb614e9
Where There Walks a Logger There Walks a Man,Buzz Martin,Where There Walks a Logger There Walks a Man/A Loggers Reward,False,INDIFFERENT,3:00,180,bahyDxIJ3fY,2024-01-14T04:15:03Z,commit:bbb614e9
Oxford Town,Tim O'Brien,Red On Blonde,,INDIFFERENT,1:56,116,jMV_zQbx250,2024-01-14T04:13:07Z,commit:bbb614e9
Sonny James.. Don't Cut Timber on a Windy Day.wmv,"dansdotcom, 209K views",,,INDIFFERENT,2:14,134,jPZ6Tc1ySOI,2024-01-14T04:10:53Z,commit:bbb614e9
Walking the dog,Hans Theessink,Journey On,False,INDIFFERENT,4:11,251,5fd6cUYkJW8,2024-01-14T04:06:42Z,commit:bbb614e9
Sweet Bird Of Youth (Live),David Mallett,"Inches & Miles, 1977-1980",False,INDIFFERENT,2:39,159,WAT5pzXZyiI,2024-01-14T04:04:03Z,commit:bbb614e9
The Happy Wanderer,Bill Staines,The Happy Wanderer,False,INDIFFERENT,4:08,248,ShmrIlBL8Yw,2024-01-14T03:59:55Z,commit:bbb614e9
Ship In The Sky,Cisco Houston,Cisco Houston Sings Songs,False,INDIFFERENT,1:54,114,022a8CDCDt4,2024-01-14T03:58:01Z,commit:bbb614e9
Old Friend,Lyle Lovett,I Love Everybody,False,INDIFFERENT,3:13,193,J1fbo0BK-E4,2024-01-14T03:54:48Z,commit:bbb614e9
Draft Dodger Rag,Pete Seeger,Dangerous Songs!?,False,INDIFFERENT,2:09,129,qBvU-mZi3Xw,2024-01-14T03:52:39Z,commit:bbb614e9
The Fox,Bill Staines,One More River,False,INDIFFERENT,3:09,189,gXubTtFKHYE,2024-01-14T03:49:30Z,commit:bbb614e9
Barrett's Privateers | The Longest Johns | Stan Rogers Cover,"The Longest Johns, 201K views",,,INDIFFERENT,4:13,253,5GjnoZzcVYs,2024-01-14T03:45:17Z,commit:bbb614e9
Am I Dreaming,Atlantic Starr,Radiant,False,INDIFFERENT,5:31,331,q6aYCyCC7l0,2024-01-14T03:39:46Z,commit:bbb614e9
Mystery Girl,Atlantic Starr,Radiant,False,INDIFFERENT,4:20,260,n8pWojQwAZ8,2024-01-14T03:35:26Z,commit:bbb614e9
You're Fooling You (Live),The Dramatics,Greatest Hits Live,False,INDIFFERENT,1:32,92,DNhMjGhOA3Y,2024-01-14T03:33:54Z,commit:bbb614e9
"Footsteps in the Dark, Pts. 1 & 2",The Isley Brothers,Go for Your Guns,False,INDIFFERENT,5:07,307,Dyq9zlYMw9g,2024-01-14T03:28:47Z,commit:bbb614e9
"I Turned You On (Live at Yankee Stadium, Bronx, NY - June 1969)",The Isley Brothers,The Isley Brothers Live at Yankee Stadium,True,LIKE,4:47,287,fpxE9EDJmyw,2024-01-14T03:24:00Z,commit:bbb614e9
Torna A Surriento,Jack Jezzro,Romance In Venice,False,INDIFFERENT,3:01,181,xvo8Yo_psA0,2024-01-14T03:20:59Z,commit:bbb614e9
Last Train to London (feat. Massey),Eve St. Jones,Jazz and 70s,False,INDIFFERENT,3:47,227,IzfDaeXtNWE,2024-01-14T03:17:12Z,commit:bbb614e9
Oh What A Night For Dancing (Edit),Barry White,Barry White's Greatest Hits Volume 2,False,INDIFFERENT,3:16,196,Ic99CjraOeQ,2024-01-14T03:13:56Z,commit:bbb614e9
I'm So Lonesome I Could Cry,Cowboy Junkies,The Trinity Session,True,LIKE,5:25,325,KesHMBETmzQ,2024-01-14T03:08:31Z,commit:bbb614e9
"Beyond The Sunrays (feat. Nitai Hershkovits, Amir Bresler, Rejoicer & Yonatan Albalak)",Apifera,6 Visits,True,LIKE,4:08,248,qX_tJXwuRtI,2024-01-14T03:04:23Z,commit:bbb614e9
Our Life's Work,Chuck Darwin and The Knuckledraggers,Three Car Pileup,,LIKE,2:35,155,p2iKO2q8_8g,2024-01-14T03:01:48Z,commit:bbb614e9
I Need Never Get Old (Live at the Ogden Theatre),"Nathaniel Rateliff, 3.1M views",,,LIKE,4:39,279,TZagCklvj1E,2024-01-14T02:57:09Z,commit:bbb614e9
The Old Dun Cow,Seamus Kennedy,Let The Music Take You Home,,LIKE,3:04,184,cWft1OsrY8Y,2024-01-14T02:54:05Z,commit:bbb614e9
Melanie De Biasio -  Live a FIP,"melaniedebiasio, 492K views",,,INDIFFERENT,45:40,2740,cBNFEqeWaQs,2024-01-14T02:08:25Z,commit:bbb614e9
A Man Without Love,Engelbert Humperdinck,A Man Without Love,False,INDIFFERENT,3:24,204,o0WWaA3oFa4,2024-01-14T02:05:01Z,commit:bbb614e9
Love Me Tonight,Tom Jones,The Best Of ... Tom Jones,False,INDIFFERENT,3:11,191,OLX-XZvz9iI,2024-01-14T02:01:50Z,commit:bbb614e9
Can't Get Enough Of Your Love Baby,Barry White,Barry White - His Greatest Hits,False,INDIFFERENT,4:30,270,_x2Z3hjaktg,2024-01-14T01:57:20Z,commit:bbb614e9
Mellow Mood (Pt. I),Barry White,Can't Get Enough,False,INDIFFERENT,1:53,113,hF0hpuavlqw,2024-01-14T01:55:27Z,commit:bbb614e9
Turn It Up (Refried),Ugly Duckling,Taste The Secret,False,INDIFFERENT,7:25,445,uNkWnV2isjE,2024-01-14T01:48:02Z,commit:bbb614e9
Something's Going Down Tonight (feat. Grand Puba),Ugly Duckling,Taste The Secret,False,INDIFFERENT,4:19,259,R5Z1q8Ww374,2024-01-14T01:43:43Z,commit:bbb614e9
Goodnight Now,Ugly Duckling,Taste The Secret,False,INDIFFERENT,4:00,240,xRbyHTjkvoA,2024-01-14T01:39:43Z,commit:bbb614e9
I Wanna Go Home,Ugly Duckling,Taste The Secret,False,INDIFFERENT,4:20,260,V1niSUAEA48,2024-01-14T01:35:23Z,commit:bbb614e9
Rio De Janeiro,Ugly Duckling,Taste The Secret,False,INDIFFERENT,3:22,202,2VgRbXgtTNU,2024-01-14T01:32:01Z,commit:bbb614e9
The Confrontation,Ugly Duckling,Taste The Secret,False,INDIFFERENT,2:42,162,CaQ-jl4Z6yY,2024-01-14T01:29:19Z,commit:bbb614e9
Daisy,Ugly Duckling,Taste The Secret,False,INDIFFERENT,3:41,221,d-JviWhi-hg,2024-01-14T01:25:38Z,commit:bbb614e9
Potty Mouth,Ugly Duckling,Taste The Secret,False,INDIFFERENT,4:14,254,pWPtTOMjADQ,2024-01-14T01:21:24Z,commit:bbb614e9
La Revolucion,Ugly Duckling,Taste The Secret,False,INDIFFERENT,5:16,316,nO8NAB-D26g,2024-01-14T01:16:08Z,commit:bbb614e9
Pass It On,Ugly Duckling,Taste The Secret,False,INDIFFERENT,4:03,243,tP-4eEY_Az8,2024-01-14T01:12:05Z,commit:bbb614e9
Mr. Tough Guy,Ugly Duckling,Taste The Secret,False,INDIFFERENT,4:03,243,oLmatbj6Syc,2024-01-14T01:08:02Z,commit:bbb614e9
The Drive-Thru,Ugly Duckling,Taste The Secret,False,INDIFFERENT,2:23,143,Lhe7mV9aGyM,2024-01-14T01:05:39Z,commit:bbb614e9
Energy Drink,Ugly Duckling,Taste The Secret,False,INDIFFERENT,3:15,195,myuDx6n6SAc,2024-01-14T01:02:24Z,commit:bbb614e9
Abigail Silk,Ugly Duckling,Taste The Secret,False,INDIFFERENT,3:26,206,SprPA5hyN9k,2024-01-14T00:58:58Z,commit:bbb614e9
Dumb It Down,Ugly Duckling,Taste The Secret,False,INDIFFERENT,3:34,214,OIr4QOGezDI,2024-01-14T00:55:24Z,commit:bbb614e9
Meatshake,Ugly Duckling,Taste The Secret,False,INDIFFERENT,2:43,163,rsMwLoWTkfY,2024-01-14T00:52:41Z,commit:bbb614e9
Turn It Up,Ugly Duckling,Taste The Secret,False,INDIFFERENT,3:57,237,R7l-5-O3OIk,2024-01-14T00:48:44Z,commit:bbb614e9
Opening Act,Ugly Duckling,Taste The Secret,True,LIKE,3:55,235,E7PQekJhpfI,2024-01-14T00:44:49Z,commit:bbb614e9
Aankhon Se Batana,Dikshant,Aankhon Se Batana,False,INDIFFERENT,3:42,222,K8P4_3NZsKs,2024-01-14T00:41:07Z,commit:bbb614e9
Undecided,Cherry Poppin’ Daddies,Undecided,False,INDIFFERENT,3:50,230,2vN8zEW-Zs8,2024-01-14T00:37:17Z,commit:bbb614e9
Atomic City (Mike WiLL Made-It Remix),U2,Atomic City (Mike WiLL Made-It Remix),False,INDIFFERENT,3:27,207,LFHFTsjigPw,2024-01-14T00:33:50Z,commit:bbb614e9
We Should Get A Drink Sometime,Michael Ray,We Should Get A Drink Sometime,False,INDIFFERENT,3:10,190,HDKLv-P9UMk,2024-01-14T00:30:40Z,commit:bbb614e9
Dharmakaya,Entheogenic,Oddiyana,,INDIFFERENT,15:12,912,H_4wXExeSBo,2024-01-14T00:15:28Z,commit:bbb614e9
The Lighthouse's Tale,Nickel Creek,Nickel Creek,False,INDIFFERENT,5:02,302,Jigp5IkagOY,2024-01-14T00:10:26Z,commit:bbb614e9
High On A Mountain,Hot Rize,Hot Rize,False,INDIFFERENT,3:07,187,dM7W-Nig8GQ,2024-01-14T00:07:19Z,commit:bbb614e9
"Taxland (feat. Barry Bales, Bryan Sutton, Michael Cleveland & Sierra Hull)",Justin Moses,Taxland,False,INDIFFERENT,3:26,206,cXQpEamo3V0,2024-01-14T00:03:53Z,commit:bbb614e9
"Rhapsody in Blue(grass) (feat. Michael Cleveland, Sierra Hull, Justin Moses & Mark Schatz)",Béla Fleck,Rhapsody in Blue (grass),False,INDIFFERENT,12:10,730,8DHPxRZFWQE,2024-01-13T23:51:43Z,commit:bbb614e9
I Don't Mind,Sturgill Simpson,Cuttin' Grass - Vol. 1 (Butcher Shoppe Sessions),False,INDIFFERENT,4:30,270,xYcmf9cRp7A,2024-01-13T23:47:13Z,commit:bbb614e9
Just Unwanted,Bella White,Just Like Leaving,False,INDIFFERENT,3:14,194,lu0mk5Dcs-U,2024-01-13T23:43:59Z,commit:bbb614e9
Atlas,Winter Flags,Winter Flags,False,INDIFFERENT,3:18,198,ABILQM5TCn0,2024-01-13T23:40:41Z,commit:bbb614e9
Scale,Winter Flags,Winter Flags,False,INDIFFERENT,5:22,322,4RYX_IE6OZ4,2024-01-13T23:35:19Z,commit:bbb614e9
Latency,Winter Flags,Winter Flags,False,INDIFFERENT,2:38,158,i_-mWcrYFvo,2024-01-13T23:32:41Z,commit:bbb614e9
I'll Be Here in the Morning,Winter Flags,Winter Flags,False,INDIFFERENT,3:29,209,88BH5QB6yCw,2024-01-13T23:29:12Z,commit:bbb614e9
Winter Flags,Winter Flags,Winter Flags,False,INDIFFERENT,4:18,258,Jq4IHyvjdHo,2024-01-13T23:24:54Z,commit:bbb614e9
Make You,Winter Flags,Winter Flags,False,INDIFFERENT,8:05,485,JCaNMDNDqYA,2024-01-13T23:16:49Z,commit:bbb614e9
The First Crossing of the Watershed,Northcape,Exploration and Ascent,False,INDIFFERENT,8:01,481,71I5gvgET0s,2024-01-13T23:08:48Z,commit:bbb614e9
Concept 11,Kodomo,Concept 11,False,INDIFFERENT,5:34,334,59PuJ_wmDwc,2024-01-13T23:03:14Z,commit:bbb614e9
Moving Rooms,Oberst & Buchner,Sfumato,False,INDIFFERENT,6:25,385,Sa6wCH1vbbs,2024-01-13T22:56:49Z,commit:bbb614e9
Enough About Hard Times,Caitlin Canty,Reckless Skyline,False,INDIFFERENT,2:35,155,OCR01ekyQxI,2024-01-13T22:54:14Z,commit:bbb614e9
Old Churchyard,The Wailin' Jennys,Fifteen,False,INDIFFERENT,3:16,196,6KqFdyifThw,2024-01-13T22:50:58Z,commit:bbb614e9
I'll Always Be Waiting For You,Sierra Hull,Daybreak,False,INDIFFERENT,2:43,163,hz-u--lbESE,2024-01-13T22:48:15Z,commit:bbb614e9
Catawba,The Honey Dewdrops,Silver Lining,False,INDIFFERENT,2:23,143,IHAdLxlosz4,2024-01-13T22:45:52Z,commit:bbb614e9
J.S. Bach: The Goldberg Variations,Mike Marshall,Into The Cauldron,False,INDIFFERENT,1:57,117,8SpVxYz2nG0,2024-01-13T22:43:55Z,commit:bbb614e9
Super Moon,Molly Tuttle,Rise,False,INDIFFERENT,2:19,139,dIJFfsxcKXs,2024-01-13T22:41:36Z,commit:bbb614e9
Early Morning Light,Sarah Jarosz,Undercurrent,False,INDIFFERENT,2:36,156,BFVJh5Gm2Eg,2024-01-13T22:39:00Z,commit:bbb614e9
Weighted Mind,Sierra Hull,Weighted Mind,False,INDIFFERENT,3:44,224,BabkxTN1xYc,2024-01-13T22:35:16Z,commit:bbb614e9
Years,Sierra Ferrell,Years,False,INDIFFERENT,3:00,180,vg4sGkehWBw,2024-01-13T22:32:16Z,commit:bbb614e9
The Sea,Sierra Ferrell,The Sea,True,LIKE,3:33,213,XJv58Q93_s0,2024-01-13T22:28:43Z,commit:bbb614e9
Bells Of Every Chapel (feat. Billy Strings),Sierra Ferrell,Bells Of Every Chapel,,LIKE,4:16,256,YGMAQw5mcqI,2024-01-13T22:24:27Z,commit:bbb614e9
Mamunia,"Paul McCartney, Wings",Band On The Run (Archive Collection),False,INDIFFERENT,4:51,291,-UAKKR_Mr4o,2024-01-13T22:19:36Z,commit:bbb614e9
Mystery Train,Elvis Presley,Sun Records: The 50th Anniversary Collection,False,INDIFFERENT,2:28,148,_ISg9PEKNYk,2024-01-13T22:17:08Z,commit:bbb614e9
Do Right Woman,Chuck Darwin and The Knuckledraggers,Three Car Pileup,,INDIFFERENT,3:29,209,EO7Q5fB9NoU,2024-01-13T22:13:39Z,commit:bbb614e9
The Road Where The Wild Wind Flies,Chuck Darwin and The Knuckledraggers,Three Car Pileup,,INDIFFERENT,3:51,231,59DkOQrhrc8,2024-01-13T22:09:48Z,commit:bbb614e9
Dance,Chuck Darwin and The Knuckledraggers,Three Car Pileup,,INDIFFERENT,3:03,183,1jiHp90t_MI,2024-01-13T22:06:45Z,commit:bbb614e9
Wish You Were Here,Pink Floyd,Wish You Were Here,False,INDIFFERENT,5:35,335,hjpF8ukSrvk,2024-01-13T22:01:10Z,commit:bbb614e9
Embryo (from Harvest Records sampler ‘Picnic’),Pink Floyd,The Early Years 1967-1972 Cre/ation,,INDIFFERENT,4:42,282,mr996-G3_eY,2024-01-13T21:56:28Z,commit:bbb614e9
Korsakow - Sun Of A Gun (1996),"Houseum, 3.3M views",,,INDIFFERENT,8:41,521,1QxtWu-pJw0,2024-01-13T21:47:47Z,commit:bbb614e9
Fade Back,Harrison BDP,Fade Back from Reality,False,INDIFFERENT,8:28,508,ndUveAyZ8NA,2024-01-13T21:39:19Z,commit:bbb614e9
Sullfupport - Cam Rillem,"Slav, 361K views",,,INDIFFERENT,8:22,502,97OKT1DxonY,2024-01-13T21:30:57Z,commit:bbb614e9
Deejay Astral - Aquamarine,"Slav, 173K views",,,INDIFFERENT,4:47,287,gSRUTLNu3Xc,2024-01-13T21:26:10Z,commit:bbb614e9
Men I Trust - Lucky Sue (Bernardo Mota Edit),"Vals, 741K views",,,INDIFFERENT,4:55,295,AlfKTgCK9kM,2024-01-13T21:21:15Z,commit:bbb614e9
