title,artists,album,inLibrary,likeStatus,duration,duration_seconds,videoId,played_at,run_id
Rhapsody in Blue (2017 Remastered Version),Leonard Bernstein,Gershwin: Rhapsody in Blue & An American in Paris - Grofé: Grand Canyon Suite (2017 Remastered Version),False,INDIFFERENT,16:29,989,4jVh5cZ_ZvM,2024-12-31T23:56:52Z,commit:777ac1af
American Dreaming,Sierra Ferrell,American Dreaming (Single Edit),False,INDIFFERENT,4:18,258,MARPEvw2Prw,2024-12-31T23:52:34Z,commit:777ac1af
Phoebe,Kerala Dust,"Light, West",False,INDIFFERENT,4:38,278,HXNPVWqotOA,2024-12-31T23:47:56Z,commit:777ac1af
I Never Talk to Mirrors,Kerala Dust,"Light, West",False,INDIFFERENT,0:32,32,nO-WxrOTx_M,2024-12-31T23:47:24Z,commit:777ac1af
Reflected (Live In Santa Ana),Kerala Dust,"Light, West",False,INDIFFERENT,8:39,519,kfDa9Ao-XL4,2024-12-31T23:38:45Z,commit:777ac1af
Amsterdam,Kerala Dust,"Light, West",False,INDIFFERENT,3:24,204,XlJlHw39UcQ,2024-12-31T23:35:21Z,commit:777ac1af
Lilac Dune,Kerala Dust,"Light, West",False,INDIFFERENT,2:18,138,3Gx7il5v91k,2024-12-31T23:33:03Z,commit:777ac1af
Untitled (Or the Evening Redness in the West),Kerala Dust,"Light, West",False,INDIFFERENT,8:02,482,A5s0saYTr2A,2024-12-31T23:25:01Z,commit:777ac1af
Night Bell (Arizona),Kerala Dust,"Light, West",True,LIKE,7:29,449,02oAFRwUPNw,2024-12-31T23:17:32Z,commit:777ac1af
Fine Della Scena,Kerala Dust,Violet Drive,False,INDIFFERENT,3:34,214,VRzJ6FyJJA4,2024-12-31T23:13:58Z,commit:777ac1af
Engels' Machine,Kerala Dust,Violet Drive,False,INDIFFERENT,4:17,257,AAhjlgBAJKc,2024-12-31T23:09:41Z,commit:777ac1af
Future Visions,Kerala Dust,Violet Drive,False,INDIFFERENT,3:58,238,jBvRJYa9mXw,2024-12-31T23:05:43Z,commit:777ac1af
Nuove Variazioni di una Stanza,Kerala Dust,Violet Drive,False,INDIFFERENT,2:30,150,KrHz4BXLvNg,2024-12-31T23:03:13Z,commit:777ac1af
Still There,Kerala Dust,Violet Drive,False,INDIFFERENT,5:15,315,pYeMUyo223w,2024-12-31T22:57:58Z,commit:777ac1af
Salt,Kerala Dust,Violet Drive,False,INDIFFERENT,3:19,199,Qq5NAnDhUYM,2024-12-31T22:54:39Z,commit:777ac1af
Jacob's Gun,Kerala Dust,Violet Drive,False,INDIFFERENT,4:03,243,qoFEb3hYtQQ,2024-12-31T22:50:36Z,commit:777ac1af
Pulse VI,Kerala Dust,Violet Drive,False,INDIFFERENT,5:28,328,xWbbT5jSBZQ,2024-12-31T22:45:08Z,commit:777ac1af
Red Light,Kerala Dust,Violet Drive,False,INDIFFERENT,3:58,238,KEB9tsEQtl8,2024-12-31T22:41:10Z,commit:777ac1af
Shake,Kerala Dust,Violet Drive,False,INDIFFERENT,0:21,21,e4NvzHw5AOM,2024-12-31T22:40:49Z,commit:777ac1af
Violet Drive,Kerala Dust,Violet Drive,False,INDIFFERENT,5:25,325,Yxu2IGVVYYI,2024-12-31T22:35:24Z,commit:777ac1af
"Moonbeam, Midnight, Howl",Kerala Dust,Violet Drive,False,INDIFFERENT,5:42,342,5sB5PaaGBSY,2024-12-31T22:29:42Z,commit:777ac1af
The Trap,AFAR,The Trap (Kerala Dust's Wide Open Sky Rework),False,INDIFFERENT,5:03,303,sJF5-66q2Wg,2024-12-31T22:24:39Z,commit:777ac1af
The Trap (Kerala Dust's Wide Open Sky Rework),"AFAR, Kerala Dust",The Trap (Kerala Dust's Wide Open Sky Rework),False,INDIFFERENT,3:39,219,Xv7bOagKgFw,2024-12-31T22:21:00Z,commit:777ac1af
Urmel,okuma,Bi Ba Bü,,INDIFFERENT,7:50,470,hCRjk-0-UaY,2024-12-31T22:13:10Z,commit:777ac1af
Urmel,okuma,Urmel / Kalkutta,,LIKE,7:50,470,p4wmAhqaIx4,2024-12-31T22:05:20Z,commit:777ac1af
My Thoughts Behind (Bonus Edit),"Turu Anasi, okuma",Las Olas,,INDIFFERENT,8:14,494,rzE3N2CbXfU,2024-12-31T21:57:06Z,commit:777ac1af
Kalima (DBRA Remix),Turu Anasi,Las Olas,,INDIFFERENT,7:49,469,splqxoWy4bI,2024-12-31T21:49:17Z,commit:777ac1af
Kalima,Turu Anasi,Las Olas,,INDIFFERENT,6:31,391,sxx5sgHt698,2024-12-31T21:42:46Z,commit:777ac1af
Las Olas,Turu Anasi,Las Olas,,INDIFFERENT,8:42,522,JZ44NG8w2j4,2024-12-31T21:34:04Z,commit:777ac1af
Kalkutta,okuma,Urmel / Kalkutta,,LIKE,8:31,511,RPM-NbDuHlM,2024-12-31T21:25:33Z,commit:777ac1af
Turkish Coffee,BALTHVS,Turkish Coffee,False,INDIFFERENT,3:38,218,EYuP7-dKl0k,2024-12-31T21:21:55Z,commit:777ac1af
Mahal,Glass Beams,Mahal,False,INDIFFERENT,3:22,202,Byzhrg7oW58,2024-12-31T21:18:33Z,commit:777ac1af
Radiohead - Everything In Its Right Place (Reinier Zonneveld's Filth on Acid Remix),"561K views, Ossicle",,,LIKE,6:41,401,lEDB02Z5aJc,2024-12-31T21:11:52Z,commit:777ac1af
Don't Bother They're Here,Stars of the Lid,And Their Refinement of the Decline,,INDIFFERENT,10:11,611,_DsYk-WM5Rk,2024-12-31T21:01:41Z,commit:777ac1af
Sienna,Loscil & Lawrence English,Chroma,,INDIFFERENT,5:34,334,-ZC8o6rIcwk,2024-12-31T20:56:07Z,commit:777ac1af
#20,Aphex Twin,Selected Ambient Works Volume II,False,INDIFFERENT,4:16,256,cCD8uT9C90M,2024-12-31T20:51:51Z,commit:777ac1af
No Drums,Tim Hecker,"Ravedeath, 1972",False,INDIFFERENT,3:25,205,qdmbbiMRe48,2024-12-31T20:48:26Z,commit:777ac1af
Time after time,Hiroshi Yoshimura,Surround,False,INDIFFERENT,11:05,665,2z2nzne8fFQ,2024-12-31T20:37:21Z,commit:777ac1af
Kamouraska,Loscil,Umbel,False,INDIFFERENT,6:35,395,mGvuBRAFKC8,2024-12-31T20:30:46Z,commit:777ac1af
Time as a Reward,Warmth,Essay,False,INDIFFERENT,8:54,534,yC_jthy1nEo,2024-12-31T20:21:52Z,commit:777ac1af
52hz Whale,SymphoCat,Long Whale Song,False,INDIFFERENT,11:53,713,WdrZy1qjhnA,2024-12-31T20:09:59Z,commit:777ac1af
She Likes the Stormy Weather,Hammock,She Likes the Stormy Weather,False,INDIFFERENT,6:01,361,q86ZJ79epr0,2024-12-31T20:03:58Z,commit:777ac1af
Forgotten Hill,Chihei Hatakeyama,Forgotten Hill,False,INDIFFERENT,4:02,242,Jo-MK5xO8D4,2024-12-31T19:59:56Z,commit:777ac1af
Even If You're Never Awake,Stars of the Lid,And Their Refinement of the Decline,,INDIFFERENT,9:21,561,7Oc7-vlTP08,2024-12-31T19:50:35Z,commit:777ac1af
#3,Aphex Twin,Selected Ambient Works Volume II (Expanded Edition),False,INDIFFERENT,7:45,465,UoNlG9g1E2E,2024-12-31T19:42:50Z,commit:777ac1af
Dusk Gale,Loscil,Umbel,False,INDIFFERENT,7:36,456,W76Tf2OJrWE,2024-12-31T19:35:14Z,commit:777ac1af
Endless Falls,loscil,Endless Falls,,INDIFFERENT,7:56,476,xxxpnfRi4Tw,2024-12-31T19:27:18Z,commit:777ac1af
Boogie Man,Daniel Donato,"2024/11/02 Bloomington, IN",,INDIFFERENT,7:04,424,of0UNTp_zPw,2024-12-31T19:20:14Z,commit:777ac1af
Sugar Leg Rag,Daniel Donato,"2024/11/02 Bloomington, IN",,INDIFFERENT,10:33,633,4nXwHP8NVC8,2024-12-31T19:09:41Z,commit:777ac1af
Luck Of The Draw,Daniel Donato,"2024/11/02 Bloomington, IN",,INDIFFERENT,11:52,712,Ey1PQ-GZRV0,2024-12-31T18:57:49Z,commit:777ac1af
Got My Mojo Workin’,Daniel Donato,"2024/11/02 Bloomington, IN",,INDIFFERENT,6:42,402,qNAdcvsrL6k,2024-12-31T18:51:07Z,commit:777ac1af
Ain't Living Long Like This,Daniel Donato,"2024/11/02 Bloomington, IN",,INDIFFERENT,6:03,363,NfGPce0A8-M,2024-12-31T18:45:04Z,commit:777ac1af
Ghost Riders In The Sky (Instrumental),Daniel Donato,"2024/11/02 Bloomington, IN",,INDIFFERENT,13:17,797,X1ayPsZm1nw,2024-12-31T18:31:47Z,commit:777ac1af
Doggone Cowboy,Daniel Donato,"2024/11/02 Bloomington, IN",,INDIFFERENT,3:49,229,UIsSLDDHd6U,2024-12-31T18:27:58Z,commit:777ac1af
Hangman’s Reel,Daniel Donato,"2024/11/02 Bloomington, IN",,INDIFFERENT,5:25,325,pTyiXFGXejI,2024-12-31T18:22:33Z,commit:777ac1af
Broadside Ballad,Daniel Donato,"2024/11/02 Bloomington, IN",,INDIFFERENT,11:54,714,pL41rwNc0Cs,2024-12-31T18:10:39Z,commit:777ac1af
Workin' Man Blues,Daniel Donato,"2024/11/02 Bloomington, IN",,INDIFFERENT,4:38,278,4eFngo8azf4,2024-12-31T18:06:01Z,commit:777ac1af
Hey Mr. Nashville,Charley Crockett,Hey Mr. Nashville,,LIKE,3:01,181,uEgvSZ7lHys,2024-12-31T18:03:00Z,commit:777ac1af
A Simple Way to Go Faster Than Light That Does Not Work,Tortoise,TNT,False,INDIFFERENT,3:34,214,IBoCUZIRuv4,2024-12-30T21:25:57Z,commit:777ac1af
The Equator,Tortoise,TNT,False,INDIFFERENT,3:43,223,uVzBPPxmNio,2024-12-30T21:22:14Z,commit:777ac1af
I Set My Face to the Hillside,Tortoise,TNT,False,INDIFFERENT,6:09,369,ZuNaQ1c6z8A,2024-12-30T21:16:05Z,commit:777ac1af
A Simple Way to Go Faster Than Light That Does Not Work,Tortoise,TNT,False,INDIFFERENT,3:34,214,IBoCUZIRuv4,2024-12-30T01:59:46Z,commit:777ac1af
The Equator,Tortoise,TNT,False,INDIFFERENT,3:43,223,uVzBPPxmNio,2024-12-30T01:56:03Z,commit:777ac1af
I Set My Face to the Hillside,Tortoise,TNT,False,INDIFFERENT,6:09,369,ZuNaQ1c6z8A,2024-12-30T01:49:54Z,commit:777ac1af
Everglade,Tortoise,TNT,False,INDIFFERENT,4:22,262,Fzxr78eD514,2024-12-30T01:45:32Z,commit:777ac1af
Jetty,Tortoise,TNT,False,INDIFFERENT,8:22,502,o03Tszr9rQU,2024-12-30T01:37:10Z,commit:777ac1af
Almost Always is Nearly Enough,Tortoise,TNT,False,INDIFFERENT,2:43,163,-PPg2s4RjS8,2024-12-30T01:34:27Z,commit:777ac1af
"In Sarah, Mencken, Christ, and Beethoven There Were Women and Men",Tortoise,TNT,False,INDIFFERENT,7:30,450,aEXwB2df69I,2024-12-30T01:26:57Z,commit:777ac1af
Four-Day Interval,Tortoise,TNT,False,INDIFFERENT,4:46,286,InScyxU-0Gs,2024-12-30T01:22:11Z,commit:777ac1af
The Suspension Bridge at Iguazú Falls,Tortoise,TNT,False,INDIFFERENT,5:39,339,C_Cf3zpdSSE,2024-12-30T01:16:32Z,commit:777ac1af
Ten-Day Interval,Tortoise,TNT,False,INDIFFERENT,4:45,285,hJQBXfdiOCc,2024-12-30T01:11:47Z,commit:777ac1af
Swung From the Gutters,Tortoise,TNT,False,INDIFFERENT,5:53,353,er_92FLRKsw,2024-12-30T01:05:54Z,commit:777ac1af
TNT,Tortoise,TNT,False,INDIFFERENT,7:34,454,WuitmtCZYoY,2024-12-30T00:58:20Z,commit:777ac1af
Jaws of the World,DeVotchKa,Supermelodrama,False,INDIFFERENT,2:50,170,jkRIlayV9tM,2024-12-30T00:55:30Z,commit:777ac1af
(Sittin' On) the Dock of the Bay,Otis Redding,The Dock of the Bay,False,INDIFFERENT,2:47,167,Zu5chXCp1Ag,2024-12-30T00:52:43Z,commit:777ac1af
Crooked Tree,"Golden Highway, Molly Tuttle",Crooked Tree,,INDIFFERENT,3:53,233,BgK_iQ880sg,2024-12-30T00:48:50Z,commit:777ac1af
The Way I Oughta Go,Bella White,The Way I Oughta Go,False,INDIFFERENT,4:11,251,G1sO_4QEEHs,2024-12-30T00:44:39Z,commit:777ac1af
I Don't Want It,Ween,Quebec,True,LIKE,3:26,206,-cMK3hu-Qq4,2024-12-30T00:41:13Z,commit:777ac1af
The Sea,Sierra Ferrell,The Sea,True,LIKE,3:33,213,XJv58Q93_s0,2024-12-30T00:37:40Z,commit:777ac1af
Red Rocking Chair,Billy Strings,Billy Strings - EP,False,INDIFFERENT,4:14,254,aR3iXp5Qnh4,2024-12-30T00:33:26Z,commit:777ac1af
Ain't Gotta Worry Child,Charley Crockett,Lonesome as a Shadow,False,INDIFFERENT,3:06,186,DLm61gQxsDo,2024-12-30T00:30:20Z,commit:777ac1af
The Great Atomic Power,The Louvin Brothers,Weapon Of Prayer,,LIKE,2:43,163,AojCqHwsbX0,2024-12-30T00:27:37Z,commit:777ac1af
Unbroken Chain,Grateful Dead,From the Mars Hotel,True,LIKE,6:46,406,T5FN06LFfHk,2024-12-30T00:20:51Z,commit:777ac1af
Bury Me Beneath the Willow,"Chris Thile, Michael Daves",Sleep With One Eye Open,True,LIKE,3:47,227,rOb9A2iz02M,2024-12-30T00:17:04Z,commit:777ac1af
SOS,ABBA,Abba,False,INDIFFERENT,3:23,203,CxMcD8QHVag,2024-12-30T00:13:41Z,commit:777ac1af
Umbel,Loscil,Umbel,False,INDIFFERENT,6:38,398,nAIZlOtfKE0,2024-12-30T00:07:03Z,commit:777ac1af
My Back Pages,The Byrds,Younger Than Yesterday,False,INDIFFERENT,3:09,189,OADlrLHfYW4,2024-12-30T00:03:54Z,commit:777ac1af
Accentuate the Positive,Dr. John,In A Sentimental Mood,False,INDIFFERENT,3:53,233,k0I0NB2JLDU,2024-12-30T00:00:01Z,commit:777ac1af
Scarlet Town,Gillian Welch,The Harrow & The Harvest,False,INDIFFERENT,3:41,221,aVdjP8XfU_0,2024-12-29T23:56:20Z,commit:777ac1af
Mercury's Odyssey,The Olympians,The Olympians,,LIKE,3:39,219,ta4G1xOUcrE,2024-12-29T23:52:41Z,commit:777ac1af
Alice,Tom Waits,Alice,False,INDIFFERENT,4:29,269,SsgDQniTY10,2024-12-29T23:48:12Z,commit:777ac1af
In Spite of Ourselves (feat. Iris DeMent),John Prine,In Spite Of Ourselves,False,INDIFFERENT,3:34,214,s23Uyikkzyo,2024-12-29T23:44:38Z,commit:777ac1af
Esperanza,Hermanos Gutiérrez,Esperanza,True,LIKE,5:29,329,mlIMIJIcpn8,2024-12-29T23:39:09Z,commit:777ac1af
The Enemy Guns,DeVotchKa,How It Ends,False,INDIFFERENT,4:22,262,JBENK0s-qJY,2024-12-29T23:34:47Z,commit:777ac1af
All Hail,The Devil Makes Three,Do Wrong Right,,LIKE,4:02,242,4_bjSdl85gU,2024-12-29T23:30:45Z,commit:777ac1af
Where'd All the Time Go?,Dr. Dog,"Shame, Shame (Deluxe Edition)",False,INDIFFERENT,3:55,235,S0V9zehc_h8,2024-12-29T23:26:50Z,commit:777ac1af
Jerusalem Ridge,Noam Pikelny,Noam Pikelny Plays Kenny Baker Plays Bill Monroe,False,INDIFFERENT,4:32,272,Qk7-tPw2H-c,2024-12-29T23:22:18Z,commit:777ac1af
If You Could Save Yourself (You'd Save Us All),Ween,Quebec,False,INDIFFERENT,4:48,288,XRc8GI3MX_Q,2024-12-29T23:17:30Z,commit:777ac1af
Midnight Rider,The Allman Brothers Band,Idlewild South (Deluxe Edition Remastered),False,INDIFFERENT,3:01,181,O6Q40nZRRco,2024-12-29T23:14:29Z,commit:777ac1af
Walk On Boy,"Billy Strings, Don Julin",Fiddle Tune X,,INDIFFERENT,3:42,222,mXIDWr-EAgo,2024-12-29T23:10:47Z,commit:777ac1af
Killers of the Flower Moon,Charley Crockett,Killers of the Flower Moon,False,INDIFFERENT,3:14,194,tM3-u1u0nxQ,2024-12-29T23:07:33Z,commit:777ac1af
Money Train,Sierra Ferrell,Trail Of Flowers,True,LIKE,2:41,161,UEDkBtt9590,2024-12-29T23:04:52Z,commit:777ac1af
I'm The Slime,"Frank Zappa, The Mothers",Over-Nite Sensation,False,INDIFFERENT,3:35,215,iiCQcEW98OY,2024-12-29T23:01:17Z,commit:777ac1af
Sing Me Back Home,The Flying Burrito Brothers,Sleepless Nights,True,LIKE,3:51,231,SijAirmAfoQ,2024-12-29T22:57:26Z,commit:777ac1af
Fernando,ABBA,Arrival,False,INDIFFERENT,4:13,253,b-U3-Sla8GM,2024-12-29T22:53:13Z,commit:777ac1af
Mute,loscil,Submers,,INDIFFERENT,7:33,453,brcJBLO836s,2024-12-29T22:45:40Z,commit:777ac1af
I'll Feel a Whole Lot Better,The Byrds,Mr. Tambourine Man,False,INDIFFERENT,2:32,152,sJbZB78srns,2024-12-29T22:43:08Z,commit:777ac1af
You Lie,Dr. John,Locked Down,False,INDIFFERENT,4:46,286,Ql23PVVEOSM,2024-12-29T22:38:22Z,commit:777ac1af
Picasso,Gillian Welch,"Boots No. 2: The Lost Songs, Vol. 2",False,INDIFFERENT,3:42,222,8SVANqvPsYw,2024-12-29T22:34:40Z,commit:777ac1af
"Gold Dust Woman (Live at The Forum, Inglewood, CA 8/29/77)",Fleetwood Mac,Gold Dust Woman,,LIKE,7:24,444,5Zp2WKvnG_E,2024-12-29T22:27:16Z,commit:777ac1af
Make It Rain,Tom Waits,Real Gone,False,INDIFFERENT,3:39,219,JgWib8WAEWY,2024-12-29T22:23:37Z,commit:777ac1af
"Mrs. Robinson (From ""The Graduate"" Soundtrack)",Simon & Garfunkel,Bookends,False,INDIFFERENT,4:05,245,_C2vqI9FVwg,2024-12-29T22:19:32Z,commit:777ac1af
Tombstone Blues,Bob Dylan,Highway 61 Revisited,True,LIKE,5:57,357,J6yWZUv9QJA,2024-12-29T22:13:35Z,commit:777ac1af
Young Americans,David Bowie,Young Americans,False,INDIFFERENT,5:14,314,iO6OvHxD_m8,2024-12-29T22:08:21Z,commit:777ac1af
Whooped If You Will,Nick Shoulders,Won't Fence Us In,False,INDIFFERENT,4:01,241,dY-BWrkcLyM,2024-12-29T22:04:20Z,commit:777ac1af
Death Trip,Yonder Mountain String Band,"Mountain Tracks, Vol. 5",,INDIFFERENT,7:42,462,9aYne1Fhir0,2024-12-29T21:56:38Z,commit:777ac1af
Cheyenne,Noam Pikelny,Noam Pikelny Plays Kenny Baker Plays Bill Monroe,True,LIKE,3:38,218,gnqIsB2Y8SQ,2024-12-29T21:53:00Z,commit:777ac1af
Did You See Me?,Ween,Shinola (Vol. 1),False,INDIFFERENT,5:12,312,mNPuz69Rtac,2024-12-29T21:47:48Z,commit:777ac1af
"Don't Think Twice, It's All Right",The Infamous Stringdusters,Undercover,True,LIKE,4:26,266,Wewb33DJSz0,2024-12-29T21:43:22Z,commit:777ac1af
Secrets,Billy Strings,Renewal,,INDIFFERENT,4:44,284,Mjs-QkBAydE,2024-12-29T21:38:38Z,commit:777ac1af
Shady Grove,Doc Watson,Good Deal!,False,INDIFFERENT,2:59,179,I0f-dCMSVKQ,2024-12-29T21:35:39Z,commit:777ac1af
Lighthouse (Alternate Version),Sierra Ferrell,Lighthouse (Alternate Version),False,INDIFFERENT,3:32,212,wXavA_FJlS8,2024-12-29T21:32:07Z,commit:777ac1af
Four Years of Chances,Margo Price,Midwest Farmer's Daughter,True,LIKE,4:34,274,DvMLnpW62bE,2024-12-29T21:27:33Z,commit:777ac1af
Gator,Jerry Reed,Both Barrels,True,LIKE,2:58,178,fty3aTMWbWc,2024-12-29T21:24:35Z,commit:777ac1af
One Of Us,ABBA,The Visitors (Deluxe Edition),False,INDIFFERENT,3:58,238,WQMg5zkFJ2k,2024-12-29T21:20:37Z,commit:777ac1af
Sous Marin,Loscil,Stases,,INDIFFERENT,3:53,233,b85HmjzOn-I,2024-12-29T21:16:44Z,commit:777ac1af
Turn! Turn! Turn! (To Everything There Is A Season),The Byrds,Greatest Hits,False,INDIFFERENT,3:50,230,5_YsQu5tKEE,2024-12-29T21:12:54Z,commit:777ac1af
Iko Iko,Dr. John,The Essentials: Dr. John,False,INDIFFERENT,4:09,249,28b6LaZXuFA,2024-12-29T21:08:45Z,commit:777ac1af
Revelator,Gillian Welch,Time (The Revelator),False,INDIFFERENT,6:22,382,rV_uFpbXZ9k,2024-12-29T21:02:23Z,commit:777ac1af
If I Needed You,Townes Van Zandt,The Late Great Townes Van Zandt,False,INDIFFERENT,3:45,225,CDCaflb6-Yk,2024-12-29T20:58:38Z,commit:777ac1af
Fried Soul,Delvon Lamarr Organ Trio,Fried Soul,False,INDIFFERENT,3:37,217,WDAynrHkP7w,2024-12-29T20:55:01Z,commit:777ac1af
How It Ends,DeVotchKa,How It Ends,False,INDIFFERENT,7:00,420,C4EdAmSCVWk,2024-12-29T20:48:01Z,commit:777ac1af
For A Night,Pokey LaFarge,Rhumba Country,,INDIFFERENT,3:14,194,KsRsOWu1VNc,2024-12-29T20:44:47Z,commit:777ac1af
Poso Lipame (Remix),"Imam Baildi, Sofia Vebo",Imam Baildi,,LIKE,4:19,259,i5anQOAebeM,2024-12-29T20:40:28Z,commit:777ac1af
Rasputin,Boney M.,The Magic Of Boney M.,False,INDIFFERENT,4:27,267,6JhVo2zS8hU,2024-12-29T20:36:01Z,commit:777ac1af
Southbound,Yonder Mountain String Band,"Mountain Tracks, Vol. 5",,INDIFFERENT,3:58,238,Rd2rpcccP8A,2024-12-29T20:32:03Z,commit:777ac1af
Falani,Béla Fleck,Transatlantic Sessions - Series 5: Volume One,True,LIKE,4:47,287,LtQv3AfBbXc,2024-12-29T20:27:16Z,commit:777ac1af
I'm Holding You,Ween,12 Golden Country Greats,,LIKE,4:03,243,YzTbyJaFmIw,2024-12-29T20:23:13Z,commit:777ac1af
Heavy Metal Drummer (2022 Remaster),Wilco,Yankee Hotel Foxtrot (Deluxe Edition),,INDIFFERENT,3:10,190,6SIgY-_78NU,2024-12-29T20:20:03Z,commit:777ac1af
Doin' things Right,Billy Strings,Turmoil & Tinfoil,,INDIFFERENT,4:14,254,7BQ3s0VylVg,2024-12-29T20:15:49Z,commit:777ac1af
Fire (Reworked by Blackjoy),Thomas Naïm,Sounds of Jimi (Reworks),True,LIKE,4:58,298,NMw5wQp89g4,2024-12-29T20:10:51Z,commit:777ac1af
Float On,"Iron Horse, Pickin' On Series",The Bluegrass Tribute to Modest Mouse: Something You've Never Heard Before,False,INDIFFERENT,4:14,254,bMhP7QJoQNk,2024-12-29T20:06:37Z,commit:777ac1af
American Dreaming (Alternative Version),Sierra Ferrell,American Dreaming (Alternative Version),False,INDIFFERENT,4:25,265,sPC1hvCZ0iw,2024-12-29T20:02:12Z,commit:777ac1af
The Uptown Poker Club,Jerry Reed,The Uptown Poker Club,,LIKE,3:29,209,EKMHQIeUTxE,2024-12-29T19:58:43Z,commit:777ac1af
Does Your Mother Know,ABBA,Voulez-Vous,False,INDIFFERENT,3:14,194,PfvAiukymyw,2024-12-29T19:55:29Z,commit:777ac1af
Nautical,Loscil,Stases,,INDIFFERENT,4:33,273,R-uAoGoocyI,2024-12-29T19:50:56Z,commit:777ac1af
Eight Miles High,The Byrds,Fifth Dimension,False,INDIFFERENT,3:35,215,Le42qL3h8dw,2024-12-29T19:47:21Z,commit:777ac1af
Right Place Wrong Time,Dr. John,In The Right Place,False,INDIFFERENT,2:56,176,zw-2CTx4YgY,2024-12-29T19:44:25Z,commit:777ac1af
Wayside / Back in Time,Gillian Welch,Soul Journey,False,INDIFFERENT,3:29,209,seD-WS5RZgY,2024-12-29T19:40:56Z,commit:777ac1af
Start Wearing Purple,Gogol Bordello,Everything is Illuminated,,INDIFFERENT,3:43,223,WYbRdY_vEuo,2024-12-29T19:37:13Z,commit:777ac1af
Trans-Continental Hustle,Gogol Bordello,Trans-Continental Hustle,True,LIKE,4:17,257,m25XvcLsROQ,2024-12-29T19:32:56Z,commit:777ac1af
Exit Music (For A Film),Radiohead,OK Computer OKNOTOK 1997 2017,True,LIKE,4:26,266,FapBH3j6WoA,2024-12-29T19:28:30Z,commit:777ac1af
Alabama Jubilee,The Seldom Scene,Bluegrass:The World's Greatest Show,True,LIKE,3:50,230,HyGe0pBImfc,2024-12-29T19:24:40Z,commit:777ac1af
"D-18 Song (Thank You, Mr. Martin)","Norman Blake, Tony Rice",Norman Blake & Tony Rice 2,,LIKE,3:59,239,pTEa-GX41z0,2024-12-29T19:20:41Z,commit:777ac1af
Sugar Shack,Phish,Joy,False,INDIFFERENT,4:04,244,-W9qj_TmG68,2024-12-29T19:16:37Z,commit:777ac1af
Like a Rolling Stone,Bob Dylan,Highway 61 Revisited,False,INDIFFERENT,6:10,370,syNLBJ_Lq9E,2024-12-29T19:10:27Z,commit:777ac1af
Cold Lonesome Wind,Wayne Hancock,Thunderstorms and Neon Signs,,LIKE,4:25,265,aP9K-OOOE4I,2024-12-29T19:06:02Z,commit:777ac1af
Squadlive,Lettuce,Outta Here,True,LIKE,3:58,238,3Q-FagXrybM,2024-12-29T19:02:04Z,commit:777ac1af
Chittlin’ Cookin’ Time In Cheatham County,Sierra Ferrell,Trail Of Flowers,True,LIKE,3:02,182,7p2-TKipaME,2024-12-29T18:59:02Z,commit:777ac1af
Toca's Miracle (Radio Edit),Fragma,Toca (20th Anniversary Edition),False,INDIFFERENT,3:21,201,Tc4Y_CACf9c,2024-12-29T18:55:41Z,commit:777ac1af
Relapse,OVERWERK,After Hours,False,INDIFFERENT,5:21,321,kfqfAWPcUTk,2024-12-29T18:50:20Z,commit:777ac1af
Waters of Nazareth,Justice,Waters of Nazareth,False,INDIFFERENT,4:32,272,6ZzRs4V_eeU,2024-12-29T18:45:48Z,commit:777ac1af
Rez,Underworld,Dubnobasswithmyheadman (Deluxe / 20th Anniversary Edition),False,INDIFFERENT,9:58,598,GNdMPHNqqBI,2024-12-29T18:35:50Z,commit:777ac1af
Sandstorm (Radio Edit),Darude,Sandstorm,False,INDIFFERENT,3:47,227,XjvkxXblpz8,2024-12-29T18:32:03Z,commit:777ac1af
LED Spirals (Extended Version),Le Castle Vania,"""LED Spirals"" (Extended Version) (From ""John Wick"")",False,INDIFFERENT,3:16,196,prfZpn-gybw,2024-12-29T18:28:47Z,commit:777ac1af
"Aerodynamic Beats / Gabrielle , Forget About the World",Daft Punk,Alive 2007,,INDIFFERENT,3:32,212,sP8pIospPig,2024-12-29T18:25:15Z,commit:777ac1af
Call on Me (Radio Mix),Eric Prydz,Call on Me (Radio Mix),False,INDIFFERENT,2:52,172,lw3iCVeTe30,2024-12-29T18:22:23Z,commit:777ac1af
Tetra,SebastiAn,Total,False,INDIFFERENT,2:55,175,7S6-iXxoBj0,2024-12-29T18:19:28Z,commit:777ac1af
Seven Days and One Week (Radio Edit),BBE,Seven Days and One Week,False,INDIFFERENT,4:32,272,th5vPy1oJjc,2024-12-29T18:14:56Z,commit:777ac1af
Workin' Woman Blues,Valerie June,Pushin' Against A Stone,False,INDIFFERENT,3:06,186,X85Tqaa-nd4,2024-12-29T18:11:50Z,commit:777ac1af
Years,Sierra Ferrell,Years,False,INDIFFERENT,3:00,180,vg4sGkehWBw,2024-12-29T18:08:50Z,commit:777ac1af
Slippin' And Slidin',Justin Townes Earle,Harlem River Blues,False,INDIFFERENT,2:59,179,SOaAsY9v6Io,2024-12-29T18:05:51Z,commit:777ac1af
Not To Blame,Bella White,Not To Blame,False,INDIFFERENT,2:56,176,XdPqhvcbR20,2024-12-29T18:02:55Z,commit:777ac1af
Wagon Wheel,Old Crow Medicine Show,O.C.M.S.,False,INDIFFERENT,3:53,233,Oe5hm0v67zM,2024-12-29T17:59:02Z,commit:777ac1af
Saskatchewan in 1881,Colter Wall,Songs of the Plains,False,INDIFFERENT,2:52,172,u8EGcDJex4w,2024-12-29T17:56:10Z,commit:777ac1af
you look like you love me,"Ella Langley, Riley Green",you look like you love me,True,LIKE,3:45,225,PkmHubToSS0,2024-12-29T17:52:25Z,commit:777ac1af
Orpheus,Sara Bareilles,Amidst the Chaos (Bonus Version),False,INDIFFERENT,4:14,254,2Qf9fk_0j_0,2024-12-29T17:48:11Z,commit:777ac1af
Easy Road,Yarn,This Is the Year,False,INDIFFERENT,3:02,182,6huzOCnwcJE,2024-12-29T17:45:09Z,commit:777ac1af
American Dreaming,Sierra Ferrell,American Dreaming (Single Edit),False,INDIFFERENT,4:18,258,MARPEvw2Prw,2024-12-29T17:40:51Z,commit:777ac1af
Good At Losing,Charley Crockett,$10 Cowboy,False,INDIFFERENT,3:45,225,uVlHMrpN_qk,2024-12-29T17:37:06Z,commit:777ac1af
Just Like Leaving,Bella White,Just Like Leaving,False,INDIFFERENT,3:27,207,oviDGUsgHhY,2024-12-29T17:33:39Z,commit:777ac1af
I Don't Mind,Sturgill Simpson,Cuttin' Grass - Vol. 1 (Butcher Shoppe Sessions),False,INDIFFERENT,4:30,270,xYcmf9cRp7A,2024-12-29T17:29:09Z,commit:777ac1af
America,Charley Crockett,$10 Cowboy,False,INDIFFERENT,3:24,204,ncUTPdyVbUM,2024-12-29T17:25:45Z,commit:777ac1af
American Dreaming,Sierra Ferrell,American Dreaming (Single Edit),False,INDIFFERENT,4:18,258,MARPEvw2Prw,2024-12-29T17:21:27Z,commit:777ac1af
#3,Aphex Twin,Selected Ambient Works Volume II,False,INDIFFERENT,7:45,465,75O11W5EZAU,2024-12-29T17:13:42Z,commit:777ac1af
Bloodmoon Rising Night 4,Steve Roach,Bloodmoon Rising (Complete 5-Hour Collection),False,INDIFFERENT,1:13:38,4418,m65KGRaQSQY,2024-12-29T16:00:04Z,commit:777ac1af
Black Tusk,Loscil,Coast / Range / Arc,,INDIFFERENT,10:03,603,Y4Z7w6nNe8U,2024-12-29T15:50:01Z,commit:777ac1af
Chill Lofi Mix [chill lo-fi hip hop beats],"26M views, Settle",,,INDIFFERENT,1:44:52,6292,CLeZyIID9Bo,2024-12-29T14:05:09Z,commit:777ac1af
Ending the episode,"198K views, The broda Game music",,,INDIFFERENT,3:57,237,JV4nDDiVnbQ,2024-12-29T14:01:12Z,commit:777ac1af
Loscil Black Tusk Hour Long,"291 views, Leah Newbigging",,,INDIFFERENT,1:00:16,3616,TjRV6iQVuxM,2024-12-29T13:00:56Z,commit:777ac1af
A Buena Vista,Soneros De Verdad,Putumayo Presents Cuba! Cuba!,False,INDIFFERENT,3:13,193,4CN1wPa0Ug0,2024-12-29T12:57:43Z,commit:777ac1af
I Like It Like That,Pete Rodríguez,I Like It Like That,False,INDIFFERENT,4:26,266,PDJY4OzgTWs,2024-12-29T12:53:17Z,commit:777ac1af
Pa’ Mantener Tradicion,Tres Muchachos & Companeros,Putumayo Presents Rumba Mambo Cha Cha Cha,False,INDIFFERENT,4:29,269,xkIX3ukLafM,2024-12-29T12:48:48Z,commit:777ac1af
The Girl From Ipanema,Stan Getz,Getz/Gilberto,False,INDIFFERENT,5:25,325,N-TKOh0zsvU,2024-12-29T12:43:23Z,commit:777ac1af
El Cuarto de Tula,Buena Vista Social Club,Buena Vista Social Club,False,INDIFFERENT,7:26,446,rtGSLV2sNKE,2024-12-29T12:35:57Z,commit:777ac1af
Chan Chan,Buena Vista Social Club,Buena Vista Social Club,False,INDIFFERENT,4:19,259,V0FoYUcq9FQ,2024-12-29T12:31:38Z,commit:777ac1af
Rorschach,loscil,Plume,False,INDIFFERENT,8:20,500,-VxwbHL78HI,2024-12-29T12:23:18Z,commit:777ac1af
Motoc,loscil,Plume,False,INDIFFERENT,6:30,390,zBCKNhgD2A8,2024-12-29T12:16:48Z,commit:777ac1af
Zephyr,loscil,Plume,False,INDIFFERENT,5:20,320,1EXc96ZBPX4,2024-12-29T12:11:28Z,commit:777ac1af
Rorschach,loscil,Plume,False,INDIFFERENT,8:20,500,-VxwbHL78HI,2024-12-29T12:03:08Z,commit:777ac1af
Motoc,loscil,Plume,False,INDIFFERENT,6:30,390,zBCKNhgD2A8,2024-12-29T11:56:38Z,commit:777ac1af
The Chain (2004 Remaster),Fleetwood Mac,Rumours,False,INDIFFERENT,4:30,270,FhgFtXESdPk,2024-12-29T11:52:08Z,commit:777ac1af
Good Vibrations (Mono),The Beach Boys,Smiley Smile (Mono & Stereo),False,INDIFFERENT,3:40,220,uPsRnqgdf68,2024-12-29T11:48:28Z,commit:777ac1af
Under Pressure (feat. David Bowie),Queen,Hot Space,False,INDIFFERENT,4:09,249,Scv15eZlsL4,2024-12-29T11:44:19Z,commit:777ac1af
Stand By Me,Ben E. King,Stand By Me,False,INDIFFERENT,3:03,183,pKtLNYNWbBw,2024-12-29T11:41:16Z,commit:777ac1af
Have You Ever Seen The Rain,Creedence Clearwater Revival,Pendulum (Expanded Edition),False,INDIFFERENT,2:41,161,Xwy-3aI435o,2024-12-29T11:38:35Z,commit:777ac1af
Maneater,Daryl Hall & John Oates,"Greatest Hits--Rock 'n' Soul, Part 1",False,INDIFFERENT,4:33,273,Scd35orIrks,2024-12-29T11:34:02Z,commit:777ac1af
Right Back Where We Started From,Maxine Nightingale,Right Back Where We Started From,False,INDIFFERENT,3:13,193,JoI7MLxGRjQ,2024-12-29T11:30:49Z,commit:777ac1af
Islands In the Stream,"Dolly Parton, Kenny Rogers",Greatest Hits,False,INDIFFERENT,4:12,252,Cvq6lHDatNs,2024-12-29T11:26:37Z,commit:777ac1af
Billie Jean,Michael Jackson,Pop Music: The Modern Era 1976-1999,False,INDIFFERENT,4:54,294,DFvQVgtIDaU,2024-12-29T11:21:43Z,commit:777ac1af
Crocodile Rock,Elton John,Don't Shoot Me I'm Only The Piano Player,False,INDIFFERENT,3:56,236,75r0nQu-hMs,2024-12-29T11:17:47Z,commit:777ac1af
Heart Of Glass (Single Version / Remastered),Blondie,Heart Of Glass,False,INDIFFERENT,4:13,253,A4MrL7ncX9M,2024-12-29T11:13:34Z,commit:777ac1af
"December, 1963 (Oh What a Night!)",The Four Seasons,Who Loves You,False,INDIFFERENT,3:18,198,EkEqFZaLgBE,2024-12-29T11:10:16Z,commit:777ac1af
Goodbye Yellow Brick Road,Elton John,Goodbye Yellow Brick Road (40th Anniversary Celebration / Super Deluxe),False,INDIFFERENT,3:13,193,u2lfizz6OJs,2024-12-29T11:07:03Z,commit:777ac1af
Everywhere,Fleetwood Mac,50 Years - Don't Stop,False,INDIFFERENT,3:44,224,7jH05dt9R68,2024-12-29T11:03:19Z,commit:777ac1af
Sweet Caroline,Neil Diamond,Sweet Caroline,False,INDIFFERENT,3:24,204,GmK5_lnQUbE,2024-12-29T10:59:55Z,commit:777ac1af
Mamma Mia,ABBA,Abba,False,INDIFFERENT,3:34,214,KMViJKmAV4M,2024-12-29T10:56:21Z,commit:777ac1af
I Want You Back,Jackson 5,Motown The Musical – 100 Originals,False,INDIFFERENT,3:02,182,q3Zkzko3_4U,2024-12-29T10:53:19Z,commit:777ac1af
Dreams,Fleetwood Mac,50 Years - Don't Stop,False,INDIFFERENT,4:18,258,m8i5WiWCN-c,2024-12-29T10:49:01Z,commit:777ac1af
My Girl,The Temptations,Rock'n'roll Serie,False,INDIFFERENT,2:54,174,VvRd2zL_rqw,2024-12-29T10:46:07Z,commit:777ac1af
California Dreamin' (Single Version),The Mamas & The Papas,If You Can Believe Your Eyes & Ears,False,INDIFFERENT,2:43,163,oU6uUEwZ8FM,2024-12-29T10:43:24Z,commit:777ac1af
"Money, Money, Money",ABBA,Arrival,False,INDIFFERENT,3:07,187,1LPNuFkteI8,2024-12-29T10:40:17Z,commit:777ac1af
Isn't She Lovely,Stevie Wonder,The Definitive Collection (Deluxe Edition),False,INDIFFERENT,3:20,200,oE56g61mW44,2024-12-29T10:36:57Z,commit:777ac1af
Get Down On It,Kool & The Gang,Something Special,False,INDIFFERENT,4:54,294,1AVxBedMP4I,2024-12-29T10:32:03Z,commit:777ac1af
The Logical Song,Supertramp,The Logical Song,True,LIKE,4:10,250,pP8iUyb9Gn8,2024-12-29T10:27:53Z,commit:777ac1af
Gimme! Gimme! Gimme! (A Man After Midnight),ABBA,Voulez-Vous,False,INDIFFERENT,4:53,293,pa2j0Bh83ms,2024-12-29T10:23:00Z,commit:777ac1af
Take on Me,a-ha,Hunting High and Low,False,INDIFFERENT,3:46,226,HzdD8kbDzZA,2024-12-29T10:19:14Z,commit:777ac1af
Come and Get Your Love (Single Version),Redbone,Come and Get Your Love (Single Edit),False,INDIFFERENT,3:26,206,rsf_gTZG4cI,2024-12-29T10:15:48Z,commit:777ac1af
I Want To Break Free,Queen,The Works (Deluxe Remastered Version),False,INDIFFERENT,4:19,259,GfeklykTLcE,2024-12-29T10:11:29Z,commit:777ac1af
Stayin Alive,Bee Gees,The Ultimate Bee Gees,False,INDIFFERENT,4:44,284,z2qoihbzc3E,2024-12-29T10:06:45Z,commit:777ac1af
Here Comes The Sun (2019 Mix),The Beatles,Abbey Road (Super Deluxe Edition),False,INDIFFERENT,3:06,186,GKdl-GCsNJ0,2024-12-29T10:03:39Z,commit:777ac1af
You Make My Dreams (Come True),Daryl Hall & John Oates,Voices,False,INDIFFERENT,3:11,191,E4CZuj7solw,2024-12-29T10:00:28Z,commit:777ac1af
Rhinestone Cowboy (Extended Version),Glen Campbell,Meet Glen Campbell,False,INDIFFERENT,3:28,208,ctsLFINNHjw,2024-12-29T09:57:00Z,commit:777ac1af
September,"Earth, Wind & Fire",Feel Good Friday,False,INDIFFERENT,3:38,218,B2mmDEv0OEk,2024-12-29T09:53:22Z,commit:777ac1af
Gypsy,Fleetwood Mac,50 Years - Don't Stop,False,INDIFFERENT,4:24,264,GO0CdWnyLZw,2024-12-29T09:48:58Z,commit:777ac1af
Don't Go Breaking My Heart,"Elton John, Kiki Dee",Rock Of The Westies,False,INDIFFERENT,4:36,276,VHK5k2ieudc,2024-12-29T09:44:22Z,commit:777ac1af
Rasputin,Boney M.,Nightflight to Venus,False,INDIFFERENT,5:52,352,5Z0dxsFmX7c,2024-12-29T09:38:30Z,commit:777ac1af
9 to 5,Dolly Parton,The Essential Dolly Parton,False,INDIFFERENT,3:01,181,E4OzdyxbOuU,2024-12-29T09:35:29Z,commit:777ac1af
Take A Chance On Me,ABBA,The Album,False,INDIFFERENT,4:04,244,DkkQ8dCPiwA,2024-12-29T09:31:25Z,commit:777ac1af
Dancing Queen,ABBA,Arrival,False,INDIFFERENT,3:51,231,YkLLcIKhJ64,2024-12-29T09:27:34Z,commit:777ac1af
Fantasy,Mariah Carey,Daydream,False,INDIFFERENT,4:04,244,1Irny35dRJo,2024-12-29T09:23:30Z,commit:777ac1af
This Is How We Do It,Montell Jordan,This Is How We Do It,False,INDIFFERENT,4:38,278,kNAZa-ORLIU,2024-12-29T09:18:52Z,commit:777ac1af
Keep Ya Head Up,2Pac,Greatest Hits,False,INDIFFERENT,4:24,264,fAJfDP3b5_U,2024-12-29T09:14:28Z,commit:777ac1af
Here Comes the Hotstepper,Ini Kamoze,Reggae Classics,False,INDIFFERENT,4:08,248,354zVBILYPM,2024-12-29T09:10:20Z,commit:777ac1af
Can't Take My Eyes Off Of You,Lauryn Hill,The Miseducation of Lauryn Hill,False,INDIFFERENT,3:42,222,fgj7UUGSFsM,2024-12-29T09:06:38Z,commit:777ac1af
Free,Thievery Corporation,Culture Of Fear,False,INDIFFERENT,4:03,243,oswJI4KEG5Y,2024-12-29T09:02:35Z,commit:777ac1af
It Wasn't Me (feat. Ricardo Ducent),Shaggy,Hot Shot,False,INDIFFERENT,3:48,228,sTMgX1PDGAE,2024-12-29T08:58:47Z,commit:777ac1af
Sexual Healing,Marvin Gaye,Midnight Love,False,INDIFFERENT,3:59,239,9LxPoJ4QoSk,2024-12-29T08:54:48Z,commit:777ac1af
Put Your Records On,Corinne Bailey Rae,Corinne Bailey Rae,False,INDIFFERENT,3:36,216,20WaVg6Lpz8,2024-12-29T08:51:12Z,commit:777ac1af
Killing Me Softly with His Song,Fugees,The Score,False,INDIFFERENT,4:59,299,IXl0nMLIUsU,2024-12-29T08:46:13Z,commit:777ac1af
No Scrubs (with Rap),TLC,20,False,INDIFFERENT,3:37,217,y4pjKc0ZRiE,2024-12-29T08:42:36Z,commit:777ac1af
Kiss,Prince & The Revolution,Parade - Music from the Motion Picture Under the Cherry Moon,False,INDIFFERENT,3:47,227,rH9CZuuKpSg,2024-12-29T08:38:49Z,commit:777ac1af
Waterfalls,TLC,Crazysexycool,False,INDIFFERENT,4:40,280,A_iTphwVNYs,2024-12-29T08:34:09Z,commit:777ac1af
Desdemona's Building A Rocket Ship,Jimmy Buffett,Banana Wind,False,INDIFFERENT,7:11,431,as5PcS76vcc,2024-12-29T08:26:58Z,commit:777ac1af
Overkill,Jimmy Buffett,Banana Wind,False,INDIFFERENT,4:56,296,9LubRWUmzRE,2024-12-29T08:22:02Z,commit:777ac1af
Bob Robert's Society Band,Jimmy Buffett,Banana Wind,False,INDIFFERENT,3:45,225,mTn5qXaT7Jo,2024-12-29T08:18:17Z,commit:777ac1af
Holiday,Jimmy Buffett,Banana Wind,False,INDIFFERENT,5:06,306,H0gOJymSRrU,2024-12-29T08:13:11Z,commit:777ac1af
Banana Wind (Instrumental),Jimmy Buffett,Banana Wind,False,INDIFFERENT,3:58,238,tQ5aJq32XhM,2024-12-29T08:09:13Z,commit:777ac1af
School Boy Heart,Jimmy Buffett,Banana Wind,False,INDIFFERENT,4:36,276,v8VcdXUjT6o,2024-12-29T08:04:37Z,commit:777ac1af
Jamaica Mistaica,Jimmy Buffett,Banana Wind,False,INDIFFERENT,5:55,355,CkvUaUDV7p0,2024-12-29T07:58:42Z,commit:777ac1af
Only Time Will Tell,Jimmy Buffett,Banana Wind,False,INDIFFERENT,4:13,253,jTxBgByZo6w,2024-12-29T07:54:29Z,commit:777ac1af
Essential Mix Bonobo   2014 04 12,"1.3K views, Pedro Teixeira",,,INDIFFERENT,2:00:03,7203,uCN-tDvKwnw,2024-12-29T05:54:26Z,commit:777ac1af
Countdown,Letsko,SPACE: Venus,False,INDIFFERENT,5:34,334,fT8B_NPINLo,2024-12-29T05:48:52Z,commit:777ac1af
Two Thousand and Seventeen,Four Tet,New Energy,,INDIFFERENT,4:13,253,ZNuaLyPMc48,2024-12-29T05:44:39Z,commit:777ac1af
An Ending (Ascent),Brian Eno,Apollo: Atmospheres And Soundtracks (Extended Edition),False,INDIFFERENT,4:25,265,XbL9DT4QFc8,2024-12-29T05:40:14Z,commit:777ac1af
Concept 10,Kodomo,Still Life,False,INDIFFERENT,5:04,304,Hx09lVasJCw,2024-12-29T05:35:10Z,commit:777ac1af
Linked,Bonobo,Linked,False,INDIFFERENT,6:10,370,kYut1rSjJoo,2024-12-29T05:29:00Z,commit:777ac1af
Stave Peak,Loscil,Coast / Range / Arc,,INDIFFERENT,6:41,401,v5ke9itwVIU,2024-12-29T05:22:19Z,commit:777ac1af
Drained Lake,loscil,Monument Builders,False,INDIFFERENT,6:47,407,pnJWK5rsNWc,2024-12-29T05:15:32Z,commit:777ac1af
Rest in Peace,Chihei Hatakeyama,Void XXIV,False,INDIFFERENT,5:57,357,h_kQLwUmoJ8,2024-12-29T05:09:35Z,commit:777ac1af
Voigt-Kampf,Rafael Anton Irisarri,Daydreaming,False,INDIFFERENT,3:07,187,Nuk2HYBnB6c,2024-12-29T05:06:28Z,commit:777ac1af
Invisible [Piano Version] (feat. Sofiane Pamart),NTO,Invisible,False,INDIFFERENT,2:55,175,UuUyQlx09Dk,2024-12-29T05:03:33Z,commit:777ac1af
Dub for Cascadia,loscil,Endless Falls,,LIKE,6:07,367,cjjEiKJjxGU,2024-12-29T04:57:26Z,commit:777ac1af
A Meaningful Moment Through a Meaning(less) Process,Stars of the Lid,And Their Refinement of the Decline,,INDIFFERENT,4:33,273,T9lV5-wbPqw,2024-12-29T04:52:53Z,commit:777ac1af
Geologic Time Scale,Hyperion Towers,Rovaniemi,False,INDIFFERENT,3:20,200,0jvmbfCAhr8,2024-12-29T04:49:33Z,commit:777ac1af
Mistral,loscil,Plume,False,INDIFFERENT,6:01,361,2rzkn_74crs,2024-12-29T04:43:32Z,commit:777ac1af
Charlie,loscil,Plume,False,INDIFFERENT,8:50,530,lm9BbFaFXPk,2024-12-29T04:34:42Z,commit:777ac1af
Halcyon,loscil,Plume,False,INDIFFERENT,7:22,442,36hSyE-F0H0,2024-12-29T04:27:20Z,commit:777ac1af
Bellows,loscil,Plume,False,INDIFFERENT,6:27,387,7T5EZ_wPqCI,2024-12-29T04:20:53Z,commit:777ac1af
Chinook,loscil,Plume,False,INDIFFERENT,6:58,418,mFECYlygl6g,2024-12-29T04:13:55Z,commit:777ac1af
Steam,loscil,Plume,False,INDIFFERENT,6:56,416,xEUg_TDpwg0,2024-12-29T04:06:59Z,commit:777ac1af
Zephyr,loscil,Plume,False,INDIFFERENT,5:20,320,1EXc96ZBPX4,2024-12-29T04:01:39Z,commit:777ac1af
Rorschach,loscil,Plume,False,INDIFFERENT,8:20,500,-VxwbHL78HI,2024-12-29T03:53:19Z,commit:777ac1af
Motoc,loscil,Plume,False,INDIFFERENT,6:30,390,zBCKNhgD2A8,2024-12-29T03:46:49Z,commit:777ac1af
"Open up the Window, Noah",Julian Lage & Chris Eldridge,Avalon,,INDIFFERENT,3:02,182,RFbs0nAzPec,2024-12-29T03:43:47Z,commit:777ac1af
Steady Proof,Julian Lage & Chris Eldridge,Avalon,,INDIFFERENT,3:00,180,j2iqQNlsjyA,2024-12-29T03:40:47Z,commit:777ac1af
Mean Mother Blues,Julian Lage & Chris Eldridge,Avalon,,LIKE,3:45,225,7yD5urQ29_A,2024-12-29T03:37:02Z,commit:777ac1af
Butter and Eggs,Julian Lage & Chris Eldridge,Avalon,,INDIFFERENT,3:24,204,S_y8sSJWcrw,2024-12-29T03:33:38Z,commit:777ac1af
Any Old Time,Julian Lage & Chris Eldridge,Avalon,,INDIFFERENT,3:43,223,2ds4M9iqqfw,2024-12-29T03:29:55Z,commit:777ac1af
Whiskey Before Breakfast,Julian Lage & Chris Eldridge,Avalon,,INDIFFERENT,3:43,223,ZsL96d7F-zo,2024-12-29T03:26:12Z,commit:777ac1af
Lost Indian,"Norman Blake, Tony Rice",Norman Blake & Tony Rice 2,,INDIFFERENT,3:07,187,alJfxGroP-s,2024-12-29T03:23:05Z,commit:777ac1af
I'm Troubled,"David Grisman, Jerry Garcia",Been All Around This World,False,INDIFFERENT,3:54,234,xwoeNrpesXw,2024-12-29T03:19:11Z,commit:777ac1af
Mean Mother Blues,The Seldom Scene with John Starling,Long Time... Seldom Scene,True,LIKE,3:08,188,UKy_Q-SvPHQ,2024-12-29T03:16:03Z,commit:777ac1af
Another New World,Punch Brothers,Ahoy!,,INDIFFERENT,6:31,391,O5jhLetcHag,2024-12-29T03:09:32Z,commit:777ac1af
Chocolate Town,Ween,Quebec,False,INDIFFERENT,3:17,197,EoRPn4vZYQk,2024-12-29T03:06:15Z,commit:777ac1af
Casablanca,Orions Belte,Women,True,LIKE,3:33,213,2Z2RUNMtx64,2024-12-29T03:02:42Z,commit:777ac1af
California Sober (feat. Willie Nelson),Billy Strings,California Sober,True,LIKE,3:51,231,AmxvLgvc8IE,2024-12-29T02:58:51Z,commit:777ac1af
Little Sadie,The Tony Rice Unit,Manzanita,,INDIFFERENT,2:47,167,52m1GVC_H6k,2024-12-29T02:56:04Z,commit:777ac1af
Not Gentle On My Mind,Chuck Darwin & the Knuckle Draggers,For Educational Purposes Only,True,LIKE,2:11,131,fwlkSDX-JT8,2024-12-29T02:53:53Z,commit:777ac1af
Please Don't Bury Me,John Prine,Souvenirs,False,INDIFFERENT,3:07,187,PG2D1zsMvqk,2024-12-29T02:50:46Z,commit:777ac1af
Dixie Chicken (2023 Remaster),Little Feat,Dixie Chicken (Deluxe Edition),False,INDIFFERENT,3:56,236,G7oCEnBSpRM,2024-12-29T02:46:50Z,commit:777ac1af
Spanish Moon (2024 Remaster),Little Feat,Feats Don't Fail Me Now (Deluxe Edition),False,INDIFFERENT,3:07,187,cS2UqIB5Apo,2024-12-29T02:43:43Z,commit:777ac1af
Elvira,The Oak Ridge Boys,Fancy Free,False,INDIFFERENT,3:46,226,78StTWsq9ag,2024-12-29T02:39:57Z,commit:777ac1af
"Rocket Man (I Think It's Going To Be A Long, Long Time)",Elton John,Honky Chateau,False,INDIFFERENT,4:42,282,BdEe5SpdIuo,2024-12-29T02:35:15Z,commit:777ac1af
"December, 1963 (Oh, What a Night)",Frankie Valli & The Four Seasons,Billboard #1s: The '70s,False,INDIFFERENT,3:21,201,Gv3U80CZw5k,2024-12-29T02:31:54Z,commit:777ac1af
Cheeseburger In Paradise,Jimmy Buffett,Son Of A Son Of A Sailor,False,INDIFFERENT,2:57,177,fYo4m-BmUVw,2024-12-29T02:28:57Z,commit:777ac1af
The Gambler,Kenny Rogers,The Gambler,False,INDIFFERENT,3:35,215,w4RvskuFnPY,2024-12-29T02:25:22Z,commit:777ac1af
50 Ways to Leave Your Lover,Paul Simon,Still Crazy After All These Years,False,INDIFFERENT,3:38,218,B1V1varByWI,2024-12-29T02:21:44Z,commit:777ac1af
Amie,Pure Prairie League,Bustin' Out,False,INDIFFERENT,4:20,260,lPgNbFni0oI,2024-12-29T02:17:24Z,commit:777ac1af
Southern Nights,Glen Campbell,Southern Nights,False,LIKE,3:01,181,X6-sU7pVJ3k,2024-12-29T02:14:23Z,commit:777ac1af
Are You Sure Hank Done It This Way,Waylon Jennings,Dreaming My Dreams,False,INDIFFERENT,2:55,175,ax3D70GXjzI,2024-12-29T02:11:28Z,commit:777ac1af
Dancing Queen,ABBA,Arrival,False,INDIFFERENT,3:51,231,YkLLcIKhJ64,2024-12-29T02:07:37Z,commit:777ac1af
You Don't Mess Around with Jim,Jim Croce,You Don't Mess Around With Jim,True,LIKE,3:03,183,VRIHW-aQl-k,2024-12-29T02:04:34Z,commit:777ac1af
Bananas and Blow,Ween,White Pepper,,INDIFFERENT,3:35,215,IWrYNcv7fPk,2024-12-29T02:00:59Z,commit:777ac1af
Florida Key,The New Basement Tapes,Lost On The River,False,INDIFFERENT,3:20,200,mF6NYumWpro,2024-12-29T01:57:39Z,commit:777ac1af
Wouldn't It Be Nice (Mono),The Beach Boys,Pet Sounds (Original Mono & Stereo Mix),False,INDIFFERENT,2:26,146,3y44BJgkdZs,2024-12-29T01:55:13Z,commit:777ac1af
Trying to Reason with Hurricane Season (with Jimmy Buffett) (feat. Jimmy Buffett),Kenny Chesney,Songs for the Saints,False,INDIFFERENT,4:10,250,E2LcotjvC-k,2024-12-29T01:51:03Z,commit:777ac1af
Kokomo,The Beach Boys,The Very Best Of The Beach Boys: Sounds Of Summer (Expanded Edition Super Deluxe),False,INDIFFERENT,3:38,218,xmr8bEuyQjA,2024-12-29T01:47:25Z,commit:777ac1af
Fins (Live/1990),Jimmy Buffett,Feeding Frenzy,False,INDIFFERENT,4:41,281,KkXyV6M0fjU,2024-12-29T01:42:44Z,commit:777ac1af
Knee Deep (feat. Jimmy Buffett),Zac Brown Band,You Get What You Give,False,INDIFFERENT,3:24,204,TJSUQQdEKSk,2024-12-29T01:39:20Z,commit:777ac1af
Pencil Thin Mustache,Jimmy Buffett,Living And Dying In 3 / 4 Time,False,INDIFFERENT,2:54,174,QxbVModReMo,2024-12-29T01:36:26Z,commit:777ac1af
It's 5 O'Clock Somewhere (Live),"Alan Jackson, Jimmy Buffett",Live At Texas Stadium,False,INDIFFERENT,3:57,237,49LzWd5KbRs,2024-12-29T01:32:29Z,commit:777ac1af
Margaritaville,Jimmy Buffett,"Changes In Latitudes, Changes In Attitudes",False,INDIFFERENT,4:11,251,ohDqjRGqpIU,2024-12-29T01:28:18Z,commit:777ac1af
Hard Luck & Circumstances,Charley Crockett,Hard Luck & Circumstances,False,INDIFFERENT,3:05,185,cnjfEGezbxk,2024-12-29T01:25:13Z,commit:777ac1af
Gypsy,Fleetwood Mac,Mirage,False,INDIFFERENT,4:28,268,_9FGx0hjmC8,2024-12-29T01:20:45Z,commit:777ac1af
Tombstone Blues,Bob Dylan,Highway 61 Revisited,True,LIKE,5:57,357,J6yWZUv9QJA,2024-12-29T01:14:48Z,commit:777ac1af
07-16-2016,Pretty Lights The Hot Shit,The Hot Shit 2016,,INDIFFERENT,59:22,3562,FV-VeP4uPp4,2024-12-29T00:15:26Z,commit:777ac1af
283-6/14/2017,Pretty Lights The Hot Shit,The Hot Shit 2017,,INDIFFERENT,59:32,3572,H4j7fcdKrQ4,2024-12-28T23:15:54Z,commit:777ac1af
ep308-12/08/2017 Break Science,Pretty Lights The Hot Shit,The Hot Shit 2018,,INDIFFERENT,1:00:14,3614,E8TwsNlPVjU,2024-12-28T22:15:40Z,commit:777ac1af
Poa Alpina,Biosphere,Substrata 2,False,INDIFFERENT,4:11,251,B0R14OCTuUc,2024-12-28T22:11:29Z,commit:777ac1af
Cyme,Loscil,Umbel,False,INDIFFERENT,7:26,446,nY1gfVP-00I,2024-12-28T22:04:03Z,commit:777ac1af
Spectral Stone,The Lay-Backs,Spectral Stone,False,INDIFFERENT,3:21,201,05etuAyN-RI,2024-12-28T22:00:42Z,commit:777ac1af
Freeze II,Chihei Hatakeyama,Ghost Woods,,INDIFFERENT,7:12,432,HZbDjgksVSA,2024-12-28T21:53:30Z,commit:777ac1af
I think about you every night,ashby.,I think about you every night,False,INDIFFERENT,3:46,226,hCR0CpqKfkQ,2024-12-28T21:49:44Z,commit:777ac1af
Pink,"Lawrence English, Loscil",Colours of Air,,INDIFFERENT,6:17,377,6ciTtuHeR8A,2024-12-28T21:43:27Z,commit:777ac1af
Freeze I,Chihei Hatakeyama,Ghost Woods,,INDIFFERENT,7:37,457,-Gcv6lBx1hE,2024-12-28T21:35:50Z,commit:777ac1af
Reflector (Reflection),Warmth,Reflector,False,INDIFFERENT,3:28,208,qAbQFpHKUJs,2024-12-28T21:32:22Z,commit:777ac1af
Ineffable,Hammock,Ineffable,False,INDIFFERENT,3:02,182,FpQp6xK1ER8,2024-12-28T21:29:20Z,commit:777ac1af
Black Tusk Descent,loscil,coast/range/arc//,,INDIFFERENT,7:15,435,ZheAgv6symk,2024-12-28T21:22:05Z,commit:777ac1af
Far Bellow,Ephraim Lovelace,Restless Nights,False,INDIFFERENT,4:12,252,QX9LAKfYs-E,2024-12-28T21:17:53Z,commit:777ac1af
Forms,Cardamom,Forms,False,INDIFFERENT,3:01,181,Ijx6qgW_-ZM,2024-12-28T21:14:52Z,commit:777ac1af
Velocities,Sleepy Fish,Velocities,False,INDIFFERENT,3:12,192,JgI6z6aQhEA,2024-12-28T21:11:40Z,commit:777ac1af
Fairy Light,EIRLYS,Fairy Light,False,INDIFFERENT,2:47,167,xHTLZkpzOls,2024-12-28T21:08:53Z,commit:777ac1af
Displacement,Rafael Anton Irisarri,A Fragile Geography,False,INDIFFERENT,4:17,257,l2QKkABbFPk,2024-12-28T21:04:36Z,commit:777ac1af
The smell of darkness,Chihei Hatakeyama,Afterimage,False,INDIFFERENT,4:27,267,1gXWcKYcrWI,2024-12-28T21:00:09Z,commit:777ac1af
Fromme,Loscil,Coast / Range / Arc,,INDIFFERENT,7:36,456,86K_KPnNiNw,2024-12-28T20:52:33Z,commit:777ac1af
Inside (2:56am Mix),36,Blue,False,INDIFFERENT,5:40,340,c_FDWJDFq7U,2024-12-28T20:46:53Z,commit:777ac1af
Coast,Líom,Coast,False,INDIFFERENT,7:15,435,cvevcsIEYiM,2024-12-28T20:39:38Z,commit:777ac1af
Quondam,Líom,Coast,False,INDIFFERENT,9:58,598,dQNF58OGQhE,2024-12-28T20:29:40Z,commit:777ac1af
Underflow,Líom,Coast,False,INDIFFERENT,7:10,430,W3qxqhJ7OYc,2024-12-28T20:22:30Z,commit:777ac1af
Ends,Líom,Coast,False,INDIFFERENT,5:56,356,6NXhKJm3KYI,2024-12-28T20:16:34Z,commit:777ac1af
Odds,Líom,Coast,False,INDIFFERENT,8:06,486,bHdZHv0xAuE,2024-12-28T20:08:28Z,commit:777ac1af
07-16-2016,Pretty Lights The Hot Shit,The Hot Shit 2016,,INDIFFERENT,59:22,3562,FV-VeP4uPp4,2024-12-28T19:09:06Z,commit:777ac1af
Ramble On (Rough Mix with Vocal),Led Zeppelin,Led Zeppelin II (Deluxe Edition),False,INDIFFERENT,4:45,285,AdpWnnPsDmY,2024-12-28T19:04:21Z,commit:777ac1af
Brand New Key,Melanie,Gather Me,,INDIFFERENT,2:28,148,-mXlW9LytYo,2024-12-28T19:01:53Z,commit:777ac1af
Hurdy Gurdy Man,Donovan,The Hurdy Gurdy Man,False,INDIFFERENT,3:14,194,Cpcye9GhCRc,2024-12-28T18:58:39Z,commit:777ac1af
White House Blues,Bill Monroe,Country Music Hall Of Fame,True,LIKE,2:13,133,EYWPntu8640,2024-12-28T18:56:26Z,commit:777ac1af
Most Likely You Go Your Way (And I'll Go Mine),Bob Dylan,Blonde On Blonde,True,LIKE,3:28,208,Jm6tklKwaaA,2024-12-28T18:52:58Z,commit:777ac1af
Sin City,The Flying Burrito Brothers,The Gilded Palace Of Sin,,LIKE,4:10,250,UcU04NGMQb8,2024-12-28T18:48:48Z,commit:777ac1af
Tombstone Blues,Bob Dylan,Highway 61 Revisited,True,LIKE,5:57,357,J6yWZUv9QJA,2024-12-28T18:42:51Z,commit:777ac1af
Isolation Horizon,Alonefold,Remote Textures,False,INDIFFERENT,8:53,533,oCqBhCvqApQ,2024-12-28T18:33:58Z,commit:777ac1af
Sad Ocean,Chihei Hatakeyama,Mirage,False,INDIFFERENT,3:49,229,CnYEHDRTM_o,2024-12-28T18:30:09Z,commit:777ac1af
Things We Lost Along The Way,Dakota Suite,The End Of Trying,False,INDIFFERENT,5:14,314,wk84iCF0B4w,2024-12-28T18:24:55Z,commit:777ac1af
Beacons of Hope,Gallery Six,Meteoric Dust,False,INDIFFERENT,5:25,325,pI7BZ6PrLK0,2024-12-28T18:19:30Z,commit:777ac1af
Brohm Ridge,Loscil,Coast / Range / Arc,,INDIFFERENT,11:27,687,aK1J6wUtCrg,2024-12-28T18:08:03Z,commit:777ac1af
The Prelude To,Lawrence English,A Colour For Autumn,False,INDIFFERENT,2:17,137,MfmT776tflM,2024-12-28T18:05:46Z,commit:777ac1af
Richter: Space 11 (Invisible Pages Over),"Ben Russell, Brian Snow, Caleb Burhans, Yuki Numata Resnick",From Sleep,False,INDIFFERENT,5:16,316,fsppc9t4Htc,2024-12-28T18:00:30Z,commit:777ac1af
U.s. Saloon Props 41/59,Porn Sword Tobacco,New Exclusive Olympic Heights,False,INDIFFERENT,2:22,142,sGecDxUouCo,2024-12-28T17:58:08Z,commit:777ac1af
Waves,White Rainbow,Prism of Eternal Now,,INDIFFERENT,6:45,405,XxFmInMiGi4,2024-12-28T17:51:23Z,commit:777ac1af
Last Light,Manual,Confluence,False,INDIFFERENT,7:17,437,4YPJu97_NMM,2024-12-28T17:44:06Z,commit:777ac1af
Mima,Letsko,PIANO: Grey Piano Anatomy,False,INDIFFERENT,3:32,212,y7vywGWJFFc,2024-12-28T17:40:34Z,commit:777ac1af
Mr Noah,Panda Bear,Panda Bear Meets The Grim Reaper,False,INDIFFERENT,4:14,254,Q8wy2WDUapk,2024-12-28T17:36:20Z,commit:777ac1af
Ocean Of Lust,DeVotchKa,Una Volta,False,INDIFFERENT,3:36,216,ozDDcDrp2I4,2024-12-28T17:32:44Z,commit:777ac1af
Occurrence on the Border (Hopping on a Pogo-Gypsy Stick),Gogol Bordello,Multi Kontra Culti vs Irony,False,INDIFFERENT,3:27,207,LQfpMiu6jl0,2024-12-28T17:29:17Z,commit:777ac1af
Turkish Tram Conductor Blues (2008 Remaster),The Move,Looking On (2008 Remaster),False,INDIFFERENT,4:52,292,GpahRvJGu8k,2024-12-28T17:24:25Z,commit:777ac1af
"Statesboro Blues (Live At Fillmore East, March 13, 1971)",The Allman Brothers Band,At Fillmore East,False,INDIFFERENT,4:20,260,UovEQyL-csA,2024-12-28T17:20:05Z,commit:777ac1af
Genesis (Live Version),Justice,A Cross The Universe,,INDIFFERENT,7:20,440,wLayne_FyXg,2024-12-28T17:12:45Z,commit:777ac1af
Don't Stop Me Now,Queen,Jazz (Deluxe Remastered Version),True,LIKE,3:30,210,DxQK_ARQmMY,2024-12-28T17:09:15Z,commit:777ac1af
Feel Too Good (2008 Remaster),The Move,Looking On (2008 Remaster),True,LIKE,9:39,579,n1y-K1bSjMw,2024-12-28T16:59:36Z,commit:777ac1af
Not A Crime,Gogol Bordello,Gypsy Punks: Underdog World Strike,False,INDIFFERENT,4:31,271,-Jbl4qAmMIs,2024-12-28T16:55:05Z,commit:777ac1af
Vendetta,Wice,In Search of Darkness (Original Documentary Soundtrack),False,INDIFFERENT,3:31,211,BjL4PombOhg,2024-12-28T16:51:34Z,commit:777ac1af
Lazy Days,The Byrds,Sweetheart Of The Rodeo (Legacy Edition),False,INDIFFERENT,3:27,207,EP_e-GHdPpw,2024-12-28T16:48:07Z,commit:777ac1af
Use it or Lose it (feat. Mark Kerr),Vitalic,Voyager,False,INDIFFERENT,4:39,279,_2efrfyW1jg,2024-12-28T16:43:28Z,commit:777ac1af
Trans-Continental Hustle,Gogol Bordello,Trans-Continental Hustle,True,LIKE,4:17,257,m25XvcLsROQ,2024-12-28T16:39:11Z,commit:777ac1af
"Oh Well, Pt. 1",Fleetwood Mac,Then Play On (2013 Remaster; Expanded Edition),False,INDIFFERENT,3:23,203,VQmmByJwKFI,2024-12-27T10:35:24Z,commit:777ac1af
Right Place Wrong Time,Dr. John,The Atco Albums Collection,True,LIKE,2:56,176,grzL8THFlUs,2024-12-27T10:32:28Z,commit:777ac1af
I'm The Slime,"Frank Zappa, The Mothers",Over-Nite Sensation,False,INDIFFERENT,3:35,215,iiCQcEW98OY,2024-12-27T10:28:53Z,commit:777ac1af
Camarillo Brillo,"Frank Zappa, The Mothers",Over-Nite Sensation,False,INDIFFERENT,4:00,240,mNJQFbkOjkg,2024-12-27T10:24:53Z,commit:777ac1af
The Weight (Remixed 2018),The Band,Music From Big Pink (Deluxe Edition/Remixed 2018),False,INDIFFERENT,4:46,286,-Jy6P9TltXQ,2024-12-27T10:20:07Z,commit:777ac1af
When the Ship Comes In,Bob Dylan,The Times They Are A-Changin',False,INDIFFERENT,3:15,195,c7KKFejS58s,2024-12-27T10:16:52Z,commit:777ac1af
Sin City,The Flying Burrito Brothers,The Gilded Palace Of Sin,,LIKE,4:10,250,UcU04NGMQb8,2024-12-27T10:12:42Z,commit:777ac1af
Tombstone Blues,Bob Dylan,Highway 61 Revisited,True,LIKE,5:57,357,J6yWZUv9QJA,2024-12-27T10:06:45Z,commit:777ac1af
Masacote,Orions Belte,Women,True,LIKE,3:17,197,QgQq9eAGCyk,2024-12-26T14:03:21Z,commit:777ac1af
Wreck of the Old 97,Lonnie Donegan,King of Skiffle,False,LIKE,2:32,152,JgGZnbDxo10,2024-12-26T14:00:49Z,commit:777ac1af
Ohio,"Crosby, Stills, Nash & Young",So Far,False,INDIFFERENT,3:04,184,l1PrUU2S_iw,2024-12-26T13:57:45Z,commit:777ac1af
Granny White Special,Chris Thile,Chris Thile & Friends,,INDIFFERENT,5:56,356,FcxkGff6Xhc,2024-12-26T13:51:49Z,commit:777ac1af
Sweet Georia > E.M.D. > Lochs >EMD >Sweet Georgia,Chris Thile,Chris Thile & Friends,,INDIFFERENT,19:42,1182,ohhpKRQI4mw,2024-12-26T13:32:07Z,commit:777ac1af
Big Sciota,Chris Thile,Chris Thile & Friends,,LIKE,5:40,340,txYOk7ybtDk,2024-12-26T13:26:27Z,commit:777ac1af
Masacote,Orions Belte,Women,True,LIKE,3:17,197,QgQq9eAGCyk,2024-12-24T01:24:04Z,commit:777ac1af
Wreck of the Old 97,Lonnie Donegan,King of Skiffle,False,LIKE,2:32,152,JgGZnbDxo10,2024-12-24T01:21:32Z,commit:777ac1af
Sin City,The Flying Burrito Brothers,The Gilded Palace Of Sin,,LIKE,4:10,250,UcU04NGMQb8,2024-12-24T01:17:22Z,commit:777ac1af
Ohio,"Crosby, Stills, Nash & Young",So Far,False,INDIFFERENT,3:04,184,l1PrUU2S_iw,2024-12-24T01:14:18Z,commit:777ac1af
Tombstone Blues,Bob Dylan,Highway 61 Revisited,True,LIKE,5:57,357,J6yWZUv9QJA,2024-12-24T01:08:21Z,commit:777ac1af
Granny White Special,Chris Thile,Chris Thile & Friends,,INDIFFERENT,5:56,356,FcxkGff6Xhc,2024-12-24T01:02:25Z,commit:777ac1af
Sweet Georia > E.M.D. > Lochs >EMD >Sweet Georgia,Chris Thile,Chris Thile & Friends,,INDIFFERENT,19:42,1182,ohhpKRQI4mw,2024-12-24T00:42:43Z,commit:777ac1af
Big Sciota,Chris Thile,Chris Thile & Friends,,LIKE,5:40,340,txYOk7ybtDk,2024-12-24T00:37:03Z,commit:777ac1af
Tombstone Blues,Bob Dylan,Highway 61 Revisited,True,LIKE,5:57,357,J6yWZUv9QJA,2024-12-24T00:31:06Z,commit:777ac1af
Deal,Grateful Dead,"1990.03.19 Hartford Civic Center, Hartford, CT",,INDIFFERENT,8:41,521,NQOT2Ra9zGM,2024-12-24T00:22:25Z,commit:777ac1af
It's All Over Now >,Grateful Dead,"1990.03.19 Hartford Civic Center, Hartford, CT",,INDIFFERENT,7:25,445,oLVO0isIg6k,2024-12-24T00:15:00Z,commit:777ac1af
Brown-Eyed Women,Grateful Dead,"1990.03.19 Hartford Civic Center, Hartford, CT",,INDIFFERENT,5:59,359,1wex2cEJUHs,2024-12-24T00:09:01Z,commit:777ac1af
Picasso Moon,Grateful Dead,"1990.03.19 Hartford Civic Center, Hartford, CT",,INDIFFERENT,7:42,462,lZg4IHmTCS0,2024-12-24T00:01:19Z,commit:777ac1af
Jack-A-Roe,Grateful Dead,"1990.03.19 Hartford Civic Center, Hartford, CT",,INDIFFERENT,5:14,314,U1bWiOaRQ_A,2024-12-23T23:56:05Z,commit:777ac1af
We Can Run,Grateful Dead,"1990.03.19 Hartford Civic Center, Hartford, CT",,INDIFFERENT,7:06,426,J5h4eRfUsrc,2024-12-23T23:48:59Z,commit:777ac1af
Bertha,Grateful Dead,"1990.03.19 Hartford Civic Center, Hartford, CT",,INDIFFERENT,7:10,430,cuUn7XWcL4U,2024-12-23T23:41:49Z,commit:777ac1af
Hell In A Bucket,Grateful Dead,"1990.03.19 Hartford Civic Center, Hartford, CT",,INDIFFERENT,6:44,404,bThPlKF26iU,2024-12-23T23:35:05Z,commit:777ac1af
Mozambique,Bob Dylan,Desire,False,INDIFFERENT,3:01,181,RlgVcRNe6Pk,2024-12-23T23:32:04Z,commit:777ac1af
Stranger in a Strange Land (Instrumental),The Byrds,Turn! Turn! Turn!,False,INDIFFERENT,3:04,184,3fPeBt5aWng,2024-12-23T23:29:00Z,commit:777ac1af
Most Likely You Go Your Way (And I'll Go Mine),Bob Dylan,Blonde On Blonde,True,LIKE,3:28,208,Jm6tklKwaaA,2024-12-23T23:25:32Z,commit:777ac1af
East Virginia Blues (Mono),Bob Dylan,"Travelin' Thru, 1967 - 1969: The Bootleg Series, Vol. 15 (Sampler)",,INDIFFERENT,2:35,155,y-LwK8c2djY,2024-12-23T23:22:57Z,commit:777ac1af
The Man in Me,Bob Dylan,New Morning,False,INDIFFERENT,3:07,187,-y37njM09uc,2024-12-23T23:19:50Z,commit:777ac1af
The Lonesome Death of Hattie Carroll,Bob Dylan,The Times They Are A-Changin',False,INDIFFERENT,5:46,346,-a4Qhrzq6yo,2024-12-23T23:14:04Z,commit:777ac1af
Chimes of Freedom,The Byrds,Mr. Tambourine Man,False,INDIFFERENT,3:52,232,zvBKeB44Qkw,2024-12-23T23:10:12Z,commit:777ac1af
Mr. Spaceman,The Byrds,Fifth Dimension,True,LIKE,2:10,130,0Yr1vHKioo4,2024-12-23T23:08:02Z,commit:777ac1af
Night and Day,Ed Thigpen,Young Men & Olds,False,INDIFFERENT,5:54,354,I6vw8_P7JsM,2024-12-23T23:02:08Z,commit:777ac1af
Speak Like A Child,Herbie Hancock,Speak Like A Child (Expanded Edition),False,INDIFFERENT,7:51,471,FhKBbsTspJA,2024-12-23T22:54:17Z,commit:777ac1af
You Wish,Nightmares On Wax,In A Space Outta Sound,False,INDIFFERENT,3:30,210,rxbCaiyYSXM,2024-12-23T22:50:47Z,commit:777ac1af
Days Of Wine And Roses,Wes Montgomery,Boss Guitar,False,INDIFFERENT,3:47,227,l90ShermeKQ,2024-12-23T22:47:00Z,commit:777ac1af
Anything I Do,Tommy Flanagan,Presenting Tommy Flanagan,False,INDIFFERENT,3:02,182,ZiYH0bfYXs0,2024-12-23T22:43:58Z,commit:777ac1af
Flight of the Cosmic Hippo,Bela Fleck And The Flecktones,Flight Of The Cosmic Hippo,False,INDIFFERENT,4:28,268,Tt_22fXoDYs,2024-12-23T22:39:30Z,commit:777ac1af
Walkin' Shoes,Gerry Mulligan Quartet,Gerry Mulligan Quartet Vol.1 (Expanded Edition),False,INDIFFERENT,3:14,194,PXBq_BnEmS4,2024-12-23T22:36:16Z,commit:777ac1af
Summer Madness,Kool & The Gang,Light Of Worlds,False,INDIFFERENT,4:18,258,vQSI-rUUYqA,2024-12-23T22:31:58Z,commit:777ac1af
But Beautiful,"Bill Evans, Stan Getz",Stan Getz & Bill Evans,False,INDIFFERENT,4:41,281,7fXGu0QTOGg,2024-12-23T22:27:17Z,commit:777ac1af
Naima,John Coltrane,Giant Steps,False,INDIFFERENT,4:19,259,mLlwp1aB8Eo,2024-12-23T22:22:58Z,commit:777ac1af
Georgia On My Mind,Oscar Peterson Trio,Night Train (Expanded Edition),False,INDIFFERENT,3:44,224,bqW0gG6T-9o,2024-12-23T22:19:14Z,commit:777ac1af
I See Your Face Before Me,Hank Mobley,Dippin',False,INDIFFERENT,5:30,330,MetWGkwlpHk,2024-12-23T22:13:44Z,commit:777ac1af
The Astounding Eyes Of Rita,Anouar Brahem,The Astounding Eyes Of Rita,False,INDIFFERENT,8:42,522,9LWLwH8MKWM,2024-12-23T22:05:02Z,commit:777ac1af
Django (Rudy Van Gelder Edition / Remastered 1999),Grant Green,Idle Moments,False,INDIFFERENT,8:45,525,bA9qpIB8xQM,2024-12-23T21:56:17Z,commit:777ac1af
"Old Folks' Boogie (Live at the Rainbow Theatre, London, UK, 8/4/1977)",Little Feat,Waiting for Columbus (Live Version; Deluxe Edition),,INDIFFERENT,4:27,267,cc5N5KRAZ-s,2024-12-23T21:51:50Z,commit:777ac1af
Unbroken Chain,Grateful Dead,From the Mars Hotel,True,LIKE,6:46,406,T5FN06LFfHk,2024-12-23T21:45:04Z,commit:777ac1af
The Winner Is,"DeVotchKa, Mychael Danna",Little Miss Sunshine (Original Motion Picture Soundtrack),False,INDIFFERENT,3:05,185,leZsqe2w5AY,2024-12-23T21:41:59Z,commit:777ac1af
The Concubine,Beirut,March of the Zapotec and Real People Holland,False,INDIFFERENT,3:29,209,oEg2O2Lgh8w,2024-12-23T21:38:30Z,commit:777ac1af
Weird Fishes/ Arpeggi,Radiohead,In Rainbows,False,INDIFFERENT,5:19,319,LUjGtyYEi90,2024-12-23T21:33:11Z,commit:777ac1af
Roads (Live / Remastered 2023),Portishead,Roseland NYC Live 25 (Remastered 2023),False,INDIFFERENT,5:31,331,jfRppWKQMBA,2024-12-23T21:27:40Z,commit:777ac1af
First Mind,Nick Mulvey,First Mind,False,INDIFFERENT,3:06,186,JS8kdn18K4U,2024-12-23T21:24:34Z,commit:777ac1af
Take My Hand,Matt Berry,Witchazel,False,INDIFFERENT,3:11,191,xmqU_ARQJfU,2024-12-23T21:21:23Z,commit:777ac1af
neruda,Rupa & The April Fishes,este mundo,False,INDIFFERENT,3:15,195,8AWeJb5kW0M,2024-12-23T21:18:08Z,commit:777ac1af
Dog Days Are Over,Florence + The Machine,Lungs (10th Anniversary Edition),False,INDIFFERENT,4:11,251,v3cgdlHzQDQ,2024-12-23T21:13:57Z,commit:777ac1af
Black (feat. Norah Jones),"Danger Mouse, Daniele Luppi",Rome,False,INDIFFERENT,3:32,212,OiKuW3xXwmA,2024-12-23T21:10:25Z,commit:777ac1af
In This Shirt,The Irrepressibles,Mirror Mirror,False,INDIFFERENT,5:36,336,UO5hm2WbVes,2024-12-23T21:04:49Z,commit:777ac1af
Me and the Devil,Soap&Skin,Sugarbread,False,INDIFFERENT,3:05,185,ZfWSOs5YbQ8,2024-12-23T21:01:44Z,commit:777ac1af
The Winner Is... (DeVotchKa Version),DeVotchKa,The Winner Is... (DeVotchKa Version),False,INDIFFERENT,3:16,196,PEC6dITILJ8,2024-12-23T20:58:28Z,commit:777ac1af
Exit Music (For A Film),Radiohead,OK Computer OKNOTOK 1997 2017,True,LIKE,4:26,266,FapBH3j6WoA,2024-12-23T20:54:02Z,commit:777ac1af
Mountains,Message To Bears,Folding Leaves,False,INDIFFERENT,3:56,236,oVDOet85uoU,2024-12-23T20:50:06Z,commit:777ac1af
This Place Is Haunted (Live from The Showbox) (Bonus Track),DeVotchKa,How it Ends – Re-Mastered,,INDIFFERENT,3:13,193,b4GvHzNDIHs,2024-12-23T20:46:53Z,commit:777ac1af
How It Ends (Live from Graveside Variety) (Bonus Track),DeVotchKa,How it Ends – Re-Mastered,,INDIFFERENT,6:28,388,zpZkRq1G0xM,2024-12-23T20:40:25Z,commit:777ac1af
How It Ends (Live from The Showbox) (Bonus Track),DeVotchKa,How it Ends – Re-Mastered,,INDIFFERENT,6:23,383,JLroJ69Hu-8,2024-12-23T20:34:02Z,commit:777ac1af
Reprise (Re-Master),DeVotchKa,How it Ends – Re-Mastered,,INDIFFERENT,1:46,106,Ro9_1I6Oltk,2024-12-23T20:32:16Z,commit:777ac1af
Lunnaya Pogonka (Re-Master),DeVotchKa,How it Ends – Re-Mastered,,INDIFFERENT,5:18,318,-yCBTEvveIg,2024-12-23T20:26:58Z,commit:777ac1af
This Place Is Haunted (Re-Master),DeVotchKa,How it Ends – Re-Mastered,,INDIFFERENT,3:20,200,l7J3FCoPybA,2024-12-23T20:23:38Z,commit:777ac1af
Viens Avec Moi (Re-Master),DeVotchKa,How it Ends – Re-Mastered,,INDIFFERENT,5:02,302,fpOm1eKzXt8,2024-12-23T20:18:36Z,commit:777ac1af
Too Tired (Re-Master),DeVotchKa,How it Ends – Re-Mastered,,INDIFFERENT,4:01,241,edfcPK9h3w0,2024-12-23T20:14:35Z,commit:777ac1af
Such A Lovely Thing (Re-Master),DeVotchKa,How it Ends – Re-Mastered,,INDIFFERENT,4:41,281,ZYJNN4Kf7s0,2024-12-23T20:09:54Z,commit:777ac1af
Dearly Departed (Re-Master),DeVotchKa,How it Ends – Re-Mastered,,INDIFFERENT,5:13,313,3a0iADDhQUU,2024-12-23T20:04:41Z,commit:777ac1af
We're Leaving (Re-Master),DeVotchKa,How it Ends – Re-Mastered,,INDIFFERENT,4:42,282,VQF0DOXoS-k,2024-12-23T19:59:59Z,commit:777ac1af
Charlotte Mittnacht (The Fabulous Destiny Of) (Re-Master),DeVotchKa,How it Ends – Re-Mastered,,LIKE,3:07,187,Hq-EYTZV4cc,2024-12-23T19:56:52Z,commit:777ac1af
Charlotte Mittnacht (The Fabulous Destiny Of) (Re-Master),DeVotchKa,How it Ends – Re-Mastered,,INDIFFERENT,3:07,187,Hq-EYTZV4cc,2024-12-23T09:53:42Z,commit:777ac1af
How It Ends (Re-Master),DeVotchKa,How it Ends – Re-Mastered,,INDIFFERENT,7:00,420,WAd5d-Mbi5o,2024-12-23T09:46:42Z,commit:777ac1af
Twenty-Six Temptations (Re-Master),DeVotchKa,How it Ends – Re-Mastered,,INDIFFERENT,4:13,253,r2pdqE75ypI,2024-12-23T09:42:29Z,commit:777ac1af
No One Is Watching (Re-Master),DeVotchKa,How it Ends – Re-Mastered,,INDIFFERENT,0:26,26,RQe-RaXgIK4,2024-12-23T09:42:03Z,commit:777ac1af
The Enemy Guns (Re-Master),DeVotchKa,How it Ends – Re-Mastered,,INDIFFERENT,4:22,262,PQWGzfaUWSU,2024-12-23T09:37:41Z,commit:777ac1af
You Love Me (Re-Master),DeVotchKa,How it Ends – Re-Mastered,,INDIFFERENT,4:03,243,yYdLzf3yQxE,2024-12-23T09:33:38Z,commit:777ac1af
if you want to go to sleep,Housekeys,if you want to go to sleep,True,LIKE,14:58,898,8keMOH30D6Q,2024-12-23T09:18:40Z,commit:777ac1af
Sailing Through Fog,Housekeys,Sailing Through Fog,False,INDIFFERENT,2:57,177,I4Zjoutnznw,2024-12-23T09:15:43Z,commit:777ac1af
Brace For Impact (Live a Little),Sturgill Simpson,"2024/10/15 St. Louis, MO",,INDIFFERENT,8:41,521,s3kb1Uy_6gg,2024-12-23T09:07:02Z,commit:777ac1af
Juanita,Sturgill Simpson,"2024/10/15 St. Louis, MO",,INDIFFERENT,3:37,217,ddCoOiJGHGM,2024-12-23T09:03:25Z,commit:777ac1af
Midnight Rider,Sturgill Simpson,"2024/10/15 St. Louis, MO",,INDIFFERENT,6:16,376,_RCfMVxDboE,2024-12-23T08:57:09Z,commit:777ac1af
Voices,Sturgill Simpson,"2024/10/15 St. Louis, MO",,INDIFFERENT,3:03,183,aADNz-1thOQ,2024-12-23T08:54:06Z,commit:777ac1af
Jupiter's Faerie,Sturgill Simpson,"2024/10/15 St. Louis, MO",,INDIFFERENT,7:31,451,Yu2Kxf9eMyc,2024-12-23T08:46:35Z,commit:777ac1af
One for the Road,Sturgill Simpson,"2024/10/15 St. Louis, MO",,INDIFFERENT,8:09,489,a6weCPK3Ylo,2024-12-23T08:38:26Z,commit:777ac1af
Remember to Breathe,Sturgill Simpson,"2024/10/15 St. Louis, MO",,INDIFFERENT,5:15,315,5XVJ2_TJYT0,2024-12-23T08:33:11Z,commit:777ac1af
Life of Sin,Sturgill Simpson,"2024/10/15 St. Louis, MO",,INDIFFERENT,2:40,160,42_y1mJaVj4,2024-12-23T08:30:31Z,commit:777ac1af
Breakers Roar,Sturgill Simpson,"2024/10/15 St. Louis, MO",,INDIFFERENT,4:20,260,pCr2D8Zy3h8,2024-12-23T08:26:11Z,commit:777ac1af
Best Clockmaker on Mars,Sturgill Simpson,"2024/10/15 St. Louis, MO",,INDIFFERENT,5:59,359,xhLNU52khRk,2024-12-23T08:20:12Z,commit:777ac1af
Best of Gramatik+Proleter,"2.1M views, Vlad Dascalu",,,LIKE,1:08:23,4103,bypGsd527dM,2024-12-23T07:11:49Z,commit:777ac1af
"In Sarah, Mencken, Christ, and Beethoven There Were Women and Men",Tortoise,TNT,False,INDIFFERENT,7:30,450,aEXwB2df69I,2024-12-23T07:04:19Z,commit:777ac1af
Four-Day Interval,Tortoise,TNT,False,INDIFFERENT,4:46,286,InScyxU-0Gs,2024-12-23T06:59:33Z,commit:777ac1af
The Suspension Bridge at Iguazú Falls,Tortoise,TNT,False,INDIFFERENT,5:39,339,C_Cf3zpdSSE,2024-12-23T06:53:54Z,commit:777ac1af
A Simple Way to Go Faster Than Light That Does Not Work,Tortoise,TNT,False,INDIFFERENT,3:34,214,IBoCUZIRuv4,2024-12-23T06:50:20Z,commit:777ac1af
The Equator,Tortoise,TNT,False,INDIFFERENT,3:43,223,uVzBPPxmNio,2024-12-23T06:46:37Z,commit:777ac1af
I Set My Face to the Hillside,Tortoise,TNT,False,INDIFFERENT,6:09,369,ZuNaQ1c6z8A,2024-12-23T06:40:28Z,commit:777ac1af
Ten-Day Interval,Tortoise,TNT,False,INDIFFERENT,4:45,285,hJQBXfdiOCc,2024-12-23T06:35:43Z,commit:777ac1af
Swung From the Gutters,Tortoise,TNT,False,INDIFFERENT,5:53,353,er_92FLRKsw,2024-12-23T06:29:50Z,commit:777ac1af
TNT,Tortoise,TNT,False,INDIFFERENT,7:34,454,WuitmtCZYoY,2024-12-23T06:22:16Z,commit:777ac1af
Live Phish Instrumental Vol 2,Phish,Mixes,,INDIFFERENT,1:09:39,4179,baGssf_Z0_M,2024-12-23T05:12:37Z,commit:777ac1af
Tulum x Comunite Live Set,Nicola Cruz,Boiler Room,,LIKE,50:34,3034,AaAETrunxdc,2024-12-23T04:22:03Z,commit:777ac1af
Caught In The Middle Of A 3-Way Mix - Beastie Boys Paul's Boutique Tribute - 2013,"16K views, SteveWonda",,,LIKE,1:04:33,3873,6kvEmhGz6gA,2024-12-23T03:17:30Z,commit:777ac1af
The Hot Sh*t Episode 83,Pretty Lights,The HOT Sh*t,,INDIFFERENT,1:00:16,3616,afjLc_6G62Y,2024-12-23T02:17:14Z,commit:777ac1af
CHILL MORNING DEEP HOUSE MIX | LILICAY,"2.1M views, LILICAY",,,INDIFFERENT,1:08:54,4134,-sePewgzVfU,2024-12-23T01:08:20Z,commit:777ac1af
Call to Arms,Sturgill Simpson,"2024/10/16 St. Louis, MO",,INDIFFERENT,14:04,844,hWeL9CD3EeU,2024-12-23T00:54:16Z,commit:777ac1af
Purple Rain,Sturgill Simpson,"2024/10/16 St. Louis, MO",,INDIFFERENT,5:29,329,NjrCpYLXuQw,2024-12-23T00:48:47Z,commit:777ac1af
One for the Road,Sturgill Simpson,"2024/10/16 St. Louis, MO",,INDIFFERENT,8:37,517,uO-hXnSjAPs,2024-12-23T00:40:10Z,commit:777ac1af
Long White Line,Sturgill Simpson,"2024/10/16 St. Louis, MO",,INDIFFERENT,5:27,327,pHYvVt8TQqk,2024-12-23T00:34:43Z,commit:777ac1af
Wheels,The Seldom Scene,15th Anniversary Celebration,,INDIFFERENT,3:27,207,Bec8fjcDjwc,2024-12-23T00:31:16Z,commit:777ac1af
Fredericia,Do Make Say Think,Winter Hymn Country Hymn Secret Hymn,,INDIFFERENT,9:38,578,gROkkfNjTmI,2024-12-23T00:21:38Z,commit:777ac1af
St. Stephen,Grateful Dead,Aoxomoxoa,False,INDIFFERENT,4:28,268,W-s0lFpflQw,2024-12-23T00:17:10Z,commit:777ac1af
China Doll,Grateful Dead,From the Mars Hotel,False,INDIFFERENT,4:12,252,ESDvffE20Oc,2024-12-23T00:12:58Z,commit:777ac1af
Box of Rain,Grateful Dead,American Beauty,True,INDIFFERENT,5:19,319,nxjvo4BRf-Y,2024-12-23T00:07:39Z,commit:777ac1af
Unbroken Chain,Grateful Dead,From the Mars Hotel,True,LIKE,6:46,406,T5FN06LFfHk,2024-12-23T00:00:53Z,commit:777ac1af
No Fun,Nick Shoulders,Lonely Like Me,False,INDIFFERENT,3:56,236,yeSouKmD4Uc,2024-12-22T23:56:57Z,commit:777ac1af
Black Iris,Sven Wunder,Eastern Flowers,,LIKE,2:53,173,U_itkIUMAJ8,2024-12-22T23:54:04Z,commit:777ac1af
Bumpin' On Sunset,Wes Montgomery,Tequila (Expanded Edition),False,INDIFFERENT,4:49,289,ER8Q504Vro8,2024-12-22T23:49:15Z,commit:777ac1af
Boulderdash (feat. Tony Trischka & Noam Pikelny),Béla Fleck,My Bluegrass Heart,,LIKE,7:02,422,H84Ast4cZMo,2024-12-22T23:42:13Z,commit:777ac1af
Anthropocene,loscil,Monument Builders,False,INDIFFERENT,4:40,280,WmhPWGkAqUw,2024-12-22T23:37:33Z,commit:777ac1af
The Sunny Side of Life,"Nancy Blake, Norman Blake",The Morning Glory Ramblers,False,INDIFFERENT,3:21,201,KjJGgm353eU,2024-12-22T23:34:12Z,commit:777ac1af
Jonah,Paul Simon,One-Trick Pony,False,INDIFFERENT,3:31,211,IJOhJfuWSi4,2024-12-22T23:30:41Z,commit:777ac1af
Fall On My Knees,Foghorn Stringband,Reap What You Sow,,LIKE,4:45,285,2sVJfYnm6tA,2024-12-22T23:25:56Z,commit:777ac1af
The Logical Song,Supertramp,The Logical Song,True,LIKE,4:10,250,pP8iUyb9Gn8,2024-12-22T23:21:46Z,commit:777ac1af
Poor Man's Blues,Cabinet,This Is Cabinet: Set 2,,LIKE,3:12,192,6eWhynIw-Iw,2024-12-22T23:18:34Z,commit:777ac1af
Honey Dripper,Dr. John,Plays Mac Rebennack,False,INDIFFERENT,3:35,215,BQ9C8GXPx8I,2024-12-22T23:14:59Z,commit:777ac1af
Dance,Chuck Darwin & the Knuckle Draggers,Three Car Pileup,True,LIKE,3:03,183,6ydrdWG15aE,2024-12-22T23:11:56Z,commit:777ac1af
Trans-Continental Hustle,Gogol Bordello,Trans-Continental Hustle,True,LIKE,4:17,257,m25XvcLsROQ,2024-12-22T23:07:39Z,commit:777ac1af
The Uptown Poker Club,Jerry Reed,The Uptown Poker Club,,LIKE,3:29,209,EKMHQIeUTxE,2024-12-22T23:04:10Z,commit:777ac1af
"Conspiracies, Cults & UFOs",John R. Miller,"Conspiracies, Cults & UFOs",,LIKE,2:53,173,dTc_IQiUXtI,2024-12-22T23:01:17Z,commit:777ac1af
Voodoo Lady (Demo),Ween,Chocolate and Cheese (Deluxe Edition),False,INDIFFERENT,4:36,276,biLCHMUBiGY,2024-12-22T22:56:41Z,commit:777ac1af
Bad Idea,The Devil Makes Three,Chains Are Broken,False,INDIFFERENT,2:59,179,NmqQjkXjJow,2024-12-22T22:53:42Z,commit:777ac1af
Last of My Kind,Viv & Riley,Time Is Everything,,LIKE,4:23,263,3kC5wb_yw5Q,2024-12-22T22:49:19Z,commit:777ac1af
Greasy Coat,Chance McCoy and The Appalachian String Band,Debut,,LIKE,3:03,183,OJJJZdITnzg,2024-12-22T22:46:16Z,commit:777ac1af
Lay All Your Love On Me,ABBA,Super Trouper,False,INDIFFERENT,4:35,275,5mHzaIehRTE,2024-12-22T22:41:41Z,commit:777ac1af
Turn Loose Of My Leg,Jim Stafford,Greatest Hits,False,INDIFFERENT,3:17,197,KxlOD4iJ5eg,2024-12-22T22:38:24Z,commit:777ac1af
Clay Pigeons,John Prine,Fair and Square,False,INDIFFERENT,4:28,268,4LfZJMIs3BI,2024-12-22T22:33:56Z,commit:777ac1af
Goodbye Yellow Brick Road,Elton John,Goodbye Yellow Brick Road,,INDIFFERENT,3:13,193,wy709iNG6i8,2024-12-22T22:30:43Z,commit:777ac1af
Accentuate the Positive,Dr. John,In A Sentimental Mood,False,INDIFFERENT,3:53,233,k0I0NB2JLDU,2024-12-22T22:26:50Z,commit:777ac1af
Sow 'Em On The Mountain,Foghorn Stringband,Reap What You Sow,,INDIFFERENT,4:38,278,ut_UqpmZ0j4,2024-12-22T22:22:12Z,commit:777ac1af
Stupid Texas Song,Austin Lounge Lizards,Employee Of The Month,,LIKE,3:34,214,aPvLD7HSUDY,2024-12-22T22:18:38Z,commit:777ac1af
For the First Time,Mac DeMarco,This Old Dog,False,INDIFFERENT,3:03,183,cZCm_i6YvAk,2024-12-22T22:15:35Z,commit:777ac1af
"Little Joe (feat. Andrew Marlin, Noam Pikelny, Chris Eldridge & Alex Hargreaves)",Mighty Poplar,Mighty Poplar,,LIKE,3:04,184,xQ-kxkDP8H0,2024-12-22T22:12:31Z,commit:777ac1af
Jackaroo,"David Grisman, Jerry Garcia",Shady Grove,True,LIKE,4:02,242,GfhrQsMLdY0,2024-12-22T22:08:29Z,commit:777ac1af
Beaumont Rag,The Tony Rice Unit,Unit Of Measure,False,INDIFFERENT,3:38,218,IRlUwaooWUE,2024-12-22T22:04:51Z,commit:777ac1af
Killers of the Flower Moon,Charley Crockett,Killers of the Flower Moon,False,INDIFFERENT,3:14,194,tM3-u1u0nxQ,2024-12-22T22:01:37Z,commit:777ac1af
Nobody's Dirty Business,The Devil Makes Three,The Devil Makes Three,False,INDIFFERENT,3:17,197,rfAhShvrhIU,2024-12-22T21:58:20Z,commit:777ac1af
Call to Arms,Sturgill Simpson,"Cuttin' Grass, Vol. 2 (Cowboy Arms Sessions)",,LIKE,3:03,183,P7VYILfhh3w,2024-12-22T21:55:17Z,commit:777ac1af
American Dreaming,Sierra Ferrell,American Dreaming (Single Edit),False,INDIFFERENT,4:18,258,MARPEvw2Prw,2024-12-22T21:50:59Z,commit:777ac1af
"Mary Poppins (1964) - ""Supercalifragilisticexpialidocious"" - Video/Lyrics","19M views, ItsMusicallyLyrical",,,INDIFFERENT,3:03,183,uZNRzc3hWvE,2024-12-22T21:47:56Z,commit:777ac1af
In the Mood,Glenn Miller,The King of Swing,False,INDIFFERENT,3:35,215,aBOv6lhLxbA,2024-12-22T21:44:21Z,commit:777ac1af
The Lonely Goatherd,"Charmian Carr, Heather Menzies, Julie Andrews, Nicholas Hammond",The Sound Of Music (Original Soundtrack Recording),False,INDIFFERENT,3:13,193,K5Wicl6dcEk,2024-12-22T21:41:08Z,commit:777ac1af
Kodachrome,Paul Simon,There Goes Rhymin' Simon,True,LIKE,3:36,216,JD6Zq505pnM,2024-12-22T21:37:32Z,commit:777ac1af
The Galway Girl,Steve Earle,Transcendental Blues,False,INDIFFERENT,3:05,185,IeW9F4sGzf0,2024-12-22T21:34:27Z,commit:777ac1af
Feelin' Good Again,Robert Earl Keen,Walking Distance,True,LIKE,3:17,197,g5i6duhB9mk,2024-12-22T21:31:10Z,commit:777ac1af
Lil Boo Thang,Paul Russell,Lil Boo Thang,False,INDIFFERENT,1:55,115,ER8z-iLK91Y,2024-12-22T21:29:15Z,commit:777ac1af
Straight Shooter,The Winston Brothers,Straight Shooter / Island Travel,False,INDIFFERENT,3:02,182,dZfe-sEi8Yc,2024-12-22T21:26:13Z,commit:777ac1af
Shallow Water Blackout,loscil,Endless Falls,,INDIFFERENT,7:08,428,ot8dc6oF3pI,2024-12-22T21:19:05Z,commit:777ac1af
Estuarine,loscil,Endless Falls,,INDIFFERENT,8:21,501,MYtX2zYlfdA,2024-12-22T21:10:44Z,commit:777ac1af
Endless Falls,loscil,Endless Falls,,INDIFFERENT,7:56,476,xxxpnfRi4Tw,2024-12-22T21:02:48Z,commit:777ac1af
Shadow Maple,Loscil,Shadow Maple,False,INDIFFERENT,8:00,480,xVWHFlUQ5os,2024-12-22T20:54:48Z,commit:777ac1af
Your Sun (Original) FrankCo Penn,"214 views, FrankCo Penn Bluegrass",,,LIKE,3:19,199,88IU12oeGA0,2024-12-22T20:51:29Z,commit:777ac1af
Welcome to Vulf Records,Vulfpeck,Thrill of the Arts,,LIKE,2:44,164,3SeLdQS2ZNo,2024-12-22T20:48:45Z,commit:777ac1af
Slow Train,Billy Strings,Billy Strings - EP,True,LIKE,4:00,240,dXiyTY6Ctdg,2024-12-22T20:44:45Z,commit:777ac1af
"Steep Grade, Sharp Curves / Ramblin' Reprise",Yonder Mountain String Band,"Mountain Tracks, Vol. 3",True,LIKE,7:06,426,pjlEcgw0IG0,2024-12-22T20:37:39Z,commit:777ac1af
Bitter,"1.9K views, Golden Shoals",,,LIKE,3:43,223,PraaNao2Nf0,2024-12-22T20:33:56Z,commit:777ac1af
South in My Soul,Sons Of The Pioneers,A Country Western Songbook,True,LIKE,2:11,131,ABLlckWKqF4,2024-12-22T20:31:45Z,commit:777ac1af
If I Needed Someone,"Herb Geller, Okko Bekker, Simon Alcott, and Peter Haesslein",Moog & Sitar,,LIKE,3:21,201,ls0yBx9ouuc,2024-12-22T20:28:24Z,commit:777ac1af
Wreck of the Old 97,Lonnie Donegan,King of Skiffle,False,LIKE,2:32,152,JgGZnbDxo10,2024-12-22T20:25:52Z,commit:777ac1af
Idle Hands are the Devil's Playthings,Palace Brothers,There is No-One what Will Take Care of You,,LIKE,2:07,127,4g2lheDsi6A,2024-12-22T20:23:45Z,commit:777ac1af
Bells Of Every Chapel (feat. Billy Strings),Sierra Ferrell,Bells Of Every Chapel,,LIKE,4:16,256,YGMAQw5mcqI,2024-12-22T20:19:29Z,commit:777ac1af
Howard Hughes' Blues,John Hartford,Best of the Warner Years,True,LIKE,2:52,172,Vv-hJCOvKvM,2024-12-22T20:16:37Z,commit:777ac1af
Le gorille,Georges Brassens,La mauvaise réputation,False,LIKE,3:17,197,eZz4fgoYOI8,2024-12-22T20:13:20Z,commit:777ac1af
Obi Agye Me Dofo,Vis a Vis,"Ghana Special: Modern Highlife, Afro Sounds & Ghanaian Blues 1968-81",,INDIFFERENT,9:51,591,oVEneJbH-eg,2024-12-22T20:03:29Z,commit:777ac1af
Sing Me Back Home,The Flying Burrito Brothers,Sleepless Nights,True,LIKE,3:51,231,SijAirmAfoQ,2024-12-22T19:59:38Z,commit:777ac1af
It Ain't All Flowers,Sturgill Simpson,"2024/10/16 St. Louis, MO",,INDIFFERENT,10:01,601,1QydkHogRz4,2024-12-22T19:49:37Z,commit:777ac1af
Welcome to Earth (Pollywog),Sturgill Simpson,"2024/10/16 St. Louis, MO",,INDIFFERENT,3:59,239,UwLnmPw9Rhs,2024-12-22T19:45:38Z,commit:777ac1af
Time After All,Sturgill Simpson,"2024/10/16 St. Louis, MO",,INDIFFERENT,2:43,163,i73Q-mNO7sQ,2024-12-22T19:42:55Z,commit:777ac1af
All Around You,Sturgill Simpson,"2024/10/16 St. Louis, MO",,INDIFFERENT,3:33,213,F7u_YbwoF2U,2024-12-22T19:39:22Z,commit:777ac1af
Some Days,Sturgill Simpson,"2024/10/16 St. Louis, MO",,INDIFFERENT,7:14,434,eEVOxztiDO4,2024-12-22T19:32:08Z,commit:777ac1af
Turtles All The Way Down,Sturgill Simpson,"2024/10/16 St. Louis, MO",,INDIFFERENT,2:50,170,5uvF_Y1kHKs,2024-12-22T19:29:18Z,commit:777ac1af
Life of Sin,Sturgill Simpson,"2024/10/16 St. Louis, MO",,INDIFFERENT,3:45,225,u0HZknGO2wk,2024-12-22T19:25:33Z,commit:777ac1af
L.A. Woman,Sturgill Simpson,"2024/10/16 St. Louis, MO",,INDIFFERENT,6:07,367,bPvtzXQzA6Q,2024-12-22T19:19:26Z,commit:777ac1af
A Good Look,Sturgill Simpson,"2024/10/16 St. Louis, MO",,INDIFFERENT,7:50,470,6MRq53mvZhM,2024-12-22T19:11:36Z,commit:777ac1af
Call to Arms,Sturgill Simpson,"2024/10/16 St. Louis, MO",,INDIFFERENT,14:04,844,hWeL9CD3EeU,2024-12-22T18:57:32Z,commit:777ac1af
Dark End Of The Street,The Flying Burrito Brothers,The Gilded Palace Of Sin,,INDIFFERENT,3:51,231,TDIhN630_3w,2024-12-22T18:53:41Z,commit:777ac1af
Wheels,The Flying Burrito Brothers,The Gilded Palace Of Sin,,INDIFFERENT,3:03,183,kF_jPD5BhZE,2024-12-22T18:50:38Z,commit:777ac1af
Paradise,John Prine,John Prine,False,INDIFFERENT,3:16,196,ediaZ5DhYjw,2024-12-22T18:47:22Z,commit:777ac1af
Christine’s Tune,The Flying Burrito Brothers,The Gilded Palace Of Sin,,INDIFFERENT,3:03,183,7f2g4IDxlEk,2024-12-22T18:44:19Z,commit:777ac1af
Do Right Woman,The Flying Burrito Brothers,The Gilded Palace Of Sin,,INDIFFERENT,3:58,238,KBgDCMo68uA,2024-12-22T18:40:21Z,commit:777ac1af
Positively 4th Street,Bob Dylan,Bob Dylan's Greatest Hits,False,INDIFFERENT,3:54,234,SsovdtBgz3Q,2024-12-22T18:36:27Z,commit:777ac1af
To Live Is To Fly,Townes Van Zandt,"High, Low And In Between",,INDIFFERENT,3:16,196,ChSn6wDhNL8,2024-12-22T18:33:11Z,commit:777ac1af
Sing Me Back Home,The Flying Burrito Brothers,Sleepless Nights,True,LIKE,3:51,231,SijAirmAfoQ,2024-12-22T18:29:20Z,commit:777ac1af
Sin City,The Flying Burrito Brothers,The Gilded Palace Of Sin,,LIKE,4:10,250,UcU04NGMQb8,2024-12-22T18:25:10Z,commit:777ac1af
White House Blues,Bill Monroe,Country Music Hall Of Fame,True,LIKE,2:13,133,EYWPntu8640,2024-12-22T18:22:57Z,commit:777ac1af
Meet Me in the Alleyway,Steve Earle,I'll Never Get Out of This World Alive,False,INDIFFERENT,4:26,266,ip-zT953cqE,2024-12-22T18:18:31Z,commit:777ac1af
Whitehouse Road (OurVinyl Sessions),"OurVinyl, Tyler Childers",Tyler Childers | OurVinyl Sessions,False,INDIFFERENT,4:28,268,UBEzyAGqIcU,2024-12-22T18:14:03Z,commit:777ac1af
Alabama,Cross Canadian Ragweed,Highway 377,False,INDIFFERENT,3:39,219,gYeEBEL0_4I,2024-12-22T18:10:24Z,commit:777ac1af
Feet Don't Touch the Ground,Stoney LaRue,Live at Billy Bob's Texas,False,INDIFFERENT,4:09,249,EYPPCUbRFE8,2024-12-22T18:06:15Z,commit:777ac1af
When It Comes To You,Sturgill Simpson,"Something Borrowed, Something New: A Tribute to John Anderson",False,INDIFFERENT,3:51,231,UJ-IlR8GtpE,2024-12-22T18:02:24Z,commit:777ac1af
Our Life's Work,Chuck Darwin & the Knuckle Draggers,Three Car Pileup,False,INDIFFERENT,2:43,163,vskBlq2dLAM,2024-12-22T17:59:41Z,commit:777ac1af
Feelin' Good Again,Robert Earl Keen,Walking Distance,True,LIKE,3:17,197,g5i6duhB9mk,2024-12-22T17:56:24Z,commit:777ac1af
Links on the Chain,Phil Ochs,I Ain't Marching Anymore,,INDIFFERENT,4:19,259,W8F_yabLwsE,2024-12-21T21:51:58Z,commit:777ac1af
The Highwayman,Phil Ochs,I Ain't Marching Anymore,,INDIFFERENT,5:40,340,4SZ8ceDzFI4,2024-12-21T21:46:18Z,commit:777ac1af
Iron Lady,Phil Ochs,I Ain't Marching Anymore,,INDIFFERENT,3:35,215,-DY4_SPQuds,2024-12-21T21:42:43Z,commit:777ac1af
That Was the President,Phil Ochs,I Ain't Marching Anymore,,INDIFFERENT,3:24,204,H-Pd7azytEk,2024-12-21T21:39:19Z,commit:777ac1af
That's What I Want to Hear,Phil Ochs,I Ain't Marching Anymore,,INDIFFERENT,3:10,190,njKs59-RUFg,2024-12-21T21:36:09Z,commit:777ac1af
Draft Dodger Rag,Phil Ochs,I Ain't Marching Anymore,,INDIFFERENT,2:12,132,_T9MHFldX1E,2024-12-21T21:33:57Z,commit:777ac1af
In the Heat of the Summer,Phil Ochs,I Ain't Marching Anymore,,INDIFFERENT,3:09,189,acQywbKq9ZM,2024-12-21T21:30:48Z,commit:777ac1af
I Ain't Marching Anymore,Phil Ochs,I Ain't Marching Anymore,,INDIFFERENT,2:35,155,uRU_ruqnR6Q,2024-12-21T21:28:13Z,commit:777ac1af
He Was A Friend Of Mine,Dave Van Ronk,Folksinger,,LIKE,3:31,211,fmhJVDnrtcg,2024-12-21T21:24:42Z,commit:777ac1af
Not Gentle On My Mind,Chuck Darwin & the Knuckle Draggers,For Educational Purposes Only,True,LIKE,2:11,131,fwlkSDX-JT8,2024-12-21T21:22:31Z,commit:777ac1af
Two Hands,Townes Van Zandt,"High, Low And In Between",,LIKE,2:31,151,Ina0OMurm6Q,2024-12-21T21:20:00Z,commit:777ac1af
"Fare Thee Well, Miss Carousel",Townes Van Zandt,Townes Van Zandt,False,INDIFFERENT,5:23,323,_2Z7iwCfmXg,2024-12-21T21:14:37Z,commit:777ac1af
Turn! Turn! Turn! (To Everything There Is A Season),The Byrds,Greatest Hits,False,INDIFFERENT,3:50,230,5_YsQu5tKEE,2024-12-21T21:10:47Z,commit:777ac1af
Sin City,The Flying Burrito Brothers,The Gilded Palace Of Sin,,LIKE,4:10,250,UcU04NGMQb8,2024-12-21T21:06:37Z,commit:777ac1af
Dancing in the Moonlight,King Harvest,Dancing in the Moonlight,False,INDIFFERENT,3:02,182,0eHBLHVHjWg,2024-12-20T15:03:11Z,commit:777ac1af
Paranoia Blues (Unreleased Version),Paul Simon,Paul Simon,,INDIFFERENT,3:15,195,TJLCqXnBeeY,2024-12-20T14:59:56Z,commit:777ac1af
Duncan (Demo - San Francisco 2/71),Paul Simon,Paul Simon,,INDIFFERENT,2:47,167,3yx8dpapWgc,2024-12-20T14:57:09Z,commit:777ac1af
Me and Julio Down by the Schoolyard (Demo - San Francisco 2/71),Paul Simon,Paul Simon,,INDIFFERENT,2:28,148,qfrdDjDqG0U,2024-12-20T14:54:41Z,commit:777ac1af
Congratulations,Paul Simon,Paul Simon,,INDIFFERENT,3:44,224,hAgea6FFTLg,2024-12-20T14:50:57Z,commit:777ac1af
Paranoia Blues,Paul Simon,Paul Simon,,INDIFFERENT,2:57,177,0_hPQcNtJcw,2024-12-20T14:48:00Z,commit:777ac1af
Hobo's Blues,Paul Simon,Paul Simon,,INDIFFERENT,1:21,81,eTx-8NjHqzg,2024-12-20T14:46:39Z,commit:777ac1af
Papa Hobo,Paul Simon,Paul Simon,,INDIFFERENT,2:36,156,QgX_ws7uRTQ,2024-12-20T14:44:03Z,commit:777ac1af
Peace Like a River,Paul Simon,Paul Simon,,INDIFFERENT,3:24,204,-5SyCge7NR0,2024-12-20T14:40:39Z,commit:777ac1af
Me and Julio Down by the Schoolyard,Paul Simon,Paul Simon,,INDIFFERENT,2:45,165,1cs6U097kNQ,2024-12-20T14:37:54Z,commit:777ac1af
Armistice Day,Paul Simon,Paul Simon,,INDIFFERENT,3:56,236,sjiHqEpTkVs,2024-12-20T14:33:58Z,commit:777ac1af
Run That Body Down,Paul Simon,Paul Simon,,INDIFFERENT,3:53,233,_ejwrDBqjVM,2024-12-20T14:30:05Z,commit:777ac1af
Everything Put Together Falls Apart,Paul Simon,Paul Simon,,INDIFFERENT,2:02,122,E1dMPwSfHmg,2024-12-20T14:28:03Z,commit:777ac1af
Duncan,Paul Simon,Paul Simon,,INDIFFERENT,4:44,284,ZrmQQbZWvNE,2024-12-20T14:23:19Z,commit:777ac1af
Mother and Child Reunion,Paul Simon,Paul Simon,,INDIFFERENT,3:08,188,IS59-z3aE2c,2024-12-20T14:20:11Z,commit:777ac1af
You Can Call Me Al,Paul Simon,Graceland (25th Anniversary Deluxe Edition),False,INDIFFERENT,4:40,280,OMbfT3Wppjo,2024-12-20T14:15:31Z,commit:777ac1af
Dreams (2004 Remaster),Fleetwood Mac,Rumours (Deluxe Edition),False,INDIFFERENT,4:18,258,5oWyMakvQew,2024-12-20T14:11:13Z,commit:777ac1af
Kodachrome,Paul Simon,There Goes Rhymin' Simon,True,LIKE,3:36,216,JD6Zq505pnM,2024-12-20T14:07:37Z,commit:777ac1af
CHARLIE CHARLIE (Live at Babylon 4-7-24),NorthEast Groovers,Babylon 4-7-24 (Live!),False,INDIFFERENT,14:51,891,OuTQaidYN38,2024-12-20T13:52:46Z,commit:777ac1af
Voodoo Lady (Demo),Ween,Voodoo Lady (Demo),True,LIKE,4:36,276,Wcvdjsf_Uq4,2024-12-20T13:48:10Z,commit:777ac1af
Rumble of the Diesel,Les Claypool,Of Whales And Woe,,LIKE,4:04,244,_-ceV24iOn0,2024-12-19T07:43:42Z,commit:777ac1af
Voodoo Lady,Ween,Chocolate and Cheese,,INDIFFERENT,3:49,229,dIeFSqdag4w,2024-12-19T07:39:53Z,commit:777ac1af
"Take Me Home, Country Roads",John Denver,"Poems, Prayers and Promises",False,INDIFFERENT,3:11,191,c0dvabcWVo0,2024-12-19T07:36:42Z,commit:777ac1af
The Sound of Silence (Electric Version),Simon & Garfunkel,Old Friends,False,INDIFFERENT,3:06,186,Nn0Gf8e_sHI,2024-12-19T07:33:36Z,commit:777ac1af
Bob Wills Is Still the King,Waylon Jennings,Dreaming My Dreams,False,INDIFFERENT,3:34,214,OVFjGc6NxKo,2024-12-19T07:30:02Z,commit:777ac1af
Sin City,The Flying Burrito Brothers,The Gilded Palace Of Sin,,LIKE,4:10,250,UcU04NGMQb8,2024-12-19T07:25:52Z,commit:777ac1af
Wheels,The Seldom Scene,15th Anniversary Celebration,,INDIFFERENT,3:27,207,Bec8fjcDjwc,2024-12-19T07:22:25Z,commit:777ac1af
"A Apolitical Blues (Live at the Rainbow Theatre, London, UK, 8/3/1977)",Little Feat,Waiting for Columbus (Live Version; Deluxe Edition),,INDIFFERENT,3:52,232,jgxyReW_ZlY,2024-12-19T07:18:33Z,commit:777ac1af
"Don't Bogart That Joint (Live at Lisner Auditorium, Washington, DC, 8/8/1977)",Little Feat,Waiting for Columbus (Live Version; Deluxe Edition),,INDIFFERENT,1:02,62,5anAokwZsFI,2024-12-19T07:17:31Z,commit:777ac1af
"Willin' (Live at Lisner Auditorium, Washington, DC, 8/8/1977)",Little Feat,Waiting for Columbus (Live Version; Deluxe Edition),,INDIFFERENT,4:43,283,YIIDvLXySH8,2024-12-19T07:12:48Z,commit:777ac1af
"Spanish Moon (Live at Lisner Auditorium, Washington, DC, 8/8/1977)",Little Feat,Waiting for Columbus (Live Version; Deluxe Edition),,INDIFFERENT,5:37,337,RhmNK-ANKIw,2024-12-19T07:07:11Z,commit:777ac1af
"Mercenary Territory (Live at the Rainbow Theatre, London, UK, 8/2/1977)",Little Feat,Waiting for Columbus (Live Version; Deluxe Edition),,INDIFFERENT,4:37,277,c9_GR8F75Ag,2024-12-19T07:02:34Z,commit:777ac1af
"Day or Night (Live at the Rainbow Theatre, London, UK, 8/4/1977)",Little Feat,Waiting for Columbus (Live Version; Deluxe Edition),,INDIFFERENT,5:31,331,H8Z3ExTgMiM,2024-12-19T06:57:03Z,commit:777ac1af
"Time Loves a Hero (Live at the Rainbow Theatre, London, UK, 8/4/1977)",Little Feat,Waiting for Columbus (Live Version; Deluxe Edition),,INDIFFERENT,4:20,260,z-2ET8MwCr4,2024-12-19T06:52:43Z,commit:777ac1af
"Rocket In My Pocket (Live at the Rainbow Theatre, London, UK, 8/2/1977)",Little Feat,Waiting for Columbus (Live Version; Deluxe Edition),,INDIFFERENT,3:58,238,iLdLqvZ_vBo,2024-12-19T06:48:45Z,commit:777ac1af
"Tripe Face Boogie (Live at the Rainbow Theatre, London, UK, 8/3/1977)",Little Feat,Waiting for Columbus (Live Version; Deluxe Edition),,INDIFFERENT,7:10,430,yPn1CzkuBD0,2024-12-19T06:41:35Z,commit:777ac1af
"Dixie Chicken (Live at the Rainbow Theatre, London, UK, 8/3/1977)",Little Feat,Waiting for Columbus (Live Version; Deluxe Edition),,INDIFFERENT,8:54,534,jqs7Vk7SRq4,2024-12-19T06:32:41Z,commit:777ac1af
"Old Folks' Boogie (Live at the Rainbow Theatre, London, UK, 8/4/1977)",Little Feat,Waiting for Columbus (Live Version; Deluxe Edition),,INDIFFERENT,4:27,267,cc5N5KRAZ-s,2024-12-19T06:28:14Z,commit:777ac1af
SKELETONS,Travis Scott,ASTROWORLD,False,INDIFFERENT,2:26,146,u3eEtCr2CJk,2024-12-19T06:25:48Z,commit:777ac1af
On the Wrong Side of the Railroad Tracks,Dr John,Duke Elegant,,INDIFFERENT,5:43,343,0WpZm9d039c,2024-12-19T06:20:05Z,commit:777ac1af
Keep Me,The Black Keys,Rubber Factory,False,INDIFFERENT,2:53,173,CZHDxTAUJWE,2024-12-19T06:17:12Z,commit:777ac1af
Down in the Valley,The Head And The Heart,The Head And The Heart,False,INDIFFERENT,5:04,304,e5LvI4lgnIE,2024-12-19T06:12:08Z,commit:777ac1af
Spirit In The Sky (Deluxe Edition),Norman Greenbaum,70s Classic Rock,False,INDIFFERENT,4:03,243,HVUtNK1QFWs,2024-12-19T06:08:05Z,commit:777ac1af
Season of the Witch,Donovan,Sunshine Superman,False,INDIFFERENT,4:54,294,x-YI50fGMMg,2024-12-19T06:03:11Z,commit:777ac1af
Pandy Fackler,Ween,White Pepper,,INDIFFERENT,3:58,238,DsAx3DvPCI0,2024-12-19T05:59:13Z,commit:777ac1af
Don't Get 2 Close (2 My Fantasy),Ween,Pure Guava,False,INDIFFERENT,3:25,205,hvh6sS2S8r4,2024-12-19T05:55:48Z,commit:777ac1af
Voodoo Lady (Demo),Ween,Voodoo Lady (Demo),True,LIKE,4:36,276,Wcvdjsf_Uq4,2024-12-19T05:51:12Z,commit:777ac1af
Bad Liver And A Broken Heart (In Lowell),Tom Waits,Small Change,False,INDIFFERENT,4:50,290,_dMoIpKSy5U,2024-12-19T05:46:22Z,commit:777ac1af
In The Neighborhood,Tom Waits,Swordfishtrombones,False,INDIFFERENT,3:08,188,WY6cv5Zleao,2024-12-19T05:43:14Z,commit:777ac1af
How's It Gonna End,Tom Waits,Real Gone,False,INDIFFERENT,4:51,291,iX64Yd29AnE,2024-12-19T05:38:23Z,commit:777ac1af
Singapore,Tom Waits,Rain Dogs,False,INDIFFERENT,2:45,165,Aqo3oNeNxzg,2024-12-19T05:35:38Z,commit:777ac1af
Clap Hands,Tom Waits,Grave Diggers: Tom Waits,False,INDIFFERENT,3:46,226,WsIoLO88Ox4,2024-12-19T05:31:52Z,commit:777ac1af
Way Down in the Hole,"8.3K views, Greg Cohen, Kronos Quartet, Tom Waits",,,INDIFFERENT,4:03,243,WpMgf72gAlA,2024-12-19T05:27:49Z,commit:777ac1af
Way Down In The Hole,Tom Waits,Grave Diggers: Tom Waits,False,INDIFFERENT,3:30,210,Mt-bCAEvg-s,2024-12-19T05:24:19Z,commit:777ac1af
Cemetery Polka,Tom Waits,Rain Dogs,True,LIKE,1:47,107,mwm7yO9MMR4,2024-12-19T05:22:32Z,commit:777ac1af
Six Days On The Road,Dave Dudley,Six Days On the Road,False,INDIFFERENT,2:21,141,rGmw44_ZsPw,2024-12-19T05:20:11Z,commit:777ac1af
The Illusion,Ikebe Shakedown,Stone by Stone,,INDIFFERENT,3:33,213,7O0_8sVzVts,2024-12-19T05:16:38Z,commit:777ac1af
Ruta,Tati Falco,Ruta,False,INDIFFERENT,4:09,249,XtLyrKjApB0,2024-12-18T19:12:26Z,commit:777ac1af
Testimony,"Orions Belte, XTHALIA",Testimony,False,INDIFFERENT,3:20,200,5reSUHsdgPY,2024-12-18T19:09:06Z,commit:777ac1af
"""Blue Collar Blues"" - Yonder Mountain String Band LIVE at The LC Pavilion at Columbus, Ohio","2.4K views, Yonder Mountain String Band",,,INDIFFERENT,11:40,700,NOagZfz6B0k,2024-12-18T18:57:26Z,commit:777ac1af
Remember,Hank Mobley,Blue Berlin,False,INDIFFERENT,5:43,343,BN0gnUmZhp0,2024-12-17T15:35:03Z,commit:777ac1af
Bumpin' On Sunset,Wes Montgomery,Tequila (Expanded Edition),False,INDIFFERENT,4:49,289,ER8Q504Vro8,2024-12-17T15:30:14Z,commit:777ac1af
Wolfman's Brother,Phish,Hoist,False,INDIFFERENT,4:29,269,-wjc9AsIbcY,2024-12-16T18:39:42Z,commit:777ac1af
"Fat Man in the Bathtub (Live at Lisner Auditorium, Washington, DC, 8/10/1977)",Little Feat,Waiting for Columbus (Live Version; Deluxe Edition),,INDIFFERENT,4:54,294,BS1k205YA1s,2024-12-16T18:34:48Z,commit:777ac1af
The Harder They Come (Live),Jerry Garcia Band,"GarciaLive Volume Two: August 5th, 1990 Greek Theatre",True,LIKE,10:46,646,keL6fAVUYsY,2024-12-16T18:24:02Z,commit:777ac1af
"When I Paint My Masterpiece (Live at Knickerbocker Arena, Albany, NY, March 1990)",Grateful Dead,Dozin' at the Knick: Knickerbocker Arena (Live),False,INDIFFERENT,5:55,355,Wv1pl423LDk,2024-12-16T18:18:07Z,commit:777ac1af
Milemarker,Eluder,The Most Beautiful Blue,,INDIFFERENT,6:23,383,Ef2dYGxpUqU,2024-12-16T18:11:44Z,commit:777ac1af
In the End It Won't Matter,Eluder,The Most Beautiful Blue,,INDIFFERENT,6:33,393,Sh2UNR72Df0,2024-12-16T18:05:11Z,commit:777ac1af
The Path Presents Itself,Eluder,The Most Beautiful Blue,,INDIFFERENT,4:20,260,fWVvhCXaew0,2024-12-16T18:00:51Z,commit:777ac1af
Brand New Eyes,Eluder,The Most Beautiful Blue,,INDIFFERENT,8:58,538,rLKw2h2H7Bg,2024-12-16T17:51:53Z,commit:777ac1af
Dusk Invites the Dark,Eluder,The Most Beautiful Blue,,INDIFFERENT,6:45,405,djztB7PH_UE,2024-12-16T17:45:08Z,commit:777ac1af
Autumn Hips,Eluder,The Most Beautiful Blue,,LIKE,7:24,444,OkqCHisILTk,2024-12-16T17:37:44Z,commit:777ac1af
"Trey Anastasio Band - 6/08/03 - Burlington, Vt","4.2K views, telekinetica",,,INDIFFERENT,2:29:39,8979,tPKL431TTFI,2024-12-16T15:08:05Z,commit:777ac1af
Butts Tits Money,KNOWER,Life,True,LIKE,3:34,214,0yqa3R8jpBU,2024-12-15T19:04:24Z,commit:777ac1af
Adagio For Strings (Radio Edit),Tiësto,Magikal Journey: The Hits Collection 1998 - 2008,False,INDIFFERENT,3:26,206,71xik3vIsFE,2024-12-15T19:00:58Z,commit:777ac1af
Planet City,Wice,2017 Singles,False,INDIFFERENT,4:56,296,qIhOc3YoCMU,2024-12-15T18:56:02Z,commit:777ac1af
For An Angel (PvD Angel In Heaven Radio Edit),Paul van Dyk,For An Angel,False,INDIFFERENT,3:54,234,lBKtD9TdVrI,2024-12-15T18:52:08Z,commit:777ac1af
Poison Lips,Vitalic,Flashmob,True,LIKE,3:55,235,Hqp6rFZWg6Q,2024-12-15T18:48:13Z,commit:777ac1af
DVNO,Justice,Cross,True,INDIFFERENT,3:57,237,bz68yrZW3vU,2024-12-15T18:44:16Z,commit:777ac1af
RAGE MODE,DVRKFVCE,RAGE MODE,False,INDIFFERENT,3:32,212,XRsSyuDY2Ho,2024-12-15T18:40:44Z,commit:777ac1af
Clarity (feat. Foxes),Zedd,Clarity,False,INDIFFERENT,4:32,272,Lur-rvf6A1c,2024-12-15T18:36:12Z,commit:777ac1af
1998 (Kay Cee 1999 Radio Mix),Binary Finary,1998 (Remixes),False,INDIFFERENT,3:08,188,6JojPCCJF0E,2024-12-15T18:33:04Z,commit:777ac1af
Monument (The Inevitable End Version) (feat. Robyn),Röyksopp,The Inevitable End,False,INDIFFERENT,4:47,287,9bPAtRV0D74,2024-12-15T18:28:17Z,commit:777ac1af
Soopertrack,Extrawelt,Soopertrack,False,INDIFFERENT,8:00,480,1SHW0QKox84,2024-12-15T18:20:17Z,commit:777ac1af
Mr Noah,Panda Bear,Panda Bear Meets The Grim Reaper,False,INDIFFERENT,4:14,254,Q8wy2WDUapk,2024-12-15T18:16:03Z,commit:777ac1af
U.F.O.,Jim Sullivan,U.F.O.,False,INDIFFERENT,2:50,170,NK46NTm3rJE,2024-12-15T07:56:24Z,commit:777ac1af
Smith & Jones Forever,Silver Jews,American Water,False,INDIFFERENT,3:19,199,vtujTq5u1lQ,2024-12-15T07:29:10Z,commit:777ac1af
Life in Vain,Daniel Johnston,Fun,False,INDIFFERENT,3:23,203,vvoQFIQJSW4,2024-12-15T07:25:47Z,commit:777ac1af
You Never Wanted Me (2001 Remaster),Jackson C. Frank,Jackson C. Frank (2001 - Remaster),False,INDIFFERENT,3:08,188,T2_Ovzh2nBs,2024-12-15T07:22:39Z,commit:777ac1af
Two Hands,Townes Van Zandt,"High, Low And In Between",,LIKE,2:31,151,Ina0OMurm6Q,2024-12-15T07:20:08Z,commit:777ac1af
Heartattack And Vine,Tom Waits,Heartattack And Vine,False,INDIFFERENT,4:51,291,lIsIZx258pE,2024-12-15T07:15:17Z,commit:777ac1af
Yesterday Is Here,Tom Waits,Franks Wild Years,False,INDIFFERENT,2:29,149,8ZkyoCG5fhc,2024-12-15T07:12:48Z,commit:777ac1af
I Don't Wanna Grow Up,Tom Waits,Bone Machine,False,INDIFFERENT,2:32,152,8BGPo_3Gw28,2024-12-15T07:10:16Z,commit:777ac1af
I Should Have Been Home,Blaze Foley,The Dawg Years (1975-1978),False,INDIFFERENT,2:11,131,Sa76Waz9L1U,2024-12-15T07:08:05Z,commit:777ac1af
Mr. Mudd and Mr. Gold,Steve Earle,Townes,False,INDIFFERENT,2:18,138,4XszQg6xZoQ,2024-12-15T07:05:47Z,commit:777ac1af
"Please Call Me, Baby",Tom Waits,The Heart Of Saturday Night,False,INDIFFERENT,4:26,266,4cizbSN7xU8,2024-12-15T07:01:21Z,commit:777ac1af
Wet,Dazey and the Scouts,Maggot,False,INDIFFERENT,2:52,172,xnf9c6wyxRw,2024-12-14T20:58:26Z,commit:777ac1af
Picture Cards Can't  Picture You,Blaze Foley,Live at the Austin Outhouse,False,INDIFFERENT,4:52,292,UqJLQTPKTHg,2024-12-14T20:53:34Z,commit:777ac1af
You're Gonna Make Me Lonesome When You Go,Bob Dylan,Blood On The Tracks,False,INDIFFERENT,2:55,175,Nub7szkLUa4,2024-12-14T20:50:39Z,commit:777ac1af
L.A. Freeway,Guy Clark,Old No. 1,True,LIKE,4:57,297,ZsJxrsecU0c,2024-12-14T20:45:42Z,commit:777ac1af
Goodbye,Steve Earle,Train A Comin',False,INDIFFERENT,4:58,298,YG5q-SikGJ8,2024-12-14T20:40:44Z,commit:777ac1af
Step Right Up,Tom Waits,Small Change,False,INDIFFERENT,5:44,344,tHUry1U7X3g,2024-12-14T20:35:00Z,commit:777ac1af
"Cold, Cold World",Blaze Foley & the Beaver Valley Boys,"Cold, Cold World",False,INDIFFERENT,3:53,233,aHx6JJDn1as,2024-12-14T20:31:07Z,commit:777ac1af
Do Re Mi,Woody Guthrie,Dust Bowl Ballads,False,INDIFFERENT,2:33,153,pPFwFqDoYos,2024-12-14T20:28:34Z,commit:777ac1af
"If You See Her, Say Hello",Bob Dylan,Blood On The Tracks,False,INDIFFERENT,4:48,288,Hd_ct8rZDJA,2024-12-14T20:23:46Z,commit:777ac1af
"Anyhow, I Love You",Guy Clark,Texas Cookin,False,INDIFFERENT,3:55,235,jCIHrporc8U,2024-12-14T20:19:51Z,commit:777ac1af
Marie,Steve Earle,Townes,False,INDIFFERENT,4:53,293,n440z30PH2o,2024-12-14T20:14:58Z,commit:777ac1af
Dead and Lovely,Tom Waits,Real Gone,False,INDIFFERENT,5:42,342,EeH7JBgWEY0,2024-12-14T20:09:16Z,commit:777ac1af
Small Town Hero,Blaze Foley,Live at the Austin Outhouse,False,INDIFFERENT,4:11,251,0T6kHR7a68U,2024-12-14T20:05:05Z,commit:777ac1af
I Ain't Got No Home In This World Anymore,Woody Guthrie,Dust Bowl Ballads,False,INDIFFERENT,2:44,164,ZUgzXJACXzs,2024-12-14T20:02:21Z,commit:777ac1af
My Pal Foot Foot,The Shaggs,Philosophy of the World,False,INDIFFERENT,2:34,154,k5T2kaFiFgg,2024-12-14T19:59:47Z,commit:777ac1af
River Theme,Bob Dylan,Pat Garrett & Billy The Kid (Soundtrack From The Motion Picture),False,INDIFFERENT,1:28,88,ZxxmZ08Sau8,2024-12-14T19:58:19Z,commit:777ac1af
Clothes Of Sand,Nick Drake,Made To Love Magic,False,INDIFFERENT,2:32,152,fla0uXWqzqs,2024-12-14T19:55:47Z,commit:777ac1af
I Wanna Love Again,Dwight Yoakam,Blame the Vain,False,INDIFFERENT,2:58,178,r4tGVILUEj0,2024-12-14T19:52:49Z,commit:777ac1af
Wide River To Cross,Levon Helm,Dirt Farmer,False,INDIFFERENT,4:52,292,218wiYYuAXI,2024-12-14T19:47:57Z,commit:777ac1af
Hearts on Fire (2002 Remaster),Gram Parsons,Grievous Angel,False,INDIFFERENT,3:53,233,1BWvzky9Z7g,2024-12-14T19:44:04Z,commit:777ac1af
Rita Ballou,Guy Clark,Old No. 1,False,INDIFFERENT,2:51,171,OyTuO0FkeTs,2024-12-14T19:41:13Z,commit:777ac1af
You're Probably Wondering Why I'm Here,The Mothers Of Invention,Freak Out!,True,INDIFFERENT,3:39,219,GsGvX1SEcXw,2024-12-14T19:37:34Z,commit:777ac1af
How to Rent a Room,Silver Jews,The Natural Bridge,False,INDIFFERENT,3:03,183,K8Jjosf5GrE,2024-12-14T19:34:31Z,commit:777ac1af
Virginia Avenue,Tom Waits,Closing Time,False,INDIFFERENT,3:10,190,t07Y_EJolgk,2024-12-14T19:31:21Z,commit:777ac1af
Lost In The Backyard,James McMurtry,Where'D You Hide The Body,False,INDIFFERENT,4:12,252,UD27mHACoX4,2024-12-14T19:27:09Z,commit:777ac1af
Little Bird,Jerry Jeff Walker,Viva Terlingua,False,INDIFFERENT,4:14,254,1GIIhcUPukI,2024-12-14T19:22:55Z,commit:777ac1af
I Want to Be Alone (Dialogue) (2001 Remaster),Jackson C. Frank,Jackson C. Frank (2001 - Remaster),False,INDIFFERENT,3:19,199,2jd2Vl5k1VY,2024-12-14T19:19:36Z,commit:777ac1af
Fishin' Blues,Taj Mahal,Giant Steps/De Old Folks At Home,False,INDIFFERENT,3:05,185,2WK3c7HtXK4,2024-12-14T19:16:31Z,commit:777ac1af
Election Day,Blaze Foley,Live at the Austin Outhouse,False,INDIFFERENT,3:02,182,u34QtftJtRg,2024-12-14T19:13:29Z,commit:777ac1af
If I Were A Carpenter,Ramblin' Jack Elliott,Young Brigham,False,INDIFFERENT,5:05,305,YsAmIPLCIts,2024-12-14T19:08:24Z,commit:777ac1af
Could We Survive,Joseph Arthur,Could We Survive,False,INDIFFERENT,2:14,134,UdnmNmBedkA,2024-12-14T19:06:10Z,commit:777ac1af
The Biggest Thing That Man Has Ever Done,Woody Guthrie,"This Land is Your Land: The Asch Recordings, Vol. 1",False,INDIFFERENT,2:20,140,b4rpUxXVsvM,2024-12-14T19:03:50Z,commit:777ac1af
South Wind of Summer,The Flatlanders,Now Again,False,INDIFFERENT,4:47,287,b6rz3X12Ryg,2024-12-14T18:59:03Z,commit:777ac1af
Most Likely You Go Your Way (And I'll Go Mine),Bob Dylan,Blonde On Blonde,True,LIKE,3:28,208,Jm6tklKwaaA,2024-12-14T18:55:35Z,commit:777ac1af
Napalm Sticks to Kids,Covered Wagon Musicians,We Say No to Your War!,False,INDIFFERENT,4:19,259,iYPEo1BI3Mo,2024-12-14T18:51:16Z,commit:777ac1af
Philosophy of the World,The Shaggs,Philosophy of the World,False,INDIFFERENT,2:58,178,thHcvTDGWvg,2024-12-14T18:48:18Z,commit:777ac1af
Singapore,Tom Waits,Rain Dogs,False,INDIFFERENT,2:45,165,Aqo3oNeNxzg,2024-12-14T18:45:33Z,commit:777ac1af
Long Journey Home,The Bedquilt Ramblers & Ben Babbitt,Kentucky Route Zero (Original Soundtrack),False,INDIFFERENT,3:18,198,lLd1zBgXX7c,2024-12-14T18:42:15Z,commit:777ac1af
Remember,Hank Mobley,Blue Berlin,False,INDIFFERENT,5:43,343,BN0gnUmZhp0,2024-12-14T18:36:32Z,commit:777ac1af
Smith & Jones Forever,Silver Jews,American Water,False,INDIFFERENT,3:19,199,vtujTq5u1lQ,2024-12-14T18:33:13Z,commit:777ac1af
Life in Vain,Daniel Johnston,Fun,False,INDIFFERENT,3:23,203,vvoQFIQJSW4,2024-12-14T18:29:50Z,commit:777ac1af
Bumpin' On Sunset,Wes Montgomery,Tequila (Expanded Edition),False,INDIFFERENT,4:49,289,ER8Q504Vro8,2024-12-14T18:25:01Z,commit:777ac1af
You Never Wanted Me (2001 Remaster),Jackson C. Frank,Jackson C. Frank (2001 - Remaster),False,INDIFFERENT,3:08,188,T2_Ovzh2nBs,2024-12-14T18:21:53Z,commit:777ac1af
Two Hands,Townes Van Zandt,"High, Low And In Between",,LIKE,2:31,151,Ina0OMurm6Q,2024-12-14T18:19:22Z,commit:777ac1af
Groovebox Polka,Postwirtmusi,Postwirtmusi,,INDIFFERENT,2:57,177,IQHD-Z7fAT4,2024-12-14T18:16:25Z,commit:777ac1af
It Ain't Necessarily So,Grant Green,Nigeria,False,INDIFFERENT,10:23,623,m-mHo8A4x-E,2024-12-14T18:06:02Z,commit:777ac1af
Nancy (With The Laughing Face),Grant Green,The Complete Quartets With Sonny Clark,False,INDIFFERENT,6:26,386,NzpPuKEK3RM,2024-12-14T17:59:36Z,commit:777ac1af
Da Mama Ihrer,Postwirtmusi,Postwirtmusi,,INDIFFERENT,3:25,205,5F1UiAbZTtE,2024-12-14T17:56:11Z,commit:777ac1af
Gruß an St. Pongratzen,Postwirtmusi,Postwirtmusi,,INDIFFERENT,3:12,192,5_Xn0TLMSV4,2024-12-14T17:52:59Z,commit:777ac1af
Pointer Kathreinmarsch,Postwirtmusi,Postwirtmusi,,INDIFFERENT,2:51,171,zikScv8_NtM,2024-12-14T17:50:08Z,commit:777ac1af
Da Bäurin Ihrer,Postwirtmusi,Postwirtmusi,,INDIFFERENT,2:51,171,CHCc8KkWqbs,2024-12-14T17:47:17Z,commit:777ac1af
Naringer Grüße,Postwirtmusi,Postwirtmusi,,INDIFFERENT,2:58,178,3zS9w0lcX7M,2024-12-14T17:44:19Z,commit:777ac1af
Wintersdorfer Franzé,Postwirtmusi,Postwirtmusi,,INDIFFERENT,2:39,159,ae9Ca-PvB8k,2024-12-14T17:41:40Z,commit:777ac1af
Tin Hat - Cloud on a Leaf - (words by e.e. cummings) - Porto Franco Files,"95K views, Porto Franco Records",,,INDIFFERENT,4:52,292,8pvLCZGB-P4,2024-12-14T17:36:48Z,commit:777ac1af
Straight Story Soundtrack - Laurens Walking,"1.1M views, SJ363",,,INDIFFERENT,4:14,254,xk8Y-XxaAog,2024-12-14T17:32:34Z,commit:777ac1af
Abel Korzeniowski - Tango,"206K views, Patty Disidoro",,,INDIFFERENT,3:53,233,kfLe9aikcFc,2024-12-14T17:28:41Z,commit:777ac1af
In The Mood For Love - Song Yumeji's theme Shigeru Umebayashi,"7.1M views, Pinelopi Chantzara",,,INDIFFERENT,12:12,732,CydoHnlWpEI,2024-12-14T17:16:29Z,commit:777ac1af
"Blind Blake & the Victoria Royal Hotel Calypsos - Love, love alone","154K views, alberto gilardoni",,,INDIFFERENT,2:43,163,ebR3Yur1KjY,2024-12-14T17:13:46Z,commit:777ac1af
Scrapped Song - Kostantis Papakonstantinou,"226K views, ballenadepapel",,,INDIFFERENT,3:05,185,ya8TgHphugo,2024-12-14T17:10:41Z,commit:777ac1af
Rain Dogs,Tom Waits,Rain Dogs,False,INDIFFERENT,2:56,176,rUJB4as2Nos,2024-12-14T17:07:45Z,commit:777ac1af
Tin Hat - Old World,"41K views, M Chamberlain",,,INDIFFERENT,3:22,202,zYpYPcZy63c,2024-12-14T17:04:23Z,commit:777ac1af
Al Bowlly - Guilty,"1.1M views, serge1232",,,INDIFFERENT,3:14,194,CfSZARFUvnM,2024-12-14T17:01:09Z,commit:777ac1af
Little Johnatan - The Wall - Everything Is Illuminated,"15K views, Bugrahan Namdar (Alumni)",,,INDIFFERENT,3:09,189,bqihYN5k0Kg,2024-12-14T16:58:00Z,commit:777ac1af
Stéphane Wrembel - Bistro Fada  ( Midnight In Paris - Gypsy Jazz),"448K views, DC Music School",,,INDIFFERENT,3:13,193,tTcwLxpK1BU,2024-12-14T16:54:47Z,commit:777ac1af
Minor Swing,Django Reinhardt,Django Swings Nuages 1934-1941 (73 Tunes),False,INDIFFERENT,3:17,197,Iq6JXNiCumw,2024-12-14T16:51:30Z,commit:777ac1af
C.W. Stoneking ~ The Love Me Or Die,"8.2M views, PanzerFrog",,,INDIFFERENT,3:56,236,JlmsK59ncHs,2024-12-14T16:47:34Z,commit:777ac1af
Everything Is Illuminated [Original Motion Picture Soundtrack] - 1080p,"460K views, LFB",,,LIKE,58:41,3521,ZojHUN3pob0,2024-12-14T15:48:53Z,commit:777ac1af
Old Ship Of Zion,Pilgrim Jubilees,In Revival,False,INDIFFERENT,8:03,483,nBrjZxg5wo4,2024-12-13T19:40:43Z,commit:777ac1af
Tis The Old Ship Of Zion,The James Carter Organ Trio,At The Crossroads,False,INDIFFERENT,5:22,322,L-Y96bvvgWg,2024-12-13T19:35:21Z,commit:777ac1af
"Trey Anastasio Band 2002.06.23 Bonnaroo Music and Arts Festival Manchester, Tennessee","29K views, genesisguru",,,INDIFFERENT,3:00:58,10858,bMsnCHyuVKo,2024-12-13T16:34:23Z,commit:777ac1af
Fire on the Mountain,Grateful Dead,Shakedown Street,False,INDIFFERENT,3:50,230,iOF2psD2uTk,2024-12-13T16:30:33Z,commit:777ac1af
Goodbye Stranger (2010 Remastered),Supertramp,Breakfast In America,False,INDIFFERENT,5:51,351,u8pVZ5hTGJQ,2024-12-13T16:24:42Z,commit:777ac1af
Strange Overtones,"Brian Eno, David Byrne",Everything That Happens Will Happen Today,False,INDIFFERENT,4:18,258,GvZhpCYWFzs,2024-12-13T16:20:24Z,commit:777ac1af
Even If You Don't,Ween,White Pepper,,INDIFFERENT,3:26,206,W_V7A-NN3MI,2024-12-13T16:16:58Z,commit:777ac1af
The Force,Lettuce,Crush,True,LIKE,3:42,222,3DuGtGk5oF0,2024-12-13T16:13:16Z,commit:777ac1af
Everything In Its Right Place,Radiohead,Kid A,False,INDIFFERENT,4:12,252,NUnXxh5U25Y,2024-12-13T16:09:04Z,commit:777ac1af
The Argus,Ween,Quebec,False,INDIFFERENT,4:54,294,Y3qguNFflow,2024-12-13T16:04:10Z,commit:777ac1af
Captain,Ween,Quebec,False,INDIFFERENT,4:00,240,dPPawWVImwk,2024-12-13T15:45:53Z,commit:777ac1af
Hey There Fancypants,Ween,Quebec,False,INDIFFERENT,2:00,120,AWUaFnZRUko,2024-12-13T15:43:53Z,commit:777ac1af
Happy Colored Marbles,Ween,Quebec,False,INDIFFERENT,3:14,194,p4MnPORRfxw,2024-12-13T15:40:39Z,commit:777ac1af
Tried And True,Ween,Quebec,False,INDIFFERENT,4:02,242,5CWiaFrPUpU,2024-12-13T15:36:37Z,commit:777ac1af
So Many People In The Neighborhood,Ween,Quebec,False,INDIFFERENT,3:30,210,w2A7Us9AMlc,2024-12-13T15:33:07Z,commit:777ac1af
Among His Tribe,Ween,Quebec,False,INDIFFERENT,3:39,219,wTdI9eijGFM,2024-12-13T15:29:28Z,commit:777ac1af
Transdermal Celebration,Ween,Quebec,False,INDIFFERENT,3:26,206,Nt9uNomdCHg,2024-12-13T15:26:02Z,commit:777ac1af
Zoloft,Ween,Quebec,False,INDIFFERENT,3:52,232,hpziJJBY1KA,2024-12-13T15:22:10Z,commit:777ac1af
It's Gonna Be A Long Night,Ween,Quebec,False,INDIFFERENT,2:51,171,6amOtv1Sw3s,2024-12-13T15:19:19Z,commit:777ac1af
I Got a Name (Stereo Version),Jim Croce,I Got a Name,False,INDIFFERENT,3:15,195,gdnR9iQS-N8,2024-12-13T15:16:04Z,commit:777ac1af
Uncle John's Band,Grateful Dead,Workingman's Dead,False,INDIFFERENT,4:45,285,yD1naKNQuF4,2024-12-13T15:11:19Z,commit:777ac1af
Goodbye Yellow Brick Road,Elton John,Goodbye Yellow Brick Road,,INDIFFERENT,3:13,193,wy709iNG6i8,2024-12-13T15:08:06Z,commit:777ac1af
Waterloo Sunset (Mono Mix),The Kinks,Something Else (Deluxe Edition),,INDIFFERENT,3:15,195,SJ1BuKUCIC8,2024-12-13T15:04:51Z,commit:777ac1af
Rocky Raccoon (Remastered 2009),The Beatles,The Beatles,False,INDIFFERENT,3:34,214,sDcDCZGcZj8,2024-12-13T15:01:17Z,commit:777ac1af
Hang Up Your Hang Ups,Herbie Hancock,Man-Child,False,INDIFFERENT,7:26,446,d7kRlufrZJo,2024-12-13T14:53:51Z,commit:777ac1af
When It Was Wrong,The California Honeydrops,Spreadin' Honey,False,INDIFFERENT,4:33,273,gEZl7iUIQuU,2024-12-13T14:49:18Z,commit:777ac1af
Tired of Fighting,Menahan Street Band,Make the Road By Walking,False,INDIFFERENT,3:32,212,F-OeFm6y384,2024-12-13T14:45:46Z,commit:777ac1af
The Browns at Home,The Greyboy Allstars,West Coast Boogaloo,,LIKE,5:05,305,OFZ8XmDHCAI,2024-12-13T14:40:41Z,commit:777ac1af
How Glad I Am,The Greyboy Allstars,What Happened to Television?,,INDIFFERENT,2:51,171,kKCImOgRUv8,2024-12-13T14:37:50Z,commit:777ac1af
Tired Of Being Alone,Al Green,Gets Next To You,True,LIKE,2:53,173,BEBHIV9L3uc,2024-12-12T18:34:50Z,commit:777ac1af
Killing Me Softly With His Song,Roberta Flack,Killing Me Softly,True,LIKE,4:47,287,l2n167F0eBc,2024-12-12T18:30:03Z,commit:777ac1af
Killing Me Softly With His Song,Fugees,The Score (Expanded Edition),False,INDIFFERENT,4:59,299,H-RBJNqdnoM,2024-12-12T18:25:04Z,commit:777ac1af
The Argus,Ween,Quebec,False,INDIFFERENT,4:54,294,Y3qguNFflow,2024-12-12T18:20:10Z,commit:777ac1af
Rocky Raccoon (Remastered 2009),The Beatles,The Beatles,False,INDIFFERENT,3:34,214,sDcDCZGcZj8,2024-12-12T18:16:36Z,commit:777ac1af
Baby Sleep White Noise,littleONES,Perfect Sounds for Baby Sleep,False,INDIFFERENT,1:00:00,3600,q-cRQVt2ms4,2024-12-12T17:16:36Z,commit:777ac1af
We Are Between,Modest Mouse,The Golden Casket,False,INDIFFERENT,3:53,233,TCVkGmOvE_Q,2024-12-12T17:12:43Z,commit:777ac1af
Gravity Rides Everything,Modest Mouse,The Moon & Antarctica,False,INDIFFERENT,4:20,260,hFVHyL0MIVA,2024-12-12T17:08:23Z,commit:777ac1af
Lampshades on Fire,Modest Mouse,Strangers to Ourselves,False,INDIFFERENT,3:08,188,6l6aXxqfedo,2024-12-12T17:05:15Z,commit:777ac1af
Dashboard,Modest Mouse,We Were Dead Before The Ship Even Sank,False,INDIFFERENT,4:07,247,21euaOPVneM,2024-12-12T17:01:08Z,commit:777ac1af
Float On,Modest Mouse,Good News For People Who Love Bad News,False,INDIFFERENT,3:29,209,88XhEqgmRhM,2024-12-12T16:57:39Z,commit:777ac1af
Baby Me (Demo),Karly Hartzman,Cardinals At The Window,,INDIFFERENT,3:36,216,A2jIFeJ6gAQ,2024-12-12T06:54:00Z,commit:777ac1af
Candle,Hotline TNT,Cardinals At The Window,,INDIFFERENT,3:50,230,pJICT-_Wi2w,2024-12-12T06:50:10Z,commit:777ac1af
Great Holding Down,Archers of Loaf,Cardinals At The Window,,INDIFFERENT,2:52,172,3D5OJ5gkkHc,2024-12-12T06:47:18Z,commit:777ac1af
Wild Loneliness (Live for the Current),Superchunk,Cardinals At The Window,,INDIFFERENT,3:12,192,DQA8vsVu7iI,2024-12-12T06:44:06Z,commit:777ac1af
Hand of Death,the Mountain Goats,Cardinals At The Window,,INDIFFERENT,2:45,165,qE2Pbr50LYE,2024-12-12T06:41:21Z,commit:777ac1af
Ighre Massina (Live at Madame Lou's),Etran De L'Aïr,Cardinals At The Window,,INDIFFERENT,6:51,411,Y6GsmZ_ssyU,2024-12-12T06:34:30Z,commit:777ac1af
Strep Season,Riggings,Cardinals At The Window,,INDIFFERENT,2:17,137,7Xq_3iwU3xs,2024-12-12T06:32:13Z,commit:777ac1af
My Friend,Sophie Thatcher,Cardinals At The Window,,INDIFFERENT,3:26,206,5ulCC3r_ioo,2024-12-12T06:28:47Z,commit:777ac1af
Tonky’s Rocket Ship,Lonnie Holley (with Jacknife Lee),Cardinals At The Window,,INDIFFERENT,5:31,331,DafkH5j6vVA,2024-12-12T06:23:16Z,commit:777ac1af
Bob Wills Stomp (Live at Nightlight 7.26.22),Joseph Decosimo & Jake Xerxes Fussell,Cardinals At The Window,,INDIFFERENT,4:17,257,9cH0cJlelOM,2024-12-12T06:18:59Z,commit:777ac1af
Swannanoa (Demo Version),Water Liars,Cardinals At The Window,,INDIFFERENT,3:40,220,BHVEWs7zAOg,2024-12-12T06:15:19Z,commit:777ac1af
Say What You Like - Live At Massey Hall,Bahamas,Cardinals At The Window,,INDIFFERENT,2:45,165,j9iWnWQkWuI,2024-12-12T06:12:34Z,commit:777ac1af
"New Lost Ages (A Parkway Session, from Asheville)",Tyler Ramsey,Cardinals At The Window,,INDIFFERENT,5:10,310,JbHCb2Zchrk,2024-12-12T06:07:24Z,commit:777ac1af
How Can You Mend A Broken Heart,Iron & Wine,Cardinals At The Window,,INDIFFERENT,3:25,205,HOOEWbGeUiI,2024-12-12T06:03:59Z,commit:777ac1af
Belvedere,Uwade,Cardinals At The Window,,INDIFFERENT,3:36,216,RZncYRF_nJ8,2024-12-12T06:00:23Z,commit:777ac1af
Lightning in the Water (Live at the Historic Dry Creek Cafe 10/17/21),Little Mazarn & Jonathan Horne,Cardinals At The Window,,LIKE,3:43,223,Q7TLulcjE5Q,2024-12-12T05:56:40Z,commit:777ac1af
John Frusciante’s Trailer House,Hayden Pedigo,Cardinals At The Window,,INDIFFERENT,1:48,108,vBE5LCGDKoo,2024-12-12T05:54:52Z,commit:777ac1af
Bigger Than The Work,Sy Smith,Cardinals At The Window,,INDIFFERENT,4:01,241,G5f9TLJdlkg,2024-12-12T05:50:51Z,commit:777ac1af
Freight Train (From DR Byen),Adeem The Artist,Cardinals At The Window,,INDIFFERENT,2:58,178,koUk_2nZDfg,2024-12-12T05:47:53Z,commit:777ac1af
Street Scene (Live at Shadowbox),Object Hours,Cardinals At The Window,,INDIFFERENT,7:37,457,pCBAvyjDN48,2024-12-12T05:40:16Z,commit:777ac1af
Finally Rain (Live in St. Louis),Squirrel Flower,Cardinals At The Window,,INDIFFERENT,4:08,248,MqsU6lNFvnY,2024-12-12T05:36:08Z,commit:777ac1af
The Gift (Demo),Blue Cactus,Cardinals At The Window,,INDIFFERENT,3:19,199,d_2KTXiZPAQ,2024-12-12T05:32:49Z,commit:777ac1af
Bulldog,Lou Hazel,Cardinals At The Window,,INDIFFERENT,3:10,190,ZVG_Hcr47ME,2024-12-12T05:29:39Z,commit:777ac1af
Lean Closer To Me Now,Skylar Gudasz,Cardinals At The Window,,INDIFFERENT,5:43,343,PAqy_UqdBwU,2024-12-12T05:23:56Z,commit:777ac1af
NYC,Pachyman,Cardinals At The Window,,INDIFFERENT,2:53,173,dk0bTfaShKM,2024-12-12T05:21:03Z,commit:777ac1af
For Vibraphone and Tapes,Marta Salogni,Cardinals At The Window,,INDIFFERENT,6:47,407,tUgblZuMgTM,2024-12-12T05:14:16Z,commit:777ac1af
Take My Strong Hand,BeMyFiasco,Cardinals At The Window,,INDIFFERENT,1:51,111,M9Jnf_L3X0k,2024-12-12T05:12:25Z,commit:777ac1af
Hungry & Croaking,Indigo De Souza,Cardinals At The Window,,INDIFFERENT,3:34,214,aepj1Eb4rQg,2024-12-12T05:08:51Z,commit:777ac1af
Easy and Down,M. Duffy,Cardinals At The Window,,INDIFFERENT,1:15,75,D2zILC3yn2A,2024-12-12T05:07:36Z,commit:777ac1af
Ashes On The Lawn,The Go-Betweens,Cardinals At The Window,,INDIFFERENT,5:54,354,dcNjuS_0x4A,2024-12-12T05:01:42Z,commit:777ac1af
"Long, Long, Long",Sam Evian,Cardinals At The Window,,INDIFFERENT,2:40,160,KOQlPEyvlvk,2024-12-12T04:59:02Z,commit:777ac1af
Long Leaf Overtime (iPhone Demo),Real Companion,Cardinals At The Window,,INDIFFERENT,2:28,148,aB0RkJOC6Vg,2024-12-12T04:56:34Z,commit:777ac1af
Pink Sky,Real Estate,Cardinals At The Window,,INDIFFERENT,3:08,188,QNYbzl2ttTo,2024-12-12T04:53:26Z,commit:777ac1af
Distant Blue,Danny Paul Grody,Cardinals At The Window,,INDIFFERENT,4:05,245,HvNTgRPC9lc,2024-12-12T04:49:21Z,commit:777ac1af
Cornfields,Mipso,Cardinals At The Window,,INDIFFERENT,3:54,234,8i6xVO6mO-M,2024-12-12T04:45:27Z,commit:777ac1af
How Hard It Is For Desert To Die (Live from Solid Sound),Jeff Tweedy (feat. Karly Hartzman),Cardinals At The Window,,INDIFFERENT,3:57,237,-Pi3NqFHAe4,2024-12-12T04:41:30Z,commit:777ac1af
American Holly,Kevin Morby,Cardinals At The Window,,INDIFFERENT,3:39,219,OFlUUsrUUtc,2024-12-12T04:37:51Z,commit:777ac1af
Borrow Trouble (Demo),Feist,Cardinals At The Window,,INDIFFERENT,4:05,245,uEsC-JIQjm0,2024-12-12T04:33:46Z,commit:777ac1af
Minor Suite,Universal Light,Cardinals At The Window,,LIKE,8:24,504,C4qpn4oQV4w,2024-12-12T04:25:22Z,commit:777ac1af
Time To Leave,Deer Tick,Cardinals At The Window,,INDIFFERENT,3:57,237,StMDKa4WASI,2024-12-12T04:21:25Z,commit:777ac1af
Haunted House,Dawes & Hiss Golden Messenger,Cardinals At The Window,,INDIFFERENT,4:50,290,qIBRjmcz-Fk,2024-12-12T04:16:35Z,commit:777ac1af
Wrecking Ball,Waxahatchee,Cardinals At The Window,,INDIFFERENT,4:11,251,a64uEXi2ykA,2024-12-12T04:12:24Z,commit:777ac1af
Deep Sleep Music: Deeper Relaxation,Jason Stephenson,Deep Sleep Music: Deeper Relaxation,False,INDIFFERENT,3:00:16,10816,yGi1MePEN-k,2024-12-12T01:12:08Z,commit:777ac1af
White Noise: Airplane (Extended),SleepTherapy,White Noise: Airplane (Extended),False,INDIFFERENT,1:00:00,3600,h41yFt8Mblg,2024-12-12T00:12:08Z,commit:777ac1af
Brown Noise for Sleep,Sounds for Life,Brown Noise for Sleep,False,INDIFFERENT,1:11:11,4271,TKHjJnEaVrQ,2024-12-11T23:00:57Z,commit:777ac1af
Baby Sleep White Noise,littleONES,Perfect Sounds for Baby Sleep,False,INDIFFERENT,1:00:00,3600,q-cRQVt2ms4,2024-12-11T22:00:57Z,commit:777ac1af
Ocean Sounds: 2 Hours of Relaxing Ocean Waves,Calmsound,"Relaxing Nature Sounds: 24 Hours of Exquisite Nature Sounds for Deep Sleep, Study, Meditation and Mindfulness",False,INDIFFERENT,2:00:01,7201,o-fGVRySAFU,2024-12-11T20:00:56Z,commit:777ac1af
Thunderstorm Sounds: 1 Hour Thunder,SleepTherapy,Thunderstorm Sounds: 1 Hour Thunder,False,INDIFFERENT,1:00:01,3601,tJ-pxOObruY,2024-12-11T19:00:55Z,commit:777ac1af
Ready or Not,Fugees,The Score (Expanded Edition),False,INDIFFERENT,3:47,227,NJHKraasQ_I,2024-12-11T08:57:05Z,commit:777ac1af
"Scenario (LP Mix) (feat. Busta Rhymes, Dinco D & Charlie Brown)",A Tribe Called Quest,The Low End Theory,,INDIFFERENT,4:11,251,Rd27sUfd8gM,2024-12-11T08:52:54Z,commit:777ac1af
What?,A Tribe Called Quest,The Low End Theory,,INDIFFERENT,2:29,149,I2JKwiDm7ug,2024-12-11T08:50:25Z,commit:777ac1af
Skypager,A Tribe Called Quest,The Low End Theory,,INDIFFERENT,2:13,133,pYc50S23pQY,2024-12-11T08:48:12Z,commit:777ac1af
Jazz (We've Got),A Tribe Called Quest,The Low End Theory,,INDIFFERENT,4:11,251,zlA0GHnERLs,2024-12-11T08:44:01Z,commit:777ac1af
Everything Is Fair,A Tribe Called Quest,The Low End Theory,,INDIFFERENT,2:59,179,hVBLKmppVgM,2024-12-11T08:41:02Z,commit:777ac1af
Check the Rhime,A Tribe Called Quest,The Low End Theory,,INDIFFERENT,3:37,217,jBknsqfFERE,2024-12-11T08:37:25Z,commit:777ac1af
Infamous Date Rape,A Tribe Called Quest,The Low End Theory,,INDIFFERENT,2:54,174,8tchKEI4F5s,2024-12-11T08:34:31Z,commit:777ac1af
Vibes and Stuff,A Tribe Called Quest,The Low End Theory,,INDIFFERENT,4:18,258,jLXe13ICck4,2024-12-11T08:30:13Z,commit:777ac1af
"Show Business (feat. Diamond D, Lord Jamar & Sadat X)",A Tribe Called Quest,The Low End Theory,,INDIFFERENT,3:54,234,6vTn8qUYHEw,2024-12-11T08:26:19Z,commit:777ac1af
Verses from the Abstract (feat. Vinia Mojica & Ron Carter),A Tribe Called Quest,The Low End Theory,,INDIFFERENT,3:59,239,sIqm40Y0LVw,2024-12-11T08:22:20Z,commit:777ac1af
Butter,A Tribe Called Quest,The Low End Theory,,INDIFFERENT,3:39,219,9-lNdALkI1U,2024-12-11T08:18:41Z,commit:777ac1af
Rap Promoter,A Tribe Called Quest,The Low End Theory,,INDIFFERENT,2:13,133,BhZpFBFpBO4,2024-12-11T08:16:28Z,commit:777ac1af
Buggin' Out,A Tribe Called Quest,The Low End Theory,,INDIFFERENT,3:38,218,P9oTCzWRuvQ,2024-12-11T08:12:50Z,commit:777ac1af
Excursions,A Tribe Called Quest,The Low End Theory,,INDIFFERENT,3:55,235,qDKrJhNOygA,2024-12-11T08:08:55Z,commit:777ac1af
Killing Me Softly With His Song,Fugees,The Score (Expanded Edition),False,INDIFFERENT,4:59,299,H-RBJNqdnoM,2024-12-11T08:03:56Z,commit:777ac1af
For the Sake of the Song,Townes Van Zandt,Townes Van Zandt,False,INDIFFERENT,5:23,323,5DZstZzbBn0,2024-12-11T07:58:33Z,commit:777ac1af
Certain Songs (Live at 9:30 Club),The Hold Steady,Cardinals At The Window,,INDIFFERENT,3:35,215,XF1DyvBBycw,2024-12-11T07:54:58Z,commit:777ac1af
Crier (Live at Red Rocks 5/9/24),American Aquarium,Cardinals At The Window,,INDIFFERENT,3:40,220,rAsEqMxp0gU,2024-12-11T07:51:18Z,commit:777ac1af
Pianos,MJ Lenderman,Cardinals At The Window,,INDIFFERENT,7:57,477,nPVeP-coqUk,2024-12-11T07:43:21Z,commit:777ac1af
Tonky’s Rocket Ship,Lonnie Holley (with Jacknife Lee),Cardinals At The Window,,INDIFFERENT,5:31,331,DafkH5j6vVA,2024-12-11T07:37:50Z,commit:777ac1af
Bob Wills Stomp (Live at Nightlight 7.26.22),Joseph Decosimo & Jake Xerxes Fussell,Cardinals At The Window,,INDIFFERENT,4:17,257,9cH0cJlelOM,2024-12-11T07:33:33Z,commit:777ac1af
Minor Suite,Universal Light,Cardinals At The Window,,LIKE,8:24,504,C4qpn4oQV4w,2024-12-11T07:25:09Z,commit:777ac1af
Music Laughter Episode Track 78,Laraaji,Cardinals At The Window,,INDIFFERENT,3:12,192,MWKCT4U1sr8,2024-12-11T07:21:57Z,commit:777ac1af
Arctic Halo,Chuck Johnson,Cardinals At The Window,,LIKE,4:58,298,q9R3HspvXKg,2024-12-11T07:16:59Z,commit:777ac1af
Property (Live at Dynasty Typewriter),Tim Heidecker,Cardinals At The Window,,LIKE,4:05,245,tyMZs0PVVxQ,2024-12-11T07:12:54Z,commit:777ac1af
Fallin' Rain,The Nude Party,Cardinals At The Window,,INDIFFERENT,3:37,217,7xB-IdBNL6Q,2024-12-11T07:09:17Z,commit:777ac1af
Time To Leave,Deer Tick,Cardinals At The Window,,INDIFFERENT,3:57,237,StMDKa4WASI,2024-12-11T07:05:20Z,commit:777ac1af
Haunted House,Dawes & Hiss Golden Messenger,Cardinals At The Window,,INDIFFERENT,4:50,290,qIBRjmcz-Fk,2024-12-11T07:00:30Z,commit:777ac1af
Children of Children – Live At The Ryman 10/15/17,Jason Isbell and the 400 Unit with Jerry Douglas,Cardinals At The Window,,INDIFFERENT,6:39,399,_qKQiBdgB5Y,2024-12-11T06:53:51Z,commit:777ac1af
Rainy Day,Terry Allen & The Panhandle Mystery Band,Cardinals At The Window,,INDIFFERENT,2:56,176,ncON8sZ1b5c,2024-12-11T06:50:55Z,commit:777ac1af
Cheap Coffee (Live),The Avett Brothers,Cardinals At The Window,,INDIFFERENT,6:37,397,4znWsN-MIKo,2024-12-11T06:44:18Z,commit:777ac1af
Lovers On The Turnpike,Daniel Bachman,Cardinals At The Window,,INDIFFERENT,2:25,145,m_KhTiKdcNg,2024-12-11T06:41:53Z,commit:777ac1af
Route 9 Falls,Geologist & D.S.,Cardinals At The Window,,INDIFFERENT,4:07,247,PJu8jW0BnNI,2024-12-11T06:37:46Z,commit:777ac1af
Levon's Bark,"Spencer Cullum, Sean Thompson & Rich Ruth",Cardinals At The Window,,INDIFFERENT,3:50,230,ZgGbKpAL5kI,2024-12-11T06:33:56Z,commit:777ac1af
Your Tender Loving Care,Keven Louis Lareau,Cardinals At The Window,,INDIFFERENT,3:14,194,lWaiVfhsu9M,2024-12-11T06:30:42Z,commit:777ac1af
Talking To Me,John Andrews & The Yawns,Cardinals At The Window,,INDIFFERENT,3:02,182,bNxEaH2NmKo,2024-12-11T06:27:40Z,commit:777ac1af
On The Wind,Sylvie,Cardinals At The Window,,INDIFFERENT,3:04,184,MUkV8006c0Y,2024-12-11T06:24:36Z,commit:777ac1af
Near a Thousand Tables,William Tyler,Cardinals At The Window,,INDIFFERENT,2:22,142,ywc07OjazXs,2024-12-11T06:22:14Z,commit:777ac1af
Running (Live at Drop of Sun),Helado Negro,Cardinals At The Window,,INDIFFERENT,3:31,211,OAXr-K6elr0,2024-12-11T06:18:43Z,commit:777ac1af
Corner Pocket (Small Pond Sessions),Shirlette Ammons,Cardinals At The Window,,INDIFFERENT,3:41,221,pLE2oUR2gIk,2024-12-11T06:15:02Z,commit:777ac1af
Electric Tribal,Oak City Slums,Cardinals At The Window,,INDIFFERENT,5:37,337,pqUgUxPuTDw,2024-12-11T06:09:25Z,commit:777ac1af
Hashtag (Live from Newport Folk Festival 2024),Gillian Welch and David Rawlings,Cardinals At The Window,,INDIFFERENT,3:47,227,LgckEIGlzx8,2024-12-11T06:05:38Z,commit:777ac1af
Wrecking Ball,Waxahatchee,Cardinals At The Window,,INDIFFERENT,4:11,251,a64uEXi2ykA,2024-12-11T06:01:27Z,commit:777ac1af
Bus Route (Live),Tyler Childers,Cardinals At The Window,,INDIFFERENT,3:17,197,IGrJeWPyEx8,2024-12-11T05:58:10Z,commit:777ac1af
The Carolina Lady,Weirs,Cardinals At The Window,,INDIFFERENT,6:34,394,9cFetsLgE8I,2024-12-11T05:51:36Z,commit:777ac1af
Flotsam,Magic Tuber Stringband,Cardinals At The Window,,INDIFFERENT,5:04,304,ENbrHKCa6JE,2024-12-11T05:46:32Z,commit:777ac1af
Night Divers,Setting,Cardinals At The Window,,INDIFFERENT,8:07,487,_hq10Duv4a8,2024-12-11T05:38:25Z,commit:777ac1af
Untitled,Yasmin Williams,Cardinals At The Window,,INDIFFERENT,1:45,105,TC1cNLkJZm8,2024-12-11T05:36:40Z,commit:777ac1af
The Way,Little Brother feat. BeMyFiasco x Denaine Jones,Cardinals At The Window,,INDIFFERENT,3:37,217,BilCRXU2wqk,2024-12-11T05:33:03Z,commit:777ac1af
"King of Birds (Live in Greensboro, 1989)",R.E.M.,Cardinals At The Window,,INDIFFERENT,5:10,310,56Vs4COUkb8,2024-12-11T05:27:53Z,commit:777ac1af
Is There a Doctor in the House?,Lambchop,Cardinals At The Window,,INDIFFERENT,2:46,166,gc6s32xbcNI,2024-12-11T05:25:07Z,commit:777ac1af
Daylily (Demo),The Dead Tongues,Cardinals At The Window,,INDIFFERENT,3:42,222,OeXMnb0aIzo,2024-12-11T05:21:25Z,commit:777ac1af
We Live Inside A Dream,Floating Action,Cardinals At The Window,,INDIFFERENT,2:09,129,eMi2wnYL1EI,2024-12-11T05:19:16Z,commit:777ac1af
Blue Ridge Mountains (Live from The Spring Recital),Fleet Foxes,Cardinals At The Window,,INDIFFERENT,3:39,219,J4Ov3qoPXfI,2024-12-11T05:15:37Z,commit:777ac1af
Vapor Ascensus,Luke Schneider,Cardinals At The Window,,INDIFFERENT,4:05,245,iLXk0LTQ3qY,2024-12-11T05:11:32Z,commit:777ac1af
Hey Heron,Rosali,Cardinals At The Window,,INDIFFERENT,5:22,322,idGEvQMJJz0,2024-12-11T05:06:10Z,commit:777ac1af
Smilin',Nathaniel Rateliff & The Night Sweats,Cardinals At The Window,,INDIFFERENT,3:26,206,cs90dhMYBGc,2024-12-11T05:02:44Z,commit:777ac1af
Nature’s Child,S.G. Goodman feat. Bonnie “Prince” Billy,Cardinals At The Window,,INDIFFERENT,3:53,233,DBeblwPFt4M,2024-12-11T04:58:51Z,commit:777ac1af
Hard Times,Sluice,Cardinals At The Window,,INDIFFERENT,4:42,282,vd8fhjdMrHY,2024-12-11T04:54:09Z,commit:777ac1af
Can’t Wait Until Tomorrow (Live At Echo Mountain),Angel Olsen,Cardinals At The Window,,INDIFFERENT,2:36,156,ZmxaCX6HOns,2024-12-11T04:51:33Z,commit:777ac1af
Harmonia’s Dream (Live from New York),The War on Drugs,Cardinals At The Window,,INDIFFERENT,10:13,613,-hGgGiFPpm4,2024-12-11T04:41:20Z,commit:777ac1af
Americana,Moe Bandy,"Best Of Branson, USA - Vol. 1",False,INDIFFERENT,4:25,265,m8sHzypNyAM,2024-12-11T04:36:55Z,commit:777ac1af
Help Me Make It Through The Night,Ray Stevens,"Best Of Branson, USA - Vol. 1",False,INDIFFERENT,2:23,143,Xny49GbJdhE,2024-12-11T04:34:32Z,commit:777ac1af
Bite the Nose,Little Wings,People,True,LIKE,3:56,236,3VySKfv31Rg,2024-12-10T18:30:33Z,commit:777ac1af
Squire's Locker,Little Wings,High On The Glade,,INDIFFERENT,3:42,222,rM7TUgPDPk4,2024-12-10T18:26:51Z,commit:777ac1af
Bubbles Go Pop,Little Wings,High On The Glade,,INDIFFERENT,4:21,261,zfMHyZwnB0Q,2024-12-10T18:22:30Z,commit:777ac1af
Halloween 2020,Little Wings,Made it Rain,,INDIFFERENT,3:09,189,TNFT19lrawQ,2024-12-10T18:19:21Z,commit:777ac1af
Too Many Rivers to Cross,Little Wings,Made it Rain,,INDIFFERENT,2:11,131,YmgsX8-qBLA,2024-12-10T18:17:10Z,commit:777ac1af
Honey Bird’s Power Outage,Little Wings,Cardinals At The Window,,LIKE,6:09,369,LrpfG_9wtns,2024-12-10T18:11:01Z,commit:777ac1af
"Sand (Live at Reynolds Coliseum, 1999)",Phish,Cardinals At The Window,,INDIFFERENT,22:12,1332,GVrdCSIGlpQ,2024-12-10T17:48:49Z,commit:777ac1af
Harmonia’s Dream (Live from New York),The War on Drugs,Cardinals At The Window,,INDIFFERENT,10:13,613,-hGgGiFPpm4,2024-12-10T17:38:36Z,commit:777ac1af
Swamp Witch,Jim Stafford,Jim Stafford,,INDIFFERENT,3:48,228,O-4mpwJQBFk,2024-12-10T17:34:48Z,commit:777ac1af
A Real Good Time,Jim Stafford,Jim Stafford,,INDIFFERENT,3:34,214,NT53xaiyNWM,2024-12-10T17:31:14Z,commit:777ac1af
Nifty Fifties Blues,Jim Stafford,Jim Stafford,,INDIFFERENT,3:03,183,9mtrCdWx_Xo,2024-12-10T17:28:11Z,commit:777ac1af
My Girl Bill,Jim Stafford,Jim Stafford,,INDIFFERENT,3:13,193,uQZ48xw6pi4,2024-12-10T17:24:58Z,commit:777ac1af
The Last Chant,Jim Stafford,Jim Stafford,,INDIFFERENT,3:19,199,pDbKUDnX_nA,2024-12-10T17:21:39Z,commit:777ac1af
Spiders & Snakes,Jim Stafford,Jim Stafford,,INDIFFERENT,3:07,187,fOs1w3zzWCQ,2024-12-10T17:18:32Z,commit:777ac1af
16 Little Red Noses And A Horse That Sweats,Jim Stafford,Jim Stafford,,INDIFFERENT,3:54,234,3qgoNu5IBao,2024-12-10T17:14:38Z,commit:777ac1af
Wildwood Weed,Jim Stafford,Jim Stafford,,INDIFFERENT,2:41,161,REQ1YqYLi4g,2024-12-10T17:11:57Z,commit:777ac1af
Medley: mr. bojangles/ a visit with a old friend,Jim Stafford,Jim Stafford,,LIKE,5:10,310,Eqlk3FhRRDU,2024-12-10T17:06:47Z,commit:777ac1af
I Ain't Sharin' Sharon,Jim Stafford,Jim Stafford,,INDIFFERENT,2:14,134,gbplOMrpeOo,2024-12-10T17:04:33Z,commit:777ac1af
L.A. Mamma,Jim Stafford,Jim Stafford,,INDIFFERENT,2:23,143,3J7HssP5Ias,2024-12-10T17:02:10Z,commit:777ac1af
One Toke Over The Line,Brewer & Shipley,One Toke Over The Line,False,INDIFFERENT,3:34,214,Qzfb6XriWCw,2024-12-10T16:58:36Z,commit:777ac1af
The Littlest Birds,The Be Good Tanyas,The Littlest Birds 1,True,LIKE,3:55,235,DjaW_oZDRmQ,2024-12-10T16:54:41Z,commit:777ac1af
Lay Down (Candles In The Rain) (Long Version),"Melanie, The Edwin Hawkins Singers",Beautiful People: The Greatest Hits of Melanie,True,LIKE,7:40,460,pUfgjp10w-w,2024-12-10T16:47:01Z,commit:777ac1af
Southern Star,Brent Cobb,Southern Star,False,INDIFFERENT,3:07,187,zfxcSonFQ9U,2024-12-10T16:43:54Z,commit:777ac1af
Midnight Sun,Matt Heckler,After the Flood,,LIKE,4:54,294,dup_V9vCGxQ,2024-12-10T16:39:00Z,commit:777ac1af
Gypsy,Kitchen Dwellers,Ghost in the Bottle,False,INDIFFERENT,5:57,357,THnAuo12G2U,2024-12-10T16:33:03Z,commit:777ac1af
No More Soul in the Soil,Clyde and the Milltailers,Folklore,False,INDIFFERENT,3:27,207,2M3bj5DhGc0,2024-12-10T16:29:36Z,commit:777ac1af
People Are Strange,The Dead South,"Easy Listening for Jerks, Pt. 2",False,INDIFFERENT,3:12,192,m6WAxPmayqA,2024-12-10T16:26:24Z,commit:777ac1af
Float On,"Iron Horse, Pickin' On Series",The Bluegrass Tribute to Modest Mouse: Something You've Never Heard Before,False,INDIFFERENT,4:14,254,bMhP7QJoQNk,2024-12-10T16:22:10Z,commit:777ac1af
The Thief and the Moon,Shawn James,Shadows,False,INDIFFERENT,3:11,191,gFZGt6bMAXA,2024-12-10T16:18:59Z,commit:777ac1af
Annihilate,Trampled By Turtles,Life is Good on the Open Road,False,INDIFFERENT,3:26,206,hZrSJQoNjsk,2024-12-10T16:15:33Z,commit:777ac1af
The Only Cowboy Bar in Portland,Lightnin' Luke,Volume 2,False,INDIFFERENT,3:00,180,36Ilc4_jZKA,2024-12-10T16:12:33Z,commit:777ac1af
Wind and Rain,Crooked Still,Shaken By A Low Sound,,INDIFFERENT,3:47,227,9VGjaxe9ZOU,2024-12-10T16:08:46Z,commit:777ac1af
Railroad Bill,Crooked Still,Shaken By A Low Sound,,LIKE,2:19,139,S9k2cUH6g7o,2024-12-10T16:06:27Z,commit:777ac1af
Mountain Jumper,Crooked Still,Shaken By A Low Sound,,INDIFFERENT,2:52,172,qels-5Ebddg,2024-12-10T16:03:35Z,commit:777ac1af
Ecstasy,Crooked Still,Shaken By A Low Sound,,INDIFFERENT,6:14,374,iqXuHxoB9Ig,2024-12-10T15:57:21Z,commit:777ac1af
Ain't No Grave,Crooked Still,Shaken By A Low Sound,,INDIFFERENT,3:22,202,eb4W_3KC50g,2024-12-10T15:53:59Z,commit:777ac1af
Whiskey Deaf And Whiskey Blind,Norman Blake,"Far Away, Down On A Georgia Farm",False,INDIFFERENT,3:45,225,d34yUwvRluc,2024-12-10T15:50:14Z,commit:777ac1af
Spanish Pipedream,John Prine,John Prine,False,LIKE,2:42,162,ZkfqWEXdx-I,2024-12-10T15:47:32Z,commit:777ac1af
I'll Be Here in the Morning,Townes Van Zandt,Townes Van Zandt,False,INDIFFERENT,3:01,181,5irlcdLkmiI,2024-12-10T15:44:31Z,commit:777ac1af
Columbus Stockade Blues,"Doc Watson, Richard Watson",Third Generation Blues,False,INDIFFERENT,3:32,212,rVAXyZCbFdI,2024-12-10T15:40:59Z,commit:777ac1af
Come On Up To The House,Sarah Jarosz,Song Up In Her Head,False,INDIFFERENT,4:28,268,THh_hWrGXYw,2024-12-10T15:36:31Z,commit:777ac1af
Whiplash,Motörhead,Under Cöver,False,INDIFFERENT,3:50,230,0Sn0J5INxyA,2024-12-10T15:32:41Z,commit:777ac1af
Ace of Spades,Motörhead,Ace of Spades (Expanded Edition),True,LIKE,2:49,169,wQchKv6OSQA,2024-12-10T15:29:52Z,commit:777ac1af
Chains Are Broken,The Devil Makes Three,Chains Are Broken,False,INDIFFERENT,3:19,199,3MSYrswhAvg,2024-12-10T15:26:33Z,commit:777ac1af
We Don't Grow Tobacco,Old Crow Medicine Show,Carry Me Back,False,INDIFFERENT,3:55,235,-wuJ9985T3Q,2024-12-10T15:22:38Z,commit:777ac1af
I Won't Cry,Charley Crockett,Music City USA,False,INDIFFERENT,3:35,215,qzVhb7NN0JU,2024-12-10T15:19:03Z,commit:777ac1af
Carry Me Away,The Infamous Stringdusters,Rise Sun,False,INDIFFERENT,4:08,248,WACVRAncmCY,2024-12-10T15:14:55Z,commit:777ac1af
Judgement Day,The Devil Makes Three,"Longjohns, Boots and a Belt",True,LIKE,3:16,196,EXggV8Ildh4,2024-12-10T15:11:39Z,commit:777ac1af
Dos Banjos,Billy Strings,Billy Strings - EP,False,INDIFFERENT,3:07,187,8ag-F986iI4,2024-12-10T15:08:32Z,commit:777ac1af
Old Hickory,Old Crow Medicine Show,Volunteer,False,INDIFFERENT,5:10,310,IhmbhjjRvok,2024-12-10T15:03:22Z,commit:777ac1af
Roll Me Through the Gates of Hell,Mischief Brew,Smash the Windows,False,INDIFFERENT,3:38,218,ZKnjxzbdz9E,2024-12-10T14:59:44Z,commit:777ac1af
Tow,The Devil Makes Three,"Longjohns, Boots and a Belt",True,LIKE,4:25,265,oe9MV2mpVQQ,2024-12-10T14:55:19Z,commit:777ac1af
Gonna Be Flyin' Tonight,Wayne Hancock,Tulsa,False,INDIFFERENT,3:55,235,ABJTY6Z8UCI,2024-12-10T14:51:24Z,commit:777ac1af
Sometimes Wine,Sturgill Simpson,Cuttin' Grass - Vol. 1 (Butcher Shoppe Sessions),False,INDIFFERENT,3:56,236,_oTovhnxDg4,2024-12-10T14:47:28Z,commit:777ac1af
O Cumberland River,Old Crow Medicine Show,Remedy,False,INDIFFERENT,3:22,202,9qNrCe-yBBA,2024-12-10T14:44:06Z,commit:777ac1af
Graveyard,The Devil Makes Three,The Devil Makes Three,False,INDIFFERENT,3:26,206,K7FYQn6ou9Y,2024-12-10T14:40:40Z,commit:777ac1af
Midnight Cowboy,Charley Crockett,$10 Cowboy,False,INDIFFERENT,2:58,178,dIov-HNjYHk,2024-12-10T14:37:42Z,commit:777ac1af
California Sober (feat. Willie Nelson),Billy Strings,California Sober,True,LIKE,3:51,231,AmxvLgvc8IE,2024-12-10T14:33:51Z,commit:777ac1af
So Long Chicago,Pokey LaFarge,Rhumba Country,,INDIFFERENT,3:38,218,Nxll6tukr4A,2024-12-10T14:30:13Z,commit:777ac1af
Why Don't You Leave Me Alone,Wayne Hancock,Thunderstorms and Neon Signs,,INDIFFERENT,2:51,171,PRZ_oiuLxzw,2024-12-10T14:27:22Z,commit:777ac1af
Rather Low (OurVinyl Session),"Milly Raccoon, Nick Shoulders, OurVinyl",Rather Low (OurVinyl Session),False,INDIFFERENT,2:57,177,78H9D8Ibkuw,2024-12-10T14:24:25Z,commit:777ac1af
Gracefully Facedown,The Devil Makes Three,Do Wrong Right,,INDIFFERENT,4:12,252,JfWASwsYb2w,2024-12-10T14:20:13Z,commit:777ac1af
Rosemary,Sierra Ferrell,Trail Of Flowers,False,INDIFFERENT,3:37,217,DoYRPz8DA_U,2024-12-10T14:16:36Z,commit:777ac1af
Pretty Polly,Vandaveer,"Oh, Willie, Please...",,INDIFFERENT,3:49,229,9Sejo_rSr0Y,2024-12-10T14:12:47Z,commit:777ac1af
One Day Soon,Hot Day at the Zoo,Zoograss,,LIKE,3:45,225,W9DmvXAQH4s,2024-12-10T14:09:02Z,commit:777ac1af
Bootlegger's Boy,Old Crow Medicine Show,Carry Me Back,False,INDIFFERENT,3:27,207,cEzNC7o4xyQ,2024-12-10T14:05:35Z,commit:777ac1af
Ain't No Grave,Crooked Still,Shaken By A Low Sound,,INDIFFERENT,3:22,202,eb4W_3KC50g,2024-12-10T14:02:13Z,commit:777ac1af
The Angel of Death,The Devil Makes Three,Redemption & Ruin,False,INDIFFERENT,3:37,217,qj7LXpqOl4I,2024-12-10T13:58:36Z,commit:777ac1af
Down in the Valley,The Devil Makes Three,Redemption & Ruin,False,INDIFFERENT,3:10,190,L5PAVgMYLio,2024-12-10T13:55:26Z,commit:777ac1af
What Would You Give (In Exchange for Your Soul),The Devil Makes Three,Redemption & Ruin,False,INDIFFERENT,4:24,264,Uk_bF6G1lvw,2024-12-10T13:51:02Z,commit:777ac1af
Come on up to the House,The Devil Makes Three,Redemption & Ruin,False,INDIFFERENT,2:56,176,DktajBn2IZ8,2024-12-10T13:48:06Z,commit:777ac1af
I Am the Man Thomas,The Devil Makes Three,Redemption & Ruin,False,INDIFFERENT,2:40,160,eQgta3g_Qrs,2024-12-10T13:45:26Z,commit:777ac1af
There’ll Be a Jubilee,The Devil Makes Three,Redemption & Ruin,False,INDIFFERENT,2:56,176,V1g22idnLOo,2024-12-10T13:42:30Z,commit:777ac1af
Waiting Around to Die,The Devil Makes Three,Redemption & Ruin,False,INDIFFERENT,3:35,215,WZPo9QlYrKA,2024-12-10T13:38:55Z,commit:777ac1af
I’m Gonna Get High,The Devil Makes Three,Redemption & Ruin,False,INDIFFERENT,2:32,152,IIlOx7QELIY,2024-12-10T13:36:23Z,commit:777ac1af
Chase the Feeling,The Devil Makes Three,Redemption & Ruin,False,INDIFFERENT,3:35,215,3gKPXsiJpvA,2024-12-10T13:32:48Z,commit:777ac1af
I Gotta Get Drunk,The Devil Makes Three,Redemption & Ruin,False,INDIFFERENT,2:30,150,WcW6UGlGXow,2024-12-10T13:30:18Z,commit:777ac1af
Champagne and Reefer,The Devil Makes Three,Redemption & Ruin,False,INDIFFERENT,2:55,175,qixzChjrT-k,2024-12-10T13:27:23Z,commit:777ac1af
Drunken Hearted Man,The Devil Makes Three,Redemption & Ruin,False,INDIFFERENT,2:49,169,h8SmPil4niM,2024-12-10T13:24:34Z,commit:777ac1af
Lay Down (Candles In The Rain) (Long Version),"Melanie, The Edwin Hawkins Singers",Beautiful People: The Greatest Hits of Melanie,False,INDIFFERENT,7:40,460,pUfgjp10w-w,2024-12-10T13:16:54Z,commit:777ac1af
The Night They Drove Old Dixie Down,Joan Baez,Blessed Are...,False,INDIFFERENT,3:27,207,IueqU0JMkdI,2024-12-10T13:13:27Z,commit:777ac1af
One Tin Soldier (Original Hit Single),The Original Caste,Essential Hits Woodstock Generation,False,INDIFFERENT,3:39,219,VGY9k5PeoQA,2024-12-10T13:09:48Z,commit:777ac1af
Crimson & Clover,Tommy James & The Shondells,Tommy James and The Shondells: Anthology,False,INDIFFERENT,3:30,210,YwHx4R6PurA,2024-12-10T13:06:18Z,commit:777ac1af
Joy (feat. Tom Parker),Apollo 100,Joy,False,INDIFFERENT,2:51,171,X6ipT3d2kFg,2024-12-10T13:03:27Z,commit:777ac1af
Feel Too Good (2008 Remaster),The Move,Looking On (2008 Remaster),True,LIKE,9:39,579,n1y-K1bSjMw,2024-12-10T12:53:48Z,commit:777ac1af
The Night the Lights Went out in Georgia,Vicki Lawrence,The Night the Lights Went out in Georgia (Deluxe Edition),False,INDIFFERENT,3:41,221,K-qK7oVXVRQ,2024-12-10T12:50:07Z,commit:777ac1af
Take Another Piece of My Heart (Live Broadcast Germany 1969),Janis Joplin,Live In Europe 1969,False,INDIFFERENT,3:55,235,gxhnvb8HFP8,2024-12-10T12:46:12Z,commit:777ac1af
The Littlest Birds,The Be Good Tanyas,The Littlest Birds 1,True,LIKE,3:55,235,DjaW_oZDRmQ,2024-12-10T12:42:17Z,commit:777ac1af
We Gotta Get Out Of This Place (US Version),The Animals,The Best Of The Animals,False,INDIFFERENT,3:13,193,t6gcxNFc1I0,2024-12-10T12:39:04Z,commit:777ac1af
Mustang Sally,Wilson Pickett,The Wicked Pickett,False,INDIFFERENT,3:08,188,efctwrcovJQ,2024-12-10T12:35:56Z,commit:777ac1af
An Old Fashioned Love Song,Three Dog Night,"Celebrate: The Three Dog Night Story, 1965–1975",False,INDIFFERENT,3:51,231,o0NmCA9efi0,2024-12-10T12:32:05Z,commit:777ac1af
Creeque Alley (Single Version),The Mamas & The Papas,Deliver,False,INDIFFERENT,3:49,229,7ccDdIuJpOE,2024-12-10T12:28:16Z,commit:777ac1af
Jungle Fever,The Chakachas,Jungle Fever,False,INDIFFERENT,4:24,264,ammcy3J6dPg,2024-12-10T12:23:52Z,commit:777ac1af
Signs,Five Man Electrical Band,Class Reunion '71: Greatest Hits Of 1971,False,INDIFFERENT,3:06,186,CxrsVV5N06I,2024-12-10T12:20:46Z,commit:777ac1af
Dream A Little Dream Of Me,Mama Cass,Dream A Little Dream,False,INDIFFERENT,3:42,222,zz4Et_XUMiI,2024-12-10T12:17:04Z,commit:777ac1af
"500 Miles (Live At UCLA, Los Angeles/1961)",The Kingston Trio,College Concert (Live),False,INDIFFERENT,3:15,195,SVFDXzqx8cM,2024-12-10T12:13:49Z,commit:777ac1af
Tennessee Flat Top Box,Rosanne Cash,King's Record Shop,False,INDIFFERENT,3:10,190,i93s451B5iE,2024-12-10T12:10:39Z,commit:777ac1af
Please Do Not Go,Violent Femmes,Violent Femmes,False,INDIFFERENT,4:16,256,xHdVBoQc2mg,2024-12-10T12:06:23Z,commit:777ac1af
The Beat Goes On,Sonny & Cher,In Case You're In Love,False,INDIFFERENT,3:29,209,oC7ZgXmrs6Q,2024-12-10T12:02:54Z,commit:777ac1af
Swamp Witch,Jim Stafford,Jim Stafford,False,INDIFFERENT,3:48,228,O-4mpwJQBFk,2024-12-10T11:59:06Z,commit:777ac1af
Glory Bound,The Wailin' Jennys,Firecracker,False,INDIFFERENT,4:25,265,38M8DJX6Tto,2024-12-10T11:54:41Z,commit:777ac1af
Barabajagal,Donovan,Barabajagal,False,INDIFFERENT,3:21,201,x2NMuycKY2k,2024-12-10T11:51:20Z,commit:777ac1af
Brand New Key,Melanie,Gather Me,,INDIFFERENT,2:28,148,-mXlW9LytYo,2024-12-10T11:48:52Z,commit:777ac1af
Brown Noise with Deep Bass (No Fade),SleepTherapy,"Brown Noise: Loops for Relaxation, Deep Sleep, Meditation, and Babies",False,INDIFFERENT,9:38,578,5fAy2qbzLlw,2024-12-10T11:39:14Z,commit:777ac1af
Loving Cup,Phish,"LivePhish, Vol. 17 7/15/98 (Portland Meadows, Portland, OR)",False,INDIFFERENT,7:49,469,aHJs8e_1CPs,2024-12-10T01:31:22Z,commit:777ac1af
Birds Of A Feather,Phish,"LivePhish, Vol. 17 7/15/98 (Portland Meadows, Portland, OR)",False,INDIFFERENT,9:04,544,v7cSTpfhgB0,2024-12-10T01:22:18Z,commit:777ac1af
Roggae,Phish,"LivePhish, Vol. 17 7/15/98 (Portland Meadows, Portland, OR)",False,INDIFFERENT,9:27,567,dO4LRFAE43Q,2024-12-10T01:12:51Z,commit:777ac1af
Cars Trucks Buses,Phish,"LivePhish, Vol. 17 7/15/98 (Portland Meadows, Portland, OR)",False,INDIFFERENT,5:31,331,ZmotP5RkpSs,2024-12-10T01:07:20Z,commit:777ac1af
Beauty Of My Dreams,Phish,"LivePhish, Vol. 17 7/15/98 (Portland Meadows, Portland, OR)",False,INDIFFERENT,3:21,201,PO9IYIHiHAQ,2024-12-10T01:03:59Z,commit:777ac1af
Brian And Robert,Phish,"LivePhish, Vol. 17 7/15/98 (Portland Meadows, Portland, OR)",False,INDIFFERENT,3:36,216,LK6niJDrieQ,2024-12-10T01:00:23Z,commit:777ac1af
Chalk Dust Torture,Phish,"LivePhish, Vol. 17 7/15/98 (Portland Meadows, Portland, OR)",False,INDIFFERENT,8:52,532,JZDVAQyVXWs,2024-12-10T00:51:31Z,commit:777ac1af
Portland Jam,Phish,"LivePhish, Vol. 17 7/15/98 (Portland Meadows, Portland, OR)",False,INDIFFERENT,6:20,380,j74houmcSGw,2024-12-10T00:45:11Z,commit:777ac1af
Horn,Phish,"LivePhish, Vol. 17 7/15/98 (Portland Meadows, Portland, OR)",False,INDIFFERENT,4:01,241,g8gSac31v2Y,2024-12-10T00:41:10Z,commit:777ac1af
Piper,Phish,LivePhish 07/06/98,False,INDIFFERENT,19:50,1190,YMuKPCZ5ySE,2024-12-10T00:21:20Z,commit:777ac1af
Boatman's Dance,Yonder Mountain String Band,"Mountain Tracks, Vol. 5",,INDIFFERENT,4:58,298,A6Ex1MWNOXc,2024-12-10T00:16:22Z,commit:777ac1af
My Gal,Yonder Mountain String Band,"Mountain Tracks, Vol. 1",True,LIKE,5:53,353,ekQynGowh5w,2024-12-10T00:10:29Z,commit:777ac1af
Six Days On The Road,Dave Dudley,Six Days On the Road,False,INDIFFERENT,2:21,141,rGmw44_ZsPw,2024-12-10T00:08:08Z,commit:777ac1af
No Particular Place To Go,Chuck Berry,St. Louis To Liverpool,False,INDIFFERENT,2:43,163,Bhx96Nt5hyQ,2024-12-10T00:05:25Z,commit:777ac1af
"Hey, Good Lookin'",Hank Williams,Busted,False,INDIFFERENT,2:56,176,EV1uoGsYz0U,2024-12-10T00:02:29Z,commit:777ac1af
"Bad, Bad Leroy Brown",Jim Croce,Photographs & Memories: His Greatest Hits,False,INDIFFERENT,3:03,183,JzYf6qskdfA,2024-12-09T23:59:26Z,commit:777ac1af
Heart Of The Country,"Linda McCartney, Paul McCartney",Ram,,LIKE,2:24,144,_hLKRHvAD2Y,2024-12-09T23:57:02Z,commit:777ac1af
Brand New Key,Melanie,Gather Me,,INDIFFERENT,2:28,148,-mXlW9LytYo,2024-12-09T23:54:34Z,commit:777ac1af
One Toke Over the Line,Brewer & Shipley,Tarkio Road,True,LIKE,3:20,200,OF3EUFnafp8,2024-12-09T23:51:14Z,commit:777ac1af
Late in the Evening,Paul Simon,One-Trick Pony,False,INDIFFERENT,4:03,243,fKWW4ll0YzI,2024-12-09T23:47:11Z,commit:777ac1af
Sweet by and By,bird youmans,Sweet by and By,False,INDIFFERENT,2:59,179,OJlLWiQnlo8,2024-12-09T23:44:12Z,commit:777ac1af
For the Good Times,Ray Price,"Willie, Merle & Ray: Big Hits Live From The Last Of The Breed Tour",False,INDIFFERENT,3:13,193,G9kTNL95FDE,2024-12-09T23:40:59Z,commit:777ac1af
Love of the Common People,Waylon Jennings,Waylon's World,False,INDIFFERENT,2:52,172,k5uyrniq88U,2024-12-09T23:38:07Z,commit:777ac1af
Bloody Mary Morning,Willie Nelson,Phases And Stages,False,INDIFFERENT,2:49,169,NbrB4B5FoBQ,2024-12-09T23:35:18Z,commit:777ac1af
Workin Man Blues (Live),Merle Haggard,Greatest Hits (Live),False,INDIFFERENT,3:01,181,4G_J3tG2nEE,2024-12-09T23:32:17Z,commit:777ac1af
Sing Me Back Home,Merle Haggard,"Willie, Merle & Ray: Big Hits Live From The Last Of The Breed Tour",False,INDIFFERENT,4:28,268,QIA8TWyLpYI,2024-12-09T23:27:49Z,commit:777ac1af
The Ride,David Allan Coe,Castles in the Sand,False,INDIFFERENT,3:11,191,uh6u4O-264Q,2024-12-09T23:24:38Z,commit:777ac1af
Low Down,Hank Williams III,Straight To Hell (Clean Version),False,INDIFFERENT,3:25,205,wM0Q__hBauk,2024-12-09T23:21:13Z,commit:777ac1af
East Bound And Down,"Bill Justis, Jerry Reed",Smokey And The Bandit (Original Motion Picture Soundtrack),False,INDIFFERENT,4:44,284,-u1Kzcs-z3c,2024-12-09T23:16:29Z,commit:777ac1af
Kaw-Liga,"Hank Williams, Jr.",Habits Old And New,False,INDIFFERENT,4:25,265,ZUblBoEHf5g,2024-12-09T23:12:04Z,commit:777ac1af
Amos Moses,Jerry Reed,Georgia Sunshine,True,LIKE,2:20,140,PbXFHSa4YmQ,2024-12-09T23:09:44Z,commit:777ac1af
Back In The Doghouse Again,Ray Stevens,#1 With A Bullet,False,INDIFFERENT,3:08,188,2CnlDAD9Mds,2024-12-09T23:06:36Z,commit:777ac1af
Black Sedan,Charley Crockett,The Man from Waco,False,INDIFFERENT,3:25,205,4Y9RolTqiuM,2024-12-09T23:03:11Z,commit:777ac1af
D-R-U-N-K,David Allan Coe,Tennessee Whiskey,True,LIKE,2:35,155,aMmRgo5GTO0,2024-12-09T23:00:36Z,commit:777ac1af
Howard Hughes Blues,Robert Ellis & Courtney Hartman,Dear John,,LIKE,2:51,171,dRQMM47WlW0,2024-12-09T22:57:45Z,commit:777ac1af
Down Along the Dixie Line,Punch Brothers,Ahoy!,,INDIFFERENT,2:49,169,ywr-3L4I4mw,2024-12-09T22:54:56Z,commit:777ac1af
Our Life's Work,Chuck Darwin & the Knuckle Draggers,Three Car Pileup,False,INDIFFERENT,2:43,163,vskBlq2dLAM,2024-12-09T22:52:13Z,commit:777ac1af
Where's the Truck?,Charlie Douglas & Dave Dudley,Diesel Duets,False,INDIFFERENT,3:12,192,ocnt6_z3U0s,2024-12-09T22:49:01Z,commit:777ac1af
In the Clear,Billy Strings,Highway Prayers,False,INDIFFERENT,2:57,177,kYLM4PZjsD4,2024-12-09T22:46:04Z,commit:777ac1af
Dance,Chuck Darwin & the Knuckle Draggers,Three Car Pileup,True,LIKE,3:03,183,6ydrdWG15aE,2024-12-09T22:43:01Z,commit:777ac1af
Springtime in Pennsylvania,Chuck Darwin & the Knuckle Draggers,Summer Wine,,LIKE,2:37,157,-T3F3uRtyoM,2024-12-09T22:40:24Z,commit:777ac1af
Summer Wine,Chuck Darwin & the Knuckle Draggers,Summer Wine,,LIKE,3:08,188,q8idCcAoBdU,2024-12-09T22:37:16Z,commit:777ac1af
Cross The Borderline,Dillard/Hartford/Dillard,Glitter Grass From The Nashwood Hollyville Strings / Permanent Wave,,INDIFFERENT,2:22,142,Rg6H3sIloN4,2024-12-09T22:34:54Z,commit:777ac1af
Don't Come Rollin',Dillard/Hartford/Dillard,Glitter Grass From The Nashwood Hollyville Strings / Permanent Wave,,LIKE,2:19,139,25bd7E22bQA,2024-12-09T22:32:35Z,commit:777ac1af
Chalk Dust Torture,Phish,"LivePhish, Vol. 6 11/27/98 (The Centrum, Worcester, MA)",False,INDIFFERENT,3:34,214,YiYALbjndE0,2024-12-09T22:29:01Z,commit:777ac1af
Wipe Out,Phish,"LivePhish, Vol. 6 11/27/98 (The Centrum, Worcester, MA)",False,INDIFFERENT,2:02,122,5kYqM9scTYA,2024-12-09T22:26:59Z,commit:777ac1af
Buried Alive,Phish,"LivePhish, Vol. 6 11/27/98 (The Centrum, Worcester, MA)",False,INDIFFERENT,3:38,218,rplk_2lk154,2024-12-09T22:23:21Z,commit:777ac1af
Birds Of A Feather,Phish,"LivePhish, Vol. 6 11/27/98 (The Centrum, Worcester, MA)",False,INDIFFERENT,9:02,542,gp86EJEvvzE,2024-12-09T22:14:19Z,commit:777ac1af
When The Circus Comes,Phish,"LivePhish, Vol. 6 11/27/98 (The Centrum, Worcester, MA)",False,INDIFFERENT,5:30,330,2Zh3eTmiY-U,2024-12-09T22:08:49Z,commit:777ac1af
"When You're Hot, You're Hot",Jerry Reed,"When You're Hot, You're Hot",True,LIKE,2:17,137,fd_2hlSbcZw,2024-12-09T22:06:32Z,commit:777ac1af
Paint It Blue (Live from the Ryman),Charley Crockett,Live from the Ryman,False,INDIFFERENT,4:21,261,Vz7TzN6USnE,2024-12-09T22:02:11Z,commit:777ac1af
D-R-U-N-K,David Allan Coe,Tennessee Whiskey,True,LIKE,2:35,155,aMmRgo5GTO0,2024-12-09T21:59:36Z,commit:777ac1af
I'm Gonna Go Fishin,Dr John,Duke Elegant,,INDIFFERENT,5:05,305,NhxdSLNbzXU,2024-12-09T21:54:31Z,commit:777ac1af
On the Wrong Side of the Railroad Tracks,Dr John,Duke Elegant,,INDIFFERENT,5:43,343,0WpZm9d039c,2024-12-09T21:48:48Z,commit:777ac1af
Brown Noise for Sleep,Sounds for Life,Brown Noise for Sleep,False,INDIFFERENT,1:11:11,4271,TKHjJnEaVrQ,2024-12-09T20:37:37Z,commit:777ac1af
The Song Is You,Grant Green,Nigeria,False,INDIFFERENT,7:48,468,_TIRxwCisVo,2024-12-09T10:29:46Z,commit:777ac1af
I Say A Little Prayer For You,Wes Montgomery,Down Here On The Ground,False,INDIFFERENT,3:18,198,IUT8UmiYwi4,2024-12-09T10:26:28Z,commit:777ac1af
My Girl Is Just Enough Woman For Me,Stanley Turrentine,Comin' Your Way,False,INDIFFERENT,6:46,406,Xm16sAC2gFA,2024-12-09T10:19:42Z,commit:777ac1af
"Maiden Voyage (Live At The Cliche' Lounge, Newark, New Jersey, 1970 / Remastered 2000)",Grant Green,"Alive! (Live At The Cliche' Lounge, Newark, New Jersey, 1970 / Remastered 2000)",False,INDIFFERENT,10:59,659,6WTYsG5MZGY,2024-12-09T10:08:43Z,commit:777ac1af
Summer In Central Park,Horace Silver,In Pursuit Of The 27th Man,False,INDIFFERENT,4:42,282,9659Ve5ZzHY,2024-12-09T10:04:01Z,commit:777ac1af
When We Were One,Roy Hargrove Quintet,With The Tenors Of Our Time,False,INDIFFERENT,5:55,355,7WeLZESmVDY,2024-12-09T09:58:06Z,commit:777ac1af
Tune-Up (Take 1),Wes Montgomery,"Encores, Volume 2: Blue 'N' Boogie",False,INDIFFERENT,4:50,290,PzDSGWzQG40,2024-12-09T09:53:16Z,commit:777ac1af
Three Way Split (Remastered 2000 / Rudy Van Gelder Edition),Hank Mobley,No Room For Squares (Remastered 2000 / Rudy Van Gelder Edition),False,INDIFFERENT,7:50,470,SdY_T_TEFF8,2024-12-09T09:45:26Z,commit:777ac1af
Party Time,Lee Morgan,The Procrastinator,False,INDIFFERENT,6:02,362,aIekj7YFIjA,2024-12-09T09:39:24Z,commit:777ac1af
I Can't Get Started,John Lewis,Grand Encounter: 2° East / 3° West,False,INDIFFERENT,3:36,216,_rafRtfRT2U,2024-12-09T09:35:48Z,commit:777ac1af
Gibraltar,Stanley Turrentine,Sugar ((CTI Records 40th Anniversary Edition - Original recording remastered)),False,INDIFFERENT,9:37,577,Y9ROi5Tk_z4,2024-12-09T09:26:11Z,commit:777ac1af
I Want To Hold Your Hand,Grant Green,I Want To Hold Your Hand,False,INDIFFERENT,7:23,443,BwVZnvW55So,2024-12-09T09:18:48Z,commit:777ac1af
Kathy (Rudy Van Gelder 24-Bit Mastering / 2002 Digital Remaster),Horace Silver,In Pursuit Of The 27th Man,True,LIKE,4:18,258,nqFEVT8MacY,2024-12-09T09:14:30Z,commit:777ac1af
Never Let Me Go,Roy Hargrove Quintet,With The Tenors Of Our Time,False,INDIFFERENT,5:35,335,XU_jxJT_5jA,2024-12-09T09:08:55Z,commit:777ac1af
Canadian Sunset,Wes Montgomery,Boss Guitar,False,INDIFFERENT,5:06,306,l7URjm4eF4g,2024-12-09T09:03:49Z,commit:777ac1af
The Essence Of Mystery,Alphonze Mouzon,The Essence Of Mystery,False,INDIFFERENT,5:01,301,3P6yvFpT7I0,2024-12-09T08:58:48Z,commit:777ac1af
Things Ain't What They Used To Be,"Frank Wess, John Coltrane",Wheelin' & Dealin',False,INDIFFERENT,8:25,505,G60hY-PTdOo,2024-12-09T08:50:23Z,commit:777ac1af
Maiden Voyage (Rudy Van Gelder Edition; 2006 Digital Remaster),Bobby Hutcherson,Happenings,False,INDIFFERENT,5:50,350,c8fvOJvRmPY,2024-12-09T08:44:33Z,commit:777ac1af
But Beautiful (Remastered 2002/Rudy Van Gelder Edition),Freddie Hubbard,Open Sesame (The Rudy Van Gelder Edition),False,INDIFFERENT,6:27,387,3t3H32spG7Q,2024-12-09T08:38:06Z,commit:777ac1af
Good Old Soul,Tina Brooks,True Blue,False,INDIFFERENT,8:08,488,2VBWiCL7Ar0,2024-12-09T08:29:58Z,commit:777ac1af
Flirty Gerty,Hank Mobley,Hi Voltage,False,INDIFFERENT,7:01,421,JUIrOem6-lo,2024-12-09T08:22:57Z,commit:777ac1af
"Straight, No Chaser (Live [Tokyo])",Thelonious Monk,Monk In Tokyo,False,INDIFFERENT,9:46,586,S9QQbqupGe0,2024-12-09T08:13:11Z,commit:777ac1af
Cariba (Live),Wes Montgomery,Full House,False,INDIFFERENT,9:37,577,aUqxqttVrpk,2024-12-09T08:03:34Z,commit:777ac1af
Tower Jam,Phish,Jam,,INDIFFERENT,59:14,3554,EHi9PjBV6BM,2024-12-09T07:04:20Z,commit:777ac1af
Evolve,Phish,Evolve,True,LIKE,4:13,253,Qbx7oNFmv-s,2024-12-09T07:00:07Z,commit:777ac1af
Buried Alive,Phish,"LivePhish, Vol. 6 11/27/98 (The Centrum, Worcester, MA)",False,INDIFFERENT,3:38,218,rplk_2lk154,2024-12-09T06:56:29Z,commit:777ac1af
Barrett's Privateers,Stan Rogers,The Very Best of Stan Rogers,True,LIKE,4:24,264,mQbh7UNCZdc,2024-12-09T06:52:05Z,commit:777ac1af
Never Make It Home,Split Lip Rayfield,Never Make It Home,False,INDIFFERENT,3:11,191,g6dg_JKDW8k,2024-12-09T06:48:54Z,commit:777ac1af
Barrett's Privateers,The Jolly Rogers,Pirates Evermore,True,LIKE,3:00,180,lVggiK_5CRo,2024-12-09T06:45:54Z,commit:777ac1af
Barrett's Privateers,Stan Rogers,Fogarty's Cove,,INDIFFERENT,4:19,259,3T0Ruhb734U,2024-12-09T06:41:35Z,commit:777ac1af
A Place in the Choir,Bill Staines,The Whistle of the Jay,,INDIFFERENT,2:29,149,3pR5nyeFgmA,2024-12-09T06:39:06Z,commit:777ac1af
The Logging Song,Bill Staines,The Whistle of the Jay,,LIKE,2:21,141,0KqRgAoEfvI,2024-12-09T06:36:45Z,commit:777ac1af
Gloryland,Ralph Stanley,Ralph Stanley & The Clinch Mountain Boys 1971-1973,True,LIKE,2:42,162,1Cs_B8XlLug,2024-12-09T06:34:03Z,commit:777ac1af
Matterhorn,The Country Gentlemen,25 Years,True,LIKE,2:21,141,tf49BnALF2Q,2024-12-09T06:31:42Z,commit:777ac1af
I've Come To Take You Home,The Seldom Scene,Like We Used To Be,False,INDIFFERENT,3:10,190,sBsOlYImNws,2024-12-09T06:28:32Z,commit:777ac1af
Mean Mother Blues,The Seldom Scene with John Starling,Long Time... Seldom Scene,True,LIKE,3:08,188,UKy_Q-SvPHQ,2024-12-09T06:25:24Z,commit:777ac1af
Bound to Ride,"John Hartford, Tony Rice, Vassar Clements",Hartford Rice and Clements,,LIKE,2:00,120,BdWeRIYBZq4,2024-12-09T06:23:24Z,commit:777ac1af
Honky Tonk Heroes (Like Me),Waylon Jennings,Greatest Hits,False,INDIFFERENT,3:29,209,CE5CQ1gfaR8,2024-12-09T06:19:55Z,commit:777ac1af
D-R-U-N-K,David Allan Coe,Tennessee Whiskey,True,LIKE,2:35,155,aMmRgo5GTO0,2024-12-09T06:17:20Z,commit:777ac1af
Don't Come Rollin',Dillard/Hartford/Dillard,Glitter Grass From The Nashwood Hollyville Strings / Permanent Wave,,LIKE,2:19,139,25bd7E22bQA,2024-12-09T06:15:01Z,commit:777ac1af
You Were the Fool,Ween,12 Golden Country Greats,,INDIFFERENT,4:27,267,plKeLTrR8Cs,2024-12-09T06:10:34Z,commit:777ac1af
Kodachrome,Paul Simon,There Goes Rhymin' Simon,True,LIKE,3:36,216,JD6Zq505pnM,2024-12-09T06:06:58Z,commit:777ac1af
Amie,Pure Prairie League,Bustin' Out,False,INDIFFERENT,4:20,260,lPgNbFni0oI,2024-12-09T06:02:38Z,commit:777ac1af
Short Stuff: Snow Globes | STUFF YOU SHOULD KNOW,"Dec 21, 2022",,False,INDIFFERENT,12:07,727,8YKGS55WGRc,2024-12-09T05:50:31Z,commit:777ac1af
"Who was Dorothy Parker, really? | STUFF YOU SHOULD KNOW","Dec 20, 2022",,False,INDIFFERENT,47:44,2864,q5Nc0Ol8Nv0,2024-12-09T05:02:47Z,commit:777ac1af
The Strange Story of Lysol | STUFF YOU SHOULD KNOW,"Oct 3, 2024",,False,INDIFFERENT,43:50,2630,XNoEZyRhJtc,2024-12-09T04:18:57Z,commit:777ac1af
Selects: Timber! How Timber Works | STUFF YOU SHOULD KNOW,"Aug 3, 2024",,False,INDIFFERENT,1:05:10,3910,91pQ5FItY0w,2024-12-09T03:13:47Z,commit:777ac1af
"Gone With The Wind (feat. Tommy Flanagan, Percy Heath & Albert Heath)",Wes Montgomery,The Incredible Jazz Guitar (Keepnews Collection),False,INDIFFERENT,6:21,381,hoTm_sRUnIw,2024-12-09T03:07:26Z,commit:777ac1af
"Mr Walker (feat. Tommy Flanagan, Percy Heath & Albert Heath)",Wes Montgomery,The Incredible Jazz Guitar (Keepnews Collection),False,INDIFFERENT,4:33,273,-LOiBQZRXCM,2024-12-09T03:02:53Z,commit:777ac1af
"In Your Own Sweet Way (feat. Tommy Flanagan, Percy Heath & Albert Heath)",Wes Montgomery,The Incredible Jazz Guitar (Keepnews Collection),False,INDIFFERENT,4:54,294,VjIaYCjy8yE,2024-12-09T02:57:59Z,commit:777ac1af
"West Coast Blues (feat. Tommy Flanagan, Percy Heath & Albert Heath)",Wes Montgomery,The Incredible Jazz Guitar (Keepnews Collection),False,INDIFFERENT,7:24,444,Lvf2e6hm9lU,2024-12-09T02:50:35Z,commit:777ac1af
"Four On Six (feat. Tommy Flanagan, Percy Heath & Albert Heath)",Wes Montgomery,The Incredible Jazz Guitar (Keepnews Collection),False,INDIFFERENT,6:16,376,9PD2Q7TXmvU,2024-12-09T02:44:19Z,commit:777ac1af
"Polka Dots And Moonbeams (feat. Tommy Flanagan, Percy Heath & Albert Heath)",Wes Montgomery,The Incredible Jazz Guitar (Keepnews Collection),False,INDIFFERENT,4:43,283,ChX2XzYpSOU,2024-12-09T02:39:36Z,commit:777ac1af
"D-Natural Blues (feat. Tommy Flanagan, Percy Heath & Albert Heath)",Wes Montgomery,The Incredible Jazz Guitar (Keepnews Collection),False,INDIFFERENT,5:23,323,vZ5ZrT0IKz0,2024-12-09T02:34:13Z,commit:777ac1af
"Airegin (feat. Tommy Flanagan, Percy Heath & Albert Heath)",Wes Montgomery,The Incredible Jazz Guitar (Keepnews Collection),False,INDIFFERENT,4:29,269,q72GV9cwkr8,2024-12-09T02:29:44Z,commit:777ac1af
Nancy (With The Laughing Face),Grant Green,The Complete Quartets With Sonny Clark,False,INDIFFERENT,6:26,386,NzpPuKEK3RM,2024-12-09T02:23:18Z,commit:777ac1af
Idle Moments (Rudy Van Gelder Edition / Remastered 1999),Grant Green,Idle Moments,True,LIKE,14:57,897,aq0m0hbCjFQ,2024-12-09T02:08:21Z,commit:777ac1af
Reverb,Soulive,Break Out,False,INDIFFERENT,4:19,259,PhJ0PEvQNXM,2024-12-09T02:04:02Z,commit:777ac1af
Uninvisible,Medeski Martin & Wood,Uninvisible,False,INDIFFERENT,3:38,218,N5kYgB4DDw4,2024-12-09T02:00:24Z,commit:777ac1af
Crimson Skies,The Budos Band,The Budos Band III,False,INDIFFERENT,3:35,215,hPpBvCrY8cE,2024-12-09T01:56:49Z,commit:777ac1af
Blast Off,Lettuce,Rage!,False,INDIFFERENT,3:44,224,qCdvAnWZRls,2024-12-09T01:53:05Z,commit:777ac1af
Love For Sale,Oscar Peterson,Oscar Peterson Plays The Cole Porter Songbook,False,INDIFFERENT,3:27,207,rwLzgz0FtAE,2024-12-09T01:49:38Z,commit:777ac1af
Road Song,Wes Montgomery,Road Song,False,INDIFFERENT,3:52,232,ABFAz5orvWA,2024-12-09T01:45:46Z,commit:777ac1af
Break Out,Soulive,Break Out,False,INDIFFERENT,4:31,271,hbyxSMrb3xg,2024-12-09T01:41:15Z,commit:777ac1af
Fish and Chips,Soul delivery,Peninsula Park,False,INDIFFERENT,3:33,213,3GsXvZvcRfg,2024-12-09T01:37:42Z,commit:777ac1af
Down With Disease,Phish,Hoist,False,INDIFFERENT,4:08,248,pdSTu0vrYsc,2024-12-09T01:33:34Z,commit:777ac1af
Shine It,Medeski Martin & Wood,End Of The World Party (Just In Case),True,LIKE,5:00,300,qbs1O-IUBv8,2024-12-09T01:28:34Z,commit:777ac1af
Freckles,The New Mastersounds,Breaks from the Border,False,INDIFFERENT,3:44,224,oAt6OBakOnE,2024-12-09T01:24:50Z,commit:777ac1af
Maybe Tomorrow,Grant Green,Visions,False,INDIFFERENT,4:56,296,T-iZF2LyxIs,2024-12-09T01:19:54Z,commit:777ac1af
Sicily' Box (feat. Rocco Palladino),"Venna, Yussef Dayes, & Marco Bernardis",Sicily' Box,False,INDIFFERENT,4:06,246,w_a5mRbwr-o,2024-12-09T01:15:48Z,commit:777ac1af
Fo Sho,Delvon Lamarr Organ Trio,I Told You So,False,INDIFFERENT,4:11,251,qb0-qu2vP44,2024-12-09T01:11:37Z,commit:777ac1af
Vapor,Soulive,Break Out,False,INDIFFERENT,5:00,300,oIOV6ryQa1Q,2024-12-09T01:06:37Z,commit:777ac1af
Elephant Walk,Lettuce,Mt. Crushmore,False,INDIFFERENT,3:04,184,JEYiyi3ofsY,2024-12-09T01:03:33Z,commit:777ac1af
I Wanna Ride You,Medeski Martin & Wood,Uninvisible,False,INDIFFERENT,3:29,209,fdKj5dYjdFM,2024-12-09T01:00:04Z,commit:777ac1af
Hurry Up...And Wait,Soulive,Doin' Something,,LIKE,4:06,246,-k1lV8UryqY,2024-12-09T00:55:58Z,commit:777ac1af
Only One And Only,Gillian Welch,Revival,False,INDIFFERENT,5:33,333,OJsW8DY6wf4,2024-12-09T00:50:25Z,commit:777ac1af
Sweet Dreams (Are Made of This) (2005 Remaster),Eurythmics,Sweet Dreams (Are Made Of This),False,INDIFFERENT,3:37,217,eRhg7qPLeN8,2024-12-09T00:46:48Z,commit:777ac1af
Take A Chance On Me,ABBA,The Album,False,INDIFFERENT,4:04,244,DkkQ8dCPiwA,2024-12-09T00:42:44Z,commit:777ac1af
"Holding Out for a Hero (From ""Footloose"" Soundtrack)",Bonnie Tyler,Secret Dreams and Forbidden Fire,False,INDIFFERENT,5:49,349,qgHVh5jspsA,2024-12-09T00:36:55Z,commit:777ac1af
Boogie Wonderland,"Earth, Wind & Fire",Skatetown USA (Music from the Motion Picture Soundtrack),False,INDIFFERENT,4:50,290,2Hp8adWkSFU,2024-12-09T00:32:05Z,commit:777ac1af
Call Me,Blondie,Call Me,False,INDIFFERENT,3:33,213,tykf2xYPNdc,2024-12-09T00:28:32Z,commit:777ac1af
Gypsy (2002 Remaster),Fleetwood Mac,The Very Best Of Fleetwood Mac,False,INDIFFERENT,4:23,263,rX57RBmD3eI,2024-12-09T00:24:09Z,commit:777ac1af
Laid,James,Laid,False,INDIFFERENT,2:37,157,mC53oRIo0zQ,2024-12-09T00:21:32Z,commit:777ac1af
Walk On the Wild Side,Lou Reed,Transformer,False,INDIFFERENT,4:14,254,Qu6F-mMAQhk,2024-12-09T00:17:18Z,commit:777ac1af
Perfect Day,Lou Reed,The Essential Lou Reed,False,INDIFFERENT,3:44,224,Q_qy2ziekOc,2024-12-09T00:13:34Z,commit:777ac1af
Born Slippy (Nuxx) (Radio Edit),Underworld,Born Slippy (Nuxx) (Radio Edit),False,INDIFFERENT,4:25,265,GjXpOolPUBc,2024-12-09T00:09:09Z,commit:777ac1af
Self Control (Edit),Laura Branigan,Self Control (Expanded),False,INDIFFERENT,3:58,238,f8Uwtm30uhc,2024-12-09T00:05:11Z,commit:777ac1af
Take On Me,a-ha,Hit Mix!,False,INDIFFERENT,3:50,230,f-BDCwxBF9Q,2024-12-09T00:01:21Z,commit:777ac1af
I Feel Love,Donna Summer,On The Radio: Greatest Hits Volumes I & II,False,INDIFFERENT,3:22,202,nTNcCKq6V2c,2024-12-08T23:57:59Z,commit:777ac1af
Stayin’ Alive (Serban Mix),Bee Gees,Saturday Night Fever (The Original Movie Soundtrack Deluxe Edition),False,INDIFFERENT,4:58,298,2FbFzIWGYWw,2024-12-08T23:53:01Z,commit:777ac1af
9 to 5,Dolly Parton,9 To 5 And Odd Jobs,False,INDIFFERENT,2:43,163,OPoSuyu0dsY,2024-12-08T23:50:18Z,commit:777ac1af
The Chain (2004 Remaster),Fleetwood Mac,Rumours,False,INDIFFERENT,4:30,270,FhgFtXESdPk,2024-12-08T23:45:48Z,commit:777ac1af
Don't Go Breaking My Heart,"Elton John, Kiki Dee",Diamonds (Deluxe),False,INDIFFERENT,4:27,267,DH7kBuZ5GZk,2024-12-08T23:41:21Z,commit:777ac1af
Lay All Your Love On Me,ABBA,ABBA Gold,False,INDIFFERENT,4:33,273,OeBO5LnCJOI,2024-12-08T23:36:48Z,commit:777ac1af
Dancing Queen,ABBA,ABBA Gold,False,INDIFFERENT,3:52,232,OGHZ0a82nwA,2024-12-08T23:32:56Z,commit:777ac1af
"Money, Money, Money",ABBA,ABBA Gold,False,INDIFFERENT,3:07,187,ivApEf3rqH8,2024-12-08T23:29:49Z,commit:777ac1af
Rasputin,Boney M.,Nightflight to Venus,False,INDIFFERENT,5:52,352,5Z0dxsFmX7c,2024-12-08T23:23:57Z,commit:777ac1af
Taxman,Soulive,Rubber Soulive,,INDIFFERENT,3:14,194,K5w2gF5q1Zs,2024-12-08T23:20:43Z,commit:777ac1af
Drive My Car,Soulive,Rubber Soulive,,INDIFFERENT,3:31,211,RD7m6llk0Ic,2024-12-08T23:17:12Z,commit:777ac1af
While My Guitar Gently Weeps,Soulive,Rubber Soulive,,INDIFFERENT,4:06,246,c6XlreeIE3Q,2024-12-08T23:13:06Z,commit:777ac1af
Day Tripper,Soulive,Rubber Soulive,,INDIFFERENT,3:06,186,Nz4o0BwtuNc,2024-12-08T23:10:00Z,commit:777ac1af
Help!,Soulive,Rubber Soulive,,INDIFFERENT,3:08,188,tVBL6pvS6D4,2024-12-08T23:06:52Z,commit:777ac1af
Revolution,Soulive,Rubber Soulive,,INDIFFERENT,3:36,216,wvGn3yjGBV8,2024-12-08T23:03:16Z,commit:777ac1af
Something,Soulive,Rubber Soulive,,INDIFFERENT,3:12,192,3v5dUONByvA,2024-12-08T23:00:04Z,commit:777ac1af
Come Together,Soulive,Rubber Soulive,,INDIFFERENT,4:16,256,FFxlNbNhz8c,2024-12-08T22:55:48Z,commit:777ac1af
I Want You (She's So Heavy),Soulive,Rubber Soulive,,INDIFFERENT,5:01,301,pWDUebsvV54,2024-12-08T22:50:47Z,commit:777ac1af
Eleanor Rigby,Soulive,Rubber Soulive,,INDIFFERENT,4:20,260,9pX9AX27lQY,2024-12-08T22:46:27Z,commit:777ac1af
In My Life,Soulive,Rubber Soulive,,INDIFFERENT,2:38,158,1tRi5vzQmKQ,2024-12-08T22:43:49Z,commit:777ac1af
Shaheed,Soulive,Doin' Something,,INDIFFERENT,5:39,339,BCcgjAyfZqI,2024-12-08T22:38:10Z,commit:777ac1af
Cannonball,Soulive,Doin' Something,,INDIFFERENT,5:42,342,FZMUl9jkup4,2024-12-08T22:32:28Z,commit:777ac1af
Bridge To Bama,Soulive,Doin' Something,,INDIFFERENT,7:24,444,dUr3eGiWjUk,2024-12-08T22:25:04Z,commit:777ac1af
One In Seven,Soulive,Doin' Something,,INDIFFERENT,5:17,317,jgFJqBuvwPI,2024-12-08T22:19:47Z,commit:777ac1af
Evidence,Soulive,Doin' Something,,INDIFFERENT,4:34,274,4MzzxDVrml0,2024-12-08T22:15:13Z,commit:777ac1af
Doin' Something,Soulive,Doin' Something,,INDIFFERENT,6:46,406,hO9fXnps-O4,2024-12-08T22:08:27Z,commit:777ac1af
Hurry Up...And Wait,Soulive,Doin' Something,,LIKE,4:06,246,-k1lV8UryqY,2024-12-08T22:04:21Z,commit:777ac1af
Cabriolet,Soulive,"Cinematics, Vol. 2",False,INDIFFERENT,4:56,296,vKZeOTO6GDw,2024-12-08T21:59:25Z,commit:777ac1af
Neptune,The Olympians,The Olympians,,INDIFFERENT,3:54,234,F_6wEdg2-TM,2024-12-08T21:55:31Z,commit:777ac1af
Mars,The Olympians,The Olympians,,INDIFFERENT,3:39,219,PUUDWVhxZ4I,2024-12-08T21:51:52Z,commit:777ac1af
Apollo's Mood,The Olympians,The Olympians,,INDIFFERENT,4:32,272,WQfx5jmzAyU,2024-12-08T21:47:20Z,commit:777ac1af
Venus,The Olympians,The Olympians,,INDIFFERENT,4:02,242,keU2zM3wKcE,2024-12-08T21:43:18Z,commit:777ac1af
Sirens of Jupiter,The Olympians,The Olympians,,INDIFFERENT,3:43,223,4c_i_JmttKg,2024-12-08T21:39:35Z,commit:777ac1af
Sabotage,Phish,"2024/09/01 Commerce City, CO",,INDIFFERENT,2:38,158,Z0ln75qsbi0,2024-12-08T21:36:57Z,commit:777ac1af
Cosmic Influence,Eskimotion,Spa Relaxation Music,False,INDIFFERENT,4:05,245,ffa3HVck21I,2024-12-08T21:32:52Z,commit:777ac1af
Life Force Energy,February Four,Yoga Music: Morning Workout,False,INDIFFERENT,4:19,259,Uu8rjjgsedM,2024-12-08T21:28:33Z,commit:777ac1af
Valley,Deep Sleep,Soothing Sleep Sensation,False,INDIFFERENT,5:40,340,fu3tPtWVDxg,2024-12-08T21:22:53Z,commit:777ac1af
Rest,Deep Sleep,Soothing Sleep Sensation,False,INDIFFERENT,5:43,343,e3xilfnm-T0,2024-12-08T21:17:10Z,commit:777ac1af
Higher Power,Deep Sleep,Soothing Sleep Sensation,False,INDIFFERENT,3:44,224,LS3D7yPleGw,2024-12-08T21:13:26Z,commit:777ac1af
Awaken with Nature,Deep Sleep,Soothing Sleep Sensation,False,INDIFFERENT,3:41,221,64vc_6ce0Q4,2024-12-08T21:09:45Z,commit:777ac1af
Within the Clouds,Deep Sleep,Soothing Sleep Sensation,False,INDIFFERENT,3:12,192,NO3e7DhvC_k,2024-12-08T21:06:33Z,commit:777ac1af
Warm Embrace,Deep Sleep,Soothing Sleep Sensation,False,INDIFFERENT,4:22,262,07EtGyh3umg,2024-12-08T21:02:11Z,commit:777ac1af
Become Mindful,Deep Sleep,Soothing Sleep Sensation,False,INDIFFERENT,3:43,223,OqvGiAGrCec,2024-12-08T20:58:28Z,commit:777ac1af
Lotus Flower,Deep Sleep,Soothing Sleep Sensation,False,INDIFFERENT,3:40,220,-q32TxJqASE,2024-12-08T20:54:48Z,commit:777ac1af
Back Porch Breeze,Deep Sleep,Soothing Sleep Sensation,False,INDIFFERENT,6:57,417,8vuspb4R6Rg,2024-12-08T20:47:51Z,commit:777ac1af
VISIONARY ART BY AEOLIAH: PORTALS TO ASCENSION: Out of the Silence,"136K views, Aeoliah",,,INDIFFERENT,5:51,351,eyg1g6C0b9Y,2024-12-08T20:42:00Z,commit:777ac1af
Wind over Prairie,Música para Meditar y Relajarse,Relajarse y Meditar,False,INDIFFERENT,6:48,408,57FFrhH3B-Q,2024-12-08T20:35:12Z,commit:777ac1af
Daydreaming,Eskimotion,Musica para la Relajación,False,INDIFFERENT,4:07,247,3gMz9ghvsXw,2024-12-08T20:31:05Z,commit:777ac1af
Soft Atmosphere,Deep Sleep,Soothing Sleep Sensation,False,INDIFFERENT,3:07,187,R6JB89crsmk,2024-12-08T20:27:58Z,commit:777ac1af
Awaken with Nature,February Four,Sparks,False,INDIFFERENT,3:41,221,NOG4dNCbjyE,2024-12-08T20:24:17Z,commit:777ac1af
Storm Sounds With Tibetan Singing Bowls,Tibetan Singing Bowls,Tibetan Singing Bowls,False,INDIFFERENT,8:32,512,NAyVhJWOH7A,2024-12-08T20:15:45Z,commit:777ac1af
Restful Sleep Hypnosis with Binaural Delta Waves,Sleeping Songs Lullabies,"Sleeping songs: 101 Sleeping songs, Sleep Music to Help You Relax All Night, Long Sleeping Songs and Deep Sleep Music for Relaxation, Meditation, Massage, Yoga and Relax at the Spa Healing Meditation Music for New Age Spirituality",False,INDIFFERENT,3:33,213,Igkdb3ne3AU,2024-12-08T20:12:12Z,commit:777ac1af
Binaural Beats for Sleep and Day Dream at the Spa,Sons da Natureza Relax,"Sons da Natureza (Trovão e Som de Chuva para Relaxar, Bem-Estar, Serenidade e para Dormir)",False,INDIFFERENT,3:41,221,siuk-ELSa28,2024-12-08T20:08:31Z,commit:777ac1af
Join Your Hands,Deep Sleep,Soothing Sleep Sensation,False,INDIFFERENT,4:17,257,xMLxNKGvbDQ,2024-12-08T20:04:14Z,commit:777ac1af
Background Music,spa relaxation,Spa Relaxation,False,INDIFFERENT,3:02,182,ys_fgD3aj3s,2024-12-08T20:01:12Z,commit:777ac1af
Sunset Getaway,Satori Modes,Relaxing Music,False,INDIFFERENT,5:26,326,Wsq2HEQCv2U,2024-12-08T19:55:46Z,commit:777ac1af
Juguete,Explorador Sonico,Juguete,False,INDIFFERENT,3:42,222,uGJVxT94QZY,2024-12-08T19:52:04Z,commit:777ac1af
Spa Music and Relaxing Sounds,Relax & Relax,Relax - Relaxation Music,False,INDIFFERENT,2:14,134,ZDt78agY79U,2024-12-08T19:49:50Z,commit:777ac1af
Celtic Music,Hintergrundmusik Akademie,Hintergrundmusik - Entspannungsmusik,False,INDIFFERENT,4:02,242,mnAKyVH0k10,2024-12-08T19:45:48Z,commit:777ac1af
Breathe into the Still,Rnwy Lites,Breathe into the Still,False,INDIFFERENT,3:12,192,-g0hzCHSWRM,2024-12-08T19:42:36Z,commit:777ac1af
Regular Sleep Pattern,Deep Sleep Music Delta Binaural 432 Hz,Binaural Beats Lucid Dreaming - Deep Sleep Music for Lucid Dreams,False,INDIFFERENT,4:01,241,cyJgzxyUMVk,2024-12-08T19:38:35Z,commit:777ac1af
Perspective,Jorin Williams,Perspective,False,INDIFFERENT,2:57,177,5KVEPueM9H4,2024-12-08T19:35:38Z,commit:777ac1af
Nikad ne Zaboravi,Nadia Bulic,Nikad ne Zaboravi,False,INDIFFERENT,2:23,143,0XA_fe7WS1U,2024-12-08T19:33:15Z,commit:777ac1af
"You Are Here, Pt. 1 (Relax Soundscape)","Endel, Novo Amor",Antarctican Dream Machine (Relax Soundscape),False,INDIFFERENT,3:08,188,Eh9SU8BluXo,2024-12-08T19:30:07Z,commit:777ac1af
The Road Back,Corbin Tellier,The Road Back,False,INDIFFERENT,4:07,247,zqrel3LIJ6c,2024-12-08T19:26:00Z,commit:777ac1af
Balance the Muscles (Music for Exercises),Peaceful Music,"Daydream Emotions: Hatha, Vinyasa, Ashtanga, Kundalini, Complete Workout. Amazing Yoga Soothing Music to Bring Your Mind and Body Together",False,INDIFFERENT,2:58,178,s4VXlA694QA,2024-12-08T19:23:02Z,commit:777ac1af
Repouso,Polysomni,Repouso,False,INDIFFERENT,3:57,237,pFJ4r2lXjwo,2024-12-08T19:19:05Z,commit:777ac1af
Delta Sinus Noise Pad,Melatonin Release,Delta Sinus Noise Pad,False,INDIFFERENT,2:58,178,LpQd2BIVj0Y,2024-12-08T19:16:07Z,commit:777ac1af
Linea Degli Alberi,Giulia De Serio,Linea Degli Alberi,False,INDIFFERENT,3:57,237,acGzzkYplJ8,2024-12-08T19:12:10Z,commit:777ac1af
Vibrations,Satorio,Crystal Bowls & Tibetan Singing Bowls,False,INDIFFERENT,7:55,475,edef25LEF68,2024-12-08T19:04:15Z,commit:777ac1af
Resolvation,The Nowhows,Resolvation,False,INDIFFERENT,2:57,177,TvrknW3lL3Q,2024-12-08T19:01:18Z,commit:777ac1af
Tillbakalutande,Eleonora Feldt,Tillbakalutande,False,INDIFFERENT,2:44,164,F6zCNbBpA2o,2024-12-08T18:58:34Z,commit:777ac1af
"Brainwave Entrainment with Delta Waves for Sound Sleep, Relaxation, Deep Rest and Massage",Binaural Beats Recordings,Binaural Beats,False,INDIFFERENT,10:01,601,U-yBoVShfd0,2024-12-08T18:48:33Z,commit:777ac1af
Consonance,Blake Tyber,Consonance,False,INDIFFERENT,3:03,183,CGo4foIxm7w,2024-12-08T18:45:30Z,commit:777ac1af
Sleep Sounds,Bedtime Songs Collective,"Dream On: Nature Sounds Sleep Music and Bedtime Songs to Help You Sleep, Dream Music for Relaxation",False,INDIFFERENT,3:24,204,PZdXuQuktkQ,2024-12-08T18:42:06Z,commit:777ac1af
Drop the Inner Critic - Solfeggio 528 Hz,Subtle Mind Expansion,Alpha Male Powerful Influence Confidence & Charisma Testosterone Deep Sleep Relaxation Binaural Beats & Solfeggio Tones,False,INDIFFERENT,11:03,663,PEsbUDXJZ4U,2024-12-08T18:31:03Z,commit:777ac1af
Just Breathe - Relax Music for Healing Yoga Meditation,Sweet Baby Sleep Baby,Baby Sleep Music with Sounds of Nature,False,INDIFFERENT,10:39,639,fOmyYes3JQc,2024-12-08T18:20:24Z,commit:777ac1af
Yoga Music,Healing Massage Music,Healing Massage Music,False,INDIFFERENT,2:00,120,vFnqs9m8raQ,2024-12-08T18:18:24Z,commit:777ac1af
Navasana,Zen Music Garden,Meditation Yoga Sleep,False,INDIFFERENT,4:28,268,DTw6mN6D3-U,2024-12-08T18:13:56Z,commit:777ac1af
Following The Seasons,Aisha Akebono,Following The Seasons,False,INDIFFERENT,3:32,212,kiEvr6XLYPc,2024-12-08T18:10:24Z,commit:777ac1af
Blue Sphere,Sea of Waves,Blue Sphere,False,INDIFFERENT,2:43,163,9RzOvzTUpNI,2024-12-08T18:07:41Z,commit:777ac1af
Caminando,Jademaia,Invierno,False,INDIFFERENT,2:34,154,s4LF60TtlOM,2024-12-08T18:05:07Z,commit:777ac1af
Dreams Of Delta,Sleepy Moon,Dreams Of Delta,False,INDIFFERENT,4:18,258,EQc2j2dnX54,2024-12-08T18:00:49Z,commit:777ac1af
Encore Une Fois,Alanna Brooks,Heaven On Earth,False,INDIFFERENT,3:20,200,1OABjC1Sho4,2024-12-08T17:57:29Z,commit:777ac1af
Sunsets,Siona Swin,Sunsets,False,INDIFFERENT,2:45,165,RQHDh3ux6k0,2024-12-08T17:54:44Z,commit:777ac1af
Blua Aero,Manolakas,Blua Aero,False,INDIFFERENT,2:09,129,LdRoqq02sos,2024-12-08T17:52:35Z,commit:777ac1af
Atardecer,Niebla Estelar,Atardecer,False,INDIFFERENT,2:21,141,S4EMIGmuytI,2024-12-08T17:50:14Z,commit:777ac1af
Stave Peak,Loscil,Coast / Range / Arc,,INDIFFERENT,6:41,401,v5ke9itwVIU,2024-12-08T17:43:33Z,commit:777ac1af
Fromme,Loscil,Coast / Range / Arc,,INDIFFERENT,7:36,456,86K_KPnNiNw,2024-12-08T17:35:57Z,commit:777ac1af
Black Tusk,Loscil,Coast / Range / Arc,,INDIFFERENT,10:03,603,Y4Z7w6nNe8U,2024-12-08T17:25:54Z,commit:777ac1af
Station 6,"Field Works, Hanna Benn, Janie Cowan, Masayoshi Fujita, Stuart Hyatt, Qasim Naqvi, and Pick a Piper",Stations,False,INDIFFERENT,2:43,163,izVwdkREPY4,2024-12-08T16:49:32Z,commit:777ac1af
Station 5,"Field Works, Hanna Benn, Janie Cowan, Masayoshi Fujita, Stuart Hyatt, Qasim Naqvi, and Pick a Piper",Stations,False,INDIFFERENT,3:03,183,DcxODwPeNpQ,2024-12-08T16:46:29Z,commit:777ac1af
Station 4,"Field Works, Hanna Benn, Janie Cowan, Masayoshi Fujita, Stuart Hyatt, Qasim Naqvi, and Pick a Piper",Stations,False,INDIFFERENT,3:04,184,hgZUuYjvjQ4,2024-12-08T16:43:25Z,commit:777ac1af
Station 3,"Field Works, Hanna Benn, Janie Cowan, Masayoshi Fujita, Stuart Hyatt, Qasim Naqvi, and Pick a Piper",Stations,False,INDIFFERENT,3:03,183,llqZDUPDPps,2024-12-08T16:40:22Z,commit:777ac1af
Station 2,"Field Works, Hanna Benn, Janie Cowan, Masayoshi Fujita, Stuart Hyatt, Qasim Naqvi, and Pick a Piper",Stations,False,INDIFFERENT,2:57,177,EZYUBN3xKFA,2024-12-08T16:37:25Z,commit:777ac1af
Station 1,"Field Works, Hanna Benn, Janie Cowan, Masayoshi Fujita, Stuart Hyatt, Qasim Naqvi, and Pick a Piper",Stations,False,INDIFFERENT,2:28,148,ZIABOOABzps,2024-12-08T16:34:57Z,commit:777ac1af
Imprints,"Field Works, Loscil",Imprints,,INDIFFERENT,3:23,203,D5harb2mKqs,2024-12-08T16:31:34Z,commit:777ac1af
Mysterium,Hammock,Mysterium,False,INDIFFERENT,7:12,432,Pe5Q9xN63nk,2024-12-08T16:24:22Z,commit:777ac1af
The Funeral,Stars of the Lid,Carte-de-visite,False,INDIFFERENT,2:28,148,vBSGcSqNtgQ,2024-12-08T16:21:54Z,commit:777ac1af
Voigt-Kampf,Rafael Anton Irisarri,Daydreaming,False,INDIFFERENT,3:07,187,Nuk2HYBnB6c,2024-12-08T16:18:47Z,commit:777ac1af
The Most Beautiful Blue,Eluder,The Most Beautiful Blue,,INDIFFERENT,6:51,411,yLcE3artFtE,2024-12-08T16:11:56Z,commit:777ac1af
Sea Swallows,Eluder,The Most Beautiful Blue,,LIKE,8:08,488,Tn35nbk9Bxo,2024-12-08T16:03:48Z,commit:777ac1af
The Path Leads to the Solution,Eluder,The Most Beautiful Blue,,INDIFFERENT,4:54,294,NwjyviGrOEA,2024-12-08T15:58:54Z,commit:777ac1af
Via Starlight,Eluder,The Most Beautiful Blue,,INDIFFERENT,6:50,410,hTOcH2d3DiQ,2024-12-08T15:52:04Z,commit:777ac1af
Milemarker,Eluder,The Most Beautiful Blue,,INDIFFERENT,6:23,383,Ef2dYGxpUqU,2024-12-08T15:45:41Z,commit:777ac1af
In the End It Won't Matter,Eluder,The Most Beautiful Blue,,INDIFFERENT,6:33,393,Sh2UNR72Df0,2024-12-08T15:39:08Z,commit:777ac1af
The Path Presents Itself,Eluder,The Most Beautiful Blue,,INDIFFERENT,4:20,260,fWVvhCXaew0,2024-12-08T15:34:48Z,commit:777ac1af
Brand New Eyes,Eluder,The Most Beautiful Blue,,INDIFFERENT,8:58,538,rLKw2h2H7Bg,2024-12-08T15:25:50Z,commit:777ac1af
Dusk Invites the Dark,Eluder,The Most Beautiful Blue,,INDIFFERENT,6:45,405,djztB7PH_UE,2024-12-08T15:19:05Z,commit:777ac1af
Autumn Hips,Eluder,The Most Beautiful Blue,,LIKE,7:24,444,OkqCHisILTk,2024-12-08T15:11:41Z,commit:777ac1af
When Johnny Comes Marching Home,Pa's Fiddle Band,"Pa's Fiddle: Charles Ingalls, American Fiddler",False,INDIFFERENT,2:43,163,A7XWcEa-49Y,2024-12-07T04:55:42Z,commit:777ac1af
Congress Reel,Tophouse,The Irish EP,False,INDIFFERENT,3:36,216,qaO_7t_WhxY,2024-12-07T04:52:06Z,commit:777ac1af
Going Out…,Nickel Creek,Celebrants,False,INDIFFERENT,3:05,185,qEcsDS_u8Mc,2024-12-07T04:49:01Z,commit:777ac1af
Saltsping Overture / Saltspring,Kinnaris Quintet,Free One,False,INDIFFERENT,6:19,379,DtJCTcYj3WA,2024-12-07T04:42:42Z,commit:777ac1af
Angeline The Baker,Crooked Still,Hop High,,INDIFFERENT,4:14,254,G9B9Ej86X-4,2024-12-07T04:38:28Z,commit:777ac1af
Typhoon Nozaki,Väsen,Rule of 3,False,INDIFFERENT,4:13,253,tXv0P0l-JFE,2024-12-07T04:34:15Z,commit:777ac1af
Silhouettes,Orions Belte,When You're Gone I'll Be Gone,False,INDIFFERENT,4:44,284,_imYP1EWQds,2024-12-07T04:29:31Z,commit:777ac1af
Night Sky,Orions Belte,When You're Gone I'll Be Gone,False,INDIFFERENT,3:03,183,Do-Q-GKCuNw,2024-12-07T04:26:28Z,commit:777ac1af
Lucid Dreaming,Orions Belte,When You're Gone I'll Be Gone,False,INDIFFERENT,3:26,206,DYESFQdQ4XQ,2024-12-07T04:23:02Z,commit:777ac1af
Jai Alai,Orions Belte,When You're Gone I'll Be Gone,False,INDIFFERENT,4:06,246,TrADBz1wnEU,2024-12-07T04:18:56Z,commit:777ac1af
When You're Gone I'll Be Gone,"Louien, Orions Belte",When You're Gone I'll Be Gone,True,LIKE,4:38,278,Se30IVWjqxg,2024-12-07T04:14:18Z,commit:777ac1af
Django (Alternate Version / Rudy Van Gelder Edition / Remastered 1999),Grant Green,Idle Moments,False,INDIFFERENT,13:15,795,__2E0v80RiE,2024-12-07T04:01:03Z,commit:777ac1af
Jean De Fleur (Alternate Version / Rudy Van Gelder Edition / Remastered 1999),Grant Green,Idle Moments,False,INDIFFERENT,8:10,490,1etxlNGHbUU,2024-12-07T03:52:53Z,commit:777ac1af
Nomad (Rudy Van Gelder Edition / Remastered 1999),Grant Green,Idle Moments,False,INDIFFERENT,12:17,737,5jvP42Q3guw,2024-12-07T03:40:36Z,commit:777ac1af
Django (Rudy Van Gelder Edition / Remastered 1999),Grant Green,Idle Moments,False,INDIFFERENT,8:45,525,bA9qpIB8xQM,2024-12-07T03:31:51Z,commit:777ac1af
Jean De Fleur (Rudy Van Gelder Edition / Remastered 1999),Grant Green,Idle Moments,False,INDIFFERENT,6:50,410,vnEQmnrMWt4,2024-12-07T03:25:01Z,commit:777ac1af
Idle Moments (Rudy Van Gelder Edition / Remastered 1999),Grant Green,Idle Moments,True,LIKE,14:57,897,aq0m0hbCjFQ,2024-12-07T03:10:04Z,commit:777ac1af
Trans Amazonian Highway,Orions Belte,Women,False,INDIFFERENT,4:58,298,fpNs3bY0MlA,2024-12-07T03:05:06Z,commit:777ac1af
Balloonfest '86,Orions Belte,Women,True,LIKE,2:45,165,b5--0vEy1VM,2024-12-07T03:02:21Z,commit:777ac1af
Slice Co.,Orions Belte,Women,False,INDIFFERENT,1:38,98,fb6hMDvpuvM,2024-12-07T03:00:43Z,commit:777ac1af
Night Sky,Orions Belte,Women,False,INDIFFERENT,3:03,183,OSUQrjLFcaM,2024-12-07T02:57:40Z,commit:777ac1af
Jai Alai,Orions Belte,Women,False,INDIFFERENT,4:06,246,1l6ZcG0WIxg,2024-12-07T02:53:34Z,commit:777ac1af
Casablanca,Orions Belte,Women,True,LIKE,3:33,213,2Z2RUNMtx64,2024-12-07T02:50:01Z,commit:777ac1af
When You're Gone I'll Be Gone,"Louien, Orions Belte",Women,False,INDIFFERENT,4:38,278,JmCbOKO9YR8,2024-12-07T02:45:23Z,commit:777ac1af
Coup de Cæur,Orions Belte,Women,False,INDIFFERENT,1:42,102,KF38CJ3l74o,2024-12-07T02:43:41Z,commit:777ac1af
Lucid Dreaming,Orions Belte,Women,False,INDIFFERENT,3:26,206,clXViC2Z4vo,2024-12-07T02:40:15Z,commit:777ac1af
Silhouettes,Orions Belte,Women,False,INDIFFERENT,4:44,284,2cMx0hvt_2Q,2024-12-07T02:35:31Z,commit:777ac1af
Masacote,Orions Belte,Women,True,LIKE,3:17,197,QgQq9eAGCyk,2024-12-07T02:32:14Z,commit:777ac1af
I Will Always Miss You,"Orions Belte, Øyvind Torvund",Women,True,LIKE,4:25,265,4Jv2DHMogZ8,2024-12-07T02:27:49Z,commit:777ac1af
Maria También,Khruangbin,Con Todo El Mundo,False,INDIFFERENT,3:11,191,H_kvg5fV6mw,2024-12-07T02:24:38Z,commit:777ac1af
Strolling Sloth,Arc De Soleil,Libertalia,False,INDIFFERENT,2:57,177,qp6XjLKhgj8,2024-12-07T02:21:41Z,commit:777ac1af
Windows,Sugar Candy Mountain,Windows,False,INDIFFERENT,3:13,193,0Mel8jtB1Ck,2024-12-07T02:18:28Z,commit:777ac1af
Acere (Live at Voss kino),Orions Belte,The Scenic Route (Live),False,INDIFFERENT,3:19,199,MdSTz-szrXg,2024-12-07T02:15:09Z,commit:777ac1af
Star,Allah-Las,LAHS,False,INDIFFERENT,4:09,249,Kf-6xX-6Rc8,2024-12-07T02:11:00Z,commit:777ac1af
Chameleon Sunday,Arc De Soleil,Chameleon Sunday,False,INDIFFERENT,3:16,196,0wglwIK3Ip0,2024-12-07T02:07:44Z,commit:777ac1af
Fountayne,Skinshape,Life & Love,False,INDIFFERENT,3:25,205,00vfgUqvHj4,2024-12-07T02:04:19Z,commit:777ac1af
White Gloves,Khruangbin,The Universe Smiles Upon You,False,INDIFFERENT,3:39,219,P2-Bn4hxdM4,2024-12-07T02:00:40Z,commit:777ac1af
Celebration,Kip Nelson,Celebration,False,INDIFFERENT,4:07,247,CFPv2kFVaO8,2024-12-07T01:56:33Z,commit:777ac1af
Mumbo Sugar,Arc De Soleil,Libertalia,False,INDIFFERENT,3:09,189,1FSPY3aYVEg,2024-12-07T01:53:24Z,commit:777ac1af
Stay a While,The Cactus Channel,Stay a While,False,INDIFFERENT,4:16,256,nntDONIfIjA,2024-12-07T01:49:08Z,commit:777ac1af
Night Sky,Orions Belte,Night Sky,False,INDIFFERENT,3:03,183,e8t24wsXHNc,2024-12-07T01:46:05Z,commit:777ac1af
Breathe,Skinshape,Filoxiny,False,INDIFFERENT,3:04,184,oNOGT18ae_o,2024-12-07T01:43:01Z,commit:777ac1af
Dern Kala,Khruangbin,The Universe Smiles Upon You,False,INDIFFERENT,3:40,220,k5RVRpVguXE,2024-12-07T01:39:21Z,commit:777ac1af
Lost My Mind,Will Van Horn,Pedal Steel Guitar,False,INDIFFERENT,3:50,230,zrLXBIc6F8E,2024-12-07T01:35:31Z,commit:777ac1af
In My Head,Tommy Guerrero,Loose Grooves and Bastard Blues,False,INDIFFERENT,3:08,188,DeblSs9ET70,2024-12-07T01:32:23Z,commit:777ac1af
Sahara Cowboy,Arc De Soleil,Chameleon Sunday,False,INDIFFERENT,3:05,185,sk1j6cg2p3k,2024-12-07T01:29:18Z,commit:777ac1af
Alnitak,Orions Belte,Mint,,INDIFFERENT,3:30,210,o0tHU8wlsJQ,2024-12-07T01:25:48Z,commit:777ac1af
Atlantic Surfing,Orions Belte,Mint,,INDIFFERENT,7:32,452,9mysCWQdLZA,2024-12-07T01:18:16Z,commit:777ac1af
Picturephone Blues,Orions Belte,Mint,,INDIFFERENT,3:06,186,Pv1ucrgAoRg,2024-12-07T01:15:10Z,commit:777ac1af
Le Mans,Orions Belte,Mint,,INDIFFERENT,3:02,182,vPDSjv8JwtM,2024-12-07T01:12:08Z,commit:777ac1af
Moving Back Again,Orions Belte,Mint,,INDIFFERENT,4:09,249,kV_FRt88m-A,2024-12-07T01:07:59Z,commit:777ac1af
Joe Frazier,Orions Belte,Mint,,LIKE,5:39,339,IunZLlDTv1Q,2024-12-07T01:02:20Z,commit:777ac1af
Delmonte,Orions Belte,Mint,,INDIFFERENT,1:31,91,3vcIDQSS3jo,2024-12-07T01:00:49Z,commit:777ac1af
Papillon,Orions Belte,Mint,,INDIFFERENT,3:39,219,pNaRpV9iWu4,2024-12-07T00:57:10Z,commit:777ac1af
New Years Eve #2,Orions Belte,Mint,,INDIFFERENT,3:28,208,QBbXKIvPIYs,2024-12-07T00:53:42Z,commit:777ac1af
Jai Alai,Orions Belte,Jai Alai,False,INDIFFERENT,4:06,246,xpqtgJy-xAI,2024-12-07T00:49:36Z,commit:777ac1af
Apurina,Lightbath,"Selected Public Works, Vol. 5",,INDIFFERENT,4:39,279,WsHh5KnEt2A,2024-12-06T00:48:36Z,commit:777ac1af
Fairland Bond,Lightbath,"Selected Public Works, Vol. 5",,INDIFFERENT,4:01,241,OZoeG3380mo,2024-12-06T00:44:35Z,commit:777ac1af
The Rhythm of Desire,Lightbath,"Selected Public Works, Vol. 5",,INDIFFERENT,8:19,499,93x8nHQpNvc,2024-12-06T00:36:16Z,commit:777ac1af
Baby Steps,Lightbath,"Selected Public Works, Vol. 5",,INDIFFERENT,1:27,87,4495ovWoeYQ,2024-12-06T00:34:49Z,commit:777ac1af
Dreams,Fleetwood Mac,50 Years - Don't Stop,False,INDIFFERENT,4:18,258,m8i5WiWCN-c,2024-12-05T19:53:54Z,commit:777ac1af
September,"Earth, Wind & Fire",Feel Good Friday,False,INDIFFERENT,3:38,218,B2mmDEv0OEk,2024-12-05T19:50:16Z,commit:777ac1af
Big Spike Hammer,"Bobby Hicks, Doyle Lawson, J.D. Crowe, Jerry Douglas","The Bluegrass Album, Vol. 3: California Connection",False,INDIFFERENT,3:02,182,deWcQjLa8G0,2024-12-05T19:47:14Z,commit:777ac1af
Papillon,Orions Belte,Mint,,INDIFFERENT,3:39,219,pNaRpV9iWu4,2024-12-05T16:50:01Z,commit:777ac1af
New Years Eve #2,Orions Belte,Mint,,INDIFFERENT,3:28,208,QBbXKIvPIYs,2024-12-05T16:46:33Z,commit:777ac1af
Joe Frazier,Orions Belte,Mint,,LIKE,5:39,339,IunZLlDTv1Q,2024-12-05T16:40:54Z,commit:777ac1af
Jai Alai,Orions Belte,Jai Alai,False,INDIFFERENT,4:06,246,xpqtgJy-xAI,2024-12-05T16:36:48Z,commit:777ac1af
Masacote,Orions Belte,Women,True,LIKE,3:17,197,QgQq9eAGCyk,2024-12-05T16:33:31Z,commit:777ac1af
I Will Always Miss You,"Orions Belte, Øyvind Torvund",Women,False,INDIFFERENT,4:25,265,4Jv2DHMogZ8,2024-12-05T16:29:06Z,commit:777ac1af
Common Mama,Keith Jarrett,Expectations,,LIKE,8:12,492,fWh6XVoqJLM,2024-12-05T16:20:54Z,commit:777ac1af
Vision,Keith Jarrett,Expectations,,INDIFFERENT,0:48,48,zDujecndByY,2024-12-05T16:20:06Z,commit:777ac1af
The Hot Sh*t Episode 42,Pretty Lights,The HOT Sh*t,,INDIFFERENT,59:34,3574,xAHDbXBDe8s,2024-12-05T15:20:32Z,commit:777ac1af
"High Tide, Storm Rising",Skinshape,"High Tide, Storm Rising",False,INDIFFERENT,3:57,237,2t1EiWjHFt8,2024-12-05T15:16:35Z,commit:777ac1af
Homesick,The Morrison Sisters,Still,False,INDIFFERENT,3:43,223,imkLcfLJtFY,2024-12-05T15:12:52Z,commit:777ac1af
Black Mountain Rag,Eddie Adcock,Banjo Hall of Fame,False,INDIFFERENT,3:07,187,lbzu7CXQwk0,2024-12-05T15:09:45Z,commit:777ac1af
I Want To Stroll Over Heaven With You,Alan Jackson,Precious Memories,False,INDIFFERENT,3:07,187,Z7RhT1GxbiU,2024-12-05T15:06:38Z,commit:777ac1af
The Blues Are Close At Hand,Michael Cleveland,The Blues Are Close At Hand,False,INDIFFERENT,3:29,209,HgjSNYCZRDM,2024-12-05T15:03:09Z,commit:777ac1af
Troublesome Waters,Authentic Unlimited,"The Gospel Sessions, Vol 2",False,INDIFFERENT,3:20,200,-TV-9Yy0wD8,2024-12-05T14:59:49Z,commit:777ac1af
"Wait A Little Longer, Please Jesus",The Louvin Brothers,Nearer My God To Thee,False,INDIFFERENT,2:49,169,VJsrQoSYxL8,2024-12-05T14:57:00Z,commit:777ac1af
I'm Gonna Lay My Burdens Down,Doc Watson,On Praying Ground,False,INDIFFERENT,3:40,220,9JGmgcrZj3Q,2024-12-05T14:53:20Z,commit:777ac1af
Jordan,The Stanley Brothers,"The Best of the Stanley Brothers, Vol. 1",True,LIKE,2:03,123,BjtePL_celc,2024-12-05T14:51:17Z,commit:777ac1af
"70s Japanese Jazz Mix (Modal Jazz, Soul Jazz, Jazz Funk, Rare Groove...)","5.3M views, Magical Mystery Mix",,,INDIFFERENT,1:06:47,4007,s-jtdKjzQaE,2024-12-05T03:44:27Z,commit:777ac1af
Everything Is Illuminated [Original Motion Picture Soundtrack] - 1080p,"460K views, LFB",,,LIKE,58:41,3521,ZojHUN3pob0,2024-12-05T02:45:46Z,commit:777ac1af
Idle Moments (Rudy Van Gelder Edition / Remastered 1999),Grant Green,Idle Moments,True,LIKE,14:57,897,aq0m0hbCjFQ,2024-12-05T02:30:49Z,commit:777ac1af
23 (acoustic-ish),Lawrence,23 (acoustic-ish),False,INDIFFERENT,4:43,283,-iLoeBVN91k,2024-12-05T02:26:06Z,commit:777ac1af
07-23-2016,Pretty Lights The Hot Shit,The Hot Shit 2016,,INDIFFERENT,59:48,3588,2qOau72blTY,2024-12-05T01:26:18Z,commit:777ac1af
I'll Just Go Away,The Stanley Brothers,"The Best of the Stanley Brothers, Vol. 1",False,INDIFFERENT,2:11,131,l2428b2tK_Q,2024-12-05T01:24:07Z,commit:777ac1af
I'd Worship You,The Stanley Brothers,"The Best of the Stanley Brothers, Vol. 1",False,INDIFFERENT,2:18,138,8qZcGLpGgNU,2024-12-05T01:21:49Z,commit:777ac1af
"Take Me Home, Country Roads",John Denver,"Poems, Prayers and Promises",False,INDIFFERENT,3:11,191,c0dvabcWVo0,2024-12-05T01:04:32Z,commit:777ac1af
Lord Build Me A Cabin (2019 - Remaster),Hank Williams,Pictures From Life's Other Side: The Man and His Music In Rare Recordings and Photos (2019 - Remaster),False,INDIFFERENT,3:11,191,BSR4q1SRwOg,2024-12-05T01:01:21Z,commit:777ac1af
1952 Vincent Black Lightning,Del McCoury Band,Del & The Boys,True,LIKE,4:03,243,Vz6fCj1zLSg,2024-12-05T00:57:18Z,commit:777ac1af
Gentle On My Mind,John Hartford,RCA Country Legends: John Hartford,False,INDIFFERENT,3:03,183,7AMJe4TwH8E,2024-12-05T00:54:15Z,commit:777ac1af
Atrium 2,Trey Anastasio,Atriums,,INDIFFERENT,16:20,980,xVolFJqYfK4,2024-12-03T20:56:58Z,commit:777ac1af
Atrium 1,Trey Anastasio,Atriums,,INDIFFERENT,15:21,921,F1gcT2iM6YA,2024-12-03T20:41:37Z,commit:777ac1af
I Saw the Light,The Stanley Brothers,"The Best of the Stanley Brothers, Vol. 1",False,INDIFFERENT,2:12,132,7B1DJWAzdWw,2024-12-03T15:20:29Z,commit:777ac1af
How Mountain Girls Can Love,The Stanley Brothers,"The Best of the Stanley Brothers, Vol. 1",False,INDIFFERENT,2:06,126,HkJfVMpzquU,2024-12-03T15:18:23Z,commit:777ac1af
How Far to Little Rock?,The Stanley Brothers,"The Best of the Stanley Brothers, Vol. 1",False,INDIFFERENT,2:39,159,YTc3LizSe4Y,2024-12-03T15:15:44Z,commit:777ac1af
How Can We Thank Him?,The Stanley Brothers,"The Best of the Stanley Brothers, Vol. 1",False,INDIFFERENT,2:29,149,8kmUU-v0o_8,2024-12-03T15:13:15Z,commit:777ac1af
Heaven Seemed so Near,The Stanley Brothers,"The Best of the Stanley Brothers, Vol. 1",False,INDIFFERENT,2:11,131,Uf66lUAMVtU,2024-12-03T15:11:04Z,commit:777ac1af
He Said If I Be Lifted Up,The Stanley Brothers,"The Best of the Stanley Brothers, Vol. 1",False,INDIFFERENT,2:29,149,61aPC-t4kW4,2024-12-03T15:08:35Z,commit:777ac1af
Jordan,The Stanley Brothers,"The Best of the Stanley Brothers, Vol. 1",True,LIKE,2:03,123,BjtePL_celc,2024-12-03T15:06:32Z,commit:777ac1af
Walkin' Boss,"David Grisman, Jerry Garcia",Jerry Garcia & David Grisman,False,INDIFFERENT,5:18,318,_q9LD0r7sdQ,2024-12-03T15:01:14Z,commit:777ac1af
Ginseng Sullivan,The Tony Rice Unit,Manzanita,,LIKE,3:11,191,1e_Jc2mo1xI,2024-12-03T14:58:03Z,commit:777ac1af
Fish and Whistle,John Prine,Bruised Orange,False,INDIFFERENT,3:15,195,QYxlxYSCvFg,2024-12-03T14:54:48Z,commit:777ac1af
Gracefully Facedown (Live),The Devil Makes Three,Kexp Presents: The Devil Makes Three Live in Studio - EP,True,LIKE,3:27,207,FGt1_5rUr14,2024-12-03T14:51:21Z,commit:777ac1af
Sweet Appalachia,Del McCoury Band,Family Circle,False,INDIFFERENT,3:41,221,GJr_fjr5vA4,2024-12-03T14:47:40Z,commit:777ac1af
My Gal,Yonder Mountain String Band,"Mountain Tracks, Vol. 1",True,LIKE,5:53,353,ekQynGowh5w,2024-12-03T14:41:47Z,commit:777ac1af
Final (Live Version - Rappel),Justice,A Cross The Universe,,INDIFFERENT,2:56,176,wqxTUxphn8o,2024-12-03T14:38:51Z,commit:777ac1af
Encore (Live Version - Rappel),Justice,A Cross The Universe,,INDIFFERENT,1:08,68,avHgyRqbK9U,2024-12-03T14:37:43Z,commit:777ac1af
Phantom Part 2 (Live Version),Justice,A Cross The Universe,,INDIFFERENT,9:55,595,-bDgtxQvHC0,2024-12-03T14:27:48Z,commit:777ac1af
Waters Of Nazareth (Live Version),Justice,A Cross The Universe,,INDIFFERENT,6:47,407,GeleTOdrP6c,2024-12-03T14:21:01Z,commit:777ac1af
We Are Your Friends (Reprise) (Live Version),Justice,A Cross The Universe,,INDIFFERENT,3:43,223,RwawV855lQA,2024-12-03T14:17:18Z,commit:777ac1af
Stress (Live Version),Justice,A Cross The Universe,,INDIFFERENT,7:39,459,K-R3jt6wmtw,2024-12-03T14:09:39Z,commit:777ac1af
Let There Be Lite (Live Version),Justice,A Cross The Universe,,INDIFFERENT,3:26,206,96nFF5MqpRQ,2024-12-03T14:06:13Z,commit:777ac1af
TTHHEE PPAARRTTYY (Live Version),Justice,A Cross The Universe,,INDIFFERENT,2:47,167,gOCVNO2OeVI,2024-12-03T14:03:26Z,commit:777ac1af
One Minute To Midnight (Live Version),Justice,A Cross The Universe,,INDIFFERENT,3:53,233,Y5oNC5k7dw0,2024-12-03T13:59:33Z,commit:777ac1af
Waters Of Nazareth (Prelude) (Live Version),Justice,A Cross The Universe,,INDIFFERENT,2:15,135,KjNCI2uiCYw,2024-12-03T13:57:18Z,commit:777ac1af
DVNO (Live Version),Justice,A Cross The Universe,,INDIFFERENT,2:58,178,LbJnnfusdTI,2024-12-03T13:54:20Z,commit:777ac1af
D.A.N.C.E Part 2 (Live Version),Justice,A Cross The Universe,,INDIFFERENT,2:40,160,b3CB_uwC6ig,2024-12-03T13:51:40Z,commit:777ac1af
D.A.N.C.E (Live Version),Justice,A Cross The Universe,,INDIFFERENT,2:45,165,zvHkOJjoSTE,2024-12-03T13:48:55Z,commit:777ac1af
Phantom Part 1.5 (Live Version),Justice,A Cross The Universe,,INDIFFERENT,4:46,286,v3ReIIRWh44,2024-12-03T13:44:09Z,commit:777ac1af
Phantom Part 1 (Live Version),Justice,A Cross The Universe,,INDIFFERENT,2:51,171,uhTbpdhVL04,2024-12-03T13:41:18Z,commit:777ac1af
Genesis (Live Version),Justice,A Cross The Universe,,INDIFFERENT,7:20,440,wLayne_FyXg,2024-12-03T13:33:58Z,commit:777ac1af
D.A.N.C.E. (Logic Reprise),Justice & Logic,† (Anniversary Edition),False,INDIFFERENT,3:17,197,LaZzMlq4pY8,2024-12-03T13:30:41Z,commit:777ac1af
B.E.A.T (Instrumental),Justice,† (Anniversary Edition),False,INDIFFERENT,2:22,142,JK4H9eBNW2g,2024-12-03T13:28:19Z,commit:777ac1af
Donna (Outtake),Justice,† (Anniversary Edition),False,INDIFFERENT,3:03,183,U6qSwlDQbTg,2024-12-03T13:25:16Z,commit:777ac1af
D.A.N.C.E. (Demo),Justice,† (Anniversary Edition),False,INDIFFERENT,4:07,247,pEwvkB60ntk,2024-12-03T13:21:09Z,commit:777ac1af
Valentine (Demo),Justice,† (Anniversary Edition),False,INDIFFERENT,2:21,141,4zrSvGzMmds,2024-12-03T13:18:48Z,commit:777ac1af
TTHHEE PPAARRTTYY (Demo),Justice,† (Anniversary Edition),False,INDIFFERENT,3:33,213,rVU0e7P9GYg,2024-12-03T13:15:15Z,commit:777ac1af
One Minute to Midnight,Justice,† (Anniversary Edition),False,INDIFFERENT,3:41,221,B2JaCK8AHB0,2024-12-03T13:11:34Z,commit:777ac1af
Waters of Nazareth,Justice,† (Anniversary Edition),False,INDIFFERENT,4:26,266,oAJLlJ_Q7do,2024-12-03T13:07:08Z,commit:777ac1af
Stress,Justice,† (Anniversary Edition),False,INDIFFERENT,4:59,299,Xu19UitI_Gs,2024-12-03T13:02:09Z,commit:777ac1af
DVNO,Justice,† (Anniversary Edition),False,INDIFFERENT,3:57,237,UZ9NXeG6TWc,2024-12-03T12:58:12Z,commit:777ac1af
TTHHEE PPAARRTTYY,Justice,† (Anniversary Edition),True,LIKE,4:04,244,bsDfeCeLUig,2024-12-03T12:54:08Z,commit:777ac1af
Valentine,Justice,† (Anniversary Edition),False,INDIFFERENT,2:57,177,Vj-qTF35_m0,2024-12-03T12:51:11Z,commit:777ac1af
Phantom Pt. II,Justice,† (Anniversary Edition),False,INDIFFERENT,3:21,201,8GL1qMNN-Eo,2024-12-03T12:47:50Z,commit:777ac1af
Phantom,Justice,† (Anniversary Edition),False,INDIFFERENT,4:23,263,YLBpOdhXYH8,2024-12-03T12:43:27Z,commit:777ac1af
Newjack,Justice,† (Anniversary Edition),False,INDIFFERENT,3:37,217,swuzjkAWroQ,2024-12-03T12:39:50Z,commit:777ac1af
D.A.N.C.E.,Justice,† (Anniversary Edition),False,INDIFFERENT,4:03,243,dmdeHJtd9mQ,2024-12-03T12:35:47Z,commit:777ac1af
Let There Be Light,Justice,† (Anniversary Edition),False,INDIFFERENT,4:56,296,QZUATcC6S_4,2024-12-03T12:30:51Z,commit:777ac1af
Genesis,Justice,† (Anniversary Edition),False,INDIFFERENT,3:55,235,RLSnnHWxO9E,2024-12-03T12:26:56Z,commit:777ac1af
The Man from Waco,Charley Crockett,The Man from Waco,False,INDIFFERENT,3:46,226,YARPrgVaxFc,2024-12-03T12:23:10Z,commit:777ac1af
Honky Tonk Heroes (Like Me),Waylon Jennings,Wanted! The Outlaws,True,LIKE,3:30,210,8LIDR2ySLlo,2024-12-03T12:19:40Z,commit:777ac1af
Six Days On The Road,Dave Dudley,20th Century Masters: The Millennium Collection: Best Of Dave Dudley,True,LIKE,2:15,135,otkytn8L-Cw,2024-12-03T12:17:25Z,commit:777ac1af
The Best Sleep Healing Frequency (Deeply Relaxing),Powerthoughts Meditation Club,432 Hz Miracle Sleep: Deep Relaxation: Raise Positive Vibrations,False,INDIFFERENT,2:00:01,7201,YCJV-dKj_W8,2024-12-03T10:17:24Z,commit:777ac1af
Iris,Eluder,Through Horizon,False,INDIFFERENT,4:32,272,s1NfyXCM8B8,2024-12-03T00:12:49Z,commit:777ac1af
Carbon-Based,Eluder,Through Horizon,False,INDIFFERENT,5:41,341,PrshK7NR0yI,2024-12-03T00:07:08Z,commit:777ac1af
Orbital Resonance,Eluder,Through Horizon,False,INDIFFERENT,6:58,418,JPpPCL64ipU,2024-12-03T00:00:10Z,commit:777ac1af
The Event Horizon,Eluder,Through Horizon,False,INDIFFERENT,5:57,357,wGpEDh0VGgw,2024-12-02T23:54:13Z,commit:777ac1af
Atrium 5,Trey Anastasio,Atriums,,INDIFFERENT,15:04,904,Qs2MCbHAQ6Q,2024-12-02T23:39:09Z,commit:777ac1af
Atrium 4,Trey Anastasio,Atriums,,INDIFFERENT,14:55,895,qSyDijzC2T4,2024-12-02T23:24:14Z,commit:777ac1af
Atrium 3,Trey Anastasio,Atriums,,INDIFFERENT,15:15,915,dKSKHpfazXU,2024-12-02T23:08:59Z,commit:777ac1af
Tower Jam,Phish,Jam,,INDIFFERENT,59:14,3554,EHi9PjBV6BM,2024-12-02T22:09:45Z,commit:777ac1af
Approaching Pavonis Mons by Balloon (Utopia Planitia),The Flaming Lips,Yoshimi Battles the Pink Robots,False,INDIFFERENT,3:10,190,yqxYqc6ipU0,2024-12-02T22:06:35Z,commit:777ac1af
All We Have Is Now,The Flaming Lips,Yoshimi Battles the Pink Robots,False,INDIFFERENT,3:54,234,SAGdXf7uago,2024-12-02T22:02:41Z,commit:777ac1af
Do You Realize??,The Flaming Lips,Yoshimi Battles the Pink Robots,False,INDIFFERENT,3:34,214,BhjKuOfzLB8,2024-12-02T21:59:07Z,commit:777ac1af
It's Summertime,The Flaming Lips,Yoshimi Battles the Pink Robots,False,INDIFFERENT,4:21,261,8epnNzRSUdI,2024-12-02T21:54:46Z,commit:777ac1af
Are You a Hypnotist??,The Flaming Lips,Yoshimi Battles the Pink Robots,False,INDIFFERENT,4:44,284,X49c2dGONeU,2024-12-02T21:50:02Z,commit:777ac1af
Ego Tripping at the Gates of Hell,The Flaming Lips,Yoshimi Battles the Pink Robots,False,INDIFFERENT,4:32,272,PamBD5B2wXk,2024-12-02T21:45:30Z,commit:777ac1af
Everything Is Illuminated [Original Motion Picture Soundtrack] - 1080p,"460K views, LFB",,,LIKE,58:41,3521,ZojHUN3pob0,2024-12-02T20:46:49Z,commit:777ac1af
In the Morning of the Magicians,The Flaming Lips,Yoshimi Battles the Pink Robots,False,INDIFFERENT,6:20,380,gNwyByCEytc,2024-12-02T20:40:29Z,commit:777ac1af
"Yoshimi Battles the Pink Robots, Part 2",The Flaming Lips,Yoshimi Battles the Pink Robots,False,INDIFFERENT,2:58,178,uSUA1OZZxCA,2024-12-02T20:37:31Z,commit:777ac1af
"Yoshimi Battles the Pink Robots, Pt. 1",The Flaming Lips,Yoshimi Battles the Pink Robots,False,INDIFFERENT,4:48,288,7TII2v4UdB8,2024-12-02T20:32:43Z,commit:777ac1af
One More Robot / Sympathy 3000-21,The Flaming Lips,Yoshimi Battles the Pink Robots,False,INDIFFERENT,5:00,300,eCfOD0yrvOo,2024-12-02T20:27:43Z,commit:777ac1af
Fight Test,The Flaming Lips,Yoshimi Battles the Pink Robots,False,INDIFFERENT,4:17,257,eITvHa3YB2E,2024-12-02T20:23:26Z,commit:777ac1af
Float On (Dan the Automator Remix),Modest Mouse,Good News For People Who Love Bad News: 20th Anniversary Expanded Edition,,INDIFFERENT,5:21,321,snNuQZ1UnQY,2024-12-02T20:18:05Z,commit:777ac1af
The World At Large (Enough Love to Kill Us All Remix),Modest Mouse,Good News For People Who Love Bad News: 20th Anniversary Expanded Edition,,INDIFFERENT,4:58,298,mWUAklsDi2I,2024-12-02T20:13:07Z,commit:777ac1af
The Good Times Are Killing Me,Modest Mouse,Good News For People Who Love Bad News: 20th Anniversary Expanded Edition,,INDIFFERENT,4:17,257,GwYa7ZaTepw,2024-12-02T20:08:50Z,commit:777ac1af
One Chance,Modest Mouse,Good News For People Who Love Bad News: 20th Anniversary Expanded Edition,,INDIFFERENT,3:02,182,bl5_Y0lVXd0,2024-12-02T20:05:48Z,commit:777ac1af
Black Cadillacs,Modest Mouse,Good News For People Who Love Bad News: 20th Anniversary Expanded Edition,,INDIFFERENT,2:44,164,Fjn928VQTdE,2024-12-02T20:03:04Z,commit:777ac1af
Blame It On the Tetons,Modest Mouse,Good News For People Who Love Bad News: 20th Anniversary Expanded Edition,,INDIFFERENT,5:25,325,E8AJvoNhT4g,2024-12-02T19:57:39Z,commit:777ac1af
Interlude (Milo),Modest Mouse,Good News For People Who Love Bad News: 20th Anniversary Expanded Edition,,INDIFFERENT,0:59,59,TBZel8jwlEk,2024-12-02T19:56:40Z,commit:777ac1af
Satin In A Coffin,Modest Mouse,Good News For People Who Love Bad News: 20th Anniversary Expanded Edition,,INDIFFERENT,2:36,156,3zKKyLwozvM,2024-12-02T19:54:04Z,commit:777ac1af
The View,Modest Mouse,Good News For People Who Love Bad News: 20th Anniversary Expanded Edition,,INDIFFERENT,4:11,251,LzGjFa9Hcds,2024-12-02T19:49:53Z,commit:777ac1af
This Devil's Workday,Modest Mouse,Good News For People Who Love Bad News: 20th Anniversary Expanded Edition,,INDIFFERENT,2:20,140,midbKnDaf3E,2024-12-02T19:47:33Z,commit:777ac1af
Bukowski,Modest Mouse,Good News For People Who Love Bad News: 20th Anniversary Expanded Edition,,LIKE,4:15,255,uCLbzU1D81A,2024-12-02T19:43:18Z,commit:777ac1af
Ocean Breathes Salty,Modest Mouse,Good News For People Who Love Bad News: 20th Anniversary Expanded Edition,,INDIFFERENT,3:45,225,zw-N-G1emhU,2024-12-02T19:39:33Z,commit:777ac1af
Float On,Modest Mouse,Good News For People Who Love Bad News: 20th Anniversary Expanded Edition,,INDIFFERENT,3:29,209,gJmScRhn0Nw,2024-12-02T19:36:04Z,commit:777ac1af
The World At Large,Modest Mouse,Good News For People Who Love Bad News: 20th Anniversary Expanded Edition,,INDIFFERENT,4:33,273,TfizsZmdQzc,2024-12-02T19:31:31Z,commit:777ac1af
Horn Intro,Modest Mouse,Good News For People Who Love Bad News: 20th Anniversary Expanded Edition,,INDIFFERENT,0:10,10,Gl8WgpjNCP4,2024-12-02T19:31:21Z,commit:777ac1af
Baby Steps,Lightbath,"Selected Public Works, Vol. 5",,INDIFFERENT,1:27,87,4495ovWoeYQ,2024-12-02T19:29:54Z,commit:777ac1af
Apurina,Lightbath,"Selected Public Works, Vol. 5",,INDIFFERENT,4:39,279,WsHh5KnEt2A,2024-12-02T19:25:15Z,commit:777ac1af
Fairland Bond,Lightbath,"Selected Public Works, Vol. 5",,INDIFFERENT,4:01,241,OZoeG3380mo,2024-12-02T19:21:14Z,commit:777ac1af
The Rhythm of Desire,Lightbath,"Selected Public Works, Vol. 5",,INDIFFERENT,8:19,499,93x8nHQpNvc,2024-12-02T19:12:55Z,commit:777ac1af
Unless,"Hawktail, Väsen",Väsen & Hawktail,,INDIFFERENT,5:30,330,I1E1ndWZKII,2024-12-02T19:07:25Z,commit:777ac1af
Brötpolska,"Hawktail, Väsen",Väsen & Hawktail,,INDIFFERENT,4:36,276,sDD8LFeLOMA,2024-12-02T19:02:49Z,commit:777ac1af
The Tobogganist,"Hawktail, Väsen",Väsen & Hawktail,,INDIFFERENT,3:55,235,JWNbqLKl9Ac,2024-12-02T18:58:54Z,commit:777ac1af
Strykarepolska,"Hawktail, Väsen",Väsen & Hawktail,,INDIFFERENT,3:19,199,A8bxE6Hts1k,2024-12-02T18:55:35Z,commit:777ac1af
Kackerlackan,"Hawktail, Väsen",Väsen & Hawktail,,INDIFFERENT,2:27,147,MIxwtzBCOWA,2024-12-02T18:53:08Z,commit:777ac1af
Your Town Polska,"Hawktail, Väsen",Väsen & Hawktail,,INDIFFERENT,5:25,325,pc_wrj78c-g,2024-12-02T18:47:43Z,commit:777ac1af
Hymn Till Sommarnätter,"Hawktail, Väsen",Väsen & Hawktail,,INDIFFERENT,3:37,217,JG6e4HUjvVI,2024-12-02T18:44:06Z,commit:777ac1af
Tell Me Watcha Gonna Do Now,"Hawktail, Väsen",Väsen & Hawktail,,INDIFFERENT,3:52,232,5-msYtaK_ok,2024-12-02T18:40:14Z,commit:777ac1af
Leadfoot,"Hawktail, Väsen",Väsen & Hawktail,,INDIFFERENT,3:55,235,vmMFn7Prrbk,2024-12-02T18:36:19Z,commit:777ac1af
Rain Sounds: 2 Hour Relaxing Rain Shower,Calmsound,"Relaxing Nature Sounds: 24 Hours of Exquisite Nature Sounds for Deep Sleep, Study, Meditation and Mindfulness",False,INDIFFERENT,2:00:01,7201,Xmt_W6wDaDM,2024-12-02T16:36:18Z,commit:777ac1af
Baby Sleep White Noise,littleONES,Perfect Sounds for Baby Sleep,False,INDIFFERENT,1:00:00,3600,q-cRQVt2ms4,2024-12-02T15:36:18Z,commit:777ac1af
White Noise: Airplane (Extended),SleepTherapy,White Noise: Airplane (Extended),False,INDIFFERENT,1:00:00,3600,h41yFt8Mblg,2024-12-02T14:36:18Z,commit:777ac1af
Big Spike Hammer,"Bobby Hicks, Doyle Lawson, J.D. Crowe, Jerry Douglas","The Bluegrass Album, Vol. 3: California Connection",False,INDIFFERENT,3:02,182,deWcQjLa8G0,2024-12-02T04:33:13Z,commit:777ac1af
Dreams,Fleetwood Mac,50 Years - Don't Stop,False,INDIFFERENT,4:18,258,m8i5WiWCN-c,2024-12-02T04:28:55Z,commit:777ac1af
September,"Earth, Wind & Fire",Feel Good Friday,False,INDIFFERENT,3:38,218,B2mmDEv0OEk,2024-12-02T04:25:17Z,commit:777ac1af
Big Spike Hammer,"Bobby Hicks, Doyle Lawson, J.D. Crowe, Jerry Douglas","The Bluegrass Album, Vol. 3: California Connection",False,INDIFFERENT,3:02,182,deWcQjLa8G0,2024-12-02T04:22:15Z,commit:777ac1af
My Gal,Yonder Mountain String Band,"Mountain Tracks, Vol. 1",True,LIKE,5:53,353,ekQynGowh5w,2024-12-02T04:16:22Z,commit:777ac1af
Canadian Pacific,Hank Snow,Tracks and Trains,False,INDIFFERENT,3:14,194,-cGD1v0sjtc,2024-12-02T04:13:08Z,commit:777ac1af
You Never Can Tell,Chuck Berry,St. Louis To Liverpool,False,INDIFFERENT,2:42,162,u9l0YBKcGnY,2024-12-02T04:10:26Z,commit:777ac1af
Midnight Special,Creedence Clearwater Revival,Willy And The Poor Boys (Expanded Edition),True,LIKE,4:14,254,QBPqlxZD-h8,2024-12-02T04:06:12Z,commit:777ac1af
I'd Just Love To Lay You Down,Conway Twitty,Heart & Soul,False,INDIFFERENT,3:21,201,Dz9QEebLSbw,2024-12-02T04:02:51Z,commit:777ac1af
Freightliner Fever,Dave Dudley,Interstate Gold,False,INDIFFERENT,2:57,177,jKkm6Yc-aM8,2024-12-02T03:59:54Z,commit:777ac1af
C.B. Savage,Rod Hart,Truck Stop Sweethearts & C.B. Savages (The Plantation Records Story 1968-1981),False,INDIFFERENT,3:30,210,j9fUcR6KhGE,2024-12-02T03:56:24Z,commit:777ac1af
Six Days On The Road,Dave Dudley,20th Century Masters: The Millennium Collection: Best Of Dave Dudley,False,INDIFFERENT,2:15,135,otkytn8L-Cw,2024-12-02T03:54:09Z,commit:777ac1af
Been Worryin',"Cat Clyde, Jeremie Albino",Been Worryin',False,INDIFFERENT,3:03,183,GJsig9M42UE,2024-12-02T03:51:06Z,commit:777ac1af
Cash or Check,Helmut Reinhardt,"The Swingin' sound of the Dr. Drew Podcast, Vol. 3",False,INDIFFERENT,2:51,171,ri3WFTW9qhM,2024-12-02T03:48:15Z,commit:777ac1af
Don't Have to Do This Like That (OurVinyl Sessions),Flatland Cavalry & OurVinyl,Flatland Cavalry | OurVinyl Sessions,False,INDIFFERENT,3:04,184,KrrhWEa_29E,2024-12-02T03:45:11Z,commit:777ac1af
Can't Help Lovin' Dat Man,Love Is a Drag,For Adult Listeners Only,False,INDIFFERENT,3:05,185,6A0cvwwCUQ4,2024-12-02T03:42:06Z,commit:777ac1af
Dub It Inna Yard,Bass Over Babylon,Love Is Everywhere,False,INDIFFERENT,3:38,218,fSNJMU7I5xU,2024-12-02T03:38:28Z,commit:777ac1af
Half Broke,Justin Peter Kinkel-Schuster,Constant Stranger,False,INDIFFERENT,4:11,251,Wi72QK70kwA,2024-12-02T03:34:17Z,commit:777ac1af
State Line (OurVinyl Sessions),"OurVinyl, The Dip",The Dip | OurVinyl Sessions,False,INDIFFERENT,3:36,216,1JYATOp_OtA,2024-12-02T03:30:41Z,commit:777ac1af
Ooh Song,DYAN,Looking for Knives,False,INDIFFERENT,3:53,233,5aGQ6ZbalVk,2024-12-02T03:26:48Z,commit:777ac1af
Sweet Tooth Boogie,The Bones of J.R. Jones,Sweet Tooth Boogie,False,INDIFFERENT,3:26,206,SSgvX5Z5X-Y,2024-12-02T03:23:22Z,commit:777ac1af
Soy Muriendo,Possessed by Paul James,There Will Be Nights When I'm Lonely,False,INDIFFERENT,3:41,221,jetD04vbd3U,2024-12-02T03:19:41Z,commit:777ac1af
"Bada Boom, Bada Bling (OurVinyl Sessions)","Caleb Hawley, OurVinyl",Caleb Hawley | OurVinyl Sessions,False,INDIFFERENT,3:46,226,QEZYEUmwhCU,2024-12-02T03:15:55Z,commit:777ac1af
Lonesome City,The Black Canyon Gang,Wayfaring Strangers: Cosmic American Music,False,INDIFFERENT,3:35,215,7DYS0lA8M-4,2024-12-02T03:12:20Z,commit:777ac1af
Mary Moon,LABRYS,Labrys,False,INDIFFERENT,3:01,181,wr6NNw52cKE,2024-12-02T03:09:19Z,commit:777ac1af
Hymn (2003 Remaster),Kevin Ayers,Bananamour,False,INDIFFERENT,4:36,276,48NPXDDdDo0,2024-12-02T03:04:43Z,commit:777ac1af
Atlas (OurVinyl Sessions),"OurVinyl, The Dip",The Dip | OurVinyl Sessions,False,INDIFFERENT,3:36,216,SBrIOAit70E,2024-12-02T03:01:07Z,commit:777ac1af
Hawk Ale,"Hawktail, Väsen",Väsen & Hawktail,,INDIFFERENT,4:23,263,ec_3390DnaM,2024-12-02T02:56:44Z,commit:777ac1af
The Golden Eel,Ween,The Mollusk,False,INDIFFERENT,4:04,244,rvLhmd0v7KQ,2024-12-02T02:52:40Z,commit:777ac1af
Bird Song,Sturtz,Hyacinth,,INDIFFERENT,3:42,222,ZDoyCu6fuEE,2024-12-02T02:48:58Z,commit:777ac1af
Alabama Jubilee (feat. Jamey Johnson),Norman Blake,Pilgrimage To Rising Fawn,,LIKE,3:10,190,3MgBropbWZ8,2024-12-02T02:45:48Z,commit:777ac1af
I'm Alive Today,R. Shayne Floyd,I'm Alive Today,,LIKE,3:04,184,cv17SCWJ22A,2024-12-02T02:42:44Z,commit:777ac1af
Photographs,Sturtz,Hyacinth,,INDIFFERENT,4:43,283,MEpSwh9x5Xg,2024-12-02T02:38:01Z,commit:777ac1af
The Hot Sh*t Episode 24,Pretty Lights,The HOT Sh*t,,LIKE,59:21,3561,tKLJoxNCN3U,2024-12-02T01:38:40Z,commit:777ac1af
Wasted Time,Sturtz,Hyacinth,,INDIFFERENT,3:12,192,znGRLg6yQuQ,2024-12-02T01:35:28Z,commit:777ac1af
Mom Song,Sturtz,Hyacinth,,INDIFFERENT,3:46,226,rOXJPd9YYME,2024-12-02T01:31:42Z,commit:777ac1af
Recess,Sturtz,Hyacinth,,INDIFFERENT,4:20,260,oKdA27C9TLs,2024-12-02T01:27:22Z,commit:777ac1af
Backwards,Sturtz,Hyacinth,,INDIFFERENT,3:47,227,OY3GoBtMsc4,2024-12-02T01:23:35Z,commit:777ac1af
Look What You Found,Sturtz,Hyacinth,,INDIFFERENT,3:02,182,ZUrpUjwCPBA,2024-12-02T01:20:33Z,commit:777ac1af
Beck and the Call,Sturtz,Hyacinth,,INDIFFERENT,4:08,248,_9xDnYnQAXY,2024-12-02T01:16:25Z,commit:777ac1af
Atrium 3,Trey Anastasio,Atriums,,INDIFFERENT,15:15,915,dKSKHpfazXU,2024-12-02T01:01:10Z,commit:777ac1af
Atrium 2,Trey Anastasio,Atriums,,INDIFFERENT,16:20,980,xVolFJqYfK4,2024-12-02T00:44:50Z,commit:777ac1af
Atrium 1,Trey Anastasio,Atriums,,INDIFFERENT,15:21,921,F1gcT2iM6YA,2024-12-02T00:29:29Z,commit:777ac1af
Orbital Resonance,Eluder,Through Horizon,False,INDIFFERENT,6:58,418,JPpPCL64ipU,2024-12-02T00:22:31Z,commit:777ac1af
The Event Horizon,Eluder,Through Horizon,False,INDIFFERENT,5:57,357,wGpEDh0VGgw,2024-12-02T00:16:34Z,commit:777ac1af
Sea Swallows,Eluder,The Most Beautiful Blue,,LIKE,8:08,488,Tn35nbk9Bxo,2024-12-02T00:08:26Z,commit:777ac1af
The Path Leads to the Solution,Eluder,The Most Beautiful Blue,,INDIFFERENT,4:54,294,NwjyviGrOEA,2024-12-02T00:03:32Z,commit:777ac1af
Via Starlight,Eluder,The Most Beautiful Blue,,INDIFFERENT,6:50,410,hTOcH2d3DiQ,2024-12-01T23:56:42Z,commit:777ac1af
Milemarker,Eluder,The Most Beautiful Blue,,INDIFFERENT,6:23,383,Ef2dYGxpUqU,2024-12-01T23:50:19Z,commit:777ac1af
In the End It Won't Matter,Eluder,The Most Beautiful Blue,,INDIFFERENT,6:33,393,Sh2UNR72Df0,2024-12-01T23:43:46Z,commit:777ac1af
The Path Presents Itself,Eluder,The Most Beautiful Blue,,INDIFFERENT,4:20,260,fWVvhCXaew0,2024-12-01T23:39:26Z,commit:777ac1af
Brand New Eyes,Eluder,The Most Beautiful Blue,,INDIFFERENT,8:58,538,rLKw2h2H7Bg,2024-12-01T23:30:28Z,commit:777ac1af
Dusk Invites the Dark,Eluder,The Most Beautiful Blue,,INDIFFERENT,6:45,405,djztB7PH_UE,2024-12-01T23:23:43Z,commit:777ac1af
Autumn Hips,Eluder,The Most Beautiful Blue,,LIKE,7:24,444,OkqCHisILTk,2024-12-01T23:16:19Z,commit:777ac1af
Oh Badu,less.people,self reflection,False,INDIFFERENT,4:10,250,7uRJx60OyrY,2024-12-01T23:12:09Z,commit:777ac1af
Hashtag,"David Rawlings, Gillian Welch",Hashtag,False,INDIFFERENT,3:35,215,lOdomELtqRQ,2024-12-01T23:08:34Z,commit:777ac1af
Elvis Presley Blues,Gillian Welch,Time (The Revelator),False,INDIFFERENT,4:57,297,QXLTVVAup68,2024-12-01T23:03:37Z,commit:777ac1af
Only One And Only,Gillian Welch,Revival,False,INDIFFERENT,5:33,333,OJsW8DY6wf4,2024-12-01T22:58:04Z,commit:777ac1af
I Wonder Where You Are Tonight,John Hartford,Goin Back to Dixie,False,INDIFFERENT,3:21,201,b5Gy7KDFXV4,2024-12-01T22:54:43Z,commit:777ac1af
Under the Boardwalk (Live),The California Honeydrops,Under the Boardwalk (Live),False,INDIFFERENT,2:55,175,pcbxrn5t72E,2024-12-01T22:51:48Z,commit:777ac1af
I'm Not Afraid To Die,Gillian Welch,Hell Among The Yearlings,False,INDIFFERENT,3:28,208,LATJglJUyZ4,2024-12-01T22:48:20Z,commit:777ac1af
The Golden Globe Award,John Hartford,Nobody Knows What You Do,False,INDIFFERENT,4:26,266,F8tDDHIL3-E,2024-12-01T22:43:54Z,commit:777ac1af
Everything Is Cool,John Prine,The Missing Years,False,INDIFFERENT,2:47,167,F0t7bBwtwwI,2024-12-01T22:41:07Z,commit:777ac1af
In Tall Buildings,John Hartford,Radio John,False,INDIFFERENT,3:13,193,JAqpBTaq4MU,2024-12-01T22:37:54Z,commit:777ac1af
Daylight,Watchhouse,Such Jubilee,False,INDIFFERENT,3:14,194,ShvwIdpxyG8,2024-12-01T22:34:40Z,commit:777ac1af
If I Needed You,Townes Van Zandt,The Late Great Townes Van Zandt,False,INDIFFERENT,3:45,225,CDCaflb6-Yk,2024-12-01T22:30:55Z,commit:777ac1af
By The Mark,Gillian Welch,Revival,False,INDIFFERENT,3:41,221,Iz65diosiks,2024-12-01T22:27:14Z,commit:777ac1af
"Loving You (Live At The Royal Festival Hall, London/1977)",Glen Campbell,Live At The Royal Festival Hall,,INDIFFERENT,2:47,167,BDnaUqSbKLw,2024-12-01T22:24:27Z,commit:777ac1af
"(Let Me Be Your) Teddy Bear Medley (Live At The Royal Festival Hall, London/1977)",Glen Campbell,Live At The Royal Festival Hall,,INDIFFERENT,1:32,92,kzxYD6UjuRA,2024-12-01T22:22:55Z,commit:777ac1af
"Dreams Of The Everyday Housewife (Live At The Royal Festival Hall, London/1977)",Glen Campbell,Live At The Royal Festival Hall,,INDIFFERENT,4:17,257,ADqwTH8DwOI,2024-12-01T22:18:38Z,commit:777ac1af
"Stars/Rhinestone Cowboy (Medley/Live At The Royal Festival Hall, London/1977)",Glen Campbell,Live At The Royal Festival Hall,,LIKE,6:38,398,QyfK2txeIGQ,2024-12-01T22:12:00Z,commit:777ac1af
Heavy Rain,Cabinet,This Is Cabinet: Set 2,,INDIFFERENT,4:26,266,82D536Y9S34,2024-12-01T22:07:34Z,commit:777ac1af
Mr. Spaceman,Cabinet,This Is Cabinet: Set 2,,INDIFFERENT,4:56,296,R2A9b_yJjxY,2024-12-01T22:02:38Z,commit:777ac1af
Susquehanna Breakdown,Cabinet,This Is Cabinet: Set 2,,INDIFFERENT,3:07,187,S3hTxQqOkDI,2024-12-01T21:59:31Z,commit:777ac1af
The Dove,Cabinet,This Is Cabinet: Set 2,,INDIFFERENT,7:12,432,eHRvJ6Deav4,2024-12-01T21:52:19Z,commit:777ac1af
Swimming,Ivan The Tolerable,"Vertigo (LP/DL, Riot Season, 2024)",,INDIFFERENT,8:17,497,OvV7cJ11JgE,2024-12-01T21:44:02Z,commit:777ac1af
The Pearl,Ivan The Tolerable,"Vertigo (LP/DL, Riot Season, 2024)",,INDIFFERENT,6:24,384,9CZt8CAAvbE,2024-12-01T21:37:38Z,commit:777ac1af
Salon Muzik,Ivan The Tolerable,"Vertigo (LP/DL, Riot Season, 2024)",,INDIFFERENT,6:54,414,IGK5G7KVICk,2024-12-01T21:30:44Z,commit:777ac1af
New Worlds On Earth,Ivan The Tolerable,"Vertigo (LP/DL, Riot Season, 2024)",,INDIFFERENT,8:07,487,IzfwtEHv4lw,2024-12-01T21:22:37Z,commit:777ac1af
Charlie,loscil,Plume,False,INDIFFERENT,8:50,530,lm9BbFaFXPk,2024-12-01T21:13:47Z,commit:777ac1af
Halcyon,loscil,Plume,False,INDIFFERENT,7:22,442,36hSyE-F0H0,2024-12-01T21:06:25Z,commit:777ac1af
Bellows,loscil,Plume,False,INDIFFERENT,6:27,387,7T5EZ_wPqCI,2024-12-01T20:59:58Z,commit:777ac1af
Chinook,loscil,Plume,False,INDIFFERENT,6:58,418,mFECYlygl6g,2024-12-01T20:53:00Z,commit:777ac1af
Steam,loscil,Plume,False,INDIFFERENT,6:56,416,xEUg_TDpwg0,2024-12-01T20:46:04Z,commit:777ac1af
Zephyr,loscil,Plume,False,INDIFFERENT,5:20,320,1EXc96ZBPX4,2024-12-01T20:40:44Z,commit:777ac1af
Rorschach,loscil,Plume,False,INDIFFERENT,8:20,500,-VxwbHL78HI,2024-12-01T20:32:24Z,commit:777ac1af
Motoc,loscil,Plume,False,INDIFFERENT,6:30,390,zBCKNhgD2A8,2024-12-01T20:25:54Z,commit:777ac1af
Tweezer,Phish,"2024/09/01 Commerce City, CO",,INDIFFERENT,13:50,830,fl0eZ2u-tdg,2024-12-01T20:12:04Z,commit:777ac1af
Set Your Soul Free,Phish,"2024/09/01 Commerce City, CO",,INDIFFERENT,24:41,1481,QBojjuHKvAQ,2024-12-01T19:47:23Z,commit:777ac1af
"My Friend, My Friend",Phish,"2024/09/01 Commerce City, CO",,INDIFFERENT,18:07,1087,MNoSda2WIQE,2024-12-01T19:29:16Z,commit:777ac1af
The Moma Dance,Phish,"2024/09/01 Commerce City, CO",,INDIFFERENT,7:38,458,gIqIJ-3B_Kk,2024-12-01T19:21:38Z,commit:777ac1af
"Loose Lucy (Live at Freedom Hall, Louisville, KY, 6/18/74)",Grateful Dead,"Road Trips Vol. 2 No. 3: State Fairgrounds, Des Moines, IA 6/16/74 / Freedom Hall, Louisville, KY 6/18/74 (Live)",True,LIKE,5:35,335,VmRyhoEUa6M,2024-12-01T19:16:03Z,commit:777ac1af
Indefinite Fields,Rafael Anton Irisarri,The Shameless Years,False,INDIFFERENT,6:06,366,qCW_4XSptjE,2024-12-01T19:09:57Z,commit:777ac1af
"Austin Texas Mental Hospital, Pt. 1",Stars of the Lid,The Tired Sounds of Stars of the Lid,False,INDIFFERENT,2:49,169,znxX9p09xCM,2024-12-01T19:07:08Z,commit:777ac1af
Deceiver,loscil,Monument Builders,False,INDIFFERENT,4:42,282,PdpUKkF-vaM,2024-12-01T19:02:26Z,commit:777ac1af
Nothing It Can,Helios,Moiety,False,INDIFFERENT,4:48,288,IV2hy2FQ_h8,2024-12-01T18:57:38Z,commit:777ac1af
Forms,Cardamom,Forms,False,INDIFFERENT,3:01,181,Ijx6qgW_-ZM,2024-12-01T18:54:37Z,commit:777ac1af
"A Lovesong (For Cubs) +, Pt. 2",Stars of the Lid,The Tired Sounds of Stars of the Lid,False,INDIFFERENT,8:06,486,sUT6tW12BUs,2024-12-01T18:46:31Z,commit:777ac1af
Resurgam,loscil,Submers,,INDIFFERENT,7:38,458,wjS22yhZCa0,2024-12-01T18:38:53Z,commit:777ac1af
An Iken Loop,"Brian Eno, Tom Rogerson",Finding Shore,False,INDIFFERENT,3:05,185,27az4XxIPL0,2024-12-01T18:35:48Z,commit:777ac1af
"A Minute, a Day, No More","Harold Budd, Robin Guthrie",Before the Day Breaks,False,INDIFFERENT,5:22,322,TLWW94-DoHU,2024-12-01T18:30:26Z,commit:777ac1af
"Ballad of Distances, Pt. 2",Stars of the Lid,The Tired Sounds of Stars of the Lid,False,INDIFFERENT,3:01,181,pJapkxw5TYA,2024-12-01T18:27:25Z,commit:777ac1af
Umbel,Loscil,Umbel,False,INDIFFERENT,6:38,398,nAIZlOtfKE0,2024-12-01T18:20:47Z,commit:777ac1af
Dying Alone,Hammock,Dying Alone,False,INDIFFERENT,3:55,235,LFE7JeF56SY,2024-12-01T18:16:52Z,commit:777ac1af
Inside (2:56am Mix),36,Blue,False,INDIFFERENT,5:40,340,c_FDWJDFq7U,2024-12-01T18:11:12Z,commit:777ac1af
Mullholland,Stars of the Lid,The Tired Sounds of Stars of the Lid,False,INDIFFERENT,6:50,410,XeCF4B_Hjwk,2024-12-01T18:04:22Z,commit:777ac1af
Kamouraska,Loscil,Umbel,False,INDIFFERENT,6:35,395,mGvuBRAFKC8,2024-12-01T17:57:47Z,commit:777ac1af
Displacement,Rafael Anton Irisarri,A Fragile Geography,False,INDIFFERENT,4:17,257,l2QKkABbFPk,2024-12-01T17:53:30Z,commit:777ac1af
Geologic Time Scale,Hyperion Towers,Rovaniemi,False,INDIFFERENT,3:20,200,0jvmbfCAhr8,2024-12-01T17:50:10Z,commit:777ac1af
Fac 21,Stars of the Lid,The Tired Sounds of Stars of the Lid,False,INDIFFERENT,3:09,189,jjJVKEu4UEM,2024-12-01T17:47:01Z,commit:777ac1af
Drained Lake,loscil,Monument Builders,False,INDIFFERENT,6:47,407,pnJWK5rsNWc,2024-12-01T17:40:14Z,commit:777ac1af
Indigo,Loscil & Lawrence English,Chroma,,INDIFFERENT,4:25,265,iWmgCbMR7s0,2024-12-01T17:35:49Z,commit:777ac1af
Amaranth,Loscil & Lawrence English,Chroma,,INDIFFERENT,5:51,351,KjDoxJr-35Y,2024-12-01T17:29:58Z,commit:777ac1af
Vermillion,Loscil & Lawrence English,Chroma,,INDIFFERENT,7:17,437,sJZhj6k0mSY,2024-12-01T17:22:41Z,commit:777ac1af
Ultramarine,Loscil & Lawrence English,Chroma,,INDIFFERENT,5:07,307,0_6Vew9eUh8,2024-12-01T17:17:34Z,commit:777ac1af
Ochre,Loscil & Lawrence English,Chroma,,INDIFFERENT,4:04,244,7CInvYDZ-TM,2024-12-01T17:13:30Z,commit:777ac1af
Sienna,Loscil & Lawrence English,Chroma,,INDIFFERENT,5:34,334,-ZC8o6rIcwk,2024-12-01T17:07:56Z,commit:777ac1af
Fixed Income,DJ Shadow,The Private Press,False,INDIFFERENT,4:49,289,YziBSsHfQUA,2024-12-01T17:03:07Z,commit:777ac1af
Moonlight,The Plate Scrapers,Dishes,,LIKE,4:18,258,A7RQ__ae1nM,2024-12-01T16:58:49Z,commit:777ac1af
Hysteria,"Eprom, G Jones",Hysteria,False,INDIFFERENT,5:35,335,Zclb5E4cMsU,2024-12-01T16:53:14Z,commit:777ac1af
I’m The President,KNOWER,I’m The President,True,LIKE,4:07,247,oSfFIK5A7x8,2024-12-01T16:49:07Z,commit:777ac1af
Alphabet St.,Prince,Lovesexy,True,LIKE,5:39,339,J5x6vKNQAUo,2024-12-01T16:43:28Z,commit:777ac1af
"Old Folks' Boogie (Live at the Rainbow Theatre, London, UK, 8/4/1977)",Little Feat,Waiting for Columbus (Live Version; Deluxe Edition),,INDIFFERENT,4:27,267,cc5N5KRAZ-s,2024-12-01T16:39:01Z,commit:777ac1af
Wrong Road Again,John Hartford,Gum Tree Canoe,False,INDIFFERENT,2:48,168,8UGXB_JleDY,2024-12-01T16:36:13Z,commit:777ac1af
Pink Pony Club,Chappell Roan,The Rise and Fall of a Midwest Princess,False,INDIFFERENT,4:19,259,R_iTpfSCIVk,2024-12-01T16:31:54Z,commit:777ac1af
Country Boy Rock And Roll,Dillard/Hartford/Dillard,Glitter Grass From The Nashwood Hollyville Strings / Permanent Wave,,LIKE,2:02,122,9baxabyGcfQ,2024-12-01T16:29:52Z,commit:777ac1af
Long Hot Summer Days,Sara Watkins,Sara Watkins,True,LIKE,4:45,285,18LMMt58yow,2024-12-01T16:25:07Z,commit:777ac1af
"Loose Lucy (Live at Freedom Hall, Louisville, KY, 6/18/74)",Grateful Dead,"Road Trips Vol. 2 No. 3: State Fairgrounds, Des Moines, IA 6/16/74 / Freedom Hall, Louisville, KY 6/18/74 (Live)",True,LIKE,5:35,335,VmRyhoEUa6M,2024-12-01T16:19:32Z,commit:777ac1af
Good At Losing,Charley Crockett,$10 Cowboy,False,INDIFFERENT,3:45,225,uVlHMrpN_qk,2024-12-01T16:15:47Z,commit:777ac1af
Try A Little Kindness,Glen Campbell,Try A Little Kindness,False,INDIFFERENT,2:27,147,r3u86akEurY,2024-12-01T16:13:20Z,commit:777ac1af
Tulsa Time,Don Williams,Expressions,False,INDIFFERENT,3:16,196,2bHVYvRMm9Q,2024-12-01T16:10:04Z,commit:777ac1af
Watch It Fall,Billy Strings,Home,,INDIFFERENT,4:37,277,VwwKqScF674,2024-12-01T16:05:27Z,commit:777ac1af
Lost Highway,Hank Williams,Health & Happiness Shows,False,INDIFFERENT,3:24,204,92dezZCxer8,2024-12-01T16:02:03Z,commit:777ac1af
That's the Way the World Goes Round,John Prine,Bruised Orange,True,LIKE,3:21,201,ZogciFl-udY,2024-12-01T15:58:42Z,commit:777ac1af
There Ain't No Good Chain Gang,Johnny Cash,The Legend,False,INDIFFERENT,3:17,197,A2z6i54d7m4,2024-12-01T15:55:25Z,commit:777ac1af
You Can Have the Crown,Sturgill Simpson,High Top Mountain,False,INDIFFERENT,2:51,171,jMkhsamX-2I,2024-12-01T15:52:34Z,commit:777ac1af
Deep River Blues,Doc Watson,Doc Watson,,INDIFFERENT,3:12,192,tizeZJB5ARU,2024-12-01T15:49:22Z,commit:777ac1af
Faster Horses (The Cowboy And The Poet),Tom T. Hall,"Tom T. Hall - Storyteller, Poet, Philosopher",False,INDIFFERENT,2:53,173,UD8ytadaNI8,2024-12-01T15:46:29Z,commit:777ac1af
Gator,Jerry Reed,Both Barrels,True,LIKE,2:58,178,fty3aTMWbWc,2024-12-01T15:43:31Z,commit:777ac1af
Me and Paul,Willie Nelson,Me and Paul,False,INDIFFERENT,2:55,175,g0n0_MqOcbE,2024-12-01T15:40:36Z,commit:777ac1af
Leaving Louisiana In The Broad Daylight,The Oak Ridge Boys,The Oak Ridge Boys Have Arrived,False,INDIFFERENT,3:00,180,PVjXYjyxWTg,2024-12-01T15:37:36Z,commit:777ac1af
Ramblin' Fever,Merle Haggard,Ramblin' Fever,False,INDIFFERENT,3:12,192,Wvd6jNsdMZI,2024-12-01T15:34:24Z,commit:777ac1af
"Lonesome, On'ry and Mean",Waylon Jennings,"Lonesome, On'ry & Mean (Expanded Edition)",False,INDIFFERENT,3:41,221,U0PjacHLI9Y,2024-12-01T15:30:43Z,commit:777ac1af
Never Could Toe the Mark,Waylon Jennings,Never Could Toe the Mark,False,INDIFFERENT,2:58,178,9fXPv1vkct4,2024-12-01T15:27:45Z,commit:777ac1af
"Medley: Good Hearted Woman/Mamas Don't Let Your Babies Grow Up To Be Cowboys (Live at the Ryman Auditorium, Nashville, TN - January 2000)","The Waymore Blues Band, Waylon Jennings",Never Say Die - The Complete Final Concert,False,INDIFFERENT,4:32,272,g6meZ-3pr_Q,2024-12-01T15:23:13Z,commit:777ac1af
Coconut,Harry Nilsson,Nilsson Schmilsson,False,INDIFFERENT,3:52,232,pPym7Az7Heo,2024-12-01T15:19:21Z,commit:777ac1af
Elysian,Bonobo,Fragments,,INDIFFERENT,3:03,183,CTVzqU8qe-0,2024-12-01T05:16:15Z,commit:777ac1af
Totem Transport,Arc De Soleil,No Cardigan in Michigan Please (Prologue),False,INDIFFERENT,3:22,202,GsanQTBD4lQ,2024-12-01T05:12:53Z,commit:777ac1af
Wrestle a Live Nude Girl,Michael Franks,Burchfield Nines,,LIKE,4:35,275,hOXtETWgTHQ,2024-12-01T05:08:18Z,commit:777ac1af
Take My Time,Skinshape,Life & Love,False,INDIFFERENT,3:04,184,S-9J8LF8BkA,2024-12-01T05:05:14Z,commit:777ac1af
Old Number Seven,The Devil Makes Three,The Devil Makes Three,False,INDIFFERENT,3:21,201,1tp4Vyltijw,2024-12-01T05:01:53Z,commit:777ac1af
Killers of the Flower Moon,Charley Crockett,Killers of the Flower Moon,False,INDIFFERENT,3:14,194,tM3-u1u0nxQ,2024-12-01T04:58:39Z,commit:777ac1af
Heading South,Zach Bryan,Heading South,False,INDIFFERENT,2:52,172,VkodWQ6EElc,2024-12-01T04:55:47Z,commit:777ac1af
My Sweet Blue Eyed Darlin',Bill Monroe,Bill Monroe & The Bluegrass Boys - Live At The Opry,False,INDIFFERENT,2:24,144,oqJum1-pcNA,2024-12-01T04:53:23Z,commit:777ac1af
Emotions,"Don Reno, Red Smiley",Together Again,False,INDIFFERENT,3:23,203,sGfjo-LLTok,2024-12-01T04:24:03Z,commit:777ac1af
Boogie On Reggae Woman,Dillard/Hartford/Dillard,Glitter Grass From The Nashwood Hollyville Strings / Permanent Wave,,LIKE,5:37,337,dv4itmGtNY4,2024-12-01T04:18:26Z,commit:777ac1af
Get No Better,Dillard/Hartford/Dillard,Glitter Grass From The Nashwood Hollyville Strings / Permanent Wave,,INDIFFERENT,3:31,211,oZlWXgO5CVQ,2024-12-01T04:14:55Z,commit:777ac1af
Meditation No. 1,"Brian Eno, Laraaji",Ambient 3: Day Of Radiance,False,INDIFFERENT,18:48,1128,X6DxwTi2FNU,2024-12-31T23:45:01Z,gh-3119
The Dance No. 1,"Brian Eno, Laraaji",Ambient 3: Day Of Radiance,False,INDIFFERENT,9:16,556,VmqZTrthXbA,2024-12-31T23:35:45Z,gh-3119
Wicked Annabella (2018 Stereo Remaster),The Kinks,The Kinks Are The Village Green Preservation Society (2018 Deluxe),False,INDIFFERENT,2:46,166,C60YdGoSD6c,2024-12-31T23:32:59Z,gh-3119
All of My Friends Were There (2018 Stereo Remaster),The Kinks,The Kinks Are The Village Green Preservation Society (2018 Deluxe),False,INDIFFERENT,2:29,149,T-saYqytwSQ,2024-12-31T23:30:30Z,gh-3119
Phenomenal Cat (2018 Stereo Remaster),The Kinks,The Kinks Are The Village Green Preservation Society (2018 Deluxe),False,INDIFFERENT,2:42,162,D4t1BIcmQOM,2024-12-31T23:27:48Z,gh-3119
Starstruck (2018 Stereo Remaster),The Kinks,The Kinks Are The Village Green Preservation Society (2018 Deluxe),False,INDIFFERENT,2:25,145,0DANle_mdFQ,2024-12-31T23:25:23Z,gh-3119
Village Green (2018 Stereo Remaster),The Kinks,The Kinks Are The Village Green Preservation Society (2018 Deluxe),False,INDIFFERENT,2:12,132,LI-OfDUYf80,2024-12-31T23:23:11Z,gh-3119
Animal Farm (2018 Stereo Remaster),The Kinks,The Kinks Are The Village Green Preservation Society (2018 Deluxe),False,INDIFFERENT,3:02,182,bV6OrwXXWK4,2024-12-31T23:20:09Z,gh-3119
Sitting By the Riverside (2018 Stereo Remaster),The Kinks,The Kinks Are The Village Green Preservation Society (2018 Deluxe),False,INDIFFERENT,2:27,147,PsVBg7WnXdU,2024-12-31T23:17:42Z,gh-3119
Big Sky (2018 Stereo Remaster),The Kinks,The Kinks Are The Village Green Preservation Society (2018 Deluxe),False,INDIFFERENT,2:53,173,Q1Tv_bQ3tRg,2024-12-31T23:14:49Z,gh-3119
Last of the Steam-Powered Trains (2018 Stereo Remaster),The Kinks,The Kinks Are The Village Green Preservation Society (2018 Deluxe),False,INDIFFERENT,4:14,254,QY79k7wZgIA,2024-12-31T23:10:35Z,gh-3119
Johnny Thunder (2018 Stereo Remaster),The Kinks,The Kinks Are The Village Green Preservation Society (2018 Deluxe),False,INDIFFERENT,2:34,154,USCsSl8Utco,2024-12-31T23:08:01Z,gh-3119
Picture Book (2018 Stereo Remaster),The Kinks,The Kinks Are The Village Green Preservation Society (2018 Deluxe),False,INDIFFERENT,2:40,160,LMJsWx2CQTE,2024-12-31T23:05:21Z,gh-3119
Do You Remember Walter? (2018 Stereo Remaster),The Kinks,The Kinks Are The Village Green Preservation Society (2018 Deluxe),False,INDIFFERENT,2:30,150,Mqil5wzF7nA,2024-12-31T23:02:51Z,gh-3119
The Village Green Preservation Society (2018 Stereo Remaster),The Kinks,The Kinks Are The Village Green Preservation Society (2018 Deluxe),False,INDIFFERENT,2:52,172,xLqv4ljO4Tg,2024-12-31T22:59:59Z,gh-3119
Apeman (2020 Stereo Remaster),The Kinks,"Lola Versus Powerman and the Moneygoround, Pt. 1",False,INDIFFERENT,3:54,234,3eoeA_8hC4c,2024-12-31T22:56:05Z,gh-3119
Tombstone Blues,Bob Dylan,Highway 61 Revisited,False,LIKE,5:57,357,J6yWZUv9QJA,2024-12-31T22:50:08Z,gh-3119
The Way You Make Me Feel,Michael Jackson,"HIStory: PAST, PRESENT AND FUTURE, BOOK I",False,INDIFFERENT,4:58,298,T3FG_YQOW5k,2024-12-31T22:45:10Z,gh-3119
I Want It That Way,Backstreet Boys,Millennium,False,INDIFFERENT,3:34,214,LwkrXybZ1uo,2024-12-31T22:41:36Z,gh-3119
Shake It Off,Taylor Swift,1989,False,INDIFFERENT,3:40,220,1nFxMuPYeKA,2024-12-31T22:37:56Z,gh-3119
Good Vibrations (Remastered 2001),The Beach Boys,Good Vibrations 40th Anniversary,False,INDIFFERENT,3:38,218,oMfjgQ8ptrE,2024-12-31T22:34:18Z,gh-3119
Dancing Queen,ABBA,Arrival,False,INDIFFERENT,3:51,231,YkLLcIKhJ64,2024-12-31T22:30:27Z,gh-3119
September,"Earth, Wind & Fire","The Best Of Earth, Wind & Fire Vol. 1",False,INDIFFERENT,3:36,216,3cKtSlsYVEU,2024-12-31T22:26:51Z,gh-3119
I Wanna Dance with Somebody (Who Loves Me),Whitney Houston,Whitney,False,INDIFFERENT,4:52,292,6xzN8Nt0Pok,2024-12-31T22:21:59Z,gh-3119
"Happy (From ""Despicable Me 2"")",Pharrell Williams,G I R L,False,INDIFFERENT,3:53,233,dJqxQzxLbHM,2024-12-31T22:18:06Z,gh-3119
Three Little Birds,Bob Marley & The Wailers,Exodus,False,INDIFFERENT,3:01,181,MUNNRAdizz0,2024-12-31T22:15:05Z,gh-3119
Wake Me Up Before You Go-Go,Wham!,Make It Big,False,INDIFFERENT,3:52,232,R14lGgHgVJM,2024-12-31T22:11:13Z,gh-3119
Angle of List,Loscil,Sea Island,False,INDIFFERENT,6:46,406,lCz268SkPXc,2024-12-31T22:04:27Z,gh-3119
En Masse,Loscil,Sea Island,False,INDIFFERENT,5:24,324,-gUKX6-Hem8,2024-12-31T21:59:03Z,gh-3119
Sturgeon Bank,Loscil,Sea Island,False,INDIFFERENT,6:01,361,sGCdOTVzI1s,2024-12-31T21:53:02Z,gh-3119
Angle of Loll,Loscil,Sea Island,False,INDIFFERENT,5:52,352,apkmljREcv4,2024-12-31T21:47:10Z,gh-3119
Catalina 1943,Loscil,Sea Island,False,INDIFFERENT,6:35,395,CH4xClVlO10,2024-12-31T21:40:35Z,gh-3119
Holding Pattern,Loscil,Sea Island,False,INDIFFERENT,6:12,372,83ghyEwUA-g,2024-12-31T21:34:23Z,gh-3119
Iona,Loscil,Sea Island,False,LIKE,8:35,515,k0BmfD0YChk,2024-12-31T21:25:48Z,gh-3119
Sea Island Murders,Loscil,Sea Island,False,INDIFFERENT,8:27,507,J2OGxg080Ik,2024-12-31T21:17:21Z,gh-3119
Bleeding Ink,Loscil,Sea Island,False,INDIFFERENT,6:39,399,DSOc52qX2oc,2024-12-31T21:10:42Z,gh-3119
In Threes,Loscil,Sea Island,False,LIKE,5:58,358,Px_DbjgHVX4,2024-12-31T21:04:44Z,gh-3119
Ahull,Loscil,Sea Island,False,INDIFFERENT,6:39,399,P2AEIXCgzbo,2024-12-31T20:58:05Z,gh-3119
Baabaa,Turu Anasi,Meditation,False,INDIFFERENT,5:49,349,4xMfI9y3BQM,2024-12-31T20:52:16Z,gh-3119
Meditation,Turu Anasi,Meditation,False,LIKE,8:30,510,O8det02XaIA,2024-12-31T20:43:46Z,gh-3119
Tear Down the Grand Ole Opry,John Hartford,Aereo-Plain,False,INDIFFERENT,3:29,209,39MTQ9emdFk,2024-12-31T20:40:17Z,gh-3119
Holding,John Hartford,Aereo-Plain,False,INDIFFERENT,1:50,110,gN1EBG5YMfA,2024-12-31T20:38:27Z,gh-3119
Steam Powered Aereo Plane,John Hartford,Aereo-Plain,False,INDIFFERENT,3:44,224,JtTmx30HNrk,2024-12-31T20:34:43Z,gh-3119
Because of You,John Hartford,Aereo-Plain,False,INDIFFERENT,1:03,63,J8JicyzWQmw,2024-12-31T20:33:40Z,gh-3119
Symphony Hall Rag,John Hartford,Aereo-Plain,False,INDIFFERENT,2:49,169,py8t_OXaI4Y,2024-12-31T20:30:51Z,gh-3119
With a Vamp in the Middle,John Hartford,Aereo-Plain,False,INDIFFERENT,3:28,208,cI9kjfA-zE4,2024-12-31T20:27:23Z,gh-3119
Presbyterian Guitar,John Hartford,Aereo-Plain,False,INDIFFERENT,2:02,122,QglTKugwlJs,2024-12-31T20:25:21Z,gh-3119
First Girl I Loved,John Hartford,Aereo-Plain,False,INDIFFERENT,4:36,276,UJL0-DGFYH8,2024-12-31T20:20:45Z,gh-3119
Boogie,John Hartford,Aereo-Plain,False,INDIFFERENT,1:42,102,hV5qqJELKl4,2024-12-31T20:19:03Z,gh-3119
Up on the Hill Where They Do the Boogie,John Hartford,Aereo-Plain,False,INDIFFERENT,2:44,164,2luuGVWE02o,2024-12-31T20:16:19Z,gh-3119
Back in the Goodle Days,John Hartford,Aereo-Plain,False,INDIFFERENT,3:40,220,UcF0SY0m3sU,2024-12-31T20:12:39Z,gh-3119
Steamboat Whistle Blues,John Hartford,Aereo-Plain,False,INDIFFERENT,3:26,206,1qNS_QB76WU,2024-12-31T20:09:13Z,gh-3119
Turn Your Radio On (I),John Hartford,Aereo-Plain,False,INDIFFERENT,1:23,83,yKHx6YHLoZk,2024-12-31T20:07:50Z,gh-3119
The Seagull,Ivan the Tolerable,Linthorpe Crepuscule Volume 4,False,INDIFFERENT,6:40,400,AYvkSijmvlI,2024-12-31T20:01:10Z,gh-3119
Larger By Half,Ivan the Tolerable,Linthorpe Crepuscule Volume 4,False,INDIFFERENT,2:11,131,xDCEoYq8VJk,2024-12-31T19:58:59Z,gh-3119
Apricot,Ivan the Tolerable,Linthorpe Crepuscule Volume 4,False,INDIFFERENT,2:22,142,YlBmrGqFAPQ,2024-12-31T19:56:37Z,gh-3119
Young Newt,Ivan the Tolerable,Linthorpe Crepuscule Volume 4,False,INDIFFERENT,1:52,112,pNBWfJLO0yA,2024-12-31T19:54:45Z,gh-3119
ADO,Ivan the Tolerable,Linthorpe Crepuscule Volume 4,False,INDIFFERENT,3:16,196,vocf4u0AsnI,2024-12-31T19:51:29Z,gh-3119
A Premonition,Ivan the Tolerable,Linthorpe Crepuscule Volume 4,False,INDIFFERENT,5:16,316,YZT7FhqodYA,2024-12-31T19:46:13Z,gh-3119
Oblique Strategy IV,Ivan the Tolerable,Linthorpe Crepuscule Volume 4,False,INDIFFERENT,4:18,258,NOD2d1jR0z4,2024-12-31T19:41:55Z,gh-3119
Nebuchadnezzar II,Ivan the Tolerable,Linthorpe Crepuscule Volume 4,False,INDIFFERENT,3:58,238,VsxnrDdcj48,2024-12-31T19:37:57Z,gh-3119
The Cut,Ivan the Tolerable,Linthorpe Crepuscule Volume 4,False,INDIFFERENT,3:39,219,Xs20ekKHJPk,2024-12-31T19:34:18Z,gh-3119
Frying Pan Spit,Ivan the Tolerable,Linthorpe Crepuscule Volume 4,False,INDIFFERENT,4:36,276,90OEYr1zwpU,2024-12-31T19:29:42Z,gh-3119
Blackouts,Ivan the Tolerable,Linthorpe Crepuscule Volume 4,False,INDIFFERENT,3:38,218,xgzhpYrh9N8,2024-12-31T19:26:04Z,gh-3119
Speed Ring,Ivan the Tolerable,Linthorpe Crepuscule Volume 4,False,INDIFFERENT,3:27,207,T6Z52oqriEM,2024-12-31T19:22:37Z,gh-3119
From a Buick 6,Bob Dylan,Highway 61 Revisited,False,INDIFFERENT,3:16,196,op7jAuZ4QXw,2024-12-31T19:19:21Z,gh-3119
"It Takes a Lot to Laugh, It Takes a Train to Cry",Bob Dylan,Highway 61 Revisited,False,LIKE,4:06,246,MUHgQohCsao,2024-12-31T19:15:15Z,gh-3119
Like a Rolling Stone,Bob Dylan,Highway 61 Revisited,False,INDIFFERENT,6:10,370,syNLBJ_Lq9E,2024-12-31T19:09:05Z,gh-3119
Priviti,Turu Anasi,Meditation,False,INDIFFERENT,8:01,481,ojUPUf0ORbw,2024-12-31T19:01:04Z,gh-3119
Strange Seed,Emapea,"Seeds, Roots & Fruits",False,LIKE,3:04,184,Z0TfdZBc7L8,2024-12-31T18:58:00Z,gh-3119
Stand In Line,okuma,Bi Ba Bü,False,LIKE,7:27,447,3mdt8AR8gcU,2024-12-31T18:50:33Z,gh-3119
Jellydish,okuma,Bi Ba Bü,False,INDIFFERENT,8:26,506,tAduyj4-uRc,2024-12-31T18:42:07Z,gh-3119
Eu Sou Como Você É,Lô Borges,Lô Borges,False,INDIFFERENT,3:04,184,Pedw1PWF4fM,2024-12-31T18:39:03Z,gh-3119
Como O Machado,Lô Borges,Lô Borges,False,INDIFFERENT,1:46,106,yinrZlg_7Ew,2024-12-31T18:37:17Z,gh-3119
Aos Barões,Lô Borges,Lô Borges,False,INDIFFERENT,2:32,152,ZflP1uVoOWA,2024-12-31T18:34:45Z,gh-3119
Não Se Apague Esta Noite,Lô Borges,Lô Borges,False,LIKE,2:33,153,fp4K0MrChOw,2024-12-31T18:32:12Z,gh-3119
Faça Seu Jogo,Lô Borges,Lô Borges,False,INDIFFERENT,1:43,103,TA6i6hcPmcU,2024-12-31T18:30:29Z,gh-3119
Calibre,Lô Borges,Lô Borges,False,LIKE,1:30,90,suazj6W9T_Y,2024-12-31T18:28:59Z,gh-3119
Prá Onde Vai Você,Lô Borges,Lô Borges,False,INDIFFERENT,0:38,38,m9uEFmSFkTs,2024-12-31T18:28:21Z,gh-3119
Fio Da Navalha,Lô Borges,Lô Borges,False,INDIFFERENT,2:20,140,vi_rwM7j8N4,2024-12-31T18:26:01Z,gh-3119
Pensa Você,Lô Borges,Lô Borges,False,INDIFFERENT,1:27,87,rMx33RetCnw,2024-12-31T18:24:34Z,gh-3119
Não Foi Nada,Lô Borges,Lô Borges,False,INDIFFERENT,1:48,108,rFp9_eCKK8g,2024-12-31T18:22:46Z,gh-3119
Homem Da Rua,Lô Borges,Lô Borges,False,INDIFFERENT,2:01,121,dAunUARBTAU,2024-12-31T18:20:45Z,gh-3119
O Caçador,Lô Borges,Lô Borges,False,INDIFFERENT,2:00,120,i0QkJG3GW1c,2024-12-31T18:18:45Z,gh-3119
Canção Postal,Lô Borges,Lô Borges,False,INDIFFERENT,2:11,131,X58DGmZMMB4,2024-12-31T18:16:34Z,gh-3119
Você Fica Melhor Assim,Lô Borges,Lô Borges,False,INDIFFERENT,2:08,128,6gpqCOVZW_o,2024-12-31T18:14:26Z,gh-3119
She's Knocking,Ikebe Shakedown,The Way Home,False,INDIFFERENT,3:15,195,5gXrbaDHMrM,2024-12-31T18:11:11Z,gh-3119
"Ballad of a Thin Man (Live at Hampton Coliseum, Hampton, VA, March 27, 1988)",Grateful Dead,"Download Series Vol. 5: Hampton Coliseum, Hampton, VA 3/27/88 (Live)",False,INDIFFERENT,7:05,425,vGtjaIHTMRY,2024-12-31T18:04:06Z,gh-3119
Haggis Express,The Haggis Horns,Haggis Express,False,INDIFFERENT,3:59,239,xZZsAM7-c8Q,2024-12-31T18:00:07Z,gh-3119
"High Tide, Storm Rising",Skinshape,"High Tide, Storm Rising",False,INDIFFERENT,3:57,237,2t1EiWjHFt8,2024-12-31T17:56:10Z,gh-3119
Live Well,Palace,So Long Forever,False,INDIFFERENT,4:10,250,z-vFSFZ-h2o,2024-12-31T17:52:00Z,gh-3119
Blyth Street Nocturne,Surprise Chef,All News Is Good News,False,INDIFFERENT,4:54,294,ce0YtxpOUTs,2024-12-31T17:47:06Z,gh-3119
Esperanza,Hermanos Gutiérrez,Esperanza,False,LIKE,5:29,329,mlIMIJIcpn8,2024-12-31T17:41:37Z,gh-3119
Close but No Cigar,Delvon Lamarr Organ Trio,Close but No Cigar,False,INDIFFERENT,3:31,211,2AeejiyGum8,2024-12-31T17:38:06Z,gh-3119
Up From the South,The Budos Band,The Budos Band,False,INDIFFERENT,3:27,207,rNYUdeG6q4A,2024-12-31T17:34:39Z,gh-3119
Herbie Hemphill,Surprise Chef,All News Is Good News,False,INDIFFERENT,4:06,246,paKS7sMFIpU,2024-12-31T17:30:33Z,gh-3119
Be Thankful For What You've Got (Live),Orgone,Raw & Direct,False,INDIFFERENT,8:55,535,m-BEAKGllM0,2024-12-31T17:21:38Z,gh-3119
Tired of Fighting,Menahan Street Band,Make the Road By Walking,False,INDIFFERENT,3:32,212,F-OeFm6y384,2024-12-31T17:18:06Z,gh-3119
CHERIE,"Darianna Everett, Darius",OASIS,False,INDIFFERENT,4:33,273,OzxG8AyABnA,2024-12-31T17:13:33Z,gh-3119
I Think I Like When It Rains,WILLIS,Locals 2,False,INDIFFERENT,4:39,279,38ICl7_UvEI,2024-12-31T17:08:54Z,gh-3119
I Didn't Know,Skinshape,Filoxiny,False,INDIFFERENT,3:39,219,mCgorrefSDA,2024-12-31T17:05:15Z,gh-3119
Have You Fed Baby Huey Today,Surprise Chef,All News Is Good News,False,INDIFFERENT,4:22,262,FHcRhSKZJkI,2024-12-31T17:00:53Z,gh-3119
Sirens of Jupiter,The Olympians,The Olympians,False,INDIFFERENT,3:43,223,4c_i_JmttKg,2024-12-31T16:57:10Z,gh-3119
Slipping Away,LEISURE,Side A,False,INDIFFERENT,3:56,236,hPcHGlDuYd4,2024-12-31T16:53:14Z,gh-3119
Take My Time,Skinshape,Life & Love,False,INDIFFERENT,3:04,184,S-9J8LF8BkA,2024-12-31T16:50:10Z,gh-3119
Blue,Far Caspian,Between Days,False,INDIFFERENT,3:26,206,Vz3Lq3AGsaM,2024-12-31T16:46:44Z,gh-3119
drifting,Night Tapes,drifting,False,INDIFFERENT,3:33,213,DMZh7YZFXsA,2024-12-31T16:43:11Z,gh-3119
Kong,Glass Beams,Mirage,False,INDIFFERENT,4:48,288,bD4Ve5ZT1A0,2024-12-31T16:38:23Z,gh-3119
By Hook or by Crook,Ikebe Shakedown,Stone by Stone,False,INDIFFERENT,4:08,248,oAVz8zVcSIY,2024-12-31T16:34:15Z,gh-3119
White Sands,Tommy Guerrero,Road to Knowhere,False,INDIFFERENT,3:00,180,AAHjDgtYTiI,2024-12-31T16:31:15Z,gh-3119
Saturn,The Olympians,The Olympians,False,INDIFFERENT,3:38,218,Yj1VHGIwZUI,2024-12-31T16:27:37Z,gh-3119
Taurus,Glass Beams,Mirage,False,INDIFFERENT,4:33,273,S6jgzL2Cjbc,2024-12-31T16:23:04Z,gh-3119
Sahara Cowboy,Arc De Soleil,Chameleon Sunday,False,INDIFFERENT,3:05,185,sk1j6cg2p3k,2024-12-31T16:19:59Z,gh-3119
Basilisk,Orgone,Basilisk,False,INDIFFERENT,4:30,270,alUNFofyIHg,2024-12-31T16:15:29Z,gh-3119
Mercury's Odyssey,The Olympians,The Olympians,False,LIKE,3:39,219,ta4G1xOUcrE,2024-12-31T16:11:50Z,gh-3119
Rattlesnake,Glass Beams,Mirage,False,INDIFFERENT,4:45,285,KFUfL1cAL6c,2024-12-31T16:07:05Z,gh-3119
Mumbo Sugar,Arc De Soleil,Libertalia,False,INDIFFERENT,3:09,189,1FSPY3aYVEg,2024-12-31T16:03:56Z,gh-3119
Get With It,Orgone,Get With It,False,INDIFFERENT,3:07,187,Xu2eELq1lzU,2024-12-31T16:00:49Z,gh-3119
Mirage,Glass Beams,Mirage,False,INDIFFERENT,4:51,291,dr8kFKEowh0,2024-12-31T15:55:58Z,gh-3119
Mahal,Glass Beams,Mahal,False,INDIFFERENT,3:22,202,Byzhrg7oW58,2024-12-31T15:52:36Z,gh-3119
Evangeline (Live) (feat. Jerry Garcia Band),Jerry Garcia Band,Jerry Garcia Band,False,INDIFFERENT,4:47,287,UEBltnZnxSg,2024-12-31T15:47:49Z,gh-3119
Don't Let Go (Live) (feat. Jerry Garcia Band),Jerry Garcia Band,Jerry Garcia Band,False,INDIFFERENT,17:16,1036,P8TZRzZjlMU,2024-12-31T15:30:33Z,gh-3119
The Night They Drove Old Dixie Down (Live) (feat. Jerry Garcia Band),Jerry Garcia Band,Jerry Garcia Band,False,INDIFFERENT,9:36,576,160-yiQ2PT4,2024-12-31T15:20:57Z,gh-3119
Señor (Tales of Yankee Power) (Live) (feat. Jerry Garcia Band),Jerry Garcia Band,Jerry Garcia Band,False,INDIFFERENT,7:44,464,T-GnsnAt6SI,2024-12-31T15:13:13Z,gh-3119
Stop That Train (Live) (feat. Jerry Garcia Band),Jerry Garcia Band,Jerry Garcia Band,False,INDIFFERENT,6:51,411,HjoT4Ni42oQ,2024-12-31T15:06:22Z,gh-3119
Deal (Live) (feat. Jerry Garcia Band),Jerry Garcia Band,Jerry Garcia Band,False,INDIFFERENT,8:39,519,mb2NhrjAoxc,2024-12-31T14:57:43Z,gh-3119
Dear Prudence (Live) (feat. Jerry Garcia Band),Jerry Garcia Band,Jerry Garcia Band,False,INDIFFERENT,11:42,702,JcgJznPpbvc,2024-12-31T14:46:01Z,gh-3119
I Shall Be Released (Live) (feat. Jerry Garcia Band),Jerry Garcia Band,Jerry Garcia Band,False,LIKE,9:27,567,T-jk5DIF7js,2024-12-31T14:36:34Z,gh-3119
My Sisters and Brothers (Live) (feat. Jerry Garcia Band),Jerry Garcia Band,Jerry Garcia Band,False,INDIFFERENT,4:18,258,asMZcBKCLhs,2024-12-31T14:32:16Z,gh-3119
Simple Twist of Fate (Live) (feat. Jerry Garcia Band),Jerry Garcia Band,Jerry Garcia Band,False,INDIFFERENT,11:55,715,ETf66SoMAuU,2024-12-31T14:20:21Z,gh-3119
Waiting for a Miracle (Live) (feat. Jerry Garcia Band),Jerry Garcia Band,Jerry Garcia Band,False,INDIFFERENT,5:55,355,cmzp4uPbOYo,2024-12-31T14:14:26Z,gh-3119
The Way You Do The Things You Do (Live) (feat. Jerry Garcia Band),Jerry Garcia Band,Jerry Garcia Band,False,INDIFFERENT,8:09,489,KRJhSFIlu18,2024-12-31T14:06:17Z,gh-3119
Get Out of My Life (Live) (feat. Jerry Garcia Band),Jerry Garcia Band,Jerry Garcia Band,False,INDIFFERENT,8:54,534,f-UYSwDfQn0,2024-12-31T13:57:23Z,gh-3119
House Of The Rising Sun,"Doc Watson, Richard Watson",Third Generation Blues,False,INDIFFERENT,3:22,202,FwXxxSRUX4U,2024-12-31T13:54:01Z,gh-3119
Medley: mr. bojangles/ a visit with a old friend,Jim Stafford,Jim Stafford,False,LIKE,5:10,310,Eqlk3FhRRDU,2024-12-31T13:48:51Z,gh-3119
Don't Let It Trouble Your Mind,Rhiannon Giddens,Tomorrow Is My Turn,False,INDIFFERENT,3:40,220,Al8eYp3Ps1o,2024-12-31T13:45:11Z,gh-3119
Shake Sugaree,Elizabeth Cotten and Brenda Evans,Shake Sugaree,False,LIKE,5:03,303,AcqRex6vs-Y,2024-12-31T13:40:08Z,gh-3119
Freight train,Elizabeth Cotten,Freight Train and Other North Carolina Folk Songs and Tunes,False,INDIFFERENT,2:47,167,If5ZGXKG9bw,2024-12-31T13:37:21Z,gh-3119
Didn't It Rain,"Marie Knight, Sam Price Trio, Sister Rosetta Tharpe",Gospel Train (Expanded Edition),False,INDIFFERENT,2:38,158,qKLPj3skmeo,2024-12-31T13:34:43Z,gh-3119
When They Ring Them Golden Bells / Ophelia Reprise (with Hidden Track- Ophelia Reprise),Natalie Merchant,Ophelia,False,LIKE,9:34,574,KU3Soe1LXsQ,2024-12-31T13:25:09Z,gh-3119
Gutted,Bella White,Just Like Leaving,False,INDIFFERENT,4:07,247,v9fb1R1G-A0,2024-12-31T13:21:02Z,gh-3119
Prélude from Partita No. 3 for Solo Violin (BWV 1006) (Instrumental),"Béla Fleck, Johann Sebastian Bach",Perpetual Motion,False,INDIFFERENT,3:46,226,Xxavhjb_7JU,2024-12-31T13:17:16Z,gh-3119
West Virginia Waltz,Sierra Ferrell,Long Time Coming,False,INDIFFERENT,3:34,214,1bE7LApwxUk,2024-12-31T13:13:42Z,gh-3119
"Hey Me, Hey Mama",Sierra Ferrell,"Hey Me, Hey Mama",False,INDIFFERENT,3:31,211,G2Nr8F_eNzE,2024-12-31T13:10:11Z,gh-3119
Everything's The Same,Billy Strings,Home,False,INDIFFERENT,2:55,175,OKAyyvvypBs,2024-12-31T13:07:16Z,gh-3119
American Dreaming,Sierra Ferrell,American Dreaming (Single Edit),False,INDIFFERENT,4:18,258,MARPEvw2Prw,2024-12-31T13:02:58Z,gh-3119
Be Kind to a Man While He's Down,Foghorn Stringband,Outshine the Sun,False,INDIFFERENT,2:48,168,OTMXwCu11vs,2024-12-31T13:00:10Z,gh-3119
Respect Yourself,The Staple Singers,Be Altitude: Respect Yourself [Stax Remasters],False,INDIFFERENT,4:57,297,CEFTmFw1mto,2024-12-31T12:55:13Z,gh-3119
Döne Döne,Acid Arab & Cem Yıldız,٣ (Trois),False,LIKE,5:47,347,Y6nbIxKHyso,2024-12-31T12:49:26Z,gh-3119
I Want To Break Free,Queen,The Works (Deluxe Remastered Version),False,INDIFFERENT,4:19,259,GfeklykTLcE,2024-12-31T12:45:07Z,gh-3119
All Too Well (10 Minute Version) [Taylor's Version] [From The Vault],Taylor Swift,Red (Taylor's Version),False,INDIFFERENT,10:13,613,7SqC7_f_-0M,2024-12-31T12:34:54Z,gh-3119
Jumbo,Punch Brothers,All Ashore,False,LIKE,3:36,216,ioDXUnJmdBE,2024-12-31T12:31:18Z,gh-3119
Doctor Robert,Giacomo Bondi,Relounged and Regrooved Beatles Songs by Giacomo Bondi (35 Songs Special Edition),False,LIKE,4:24,264,F_W4b7qd5DY,2024-12-31T12:26:54Z,gh-3119
Evolve,Phish,Evolve,False,LIKE,4:13,253,Qbx7oNFmv-s,2024-12-31T12:22:41Z,gh-3119
Starry Nights (feat. Neal Francis),Adrian Quesada,Jaguar Sound,False,LIKE,3:26,206,5uKc4C9T5ZQ,2024-12-31T12:19:15Z,gh-3119
Live Phish Instrumental Vol 1,Phish,Mixes,,INDIFFERENT,1:12:44,4364,7Dif_2wshpE,2024-12-31T11:06:31Z,gh-3119
The New Normal,"Shpongle, Simon Posford",Flux & Contemplation - Portrait of an Artist in Isolation,False,LIKE,10:42,642,xwyK3XGQvqI,2024-12-31T10:55:49Z,gh-3119
The Hobbyist,"Shpongle, Simon Posford",Flux & Contemplation - Portrait of an Artist in Isolation,False,INDIFFERENT,6:34,394,GY2jxHg2HYo,2024-12-31T10:49:15Z,gh-3119
Ripples of the Mind,"Shpongle, Simon Posford",Flux & Contemplation - Portrait of an Artist in Isolation,False,INDIFFERENT,3:48,228,jWHptnuVBew,2024-12-31T10:45:27Z,gh-3119
Wish You Weren’t Here,"Shpongle, Simon Posford",Flux & Contemplation - Portrait of an Artist in Isolation,False,LIKE,5:29,329,gWpYbDCSoro,2024-12-31T10:39:58Z,gh-3119
Germination,"Shpongle, Simon Posford",Flux & Contemplation - Portrait of an Artist in Isolation,False,INDIFFERENT,2:14,134,8XabjqbkjCs,2024-12-31T10:37:44Z,gh-3119
Cyclical Ruminations,"Shpongle, Simon Posford",Flux & Contemplation - Portrait of an Artist in Isolation,False,INDIFFERENT,0:34,34,ff5sTfSV4JI,2024-12-31T10:37:10Z,gh-3119
On a Rainy Day,"Shpongle, Simon Posford",Flux & Contemplation - Portrait of an Artist in Isolation,False,INDIFFERENT,3:13,193,EoEsnrRnV2I,2024-12-31T10:33:57Z,gh-3119
Lockdown,"Shpongle, Simon Posford",Flux & Contemplation - Portrait of an Artist in Isolation,False,LIKE,8:30,510,tkOk_LCUWxU,2024-12-31T10:25:27Z,gh-3119
If We Make It Through December,Merle Haggard,If We Make It Through December,False,INDIFFERENT,2:44,164,LsUm_5jHhJ4,2024-12-31T10:22:43Z,gh-3119
A John Prine Christmas,John Prine,A John Prine Christmas,False,INDIFFERENT,5:12,312,MPyCnSgnS-4,2024-12-31T10:17:31Z,gh-3119
Strangest Christmas Yet,"Steep Canyon Rangers, Steve Martin",“The Long-Awaited Album”,False,INDIFFERENT,3:42,222,kInQI828PRI,2024-12-31T10:13:49Z,gh-3119
Winter Wonderland,Herb Alpert & The Tijuana Brass,Christmas Album,False,INDIFFERENT,3:04,184,l5lM1m5FCtM,2024-12-31T10:10:45Z,gh-3119
- Fragments - Unattended Generative Modular Ambient // 4 Hour Relaxation,"937K views, State Azure",,False,LIKE,4:03:20,14600,8V71sATDTqs,2024-12-31T06:07:25Z,gh-3119
Nicola Cruz Boiler Room Tulum x Comunite Live Set,"13M views, Boiler Room",,False,LIKE,50:34,3034,BcJCNLgEsHs,2024-12-31T05:16:51Z,gh-3119
Tower Jam,Phish,Jam,,LIKE,59:14,3554,EHi9PjBV6BM,2024-12-31T04:17:37Z,gh-3119
Sho-Nuff's Post-Hiatus Mix,Phish,Mixes,,INDIFFERENT,1:19:57,4797,Mbcf6q7J-7A,2024-12-31T02:57:40Z,gh-3119
Live Phish Instrumental Vol 2,Phish,Mixes,,INDIFFERENT,1:09:39,4179,baGssf_Z0_M,2024-12-31T01:48:01Z,gh-3119
Concerto for Piano & Birds in Eb Minor,"Shpongle, Simon Posford",Flux & Contemplation - Portrait of an Artist in Isolation,False,INDIFFERENT,2:35,155,EtCZAQH2roE,2024-12-31T01:45:26Z,gh-3119
Kalkutta,okuma,Urmel / Kalkutta,False,LIKE,8:31,511,RPM-NbDuHlM,2024-12-31T01:36:55Z,gh-3119
Medusa,"El Búho, Klik & Frik",Ramas,False,LIKE,4:04,244,QHNi7-U5jHo,2024-12-31T01:32:51Z,gh-3119
The Golden Eel,Ween,The Mollusk,False,INDIFFERENT,4:04,244,rvLhmd0v7KQ,2024-12-31T01:28:47Z,gh-3119
It's Gonna Be (Alright),Ween,The Mollusk,False,INDIFFERENT,3:18,198,mYAdOvq9tKc,2024-12-31T01:25:29Z,gh-3119
The Blarney Stone,Ween,The Mollusk,False,INDIFFERENT,3:14,194,4BOFQ-eU7m8,2024-12-31T01:22:15Z,gh-3119
Mutilated Lips,Ween,The Mollusk,False,INDIFFERENT,3:49,229,jGSI9qoNjYk,2024-12-31T01:18:26Z,gh-3119
I'll Be Your Jonny on the Spot,Ween,The Mollusk,False,INDIFFERENT,2:01,121,GQaFiXO8KXw,2024-12-31T01:16:25Z,gh-3119
Polka Dot Tail,Ween,The Mollusk,False,INDIFFERENT,3:20,200,hoJrhyO-UFo,2024-12-31T01:13:05Z,gh-3119
The Mollusk,Ween,The Mollusk,False,INDIFFERENT,2:37,157,3nZmVy3g3CE,2024-12-31T01:10:28Z,gh-3119
I'm Dancing in the Show Tonight,Ween,The Mollusk,False,INDIFFERENT,1:56,116,aSNZ76kF_gM,2024-12-31T01:08:32Z,gh-3119
Piss up a Rope,Ween,12 Golden Country Greats,False,INDIFFERENT,3:34,214,CLPQznD11xU,2024-12-31T01:04:58Z,gh-3119
If You Could Save Yourself (You'd Save Us All),"39K views, Ween",,False,INDIFFERENT,5:32,332,Zvd8OpC4w0k,2024-12-31T00:59:26Z,gh-3119
"Phish - Bathtub Gin - 8/17/97 - Limestone, Maine","93K views, LazyLightning55a",,False,LIKE,15:12,912,iFiDu-rNZrI,2024-12-31T00:44:14Z,gh-3119
Phish | 12.31.10 | Ghost,"307K views, HarpuaFSB",,False,INDIFFERENT,13:49,829,J0Sf8lOdGRw,2024-12-31T00:30:25Z,gh-3119
"Phish - Bathtub Gin - New York, NY 12/30/2010","96 views, gdoucette1978",,False,INDIFFERENT,12:31,751,okJPLf0lZuo,2024-12-31T00:17:54Z,gh-3119
The Watcher (Okuma Remix),Daniel Hokum,Revelation,False,INDIFFERENT,7:10,430,1ycPdiM3zxY,2024-12-31T00:10:44Z,gh-3119
Carol Brown,Flight of the Conchords,I Told You I Was Freaky,False,LIKE,3:27,207,Hz5SFQsLzAg,2024-12-31T00:07:17Z,gh-3119
Névé,Loscil,Coast / Range / Arc,,INDIFFERENT,8:08,488,TOr_upZ1wM4,2024-12-10T20:35:39Z,gh-2939
Stave Peak,Loscil,Coast / Range / Arc,,INDIFFERENT,6:41,401,v5ke9itwVIU,2024-12-10T20:28:58Z,gh-2939
Fromme,Loscil,Coast / Range / Arc,,INDIFFERENT,7:36,456,86K_KPnNiNw,2024-12-10T20:21:22Z,gh-2939
Black Tusk,Loscil,Coast / Range / Arc,,INDIFFERENT,10:03,603,Y4Z7w6nNe8U,2024-12-10T20:11:19Z,gh-2939
Zoloft,Ween,Quebec,False,INDIFFERENT,3:52,232,hpziJJBY1KA,2024-12-10T21:27:43Z,gh-2936
Cakewalk into Town,Taj Mahal,Recycling the Blues & Other Related Stuff,False,INDIFFERENT,2:33,153,WU764hR3I7Q,2024-12-10T21:25:10Z,gh-2936
If You Want Me to Stay (single master),Sly & The Family Stone,Higher!,False,INDIFFERENT,3:00,180,wKgfJn0EWeo,2024-12-10T21:22:10Z,gh-2936
Can You Get To That,Funkadelic,Maggot Brain,True,LIKE,2:50,170,yl3fIXaAXow,2024-12-10T18:40:34Z,gh-2935
Home,Maribou State,Portraits,False,INDIFFERENT,3:16,196,wHZfv0k_swI,2024-12-10T03:43:17Z,gh-2930
Lady and Man,Khruangbin,Con Todo El Mundo,False,INDIFFERENT,4:19,259,ZGs1ATfHK-A,2024-12-10T03:38:58Z,gh-2930
Between the Mayo and the Mustard,Delvon Lamarr Organ Trio,Close but No Cigar,False,INDIFFERENT,4:13,253,IC4KxT6Gv5M,2024-12-10T03:34:45Z,gh-2930
Just for a Day (Sunday),TM Juke,Maps from the Wilderness,False,INDIFFERENT,4:33,273,z38p3ZFZink,2024-12-10T03:30:12Z,gh-2930
Mars,The Olympians,The Olympians,,INDIFFERENT,3:39,219,PUUDWVhxZ4I,2024-12-10T03:26:33Z,gh-2930
Behind The Blue Curtains,El Michels Affair,Sounding Out the City,False,INDIFFERENT,3:32,212,H413p-5LaIY,2024-12-10T03:23:01Z,gh-2930
Orb,Glass Beams,Mahal,,INDIFFERENT,4:54,294,-476mGZVl8I,2024-12-10T03:18:07Z,gh-2930
The Other Side,The Sure Fire Soul Ensemble,Step Down,False,INDIFFERENT,3:39,219,16SyKsFb7Yg,2024-12-10T03:14:28Z,gh-2930
Starry Nights (feat. Neal Francis),Adrian Quesada,Jaguar Sound,,LIKE,3:26,206,5uKc4C9T5ZQ,2024-12-10T03:11:02Z,gh-2930
What's Going Through Your Mind,Phish,"2024/08/31 Commerce City, CO",,INDIFFERENT,16:35,995,ZnjHTVXlick,2024-12-10T01:56:25Z,gh-2929
Ghombu,okuma,Traj Traj,False,INDIFFERENT,7:17,437,GVyA-jzWZgM,2024-12-10T01:49:08Z,gh-2929
Jellydish,okuma,Bi Ba Bü,,INDIFFERENT,8:26,506,tAduyj4-uRc,2024-12-10T01:40:42Z,gh-2929
Uninvisible,Medeski Martin & Wood,Uninvisible,False,INDIFFERENT,3:38,218,N5kYgB4DDw4,2024-12-10T01:37:04Z,gh-2929
Starry Nights (feat. Neal Francis),Adrian Quesada,Jaguar Sound,,LIKE,3:26,206,5uKc4C9T5ZQ,2024-12-10T01:33:38Z,gh-2929
The Force,Lettuce,Crush,False,INDIFFERENT,3:42,222,gPXmEl92KGI,2024-12-09T02:10:26Z,gh-2921
Aces,Delvon Lamarr Organ Trio,I Told You So,False,INDIFFERENT,4:42,282,aZPOUq9-11w,2024-12-09T02:05:44Z,gh-2921
Thunderbird,Hermanos Gutiérrez,El Bueno Y El Malo,,INDIFFERENT,3:28,208,5kaqGWCC6to,2024-12-09T02:02:16Z,gh-2921
Live Jam in Polynesia,Arc De Soleil,Libertalia,False,INDIFFERENT,3:07,187,bHhet-GCZzw,2024-12-09T01:59:09Z,gh-2921
You Wish,Nightmares On Wax,In A Space Outta Sound,False,INDIFFERENT,3:30,210,rxbCaiyYSXM,2024-12-09T01:55:39Z,gh-2921
I Don't Know,Delvon Lamarr Organ Trio,I Told You So,False,INDIFFERENT,5:13,313,s0qQD4Hv668,2024-12-09T01:50:26Z,gh-2921
Barrio Hustle,Hermanos Gutiérrez,Barrio Hustle,False,INDIFFERENT,3:15,195,0ymCdRe2y0c,2024-12-09T01:47:11Z,gh-2921
Maria También,Khruangbin,Con Todo El Mundo,False,INDIFFERENT,3:11,191,H_kvg5fV6mw,2024-12-09T01:44:00Z,gh-2921
You're My Chocolate,Savages,Five Finger Discount,False,INDIFFERENT,5:27,327,yMF409d_Ugs,2024-12-09T01:38:33Z,gh-2921
I Won't Be There,Skinshape,Life & Love,False,INDIFFERENT,7:03,423,Gte3m_-jyCw,2024-12-09T01:31:30Z,gh-2921
Never Be Another You,Lee Fields & The Expressions,Special Night,False,INDIFFERENT,4:26,266,Vuo9A78dBHc,2024-12-09T01:27:04Z,gh-2921
Gun Metal Grey,The Budos Band,Long in the Tooth,False,INDIFFERENT,3:17,197,kS_NQ7Y5TE8,2024-12-09T01:23:47Z,gh-2921
Sicily' Box (feat. Rocco Palladino),"Venna, Yussef Dayes, & Marco Bernardis",Sicily' Box,False,INDIFFERENT,4:06,246,w_a5mRbwr-o,2024-12-08T21:25:45Z,gh-2920
Wintergreen,Stavroz,Mindibu,False,INDIFFERENT,4:12,252,QAhPmsPNSww,2024-12-08T21:21:33Z,gh-2920
The Shame,"Holy Hive, El Michels Affair, & Fleet Foxes",Big Crown Vaults Vol. 3 - Holy Hive,False,INDIFFERENT,2:56,176,3bSGH0xEJSQ,2024-12-08T21:18:37Z,gh-2920
Miracle Fruit,Molly Lewis,Mirage,False,INDIFFERENT,4:04,244,u5hrAbdxDik,2024-12-08T21:14:33Z,gh-2920
Dram,Ikebe Shakedown,Stone by Stone,,INDIFFERENT,4:04,244,wXm07jdyT2Y,2024-12-08T21:10:29Z,gh-2920
Hong Sau,In Motion Collective,Hong Sau / Elephant Walk,False,INDIFFERENT,3:24,204,a0IsicIJOn8,2024-12-08T21:07:05Z,gh-2920
Close but No Cigar,Delvon Lamarr Organ Trio,Close but No Cigar,False,INDIFFERENT,3:31,211,2AeejiyGum8,2024-12-08T21:03:34Z,gh-2920
Fixed Income,DJ Shadow,The Private Press,False,INDIFFERENT,4:49,289,YziBSsHfQUA,2024-12-08T20:58:45Z,gh-2920
Basilisk,Orgone,Basilisk,False,INDIFFERENT,4:30,270,alUNFofyIHg,2024-12-08T20:54:15Z,gh-2920
Phyllis,Lettuce,Crush,False,INDIFFERENT,6:51,411,jWP700E76do,2024-12-08T20:47:24Z,gh-2920
The Cashmere Chamber,Whatitdo Archive Group,The Cashmere Chamber,False,INDIFFERENT,3:30,210,WxqH8ofe_1w,2024-12-08T20:43:54Z,gh-2920
A1 Bakery Pledge of Allegiance,Surprise Chef,Education & Recreation,False,INDIFFERENT,3:20,200,RGqxSSgy4Pw,2024-12-08T20:40:34Z,gh-2920
Easy to Come Home (feat. Roxie Ray),Dojo Cuts,Record Kicks Funk Sides,False,INDIFFERENT,3:34,214,iAojTO_8v_4,2024-12-08T20:37:00Z,gh-2920
Time Is the Enemy,Quantic,Life in the Rain,False,INDIFFERENT,3:44,224,4W9iWpxLpOA,2024-12-08T20:33:16Z,gh-2920
Abrazos De Una Rosa,Hermanos Gutiérrez,El Camino De Mi Alma,False,INDIFFERENT,4:31,271,fqXEgTKdbO8,2024-12-08T20:28:45Z,gh-2920
Sing a Simple Song,The Budos Band,The Budos Band,False,INDIFFERENT,3:19,199,a9eYA4udgj4,2024-12-08T20:25:26Z,gh-2920
The Inquisitor (feat. Neal Francis),Adrian Quesada,Jaguar Sound,,INDIFFERENT,3:14,194,GCJtfXkBi1o,2024-12-08T20:22:12Z,gh-2920
Apollo's Mood,The Olympians,The Olympians,,INDIFFERENT,4:32,272,WQfx5jmzAyU,2024-12-08T20:17:40Z,gh-2920
Blood Milk Moon,Hermanos Gutiérrez,Blood Milk Moon,False,INDIFFERENT,2:58,178,522AGW8T5I0,2024-12-08T20:14:42Z,gh-2920
Sound Vagabond,Eric Hilton,Sound Vagabond,False,INDIFFERENT,3:05,185,1Gly6GjOMYo,2024-12-08T20:11:37Z,gh-2920
View from Above,Ikebe Shakedown,Assassin,False,INDIFFERENT,3:59,239,wLtXKYz3v48,2024-12-08T20:07:38Z,gh-2920
The Eye,Hugo Kant,Out Of Time,False,INDIFFERENT,4:55,295,L122DJp5tz0,2024-12-08T20:02:43Z,gh-2920
Hijos Del Sol,Hermanos Gutiérrez,Hijos Del Sol,False,INDIFFERENT,2:57,177,BuaUxIM3_ZA,2024-12-08T19:59:46Z,gh-2920
All That We Perceive,Thievery Corporation,The Richest Man In Babylon,False,INDIFFERENT,3:47,227,7HHiqHr0dtw,2024-12-08T19:55:59Z,gh-2920
She's Knocking,Ikebe Shakedown,The Way Home,False,INDIFFERENT,3:15,195,5gXrbaDHMrM,2024-12-08T19:52:44Z,gh-2920
Black Sand,Glass Beams,Mahal,,INDIFFERENT,4:39,279,v_mpRUw_JDk,2024-12-08T19:48:05Z,gh-2920
Until We Meet Again,Hermanos Gutiérrez,Until We Meet Again,False,INDIFFERENT,3:02,182,p1Li84lDQ6g,2024-12-08T19:45:03Z,gh-2920
The Lone Pistolero,Tommy Guerrero,No Mans Land,False,INDIFFERENT,3:21,201,bINJy0n0rx8,2024-12-08T19:41:42Z,gh-2920
Nobody Knows,Skinshape,Craterellus Tubaeformis,False,INDIFFERENT,3:04,184,hNb1Nu5Mvwo,2024-12-08T19:38:38Z,gh-2920
Ungodly Fruit,Wax Tailor,Tales of the Forgotten Melodies,,INDIFFERENT,3:01,181,q_Y2xEWDVXQ,2024-12-08T19:35:37Z,gh-2920
Call Your Mom,Delvon Lamarr Organ Trio,I Told You So,False,INDIFFERENT,4:00,240,eAKMuxB1ynU,2024-12-08T19:31:37Z,gh-2920
Make the Road By Walking,Menahan Street Band,Make the Road By Walking,False,INDIFFERENT,3:04,184,iV93hXBZinw,2024-12-08T19:28:33Z,gh-2920
La Parisienne,Feiertag,La Parisienne,False,INDIFFERENT,3:33,213,ikAPCpbK8u0,2024-12-08T19:25:00Z,gh-2920
King Charles,The Budos Band,The Budos Band,False,INDIFFERENT,3:10,190,hu31Gv68_qg,2024-12-08T19:21:50Z,gh-2920
Low Sun,Hermanos Gutiérrez,Low Sun,False,INDIFFERENT,3:09,189,I5gVdQgjWas,2024-12-08T19:18:41Z,gh-2920
Road Song,Ikebe Shakedown,The Beast / Road Song,True,LIKE,3:01,181,oUqknxyD8k4,2024-12-08T19:15:40Z,gh-2920
Monorail 3000,Lettuce,Monorail 3000,True,LIKE,5:17,317,7xK8a5rfP6E,2024-12-08T18:34:40Z,gh-2919
Starry Nights (feat. Neal Francis),Adrian Quesada,Jaguar Sound,,LIKE,3:26,206,5uKc4C9T5ZQ,2024-12-08T18:31:14Z,gh-2919
- Fragments - Unattended Generative Modular Ambient // 4 Hour Relaxation,"929K views, State Azure",,,LIKE,4:03:20,14600,8V71sATDTqs,2024-12-08T02:38:16Z,gh-2914
Face It Now,The Photo Atlas,Get Your Own Vices,False,INDIFFERENT,3:00,180,mhDf4iZGgGo,2024-12-08T03:43:42Z,gh-2913
Turk's Cap,Adrian Quesada,Jaguar Sound,,INDIFFERENT,3:11,191,jjLMfkyT2ZU,2024-12-08T02:15:04Z,gh-2912
Fireflies (feat. Neal Francis),Adrian Quesada,Jaguar Sound,,INDIFFERENT,3:24,204,z_gOuPipiT4,2024-12-08T02:11:40Z,gh-2912
Portrait of the Artist as a Young Woman,Adrian Quesada,Jaguar Sound,,INDIFFERENT,1:32,92,0h5aB8F-gb0,2024-12-08T02:10:08Z,gh-2912
Alberto's Loop,Adrian Quesada,Jaguar Sound,,INDIFFERENT,2:24,144,egavkPonwx4,2024-12-08T02:07:44Z,gh-2912
Starry Nights (feat. Neal Francis),Adrian Quesada,Jaguar Sound,,LIKE,3:26,206,5uKc4C9T5ZQ,2024-12-08T02:04:18Z,gh-2912
Spirits,Adrian Quesada & Ikebe Shakedown,Jaguar Sound,,INDIFFERENT,3:46,226,zVh_BJ7jd90,2024-12-08T02:00:32Z,gh-2912
Rise of the Have Nots,Adrian Quesada,Jaguar Sound,,INDIFFERENT,4:55,295,8RMAFIZUG70,2024-12-08T01:55:37Z,gh-2912
Noble Metals,Adrian Quesada,Jaguar Sound,,INDIFFERENT,3:32,212,p4hkI4bVcFw,2024-12-08T01:52:05Z,gh-2912
Reflection with Two Children,Adrian Quesada,Jaguar Sound,,INDIFFERENT,0:31,31,IvdHx5LbFag,2024-12-08T01:51:34Z,gh-2912
LOST SUN,Reylid,LOST SUN,False,INDIFFERENT,3:50,230,3LhwAAL5d2Q,2024-12-08T01:47:44Z,gh-2912
Alonso del Río - El viejo tambor (Eskatos Remix),"284K views, millemon - electronic / world music",,,INDIFFERENT,3:51,231,VDecIESpioQ,2024-12-08T01:43:53Z,gh-2912
Jocotoco Antpitta,Nicola Cruz,A Guide to the Birdsong of South America,,INDIFFERENT,3:17,197,RePVpgsu0Cc,2024-12-08T01:40:36Z,gh-2912
Respiro (Turu Anasi Remix),Seba Campos,Respirar,True,LIKE,6:37,397,DbBUmGGv864,2024-12-08T01:33:59Z,gh-2912
La Cumbia Del Periquito,Da Iguana,"Animals of The Earth, Vol. 1",True,LIKE,3:15,195,Z7FNy3uNRKs,2024-12-08T01:30:44Z,gh-2912
Antofogasta de la Sierra,Lagartijeando,Antofogasta de la Sierra,False,INDIFFERENT,3:45,225,J63P1jXr4N8,2024-12-08T01:26:59Z,gh-2912
El Buho  - Pescado Negro,"239K views, Le Cyclone",,,INDIFFERENT,4:03,243,RMhMd9OWWi4,2024-12-08T01:22:56Z,gh-2912
Basoa,okuma,Traj Traj,False,INDIFFERENT,7:10,430,wj_NzGAaOoA,2024-12-08T01:15:46Z,gh-2912
Oudlin,Turu Anasi,Diáspora,False,INDIFFERENT,7:15,435,GUF4SBNZ6K0,2024-12-07T21:22:39Z,gh-2911
Night Bell (Arizona),Kerala Dust,"Light, West",True,LIKE,7:29,449,02oAFRwUPNw,2024-12-07T21:15:10Z,gh-2911
Medusa,"El Búho, Klik & Frik",Ramas,True,LIKE,4:04,244,QHNi7-U5jHo,2024-12-07T21:11:06Z,gh-2911
Slave To The Traffic Light,Phish,LivePhish 12/07/97,,INDIFFERENT,12:42,762,Kq6KZL9TAPY,2024-12-07T20:58:24Z,gh-2911
Dayton Jam,Phish,LivePhish 12/07/97,,INDIFFERENT,6:18,378,AtR1GtydSdQ,2024-12-07T20:52:06Z,gh-2911
Tube,Phish,LivePhish 12/07/97,,INDIFFERENT,6:21,381,WhvHvCHBzQs,2024-12-07T18:33:28Z,gh-2910
Theme From The Bottom,Phish,LivePhish 12/07/97,,INDIFFERENT,10:51,651,VC3Nmwi2BW0,2024-12-07T18:22:37Z,gh-2910
It's Ice,Phish,LivePhish 12/07/97,,INDIFFERENT,1:55,115,lWnxv4K3ewI,2024-12-07T18:20:42Z,gh-2910
Steep,Phish,LivePhish 12/07/97,,INDIFFERENT,1:58,118,yB3TzZeB7Dg,2024-12-07T18:18:44Z,gh-2910
Swept Away,Phish,LivePhish 12/07/97,,INDIFFERENT,1:05,65,3nLcgur9E8g,2024-12-07T18:17:39Z,gh-2910
It's Ice,Phish,LivePhish 12/07/97,,INDIFFERENT,6:42,402,oz_IH4fEnJY,2024-12-07T18:10:57Z,gh-2910
My Mind's Got A Mind Of His Own,Phish,LivePhish 12/07/97,,INDIFFERENT,2:25,145,T-DJHeRe1q0,2024-12-07T18:08:32Z,gh-2910
Jesus Just Left Chicago,Phish,LivePhish 12/07/97,,INDIFFERENT,10:32,632,Bd-wYQug1rk,2024-12-07T17:58:00Z,gh-2910
Psycho Killer,Phish,LivePhish 12/07/97,,INDIFFERENT,6:33,393,iqpK7k2nzBA,2024-12-07T17:51:27Z,gh-2910
AC/DC Bag,Phish,LivePhish 12/07/97,,INDIFFERENT,5:35,335,H85XfFaoUIs,2024-12-07T17:45:52Z,gh-2910
Convex,Warmth,Parallel,False,INDIFFERENT,7:03,423,eiDDx2unl0A,2024-12-06T20:34:24Z,gh-2906
Reality Engine,36,Reality Engine,False,INDIFFERENT,4:00,240,vgVdCuNRifA,2024-12-06T20:30:24Z,gh-2906
Velocities,Sleepy Fish,Velocities,False,INDIFFERENT,3:12,192,JgI6z6aQhEA,2024-12-06T20:27:12Z,gh-2906
Ends,Líom,Coast,False,INDIFFERENT,5:56,356,6NXhKJm3KYI,2024-12-06T20:21:16Z,gh-2906
In Threes,Loscil,Sea Island,,LIKE,5:58,358,Px_DbjgHVX4,2024-12-06T20:15:18Z,gh-2906
Engine One-Forty-Three,The Carter Family,The Essential Carter Family,False,INDIFFERENT,3:17,197,zPDbK_GUfOs,2024-12-07T03:42:00Z,gh-2905
Jim Thompson's Horse,Noam Pikelny,Beat the Devil and Carry a Rail,False,INDIFFERENT,4:02,242,_SNVo6wTHlM,2024-12-07T03:37:58Z,gh-2905
Everything's The Same,Billy Strings,Home,,INDIFFERENT,2:55,175,OKAyyvvypBs,2024-12-07T03:35:03Z,gh-2905
I Am A Man Of Constant Sorrow (Instrumental),Norman Blake,"O Brother, Where Art Thou? (Original Motion Picture Soundtrack)",False,INDIFFERENT,4:30,270,s-xRawj4dZo,2024-12-07T03:30:33Z,gh-2905
Jumbo,Punch Brothers,All Ashore,,LIKE,3:36,216,ioDXUnJmdBE,2024-12-07T03:26:57Z,gh-2905
All Ashore,Punch Brothers,All Ashore,,INDIFFERENT,7:06,426,eMd0uaXLwps,2024-12-07T03:19:51Z,gh-2905
"Black-Throated Wind (Live at Boston Music Hall, November 30, 1973)",Grateful Dead,"Dick's Picks Vol. 14: Boston Music Hall, Boston, MA 11/30/73 & 12/2/73 (Live)",False,INDIFFERENT,7:02,422,9xOLR6eAWbs,2024-12-07T02:02:02Z,gh-2904
Not Gentle On My Mind,Chuck Darwin & the Knuckle Draggers,For Educational Purposes Only,True,LIKE,2:11,131,fwlkSDX-JT8,2024-12-06T21:29:25Z,gh-2903
Kalkutta,okuma,Urmel / Kalkutta,,LIKE,8:31,511,RPM-NbDuHlM,2024-12-06T21:20:54Z,gh-2903
American Dreaming,Sierra Ferrell,American Dreaming (Single Edit),False,INDIFFERENT,4:18,258,MARPEvw2Prw,2024-12-06T21:16:36Z,gh-2903
"Texas Bound and Flyin' (from the Motion Picture ""Smokey and the Bandit II"")",Jerry Reed,Texas Bound and Flyin',False,INDIFFERENT,3:21,201,sJP-iuBJdWQ,2024-12-06T18:39:14Z,gh-2902
Six Days On the Road,Dave Dudley,White Line Fever,True,LIKE,2:30,150,gN7XhFEhfIE,2024-12-06T18:36:44Z,gh-2902
I Feel for You,"706K views, Charley Crockett",,,INDIFFERENT,3:07,187,mtlHw-Z7mFQ,2024-12-06T18:33:37Z,gh-2902
"Bad, Bad Leroy Brown",Jim Croce,Life & Times,False,INDIFFERENT,3:03,183,01pQgdIfhAM,2024-12-06T18:30:34Z,gh-2902
East Bound And Down,"Bill Justis, Jerry Reed",Smokey And The Bandit (Original Motion Picture Soundtrack),False,INDIFFERENT,4:44,284,-u1Kzcs-z3c,2024-12-06T18:25:50Z,gh-2902
A Pirate Looks At Forty,Jimmy Buffett,A-1-A,False,INDIFFERENT,3:56,236,5M7gijb_1JQ,2024-12-06T18:21:54Z,gh-2902
She's All I Got,Johnny Paycheck,She's All I Got,False,INDIFFERENT,2:57,177,wbzgZ2OxuNE,2024-12-06T18:18:57Z,gh-2902
Are You Sure Hank Done It This Way,Waylon Jennings,Greatest Hits,True,LIKE,2:55,175,6PLPmmfeNd4,2024-12-06T18:16:02Z,gh-2902
Amos Moses,Jerry Reed,Georgia Sunshine,True,LIKE,2:20,140,PbXFHSa4YmQ,2024-12-06T18:13:42Z,gh-2902
The Infamous Stringdusters - Just Like Heaven [The Cure cover - OFFICIAL MUSIC VIDEO],"280K views, The Infamous Stringdusters",,,INDIFFERENT,4:12,252,2W1mPRTjlq4,2024-12-06T18:09:30Z,gh-2902
There Ain't No Good Chain Gang,Johnny Cash,The Legend,False,INDIFFERENT,3:17,197,A2z6i54d7m4,2024-12-06T18:06:13Z,gh-2902
Tulsa Time,Don Williams,Expressions,False,INDIFFERENT,3:16,196,2bHVYvRMm9Q,2024-12-06T18:02:57Z,gh-2902
Y'all Come Back Saloon,The Oak Ridge Boys,Y'all Come Back Saloon,True,LIKE,2:56,176,sH_4dSOXj90,2024-12-06T18:00:01Z,gh-2902
Gracefully Facedown (Live),The Devil Makes Three,Kexp Presents: The Devil Makes Three Live in Studio - EP,True,LIKE,3:27,207,FGt1_5rUr14,2024-12-06T17:56:34Z,gh-2902
Shakedown Street,"449K views, Grateful Dead",,,INDIFFERENT,4:02,242,QgEAVch57sc,2024-12-06T17:52:32Z,gh-2902
Faster Horses (The Cowboy And The Poet),"4.2M views, Tom T. Hall",,,INDIFFERENT,2:59,179,vnvMcX95G20,2024-12-06T17:49:33Z,gh-2902
I Think I'll Just Stay Here And Drink,Merle Haggard,Back To The Barrooms,False,INDIFFERENT,4:32,272,CYXOliWGLMQ,2024-12-06T17:45:01Z,gh-2902
D-R-U-N-K,David Allan Coe,Tennessee Whiskey,True,LIKE,2:35,155,aMmRgo5GTO0,2024-12-06T17:42:26Z,gh-2902
Honky Tonk Heroes (Like Me),Waylon Jennings,Wanted! The Outlaws,True,LIKE,3:30,210,8LIDR2ySLlo,2024-12-06T17:38:56Z,gh-2902
9 to 5 (Love To Infinity Radio Mix),"612K views, Dolly Parton",,,INDIFFERENT,2:34,154,HTcZM5ORL1E,2024-12-06T17:36:22Z,gh-2902
"Lord, Mr. Ford",Jerry Reed,"Lord, Mr. Ford",False,INDIFFERENT,3:17,197,HS4iD2zf8Hc,2024-12-06T17:33:05Z,gh-2902
The Man from Waco,Charley Crockett,The Man from Waco,False,INDIFFERENT,3:46,226,YARPrgVaxFc,2024-12-06T17:29:19Z,gh-2902
She Got The Goldmine (I Got The Shaft) (Buddha Remastered - 2000),Jerry Reed,RCA Country Legends: Jerry Reed,False,INDIFFERENT,3:18,198,eV67FuREdSc,2024-12-06T17:26:01Z,gh-2902
Nicolas Jaar - Too Many Kids Finding Rain In The Dust (Matt Gill Edit),"2.2M views, Alexandru A",,,INDIFFERENT,5:14,314,brI-SdN_XUs,2024-12-06T17:20:47Z,gh-2902
Pure Desire feat. Ellie Lust (feat. Ellie Lust),Narcisse (Mex),Pure Desire,False,INDIFFERENT,6:15,375,kn4opV-fglk,2024-12-06T17:14:32Z,gh-2902
Nese Karabocek - YALI YALI (Todd Terje Edit),"4.8M views, Discolypso",,,INDIFFERENT,5:56,356,UGILR4txS7w,2024-12-06T17:08:36Z,gh-2902
Sexy Rouge (Remix),Pierre Terrasse,French Pop Songs Remixed,False,INDIFFERENT,3:05,185,zp25oJsVI7o,2024-12-06T17:05:31Z,gh-2902
Sumeru,islandman,Kaybola (Deluxe Version),False,INDIFFERENT,4:58,298,8lZYJ-2nnGs,2024-12-06T17:00:33Z,gh-2902
Oceanvs Orientalis - Yol (Edit),"3.4M views, Tekla DuDu CDA",,,INDIFFERENT,7:06,426,28KzG9m45cE,2024-12-06T15:29:00Z,gh-2901
"Natalia Doco, Devendra Banhart - Quedate Luna (10 Ton Obsidian & Spin Alonga Rework)","31M views, millemon - electronic / world music",,,INDIFFERENT,6:11,371,oRW4pSg64WY,2024-12-06T15:22:49Z,gh-2901
Nym - Et Moi,"10M views, DLoaw",,,INDIFFERENT,3:46,226,kZnJSw2cNLc,2024-12-06T15:19:03Z,gh-2901
Nato & Sahalé - Jelassi,"17M views, DLoaw",,,INDIFFERENT,6:25,385,QLMYs0vmzqE,2024-12-06T15:12:38Z,gh-2901
Mumbo Sugar,Arc De Soleil,Libertalia,False,INDIFFERENT,3:09,189,1FSPY3aYVEg,2024-12-06T15:09:29Z,gh-2901
Flames,Rapossa,Mystic Flavor,False,INDIFFERENT,6:53,413,nThfHcRNQI0,2024-12-06T15:02:36Z,gh-2901
Döne Döne,Acid Arab & Cem Yıldız,٣ (Trois),True,LIKE,5:47,347,Y6nbIxKHyso,2024-12-06T14:56:49Z,gh-2901
In The Mood,Glenn Miller and His Orchestra,"Selections from ""The Glenn Miller Story"" and Other Hits",False,INDIFFERENT,3:30,210,wU8UMseLyrQ,2024-12-06T03:42:21Z,gh-2896
That's Life,Frank Sinatra,That's Life,False,INDIFFERENT,3:08,188,XvfImv9NseY,2024-12-06T03:39:13Z,gh-2896
When the Lights Go on Again,Vaughn Monroe & His Orchestra,"Do You Hear Jazz?, Vol. 5",,INDIFFERENT,3:12,192,62zGykNLaao,2024-12-06T03:36:01Z,gh-2896
Sail Away Ladies,Tommy Jarrell,"Do You Hear Jazz?, Vol. 5",,LIKE,2:58,178,ZMuVZtNwcl0,2024-12-06T03:33:03Z,gh-2896
Detour,Tex Williams,"Do You Hear Jazz?, Vol. 5",,INDIFFERENT,2:40,160,VD5GuuDWSKs,2024-12-06T03:30:23Z,gh-2896
Almost Like Being in Love,Ruth Brown,"Do You Hear Jazz?, Vol. 5",,INDIFFERENT,2:49,169,zNflT6QmKtg,2024-12-06T03:27:34Z,gh-2896
Shall We Dance?,"Deborah Kerr, Yul Brynner","Do You Hear Jazz?, Vol. 5",,INDIFFERENT,2:32,152,Sr6E1UWNV3Y,2024-12-06T03:25:02Z,gh-2896
Three Little Words,Tommy Dorsey & His Orchestra,"Do You Hear Jazz?, Vol. 5",,INDIFFERENT,3:05,185,gyicWHHMoCk,2024-12-06T03:21:57Z,gh-2896
September Song,Stan Kenton,"Do You Hear Jazz?, Vol. 5",,INDIFFERENT,3:03,183,gH38c3Z4Bro,2024-12-06T03:18:54Z,gh-2896
Ol' Man Mose,Sam Butera & The Witnesses,"Do You Hear Jazz?, Vol. 5",,INDIFFERENT,2:29,149,cYFYUTfDs4E,2024-12-06T03:16:25Z,gh-2896
Down the Road A-Piece,Will Bradley & Ray McKinley Band,"Do You Hear Jazz?, Vol. 5",,INDIFFERENT,3:08,188,zH1N_rgkgfQ,2024-12-06T03:13:17Z,gh-2896
My Sweet Virginia,Nat Gonella,"Do You Hear Jazz?, Vol. 5",,INDIFFERENT,2:23,143,sugSo3yt8YI,2024-12-06T03:10:54Z,gh-2896
Highways Are Happy Ways,The Everly Brothers,"Do You Hear Jazz?, Vol. 5",,INDIFFERENT,2:44,164,FmMezkpxNHg,2024-12-06T03:08:10Z,gh-2896
"Leave the Dishes in the Sink, Ma",Spike Jones & His City Slickers,"Do You Hear Jazz?, Vol. 5",,INDIFFERENT,2:50,170,MS184nxpLQg,2024-12-06T03:05:20Z,gh-2896
Temptation,Zena DeJonay,"Do You Hear Jazz?, Vol. 5",,INDIFFERENT,2:56,176,CFS1Rfe9yNA,2024-12-06T03:02:24Z,gh-2896
As Time Goes By,Vera Lynn,"Do You Hear Jazz?, Vol. 5",,INDIFFERENT,2:57,177,XFrM3_38HTg,2024-12-06T02:59:27Z,gh-2896
I'll Be Seeing You,Vera Lynn,"Do You Hear Jazz?, Vol. 5",,INDIFFERENT,3:09,189,5aF8YrA4Ou4,2024-12-06T02:56:18Z,gh-2896
Take Me (feat. Tommy Dorsey & His Orchestra & His Orchestra),Frank Sinatra,"Do You Hear Jazz?, Vol. 5",,INDIFFERENT,3:03,183,iHKH3gAvO14,2024-12-06T02:53:15Z,gh-2896
It's Always You (feat. Tommy Dorsey & His Orchestra & His Orchestra),Frank Sinatra,"Do You Hear Jazz?, Vol. 5",,INDIFFERENT,3:15,195,4UckJT5A3-c,2024-12-06T02:50:00Z,gh-2896
Leaving Louisiana In The Broad Daylight,The Oak Ridge Boys,The Oak Ridge Boys Have Arrived,False,INDIFFERENT,3:00,180,PVjXYjyxWTg,2024-12-06T02:47:00Z,gh-2896
You Don't Mess Around with Jim,Jim Croce,You Don't Mess Around With Jim,True,LIKE,3:03,183,VRIHW-aQl-k,2024-12-06T02:43:57Z,gh-2896
Swamp Witch,Jim Stafford,Jim Stafford,,INDIFFERENT,3:48,228,O-4mpwJQBFk,2024-12-06T02:06:48Z,gh-2895
Rocky Racoon,Giacomo Bondi,Relounged and Regrooved Beatles Songs by Giacomo Bondi (35 Songs Special Edition),,INDIFFERENT,4:45,285,Voak4LcOhfg,2024-12-06T02:02:03Z,gh-2895
All Along the Watchtower,The Jimi Hendrix Experience,Electric Ladyland,False,INDIFFERENT,4:01,241,wVLqFQ5QT7Y,2024-12-06T01:58:02Z,gh-2895
Turn! Turn! Turn! (To Everything There Is a Season),The Byrds,Turn! Turn! Turn!,False,INDIFFERENT,3:50,230,vkQlQ6YvGYM,2024-12-06T01:54:12Z,gh-2895
Tired Of Being Alone,Al Green,Gets Next To You,True,LIKE,2:53,173,BEBHIV9L3uc,2024-12-06T01:51:19Z,gh-2895
Right Place Wrong Time,Dr. John,The Atco Albums Collection,True,LIKE,2:56,176,grzL8THFlUs,2024-12-06T01:48:23Z,gh-2895
Spinning Wheel (Single Version),"Blood, Sweat & Tears",Greatest Hits,False,INDIFFERENT,2:40,160,kaRx0t7Waag,2024-12-06T01:45:43Z,gh-2895
Tomorrow Never Knows,Giacomo Bondi,Relounged and Regrooved Beatles Songs by Giacomo Bondi (35 Songs Special Edition),,INDIFFERENT,4:49,289,YMHJi6gBtGU,2024-12-05T19:47:53Z,gh-2893
Nowhere Man,Giacomo Bondi,Relounged and Regrooved Beatles Songs by Giacomo Bondi (35 Songs Special Edition),,INDIFFERENT,4:43,283,oRvrYoz49K0,2024-12-05T19:43:10Z,gh-2893
While My Guitar Gently Weeps,Giacomo Bondi,Relounged and Regrooved Beatles Songs by Giacomo Bondi (35 Songs Special Edition),,INDIFFERENT,5:16,316,hwTjcu2o-8M,2024-12-05T19:37:54Z,gh-2893
The Word,Giacomo Bondi,Relounged and Regrooved Beatles Songs by Giacomo Bondi (35 Songs Special Edition),,INDIFFERENT,4:08,248,Spw1nQcbcsY,2024-12-05T19:33:46Z,gh-2893
She's Leaving Home,Giacomo Bondi,Relounged and Regrooved Beatles Songs by Giacomo Bondi (35 Songs Special Edition),,INDIFFERENT,4:24,264,RamhhAHJVgo,2024-12-05T19:29:22Z,gh-2893
Rocky Racoon,Giacomo Bondi,Relounged and Regrooved Beatles Songs by Giacomo Bondi (35 Songs Special Edition),,INDIFFERENT,4:45,285,Voak4LcOhfg,2024-12-05T19:24:37Z,gh-2893
Eleanor Rigby,Giacomo Bondi,Relounged and Regrooved Beatles Songs by Giacomo Bondi (35 Songs Special Edition),,INDIFFERENT,3:48,228,Oe5tku_OyLc,2024-12-05T19:20:49Z,gh-2893
Lucy in the Sky with Diamonds,Giacomo Bondi,Relounged and Regrooved Beatles Songs by Giacomo Bondi (35 Songs Special Edition),,INDIFFERENT,4:10,250,a4sFN7DJmzQ,2024-12-05T19:16:39Z,gh-2893
And I Love Her,Giacomo Bondi,Relounged and Regrooved Beatles Songs by Giacomo Bondi (35 Songs Special Edition),,INDIFFERENT,3:18,198,X0fxcbn1HTs,2024-12-05T18:38:19Z,gh-2892
Fixing an Hole,Giacomo Bondi,Relounged and Regrooved Beatles Songs by Giacomo Bondi (35 Songs Special Edition),,INDIFFERENT,4:27,267,mUAlCjA_6WM,2024-12-05T18:33:52Z,gh-2892
A Day in the Life,Giacomo Bondi,Relounged and Regrooved Beatles Songs by Giacomo Bondi (35 Songs Special Edition),,INDIFFERENT,5:45,345,kVQ-3wyi-uw,2024-12-05T18:28:07Z,gh-2892
Sun King,Giacomo Bondi,Relounged and Regrooved Beatles Songs by Giacomo Bondi (35 Songs Special Edition),,INDIFFERENT,4:50,290,7wBI6wxt5Rk,2024-12-05T18:23:17Z,gh-2892
Taxman,Giacomo Bondi,Relounged and Regrooved Beatles Songs by Giacomo Bondi (35 Songs Special Edition),,INDIFFERENT,4:06,246,p66ObRiBCBQ,2024-12-05T18:19:11Z,gh-2892
Mother Nature Son,Giacomo Bondi,Relounged and Regrooved Beatles Songs by Giacomo Bondi (35 Songs Special Edition),,INDIFFERENT,4:05,245,gXlRG39xNR0,2024-12-05T18:15:06Z,gh-2892
Rain,Giacomo Bondi,Relounged and Regrooved Beatles Songs by Giacomo Bondi (35 Songs Special Edition),,INDIFFERENT,4:14,254,3qEZx43k-J0,2024-12-05T18:10:52Z,gh-2892
Paperback Writer,Giacomo Bondi,Relounged and Regrooved Beatles Songs by Giacomo Bondi (35 Songs Special Edition),,INDIFFERENT,3:25,205,uQ7GCoX2QEk,2024-12-05T18:07:27Z,gh-2892
If I Needed Someone,Giacomo Bondi,Relounged and Regrooved Beatles Songs by Giacomo Bondi (35 Songs Special Edition),,INDIFFERENT,4:21,261,bbHtfDpTE9Q,2024-12-05T18:03:06Z,gh-2892
I Want You,Giacomo Bondi,Relounged and Regrooved Beatles Songs by Giacomo Bondi (35 Songs Special Edition),,INDIFFERENT,2:14,134,SR98MZtvSEw,2024-12-05T18:00:52Z,gh-2892
"Here, There and Everywhere",Giacomo Bondi,Relounged and Regrooved Beatles Songs by Giacomo Bondi (35 Songs Special Edition),,INDIFFERENT,2:31,151,aIoDCQjyaB8,2024-12-05T17:58:21Z,gh-2892
Drive My Car,Giacomo Bondi,Relounged and Regrooved Beatles Songs by Giacomo Bondi (35 Songs Special Edition),,INDIFFERENT,4:45,285,uxErrubGjbk,2024-12-05T17:53:36Z,gh-2892
Mind Tuning,Plesiada,Dream Master,False,INDIFFERENT,6:12,372,3jKcqhYzBOw,2024-12-04T23:28:39Z,gh-2889
Wash Away The Dust,Billow Observatory,Stareside,False,INDIFFERENT,4:35,275,pJxl6BITXSY,2024-12-04T23:24:04Z,gh-2889
Tear Away,Pechblende,Solstice,False,INDIFFERENT,6:04,364,yBoCGqCqqYc,2024-12-04T23:18:00Z,gh-2889
A Message from the Stars (1111 Hz),Malte Marten,A Message from the Stars (1111 Hz),False,INDIFFERENT,5:09,309,4oWj7qI7JX4,2024-12-04T23:12:51Z,gh-2889
Showers of Ink,loscil,Endless Falls,,INDIFFERENT,8:44,524,bP8TGiCbHrA,2024-12-04T23:04:07Z,gh-2889
Sad Ocean,Chihei Hatakeyama,Mirage,False,INDIFFERENT,3:49,229,CnYEHDRTM_o,2024-12-04T23:00:18Z,gh-2889
Dawn,Warmth,The Night,False,INDIFFERENT,3:57,237,Yh9r3Tcs0g0,2024-12-04T22:56:21Z,gh-2889
Inside (2:56am Mix),36,Blue,False,INDIFFERENT,5:40,340,c_FDWJDFq7U,2024-12-04T22:50:41Z,gh-2889
Sea Floor,Astron,Timeless Tide,False,INDIFFERENT,3:23,203,jXWkNkZHy18,2024-12-04T22:47:18Z,gh-2889
Home,Murphy Cooper,Home,False,INDIFFERENT,3:06,186,J8ljVYAussA,2024-12-04T22:44:12Z,gh-2889
The smell of darkness,Chihei Hatakeyama,Afterimage,False,INDIFFERENT,4:27,267,1gXWcKYcrWI,2024-12-04T22:39:45Z,gh-2889
Forms,Cardamom,Forms,False,INDIFFERENT,3:01,181,Ijx6qgW_-ZM,2024-12-04T22:36:44Z,gh-2889
Poa Alpina,Biosphere,Substrata + Man with a Movie Camera,False,INDIFFERENT,4:12,252,xc7atbM0k6g,2024-12-04T22:32:32Z,gh-2889
Ineffable,Hammock,Ineffable,False,INDIFFERENT,3:02,182,FpQp6xK1ER8,2024-12-04T22:29:30Z,gh-2889
Laugh Shattered,Solo Andata,In The Lens,False,INDIFFERENT,3:03,183,t9kXFEAe1_k,2024-12-04T22:26:27Z,gh-2889
wasteland,Aurenth,wasteland,False,INDIFFERENT,3:22,202,m0M8yT3bM4I,2024-12-04T22:23:05Z,gh-2889
Radiant Ice,Thom Brennan,Shimmer,False,INDIFFERENT,3:01,181,_EP6JIajeo8,2024-12-04T22:20:04Z,gh-2889
Blink,Hiroshi Yoshimura,Music for Nine Post Cards,False,INDIFFERENT,4:43,283,0RHmeCjqnfw,2024-12-04T22:15:21Z,gh-2889
Freeze I,Chihei Hatakeyama,Ghost Woods,,INDIFFERENT,7:37,457,-Gcv6lBx1hE,2024-12-04T22:07:44Z,gh-2889
Deceiver,loscil,Monument Builders,False,INDIFFERENT,4:42,282,PdpUKkF-vaM,2024-12-04T22:03:02Z,gh-2889
Sail Away Ladies,Tommy Jarrell,"Do You Hear Jazz?, Vol. 5",,LIKE,2:58,178,ZMuVZtNwcl0,2024-12-05T06:40:40Z,gh-2888
Drive My Car,Giacomo Bondi,Relounged and Regrooved Beatles Songs by Giacomo Bondi (35 Songs Special Edition),,INDIFFERENT,4:45,285,uxErrubGjbk,2024-12-05T05:08:19Z,gh-2887
Doctor Robert,Giacomo Bondi,Relounged and Regrooved Beatles Songs by Giacomo Bondi (35 Songs Special Edition),,LIKE,4:24,264,F_W4b7qd5DY,2024-12-05T05:03:55Z,gh-2887
Dear Prudence,Giacomo Bondi,Relounged and Regrooved Beatles Songs by Giacomo Bondi (35 Songs Special Edition),,INDIFFERENT,4:33,273,3-pmqL9BMu4,2024-12-05T04:59:22Z,gh-2887
Julia,Giacomo Bondi,Relounged and Regrooved Beatles Songs by Giacomo Bondi (35 Songs Special Edition),,INDIFFERENT,4:33,273,zWq1bBTBuRU,2024-12-05T04:54:49Z,gh-2887
Norvegian Wood,Giacomo Bondi,Relounged and Regrooved Beatles Songs by Giacomo Bondi (35 Songs Special Edition),,INDIFFERENT,3:44,224,EjSlt-5Zi2w,2024-12-05T04:51:05Z,gh-2887
I've Got a Feeling,Giacomo Bondi,Relounged and Regrooved Beatles Songs by Giacomo Bondi (35 Songs Special Edition),,INDIFFERENT,5:50,350,DC9HUL8CHG8,2024-12-05T04:45:15Z,gh-2887
Blackbird,Giacomo Bondi,Relounged and Regrooved Beatles Songs by Giacomo Bondi (35 Songs Special Edition),,LIKE,4:29,269,AqYQDpKjjtk,2024-12-05T04:40:46Z,gh-2887
Black Diamond Bay,Bob Dylan,Desire,,LIKE,7:29,449,WhENzrnToiU,2024-12-05T04:33:17Z,gh-2887
"Dear Mr. Fantasy (Live in New Jersey, April 1, 1988)",Grateful Dead,Road Trips Vol. 4 No. 2: April Fools '88 (Live),True,LIKE,4:21,261,F655kSbb9zo,2024-12-05T04:28:56Z,gh-2887
"Ballad of a Thin Man (Live at Hampton Coliseum, Hampton, VA, March 27, 1988)",Grateful Dead,"Download Series Vol. 5: Hampton Coliseum, Hampton, VA 3/27/88 (Live)",False,INDIFFERENT,7:05,425,vGtjaIHTMRY,2024-12-05T04:21:51Z,gh-2887
Money for Nothing,Dire Straits,Brothers in Arms,False,INDIFFERENT,8:27,507,T82VtnfKGd8,2024-12-05T04:13:24Z,gh-2887
Dancing Queen,ABBA,Arrival,False,INDIFFERENT,3:51,231,YkLLcIKhJ64,2024-12-05T04:09:33Z,gh-2887
Call to Arms,Sturgill Simpson,A Sailor's Guide to Earth,True,LIKE,5:30,330,VuiR4AtH1fc,2024-12-05T04:04:03Z,gh-2887
Not Gentle On My Mind,Chuck Darwin & the Knuckle Draggers,For Educational Purposes Only,True,LIKE,2:11,131,fwlkSDX-JT8,2024-12-05T04:01:52Z,gh-2887
Drift Dancer,Alonefold,Remote Textures,False,INDIFFERENT,10:30,630,-Br0A7FkJmg,2024-12-05T03:51:22Z,gh-2887
Ghosts and Moss,Alonefold,Remote Textures,False,INDIFFERENT,9:26,566,bsVctcODb44,2024-12-05T03:41:56Z,gh-2887
Isolation Horizon,Alonefold,Remote Textures,False,INDIFFERENT,8:53,533,oCqBhCvqApQ,2024-12-05T03:33:03Z,gh-2887
Vem Mae Natureza,"Mose, The Hanuman Project",Vem Mae Natureza,False,INDIFFERENT,7:58,478,2tWKjbs7DuE,2024-12-05T03:25:05Z,gh-2887
Miniyamba,"Yeahman, Hajna, & Mina Shankha",Shika Shika / Botanas Series,False,INDIFFERENT,4:11,251,HZlofxCghnQ,2024-12-05T03:20:54Z,gh-2887
Callen,Derrok,Numa - Fuego Sagrado,,INDIFFERENT,7:52,472,3vQsb1XcWW8,2024-12-05T03:13:02Z,gh-2887
Mi Naturaleza (Montoya Remix),MUTA,Mi Naturaleza,False,INDIFFERENT,4:24,264,M0l096dYgK8,2024-12-05T03:08:38Z,gh-2887
Añoranza en las Yungas (El Búho Remix),Lagartijeando,Jallalla Remixes,False,INDIFFERENT,4:19,259,Ax_mBcfX0dY,2024-12-05T03:04:19Z,gh-2887
Isla Pescado,Lagartijeando,Isla Pescado,False,INDIFFERENT,4:35,275,Qe_HpqBRHQk,2024-12-05T02:59:44Z,gh-2887
Quiero Despertar,Rodrigo Gallardo,Indómita,False,INDIFFERENT,5:23,323,VbKAlSAPA58,2024-12-05T02:54:21Z,gh-2887
Hold Your Head Up >,Phish,"1993-08-02 Tampa, FL Ritz Theatre",,INDIFFERENT,2:08,128,wd1u7uqGLG0,2024-12-05T02:52:13Z,gh-2887
Weekapaug Groove,Phish,"1993-08-02 Tampa, FL Ritz Theatre",,INDIFFERENT,5:03,303,7NaXKbzGOlY,2024-12-05T02:47:10Z,gh-2887
The Squirming Coil,Phish,"1993-08-02 Tampa, FL Ritz Theatre",,INDIFFERENT,9:13,553,XCmIW2YlzYk,2024-12-05T02:37:57Z,gh-2887
Rift,Phish,"1993-08-02 Tampa, FL Ritz Theatre",,INDIFFERENT,5:46,346,f-25Ksx0uzk,2024-12-05T02:32:11Z,gh-2887
The Ballad Of Curtis Loew,Phish,"1993-08-02 Tampa, FL Ritz Theatre",,INDIFFERENT,5:03,303,LFYJt3f7yjE,2024-12-05T02:27:08Z,gh-2887
Sparks >,Phish,"1993-08-02 Tampa, FL Ritz Theatre",,INDIFFERENT,2:13,133,Gb_4T-ml5M8,2024-12-05T02:24:55Z,gh-2887
Mike's Song >,Phish,"1993-08-02 Tampa, FL Ritz Theatre",,INDIFFERENT,8:43,523,ttV2ZPFvy7A,2024-12-05T02:16:12Z,gh-2887
Also Sprach Zarathustra (2001) >,Phish,"1993-08-02 Tampa, FL Ritz Theatre",,INDIFFERENT,4:04,244,Trs7ZiO7_Bk,2024-12-05T02:12:08Z,gh-2887
La Grange,Phish,"1993-08-02 Tampa, FL Ritz Theatre",,INDIFFERENT,5:24,324,GVOLfiBq1Wo,2024-12-05T02:06:44Z,gh-2887
Dog Log,Phish,"1993-08-02 Tampa, FL Ritz Theatre",,INDIFFERENT,4:21,261,sFWe6xylr-s,2024-12-05T02:02:23Z,gh-2887
My Mind's Got A Mind Of Its Own,Phish,"1993-08-02 Tampa, FL Ritz Theatre",,INDIFFERENT,2:12,132,0LaSLFKZtXg,2024-12-05T02:00:11Z,gh-2887
Makisupa Policeman,Phish,"1993-08-02 Tampa, FL Ritz Theatre",,INDIFFERENT,5:04,304,i1kUB2Ap5Lo,2024-12-05T01:55:07Z,gh-2887
Bathtub Gin >,Phish,"1993-08-02 Tampa, FL Ritz Theatre",,INDIFFERENT,11:15,675,6FI_6PzHQ6A,2024-12-05T01:43:52Z,gh-2887
All Things Reconsidered,Phish,"1993-08-02 Tampa, FL Ritz Theatre",,INDIFFERENT,2:40,160,maSqFUXCEJg,2024-12-05T01:41:12Z,gh-2887
Suzy Greenberg,Phish,"1993-08-02 Tampa, FL Ritz Theatre",,INDIFFERENT,5:34,334,g-SIsJMfIKE,2024-12-05T01:35:38Z,gh-2887
The Oh Kee Pa Ceremony >,Phish,"1993-08-02 Tampa, FL Ritz Theatre",,INDIFFERENT,1:44,104,wUNCgGf4rqM,2024-12-05T01:33:54Z,gh-2887
Brother,Phish,"1993-08-02 Tampa, FL Ritz Theatre",,INDIFFERENT,5:00,300,ROejysoe9ME,2024-12-05T01:28:54Z,gh-2887
Poor Heart,Phish,"1993-08-02 Tampa, FL Ritz Theatre",,INDIFFERENT,2:21,141,1CyoyQJXOPM,2024-12-05T01:26:33Z,gh-2887
Guelah Papyrus,Phish,"1993-08-02 Tampa, FL Ritz Theatre",,INDIFFERENT,6:11,371,YixnnWc_85U,2024-12-05T01:20:22Z,gh-2887
Chalk Dust Torture,Phish,"1993-08-02 Tampa, FL Ritz Theatre",,INDIFFERENT,6:59,419,gSGFsqvPAZE,2024-12-05T01:13:23Z,gh-2887
If You Want Me to Stay,Sly & The Family Stone,Fresh,True,LIKE,3:01,181,jkzWSL-gEO4,2024-12-04T05:10:01Z,gh-2887
Dry the Rain,The Beta Band,The Best Of The Beta Band - Music,False,INDIFFERENT,6:07,367,Pg3VVMObKWA,2024-12-03T19:03:51Z,gh-2887
Tin Man (Live),America,Here & Now (Expanded Edition),False,INDIFFERENT,3:47,227,VF-0WcD7XjU,2024-12-03T19:00:04Z,gh-2887
Kodachrome,Paul Simon,There Goes Rhymin' Simon,True,LIKE,3:36,216,JD6Zq505pnM,2024-12-03T18:56:28Z,gh-2887
Diamonds on the Soles of Her Shoes,Paul Simon,Graceland (25th Anniversary Deluxe Edition),False,INDIFFERENT,5:50,350,FAb2Mu0CRk4,2024-12-03T18:50:38Z,gh-2887
Whiskey In The Jar,"David Grisman, Jerry Garcia",Shady Grove,False,INDIFFERENT,4:16,256,Y2nkQQkjCU8,2024-12-03T18:46:22Z,gh-2887
Going to California (Remaster),Led Zeppelin,Led Zeppelin IV (Deluxe Edition),False,INDIFFERENT,3:33,213,PDIz4talyQk,2024-12-03T18:42:49Z,gh-2887
You Were the Fool,Ween,12 Golden Country Greats,,INDIFFERENT,4:27,267,plKeLTrR8Cs,2024-12-03T18:38:22Z,gh-2887
Me and Paul,Willie Nelson,One Hell Of A Ride,True,LIKE,3:49,229,lMugPjewv-0,2024-12-03T18:34:33Z,gh-2887
Stack-A-Lee,Dr. John,Dr. John's Gumbo,False,INDIFFERENT,3:30,210,fdKY7OAcvWw,2024-12-03T18:31:03Z,gh-2887
Dreams (2004 Remaster),Fleetwood Mac,Rumours,False,INDIFFERENT,4:18,258,swJOIjjW69U,2024-12-03T18:26:45Z,gh-2887
The Harder They Come (Live),Jerry Garcia Band,"GarciaLive Volume Two: August 5th, 1990 Greek Theatre",True,LIKE,10:46,646,keL6fAVUYsY,2024-12-03T18:15:59Z,gh-2887
Honky Tonk Heroes (Like Me),Waylon Jennings,Greatest Hits,False,INDIFFERENT,3:29,209,CE5CQ1gfaR8,2024-12-03T18:12:30Z,gh-2887
Blue Indian,Widespread Panic,Til the Medicine Takes,,LIKE,4:53,293,Ph4EvL5dwD4,2024-12-03T18:07:37Z,gh-2887
Evolve,Phish,Evolve,True,LIKE,4:13,253,Qbx7oNFmv-s,2024-12-03T18:03:24Z,gh-2887
Pride of Cucamonga,Grateful Dead,From the Mars Hotel,False,INDIFFERENT,4:18,258,Si_T0tUzLNU,2024-12-03T17:59:06Z,gh-2887
Amie,Pure Prairie League,Bustin' Out,False,INDIFFERENT,4:20,260,lPgNbFni0oI,2024-12-03T17:54:46Z,gh-2887
House Of The Rising Sun,"Doc Watson, Richard Watson",Third Generation Blues,False,INDIFFERENT,3:22,202,FwXxxSRUX4U,2024-12-03T17:51:24Z,gh-2887
Gutted,Bella White,Just Like Leaving,False,INDIFFERENT,4:07,247,v9fb1R1G-A0,2024-12-03T17:47:17Z,gh-2887
Papillon,Orions Belte,Mint,,INDIFFERENT,3:39,219,pNaRpV9iWu4,2024-12-03T17:43:38Z,gh-2887
Change Of Heart,"Margo Price, Sierra Ferrell",Change Of Heart,False,INDIFFERENT,3:44,224,050ndSHgRLY,2024-12-03T17:39:54Z,gh-2887
Last of My Kind,Viv & Riley,Time Is Everything,,LIKE,4:23,263,3kC5wb_yw5Q,2024-12-03T17:35:31Z,gh-2887
Awake & Fly (Zuma Dionys Remix),Rapossa,Awake & Fly,False,INDIFFERENT,7:51,471,pdAoCk5zwSw,2024-12-03T17:27:40Z,gh-2887
Jamestown Ferry,Charley Crockett,Lil G.L.'s Honky Tonk Jubilee,,INDIFFERENT,3:07,187,6bIkqAF4ZOs,2024-12-03T17:24:33Z,gh-2887
Give It Time,Sierra Ferrell,Long Time Coming,,INDIFFERENT,3:38,218,6gbKrEtscFY,2024-12-03T17:20:55Z,gh-2887
Coat Of Many Colors,Sierra Ferrell,Coat Of Many Colors,True,LIKE,3:14,194,fB_G-NoVoQ8,2024-12-03T17:17:41Z,gh-2887
Unknown Legend,Bella White,Unknown Legend,False,INDIFFERENT,4:09,249,No7vP2c4bCk,2024-12-03T17:13:32Z,gh-2887
Wish You Well,Sierra Ferrell,Trail Of Flowers,True,LIKE,3:39,219,2EFQc_A5N3k,2024-12-03T17:09:53Z,gh-2887
Long Journey Home,The Bedquilt Ramblers & Ben Babbitt,Kentucky Route Zero (Original Soundtrack),False,INDIFFERENT,3:18,198,lLd1zBgXX7c,2024-12-03T17:06:35Z,gh-2887
Clay Pigeons,John Prine,Fair and Square,False,INDIFFERENT,4:28,268,4LfZJMIs3BI,2024-12-03T17:02:07Z,gh-2887
In My Hour of Darkness (2002 Remaster),Gram Parsons,Grievous Angel,False,INDIFFERENT,3:50,230,d9mEiclL1UA,2024-12-03T16:58:17Z,gh-2887
Mean Mother Blues,Julian Lage & Chris Eldridge,Avalon,,LIKE,3:45,225,7yD5urQ29_A,2024-12-03T16:54:32Z,gh-2887
To Live Is To Fly,Townes Van Zandt,"High, Low And In Between",,INDIFFERENT,3:16,196,ChSn6wDhNL8,2024-12-03T16:51:16Z,gh-2887
Do You Think About Me At All,Bella White,Just Like Leaving,False,INDIFFERENT,3:17,197,Vk3OEp9DyYY,2024-12-03T16:47:59Z,gh-2887
The Man From Waco (Billy Horton Sessions),Charley Crockett,The Man From Waco (Billy Horton Sessions),False,INDIFFERENT,3:29,209,64ZlDbn7QIQ,2024-12-03T16:44:30Z,gh-2887
The Garden (from The Hunger Games: The Ballad of Songbirds & Snakes),Sierra Ferrell,The Hunger Games: The Ballad of Songbirds & Snakes (Music From & Inspired By),,LIKE,3:43,223,oqyL-fDiXkU,2024-12-03T16:40:47Z,gh-2887
Diamond In The Rough,Charley Crockett,$10 Cowboy,False,INDIFFERENT,3:19,199,OP-S296011Y,2024-12-03T16:37:28Z,gh-2887
Ripple,Grateful Dead,The Best of the Grateful Dead,False,INDIFFERENT,4:12,252,5wh7ylJManI,2024-12-03T16:33:16Z,gh-2887
Dollar Bill Bar,Sierra Ferrell,Dollar Bill Bar,False,INDIFFERENT,3:30,210,0_7TjIxxM_4,2024-12-03T16:29:46Z,gh-2887
Dopamine Clouds Over Craven Cottage,Stars of the Lid,And Their Refinement of the Decline,,INDIFFERENT,5:55,355,od1qtiWjXTw,2024-12-03T16:23:51Z,gh-2887
West Virginia Waltz,Sierra Ferrell,Long Time Coming,,INDIFFERENT,3:34,214,1bE7LApwxUk,2024-12-03T16:20:17Z,gh-2887
Daylight,Watchhouse,Such Jubilee,False,INDIFFERENT,3:14,194,ShvwIdpxyG8,2024-12-03T16:17:03Z,gh-2887
Faint Liquid,Loscil,Stases,,INDIFFERENT,4:20,260,GVw9YB0evmA,2024-12-03T16:12:43Z,gh-2887
Rosemary,Sierra Ferrell,Trail Of Flowers,False,INDIFFERENT,3:37,217,DoYRPz8DA_U,2024-12-03T16:09:06Z,gh-2887
"Hey Me, Hey Mama",Sierra Ferrell,"Hey Me, Hey Mama",False,INDIFFERENT,3:31,211,G2Nr8F_eNzE,2024-12-03T16:05:35Z,gh-2887
Equivalent 8,Loscil,Equivalents,False,INDIFFERENT,3:27,207,MdCluPkYeKU,2024-12-03T16:02:08Z,gh-2887
Feelin' Good Again,Robert Earl Keen,Walking Distance,True,LIKE,3:17,197,g5i6duhB9mk,2024-12-03T15:58:51Z,gh-2887
American Dreaming,Sierra Ferrell,American Dreaming (Single Edit),False,INDIFFERENT,4:18,258,MARPEvw2Prw,2024-12-03T15:54:33Z,gh-2887
Rocky Raccoon (Remastered 2009),The Beatles,The Beatles,False,INDIFFERENT,3:34,214,sDcDCZGcZj8,2024-12-03T15:50:59Z,gh-2887
Another New World,Punch Brothers,Ahoy!,,INDIFFERENT,6:31,391,O5jhLetcHag,2024-12-03T15:44:28Z,gh-2887
$10 Cowboy,Charley Crockett,$10 Cowboy,False,INDIFFERENT,3:36,216,mwT-smk8VOA,2024-12-03T15:40:52Z,gh-2887
Brittle,loscil,First Narrows,,INDIFFERENT,7:34,454,F3xOARtKKKg,2024-12-03T15:33:18Z,gh-2887
Lucy Dub,loscil,First Narrows,,LIKE,7:20,440,4ry53LMYQW8,2024-12-03T15:25:58Z,gh-2887
Argonaut I,loscil,Submers,,LIKE,7:13,433,u7PrucRBWac,2024-12-03T15:18:45Z,gh-2887
Cloister,loscil,First Narrows,,LIKE,9:00,540,ikiHX2_eHWA,2024-12-03T15:09:45Z,gh-2887
Mode,loscil,First Narrows,,INDIFFERENT,5:43,343,Z96FAIFxhxY,2024-12-03T15:04:02Z,gh-2887
Ema,loscil,First Narrows,,INDIFFERENT,7:32,452,9yLTtZZ5X-I,2024-12-03T14:56:30Z,gh-2887
First Narrows,loscil,First Narrows,,LIKE,10:20,620,KH4et5ch1yo,2024-12-03T14:46:10Z,gh-2887
Sickbay,loscil,First Narrows,,INDIFFERENT,6:14,374,EghF8RhGNAg,2024-12-03T14:39:56Z,gh-2887
Like a Prayer,Madonna,The Immaculate Collection,False,INDIFFERENT,5:52,352,IaHQYTm14Kc,2024-12-03T14:34:04Z,gh-2887
Like a Prayer (Choir Version From “Deadpool & Wolverine”),I'll Take You There Choir,"Deadpool & Wolverine: Madonna's ""Like a Prayer"" EP",False,INDIFFERENT,2:33,153,z11jxaOu_Cw,2024-12-03T14:31:31Z,gh-2887
HOT TO GO!,Chappell Roan,The Rise and Fall of a Midwest Princess,False,INDIFFERENT,3:05,185,GJAt8bqW00E,2024-12-03T14:28:26Z,gh-2887
Paparazzi,Lady Gaga,The Fame,False,INDIFFERENT,3:29,209,28jp-30w8Lg,2024-12-03T14:24:57Z,gh-2887
Poker Face,Lady Gaga,The Fame,False,INDIFFERENT,3:58,238,oG-4Uvhm4lI,2024-12-03T14:20:59Z,gh-2887
Shake It Off (Taylor's Version),Taylor Swift,1989 (Taylor's Version),False,INDIFFERENT,3:40,220,nOc68bLYe90,2024-12-03T14:17:19Z,gh-2887
Oops!...I Did It Again,Britney Spears,Oops!... I Did It Again,False,INDIFFERENT,3:32,212,wsHbHR3Os6U,2024-12-03T14:13:47Z,gh-2887
Can't Get You Out of My Head,Kylie Minogue,Can't Get You Out of My Head,False,INDIFFERENT,3:52,232,EU79S-pFmn0,2024-12-03T14:09:55Z,gh-2887
Toxic,Britney Spears,In The Zone,False,INDIFFERENT,3:19,199,tVdr_JWmnsA,2024-12-03T14:06:36Z,gh-2887
Galway Girl,Mundy,Live at Oxegen 2008,False,INDIFFERENT,4:01,241,JucbwJo9tGA,2024-12-03T14:02:35Z,gh-2887
Lil Boo Thang,Paul Russell,Lil Boo Thang,False,INDIFFERENT,1:55,115,ER8z-iLK91Y,2024-12-03T14:00:40Z,gh-2887
Honky Tonk Badonkadonk,Trace Adkins,Songs About Me,False,INDIFFERENT,4:02,242,EjpJCYfgyvc,2024-12-03T13:56:38Z,gh-2887
Döne Döne,Acid Arab & Cem Yıldız,٣ (Trois),True,LIKE,5:47,347,Y6nbIxKHyso,2024-12-03T13:50:51Z,gh-2887
Fade to Gray,Steve Roach,Fade To Gray,False,INDIFFERENT,1:13:55,4435,mwx3owCLjek,2024-12-03T12:36:56Z,gh-2887
Black Tusk,Loscil,Coast / Range / Arc,,INDIFFERENT,10:03,603,Y4Z7w6nNe8U,2024-12-03T12:26:53Z,gh-2887
Forever Held,"Jon Hopkins, Ólafur Arnalds",Forever Held,False,INDIFFERENT,2:39,159,Hmxfn9V3lzE,2024-12-03T12:24:14Z,gh-2887
- Fragments - Unattended Generative Modular Ambient // 4 Hour Relaxation,"928K views, State Azure",,,LIKE,4:03:20,14600,8V71sATDTqs,2024-12-03T08:20:54Z,gh-2887
Folding Space,State Azure,Folding Space,False,INDIFFERENT,1:59:18,7158,BEkFCoFKgYU,2024-12-03T06:21:36Z,gh-2887
A Temple On Highway,Chihei Hatakeyama,Void XXVI,False,INDIFFERENT,5:29,329,CiH9LXqtqF4,2024-12-03T06:16:07Z,gh-2887
#19,Aphex Twin,Selected Ambient Works Volume II (Expanded Edition),False,INDIFFERENT,10:15,615,EPMSImeIeNY,2024-12-03T06:05:52Z,gh-2887
door to the cosmos,Chihei Hatakeyama,Void XIV,False,INDIFFERENT,6:15,375,ZgCjWE9IqWU,2024-12-03T05:59:37Z,gh-2887
Stratus,Loscil,Stases,,INDIFFERENT,9:12,552,tMhnovzhZf8,2024-12-03T05:50:25Z,gh-2887
Mar de Grau,Cardamom,Mar de Grau,False,INDIFFERENT,5:27,327,qjmspiBSiLk,2024-12-03T05:44:58Z,gh-2887
aisatsana [102],Aphex Twin,Syro,False,INDIFFERENT,5:22,322,p0Wva6X0ruM,2024-12-03T05:39:36Z,gh-2887
"Articulate Silences, Pt. 2",Stars of the Lid,And Their Refinement of the Decline,,INDIFFERENT,5:38,338,xyQTPSSNL3g,2024-12-03T05:33:58Z,gh-2887
Faults,Loscil,"Faults, Coasts, Lines",,INDIFFERENT,12:03,723,6bcBzxf7xIs,2024-12-03T05:21:55Z,gh-2887
Beyond All Hope,Ephraim Lovelace,Restless Nights,False,INDIFFERENT,5:40,340,EWQtvhqXj4g,2024-12-03T05:16:15Z,gh-2887
Drift,Brian Eno,Apollo: Atmospheres And Soundtracks (Extended Edition),False,INDIFFERENT,3:06,186,ufNxgRZs-oE,2024-12-03T05:13:09Z,gh-2887
Liminal,Steve Roach,Mercurius,False,INDIFFERENT,7:28,448,E82-IKRE4Sg,2024-12-03T05:05:41Z,gh-2887
Yellow,"Lawrence English, Loscil",Colours of Air,,INDIFFERENT,5:08,308,EMP5Hzqe4lc,2024-12-03T05:00:33Z,gh-2887
Double Voice From Dystopia,Chihei Hatakeyama,Void XXVI,False,INDIFFERENT,7:08,428,HDW05RYcLo4,2024-12-03T04:53:25Z,gh-2887
The Night,Warmth,The Night,False,INDIFFERENT,6:58,418,zN_xASFhR-A,2024-12-03T04:46:27Z,gh-2887
Long Whale Song (Slowed + Reverb),SymphoCat,Long Whale Song (Remixes),False,INDIFFERENT,3:20,200,UaeWdZjvetM,2024-12-03T04:43:07Z,gh-2887
#21,Aphex Twin,Selected Ambient Works Volume II (Expanded Edition),False,INDIFFERENT,4:16,256,o3aReBoLdv0,2024-12-03T04:38:51Z,gh-2887
Time forest,Hiroshi Yoshimura,Surround,False,INDIFFERENT,10:49,649,4DfKl7gIDRo,2024-12-03T04:28:02Z,gh-2887
Driving Wings,Chihei Hatakeyama,Black Swallow,False,INDIFFERENT,5:03,303,UVqntcDUP3o,2024-12-03T04:22:59Z,gh-2887
The Daughters of Quiet Minds,Stars of the Lid,And Their Refinement of the Decline,,INDIFFERENT,13:22,802,GwHg9bboq78,2024-12-03T04:09:37Z,gh-2887
Shadow Maple,Loscil,Shadow Maple,False,INDIFFERENT,8:00,480,xVWHFlUQ5os,2024-12-03T04:01:37Z,gh-2887
Cyme,Loscil,Umbel,False,INDIFFERENT,7:26,446,nY1gfVP-00I,2024-12-03T03:54:11Z,gh-2887
Trans-Continental Hustle,Gogol Bordello,Trans-Continental Hustle,True,LIKE,4:17,257,m25XvcLsROQ,2024-12-03T03:49:54Z,gh-2887
Mr. Spaceman,The Byrds,Fifth Dimension,True,LIKE,2:10,130,0Yr1vHKioo4,2024-12-03T03:47:44Z,gh-2887
Unbroken Chain,Grateful Dead,From the Mars Hotel,True,LIKE,6:46,406,T5FN06LFfHk,2024-12-03T03:40:58Z,gh-2887
A Show of Hands,Victor Wooten,A Show of Hands 15,,INDIFFERENT,5:29,329,UC1jQnJRa5M,2024-12-03T03:35:29Z,gh-2887
Black Iris,Sven Wunder,Eastern Flowers,,LIKE,2:53,173,U_itkIUMAJ8,2024-12-03T03:32:36Z,gh-2887
Jet Airliner,Steve Miller Band,Book Of Dreams,False,INDIFFERENT,4:26,266,JHa1hiFYbFQ,2024-12-03T03:28:10Z,gh-2887
"Vertigo (feat. Sam Bush, Bryan Sutton, Edgar Meyer & Stuart Duncan)",Béla Fleck,My Bluegrass Heart,,LIKE,5:19,319,CLSkIjLGEM0,2024-12-03T03:22:51Z,gh-2887
Kalkutta,okuma,Urmel / Kalkutta,,LIKE,8:31,511,RPM-NbDuHlM,2024-12-03T03:14:20Z,gh-2887
Urmel,okuma,Urmel / Kalkutta,,LIKE,7:50,470,p4wmAhqaIx4,2024-12-03T03:06:30Z,gh-2887
"Sugar Magnolia (Live at Boston Music Hall, November 30, 1973)",Grateful Dead,Thankfully Grateful (Live),,INDIFFERENT,10:17,617,5Xve_XUr9_s,2024-12-03T02:56:13Z,gh-2887
"Eyes of the World (Live at Boston Music Hall, November 30, 1973)",Grateful Dead,Thankfully Grateful (Live),,INDIFFERENT,19:27,1167,HIM3KSmsRxo,2024-12-03T02:36:46Z,gh-2887
"Weather Report Suite: Prelude / Pt. 1/Pt. 2 (Let It Grow) [Live at Boston Music Hall, November 30, 1973]",Grateful Dead,Thankfully Grateful (Live),,INDIFFERENT,14:45,885,cRU-gx3Pb_Q,2024-12-03T02:22:01Z,gh-2887
"Ballad of a Thin Man (Live at Hampton Coliseum, Hampton, VA, March 27, 1988)",Grateful Dead,Thankfully Grateful (Live),,INDIFFERENT,7:05,425,UmT3E8JB1vc,2024-12-03T02:14:56Z,gh-2887
"It Takes a Lot to Laugh, It Takes a Train to Cry (Live, June 10, 1973)",Grateful Dead,Thankfully Grateful (Live),,INDIFFERENT,7:36,456,4iSq7LdB3TU,2024-12-03T02:07:20Z,gh-2887
"Mexicali Blues (Live at Pine Knob Music Theater, Clarkston, MI, June 20, 1991)",Grateful Dead,Thankfully Grateful (Live),,INDIFFERENT,5:52,352,0XuKFqRq8AY,2024-12-03T02:01:28Z,gh-2887
"Peggy-O (Live at Pine Knob Music Theater, Clarkston, MI, June 20, 1991)",Grateful Dead,Thankfully Grateful (Live),,INDIFFERENT,7:48,468,SgZFiBnDupw,2024-12-03T01:53:40Z,gh-2887
Respect Yourself,The Staple Singers,Be Altitude: Respect Yourself [Stax Remasters],False,INDIFFERENT,4:57,297,CEFTmFw1mto,2024-12-03T01:48:43Z,gh-2887
"Deal (Live at Barton Hall, Cornell University, Ithaca, NY 5/8/77)",Grateful Dead,Thankfully Grateful (Live),,INDIFFERENT,6:11,371,7iJUNhE3E-k,2024-12-03T01:42:32Z,gh-2887
"Just like Tom Thumb's Blues (Live at Civic Arena, Pittsburgh, PA, April 3, 1989)",Grateful Dead,Thankfully Grateful (Live),,INDIFFERENT,5:07,307,-VtbmaEVJwg,2024-12-03T01:37:25Z,gh-2887
"Black-Throated Wind (Live at Boston Music Hall, November 30, 1973)",Grateful Dead,Thankfully Grateful (Live),,INDIFFERENT,7:02,422,SmhktZkPWm8,2024-12-03T01:30:23Z,gh-2887
"When I Paint My Masterpiece (Live at Nassau Coliseum, Uniondale, New York 3/29/90)",Grateful Dead,Thankfully Grateful (Live),,INDIFFERENT,6:03,363,zBTpzM9VM9g,2024-12-03T01:24:20Z,gh-2887
Khepre,Islandman,Heimlich III,False,INDIFFERENT,6:32,392,JyKcDPOovSo,2024-12-03T01:17:48Z,gh-2887
Feather feat. Pippermint (Iorie & Madmotormiquel Remix) (feat. Pippermint),Nhii,Feather (The Remixes),False,INDIFFERENT,7:08,428,kb-3zKF_Y34,2024-12-03T01:10:40Z,gh-2887
Untitled (Late Sun) [Another Shade of Dwig Remix],Kerala Dust,Late Sun,False,INDIFFERENT,7:29,449,SA13_NSM8cQ,2024-12-03T01:03:11Z,gh-2887
Matumbee (feat. Booker Gee & Blundetto),Soul Sugar,Excursions in Soul Reggae Funk & Dub,False,INDIFFERENT,3:25,205,gg98MXs4CCs,2024-12-03T00:59:46Z,gh-2887
El Jaguar Caza feat. Sāgarā (feat. Sāgarā),Da Iguana,Caribestial - Random Collective Records,False,INDIFFERENT,5:31,331,uM-04NbN5oY,2024-12-03T00:54:15Z,gh-2887
Woah! There's No Limit (feat. Mara TK),Lord Echo,Harmonies,False,INDIFFERENT,5:32,332,qJpmZvX6ca8,2024-12-03T00:48:43Z,gh-2887
My Homeland Dub,"Alien Dread, Alvin Davis",My Homeland,False,INDIFFERENT,3:32,212,2rW5tolT27A,2024-12-03T00:45:11Z,gh-2887
Fight It One More Night (Instrumental Version),Mama Zula,Fight It One More Night,False,INDIFFERENT,3:25,205,KLqpswnDfGQ,2024-12-03T00:41:46Z,gh-2887
Dunk,Noiseshaper,The Signal,False,INDIFFERENT,6:12,372,eR6KgsP865c,2024-12-03T00:35:34Z,gh-2887
The Watcher (Okuma Remix),Daniel Hokum,Revelation,False,INDIFFERENT,7:10,430,1ycPdiM3zxY,2024-12-03T00:28:24Z,gh-2887
Basoa,okuma,Traj Traj,False,INDIFFERENT,7:10,430,wj_NzGAaOoA,2024-12-03T00:21:14Z,gh-2887
High Dad In The Morning,Dillard/Hartford/Dillard,Glitter Grass From The Nashwood Hollyville Strings / Permanent Wave,,INDIFFERENT,2:49,169,dMLk8GKqdTg,2024-12-03T00:18:25Z,gh-2887
Lost In A World,Dillard/Hartford/Dillard,Glitter Grass From The Nashwood Hollyville Strings / Permanent Wave,,INDIFFERENT,3:09,189,Er-R7XuZpAM,2024-12-03T00:15:16Z,gh-2887
Biggest Whatever,Dillard/Hartford/Dillard,Glitter Grass From The Nashwood Hollyville Strings / Permanent Wave,,INDIFFERENT,3:20,200,-NqdLO6Gv04,2024-12-03T00:11:56Z,gh-2887
No End Love,Dillard/Hartford/Dillard,Glitter Grass From The Nashwood Hollyville Strings / Permanent Wave,,INDIFFERENT,4:13,253,xsohGEjDYZw,2024-12-03T00:07:43Z,gh-2887
Bear Creek Hop,Dillard/Hartford/Dillard,Glitter Grass From The Nashwood Hollyville Strings / Permanent Wave,,INDIFFERENT,1:58,118,F_XeXogoIro,2024-12-03T00:05:45Z,gh-2887
Don't Lead Me On,Dillard/Hartford/Dillard,Glitter Grass From The Nashwood Hollyville Strings / Permanent Wave,,INDIFFERENT,2:51,171,kLqJKSYcuu0,2024-12-03T00:02:54Z,gh-2887
Two Hits And The Joint Turned Brown,Dillard/Hartford/Dillard,Glitter Grass From The Nashwood Hollyville Strings / Permanent Wave,,INDIFFERENT,3:16,196,x4WaTnYp5n0,2024-12-02T23:59:38Z,gh-2887
Cross The Borderline,Dillard/Hartford/Dillard,Glitter Grass From The Nashwood Hollyville Strings / Permanent Wave,,INDIFFERENT,2:22,142,Rg6H3sIloN4,2024-12-02T23:57:16Z,gh-2887
Don't Come Rollin',Dillard/Hartford/Dillard,Glitter Grass From The Nashwood Hollyville Strings / Permanent Wave,,LIKE,2:19,139,25bd7E22bQA,2024-12-02T23:54:57Z,gh-2887
I Wanna Be Your Lover,Prince,Prince,False,INDIFFERENT,5:48,348,nzbOY4mGIug,2024-12-02T23:49:09Z,gh-2887
Dreaming Of Utah,Cristina Vane,Nowhere Sounds Lovely,False,INDIFFERENT,3:14,194,F-zNPnbI-Cs,2024-12-02T23:45:55Z,gh-2887
Shine On You Crazy Diamond,Pink Floyd,A Collection Of Great Dance Songs,False,INDIFFERENT,10:41,641,mrsRtCxgmmQ,2024-12-02T23:35:14Z,gh-2887
Goodbye Mary,"Golden Highway, Molly Tuttle",City of Gold,False,INDIFFERENT,4:13,253,6yK3FGtbREU,2024-12-02T23:31:01Z,gh-2887
Elvis Presley Blues,Gillian Welch,Time (The Revelator),False,INDIFFERENT,4:57,297,QXLTVVAup68,2024-12-02T23:26:04Z,gh-2887
Stella Blue,Grateful Dead,Wake of the Flood,False,INDIFFERENT,6:24,384,VKsWDyvWaL4,2024-12-02T23:19:40Z,gh-2887
When They Ring Them Golden Bells / Ophelia Reprise (with Hidden Track- Ophelia Reprise),Natalie Merchant,Ophelia,,LIKE,9:34,574,KU3Soe1LXsQ,2024-12-02T23:10:06Z,gh-2887
Black Tusk Descent,loscil,coast/range/arc//,,INDIFFERENT,7:15,435,ZheAgv6symk,2024-12-02T23:02:51Z,gh-2887
Goat Mountain,loscil,coast/range/arc//,,INDIFFERENT,10:39,639,I9PZ9RNfjqA,2024-12-02T22:52:12Z,gh-2887
Brohm Ridge,loscil,coast/range/arc//,,INDIFFERENT,11:32,692,qdnf9Jei9cU,2024-12-02T22:40:40Z,gh-2887
Neivei,loscil,coast/range/arc//,,INDIFFERENT,8:07,487,L9T3xAJt3HE,2024-12-02T22:32:33Z,gh-2887
Stave Peak,loscil,coast/range/arc//,,INDIFFERENT,6:54,414,HL6dpqsG7ng,2024-12-02T22:25:39Z,gh-2887
Fromme,loscil,coast/range/arc//,,INDIFFERENT,7:43,463,t8vq06fpZqM,2024-12-02T22:17:56Z,gh-2887
Black Tusk,loscil,coast/range/arc//,,INDIFFERENT,10:16,616,abE2cINm72I,2024-12-02T22:07:40Z,gh-2887
