title,artists,album,inLibrary,likeStatus,duration,duration_seconds,videoId,played_at,run_id
Do Ya (Unedited Alternative Mix),Electric Light Orchestra,Flashback,False,INDIFFERENT,4:10,250,tW_bDujEwBY,2024-07-31T06:26:20Z,gh-1856
"A Apolitical Blues (Live at the Rainbow Theatre, London, UK, 8/3/1977)",Little Feat,Waiting for Columbus (Live Version),False,INDIFFERENT,3:52,232,dahVuPbSylw,2024-07-31T06:22:28Z,gh-1856
"Don't Bogart That Joint (Live at Lisner Auditorium, Washington, DC, 8/8/1977)",Little Feat,Waiting for Columbus (Live Version),False,INDIFFERENT,1:02,62,sE13nvgcwI8,2024-07-31T06:21:26Z,gh-1856
"Willin' (Live at Lisner Auditorium, Washington, DC, 8/8/1977)",Little Feat,Waiting for Columbus (Live Version),False,INDIFFERENT,4:43,283,kfnaxepWtOQ,2024-07-31T06:16:43Z,gh-1856
"Rocket In My Pocket (Live at the Rainbow Theatre, London, UK, 8/2/1977)",Little Feat,Waiting for Columbus (Live Version),False,INDIFFERENT,3:58,238,r6nOCws9_yA,2024-07-31T06:12:45Z,gh-1856
"Tripe Face Boogie (Live at the Rainbow Theatre, London, UK, 8/3/1977)",Little Feat,Waiting for Columbus (Live Version),False,INDIFFERENT,7:10,430,nVuAOS6mU6k,2024-07-31T06:05:35Z,gh-1856
"Dixie Chicken (Live at the Rainbow Theatre, London, UK, 8/3/1977)",Little Feat,Waiting for Columbus (Live Version),False,INDIFFERENT,8:54,534,UMJbtFZWWa8,2024-07-31T05:56:41Z,gh-1856
"Time Loves a Hero (Live at the Rainbow Theatre, London, UK, 8/4/1977)",Little Feat,Waiting for Columbus (Live Version),False,INDIFFERENT,4:20,260,Ig-lMlikKNU,2024-07-31T05:52:21Z,gh-1856
"Old Folks' Boogie (Live at the Rainbow Theatre, London, UK, 8/4/1977)",Little Feat,Waiting for Columbus (Live Version),True,LIKE,4:29,269,Kr7VaihjYT8,2024-07-31T05:47:52Z,gh-1856
"Fat Man in the Bathtub (Live at Lisner Auditorium, Washington, DC, 8/10/1977)",Little Feat,Waiting for Columbus (Live Version),False,INDIFFERENT,4:54,294,PiutmLNt5VI,2024-07-31T05:42:58Z,gh-1856
How Blue Can You Get,Louisiana Gator Boys,Blues Brothers 2000,True,LIKE,5:31,331,5l-xLSDU9b8,2024-07-31T05:37:27Z,gh-1856
Biding My Time,Pink Floyd,Relics,False,INDIFFERENT,5:19,319,gvCNJdUExts,2024-07-31T05:32:08Z,gh-1856
Everybody's Talkin',Harry Nilsson,Aerial Pandemonium Ballet,False,INDIFFERENT,2:43,163,jzFM_-1moSo,2024-07-31T05:29:25Z,gh-1856
Oh! Sweet Nuthin',The Velvet Underground,Loaded,False,INDIFFERENT,7:26,446,YjYrfV2xIwI,2024-07-31T03:21:38Z,gh-1855
Long Way Home,Tom Waits,"Orphans: Brawlers, Bawlers & Bastards",True,LIKE,3:11,191,t5eKQOKC6ts,2024-07-31T03:18:27Z,gh-1855
Morning Has Broken,Cat Stevens,Teaser And The Firecat,False,INDIFFERENT,3:20,200,qARB7XPfYjo,2024-07-31T03:15:07Z,gh-1855
Telephone Call From Istanbul,Tom Waits,Franks Wild Years,False,INDIFFERENT,3:12,192,nRBmNhIuetQ,2024-07-31T03:11:55Z,gh-1855
I Got a Name (Stereo Version),Jim Croce,I Got a Name,False,INDIFFERENT,3:15,195,gdnR9iQS-N8,2024-07-31T03:08:40Z,gh-1855
Way Down In The Hole,Tom Waits,Franks Wild Years,False,INDIFFERENT,3:31,211,ngNnnv1HKAI,2024-07-31T03:05:09Z,gh-1855
Is This What You Wanted,Leonard Cohen,New Skin For The Old Ceremony,False,INDIFFERENT,4:14,254,jKosiPw-85k,2024-07-31T03:00:55Z,gh-1855
"Fat Man in the Bathtub (Live at Lisner Auditorium, Washington, DC, 8/10/1977)",Little Feat,Waiting for Columbus (Live Version),False,INDIFFERENT,4:54,294,PiutmLNt5VI,2024-07-31T01:21:04Z,gh-1854
How Blue Can You Get,Louisiana Gator Boys,Blues Brothers 2000,True,LIKE,5:31,331,5l-xLSDU9b8,2024-07-31T01:15:33Z,gh-1854
"Come On, Come Over",Jaco Pastorius,The Essential Jaco Pastorius,False,INDIFFERENT,3:55,235,zY2H6ZF5ACU,2024-07-31T01:11:38Z,gh-1854
New South Africa (Live Version),Bela Fleck And The Flecktones,Live Art,False,INDIFFERENT,4:44,284,yhfl6uudFJQ,2024-07-31T01:06:54Z,gh-1854
All Time Low,Widespread Panic,Til the Medicine Takes,,INDIFFERENT,4:10,250,HO_7bbEPo-4,2024-07-31T01:02:44Z,gh-1854
Freeker By the Speaker,Keller Williams,Laugh,False,INDIFFERENT,4:53,293,BAdcEArCuo8,2024-07-31T00:57:51Z,gh-1854
Light,Phish,"2015/01/03 Miami, FL",,INDIFFERENT,10:35,635,9EXlGFu50Jw,2024-07-30T02:38:29Z,gh-1850
Helter Skelter (Remastered 2009),The Beatles,The Beatles,False,INDIFFERENT,4:30,270,vWW2SzoAXMo,2024-07-30T09:25:15Z,gh-1849
Biding My Time,Pink Floyd,Relics,False,INDIFFERENT,5:19,319,gvCNJdUExts,2024-07-30T09:19:56Z,gh-1849
Freeker By the Speaker,Keller Williams,Laugh,False,INDIFFERENT,4:53,293,BAdcEArCuo8,2024-07-30T09:15:03Z,gh-1849
Bike,Pink Floyd,Relics,False,INDIFFERENT,3:22,202,X4PAmOKAFlw,2024-07-30T09:11:41Z,gh-1849
Lochs of Dread (Live Version),Bela Fleck And The Flecktones,Live Art,False,INDIFFERENT,5:46,346,xe3bem0kgFE,2024-07-30T09:05:55Z,gh-1849
Stomping Grounds (Live Version),Bela Fleck And The Flecktones,Live Art,False,INDIFFERENT,5:27,327,djxg5DeDnow,2024-07-30T09:00:28Z,gh-1849
New South Africa (Live Version),Bela Fleck And The Flecktones,Live Art,False,INDIFFERENT,4:44,284,yhfl6uudFJQ,2024-07-30T08:55:44Z,gh-1849
The Logical Song,Supertramp,The Logical Song,True,LIKE,4:10,250,pP8iUyb9Gn8,2024-07-30T01:39:00Z,gh-1846
Everybody's Talkin',Harry Nilsson,Aerial Pandemonium Ballet,False,INDIFFERENT,2:43,163,jzFM_-1moSo,2024-07-30T01:36:17Z,gh-1846
The Pusher,Steppenwolf,Steppenwolf,False,INDIFFERENT,5:53,353,Zv6PY1BQLBE,2024-07-30T01:30:24Z,gh-1846
Southbound,Yonder Mountain String Band,"Mountain Tracks, Vol. 5",,INDIFFERENT,3:58,238,Rd2rpcccP8A,2024-07-29T21:24:38Z,gh-1845
Don't Let Your Deal Go Down,Yonder Mountain String Band,"Mountain Tracks, Vol. 5",,INDIFFERENT,4:09,249,CRkIarLuC_A,2024-07-29T21:20:29Z,gh-1845
Didn't Go Wrong,Yonder Mountain String Band,"Mountain Tracks, Vol. 5",,INDIFFERENT,3:16,196,7Odr3Y2hiiI,2024-07-29T21:17:13Z,gh-1845
Nothin' but Nothin',Yonder Mountain String Band,"Mountain Tracks, Vol. 5",,INDIFFERENT,2:43,163,WMGqG7MURqI,2024-07-29T21:14:30Z,gh-1845
Long Time,Yonder Mountain String Band,"Mountain Tracks, Vol. 5",,INDIFFERENT,3:12,192,ssVkjXojPug,2024-07-29T21:11:18Z,gh-1845
Must've Had Your Reasons,Yonder Mountain String Band,"Mountain Tracks, Vol. 5",,INDIFFERENT,2:58,178,f829It6YsVo,2024-07-29T21:08:20Z,gh-1845
Boatman's Dance,Yonder Mountain String Band,"Mountain Tracks, Vol. 5",,INDIFFERENT,4:58,298,A6Ex1MWNOXc,2024-07-29T21:03:22Z,gh-1845
Sideshow Blues,Yonder Mountain String Band,"Mountain Tracks, Vol. 5",,INDIFFERENT,5:55,355,AGQHrA0gKMs,2024-07-29T20:57:27Z,gh-1845
If I Lose,Yonder Mountain String Band,"Mountain Tracks, Vol. 5",,INDIFFERENT,3:48,228,GuGXDxbAmRg,2024-07-29T20:53:39Z,gh-1845
Don't Bogart Me (aka Don't Bogart That Joint),The Fraternity Of Man,Easy Rider (Music From The Soundtrack),False,INDIFFERENT,3:07,187,6Jv4jkviIZo,2024-07-29T01:43:01Z,gh-1837
The Weight,Smith,Easy Rider (Music From The Soundtrack),False,INDIFFERENT,4:37,277,X3-B_p3mTec,2024-07-29T01:38:24Z,gh-1837
Born To Be Wild,Steppenwolf,Easy Rider (Music From The Soundtrack),False,INDIFFERENT,3:37,217,yp8mlU29h_0,2024-07-29T01:34:47Z,gh-1837
The Pusher,Steppenwolf,Easy Rider (Music From The Soundtrack),False,INDIFFERENT,5:52,352,766XbUXDmoM,2024-07-29T01:28:55Z,gh-1837
"Everybody's Talkin' (From ""Midnight Cowboy"")",Geek Music,"Everybody's Talkin' (From ""Midnight Cowboy"")",False,INDIFFERENT,2:45,165,vGqu6PZlAgE,2024-07-29T01:26:10Z,gh-1837
Fire and Rain,James Taylor,Sweet Baby James,False,INDIFFERENT,3:24,204,N4E9MKbOFAY,2024-07-29T01:22:46Z,gh-1837
Morning Has Broken,Cat Stevens,Teaser And The Firecat,False,INDIFFERENT,3:20,200,qARB7XPfYjo,2024-07-29T01:19:26Z,gh-1837
Mighty River,Railroad Earth,Elko,False,INDIFFERENT,7:55,475,GKHvLfeNfCM,2024-07-28T21:20:02Z,gh-1836
"Liberty (Live in Atlanta, March 30, 1994)",Grateful Dead,So Many Roads (1965 - 1995),False,INDIFFERENT,6:00,360,7OuA4UXwCCY,2024-07-28T21:14:02Z,gh-1836
Walkin' Boss,"David Grisman, Jerry Garcia",Jerry Garcia & David Grisman,False,INDIFFERENT,5:18,318,_q9LD0r7sdQ,2024-07-28T21:08:44Z,gh-1836
Dixie Chicken (2023 Remaster),Little Feat,Dixie Chicken (Deluxe Edition),False,INDIFFERENT,3:56,236,G7oCEnBSpRM,2024-07-28T21:04:48Z,gh-1836
Back in the Goodle Days,John Hartford,Aereo-Plain,,INDIFFERENT,3:40,220,UcF0SY0m3sU,2024-07-28T21:01:08Z,gh-1836
"Brown Eyed Women (Live in Denmark, 1972) [2001 Remaster] (Live in Denmark, 1972; 2001 Remaster) (feat. David Nelson, Debbie Eisenberg, Marma-Duke & Merle Saunders)",Grateful Dead,Europe '72 (Live; 2001 Remaster),False,INDIFFERENT,4:38,278,M-cR8u0Jm9E,2024-07-28T20:56:30Z,gh-1836
"Rockin' Pneumonia and the Boogie Woogie Flu (Live at Lyceum Theatre, May 1972) (feat. Merle Saunders)",Grateful Dead,Steppin' out with the Grateful Dead England '72 (Live),False,INDIFFERENT,5:16,316,iWdfvo_eJ-Q,2024-07-28T20:51:14Z,gh-1836
New Lands (Live / AAA),Justice,Access All Arenas,,INDIFFERENT,4:32,272,1TtkRbDk6IA,2024-07-28T18:29:37Z,gh-1835
Horsepower (Live / AAA),Justice,Access All Arenas,,INDIFFERENT,5:25,325,PeAl0KrNqC0,2024-07-28T18:24:12Z,gh-1835
D.A.N.C.E. (Live / AAA),Justice,Access All Arenas,,INDIFFERENT,5:59,359,Fo1AfLfpXoU,2024-07-28T18:18:13Z,gh-1835
TiK ToK,Ke$ha,Animal (Expanded Edition),False,INDIFFERENT,3:20,200,RxUZLmN5RsY,2024-07-28T18:14:53Z,gh-1835
Poker Face,Lady Gaga,The Fame,False,INDIFFERENT,3:58,238,oG-4Uvhm4lI,2024-07-28T18:10:55Z,gh-1835
...Baby One More Time,Britney Spears,...Baby One More Time (Digital Deluxe Version),False,INDIFFERENT,3:32,212,91Niv2q4gvc,2024-07-28T18:07:23Z,gh-1835
Shake It Off,Taylor Swift,1989,False,INDIFFERENT,3:40,220,1nFxMuPYeKA,2024-07-28T18:03:43Z,gh-1835
Toxic,Britney Spears,In The Zone,False,INDIFFERENT,3:19,199,tVdr_JWmnsA,2024-07-28T18:00:24Z,gh-1835
"John Cage's 4'33""",,,,INDIFFERENT,7:45,465,JTEFKFiXSx4,2024-07-28T17:52:39Z,gh-1835
Don't Stop Me Now,Queen,Jazz (Deluxe Remastered Version),True,LIKE,3:30,210,DxQK_ARQmMY,2024-07-28T17:49:09Z,gh-1835
Don't Go Breaking My Heart,"Elton John, Kiki Dee",Rock Of The Westies,False,INDIFFERENT,4:36,276,VHK5k2ieudc,2024-07-28T17:44:33Z,gh-1835
"December, 1963 (Oh What a Night!)",The Four Seasons,Who Loves You,False,INDIFFERENT,3:18,198,EkEqFZaLgBE,2024-07-28T17:41:15Z,gh-1835
Sweet Caroline,Neil Diamond,Sweet Caroline,False,INDIFFERENT,3:24,204,GmK5_lnQUbE,2024-07-28T17:37:51Z,gh-1835
White Noise Black Screen (8 hours continuous) 432 Hz LPF,,,,INDIFFERENT,8:00:00,28800,LD92VXIl8hc,2024-07-28T04:45:28Z,gh-1833
Bedtime Lullabies and Calming Undersea Animation: Baby Lullaby,,,,INDIFFERENT,4:16:55,15415,LdQJw5S4nAQ,2024-07-28T00:28:33Z,gh-1833
Shady Grove,"David Grisman, Jerry Garcia",Shady Grove,False,INDIFFERENT,4:20,260,6G5__H-FOA4,2024-07-28T00:24:13Z,gh-1833
Harvest Moon (feat. AJ Lee & Blue Summit),The Brothers Comatose,Harvest Moon,False,INDIFFERENT,4:42,282,4yRxiQ7AxKw,2024-07-28T09:23:51Z,gh-1832
Boston Blues,Hot Day at the Zoo,Zoograss,,INDIFFERENT,5:58,358,eDdBJM2nYdA,2024-07-28T09:17:53Z,gh-1832
Heavy Rain,Cabinet,Leap,False,INDIFFERENT,3:34,214,HvShmoae1jA,2024-07-28T09:14:19Z,gh-1832
Never There,CAKE,Prolonging the Magic,False,INDIFFERENT,2:45,165,VhGp8Id0HRU,2024-07-28T09:11:34Z,gh-1832
The Argus,Ween,Quebec,False,INDIFFERENT,4:54,294,Y3qguNFflow,2024-07-28T09:06:40Z,gh-1832
Loser,Beck,Loser,False,INDIFFERENT,3:56,236,5Z1-5wNjMgs,2024-07-28T09:02:44Z,gh-1832
Go It Alone,Beck,Guero,False,INDIFFERENT,4:09,249,nTsBcUJkUsU,2024-07-28T08:58:35Z,gh-1832
Short Skirt / Long Jacket,CAKE,Comfort Eagle,False,INDIFFERENT,3:25,205,85zV1fpSJQ0,2024-07-28T08:55:10Z,gh-1832
Float On,Modest Mouse,Good News For People Who Love Bad News,False,INDIFFERENT,3:29,209,88XhEqgmRhM,2024-07-28T08:51:41Z,gh-1832
The Illusion,Ikebe Shakedown,Stone by Stone,,INDIFFERENT,3:33,213,7O0_8sVzVts,2024-07-28T08:48:08Z,gh-1832
What I Got,Sublime,Sublime (10th Anniversary Edition / Deluxe Edition),False,INDIFFERENT,2:52,172,QtbxWas-3oM,2024-07-28T08:45:16Z,gh-1832
We Shall Overcome,The Brothers Four,More Big Folk Hits,,INDIFFERENT,3:06,186,V5kNe5kSeyo,2024-07-28T08:42:10Z,gh-1832
"Come to My Bedside, My Darlin'",The Brothers Four,More Big Folk Hits,,INDIFFERENT,3:01,181,YE9MYjOS-6A,2024-07-28T08:39:09Z,gh-1832
San Francisco Bay Blues,The Brothers Four,More Big Folk Hits,,LIKE,2:04,124,21HLOujQKLg,2024-07-28T08:37:05Z,gh-1832
I'm Just a Country Boy,The Brothers Four,More Big Folk Hits,,INDIFFERENT,3:05,185,O8ij56B8fC0,2024-07-28T08:34:00Z,gh-1832
"Don't Think Twice, It's All Right",The Brothers Four,More Big Folk Hits,,INDIFFERENT,3:23,203,X7nSsxk2YS8,2024-07-28T08:30:37Z,gh-1832
The Banana Boat Song,The Brothers Four,More Big Folk Hits,,INDIFFERENT,2:27,147,xlcraJhE0hg,2024-07-28T08:28:10Z,gh-1832
The Battle of New Orleans,The Brothers Four,More Big Folk Hits,,INDIFFERENT,2:08,128,IRx6xkM4H58,2024-07-28T08:26:02Z,gh-1832
Brother Where Are You,The Brothers Four,More Big Folk Hits,,INDIFFERENT,2:37,157,OboDCaNap3U,2024-07-28T08:23:25Z,gh-1832
Puff the Magic Dragon,The Brothers Four,More Big Folk Hits,,INDIFFERENT,3:22,202,JyLxZoltRYY,2024-07-28T08:20:03Z,gh-1832
Where Have All the Flowers Gone,The Brothers Four,More Big Folk Hits,,INDIFFERENT,3:35,215,eqx-kIebaDw,2024-07-28T08:16:28Z,gh-1832
Don't Let the Rain Come Down (Crooked Little Man),The Brothers Four,More Big Folk Hits,,INDIFFERENT,2:17,137,qZDfm89kqfk,2024-07-28T08:14:11Z,gh-1832
Muleskinner,The Brothers Four,More Big Folk Hits,,INDIFFERENT,2:45,165,tHlFBJrd42A,2024-07-28T08:11:26Z,gh-1832
"Rocket Man (I Think It's Going To Be A Long, Long Time)",Elton John,Honky Chateau,False,INDIFFERENT,4:42,282,BdEe5SpdIuo,2024-07-28T08:06:44Z,gh-1832
Morning Has Broken,Cat Stevens,Teaser And The Firecat,False,INDIFFERENT,3:20,200,qARB7XPfYjo,2024-07-28T08:03:24Z,gh-1832
Alone Again (Naturally),Gilbert O'Sullivan,Back to Front (Deluxe Edition),False,INDIFFERENT,3:42,222,vXL7y6km0a8,2024-07-28T07:59:42Z,gh-1832
Mrs. Robinson (Single Mix),Simon & Garfunkel,Greatest Hits,False,INDIFFERENT,3:55,235,ma6ManVDCHA,2024-07-28T07:55:47Z,gh-1832
Annie's Song,John Denver,Cool & Defined,False,INDIFFERENT,3:02,182,9EXh0uWHH1g,2024-07-28T07:52:45Z,gh-1832
Mother and Child Reunion,Paul Simon,Paul Simon,,INDIFFERENT,3:08,188,IS59-z3aE2c,2024-07-28T07:49:37Z,gh-1832
Rainy Day Women #12 & 35,Bob Dylan,Forrest Gump - The Soundtrack,False,INDIFFERENT,4:36,276,fqGoOQ_H_l0,2024-07-28T07:45:01Z,gh-1832
Everybody's Talkin',Bill Withers,Just As I Am,True,LIKE,3:25,205,p10fyoQrhxQ,2024-07-28T07:41:36Z,gh-1832
San Francisco Bay Blues,Richie Havens,Mixed Bag,False,INDIFFERENT,2:31,151,uqMUlR23EWY,2024-07-28T07:39:05Z,gh-1832
San Francisco Bay Blues (Live at Cazenovia College 1964),Jim Croce,Lost Time in a Bottle,False,INDIFFERENT,2:48,168,JPJ6R-huJPk,2024-07-28T07:36:17Z,gh-1832
San Francisco Bay Blues,"Peter, Paul and Mary",A Song Will Rise,True,LIKE,3:03,183,1wfJhgcxrMI,2024-07-28T07:33:14Z,gh-1832
Everybody's Talkin' (1989 Remastered),Harry Nilsson,Forrest Gump - The Soundtrack,False,INDIFFERENT,2:43,163,2LDXBbtgxGM,2024-07-28T07:30:31Z,gh-1832
Everybody's Talkin',Harry Nilsson,Aerial Pandemonium Ballet,False,INDIFFERENT,2:43,163,jzFM_-1moSo,2024-07-28T07:27:48Z,gh-1832
Ain't Misbehavin',Fats Waller,Fats Waller: Very Best of Fats Waller,False,INDIFFERENT,3:58,238,SWLbcvsUYj0,2024-07-28T06:32:18Z,gh-1831
All Of Me,Sidney Bechet,The Fabulous Sidney Bechet,False,INDIFFERENT,4:09,249,e4n4-SeU4Eg,2024-07-28T03:25:40Z,gh-1830
It Never Entered My Mind,Miles Davis Quartet,Volume 2 (Vol. 2),False,INDIFFERENT,4:04,244,x5fIAnAox0k,2024-07-28T03:21:36Z,gh-1830
Frenesi,Artie Shaw,Frenesi,False,INDIFFERENT,3:05,185,0jAuyh2Q6kw,2024-07-28T03:18:31Z,gh-1830
I'm Gonna Sit Right Down and Write Myself a Letter,Fats Waller,"If You Got To Ask, You Ain't Got It!",False,INDIFFERENT,3:30,210,f8SB0-BV4r0,2024-07-28T03:15:01Z,gh-1830
St. Louis Blues,Sidney Bechet,Blues In The Air,False,INDIFFERENT,4:46,286,AFV2YZNyOfc,2024-07-28T03:10:15Z,gh-1830
Cross the Line,Wood Box Heroes,Cross the Line,True,LIKE,2:53,173,5-0BOzXh3U8,2024-07-28T03:07:22Z,gh-1830
Understand Your Man,Johnny Cash,The Legend,False,INDIFFERENT,2:43,163,L7DQthkJb5k,2024-07-28T03:04:39Z,gh-1830
One More Saturday Night,The Persuasions and Friends,Persuasions of the Dead,,LIKE,6:14,374,c1rtTt_lUU8,2024-07-28T01:42:54Z,gh-1829
Masculine Women! Feminine Men!,Irving Kaufman,Wonderful Nonsense: Fun Songs of the Roaring Twenties,True,LIKE,3:00,180,_0VRfInvY7Y,2024-07-28T01:39:54Z,gh-1829
Summertime,Sidney Bechet,The Best Of Sidney Bechet,False,INDIFFERENT,4:13,253,JYm8ZD1B5VY,2024-07-28T01:35:41Z,gh-1829
Clint Eastwood,Gorillaz,Gorillaz,True,LIKE,5:41,341,Qzb2VcBuA3U,2024-07-28T01:30:00Z,gh-1829
Mr. Spaceman,Cabinet,This Is Cabinet: Set 2,,INDIFFERENT,4:56,296,R2A9b_yJjxY,2024-07-28T01:25:04Z,gh-1829
Samba de Orfeu,"Luis Bonfa, Toots Thielemans",The Brasil Project Vol. II,,LIKE,3:37,217,lr5BEMWvmi8,2024-07-28T01:21:27Z,gh-1829
Sin City,The Flying Burrito Brothers,The Gilded Palace Of Sin,,LIKE,4:10,250,UcU04NGMQb8,2024-07-28T01:17:17Z,gh-1829
Second Fiddle (To An Old Guitar),Jean Shepard,Honky Tonk Heroine: Classic Capitol Recordings 1952-1964,False,INDIFFERENT,2:13,133,ddvETSWrOeM,2024-07-28T01:15:04Z,gh-1829
Amarillo Highway,Bobby Bare,Cowboys and Daddys,True,LIKE,3:33,213,_wnasXO7aC4,2024-07-28T01:11:31Z,gh-1829
Me Lovin' You,Deerfield,Wayfaring Strangers: Cosmic American Music,True,LIKE,2:40,160,pltJfZ4Q6HQ,2024-07-28T01:08:51Z,gh-1829
Don't Go Breaking My Heart,"Elton John, Kiki Dee",Rock Of The Westies,False,INDIFFERENT,4:36,276,VHK5k2ieudc,2024-07-28T01:04:15Z,gh-1829
No Road is the Right Road,Christine McVie,The Legendary Christine Perfect Album,True,LIKE,2:52,172,cIwv82TD-kQ,2024-07-28T01:01:23Z,gh-1829
Soul Rebel (Dub Version),The Aggrovators,Tribute to Bob Marley & Dubs,,INDIFFERENT,2:28,148,LllgwSWAb2Q,2024-07-28T00:58:55Z,gh-1829
After Hours,The Velvet Underground,The Velvet Underground (45th Anniversary / Deluxe Edition),False,INDIFFERENT,2:08,128,wpU4dlroveQ,2024-07-28T00:56:47Z,gh-1829
Porto Rico,"Bunk Johnson, Sidney Bechet",The Best Of Sidney Bechet,False,INDIFFERENT,3:12,192,F1gdrHEQvK0,2024-07-28T00:53:35Z,gh-1829
Muskrat Ramble,Sidney Bechet's Blue Note Jazzmen,The Best Of Sidney Bechet,False,INDIFFERENT,3:42,222,e_um8pFJMHw,2024-07-27T21:23:32Z,gh-1828
Blue Horizon,Sidney Bechet,The Best Of Sidney Bechet,False,INDIFFERENT,4:28,268,pupCrM7J4R4,2024-07-27T21:19:04Z,gh-1828
St. Louis Blues,Sidney Bechet's Blue Note Jazzmen,The Best Of Sidney Bechet,False,INDIFFERENT,4:48,288,Z_pBRSRGpSg,2024-07-27T21:14:16Z,gh-1828
Mannenberg,"Abdullah Ibrahim, Dollar Brand",Mannenberg - 'Is Where It's Happening',False,INDIFFERENT,13:38,818,t3i4rUOIW0A,2024-07-27T21:00:38Z,gh-1828
Rhapsody In Blue (Jazzband Version - Opening),George Gershwin,The Best Classics...Ever!,,INDIFFERENT,4:39,279,AQ0CpBxb6WA,2024-07-27T20:55:59Z,gh-1828
Ella Fitzgerald - Summertime (1968),,,,INDIFFERENT,3:40,220,u2bigf337aU,2024-07-27T20:52:19Z,gh-1828
One More Saturday Night,The Persuasions and Friends,Persuasions of the Dead,,LIKE,6:14,374,c1rtTt_lUU8,2024-07-27T20:46:05Z,gh-1828
Summertime,Sidney Bechet,The Best Of Sidney Bechet,False,INDIFFERENT,4:13,253,JYm8ZD1B5VY,2024-07-27T20:41:52Z,gh-1828
Clint Eastwood,Gorillaz,Gorillaz,False,INDIFFERENT,4:30,270,sZ81GwoCDko,2024-07-27T20:37:22Z,gh-1828
It Must Have Been the Roses,The Persuasions and Friends,Persuasions of the Dead,,INDIFFERENT,4:29,269,JAbfSySTJCc,2024-07-27T20:32:53Z,gh-1828
Liberty,The Persuasions and Friends,Persuasions of the Dead,,LIKE,5:22,322,MQbC1cT73zQ,2024-07-27T20:27:31Z,gh-1828
Soul Rebel (Dub Version),The Aggrovators,Tribute to Bob Marley & Dubs,,INDIFFERENT,2:28,148,LllgwSWAb2Q,2024-07-27T20:25:03Z,gh-1828
The Girl of My Best Friend,Elvis Presley,Elvis Is Back,False,INDIFFERENT,2:23,143,7CckDkpiSzg,2024-07-27T20:22:40Z,gh-1828
No Road is the Right Road,Christine McVie,The Legendary Christine Perfect Album,True,LIKE,2:52,172,cIwv82TD-kQ,2024-07-27T20:19:48Z,gh-1828
No Road Is The Right Road (Remastered Version),Christine Perfect,The Complete Blue Horizon Sessions,False,INDIFFERENT,2:52,172,C1q5GBqrebM,2024-07-27T20:16:56Z,gh-1828
Cross the Line,Wood Box Heroes,Cross the Line,True,LIKE,2:53,173,5-0BOzXh3U8,2024-07-27T20:14:03Z,gh-1828
Understand Your Man,Johnny Cash,The Legend,False,INDIFFERENT,2:43,163,L7DQthkJb5k,2024-07-27T20:11:20Z,gh-1828
Second Fiddle (To An Old Guitar),Jean Shepard,Honky Tonk Heroine: Classic Capitol Recordings 1952-1964,False,INDIFFERENT,2:13,133,ddvETSWrOeM,2024-07-27T20:09:07Z,gh-1828
Amarillo Highway,Bobby Bare,Cowboys and Daddys,True,LIKE,3:33,213,_wnasXO7aC4,2024-07-27T20:05:34Z,gh-1828
Me Lovin' You,Deerfield,Wayfaring Strangers: Cosmic American Music,True,LIKE,2:40,160,pltJfZ4Q6HQ,2024-07-27T20:02:54Z,gh-1828
Highwayman,The Highwaymen,Highwayman,False,INDIFFERENT,3:03,183,RgCRdAzizxY,2024-07-27T06:31:36Z,gh-1822
Me and Bobby McGee,Kris Kristofferson,The Essential Kris Kristofferson,False,INDIFFERENT,4:21,261,IOoMREvsV9E,2024-07-27T06:27:15Z,gh-1822
9 to 5,Dolly Parton,9 To 5 And Odd Jobs,False,INDIFFERENT,2:43,163,OPoSuyu0dsY,2024-07-27T06:24:32Z,gh-1822
For What It's Worth,Buffalo Springfield,Buffalo Springfield,False,INDIFFERENT,2:34,154,1eD-8NTwP9I,2024-07-27T06:21:58Z,gh-1822
Sin City,The Flying Burrito Brothers,The Gilded Palace Of Sin,,LIKE,4:10,250,UcU04NGMQb8,2024-07-27T06:17:48Z,gh-1822
Goodbye Yellow Brick Road,Elton John,Goodbye Yellow Brick Road,,INDIFFERENT,3:13,193,wy709iNG6i8,2024-07-27T06:14:35Z,gh-1822
Mrs. Robinson,Simon & Garfunkel,Forrest Gump - The Soundtrack,False,INDIFFERENT,3:51,231,JCm2dXbaa0g,2024-07-27T06:10:44Z,gh-1822
Are You Sure Hank Done It This Way,Waylon Jennings,Dreaming My Dreams,False,INDIFFERENT,2:55,175,ax3D70GXjzI,2024-07-27T06:07:49Z,gh-1822
Rhinestone Cowboy (Extended Version),Glen Campbell,Meet Glen Campbell,False,INDIFFERENT,3:28,208,ctsLFINNHjw,2024-07-27T06:04:21Z,gh-1822
Watch It Fall,Billy Strings,Home,,INDIFFERENT,4:37,277,VwwKqScF674,2024-07-27T03:26:22Z,gh-1821
Midnight Moonlight,Old & In The Way,The Complete Boarding House Shows,,LIKE,6:15,375,DaXYsEAD1Ng,2024-07-27T03:20:07Z,gh-1821
Poor Man's Blues,Cabinet,This Is Cabinet: Set 2,,LIKE,3:12,192,6eWhynIw-Iw,2024-07-27T03:16:55Z,gh-1821
Columbus Stockade Blues,"Doc Watson, Richard Watson",Third Generation Blues,False,INDIFFERENT,3:32,212,rVAXyZCbFdI,2024-07-27T03:13:23Z,gh-1821
Mr. Spaceman,Cabinet,This Is Cabinet: Set 2,,INDIFFERENT,4:56,296,R2A9b_yJjxY,2024-07-27T03:08:27Z,gh-1821
Fern and Robin,loscil,Endless Falls,,INDIFFERENT,7:12,432,IRgedi_OV5c,2024-07-27T03:01:15Z,gh-1821
Sweet Dreams (2003 Remaster),Emmylou Harris,Elite Hotel (Expanded & Remastered),False,INDIFFERENT,4:01,241,39mFVUZzxIA,2024-07-27T01:37:05Z,gh-1820
When I Paint My Masterpiece,The Band,Cahoots,False,INDIFFERENT,4:19,259,W--7kOZemCI,2024-07-27T01:32:46Z,gh-1820
Into the Mystic,Van Morrison,Moondance,False,INDIFFERENT,3:26,206,pbZf8GY1-Ag,2024-07-27T01:29:20Z,gh-1820
The City of New Orleans,Arlo Guthrie,Hobo's Lullaby (Remastered 2004),False,INDIFFERENT,4:35,275,qSeqrkRT1t0,2024-07-27T01:24:45Z,gh-1820
Spanish Pipedream,John Prine,John Prine,False,LIKE,2:42,162,ZkfqWEXdx-I,2024-07-27T01:22:03Z,gh-1820
Rhinestone Cowboy,Glen Campbell,The Legacy (1961-2017),False,INDIFFERENT,3:16,196,6P7Sx2L0fVU,2024-07-27T01:18:47Z,gh-1820
Sin City,The Flying Burrito Brothers,The Gilded Palace Of Sin,,LIKE,4:10,250,UcU04NGMQb8,2024-07-27T01:14:37Z,gh-1820
You Were the Fool,Ween,12 Golden Country Greats,,INDIFFERENT,4:27,267,plKeLTrR8Cs,2024-07-26T21:24:22Z,gh-1819
You Don't Mess Around with Jim,Jim Croce,You Don't Mess Around With Jim,True,LIKE,3:03,183,VRIHW-aQl-k,2024-07-26T21:21:19Z,gh-1819
Lines,Loscil,"Faults, Coasts, Lines",,INDIFFERENT,8:40,520,uD8AZ_Fdlms,2024-07-26T21:12:39Z,gh-1819
Coasts,Loscil,"Faults, Coasts, Lines",,INDIFFERENT,10:30,630,IyHDULo_3xg,2024-07-26T21:02:09Z,gh-1819
Faults,Loscil,"Faults, Coasts, Lines",,INDIFFERENT,12:03,723,6bcBzxf7xIs,2024-07-26T20:50:06Z,gh-1819
Cyme,Loscil,Umbel,False,INDIFFERENT,7:26,446,nY1gfVP-00I,2024-07-26T20:42:40Z,gh-1819
Dusk Gale,Loscil,Umbel,False,INDIFFERENT,7:36,456,W76Tf2OJrWE,2024-07-26T20:35:04Z,gh-1819
Kamouraska,Loscil,Umbel,False,INDIFFERENT,6:35,395,mGvuBRAFKC8,2024-07-26T18:26:20Z,gh-1818
Umbel,Loscil,Umbel,False,INDIFFERENT,6:38,398,nAIZlOtfKE0,2024-07-26T18:19:42Z,gh-1818
Shadow Maple,Loscil,Umbel,False,INDIFFERENT,8:00,480,i7nLKFXi34M,2024-07-26T18:11:42Z,gh-1818
Crown Of Thorns,Billy Strings,"2024-02-25 Nashville, TN - Ryman Auditorium",,INDIFFERENT,5:05,305,N8I5k7ZVLWU,2024-07-26T18:06:37Z,gh-1818
e: I Saw The Light,Billy Strings,"2024-02-25 Nashville, TN - Ryman Auditorium",,INDIFFERENT,3:47,227,y9PeV3LhAgg,2024-07-26T18:02:50Z,gh-1818
Nutshell,Billy Strings,"2024-02-25 Nashville, TN - Ryman Auditorium",,INDIFFERENT,6:49,409,Gz4m0N3wKWI,2024-07-26T17:56:01Z,gh-1818
Nothing's Working,Billy Strings,"2024-02-25 Nashville, TN - Ryman Auditorium",,INDIFFERENT,3:31,211,HSy6OwjRxkQ,2024-07-26T17:52:30Z,gh-1818
Meet Me At The Creek,Billy Strings,"2024-02-25 Nashville, TN - Ryman Auditorium",,INDIFFERENT,15:32,932,0AMwIvFseG0,2024-07-26T17:36:58Z,gh-1818
Ice Bridges,Billy Strings,"2024-02-25 Nashville, TN - Ryman Auditorium",,LIKE,4:50,290,n1_5pthRBOU,2024-07-26T17:32:08Z,gh-1818
Taking Water >,Billy Strings,"2024-02-25 Nashville, TN - Ryman Auditorium",,INDIFFERENT,4:05,245,XDZVyXMXfNk,2024-07-26T17:28:03Z,gh-1818
"Cold, Cold World",Billy Strings,"2024-02-25 Nashville, TN - Ryman Auditorium",,INDIFFERENT,3:32,212,ibu7rNJOa1A,2024-07-26T17:24:31Z,gh-1818
While I'm Waiting Here,Billy Strings,"2024-02-25 Nashville, TN - Ryman Auditorium",,INDIFFERENT,4:12,252,RTrDdZ_ro80,2024-07-26T17:20:19Z,gh-1818
Rueben's Train,Billy Strings,"2024-02-25 Nashville, TN - Ryman Auditorium",,INDIFFERENT,2:34,154,PHMZLEqd7YU,2024-07-26T17:17:45Z,gh-1818
Thirst Mutilator >,Billy Strings,"2024-02-25 Nashville, TN - Ryman Auditorium",,INDIFFERENT,4:58,298,GN0Ao5c9RLM,2024-07-26T17:12:47Z,gh-1818
Rueben's Train >,Billy Strings,"2024-02-25 Nashville, TN - Ryman Auditorium",,INDIFFERENT,13:24,804,hTy9QFiqvqA,2024-07-26T16:59:23Z,gh-1818
Fire Line,Billy Strings,"2024-02-25 Nashville, TN - Ryman Auditorium",,INDIFFERENT,9:03,543,0AsLjsN4YHM,2024-07-26T16:50:20Z,gh-1818
(I Can't Get No) Satisfaction ((Original Single Mono Version)),The Rolling Stones,Singles 1965-1967,False,INDIFFERENT,3:43,223,-dPEISUxAZo,2024-07-26T16:46:37Z,gh-1818
Judy in Disguise (with Glasses),John Fred And His Playboy Band,Agnes English,False,INDIFFERENT,2:55,175,I0bLoaVFpTQ,2024-07-26T16:43:42Z,gh-1818
Whole Lotta Shakin' Going On,"Chuck Berry, Jerry Lee Lewis",ROCK at the PHILHARMONIC,False,INDIFFERENT,2:53,173,oqpXq-bX7Ko,2024-07-26T16:40:49Z,gh-1818
Gloria (Mono Version) (feat. Van Morrison),Them,"The ""Angry"" Young Them!",False,INDIFFERENT,2:40,160,5pSv9XWcSDE,2024-07-26T16:38:09Z,gh-1818
Sunny Afternoon (Alternate Stereo Mix),The Kinks,Face to Face (Deluxe),False,INDIFFERENT,3:49,229,VVnNrwPwhuk,2024-07-26T16:34:20Z,gh-1818
Mr. Spaceman,The Byrds,Fifth Dimension,False,INDIFFERENT,2:10,130,0Yr1vHKioo4,2024-07-26T16:32:10Z,gh-1818
Señor (Tales of Yankee Power) (Live) (feat. Jerry Garcia Band),Jerry Garcia Band,Jerry Garcia Band,False,INDIFFERENT,7:44,464,T-GnsnAt6SI,2024-07-26T15:21:48Z,gh-1817
Homecoming (Single Version),Tom T. Hall,Tom T. Hall's Greatest Hits,False,INDIFFERENT,3:21,201,edlD8o_lUEA,2024-07-26T15:18:27Z,gh-1817
Rock & Roll,The Velvet Underground,Loaded: Re-Loaded 45th Anniversary Edition,False,INDIFFERENT,4:42,282,a2-H1-pNfEQ,2024-07-26T15:13:45Z,gh-1817
Dupree's Diamond Blues,Grateful Dead,Aoxomoxoa,False,INDIFFERENT,3:35,215,YK3f4SwNCTk,2024-07-26T15:10:10Z,gh-1817
Thunderstorms and Neon Signs,Wayne Hancock,Thunderstorms and Neon Signs,,INDIFFERENT,3:43,223,4Sx2PtajajU,2024-07-26T15:06:27Z,gh-1817
Help Me Scrape the Mucus off My Brain,Ween,12 Golden Country Greats,,INDIFFERENT,2:46,166,vA9B4VU8FlM,2024-07-26T15:03:41Z,gh-1817
Sin City,The Flying Burrito Brothers,The Gilded Palace Of Sin,,LIKE,4:10,250,UcU04NGMQb8,2024-07-26T14:59:31Z,gh-1817
Ascendant - Meridian [Full Album],,,,INDIFFERENT,1:26:59,5219,mH3rO8ptYsE,2024-07-26T13:32:32Z,gh-1817
Neroli,Brian Eno,Neroli (Thinking Music Part IV),False,INDIFFERENT,57:57,3477,wfErixxrKdI,2024-07-26T12:34:35Z,gh-1817
Ruta - Fly With Me // Generative Modular Ambient // 4 Hours Relaxation,,,,INDIFFERENT,4:00:35,14435,8_0kZkfOiek,2024-07-26T08:34:00Z,gh-1817
The Dove,Cabinet,This Is Cabinet: Set 2,,INDIFFERENT,7:12,432,eHRvJ6Deav4,2024-07-26T12:40:08Z,gh-1816
Poor Man's Blues,Cabinet,This Is Cabinet: Set 2,,INDIFFERENT,3:12,192,6eWhynIw-Iw,2024-07-26T12:36:56Z,gh-1816
Doors,Cabinet,This Is Cabinet: Set 2,,INDIFFERENT,5:12,312,jYOBgwU35K0,2024-07-26T12:31:44Z,gh-1816
Caroline,Cabinet,This Is Cabinet: Set 2,,INDIFFERENT,8:34,514,1cKy_EaQMXI,2024-07-26T12:23:10Z,gh-1816
A Well Respected Man,The Kinks,Kinda Kinks (Deluxe),False,INDIFFERENT,2:41,161,vfhJGNnCRYU,2024-07-26T09:26:17Z,gh-1815
These Eyes,The Guess Who,Wheatfield Soul,False,INDIFFERENT,3:46,226,GADRQjY9PEQ,2024-07-26T09:22:31Z,gh-1815
White Rabbit,Jefferson Airplane,Surrealistic Pillow,False,INDIFFERENT,2:31,151,5aeWicwy7fA,2024-07-26T09:20:00Z,gh-1815
Here Comes The Sun (Remastered 2009),The Beatles,Abbey Road,,INDIFFERENT,3:06,186,xUNqsfFUwhY,2024-07-26T09:16:54Z,gh-1815
Heavy Rain,Cabinet,This Is Cabinet: Set 2,,INDIFFERENT,4:26,266,82D536Y9S34,2024-07-26T09:12:28Z,gh-1815
For What It's Worth,Buffalo Springfield,The Best of Buffalo Springfield: Retrospective,False,INDIFFERENT,2:41,161,CXvyq4SyDwU,2024-07-26T09:09:47Z,gh-1815
Chris Hillman  Roger McGuinn  Marty Stuart Fabulous Superlatives,"1.4K views, Roger McGuinn",,,INDIFFERENT,3:31,211,QypDEGDpFG4,2024-07-26T09:06:16Z,gh-1815
California Dreamin' (Single Version),The Mamas & The Papas,If You Can Believe Your Eyes & Ears,False,INDIFFERENT,2:43,163,oU6uUEwZ8FM,2024-07-26T09:03:33Z,gh-1815
"Mr. Spaceman (Live at Colden Center Auditorium, Queens, NY - February 1970)",The Byrds,(Untitled) /(Unissued),,LIKE,3:08,188,6AfQMaG7vSs,2024-07-26T09:00:25Z,gh-1815
Mr. Spaceman,Cabinet,This Is Cabinet: Set 2,,INDIFFERENT,4:56,296,R2A9b_yJjxY,2024-07-26T08:55:29Z,gh-1815
One (Single Version),Three Dog Night,Three Dog Night,False,INDIFFERENT,3:06,186,BvA5xFuDb0o,2024-07-26T08:52:23Z,gh-1815
St. Stephen,Grateful Dead,Aoxomoxoa,False,INDIFFERENT,4:28,268,W-s0lFpflQw,2024-07-26T08:47:55Z,gh-1815
Susquehanna Breakdown,Cabinet,This Is Cabinet: Set 2,,INDIFFERENT,3:07,187,S3hTxQqOkDI,2024-07-26T08:44:48Z,gh-1815
China White,Little Feat,Hoy-Hoy!,False,INDIFFERENT,3:15,195,nP1A-I92HjU,2024-07-26T08:41:33Z,gh-1815
96 Tears,? and The Mysterians,96 Tears,False,INDIFFERENT,2:57,177,ni29X-AbYdg,2024-07-26T08:38:36Z,gh-1815
The Dove,Cabinet,This Is Cabinet: Set 2,,INDIFFERENT,7:12,432,eHRvJ6Deav4,2024-07-26T08:31:24Z,gh-1815
Windy,The Association,Greatest Hits,False,INDIFFERENT,2:57,177,wdyP_vAgC0c,2024-07-26T08:28:27Z,gh-1815
(Sittin' On) the Dock of the Bay,Otis Redding,The Dock of the Bay,False,INDIFFERENT,2:47,167,Zu5chXCp1Ag,2024-07-26T08:25:40Z,gh-1815
Poor Man's Blues,Cabinet,This Is Cabinet: Set 2,,INDIFFERENT,3:12,192,6eWhynIw-Iw,2024-07-26T08:22:28Z,gh-1815
You Don't Mess Around with Jim,Jim Croce,You Don't Mess Around With Jim,True,LIKE,3:03,183,VRIHW-aQl-k,2024-07-26T08:19:25Z,gh-1815
Mr. Spaceman,The Byrds,Fifth Dimension,False,INDIFFERENT,2:10,130,0Yr1vHKioo4,2024-07-26T08:17:15Z,gh-1815
In the Summertime,Mungo Jerry,In the Summertime,False,INDIFFERENT,3:36,216,wVI9iEbqFyo,2024-07-26T06:34:02Z,gh-1814
Up On Cripple Creek,The Band,The Band,False,INDIFFERENT,4:31,271,zFFGkDmjRlo,2024-07-26T06:29:31Z,gh-1814
"Bad, Bad Leroy Brown",Jim Croce,Life & Times,False,INDIFFERENT,3:03,183,01pQgdIfhAM,2024-07-26T06:26:28Z,gh-1814
Just Dropped In (To See What Condition My Condition Was In),The First Edition,The First Edition,False,INDIFFERENT,3:22,202,meJP410N9Gg,2024-07-26T06:23:06Z,gh-1814
Burning Down the House (2005 Remaster),Talking Heads,Speaking in Tongues (Deluxe Version),False,INDIFFERENT,4:02,242,bgJ-hyzl6jg,2024-07-26T03:26:27Z,gh-1813
Electric Avenue,Eddy Grant,Killer On The Rampage,False,INDIFFERENT,3:48,228,-1QZLkPSz6s,2024-07-26T03:22:39Z,gh-1813
Rhinestone Cowboy,"MF Doom, Madlib, Madvillain",Madvillainy,False,INDIFFERENT,4:00,240,WoxHqRPvZJE,2024-07-26T03:18:39Z,gh-1813
Rhinestone Cowboy (Film Version),Bruce Springsteen,Western Stars (Original Motion Picture Soundtrack),False,INDIFFERENT,3:21,201,bBY1WSo5aSk,2024-07-26T03:15:18Z,gh-1813
I Glued My Balls To My Butthole Again,Obscurest Vinyl,I Glued My Balls To My Butthole Again,False,INDIFFERENT,2:19,139,wPlOYPGMRws,2024-07-26T03:12:59Z,gh-1813
You​’​re Gonna Learn a Lesson in This Delicatessen,Obscurest Vinyl,You​’​re Gonna Learn a Lesson in This Delicatessen,False,INDIFFERENT,2:52,172,I1ziAWSzU18,2024-07-26T03:10:07Z,gh-1813
You Look Like You Could Use A Fuckin' Lamp,Obscurest Vinyl,You Look Like You Could Use A Fuckin' Lamp,False,INDIFFERENT,2:01,121,3gHl4P7AXt0,2024-07-26T03:08:06Z,gh-1813
Under Pressure (feat. David Bowie),Queen,Hot Space,False,INDIFFERENT,4:09,249,Scv15eZlsL4,2024-07-26T03:03:57Z,gh-1813
"December, 1963 (Oh, What a Night)",Frankie Valli & The Four Seasons,Billboard #1s: The '70s,False,INDIFFERENT,3:21,201,Gv3U80CZw5k,2024-07-26T03:00:36Z,gh-1813
She's All I Got,Johnny Paycheck,She's All I Got,False,INDIFFERENT,2:57,177,wbzgZ2OxuNE,2024-07-26T02:57:39Z,gh-1813
9 to 5,Dolly Parton,Dolly,False,INDIFFERENT,2:46,166,8-ekW4Y2Fxw,2024-07-26T02:54:53Z,gh-1813
Rhinestone Cowboy (Extended Version),Glen Campbell,Meet Glen Campbell,False,INDIFFERENT,3:28,208,ctsLFINNHjw,2024-07-26T02:51:25Z,gh-1813
Back On 74,Jungle,Volcano,False,INDIFFERENT,3:30,210,ekk0NSXCuqI,2024-07-26T01:38:26Z,gh-1812
Riptide,Vance Joy,Dream Your Life Away (Special Edition),False,INDIFFERENT,3:25,205,MsTWpbR_TVE,2024-07-26T01:35:01Z,gh-1812
Either Way,Wilco,Sky Blue Sky,False,INDIFFERENT,3:07,187,Ox2g83kGE-U,2024-07-26T01:31:54Z,gh-1812
How Long Must I Wait,Dr. Dog,Be The Void (Deluxe Edition),False,INDIFFERENT,3:41,221,EE1VxbdsvF4,2024-07-26T01:28:13Z,gh-1812
Silver Lining,Mt. Joy,Silver Lining,False,INDIFFERENT,3:20,200,tFK5jtJeJZ0,2024-07-26T01:24:53Z,gh-1812
The Force,Lettuce,Crush,True,LIKE,3:42,222,3DuGtGk5oF0,2024-07-26T01:21:11Z,gh-1812
Carol Brown,Flight of the Conchords,I Told You I Was Freaky,True,LIKE,3:27,207,Hz5SFQsLzAg,2024-07-26T01:17:44Z,gh-1812
Horchata,Vampire Weekend,Contra,False,INDIFFERENT,3:27,207,DW-q1d8vk4o,2024-07-26T01:14:17Z,gh-1812
Under the Boardwalk (Live),The California Honeydrops,Under the Boardwalk (Live),False,INDIFFERENT,2:55,175,pcbxrn5t72E,2024-07-26T01:11:22Z,gh-1812
Filaou Bessame (Cerrone Remix),Amadou & Mariam,Filaou Bessame (Cerrone Remix),False,INDIFFERENT,4:41,281,X9lLdphbw4Q,2024-07-26T01:06:41Z,gh-1812
How Sweet It Is (To Be Loved by You),James Taylor,Gorilla,False,INDIFFERENT,3:35,215,Wh__udyczFM,2024-07-26T01:03:06Z,gh-1812
Uncle John's Band,Grateful Dead,Workingman's Dead,False,INDIFFERENT,4:45,285,yD1naKNQuF4,2024-07-26T00:58:21Z,gh-1812
San Antonio Rose (feat. Texas Playboys),Bob Wills,For The Last Time,False,INDIFFERENT,3:11,191,1XM_lkXbCto,2024-07-26T00:55:10Z,gh-1812
Turn! Turn! Turn! (To Everything There Is a Season),The Byrds,Turn! Turn! Turn!,False,INDIFFERENT,3:50,230,vkQlQ6YvGYM,2024-07-26T00:51:20Z,gh-1812
Bron-Y-Aur Stomp (Remaster),Led Zeppelin,Led Zeppelin III (Remaster),False,INDIFFERENT,4:18,258,oC-9aEf0Q-A,2024-07-26T00:47:02Z,gh-1812
(Ghost) Riders in the Sky,Johnny Cash,Silver,False,INDIFFERENT,3:45,225,Ba8mqcMpVx8,2024-07-26T00:43:17Z,gh-1812
Cumbia Sobre el Mar,"Flowering Inferno, Quantic",Dog With a Rope (Quantic Presenta Flowering Inferno),,INDIFFERENT,6:18,378,f1qTRHGqaQI,2024-07-26T00:36:59Z,gh-1812
Smoke! Smoke! Smoke! (That Cigarette),Tex Williams,Vintage Collections,False,INDIFFERENT,2:55,175,DUCsULR6ODA,2024-07-26T00:34:04Z,gh-1812
Country Squire,Tyler Childers,Country Squire,,LIKE,3:22,202,KYIav77fPsA,2024-07-26T00:30:42Z,gh-1812
Natural Mystic,Bob Marley & The Wailers,Exodus,False,INDIFFERENT,3:28,208,2U91ELKMNlE,2024-07-26T00:27:14Z,gh-1812
About to Find Out,Margo Price,Midwest Farmer's Daughter,True,LIKE,3:13,193,Z7hqaiGAKdo,2024-07-26T00:24:01Z,gh-1812
Just Let Go,Sturgill Simpson,Cuttin' Grass - Vol. 1 (Butcher Shoppe Sessions),False,INDIFFERENT,3:03,183,8cY-DhD3tLA,2024-07-26T00:20:58Z,gh-1812
The Love Me Or Die,C.W. Stoneking,Jungle Blues,False,INDIFFERENT,3:55,235,RZlQqMkywrY,2024-07-26T00:17:03Z,gh-1812
Ain't Done Losing Yet,Charley Crockett,$10 Cowboy,False,INDIFFERENT,3:19,199,dTsSwBU8IEY,2024-07-26T00:13:44Z,gh-1812
Rhinestone Cowboy,Glen Campbell,Rhinestone Cowboy (Expanded Edition),False,INDIFFERENT,3:15,195,9HZkbAuAtgs,2024-07-26T00:10:29Z,gh-1812
Take It Easy,Eagles,Eagles,False,INDIFFERENT,3:32,212,32Oc2d_3yEk,2024-07-26T00:06:57Z,gh-1812
In the Mood,Glenn Miller,In the Mood,False,INDIFFERENT,3:33,213,f6_W4rXMJ6A,2024-07-26T00:03:24Z,gh-1812
Don't Go Breaking My Heart,"Elton John, Kiki Dee",Rock Of The Westies,False,INDIFFERENT,4:36,276,VHK5k2ieudc,2024-07-25T23:58:48Z,gh-1812
Piss up a Rope,Ween,12 Golden Country Greats,,INDIFFERENT,3:34,214,CLPQznD11xU,2024-07-25T23:55:14Z,gh-1812
I'm Gonna Sit Right Down And Write Myself A Letter (Remastered 2000),Fats Waller,Fats Waller: Very Best of Fats Waller,False,INDIFFERENT,3:37,217,vw3OFb7lIzs,2024-07-25T23:51:37Z,gh-1812
Falani,Béla Fleck,Transatlantic Sessions - Series 5: Volume One,True,LIKE,4:47,287,LtQv3AfBbXc,2024-07-25T23:46:50Z,gh-1812
Lord Mr. Ford (Buddha Remastered - 2000),Jerry Reed,RCA Country Legends: Jerry Reed,False,INDIFFERENT,3:20,200,cUcVUpGOejM,2024-07-25T23:43:30Z,gh-1812
Red Cajun Girl,Del McCoury Band,Songs of Love and Life,,INDIFFERENT,3:15,195,d3QRwGrgWNo,2024-07-25T23:40:15Z,gh-1812
California Sober (feat. Willie Nelson),Billy Strings,California Sober,True,LIKE,3:51,231,AmxvLgvc8IE,2024-07-25T23:36:24Z,gh-1812
Evolve,Phish,Evolve,True,LIKE,4:13,253,Qbx7oNFmv-s,2024-07-25T23:32:11Z,gh-1812
(Your Love Keeps Lifting Me) Higher & Higher,Jackie Wilson,The Ultimate Jackie Wilson,False,INDIFFERENT,3:02,182,Gn6SNbTD0_Q,2024-07-25T23:29:09Z,gh-1812
If You Talk In Your Sleep,Del McCoury Band,If You Talk In Your Sleep,False,INDIFFERENT,3:06,186,yVUuAxuodSM,2024-07-25T23:26:03Z,gh-1812
The Boxer,Simon & Garfunkel,Over the Bridge of Time: A Paul Simon Retrospective (1964-2011),False,INDIFFERENT,5:08,308,2IClvIiS7_c,2024-07-25T23:20:55Z,gh-1812
Chittlin’ Cookin’ Time In Cheatham County,Sierra Ferrell,Trail Of Flowers,True,LIKE,3:02,182,7p2-TKipaME,2024-07-25T23:17:53Z,gh-1812
You Don't Mess Around with Jim,Jim Croce,You Don't Mess Around With Jim,True,LIKE,3:03,183,VRIHW-aQl-k,2024-07-25T23:14:50Z,gh-1812
Rasputin,Boney M.,Nightflight to Venus,False,INDIFFERENT,5:52,352,5Z0dxsFmX7c,2024-07-25T23:08:58Z,gh-1812
Life To Go,Billy Strings,Me / And / Dad,False,INDIFFERENT,3:07,187,S4u5XUCA3t0,2024-07-25T23:05:51Z,gh-1812
Stay All Night (Stay A Little Longer) (feat. Texas Playboys),Bob Wills,For The Last Time,False,INDIFFERENT,3:07,187,KZBVAGBYPos,2024-07-25T23:02:44Z,gh-1812
Sinnerman (Sofi Tukker Remix),"Nina Simone, Sofi Tukker",Sinnerman (Sofi Tukker Remix),False,INDIFFERENT,3:53,233,lQTkJ5bUHcU,2024-07-25T22:58:51Z,gh-1812
Honky Tonk Heroes,Waylon Jennings,Honky Tonk Heroes,False,INDIFFERENT,3:36,216,SRJhsYf-jok,2024-07-25T22:55:15Z,gh-1812
Waterloo Sunset (Mono Mix),The Kinks,Something Else (Deluxe Edition),,INDIFFERENT,3:15,195,SJ1BuKUCIC8,2024-07-25T22:52:00Z,gh-1812
Just One More,The California Honeydrops,"Just One More, and Then Some",False,INDIFFERENT,4:05,245,fR406TqkFKU,2024-07-25T22:47:55Z,gh-1812
Gypsy,Fleetwood Mac,Mirage,False,INDIFFERENT,4:28,268,_9FGx0hjmC8,2024-07-25T22:43:27Z,gh-1812
"Take Me Home, Country Roads",John Denver,"Poems, Prayers and Promises",False,INDIFFERENT,3:11,191,c0dvabcWVo0,2024-07-25T22:40:16Z,gh-1812
Kodachrome,Paul Simon,There Goes Rhymin' Simon,True,LIKE,3:36,216,JD6Zq505pnM,2024-07-25T22:36:40Z,gh-1812
Gimme! Gimme! Gimme! (A Man After Midnight),ABBA,Voulez-Vous,False,INDIFFERENT,4:53,293,pa2j0Bh83ms,2024-07-25T22:31:47Z,gh-1812
Y'all Come Back Saloon,The Oak Ridge Boys,Y'all Come Back Saloon,True,LIKE,2:56,176,sH_4dSOXj90,2024-07-25T22:28:51Z,gh-1812
One Toke Over the Line,Brewer & Shipley,Tarkio Road,True,LIKE,3:20,200,OF3EUFnafp8,2024-07-25T22:25:31Z,gh-1812
Treat Me Kind,Del McCoury Band,Songs of Love and Life,,LIKE,3:10,190,b8irb2HoyIM,2024-07-25T22:22:21Z,gh-1812
Fakin' It,Simon & Garfunkel,Bookends,True,LIKE,3:18,198,Q_JunmMb1f0,2024-07-25T22:19:03Z,gh-1812
Whiskey River,Willie Nelson,Shotgun Willie,False,INDIFFERENT,4:08,248,Yhbe3ueCLPw,2024-07-25T22:14:55Z,gh-1812
Feelin' Good Again,Robert Earl Keen,Walking Distance,True,LIKE,3:17,197,g5i6duhB9mk,2024-07-25T22:11:38Z,gh-1812
Diana By My Side,The Olympians,The Olympians,,INDIFFERENT,3:30,210,1OcjYV_SZr0,2024-07-25T21:24:06Z,gh-1811
Casio,Jungle,For Ever,False,INDIFFERENT,3:55,235,02nFGcia31M,2024-07-25T21:20:11Z,gh-1811
Road Song,Ikebe Shakedown,The Beast / Road Song,True,LIKE,3:01,181,oUqknxyD8k4,2024-07-25T21:17:10Z,gh-1811
Make the Road By Walking,Menahan Street Band,Make the Road By Walking,False,INDIFFERENT,3:04,184,iV93hXBZinw,2024-07-25T21:14:06Z,gh-1811
Sagittarius By Moonlight,The Olympians,The Olympians,,INDIFFERENT,3:31,211,iKbBjuZRLiI,2024-07-25T21:10:35Z,gh-1811
Fried Soul,Delvon Lamarr Organ Trio,Fried Soul,False,INDIFFERENT,3:37,217,WDAynrHkP7w,2024-07-25T21:06:58Z,gh-1811
She's Knocking,Ikebe Shakedown,The Way Home,False,INDIFFERENT,3:15,195,5gXrbaDHMrM,2024-07-25T21:03:43Z,gh-1811
Tired of Fighting,Menahan Street Band,Make the Road By Walking,False,INDIFFERENT,3:32,212,F-OeFm6y384,2024-07-25T21:00:11Z,gh-1811
Venus,The Olympians,The Olympians,,INDIFFERENT,4:02,242,keU2zM3wKcE,2024-07-25T20:56:09Z,gh-1811
Strange Seed,Emapea,"Seeds, Roots & Fruits",True,LIKE,3:04,184,Z0TfdZBc7L8,2024-07-25T20:53:05Z,gh-1811
Sicily' Box (feat. Rocco Palladino),"Venna, Yussef Dayes, & Marco Bernardis",Sicily' Box,False,INDIFFERENT,4:06,246,w_a5mRbwr-o,2024-07-25T20:48:59Z,gh-1811
Fire,Thomas Naïm,Sounds of Jimi,False,INDIFFERENT,3:37,217,e-qMhYPPDSw,2024-07-25T20:45:22Z,gh-1811
Stand Tall,The Olympians,"Fallin' Off The Reel, Vol. 3",False,INDIFFERENT,3:07,187,Jl40KqQARko,2024-07-25T20:42:15Z,gh-1811
Mercury's Odyssey,The Olympians,The Olympians,,LIKE,3:39,219,ta4G1xOUcrE,2024-07-25T20:38:36Z,gh-1811
Knoxville Girl (The Original Album),The Louvin Brothers,Tragic Songs of Life,,LIKE,3:50,230,CQCHV0CtDNc,2024-07-25T20:34:46Z,gh-1811
The Great Atomic Power,The Louvin Brothers,Grand Ole Opry Legends,True,LIKE,2:49,169,2ci3UUzHTVc,2024-07-25T20:31:57Z,gh-1811
Interstate Love Song,Stone Temple Pilots,Purple,False,INDIFFERENT,3:14,194,BsdXUx61un8,2024-07-25T20:28:43Z,gh-1811
Santa Monica,Everclear,Éxitos Remember: Mi Cinta De Los 90,False,INDIFFERENT,3:12,192,TDtVKTFPinU,2024-07-25T20:25:31Z,gh-1811
Icky Thump,The White Stripes,Icky Thump,False,INDIFFERENT,4:15,255,z8UKyfeCKQQ,2024-07-25T20:21:16Z,gh-1811
Enter Sandman,Metallica,Metallica,False,INDIFFERENT,5:32,332,CHIWNDAwTqQ,2024-07-25T20:15:44Z,gh-1811
Bodies,Drowning Pool,Sinner,False,INDIFFERENT,3:22,202,iYcbfc_UB6M,2024-07-25T20:12:22Z,gh-1811
Pepper,Butthole Surfers,Electriclarryland,False,INDIFFERENT,4:58,298,G8sGmSEehi4,2024-07-25T20:07:24Z,gh-1811
Sleep Now In the Fire,Rage Against The Machine,The Battle Of Los Angeles,False,INDIFFERENT,3:26,206,JbyaPmv5Gc0,2024-07-25T18:30:00Z,gh-1810
What I Got,Sublime,Sublime (10th Anniversary Edition / Deluxe Edition),False,INDIFFERENT,2:52,172,QtbxWas-3oM,2024-07-25T18:27:08Z,gh-1810
Lithium,Nirvana,Nevermind (Deluxe Edition),False,INDIFFERENT,4:18,258,553VogDv5DI,2024-07-25T18:22:50Z,gh-1810
Sabotage,Beastie Boys,Ill Communication,False,INDIFFERENT,2:59,179,B8CD2Rco8cQ,2024-07-25T18:19:51Z,gh-1810
The Distance,CAKE,Fashion Nugget,False,INDIFFERENT,3:00,180,JH6il8U3EU0,2024-07-25T18:16:51Z,gh-1810
Loser,Beck,Loser,False,INDIFFERENT,3:56,236,5Z1-5wNjMgs,2024-07-25T18:12:55Z,gh-1810
Killing In the Name,Rage Against The Machine,Rage Against The Machine,False,INDIFFERENT,5:14,314,2o9aoL0NWpw,2024-07-25T18:07:41Z,gh-1810
Sabotage (Remastered 2009),Beastie Boys,Ill Communication (Deluxe Edition),False,INDIFFERENT,2:59,179,2WHFTRArC44,2024-07-25T18:04:42Z,gh-1810
Landslide,Fleetwood Mac,Fleetwood Mac,False,INDIFFERENT,3:20,200,k4M53xndqiU,2024-07-25T03:26:53Z,gh-1805
Make It with You,Bread,Soft Rock Ballads,False,INDIFFERENT,3:14,194,VtQGkg-73uE,2024-07-25T03:23:39Z,gh-1805
If Not for You (2020 Mix),George Harrison,All Things Must Pass (50th Anniversary;Super Deluxe),False,INDIFFERENT,3:31,211,XCGuWOfR0dg,2024-07-25T03:20:08Z,gh-1805
Why Don't You Write Me,Simon & Garfunkel,Bridge Over Troubled Water,False,INDIFFERENT,2:47,167,S9M2yQOlPx0,2024-07-25T03:17:21Z,gh-1805
"Vincent (Starry, Starry Night)",Don McLean,Rearview Mirror: An American Musical Journey,False,INDIFFERENT,4:36,276,v4mvfb3mYrg,2024-07-25T03:12:45Z,gh-1805
American Tune,Paul Simon,There Goes Rhymin' Simon,False,INDIFFERENT,3:46,226,-8etrzygP_o,2024-07-25T03:08:59Z,gh-1805
,"Jul 5, 2024",,False,INDIFFERENT,6:11,371,cxrgLRtIL-U,2024-07-25T01:36:32Z,gh-1804
Another Saturday Night,Sam Cooke,30 Greatest Hits: Portrait of a Legend 1951-1964,True,LIKE,2:43,163,8N1qQHzh6-A,2024-07-25T01:33:49Z,gh-1804
American Dreaming,Sierra Ferrell,American Dreaming (Single Edit),False,INDIFFERENT,4:18,258,MARPEvw2Prw,2024-07-25T01:29:31Z,gh-1804
Treat Me Kind,Del McCoury Band,Songs of Love and Life,,LIKE,3:10,190,b8irb2HoyIM,2024-07-25T01:26:21Z,gh-1804
I Feel Love,Donna Summer,I Remember Yesterday,False,INDIFFERENT,5:56,356,bHfrdQ8h2Pw,2024-07-25T01:20:25Z,gh-1804
Of All the Dreams,The Wild Reeds,Blind and Brave,,LIKE,3:33,213,FRZJw9-JPg8,2024-07-25T01:16:52Z,gh-1804
Amarillo Highway (for Dave Hickey),Terry Allen,Lubbock (on everything),True,LIKE,4:01,241,j0yS6Jc-vw0,2024-07-25T01:12:51Z,gh-1804
American Tune,Paul Simon,There Goes Rhymin' Simon,False,INDIFFERENT,3:46,226,-8etrzygP_o,2024-07-25T01:09:05Z,gh-1804
That's the Way the World Goes Round,John Prine,Bruised Orange,True,LIKE,3:21,201,ZogciFl-udY,2024-07-25T01:05:44Z,gh-1804
Feelin' Good Again,Robert Earl Keen,Walking Distance,True,LIKE,3:17,197,g5i6duhB9mk,2024-07-25T01:02:27Z,gh-1804
AMBIENT TECHNO || continuous mix 007,Rob Jenkins,AMBIENT TECHNO || continuous mix 007,False,INDIFFERENT,1:39:52,5992,FM7NP1e6t3w,2024-07-24T13:49:47Z,gh-1801
Helix (Living Light Remix),Bluetech,Liquid Geometries In Dub,False,INDIFFERENT,7:52,472,R2K1x_1Z8m4,2024-07-23T21:21:08Z,gh-1795
Vessels (Bluetechs Deep Dub Diver Mix),Bluetech,Liquid Geometries In Dub,False,INDIFFERENT,7:08,428,2I1gpAiROt0,2024-07-23T21:14:00Z,gh-1795
Dawn Ascent (Desert Dwellers Remix),Bluetech,Liquid Geometries In Dub,False,INDIFFERENT,7:32,452,aGP6_MWNzlQ,2024-07-23T21:06:28Z,gh-1795
Crystalline Forms (Saafi Brothers Remix),Bluetech,Liquid Geometries In Dub,False,INDIFFERENT,6:10,370,108snRVeOrs,2024-07-23T21:00:18Z,gh-1795
Tranquility Gate (Mixmaster Morris Remix),Bluetech,Liquid Geometries In Dub,False,INDIFFERENT,6:43,403,R3JrBKCVkRw,2024-07-23T20:53:35Z,gh-1795
Dawn Ascent (DF Tram Remix),Bluetech,Liquid Geometries In Dub,False,INDIFFERENT,8:01,481,fHzpCNtoQ-U,2024-07-23T20:45:34Z,gh-1795
Helix (Pan Electric Remix),Bluetech,Liquid Geometries In Dub,False,INDIFFERENT,5:13,313,Iex8b_nNFag,2024-07-23T20:40:21Z,gh-1795
Fee,Phish,Phish: Star Lake '98,False,INDIFFERENT,8:39,519,JMopPVevWSE,2024-07-23T20:31:42Z,gh-1795
Ginseng Sullivan,Phish,Phish: Star Lake '98,False,INDIFFERENT,3:59,239,0NlVuPivp1o,2024-07-23T20:27:43Z,gh-1795
Live Phish Instrumental Vol 1,Phish,Mixes,,INDIFFERENT,1:12:44,4364,7Dif_2wshpE,2024-07-23T19:14:59Z,gh-1795
The Sloth,Phish,Phish: Star Lake '98,False,INDIFFERENT,3:52,232,ziEDQNfpCSo,2024-07-23T19:11:07Z,gh-1795
Reba,Phish,Phish: Star Lake '98,False,INDIFFERENT,17:26,1046,Bh96uCMKVrU,2024-07-23T18:53:41Z,gh-1795
PNEUMONIA,David Grisman Quintet,Live At The Gamh 1979,,INDIFFERENT,6:45,405,EG4RB8KRMTQ,2024-07-23T01:36:27Z,gh-1788
BAND INTRO,David Grisman Quintet,Live At The Gamh 1979,,INDIFFERENT,3:01,181,prKRsjSRtL4,2024-07-23T01:33:26Z,gh-1788
MINOR SWING,David Grisman Quintet,Live At The Gamh 1979,,INDIFFERENT,3:57,237,jTSsnPNiBUU,2024-07-23T01:29:29Z,gh-1788
JANICE,David Grisman Quintet,Live At The Gamh 1979,,INDIFFERENT,4:47,287,-NeE1U5j6z0,2024-07-23T01:24:42Z,gh-1788
DEVLIN,David Grisman Quintet,Live At The Gamh 1979,,INDIFFERENT,5:12,312,BXR-SPgihTk,2024-07-23T01:19:30Z,gh-1788
WAITING ON VASSAR,David Grisman Quintet,Live At The Gamh 1979,,INDIFFERENT,6:20,380,LZbmC3dnG88,2024-07-23T01:13:10Z,gh-1788
16/16,David Grisman Quintet,Live At The Gamh 1979,,INDIFFERENT,4:29,269,U-K3VI57t7c,2024-07-23T01:08:41Z,gh-1788
Cape Cod Kwassa Kwassa,Vampire Weekend,Vampire Weekend,False,INDIFFERENT,3:35,215,OyUEgsKldyk,2024-07-22T01:41:58Z,gh-1779
Holiday,Vampire Weekend,Contra,False,INDIFFERENT,2:19,139,PZOolJNFnFA,2024-07-22T01:39:39Z,gh-1779
Oxford Comma,Vampire Weekend,Vampire Weekend,False,INDIFFERENT,3:16,196,Xol4RPRnuXQ,2024-07-22T01:36:23Z,gh-1779
Walcott,Vampire Weekend,Vampire Weekend,False,INDIFFERENT,3:42,222,hiWOpg0n57g,2024-07-22T01:32:41Z,gh-1779
This Life,Vampire Weekend,Father of the Bride,False,INDIFFERENT,4:29,269,0DRvBNzwELE,2024-07-22T01:28:12Z,gh-1779
Unbelievers,Vampire Weekend,Modern Vampires of the City,False,INDIFFERENT,3:23,203,aJd5EMB9im0,2024-07-22T01:24:49Z,gh-1779
Worship You,Vampire Weekend,Modern Vampires of the City,False,INDIFFERENT,3:22,202,f5KLYx9jsBA,2024-07-22T01:21:27Z,gh-1779
Step,Vampire Weekend,Modern Vampires of the City,False,INDIFFERENT,4:12,252,JBjwW5iwXkk,2024-07-22T01:17:15Z,gh-1779
Cousins,Vampire Weekend,Contra,False,INDIFFERENT,2:26,146,CoKt6atQFNQ,2024-07-22T01:14:49Z,gh-1779
The Kids Don't Stand a Chance,Vampire Weekend,Vampire Weekend,False,INDIFFERENT,4:03,243,e1yGaf5phIA,2024-07-22T01:10:46Z,gh-1779
Hannah Hunt,Vampire Weekend,Modern Vampires of the City,False,INDIFFERENT,3:58,238,Td7VQnWWWzI,2024-07-22T01:06:48Z,gh-1779
A-Punk,Vampire Weekend,Vampire Weekend,False,INDIFFERENT,2:18,138,BBpzg38GIXU,2024-07-22T01:04:30Z,gh-1779
Tieduprightnow,Parcels,Tieduprightnow,True,LIKE,4:10,250,JYHH0ogYN8M,2024-07-22T00:37:22Z,gh-1779
Sting - Every Breath you Take,,,,INDIFFERENT,4:49,289,H-4yodHCvu0,2024-07-21T20:40:01Z,gh-1779
Scorpio,Moneybagg Yo,A Gangsta’s Pain: Reloaded,False,INDIFFERENT,2:46,166,c5aP4s7HLno,2024-07-21T21:24:40Z,gh-1778
All My Friends,LCD Soundsystem,Sound of Silver,False,INDIFFERENT,7:43,463,vVEZNvqecdE,2024-07-21T06:29:01Z,gh-1773
The Obvious Child,Paul Simon,The Rhythm Of The Saints,False,INDIFFERENT,4:11,251,ikjAJZ9wMPE,2024-07-21T06:24:50Z,gh-1773
You Can Call Me Al,Paul Simon,Graceland (25th Anniversary Deluxe Edition),False,INDIFFERENT,4:40,280,OMbfT3Wppjo,2024-07-21T06:20:10Z,gh-1773
50 Ways to Leave Your Lover,Paul Simon,Still Crazy After All These Years,False,INDIFFERENT,3:38,218,B1V1varByWI,2024-07-21T06:16:32Z,gh-1773
Step,Vampire Weekend,Modern Vampires of the City,False,INDIFFERENT,4:12,252,JBjwW5iwXkk,2024-07-21T06:12:20Z,gh-1773
This Life,Vampire Weekend,Father of the Bride,False,INDIFFERENT,4:29,269,0DRvBNzwELE,2024-07-21T06:07:51Z,gh-1773
Tieduprightnow,Parcels,Tieduprightnow,True,LIKE,4:10,250,JYHH0ogYN8M,2024-07-21T06:03:41Z,gh-1773
Cape Cod Kwassa Kwassa,Vampire Weekend,Vampire Weekend,False,INDIFFERENT,3:35,215,OyUEgsKldyk,2024-07-21T06:00:06Z,gh-1773
Mercury's Odyssey,The Olympians,The Olympians,,LIKE,3:39,219,ta4G1xOUcrE,2024-07-21T05:56:27Z,gh-1773
"Jesus, Etc.",Wilco,Yankee Hotel Foxtrot,True,LIKE,3:52,232,USMsgVbf8Us,2024-07-21T05:52:35Z,gh-1773
Low Sun,Hermanos Gutiérrez,Low Sun,False,INDIFFERENT,3:09,189,I5gVdQgjWas,2024-07-21T05:49:26Z,gh-1773
Hope,Vampire Weekend,Only God Was Above Us,False,INDIFFERENT,7:58,478,TWjYjX1bCJU,2024-07-21T05:41:28Z,gh-1773
Pravda,Vampire Weekend,Only God Was Above Us,False,INDIFFERENT,4:12,252,fqMS_NDxtfg,2024-07-21T05:37:16Z,gh-1773
Mary Boone,Vampire Weekend,Only God Was Above Us,False,INDIFFERENT,4:27,267,orcq-_ZKd2U,2024-07-21T05:32:49Z,gh-1773
Gen-X Cops,Vampire Weekend,Only God Was Above Us,False,INDIFFERENT,3:48,228,9gLZ4SZo3CA,2024-07-21T05:29:01Z,gh-1773
Prep-School Gangsters,Vampire Weekend,Only God Was Above Us,False,INDIFFERENT,3:49,229,G82Z_GNgkGw,2024-07-21T05:25:12Z,gh-1773
Connect,Vampire Weekend,Only God Was Above Us,False,INDIFFERENT,5:11,311,ubyti-AHytA,2024-07-21T05:20:01Z,gh-1773
Capricorn,Vampire Weekend,Only God Was Above Us,False,INDIFFERENT,4:10,250,T_g54I2cmpU,2024-07-21T05:15:51Z,gh-1773
Classical,Vampire Weekend,Only God Was Above Us,False,INDIFFERENT,4:20,260,TT8g3CLFuBI,2024-07-21T05:11:31Z,gh-1773
Ice Cream Piano,Vampire Weekend,Only God Was Above Us,False,INDIFFERENT,3:37,217,H7n1ZO61zPA,2024-07-21T05:07:54Z,gh-1773
Mariella,"Khruangbin, Leon Bridges",Texas Moon,False,INDIFFERENT,5:11,311,qtz8L-gICzA,2024-07-21T01:43:09Z,gh-1771
This Must Be the Place (Naive Melody) [2005 Remaster],Talking Heads,Speaking in Tongues (Deluxe Version),False,INDIFFERENT,4:57,297,fsccjsW8bSY,2024-07-21T01:38:12Z,gh-1771
Heart It Races (Cover Version),Dr. Dog,Heart It Races (Cover Version),False,INDIFFERENT,3:52,232,IQqa588F9Vs,2024-07-21T01:34:20Z,gh-1771
Unbearably White,Vampire Weekend,Father of the Bride,False,INDIFFERENT,4:41,281,DvTboOje_lY,2024-07-21T01:29:39Z,gh-1771
Diplomat's Son,Vampire Weekend,Contra,False,INDIFFERENT,6:02,362,WwWp8zqgfds,2024-07-21T01:23:37Z,gh-1771
Gen-X Cops,Vampire Weekend,Capricorn / Gen-X Cops,False,INDIFFERENT,3:48,228,ypvf3ibR8CQ,2024-07-21T01:19:49Z,gh-1771
A-Punk,Vampire Weekend,Vampire Weekend,False,INDIFFERENT,2:18,138,BBpzg38GIXU,2024-07-21T01:17:31Z,gh-1771
Capricorn,Vampire Weekend,Capricorn / Gen-X Cops,False,INDIFFERENT,4:10,250,_H6Kq24CHUU,2024-07-21T01:13:21Z,gh-1771
Horchata,Vampire Weekend,Contra,False,INDIFFERENT,3:27,207,DW-q1d8vk4o,2024-07-21T01:09:54Z,gh-1771
Empty Promises (Live),"Christone ""Kingfish"" Ingram",Empty Promises (Live),False,INDIFFERENT,7:50,470,U20euPyJhYw,2024-07-21T01:02:04Z,gh-1771
"Gypsy Jazz - ""Minor Swing"" - Rhythm Future Quartet",,,,INDIFFERENT,6:41,401,do1encCa5TU,2024-07-20T06:29:04Z,gh-1765
"Buddy Rich with Tommy Dorsey & His Orchestra 1943 ""Well Git It"" | from ""Du Barry Was a Lady""",,,,INDIFFERENT,4:19,259,HLFUoPqkGwQ,2024-07-20T06:24:45Z,gh-1765
"Saxophonist hulks out and dominates ""Pick Up The Pieces""","198K views, The Sharp Eleven Electric Band",,,INDIFFERENT,2:56,176,V5yHvIpTTYQ,2024-07-20T06:21:49Z,gh-1765
I Still Haven't Found What I'm Looking For,Postmodern Jukebox,I Still Haven't Found What I'm Looking For,False,INDIFFERENT,3:19,199,XWj8iItcjDU,2024-07-20T06:18:30Z,gh-1765
Taj Mahal - Queen Bee - Bloody Sunday Sessions,,,,INDIFFERENT,5:42,342,sjTEkhXgu_4,2024-07-20T06:12:48Z,gh-1765
Henry Mancini - Pink Panther (live) | WDR Funkhausorchester,,,,INDIFFERENT,2:57,177,oe_uqv5GNNw,2024-07-20T06:09:51Z,gh-1765
Solfeggietto,Luca Sestak,Lighter Notes,False,INDIFFERENT,3:50,230,RuQXTJWZkV8,2024-07-20T06:06:01Z,gh-1765
This Time I'm Gone for Good,Freddy Cole,Singing the Blues,False,INDIFFERENT,4:59,299,3xsPGPeBTCk,2024-07-20T06:01:02Z,gh-1765
Heart - Stairway to Heaven Led Zeppelin - Kennedy Center Honors HD,,,,INDIFFERENT,6:56,416,2cZ_EFAmj08,2024-07-20T05:54:06Z,gh-1765
Proud Mary (Tina Turner Tribute 2005 Kennedy Center Honors),"44M views, Beyoncé",,,INDIFFERENT,4:42,282,A-ioGgZhgNI,2024-07-20T05:49:24Z,gh-1765
"Riviera Paradise (Live From Austin, TX)","6.1M views, Stevie Ray Vaughan & Double Trouble",,,INDIFFERENT,9:14,554,3c_8VUL5jks,2024-07-20T05:40:10Z,gh-1765
Wycliffe Gordon - 'Sweet Louisiana' Trombone Solo,,,,INDIFFERENT,2:52,172,I4i1KcqWikY,2024-07-20T05:37:18Z,gh-1765
Take Five,"1.5M views, Dave Brubeck, Eugene Wright, Joe Morello, Paul Desmond",,,INDIFFERENT,7:25,445,JXi3rHqnAIU,2024-07-20T05:29:53Z,gh-1765
Feeling Good,Nina Simone,I Put A Spell On You,False,INDIFFERENT,2:54,174,BNMKGYiJpvg,2024-07-20T05:26:59Z,gh-1765
"Wynton Marsalis Jazz At Lincoln Center Orchestra, Blues Walk",,,,INDIFFERENT,9:15,555,oGR947AOvlg,2024-07-20T03:21:26Z,gh-1764
Trombone Shorty - Backatown (Transcription),,,,INDIFFERENT,3:29,209,aYvc8CxNSP8,2024-07-20T03:17:57Z,gh-1764
"St. Thomas (feat. Tommy Flanagan, Doug Watkins & Max Roach)",Sonny Rollins,Saxophone Colossus,False,INDIFFERENT,6:44,404,_YynSucmcQo,2024-07-20T03:11:13Z,gh-1764
Stayin Alive,Postmodern Jukebox,The Fourth Tuning,False,INDIFFERENT,3:18,198,C1MWXDsNObY,2024-07-20T03:07:55Z,gh-1764
Talking Heads - Burning Down the House [HD],,,,INDIFFERENT,4:01,241,Zfr3L0drhS8,2024-07-20T03:03:54Z,gh-1764
Summertime - Billy Strings & Marcus King,,,,INDIFFERENT,4:47,287,1RNNQYpnukA,2024-07-20T02:59:07Z,gh-1764
Trombone Shorty & Orleans Avenue Live at New Orleans Jazz & Heritage Festival 2015,,,,INDIFFERENT,23:48,1428,5nicIamsDdU,2024-07-20T02:35:19Z,gh-1764
Trombone Shorty performs 'St. James Infirmary' at the White House,,,,INDIFFERENT,3:22,202,FSbP6ZhfPs0,2024-07-20T02:31:57Z,gh-1764
20. Joss Stone - Son Of A Preacher Man - Live At The Roundhouse 2016 (PRO-SHOT HD 720p),,,,INDIFFERENT,5:36,336,IiG69YDLMbM,2024-07-20T02:26:21Z,gh-1764
アイアム主人公 - I Am Syujinkou,"192K views, Kaho Nakamura",,,INDIFFERENT,3:16,196,Cf6Q0dA0IPY,2024-07-20T02:23:05Z,gh-1764
This Is The Life (Acoustic / Drovers Inn Session),"77M views, Amy Macdonald",,,INDIFFERENT,3:31,211,puZAGRkf6xc,2024-07-20T02:19:34Z,gh-1764
Milk'n Blues - The Thrill is Gone + Summertime (BB king + George Gershwin cover),"9.6M views, Milk 'n Blues",,,INDIFFERENT,6:12,372,pFEIJSXLmFs,2024-07-20T02:13:22Z,gh-1764
"Randy Newman,Linda Ronstadt & Ry Cooder   ""Rider In The Rain""",,,,INDIFFERENT,4:01,241,ipmXGsJskYI,2024-07-20T02:09:21Z,gh-1764
Bill & McKenna Medley - The Time of My Life,,,,INDIFFERENT,3:38,218,H1MS6apBgzA,2024-07-20T02:05:43Z,gh-1764
Listen to the Music feat. Tom Johnston (The Doobie Brothers) | Playing For Change,,,,INDIFFERENT,4:36,276,t4sK8d48Exs,2024-07-20T02:01:07Z,gh-1764
Caleb Meyer - Gillian Welch & David Rawlings,,,,INDIFFERENT,3:00,180,nugXkgd_-84,2024-07-20T01:58:07Z,gh-1764
Angel from Montgomery (Live) (feat. Bonnie Raitt),John Prine,John Prine (Live),False,INDIFFERENT,4:17,257,gHe4cpI9_fk,2024-07-20T01:53:50Z,gh-1764
Matty Groves,Doc Watson,Home Again!,False,INDIFFERENT,6:07,367,ZGaEnslgG3I,2024-07-20T01:47:43Z,gh-1764
Idle Idle,Alex Regeimbal,Idle Idle,True,LIKE,3:20,200,ma7gAQMNTaQ,2024-07-20T01:44:23Z,gh-1764
Matty Groves (Live),"67K views, Eva Abraham",,,LIKE,5:08,308,DDdX5iIOWDA,2024-07-20T01:39:15Z,gh-1764
The Boxer,Simon & Garfunkel,Bridge Over Troubled Water,False,INDIFFERENT,5:09,309,C1VUWDcp5Sg,2024-07-20T01:34:49Z,gh-1763
The Sound of Silence (Electric Version),Simon & Garfunkel,Sounds Of Silence,False,INDIFFERENT,3:06,186,bjkPQYWNTlg,2024-07-20T01:31:43Z,gh-1763
Bridge Over Troubled Water,Simon & Garfunkel,Bridge Over Troubled Water,False,INDIFFERENT,4:54,294,nvF5imxSaLI,2024-07-20T01:26:49Z,gh-1763
The Sound of Silence (Acoustic Version),Simon & Garfunkel,"Wednesday Morning, 3 A.M.",False,INDIFFERENT,3:06,186,-eqJGVl0Pr0,2024-07-20T01:23:43Z,gh-1763
"Mrs. Robinson (From ""The Graduate"" Soundtrack)",Simon & Garfunkel,Bookends,False,INDIFFERENT,4:05,245,_C2vqI9FVwg,2024-07-20T01:19:38Z,gh-1763
Dreams (2004 Remaster),Fleetwood Mac,Rumours,False,INDIFFERENT,4:18,258,swJOIjjW69U,2024-07-20T01:15:20Z,gh-1763
American Tune,Paul Simon,There Goes Rhymin' Simon,False,INDIFFERENT,3:46,226,-8etrzygP_o,2024-07-20T01:11:34Z,gh-1763
I Can See Clearly Now (Edit),Johnny Nash,I Can See Clearly Now,False,INDIFFERENT,2:45,165,Qr2WF8dvjnY,2024-07-20T01:08:49Z,gh-1763
Happy Together,The Turtles,All the Singles,False,INDIFFERENT,2:55,175,h5dq4OP4Eqc,2024-07-20T01:05:54Z,gh-1763
Wild World,Cat Stevens,Pop Blockbusters 8,False,INDIFFERENT,3:21,201,MhLhFaIBvpY,2024-07-20T01:02:33Z,gh-1763
Never My Love (Remastered Version),The Association,Insight Out,False,INDIFFERENT,3:11,191,ixfu_BA9-9s,2024-07-20T00:59:22Z,gh-1763
THE HOUSE OF THE RISING SUN,THE ANIMALS,OLDAYS ALBUM GUIDE BOOK:ROCK #1,False,INDIFFERENT,3:05,185,RyZPKf-Gd9Y,2024-07-20T00:56:17Z,gh-1763
Stand By Me,Ben E. King,60´s Music,False,INDIFFERENT,3:01,181,-0B9FOQXtT0,2024-07-20T00:53:16Z,gh-1763
Mrs. Robinson,Simon & Garfunkel,Fabulous 60s,False,INDIFFERENT,3:56,236,zJ_C0hk_pkE,2024-07-20T00:49:20Z,gh-1763
Ramble On (Remaster),Led Zeppelin,Led Zeppelin II (Deluxe Edition),False,INDIFFERENT,4:35,275,_h9MxNn8P7w,2024-07-20T00:44:45Z,gh-1763
Turn! Turn! Turn!,The Byrds,The Byrds,False,INDIFFERENT,3:54,234,pkuBh5n_Shc,2024-07-20T00:40:51Z,gh-1763
Suspicious Minds,Elvis Presley,Elvis 30 #1 Hits,False,INDIFFERENT,4:33,273,xt8XQLvKBUs,2024-07-20T00:36:18Z,gh-1763
Roadhouse Blues,The Doors,Morrison Hotel,False,INDIFFERENT,4:04,244,yV9DJwJKWMw,2024-07-20T00:32:14Z,gh-1763
Money For Nothing (Single Edit) [2022 Remaster],Dire Straits,Money For Nothing (2022 Remaster),False,INDIFFERENT,4:09,249,jFVA_2Nkj8k,2024-07-20T00:28:05Z,gh-1763
Dancing in the Moonlight,King Harvest,Dancing in the Moonlight,False,INDIFFERENT,3:02,182,0eHBLHVHjWg,2024-07-20T00:25:03Z,gh-1763
Lola (2020 Stereo Remaster),The Kinks,"Lola Versus Powerman and the Moneygoround, Pt. 1",False,INDIFFERENT,4:02,242,SJPCeUAV23I,2024-07-20T00:21:01Z,gh-1763
Midnight Rider,The Allman Brothers Band,Idlewild South (Deluxe Edition Remastered),False,INDIFFERENT,3:01,181,O6Q40nZRRco,2024-07-20T00:18:00Z,gh-1763
Time of the Season (Mono Version),The Zombies,Odessey and Oracle,False,INDIFFERENT,3:35,215,U8Ie9J2Eo5Q,2024-07-20T00:14:25Z,gh-1763
Dreams,Fleetwood Mac,50 Years - Don't Stop,False,INDIFFERENT,4:18,258,m8i5WiWCN-c,2024-07-20T00:10:07Z,gh-1763
Long Cool Woman (In a Black Dress) (1999 Remaster),The Hollies,Distant Light (Expanded Edition),False,INDIFFERENT,3:20,200,zqBCGmqgbHU,2024-07-20T00:06:47Z,gh-1763
Rise To Purpose,Eva Abraham,Songs For A New Earth,,INDIFFERENT,4:23,263,i4xXvS3qtFo,2024-07-20T00:02:24Z,gh-1763
Black Eyed Dog,Nick Drake,Made To Love Magic,False,INDIFFERENT,3:28,208,-y4T_wYJ7YE,2024-07-19T23:58:56Z,gh-1763
Imagine (Take 1),John Lennon,Imagine (The Ultimate Collection),False,INDIFFERENT,3:07,187,XFD-Hrk2jI0,2024-07-19T23:55:49Z,gh-1763
Richard Cory,Simon & Garfunkel,Sounds Of Silence,False,INDIFFERENT,2:56,176,dgMZNJ8VD80,2024-07-19T23:52:53Z,gh-1763
Meditation Of Morning,Eva Abraham,Songs For A New Earth,,LIKE,4:15,255,KToTc25WLfA,2024-07-19T23:48:38Z,gh-1763
Castles In The Air,Don McLean,The Best Of Don McLean,False,INDIFFERENT,3:43,223,KQ-8KpYHE5Q,2024-07-19T23:44:55Z,gh-1763
Dawn Meditation,Eva Abraham,Songs For A New Earth,,INDIFFERENT,0:52,52,ce8HBbDJEo8,2024-07-19T23:44:03Z,gh-1763
Black Day In July,Gordon Lightfoot,Did She Mention My Name,False,INDIFFERENT,4:14,254,vCQmx_wJH6o,2024-07-19T23:39:49Z,gh-1763
Matty Groves (Live),"67K views, Eva Abraham",,,LIKE,5:08,308,DDdX5iIOWDA,2024-07-19T23:34:41Z,gh-1763
Matty Groves,Doc Watson,Home Again!,False,INDIFFERENT,6:07,367,ZGaEnslgG3I,2024-07-19T23:28:34Z,gh-1763
The Idiot,Stan Rogers,Home In Halifax,,LIKE,2:52,172,H_1leBD4l5I,2024-07-19T23:25:42Z,gh-1763
Don't Let Me Down (Remastered 2009),The Beatles,The Beatles 1967 - 1970,False,INDIFFERENT,3:36,216,xk7f6i0CNfs,2024-07-19T23:22:06Z,gh-1763
My Hometown,Bruce Springsteen,Born In The U.S.A.,False,INDIFFERENT,4:35,275,KrGi8ODOWR0,2024-07-19T23:17:31Z,gh-1763
Barrett's Privateers,Stan Rogers,Home In Halifax,,LIKE,4:51,291,DPrIXFFbsfI,2024-07-19T23:12:40Z,gh-1763
Barrett's Privateers,Stan Rogers,Fogarty's Cove,,INDIFFERENT,4:19,259,3T0Ruhb734U,2024-07-19T23:08:21Z,gh-1763
The Obvious Child,Paul Simon,The Rhythm Of The Saints,False,INDIFFERENT,4:11,251,ikjAJZ9wMPE,2024-07-19T23:04:10Z,gh-1763
Only Love Can Break Your Heart,Neil Young,After the Gold Rush (2009 Remaster),False,INDIFFERENT,3:09,189,364qY0Oz-xs,2024-07-19T23:01:01Z,gh-1763
I Want You,Bob Dylan,Blonde On Blonde,False,INDIFFERENT,3:06,186,WH3_5cq5F_0,2024-07-19T22:57:55Z,gh-1763
He Was A Friend Of Mine,Dave Van Ronk,Folksinger,,LIKE,3:31,211,fmhJVDnrtcg,2024-07-19T22:54:24Z,gh-1763
Song Sung Blue (Single Version),Neil Diamond,Moods,False,INDIFFERENT,3:16,196,pp0LkkcmHmI,2024-07-19T22:51:08Z,gh-1763
Where Do You Go To (My Lovely),Peter Sarstedt,Playlist: The Best Of Peter Sarstedt,False,INDIFFERENT,4:45,285,EA6gIyLT3c0,2024-07-19T22:46:23Z,gh-1763
In Between Love,Tom Waits,The Early Years Vol. 2,False,INDIFFERENT,3:02,182,yfCRDKT4u70,2024-07-19T22:43:21Z,gh-1763
Ruby Tuesday,The Rolling Stones,Between The Buttons,False,INDIFFERENT,3:17,197,qs1S7pwWZ0U,2024-07-19T22:40:04Z,gh-1763
Streets of London,Ralph McTell,The Folk Box,False,INDIFFERENT,4:08,248,s8HKDULqGKw,2024-07-19T22:35:56Z,gh-1763
New Kid in Town (Live) [1999 Remaster] (Live; 1999 Remaster),Eagles,Eagles Live,False,INDIFFERENT,5:54,354,odnBJb045Y8,2024-07-19T22:30:02Z,gh-1763
Lady D'Arbanville,Cat Stevens,Mona Bone Jakon,False,INDIFFERENT,3:46,226,GtTph_tchVY,2024-07-19T22:26:16Z,gh-1763
Fakin' It,Simon & Garfunkel,Bookends,False,INDIFFERENT,3:18,198,Q_JunmMb1f0,2024-07-19T21:23:48Z,gh-1762
Lover’s Cross,Jim Croce,The Very Best of Jim Croce,False,INDIFFERENT,3:03,183,1wWq-t88F8c,2024-07-19T21:20:45Z,gh-1762
A Worried Man,The Kingston Trio,The Capitol Collector's Series,False,INDIFFERENT,3:28,208,d_yu1Y0_nGI,2024-07-19T21:17:17Z,gh-1762
Revolution (Remastered 2009),The Beatles,The Beatles 1967 - 1970,False,INDIFFERENT,3:26,206,6MbqzDm1uCo,2024-07-19T21:13:51Z,gh-1762
"Take Me Home, Country Roads (Live at the Universal Amphitheatre, Los Angeles, CA - August/September 1974)",John Denver,An Evening With John Denver,False,INDIFFERENT,3:19,199,7lL07_nvN-A,2024-07-19T21:10:32Z,gh-1762
Loves Me Like a Rock,Paul Simon,There Goes Rhymin' Simon,False,INDIFFERENT,3:34,214,WEnmT5Q8bg4,2024-07-19T21:06:58Z,gh-1762
Goodbye Yellow Brick Road,Elton John,Goodbye Yellow Brick Road (40th Anniversary Celebration / Super Deluxe),False,INDIFFERENT,3:13,193,u2lfizz6OJs,2024-07-19T21:03:45Z,gh-1762
Chimes of Freedom,The Byrds,Mr. Tambourine Man,False,INDIFFERENT,3:52,232,zvBKeB44Qkw,2024-07-19T20:59:53Z,gh-1762
American Tune,Paul Simon,There Goes Rhymin' Simon,False,INDIFFERENT,3:46,226,-8etrzygP_o,2024-07-19T20:56:07Z,gh-1762
The Boxer,Simon & Garfunkel,Bridge Over Troubled Water,False,INDIFFERENT,5:09,309,C1VUWDcp5Sg,2024-07-19T20:50:58Z,gh-1762
Gangster,The Disco Biscuits,"2024/07/14 Wilmington, NC",,INDIFFERENT,10:54,654,27n2n1B23Fo,2024-07-18T21:20:12Z,gh-1761
Tourists (Rocket Ship),The Disco Biscuits,"2024/07/14 Wilmington, NC",,INDIFFERENT,16:50,1010,WcGJeBXMyZE,2024-07-18T21:03:22Z,gh-1761
Reactor,The Disco Biscuits,"2024/07/14 Wilmington, NC",,INDIFFERENT,17:29,1049,aEw5ig9MnEw,2024-07-18T20:45:53Z,gh-1761
I Need Never Get Old,Nathaniel Rateliff & The Night Sweats,Nathaniel Rateliff & The Night Sweats,True,LIKE,4:14,254,-FWrwbHqu5w,2024-07-18T05:14:53Z,gh-1761
I Can’t Find You at All,"AJ Lee & Blue Summit, Molly Tuttle",I Can’t Find You at All,True,LIKE,3:23,203,N26JHmG4sqE,2024-07-18T04:19:34Z,gh-1761
I'm Troubled (Live) (feat. Jerry Garcia Acoustic Band),Jerry Garcia Acoustic Band,Almost Acoustic,,INDIFFERENT,4:52,292,MrCcnlO6nrQ,2024-07-18T04:14:42Z,gh-1761
Mona,Sam Armstrong-Zickefoose,Mona,True,LIKE,3:04,184,YMy_q-X1CIs,2024-07-18T04:11:38Z,gh-1761
I Hope It Rains At My Funeral,Tom T. Hall,"Tom T. Hall - Storyteller, Poet, Philosopher",False,INDIFFERENT,3:29,209,ipXbSK-KDZs,2024-07-18T04:08:09Z,gh-1761
Your Flag Decal Won't Get You into Heaven Anymore,John Prine,John Prine,False,INDIFFERENT,2:53,173,sRCLHBhZPQ4,2024-07-18T04:05:16Z,gh-1761
Gangster,The Disco Biscuits,"2024/07/14 Wilmington, NC",,INDIFFERENT,10:54,654,27n2n1B23Fo,2024-07-18T18:25:14Z,gh-1753
Tourists (Rocket Ship),The Disco Biscuits,"2024/07/14 Wilmington, NC",,INDIFFERENT,16:50,1010,WcGJeBXMyZE,2024-07-18T18:08:24Z,gh-1753
Reactor,The Disco Biscuits,"2024/07/14 Wilmington, NC",,INDIFFERENT,17:29,1049,aEw5ig9MnEw,2024-07-18T17:50:55Z,gh-1753
Caves Of The East,The Disco Biscuits,"2024/07/14 Wilmington, NC",,INDIFFERENT,18:02,1082,klH4YqVw3Rw,2024-07-18T17:32:53Z,gh-1753
Crowd,The Disco Biscuits,"2024/07/14 Wilmington, NC",,INDIFFERENT,1:34,94,co0EXvjyGbc,2024-07-18T17:31:19Z,gh-1753
Hot Air Balloon,The Disco Biscuits,"2024/07/14 Wilmington, NC",,INDIFFERENT,23:30,1410,5RA4yYETwPA,2024-07-18T17:07:49Z,gh-1753
Ring The Doorbell Twice,The Disco Biscuits,"2024/07/14 Wilmington, NC",,INDIFFERENT,20:24,1224,V6plngjOSkw,2024-07-18T16:47:25Z,gh-1753
Minions,The Disco Biscuits,"2024/07/14 Wilmington, NC",,INDIFFERENT,17:39,1059,ehQq_5frrBo,2024-07-18T16:29:46Z,gh-1753
Rockafella,The Disco Biscuits,"2024/07/14 Wilmington, NC",,INDIFFERENT,15:25,925,CByUFq7Yu0A,2024-07-18T16:14:21Z,gh-1753
Inside (2:56am Mix),36,Blue,False,INDIFFERENT,5:40,340,c_FDWJDFq7U,2024-07-18T15:25:07Z,gh-1752
South Tree,Helios,Unleft,False,INDIFFERENT,4:04,244,lUtLJttC6i4,2024-07-18T15:21:03Z,gh-1752
Ágúst,Ólafur Arnalds,Living Room Songs,False,INDIFFERENT,3:07,187,bTfDcUgzPBg,2024-07-18T15:17:56Z,gh-1752
Gods Becoming Memories,Hammock,UnTruth,False,INDIFFERENT,5:44,344,QSzbWbH4B6g,2024-07-18T15:12:12Z,gh-1752
Halving The Compass,Helios,Eingya,False,INDIFFERENT,5:27,327,vnsWDQF1bcg,2024-07-18T15:06:45Z,gh-1752
Chasing Cloud Nine,LUCHS,Chasing Cloud Nine,False,INDIFFERENT,2:42,162,CPvj4moLBvA,2024-07-18T15:04:03Z,gh-1752
Slow Wave,Rhucle,Slow Wave,False,INDIFFERENT,3:20,200,eAv6bSiGvdY,2024-07-18T15:00:43Z,gh-1752
Zephyr,loscil,Plume,False,INDIFFERENT,5:20,320,1EXc96ZBPX4,2024-07-18T14:55:23Z,gh-1752
Fairy Light,EIRLYS,Fairy Light,False,INDIFFERENT,2:47,167,xHTLZkpzOls,2024-07-18T14:52:36Z,gh-1752
Lune,Tony Anderson,Nuit,False,INDIFFERENT,3:31,211,T5JXU1HeWjw,2024-07-18T14:49:05Z,gh-1752
Mullholland,Stars of the Lid,The Tired Sounds of Stars of the Lid,False,INDIFFERENT,6:50,410,XeCF4B_Hjwk,2024-07-18T14:42:15Z,gh-1752
Drift,Brian Eno,Apollo: Atmospheres And Soundtracks (Extended Edition),False,INDIFFERENT,3:06,186,ufNxgRZs-oE,2024-07-18T14:39:09Z,gh-1752
Hutchings: Caress,Sophie Hutchings,Yonder,False,INDIFFERENT,4:40,280,agfwpgOWJ7M,2024-07-18T14:34:29Z,gh-1752
As She Passes,Levi Patel,Of Sleep and Time,False,INDIFFERENT,3:44,224,2SvKuIvwtXU,2024-07-18T14:30:45Z,gh-1752
The Lie and How We Told It,Yo La Tengo,I Can Hear The Heart Beating As One,False,INDIFFERENT,3:20,200,Lhhv6wsfKLc,2024-07-18T14:27:25Z,gh-1752
Deva C,"Harold Budd, Robin Guthrie",Bordeaux,False,INDIFFERENT,3:52,232,qy-QWKIZPIs,2024-07-18T14:23:33Z,gh-1752
Plains,Tycho,Awake,False,INDIFFERENT,3:18,198,5jVl8n3MUUM,2024-07-18T14:20:15Z,gh-1752
We Contain Multitudes (from home),Ólafur Arnalds,We Contain Multitudes (from home),False,INDIFFERENT,3:11,191,R7AWwBl29CU,2024-07-18T14:17:04Z,gh-1752
Pearls,Helios,Yume,False,INDIFFERENT,4:47,287,l4NC7LRCMIU,2024-07-18T14:12:17Z,gh-1752
Pastoral,Northcape,Captured from Static,False,INDIFFERENT,3:09,189,zUZqHX142WY,2024-07-18T14:09:08Z,gh-1752
432,Joep Beving,Prehension,False,INDIFFERENT,4:15,255,EKDqFixYE04,2024-07-18T14:04:53Z,gh-1752
Close (Luke Howard Rework),Ed Carlsen,The Journey Tapes (Reworked),False,INDIFFERENT,3:39,219,PhRm-oVm0_Y,2024-07-18T14:01:14Z,gh-1752
Hope Valley Hill,Helios,Caesura,False,INDIFFERENT,5:19,319,Ngih2n5W_cM,2024-07-18T13:55:55Z,gh-1752
Clouds,Hiroshi Yoshimura,Music for Nine Post Cards,False,INDIFFERENT,5:55,355,Ri5F24odQS0,2024-07-18T13:50:00Z,gh-1752
Ineffable,Hammock,Ineffable,False,INDIFFERENT,3:02,182,FpQp6xK1ER8,2024-07-18T13:46:58Z,gh-1752
Under Orion,Rudy Adrian,MoonWater,False,INDIFFERENT,5:18,318,wP1RiDmq4kQ,2024-07-18T13:41:40Z,gh-1752
Ends,Líom,Coast,False,INDIFFERENT,5:56,356,6NXhKJm3KYI,2024-07-18T13:35:44Z,gh-1752
Stop and Think,Glow City,Road To Olympus,False,INDIFFERENT,3:21,201,8LGOWuUlgI4,2024-07-18T13:32:23Z,gh-1752
You'll Miss Us One Day,Ben Lukas Boysen,Gravity (Special Edition),False,INDIFFERENT,3:16,196,KXSEn0_jskk,2024-07-18T13:29:07Z,gh-1752
Endless Fragments of Time,Deep Watch,Endless Fragments of Time,False,INDIFFERENT,3:36,216,bjWlLpe6Qeo,2024-07-18T13:25:31Z,gh-1752
Radiant City,"Harold Budd, Robin Guthrie",Bordeaux,False,INDIFFERENT,4:54,294,HFoJc5XgyyQ,2024-07-18T13:20:37Z,gh-1752
Easy,Tycho,Weather,False,INDIFFERENT,3:28,208,HGZEMOR4GWE,2024-07-18T13:17:09Z,gh-1752
Ellie's Theme,Ólafur Arnalds,Broadchurch - The Final Chapter (Music From The Original TV Series),False,INDIFFERENT,3:05,185,GrEgnbocoBA,2024-07-18T13:14:04Z,gh-1752
Finding It There,Goldmund,The Malady Of Elegance,False,INDIFFERENT,3:41,221,bAfRXTP2Uug,2024-07-18T13:10:23Z,gh-1752
Goleuni Ynysig four,Rob Jenkins,Goleuni Ynysig,False,INDIFFERENT,10:16,616,Hn1Aqw3EZrU,2024-07-18T12:39:21Z,gh-1751
Goleuni Ynysig seven,Rob Jenkins,Goleuni Ynysig,False,INDIFFERENT,10:16,616,Yi_KfH4xRl4,2024-07-18T12:29:05Z,gh-1751
Goleuni Ynysig two,Rob Jenkins,Goleuni Ynysig,False,INDIFFERENT,8:08,488,8vydYYF-JZQ,2024-07-18T12:20:57Z,gh-1751
Goleuni Ynysig eight,Rob Jenkins,Goleuni Ynysig,False,INDIFFERENT,8:40,520,S0j9w20GSRg,2024-07-18T12:12:17Z,gh-1751
Goleuni Ynysig six,Rob Jenkins,Goleuni Ynysig,False,INDIFFERENT,8:08,488,mV6x9yVsOvU,2024-07-18T12:04:09Z,gh-1751
Goleuni Ynysig twelve,Rob Jenkins,Goleuni Ynysig,False,INDIFFERENT,8:40,520,Cal_nsdPc6o,2024-07-18T11:55:29Z,gh-1751
Goleuni Ynysig ten,Rob Jenkins,Goleuni Ynysig,False,INDIFFERENT,9:44,584,K1XBEDGpDuc,2024-07-18T11:45:45Z,gh-1751
Goleuni Ynysig three,Rob Jenkins,Goleuni Ynysig,False,INDIFFERENT,9:12,552,zV3g7clPMuA,2024-07-18T11:36:33Z,gh-1751
Goleuni Ynysig eleven,Rob Jenkins,Goleuni Ynysig,False,INDIFFERENT,8:40,520,HFNrjHXalcM,2024-07-18T11:27:53Z,gh-1751
Goleuni Ynysig nine,Rob Jenkins,Goleuni Ynysig,False,INDIFFERENT,9:48,588,eWnW60c_o60,2024-07-18T11:18:05Z,gh-1751
Goleuni Ynysig five,Rob Jenkins,Goleuni Ynysig,False,INDIFFERENT,10:48,648,ZIT_pfzoues,2024-07-18T11:07:17Z,gh-1751
Palm Grease,Herbie Hancock,Headhunters (Live),,INDIFFERENT,13:09,789,wsSJfhDLvGI,2024-07-18T10:54:08Z,gh-1751
Cities (2005 Remaster),Talking Heads,Fear of Music (Deluxe Version),False,INDIFFERENT,4:14,254,K5H1nEP2wXA,2024-07-18T03:29:10Z,gh-1747
The Place Upstream,Skinshape,Skinshape,False,INDIFFERENT,3:43,223,aelFS25hej8,2024-07-18T03:25:27Z,gh-1747
Flow Motion,Can,Flow Motion,True,LIKE,10:34,634,1tBf0nLsnfI,2024-07-18T01:30:55Z,gh-1746
Smoke (E.F.S. No. 59),Can,Flow Motion,False,INDIFFERENT,5:21,321,SF4q20musw8,2024-07-18T01:25:34Z,gh-1746
Babylonian Pearl,Can,Flow Motion,False,INDIFFERENT,3:31,211,j95rTX3yFu8,2024-07-18T01:22:03Z,gh-1746
..........And More,Can,Flow Motion,False,INDIFFERENT,2:47,167,R1Pk-_I9Vi4,2024-07-18T01:19:16Z,gh-1746
"Laugh Till You Cry, Live Till You Die",Can,Flow Motion,True,LIKE,6:40,400,QbsnWgQd2ew,2024-07-18T01:12:36Z,gh-1746
Cascade Waltz,Can,Flow Motion,False,INDIFFERENT,5:36,336,ScaXwEI-slE,2024-07-18T01:07:00Z,gh-1746
I Want More,Can,Flow Motion,False,INDIFFERENT,3:31,211,Vs4GZ5d036U,2024-07-18T01:03:29Z,gh-1746
Hallo Excentrico,NEU!,NEU! 2,,INDIFFERENT,3:45,225,qSoaHOpmb7g,2024-07-17T21:23:30Z,gh-1745
Super 78,NEU!,NEU! 2,,INDIFFERENT,1:37,97,PcnZ0TUVxgQ,2024-07-17T21:21:53Z,gh-1745
Cassetto,NEU!,NEU! 2,,INDIFFERENT,1:49,109,qdIMFt--oFY,2024-07-17T21:20:04Z,gh-1745
Neuschnee,NEU!,NEU! 2,,INDIFFERENT,4:08,248,c3Bg14BXyYs,2024-07-17T21:15:56Z,gh-1745
Super 16,NEU!,NEU! 2,,INDIFFERENT,3:40,220,2OHKdKnaX8Q,2024-07-17T21:12:16Z,gh-1745
Neuschnee 78,NEU!,NEU! 2,,INDIFFERENT,2:33,153,ktX8tluWpGQ,2024-07-17T21:09:43Z,gh-1745
Lila Engel (Lilac Angel),NEU!,NEU! 2,,INDIFFERENT,4:38,278,m4ZZTGVtAkA,2024-07-17T21:05:05Z,gh-1745
Gedenkminute (fuer A+K),NEU!,NEU! 2,,INDIFFERENT,2:07,127,Jq3qmkpEf0c,2024-07-17T21:02:58Z,gh-1745
Spitzenqualitat,NEU!,NEU! 2,,INDIFFERENT,3:36,216,5IQln1qymcM,2024-07-17T20:59:22Z,gh-1745
Fur immer,NEU!,NEU! 2,,INDIFFERENT,11:18,678,IId4EH3zANs,2024-07-17T20:48:04Z,gh-1745
After Eight,NEU!,NEU! 75,,INDIFFERENT,4:45,285,NdKI0dGpBwA,2024-07-17T20:43:19Z,gh-1745
E-Musik,NEU!,NEU! 75,,INDIFFERENT,9:58,598,ixvrMp1KNEI,2024-07-17T20:33:21Z,gh-1745
Hero,NEU!,NEU! 75,,INDIFFERENT,7:12,432,wNiO2_Oc_r0,2024-07-17T20:26:09Z,gh-1745
Leb' wohl,NEU!,NEU! 75,,INDIFFERENT,8:51,531,ayKs84dRLdA,2024-07-17T20:17:18Z,gh-1745
Seeland,NEU!,NEU! 75,,INDIFFERENT,6:55,415,5B3bQHYp0rM,2024-07-17T20:10:23Z,gh-1745
ISI,NEU!,NEU! 75,,INDIFFERENT,5:07,307,skzjyjcC9UM,2024-07-17T20:05:16Z,gh-1745
Im Gluck,NEU!,NEU!,,INDIFFERENT,6:54,414,2I0_eW_2mhs,2024-07-17T19:58:22Z,gh-1745
I Want More,Can,Flow Motion,False,INDIFFERENT,3:31,211,Vs4GZ5d036U,2024-07-17T19:54:51Z,gh-1745
Dream Baby Dream (Long Version),Suicide,The Second Album + The First Rehearsal Tapes,False,INDIFFERENT,6:25,385,8zpUfZfe6v4,2024-07-17T19:48:26Z,gh-1745
Dino,Harmonia,Musik von Harmonia,False,INDIFFERENT,3:32,212,h6eblnMt4pI,2024-07-17T19:44:54Z,gh-1745
Lanquidity,Sun Ra,Lanquidity (Definitive Edition),False,INDIFFERENT,8:22,502,7O4c6D8Z9a8,2024-07-17T19:36:32Z,gh-1745
Play Mass,Sons Of Kemet,Lest We Forget What We Came Here to Do,False,INDIFFERENT,5:05,305,IepRB5m5xWE,2024-07-17T19:31:27Z,gh-1745
Electricity,Captain Beefheart & His Magic Band,Safe As Milk,False,INDIFFERENT,3:07,187,JpJb9EpHGzY,2024-07-17T19:28:20Z,gh-1745
Aht uh mi hed,Shuggie Otis,Twenty First Century Twenty First Year,False,INDIFFERENT,4:17,257,uGiyGbbu_vI,2024-07-17T18:31:21Z,gh-1744
Rheinita,La Düsseldorf,Viva,True,INDIFFERENT,7:39,459,gNLsIJUybD4,2024-07-17T18:23:42Z,gh-1744
Monza (Rauf und runter),Harmonia,Deluxe,False,INDIFFERENT,7:08,428,mIi4gnk-Wz0,2024-07-17T18:16:34Z,gh-1744
Moonshake,Can,Future Days,False,INDIFFERENT,3:03,183,JAdNjKAAj_o,2024-07-17T18:13:31Z,gh-1744
Fool's Ride,WITCH,Witch: We Intend to Cause Havoc!,,LIKE,3:27,207,lgm7_8rCHrQ,2024-07-17T18:10:04Z,gh-1744
Negativland,NEU!,NEU!,,INDIFFERENT,9:48,588,Dghl0Aorhf4,2024-07-17T18:00:16Z,gh-1744
Im Gluck,NEU!,NEU!,,INDIFFERENT,6:54,414,2I0_eW_2mhs,2024-07-17T17:53:22Z,gh-1744
Sonderangebot,NEU!,NEU!,,INDIFFERENT,4:52,292,JgYHsb0zKno,2024-07-17T17:48:30Z,gh-1744
Hallogallo,NEU!,NEU!,,INDIFFERENT,10:08,608,zCblJ19-bTY,2024-07-17T17:38:22Z,gh-1744
Weissensee,NEU!,NEU!,,LIKE,6:47,407,PVMBdPZgoJg,2024-07-17T17:31:35Z,gh-1744
Watchin' You,Brainticket,Psychonaut,False,INDIFFERENT,5:19,319,SFQ66PCdXB8,2024-07-17T17:26:16Z,gh-1744
Damaged Goods,Gang Of Four,Fast Product - Rigour Discipline And Disgust,False,INDIFFERENT,3:35,215,Bat1Rgt92GA,2024-07-17T17:22:41Z,gh-1744
Jail-House Frog,Amon Düül II,Wolf City,False,INDIFFERENT,4:57,297,g-6PuzqoNYQ,2024-07-17T17:17:44Z,gh-1744
Numbers (2009 Remaster),Kraftwerk,Computer World (2009 Remaster),False,INDIFFERENT,3:21,201,fOoCnK5Jza4,2024-07-17T17:14:23Z,gh-1744
Fire,The Crazy World Of Arthur Brown,The Crazy World of Arthur Brown,False,INDIFFERENT,2:56,176,9xp6oZi3nXM,2024-07-17T17:11:27Z,gh-1744
Jump Into The Fire,Harry Nilsson,Nilsson Schmilsson,False,INDIFFERENT,7:03,423,A_r7j_NKFCM,2024-07-17T17:04:24Z,gh-1744
I'm Glad,Captain Beefheart & His Magic Band,Safe As Milk,False,INDIFFERENT,3:31,211,M59puEnSvd8,2024-07-17T17:00:53Z,gh-1744
Rare Air,Mildlife,Automatic,False,INDIFFERENT,6:54,414,NKnuQBW4P1I,2024-07-17T16:53:59Z,gh-1744
Love Is The Drug,Roxy Music,Siren,False,INDIFFERENT,4:12,252,L3rXKmugE9c,2024-07-17T16:49:47Z,gh-1744
I Want More,Can,Flow Motion,False,INDIFFERENT,3:31,211,Vs4GZ5d036U,2024-07-17T16:46:16Z,gh-1744
Sweet Jane (Mono; 2015 Remaster),The Velvet Underground,Loaded: Re-Loaded 45th Anniversary Edition,False,INDIFFERENT,3:16,196,AAzOGNUkhDs,2024-07-17T16:43:00Z,gh-1744
"Richard Petty (Live at State Farm Arena, Atlanta, GA 3/1/24)",Billy Strings,Billy Strings Live Vol. 1,,INDIFFERENT,2:12,132,LdQHW8Kanek,2024-07-16T21:25:04Z,gh-1737
"Turmoil & Tinfoil (Live at UNO Lakefront Arena, New Orleans, LA 12/31/23)",Billy Strings,Billy Strings Live Vol. 1,,INDIFFERENT,21:13,1273,TrEGVB-L7ms,2024-07-16T21:03:51Z,gh-1737
"Dos Banjos (Live at La Cigale, Paris, FR 11/14/23)",Billy Strings,Billy Strings Live Vol. 1,,INDIFFERENT,3:25,205,-XZPvXIcts0,2024-07-16T21:00:26Z,gh-1737
"Heartbeat of America (Live at Ryman Auditorium, Nashville, TN 2/25/24)",Billy Strings,Billy Strings Live Vol. 1,,INDIFFERENT,10:17,617,P5dOy2tU5Ds,2024-07-16T20:50:09Z,gh-1737
"Highway Hypnosis (Live at Pine Knob Music Theatre, Clarkston, MI 6/16/23)",Billy Strings,Billy Strings Live Vol. 1,,INDIFFERENT,15:52,952,xoq9xWNHxhk,2024-07-16T20:34:17Z,gh-1737
"Hellbender (Live at St. Augustine Amphitheatre, St. Augustine, FL 4/22/23)",Billy Strings,Billy Strings Live Vol. 1,,INDIFFERENT,3:37,217,Fay6gqtZldw,2024-07-16T20:30:40Z,gh-1737
"Fire Line > Reuben's Train (Live at Ryman Auditorium, Nashville, TN 2/25/24)",Billy Strings,Billy Strings Live Vol. 1,,INDIFFERENT,19:03,1143,3D42oNloVEI,2024-07-16T20:11:37Z,gh-1737
"Long Forgotten Dream (Live at Renewal, Buena Vista, CO 9/22/23)",Billy Strings,Billy Strings Live Vol. 1,,INDIFFERENT,4:37,277,epMMEXuw3v0,2024-07-16T20:07:00Z,gh-1737
"Away From The Mire (Live at Moody Center, Austin, TX 6/2/23)",Billy Strings,Billy Strings Live Vol. 1,,INDIFFERENT,13:09,789,IR4a4nPFulc,2024-07-16T19:53:51Z,gh-1737
"Dust in a Baggie (Live at Mohegan Sun Arena at Casey Plaza, Wilkes-Barre, PA 12/15/23)",Billy Strings,Billy Strings Live Vol. 1,,INDIFFERENT,3:42,222,H2-jhvYLhLs,2024-07-16T18:31:42Z,gh-1736
Right Kind of Dream,"Johnny Blue Skies, Sturgill Simpson",Passage Du Desir,,INDIFFERENT,5:18,318,K68Bx1j8VpE,2024-07-16T01:38:44Z,gh-1730
Another Saturday Night,Sam Cooke,30 Greatest Hits: Portrait of a Legend 1951-1964,True,LIKE,2:43,163,8N1qQHzh6-A,2024-07-15T21:25:11Z,gh-1729
Blue Rondo à la Turk (Live),"Dave Brubeck, Bill Smith, Randy Jones, and Chris Brubeck",Live at Midem 1983,False,INDIFFERENT,7:09,429,ehuVpI-rhUE,2024-07-15T21:18:02Z,gh-1729
Spanish Pipedream,John Prine,John Prine,False,LIKE,2:42,162,ZkfqWEXdx-I,2024-07-15T21:15:20Z,gh-1729
Jerusalem's Ridge,"Bill Monroe, Kenny Baker",High Lonesome: The Story of Bluegrass Music,True,INDIFFERENT,3:34,214,D0AA8lAwH1s,2024-07-15T21:11:46Z,gh-1729
Good At Losing,Charley Crockett,$10 Cowboy,False,INDIFFERENT,3:45,225,uVlHMrpN_qk,2024-07-15T21:08:01Z,gh-1729
Tu Vuo Fà L'Americano,Renato Carosone,L'Incredibile Renato Carosone,True,LIKE,3:29,209,ziiqEDjzrsY,2024-07-15T21:04:32Z,gh-1729
American Dreaming,Sierra Ferrell,American Dreaming (Single Edit),False,INDIFFERENT,4:18,258,MARPEvw2Prw,2024-07-15T21:00:14Z,gh-1729
Puttin' On the Ritz,Gypsy Swing Revue,Puttin' On The Ritz,True,LIKE,3:59,239,CFw6Cqkd0hA,2024-07-15T20:56:15Z,gh-1729
The Great Pretender,Old & In The Way,That High Lonesome Sound,True,LIKE,3:39,219,goE5qv5eh3M,2024-07-15T20:52:36Z,gh-1729
Que Sera,Wax Tailor,Tales of the Forgotten Melodies,,INDIFFERENT,2:45,165,TTLat9iFRp8,2024-07-15T20:49:51Z,gh-1729
1952 Vincent Black Lightning,Del McCoury Band,Del & The Boys,True,LIKE,4:03,243,Vz6fCj1zLSg,2024-07-15T20:45:48Z,gh-1729
New Reggae Funk,Remi Kabaka,Son of Africa,False,INDIFFERENT,3:07,187,68JOCFr_UzA,2024-07-15T20:42:41Z,gh-1729
Battle of New Orleans,Les Claypool's Duo De Twang,Four Foot Shack,,LIKE,4:17,257,WPMPSbWNpbg,2024-07-15T20:38:24Z,gh-1729
Hang Up Your Hang Ups,Herbie Hancock,Man-Child,False,INDIFFERENT,7:26,446,d7kRlufrZJo,2024-07-15T20:30:58Z,gh-1729
Rainbow Connection,Willie Nelson,Rainbow Connection,False,INDIFFERENT,4:30,270,3kih6sGyxCQ,2024-07-15T20:26:28Z,gh-1729
Dancing Queen,ABBA,Arrival,False,INDIFFERENT,3:51,231,YkLLcIKhJ64,2024-07-15T20:22:37Z,gh-1729
Amarillo Highway (for Dave Hickey),Terry Allen,Lubbock (on everything),True,LIKE,4:01,241,j0yS6Jc-vw0,2024-07-15T20:18:36Z,gh-1729
One Toke Over the Line,Brewer & Shipley,One Toke Over The Line: The Best Of Brewer & Shipley,True,LIKE,3:20,200,L9HXClusp_E,2024-07-15T20:15:16Z,gh-1729
"Gold Dust Woman (Live at The Forum, Inglewood, CA 8/29/77)",Fleetwood Mac,Gold Dust Woman,,LIKE,7:24,444,5Zp2WKvnG_E,2024-07-15T20:07:52Z,gh-1729
Wish You Weren’t Here,"Shpongle, Simon Posford",Flux & Contemplation - Portrait of an Artist in Isolation,,LIKE,5:29,329,gWpYbDCSoro,2024-07-15T20:02:23Z,gh-1729
Hard Luck & Circumstances,Charley Crockett,Hard Luck & Circumstances,False,INDIFFERENT,3:05,185,cnjfEGezbxk,2024-07-15T19:59:18Z,gh-1729
Green Green Grass Of Tunnel,múm,Finally We Are No One,False,INDIFFERENT,4:52,292,AcaITzRkO3c,2024-07-15T09:25:13Z,gh-1725
One Most Memorable,Sonna,Smile and The World Smiles With You,False,INDIFFERENT,6:37,397,REh8Bg_mcSY,2024-07-15T09:18:36Z,gh-1725
Poison Tree,Grouper,Inca Ore / Grouper,False,INDIFFERENT,3:17,197,6gnKBDlJutA,2024-07-15T09:15:19Z,gh-1725
Green Arrow,Yo La Tengo,I Can Hear The Heart Beating As One,False,INDIFFERENT,5:44,344,829Lks-mD-c,2024-07-15T09:09:35Z,gh-1725
Engine Of Ruin,Earth,The Bees Made Honey In The Lion's Skull,False,INDIFFERENT,6:29,389,TFYbk-WzGwg,2024-07-15T09:03:06Z,gh-1725
Library Tapes: Fragment II,Library Tapes,Fragment,False,INDIFFERENT,4:01,241,Fq8lS-mSeoY,2024-07-15T08:59:05Z,gh-1725
Arbenita (11 Years),Max Richter,Memoryhouse,False,INDIFFERENT,7:07,427,BRDIS6-H6OA,2024-07-15T08:51:58Z,gh-1725
Your Hand in Mine,Explosions in the Sky,The Earth Is Not a Cold Dead Place,False,INDIFFERENT,8:18,498,1aMQ8db4Y4c,2024-07-15T06:30:53Z,gh-1724
Don't Bother They're Here,Stars of the Lid,And Their Refinement of the Decline,,INDIFFERENT,10:11,611,_DsYk-WM5Rk,2024-07-15T06:20:42Z,gh-1724
Nothing It Can,Helios,Moiety,False,INDIFFERENT,4:48,288,IV2hy2FQ_h8,2024-07-15T06:15:54Z,gh-1724
"Hands, Be Still",Ólafur Arnalds,For Now I Am Winter,False,INDIFFERENT,3:40,220,cJcAmMMOxoQ,2024-07-15T06:12:14Z,gh-1724
Mother Opiate,This Will Destroy You,Another Language,False,INDIFFERENT,4:46,286,BnOlppEkWY8,2024-07-15T06:07:28Z,gh-1724
I Can Almost See You,Hammock,Raising Your Voice... Trying to Stop an Echo (Deluxe Edition),False,INDIFFERENT,4:16,256,KLzyMis-sz8,2024-07-15T06:03:12Z,gh-1724
Should Have Known,The Band Of Heathens,Top Hat Crown & the Clapmaster's Son,False,INDIFFERENT,4:34,274,Z5Qj3UoUDOc,2024-07-15T03:27:27Z,gh-1723
Fried Neck Bones And Some Home Fries,Willie Bobo,Uno Dos Tres 1-2-3,False,INDIFFERENT,3:04,184,A8oKnHRrgBg,2024-07-15T03:24:23Z,gh-1723
About to Find Out,Margo Price,Midwest Farmer's Daughter,True,LIKE,3:13,193,Z7hqaiGAKdo,2024-07-15T03:21:10Z,gh-1723
Don´t Stop The Music (Bossa Version),Marcela Mangabeira,Relaxing Bossa Lounge 3,False,INDIFFERENT,3:48,228,SDV_eTHunq4,2024-07-15T03:17:22Z,gh-1723
50 Ways to Leave Your Lover,Paul Simon,Still Crazy After All These Years,False,INDIFFERENT,3:38,218,B1V1varByWI,2024-07-15T03:13:44Z,gh-1723
The Gambler,Kenny Rogers,The Gambler,False,INDIFFERENT,3:35,215,w4RvskuFnPY,2024-07-15T03:10:09Z,gh-1723
C Jam Blues (Live),"Lincoln Center Jazz Orchestra, Wynton Marsalis",Live In Swing City- Swingin' With Duke,False,INDIFFERENT,3:34,214,mDVca-uwiF8,2024-07-15T03:06:35Z,gh-1723
One Toke Over the Line,Brewer & Shipley,Tarkio Road,True,LIKE,3:20,200,OF3EUFnafp8,2024-07-15T03:03:15Z,gh-1723
Ces petits riens,"Stacey Kent, Matt Skelton, John Parricelli, and Dave Chamberlain",Breakfast on the Morning Tram (Bonus Edition),False,INDIFFERENT,3:22,202,BdkCkoh4Qgw,2024-07-15T02:59:53Z,gh-1723
Yes Baby Yes,Mo' Horizons,Come Touch The Sun,False,INDIFFERENT,5:01,301,fhnTkj0GQUE,2024-07-15T02:54:52Z,gh-1723
Take A Chance On Me,ABBA,The Album,False,INDIFFERENT,4:04,244,DkkQ8dCPiwA,2024-07-15T02:50:48Z,gh-1723
Figure It Out,Royal Blood,Royal Blood,False,INDIFFERENT,3:04,184,Qc2-2GEM4KY,2024-07-15T02:47:44Z,gh-1723
It's Still Rock and Roll to Me,Billy Joel,Glass Houses,False,INDIFFERENT,2:57,177,lvlPoBduEe4,2024-07-15T02:44:47Z,gh-1723
Turn It Up,Whiskey Myers,Firewater,False,INDIFFERENT,3:25,205,ZMNEhz1OSrs,2024-07-15T02:41:22Z,gh-1723
Just What I Needed,The Cars,The Cars,False,INDIFFERENT,3:46,226,naOzftxOKig,2024-07-15T02:37:36Z,gh-1723
Call Me,Blondie,Call Me,False,INDIFFERENT,3:33,213,tykf2xYPNdc,2024-07-15T02:34:03Z,gh-1723
Feed Us,Dreaming Bull,Dreaming Bull,False,INDIFFERENT,3:29,209,amhTsbCHrt4,2024-07-15T02:30:34Z,gh-1723
Sweet Dreams (Are Made of This),Eurythmics,Sweet Dreams (Are Made Of This),False,INDIFFERENT,3:37,217,eRhg7qPLeN8,2024-07-15T02:26:57Z,gh-1723
The Way We Move,"Langhorne Slim, The Law",The Way We Move,False,INDIFFERENT,2:49,169,NuX7yS_luJ8,2024-07-15T02:24:08Z,gh-1723
Don't Stop Believin' (2024 Remaster),Journey,Greatest Hits (2024 Remaster),False,INDIFFERENT,4:11,251,7bX76VR6oQE,2024-07-15T02:19:57Z,gh-1723
The Stroke,Billy Squier,Let's Go To Prison (Music From The Motion Picture),False,INDIFFERENT,3:38,218,_y2RGkty6s4,2024-07-15T02:16:19Z,gh-1723
Hammer To Fall,Queen,Greatest Hits II,False,INDIFFERENT,3:39,219,1BDTVO5Is1Y,2024-07-15T02:12:40Z,gh-1723
One For The Road,"Johnny Blue Skies, Sturgill Simpson",Passage Du Desir,,INDIFFERENT,8:56,536,_A2aZInF1wY,2024-07-15T01:35:56Z,gh-1722
Mint Tea,"Johnny Blue Skies, Sturgill Simpson",Passage Du Desir,,INDIFFERENT,3:38,218,h_Tz8EFJilU,2024-07-15T01:32:18Z,gh-1722
Right Kind of Dream,"Johnny Blue Skies, Sturgill Simpson",Passage Du Desir,,INDIFFERENT,5:18,318,K68Bx1j8VpE,2024-07-15T01:27:00Z,gh-1722
Who I Am,"Johnny Blue Skies, Sturgill Simpson",Passage Du Desir,,INDIFFERENT,3:07,187,zluaYB2EH-I,2024-07-15T01:23:53Z,gh-1722
Jupiter's Faerie,"Johnny Blue Skies, Sturgill Simpson",Passage Du Desir,,INDIFFERENT,7:25,445,KKjxrlC-teA,2024-07-15T01:16:28Z,gh-1722
Hard Luck & Circumstances,Charley Crockett,$10 Cowboy,False,INDIFFERENT,3:05,185,Ui1dhDSugO8,2024-07-15T01:13:23Z,gh-1722
$10 Cowboy,Charley Crockett,$10 Cowboy,False,INDIFFERENT,3:36,216,9aJCmK6VNTE,2024-07-15T01:09:47Z,gh-1722
Dollar Bill Bar,Sierra Ferrell,Dollar Bill Bar,False,INDIFFERENT,3:30,210,0_7TjIxxM_4,2024-07-14T22:32:27Z,gh-1722
American Dreaming,Sierra Ferrell,American Dreaming (Single Edit),False,INDIFFERENT,4:18,258,MARPEvw2Prw,2024-07-14T22:28:09Z,gh-1722
Mamma Mia,ABBA,Abba,False,INDIFFERENT,3:34,214,KMViJKmAV4M,2024-07-14T22:24:35Z,gh-1722
Rasputin,Boney M.,The Magic Of Boney M.,False,INDIFFERENT,4:27,267,6JhVo2zS8hU,2024-07-14T22:20:08Z,gh-1722
Don't Go Breaking My Heart,"Elton John, Kiki Dee",Diamonds (Deluxe),False,INDIFFERENT,4:27,267,DH7kBuZ5GZk,2024-07-14T22:15:41Z,gh-1722
Of All the Dreams,The Wild Reeds,Blind and Brave,,LIKE,3:33,213,FRZJw9-JPg8,2024-07-14T21:50:14Z,gh-1722
That Old Train,Del McCoury Band,Del Mccoury Still Sings Bluegrass,False,INDIFFERENT,3:53,233,4hHE4-3Y0oU,2024-07-13T18:07:03Z,gh-1722
Passin' Thru,The Travelin' McCourys,Passin' Thru,True,LIKE,5:26,326,gV0TA-d8CRk,2024-07-13T18:01:37Z,gh-1722
Rainbow Connection,Willie Nelson,Rainbow Connection,False,INDIFFERENT,4:30,270,3kih6sGyxCQ,2024-07-13T01:38:31Z,gh-1722
White Rabbit (Live at Red Rocks),Elephant Revival,White Rabbit (Live at Red Rocks),False,INDIFFERENT,3:28,208,xwpfr0xADJ8,2024-07-13T01:35:03Z,gh-1722
I'm My Own Grandpa,Willie Nelson,Rainbow Connection,False,INDIFFERENT,3:20,200,bkX7IW7jpMw,2024-07-13T01:31:43Z,gh-1722
Hard Luck & Circumstances,Charley Crockett,$10 Cowboy,False,INDIFFERENT,3:05,185,Ui1dhDSugO8,2024-07-14T18:42:20Z,gh-1720
$10 Cowboy,Charley Crockett,$10 Cowboy,False,INDIFFERENT,3:36,216,9aJCmK6VNTE,2024-07-14T18:38:44Z,gh-1720
One For The Road,"Johnny Blue Skies, Sturgill Simpson",Passage Du Desir,,INDIFFERENT,8:56,536,_A2aZInF1wY,2024-07-14T18:29:48Z,gh-1720
Right Kind of Dream,"Johnny Blue Skies, Sturgill Simpson",Passage Du Desir,,INDIFFERENT,5:18,318,K68Bx1j8VpE,2024-07-14T18:24:30Z,gh-1720
Who I Am,"Johnny Blue Skies, Sturgill Simpson",Passage Du Desir,,INDIFFERENT,3:07,187,zluaYB2EH-I,2024-07-14T18:21:23Z,gh-1720
Jupiter's Faerie,"Johnny Blue Skies, Sturgill Simpson",Passage Du Desir,,INDIFFERENT,7:25,445,KKjxrlC-teA,2024-07-14T18:13:58Z,gh-1720
If The Sun Never Rises Again,"Johnny Blue Skies, Sturgill Simpson",Passage Du Desir,,INDIFFERENT,4:48,288,jn99GowJ00Y,2024-07-14T18:09:10Z,gh-1720
I Need Never Get Old,Nathaniel Rateliff & The Night Sweats,Nathaniel Rateliff & The Night Sweats,True,LIKE,4:14,254,-FWrwbHqu5w,2024-07-14T01:45:13Z,gh-1714
New Reggae Funk,Remi Kabaka,Son of Africa,False,INDIFFERENT,3:07,187,68JOCFr_UzA,2024-07-14T01:42:06Z,gh-1714
But Daddy I Love Him,Taylor Swift,THE TORTURED POETS DEPARTMENT,False,INDIFFERENT,5:41,341,6JUGglBsczQ,2024-07-14T01:36:25Z,gh-1714
"So Long, London",Taylor Swift,THE TORTURED POETS DEPARTMENT,False,INDIFFERENT,4:23,263,HmkwjDqRcIg,2024-07-14T01:32:02Z,gh-1714
Pink Pony Club,Chappell Roan,The Rise and Fall of a Midwest Princess,False,INDIFFERENT,4:19,259,R_iTpfSCIVk,2024-07-14T01:27:43Z,gh-1714
Apple,Charli xcx,BRAT,False,INDIFFERENT,2:32,152,FzH8p8hhxLA,2024-07-14T01:25:11Z,gh-1714
SWEET ★ HONEY ★ BUCKIIN',"Beyoncé, Shaboozey",COWBOY CARTER,False,INDIFFERENT,4:57,297,d604QCZKrus,2024-07-14T01:20:14Z,gh-1714
"Good Luck, Babe!",Chappell Roan,"Good Luck, Babe!",False,INDIFFERENT,3:39,219,VZ-oGLluGAc,2024-07-14T01:16:35Z,gh-1714
Down Bad,Taylor Swift,THE TORTURED POETS DEPARTMENT,False,INDIFFERENT,4:22,262,3Uoe8W649pw,2024-07-14T01:12:13Z,gh-1714
Battle of New Orleans,Les Claypool's Duo De Twang,Four Foot Shack,,LIKE,4:17,257,WPMPSbWNpbg,2024-07-13T21:00:59Z,gh-1713
I Can’t Find You at All,"AJ Lee & Blue Summit, Molly Tuttle",I Can’t Find You at All,True,LIKE,3:23,203,N26JHmG4sqE,2024-07-13T20:57:36Z,gh-1713
I'm Troubled (Live) (feat. Jerry Garcia Acoustic Band),Jerry Garcia Acoustic Band,Almost Acoustic,,INDIFFERENT,4:52,292,MrCcnlO6nrQ,2024-07-13T18:27:20Z,gh-1712
Mona,Sam Armstrong-Zickefoose,Mona,True,LIKE,3:04,184,YMy_q-X1CIs,2024-07-13T18:24:16Z,gh-1712
Hard Luck & Circumstances,Charley Crockett,Hard Luck & Circumstances,False,INDIFFERENT,3:05,185,cnjfEGezbxk,2024-07-13T18:21:11Z,gh-1712
I Hope It Rains At My Funeral,Tom T. Hall,"Tom T. Hall - Storyteller, Poet, Philosopher",False,INDIFFERENT,3:29,209,ipXbSK-KDZs,2024-07-13T01:37:57Z,gh-1706
Your Flag Decal Won't Get You into Heaven Anymore,John Prine,John Prine,False,INDIFFERENT,2:53,173,sRCLHBhZPQ4,2024-07-13T01:35:04Z,gh-1706
Shady Grove,"David Grisman, Jerry Garcia, Tony Rice",The Pizza Tapes,,INDIFFERENT,4:46,286,5aCeFzCni_w,2024-07-13T01:30:18Z,gh-1706
Spanish Pipedream,John Prine,John Prine,False,LIKE,2:42,162,ZkfqWEXdx-I,2024-07-13T01:27:36Z,gh-1706
Goodbye Stranger (2010 Remastered),Supertramp,Breakfast In America,False,INDIFFERENT,5:51,351,u8pVZ5hTGJQ,2024-07-13T01:21:45Z,gh-1706
The Logical Song,Supertramp,The Logical Song,True,LIKE,4:10,250,pP8iUyb9Gn8,2024-07-13T01:17:35Z,gh-1706
Friend of the Devil,Grateful Dead,American Beauty,False,INDIFFERENT,3:25,205,tXgReZFB1SY,2024-07-13T01:14:10Z,gh-1706
California Sober (feat. Willie Nelson),Billy Strings,California Sober,True,LIKE,3:51,231,AmxvLgvc8IE,2024-07-13T01:10:19Z,gh-1706
September,"Earth, Wind & Fire",Feel Good Friday,False,INDIFFERENT,3:38,218,B2mmDEv0OEk,2024-07-13T01:06:41Z,gh-1706
Round Around (Club des Belugas Remix),Zouzoulectric,Round Around (The Remixes),False,INDIFFERENT,3:39,219,V1qHux8VDqI,2024-07-13T01:03:02Z,gh-1706
Sirens of Jupiter,The Olympians,The Olympians,,INDIFFERENT,3:43,223,4c_i_JmttKg,2024-07-13T00:59:19Z,gh-1706
Below The Bassline,Ernest Ranglin,Below The Bassline,False,INDIFFERENT,4:39,279,Xh4GmZgcFnU,2024-07-13T00:54:40Z,gh-1706
"Bistro Fada (from the Motion Picture ""Midnight in Paris"")",Stephane Wrembel,Bistro Fada,,LIKE,3:04,184,SWLJXnmzIDo,2024-07-13T00:51:36Z,gh-1706
La Vie En Rose,Gypsy Jazz Caravan,Gypsy Jazz Caravan III,True,LIKE,3:49,229,JksEW_XezLI,2024-07-13T00:47:47Z,gh-1706
Mean Mother Blues,Seldom Scene,Act 3,True,LIKE,3:04,184,k5Sz1rG7vRA,2024-07-13T00:44:43Z,gh-1706
"One You, One Me",Pokey LaFarge,Rhumba Country,,INDIFFERENT,3:14,194,bO0IdyWyXiY,2024-07-13T00:41:29Z,gh-1706
Honky Tonk Heroes (Like Me),Waylon Jennings,Wanted! The Outlaws,True,LIKE,3:30,210,8LIDR2ySLlo,2024-07-12T21:24:25Z,gh-1705
Amarillo Highway (for Dave Hickey),Terry Allen,Lubbock (on everything),True,LIKE,4:01,241,j0yS6Jc-vw0,2024-07-12T21:20:24Z,gh-1705
All Around You,Sturgill Simpson,A Sailor's Guide to Earth,False,INDIFFERENT,3:36,216,JnhvXIV-gug,2024-07-12T06:32:52Z,gh-1700
I Need Never Get Old,Nathaniel Rateliff & The Night Sweats,Nathaniel Rateliff & The Night Sweats,True,LIKE,4:14,254,-FWrwbHqu5w,2024-07-12T06:28:38Z,gh-1700
Dollar Bill Bar,Sierra Ferrell,Dollar Bill Bar,False,INDIFFERENT,3:30,210,0_7TjIxxM_4,2024-07-12T06:25:08Z,gh-1700
American Dreaming,Sierra Ferrell,American Dreaming (Single Edit),False,INDIFFERENT,4:18,258,MARPEvw2Prw,2024-07-12T06:20:50Z,gh-1700
Mamma Mia,ABBA,Abba,False,INDIFFERENT,3:34,214,KMViJKmAV4M,2024-07-12T03:26:41Z,gh-1699
California Sober (feat. Willie Nelson),Billy Strings,California Sober,True,LIKE,3:51,231,AmxvLgvc8IE,2024-07-12T03:22:50Z,gh-1699
Rasputin,Boney M.,The Magic Of Boney M.,False,INDIFFERENT,4:27,267,6JhVo2zS8hU,2024-07-12T03:18:23Z,gh-1699
Don't Go Breaking My Heart,"Elton John, Kiki Dee",Diamonds (Deluxe),False,INDIFFERENT,4:27,267,DH7kBuZ5GZk,2024-07-12T03:13:56Z,gh-1699
Spanish Pipedream,John Prine,John Prine,False,LIKE,2:42,162,ZkfqWEXdx-I,2024-07-12T03:11:14Z,gh-1699
Clay Pigeons,John Prine,Fair and Square,True,LIKE,4:28,268,20Rucu7uNwc,2024-07-12T03:06:46Z,gh-1699
Tell Me Something Good (feat. Chaka Khan),Rufus,Rags To Rufus,False,INDIFFERENT,4:38,278,vuDCi5neNMM,2024-07-12T03:02:08Z,gh-1699
I Feel Love,Donna Summer,I Remember Yesterday,False,INDIFFERENT,5:56,356,bHfrdQ8h2Pw,2024-07-12T02:56:12Z,gh-1699
Crescendolls,Daft Punk,Discovery,,INDIFFERENT,3:32,212,AuTRLEWSfTo,2024-07-12T02:52:40Z,gh-1699
TiK ToK,Ke$ha,Animal (Expanded Edition),False,INDIFFERENT,3:20,200,RxUZLmN5RsY,2024-07-12T02:49:20Z,gh-1699
I Can’t Find You at All,"AJ Lee & Blue Summit, Molly Tuttle",I Can’t Find You at All,True,LIKE,3:23,203,N26JHmG4sqE,2024-07-11T21:24:58Z,gh-1697
Of All the Dreams,The Wild Reeds,Blind and Brave,,LIKE,3:33,213,FRZJw9-JPg8,2024-07-11T21:21:25Z,gh-1697
Mona,Sam Armstrong-Zickefoose,Mona,True,LIKE,3:04,184,YMy_q-X1CIs,2024-07-11T21:18:21Z,gh-1697
Somewhere Over The Rainbow [1976] - Dave Ferguson,"462 views, Take's Bluegrass Channel",,,LIKE,33:05,1985,tABKPs7op6U,2024-07-11T20:45:16Z,gh-1697
Tu Vuo Fà L'Americano,Renato Carosone,L'Incredibile Renato Carosone,True,LIKE,3:29,209,ziiqEDjzrsY,2024-07-11T20:41:47Z,gh-1697
Treat Me Kind,Del McCoury Band,Songs of Love and Life,,LIKE,3:10,190,b8irb2HoyIM,2024-07-11T20:38:37Z,gh-1697
STEVE ANDREAS PRESENTS:  Afro/Tech House DJ Mix #01 Live From ARUBA,"371K views, Steve Andreas",,,LIKE,1:10:11,4211,RLasBCvWLok,2024-07-11T19:28:26Z,gh-1697
Another Saturday Night,Sam Cooke,30 Greatest Hits: Portrait of a Legend 1951-1964,True,LIKE,2:43,163,8N1qQHzh6-A,2024-07-11T19:25:43Z,gh-1697
Amarillo Highway (for Dave Hickey),Terry Allen,Lubbock (on everything),True,LIKE,4:01,241,j0yS6Jc-vw0,2024-07-11T19:21:42Z,gh-1697
Silver,Bonobo,Animal Magic,False,INDIFFERENT,6:34,394,OlSAlHtI1kQ,2024-07-11T15:22:42Z,gh-1695
Sugar Rhyme,Bonobo,Animal Magic,False,INDIFFERENT,4:48,288,2Fvk-eUcGc0,2024-07-11T15:17:54Z,gh-1695
Gypsy,Bonobo,Animal Magic,False,INDIFFERENT,3:39,219,xGFVghDCYz0,2024-07-11T15:14:15Z,gh-1695
Shadow Tricks,Bonobo,Animal Magic,False,INDIFFERENT,4:09,249,4qUGqTuDlP4,2024-07-11T15:10:06Z,gh-1695
The Plug,Bonobo,Animal Magic,False,INDIFFERENT,5:19,319,vmrCBpQyDmM,2024-07-11T15:04:47Z,gh-1695
Terrapin,Bonobo,Animal Magic,False,INDIFFERENT,4:40,280,wLxsaI5TP8c,2024-07-11T15:00:07Z,gh-1695
Kota,Bonobo,Animal Magic,False,INDIFFERENT,5:25,325,0MbyYThIkHo,2024-07-11T14:54:42Z,gh-1695
Dinosaurs,Bonobo,Animal Magic,False,INDIFFERENT,4:02,242,FxmYYzg-uPI,2024-07-11T14:50:40Z,gh-1695
Sleepy Seven,Bonobo,Animal Magic,False,INDIFFERENT,5:23,323,mC08HwOHm0s,2024-07-11T14:45:17Z,gh-1695
Intro,Bonobo,Animal Magic,False,INDIFFERENT,0:47,47,UGP2vaGF4VA,2024-07-11T14:44:30Z,gh-1695
All Space Was There,Ivan the Tolerable,The Aleph,False,INDIFFERENT,4:12,252,IXtQA6Pzsqk,2024-07-11T14:40:18Z,gh-1695
The Prince Of Wits,Ivan the Tolerable,The Aleph,False,INDIFFERENT,6:27,387,nNu2mwQcNFw,2024-07-11T14:33:51Z,gh-1695
Aleph II,Ivan the Tolerable,The Aleph,False,INDIFFERENT,5:27,327,VZD2ZbeUTAI,2024-07-11T14:28:24Z,gh-1695
Tangled Hair,Ivan the Tolerable,The Aleph,False,INDIFFERENT,5:17,317,2VpQr6PECGE,2024-07-11T14:23:07Z,gh-1695
Black Pyramid,Ivan the Tolerable,The Aleph,False,INDIFFERENT,5:38,338,EmRpauCn2Yw,2024-07-11T14:17:29Z,gh-1695
Godhead,Ivan the Tolerable,The Aleph,False,INDIFFERENT,5:17,317,dTribokDa70,2024-07-11T14:12:12Z,gh-1695
Aleph I,Ivan the Tolerable,The Aleph,False,INDIFFERENT,4:47,287,diqeXaZ0zds,2024-07-11T14:07:25Z,gh-1695
Prologue Canto,Ivan the Tolerable,The Aleph,False,INDIFFERENT,5:51,351,CWnlwL2MQcc,2024-07-11T14:01:34Z,gh-1695
The Light Bends In,Ivan the Tolerable,Time Is A Grave,,INDIFFERENT,5:28,328,U4ik2x1CurQ,2024-07-11T13:56:06Z,gh-1695
Time Again,Ivan the Tolerable,Time Is A Grave,,INDIFFERENT,8:06,486,Sag-XEGd3Fg,2024-07-11T13:48:00Z,gh-1695
In The Dry,Ivan the Tolerable,Time Is A Grave,,INDIFFERENT,3:34,214,ip8b6Axe43w,2024-07-11T13:44:26Z,gh-1695
Fragments,Ivan the Tolerable,Time Is A Grave,,INDIFFERENT,4:24,264,YnR4ezp6nKc,2024-07-11T13:40:02Z,gh-1695
Cedars,Ivan the Tolerable,Time Is A Grave,,INDIFFERENT,3:16,196,bC0MruORZjE,2024-07-11T13:36:46Z,gh-1695
Felt,Ivan the Tolerable,Time Is A Grave,,INDIFFERENT,2:51,171,_BwzD0EMT4U,2024-07-11T13:33:55Z,gh-1695
LP on LP 04: Ghost 5/22/00,Phish,Rock,,LIKE,27:42,1662,xvjcnibvN8c,2024-07-11T13:06:13Z,gh-1695
That's How I Got to Memphis,Charley Crockett,Lil G.L.'s Blue Bonanza,False,INDIFFERENT,3:02,182,mHCGvAvh75s,2024-07-11T13:03:11Z,gh-1695
American Dreaming (Alternative Version),Sierra Ferrell,American Dreaming (Alternative Version),False,INDIFFERENT,4:25,265,sPC1hvCZ0iw,2024-07-11T12:58:46Z,gh-1695
Me and Paul,Willie Nelson,One Hell Of A Ride,True,LIKE,3:49,229,lMugPjewv-0,2024-07-11T12:54:57Z,gh-1695
Feelin' Good Again,Robert Earl Keen,Walking Distance,True,LIKE,3:17,197,g5i6duhB9mk,2024-07-11T12:51:40Z,gh-1695
Amarillo Highway (for Dave Hickey),Terry Allen,Lubbock (on everything),True,LIKE,4:01,241,j0yS6Jc-vw0,2024-07-11T12:47:39Z,gh-1695
Your Love Is Like A Flower,The Bluegrass Album Band,"The Bluegrass Album, Vol. 2",False,INDIFFERENT,3:01,181,LDLMpgUL4qQ,2024-07-10T21:24:12Z,gh-1688
I'll Fly Away,"Alison Krauss, Gillian Welch","O Brother, Where Art Thou? (Original Motion Picture Soundtrack)",True,LIKE,3:58,238,lFamN-oXRMQ,2024-07-10T21:20:14Z,gh-1688
Fish and Whistle,John Prine,Bruised Orange,False,INDIFFERENT,3:15,195,QYxlxYSCvFg,2024-07-10T21:16:59Z,gh-1688
Poor Man,Old Crow Medicine Show,O.C.M.S.,,INDIFFERENT,3:35,215,zUjtHtR0KHM,2024-07-10T21:13:24Z,gh-1688
Blue Indian,Widespread Panic,Til the Medicine Takes,,LIKE,4:53,293,Ph4EvL5dwD4,2024-07-10T21:08:31Z,gh-1688
Drink Up And Go Home,"David Grisman, Jerry Garcia",Been All Around This World,False,INDIFFERENT,3:42,222,3pwHSvHsi4Q,2024-07-10T21:04:49Z,gh-1688
Lincoln's Funeral Train (The Sad Journey To Springfield),"Norman Blake, Tony Rice",Norman Blake & Tony Rice 2,,INDIFFERENT,4:15,255,jJOEITppWBg,2024-07-10T21:00:34Z,gh-1688
Gentle On My Mind,John Hartford,"Me Oh My, How the Time Does Fly -- A John Hartford Anthology",True,LIKE,4:36,276,OZ5Ud9vpXYs,2024-07-10T18:31:51Z,gh-1687
I'm Troubled (Live) (feat. Jerry Garcia Acoustic Band),Jerry Garcia Acoustic Band,Almost Acoustic,,INDIFFERENT,4:52,292,MrCcnlO6nrQ,2024-07-10T18:26:59Z,gh-1687
Follow Your Needs,Remi Kabaka,Son of Africa,False,INDIFFERENT,2:49,169,RE-q_fyR3oE,2024-07-10T18:24:10Z,gh-1687
Blue Lagos,Remi Kabaka,Son of Africa,False,INDIFFERENT,3:06,186,F-hmKQVzuaM,2024-07-10T18:21:04Z,gh-1687
Meteorite,Remi Kabaka,Son of Africa,False,INDIFFERENT,4:13,253,KzCSigJGnbw,2024-07-10T18:16:51Z,gh-1687
African Hustle,Remi Kabaka,Son of Africa,False,INDIFFERENT,3:11,191,8zx_vHp8MSQ,2024-07-10T18:13:40Z,gh-1687
Aqueba Masaaba,Remi Kabaka,Son of Africa,False,INDIFFERENT,5:00,300,brd2vYJ7YxM,2024-07-10T18:08:40Z,gh-1687
All Black Festival,Remi Kabaka,Son of Africa,False,INDIFFERENT,3:38,218,S9_6EHhDAvs,2024-07-10T18:05:02Z,gh-1687
Future of a 1000 Years,Remi Kabaka,Son of Africa,False,INDIFFERENT,4:50,290,2P4e00uDhFg,2024-07-10T18:00:12Z,gh-1687
Sure Thing,Remi Kabaka,Son of Africa,False,INDIFFERENT,2:46,166,-pwdWADOB2Q,2024-07-10T17:57:26Z,gh-1687
New Reggae Funk,Remi Kabaka,Son of Africa,False,INDIFFERENT,3:07,187,68JOCFr_UzA,2024-07-10T17:54:19Z,gh-1687
Truth,Dave Brubeck,We're All Together Again For The First Time (Live),False,INDIFFERENT,10:30,630,n7E_AaGa9cE,2024-07-10T17:43:49Z,gh-1687
Sweet Georgia Brown,Dave Brubeck,We're All Together Again For The First Time (Live),False,INDIFFERENT,1:13,73,p-LXZO9RV0U,2024-07-10T17:42:36Z,gh-1687
Rotterdam Blues,Dave Brubeck,We're All Together Again For The First Time (Live),False,INDIFFERENT,6:53,413,hvIY5jIZQbY,2024-07-10T17:35:43Z,gh-1687
Take Five,Dave Brubeck,We're All Together Again For The First Time (Live),False,INDIFFERENT,16:08,968,Gt9sLIqQUkA,2024-07-10T17:19:35Z,gh-1687
Koto Song,Dave Brubeck,We're All Together Again For The First Time (Live),False,INDIFFERENT,5:07,307,T5wLKv4zcHM,2024-07-10T17:14:28Z,gh-1687
Unfinished Woman,Dave Brubeck,We're All Together Again For The First Time (Live),False,INDIFFERENT,7:27,447,1xlyo5wwr90,2024-07-10T17:07:01Z,gh-1687
Nightjar,Ivan the Tolerable,Autodidact II,,INDIFFERENT,2:52,172,4E_1GBRGfAs,2024-07-09T21:25:27Z,gh-1680
A Letter To November,Ivan the Tolerable,Autodidact II,,INDIFFERENT,6:20,380,1g1nbhRkno4,2024-07-09T21:19:07Z,gh-1680
Turkish Golden Scissors III,Ivan the Tolerable,Autodidact II,,INDIFFERENT,4:37,277,5N_otnNTBFo,2024-07-09T21:14:30Z,gh-1680
The Smell Of Water,Ivan the Tolerable,Autodidact II,,INDIFFERENT,5:43,343,-snSCUy3Mhc,2024-07-09T21:08:47Z,gh-1680
Red Oilcloth,Ivan the Tolerable,Autodidact II,,INDIFFERENT,3:58,238,SVLRpaL_7TE,2024-07-09T21:04:49Z,gh-1680
Sandmartin,Ivan the Tolerable,Autodidact II,,INDIFFERENT,2:23,143,hBmxQSFbfGA,2024-07-09T21:02:26Z,gh-1680
Wylder's Hand,Ivan the Tolerable,Autodidact II,,INDIFFERENT,3:58,238,oSmZY-qQD6A,2024-07-09T20:58:28Z,gh-1680
Three Methods,Ivan the Tolerable,Autodidact II,,INDIFFERENT,4:53,293,oQmV2qi58Jc,2024-07-09T20:53:35Z,gh-1680
Turkish Golden Scissors II,Ivan the Tolerable,Autodidact II,,INDIFFERENT,4:37,277,diMHXhUoP0g,2024-07-09T20:48:58Z,gh-1680
Autodidact II,Ivan the Tolerable,Autodidact II,,INDIFFERENT,4:17,257,Vkp6BzYR9PQ,2024-07-09T20:44:41Z,gh-1680
Helianthus,Ivan the Tolerable,Autodidact II,,INDIFFERENT,5:18,318,jOZXJ4OgpiI,2024-07-09T20:39:23Z,gh-1680
On A Rock,Ivan the Tolerable,Autodidact II,,INDIFFERENT,4:21,261,Zk6VryWyXOo,2024-07-09T20:35:02Z,gh-1680
Into The Well,Ivan the Tolerable,Autodidact II,,INDIFFERENT,2:57,177,ss2n5Caf3d0,2024-07-09T20:32:05Z,gh-1680
Red Throated Diver,Ivan the Tolerable,Autodidact II,,INDIFFERENT,2:19,139,eELeHvxQqMc,2024-07-09T20:29:46Z,gh-1680
Turkish Golden Scissors I,Ivan the Tolerable,Autodidact II,,INDIFFERENT,14:34,874,4tNPwNJFhIo,2024-07-09T18:19:56Z,gh-1679
The Bolton Stretch,Yonder Mountain String Band,Elevation,False,INDIFFERENT,2:46,166,TtRvgVD43_Y,2024-07-09T06:37:42Z,gh-1675
Bluegrass Stomp,"David Grisman, Doc Watson",Doc & Dawg,,INDIFFERENT,4:58,298,LUDEOB_7dUc,2024-07-09T06:32:44Z,gh-1675
California Sober (feat. Willie Nelson),Billy Strings,California Sober,True,LIKE,3:51,231,AmxvLgvc8IE,2024-07-09T06:28:53Z,gh-1675
That Old Train,Del McCoury Band,Del Mccoury Still Sings Bluegrass,False,INDIFFERENT,3:53,233,4hHE4-3Y0oU,2024-07-09T06:25:00Z,gh-1675
Passin' Thru,The Travelin' McCourys,Passin' Thru,True,LIKE,5:26,326,gV0TA-d8CRk,2024-07-09T06:19:34Z,gh-1675
I'm Troubled (Live) (feat. Jerry Garcia Acoustic Band),Jerry Garcia Acoustic Band,Almost Acoustic,,INDIFFERENT,4:52,292,MrCcnlO6nrQ,2024-07-09T06:14:42Z,gh-1675
Don't Go 'way Nobody,Boilermaker Jazz Band,Give Me Your Telephone Number,False,INDIFFERENT,2:52,172,zfIqGC_PPug,2024-07-09T01:39:07Z,gh-1673
Summertime,Miles Davis,Porgy And Bess,False,INDIFFERENT,3:18,198,EPj22GjTUzw,2024-07-09T01:35:49Z,gh-1673
Bill's Bounce (Live),Bill Elliott Swing Orchestra,Calling All Jitterbugs!,False,INDIFFERENT,3:04,184,2c2SxuujnHU,2024-07-09T01:32:45Z,gh-1673
When You're Smiling/The Sheik Of Araby (feat. Keely Smith & Sam Butera And The Witnesses),Louis Prima,Capitol Collectors Series,False,INDIFFERENT,3:59,239,qx3vyYHf_5M,2024-07-09T01:28:46Z,gh-1673
Take Five,Dave Brubeck,Jazz From A Smoky Bar,False,INDIFFERENT,5:26,326,1CINL2JbYE8,2024-07-09T01:23:20Z,gh-1673
Let The Good Times Roll,Louis Jordan & His Tympany Five,The Best Of Louis Jordan,False,INDIFFERENT,2:48,168,JFtjvgkqAzg,2024-07-09T01:20:32Z,gh-1673
Ballin' The Jack,Sidney Bechet,The Fabulous Sidney Bechet,False,INDIFFERENT,3:53,233,DC784DyDlRk,2024-07-09T01:16:39Z,gh-1673
"Take The ""A"" Train",Duke Ellington and His Orchestra,"The Great Band Era, Vol. 1",False,INDIFFERENT,2:49,169,r4pjKNGWm-c,2024-07-09T01:13:50Z,gh-1673
Great Pumpkin Waltz,Vince Guaraldi,Oh Good Grief,False,INDIFFERENT,3:37,217,XDqMIPSmTGA,2024-07-09T01:10:13Z,gh-1673
Old Spinning Wheel,Preservation Hall Jazz Band,Songs of New Orleans,False,INDIFFERENT,7:57,477,F8z8KWdDvNg,2024-07-09T01:02:16Z,gh-1673
Dancing in the Dark,Artie Shaw,Evensong,False,INDIFFERENT,3:07,187,T4HHaoDYV4A,2024-07-09T00:59:09Z,gh-1673
Big Apple Contest,The Solomon Douglas Swingtet,Swingmatism,False,INDIFFERENT,2:58,178,6izs4uHxeq4,2024-07-09T00:56:11Z,gh-1673
In The Sweet Bye And Bye,"George Lewis, Finn Otto Hansen, Arne Bue Jensen, Jørgen Svare, Bjarne Petersen, Mogens Seidelin, and Ib Lindschouw",George Lewis with Papa Bue's Viking Jazzband,False,INDIFFERENT,4:01,241,5szXWiBAekc,2024-07-09T00:52:10Z,gh-1673
In the Mood,Glenn Miller & His Orchestra,Unforgettable,False,INDIFFERENT,3:32,212,vSkqqFRWC6A,2024-07-09T00:48:38Z,gh-1673
Moten Swing,Oscar Peterson Trio,Night Train (Expanded Edition),False,INDIFFERENT,2:53,173,3NGQCFlfGp4,2024-07-09T00:45:45Z,gh-1673
Easy Living,Billie Holiday,Art Deco Series: Lovely Ladies of Stage & Screen,False,INDIFFERENT,3:06,186,fAsa8SfTTDo,2024-07-09T00:42:39Z,gh-1673
Blue Concept (Take 2),Clifford Brown,The Clifford Brown Sextet in Paris / Clifford Brown Big Band in Paris,False,INDIFFERENT,3:27,207,28SRGwk8Vek,2024-07-09T00:39:12Z,gh-1673
Blues My Naughty Sweetie Gives to me,Orquesta Brazofuerte,Vivo en Thelonious,False,INDIFFERENT,3:37,217,XFlqzoATQQk,2024-07-09T00:35:35Z,gh-1673
Ruby My Dear,Thelonious Monk Trio,Straight No Chaser,False,INDIFFERENT,3:05,185,PPP8aw82PHk,2024-07-09T00:32:30Z,gh-1673
When Somebody Thinks You're Wonderful,Fats Waller,Fats Waller - Thru the 30's Volume 2,False,INDIFFERENT,3:40,220,EOG5uJrut2Y,2024-07-09T00:28:50Z,gh-1673
"St. Thomas (feat. Tommy Flanagan, Doug Watkins & Max Roach)",Sonny Rollins,Saxophone Colossus,False,INDIFFERENT,6:44,404,_YynSucmcQo,2024-07-09T00:22:06Z,gh-1673
Sing Sing Sing,Benny Godman,Remember Me... (American Songs 50's & 60's),False,INDIFFERENT,5:03,303,TJlldxwq80o,2024-07-09T00:17:03Z,gh-1673
"Ice Cream (feat. ""Kid"" Thomas Valentine, Jim Robinson, Sammy Rimington & Bill Sinclair)",Captain John Handy and His New Orleans Stompers,All Aboard,False,INDIFFERENT,6:34,394,MwiSaH4xfvE,2024-07-09T00:10:29Z,gh-1673
Jump for Joy,Boilermaker Jazz Band,Jump for Joy,False,INDIFFERENT,3:03,183,Czkj95InvV8,2024-07-09T00:07:26Z,gh-1673
"Washington and Lee Swing (feat. ""Kid"" Thomas Valentine, Jim Robinson, Sammy Rimington & Bill Sinclair)",Captain John Handy and His New Orleans Stompers,All Aboard,False,INDIFFERENT,6:57,417,q4irGIlRVfM,2024-07-09T00:00:29Z,gh-1673
Washington and Lee Swing,Brian Bromberg,Full Circle,False,INDIFFERENT,2:19,139,3rgca66LoZ0,2024-07-08T23:58:10Z,gh-1673
Washington and Lee Swing,The Rampart Street Paraders,Dixieland and Hollywood,False,INDIFFERENT,4:02,242,jU_S3xnPzg4,2024-07-08T23:54:08Z,gh-1673
293-8/23/2017 SuperVision,Pretty Lights The Hot Shit,The Hot Shit 2017,,INDIFFERENT,1:00:17,3617,rxMzGC5q-m8,2024-07-08T22:53:51Z,gh-1673
292-8/16/2017 CloZee,Pretty Lights The Hot Shit,The Hot Shit 2017,,INDIFFERENT,1:00:05,3605,GkBLEUhqr0g,2024-07-08T21:53:46Z,gh-1673
Funky Lagos,Aderemi Kabaka,Roots Funkadelia,,INDIFFERENT,5:10,310,w3gKuX6wPj0,2024-07-08T21:48:36Z,gh-1673
Ikaope,Aderemi Kabaka,Roots Funkadelia,,INDIFFERENT,8:03,483,S_GhgO3yLFI,2024-07-08T21:40:33Z,gh-1673
Festival,Aderemi Kabaka,Roots Funkadelia,,INDIFFERENT,4:04,244,B95isXZrDkE,2024-07-08T21:36:29Z,gh-1673
Togetherness,Aderemi Kabaka,Roots Funkadelia,,INDIFFERENT,6:46,406,22Mhr7ykljQ,2024-07-08T21:29:43Z,gh-1673
Afro Beat,Aderemi Kabaka,Roots Funkadelia,,INDIFFERENT,7:22,442,x56KAXFlnNM,2024-07-08T21:20:35Z,gh-1672
The Hot Sh*t Episode 17,Pretty Lights,The HOT Sh*t,,INDIFFERENT,1:00:09,3609,PUWlEwbVTxs,2024-07-08T20:20:26Z,gh-1672
The Hot Sh*t Episode 16,Pretty Lights,The HOT Sh*t,,INDIFFERENT,1:00:13,3613,BNcE4eOk3fw,2024-07-08T19:20:13Z,gh-1672
The Hot Sh*t Episode 15,Pretty Lights,The HOT Sh*t,,INDIFFERENT,59:24,3564,E0TjL8AhPpc,2024-07-08T18:20:49Z,gh-1672
The Hot Sh*t Episode 14,Pretty Lights,The HOT Sh*t,,INDIFFERENT,59:03,3543,7MdkmVvwGxw,2024-07-08T17:21:46Z,gh-1672
The Hot Sh*t Episode 40,Pretty Lights,The HOT Sh*t,,INDIFFERENT,59:36,3576,rqWN0s3FTxw,2024-07-08T14:30:10Z,gh-1670
I'm Thinking Tonight of My Blue-Eyes,Del McCoury Band w/ David Grisman,Pickin' For Merle,,INDIFFERENT,3:13,193,XdsLZ2lSryQ,2024-07-08T07:00:00Z,gh-1665
Randy Lynn Rag,Del McCoury Band w/ David Grisman,Pickin' For Merle,,INDIFFERENT,2:03,123,5Tos7HV4ZIE,2024-07-08T06:57:57Z,gh-1665
The Hot Sh*t Episode 4,Pretty Lights,The HOT Sh*t,,INDIFFERENT,58:59,3539,uJGEW2x_KGU,2024-07-08T05:53:15Z,gh-1662
"The Hot Sh*t, Episode 47 - Sep.27.2012",Pretty Lights,The Hot Shit Mixes,,INDIFFERENT,59:45,3585,82HuxG_kzAU,2024-07-08T00:43:29Z,gh-1657
AMBIENT TECHNO || mix 034 by Rob Jenkins,"81K views, ambient techno mixes",,,INDIFFERENT,3:02:00,10920,pe48NBlt4cA,2024-07-07T21:41:29Z,gh-1657
Absolute,loscil,Triple Point,,INDIFFERENT,9:58,598,LRpP8ZNsugs,2024-07-07T21:31:31Z,gh-1657
Vapor,loscil,Triple Point,,INDIFFERENT,5:14,314,F_2dsmI8s8I,2024-07-07T21:26:17Z,gh-1657
Conductivity,loscil,Triple Point,,INDIFFERENT,7:41,461,PBPGT52CpBk,2024-07-07T21:19:40Z,gh-1656
Enthalpy,loscil,Triple Point,,INDIFFERENT,5:02,302,oTA4gwpSiPE,2024-07-07T21:14:38Z,gh-1656
Fuel Exergy,loscil,Triple Point,,INDIFFERENT,6:05,365,rQnQXthxQ9w,2024-07-07T21:08:33Z,gh-1656
Discrete Entropy,loscil,Triple Point,,INDIFFERENT,5:25,325,uruOUk_tS48,2024-07-07T21:03:08Z,gh-1656
Zero,loscil,Triple Point,,INDIFFERENT,4:14,254,1jFhBV--wvk,2024-07-07T20:58:54Z,gh-1656
Pressure,loscil,Triple Point,,INDIFFERENT,4:37,277,nGVPotteu6o,2024-07-07T20:54:17Z,gh-1656
Ampere,loscil,Triple Point,,INDIFFERENT,7:28,448,TxnnLvoQ8cw,2024-07-07T20:46:49Z,gh-1656
Hydrogen,loscil,Triple Point,,INDIFFERENT,3:38,218,W45H7jVuZyc,2024-07-07T20:43:11Z,gh-1656
Cyme,Loscil,Umbel,False,INDIFFERENT,7:26,446,nY1gfVP-00I,2024-07-07T20:35:45Z,gh-1656
Dusk Gale,Loscil,Umbel,False,INDIFFERENT,7:36,456,W76Tf2OJrWE,2024-07-07T20:28:09Z,gh-1656
Kamouraska,Loscil,Umbel,False,INDIFFERENT,6:35,395,mGvuBRAFKC8,2024-07-07T20:21:34Z,gh-1656
Umbel,Loscil,Umbel,False,INDIFFERENT,6:38,398,nAIZlOtfKE0,2024-07-07T20:14:56Z,gh-1656
Shadow Maple,Loscil,Umbel,False,INDIFFERENT,8:00,480,i7nLKFXi34M,2024-07-07T20:06:56Z,gh-1656
Sun Touch,Herbie Hancock,Man-Child,False,INDIFFERENT,5:08,308,i79YGW9Ihz0,2024-07-07T20:01:48Z,gh-1656
Hang Up Your Hang Ups,Herbie Hancock,Man-Child,False,INDIFFERENT,7:26,446,d7kRlufrZJo,2024-07-07T19:54:22Z,gh-1656
The Traitor,Herbie Hancock,Man-Child,False,INDIFFERENT,9:35,575,OxJJ90bk55w,2024-07-07T15:19:11Z,gh-1654
Sun Touch,Herbie Hancock,Man-Child,False,INDIFFERENT,5:08,308,i79YGW9Ihz0,2024-07-07T15:14:03Z,gh-1654
Hang Up Your Hang Ups,Herbie Hancock,Man-Child,False,INDIFFERENT,7:26,446,d7kRlufrZJo,2024-07-07T15:06:37Z,gh-1654
Rainbow Connection,Willie Nelson,Rainbow Connection,False,INDIFFERENT,4:30,270,3kih6sGyxCQ,2024-07-06T18:27:35Z,gh-1647
White Rabbit (Live at Red Rocks),Elephant Revival,White Rabbit (Live at Red Rocks),False,INDIFFERENT,3:28,208,xwpfr0xADJ8,2024-07-06T18:24:07Z,gh-1647
I'm My Own Grandpa,Willie Nelson,Rainbow Connection,False,INDIFFERENT,3:20,200,bkX7IW7jpMw,2024-07-06T15:26:01Z,gh-1646
You Make Loving Fun (2004 Remaster),Fleetwood Mac,Rumours,False,INDIFFERENT,3:34,214,RqjXn2NflqU,2024-07-06T15:22:27Z,gh-1646
Gold Dust Woman (2004 Remaster),Fleetwood Mac,Rumours,False,INDIFFERENT,4:56,296,-Ti1b-RRBjI,2024-07-06T15:17:31Z,gh-1646
I Want To Be The Boy To Warm Your Mother's Heart,The White Stripes,Elephant,False,INDIFFERENT,3:21,201,KUtlwMTT7rA,2024-07-06T01:34:32Z,gh-1641
4 Broken Hearts,Norah Jones,Little Broken Hearts,False,INDIFFERENT,3:00,180,VWTKyIrarPg,2024-07-06T01:31:32Z,gh-1641
Born Under A Bad Sign,Cream,Wheels Of Fire,False,INDIFFERENT,3:10,190,fyQBrU94Vx4,2024-07-06T01:28:22Z,gh-1641
Communication Breakdown (Live on Tasty Pop Sundae from BBC Sessions) [Remaster] (Live on Tasty Pop Sundae from BBC Sessions;Remaster),Led Zeppelin,The Complete BBC Sessions,False,INDIFFERENT,3:12,192,8CIMfTETRBk,2024-07-06T01:25:10Z,gh-1641
Bron-Y-Aur Stomp (Remaster),Led Zeppelin,Led Zeppelin III (Remaster),False,INDIFFERENT,4:18,258,oC-9aEf0Q-A,2024-07-06T01:20:52Z,gh-1641
Time,Pink Floyd,The Dark Side of the Moon,False,INDIFFERENT,6:54,414,pgXozIma-Oc,2024-07-06T01:13:58Z,gh-1641
On The Run,Pink Floyd,The Dark Side of the Moon,False,INDIFFERENT,3:46,226,2sUyk5zSbhM,2024-07-06T01:10:12Z,gh-1641
Eclipse,Pink Floyd,The Dark Side of the Moon,False,INDIFFERENT,2:13,133,9wjZrswriz0,2024-07-06T01:07:59Z,gh-1641
Brain Damage,Pink Floyd,The Dark Side of the Moon,False,INDIFFERENT,3:47,227,BhYKN21olBw,2024-07-06T01:04:12Z,gh-1641
Any Colour You Like,Pink Floyd,The Dark Side of the Moon,False,INDIFFERENT,3:27,207,_83urK9rO4U,2024-07-06T01:00:45Z,gh-1641
Us And Them,Pink Floyd,The Dark Side of the Moon,False,INDIFFERENT,7:50,470,GKiLEgAzFDQ,2024-07-06T00:52:55Z,gh-1641
Alabama Song (Whisky Bar),The Doors,The Doors,True,LIKE,3:18,198,nbtEkZIvMAg,2024-07-06T00:49:37Z,gh-1641
Sunny Afternoon (Stereo Mix),The Kinks,Face to Face (Deluxe),False,INDIFFERENT,3:35,215,iZOqw5KgEjY,2024-07-06T00:46:02Z,gh-1641
Being For The Benefit Of Mr. Kite! (Remastered 2009),The Beatles,Sgt. Pepper's Lonely Hearts Club Band,,INDIFFERENT,2:38,158,bJVWZy4QOy0,2024-07-06T00:43:24Z,gh-1641
The New Normal,"Shpongle, Simon Posford",Flux & Contemplation - Portrait of an Artist in Isolation,,LIKE,10:42,642,xwyK3XGQvqI,2024-07-05T21:16:28Z,gh-1640
The Hobbyist,"Shpongle, Simon Posford",Flux & Contemplation - Portrait of an Artist in Isolation,,INDIFFERENT,6:34,394,GY2jxHg2HYo,2024-07-05T21:09:54Z,gh-1640
Ripples of the Mind,"Shpongle, Simon Posford",Flux & Contemplation - Portrait of an Artist in Isolation,,INDIFFERENT,3:48,228,jWHptnuVBew,2024-07-05T18:30:48Z,gh-1639
Wish You Weren’t Here,"Shpongle, Simon Posford",Flux & Contemplation - Portrait of an Artist in Isolation,,LIKE,5:29,329,gWpYbDCSoro,2024-07-05T18:25:19Z,gh-1639
Germination,"Shpongle, Simon Posford",Flux & Contemplation - Portrait of an Artist in Isolation,,INDIFFERENT,2:14,134,8XabjqbkjCs,2024-07-05T18:23:05Z,gh-1639
Cyclical Ruminations,"Shpongle, Simon Posford",Flux & Contemplation - Portrait of an Artist in Isolation,,INDIFFERENT,0:34,34,ff5sTfSV4JI,2024-07-05T18:22:31Z,gh-1639
On a Rainy Day,"Shpongle, Simon Posford",Flux & Contemplation - Portrait of an Artist in Isolation,,INDIFFERENT,3:13,193,EoEsnrRnV2I,2024-07-05T18:19:18Z,gh-1639
AMBIENT TECHNO || continuous mix 002,Rob Jenkins,AMBIENT TECHNO || continuous mix 002,True,LIKE,1:40:24,6024,6OEWwdC4WRQ,2024-07-05T16:38:54Z,gh-1639
The Headless Horeseman Power Mix,Phish,Mixes,,LIKE,1:19:50,4790,zn4w9fuv-uI,2024-07-05T15:19:04Z,gh-1639
I've Got a Woman,Ray Charles,"Ray Charles (aka: Hallelujah, I Love Her So)",False,INDIFFERENT,2:52,172,j6l-qQMOs9c,2024-07-05T15:16:12Z,gh-1639
Ain't Misbehavin' (1989 Remastered),Fats Waller,Greatest Hits,False,INDIFFERENT,3:58,238,1ATUK3YZ6o4,2024-07-05T15:12:14Z,gh-1639
One Toke Over the Line,Brewer & Shipley,Tarkio Road,True,LIKE,3:20,200,OF3EUFnafp8,2024-07-05T15:08:54Z,gh-1639
Orange Colored Sky,Nat King Cole,The Nat King Cole Story,False,INDIFFERENT,2:34,154,ClIKt3ulioo,2024-07-05T06:34:06Z,gh-1635
My One And Only Love,"John Coltrane, Johnny Hartman",John Coltrane And Johnny Hartman,False,INDIFFERENT,4:56,296,fue4mYwJjeU,2024-07-05T06:29:10Z,gh-1635
"Sing, Sing, Sing",Benny Goodman,One O'Clock Jump,False,INDIFFERENT,5:03,303,6VHt4hazMG0,2024-07-05T06:24:07Z,gh-1635
Sway (Quien Sera),Dean Martin,"Hey, Brother Pour The Wine",False,INDIFFERENT,2:43,163,ZmUdd8G0ToA,2024-07-05T06:21:24Z,gh-1635
Sway,Michael Bublé,Michael Bublé,False,INDIFFERENT,3:09,189,a90tZJHBklk,2024-07-05T06:18:15Z,gh-1635
In the mood,Glenn Miller,30 greatest hits,False,INDIFFERENT,3:37,217,RyazpdjFEIY,2024-07-05T06:14:38Z,gh-1635
Beyond the Sea,Bobby Darin,Beyond the Sea,False,INDIFFERENT,2:54,174,ptsa21ULFSo,2024-07-05T06:11:44Z,gh-1635
Can't Help Falling in Love,Elvis Presley,Platinum - A Life In Music,False,INDIFFERENT,2:59,179,pZuJKQ6uzHE,2024-07-05T06:08:45Z,gh-1635
California Dreamin' (Single Version),The Mamas & The Papas,If You Can Believe Your Eyes & Ears,False,INDIFFERENT,2:43,163,oU6uUEwZ8FM,2024-07-05T06:06:02Z,gh-1635
I Say a Little Prayer,Aretha Franklin,Aretha Now,False,INDIFFERENT,3:37,217,2t5VNI0XlwY,2024-07-05T06:02:25Z,gh-1635
A Kiss To Build A Dream On (Single Version),Louis Armstrong,Satchmo Serenades,False,INDIFFERENT,3:02,182,rAJMTd6OO78,2024-07-05T05:59:23Z,gh-1635
Minnie the Moocher,The Blues Brothers,The Blues Brothers Original Motion Picture Soundtrack,False,INDIFFERENT,3:24,204,m-Tik6aslmI,2024-07-05T05:55:59Z,gh-1635
Come Fly With Me (2008 Remastered),Frank Sinatra,Nothing But The Best (2008 Remastered),False,INDIFFERENT,3:14,194,yOzEeJZ92X8,2024-07-05T05:52:45Z,gh-1635
I'll Never Smile Again,"The Pied Pipers, Tommy Dorsey & His Orchestra",The Seventeen Number Ones,False,INDIFFERENT,3:10,190,rEn--T2hBXg,2024-07-05T05:49:35Z,gh-1635
"Jingle, Jangle, Jingle",Kay Kyser & His Orchestra,Presenting Kay Kyser & His Orchestra,False,INDIFFERENT,3:22,202,WSfnDcsmcIg,2024-07-05T05:46:13Z,gh-1635
You Always Hurt The One You Love,The Mills Brothers,Paper Doll,False,INDIFFERENT,3:24,204,zGLMAvdoeL0,2024-07-05T05:42:49Z,gh-1635
Stand By Me,Ben E. King,Don't Play That Song (Mono),False,INDIFFERENT,3:01,181,vkUeWTBH1Kg,2024-07-05T05:39:48Z,gh-1635
Georgia on My Mind,Ray Charles,Ray: A Genius and His Music,False,INDIFFERENT,3:39,219,YiojK_BQ4bA,2024-07-05T05:36:09Z,gh-1635
Fever,Peggy Lee,The Best Of Peggy Lee,False,INDIFFERENT,3:24,204,JBANWpzsHts,2024-07-05T05:32:45Z,gh-1635
La vie en rose (Single Version),Louis Armstrong And His Orchestra,Satchmo Serenades,False,INDIFFERENT,3:24,204,M9FRCxGMz-0,2024-07-05T05:29:21Z,gh-1635
Put Your Head On My Shoulder,Paul Anka,Paul Anka's Early Years,False,INDIFFERENT,2:43,163,kvazBqAlx58,2024-07-05T05:26:38Z,gh-1635
Dream A Little Dream Of Me,"Doris Day, Paul Weston And His Orchestra",Vintage Music No. 103 - LP: Doris Day,False,INDIFFERENT,3:34,214,YbWWQPbeBDk,2024-07-05T05:23:04Z,gh-1635
Come and Get Your Love (Single Version),Redbone,Come and Get Your Love (Single Edit),False,INDIFFERENT,3:26,206,rsf_gTZG4cI,2024-07-05T05:19:38Z,gh-1635
Stardust,The Mills Brothers,London Sessions: 1934-1939,False,INDIFFERENT,3:09,189,KmY2gNrVl8U,2024-07-05T05:16:29Z,gh-1635
Ain't Misbehavin',Fats Waller,Fats Waller: Very Best of Fats Waller,False,INDIFFERENT,3:58,238,SWLbcvsUYj0,2024-07-05T05:12:31Z,gh-1635
Big Iron,Marty Robbins,Gunfighter Ballads And Trail Songs,,INDIFFERENT,3:56,236,zzICMIu5zFY,2024-07-05T05:08:35Z,gh-1635
At Last,Etta James,At Last!,False,INDIFFERENT,3:00,180,1qJU8G7gR_g,2024-07-05T05:05:35Z,gh-1635
Life Is but a Dream,The Harptones,The Harptones,False,INDIFFERENT,2:44,164,oL4qyQ_logY,2024-07-05T05:02:51Z,gh-1635
Blue Moon,Billie Holiday,Solitude,False,INDIFFERENT,3:28,208,HkplpL2P9YM,2024-07-05T04:59:23Z,gh-1635
My Baby Just Cares for Me (2013 - Remaster),Nina Simone,Little Girl Blue (2013 - Remaster),False,INDIFFERENT,3:36,216,F5IAFtzwYfU,2024-07-05T04:55:47Z,gh-1635
Cry Me A River,Julie London,Julie Is Her Name,False,INDIFFERENT,2:59,179,gCGNYJOrebA,2024-07-05T04:52:48Z,gh-1635
"It's Been a Long, Long Time","Kitty Kallen, The Harry James Orchestra",The Kitty Kallen Collection 1939-62,False,INDIFFERENT,3:26,206,iP0tHmoc1rs,2024-07-05T04:49:22Z,gh-1635
Beyond The Sea,Bobby Darin & Richard Wess And His Orchestra,Vintage Vocal Jazz / Swing No. 138 - EP: Beyond The Sea,False,INDIFFERENT,2:47,167,F-iHDPYJDj4,2024-07-05T03:26:57Z,gh-1634
Sh-Boom,The Crew Cuts,The Best Of The Crew Cuts,False,INDIFFERENT,2:49,169,CikEbEtnBcE,2024-07-05T03:24:08Z,gh-1634
Unforgettable,Nat King Cole,Unforgettable,False,INDIFFERENT,3:12,192,iF7kOq0peAU,2024-07-05T03:20:56Z,gh-1634
The Girl From Ipanema (feat. Astrud Gilberto & Antonio Carlos Jobim),"João Gilberto, Stan Getz",Getz/Gilberto,False,INDIFFERENT,2:55,175,v5DZ5clg-bg,2024-07-05T03:18:01Z,gh-1634
Volare (Nel Blu Di Pinto Di Blu) (Remastered 1998),Dean Martin,This Is Dean Martin,False,INDIFFERENT,3:02,182,4mppAFu3dqw,2024-07-05T03:14:59Z,gh-1634
Georgia on My Mind (Original Master Recording),Ray Charles,Georgia on My Mind (Original Master Recording),False,INDIFFERENT,3:38,218,dcODKvvVSOg,2024-07-05T03:11:21Z,gh-1634
Is You Is Or Is You Ain't (My Baby),Louis Jordan,Somebody Up There Digs Me,False,INDIFFERENT,3:17,197,cST9qUzOmOE,2024-07-05T03:08:04Z,gh-1634
Dream A Little Dream Of Me,"Ella Fitzgerald, Louis Armstrong",Ella & Friends,False,INDIFFERENT,3:08,188,6IQqlJ4YRRQ,2024-07-05T03:04:56Z,gh-1634
Till Then (1958 version),The Mills Brothers,Great Hits,False,INDIFFERENT,2:59,179,54gbdenVdsY,2024-07-05T03:01:57Z,gh-1634
"Midnight, The Stars and You","Al Bowlly, Ray Noble & His Orchestra",The Shining - The Complete British Dance Band Soundtrack,False,INDIFFERENT,3:29,209,dmnhssxSoLo,2024-07-05T02:58:28Z,gh-1634
That's Life (2008 Remastered),Frank Sinatra,Nothing But The Best (2008 Remastered),True,LIKE,3:08,188,TnlPtaPxXfc,2024-07-05T02:55:20Z,gh-1634
The Games You Play (feat. Voice),Wax Tailor,Hope & Sorrow,False,INDIFFERENT,4:14,254,c7KgcszDI4k,2024-07-05T02:51:06Z,gh-1634
Seize The Day (feat. Charlotte Savary),Wax Tailor,Seize The Day,False,INDIFFERENT,2:42,162,0Q7kmr86emU,2024-07-05T02:48:24Z,gh-1634
Positively Inclined (feat. Marina Quaisse & ASM),Wax Tailor,Hope & Sorrow,False,INDIFFERENT,3:40,220,q_zrZKRdJUM,2024-07-05T02:44:44Z,gh-1634
Wax Tailor - Que Sera,"1.7M views, Wax Tailor",,,INDIFFERENT,2:45,165,zSsgjm55eKE,2024-07-05T02:41:59Z,gh-1634
The Light (Instrumental Version),Wax Tailor,The Shadow of Their Suns (Instrumental Version),False,INDIFFERENT,3:57,237,j3vlV-4g9Ho,2024-07-05T02:38:02Z,gh-1634
Lenore,Ernest Hare & Phil Ohman and Harry Reser,Wonderful Nonsense: Fun Songs of the Roaring Twenties,False,INDIFFERENT,2:57,177,BqRjEWjBtqg,2024-07-05T02:35:05Z,gh-1634
Where'd You Get Those Eyes,Abe Lyman's California Orchestra,Wonderful Nonsense: Fun Songs of the Roaring Twenties,False,INDIFFERENT,3:03,183,TIs1gD6TyEo,2024-07-05T02:32:02Z,gh-1634
Don't Bring Lulu,Benny Krueger Orchestra & Billy Jones,Wonderful Nonsense: Fun Songs of the Roaring Twenties,False,INDIFFERENT,2:53,173,WeqVhAhz0xQ,2024-07-05T02:29:09Z,gh-1634
Pardon Me While I Laugh,Billy Jones and Ernest Hare,Wonderful Nonsense: Fun Songs of the Roaring Twenties,False,INDIFFERENT,2:56,176,QTqG9clPWDU,2024-07-05T02:26:13Z,gh-1634
It Ain't Gonna Rain No Mo',Bar Harbor Society Orchestra & Irving Kaufman,Wonderful Nonsense: Fun Songs of the Roaring Twenties,False,INDIFFERENT,3:12,192,3Wrc0GTBaRo,2024-07-05T02:23:01Z,gh-1634
Ain't We Got Fun,The Harmonizers Quartet,Wonderful Nonsense: Fun Songs of the Roaring Twenties,False,INDIFFERENT,3:25,205,uS9DQ-Zx5jU,2024-07-05T02:19:36Z,gh-1634
Masculine Women! Feminine Men!,Irving Kaufman,Wonderful Nonsense: Fun Songs of the Roaring Twenties,False,INDIFFERENT,3:00,180,_0VRfInvY7Y,2024-07-05T02:16:36Z,gh-1634
Please Mr. Postman (Single Version / Mono),The Marvelettes,The Definitive Collection,False,INDIFFERENT,2:30,150,wFDS-2rbgXA,2024-07-05T01:37:45Z,gh-1633
Just A Gigolo / I Ain't Got Nobody (Medley / Remastered 2002) (feat. Keely Smith & Sam Butera And The Witnesses),Louis Prima,The Wildest! (Expanded Edition),True,LIKE,4:45,285,mukQYm-O-AY,2024-07-05T01:33:00Z,gh-1633
Use Me Up,Lake Street Dive,Bad Self Portraits,False,INDIFFERENT,3:58,238,AlDZ76ct5i8,2024-07-05T01:29:02Z,gh-1633
Come See About Me,The Supremes,Where Did Our Love Go,False,INDIFFERENT,2:45,165,2bJsMPaIIm0,2024-07-05T01:26:17Z,gh-1633
Stranger to My Happiness,Sharon Jones & The Dap-Kings,Give the People What They Want,False,INDIFFERENT,3:32,212,a9bGS3yTF7s,2024-07-05T01:22:45Z,gh-1633
Another Saturday Night,Sam Cooke,30 Greatest Hits: Portrait of a Legend 1951-1964,True,LIKE,2:43,163,8N1qQHzh6-A,2024-07-05T01:20:02Z,gh-1633
Uptown Girl,Billy Joel,An Innocent Man,False,INDIFFERENT,3:18,198,H6M0EulApMM,2024-07-05T01:16:44Z,gh-1633
9 to 5,Dolly Parton,Ultimate Dolly Parton,False,INDIFFERENT,3:01,181,nMQmYcYksVs,2024-07-05T01:13:43Z,gh-1633
I've Been Loving You Too Long,Otis Redding,Otis Blue: Otis Redding Sings Soul (Collector's Edition),False,INDIFFERENT,3:02,182,hSdpqRNd0QU,2024-07-05T01:10:41Z,gh-1633
September,"Earth, Wind & Fire",September (sped up + slowed),False,INDIFFERENT,3:37,217,OBM0DO8Xt1c,2024-07-05T01:07:04Z,gh-1633
I Want You Back,Jackson 5,Greatest Hits,,INDIFFERENT,2:59,179,6NWhFo3B8Q0,2024-07-05T01:04:05Z,gh-1633
Southern Nights,Glen Campbell,Southern Nights,False,LIKE,3:01,181,X6-sU7pVJ3k,2024-07-05T01:01:04Z,gh-1633
Don't Go Breaking My Heart,"Elton John, Kiki Dee",Rock Of The Westies,False,INDIFFERENT,4:36,276,VHK5k2ieudc,2024-07-05T00:56:28Z,gh-1633
I'll Be There,Jackson 5,Third Album,False,INDIFFERENT,3:58,238,kBhSh7y_IkM,2024-07-05T00:52:30Z,gh-1633
You've Really Got A Hold On Me,The Miracles,The Fabulous Miracles,False,INDIFFERENT,2:58,178,DRd-bjFfjNc,2024-07-05T00:49:32Z,gh-1633
Ain't No Mountain High Enough,"Marvin Gaye, Tammi Terrell",United,False,INDIFFERENT,2:32,152,oB9JIz72BoM,2024-07-05T00:47:00Z,gh-1633
My Girl by The Temptations WITH LYRICS!,"34M views, lexi spencer",,,INDIFFERENT,2:51,171,bZh7nRw6gl8,2024-07-05T00:44:09Z,gh-1633
The Oogum Boogum Song,Brenton Wood,Almost Famous (Music From The Motion Picture / 20th Anniversary / Deluxe),False,INDIFFERENT,2:36,156,uzQ_4c7e5wM,2024-07-05T00:41:33Z,gh-1633
Try a Little Tenderness,Otis Redding,Complete & Unbelievable: The Otis Redding Dictionary of Soul,False,INDIFFERENT,3:22,202,HKKbMBJgDJ4,2024-07-05T00:38:11Z,gh-1633
Fire on the Mountain,Grateful Dead,Shakedown Street,False,INDIFFERENT,3:50,230,iOF2psD2uTk,2024-07-05T00:34:21Z,gh-1633
Spanish Moon (2024 Remaster),Little Feat,Feats Don't Fail Me Now (Deluxe Edition),False,INDIFFERENT,3:07,187,cS2UqIB5Apo,2024-07-05T00:31:14Z,gh-1633
Midnight Rider,The Allman Brothers Band,Nassau Coliseum 5/1/73,False,INDIFFERENT,3:30,210,OV5_dO399m4,2024-07-05T00:27:44Z,gh-1633
You Were the Fool,Ween,12 Golden Country Greats,,INDIFFERENT,4:27,267,plKeLTrR8Cs,2024-07-05T00:23:17Z,gh-1633
"Liberty (Live in Atlanta, March 30, 1994)",Grateful Dead,So Many Roads (1965 - 1995),False,INDIFFERENT,6:00,360,7OuA4UXwCCY,2024-07-05T00:17:17Z,gh-1633
Going to California (Remaster),Led Zeppelin,Led Zeppelin IV (Deluxe Edition),False,INDIFFERENT,3:33,213,PDIz4talyQk,2024-07-05T00:13:44Z,gh-1633
Take Me to the River (2005 Remaster),Talking Heads,More Songs About Buildings and Food (Deluxe Version),False,INDIFFERENT,5:03,303,v4azbl96BJY,2024-07-05T00:08:41Z,gh-1633
"Rocket Man (I Think It's Going To Be A Long, Long Time)",Elton John,Honky Chateau,False,INDIFFERENT,4:42,282,BdEe5SpdIuo,2024-07-05T00:03:59Z,gh-1633
Deal,Jerry Garcia,Might As Well: A Round Records Retrospective,False,INDIFFERENT,3:13,193,9TCjnPVj04Q,2024-07-05T00:00:46Z,gh-1633
By The Mark,Gillian Welch,Revival,False,INDIFFERENT,3:41,221,Iz65diosiks,2024-07-04T23:57:05Z,gh-1633
"Gypsy (Live at the Forum, Los Angeles, CA October 21-22, 1982) (Live at the Forum, Los Angeles, CA October 21-22, 1982; 2016 Remaster)",Fleetwood Mac,Mirage (Deluxe Edition),False,INDIFFERENT,4:34,274,lOFtr37Zgrw,2024-07-04T23:52:31Z,gh-1633
Kodachrome,Paul Simon,There Goes Rhymin' Simon,True,LIKE,3:36,216,JD6Zq505pnM,2024-07-04T23:48:55Z,gh-1633
"Gold Dust Woman (Live at The Forum, Inglewood, CA 8/29/77)",Fleetwood Mac,Gold Dust Woman,,LIKE,7:24,444,5Zp2WKvnG_E,2024-07-04T23:41:31Z,gh-1633
House Of The Rising Sun,The Tony Rice Unit,Unit Of Measure,False,INDIFFERENT,5:27,327,Nd-BBMOMCUM,2024-07-04T03:25:26Z,gh-1626
Wheel Hoss,Noam Pikelny,Noam Pikelny Plays Kenny Baker Plays Bill Monroe,False,INDIFFERENT,2:57,177,n9-31zBZMp0,2024-07-04T03:22:29Z,gh-1626
The Ookpik Waltz,"Jay Ungar, Molly Mason",Relax Your Mind,False,INDIFFERENT,3:52,232,szt4zhnenIk,2024-07-04T01:36:39Z,gh-1625
Spanish Point,Béla Fleck,"The Bluegrass Sessions: Tales From The Acoustic Planet, Vol. 2",False,INDIFFERENT,5:37,337,yUZUfv9DOFM,2024-07-04T01:31:02Z,gh-1625
Ode To A Butterfly,Nickel Creek,Nickel Creek,False,INDIFFERENT,4:09,249,urfWMaY3z-E,2024-07-04T01:26:53Z,gh-1625
Midnight on the Water,"John Reischman, Scott Nygaard",The Harmonic Tone Revealers,False,INDIFFERENT,5:12,312,B-CPbYZ-ey0,2024-07-04T01:21:41Z,gh-1625
Swannanoa Waltz,Rayna Gellert & Friends,Ways of the World,,INDIFFERENT,3:41,221,BrNdEIFrIp4,2024-07-04T01:18:00Z,gh-1625
Roxanna Waltz,Kenny Baker,Master Fiddler,False,INDIFFERENT,3:14,194,CsCYj0Jwhrw,2024-07-04T01:14:46Z,gh-1625
The Dusty Miller,The Chieftains,Water From The Well,False,INDIFFERENT,5:03,303,jUTliqsMZ0g,2024-07-04T01:09:43Z,gh-1625
Wolfcreek Pass,Chris Thile,Not All Who Wander Are Lost,False,INDIFFERENT,4:19,259,F0484C8hIGo,2024-07-04T01:05:24Z,gh-1625
Sunflower River Blues (Re-Recorded Version),John Fahey,"Death Chants, Breakdowns And Military Waltzes",False,INDIFFERENT,3:21,201,tRyne6rjF1g,2024-07-04T01:02:03Z,gh-1625
Big Sciota,"Edgar Meyer, Jerry Douglas, Russ Barenberg","Skip, Hop And Wobble",False,LIKE,3:26,206,Bv6ttvYqgtA,2024-07-04T00:58:37Z,gh-1625
Whiskey Before Breakfast,Doc Watson,Americana Master Series: Best Of The Sugar Hill Years,False,INDIFFERENT,2:56,176,mY16IKu_9ck,2024-07-04T00:55:41Z,gh-1625
Monroe's Hornpipe,The Bluegrass Album Band,"The Bluegrass Album, Vol. 6: Bluegrass Instrumentals",True,LIKE,3:01,181,KbmWT9eg6I8,2024-07-04T00:52:40Z,gh-1625
Jerusalem Ridge,Tony Rice,Church Street Blues,True,LIKE,3:28,208,PamlRhLsdiE,2024-07-04T00:49:12Z,gh-1625
Big Sciota,Bryan Sutton,Not Too Far From The Tree,,LIKE,2:57,177,JzT8TiNMB3I,2024-07-04T00:46:15Z,gh-1625
Jerusalem Ridge,Kenny Baker,Plays Bill Monroe,False,INDIFFERENT,3:35,215,jgV41BD9Fvw,2024-07-03T06:34:00Z,gh-1619
Earl's Breakdown,Flatt & Scruggs,Foggy Mountain Jamboree (Expanded Edition),True,LIKE,3:00,180,nC95BwtJjkM,2024-07-03T06:31:00Z,gh-1619
The King's Shilling,Del McCoury Band,Del & The Boys,False,INDIFFERENT,3:42,222,dy0lPEcr4s0,2024-07-03T06:27:18Z,gh-1619
Half Mile Down,Old Crow Medicine Show,Carry Me Back,False,INDIFFERENT,3:02,182,4E_AjWGsQJ0,2024-07-03T06:24:16Z,gh-1619
Molly And Tenbrooks,"Bobby Hicks, Doyle Lawson, J.D. Crowe, Jerry Douglas",The Bluegrass Album,True,LIKE,3:08,188,bxnPmtOJJU0,2024-07-03T06:21:08Z,gh-1619
Poor Mountain,Junior Sisk & Ramblers Choice,Blue Side Of The Blue Ridge,False,INDIFFERENT,2:54,174,GQkXQc950zs,2024-07-03T06:18:14Z,gh-1619
I Fell in Love,Del McCoury Band,Del Mccoury Still Sings Bluegrass,False,INDIFFERENT,3:40,220,JusqQmNUaNM,2024-07-03T06:14:34Z,gh-1619
Alabama HighTest,Old Crow Medicine Show,Tennessee Pusher,False,INDIFFERENT,2:26,146,Q4-GLiDs3ds,2024-07-03T06:12:08Z,gh-1619
Brown Mountain Light,Tony Rice,Tony Rice Plays And Sings Bluegrass,False,INDIFFERENT,3:43,223,s1uy_rhv3Go,2024-07-03T06:08:25Z,gh-1619
Up This Hill,Yonder Mountain String Band,Get Yourself Outside,,INDIFFERENT,3:07,187,84_gjb1u2BE,2024-07-03T06:05:18Z,gh-1619
Hot Wired,Del McCoury Band,Del Mccoury Still Sings Bluegrass,False,INDIFFERENT,5:17,317,qXVzOP3X7bM,2024-07-03T06:00:01Z,gh-1619
Stray Dogs and Alley Cats,The Lonesome River Band,Window of Time,False,INDIFFERENT,3:12,192,mmmm4kDyi3Y,2024-07-03T05:56:49Z,gh-1619
Friend of the Devil,Grateful Dead,American Beauty,False,INDIFFERENT,3:25,205,tXgReZFB1SY,2024-07-03T05:53:24Z,gh-1619
Decision At Glady Fork,Bryan Sutton,Ready To Go,False,INDIFFERENT,3:49,229,X46sB8nlpq8,2024-07-03T05:49:35Z,gh-1619
Rain & Snow,Del McCoury Band,Celebrating 50 Years of Del McCoury,False,INDIFFERENT,3:02,182,Xx3Y99mTz7U,2024-07-03T05:46:33Z,gh-1619
Blue Ridge Cabin Home,The Bluegrass Album Band,The Bluegrass Album,False,INDIFFERENT,3:12,192,fJhnPA_dAHU,2024-07-03T05:43:21Z,gh-1619
Back in the Goodle Days,John Hartford,Aereo-Plain,,INDIFFERENT,3:40,220,UcF0SY0m3sU,2024-07-03T05:39:41Z,gh-1619
Shady Grove,"David Grisman, Jerry Garcia",Shady Grove,False,INDIFFERENT,4:20,260,6G5__H-FOA4,2024-07-03T05:35:21Z,gh-1619
The Bluegrass Country,Del McCoury Band,Del & The Boys,False,INDIFFERENT,3:05,185,KlWENHAgfAc,2024-07-03T05:32:16Z,gh-1619
I Hear Them All,Old Crow Medicine Show,Best Of,False,INDIFFERENT,3:07,187,VZBZ-EHA6Q8,2024-07-03T05:29:09Z,gh-1619
I'll Not Be Afraid,Ralph Stanley,A Mother's Prayer,False,INDIFFERENT,4:05,245,kDICbKREs5o,2024-07-03T05:25:04Z,gh-1619
Way Downtown,Tony Rice,Tony Rice,,INDIFFERENT,3:28,208,51LmYgkCXYQ,2024-07-03T05:21:36Z,gh-1619
Deep River Blues,Doc Watson,Rambling Hobo,False,INDIFFERENT,3:11,191,lebF-xPszP0,2024-07-03T05:18:25Z,gh-1619
My Love Will Not Change,Del McCoury Band,It's Just the Night,False,INDIFFERENT,4:15,255,ZOzOtKFyQBo,2024-07-03T05:14:10Z,gh-1619
1952 Vincent Black Lightning,Del McCoury Band,Del & The Boys,True,LIKE,4:03,243,Vz6fCj1zLSg,2024-07-03T05:10:07Z,gh-1619
I'm Coming Virginia,Bix Beiderbecke,"Bix Beiderbecke, Volume I: Singin' The Blues",False,INDIFFERENT,3:10,190,L8G7_uDS484,2024-07-03T01:36:44Z,gh-1617
I'm the Only Hell (Mama Ever Raised),Johnny Paycheck,Slide off Your Satin Sheets,False,INDIFFERENT,3:10,190,PpEEmLjRZ5Y,2024-07-03T01:33:34Z,gh-1617
Daddy Frank (The Guitar Man),Merle Haggard & The Strangers,Let Me Tell You About A Song,False,INDIFFERENT,3:24,204,83eiLdHXp6w,2024-07-03T01:30:10Z,gh-1617
"Hey, Good Lookin'",Hank Williams,Ramblin' Man,False,INDIFFERENT,2:55,175,9RKseCunTwg,2024-07-03T01:27:15Z,gh-1617
Stompin' At The Savoy,Benny Goodman,The Greatest Hits of the 30s,False,INDIFFERENT,3:11,191,LYELD1UQEyE,2024-07-03T01:24:04Z,gh-1617
Bob Will's Boogie,Bob Wills and His Texas Playboys,The Essential Bob Wills & His Texas Playboys,False,INDIFFERENT,3:06,186,1IXIqZnjI6s,2024-07-03T01:20:58Z,gh-1617
Faster Horses (The Cowboy And The Poet),Tom T. Hall,"Tom T. Hall - Storyteller, Poet, Philosopher",False,INDIFFERENT,2:53,173,UD8ytadaNI8,2024-07-03T01:18:05Z,gh-1617
Elvira,The Oak Ridge Boys,Fancy Free,False,INDIFFERENT,3:46,226,78StTWsq9ag,2024-07-03T01:14:19Z,gh-1617
She Got The Goldmine (I Got The Shaft) (Buddha Remastered - 2000),Jerry Reed,RCA Country Legends: Jerry Reed,False,INDIFFERENT,3:18,198,eV67FuREdSc,2024-07-03T01:11:01Z,gh-1617
Highway 40 Blues,Ricky Skaggs,Highways And Heartaches,False,INDIFFERENT,3:11,191,oYyoUFjqB9U,2024-07-03T01:07:50Z,gh-1617
Fishin' in the Dark,Nitty Gritty Dirt Band,Fishin' in the Dark: The Best of Nitty Gritty Dirt Band,False,INDIFFERENT,3:25,205,FY8YFt-aegQ,2024-07-03T01:04:25Z,gh-1617
St. James Infirmary,Cab Calloway,Jukebox Hits 1930-1950,False,INDIFFERENT,3:04,184,GzsIbRo0jhk,2024-07-03T01:01:21Z,gh-1617
It Don't Mean a Thing (If It Ain't Got That Swing),Duke Ellington & His Orchestra,The Great Depression - American Music In The 30's,False,INDIFFERENT,3:09,189,gkLDKCEpsEk,2024-07-03T00:58:12Z,gh-1617
Folsom Prison Blues (1955 Recording Remastered),Johnny Cash,A Golden Hour Of Johnny Cash,False,INDIFFERENT,2:49,169,W5HxpI6U0GU,2024-07-03T00:55:23Z,gh-1617
Best of All Possible Worlds,Kris Kristofferson,Kristofferson,False,INDIFFERENT,2:59,179,mmlxlqOSWdQ,2024-07-03T00:52:24Z,gh-1617
I Know Why,Glenn Miller,The Gems of Jazz,False,INDIFFERENT,3:15,195,qoqhe3vqWpU,2024-07-02T21:24:09Z,gh-1616
That's the Way the World Goes Round,John Prine,Bruised Orange,True,LIKE,3:21,201,ZogciFl-udY,2024-07-02T21:20:48Z,gh-1616
I Been to Georgia on a Fast Train,Billy Joe Shaver,The Complete Columbia Recordings ('81-'87),False,INDIFFERENT,2:57,177,Bj_kqaCkiS8,2024-07-02T21:17:51Z,gh-1616
Honky Tonk Heroes,Waylon Jennings,Honky Tonk Heroes,False,INDIFFERENT,3:36,216,SRJhsYf-jok,2024-07-02T21:14:15Z,gh-1616
I'm Gonna Sit Right Down and Write Myself a Letter,Fats Waller,"If You Got To Ask, You Ain't Got It!",False,INDIFFERENT,3:30,210,f8SB0-BV4r0,2024-07-02T21:10:45Z,gh-1616
She's All I Got,Johnny Paycheck,She's All I Got,False,INDIFFERENT,2:57,177,wbzgZ2OxuNE,2024-07-02T21:07:48Z,gh-1616
Deep Water,Bob Wills and His Texas Playboys,The Essential Bob Wills & His Texas Playboys,False,INDIFFERENT,2:56,176,32VGJQd0HPg,2024-07-02T21:04:52Z,gh-1616
Ain't That Just Like A Woman,Louis Jordan & His Tympany Five,Let The Good Times Roll: The Anthology 1938 - 1953,False,INDIFFERENT,2:53,173,s1WCnltrgII,2024-07-02T21:01:59Z,gh-1616
Here Comes The Sun (2019 Mix),The Beatles,Abbey Road (Super Deluxe Edition),False,INDIFFERENT,3:06,186,GKdl-GCsNJ0,2024-07-02T20:58:53Z,gh-1616
Below The Bassline,Ernest Ranglin,Below The Bassline,False,INDIFFERENT,4:39,279,Xh4GmZgcFnU,2024-07-02T20:54:14Z,gh-1616
"Bistro Fada (from the Motion Picture ""Midnight in Paris"")",Stephane Wrembel,Bistro Fada,,LIKE,3:04,184,SWLJXnmzIDo,2024-07-02T20:51:10Z,gh-1616
La Vie En Rose,Gypsy Jazz Caravan,Gypsy Jazz Caravan III,True,LIKE,3:49,229,JksEW_XezLI,2024-07-02T20:47:21Z,gh-1616
Long Tall Glasses (I Can Dance),Leo Sayer,Just A Boy,True,LIKE,3:10,190,emFc9anke7w,2024-07-02T20:44:11Z,gh-1616
Mean Mother Blues,Seldom Scene,Act 3,True,LIKE,3:04,184,k5Sz1rG7vRA,2024-07-02T20:41:07Z,gh-1616
"One You, One Me",Pokey LaFarge,Rhumba Country,,INDIFFERENT,3:14,194,bO0IdyWyXiY,2024-07-02T20:37:53Z,gh-1616
One Toke Over the Line,Brewer & Shipley,Tarkio Road,True,LIKE,3:20,200,OF3EUFnafp8,2024-07-02T20:34:33Z,gh-1616
"DiMO BG, Joe Diem - Leyla","4.4K views, World Up Records",,,INDIFFERENT,3:15,195,maKTt88bJvw,2024-07-02T20:31:18Z,gh-1616
Trompeta,San Pacho,Trompeta,False,INDIFFERENT,3:09,189,jefPa3v3SWY,2024-07-02T20:28:09Z,gh-1616
Magalenha (feat. Sergio Mendes),"Simon Fava, Yvvan Back",Magalenha,False,INDIFFERENT,3:17,197,k2R19RbBHWk,2024-07-02T20:24:52Z,gh-1616
El Flamenco,MËSTIZA & Aaron Sevilla,Quëreles,False,INDIFFERENT,3:10,190,0_LrDfMwpQk,2024-07-02T20:21:42Z,gh-1616
RIZZ,AYYBO,RIZZ,False,INDIFFERENT,3:21,201,M8f2FJ-1mlY,2024-07-02T20:18:21Z,gh-1616
Gipsy Kings - Volare (modish. Remix),"284K views, modish.",,,INDIFFERENT,4:06,246,-cfyUSVBYEQ,2024-07-02T20:14:15Z,gh-1616
tech house hasta la mañana,"723K views, Tech House",,,INDIFFERENT,3:25,205,Z8fACoej55w,2024-07-02T20:10:50Z,gh-1616
Peggy Gou - (It Goes Like) Nanana (modish. Remix),"289K views, modish.",,,INDIFFERENT,4:07,247,PGHcSYjgGL0,2024-07-02T20:06:43Z,gh-1616
Bamboléo (Discrete & [body text] Club Edit),"6.3M views, Discrete",,,INDIFFERENT,3:07,187,yjBQw0Bvi-I,2024-07-02T20:03:36Z,gh-1616
Jain - Makeba (modish. Remix),"12M views, modish.",,,INDIFFERENT,5:05,305,BvN3Vxbaq5A,2024-07-02T19:58:31Z,gh-1616
"HoneyLuv, Roland Clark - This Is My Life (Bontan Remix) [House/Dance]","49K views, Nothing Else Matters",,,INDIFFERENT,3:23,203,-RatkF__-Y4,2024-07-02T19:55:08Z,gh-1616
STEVE ANDREAS PRESENTS:  Afro/Tech House DJ Mix #01 Live From ARUBA,"325K views, Steve Andreas",,,LIKE,1:10:11,4211,RLasBCvWLok,2024-07-02T17:23:58Z,gh-1615
Walkie Talkie,DJ Shadow,The Private Press,False,INDIFFERENT,2:28,148,f7kbR9IinFU,2024-07-02T06:34:16Z,gh-1611
Un Autre Introduction,DJ Shadow,The Private Press,False,INDIFFERENT,0:45,45,Iv1exxKmhCY,2024-07-02T06:33:31Z,gh-1611
Fixed Income,DJ Shadow,The Private Press,False,INDIFFERENT,4:49,289,YziBSsHfQUA,2024-07-02T06:28:42Z,gh-1611
Letter From Home,DJ Shadow,The Private Press,False,INDIFFERENT,1:10,70,a-i9vAzgmto,2024-07-02T06:27:32Z,gh-1611
Que Sera,Wax Tailor,Tales of the Forgotten Melodies,,INDIFFERENT,2:45,165,TTLat9iFRp8,2024-07-02T06:24:47Z,gh-1611
Sad Solemn Sorrow,Del McCoury Band,Songs of Love and Life,,INDIFFERENT,3:18,198,2moLbofotik,2024-07-02T06:21:29Z,gh-1611
She’s Heavenly (feat. Molly Tuttle),Del McCoury Band,Songs of Love and Life,,INDIFFERENT,3:34,214,BaRci0zPajg,2024-07-02T06:17:55Z,gh-1611
If You Talk In Your Sleep,Del McCoury Band,Songs of Love and Life,,INDIFFERENT,3:06,186,krxvMHLlnQ0,2024-07-02T06:14:49Z,gh-1611
Working For The W.P.A.,Del McCoury Band,Songs of Love and Life,,INDIFFERENT,4:14,254,-haIBcvFiZE,2024-07-02T06:10:35Z,gh-1611
Sweet Music Man,Del McCoury Band,Songs of Love and Life,,INDIFFERENT,4:38,278,M4YguN5rHb0,2024-07-02T06:05:57Z,gh-1611
Jimmy Rodgers Rode a Train,Del McCoury Band,Songs of Love and Life,,INDIFFERENT,3:02,182,gynqTQzBB-w,2024-07-02T06:02:55Z,gh-1611
Evangeline,Del McCoury Band,Songs of Love and Life,,INDIFFERENT,4:27,267,xtQlYCjNFeI,2024-07-02T05:58:28Z,gh-1611
You and the World Outside,Del McCoury Band,Songs of Love and Life,,INDIFFERENT,3:48,228,HiIjii_IZHI,2024-07-02T03:26:01Z,gh-1610
Treat Me Kind,Del McCoury Band,Songs of Love and Life,,LIKE,3:10,190,b8irb2HoyIM,2024-07-02T03:22:51Z,gh-1610
Only The Lonely,Del McCoury Band,Songs of Love and Life,,INDIFFERENT,2:57,177,dQFKsBbJKtk,2024-07-02T03:19:54Z,gh-1610
Legend of the Lost Confederate Gold,Del McCoury Band,Songs of Love and Life,,INDIFFERENT,3:34,214,Nyk8ImdD-0I,2024-07-02T03:16:20Z,gh-1610
Stephane Grappelli / David Grisman: Sweet Georgia Brown,"15K views, enigmoxical",,,LIKE,5:14,314,n_5B3EPr-n0,2024-07-02T03:11:06Z,gh-1610
Red Cajun Girl,Del McCoury Band,Songs of Love and Life,,INDIFFERENT,3:15,195,d3QRwGrgWNo,2024-07-02T01:37:15Z,gh-1609
Just Because,Del McCoury Band,Songs of Love and Life,,LIKE,3:47,227,IbZoxZ12S-I,2024-07-02T01:33:28Z,gh-1609
Sad Solemn Sorrow,Del McCoury Band,Songs of Love and Life,,INDIFFERENT,3:18,198,2moLbofotik,2024-07-02T01:30:10Z,gh-1609
If You Talk In Your Sleep,Del McCoury Band,Songs of Love and Life,,INDIFFERENT,3:06,186,krxvMHLlnQ0,2024-07-02T01:27:04Z,gh-1609
Volare (Nel Blu Dipinto Di Blu),Domenico Modugno,Domenico Modugno,False,INDIFFERENT,3:32,212,6jWsIpAbo-8,2024-07-02T01:23:32Z,gh-1609
Beyond the Sea,Bobby Darin,The Ultimate Bobby Darin,False,INDIFFERENT,2:53,173,Rc7_lCfbQP0,2024-07-02T01:20:39Z,gh-1609
Feeling Good,Nina Simone,I Put A Spell On You,False,INDIFFERENT,2:54,174,BNMKGYiJpvg,2024-07-02T01:17:45Z,gh-1609
In the Mood,Glenn Miller,In the Mood,False,INDIFFERENT,3:33,213,f6_W4rXMJ6A,2024-07-02T01:14:12Z,gh-1609
Tu Vuó Fá L' Americano,The Lucky Duckies,Glamour & Nostalgia - Part Two,False,INDIFFERENT,3:05,185,ugkjafGGjG4,2024-07-02T01:11:07Z,gh-1609
Tu Vuo Fà L'Americano,Renato Carosone,L'Incredibile Renato Carosone,True,LIKE,3:29,209,ziiqEDjzrsY,2024-07-02T01:07:38Z,gh-1609
Land of the Navajo,Old & In The Way,The Complete Boarding House Shows,,INDIFFERENT,6:22,382,YJ3_vZCe_RI,2024-07-01T21:21:31Z,gh-1608
The Great Pretender,Old & In The Way,That High Lonesome Sound,True,LIKE,3:39,219,goE5qv5eh3M,2024-07-01T21:17:52Z,gh-1608
Gracefully Facedown,The Devil Makes Three,Do Wrong Right,,INDIFFERENT,4:12,252,JfWASwsYb2w,2024-07-01T18:30:05Z,gh-1607
Battle of New Orleans,Les Claypool's Duo De Twang,Four Foot Shack,,LIKE,4:17,257,WPMPSbWNpbg,2024-07-01T18:25:48Z,gh-1607
Milk Cow Blues (feat. Leon Rausch),Bob Wills & His Texas Playboys,For The Last Time,False,INDIFFERENT,5:05,305,HPNQTj-ctcU,2024-07-01T18:20:43Z,gh-1607
Puttin' On the Ritz,Gypsy Swing Revue,Puttin' On The Ritz,True,LIKE,3:59,239,CFw6Cqkd0hA,2024-07-01T18:16:44Z,gh-1607
Shake Sugaree,Elizabeth Cotten and Brenda Evans,Shake Sugaree,True,LIKE,5:03,303,AcqRex6vs-Y,2024-07-01T18:11:41Z,gh-1607
I Cast a Lonesome Shadow,Charley Crockett,Lil G.L.'s Honky Tonk Jubilee,False,INDIFFERENT,3:07,187,ImddTISXBGA,2024-07-01T18:08:34Z,gh-1607
Bubbles In My Beer (feat. Texas Playboys),Bob Wills,For The Last Time,False,INDIFFERENT,2:55,175,qlPYFZl0M3Q,2024-07-01T18:05:39Z,gh-1607
Stealin',"David Grisman, Jerry Garcia",Shady Grove,False,INDIFFERENT,3:32,212,GsIfA4Jmw9s,2024-07-01T18:02:07Z,gh-1607
Never Make It Home,Split Lip Rayfield,Never Make It Home,False,INDIFFERENT,3:11,191,g6dg_JKDW8k,2024-07-01T17:58:56Z,gh-1607
Midnight on the Stormy Deep,"Billy Strings, Del McCoury",Midnight on the Stormy Deep,False,INDIFFERENT,4:03,243,fAcYCST0dzw,2024-07-01T17:54:53Z,gh-1607
"Foggy Mountain Breakdown (Theme From ""Bonnie & Clyde"")","Earl Scruggs, Lester Flatt",Lester Flatt & Earl Scruggs With The Foggy Mountain Boys,False,INDIFFERENT,2:43,163,n9Sq_3FHugI,2024-07-01T17:52:10Z,gh-1607
Baltimore Johnny,The Del McCoury Band,The Cold Hard Facts,False,INDIFFERENT,3:32,212,RpmY0Kf7ukA,2024-07-01T17:48:38Z,gh-1607
Matty Groves,Doc Watson,Home Again!,False,INDIFFERENT,6:07,367,ZGaEnslgG3I,2024-07-01T17:42:31Z,gh-1607
Freeborn Man,Tony Rice,Guitar,,INDIFFERENT,2:51,171,bKgFB4V5wtE,2024-07-01T17:39:40Z,gh-1607
Guitar Man,Jerry Reed,The Best of Jerry Reed,False,INDIFFERENT,2:27,147,icIdtzvfP1w,2024-07-01T17:37:13Z,gh-1607
If You've Got the Money I've Got the Time,Lefty Frizzell,Listen to Lefty,False,INDIFFERENT,2:58,178,AJbShe2zEqI,2024-07-01T17:34:15Z,gh-1607
Blue Moon of Kentucky,Bill Monroe & his Blue Grass Boys,The Essential Bill Monroe (1945-1949),False,INDIFFERENT,3:01,181,xtpiqdN2lJk,2024-07-01T17:31:14Z,gh-1607
Crawdad Hole,Doc Watson,The Best Of Doc Watson 1964-1968,False,INDIFFERENT,3:53,233,D2xRZDv7zuQ,2024-07-01T17:27:21Z,gh-1607
"The World Needs Sissies, Too",Nick Shoulders,"Okay, Crawdad",,INDIFFERENT,3:07,187,yKc6RKUW8fE,2024-07-01T17:24:14Z,gh-1607
"The Whole World Round (Recorded at the Mecca, Los Angeles)",The Dillards,Live!!! Almost!!!,False,INDIFFERENT,3:28,208,keWqnV4pcP4,2024-07-01T17:20:46Z,gh-1607
Take Me Back To Tulsa,Bob Wills and His Texas Playboys,Columbia Country Classics Volume 1: The Golden Age,False,INDIFFERENT,2:38,158,XFTMwZJ4ybQ,2024-07-01T17:18:08Z,gh-1607
Settin' The Woods On Fire,Hank Williams,Memorial Album (Expanded Edition),False,INDIFFERENT,2:39,159,UnqQo1vT3m8,2024-07-01T17:15:29Z,gh-1607
Russian Lullaby,"David Grisman, Jerry Garcia",Jerry Garcia & David Grisman,True,LIKE,4:13,253,y1IDGZoFUpQ,2024-07-01T17:11:16Z,gh-1607
The Love Me Or Die,C.W. Stoneking,Jungle Blues,False,INDIFFERENT,3:55,235,RZlQqMkywrY,2024-07-01T17:07:21Z,gh-1607
Faded Love (feat. Leon Rausch),Bob Wills & His Texas Playboys,For The Last Time,False,INDIFFERENT,3:19,199,uUw7lzPAea4,2024-07-01T17:04:02Z,gh-1607
Tom Dooley,Doc Watson,Doc Watson,,INDIFFERENT,3:16,196,ZKdgSCK8aXo,2024-07-01T17:00:46Z,gh-1607
Tumbling Tumbleweeds,Sons Of The Pioneers,RCA Country Legends,False,INDIFFERENT,2:43,163,c-YLGUHIqhU,2024-07-01T16:58:03Z,gh-1607
I'm Gonna Sit Right Down And Write Myself A Letter (Remastered 2000),Fats Waller,Fats Waller: Very Best of Fats Waller,False,INDIFFERENT,3:37,217,vw3OFb7lIzs,2024-07-01T16:54:26Z,gh-1607
"Baby, That Would Sure Be Good (feat. Texas Playboys)",Bob Wills,For The Last Time,False,INDIFFERENT,3:26,206,TjPLh758s1A,2024-07-01T16:51:00Z,gh-1607
Gospel Plow,Chance McCoy and The Appalachian String Band,Debut,,LIKE,4:38,278,KLPuLU2bH3s,2024-07-01T16:46:22Z,gh-1607
Lonesome Friends of Science,John Prine,The Tree of Forgiveness,False,INDIFFERENT,4:42,282,GmTGfF4zEt8,2024-07-01T16:41:40Z,gh-1607
Smoke! Smoke! Smoke! (That Cigarette),Tex Williams,Vintage Collections,False,INDIFFERENT,2:55,175,DUCsULR6ODA,2024-07-01T16:38:45Z,gh-1607
San Antonio Rose (feat. Texas Playboys),Bob Wills,For The Last Time,False,INDIFFERENT,3:11,191,1XM_lkXbCto,2024-07-01T16:35:34Z,gh-1607
Drivin' Nails In My Coffin,Ernest Tubb,20th Century Masters: The Millennium Collection: Best Of Ernest Tubb,False,INDIFFERENT,2:53,173,dE-9_jaBkxw,2024-07-01T16:32:41Z,gh-1607
Walkin' Boss,"David Grisman, Jerry Garcia",Jerry Garcia & David Grisman,False,INDIFFERENT,5:18,318,_q9LD0r7sdQ,2024-07-01T16:27:23Z,gh-1607
Southbound,Doc Watson,Southbound,False,INDIFFERENT,2:50,170,jsJYjfcZWAc,2024-07-01T16:24:33Z,gh-1607
Doing My Time,Tony Rice,Guitar,,INDIFFERENT,4:08,248,96E0_KhWWFA,2024-07-01T16:20:25Z,gh-1607
Steam Powered Aereo Plane,John Hartford,Aereo-Plain,,INDIFFERENT,3:44,224,JtTmx30HNrk,2024-07-01T16:16:41Z,gh-1607
Stay All Night (Stay A Little Longer) (feat. Texas Playboys),Bob Wills,For The Last Time,False,INDIFFERENT,3:07,187,KZBVAGBYPos,2024-07-01T16:13:34Z,gh-1607
Ida Red,Bob Wills,"The Very Best of Bob Wills and His Texas Playboys, Anthology, Vol. 4: 1938-1940 (Country Legends)",False,INDIFFERENT,2:25,145,xR_7gvRYXO0,2024-07-01T16:11:09Z,gh-1607
Ida Red,Bob Wills & His Texas Playboys,Asteroid City (Original Soundtrack),False,INDIFFERENT,2:39,159,ScdxaTL2-JA,2024-07-01T16:08:30Z,gh-1607
