title,artists,album,inLibrary,likeStatus,duration,duration_seconds,videoId,played_at,run_id
Girls Just Wanna Have Fun (feat. Robyn Adele Anderson),Scott Bradlee's Postmodern Jukebox,Historical Misappropriation,,INDIFFERENT,3:04,184,atmdk4uqmPk,2024-05-31T18:29:19Z,gh-1358
Teenage Dirtbag (feat. JAX),Scott Bradlee's Postmodern Jukebox,33 Resolutions Per Minute,False,INDIFFERENT,3:55,235,J_7xFM-txP4,2024-05-31T18:25:24Z,gh-1358
Mr Brightside (feat. Blake Lewis),Scott Bradlee's Postmodern Jukebox,33 Resolutions Per Minute,True,LIKE,4:16,256,sa31nslwWjQ,2024-05-31T18:21:08Z,gh-1358
"MMMbop (feat. Kenton Chen, Matt Bloyd, Luke Edgemon & Mario Jose)",Scott Bradlee's Postmodern Jukebox,Squad Goals,False,INDIFFERENT,3:40,220,rPycpLs50YU,2024-05-31T18:17:28Z,gh-1358
Crazy (feat. Hannah Gill & Casey Abrams),Scott Bradlee's Postmodern Jukebox,"Jazz Me Outside, Pt. 1",False,INDIFFERENT,4:29,269,MIt1STh4V1Y,2024-05-31T18:12:59Z,gh-1358
Call Me,Postmodern Jukebox,Call Me,False,INDIFFERENT,3:52,232,2GFt5IjkV1Y,2024-05-31T18:09:07Z,gh-1358
Somebody That I Used To Know (feat. Hannah Gill),Scott Bradlee's Postmodern Jukebox,"New Gramophone, Who Dis?",False,INDIFFERENT,3:29,209,_RXsJTugFe8,2024-05-31T18:05:38Z,gh-1358
Barbie Girl (feat. Morgan James),Scott Bradlee's Postmodern Jukebox,Emoji Anitque,False,INDIFFERENT,3:10,190,oFe3_OiytA4,2024-05-31T18:02:28Z,gh-1358
All The Small Things (feat. Puddles Pity Party),Scott Bradlee's Postmodern Jukebox,Fake Blues,False,INDIFFERENT,3:24,204,Z-lxdMTxKmI,2024-05-31T17:59:04Z,gh-1358
"Brown Eyes (Live at The Forum, Inglewood, CA 10/22/82)",Fleetwood Mac,Live (Deluxe Edition),,INDIFFERENT,4:28,268,tj-ckuOQqXc,2024-05-31T17:54:36Z,gh-1358
"Gold Dust Woman (Live at The Forum, Inglewood, CA 8/29/77)",Fleetwood Mac,Live (Deluxe Edition),,INDIFFERENT,7:24,444,SNadBHu1GP4,2024-05-31T17:47:12Z,gh-1358
My Kind of Woman,Mac DeMarco,2,False,INDIFFERENT,3:11,191,1_tjOgqG8Yc,2024-05-31T01:34:58Z,gh-1352
So Long Chicago,Pokey LaFarge,Rhumba Country,,INDIFFERENT,3:38,218,Nxll6tukr4A,2024-05-31T01:31:20Z,gh-1352
Over It Over Again,She & Him,Volume Two,False,INDIFFERENT,3:30,210,8vUMJoserZE,2024-05-31T01:27:50Z,gh-1352
"One You, One Me",Pokey LaFarge,Rhumba Country,,INDIFFERENT,3:14,194,bO0IdyWyXiY,2024-05-31T01:24:36Z,gh-1352
Why Do You Let Me Stay Here?,She & Him,Volume One,,LIKE,2:31,151,1y5HyC1HYzU,2024-05-31T01:22:05Z,gh-1352
Oops I Did It Again (feat. Haley Reinhart),Scott Bradlee's Postmodern Jukebox,Swipe Right For Vintage,False,INDIFFERENT,3:33,213,-lW0-4nVn40,2024-05-31T01:18:32Z,gh-1352
Royals (feat. Puddles Pity Party),Scott Bradlee's Postmodern Jukebox,Twist Is The New Twerk,False,INDIFFERENT,3:38,218,FPh8bpdujpo,2024-05-31T01:14:54Z,gh-1352
I Kissed Girl (feat. Robyn Adele Anderson),Scott Bradlee's Postmodern Jukebox,Swipe Right For Vintage,True,LIKE,2:53,173,yqVqEu5NiGU,2024-05-31T01:12:01Z,gh-1352
Toxic (feat. Melinda Doolittle),Scott Bradlee's Postmodern Jukebox,Squad Goals,True,LIKE,4:47,287,4smAOCaSjuc,2024-05-31T01:07:14Z,gh-1352
Crazy (feat. Hannah Gill & Casey Abrams),Scott Bradlee's Postmodern Jukebox,"Jazz Me Outside, Pt. 1",False,INDIFFERENT,4:29,269,MIt1STh4V1Y,2024-05-31T01:02:45Z,gh-1352
All Star (feat. Vonzell Solomon),Scott Bradlee's Postmodern Jukebox,"New Gramophone, Who Dis?",True,LIKE,3:49,229,Q3_ULwnAKUo,2024-05-31T00:58:56Z,gh-1352
Stacy's Mom (feat. Casey Abrams),Scott Bradlee's Postmodern Jukebox,Selfies On Kodachrome,False,INDIFFERENT,2:59,179,trqTG15r1xA,2024-05-31T00:55:57Z,gh-1352
All About That (Upright) Bass (feat. Kate Davis),Scott Bradlee's Postmodern Jukebox,Historical Misappropriation,,INDIFFERENT,3:39,219,RWGmPKyKJnU,2024-05-31T00:52:18Z,gh-1352
Stayin Alive,Postmodern Jukebox,The Fourth Tuning,False,INDIFFERENT,3:18,198,C1MWXDsNObY,2024-05-31T00:49:00Z,gh-1352
We're All Mad,The Circus Contraption Band,The Half-Wit's Descent,,LIKE,3:23,203,I_TgylFbR5Q,2024-05-31T00:45:37Z,gh-1352
Lonely at the Top,Randy Newman,Sail Away (Expanded & Remastered),,INDIFFERENT,2:28,148,TeC5-5idyzY,2024-05-31T00:43:09Z,gh-1352
Sugar Bunda,Circadian Melodies,Oneiros,,INDIFFERENT,3:48,228,JZyMt-5rzIo,2024-05-30T06:29:54Z,gh-1346
Stayin' Alive,Les Claypool's Duo De Twang,Four Foot Shack,,LIKE,4:46,286,qr8WiERrpGg,2024-05-30T06:25:08Z,gh-1346
Rumble of the Diesel,Les Claypool,Of Whales And Woe,,LIKE,4:04,244,_-ceV24iOn0,2024-05-30T06:21:04Z,gh-1346
Rumble of the Diesel,Les Claypool's Duo De Twang,Four Foot Shack,,INDIFFERENT,4:06,246,alzlxj_Lw_A,2024-05-30T06:16:58Z,gh-1346
"Hold Me (Live at The Forum, Inglewood, CA 10/21/82)",Fleetwood Mac,Live (Deluxe Edition),False,INDIFFERENT,4:20,260,QRz6I6mgTp4,2024-05-30T03:25:03Z,gh-1345
"Angel (Live at Richfield Coliseum, Cleveland, OH 5/20/80)",Fleetwood Mac,Live (Deluxe Edition),False,INDIFFERENT,4:50,290,nDAABC5DkvM,2024-05-30T03:20:13Z,gh-1345
"The Green Manalishi (With the Two-Pronged Crown) [Live at State Fair Arena, Oklahoma City, OK 5/18/77]",Fleetwood Mac,Live (Deluxe Edition),True,LIKE,5:28,328,7ZBcb-vT0pE,2024-05-30T03:14:45Z,gh-1345
"Brown Eyes (Live at The Forum, Inglewood, CA 10/22/82)",Fleetwood Mac,Live (Deluxe Edition),False,INDIFFERENT,4:28,268,tj-ckuOQqXc,2024-05-30T03:10:17Z,gh-1345
"Gold Dust Woman (Live at The Forum, Inglewood, CA 8/29/77)",Fleetwood Mac,Live (Deluxe Edition),False,INDIFFERENT,7:24,444,SNadBHu1GP4,2024-05-30T03:02:53Z,gh-1345
"What Makes You Think You're The One (Live at Kemper Arena, Kansas City, MO 8/23/80)",Fleetwood Mac,Live (Deluxe Edition),False,INDIFFERENT,4:21,261,rzkXKlS8Wcg,2024-05-30T02:58:32Z,gh-1345
"Think About Me (Live at Kemper Arena, Kansas City, MO 8/24/80)",Fleetwood Mac,Live (Deluxe Edition),False,INDIFFERENT,3:10,190,kQBICmr5TX8,2024-05-30T02:55:22Z,gh-1345
"Go Your Own Way (Live at Richfield Coliseum, Cleveland, OH 5/21/80)",Fleetwood Mac,Live (Deluxe Edition),False,INDIFFERENT,5:51,351,mF1vQq-13No,2024-05-30T02:49:31Z,gh-1345
"Silver Springs (Live at Warner Brothers Studios in Burbank, CA 5/23/97)",Fleetwood Mac,The Dance,True,LIKE,5:42,342,-RYRoQO15ZI,2024-05-30T02:43:49Z,gh-1345
"The Chain (Live at Richfield Coliseum, Cleveland, OH, 5/20/80)",Fleetwood Mac,Live (Deluxe Edition),False,INDIFFERENT,6:51,411,G34fvLvl2oA,2024-05-30T02:36:58Z,gh-1345
"Dreams (Live at Palais de Sport, Paris, France 6/14/80)",Fleetwood Mac,Live (Deluxe Edition),False,INDIFFERENT,4:21,261,IvsvFhe7aOo,2024-05-30T02:32:37Z,gh-1345
"Say You Love Me (Live at Kansas Coliseum, Wichita, KS 8/25/80)",Fleetwood Mac,Live (Deluxe Edition),False,INDIFFERENT,4:17,257,4tUTsCtFJXo,2024-05-30T02:28:20Z,gh-1345
"Monday Morning (Live at Budokan Hall, Tokyo, Japan 2/3/80)",Fleetwood Mac,Live (Deluxe Edition),True,LIKE,4:01,241,blpenk6ttQk,2024-05-30T02:24:19Z,gh-1345
"Rhiannon (Live at Wembley Arena, London, UK 6/26/80)",Fleetwood Mac,Live (Deluxe Edition),False,INDIFFERENT,7:48,468,Nn0fKLzXh3k,2024-05-30T02:16:31Z,gh-1345
50 Ways to Leave Your Lover,Paul Simon,Still Crazy After All These Years,False,INDIFFERENT,3:38,218,B1V1varByWI,2024-05-30T02:12:53Z,gh-1345
"Rocket Man (I Think It's Going To Be A Long, Long Time)",Elton John,Honky Chateau,False,INDIFFERENT,4:42,282,BdEe5SpdIuo,2024-05-30T02:08:11Z,gh-1345
Dreams (2004 Remaster),Fleetwood Mac,Rumours,False,INDIFFERENT,4:18,258,swJOIjjW69U,2024-05-30T02:03:53Z,gh-1345
"Gold Dust Woman (Live at The Forum, Inglewood, CA 8/29/77)",Fleetwood Mac,Gold Dust Woman,False,INDIFFERENT,7:24,444,5Zp2WKvnG_E,2024-05-30T01:29:37Z,gh-1344
In Spite of Ourselves (feat. Iris DeMent),John Prine,In Spite of Ourselves,False,INDIFFERENT,3:34,214,WWclZpTBRaU,2024-05-30T01:26:03Z,gh-1344
"Take Me Home, Country Roads",John Denver,"Poems, Prayers and Promises",False,INDIFFERENT,3:11,191,c0dvabcWVo0,2024-05-30T01:22:52Z,gh-1344
I'll Fly Away,"Alison Krauss, Gillian Welch","O Brother, Where Art Thou? (Original Motion Picture Soundtrack)",True,LIKE,3:58,238,lFamN-oXRMQ,2024-05-30T01:18:54Z,gh-1344
Gypsy,Fleetwood Mac,Greatest Hits,False,INDIFFERENT,4:25,265,cjn0i_D5lWE,2024-05-30T01:14:29Z,gh-1344
Landslide,The Chicks,Home,False,INDIFFERENT,3:51,231,YxTl3UgYbhg,2024-05-30T01:10:38Z,gh-1344
Landslide (Early Version),Fleetwood Mac,Landslide (Early Version),False,INDIFFERENT,3:19,199,ZEUXBIgzUAc,2024-05-30T01:07:19Z,gh-1344
Landslide (Live 1977),Fleetwood Mac,Landslide,False,INDIFFERENT,3:58,238,dshVEZwWLvc,2024-05-30T01:03:21Z,gh-1344
Mighty River,Railroad Earth,Bird In A House,False,INDIFFERENT,5:29,329,O0OOr_MqZZk,2024-05-30T00:57:52Z,gh-1344
The Race Is On (Live),Grateful Dead,Reckoning (Live),False,INDIFFERENT,3:01,181,a1swkqvISJg,2024-05-30T00:54:51Z,gh-1344
Object,Ween,La Cucaracha,False,INDIFFERENT,2:37,157,mv4MhZV9kRc,2024-05-30T00:52:14Z,gh-1344
Never Make It Home,Split Lip Rayfield,Never Make It Home,False,INDIFFERENT,3:11,191,g6dg_JKDW8k,2024-05-30T00:49:03Z,gh-1344
All Time Low,Widespread Panic,Til the Medicine Takes,,INDIFFERENT,4:10,250,HO_7bbEPo-4,2024-05-30T00:44:53Z,gh-1344
Feelin' Good Again,Robert Earl Keen,Walking Distance,True,LIKE,3:17,197,g5i6duhB9mk,2024-05-30T00:41:36Z,gh-1344
Watch It Fall,Billy Strings,Home,,INDIFFERENT,4:37,277,VwwKqScF674,2024-05-30T00:36:59Z,gh-1344
Country Squire,Tyler Childers,Country Squire,,LIKE,3:22,202,KYIav77fPsA,2024-05-30T00:33:37Z,gh-1344
Ain't Life Grand,Widespread Panic,Ain't Life Grand,False,INDIFFERENT,4:48,288,ulnWqaOJ3yg,2024-05-30T00:28:49Z,gh-1344
How 'Bout You?,Yonder Mountain String Band,Yonder Mountain String Band,False,INDIFFERENT,3:46,226,wWS7dZahs70,2024-05-30T00:25:03Z,gh-1344
I Don't Mind,Sturgill Simpson,Cuttin' Grass - Vol. 1 (Butcher Shoppe Sessions),False,INDIFFERENT,4:30,270,xYcmf9cRp7A,2024-05-30T00:20:33Z,gh-1344
Blue Indian,Widespread Panic,Til the Medicine Takes,,LIKE,4:53,293,Ph4EvL5dwD4,2024-05-30T00:15:40Z,gh-1344
One More Saturday Night (Live),Grateful Dead,Harding Theater 1971 (Live),False,INDIFFERENT,4:46,286,sS12l_xDZlc,2024-05-30T00:10:54Z,gh-1344
Wondering,Widespread Panic,Light Fuse Get Away,False,INDIFFERENT,4:25,265,9m1aJm1pE7g,2024-05-30T00:06:29Z,gh-1344
Dixie Chicken (2023 Remaster),Little Feat,Dixie Chicken (Deluxe Edition),False,INDIFFERENT,3:56,236,G7oCEnBSpRM,2024-05-30T00:02:33Z,gh-1344
"Spanish Moon (Live at Lisner Auditorium, Washington, DC, 8/8/1977)",Little Feat,Waiting for Columbus (Live Version; Deluxe Edition),,INDIFFERENT,5:37,337,RhmNK-ANKIw,2024-05-29T23:56:56Z,gh-1344
Let It Rock,Jerry Garcia,Garcia (Compliments) (Expanded),False,INDIFFERENT,3:15,195,OIII0kt_wfY,2024-05-29T23:53:41Z,gh-1344
Long White Line,Sturgill Simpson,Metamodern Sounds in Country Music,False,INDIFFERENT,4:02,242,qrZ0E0B7vd0,2024-05-29T23:49:39Z,gh-1344
You Were the Fool,Ween,12 Golden Country Greats,,INDIFFERENT,4:27,267,plKeLTrR8Cs,2024-05-29T23:45:12Z,gh-1344
Ain't Wastin' Time No More,The Allman Brothers Band,Eat A Peach,False,INDIFFERENT,3:42,222,NVPGu1nn-SY,2024-05-29T23:41:30Z,gh-1344
Willin' (2023 Remaster),Little Feat,Sailin' Shoes (Deluxe Edition),False,INDIFFERENT,2:57,177,BDYm1nYe0y8,2024-05-29T23:38:33Z,gh-1344
Deal,Jerry Garcia,Garcia,False,INDIFFERENT,3:12,192,C1IMWsWQrkY,2024-05-29T23:35:21Z,gh-1344
That's What Love Will Make You Do (Live),Jerry Garcia Band,"GarciaLive Volume One: March 1st, 1980 Capitol Theatre",False,INDIFFERENT,8:57,537,fmWJVpIdA1E,2024-05-29T21:18:09Z,gh-1343
Atlantic City,The Band,Jericho,False,INDIFFERENT,5:15,315,QFxXTO1t5yo,2024-05-29T21:12:54Z,gh-1343
Ruby Waves,Trey Anastasio,Ghosts of the Forest,False,INDIFFERENT,6:01,361,BzJK_r2wS38,2024-05-29T21:06:53Z,gh-1343
I Wanna Ride You,Medeski Martin & Wood,Uninvisible,False,INDIFFERENT,3:29,209,fdKj5dYjdFM,2024-05-29T21:03:24Z,gh-1343
Free,Phish,Billy Breathes,False,INDIFFERENT,3:49,229,D0JpbfeT5Ds,2024-05-29T20:59:35Z,gh-1343
Bloody Well Right,Supertramp,Crime Of The Century (Deluxe),False,INDIFFERENT,4:33,273,-YAMbLHcS-8,2024-05-29T20:55:02Z,gh-1343
Fool Yourself (2023 Remaster),Little Feat,Dixie Chicken (Deluxe Edition),False,INDIFFERENT,3:18,198,rLqHCbvE8lQ,2024-05-29T20:51:44Z,gh-1343
"One More Saturday Night (Live at Barton Hall, Cornell University, Ithaca, NY 5/8/77)",Grateful Dead,Cornell 5/8/77 (Live),,INDIFFERENT,5:11,311,8ralk9Ngqag,2024-05-29T20:46:33Z,gh-1343
"Death Don't Have No Mercy (Live at Shoreline Amphitheatre, September 29, 1989)",Grateful Dead,So Many Roads (1965 - 1995),True,LIKE,6:42,402,ZFfVTFxfL08,2024-05-29T20:39:51Z,gh-1343
The Harder They Come (Live),Jerry Garcia Band,"GarciaLive Volume Two: August 5th, 1990 Greek Theatre",True,LIKE,10:46,646,keL6fAVUYsY,2024-05-29T20:29:05Z,gh-1343
Blue Indian,Widespread Panic,Til the Medicine Takes,,LIKE,4:53,293,Ph4EvL5dwD4,2024-05-29T20:24:12Z,gh-1343
Fuego,Phish,Fuego,,INDIFFERENT,9:15,555,yChuOY3_uA0,2024-05-29T20:14:57Z,gh-1343
Buckingham Green,Ween,The Mollusk,False,INDIFFERENT,3:19,199,iVfU5EkQjM0,2024-05-29T20:11:38Z,gh-1343
Buzzards of Green Hill,Les Claypool's Duo De Twang,Four Foot Shack,False,INDIFFERENT,4:05,245,ZrwsnreihjE,2024-05-29T20:07:33Z,gh-1343
Off-white Guilt,Les Claypool,Of Whales And Woe,,INDIFFERENT,2:21,141,H3YCTIUNF6Q,2024-05-29T20:05:12Z,gh-1343
Filipino Ray,Les Claypool,Of Whales And Woe,,INDIFFERENT,3:52,232,VGM7eIQEu8E,2024-05-29T20:01:20Z,gh-1343
Robot Chicken,Les Claypool,Of Whales And Woe,,INDIFFERENT,0:41,41,71M2NhYkfLQ,2024-05-29T20:00:39Z,gh-1343
Rumble of the Diesel,Les Claypool,Of Whales And Woe,,LIKE,4:04,244,_-ceV24iOn0,2024-05-29T19:56:35Z,gh-1343
Nothin' Ventured,Les Claypool,Of Whales And Woe,,INDIFFERENT,3:09,189,HPNKgkSutr4,2024-05-29T19:53:26Z,gh-1343
Iowan Gal,Les Claypool,Of Whales And Woe,,INDIFFERENT,3:30,210,8bzpwv35oa8,2024-05-29T19:49:56Z,gh-1343
Phantom Patriot,Les Claypool,Of Whales And Woe,,INDIFFERENT,4:02,242,0Q3rMDc4cvg,2024-05-29T19:45:54Z,gh-1343
Vernon The Company Man,Les Claypool,Of Whales And Woe,,INDIFFERENT,2:32,152,FgoCrAabnCA,2024-05-29T19:43:22Z,gh-1343
Of Whales and Woe,Les Claypool,Of Whales And Woe,,INDIFFERENT,3:04,184,MXzt9bgTO3E,2024-05-29T19:40:18Z,gh-1343
Lust Stings,Les Claypool,Of Whales And Woe,,INDIFFERENT,4:09,249,tnzpyZlTUoM,2024-05-29T19:36:09Z,gh-1343
One Better,Les Claypool,Of Whales And Woe,,INDIFFERENT,6:00,360,13bHgZPtJ7Q,2024-05-29T19:30:09Z,gh-1343
Back Off Turkey,Les Claypool,Of Whales And Woe,,INDIFFERENT,2:12,132,-gp4atlv4eY,2024-05-29T19:27:57Z,gh-1343
Pseudo Suicide,Oysterhead,The Grand Pecking Order,True,LIKE,4:53,293,atTo1pT6z8s,2024-05-29T19:23:04Z,gh-1343
"Fare Thee Well (feat. Jerry Douglas, Todd Phillips, Bobby Hicks & Larry Rice)",Tony Rice,Cold On The Shoulder,,INDIFFERENT,3:22,202,-pJMutbp_vw,2024-05-29T19:19:42Z,gh-1343
Me and Paul,Willie Nelson,One Hell Of A Ride,True,LIKE,3:49,229,lMugPjewv-0,2024-05-29T19:15:53Z,gh-1343
Columbus Stockade Blues,"Doc Watson, Richard Watson",Third Generation Blues,False,INDIFFERENT,3:32,212,rVAXyZCbFdI,2024-05-29T19:12:21Z,gh-1343
Steamboat Whistle Blues,John Hartford,Aereo-Plain,,INDIFFERENT,3:26,206,1qNS_QB76WU,2024-05-29T19:08:55Z,gh-1343
Nobody Knows What You Do,John Hartford,Nobody Knows What You Do,False,INDIFFERENT,3:59,239,jozQQIalOnY,2024-05-29T19:04:56Z,gh-1343
Somewhere My Love /We'll Meet Again Sweetheart,John Hartford,Nobody Knows What You Do,False,INDIFFERENT,2:41,161,ZwVIOkjapmA,2024-05-29T19:02:15Z,gh-1343
Sly Feel,John Hartford,Nobody Knows What You Do,False,INDIFFERENT,4:38,278,n7ey7lBA1L4,2024-05-29T18:57:37Z,gh-1343
The Golden Globe Award,John Hartford,Nobody Knows What You Do,False,INDIFFERENT,4:26,266,F8tDDHIL3-E,2024-05-29T18:53:11Z,gh-1343
Down,John Hartford,Nobody Knows What You Do,False,INDIFFERENT,2:07,127,Dyb7lSfKOlU,2024-05-29T18:51:04Z,gh-1343
Joseph's Dream,John Hartford,Nobody Knows What You Do,False,INDIFFERENT,4:25,265,7hTvyV7Qc-g,2024-05-29T18:46:39Z,gh-1343
The False Hearted Tenor Waltz,John Hartford,Nobody Knows What You Do,False,INDIFFERENT,3:08,188,Qy89N6ZO-bM,2024-05-29T18:43:31Z,gh-1343
Granny Wontcha Smoke Some Marijuana,John Hartford,Nobody Knows What You Do,False,INDIFFERENT,3:00,180,mufbOqlRjmA,2024-05-29T18:40:31Z,gh-1343
John McLaughlin,John Hartford,Nobody Knows What You Do,False,INDIFFERENT,1:44,104,cltBf4OhejM,2024-05-29T18:38:47Z,gh-1343
In Tall Buildings,John Hartford,Nobody Knows What You Do,False,INDIFFERENT,3:27,207,z7fhb-Y0jEc,2024-05-29T18:35:20Z,gh-1343
Didn't Want to Be Forgotten,John Hartford,Nobody Knows What You Do,False,INDIFFERENT,2:22,142,aYXTeu0YnkE,2024-05-29T18:32:58Z,gh-1343
You Don't Have to Do That,John Hartford,Nobody Knows What You Do,False,LIKE,2:38,158,h3SwkuG9SnU,2024-05-29T18:30:20Z,gh-1343
Névé,Loscil,Coast / Range / Arc,,INDIFFERENT,8:08,488,TOr_upZ1wM4,2024-05-29T12:38:37Z,gh-1340
Stave Peak,Loscil,Coast / Range / Arc,,INDIFFERENT,6:41,401,v5ke9itwVIU,2024-05-29T12:31:56Z,gh-1340
Fromme,Loscil,Coast / Range / Arc,,INDIFFERENT,7:36,456,86K_KPnNiNw,2024-05-29T12:24:20Z,gh-1340
Black Tusk,Loscil,Coast / Range / Arc,,INDIFFERENT,10:03,603,Y4Z7w6nNe8U,2024-05-29T12:14:17Z,gh-1340
Straw Dogs,loscil,Monument Builders,False,INDIFFERENT,4:58,298,dPqMreyLrhQ,2024-05-29T12:09:19Z,gh-1340
Monument Builders,loscil,Monument Builders,False,INDIFFERENT,4:44,284,1ESjoX0qKU4,2024-05-29T12:04:35Z,gh-1340
Red Tide,loscil,Monument Builders,False,INDIFFERENT,5:26,326,EFQlQHGuB20,2024-05-29T11:59:09Z,gh-1340
Drained Lake,loscil,Monument Builders,False,INDIFFERENT,6:47,407,pnJWK5rsNWc,2024-05-29T11:52:22Z,gh-1340
Don't Stop Me Now (With Long-Lost Guitars),Queen,Jazz (Deluxe Remastered Version),True,LIKE,3:35,215,r7z-tsD9aOE,2024-05-28T20:42:30Z,gh-1335
Dreams (2004 Remaster),Fleetwood Mac,Rumours (Deluxe Edition),False,INDIFFERENT,4:18,258,5oWyMakvQew,2024-05-28T20:38:12Z,gh-1335
Bad Girl,Pokey LaFarge,Something In The Water,False,INDIFFERENT,3:10,190,nzKdl3r5GvQ,2024-05-28T20:35:02Z,gh-1335
The Force,Lettuce,Crush,False,INDIFFERENT,3:42,222,3DuGtGk5oF0,2024-05-28T20:31:20Z,gh-1335
Chocolate Town,Ween,Quebec,False,INDIFFERENT,3:17,197,EoRPn4vZYQk,2024-05-28T20:28:03Z,gh-1335
Whiskey In The Jar,"David Grisman, Jerry Garcia",Shady Grove,False,INDIFFERENT,4:16,256,Y2nkQQkjCU8,2024-05-28T20:23:47Z,gh-1335
Synfyfyrio Gofod five,Rob Jenkins,Synfyfyrio Gofod five,False,INDIFFERENT,8:08,488,V9_MwBswcfE,2024-05-28T18:26:11Z,gh-1334
Brohm Ridge,Loscil,Coast / Range / Arc,,INDIFFERENT,11:27,687,aK1J6wUtCrg,2024-05-28T06:22:38Z,gh-1330
Black Tusk Descent,loscil,coast/range/arc//,,INDIFFERENT,7:15,435,ZheAgv6symk,2024-05-28T06:15:23Z,gh-1330
Estuarine,loscil,Endless Falls,,INDIFFERENT,8:21,501,MYtX2zYlfdA,2024-05-28T06:07:02Z,gh-1330
Endless Falls,loscil,Endless Falls,,INDIFFERENT,7:56,476,xxxpnfRi4Tw,2024-05-28T05:59:06Z,gh-1330
Don't Stop Me Now,Queen,Jazz (Deluxe Remastered Version),True,LIKE,3:30,210,DxQK_ARQmMY,2024-05-28T01:33:42Z,gh-1328
Tutti Frutti (Live at Wembley '86),Queen,Live At Wembley Stadium,False,INDIFFERENT,3:25,205,kkzc3YMGlCU,2024-05-28T01:30:17Z,gh-1328
Psycho Killer (2005 Remaster),Talking Heads,Talking Heads '77 (Deluxe Version),False,INDIFFERENT,4:22,262,tqQGWhge5yo,2024-05-28T01:25:55Z,gh-1328
I Want To Break Free,Queen,The Works (Deluxe Remastered Version),False,INDIFFERENT,4:19,259,GfeklykTLcE,2024-05-28T01:21:36Z,gh-1328
Crocodile Rock,Elton John,Don't Shoot Me I'm Only The Piano Player,False,INDIFFERENT,3:56,236,75r0nQu-hMs,2024-05-28T01:17:40Z,gh-1328
Here Comes The Sun (Remastered 2009),The Beatles,Abbey Road,,INDIFFERENT,3:06,186,xUNqsfFUwhY,2024-05-28T01:14:34Z,gh-1328
Another One Bites The Dust,Queen,The Game (Deluxe Remastered Version),False,INDIFFERENT,3:35,215,PqUenEMwsdQ,2024-05-28T01:10:59Z,gh-1328
Learning To Fly,Pink Floyd,A Momentary Lapse Of Reason,False,INDIFFERENT,4:53,293,vcFXq5-XFeE,2024-05-28T01:06:06Z,gh-1328
Goodbye Yellow Brick Road,Elton John,Goodbye Yellow Brick Road,,INDIFFERENT,3:13,193,wy709iNG6i8,2024-05-28T01:02:53Z,gh-1328
The Logical Song,Supertramp,The Logical Song,True,LIKE,4:10,250,pP8iUyb9Gn8,2024-05-28T00:58:43Z,gh-1328
Aja,Steely Dan,Aja,False,INDIFFERENT,8:01,481,D-FMrz7OwLo,2024-05-27T21:20:54Z,gh-1327
Do It Again,Steely Dan,Can't Buy A Thrill,False,INDIFFERENT,5:57,357,jmdiKePVUy8,2024-05-27T21:14:57Z,gh-1327
Sometimes It's a Bitch,Stevie Nicks,Timespace - The Best Of Stevie Nicks,False,INDIFFERENT,4:39,279,Egb0_TtT0xE,2024-05-27T21:10:18Z,gh-1327
Gypsy (2002 Remaster),Fleetwood Mac,The Very Best Of Fleetwood Mac,False,INDIFFERENT,4:23,263,rX57RBmD3eI,2024-05-27T21:05:55Z,gh-1327
Valerie,The Brothers Comatose,City Painted Gold,False,INDIFFERENT,4:55,295,COhTR76wtKE,2024-05-27T01:33:09Z,gh-1320
Landslide,Fleetwood Mac,Fleetwood Mac,False,INDIFFERENT,3:20,200,k4M53xndqiU,2024-05-27T01:29:49Z,gh-1320
Go Your Own Way (2004 Remaster),Fleetwood Mac,Rumours (Deluxe Edition),False,INDIFFERENT,3:44,224,DubafeFeJ7Y,2024-05-27T01:26:05Z,gh-1320
Cry Baby Cry (Remastered 2009),The Beatles,The Beatles,False,INDIFFERENT,3:03,183,8Zeyej5bfZE,2024-05-27T01:23:02Z,gh-1320
Fox on the Run,Daniel Donato,Cosmic Country & Western Songs,False,INDIFFERENT,3:22,202,ZOcbWsFQVnQ,2024-05-27T01:19:40Z,gh-1320
Silver Springs (2004 Remaster),Fleetwood Mac,Rumours (Deluxe Edition),False,INDIFFERENT,4:49,289,kVE4aOUX2iM,2024-05-27T01:14:51Z,gh-1320
Layla,Derek & The Dominos,Layla And Other Assorted Love Songs,False,INDIFFERENT,7:04,424,TngViNw2pOo,2024-05-26T21:20:28Z,gh-1319
Let Her Go,The Travelin' McCourys,The Travelin' Mccourys,,INDIFFERENT,4:52,292,KEcw2oQDlHE,2024-05-26T21:15:36Z,gh-1319
I'm No Communist,Jane Archer and the Reactionaries,The Great Atomic Power,,LIKE,2:28,148,Ko_Rdwn7lnA,2024-05-26T21:13:08Z,gh-1319
Price Tag,Keller Williams with The Travelin' McCourys,Pick,True,LIKE,3:15,195,AmMIpO5OeZs,2024-05-26T21:09:53Z,gh-1319
Let's Make a Better World,Dr. John,Desitively Bonnaroo,,LIKE,2:57,177,Q66BpmD3ugY,2024-05-26T21:06:56Z,gh-1319
The Great Atomic Power,The Louvin Brothers,Grand Ole Opry Legends,True,LIKE,2:49,169,2ci3UUzHTVc,2024-05-25T18:28:19Z,gh-1310
Reeling,Say She She,Reeling / Don't You Dare Stop,False,INDIFFERENT,3:43,223,R5gDHlUUfP8,2024-05-25T03:26:49Z,gh-1305
Prism,Say She She,Prism,False,INDIFFERENT,3:53,233,ArhQRaMfYOw,2024-05-25T03:22:56Z,gh-1305
I May Never,Uncle Earl,"Waterloo, Tennessee",False,INDIFFERENT,3:37,217,j1GlHHqqoFc,2024-05-25T03:19:19Z,gh-1305
Easy In The Early ('Til Sundown),Uncle Earl,"Waterloo, Tennessee",False,INDIFFERENT,2:48,168,xuqs7vMBegA,2024-05-25T03:16:31Z,gh-1305
Drinker Born,Uncle Earl,"Waterloo, Tennessee",False,INDIFFERENT,3:22,202,3p4E7eiHcsQ,2024-05-25T03:13:09Z,gh-1305
Wallflower,Uncle Earl,"Waterloo, Tennessee",False,INDIFFERENT,3:11,191,Qn-kPpEnfvM,2024-05-25T03:09:58Z,gh-1305
D & P Blues,Uncle Earl,"Waterloo, Tennessee",False,INDIFFERENT,3:33,213,mVdQaTmUPF4,2024-05-25T03:06:25Z,gh-1305
"Streak O' Lean, Streak O' Fat (A.K.A. Hongshao Rou)",Uncle Earl,"Waterloo, Tennessee",False,INDIFFERENT,3:49,229,1l1uN2WLKl0,2024-05-25T03:02:36Z,gh-1305
Sisters Of The Road,Uncle Earl,"Waterloo, Tennessee",False,INDIFFERENT,1:21,81,K6W0I5-HHlk,2024-05-25T03:01:15Z,gh-1305
Bony On The Isle Of St. Helena,Uncle Earl,"Waterloo, Tennessee",False,INDIFFERENT,4:10,250,kqs2FO_UW5U,2024-05-25T02:57:05Z,gh-1305
Buonaparte,Uncle Earl,"Waterloo, Tennessee",False,INDIFFERENT,0:45,45,PSl7iSwNM14,2024-05-25T02:56:20Z,gh-1305
My Epitaph,Uncle Earl,"Waterloo, Tennessee",False,INDIFFERENT,3:17,197,I6AAakgiJqc,2024-05-25T01:31:17Z,gh-1304
My Little Carpenter,Uncle Earl,"Waterloo, Tennessee",False,INDIFFERENT,3:46,226,8j5Z3xEjVBA,2024-05-25T01:27:31Z,gh-1304
Wish I Had My Time Again,Uncle Earl,"Waterloo, Tennessee",True,LIKE,2:33,153,WUB6Qpm4NOk,2024-05-25T01:24:58Z,gh-1304
One True,Uncle Earl,"Waterloo, Tennessee",False,INDIFFERENT,2:30,150,14w1YcGsQXg,2024-05-25T01:22:28Z,gh-1304
The Last Goodbye,Uncle Earl,"Waterloo, Tennessee",False,INDIFFERENT,3:40,220,pxuwnmFFvY0,2024-05-25T01:18:48Z,gh-1304
Black-Eyed Susie,Uncle Earl,"Waterloo, Tennessee",False,INDIFFERENT,1:50,110,VtGnJw7i-TM,2024-05-25T01:16:58Z,gh-1304
Take It Down,The Wailin' Jennys,40 Days,False,INDIFFERENT,3:54,234,WBfG7HbzTjk,2024-05-25T01:13:04Z,gh-1304
The Eleventh Reel,Chris Thile,How To Grow A Woman From The Ground,,INDIFFERENT,3:29,209,rZ9Feac3Pf4,2024-05-25T01:09:35Z,gh-1304
One More Day,The Wood Brothers,Ways Not To Lose,False,INDIFFERENT,3:07,187,oVZYCtuFVf8,2024-05-25T01:06:28Z,gh-1304
Caleb Meyer,Gillian Welch,Hell Among The Yearlings,False,INDIFFERENT,3:02,182,xFhwINRf0KI,2024-05-25T01:03:26Z,gh-1304
Passengers,"Aoife O'Donovan, Madison Cunningham",Age of Apathy,,INDIFFERENT,3:33,213,yXFl8vzDDgE,2024-05-25T00:59:53Z,gh-1304
Subtitles,Madison Cunningham,Subtitles,False,INDIFFERENT,4:06,246,WZLeX1a47U4,2024-05-25T00:55:47Z,gh-1304
Life According To Raechel,Madison Cunningham,Revealer,False,INDIFFERENT,4:34,274,y8QKJ_pN4Cs,2024-05-25T00:51:13Z,gh-1304
In My Life,Madison Cunningham,In My Life,False,INDIFFERENT,2:57,177,dnceGRsyxRI,2024-05-25T00:48:16Z,gh-1304
"Little Joe (feat. Andrew Marlin, Noam Pikelny, Chris Eldridge & Alex Hargreaves)",Mighty Poplar,Mighty Poplar,,LIKE,3:04,184,xQ-kxkDP8H0,2024-05-25T00:45:12Z,gh-1304
Rye Whiskey,Punch Brothers,Antifogmatic,True,INDIFFERENT,3:30,210,jXfE-e4a3GU,2024-05-25T00:41:42Z,gh-1304
"Daniel Donato's Cosmic Country 1/6/2024 Denver, CO (Full Show)","15K views, Daniel Donato",,,INDIFFERENT,2:33:31,9211,t2hml2w2rxU,2024-05-24T18:53:48Z,gh-1303
"Daniel Donato's Cosmic Country 1/5/2024 Denver, CO (Full Show)","20K views, Daniel Donato",,,LIKE,2:42:32,9752,XpGHXaUM8do,2024-05-24T16:11:16Z,gh-1303
One Better,Les Claypool,Of Whales And Woe,False,INDIFFERENT,6:00,360,13bHgZPtJ7Q,2024-05-24T16:05:16Z,gh-1303
Rumble of the Diesel,Les Claypool,Of Whales And Woe,True,LIKE,4:04,244,_-ceV24iOn0,2024-05-24T16:01:12Z,gh-1303
The Mollusk,Ween,The Mollusk,False,INDIFFERENT,2:37,157,3nZmVy3g3CE,2024-05-24T15:58:35Z,gh-1303
Pseudo Suicide,Oysterhead,The Grand Pecking Order,False,INDIFFERENT,4:53,293,atTo1pT6z8s,2024-05-24T18:27:36Z,gh-1302
Cumberland Blues,Grateful Dead,Workingman's Dead,False,INDIFFERENT,3:18,198,Sd7ckqwjuvI,2024-05-24T18:24:18Z,gh-1302
Hey There Fancypants,Ween,Quebec,False,INDIFFERENT,2:00,120,AWUaFnZRUko,2024-05-24T18:22:18Z,gh-1302
Cash On The Barrelhead,Leftover Salmon,Euphoria,False,INDIFFERENT,3:29,209,A2c3dm3z0mI,2024-05-24T18:18:49Z,gh-1302
Blackjack County Chains,The Del McCoury Band,The Cold Hard Facts,False,INDIFFERENT,3:27,207,gWO3IfD7K2o,2024-05-24T18:15:22Z,gh-1302
I'm Knocking On Your Door,Old & In The Way,The Complete Boarding House Shows,,INDIFFERENT,3:36,216,Zr4zT1HQJ4w,2024-05-24T18:11:46Z,gh-1302
Dreadful Wind And Rain,"David Grisman, Jerry Garcia",Shady Grove,False,INDIFFERENT,4:48,288,SybfYzby9UI,2024-05-24T18:06:58Z,gh-1302
Southern Belle,Leftover Salmon,Southern Belle,False,INDIFFERENT,3:54,234,LKmwA27U3o0,2024-05-24T18:03:04Z,gh-1302
Can't Let Go,Lucinda Williams,Car Wheels On A Gravel Road,False,INDIFFERENT,3:29,209,75mWmB5HDxE,2024-05-24T17:59:35Z,gh-1302
Old and in the Way,Old & In The Way,The Complete Boarding House Shows,,INDIFFERENT,3:06,186,IQa6-DDaMC4,2024-05-24T17:56:29Z,gh-1302
Shady Grove,"David Grisman, Jerry Garcia, Tony Rice",The Pizza Tapes,,INDIFFERENT,4:46,286,5aCeFzCni_w,2024-05-24T17:51:43Z,gh-1302
Euphoria,Leftover Salmon,Euphoria,False,INDIFFERENT,3:34,214,xUIEjyKVQTQ,2024-05-24T17:48:09Z,gh-1302
Rye Whiskey,Punch Brothers,Antifogmatic,True,INDIFFERENT,3:30,210,jXfE-e4a3GU,2024-05-24T17:44:39Z,gh-1302
Catfish John,Old & In The Way,The Complete Boarding House Shows,,INDIFFERENT,3:38,218,FgtZLDKlCBE,2024-05-24T17:41:01Z,gh-1302
Rosalee Mcfall,"David Grisman, Jerry Garcia, Tony Rice",The Pizza Tapes,,INDIFFERENT,3:13,193,xk1viGQkdtU,2024-05-24T17:37:48Z,gh-1302
Five Alive,Leftover Salmon,The Nashville Sessions,False,INDIFFERENT,3:16,196,AIp76Ca6Trg,2024-05-24T17:34:32Z,gh-1302
Midnight Rider,The Allman Brothers Band,Idlewild South (Deluxe Edition Remastered),False,INDIFFERENT,3:01,181,O6Q40nZRRco,2024-05-24T17:31:31Z,gh-1302
Old and in the Way Breakdown,Old & In The Way,The Complete Boarding House Shows,,INDIFFERENT,3:22,202,RnhHZs78IWI,2024-05-24T17:28:09Z,gh-1302
Been All Around This World,"David Grisman, Jerry Garcia",Been All Around This World,False,INDIFFERENT,3:30,210,kFxyjaH4fM0,2024-05-24T17:24:39Z,gh-1302
Midnight Blues,Leftover Salmon,The Nashville Sessions,False,INDIFFERENT,3:13,193,0a420BDR9-M,2024-05-24T17:21:26Z,gh-1302
Church Street Blues,Tony Rice,Church Street Blues,False,INDIFFERENT,3:09,189,UHYkvDo2rXc,2024-05-24T17:18:17Z,gh-1302
The Great Pretender,Old & In The Way,That High Lonesome Sound,True,LIKE,3:39,219,goE5qv5eh3M,2024-05-24T17:14:38Z,gh-1302
Deal,Jerry Garcia,Might As Well: A Round Records Retrospective,False,INDIFFERENT,3:13,193,9TCjnPVj04Q,2024-05-24T17:11:25Z,gh-1302
The Marriage of Coyote Woman,All Them Witches,Lightning at the Door,False,INDIFFERENT,5:50,350,stUxPQ6mjAI,2024-05-24T17:05:35Z,gh-1302
Holy Mackerel (Albulm Version),Les Claypool And The Holy Mackerel,Highball With The Devil,False,INDIFFERENT,3:53,233,_9qdYnDVxvc,2024-05-24T17:01:42Z,gh-1302
Wandering Sadhu,Desert Dwellers,Anahata Yoga Dub,False,INDIFFERENT,5:42,342,eMrxX3rqmVo,2024-05-24T16:56:00Z,gh-1302
Mr. Sellack,The Roches,The Roches,,INDIFFERENT,4:04,244,UGXwK_A5AvQ,2024-05-24T16:51:56Z,gh-1302
I'll Not Be Afraid,Ralph Stanley,A Mother's Prayer,False,INDIFFERENT,4:05,245,kDICbKREs5o,2024-05-24T16:47:51Z,gh-1302
Fee,Phish,Junta,False,INDIFFERENT,5:25,325,hA4-0gRgzAI,2024-05-24T16:42:26Z,gh-1302
Bird's Lament,Moondog,Sax Pax For A Sax,False,INDIFFERENT,2:04,124,rPcyAZ_5Oik,2024-05-24T16:40:22Z,gh-1302
Sonido Cósmico,Hermanos Gutiérrez,Sonido Cósmico,False,INDIFFERENT,3:44,224,Oam9WmzxEFU,2024-05-24T16:36:38Z,gh-1302
Carry My Body Down,Nick 13,Nick 13,False,INDIFFERENT,3:55,235,6X2aHd8kxdI,2024-05-24T16:32:43Z,gh-1302
One Toke Over the Line,Brewer & Shipley,Tarkio Road,True,LIKE,3:20,200,OF3EUFnafp8,2024-05-24T16:29:23Z,gh-1302
Stay a Little Longer,Bob Wills and His Texas Playboys,The Essential Bob Wills & His Texas Playboys,False,INDIFFERENT,2:46,166,riOJw7-MJ0w,2024-05-24T16:26:37Z,gh-1302
Midnight Moonlight,Old & In The Way,The Complete Boarding House Shows,,LIKE,6:15,375,DaXYsEAD1Ng,2024-05-24T16:20:22Z,gh-1302
Get It 'Fore It’s Gone,Pokey LaFarge,In the Blossom of Their Shade,,INDIFFERENT,3:35,215,58ZzKCJsoBE,2024-05-24T16:16:47Z,gh-1302
Juke Joint Jumping,Wayne Hancock,Thunderstorms and Neon Signs,,INDIFFERENT,3:19,199,P1AUU0727YM,2024-05-24T16:13:28Z,gh-1302
American Made,The Oak Ridge Boys,Oak Ridge Boys Collection,False,INDIFFERENT,2:40,160,DkJfluRpkm8,2024-05-24T16:10:48Z,gh-1302
Kodachrome,Paul Simon,There Goes Rhymin' Simon,True,LIKE,3:36,216,JD6Zq505pnM,2024-05-24T16:07:12Z,gh-1302
The Great Atomic Power,The Louvin Brothers,Grand Ole Opry Legends,True,LIKE,2:49,169,2ci3UUzHTVc,2024-05-24T16:04:23Z,gh-1302
Bananas and Blow,Ween,White Pepper,,INDIFFERENT,3:35,215,IWrYNcv7fPk,2024-05-24T16:00:48Z,gh-1302
Money for Nothing,Dire Straits,Brothers in Arms,False,INDIFFERENT,8:27,507,T82VtnfKGd8,2024-05-24T15:52:21Z,gh-1302
The Argus,Ween,Quebec,False,INDIFFERENT,4:54,294,Y3qguNFflow,2024-05-24T01:31:03Z,gh-1296
"Ghosts of the Forest (Live, 4/20/19)",Trey Anastasio & Ghosts of the Forest,Ghosts of the Forest: Beneath a Sea of Stars (Live),True,LIKE,6:41,401,vG4xwTt0dTU,2024-05-24T01:24:22Z,gh-1296
Ghosts of the Forest,Trey Anastasio,"2023/06/10 Denver, CO",,INDIFFERENT,5:35,335,bMXGDrunsrw,2024-05-24T01:18:47Z,gh-1296
Her Town Too,James Taylor,Dad Loves His Work,False,INDIFFERENT,4:35,275,aj4ul0x-giA,2024-05-23T19:02:52Z,gh-1294
Mexico,James Taylor,Gorilla,False,INDIFFERENT,2:59,179,63tDALdA5tU,2024-05-23T18:59:53Z,gh-1294
Sweet Baby James,James Taylor,Sweet Baby James,False,INDIFFERENT,2:54,174,fyoZLKgLcys,2024-05-23T18:56:59Z,gh-1294
Shower the People,James Taylor,In the Pocket,False,INDIFFERENT,4:34,274,9elqVg3s8kk,2024-05-23T18:52:25Z,gh-1294
Carolina in My Mind,James Taylor,Greatest Hits,False,INDIFFERENT,3:59,239,tRIhSrWFeWM,2024-05-23T18:48:26Z,gh-1294
Fire and Rain,James Taylor,Sweet Baby James,False,INDIFFERENT,3:24,204,N4E9MKbOFAY,2024-05-23T18:45:02Z,gh-1294
You've Got a Friend,James Taylor,Mud Slide Slim and the Blue Horizon,False,INDIFFERENT,4:29,269,qOV43TlrkCk,2024-05-23T18:40:33Z,gh-1294
How Sweet It Is (To Be Loved By You),James Taylor,Gorilla,False,INDIFFERENT,3:37,217,bdxXEERZO20,2024-05-23T18:36:56Z,gh-1294
Nana,Kikagaku Moyo,Masana Temples,,INDIFFERENT,3:14,194,kU0AEg2CoqI,2024-05-23T18:28:54Z,gh-1293
One Night/All Night,"Justice, Tame Impala",Hyperdrama,False,INDIFFERENT,4:37,277,qX4FtyHQWVc,2024-05-23T18:24:17Z,gh-1293
Time Is the Enemy,Quantic,Life in the Rain,False,INDIFFERENT,3:44,224,4W9iWpxLpOA,2024-05-23T18:20:33Z,gh-1293
My Golden Years,The Lemon Twigs,My Golden Years,False,INDIFFERENT,3:14,194,71xH5xHe-uE,2024-05-23T18:17:19Z,gh-1293
Nazo Nazo,Kikagaku Moyo,Masana Temples,,INDIFFERENT,3:08,188,UmH7JcDl5hY,2024-05-23T18:14:11Z,gh-1293
Smoke and Mirrors,Kikagaku Moyo,Forest of Lost Children,False,INDIFFERENT,7:17,437,N9GbStZCfw4,2024-05-23T18:06:54Z,gh-1293
Maison Silk Road,Kikagaku Moyo,Kumoyo Island,False,INDIFFERENT,6:21,381,AgTZoWqycJ8,2024-05-23T18:00:33Z,gh-1293
Nap Song,Kikagaku Moyo,Kumoyo Island,False,INDIFFERENT,2:59,179,tgu9HtIMD9g,2024-05-23T17:57:34Z,gh-1293
"Yayoi, Iyayoi",Kikagaku Moyo,Kumoyo Island,False,INDIFFERENT,6:59,419,V-OG6pvJ5Gg,2024-05-23T17:50:35Z,gh-1293
Field of Tiger Lilies,Kikagaku Moyo,Kumoyo Island,False,INDIFFERENT,1:20,80,GhSa0aUkJ1Q,2024-05-23T17:49:15Z,gh-1293
Daydream Soda,Kikagaku Moyo,Kumoyo Island,False,INDIFFERENT,3:25,205,enjkkZRBBnA,2024-05-23T17:45:50Z,gh-1293
Gomugomu,Kikagaku Moyo,Kumoyo Island,False,INDIFFERENT,2:05,125,I5IvtRMTigg,2024-05-23T17:43:45Z,gh-1293
Cardboard Pile,Kikagaku Moyo,Kumoyo Island,False,INDIFFERENT,4:07,247,pIsvXFUk3Nw,2024-05-23T17:39:38Z,gh-1293
Meu Mar,Kikagaku Moyo,Kumoyo Island,False,INDIFFERENT,6:08,368,key0c48fRjI,2024-05-23T17:33:30Z,gh-1293
Effe,Kikagaku Moyo,Kumoyo Island,False,INDIFFERENT,3:23,203,L21lLcTXdlE,2024-05-23T17:30:07Z,gh-1293
Dancing Blue,Kikagaku Moyo,Kumoyo Island,False,INDIFFERENT,6:14,374,7tpFfkciIGY,2024-05-23T17:23:53Z,gh-1293
Monaka,Kikagaku Moyo,Kumoyo Island,False,INDIFFERENT,5:16,316,hIQLvv1kN-4,2024-05-23T17:18:37Z,gh-1293
Marquee Moon,Television,Marquee Moon,True,LIKE,10:39,639,g4myghLPLZc,2024-05-23T17:07:58Z,gh-1293
Lemurian Tsunami Inside a Hat,"Acid Mothers Reynols, Acid Mothers Temple, Reynols",Vol. 3,,INDIFFERENT,12:45,765,twl1UXpEolQ,2024-05-23T16:55:13Z,gh-1293
Smelling Oneiric Asado,"Acid Mothers Reynols, Acid Mothers Temple, Reynols",Vol. 3,,INDIFFERENT,7:01,421,CX0uT0gTCM8,2024-05-23T16:48:12Z,gh-1293
Multiverse Turtle Reflex,"Acid Mothers Reynols, Acid Mothers Temple, Reynols",Vol. 3,,INDIFFERENT,9:15,555,FfGeF0rUdaA,2024-05-23T16:38:57Z,gh-1293
Kicking Air Bricks,"Acid Mothers Reynols, Acid Mothers Temple, Reynols",Vol. 3,,INDIFFERENT,12:44,764,dfVZBD-E8vA,2024-05-23T16:26:13Z,gh-1293
The Cuckoo Bird,The Doc Watson Family,The Doc Watson Family,False,INDIFFERENT,3:04,184,8alzGmUnhz0,2024-05-23T01:32:10Z,gh-1287
Shouting On The Hills Of Glory,Ralph Stanley & Friends,Clinch Mountain Country,False,INDIFFERENT,3:10,190,XRuLPxien58,2024-05-23T01:29:00Z,gh-1287
Stay All Night (Stay A Little Longer) (feat. Texas Playboys),Bob Wills,For The Last Time,False,INDIFFERENT,3:07,187,KZBVAGBYPos,2024-05-23T01:25:53Z,gh-1287
The Great Atomic Power,The Louvin Brothers,Grand Ole Opry Legends,True,LIKE,2:49,169,2ci3UUzHTVc,2024-05-23T01:23:04Z,gh-1287
Rhinestone Cowboy (Extended Version),Glen Campbell,Meet Glen Campbell,False,INDIFFERENT,3:28,208,ctsLFINNHjw,2024-05-22T06:30:14Z,gh-1280
Goodbye Stranger (2010 Remastered),Supertramp,Breakfast In America,False,INDIFFERENT,5:51,351,u8pVZ5hTGJQ,2024-05-22T06:24:23Z,gh-1280
Forget the Flowers,Wilco,Being There,False,INDIFFERENT,2:48,168,TSlzuhug8c4,2024-05-22T06:21:35Z,gh-1280
Brontosaurus,They Might Be Giants,BOOK,False,INDIFFERENT,3:05,185,F71gpyuer2Y,2024-05-22T06:18:30Z,gh-1280
Don't Go Breaking My Heart,"Elton John, Kiki Dee",Diamonds (Deluxe),False,INDIFFERENT,4:27,267,DH7kBuZ5GZk,2024-05-22T06:14:03Z,gh-1280
Lay All Your Love On Me,ABBA,Super Trouper,False,INDIFFERENT,4:35,275,5mHzaIehRTE,2024-05-22T06:09:28Z,gh-1280
Bouncing Around the Room,Phish,Lawn Boy,False,INDIFFERENT,3:56,236,VHQfg59Kp5Q,2024-05-22T06:05:32Z,gh-1280
Seduction of Spring,T Sisters,Kindred Lines,,LIKE,3:12,192,DPO0Rn-5ZW8,2024-05-22T06:02:20Z,gh-1280
Sail Away,The Oak Ridge Boys,The Oak Ridge Boys Have Arrived,False,INDIFFERENT,3:30,210,nafM2EfOaT4,2024-05-22T05:58:50Z,gh-1280
Going Back To Texas,Wayne Hancock,"Wild, Free and Reckless",False,INDIFFERENT,3:30,210,L1R3qWkX9EQ,2024-05-22T05:55:20Z,gh-1280
The Gambler,Kenny Rogers,The Gambler,False,INDIFFERENT,3:35,215,w4RvskuFnPY,2024-05-22T05:51:45Z,gh-1280
No Shoes,The Roches,Moonswept,False,INDIFFERENT,4:11,251,EqZrC6pkhN8,2024-05-22T03:25:32Z,gh-1279
She's All I Got,Johnny Paycheck,She's All I Got,False,INDIFFERENT,2:57,177,wbzgZ2OxuNE,2024-05-22T03:22:35Z,gh-1279
Poison Trees,The Devil Makes Three,Do Wrong Right,,INDIFFERENT,3:58,238,uia5vCOAk2Y,2024-05-22T03:18:37Z,gh-1279
Faster Horses (The Cowboy And The Poet),Tom T. Hall,"Tom T. Hall - Storyteller, Poet, Philosopher",False,INDIFFERENT,2:53,173,UD8ytadaNI8,2024-05-22T03:15:44Z,gh-1279
"Ruby, Don't Take Your Love to Town",CAKE,Wheels EP (Live),False,INDIFFERENT,2:58,178,LLPu_pqegns,2024-05-22T03:12:46Z,gh-1279
Something In The Water,Pokey LaFarge,Something In The Water,False,INDIFFERENT,3:24,204,eOJIBXMPcf0,2024-05-22T03:09:22Z,gh-1279
You Don't Mess Around with Jim,Jim Croce,You Don't Mess Around With Jim,False,INDIFFERENT,3:03,183,VRIHW-aQl-k,2024-05-22T03:06:19Z,gh-1279
The Logical Song,Supertramp,The Very Best Of Supertramp,False,INDIFFERENT,4:10,250,low6Coqrw9Y,2024-05-22T03:02:09Z,gh-1279
Kodachrome,Paul Simon,There Goes Rhymin' Simon,True,LIKE,3:36,216,JD6Zq505pnM,2024-05-22T02:58:33Z,gh-1279
I Don't Wanna Leave You on the Farm,Ween,12 Golden Country Greats,,INDIFFERENT,2:45,165,MfJj5pypPSU,2024-05-22T02:55:48Z,gh-1279
Chiquitita,ABBA,Voulez-Vous,False,INDIFFERENT,5:27,327,8WyfVoFM9As,2024-05-22T02:50:21Z,gh-1279
Rasputin,Boney M.,The Magic Of Boney M.,False,INDIFFERENT,4:27,267,6JhVo2zS8hU,2024-05-22T02:45:54Z,gh-1279
Bobbie Sue,The Oak Ridge Boys,Bobbie Sue,False,INDIFFERENT,2:54,174,VtgUp-w0mdw,2024-05-22T02:43:00Z,gh-1279
She's My Baby,Wayne Hancock,Thunderstorms and Neon Signs,,INDIFFERENT,2:32,152,2Jtc7CJmkoc,2024-05-22T02:40:28Z,gh-1279
Stupid Texas Song,Austin Lounge Lizards,Employee Of The Month,,LIKE,3:34,214,aPvLD7HSUDY,2024-05-22T02:36:54Z,gh-1279
Falling Out,Ween,White Pepper,,LIKE,2:29,149,8o19PCXwm6c,2024-05-22T02:34:25Z,gh-1279
Tulsa,Wayne Hancock,Tulsa,False,INDIFFERENT,4:05,245,hwgWbsA3dJg,2024-05-22T02:30:20Z,gh-1279
We,The Roches,The Roches,,LIKE,2:36,156,PbgQITWRTbQ,2024-05-22T02:27:44Z,gh-1279
Pretty Girl,Ween,12 Golden Country Greats,,INDIFFERENT,2:36,156,UuXkjrFz2Ww,2024-05-22T02:25:08Z,gh-1279
One Toke Over the Line,Brewer & Shipley,Tarkio Road,True,LIKE,3:20,200,OF3EUFnafp8,2024-05-22T02:21:48Z,gh-1279
Take A Chance On Me,ABBA,The Album,False,INDIFFERENT,4:04,244,DkkQ8dCPiwA,2024-05-22T02:17:44Z,gh-1279
Even If You Don't,Ween,White Pepper,,INDIFFERENT,3:26,206,W_V7A-NN3MI,2024-05-22T02:14:18Z,gh-1279
Was I Drunk?,Corn Potato String Band,Good Job Everybody,,LIKE,3:25,205,3bxFS2RhS2E,2024-05-22T02:10:53Z,gh-1279
I Had but Fifty Cents,Corn Potato String Band,Good Job Everybody,,INDIFFERENT,3:14,194,3b-hd7Z87-s,2024-05-22T02:07:39Z,gh-1279
Emotions,Corn Potato String Band,Good Job Everybody,,INDIFFERENT,3:53,233,L6E3g1uvMH8,2024-05-22T02:03:46Z,gh-1279
Flying Saucers,Corn Potato String Band,Good Job Everybody,,LIKE,2:17,137,oTnlZSWLw_M,2024-05-22T02:01:29Z,gh-1279
Brown Skin Gal,Corn Potato String Band,Good Job Everybody,,INDIFFERENT,2:49,169,1k7ip3rzeis,2024-05-22T01:58:40Z,gh-1279
Cigareets and Whiskey,Corn Potato String Band,Good Job Everybody,,INDIFFERENT,3:35,215,8wHfd_jEieI,2024-05-22T01:55:05Z,gh-1279
I Let the Stars Get in My Eyes,Corn Potato String Band,Good Job Everybody,,INDIFFERENT,2:48,168,nkLAE7LCL4o,2024-05-22T01:52:17Z,gh-1279
Helena Polka,Corn Potato String Band,Good Job Everybody,,DISLIKE,2:58,178,O1Co8sHrfhc,2024-05-22T01:49:19Z,gh-1279
Rubber Dolly,Corn Potato String Band,Good Job Everybody,,INDIFFERENT,2:48,168,DK0Ncvx_3CE,2024-05-22T01:46:31Z,gh-1279
(You Got To Pray To The Lord) When You See Those Flying Saucers,Dry Branch Fire Squad,Echoes of the Mountains,False,INDIFFERENT,2:13,133,Bjkh3bb_vR4,2024-05-22T01:44:18Z,gh-1279
The Great Atomic Power,The Louvin Brothers,Grand Ole Opry Legends,True,LIKE,2:49,169,2ci3UUzHTVc,2024-05-22T01:41:29Z,gh-1279
"Jalan Crossland | ""Great Atomic Power"" | Western AF","27K views, Western AF",,,LIKE,3:13,193,azbPRpa8KsY,2024-05-22T01:38:16Z,gh-1279
Birds of a Feather,Phish,"1998.08.16 Limestone, ME - Lemmonwheel",,INDIFFERENT,8:15,495,kibSFc1XjJM,2024-05-22T01:27:56Z,gh-1278
ACDC Bag,Phish,"1998.08.16 Limestone, ME - Lemmonwheel",,INDIFFERENT,8:42,522,C1QGoF9ygB0,2024-05-22T01:19:14Z,gh-1278
77 Million Paintings,Brian Eno,Music For Installations,False,INDIFFERENT,44:01,2641,D8Nysy5SY2w,2024-05-21T20:43:31Z,gh-1277
The Mango Song,Phish,"1998.08.16 Limestone, ME - Lemmonwheel",,INDIFFERENT,7:32,452,yl1krBVFLsE,2024-05-21T20:35:59Z,gh-1277
Wilson,Phish,"1998.08.16 Limestone, ME - Lemmonwheel",,INDIFFERENT,7:55,475,yP63fkSSIsU,2024-05-21T20:28:04Z,gh-1277
Also Sprach Zarathustra,Phish,"1998.08.16 Limestone, ME - Lemmonwheel",,INDIFFERENT,18:14,1094,juAXBFBZaIU,2024-05-21T20:34:48Z,gh-1276
HYHU,Phish,"1998.08.16 Limestone, ME - Lemmonwheel",,INDIFFERENT,3:35,215,Sgvx1uMdXOg,2024-05-21T20:31:13Z,gh-1276
Wading in the Velvet Sea,Phish,"1998.08.16 Limestone, ME - Lemmonwheel",,INDIFFERENT,8:03,483,maEWa8LX4tU,2024-05-21T20:23:10Z,gh-1276
Heart Attack,The Pretty Shabbies,A Pretty Shabby Album,,LIKE,4:58,298,VH5mTbe-dj4,2024-05-21T20:18:12Z,gh-1276
Use Inc.,The Pretty Shabbies,A Pretty Shabby Album,,INDIFFERENT,2:31,151,Phwy19XE98Q,2024-05-21T20:15:41Z,gh-1276
Bitterblue,The Pretty Shabbies,A Pretty Shabby Album,,INDIFFERENT,3:02,182,a4C2nkNfHlI,2024-05-21T20:12:39Z,gh-1276
Megalomaniacally,The Pretty Shabbies,A Pretty Shabby Album,,INDIFFERENT,2:21,141,FeVyVMWYdCo,2024-05-21T20:10:18Z,gh-1276
Butchagotta,The Pretty Shabbies,A Pretty Shabby Album,,INDIFFERENT,4:15,255,z_5q384UqtA,2024-05-21T20:06:03Z,gh-1276
Clap Your Hands (Solomun Remix),Whilk & Misky,Clap Your Hands (The Remixes),False,INDIFFERENT,9:38,578,6_jIMB7Y6n8,2024-05-21T19:56:25Z,gh-1276
California Dreamin' (Single Version),The Mamas & The Papas,If You Can Believe Your Eyes & Ears,False,INDIFFERENT,2:43,163,oU6uUEwZ8FM,2024-05-21T19:53:42Z,gh-1276
LUNCH,Billie Eilish,HIT ME HARD AND SOFT,False,DISLIKE,3:00,180,9U4-PgbN7eM,2024-05-21T19:50:42Z,gh-1276
"Gumbo > Sanity (1998-08-15 Lemonwheel, Limestone, ME)",Phish,The Leaked SBD Tracks Project,,INDIFFERENT,19:10,1150,9F3Nho9e82g,2024-05-21T19:31:32Z,gh-1276
Deer Park,Tripswitch,Circuit Breaker,False,INDIFFERENT,10:22,622,XNiwl527mZ4,2024-05-21T19:21:10Z,gh-1276
Viscous,Tripswitch,Circuit Breaker,False,INDIFFERENT,7:15,435,sjfRFtNAMXA,2024-05-21T19:13:55Z,gh-1276
Tomahna,Tripswitch,Circuit Breaker,False,INDIFFERENT,5:34,334,7LmVAO8Pbx4,2024-05-21T19:08:21Z,gh-1276
Silver (Robot Baby Mix),Tripswitch,Circuit Breaker,False,INDIFFERENT,8:06,486,rf4PlZRnKxo,2024-05-21T19:00:15Z,gh-1276
Cartwheel,Tripswitch,Circuit Breaker,False,INDIFFERENT,6:05,365,NG3UcjXdtoU,2024-05-21T18:54:10Z,gh-1276
Tachyon,Tripswitch,Circuit Breaker,False,INDIFFERENT,2:38,158,mo1m9yrxrbw,2024-05-21T18:51:32Z,gh-1276
Roll Your Own,Tripswitch,Circuit Breaker,False,INDIFFERENT,6:40,400,sLXLdD3t-OU,2024-05-21T18:44:52Z,gh-1276
Indigo,Tripswitch,Circuit Breaker,False,INDIFFERENT,8:40,520,qVJ2Dwxx8oE,2024-05-21T18:36:12Z,gh-1276
Shamanic Tea,Tripswitch,Circuit Breaker,False,INDIFFERENT,7:07,427,1j1u4zqUTsY,2024-05-21T18:25:01Z,gh-1275
Exiled (Manta Mix),Tripswitch,Circuit Breaker,False,INDIFFERENT,9:11,551,8najmB8XqZs,2024-05-21T18:15:50Z,gh-1275
Igmatik,Abakus,That Much Closer to the Sun,False,INDIFFERENT,5:47,347,adxZLT01EuI,2024-05-21T18:10:03Z,gh-1275
Opaque (Bonus Track),Abakus,That Much Closer to the Sun,False,INDIFFERENT,6:53,413,rDYhuKIhnjM,2024-05-21T18:03:10Z,gh-1275
That Much Closer,Abakus,That Much Closer to the Sun,False,INDIFFERENT,5:00,300,vBZYF5fvY0k,2024-05-21T17:58:10Z,gh-1275
Summer Dub,Abakus,That Much Closer to the Sun,False,INDIFFERENT,4:43,283,zw8HwWLib-k,2024-05-21T17:53:27Z,gh-1275
Lux Boutique,Abakus,That Much Closer to the Sun,False,INDIFFERENT,2:30,150,Dc-Dwnewq24,2024-05-21T17:50:57Z,gh-1275
California Sunshine,Abakus,That Much Closer to the Sun,False,INDIFFERENT,6:12,372,kRqRF36BpEg,2024-05-21T17:44:45Z,gh-1275
Indu,Abakus,That Much Closer to the Sun,False,INDIFFERENT,5:23,323,EOdNzhAhQag,2024-05-21T17:39:22Z,gh-1275
A Whole New Way of Looking At the Day,Abakus,That Much Closer to the Sun,False,INDIFFERENT,3:33,213,q_WH6lHZVMg,2024-05-21T17:35:49Z,gh-1275
Magenta,Abakus,That Much Closer to the Sun,False,INDIFFERENT,3:56,236,PJTLLF9KYVQ,2024-05-21T17:31:53Z,gh-1275
Circles,Abakus,That Much Closer to the Sun,False,INDIFFERENT,6:40,400,-_e_7CTG5x8,2024-05-21T17:25:13Z,gh-1275
Night Walker,Abakus,That Much Closer to the Sun,False,INDIFFERENT,5:09,309,kDX5yNzta3U,2024-05-21T17:20:04Z,gh-1275
Shared Light,Abakus,That Much Closer to the Sun,False,INDIFFERENT,2:25,145,5NQPs-Pe1y0,2024-05-21T17:17:39Z,gh-1275
Evolve,Phish,Oblivion,False,INDIFFERENT,4:13,253,rx4bkYQooUI,2024-05-21T17:13:26Z,gh-1275
Oblivion,Phish,Oblivion,True,LIKE,6:04,364,xMJamd2QZdE,2024-05-21T17:07:22Z,gh-1275
Dusts,AES Dana,Memory Shell,False,INDIFFERENT,7:07,427,NPAbGajuHTc,2024-05-21T17:00:15Z,gh-1275
Iris Rotation,AES Dana,Memory Shell,False,INDIFFERENT,6:21,381,HHRiM0EDOoM,2024-05-21T16:53:54Z,gh-1275
Chernozem (Intro),AES Dana,Memory Shell,False,INDIFFERENT,3:26,206,tGW7JAzDxsE,2024-05-21T16:50:28Z,gh-1275
The Island Of Deceased Ships,Koan,When The Silence Is Speaking,False,INDIFFERENT,7:31,451,6Xb2UoID8IU,2024-05-21T16:42:57Z,gh-1275
Probability Tree,Bluetech,The Divine Invasion,False,INDIFFERENT,6:06,366,8YyWUPPTwmA,2024-05-21T16:36:51Z,gh-1275
Back to Light,Asura,Life²,False,INDIFFERENT,6:35,395,_-JM7aQTs-I,2024-05-21T16:30:16Z,gh-1275
Little Fluffy Clouds,The Orb,Adventures Beyond The Ultraworld,False,INDIFFERENT,4:28,268,KNfjpmvbQG0,2024-05-21T16:25:48Z,gh-1275
Union Light,Solar Fields,"Fahrenheit Project, Part 4",False,INDIFFERENT,7:29,449,mJgF06bPHgI,2024-05-21T16:18:19Z,gh-1275
Indigo Room,H.U.V.A. Network,Distances,False,INDIFFERENT,6:49,409,5aBrX1S49BE,2024-05-21T16:11:30Z,gh-1275
Sirens Original Mix,Koan,Floating Point 3 compiled by Michael Banel,False,INDIFFERENT,5:44,344,lW_py_i26v8,2024-05-21T16:05:46Z,gh-1275
Wandering Sadhu,Desert Dwellers,Anahata Yoga Dub,False,INDIFFERENT,5:42,342,eMrxX3rqmVo,2024-05-21T16:00:04Z,gh-1275
Sea Island Murders,Loscil,Sea Island,,INDIFFERENT,8:27,507,J2OGxg080Ik,2024-05-21T15:51:37Z,gh-1275
Bleeding Ink,Loscil,Sea Island,,INDIFFERENT,6:39,399,DSOc52qX2oc,2024-05-21T15:44:58Z,gh-1275
In Threes,Loscil,Sea Island,,LIKE,5:58,358,Px_DbjgHVX4,2024-05-21T15:39:00Z,gh-1275
Ahull,Loscil,Sea Island,,INDIFFERENT,6:39,399,P2AEIXCgzbo,2024-05-21T15:32:21Z,gh-1275
Remember to Breathe,Sturgill Simpson,SOUND & FURY,False,INDIFFERENT,2:57,177,Bk4s2ywnPkM,2024-05-21T15:29:24Z,gh-1275
Tom Dooley,Doc Watson,Doc Watson,,INDIFFERENT,3:16,196,ZKdgSCK8aXo,2024-05-21T15:25:30Z,gh-1274
Kodachrome,Paul Simon,There Goes Rhymin' Simon,True,LIKE,3:36,216,JD6Zq505pnM,2024-05-21T15:21:54Z,gh-1274
The Man From Waco (Billy Horton Sessions),Charley Crockett,The Man From Waco (Billy Horton Sessions),False,INDIFFERENT,3:29,209,64ZlDbn7QIQ,2024-05-21T15:18:25Z,gh-1274
Bootlegger's Boy,Old Crow Medicine Show,Carry Me Back,False,INDIFFERENT,3:27,207,cEzNC7o4xyQ,2024-05-21T15:14:58Z,gh-1274
Coat Of Many Colors,Sierra Ferrell,Coat Of Many Colors,True,LIKE,3:14,194,fB_G-NoVoQ8,2024-05-21T15:11:44Z,gh-1274
Joppa Road,Ween,Chocolate and Cheese,,INDIFFERENT,3:03,183,P7U-J1DBBGs,2024-05-21T15:08:41Z,gh-1274
Shadow Maple,Loscil,Shadow Maple,False,INDIFFERENT,8:00,480,xVWHFlUQ5os,2024-05-21T15:00:41Z,gh-1274
Comet,Christopher Willits,Horizon,False,INDIFFERENT,6:13,373,M0U-TwOTcsA,2024-05-21T06:28:18Z,gh-1271
Convex,Warmth,Parallel,False,INDIFFERENT,7:03,423,eiDDx2unl0A,2024-05-21T06:21:15Z,gh-1271
A Meaningful Moment Through a Meaning(less) Process,Stars of the Lid,And Their Refinement of the Decline,,INDIFFERENT,4:33,273,T9lV5-wbPqw,2024-05-21T06:16:42Z,gh-1271
Nothing It Can,Helios,Moiety,False,INDIFFERENT,4:48,288,IV2hy2FQ_h8,2024-05-21T06:11:54Z,gh-1271
Them,Nils Frahm,Music for the Motion Picture Victoria,False,INDIFFERENT,4:00,240,YQJw0wjsNaU,2024-05-21T06:07:54Z,gh-1271
Failing Light (Remastered 2004),"Brian Eno, Harold Budd",Ambient 2: The Plateaux Of Mirror (Remastered 2004),False,INDIFFERENT,4:14,254,72Fe6YJiL0s,2024-05-21T06:03:40Z,gh-1271
Aura,Loscil,Clara,False,INDIFFERENT,8:33,513,beKm0n5gNx0,2024-05-21T05:55:07Z,gh-1271
Fuego - A COLORS SHOW,pablopablo,Fuego - A COLORS SHOW,False,INDIFFERENT,3:20,200,ZN2z12-djYY,2024-05-20T18:29:00Z,gh-1266
Baby Parakeet (feat. Louis Cole),"Dolphin Hyperspace, Logan Kane, Nicole McCabe",What is my Porpoise?,,INDIFFERENT,2:49,169,njlKGeqGmHg,2024-05-20T18:26:11Z,gh-1266
Tidal Wave,"Dolphin Hyperspace, Logan Kane, Nicole McCabe",What is my Porpoise?,,INDIFFERENT,3:13,193,CplW4qNAjlk,2024-05-20T18:22:58Z,gh-1266
Ghost Of Me,Daughtry,Leave This Town,False,INDIFFERENT,3:39,219,s1jOYMt7zwA,2024-05-20T18:19:19Z,gh-1266
Make Time,Shanti Celeste,Make Time,False,INDIFFERENT,8:36,516,n8Jw859JIN0,2024-05-20T18:10:43Z,gh-1266
Could We Be?,Christoph de Babalon,Grim Zenith,False,INDIFFERENT,6:25,385,pXOhvWMvsoc,2024-05-20T18:04:18Z,gh-1266
Clap Clap,"Anunaku, DJ Plead",032,False,INDIFFERENT,7:08,428,pd5XMRlYJy4,2024-05-20T17:57:10Z,gh-1266
Us - A COLORS SHOW,FKJ,Us - A COLORS SHOW,False,INDIFFERENT,6:14,374,htLCJ3vJ-fs,2024-05-20T17:50:56Z,gh-1266
Possession/Control,Samuel Kerridge,The Silence Between Us,False,INDIFFERENT,6:06,366,whjLqHztcBA,2024-05-20T17:44:50Z,gh-1266
J'aime pas le goût - A COLORS SHOW,LYNN,J'aime pas le goût - A COLORS SHOW,False,INDIFFERENT,2:52,172,Y795EpwJNWU,2024-05-20T17:41:58Z,gh-1266
Swervin',DJ Polo,Limonata,False,INDIFFERENT,4:30,270,zM6APsDOrVc,2024-05-20T17:37:28Z,gh-1266
Plexo,Zutzut,Placas,False,INDIFFERENT,3:37,217,Ck9295UqDxM,2024-05-20T17:33:51Z,gh-1266
AM/FM & Blessed - A COLORS SHOW,rum.gold,AM/FM & Blessed - A COLORS SHOW,False,INDIFFERENT,4:46,286,nrMlqfD7FSk,2024-05-20T17:29:05Z,gh-1266
Ice Cream,Bryte,Ice Cream,False,INDIFFERENT,3:17,197,-NKZDTTo7gA,2024-05-20T17:25:48Z,gh-1266
Born of Ashes,Ancient Methods,The First Siren,False,INDIFFERENT,7:03,423,96mtmiOBz7I,2024-05-20T17:18:45Z,gh-1266
Tamina,Kady,Lumenara,False,INDIFFERENT,3:03,183,K83iXQS2lZE,2024-05-20T17:15:42Z,gh-1266
日出東方 唯我不敗,Tzusing,東方不敗,False,INDIFFERENT,5:12,312,32_UBdlnES4,2024-05-20T17:10:30Z,gh-1266
Wheele,"Anunaku, DJ Plead",032,False,INDIFFERENT,5:30,330,Xrt3fL0Qbkw,2024-05-20T17:05:00Z,gh-1266
Uzegdel - A COLORS SHOW,Enji,Uzegdel - A COLORS SHOW,False,INDIFFERENT,2:48,168,m9Zr2wXn_oY,2024-05-20T17:02:12Z,gh-1266
Smokin,Randomer,Smokin,False,INDIFFERENT,5:40,340,gwwz7_1IXjE,2024-05-20T16:56:32Z,gh-1266
Sicut Erat,natural/electronic.system.,Sicut Erat,False,INDIFFERENT,7:08,428,hOeSS6KE6mY,2024-05-20T16:49:24Z,gh-1266
Blue Pedro,Bullion,Blue Pedro,False,INDIFFERENT,5:13,313,9Bsn2MjNer4,2024-05-20T16:44:11Z,gh-1266
Hélice,Superfície,Hélices,False,INDIFFERENT,4:00,240,iqn6_DjueMI,2024-05-20T16:40:11Z,gh-1266
Theme from Q,Objekt,Objekt #4,False,INDIFFERENT,7:21,441,kYrPqMmIqZk,2024-05-20T16:32:50Z,gh-1266
Agua y Puerta,Lechuga Zafiro,Testigo,False,INDIFFERENT,3:17,197,ZsmrSskJIs4,2024-05-20T16:29:33Z,gh-1266
Routine,Skee Mask,Iss002,False,INDIFFERENT,5:45,345,uHZJu9GAP-Q,2024-05-20T15:23:58Z,gh-1265
Body Double (TSVI Remix),Lokane,Visions,False,INDIFFERENT,4:35,275,SqU7mPPc418,2024-05-20T15:19:23Z,gh-1265
Onism,Lokane,Onism,False,INDIFFERENT,9:10,550,M6OmRkfD-No,2024-05-20T15:10:13Z,gh-1265
Magenta,"Lawrence English, Loscil",Colours of Air,,INDIFFERENT,8:20,500,RoFfF-G4dMM,2024-05-20T06:25:51Z,gh-1262
Violet,"Lawrence English, Loscil",Colours of Air,,INDIFFERENT,6:13,373,oEn2rXsacrk,2024-05-20T06:19:38Z,gh-1262
Pink,"Lawrence English, Loscil",Colours of Air,,INDIFFERENT,6:17,377,6ciTtuHeR8A,2024-05-20T06:13:21Z,gh-1262
Black,"Lawrence English, Loscil",Colours of Air,,INDIFFERENT,8:42,522,xcIG2XKd_Ag,2024-05-20T06:04:39Z,gh-1262
Grey,"Lawrence English, Loscil",Colours of Air,,INDIFFERENT,4:10,250,4dlhvRXmMes,2024-05-20T06:00:29Z,gh-1262
Yellow,"Lawrence English, Loscil",Colours of Air,,INDIFFERENT,5:08,308,EMP5Hzqe4lc,2024-05-20T05:55:21Z,gh-1262
Aqua,"Lawrence English, Loscil",Colours of Air,,INDIFFERENT,4:27,267,Uqb6Qhzb7WE,2024-05-20T05:50:54Z,gh-1262
Cyan,"Lawrence English, Loscil",Colours of Air,,INDIFFERENT,6:14,374,jug16zHJmno,2024-05-20T05:44:40Z,gh-1262
Synfyfyrio Gofod four,Rob Jenkins,Synfyfyrio Gofod four,,INDIFFERENT,8:40,520,QMHK39fJDwk,2024-05-20T05:36:00Z,gh-1262
Folk Bloodbath,Noam Pikelny,Universal Favorite,,INDIFFERENT,6:05,365,-obK1SO5EbE,2024-05-19T18:24:42Z,gh-1258
Price Tag,Keller Williams with The Travelin' McCourys,Pick,True,LIKE,3:15,195,AmMIpO5OeZs,2024-05-19T18:21:27Z,gh-1258
Touch It / Technologic,Daft Punk,Alive 2007,,INDIFFERENT,5:30,330,pHWj-hRP-cY,2024-05-19T18:15:57Z,gh-1258
Y'all Come Back Saloon,The Oak Ridge Boys,Y'all Come Back Saloon,True,LIKE,2:56,176,sH_4dSOXj90,2024-05-19T18:13:01Z,gh-1258
All I Gave To You,Bella White,All I Gave To You,True,LIKE,3:29,209,t-wenVqCJaw,2024-05-19T18:09:32Z,gh-1258
Big Spike Hammer,"Bobby Hicks, Doyle Lawson, J.D. Crowe, Jerry Douglas","The Bluegrass Album, Vol. 3: California Connection",False,INDIFFERENT,3:02,182,deWcQjLa8G0,2024-05-19T18:06:30Z,gh-1258
Boulderdash (feat. Tony Trischka & Noam Pikelny),Béla Fleck,My Bluegrass Heart,,LIKE,7:02,422,H84Ast4cZMo,2024-05-19T17:59:28Z,gh-1258
9 to 5,Dolly Parton,9 To 5 And Odd Jobs,False,INDIFFERENT,2:43,163,OPoSuyu0dsY,2024-05-19T15:24:47Z,gh-1257
You Can Have the Crown,Sturgill Simpson,High Top Mountain,False,INDIFFERENT,2:51,171,jMkhsamX-2I,2024-05-19T15:21:56Z,gh-1257
I Cast a Lonesome Shadow,Charley Crockett,Lil G.L.'s Honky Tonk Jubilee,False,INDIFFERENT,3:07,187,ImddTISXBGA,2024-05-19T15:18:49Z,gh-1257
Thank God I'm a Country Boy,John Denver,Back Home Again,False,INDIFFERENT,3:14,194,GSJaaZgIwtE,2024-05-19T15:15:35Z,gh-1257
Blue Railroad Train (Vanguard Version),Doc Watson,Southbound,False,INDIFFERENT,2:45,165,gBVUanR_Ei8,2024-05-19T15:12:50Z,gh-1257
Not To Blame,Bella White,Not To Blame,False,INDIFFERENT,2:56,176,XdPqhvcbR20,2024-05-19T15:09:54Z,gh-1257
Georgie,"Norman Blake, Tony Rice",Norman Blake & Tony Rice 2,,INDIFFERENT,2:49,169,K-IgZJ1KA0Y,2024-05-19T15:07:05Z,gh-1257
Highway 54,Wayne Hancock,That's What Daddy Wants,False,INDIFFERENT,3:00,180,VpD7vIExYpc,2024-05-19T15:04:05Z,gh-1257
Give It Time,Sierra Ferrell,Long Time Coming,,INDIFFERENT,3:38,218,6gbKrEtscFY,2024-05-19T15:00:27Z,gh-1257
Popskull Whiskey,The Pretty Shabbies,Popskull Whiskey,False,INDIFFERENT,4:10,250,jHwC2cx3Pts,2024-05-19T14:56:17Z,gh-1257
Spit Lead,The Pretty Shabbies,A Pretty Shabby Album,,INDIFFERENT,5:44,344,GOpIbAh04Ps,2024-05-19T14:50:33Z,gh-1257
"God Save The Queen (Live At The Summit, Houston / December 11th, 1977)",Queen,"Live in Houston - December 11th, 1977 (2024 Miles Remaster)",,INDIFFERENT,1:33,93,AeH7ecKQPzY,2024-05-19T03:27:28Z,gh-1253
"Jailhouse Rock (Live At The Summit, Houston / December 11th, 1977)",Queen,"Live in Houston - December 11th, 1977 (2024 Miles Remaster)",,INDIFFERENT,4:25,265,qjVtEdH_5aE,2024-05-19T03:23:03Z,gh-1253
"We Are The Champions (Live At The Summit, Houston / December 11th, 1977)",Queen,"Live in Houston - December 11th, 1977 (2024 Miles Remaster)",,INDIFFERENT,5:01,301,JPhDkbuRGN8,2024-05-19T03:18:02Z,gh-1253
"Now I'm Here (Live At The Summit, Houston / December 11th, 1977)",Queen,"Live in Houston - December 11th, 1977 (2024 Miles Remaster)",,INDIFFERENT,4:04,244,2VCUQq0RTmk,2024-05-19T03:13:58Z,gh-1253
"Vocal Solo (Live At The Summit, Houston / December 11th, 1977)",Queen,"Live in Houston - December 11th, 1977 (2024 Miles Remaster)",,INDIFFERENT,3:57,237,Ilgiiyk2dN4,2024-05-19T03:10:01Z,gh-1253
"White Man (Live At The Summit, Houston / December 11th, 1977)",Queen,"Live in Houston - December 11th, 1977 (2024 Miles Remaster)",,INDIFFERENT,5:03,303,GKQS2RyzBVI,2024-05-19T03:04:58Z,gh-1253
"Liar (Live At The Summit, Houston / December 11th, 1977)",Queen,"Live in Houston - December 11th, 1977 (2024 Miles Remaster)",,INDIFFERENT,10:32,632,QtOYu3lVLxQ,2024-05-19T02:54:26Z,gh-1253
"You're My Best Friend (Live At The Summit, Houston / December 11th, 1977)",Queen,"Live in Houston - December 11th, 1977 (2024 Miles Remaster)",,INDIFFERENT,2:14,134,95LI-p1kO3c,2024-05-19T02:52:12Z,gh-1253
"Get Down, Make Love (Live At The Summit, Houston / December 11th, 1977)",Queen,"Live in Houston - December 11th, 1977 (2024 Miles Remaster)",,INDIFFERENT,3:40,220,FIQp-Uoely8,2024-05-19T02:48:32Z,gh-1253
"I'm In Love With My Car (Live At The Summit, Houston / December 11th, 1977)",Queen,"Live in Houston - December 11th, 1977 (2024 Miles Remaster)",,INDIFFERENT,2:13,133,u9oftQ6gHlA,2024-05-19T02:46:19Z,gh-1253
"Good Old-Fashioned Lover Boy (Live At The Summit, Houston / December 11th, 1977)",Queen,"Live in Houston - December 11th, 1977 (2024 Miles Remaster)",,INDIFFERENT,2:27,147,Hvg-MjfTcF4,2024-05-19T02:43:52Z,gh-1253
"Killer Queen (Live At The Summit, Houston / December 11th, 1977)",Queen,"Live in Houston - December 11th, 1977 (2024 Miles Remaster)",,INDIFFERENT,2:02,122,q4W-p4rcAos,2024-05-19T02:41:50Z,gh-1253
"Death On Two Legs (Dedicated To...) (Live At The Summit, Houston / December 11th, 1977)",Queen,"Live in Houston - December 11th, 1977 (2024 Miles Remaster)",,INDIFFERENT,3:12,192,fNbHpJjCJYs,2024-05-19T02:38:38Z,gh-1253
"Somebody To Love (Live At The Summit, Houston / December 11th, 1977)",Queen,"Live in Houston - December 11th, 1977 (2024 Miles Remaster)",,INDIFFERENT,6:44,404,mTyzImx860Y,2024-05-19T02:31:54Z,gh-1253
'39,Queen,A Night At The Opera (Deluxe Remastered Version),False,INDIFFERENT,3:31,211,Gkdi-vkMGz4,2024-05-19T02:28:23Z,gh-1253
The Great Pretender,Freddie Mercury,The Platinum Collection (Greatest Hits I II & III - 2011 Remaster),True,LIKE,3:26,206,T3C0DQ0qj8I,2024-05-19T01:36:50Z,gh-1252
Mean Mother Blues,Seldom Scene,Act 3,True,LIKE,3:04,184,k5Sz1rG7vRA,2024-05-19T01:33:46Z,gh-1252
Frank Sinatra - That's life (ProleteR tribute),"2.9M views, ProleteR",,,LIKE,2:41,161,cv77YF1vkeQ,2024-05-19T01:31:05Z,gh-1252
Dancing Queen,ABBA,Arrival,False,INDIFFERENT,3:51,231,YkLLcIKhJ64,2024-05-19T01:27:14Z,gh-1252
"Jesus, Etc.",Wilco,Yankee Hotel Foxtrot,True,LIKE,3:52,232,USMsgVbf8Us,2024-05-19T01:23:22Z,gh-1252
The Lonely Goatherd,"Charmian Carr, Heather Menzies, Julie Andrews, Nicholas Hammond",The Sound Of Music (Original Soundtrack Recording),False,INDIFFERENT,3:13,193,K5Wicl6dcEk,2024-05-19T01:20:09Z,gh-1252
Idle Idle,Alex Regeimbal,Idle Idle,True,LIKE,3:20,200,ma7gAQMNTaQ,2024-05-19T01:16:49Z,gh-1252
Great Atomic Power,Jane Archer and the Reactionaries,The Great Atomic Power,,LIKE,2:18,138,Oxmly-JUBwg,2024-05-19T01:14:31Z,gh-1252
Chittlin’ Cookin’ Time In Cheatham County,Sierra Ferrell,Trail Of Flowers,True,LIKE,3:02,182,7p2-TKipaME,2024-05-19T01:11:29Z,gh-1252
June Nights,Meadow Mountain,June Nights,,LIKE,2:53,173,BniZbcQpJ2g,2024-05-19T01:08:36Z,gh-1252
Shine (Live),"David Grisman, Stephane Grappelli",Stephane Grappelli and David Grisman Live,,LIKE,5:19,319,oMobf1AHbHk,2024-05-19T01:03:17Z,gh-1252
Dub for Cascadia,loscil,Endless Falls,,LIKE,6:07,367,cjjEiKJjxGU,2024-05-19T00:57:10Z,gh-1252
"Los Angeles County Breakdown (feat. George Jackson, Ross Martin & Myles Sloniker)",Jacob Jolliff,Los Angeles County Breakdown,False,INDIFFERENT,4:59,299,pf9MKWUQzSM,2024-05-19T00:52:11Z,gh-1252
Boston Blues,Hot Day at the Zoo,Zoograss,,INDIFFERENT,5:58,358,eDdBJM2nYdA,2024-05-19T00:46:13Z,gh-1252
If You Ve Got The Money (I Ve Got The Time),George Jones,A Satisfied Mind,True,LIKE,2:09,129,LDnDPtY_3xA,2024-05-19T00:44:04Z,gh-1252
The Man Machine (2009 Remaster),Kraftwerk,The Man-Machine (2009 Remaster),False,INDIFFERENT,5:33,333,zHIsGqJaXXw,2024-05-18T18:25:21Z,gh-1250
Neon Lights (2009 Remaster),Kraftwerk,The Man-Machine (2009 Remaster),False,INDIFFERENT,8:53,533,7Mz2UuLS6oM,2024-05-18T18:16:28Z,gh-1250
The Model (2009 Remaster),Kraftwerk,The Man-Machine (2009 Remaster),False,INDIFFERENT,3:41,221,-s4zRw16tMA,2024-05-18T18:12:47Z,gh-1250
Slave To The Traffic Light,Phish,"2024/04/21 Las Vegas, NV",,INDIFFERENT,10:47,647,FTjIO12Y_kA,2024-05-18T18:02:00Z,gh-1250
Metropolis (2009 Remaster),Kraftwerk,The Man-Machine (2009 Remaster),False,INDIFFERENT,6:02,362,2FRG4V7ZK5A,2024-05-18T17:55:58Z,gh-1250
More,Phish,"2024/04/21 Las Vegas, NV",,INDIFFERENT,5:29,329,W8CgY8zoliU,2024-05-18T17:50:29Z,gh-1250
Spacelab (2009 Remaster),Kraftwerk,The Man-Machine (2009 Remaster),False,INDIFFERENT,5:58,358,nZXYnVBK0fY,2024-05-18T17:44:31Z,gh-1250
The Robots (2009 Remaster),Kraftwerk,The Man-Machine (2009 Remaster),False,INDIFFERENT,6:13,373,68d8GRgiec4,2024-05-18T17:38:18Z,gh-1250
Piper,Phish,"2024/04/21 Las Vegas, NV",,INDIFFERENT,10:37,637,6IswljywQ00,2024-05-18T17:27:41Z,gh-1250
Ether Edge,Phish,"2024/04/21 Las Vegas, NV",,INDIFFERENT,5:04,304,r3SOgOJpycw,2024-05-18T17:22:37Z,gh-1250
Light,Phish,"2024/04/21 Las Vegas, NV",,INDIFFERENT,22:09,1329,lnvXYKtTAEU,2024-05-18T17:00:28Z,gh-1250
2001,Phish,"2024/04/21 Las Vegas, NV",,INDIFFERENT,9:09,549,a1dcJZBPm0Q,2024-05-18T16:51:19Z,gh-1250
Beneath a Sea of Stars Part 1,Phish,"2024/04/21 Las Vegas, NV",,INDIFFERENT,12:48,768,O2PxZopYEYA,2024-05-18T16:38:31Z,gh-1250
Down with Disease,Phish,"2024/04/21 Las Vegas, NV",,INDIFFERENT,34:09,2049,717qdMgMsKQ,2024-05-18T15:21:23Z,gh-1248
Spit Lead,The Pretty Shabbies,A Pretty Shabby Album,,INDIFFERENT,5:44,344,GOpIbAh04Ps,2024-05-18T06:25:40Z,gh-1244
Butchagotta,The Pretty Shabbies,A Pretty Shabby Album,,INDIFFERENT,4:15,255,z_5q384UqtA,2024-05-18T06:21:25Z,gh-1244
McKinley's Gone,Flatt & Scruggs,Folk Songs Of Our Land,False,INDIFFERENT,2:36,156,UxD1g2I4FN8,2024-05-18T01:31:22Z,gh-1242
Old Man Atom,Jane Archer and the Reactionaries,The Great Atomic Power,,INDIFFERENT,2:59,179,2FIE_v194aA,2024-05-18T01:28:23Z,gh-1242
Uranium Fever,Jane Archer and the Reactionaries,The Great Atomic Power,,INDIFFERENT,1:48,108,hf_2ynnl3G0,2024-05-18T01:26:35Z,gh-1242
Mr. Stalin You're Eating Too High on the Hog,Jane Archer and the Reactionaries,The Great Atomic Power,,INDIFFERENT,2:04,124,gcism8oD-rM,2024-05-18T01:24:31Z,gh-1242
Flying Saucers,Jane Archer and the Reactionaries,The Great Atomic Power,,LIKE,1:45,105,d3p5ryDjv-M,2024-05-18T01:22:46Z,gh-1242
I'm No Communist,Jane Archer and the Reactionaries,The Great Atomic Power,,LIKE,2:28,148,Ko_Rdwn7lnA,2024-05-18T01:20:18Z,gh-1242
Ain't I Right,Jane Archer and the Reactionaries,The Great Atomic Power,,INDIFFERENT,3:01,181,itDjXecp50U,2024-05-18T01:17:17Z,gh-1242
Advice to Joe,Jane Archer and the Reactionaries,The Great Atomic Power,,INDIFFERENT,2:18,138,FEfzWhoPXSM,2024-05-18T01:14:59Z,gh-1242
Great Atomic Power,Jane Archer and the Reactionaries,The Great Atomic Power,,LIKE,2:18,138,Oxmly-JUBwg,2024-05-18T01:12:41Z,gh-1242
Summertime,Wayne Hancock,Thunderstorms and Neon Signs,,INDIFFERENT,5:43,343,JenbLmyp8sM,2024-05-17T06:20:12Z,gh-1235
Friday and Saturday Night,Wayne Hancock,Thunderstorms and Neon Signs,,INDIFFERENT,2:37,157,DQ0JHM8LIKQ,2024-05-17T06:17:35Z,gh-1235
No Loving Tonight,Wayne Hancock,Thunderstorms and Neon Signs,,INDIFFERENT,1:40,100,OBFPMl7Xizw,2024-05-17T06:15:55Z,gh-1235
Locomotive Joe,Wayne Hancock,Thunderstorms and Neon Signs,,INDIFFERENT,2:12,132,i5atos_Q2ag,2024-05-17T06:13:43Z,gh-1235
Cold Lonesome Wind,Wayne Hancock,Thunderstorms and Neon Signs,,LIKE,4:25,265,aP9K-OOOE4I,2024-05-17T06:09:18Z,gh-1235
Tag Along,Wayne Hancock,Thunderstorms and Neon Signs,,INDIFFERENT,2:19,139,aI7MtgFFwqw,2024-05-17T06:06:59Z,gh-1235
Why Don't You Leave Me Alone,Wayne Hancock,Thunderstorms and Neon Signs,,INDIFFERENT,2:51,171,PRZ_oiuLxzw,2024-05-17T06:04:08Z,gh-1235
Double A Daddy,Wayne Hancock,Thunderstorms and Neon Signs,,INDIFFERENT,3:26,206,xcBqe7YchYU,2024-05-17T06:00:42Z,gh-1235
Distance (Recondite Remix),TWO LANES,Distance (Recondite Remix),False,INDIFFERENT,3:49,229,oHlmXlCDzAM,2024-05-16T21:23:27Z,gh-1232
Dance PM,Hiroshi Yoshimura,Music for Nine Post Cards,False,INDIFFERENT,6:33,393,X9e8YVwFNWw,2024-05-16T21:16:54Z,gh-1232
Bite Marks,The Mistys,Pregnant Mannequin,False,INDIFFERENT,3:56,236,HsAXWoOL3YM,2024-05-16T21:12:58Z,gh-1232
El Carmen,Sofia Kourtesis,Madres,False,INDIFFERENT,5:25,325,L6KJYIljmJU,2024-05-16T21:07:33Z,gh-1232
Turn Back The Clocks,Alex H,Eagle Rock,False,INDIFFERENT,3:28,208,4rl8Krz6EyI,2024-05-16T21:04:05Z,gh-1232
Integrity,Aparde,Hands Rest,False,INDIFFERENT,6:11,371,Zj-vfTTM6CQ,2024-05-16T20:57:54Z,gh-1232
Home,Solomun,Nobody Is Not Loved,False,INDIFFERENT,3:42,222,kX1p57JL3Bs,2024-05-16T20:54:12Z,gh-1232
Frontiers,Rival Consoles,Now Is,False,INDIFFERENT,4:11,251,cm29Ai7Rsrw,2024-05-16T18:27:03Z,gh-1231
Acceptance,Dosem,Dream Decoder,False,INDIFFERENT,4:03,243,zTvP5D4UZqk,2024-05-16T18:23:00Z,gh-1231
Star Trails,Fraunhofer Diffraction,Star Trails,False,INDIFFERENT,3:38,218,YS_e02LO7o8,2024-05-16T18:19:22Z,gh-1231
Water Colors,We Dream of Eden,Deeper Still,False,INDIFFERENT,3:25,205,PLX6wdvdUtI,2024-05-16T18:15:57Z,gh-1231
AMBIENT TECHNO || continuous mix 001,Rob Jenkins,AMBIENT TECHNO || continuous mix 001,False,INDIFFERENT,1:39:28,5968,mbKVcdBNKeo,2024-05-16T16:36:29Z,gh-1231
Sequencia De Luz,Nicola Cruz,Arpejos da Floresta,False,INDIFFERENT,5:25,325,UlLRUK0JQfs,2024-05-16T16:31:04Z,gh-1231
AMBIENT TECHNO || continuous mix 008,Rob Jenkins,AMBIENT TECHNO || continuous mix 008,False,INDIFFERENT,1:36:16,5776,TZkMN2Acm-A,2024-05-16T13:51:32Z,gh-1230
AMBIENT TECHNO || continuous mix 011,Rob Jenkins,AMBIENT TECHNO || continuous mix 011,False,INDIFFERENT,1:35:05,5705,ma4rNe1bUzI,2024-05-16T11:11:30Z,gh-1229
AMBIENT TECHNO || continuous mix 002,Rob Jenkins,AMBIENT TECHNO || continuous mix 002,True,LIKE,1:40:24,6024,6OEWwdC4WRQ,2024-05-15T18:38:34Z,gh-1223
The Ripening,"Shpongle, Simon Posford",Flux & Contemplation - Portrait of an Artist in Isolation,,INDIFFERENT,8:24,504,owqDUWJo1fA,2024-05-15T18:30:10Z,gh-1223
Concerto for Piano & Birds in Eb Minor,"Shpongle, Simon Posford",Flux & Contemplation - Portrait of an Artist in Isolation,,INDIFFERENT,2:35,155,EtCZAQH2roE,2024-05-15T18:27:35Z,gh-1223
The New Normal,"Shpongle, Simon Posford",Flux & Contemplation - Portrait of an Artist in Isolation,,LIKE,10:42,642,xwyK3XGQvqI,2024-05-15T18:16:53Z,gh-1223
The Hobbyist,"Shpongle, Simon Posford",Flux & Contemplation - Portrait of an Artist in Isolation,,INDIFFERENT,6:34,394,GY2jxHg2HYo,2024-05-15T18:10:19Z,gh-1223
Ripples of the Mind,"Shpongle, Simon Posford",Flux & Contemplation - Portrait of an Artist in Isolation,,INDIFFERENT,3:48,228,jWHptnuVBew,2024-05-15T18:06:31Z,gh-1223
Wish You Weren’t Here,"Shpongle, Simon Posford",Flux & Contemplation - Portrait of an Artist in Isolation,,LIKE,5:29,329,gWpYbDCSoro,2024-05-15T18:01:02Z,gh-1223
Germination,"Shpongle, Simon Posford",Flux & Contemplation - Portrait of an Artist in Isolation,,INDIFFERENT,2:14,134,8XabjqbkjCs,2024-05-15T17:58:48Z,gh-1223
Cyclical Ruminations,"Shpongle, Simon Posford",Flux & Contemplation - Portrait of an Artist in Isolation,,INDIFFERENT,0:34,34,ff5sTfSV4JI,2024-05-15T17:58:14Z,gh-1223
On a Rainy Day,"Shpongle, Simon Posford",Flux & Contemplation - Portrait of an Artist in Isolation,,INDIFFERENT,3:13,193,EoEsnrRnV2I,2024-05-15T17:55:01Z,gh-1223
Lockdown,"Shpongle, Simon Posford",Flux & Contemplation - Portrait of an Artist in Isolation,,LIKE,8:30,510,tkOk_LCUWxU,2024-05-15T18:23:18Z,gh-1222
Trawsfynydd nine,Rob Jenkins,Trawsfynydd,,INDIFFERENT,12:24,744,Np3Oa4x1Iaw,2024-05-15T18:10:54Z,gh-1222
Trawsfynydd seven,Rob Jenkins,Trawsfynydd,,INDIFFERENT,8:40,520,nzcEGZiDp_w,2024-05-15T18:02:14Z,gh-1222
Trawsfynydd two,Rob Jenkins,Trawsfynydd,,INDIFFERENT,9:12,552,6ZM-YaQeKRk,2024-05-15T17:53:02Z,gh-1222
Trawsfynydd one,Rob Jenkins,Trawsfynydd,,INDIFFERENT,8:40,520,VaL3vyY2Dmc,2024-05-15T17:44:22Z,gh-1222
Trawsfynydd four,Rob Jenkins,Trawsfynydd,,INDIFFERENT,10:16,616,YogrZ-g9nJk,2024-05-15T17:34:06Z,gh-1222
Trawsfynydd eight,Rob Jenkins,Trawsfynydd,,INDIFFERENT,8:08,488,2oKAupCl-60,2024-05-15T17:25:58Z,gh-1222
Trawsfynydd three,Rob Jenkins,Trawsfynydd,,INDIFFERENT,9:12,552,pC8xOPAjnuE,2024-05-15T17:16:46Z,gh-1222
Trawsfynydd five,Rob Jenkins,Trawsfynydd,,INDIFFERENT,9:12,552,XWjOLcOh_S8,2024-05-15T17:07:34Z,gh-1222
Trawsfynydd six,Rob Jenkins,Trawsfynydd,,LIKE,8:48,528,xtQf68JTj5Q,2024-05-15T16:58:46Z,gh-1222
Nefoedd one,Rob Jenkins,Nefoedd,,INDIFFERENT,8:08,488,5AYiBHVXMls,2024-05-15T16:50:38Z,gh-1222
Synfyfyrio Gofod two,Rob Jenkins,Synfyfyrio Gofod two,True,LIKE,8:40,520,t9I4JB2iuUE,2024-05-15T16:41:58Z,gh-1222
Ginseng Sullivan,The Tony Rice Unit,Manzanita,,LIKE,3:11,191,1e_Jc2mo1xI,2024-05-15T16:38:47Z,gh-1222
Mother Shipton,Ivan The Tolerable,Infinite Peace,False,INDIFFERENT,7:35,455,kRQGdwcz55o,2024-05-15T15:19:38Z,gh-1221
Hipnosis,Ivan The Tolerable,Infinite Peace,False,INDIFFERENT,8:53,533,ab073FzeflM,2024-05-15T15:10:45Z,gh-1221
Infinite Peace,Ivan The Tolerable,Infinite Peace,False,INDIFFERENT,4:38,278,FNMhNg8A2ZQ,2024-05-15T12:42:13Z,gh-1220
Lurcher,Ivan The Tolerable,Infinite Peace,False,INDIFFERENT,6:21,381,WU7r4bs2BM8,2024-05-15T12:35:52Z,gh-1220
In Limbo,Ivan The Tolerable,Infinite Peace,False,INDIFFERENT,6:15,375,ZyGuYRrHrAw,2024-05-15T12:29:37Z,gh-1220
Autodidact IV,Ivan The Tolerable,Infinite Peace,False,INDIFFERENT,7:40,460,n709wmPiCXo,2024-05-15T12:21:57Z,gh-1220
Ra II,Ivan The Tolerable,Infinite Peace,False,INDIFFERENT,5:30,330,34sSD70ucFM,2024-05-15T12:16:27Z,gh-1220
The Escalator,Ivan The Tolerable,Infinite Peace,False,INDIFFERENT,6:20,380,LAwz-6_r7Ao,2024-05-15T12:10:07Z,gh-1220
Titan In The Garden,Ivan The Tolerable,Infinite Peace,False,INDIFFERENT,6:20,380,Pgb2NQ9GUgs,2024-05-15T12:03:47Z,gh-1220
Ra I,Ivan The Tolerable,Infinite Peace,False,INDIFFERENT,4:45,285,d0fuw0mDWwE,2024-05-15T11:59:02Z,gh-1220
The Sleep Song,Ivan The Tolerable,Infinite Peace,False,INDIFFERENT,6:05,365,rKEPqW82jzs,2024-05-15T11:52:57Z,gh-1220
A Psychic Defence,Ivan The Tolerable,Infinite Peace,False,INDIFFERENT,7:36,456,TAmTU8znb5Y,2024-05-15T11:45:21Z,gh-1220
Hymnal,Ivan The Tolerable,Infinite Peace,False,INDIFFERENT,4:16,256,2NuMty1vrig,2024-05-15T11:41:05Z,gh-1220
6000 Ft.,"Bonobo, Totally Enormous Extinct Dinosaurs",Heartbreak / 6000 Ft.,False,INDIFFERENT,5:37,337,PMRuvhfx0A0,2024-05-15T11:35:28Z,gh-1220
AMBIENT TECHNO || continuous mix 009,Rob Jenkins,AMBIENT TECHNO || continuous mix 009,False,INDIFFERENT,1:37:20,5840,lqKavHjHwgs,2024-05-15T09:58:08Z,gh-1220
Ain't Nobody's Blues But My Own,Wayne Hancock,Thunderstorms and Neon Signs,,INDIFFERENT,4:07,247,Jh5MF6fOrWg,2024-05-15T03:26:25Z,gh-1217
Big City Good Time Gal,Wayne Hancock,Thunderstorms and Neon Signs,,INDIFFERENT,2:57,177,f9nAHh5to48,2024-05-15T03:23:28Z,gh-1217
She's My Baby,Wayne Hancock,Thunderstorms and Neon Signs,,INDIFFERENT,2:32,152,2Jtc7CJmkoc,2024-05-15T03:20:56Z,gh-1217
Thunderstorms and Neon Signs,Wayne Hancock,Thunderstorms and Neon Signs,,INDIFFERENT,3:43,223,4Sx2PtajajU,2024-05-15T03:17:13Z,gh-1217
Poor Boy Blues,Wayne Hancock,Thunderstorms and Neon Signs,,INDIFFERENT,2:21,141,sJodNwH0Yuc,2024-05-15T03:14:52Z,gh-1217
Juke Joint Jumping,Wayne Hancock,Thunderstorms and Neon Signs,,INDIFFERENT,3:19,199,P1AUU0727YM,2024-05-15T03:11:33Z,gh-1217
Flutes of Chi,Ween,White Pepper,,INDIFFERENT,3:31,211,G3lywwIxsfU,2024-05-15T01:33:25Z,gh-1216
"Los Angeles County Breakdown (feat. George Jackson, Ross Martin & Myles Sloniker)",Jacob Jolliff,"Instrumentals, Vol. 2: Mandolin Mysteries",,LIKE,4:59,299,gsguaXcJ5LA,2024-05-15T01:28:26Z,gh-1216
"Vera (feat. George Jackson, Ross Martin & Myles Sloniker)",Jacob Jolliff,"Instrumentals, Vol. 2: Mandolin Mysteries",,INDIFFERENT,6:11,371,tT-T92qae3E,2024-05-15T01:22:15Z,gh-1216
AMBIENT TECHNO || continuous mix 011,Rob Jenkins,AMBIENT TECHNO || continuous mix 011,False,INDIFFERENT,1:35:05,5705,ma4rNe1bUzI,2024-05-14T19:52:19Z,gh-1215
Ripple,Grateful Dead,American Beauty,False,INDIFFERENT,4:10,250,sFBQSx_xc2o,2024-05-14T06:30:10Z,gh-1210
Black River Killer,Blitzen Trapper,Furr (10th Anniversary Deluxe Edition),,INDIFFERENT,3:29,209,AiIB3uYHn6Y,2024-05-14T06:26:41Z,gh-1210
Stay Forever,Ween,White Pepper,,INDIFFERENT,3:33,213,POvewep_wPQ,2024-05-14T06:23:08Z,gh-1210
"Jesus, Etc.",Wilco,Yankee Hotel Foxtrot,True,LIKE,3:52,232,USMsgVbf8Us,2024-05-14T06:19:16Z,gh-1210
You Make My Garden Grow,Pokey LaFarge,Rhumba Country,,INDIFFERENT,4:51,291,RBgMvk2B-0c,2024-05-13T21:22:24Z,gh-1207
Made To Be Loved,Pokey LaFarge,Rhumba Country,,INDIFFERENT,3:30,210,uH25Y7b47Q4,2024-05-13T21:18:54Z,gh-1207
Home Home Home,Pokey LaFarge,Rhumba Country,,INDIFFERENT,2:42,162,7j6MYOVDo_4,2024-05-13T21:16:12Z,gh-1207
It’s Not Over,Pokey LaFarge,Rhumba Country,,INDIFFERENT,3:57,237,rJgAepzLb94,2024-05-13T21:12:15Z,gh-1207
So Long Chicago,Pokey LaFarge,Rhumba Country,,INDIFFERENT,3:38,218,Nxll6tukr4A,2024-05-13T21:08:37Z,gh-1207
Sister Andre,Pokey LaFarge,Rhumba Country,,INDIFFERENT,3:06,186,7lQdhhPtfWA,2024-05-13T21:05:31Z,gh-1207
Like A Sailor,Pokey LaFarge,Rhumba Country,,INDIFFERENT,3:46,226,RA2BnTnpLg4,2024-05-13T21:01:45Z,gh-1207
Run Run Run,Pokey LaFarge,Rhumba Country,,INDIFFERENT,3:35,215,x2S95yyhnGc,2024-05-13T20:58:10Z,gh-1207
For A Night,Pokey LaFarge,Rhumba Country,,INDIFFERENT,3:14,194,KsRsOWu1VNc,2024-05-13T20:54:56Z,gh-1207
"One You, One Me",Pokey LaFarge,Rhumba Country,,INDIFFERENT,3:14,194,bO0IdyWyXiY,2024-05-13T20:51:42Z,gh-1207
King of The World,The Disco Biscuits,"2021/10/30 Las Vegas, NV",,INDIFFERENT,5:57,357,WYv3sEnI9PA,2024-05-13T20:45:45Z,gh-1207
42,The Disco Biscuits,"2021/10/30 Las Vegas, NV",,INDIFFERENT,3:52,232,I6Fi-QaQF5E,2024-05-13T20:41:53Z,gh-1207
Let's Dance,The Disco Biscuits,"2021/10/30 Las Vegas, NV",,INDIFFERENT,9:38,578,tOy04KzNZVE,2024-05-13T20:32:15Z,gh-1207
Neck Romancer,The Disco Biscuits,"2021/10/30 Las Vegas, NV",,INDIFFERENT,8:22,502,2r29a3rJhHo,2024-05-13T20:23:53Z,gh-1207
Orch Theme,The Disco Biscuits,"2021/10/30 Las Vegas, NV",,INDIFFERENT,9:59,599,3HIRPUL-AiU,2024-05-13T18:20:48Z,gh-1206
42,The Disco Biscuits,"2021/10/30 Las Vegas, NV",,INDIFFERENT,20:23,1223,wgR7nzCWiSQ,2024-05-13T18:00:25Z,gh-1206
Banter,The Disco Biscuits,"2021/10/30 Las Vegas, NV",,INDIFFERENT,1:36,96,0VF4sjWYSAA,2024-05-13T17:58:49Z,gh-1206
Hot Air Balloon,The Disco Biscuits,"2021/10/30 Las Vegas, NV",,INDIFFERENT,9:41,581,HlNQ0O91YM0,2024-05-13T17:49:08Z,gh-1206
I-Man,The Disco Biscuits,"2021/10/30 Las Vegas, NV",,INDIFFERENT,15:14,914,tzDsrGrElbM,2024-05-13T17:33:54Z,gh-1206
Shem-Rah Boo,The Disco Biscuits,"2021/10/30 Las Vegas, NV",,INDIFFERENT,9:56,596,4r7R7Uu0OPM,2024-05-13T17:23:58Z,gh-1206
Hot Air Balloon,The Disco Biscuits,"2021/10/30 Las Vegas, NV",,INDIFFERENT,19:08,1148,rakDCZC4YDs,2024-05-13T17:04:50Z,gh-1206
M.E.M.P.H.I.S.,The Disco Biscuits,"2021/10/30 Las Vegas, NV",,INDIFFERENT,18:55,1135,jFWIZZ6mj6w,2024-05-13T16:45:55Z,gh-1206
Barrett's Privateers,Chuck Darwin and The Knuckledraggers,Three Car Pileup,,INDIFFERENT,3:27,207,d1k5_wMXbgw,2024-05-13T10:07:50Z,gh-1206
Evolve,The Disco Biscuits,"2021/10/30 Las Vegas, NV",,INDIFFERENT,15:07,907,HSIrO-P-C1g,2024-05-13T02:12:54Z,gh-1206
Evolve,The Disco Biscuits,"2021/10/30 Las Vegas, NV",,INDIFFERENT,15:07,907,HSIrO-P-C1g,2024-05-12T01:25:01Z,gh-1192
Evolve,Phish,"2024/04/21 Las Vegas, NV",,LIKE,6:34,394,E9QPCxN_MLY,2024-05-12T01:18:27Z,gh-1192
Everybody (feat. Lil Uzi Vert),Nicki Minaj,Pink Friday 2,False,INDIFFERENT,3:01,181,Z_9Lf_NN5NY,2024-05-12T01:15:26Z,gh-1192
I Should've Known Right From The Start,The Lemon Twigs,A Dream Is All We Know,False,INDIFFERENT,2:37,157,OkRwB-fVt8g,2024-05-12T01:12:49Z,gh-1192
Peppermint Roses,The Lemon Twigs,A Dream Is All We Know,False,INDIFFERENT,2:32,152,QQNI6-VjKmk,2024-05-12T01:10:17Z,gh-1192
Ember Days,The Lemon Twigs,A Dream Is All We Know,False,INDIFFERENT,2:55,175,CTUraVkDFqU,2024-05-12T01:07:22Z,gh-1192
How Can I Love Her More?,The Lemon Twigs,A Dream Is All We Know,False,INDIFFERENT,2:48,168,dzkka3O4vI0,2024-05-12T01:04:34Z,gh-1192
If You And I Are Not Wise,The Lemon Twigs,A Dream Is All We Know,False,INDIFFERENT,2:42,162,ohQ06H5Gsjw,2024-05-12T01:01:52Z,gh-1192
In The Eyes Of The Girl,The Lemon Twigs,A Dream Is All We Know,False,INDIFFERENT,3:05,185,UGlNLRMT4Dg,2024-05-12T00:58:47Z,gh-1192
Sweet Vibration,The Lemon Twigs,A Dream Is All We Know,False,INDIFFERENT,2:48,168,GvcWCf7C1ew,2024-05-12T00:55:59Z,gh-1192
A Dream Is All I Know,The Lemon Twigs,A Dream Is All We Know,False,INDIFFERENT,3:44,224,cUtFIKpj878,2024-05-12T00:52:15Z,gh-1192
Church Bells,The Lemon Twigs,A Dream Is All We Know,False,INDIFFERENT,2:07,127,xyOV64skQNw,2024-05-12T00:50:08Z,gh-1192
They Don't Know How To Fall In Place,The Lemon Twigs,A Dream Is All We Know,False,INDIFFERENT,3:34,214,O37FO3oMU4I,2024-05-12T00:46:34Z,gh-1192
My Golden Years,The Lemon Twigs,A Dream Is All We Know,False,INDIFFERENT,3:14,194,27a6ngkc4WM,2024-05-12T00:43:20Z,gh-1192
That's the Way the World Goes Round,John Prine,Bruised Orange,True,LIKE,3:21,201,ZogciFl-udY,2024-05-11T15:23:42Z,gh-1189
Deep River Blues,Doc Watson,Rambling Hobo,False,INDIFFERENT,3:11,191,lebF-xPszP0,2024-05-11T15:20:31Z,gh-1189
Little Sadie,"David Grisman, Jerry Garcia, Tony Rice",The Pizza Tapes,,INDIFFERENT,3:13,193,0GXyQktQWF0,2024-05-11T15:17:18Z,gh-1189
She's Your Baby,Ween,White Pepper,,INDIFFERENT,3:01,181,SfwN4x--bew,2024-05-11T15:14:17Z,gh-1189
Make Me a Pallet on Your Floor,Lucinda Williams,Ramblin',False,INDIFFERENT,3:54,234,muBzW3sQyRs,2024-05-11T15:10:23Z,gh-1189
Simple & Sober,Lindsay Lou,Southland,True,LIKE,3:05,185,DsbpoDg_4jA,2024-05-11T01:29:48Z,gh-1183
Bootlegger's Boy,Old Crow Medicine Show,Carry Me Back,False,INDIFFERENT,3:27,207,cEzNC7o4xyQ,2024-05-11T01:26:21Z,gh-1183
Honky Cat,Sherie Rene Scott,Sherie Rene...Men I've Had,True,LIKE,4:53,293,R6Pt9yMFZgs,2024-05-11T01:21:28Z,gh-1183
Ruslan Bolat - Park Avenue Petite (Benny Golson),"186K views, Ruslan Bolat Music",,,INDIFFERENT,5:17,317,cj0wWQ6gwDc,2024-05-11T01:16:11Z,gh-1183
Cast Your Fate to the Wind,Vince Guaraldi Trio,Jazz Impressions Of Black Orpheus [Original Jazz Classics Remasters] (OJC Remaster),False,INDIFFERENT,3:11,191,e9Krl9nnXT4,2024-05-11T01:13:00Z,gh-1183
Sweet and Lowdown,George Gershwin,Gershwin Plays Gershwin: The Piano Rolls,False,INDIFFERENT,3:33,213,VqCn_NjV7gI,2024-05-11T01:09:27Z,gh-1183
Honky Cat,Deborah Offenhauser,Dizzy Fingers,True,LIKE,4:09,249,Ck9M3bKoeM0,2024-05-11T01:05:18Z,gh-1183
Honky Cat,David Atkins & Ronald Kelsey,Outros Tempos Outra Musica (She),False,LIKE,4:12,252,v9VlB-NM5fg,2024-05-10T23:11:06Z,gh-1182
Simple & Sober,Lindsay Lou,Southland,True,LIKE,3:05,185,DsbpoDg_4jA,2024-05-10T22:05:16Z,gh-1181
Feeling High,"Sidney Crooks, George Agard, & Jackie Robinson",The Best of The Pioneers,False,INDIFFERENT,3:20,200,akIQNofzro8,2024-05-10T22:01:56Z,gh-1181
Jamaica Jerk Off,The Pioneers,The Best of The Pioneers,False,INDIFFERENT,3:49,229,9Kxsd5O-8FA,2024-05-10T21:58:07Z,gh-1181
Lonely for Your Love,The Uniques,The Best of The Pioneers,False,INDIFFERENT,3:10,190,vYTjaJigoM4,2024-05-10T21:54:57Z,gh-1181
Sweet Number One,The Pioneers,The Best of The Pioneers,False,INDIFFERENT,2:41,161,Wv8cQDOwUvQ,2024-05-10T21:52:16Z,gh-1181
(You Got to Be) Bad to Be Good,The Pioneers,The Best of The Pioneers,False,INDIFFERENT,2:48,168,IVGEOFWmrFU,2024-05-10T21:49:28Z,gh-1181
Personality,Jackie Robinson,The Best of The Pioneers,False,INDIFFERENT,2:19,139,-lZjo3PworQ,2024-05-10T21:47:09Z,gh-1181
Black Bud,The Pioneers,The Best of The Pioneers,False,INDIFFERENT,2:17,137,MX2RWZbKTGE,2024-05-10T21:44:52Z,gh-1181
Pardon,"George Dekker, The Pioneers",The Best of The Pioneers,False,INDIFFERENT,3:05,185,UDPGP9Pdju0,2024-05-10T21:41:47Z,gh-1181
(Blame It On The) Pony Express,The Pioneers,The Best of The Pioneers,False,INDIFFERENT,3:01,181,YJv8r4dGf3g,2024-05-10T21:38:46Z,gh-1181
The World Needs Love,The Pioneers,The Best of The Pioneers,False,INDIFFERENT,3:23,203,Seq3yBJboR8,2024-05-10T21:35:23Z,gh-1181
Nine Pound Steel,"Sidney Crooks, George Agard, & Jackie Robinson",The Best of The Pioneers,False,INDIFFERENT,3:09,189,-lqL5o6BxWA,2024-05-10T21:32:14Z,gh-1181
A Little Bit of Soap,The Pioneers,The Best of The Pioneers,False,INDIFFERENT,2:40,160,po-mgzc6J4c,2024-05-10T21:29:34Z,gh-1181
Battle of the Giants (UK Mix),The Pioneers,The Best of The Pioneers,False,INDIFFERENT,2:00,120,cEBCvKs1rrE,2024-05-10T21:27:34Z,gh-1181
Starvation,The Pioneers,The Best of The Pioneers,False,INDIFFERENT,2:43,163,9KHmQ8I7iPM,2024-05-10T21:24:51Z,gh-1181
"Give and Take (Give a Little, Take a Little)",The Pioneers,The Best of The Pioneers,False,INDIFFERENT,2:23,143,5JM4dEgP74A,2024-05-10T21:24:49Z,gh-1180
Riot in a Notting Hill,The Pioneers,The Best of The Pioneers,False,INDIFFERENT,2:17,137,02zUgBs7oyI,2024-05-10T21:22:32Z,gh-1180
At the Discotheque,The Pioneers,The Best of The Pioneers,False,INDIFFERENT,2:30,150,wu7eSUlnu5A,2024-05-10T21:20:02Z,gh-1180
At the Club,"Sidney, George & Jackie",The Best of The Pioneers,False,INDIFFERENT,3:26,206,b4B4hrmI6m4,2024-05-10T21:16:36Z,gh-1180
I'll Take You There,The Deltones,The Best of The Pioneers,False,INDIFFERENT,3:38,218,D9miOkzWtuk,2024-05-10T21:12:58Z,gh-1180
Poor Rameses,The Pioneers,The Best of The Pioneers,False,INDIFFERENT,2:35,155,Qn6kweYSwoU,2024-05-10T21:10:23Z,gh-1180
Keep Your Mouth Shut,"George Dekker, The Pioneers",The Best of The Pioneers,False,INDIFFERENT,2:05,125,gojDy3VYH9A,2024-05-10T21:08:18Z,gh-1180
Get Ready,The Pioneers,The Best of The Pioneers,False,INDIFFERENT,2:43,163,dd2YLxX8k_A,2024-05-10T21:05:35Z,gh-1180
I Believe in Love,The Pioneers,The Best of The Pioneers,False,INDIFFERENT,2:36,156,7YXJHyXWCc4,2024-05-10T21:02:59Z,gh-1180
Money Day,The Pioneers,The Best of The Pioneers,False,INDIFFERENT,2:24,144,jL0E-KTdqKw,2024-05-10T21:00:35Z,gh-1180
Papa Was a Rolling Stone,"Sidney Crooks, George Agard, & Jackie Robinson",The Best of The Pioneers,False,INDIFFERENT,4:51,291,BbOJOYJj4iQ,2024-05-10T20:55:44Z,gh-1180
Mother and Child Reunion,The Uniques,The Best of The Pioneers,True,LIKE,2:40,160,YNfh6c5v8co,2024-05-10T20:53:04Z,gh-1180
Story Book Children,"Sidney Crooks, George Agard, & Jackie Robinson",The Best of The Pioneers,False,INDIFFERENT,2:57,177,A9ydYYmw3NM,2024-05-10T20:50:07Z,gh-1180
You Don't Know Like I Know,The Pioneers,The Best of The Pioneers,False,INDIFFERENT,3:06,186,bFet7-cNVPI,2024-05-10T20:47:01Z,gh-1180
Simmer Down Quashie,The Pioneers,The Best of The Pioneers,False,INDIFFERENT,1:48,108,TIMkEi0YBrg,2024-05-10T20:45:13Z,gh-1180
Roll Muddy River,The Pioneers,The Best of The Pioneers,False,INDIFFERENT,2:34,154,SYFfD4ouRhM,2024-05-10T20:42:39Z,gh-1180
I Need Your Sweet Inspiration,The Pioneers,The Best of The Pioneers,False,INDIFFERENT,2:42,162,pOjssGloLGY,2024-05-10T20:39:57Z,gh-1180
Samfie Man,The Pioneers,The Best of The Pioneers,False,INDIFFERENT,3:00,180,e8t5f0g3OwY,2024-05-10T20:36:57Z,gh-1180
Time Hard,"George Dekker, The Pioneers",The Best of The Pioneers,False,INDIFFERENT,2:33,153,z3XJz1wsF_E,2024-05-10T20:34:24Z,gh-1180
Let Your Yeah Be Yeah,The Pioneers,The Best of The Pioneers,False,INDIFFERENT,3:08,188,XBAm_OTtV6Y,2024-05-10T20:31:16Z,gh-1180
Long Shot Kick de Bucket,The Pioneers,The Best of The Pioneers,False,INDIFFERENT,2:51,171,AVvlugZsHUo,2024-05-10T20:28:25Z,gh-1180
Silver Wings,Earl Scruggs,I Saw The Light With Some Help From My Friends,,INDIFFERENT,3:28,208,CCwrmfo0Zss,2024-05-10T20:24:57Z,gh-1180
Lonesome and a Long Way from Home,Earl Scruggs,I Saw The Light With Some Help From My Friends,,INDIFFERENT,2:35,155,HCCNv3VUwoA,2024-05-10T20:22:22Z,gh-1180
I Saw the Light,Earl Scruggs,I Saw The Light With Some Help From My Friends,,INDIFFERENT,3:44,224,Ts1N2snAHZY,2024-05-10T20:18:38Z,gh-1180
Away,Meydän,Ambient Works,False,INDIFFERENT,3:21,201,l2nwN7f6a8s,2024-05-10T09:24:04Z,gh-1176
Prelude to Obsession II,Celer,Xièxie,False,INDIFFERENT,13:25,805,dP9SEYdS8Zc,2024-05-10T09:10:39Z,gh-1176
Mistral,loscil,Plume,False,INDIFFERENT,6:01,361,2rzkn_74crs,2024-05-10T09:04:38Z,gh-1176
Rue Casimir Delavigne (For Daniel Lentz),Harold Budd,Avalon Sutra,False,INDIFFERENT,5:24,324,dRz9906di4o,2024-05-10T08:59:14Z,gh-1176
Them (Solo Piano Edit),Nils Frahm,Late Night Tales: Nils Frahm,False,INDIFFERENT,4:08,248,m8QsBE-DVfQ,2024-05-10T08:55:06Z,gh-1176
I Would Give My Breath Away,Hammock,Mysterium,False,INDIFFERENT,3:12,192,1hzLfEF9YHI,2024-05-10T08:51:54Z,gh-1176
Any,Hiroco.M,Any,False,INDIFFERENT,3:32,212,VECoRxoah7Q,2024-05-10T08:48:22Z,gh-1176
Even (Out) +,Stars of the Lid,And Their Refinement of the Decline,,INDIFFERENT,4:52,292,jVioWbrisr8,2024-05-10T08:43:30Z,gh-1176
Mystical Flute Meditation,Music Body and Spirit,Flute Meditation,False,INDIFFERENT,3:40,220,4dUoip-0CZA,2024-05-10T08:39:50Z,gh-1176
Pastoral,Northcape,Captured from Static,False,INDIFFERENT,3:09,189,zUZqHX142WY,2024-05-10T08:36:41Z,gh-1176
You'll Miss Us One Day,Ben Lukas Boysen,Gravity (Special Edition),False,INDIFFERENT,3:16,196,KXSEn0_jskk,2024-05-10T08:33:25Z,gh-1176
Drift (Remastered 2005),Brian Eno,Apollo,False,INDIFFERENT,3:10,190,JNmOK9F0gB4,2024-05-10T08:30:15Z,gh-1176
Talisman,Nils Frahm,Encores 2,False,INDIFFERENT,4:02,242,PtJ_BmVLCyQ,2024-05-10T08:26:13Z,gh-1176
Still Upon the Ocean Floor,Loscil,Stases,,INDIFFERENT,3:52,232,EuV_NjY-RFc,2024-05-10T08:22:21Z,gh-1176
Don't Go Where I Can't Find You,"Eraldo Bernocchi, Harold Budd, Robin Guthrie",Winter Garden,False,INDIFFERENT,4:54,294,W-WjPdh6A5U,2024-05-10T08:17:27Z,gh-1176
Embrace,Helios,Yume,False,INDIFFERENT,3:39,219,L0umuW5Nyfk,2024-05-10T08:13:48Z,gh-1176
Inside (2:56am Mix),36,Blue,False,INDIFFERENT,5:40,340,c_FDWJDFq7U,2024-05-10T08:08:08Z,gh-1176
Dying Alone,Hammock,Dying Alone,False,INDIFFERENT,3:55,235,LFE7JeF56SY,2024-05-10T06:28:16Z,gh-1175
Secret Spa,Relaxing Sleep Music,Mindful Prayer Melodies,False,INDIFFERENT,4:07,247,Ls801W2my0M,2024-05-10T06:24:09Z,gh-1175
Voigt-Kampf,Rafael Anton Irisarri,Daydreaming,False,INDIFFERENT,3:07,187,Nuk2HYBnB6c,2024-05-10T06:21:02Z,gh-1175
Spring Frost,"Brian Eno, Roger Eno",Mixing Colours,False,INDIFFERENT,4:08,248,U3qc_Hvf51Y,2024-05-10T06:16:54Z,gh-1175
Minuet for a Cheap Piano,A Winged Victory for the Sullen,A Winged Victory for the Sullen,,INDIFFERENT,3:10,190,Gky4CYJmQ54,2024-05-10T06:13:44Z,gh-1175
Plains,Tycho,Awake,False,INDIFFERENT,3:18,198,5jVl8n3MUUM,2024-05-10T06:10:26Z,gh-1175
Hydrogen,loscil,Triple Point,False,INDIFFERENT,3:38,218,PzR5p1J49mY,2024-05-10T06:06:48Z,gh-1175
Harmony and the Play of Light,"Eraldo Bernocchi, Harold Budd, Robin Guthrie",Winter Garden,False,INDIFFERENT,5:34,334,4DgMI2R5wIQ,2024-05-10T06:01:14Z,gh-1175
Iris,By Lotus,To Be Still,False,INDIFFERENT,3:33,213,x88wveJLn8E,2024-05-10T05:57:41Z,gh-1175
Ours Every Day,Helios,Moiety,False,INDIFFERENT,3:15,195,rsDv29zmpQY,2024-05-10T05:54:26Z,gh-1175
Regen (Lizenzfreie Musik),entspannungsmusik,Entspannungsmusik,False,INDIFFERENT,3:20,200,1IMdG1jSqqg,2024-05-10T05:51:06Z,gh-1175
A Meaningful Moment Through a Meaning(less) Process,Stars of the Lid,And Their Refinement of the Decline,,INDIFFERENT,4:33,273,T9lV5-wbPqw,2024-05-10T05:46:33Z,gh-1175
The Making of Grief Point,loscil,Endless Falls,,INDIFFERENT,8:55,535,y6u9Vzc-H5M,2024-05-10T05:37:38Z,gh-1175
Showers of Ink,loscil,Endless Falls,,INDIFFERENT,8:44,524,bP8TGiCbHrA,2024-05-10T05:28:54Z,gh-1175
Lake Orchard,loscil,Endless Falls,,INDIFFERENT,7:41,461,0NvNhTLlDRI,2024-05-10T05:21:13Z,gh-1175
Fern and Robin,loscil,Endless Falls,,INDIFFERENT,7:12,432,IRgedi_OV5c,2024-05-10T05:14:01Z,gh-1175
Dub for Cascadia,loscil,Endless Falls,,LIKE,6:07,367,cjjEiKJjxGU,2024-05-10T05:07:54Z,gh-1175
Shadow Maple,loscil,,,LIKE,8:01,481,BzwRx_C-Bhk,2024-05-10T04:59:53Z,gh-1175
Our Life's Work,Chuck Darwin and The Knuckledraggers,Three Car Pileup,,LIKE,2:35,155,p2iKO2q8_8g,2024-05-10T01:33:04Z,gh-1173
Teddy Bears' Picnic,"David Grisman, Jerry Garcia",Not For Kids Only,False,INDIFFERENT,4:27,267,-9AUiLJnoDg,2024-05-10T01:28:37Z,gh-1173
Do Right Woman,Chuck Darwin and The Knuckledraggers,Three Car Pileup,,INDIFFERENT,3:29,209,EO7Q5fB9NoU,2024-05-10T01:25:08Z,gh-1173
The Road Where The Wild Wind Flies,Chuck Darwin and The Knuckledraggers,Three Car Pileup,,INDIFFERENT,3:51,231,59DkOQrhrc8,2024-05-10T01:21:17Z,gh-1173
Dance,Chuck Darwin and The Knuckledraggers,Three Car Pileup,,INDIFFERENT,3:03,183,1jiHp90t_MI,2024-05-10T01:18:14Z,gh-1173
About To Starve,Chuck Darwin and The Knuckledraggers,Three Car Pileup,,INDIFFERENT,4:15,255,mayAQV-KECY,2024-05-10T01:13:59Z,gh-1173
Nice Time,Chuck Darwin and The Knuckledraggers,Three Car Pileup,,INDIFFERENT,2:16,136,KxpVMAd46no,2024-05-10T01:11:43Z,gh-1173
Rose,Chuck Darwin and The Knuckledraggers,Three Car Pileup,,INDIFFERENT,3:12,192,tugk7HPwQXc,2024-05-10T01:08:31Z,gh-1173
Summer 97,Lucy In Disguise,Distorted Memories,False,INDIFFERENT,3:39,219,le_kRG__cW0,2024-05-09T21:23:44Z,gh-1172
Like It Is (Mixed),COEO,Bargrooves Summer 2018 (Mixed),False,INDIFFERENT,4:41,281,g0l9iYYXwl0,2024-05-09T21:19:03Z,gh-1172
This must be illegal,Leo Pol,Uniile 2,False,INDIFFERENT,7:40,460,f6Md1x08Q4s,2024-05-09T21:11:23Z,gh-1172
Icy Dub,"Cyril Hahn, Pool Boy",Icy Dub,False,INDIFFERENT,3:29,209,l_Jdv-IgmdI,2024-05-09T21:07:54Z,gh-1172
Civilization,Justice,"Audio, Video, Disco.",False,INDIFFERENT,3:39,219,nrRtd37BrfA,2024-05-09T21:04:15Z,gh-1172
Don't Compare Yourself,"DJOKO, Kolter",Ventura,False,INDIFFERENT,7:49,469,D6ZZkmy4HZ4,2024-05-09T18:22:35Z,gh-1171
North Circular,Magnetic Family,North Circular,False,INDIFFERENT,4:54,294,oqFycDzws5E,2024-05-09T18:17:41Z,gh-1171
Feel It All Around,Washed Out,Life of Leisure,False,INDIFFERENT,3:13,193,3Pt0V6K7WpM,2024-05-09T18:14:28Z,gh-1171
78 To Stanley Bay,"Chaos In the CBD, Isaac Aesili",816 To Nunhead,False,INDIFFERENT,5:08,308,RePIB-e3tQw,2024-05-09T18:09:20Z,gh-1171
Dreams,Aleksandir,Yamaha,False,INDIFFERENT,4:37,277,6fl9fO5tlHI,2024-05-09T18:04:43Z,gh-1171
Sunny,"Jordan Dennis, Tentendo",Player One,False,INDIFFERENT,3:14,194,PERH69riQHc,2024-05-09T18:01:29Z,gh-1171
Haunt Me,Shroomyland,Haunt Me,False,INDIFFERENT,5:14,314,TW0adLAcUDQ,2024-05-09T17:56:15Z,gh-1171
blu,Nvrtheless,blu,False,INDIFFERENT,2:53,173,mGl6GlJqgpc,2024-05-09T17:53:22Z,gh-1171
out there,sunflwr,silence in stockholm,False,INDIFFERENT,3:57,237,tc3DaZUTVmg,2024-05-09T17:49:25Z,gh-1171
Réveiller (feat. manon),Shaolin Cowboy,Réveiller,False,INDIFFERENT,4:50,290,nj1pmYXLDWo,2024-05-09T17:44:35Z,gh-1171
Hideaway,"James Carter, XIRA",Hideaway,False,INDIFFERENT,3:01,181,SI-wREC1Mns,2024-05-09T17:41:34Z,gh-1171
nobody's the same,sunflwr,silence in stockholm,False,INDIFFERENT,3:19,199,cVCAM3B-Nfg,2024-05-09T17:38:15Z,gh-1171
Missing You,Target Demographic,Missing You,False,INDIFFERENT,3:52,232,C6HEUswaEPY,2024-05-09T17:34:23Z,gh-1171
Calling Out Your Name (I Can't Sleep) (Oden & Fatzo Remix),"Ben Rau, Oden & Fatzo",Calling Out Your Name (I Can't Sleep) (Oden & Fatzo Remix),False,INDIFFERENT,4:11,251,zCeyAWUSs4s,2024-05-09T17:30:12Z,gh-1171
Back To Jazz,sometimes jah,Just Feel,False,INDIFFERENT,4:01,241,dUYghJd1zp4,2024-05-09T17:26:11Z,gh-1171
Walking On A Dream,Empire Of The Sun,Walking On A Dream (10th Anniversary Edition),False,INDIFFERENT,3:19,199,rXsQmkz1T7A,2024-05-09T17:22:52Z,gh-1171
Don't Make Me Wait,geods sorèd,Findings,False,INDIFFERENT,4:27,267,_t8274dosT8,2024-05-09T17:18:25Z,gh-1171
Nothing,HNNY,Nothing,False,INDIFFERENT,5:12,312,kYxK3g2Nsnc,2024-05-09T17:13:13Z,gh-1171
"U, Me and Madonna",1-800 GIRLS,"U, Me and Madonna",False,INDIFFERENT,4:10,250,ao5auAcr-JU,2024-05-09T17:09:03Z,gh-1171
Haze,Magnetic Family,Haze,False,INDIFFERENT,6:03,363,Mik3OYIfQRE,2024-05-09T17:03:00Z,gh-1171
Pink Basement,Tony Algo,Shell Shock,False,INDIFFERENT,3:49,229,31VrsnRHH_U,2024-05-09T16:59:11Z,gh-1171
Amsterdam,yungpolar,"Lofi House Tape, Vol. 1",False,INDIFFERENT,4:22,262,Oah_-Zps4Eo,2024-05-09T16:54:49Z,gh-1171
Know You Better,"Dj Cinéma Quartier Latin, Liam Robertson",Know You Better,False,INDIFFERENT,4:38,278,z7hbEvNZbrg,2024-05-09T16:50:11Z,gh-1171
D.A.N.C.E,Justice,Cross,True,INDIFFERENT,4:03,243,P0Nryn0YZ-A,2024-05-09T16:46:08Z,gh-1171
Saturday Night’s Alright (For Fighting),Elton John,Goodbye Yellow Brick Road,,INDIFFERENT,4:56,296,AhnZEmnuzgM,2024-05-09T16:41:12Z,gh-1171
Walk Like an Egyptian,The Bangles,Different Light,False,INDIFFERENT,3:25,205,UJEAwZRTUXU,2024-05-09T16:37:47Z,gh-1171
Roadhouse Blues,The Doors,The Singles,False,INDIFFERENT,3:49,229,fKKJNcR8uC4,2024-05-09T16:33:58Z,gh-1171
A Good Look,Sturgill Simpson,SOUND & FURY,False,INDIFFERENT,4:02,242,nCKzSbBdhxk,2024-05-09T16:29:56Z,gh-1171
The Grobe,Ween,White Pepper,,INDIFFERENT,3:33,213,3Qxf4lnuG5A,2024-05-09T16:26:23Z,gh-1171
Don't Stop Me Now (With Long-Lost Guitars),Queen,Jazz (Deluxe Remastered Version),True,LIKE,3:35,215,r7z-tsD9aOE,2024-05-09T16:22:48Z,gh-1171
She is My Everything (feat. Sir Richard Bishop),"Bill Callahan, Bonnie ""Prince"" Billy",Blind Date Party,,INDIFFERENT,4:47,287,wGqo3-v1ANQ,2024-05-09T01:30:20Z,gh-1160
Mighty High (Live) (feat. Jerry Garcia Band),Jerry Garcia Band,"GarciaLive Volume Seven: November 8th, 1976 Sophie's Palo Alto",False,INDIFFERENT,9:02,542,jFMt3YAWeSg,2024-05-09T01:21:18Z,gh-1160
Stop That Train (Live) (feat. Jerry Garcia Band),Jerry Garcia Band,"GarciaLive Volume Seven: November 8th, 1976 Sophie's Palo Alto",False,INDIFFERENT,11:44,704,shXfNRwqkT8,2024-05-09T01:09:34Z,gh-1160
Strange Man (Live) (feat. Jerry Garcia Band),Jerry Garcia Band,"GarciaLive Volume Seven: November 8th, 1976 Sophie's Palo Alto",False,INDIFFERENT,6:11,371,xgYWMJRBUgI,2024-05-08T21:20:56Z,gh-1159
Don't Let Go (Live) (feat. Jerry Garcia Band),Jerry Garcia Band,"GarciaLive Volume Seven: November 8th, 1976 Sophie's Palo Alto",False,INDIFFERENT,22:23,1343,-H6xNLkQl34,2024-05-08T20:58:33Z,gh-1159
Friend of the Devil (Live) (feat. Jerry Garcia Band),Jerry Garcia Band,"GarciaLive Volume Seven: November 8th, 1976 Sophie's Palo Alto",False,INDIFFERENT,7:54,474,En7Y1hG9U9w,2024-05-08T20:50:39Z,gh-1159
Tore Up Over You (Live) (feat. Jerry Garcia Band),Jerry Garcia Band,"GarciaLive Volume Seven: November 8th, 1976 Sophie's Palo Alto",False,INDIFFERENT,10:44,644,dvEtFhKytt4,2024-05-08T20:39:55Z,gh-1159
Midnight Moonlight (Live) (feat. Jerry Garcia Band),Jerry Garcia Band,"GarciaLive Volume Seven: November 8th, 1976 Sophie's Palo Alto",False,INDIFFERENT,9:26,566,yNeW8ZXDqI0,2024-05-08T20:30:29Z,gh-1159
Stir It Up (Live) (feat. Jerry Garcia Band),Jerry Garcia Band,"GarciaLive Volume Seven: November 8th, 1976 Sophie's Palo Alto",False,INDIFFERENT,12:22,742,6jpo27amVpo,2024-05-08T20:18:07Z,gh-1159
Mission in the Rain (Live) (feat. Jerry Garcia Band),Jerry Garcia Band,"GarciaLive Volume Seven: November 8th, 1976 Sophie's Palo Alto",False,INDIFFERENT,8:22,502,ZlC9woETzPo,2024-05-08T20:09:45Z,gh-1159
Who Was John? (Live) (feat. Jerry Garcia Band),Jerry Garcia Band,"GarciaLive Volume Seven: November 8th, 1976 Sophie's Palo Alto",False,INDIFFERENT,14:29,869,MqdMOEXyRRk,2024-05-08T19:55:16Z,gh-1159
After Midnight (Live) (feat. Jerry Garcia Band),Jerry Garcia Band,"GarciaLive Volume Seven: November 8th, 1976 Sophie's Palo Alto",False,INDIFFERENT,13:51,831,HAq7DX-86io,2024-05-08T19:41:25Z,gh-1159
Knockin' on Heaven's Door (Live) (feat. Jerry Garcia Band),Jerry Garcia Band,"GarciaLive Volume Seven: November 8th, 1976 Sophie's Palo Alto",False,INDIFFERENT,14:15,855,g-40Nex4Mds,2024-05-08T19:27:10Z,gh-1159
The Way You Do The Things You Do (Live) (feat. Jerry Garcia Band),Jerry Garcia Band,"GarciaLive Volume Seven: November 8th, 1976 Sophie's Palo Alto",False,INDIFFERENT,9:01,541,mEiv02Vlhi0,2024-05-08T19:18:09Z,gh-1159
Shakedown Street,Grateful Dead,Shakedown Street,False,INDIFFERENT,5:01,301,I7hpKHPvRVQ,2024-05-08T19:13:08Z,gh-1159
The Only Thing I Fear,Joshua Burnside,And You Evade Him / Born in the Blood,False,INDIFFERENT,3:31,211,Z-MQw-zSMNA,2024-05-08T19:09:37Z,gh-1159
Cruel Country,Wilco,Cruel Country,False,INDIFFERENT,3:27,207,STLCrfx3N_0,2024-05-08T19:06:10Z,gh-1159
It Started Out So Nice,Rodriguez,Coming From Reality,False,INDIFFERENT,4:02,242,0MqOBTac3u8,2024-05-08T19:02:08Z,gh-1159
The Weight (Remastered 2000),The Band,Music From Big Pink,False,INDIFFERENT,4:35,275,QWu-f7HFFJE,2024-05-08T18:57:33Z,gh-1159
Breast of Glass,Jake Xerxes Fussell,Breast of Glass/Frolic,False,INDIFFERENT,4:02,242,yepSwSfWRBw,2024-05-08T18:53:31Z,gh-1159
Howl,The Bones of J.R. Jones,Howl,False,INDIFFERENT,3:04,184,uu9LREdPEAw,2024-05-08T18:50:27Z,gh-1159
In a Sky of Blue,Cujo Moon,In a Sky of Blue,False,INDIFFERENT,3:21,201,dp67k3QWSkg,2024-05-08T18:47:06Z,gh-1159
She is My Everything (feat. Sir Richard Bishop),"Bill Callahan, Bonnie ""Prince"" Billy",Blind Date Party,,INDIFFERENT,4:47,287,wGqo3-v1ANQ,2024-05-08T18:27:29Z,gh-1158
Lost in Love (feat. Emmett Kelly),"Bill Callahan, Bonnie ""Prince"" Billy",Blind Date Party,,INDIFFERENT,4:06,246,sG-qGyl9sWo,2024-05-08T18:23:23Z,gh-1158
The Wild Kindness (feat. Cassie Berman),"Bill Callahan, Bonnie ""Prince"" Billy",Blind Date Party,,INDIFFERENT,3:33,213,ppRr6jAmnPM,2024-05-08T18:19:50Z,gh-1158
The Night of Santiago (feat. David Grubbs),"Bill Callahan, Bonnie ""Prince"" Billy",Blind Date Party,,INDIFFERENT,4:17,257,Yg6u9QAxRcU,2024-05-08T18:15:33Z,gh-1158
"Arise, Therefore (feat. Six Organs of Admittance)","Bill Callahan, Bonnie ""Prince"" Billy",Blind Date Party,,INDIFFERENT,3:25,205,3mi9IgK-a7U,2024-05-08T18:12:08Z,gh-1158
Night Rider's Lament (feat. Cory Hanson),"Bill Callahan, Bonnie ""Prince"" Billy",Blind Date Party,,INDIFFERENT,5:00,300,Cjf5BVM4i0c,2024-05-08T18:07:08Z,gh-1158
I Want To Go To The Beach (feat. Cooper Crain),"Bill Callahan, Bonnie ""Prince"" Billy",Blind Date Party,,INDIFFERENT,5:35,335,Q1NaCDXuDcQ,2024-05-08T18:01:33Z,gh-1158
Miracles (feat. Ty Segall),"Bill Callahan, Bonnie ""Prince"" Billy",Blind Date Party,,INDIFFERENT,4:18,258,A2Egxn_tVJ0,2024-05-08T17:57:15Z,gh-1158
I've Been The One (feat. Meg Baird),"Bill Callahan, Bonnie ""Prince"" Billy",Blind Date Party,,INDIFFERENT,3:56,236,TbFsE7cJdtM,2024-05-08T17:53:19Z,gh-1158
Sea Song (feat. Mick Turner),"Bill Callahan, Bonnie ""Prince"" Billy",Blind Date Party,,LIKE,7:22,442,q_bZcGs6OkY,2024-05-08T17:45:57Z,gh-1158
I Love You (feat. David Pajo),"Bill Callahan, Bonnie ""Prince"" Billy",Blind Date Party,,INDIFFERENT,6:42,402,4f1o6YmPiF8,2024-05-08T17:39:15Z,gh-1158
Deacon Blues (feat. Bill MacKay),"Bill Callahan, Bonnie ""Prince"" Billy",Blind Date Party,,INDIFFERENT,7:18,438,9NT6T85WWic,2024-05-08T17:31:57Z,gh-1158
Rooftop Garden (feat. George Xylouris),"Bill Callahan, Bonnie ""Prince"" Billy",Blind Date Party,,INDIFFERENT,6:21,381,cXeIbZr2ZNw,2024-05-08T17:25:36Z,gh-1158
Our Anniversary (feat. Dead Rider),"Bill Callahan, Bonnie ""Prince"" Billy",Blind Date Party,,INDIFFERENT,5:20,320,y5rDgvmlWsI,2024-05-08T17:20:16Z,gh-1158
Wish You Were Gay (feat. Sean O’Hagan & Sean O'Hagan),"Bill Callahan, Bonnie ""Prince"" Billy",Blind Date Party,,LIKE,3:55,235,0Clys3-5DJs,2024-05-08T17:16:21Z,gh-1158
Red Tailed Hawk (feat. Matt Kinsey),"Bill Callahan, Bonnie ""Prince"" Billy",Blind Date Party,,INDIFFERENT,2:41,161,PzOJXz6Pe9Y,2024-05-08T17:13:40Z,gh-1158
I've Made Up My Mind (feat. Alasdair Roberts),"Bill Callahan, Bonnie ""Prince"" Billy",Blind Date Party,,LIKE,4:28,268,ohckM-f_yLA,2024-05-08T17:09:12Z,gh-1158
OD'd in Denver (feat. Matt Sweeney),"Bill Callahan, Bonnie ""Prince"" Billy",Blind Date Party,,INDIFFERENT,3:31,211,P5rnp_VQivU,2024-05-08T17:05:41Z,gh-1158
Blackness of the Night (feat. AZITA),"Bill Callahan, Bonnie ""Prince"" Billy",Blind Date Party,,INDIFFERENT,3:46,226,Tmtq1V3M7WQ,2024-05-08T17:01:55Z,gh-1158
Mercy of the Sea,Hot Day at the Zoo,Zoograss,,INDIFFERENT,9:20,560,EbvkV-Wgs9A,2024-05-08T03:17:03Z,gh-1146
Boston Blues,Hot Day at the Zoo,Zoograss,,INDIFFERENT,5:58,358,eDdBJM2nYdA,2024-05-08T03:11:05Z,gh-1146
Kyushu,Mrs. Evergreen,Kyushu,False,INDIFFERENT,2:59,179,sU-_MLxHpmY,2024-05-08T01:10:15Z,gh-1145
Angel Eyes,Strehlow,Chillhop Essentials Fall 2019,False,INDIFFERENT,2:55,175,XJjW2yebIAM,2024-05-08T01:07:20Z,gh-1145
About The Distance,Flitz&Suppe,Chillhop Daydreams,False,INDIFFERENT,3:12,192,MOllVRQby44,2024-05-08T01:04:08Z,gh-1145
Space Traveller,lofi geek,Out of Space (Lofi Beats),False,INDIFFERENT,3:13,193,7bJsygXvwa0,2024-05-07T22:19:33Z,gh-1144
Maybe She,"Ouska, Slipfunc, & Anetta Morozova",Chillhop Essentials Summer 2023,False,INDIFFERENT,3:25,205,BmZTlXTJaJ8,2024-05-07T22:16:08Z,gh-1144
Lavender.,"chromo, the dreamer",Slow Mornings,False,INDIFFERENT,3:43,223,7jl_W1oQTPo,2024-05-07T22:12:25Z,gh-1144
Peninsula,"Guillaume Muschalle, Psalm Trees",Endless Sunday Vol. 2,False,INDIFFERENT,3:08,188,VnB-dPeaS-I,2024-05-07T22:09:17Z,gh-1144
The Oldest Man In The Room,"Louk, Yasper",Build,False,INDIFFERENT,3:36,216,NAz41evweQs,2024-05-07T22:05:41Z,gh-1144
Whale Call,Saib,Mangroves,False,INDIFFERENT,3:49,229,zIo1kXQuVz0,2024-05-07T22:01:52Z,gh-1144
Soul Food,Ruck P,Chillhop Essentials Spring 2020,False,INDIFFERENT,3:35,215,XznpSTBVliM,2024-05-07T21:58:17Z,gh-1144
Opiate,Evil Needle,Chillhop Essentials Spring 2022,False,INDIFFERENT,2:51,171,YeSgtLJQGJs,2024-05-07T21:55:26Z,gh-1144
soupeddd! (feat. weird inside),"Philanthrope, mommy",Inaudible,False,INDIFFERENT,3:09,189,6cTLO90xnMo,2024-05-07T21:52:17Z,gh-1144
i wish it would never stop snowing,Sleepy Fish,Chillhop Essentials Spring 2019,False,INDIFFERENT,3:17,197,lY4DPrhqAbw,2024-05-07T21:49:00Z,gh-1144
i'm closing my eyes,potsu,i'm closing my eyes,False,INDIFFERENT,1:59,119,xSB8trUFX1A,2024-05-07T21:47:01Z,gh-1144
Jesus Wants Me For A Sunbeam,The Vaselines,Enter The Vaselines (Deluxe Edition),False,INDIFFERENT,3:31,211,t-AvJTeQ4hQ,2024-05-07T21:43:30Z,gh-1144
Pale Blue Eyes,The Velvet Underground,The Velvet Underground (45th Anniversary / Deluxe Edition),False,INDIFFERENT,5:40,340,MA3aKUwu-Dk,2024-05-07T21:37:50Z,gh-1144
Just Make It Stop,Low,The Invisible Way,False,INDIFFERENT,4:09,249,LV1rIl4rp6c,2024-05-07T21:33:41Z,gh-1144
Rid Of Me,PJ Harvey,Rid Of Me,False,INDIFFERENT,4:29,269,8PlaNe3mXl8,2024-05-07T21:29:12Z,gh-1144
Ana Maribel,Hot Day at the Zoo,Zoograss,,INDIFFERENT,7:42,462,tPFULE7k874,2024-05-07T21:19:22Z,gh-1142
Trouble in Paradise,Hot Day at the Zoo,Zoograss,,INDIFFERENT,5:33,333,WrMsauszdCY,2024-05-07T21:13:49Z,gh-1142
Blues for Jimmy,Hot Day at the Zoo,Zoograss,,INDIFFERENT,5:19,319,Q7RU2UHQV4Y,2024-05-07T21:08:30Z,gh-1142
Old Man Atom,Jane Archer and the Reactionaries,The Great Atomic Power,,INDIFFERENT,2:59,179,2FIE_v194aA,2024-05-07T21:05:31Z,gh-1142
Uranium Fever,Jane Archer and the Reactionaries,The Great Atomic Power,,INDIFFERENT,1:48,108,hf_2ynnl3G0,2024-05-07T21:03:43Z,gh-1142
Mr. Stalin You're Eating Too High on the Hog,Jane Archer and the Reactionaries,The Great Atomic Power,,INDIFFERENT,2:04,124,gcism8oD-rM,2024-05-07T21:01:39Z,gh-1142
Flying Saucers,Jane Archer and the Reactionaries,The Great Atomic Power,,LIKE,1:45,105,d3p5ryDjv-M,2024-05-07T20:59:54Z,gh-1142
I'm No Communist,Jane Archer and the Reactionaries,The Great Atomic Power,,LIKE,2:28,148,Ko_Rdwn7lnA,2024-05-07T20:57:26Z,gh-1142
Ain't I Right,Jane Archer and the Reactionaries,The Great Atomic Power,,INDIFFERENT,3:01,181,itDjXecp50U,2024-05-07T20:54:25Z,gh-1142
Advice to Joe,Jane Archer and the Reactionaries,The Great Atomic Power,,INDIFFERENT,2:18,138,FEfzWhoPXSM,2024-05-07T20:52:07Z,gh-1142
Great Atomic Power,Jane Archer and the Reactionaries,The Great Atomic Power,,LIKE,2:18,138,Oxmly-JUBwg,2024-05-07T20:49:49Z,gh-1142
e: Rocky Top,Phish,"2000-09-17 Columbia, MD - Merriweather Post Pavilion (FOB B&K 4022)",,INDIFFERENT,3:30,210,xALoH4hRpxs,2024-05-07T20:46:19Z,gh-1142
e: Contact,Phish,"2000-09-17 Columbia, MD - Merriweather Post Pavilion (FOB B&K 4022)",,INDIFFERENT,6:50,410,DlC_B95ySpY,2024-05-07T20:39:29Z,gh-1142
Free,Phish,"2000-09-17 Columbia, MD - Merriweather Post Pavilion (FOB B&K 4022)",,INDIFFERENT,13:54,834,wAGhvDEAc60,2024-05-07T20:25:35Z,gh-1142
The Mango Song >,Phish,"2000-09-17 Columbia, MD - Merriweather Post Pavilion (FOB B&K 4022)",,INDIFFERENT,18:21,1101,2xW3XIa0gKc,2024-05-07T18:13:47Z,gh-1141
Dog Gone Dog,Phish,"2000-09-17 Columbia, MD - Merriweather Post Pavilion (FOB B&K 4022)",,INDIFFERENT,5:43,343,fxM7qFoba38,2024-05-07T18:08:04Z,gh-1141
Theme From The Bottom >,Phish,"2000-09-17 Columbia, MD - Merriweather Post Pavilion (FOB B&K 4022)",,INDIFFERENT,10:16,616,epwwFHTmS8A,2024-05-07T17:57:48Z,gh-1141
Rock And Roll >,Phish,"2000-09-17 Columbia, MD - Merriweather Post Pavilion (FOB B&K 4022)",,INDIFFERENT,16:50,1010,mJO-k5Y_Zv0,2024-05-07T17:40:58Z,gh-1141
Chalk Dust Torture,Phish,"2000-09-17 Columbia, MD - Merriweather Post Pavilion (FOB B&K 4022)",,INDIFFERENT,8:49,529,CPfSpFsDp18,2024-05-07T17:32:09Z,gh-1141
The Curtain With,Phish,"2000-09-17 Columbia, MD - Merriweather Post Pavilion (FOB B&K 4022)",,INDIFFERENT,15:25,925,Mbczy36rRuo,2024-05-07T17:16:44Z,gh-1141
Fluffhead,Phish,"2000-09-17 Columbia, MD - Merriweather Post Pavilion (FOB B&K 4022)",,INDIFFERENT,15:59,959,UepwFg6L_9g,2024-05-07T17:00:45Z,gh-1141
Lawn Boy,Phish,"2000-09-17 Columbia, MD - Merriweather Post Pavilion (FOB B&K 4022)",,INDIFFERENT,3:49,229,RSWlUs_dZTc,2024-05-07T16:56:56Z,gh-1141
The Moma Dance,Phish,"2000-09-17 Columbia, MD - Merriweather Post Pavilion (FOB B&K 4022)",,INDIFFERENT,9:59,599,v7W0JchqWZU,2024-05-07T16:46:57Z,gh-1141
Limb By Limb,Phish,"2000-09-17 Columbia, MD - Merriweather Post Pavilion (FOB B&K 4022)",,INDIFFERENT,9:09,549,m0s4t4Kn5ow,2024-05-07T16:37:48Z,gh-1141
Bathtub Gin,Phish,"2000-09-17 Columbia, MD - Merriweather Post Pavilion (FOB B&K 4022)",,INDIFFERENT,18:43,1123,_p6lqDO9I2Q,2024-05-07T16:19:05Z,gh-1141
Back On The Train,Phish,"2000-09-17 Columbia, MD - Merriweather Post Pavilion (FOB B&K 4022)",,INDIFFERENT,7:07,427,u5C8Qm5ZZ5A,2024-05-07T16:11:58Z,gh-1141
Guyute,Phish,"2000-09-17 Columbia, MD - Merriweather Post Pavilion (FOB B&K 4022)",,INDIFFERENT,13:50,830,zvhhcMTrsBY,2024-05-07T15:58:08Z,gh-1141
Idle Idle,Alex Regeimbal,Idle Idle,True,LIKE,3:20,200,ma7gAQMNTaQ,2024-05-07T15:54:48Z,gh-1141
Fever Mirage,Heffernan & Pärk,Sun Reflector,,INDIFFERENT,7:23,443,G_SG7xiuw98,2024-05-07T15:47:25Z,gh-1141
The Sun,Heffernan & Pärk,Sun Reflector,,INDIFFERENT,13:43,823,1mh_F4sYwb0,2024-05-07T15:33:42Z,gh-1141
The Reflector,Heffernan & Pärk,Sun Reflector,,INDIFFERENT,3:22,202,gDoGRpSIQNs,2024-05-07T15:30:20Z,gh-1141
Organism,Heffernan & Pärk,Sun Reflector,,INDIFFERENT,9:33,573,o-cxoDrNyL0,2024-05-07T15:18:54Z,gh-1140
Harmonic Coast,Heffernan & Pärk,Sun Reflector,,INDIFFERENT,8:01,481,VWLt7YmYKO8,2024-05-07T15:10:53Z,gh-1140
Tulum x Comunite Live Set,Nicola Cruz,Boiler Room,,LIKE,50:34,3034,AaAETrunxdc,2024-05-07T05:42:59Z,gh-1137
The Boxer,Simon & Garfunkel,Bridge Over Troubled Water,False,INDIFFERENT,5:09,309,C1VUWDcp5Sg,2024-05-07T05:37:50Z,gh-1137
Intro,Yonder Mountain String Band,"2012.10.27 Silver Spring, MD",,INDIFFERENT,1:23,83,8rtFO0ehIwc,2024-05-07T05:36:27Z,gh-1137
Harmonic Coast,Heffernan & Pärk,Sun Reflector,,INDIFFERENT,8:01,481,VWLt7YmYKO8,2024-05-07T05:28:26Z,gh-1137
M1,The Disco Biscuits,"2023/02/01 - Burlington, VT",,INDIFFERENT,12:54,774,piaTKffk49k,2024-05-07T05:15:32Z,gh-1137
Chubb Sub,"Medeski, Martin & Wood",Last Chance to Dance Trance (Perhaps): Best Of (1991-1996),,INDIFFERENT,5:23,323,XVE6t6MIa7U,2024-05-07T05:10:09Z,gh-1137
Last Chance to Dance Trance (Perhaps),"Medeski, Martin & Wood",Last Chance to Dance Trance (Perhaps): Best Of (1991-1996),,LIKE,7:41,461,kfYBk1EPbDI,2024-05-07T05:02:28Z,gh-1137
Hermeto's Daydream,"Medeski, Martin & Wood",Last Chance to Dance Trance (Perhaps): Best Of (1991-1996),,INDIFFERENT,7:13,433,ZV4BeTVtsLg,2024-05-07T04:55:15Z,gh-1137
"Acme Rocket Quartet - Acme Rocket Quartet (1996, USA) Full Album","525 views, kokoras liratos",,,LIKE,51:02,3062,ANixla88rBA,2024-05-07T00:43:07Z,gh-1135
Caught In The Middle Of A 3-Way Mix - Beastie Boys Paul's Boutique Tribute - 2013,"15K views, SteveWonda",,,LIKE,1:04:33,3873,6kvEmhGz6gA,2024-05-06T23:38:34Z,gh-1135
Spirit In The Sky (Deluxe Edition),Norman Greenbaum,Spirit In The Sky (Deluxe Edition),False,INDIFFERENT,4:03,243,xi_3GtQN2IA,2024-05-06T21:23:31Z,gh-1134
"Promised Land (Live in Veneta, Oregon 8/27/72)",Grateful Dead,"Veneta, OR 8/27/72: The Complete Sunshine Daydream Concert (Live)",False,INDIFFERENT,3:24,204,Ilizz9_ybHU,2024-05-06T21:20:07Z,gh-1134
Radar Love (Original UK Single Version),Golden Earring,Radar Love (Original UK Single Version),False,INDIFFERENT,3:44,224,I8X3BAwfwag,2024-05-06T21:16:23Z,gh-1134
Don't Bring Me Down,Electric Light Orchestra,Discovery,False,INDIFFERENT,4:04,244,kW0HZy8J0v0,2024-05-06T21:12:19Z,gh-1134
Mrs. Robinson,The Lemonheads,It's a Shame About Ray (Expanded Edition),True,LIKE,3:45,225,RN5qRJE8qtM,2024-05-06T21:08:34Z,gh-1134
Gimme Some Lovin' (Single Mix),The Spencer Davis Group,More Songs From The Original Soundtrack Of The Big Chill 15th Anniversary,False,INDIFFERENT,2:59,179,eaU6EYHSBTw,2024-05-06T21:05:35Z,gh-1134
Roadhouse Blues,The Doors,Morrison Hotel,False,INDIFFERENT,4:04,244,yV9DJwJKWMw,2024-05-06T21:01:31Z,gh-1134
Comfort Eagle,CAKE,Comfort Eagle,False,INDIFFERENT,3:41,221,Q2elSNrRxus,2024-05-06T20:57:50Z,gh-1134
Night Speaks to a Woman,Trey Anastasio,Trey Anastasio (U.S. Version),False,INDIFFERENT,4:02,242,qawxdJ4_er4,2024-05-06T20:53:48Z,gh-1134
Statesboro Blues (Session Outtake Remix),The Allman Brothers Band,Idlewild South (Deluxe Edition Remastered),False,INDIFFERENT,4:11,251,w_KU2ZLhlYA,2024-05-06T20:49:37Z,gh-1134
Long Cool Woman (In a Black Dress) [1999 Remaster],The Hollies,Finest,False,INDIFFERENT,3:20,200,mCLYYNllZJg,2024-05-06T20:46:17Z,gh-1134
Everybody's Gotta Live,Love,Reel to Real (Deluxe Version),False,INDIFFERENT,3:25,205,zaX92umEBdQ,2024-05-06T20:42:52Z,gh-1134
She Don't Use Jelly,The Flaming Lips,Transmissions From The Satellite Heart,False,INDIFFERENT,3:43,223,J7nzRrsG6AM,2024-05-06T03:24:41Z,gh-1128
Birdhouse in Your Soul,They Might Be Giants,Flood,False,INDIFFERENT,3:19,199,9zOKBvHNWus,2024-05-06T03:21:22Z,gh-1128
"Take Me Home, Country Roads",John Denver,"Poems, Prayers and Promises",False,INDIFFERENT,3:11,191,c0dvabcWVo0,2024-05-06T03:18:11Z,gh-1128
Joppa Road,Ween,Chocolate and Cheese,,INDIFFERENT,3:03,183,P7U-J1DBBGs,2024-05-06T03:15:08Z,gh-1128
Rocky Raccoon (Remastered 2009),The Beatles,The Beatles,False,INDIFFERENT,3:34,214,sDcDCZGcZj8,2024-05-06T03:11:34Z,gh-1128
Heavy Metal Drummer (2022 Remaster),Wilco,Yankee Hotel Foxtrot (Deluxe Edition),,INDIFFERENT,3:10,190,6SIgY-_78NU,2024-05-06T03:08:24Z,gh-1128
Say It Ain't So,Weezer,Weezer (Blue Album),False,INDIFFERENT,4:19,259,LQcMOI8dMas,2024-05-06T03:04:05Z,gh-1128
Transitions,Ween,Shinola (Vol. 1),False,INDIFFERENT,3:46,226,Nvwbrgz6K7U,2024-05-06T03:00:19Z,gh-1128
Float On,Modest Mouse,Good News For People Who Love Bad News,False,INDIFFERENT,3:29,209,88XhEqgmRhM,2024-05-06T02:56:50Z,gh-1128
Billy Joe Shaver - Warrior Man *FULL VERSION*,"578K views, Jacob Melton",,,INDIFFERENT,2:57,177,SO9t2ypuEVI,2024-05-06T02:53:53Z,gh-1128
Highball With The Devil,Les Claypool And The Holy Mackerel,Highball With The Devil,False,INDIFFERENT,4:00,240,5Qsg-bXsYA8,2024-05-06T02:49:53Z,gh-1128
If You Could Save Yourself (You'd Save Us All),Ween,Quebec,False,INDIFFERENT,4:48,288,XRc8GI3MX_Q,2024-05-06T02:45:05Z,gh-1128
Go It Alone,Beck,Guero,False,INDIFFERENT,4:09,249,nTsBcUJkUsU,2024-05-06T02:40:56Z,gh-1128
Furr,Blitzen Trapper,Furr (10th Anniversary Deluxe Edition),,LIKE,4:08,248,WYEi5se7fes,2024-05-06T02:36:48Z,gh-1128
Steamboat Whistle Blues,John Hartford,Aereo-Plain,,INDIFFERENT,3:26,206,1qNS_QB76WU,2024-05-06T02:33:22Z,gh-1128
Don't Shit Where You Eat,Ween,Chocolate and Cheese,,INDIFFERENT,3:20,200,Bra68ezals8,2024-05-06T02:30:02Z,gh-1128
"Ruby, Don't Take Your Love to Town",CAKE,Wheels EP (Live),False,INDIFFERENT,2:58,178,LLPu_pqegns,2024-05-06T02:27:04Z,gh-1128
Whiskey In The Jar,"David Grisman, Jerry Garcia",Shady Grove,False,INDIFFERENT,4:16,256,Y2nkQQkjCU8,2024-05-06T02:22:48Z,gh-1128
"Me & My Uncle (Live at The Fillmore East, New York, NY, April 29, 1971) [2021 Remaster]",Grateful Dead,Grateful Dead (Skull & Roses) [2021 Remaster] (Live),False,INDIFFERENT,3:04,184,trJcxc55YvM,2024-05-06T02:19:44Z,gh-1128
Freedom of '76,Ween,Chocolate and Cheese,,INDIFFERENT,2:51,171,-BifEoVgxT8,2024-05-06T02:16:53Z,gh-1128
Drifter in the Dark,Ween,Chocolate and Cheese,,INDIFFERENT,2:32,152,KXn2mH5waVw,2024-05-06T02:14:21Z,gh-1128
Buenas Tardes Amigo (Drug Monkeys Version),Drug Monkeys,You Are A Doo-Doo Head,False,INDIFFERENT,20:03,1203,DSSVxSTepF0,2024-05-06T01:54:18Z,gh-1128
Buenas Tardes Amigo,Ween,Chocolate and Cheese,,INDIFFERENT,7:07,427,ebQ4EgRO2P4,2024-05-06T01:47:11Z,gh-1128
Everybody's Gotta Live,Love,Reel to Real (Deluxe Version),False,INDIFFERENT,3:25,205,zaX92umEBdQ,2024-05-04T01:27:47Z,gh-1111
Somebody That I Used To Know (feat. Kimbra),Gotye,Making Mirrors,False,INDIFFERENT,4:05,245,jg51kFe7CWU,2024-05-03T21:23:16Z,gh-1110
Here I Dreamt I Was An Architect,The Decemberists,Castaways And Cutouts,False,INDIFFERENT,4:30,270,zVYk5DYlEJs,2024-05-03T21:18:46Z,gh-1110
Idle Idle,Alex Regeimbal,Idle Idle,True,LIKE,3:20,200,ma7gAQMNTaQ,2024-05-03T21:15:26Z,gh-1110
Stupid Boy,Gear Daddies,Billy's Live Bait,,INDIFFERENT,3:35,215,za4P4aE4Dcc,2024-05-03T21:11:51Z,gh-1110
Long Cool Woman (In a Black Dress) [1999 Remaster],The Hollies,Finest,False,INDIFFERENT,3:20,200,mCLYYNllZJg,2024-05-03T21:08:31Z,gh-1110
Money Train,Sierra Ferrell,Trail Of Flowers,True,LIKE,2:41,161,UEDkBtt9590,2024-05-03T21:05:50Z,gh-1110
Stay,Fuat Tuaç,Stay,False,INDIFFERENT,3:58,238,nrxlcPqAlcc,2024-05-03T21:01:52Z,gh-1110
Boogie Woogie Feeling,Red Hot Max,Lonesome rocker,False,INDIFFERENT,3:15,195,NP3z-t27GG4,2024-05-03T20:58:37Z,gh-1110
Bound To Lose,Chuck Berry,San Francisco Dues,False,INDIFFERENT,3:08,188,OWp6vfzvfiU,2024-05-03T20:55:29Z,gh-1110
Seduction of Spring,T Sisters,Kindred Lines,,LIKE,3:12,192,DPO0Rn-5ZW8,2024-05-03T20:52:17Z,gh-1110
Black Water,The Doobie Brothers,What Were Once Vices Are Now Habits,False,INDIFFERENT,4:16,256,RsP3rFJJk1Y,2024-05-03T01:31:04Z,gh-1103
Money for Nothing,Dire Straits,Brothers in Arms,False,INDIFFERENT,8:27,507,T82VtnfKGd8,2024-05-03T01:22:37Z,gh-1103
The Logical Song,Supertramp,The Logical Song,True,LIKE,4:10,250,pP8iUyb9Gn8,2024-05-03T01:18:27Z,gh-1103
Drive,The Cars,Heartbeat City,False,INDIFFERENT,3:55,235,afnOOEvAtt4,2024-05-03T01:14:32Z,gh-1103
Harold and Maude (1971) Cat Stevens Soundtrack.,"28K views, Cappie Hours",,,LIKE,28:41,1721,cxg20KvQR80,2024-05-03T00:45:51Z,gh-1103
Morning Has Broken,Cat Stevens,Greatest Hits,False,INDIFFERENT,3:24,204,pnSitAMaurs,2024-05-03T00:42:27Z,gh-1103
High On A Rocky Ledge,Moondog,H'art Songs,,LIKE,4:29,269,8MhwjtkyI2w,2024-05-02T21:22:57Z,gh-1102
Ooh La La,The Well Pennies,Ooh La La,False,INDIFFERENT,3:08,188,R80nsh0Cr7c,2024-05-02T21:19:49Z,gh-1102
Gospel Plow,Chance McCoy and The Appalachian String Band,Debut,,LIKE,4:38,278,KLPuLU2bH3s,2024-05-02T21:15:11Z,gh-1102
Summertime,Doc & Merle Watson,Elementary Doctor Watson,False,INDIFFERENT,3:28,208,MJ1MDa3pxJw,2024-05-02T21:11:43Z,gh-1102
Nighttime Sky,Nick 13,Nick 13,False,INDIFFERENT,4:33,273,EboKtQcz1Ug,2024-05-02T18:26:52Z,gh-1101
hazelton,Justin Vernon,hazelton b/w liner,False,INDIFFERENT,3:01,181,J36GlRkUx4I,2024-05-02T18:23:51Z,gh-1101
Ooh La La,Redbird,Live At The Cafe Carpe,False,INDIFFERENT,3:34,214,L5ryzBPx0tQ,2024-05-02T18:20:17Z,gh-1101
Annabel,The Duhks,Your Daughters & Your Sons,False,INDIFFERENT,4:24,264,oQV-AqsaFAw,2024-05-02T18:15:53Z,gh-1101
It Hurts Me Too,"Cat Clyde, Jeremie Albino",Blue Blue Blue,,INDIFFERENT,2:28,148,-oLONezEceM,2024-05-02T18:13:25Z,gh-1101
Hello Stranger,"Cat Clyde, Jeremie Albino",Blue Blue Blue,,LIKE,2:29,149,pHgAEhGVYKE,2024-05-02T18:10:56Z,gh-1101
Been Worryin',"Cat Clyde, Jeremie Albino",Blue Blue Blue,,INDIFFERENT,3:03,183,CyOlqc9PDOM,2024-05-02T18:07:53Z,gh-1101
Cocaine Blues,Townes Van Zandt,Roadsongs,False,INDIFFERENT,4:04,244,wIzSBzZh144,2024-05-02T18:03:49Z,gh-1101
Simple & Sober,Mike + Ruthy,Bright as You Can,True,LIKE,4:02,242,5YH9ZRs2CTg,2024-05-02T17:59:47Z,gh-1101
Super Trouper,ABBA,Super Trouper,False,INDIFFERENT,4:13,253,cBjAZvpJDQs,2024-05-02T17:55:34Z,gh-1101
Something To Talk About,Bonnie Raitt,Luck Of The Draw,False,INDIFFERENT,3:48,228,RNochZbb0tg,2024-05-02T17:51:46Z,gh-1101
Take A Chance On Me,ABBA,The Album,False,INDIFFERENT,4:04,244,DkkQ8dCPiwA,2024-05-02T17:47:42Z,gh-1101
Dancing Queen,ABBA,Arrival,False,INDIFFERENT,3:51,231,YkLLcIKhJ64,2024-05-02T17:43:51Z,gh-1101
JB's Out! (Do It Babay) (feat. MacKenzie),Ghost-Note,Mustard n'Onions,,LIKE,6:44,404,9_TbRKOjbLk,2024-05-02T17:37:07Z,gh-1101
Don't Stop Me Now,Queen,Jazz (Deluxe Remastered Version),True,LIKE,3:30,210,DxQK_ARQmMY,2024-05-02T17:33:37Z,gh-1101
Full of Sin,Hot Day at the Zoo,Cool as Tuesday,,LIKE,3:53,233,iYs_3RXeDvQ,2024-05-02T03:22:51Z,gh-1096
Fussin' and Fightin',Yarn,Almost Home,,LIKE,3:49,229,7ODS8SXnOaE,2024-05-02T03:19:02Z,gh-1096
I Need Never Get Old,Nathaniel Rateliff & The Night Sweats,Nathaniel Rateliff & The Night Sweats,True,LIKE,4:14,254,-FWrwbHqu5w,2024-05-02T03:14:48Z,gh-1096
Sin City,The Flying Burrito Brothers,The Gilded Palace Of Sin,,LIKE,4:10,250,UcU04NGMQb8,2024-05-02T03:10:38Z,gh-1096
If You Ve Got The Money (I Ve Got The Time),George Jones,A Satisfied Mind,True,LIKE,2:09,129,LDnDPtY_3xA,2024-05-02T03:08:29Z,gh-1096
Let's Make a Better World,Dr. John,Desitively Bonnaroo,,LIKE,2:57,177,Q66BpmD3ugY,2024-05-02T03:05:32Z,gh-1096
Measure of Success,The Plate Scrapers,Dishes,,LIKE,3:31,211,YNQh3QqdLLI,2024-05-02T03:02:01Z,gh-1096
Jesus was Way cool,King Missile,Mystical Shit/Fluting on the Hump,True,LIKE,2:43,163,uAa7OB9Ej2c,2024-05-02T02:59:18Z,gh-1096
Frank Sinatra - That's life (ProleteR tribute),"2.9M views, ProleteR",,,LIKE,2:41,161,cv77YF1vkeQ,2024-05-02T02:56:37Z,gh-1096
I Feel Love,Donna Summer,Disco Classics,False,INDIFFERENT,5:52,352,z0AHdBg-4Rc,2024-05-02T02:50:45Z,gh-1096
Tam Lin Set,Elephant Revival,It's Alive,,LIKE,4:12,252,FQMdAC9iLAY,2024-05-02T02:46:33Z,gh-1096
Didn't Leave Nobody But The Baby,"Alison Krauss, Emmylou Harris, Gillian Welch","O Brother, Where Art Thou? (Original Motion Picture Soundtrack)",False,INDIFFERENT,1:58,118,q_wq-M7iCSE,2024-05-02T01:30:28Z,gh-1095
Emmylou,First Aid Kit,The Lion's Roar,,LIKE,4:18,258,9Zr3A23857Q,2024-05-02T01:26:10Z,gh-1095
Jumbo,Punch Brothers,All Ashore,,LIKE,3:36,216,ioDXUnJmdBE,2024-05-02T01:22:34Z,gh-1095
Y'all Come Back Saloon,The Oak Ridge Boys,Y'all Come Back Saloon,True,LIKE,2:56,176,sH_4dSOXj90,2024-05-02T01:19:38Z,gh-1095
A Bird With Broken Wings,DJ Cam,Broken Melancholy,True,LIKE,3:32,212,L9I3zviTyl8,2024-05-02T01:16:06Z,gh-1095
June Nights,Meadow Mountain,June Nights,,LIKE,2:53,173,BniZbcQpJ2g,2024-05-02T01:13:13Z,gh-1095
Bad Habits,Postmodern Jukebox,Bad Habits,False,INDIFFERENT,4:11,251,G2j0kBOn0FQ,2024-05-01T18:27:07Z,gh-1093
Hakuna Matata,"Ernie Sabella, Jason Weaver, Joseph Williams, Nathan Lane",The Lion King,False,INDIFFERENT,3:34,214,MBIWFTXQbi4,2024-05-01T18:23:33Z,gh-1093
Let's Go Fly A Kite,Original Australian Cast of Mary Poppins,Mary Poppins The Supercalifragilistic Musical,False,INDIFFERENT,2:49,169,1yCsaSzbUdk,2024-05-01T18:20:44Z,gh-1093
"Supercalifragilisticexpialidocious (From ""Mary Poppins"" Soundtrack)","Julie Andrews, Dick Van Dyke, & The Pearlie Chorus",Sherman Brothers,False,INDIFFERENT,2:03,123,XH-dPy9JJMY,2024-05-01T18:18:41Z,gh-1093
"So Long, Farewell (1965 Original Soundtrack Version)","Charmian Carr, Nicholas Hammond, Heather Menzies, Duane Chase, Angela Cartwright, Debbie Turner, Kym Karath, and Irwin Kostal",The Sound Of Music (Original Soundtrack Recording / 2023 Mix),False,INDIFFERENT,2:57,177,79Oamel_L3Q,2024-05-01T18:15:44Z,gh-1093
The Lonely Goatherd (1965 Original Soundtrack Version),"Julie Andrews, Charmian Carr, Nicholas Hammond, Heather Menzies, Duane Chase, Angela Cartwright, Debbie Turner, Kym Karath, and Irwin Kostal",The Sound Of Music (Original Soundtrack Recording / 2023 Mix),False,INDIFFERENT,3:13,193,SYGdv3b3hv4,2024-05-01T18:12:31Z,gh-1093
"Hey Me, Hey Mama",Sierra Ferrell,"Hey Me, Hey Mama",False,INDIFFERENT,3:31,211,G2Nr8F_eNzE,2024-05-01T18:09:00Z,gh-1093
Lonely Like Me,Nick Shoulders,Lonely Like Me,False,INDIFFERENT,3:10,190,YnZHdMxwlSQ,2024-05-01T18:05:50Z,gh-1093
Dancing Queen,ABBA,Arrival,False,INDIFFERENT,3:51,231,YkLLcIKhJ64,2024-05-01T18:01:59Z,gh-1093
Odessa,Charley Crockett,The Man from Waco,False,INDIFFERENT,3:04,184,g2Xcat1LNuw,2024-05-01T17:58:55Z,gh-1093
Mulan | I'll Make A Man Out Of You | Disney Sing-Along,"179M views, Disney",,,INDIFFERENT,3:23,203,TVcLIfSC4OE,2024-05-01T17:55:32Z,gh-1093
Wreck of the Edmund Fitzgerald,Punch Brothers,Hell on Church Street,,INDIFFERENT,4:46,286,DhTRNU1mnVA,2024-05-01T17:50:46Z,gh-1093
Hurtin' (On the Bottle),Margo Price,Midwest Farmer's Daughter,False,INDIFFERENT,4:13,253,NsE20z2vwtA,2024-05-01T17:46:33Z,gh-1093
Whispering Waltz,Sierra Ferrell,Long Time Coming,,INDIFFERENT,3:22,202,14UKa4QhU1U,2024-05-01T17:43:11Z,gh-1093
Welcome to Hard Times,Charley Crockett,Welcome to Hard Times,False,INDIFFERENT,3:06,186,rdIbTjWr_JQ,2024-05-01T17:40:05Z,gh-1093
Carry On,Pokey LaFarge,Rock Bottom Rhapsody,,INDIFFERENT,3:06,186,wDeffGAdVho,2024-05-01T17:36:59Z,gh-1093
Tomorrow Is A Long Time,Nickel Creek,Why Should The Fire Die?,False,INDIFFERENT,3:37,217,93E8vCg5RA0,2024-05-01T17:33:22Z,gh-1093
Dollar Bill Bar,Sierra Ferrell,Dollar Bill Bar,False,INDIFFERENT,3:30,210,0_7TjIxxM_4,2024-05-01T17:29:52Z,gh-1093
Like a Wave,Cat Clyde,Ivory Castanets,False,INDIFFERENT,3:11,191,as1EzpWyP7U,2024-05-01T17:26:41Z,gh-1093
Appreciate'cha,Nick Shoulders,All Bad,,INDIFFERENT,3:44,224,zdpcn1x-IU0,2024-05-01T17:22:57Z,gh-1093
The River Knows,"Golden Highway, Molly Tuttle",Crooked Tree,,INDIFFERENT,3:34,214,KyuadaxJ2Nc,2024-05-01T17:19:23Z,gh-1093
Ooh La La,Trampled by Turtles,Sigourney Fever,False,INDIFFERENT,3:06,186,y_Sr9KTzTAg,2024-05-01T17:16:17Z,gh-1093
American Dreaming,Sierra Ferrell,American Dreaming (Single Edit),False,INDIFFERENT,4:18,258,MARPEvw2Prw,2024-05-01T17:11:59Z,gh-1093
Native Son,The Devil Makes Three,Chains Are Broken,False,INDIFFERENT,3:11,191,VOYe4UqT2oM,2024-05-01T17:08:48Z,gh-1093
So Put Out,Nathaniel Rateliff & The Night Sweats,The Future,False,INDIFFERENT,3:02,182,9ZtIFqAjZQw,2024-05-01T15:27:16Z,gh-1092
Just Unwanted,Bella White,Just Like Leaving,False,INDIFFERENT,3:14,194,lu0mk5Dcs-U,2024-05-01T15:24:02Z,gh-1092
Look at Miss Ohio,Gillian Welch,Soul Journey,False,INDIFFERENT,4:15,255,CahrAmlb3Ww,2024-05-01T15:19:47Z,gh-1092
Lonesome Friends of Science,John Prine,The Tree of Forgiveness,False,INDIFFERENT,4:42,282,GmTGfF4zEt8,2024-05-01T15:15:05Z,gh-1092
Blister In The Sun,Violent Femmes,Add It Up (1981-1993),False,INDIFFERENT,2:25,145,kDzg06Bx1gs,2024-05-01T15:12:40Z,gh-1092
Numbers,Bella White,Among Other Things,False,INDIFFERENT,4:29,269,aUXiMz8iNlk,2024-05-01T15:08:11Z,gh-1092
Nothing’s Working,Billy Strings,Renewal,,INDIFFERENT,3:16,196,qr-oaaIOAHI,2024-05-01T15:04:55Z,gh-1092
Champagne and Reefer,The Devil Makes Three,Redemption & Ruin,False,INDIFFERENT,2:55,175,qixzChjrT-k,2024-05-01T15:02:00Z,gh-1092
The Sea,Sierra Ferrell,The Sea,True,LIKE,3:33,213,XJv58Q93_s0,2024-05-01T14:58:27Z,gh-1092
Just Like Leaving,Bella White,Just Like Leaving,False,INDIFFERENT,3:27,207,oviDGUsgHhY,2024-05-01T14:55:00Z,gh-1092
Russian Lullaby,"David Grisman, Jerry Garcia",Jerry Garcia & David Grisman,True,LIKE,4:13,253,y1IDGZoFUpQ,2024-05-01T14:50:47Z,gh-1092
Either Way,Wilco,Sky Blue Sky,False,INDIFFERENT,3:07,187,Ox2g83kGE-U,2024-05-01T14:47:40Z,gh-1092
West Virginia Waltz,Sierra Ferrell,Long Time Coming,,INDIFFERENT,3:34,214,1bE7LApwxUk,2024-05-01T14:44:06Z,gh-1092
Gutted,Bella White,Just Like Leaving,False,INDIFFERENT,4:07,247,v9fb1R1G-A0,2024-05-01T14:39:59Z,gh-1092
Nothing You Can Take From Me (Boot-Stompin' Version) (from The Hunger Games: The Ballad of Songbirds & Snakes),"Rachel Zegler, The Covey Band",The Hunger Games: The Ballad of Songbirds & Snakes (Music From & Inspired By),,INDIFFERENT,3:14,194,Ym8JURyCNXk,2024-05-01T14:36:45Z,gh-1092
Way of the Triune God (Hallelujah Version),Tyler Childers,Can I Take My Hounds to Heaven?,False,INDIFFERENT,3:29,209,YYC4scj5rXY,2024-05-01T14:33:16Z,gh-1092
Years,Sierra Ferrell,Years,False,INDIFFERENT,3:00,180,vg4sGkehWBw,2024-05-01T14:30:16Z,gh-1092
Rather Low,Nick Shoulders,"Okay, Crawdad",,INDIFFERENT,3:01,181,wj4yGwsgPFE,2024-05-01T14:27:15Z,gh-1092
Les Champs-Elysées (feat. John Schroeder),Pomplamoose,Les Champs-Elysées,False,INDIFFERENT,3:05,185,E1nX2dcdLKs,2024-05-01T14:24:10Z,gh-1092
Killers of the Flower Moon,Charley Crockett,Killers of the Flower Moon,False,INDIFFERENT,3:14,194,5xB7l8VhJ8A,2024-05-01T14:20:56Z,gh-1092
Rosemary,Sierra Ferrell,Trail Of Flowers,False,INDIFFERENT,3:37,217,DoYRPz8DA_U,2024-05-01T14:17:19Z,gh-1092
Get It 'Fore It’s Gone,Pokey LaFarge,In the Blossom of Their Shade,,INDIFFERENT,3:35,215,58ZzKCJsoBE,2024-05-01T14:13:44Z,gh-1092
Do You Think About Me At All,Bella White,Just Like Leaving,False,INDIFFERENT,3:17,197,Vk3OEp9DyYY,2024-05-01T14:10:27Z,gh-1092
Old Number Seven,The Devil Makes Three,The Devil Makes Three,False,INDIFFERENT,3:21,201,1tp4Vyltijw,2024-05-01T14:07:06Z,gh-1092
I Could Drive You Crazy,Sierra Ferrell,I Could Drive You Crazy,False,INDIFFERENT,3:37,217,33KrmfvEQLE,2024-05-01T14:03:29Z,gh-1092
Chittlin’ Cookin’ Time In Cheatham County,Sierra Ferrell,Trail Of Flowers,True,LIKE,3:02,182,7p2-TKipaME,2024-05-01T14:00:27Z,gh-1092
I'm Still Standing,Elton John,Too Low For Zero,False,INDIFFERENT,3:04,184,Ye9hGotPPVk,2024-05-01T13:57:23Z,gh-1092
Suspicious Minds,Elvis Presley,Bossa Nova Baby: The Ultimate Elvis Presley Party Album,False,INDIFFERENT,4:21,261,yKlpqpXmnAI,2024-05-01T13:53:02Z,gh-1092
Rhinestone Cowboy (Extended Version),Glen Campbell,Meet Glen Campbell,False,INDIFFERENT,3:28,208,ctsLFINNHjw,2024-05-01T13:49:34Z,gh-1092
