title,artists,album,inLibrary,likeStatus,duration,duration_seconds,videoId,played_at,run_id
Give It Time,Sierra Ferrell,Long Time Coming,,INDIFFERENT,3:38,218,6gbKrEtscFY,2024-02-29T23:47:24Z,gh-514
Black Rock,The Infamous Stringdusters,The Infamous Stringdusters,False,INDIFFERENT,3:32,212,kQUvdEQav4U,2024-02-29T23:43:52Z,gh-514
Whiskey In The Jar,"David Grisman, Jerry Garcia",Shady Grove,False,INDIFFERENT,4:16,256,Y2nkQQkjCU8,2024-02-29T23:39:36Z,gh-514
"Don't Think Twice, It's All Right",The Infamous Stringdusters,Undercover,True,LIKE,4:26,266,Wewb33DJSz0,2024-02-29T23:35:10Z,gh-514
One of These Days,Emmylou Harris,Elite Hotel (Expanded & Remastered),False,INDIFFERENT,3:04,184,nk69Ju0Qh0U,2024-02-29T06:27:21Z,gh-515
On a Rainy Day,"Shpongle, Simon Posford",Flux & Contemplation - Portrait of an Artist in Isolation,,INDIFFERENT,3:13,193,EoEsnrRnV2I,2024-02-29T06:24:08Z,gh-515
Blue Skies,Special Consensus,The Trail of Aching Hearts,True,LIKE,3:50,230,TzOVIYwu7tQ,2024-02-29T06:20:18Z,gh-515
Robot Rock / Oh Yeah,Daft Punk,Alive 2007,,INDIFFERENT,6:28,388,H1zdxloRUJw,2024-02-29T06:13:50Z,gh-515
New Shabbos Waltz,"Andy Statman, David Grisman",New Shabbos Waltz,,LIKE,4:14,254,ohOalAuD9g0,2024-02-29T06:09:36Z,gh-515
Industrial Good Day Mantra,M Ross Perkins,E Pluribus M Ross,,LIKE,4:16,256,pKUc0RVGoSc,2024-02-29T06:05:20Z,gh-515
Cosmic Charlie,Grateful Dead,Aoxomoxoa,False,INDIFFERENT,5:30,330,v7TjA53JSxs,2024-02-29T00:18:52Z,gh-511
What's Become of the Baby,Grateful Dead,Aoxomoxoa,False,INDIFFERENT,8:14,494,1_XJFVYC8VU,2024-02-29T00:10:38Z,gh-511
China Cat Sunflower,Grateful Dead,Aoxomoxoa,False,INDIFFERENT,3:43,223,DWgjKDlvjDM,2024-02-29T00:06:55Z,gh-511
Mountains of the Moon,Grateful Dead,Aoxomoxoa,False,INDIFFERENT,4:06,246,aDjLJ6PYgO0,2024-02-29T00:02:49Z,gh-511
Doin' That Rag,Grateful Dead,Aoxomoxoa,False,INDIFFERENT,4:45,285,r-l2PleOO6k,2024-02-28T23:58:04Z,gh-511
Rosemary,Grateful Dead,Aoxomoxoa,False,INDIFFERENT,2:01,121,KrLkH3NZWBw,2024-02-28T23:56:03Z,gh-511
Dupree's Diamond Blues,Grateful Dead,Aoxomoxoa,False,INDIFFERENT,3:35,215,YK3f4SwNCTk,2024-02-28T23:52:28Z,gh-511
St. Stephen,Grateful Dead,Aoxomoxoa,False,INDIFFERENT,4:28,268,W-s0lFpflQw,2024-02-28T23:48:00Z,gh-511
Echoes,Pink Floyd,Meddle,False,INDIFFERENT,23:34,1414,53N99Nim6WE,2024-02-28T23:24:26Z,gh-511
Seamus,Pink Floyd,Meddle,False,INDIFFERENT,2:14,134,k3u5E8XKPjg,2024-02-28T23:22:12Z,gh-511
San Tropez,Pink Floyd,Meddle,False,INDIFFERENT,3:43,223,Cv5uuhkS4j8,2024-02-28T23:18:29Z,gh-511
Fearless,Pink Floyd,Meddle,False,INDIFFERENT,6:08,368,t3J_2R9rAp8,2024-02-28T23:12:21Z,gh-511
A Pillow Of Winds,Pink Floyd,Meddle,False,INDIFFERENT,5:12,312,uThZ1uuLLWM,2024-02-28T23:07:09Z,gh-511
One Of These Days,Pink Floyd,Meddle,False,INDIFFERENT,5:55,355,48PJGVf4xqk,2024-02-28T23:01:14Z,gh-511
Bring It on Home (Remaster),Led Zeppelin,Led Zeppelin II (Deluxe Edition),False,INDIFFERENT,4:20,260,pAO0ib8a0dU,2024-02-28T22:56:54Z,gh-511
Moby Dick (Remaster),Led Zeppelin,Led Zeppelin II (Deluxe Edition),False,INDIFFERENT,4:21,261,AwIPiw4_Ba8,2024-02-28T22:52:33Z,gh-511
Ramble On (Remaster),Led Zeppelin,Led Zeppelin II (Deluxe Edition),False,INDIFFERENT,4:35,275,_h9MxNn8P7w,2024-02-28T22:47:58Z,gh-511
Living Loving Maid (She's Just a Woman) (Remaster),Led Zeppelin,Led Zeppelin II (Deluxe Edition),False,INDIFFERENT,2:40,160,fSM9zc3SsuM,2024-02-28T22:45:18Z,gh-511
Heartbreaker (Remaster),Led Zeppelin,Led Zeppelin II (Deluxe Edition),False,INDIFFERENT,4:15,255,0hdQi2_HzAc,2024-02-28T22:41:03Z,gh-511
Thank You (Remaster),Led Zeppelin,Led Zeppelin II (Deluxe Edition),False,INDIFFERENT,4:50,290,je4jmKLTC48,2024-02-28T22:36:13Z,gh-511
The Lemon Song (Remaster),Led Zeppelin,Led Zeppelin II (Deluxe Edition),False,INDIFFERENT,6:20,380,_r85Cf6mS18,2024-02-28T22:29:53Z,gh-511
What Is and What Should Never Be (Remaster),Led Zeppelin,Led Zeppelin II (Deluxe Edition),False,INDIFFERENT,4:47,287,WnMiXsRtsfc,2024-02-28T22:25:06Z,gh-511
Whole Lotta Love (Remaster),Led Zeppelin,Led Zeppelin II (Deluxe Edition),True,LIKE,5:35,335,0bcIjILqORM,2024-02-28T22:19:31Z,gh-511
How Many More Times (Remaster),Led Zeppelin,Led Zeppelin (Remaster),False,INDIFFERENT,8:28,508,y-5o2f9wzmw,2024-02-28T22:11:03Z,gh-511
I Can't Quit You Baby (Remaster),Led Zeppelin,Led Zeppelin (Remaster),False,INDIFFERENT,4:43,283,0dA5Vfl1bbU,2024-02-28T22:06:20Z,gh-511
Communication Breakdown (Remaster),Led Zeppelin,Led Zeppelin (Remaster),False,INDIFFERENT,2:31,151,3EH7QMVnSRI,2024-02-28T22:03:49Z,gh-511
Black Mountain Side (Remaster),Led Zeppelin,Led Zeppelin (Remaster),False,INDIFFERENT,2:13,133,5Y2yoadwSQ0,2024-02-28T22:01:36Z,gh-511
Your Time Is Gonna Come (Remaster),Led Zeppelin,Led Zeppelin (Remaster),False,INDIFFERENT,4:35,275,5cvEVivHVsU,2024-02-28T21:57:01Z,gh-511
Dazed and Confused (Remaster),Led Zeppelin,Led Zeppelin (Remaster),False,INDIFFERENT,6:29,389,yO2n7QoyieM,2024-02-28T21:50:32Z,gh-511
You Shook Me (Remaster),Led Zeppelin,Led Zeppelin (Remaster),False,INDIFFERENT,6:29,389,aywXuljytH0,2024-02-28T21:44:03Z,gh-511
Babe I'm Gonna Leave You (Remaster),Led Zeppelin,Led Zeppelin (Remaster),False,INDIFFERENT,6:43,403,UyOg0mt2R2k,2024-02-28T21:37:20Z,gh-511
Good Times Bad Times (Remaster),Led Zeppelin,Led Zeppelin (Remaster),True,LIKE,2:47,167,lsZG7n7ries,2024-02-28T21:34:33Z,gh-511
I Walk on Guilded Splinters,Dr. John,Gris Gris,False,INDIFFERENT,7:47,467,lekQoT485aA,2024-02-28T21:26:46Z,gh-511
Her Eyes Are a Blue Million Miles,Captain Beefheart And The Magic Band,Clear Spot,False,INDIFFERENT,2:57,177,Xeu2UuScwYk,2024-02-28T21:24:41Z,gh-510
Sing A Simple Song,The Meters,The Meters,False,INDIFFERENT,3:06,186,7VT9MTLEDWw,2024-02-28T21:21:35Z,gh-510
Scarborough Fair / Canticle,Paul Desmond,Bridge Over Troubled Water,False,INDIFFERENT,4:22,262,kZtoVJVCdk0,2024-02-28T21:17:13Z,gh-510
Tomahawk,The Budos Band,Burnt Offering,False,INDIFFERENT,3:30,210,QH_K3CY-nLM,2024-02-28T21:13:43Z,gh-510
Oh! Oh! Here He Comes,Herbie Hancock,Fat Albert Rotunda,False,INDIFFERENT,4:08,248,aklfOR_nYWY,2024-02-28T21:09:35Z,gh-510
"Izabella (Live at the Fillmore East, NY - 12/31/69 - 1st Set)",Jimi Hendrix,Songs For Groovy Children: The Fillmore East Concerts,False,INDIFFERENT,3:29,209,ijVNet7v3A4,2024-02-28T21:06:06Z,gh-510
It Must Be A Camel,Frank Zappa,Hot Rats,False,INDIFFERENT,5:18,318,4xg_elzHQz8,2024-02-28T21:00:48Z,gh-510
The Gumbo Variations,Frank Zappa,Hot Rats,False,INDIFFERENT,12:55,775,fLp5HoNaxKg,2024-02-28T20:47:53Z,gh-510
Little Umbrellas,Frank Zappa,Hot Rats,False,INDIFFERENT,3:09,189,OmFx4nJIJws,2024-02-28T20:44:44Z,gh-510
Son Of Mr. Green Genes,Frank Zappa,Hot Rats,False,INDIFFERENT,8:58,538,_YNK4m_kN-8,2024-02-28T20:35:46Z,gh-510
Willie The Pimp,Frank Zappa,Hot Rats,False,INDIFFERENT,9:24,564,KHiclrHm-ig,2024-02-28T20:26:22Z,gh-510
Peaches En Regalia,Frank Zappa,Hot Rats,False,INDIFFERENT,3:39,219,HFQKP3Ehucg,2024-02-28T20:22:43Z,gh-510
Disappearing,Kevin Morby,This Is A Photograph,False,INDIFFERENT,3:28,208,IUhhNN-C9GQ,2024-02-28T18:26:11Z,gh-509
Uninvisible,Medeski Martin & Wood,Uninvisible,False,INDIFFERENT,3:38,218,N5kYgB4DDw4,2024-02-28T18:22:33Z,gh-509
Agradezco,Xuqutopi & Lenka Lov,Templo de Amor,False,INDIFFERENT,7:18,438,h-XSA405U90,2024-02-28T18:15:15Z,gh-509
Finally Moving,Pretty Lights,Taking up Your Precious Time,False,INDIFFERENT,4:38,278,rSW-L4kXun8,2024-02-28T18:10:37Z,gh-509
Los oceanos de arena,Tommy Guerrero,Perpetual,,INDIFFERENT,3:58,238,EaLFd4mKM_A,2024-02-28T18:06:39Z,gh-509
El Mar,Hermanos Gutiérrez,8 Años,False,INDIFFERENT,2:55,175,ZcZnUBCkdPE,2024-02-28T18:03:44Z,gh-509
Big Country (Live at the Quick),Béla Fleck & The Flecktones,Live at the Quick,False,INDIFFERENT,8:22,502,BzDPg2o6sJo,2024-02-28T17:55:22Z,gh-509
Between the Mayo and the Mustard,Delvon Lamarr Organ Trio,Close but No Cigar,False,INDIFFERENT,4:12,252,IC4KxT6Gv5M,2024-02-28T17:51:10Z,gh-509
"High Tide, Storm Rising",Skinshape,"High Tide, Storm Rising",False,INDIFFERENT,3:57,237,2t1EiWjHFt8,2024-02-28T17:47:13Z,gh-509
Tu Y Yo,Hermanos Gutiérrez,Hoy Como Ayer,False,INDIFFERENT,3:12,192,ke4fsoLCaq0,2024-02-28T17:44:01Z,gh-509
Thin Brown Layer,Tommy Guerrero,Soul Food Taqueria,,INDIFFERENT,4:40,280,2xOPkdtFeHM,2024-02-28T17:39:21Z,gh-509
Stay The Same (feat. Andreya Triana),Bonobo,Black Sands,False,INDIFFERENT,4:45,285,dQWGCUnImWs,2024-02-28T17:34:36Z,gh-509
Alakarra,"Khruangbin, Vieux Farka Touré",Ali,False,INDIFFERENT,3:00,180,ruezN4AaWxg,2024-02-28T17:31:36Z,gh-509
Don Lucho,Hermanos Gutiérrez,L.a. Venganza / Don Lucho,False,INDIFFERENT,3:16,196,SaDsdMJpgVo,2024-02-28T17:28:20Z,gh-509
Old Engine Oil,The Budos Band,V,False,INDIFFERENT,3:12,192,_jfXXTVh0t4,2024-02-28T17:25:08Z,gh-509
Sahara Cowboy,Arc De Soleil,Chameleon Sunday,False,INDIFFERENT,3:05,185,sk1j6cg2p3k,2024-02-28T17:22:03Z,gh-509
Karina,Menahan Street Band,Make the Road By Walking,False,INDIFFERENT,3:26,206,pbRMTtDwhD8,2024-02-28T17:18:37Z,gh-509
Hijos Del Sol,Hermanos Gutiérrez,Hijos Del Sol,False,INDIFFERENT,2:57,177,BuaUxIM3_ZA,2024-02-28T17:15:40Z,gh-509
Mirando El Fuego (feat. Joaquín Cornejo & Minuk),El Búho,Camino de Flores,,INDIFFERENT,5:42,342,_nPBuSaHYhs,2024-02-28T17:09:58Z,gh-509
I'm Just a Clown,Charley Crockett,I'm Just a Clown,False,INDIFFERENT,4:14,254,P4nw9coUZ6A,2024-02-28T17:05:44Z,gh-509
Dram,Ikebe Shakedown,Stone by Stone,False,INDIFFERENT,4:04,244,wXm07jdyT2Y,2024-02-28T17:01:40Z,gh-509
Real Low Down Lonesome,"Early James, Sierra Ferrell",Real Low Down Lonesome,False,INDIFFERENT,4:30,270,WDNvttys-m8,2024-02-28T16:57:10Z,gh-509
Western Bronco,Hermanos Gutiérrez,Western Bronco,False,INDIFFERENT,3:14,194,QYwcQ1_4lmI,2024-02-28T16:53:56Z,gh-509
Quiet Heat,Tommy Guerrero,Sunshine Radio,,INDIFFERENT,3:47,227,fYxEva04rGE,2024-02-28T16:50:09Z,gh-509
El Bueno Y El Malo,Hermanos Gutiérrez,El Bueno Y El Malo,,LIKE,3:26,206,ubic5jSQ82c,2024-02-28T16:46:43Z,gh-509
John McLaughlin,John Hartford,Nobody Knows What You Do,False,INDIFFERENT,1:44,104,cltBf4OhejM,2024-02-28T06:28:16Z,gh-505
In Tall Buildings,John Hartford,Nobody Knows What You Do,False,INDIFFERENT,3:27,207,z7fhb-Y0jEc,2024-02-28T06:13:54Z,gh-504
Howard Hughes' Blues,John Hartford,Morning Bugle,False,INDIFFERENT,2:51,171,u4S0OzdpQfE,2024-02-28T01:25:10Z,gh-501
Nobody Knows What You Do,John Hartford,Nobody Knows What You Do,False,INDIFFERENT,3:59,239,jozQQIalOnY,2024-02-28T01:21:11Z,gh-501
Somewhere My Love /We'll Meet Again Sweetheart,John Hartford,Nobody Knows What You Do,False,INDIFFERENT,2:41,161,ZwVIOkjapmA,2024-02-28T01:18:30Z,gh-501
Sly Feel,John Hartford,Nobody Knows What You Do,False,INDIFFERENT,4:38,278,n7ey7lBA1L4,2024-02-28T01:13:52Z,gh-501
The Golden Globe Award,John Hartford,Nobody Knows What You Do,False,INDIFFERENT,4:26,266,F8tDDHIL3-E,2024-02-28T01:09:26Z,gh-501
Down,John Hartford,Nobody Knows What You Do,False,INDIFFERENT,2:07,127,Dyb7lSfKOlU,2024-02-28T01:07:19Z,gh-501
Joseph's Dream,John Hartford,Nobody Knows What You Do,False,INDIFFERENT,4:25,265,7hTvyV7Qc-g,2024-02-28T01:02:54Z,gh-501
The False Hearted Tenor Waltz,John Hartford,Nobody Knows What You Do,False,INDIFFERENT,3:08,188,Qy89N6ZO-bM,2024-02-28T00:59:46Z,gh-501
Granny Wontcha Smoke Some Marijuana,John Hartford,Nobody Knows What You Do,False,INDIFFERENT,3:00,180,mufbOqlRjmA,2024-02-28T00:56:46Z,gh-501
John McLaughlin,John Hartford,Nobody Knows What You Do,False,INDIFFERENT,1:44,104,cltBf4OhejM,2024-02-28T00:55:02Z,gh-501
In Tall Buildings,John Hartford,Nobody Knows What You Do,False,INDIFFERENT,3:27,207,z7fhb-Y0jEc,2024-02-28T00:51:35Z,gh-501
Didn't Want to Be Forgotten,John Hartford,Nobody Knows What You Do,False,INDIFFERENT,2:22,142,aYXTeu0YnkE,2024-02-28T00:49:13Z,gh-501
You Don't Have to Do That,John Hartford,Nobody Knows What You Do,False,LIKE,2:38,158,h3SwkuG9SnU,2024-02-28T00:46:35Z,gh-501
Dorado Valley,Hermanos Gutiérrez,El Bueno Y El Malo,,INDIFFERENT,3:27,207,ZnuLT3HltXI,2024-02-27T21:24:04Z,gh-500
Los Amantes,Hermanos Gutiérrez,El Bueno Y El Malo,,INDIFFERENT,2:37,157,SptYa7-TEkA,2024-02-27T21:21:27Z,gh-500
La Verdad,Hermanos Gutiérrez,El Bueno Y El Malo,,INDIFFERENT,3:59,239,oMk4fVjrfwc,2024-02-27T21:17:28Z,gh-500
Pueblo Man,Hermanos Gutiérrez,El Bueno Y El Malo,,INDIFFERENT,2:49,169,NY9EPkR61k0,2024-02-27T21:14:39Z,gh-500
Tres Hermanos (feat. Dan Auerbach),Hermanos Gutiérrez,El Bueno Y El Malo,,INDIFFERENT,3:22,202,2bLn6K3v7SU,2024-02-27T21:11:17Z,gh-500
Cielo Grande,Hermanos Gutiérrez,El Bueno Y El Malo,,INDIFFERENT,2:57,177,K3eGOsrsAXc,2024-02-27T21:08:20Z,gh-500
Thunderbird,Hermanos Gutiérrez,El Bueno Y El Malo,,INDIFFERENT,3:28,208,5kaqGWCC6to,2024-02-27T21:04:52Z,gh-500
Los Chicos Tristes,Hermanos Gutiérrez,El Bueno Y El Malo,,INDIFFERENT,3:50,230,UZVQlR5j8nw,2024-02-27T21:01:02Z,gh-500
Hermosa Drive,Hermanos Gutiérrez,El Bueno Y El Malo,,INDIFFERENT,3:55,235,rv_G1lHOUe4,2024-02-27T20:57:07Z,gh-500
El Bueno Y El Malo,Hermanos Gutiérrez,El Bueno Y El Malo,,INDIFFERENT,3:26,206,ubic5jSQ82c,2024-02-27T20:53:41Z,gh-500
Setting Sun,George FitzGerald,Setting Sun,False,INDIFFERENT,6:14,374,VZmCiIy84RQ,2024-02-27T20:47:27Z,gh-500
Soulful,L'Indécis,Playtime,False,INDIFFERENT,3:41,221,fs0BCIUQ7Ws,2024-02-27T20:43:46Z,gh-500
You Wish,Nightmares on Wax,In A Space Outta Sound,False,DISLIKE,3:31,211,tkEPEKSmlYI,2024-02-27T20:40:15Z,gh-500
Getula,Be Svendsen,Getula,True,INDIFFERENT,10:00,600,F39XU3WhmE8,2024-02-27T20:30:15Z,gh-500
Keep on Swinging,Rival Sons,Head Down,False,INDIFFERENT,4:00,240,GsDljoaEomE,2024-02-27T20:26:15Z,gh-500
Tower Of Power - What Is Hip Isolated Bass (Francis Rocco Prestia),"1.8K views, Maarten Plukker",,,LIKE,6:02,362,1TTezBoAcuw,2024-02-27T20:20:13Z,gh-500
Ride Captain Ride,"Blood, Sweat & Tears",New City,False,INDIFFERENT,5:07,307,qpSu2690vKg,2024-02-27T20:15:06Z,gh-500
Moonlight,The Plate Scrapers,Dishes,,LIKE,4:17,257,A7RQ__ae1nM,2024-02-27T20:10:49Z,gh-500
Eight O Two Two Two Three,Kingzeek,"Now, Open Your Eyes",,INDIFFERENT,4:05,245,jU7WkSjXCkU,2024-02-27T20:06:44Z,gh-500
Good Mourning,Kingzeek,"Now, Open Your Eyes",,INDIFFERENT,3:34,214,8RyFzq4ruvY,2024-02-27T20:03:10Z,gh-500
Now Open Your Eyes,Kingzeek,"Now, Open Your Eyes",,INDIFFERENT,2:45,165,j7OHfM8bAus,2024-02-27T20:00:25Z,gh-500
Word 4 Word,Kingzeek,"Now, Open Your Eyes",,INDIFFERENT,3:03,183,-RbsuAxyiM8,2024-02-27T19:57:22Z,gh-500
Good Day,Kingzeek,"Now, Open Your Eyes",,INDIFFERENT,3:24,204,3VSXL2pTyEs,2024-02-27T19:53:58Z,gh-500
Little Green Apples (Single Version),Roger Miller,All Time Greatest Hits,False,INDIFFERENT,2:38,158,6yacEy7SV6E,2024-02-27T19:51:20Z,gh-500
Walkin' In The Sunshine (Single Version),Roger Miller,All Time Greatest Hits,False,INDIFFERENT,2:34,154,cK2xlklx3EU,2024-02-27T19:48:46Z,gh-500
I've Been A Long Time Leavin' (But I'll Be A Long Time Gone) (Single Version),Roger Miller,All Time Greatest Hits,False,INDIFFERENT,2:15,135,yMTRc-Ihlcg,2024-02-27T19:46:31Z,gh-500
Husbands And Wives (Single Version),Roger Miller,All Time Greatest Hits,False,INDIFFERENT,2:24,144,a831Xig4UlU,2024-02-27T19:44:07Z,gh-500
England Swings (Single Version),Roger Miller,All Time Greatest Hits,False,INDIFFERENT,1:54,114,aIfoZGPHLu8,2024-02-27T19:42:13Z,gh-500
Kansas City Star (Single Version),Roger Miller,All Time Greatest Hits,False,INDIFFERENT,2:19,139,ct5T0qsLtBA,2024-02-27T19:39:54Z,gh-500
The Last Word In Lonesome Is Me (Single Version),Roger Miller,All Time Greatest Hits,False,INDIFFERENT,2:48,168,ubyjcE2FIcw,2024-02-27T19:37:06Z,gh-500
One Dyin' And A Buryin' (Single Version),Roger Miller,All Time Greatest Hits,False,INDIFFERENT,2:03,123,iNJaChQHMwY,2024-02-27T19:35:03Z,gh-500
Engine Engine #9 (Single Version),Roger Miller,All Time Greatest Hits,False,INDIFFERENT,2:19,139,mWJcsVS6OaI,2024-02-27T19:32:44Z,gh-500
You Can't Roller Skate In A Buffalo Herd (Single Version),Roger Miller,All Time Greatest Hits,False,INDIFFERENT,1:55,115,FVG7Vmu8x84,2024-02-27T19:30:49Z,gh-500
King Of The Road (Single Version),Roger Miller,All Time Greatest Hits,False,INDIFFERENT,2:29,149,b7gPg2PxOc4,2024-02-27T19:28:20Z,gh-500
In The Summertime,Roger Miller,All Time Greatest Hits,False,INDIFFERENT,1:45,105,zV4bO7pmlHw,2024-02-27T19:26:35Z,gh-500
Do-Wacka-Do (Single Version),Roger Miller,All Time Greatest Hits,False,INDIFFERENT,1:45,105,g-iYRRWXaIU,2024-02-27T19:24:50Z,gh-500
Chug-A-Lug,Roger Miller,All Time Greatest Hits,False,INDIFFERENT,2:05,125,3IJwWI67YIg,2024-02-27T19:22:45Z,gh-500
Dang Me,Roger Miller,All Time Greatest Hits,False,INDIFFERENT,1:50,110,NYsd1ihNXTI,2024-02-27T19:20:55Z,gh-500
1974,Ivan the Tolerable,The Continuous Katherine Mortenhoe,,INDIFFERENT,6:24,384,TW81Ia9JKig,2024-02-27T18:21:31Z,gh-499
The Transient,Ivan the Tolerable,The Continuous Katherine Mortenhoe,,INDIFFERENT,1:44,104,pLDCkLqUYM0,2024-02-27T18:19:47Z,gh-499
4 Weeks,Ivan the Tolerable,The Continuous Katherine Mortenhoe,,INDIFFERENT,2:00,120,6T_ou_mmfqI,2024-02-27T18:17:47Z,gh-499
An Interior,Ivan the Tolerable,The Continuous Katherine Mortenhoe,,INDIFFERENT,2:56,176,yunvHSCrssM,2024-02-27T18:14:51Z,gh-499
Unsleeping Eye,Ivan the Tolerable,The Continuous Katherine Mortenhoe,,INDIFFERENT,8:14,494,mrTxu9Y7m9g,2024-02-27T18:06:37Z,gh-499
Orgy,Ivan the Tolerable,The Continuous Katherine Mortenhoe,,INDIFFERENT,4:31,271,RBwjGAWxE1g,2024-02-27T18:02:06Z,gh-499
Human Destiny,Ivan the Tolerable,The Continuous Katherine Mortenhoe,,INDIFFERENT,3:07,187,8Pm_jjFHTSs,2024-02-27T17:58:59Z,gh-499
The Trap,Ivan the Tolerable,The Continuous Katherine Mortenhoe,,INDIFFERENT,5:20,320,IaExAF9Ob4o,2024-02-27T17:53:39Z,gh-499
Roddie & Vince,Ivan the Tolerable,The Continuous Katherine Mortenhoe,,INDIFFERENT,2:21,141,24YyvIldyTQ,2024-02-27T17:51:18Z,gh-499
TCKM,Ivan the Tolerable,The Continuous Katherine Mortenhoe,,INDIFFERENT,6:58,418,NEb1jDAtZ8o,2024-02-27T17:44:20Z,gh-499
Wild Nature,Ivan the Tolerable,Firefighters in Reverse,,INDIFFERENT,3:44,224,PQFrNsmWH14,2024-02-27T17:40:36Z,gh-499
Weak Brown Earth,Ivan the Tolerable,Firefighters in Reverse,,INDIFFERENT,2:28,148,yZkTtL5gTTw,2024-02-27T17:38:08Z,gh-499
Speed Ring,Ivan the Tolerable,Firefighters in Reverse,,INDIFFERENT,3:27,207,_xNtyNfnKiY,2024-02-27T17:34:41Z,gh-499
Six Stripes,Ivan the Tolerable,Firefighters in Reverse,,INDIFFERENT,4:17,257,5hRdgfBII-U,2024-02-27T17:30:24Z,gh-499
Red Ink,Ivan the Tolerable,Firefighters in Reverse,,INDIFFERENT,3:36,216,e9XgrIqkPB0,2024-02-27T17:26:48Z,gh-499
Dawn Chorus,Ivan the Tolerable,Firefighters in Reverse,,INDIFFERENT,2:04,124,ldPy7oIAqew,2024-02-27T17:24:44Z,gh-499
The Great Flood,Ivan the Tolerable,Firefighters in Reverse,,INDIFFERENT,2:10,130,-EGZH9bxEyE,2024-02-27T17:22:34Z,gh-499
Broken Pencils,Ivan the Tolerable,Firefighters in Reverse,,INDIFFERENT,2:33,153,XMBp-KIM9HA,2024-02-27T15:24:56Z,gh-498
New Soap,Ivan the Tolerable,Firefighters in Reverse,,INDIFFERENT,2:45,165,twWMu63vOfU,2024-02-27T15:22:11Z,gh-498
Autoportrait,Ivan the Tolerable,Firefighters in Reverse,,INDIFFERENT,3:18,198,bXZD5uTpfMU,2024-02-27T15:18:53Z,gh-498
Kool-Aid,Bring Me The Horizon,Kool-Aid,True,LIKE,3:49,229,wbMgoC3DrW8,2024-02-27T15:15:04Z,gh-498
Ginseng Sullivan,The Tony Rice Unit,Manzanita,,LIKE,3:11,191,1e_Jc2mo1xI,2024-02-27T15:11:53Z,gh-498
Other Side to This Life,Karen Dalton,1966,True,LIKE,3:44,224,clVMy3T3iiw,2024-02-27T15:08:09Z,gh-498
In Spite of Ourselves (feat. Iris DeMent),John Prine,In Spite of Ourselves,False,INDIFFERENT,3:34,214,WWclZpTBRaU,2024-02-27T06:26:05Z,gh-495
Tadow (Extended Version),"FKJ, Masego",Tadow,False,INDIFFERENT,8:06,486,qQiqweTbrHs,2024-02-27T06:17:59Z,gh-495
Live Nude Girl,Gordon Haskell,The Lady Want's To Know,,LIKE,4:21,261,eDBrNu4z6KI,2024-02-27T06:13:38Z,gh-495
"Sweet Georgia Brown (feat. Stuart Duncan, Sierra Hull, Jake Workman & Rob Ickes)",David Naiditch,Bluegrass That Swings,True,LIKE,3:21,201,4S4f3kIJc9g,2024-02-27T06:10:17Z,gh-495
River of Jordan (Live),The Tillers,Farewell to the Historic Southgate House,False,LIKE,2:52,172,1IB-DtFaKbo,2024-02-27T06:07:25Z,gh-495
Pigs,Wood & Wire,Pigs,False,INDIFFERENT,4:15,255,s_6cK3CgjFc,2024-02-27T06:03:10Z,gh-495
Wild Bill Jones,Ken & Brad Kolodner,Stony Run,,LIKE,2:46,166,oHT0oasxDhc,2024-02-27T06:00:24Z,gh-495
54-46 Was My Number,Toots & The Maytals,In The Dark,False,INDIFFERENT,3:25,205,wNxNwvjzGM0,2024-02-27T05:56:59Z,gh-495
I Think I'll Just Stay Here And Drink,Merle Haggard,Back To The Barrooms,False,INDIFFERENT,4:32,272,CYXOliWGLMQ,2024-02-27T05:52:27Z,gh-495
Lost Highway,Hank Williams,Health & Happiness Shows,False,INDIFFERENT,3:24,204,92dezZCxer8,2024-02-27T05:49:03Z,gh-495
D.A.N.C.E,Justice,Cross,True,INDIFFERENT,4:03,243,P0Nryn0YZ-A,2024-02-27T05:45:00Z,gh-495
On The Sunny Side Of Life,Country Gentlemen,The Early Rebel Recordings: 1962-1971,,LIKE,2:21,141,cgzjR8GBzkQ,2024-02-27T05:42:39Z,gh-495
Birthday Boys,Oysterhead,The Grand Pecking Order,False,INDIFFERENT,3:04,184,h-Xy4vQiP9Q,2024-02-27T05:39:35Z,gh-495
"Around the World / Harder, Better, Faster, Stronger",Daft Punk,Alive 2007,,INDIFFERENT,5:43,343,kcxK1Tnwy5M,2024-02-27T05:33:52Z,gh-495
The Other Side of This Life,"Peter, Paul & Mary","Peter, Paul and Mary Album",True,LIKE,3:04,184,_mVXZdPgGUY,2024-02-27T05:30:48Z,gh-495
He's Fine,The Secret Sisters,He's Fine,False,INDIFFERENT,3:44,224,Sc9X6qmScKY,2024-02-27T05:27:04Z,gh-495
One Piece at a Time,Johnny Cash & Tennessee Three,One Piece At A Time,False,INDIFFERENT,4:02,242,pmeVwYojB-s,2024-02-27T05:23:02Z,gh-495
Zarana,Aaron Jonah Lewis,"Mozart of the Banjo, the Joe Morley Project",,INDIFFERENT,3:22,202,68KUbzLVEL4,2024-02-27T05:19:40Z,gh-495
Outshine the Sun,Foghorn Stringband,Outshine the Sun,,INDIFFERENT,2:48,168,o6D_kP-2jYc,2024-02-27T05:16:52Z,gh-495
Dark Eyes (Ochi Chornye),Hot Club of Cowtown,Rendezvous in Rhythm,,LIKE,3:55,235,nnL5JF4imc0,2024-02-27T05:12:57Z,gh-495
Julie,Rhiannon Gibbens,Tunes from David Holt's State of Music,False,INDIFFERENT,3:41,221,DSvQaAeaV00,2024-02-27T05:09:16Z,gh-495
Howard Hughes' Blues,Wood & Wire,"The Woodshed Sessions, Vol. 2",,LIKE,3:25,205,d1xHusoNg3s,2024-02-27T05:05:51Z,gh-495
Blackberry Blossom,"Norman Blake, Tony Rice",Black Mountain Rag,False,INDIFFERENT,3:14,194,x81v6ALQsJM,2024-02-27T05:02:37Z,gh-495
Ripples of the Mind,"Shpongle, Simon Posford",Flux & Contemplation - Portrait of an Artist in Isolation,,INDIFFERENT,3:48,228,jWHptnuVBew,2024-02-27T04:58:49Z,gh-495
Most Really Pretty Girls Have Pretty Ugly Feet,Hnny,If This Is House I Want My Money Back 3,True,LIKE,4:46,286,5lpHaOX5lmw,2024-02-27T04:54:03Z,gh-495
The Sunny Side of Life,"Nancy Blake, Norman Blake",The Morning Glory Ramblers,False,INDIFFERENT,3:21,201,KjJGgm353eU,2024-02-27T04:50:42Z,gh-495
I Don't Wanna Leave You on the Farm,Ween,12 Golden Country Greats,,INDIFFERENT,2:45,165,MfJj5pypPSU,2024-02-27T04:47:57Z,gh-495
Chimes of Freedom,The Byrds,Mr. Tambourine Man,False,INDIFFERENT,3:52,232,zvBKeB44Qkw,2024-02-27T04:44:05Z,gh-495
Southern Nights,Glen Campbell,Southern Nights,False,LIKE,3:01,181,X6-sU7pVJ3k,2024-02-27T04:41:04Z,gh-495
Help Me Scrape the Mucus off My Brain,Ween,12 Golden Country Greats,,INDIFFERENT,2:46,166,vA9B4VU8FlM,2024-02-27T04:38:18Z,gh-495
The Marriage Of Figaro - Overture,The Cavendish Orchestra,The Music Of Mozart,False,INDIFFERENT,4:21,261,xNjhlUmAvuQ,2024-02-27T03:21:15Z,gh-494
Seventy Six Trombones,Robert Preston & Original Broadway Cast Of The Music Man,The Music Man (Original Broadway Cast),False,INDIFFERENT,3:02,182,rYxNbEos2O4,2024-02-27T03:18:13Z,gh-494
J.S. Bach: 'Little' Fugue In G Minor BWV578 (1997 Digital Remaster),"Leopold Stokowski, Symphonica Orchestra",Bach By Stokowski,False,INDIFFERENT,3:57,237,XuDuEMVcSrM,2024-02-27T03:14:16Z,gh-494
Ya Got Trouble,Robert Preston,The Music Man (Original Soundtrack),False,INDIFFERENT,4:00,240,ESQI-UsUNJA,2024-02-27T03:10:16Z,gh-494
"Hello Muddah, Hello Fadduh! (A Letter from Camp)",Allan Sherman,My Son the Nut,False,INDIFFERENT,2:55,175,XLKcfmf4GS4,2024-02-27T03:07:21Z,gh-494
Superman Main Theme,Banda Sinfonica Nacional De Ucrania,Musica Universal Vol 2,False,INDIFFERENT,4:28,268,6SnsaW0--h4,2024-02-27T03:02:53Z,gh-494
Overture/Rock Island,Vern Reed,The Music Man (Original Broadway Cast),True,LIKE,5:30,330,0yJ8IGGuRFE,2024-02-27T02:57:23Z,gh-494
Starwater,Sean Ono Lennon;Devon Hoff;Yuka C. Honda;Michael Leonhart;João Nogueira;Mauro Refosco;Ches Smith;Johnny Mathar,ASTERISMS,,INDIFFERENT,7:58,478,nHuTfRMrzdE,2024-02-26T18:21:47Z,gh-491
Ouachita,Sad Daddy,Fresh Catch,False,INDIFFERENT,3:39,219,lnj-OeqT3yI,2024-02-25T21:23:50Z,gh-484
Hero,Sturgill Simpson,"Cuttin' Grass, Vol. 2 (Cowboy Arms Sessions)",,INDIFFERENT,3:05,185,oK_b7EPH4I0,2024-02-25T21:20:45Z,gh-484
Such a Night,Dr. John,In The Right Place,False,INDIFFERENT,2:58,178,fj9lG30WzcA,2024-02-25T21:17:47Z,gh-484
Knob Creek,Steep Canyon Rangers,Nobody Knows You,True,LIKE,5:18,318,qR44ixdhjl0,2024-02-25T21:12:29Z,gh-484
My Good Gal,Old Crow Medicine Show,Big Iron World,False,INDIFFERENT,4:19,259,wSxrth7Qcrs,2024-02-25T21:08:10Z,gh-484
Ain't No Grave,Crooked Still,Shaken By A Low Sound,,INDIFFERENT,3:22,202,eb4W_3KC50g,2024-02-25T21:04:48Z,gh-484
Country Squire,Tyler Childers,Country Squire,,LIKE,3:22,202,KYIav77fPsA,2024-02-25T21:01:26Z,gh-484
"I Can't Help Myself (Sugar Pie, Honey Bunch)",Four Tops,Four Tops Second Album,False,INDIFFERENT,2:41,161,8Jtokmp8zoE,2024-02-25T18:25:47Z,gh-483
Can't Help Falling in Love,Elvis Presley,Platinum - A Life In Music,False,INDIFFERENT,2:59,179,pZuJKQ6uzHE,2024-02-25T18:22:48Z,gh-483
Oogum Boogum Song,Brenton Wood,Oogum Boogum,False,INDIFFERENT,3:07,187,Qkp54Q6SLwc,2024-02-25T18:19:41Z,gh-483
Try a Little Tenderness,Otis Redding,Complete & Unbelievable: The Otis Redding Dictionary of Soul,False,INDIFFERENT,3:22,202,HKKbMBJgDJ4,2024-02-25T18:16:19Z,gh-483
What Becomes Of The Brokenhearted,Jimmy Ruffin,Sings Top Ten,False,INDIFFERENT,2:59,179,SZfnKqAGlfY,2024-02-25T18:13:20Z,gh-483
Chain Gang,Sam Cooke,30 Greatest Hits: Portrait of a Legend 1951-1964,False,INDIFFERENT,2:37,157,_f7gY0W7HuA,2024-02-25T18:10:43Z,gh-483
The Weight (Remastered 2000),The Band,Music From Big Pink,False,INDIFFERENT,4:35,275,QWu-f7HFFJE,2024-02-25T18:06:08Z,gh-483
I've Been Loving You Too Long,Otis Redding,Otis Blue: Otis Redding Sings Soul (Collector's Edition),False,INDIFFERENT,3:02,182,hSdpqRNd0QU,2024-02-25T18:03:06Z,gh-483
Crying Shame,The Teskey Brothers,Half Mile Harvest,False,INDIFFERENT,3:52,232,t9-xIX7fzgI,2024-02-25T17:59:14Z,gh-483
Chain of Fools,Aretha Franklin,Lady Soul (With Bonus Selections),False,INDIFFERENT,4:23,263,o0s5CP2kXsc,2024-02-25T17:54:51Z,gh-483
It's a Man's Man's World,James Brown,Love Ballads Vol. 3,False,INDIFFERENT,2:49,169,Q9D07D_Bz-U,2024-02-25T17:52:02Z,gh-483
(Sittin' On) the Dock of the Bay,Otis Redding,The Dock of the Bay,False,INDIFFERENT,2:47,167,Zu5chXCp1Ag,2024-02-25T17:49:15Z,gh-483
I Wish I Knew How It Would Feel to Be Free,Nina Simone,Silk & Soul (Expanded Edition),False,INDIFFERENT,3:09,189,gKXtM-dgZzg,2024-02-25T17:46:06Z,gh-483
Green Onions,Booker T. & The M.G.'s,Green Onions (Stax Remasters),False,INDIFFERENT,2:56,176,9aiVTfkWdX8,2024-02-25T17:43:10Z,gh-483
The Right Time,Ray Charles,The Ray Charles Story Volume 2,False,INDIFFERENT,3:31,211,x21B-TqOk7I,2024-02-25T17:39:39Z,gh-483
You've Really Got A Hold On Me,The Miracles,The Fabulous Miracles,False,INDIFFERENT,2:58,178,DRd-bjFfjNc,2024-02-25T17:36:41Z,gh-483
All Along the Watchtower,The Jimi Hendrix Experience,Smash Hits,False,INDIFFERENT,4:01,241,Jt-ysw-Dy58,2024-02-25T17:32:40Z,gh-483
I'd Rather Go Blind (feat. Roxie Ray),Dojo Cuts,Take from Me (feat. Roxie Ray),False,INDIFFERENT,3:07,187,xEyqEIYJnYk,2024-02-25T17:29:33Z,gh-483
I Heard It Through The Grapevine,Marvin Gaye,In The Groove,False,INDIFFERENT,3:15,195,kAPj9oP4q_w,2024-02-25T17:26:18Z,gh-483
I'd Rather Go Blind,Etta James,Tell Mama,False,INDIFFERENT,2:37,157,Bcus42ihkTI,2024-02-25T17:23:41Z,gh-483
Tired Of Being Alone,Al Green,Gets Next To You,True,LIKE,2:53,173,BEBHIV9L3uc,2024-02-25T17:20:48Z,gh-483
A Change Is Gonna Come,Sam Cooke,30 Greatest Hits: Portrait of a Legend 1951-1964,False,INDIFFERENT,3:14,194,Z5zDRtEC0x0,2024-02-25T17:17:34Z,gh-483
Suspicious Minds,Elvis Presley,Elvis 30 #1 Hits,False,INDIFFERENT,4:33,273,xt8XQLvKBUs,2024-02-25T17:13:01Z,gh-483
Feeling Good,Nina Simone,I Put A Spell On You,False,INDIFFERENT,2:54,174,BNMKGYiJpvg,2024-02-25T17:10:07Z,gh-483
These Arms of Mine,Otis Redding,Pain in My Heart,False,INDIFFERENT,2:35,155,ep-utVRc2aE,2024-02-25T17:07:32Z,gh-483
Bring It On Home To Me,Sam Cooke,30 Greatest Hits: Portrait of a Legend 1951-1964,False,INDIFFERENT,2:46,166,HE1hf2nhi0s,2024-02-25T17:04:46Z,gh-483
Broken Pencils,Ivan the Tolerable,Firefighters in Reverse,,INDIFFERENT,2:33,153,XMBp-KIM9HA,2024-02-24T02:26:06Z,gh-480
New Soap,Ivan the Tolerable,Firefighters in Reverse,,INDIFFERENT,2:45,165,twWMu63vOfU,2024-02-24T02:23:21Z,gh-480
I'm New Here,Gil Scott-Heron,I'm New Here,,LIKE,3:34,214,dcfZcQQqneM,2024-02-23T21:16:46Z,gh-480
Oh Babe It Ain't No Lie,"David Rawlings, Gillian Welch",All The Good Times,True,LIKE,4:25,265,ltW9poRvS58,2024-02-23T21:12:21Z,gh-480
Mole in the Ground,Joe Walsh,Sweet Loam,,LIKE,3:33,213,sEQLMr54EnY,2024-02-23T21:08:48Z,gh-480
Carol Brown,Flight of the Conchords,I Told You I Was Freaky,True,LIKE,3:26,206,Hz5SFQsLzAg,2024-02-23T21:05:22Z,gh-480
Queen of Baths,Ivan the Tolerable,Wild Nature,,INDIFFERENT,4:57,297,9Mn937ExWcM,2024-02-25T06:23:51Z,gh-479
Rubbing Teeth,Ivan the Tolerable,Wild Nature,,INDIFFERENT,3:16,196,l_jEpmdYQfg,2024-02-25T06:20:35Z,gh-479
The Cat Song,Ivan the Tolerable,Wild Nature,,INDIFFERENT,9:00,540,6pesT8zYFZE,2024-02-25T06:11:35Z,gh-479
25 Minutes Over Albert Park,Ivan the Tolerable,Wild Nature,,INDIFFERENT,26:33,1593,g0aBV0l5NsY,2024-02-25T05:45:02Z,gh-479
Threnody,Goldmund,The Malady Of Elegance,False,INDIFFERENT,4:41,281,u1hq9W-d_z8,2024-02-25T05:40:21Z,gh-479
"Brown Noise - Perfect for Sleep, Study And Focus - Black Screen | Relaxing Sound In 24H","1.8M views, BEST SLEEP NOISE",,,LIKE,24:00:08,86408,3ZQLdo1dR8Q,2024-02-24T05:40:13Z,gh-479
Lovin' You,Railroad Earth,Amen Corner,False,INDIFFERENT,4:28,268,k6vN1HxXkv0,2024-02-24T05:35:45Z,gh-479
Helpless (feat. Old Crow Medicine Show),Molly Tuttle,Helpless,False,INDIFFERENT,4:26,266,VjVZDKCX_AQ,2024-02-24T05:31:19Z,gh-479
Winter's Come and Gone (from The Hunger Games: The Ballad of Songbirds & Snakes),Charles Wesley Godwin,The Hunger Games: The Ballad of Songbirds & Snakes (Music From & Inspired By),,INDIFFERENT,2:50,170,aHtHBiAgysU,2024-02-24T05:28:29Z,gh-479
Sticks That Made Thunder,The SteelDrivers,The SteelDrivers,False,INDIFFERENT,4:10,250,-5NcA34-mv0,2024-02-24T05:24:19Z,gh-479
Wool (from The Hunger Games: The Ballad of Songbirds & Snakes),Flatland Cavalry,The Hunger Games: The Ballad of Songbirds & Snakes (Music From & Inspired By),,INDIFFERENT,3:50,230,epz80uwyivw,2024-02-24T05:20:29Z,gh-479
Little Worlds,Watchhouse,Such Jubilee,False,INDIFFERENT,3:31,211,7RfUG3KIfuQ,2024-02-24T05:16:58Z,gh-479
The Man From Waco (Billy Horton Sessions),Charley Crockett,The Man From Waco (Billy Horton Sessions),False,INDIFFERENT,3:29,209,64ZlDbn7QIQ,2024-02-24T05:13:29Z,gh-479
I'm Holding You,Ween,12 Golden Country Greats,,LIKE,4:03,243,YzTbyJaFmIw,2024-02-24T05:09:26Z,gh-479
Gutted,Bella White,Just Like Leaving,False,INDIFFERENT,4:07,247,v9fb1R1G-A0,2024-02-24T05:05:19Z,gh-479
The Great Compromise,John Prine,Diamonds in the Rough,False,INDIFFERENT,4:57,297,yvrTmgHQoiE,2024-02-24T05:00:22Z,gh-479
Smokestacks On The Skyline,John R. Miller,Heat Comes Down,False,INDIFFERENT,3:15,195,uIFP8mwb-fc,2024-02-24T04:57:07Z,gh-479
In Spite of Ourselves (feat. Iris DeMent),John Prine,In Spite of Ourselves,False,INDIFFERENT,3:34,214,WWclZpTBRaU,2024-02-24T04:53:33Z,gh-479
Enough To Leave,Billy Strings,Home,,INDIFFERENT,3:45,225,c-dhLSbSfe0,2024-02-24T04:49:48Z,gh-479
Coat Of Many Colors,Sierra Ferrell,Coat Of Many Colors,True,LIKE,3:14,194,fB_G-NoVoQ8,2024-02-24T04:46:34Z,gh-479
In Dreams,Sierra Ferrell,In Dreams,False,INDIFFERENT,2:42,162,geDSalt-_gA,2024-02-24T04:43:52Z,gh-479
I Need Never Get Old,Nathaniel Rateliff & The Night Sweats,Nathaniel Rateliff & The Night Sweats,True,LIKE,4:14,254,-FWrwbHqu5w,2024-02-24T04:39:38Z,gh-479
Rye Whiskey,Punch Brothers,Antifogmatic,True,INDIFFERENT,3:29,209,jXfE-e4a3GU,2024-02-24T04:36:09Z,gh-479
He's Fine,The Secret Sisters,You Don't Own Me Anymore,True,LIKE,3:44,224,BmyN2rlwPpc,2024-02-24T04:32:25Z,gh-479
Ladada,Dr. Dog,Abandoned Mansion,False,INDIFFERENT,3:39,219,PyJpzZdPpFU,2024-02-24T04:28:46Z,gh-479
Roma Fade,Andrew Bird,Are You Serious (Deluxe Edition),False,INDIFFERENT,4:04,244,sCg54snaq7s,2024-02-24T04:24:42Z,gh-479
The Truth,Dr. Dog,B-Room (Deluxe Edition),False,INDIFFERENT,4:27,267,g3yGmhJ608E,2024-02-24T04:20:15Z,gh-479
Imitosis,Andrew Bird,Armchair Apocryph,False,INDIFFERENT,4:01,241,sQNqt_jN7ic,2024-02-25T01:28:20Z,gh-477
This Is A Photograph,Kevin Morby,This Is A Photograph,False,INDIFFERENT,3:31,211,2OKUh6giwE0,2024-02-25T01:24:49Z,gh-477
I Fell In Love Today,Ween,Shinola (Vol. 1),False,INDIFFERENT,4:10,250,-p-RaiH9MxQ,2024-02-25T01:20:39Z,gh-477
Lonesome,Dr. Dog,Be The Void (Deluxe Edition),False,INDIFFERENT,3:19,199,n30eGPE9Mpg,2024-02-25T01:17:20Z,gh-477
Float On,Modest Mouse,Good News For People Who Love Bad News,False,INDIFFERENT,3:29,209,88XhEqgmRhM,2024-02-25T01:13:51Z,gh-477
Unlucky Skin,Shakey Graves,Unlucky Skin,False,INDIFFERENT,3:19,199,Uu_Lx2jWpIM,2024-02-25T01:10:32Z,gh-477
Railroad Earth,Railroad Earth,Elko,False,INDIFFERENT,6:00,360,GmQpMh_vslI,2024-02-25T01:04:32Z,gh-477
Ooh La La,Redbird,Live At The Cafe Carpe,False,INDIFFERENT,3:33,213,L5ryzBPx0tQ,2024-02-25T01:00:59Z,gh-477
That Old Black Hole,Dr. Dog,Be The Void (Deluxe Edition),False,INDIFFERENT,3:22,202,pwwotb1uuEA,2024-02-25T00:57:37Z,gh-477
Sunbleached,Pigeon Pit,Feather River Canyon Blues,False,INDIFFERENT,3:07,187,Pp-3Ygu5cuQ,2024-02-25T00:54:30Z,gh-477
Someday,The Strokes,Is This It,False,INDIFFERENT,3:04,184,eArVJFjd6S0,2024-02-25T00:51:26Z,gh-477
To Live Is To Fly,Townes Van Zandt,"High, Low And In Between",,INDIFFERENT,3:16,196,ChSn6wDhNL8,2024-02-25T00:48:10Z,gh-477
Capsized,Andrew Bird,Are You Serious,False,INDIFFERENT,3:42,222,-vxQjhFtY_Q,2024-02-25T00:44:28Z,gh-477
For the First Time,Mac DeMarco,This Old Dog,False,INDIFFERENT,3:03,183,cZCm_i6YvAk,2024-02-25T00:41:25Z,gh-477
How Long Must I Wait,Dr. Dog,Be The Void (Deluxe Edition),False,INDIFFERENT,3:41,221,EE1VxbdsvF4,2024-02-25T00:37:44Z,gh-477
Furr,Blitzen Trapper,Furr (10th Anniversary Deluxe Edition),,LIKE,4:07,247,WYEi5se7fes,2024-02-25T00:33:37Z,gh-477
Jackie Wants a Black Eye,Dr. Dog,"Shame, Shame (Deluxe Edition)",False,INDIFFERENT,3:05,185,Up4_PXw70AQ,2024-02-25T00:30:32Z,gh-477
Do Wrong Right,The Devil Makes Three,Do Wrong Right,,INDIFFERENT,4:22,262,sJkInfxSgW0,2024-02-25T00:26:10Z,gh-477
Ain't Nobody Gonna Miss Me When I'm Gone,Tony Rice,Tony Rice Plays And Sings Bluegrass,False,INDIFFERENT,2:52,172,tSW6PHdN7dY,2024-02-25T00:23:18Z,gh-477
Back in the Goodle Days,"Chris Coole, John Showman",Much Further out Than Inevitable: A Fiddle and Banjo Tribute to Some Music of John Hartford,,INDIFFERENT,2:48,168,BMMvOIny1N8,2024-02-25T00:20:30Z,gh-477
Mike and John in the Wilderness,"Chris Coole, John Showman",Much Further out Than Inevitable: A Fiddle and Banjo Tribute to Some Music of John Hartford,,INDIFFERENT,2:28,148,ziYhDzR1ZMc,2024-02-25T00:18:02Z,gh-477
Howard Hugh's Blues,"Chris Coole, John Showman",Much Further out Than Inevitable: A Fiddle and Banjo Tribute to Some Music of John Hartford,,INDIFFERENT,3:06,186,QXhA392CkA4,2024-02-25T00:14:56Z,gh-477
Stamboat Whistle Blues,"Chris Coole, John Showman",Much Further out Than Inevitable: A Fiddle and Banjo Tribute to Some Music of John Hartford,,INDIFFERENT,3:23,203,UIJW3UgEqmI,2024-02-25T00:11:33Z,gh-477
First Girl I Loved,"Chris Coole, John Showman",Much Further out Than Inevitable: A Fiddle and Banjo Tribute to Some Music of John Hartford,,INDIFFERENT,4:31,271,366K0WlaoW4,2024-02-25T00:07:02Z,gh-477
Over the Road to Maysville,"Chris Coole, John Showman",Much Further out Than Inevitable: A Fiddle and Banjo Tribute to Some Music of John Hartford,,INDIFFERENT,3:56,236,g-Ta9mb6tjc,2024-02-25T00:03:06Z,gh-477
Long Hot Summer Days,"Chris Coole, John Showman",Much Further out Than Inevitable: A Fiddle and Banjo Tribute to Some Music of John Hartford,,INDIFFERENT,3:01,181,pGr0pnan_Os,2024-02-25T00:00:05Z,gh-477
Grandmammy Look at Uncle Sam,"Chris Coole, John Showman",Much Further out Than Inevitable: A Fiddle and Banjo Tribute to Some Music of John Hartford,,INDIFFERENT,2:39,159,VFLc18eckjs,2024-02-24T23:57:26Z,gh-477
On the Road,"Chris Coole, John Showman",Much Further out Than Inevitable: A Fiddle and Banjo Tribute to Some Music of John Hartford,,INDIFFERENT,4:03,243,DMaNO3Ipkwo,2024-02-24T23:53:23Z,gh-477
The Julia Belle Swain,"Chris Coole, John Showman",Much Further out Than Inevitable: A Fiddle and Banjo Tribute to Some Music of John Hartford,,INDIFFERENT,5:03,303,w82tVg8a1pc,2024-02-24T23:48:20Z,gh-477
Don't Leave Your Records in the Sun,"Chris Coole, John Showman",Much Further out Than Inevitable: A Fiddle and Banjo Tribute to Some Music of John Hartford,,INDIFFERENT,2:47,167,t_2GTfGqpNQ,2024-02-24T23:45:33Z,gh-477
Teddy Bears' Picnic,"David Grisman, Jerry Garcia",Not For Kids Only,False,INDIFFERENT,4:27,267,-9AUiLJnoDg,2024-02-24T23:41:06Z,gh-477
"Blackjack Davy (feat. Andrew Marlin, Noam Pikelny, Chris Eldridge & Alex Hargreaves)",Mighty Poplar,Mighty Poplar,,INDIFFERENT,3:07,187,cgc_BbcfOCg,2024-02-24T23:37:59Z,gh-477
Howard Hughes Blues,Robert Ellis & Courtney Hartman,Dear John,,LIKE,2:50,170,dRQMM47WlW0,2024-02-24T23:35:09Z,gh-477
"Let Him Go on Mama (feat. Andrew Marlin, Noam Pikelny, Chris Eldridge & Alex Hargreaves)",Mighty Poplar,Mighty Poplar,,INDIFFERENT,4:10,250,9CLcIOv4MtY,2024-02-24T23:30:59Z,gh-477
Ye Jacobites By Name,Ian Bruce,The King Has Landed,False,INDIFFERENT,3:01,181,MygaENlJDWc,2024-02-24T23:27:58Z,gh-477
"Little Joe (feat. Andrew Marlin, Noam Pikelny, Chris Eldridge & Alex Hargreaves)",Mighty Poplar,Mighty Poplar,,LIKE,3:04,184,xQ-kxkDP8H0,2024-02-24T23:24:54Z,gh-477
Argile Mou Giati Svinis,"Eleni Tsaligopoulou, Imam Baildi, Isvoleas",The Imam Baildi Cookbook,False,INDIFFERENT,5:09,309,p9ZigT4HKKk,2024-02-24T23:19:45Z,gh-477
A Thousand Shapes of Change,Tommy Guerrero,Sunshine Radio,,INDIFFERENT,3:55,235,G-L-IykvHA4,2024-02-24T23:15:50Z,gh-477
Poso Lipame (Remix),"Imam Baildi, Sofia Vebo",Imam Baildi,,LIKE,4:19,259,i5anQOAebeM,2024-02-24T21:23:01Z,gh-476
Ten Dollar High,Medeski Martin & Wood,Uninvisible,False,INDIFFERENT,3:43,223,30Knv_ZJ9-A,2024-02-24T21:19:18Z,gh-476
The Meeting,Hugo Kant,Out Of Time,False,INDIFFERENT,4:36,276,WaF72tZyDsI,2024-02-24T21:14:42Z,gh-476
Hipps,El Michels Affair,Adult Themes,False,INDIFFERENT,3:29,209,IC5VqwM8pp8,2024-02-24T21:11:13Z,gh-476
Division,Tycho,Epoch,,INDIFFERENT,3:59,239,iqe_3zbWakA,2024-02-24T21:07:14Z,gh-476
Sousta,Imam Baildi,Imam Baildi,,INDIFFERENT,6:18,378,w5vW1ZTk07A,2024-02-24T21:00:56Z,gh-476
Dimeni San Arhodissa (Remix),"Imam Baildi, Ioanna Georgakopoulou, Stelios Keromitis",Imam Baildi,,INDIFFERENT,3:50,230,TQJqH3OaqOg,2024-02-24T20:57:06Z,gh-476
Ta Xena Heria,Imam Baildi,Imam Baildi,,INDIFFERENT,4:48,288,fJUAKRTQVMM,2024-02-24T20:52:18Z,gh-476
To Minore Tis Avgis (Remix),Imam Baildi,Imam Baildi,,INDIFFERENT,4:31,271,uAXN-fF0A-E,2024-02-24T20:47:47Z,gh-476
Comely,Imam Baildi,Imam Baildi,,INDIFFERENT,5:48,348,60INuggcIqo,2024-02-24T20:41:59Z,gh-476
O Pasatebos (Remix),"Imam Baildi, Ioanna Georgakopoulou, Manolis Hiotis",Imam Baildi,,LIKE,4:53,293,071hUw3KCTM,2024-02-24T20:37:06Z,gh-476
Samba Clarina,Imam Baildi,Imam Baildi,,INDIFFERENT,4:12,252,__VVOYVVsiI,2024-02-24T20:32:54Z,gh-476
Den Thelo Pia Na Xanarthis (Remix),"Imam Baildi, Manolis Hiotis, Meri Lida",Imam Baildi,,INDIFFERENT,3:32,212,6AUsfSpud7o,2024-02-24T20:29:22Z,gh-476
I Zoi Mas Ine Ligi (Remix),"Imam Baildi, Sofia Vebo",Imam Baildi,,INDIFFERENT,5:48,348,XT2R5paKPtk,2024-02-24T20:23:34Z,gh-476
Lausd,Jurassic 5,Quality Control,False,INDIFFERENT,4:08,248,CSpKXQpJFJs,2024-02-24T20:19:26Z,gh-476
Contact,Jurassic 5,Quality Control,False,INDIFFERENT,1:16,76,JXC_ic0E3No,2024-02-24T20:18:10Z,gh-476
Buddy (feat. Jungle Brothers & Q-Tip),De La Soul,3 Feet High and Rising,True,INDIFFERENT,4:55,295,Sk73NThhUno,2024-02-24T20:13:15Z,gh-476
Quality Control,Jurassic 5,Quality Control,True,LIKE,4:49,289,iNlhYgHMD6A,2024-02-24T20:08:26Z,gh-476
The Contrarian,Ivan the Tolerable,Wild Nature,,INDIFFERENT,8:09,489,DaI1bZ32HXQ,2024-02-24T06:20:21Z,gh-471
Queen of Quilts,Ivan the Tolerable,Wild Nature,,LIKE,4:19,259,XNAw3a95DUE,2024-02-24T06:16:02Z,gh-471
Catch Me Up,Gomez,Split The Difference,False,INDIFFERENT,3:48,228,6avYxnaX4sI,2024-02-24T06:12:14Z,gh-471
Mean Mother Blues,Seldom Scene,Act 3,True,LIKE,3:03,183,k5Sz1rG7vRA,2024-02-24T06:09:11Z,gh-471
Lonesome Road,Madeleine Peyroux,Careless Love,False,INDIFFERENT,3:12,192,l646BNzDWZ4,2024-02-24T06:05:59Z,gh-471
This Is the Life,"""Weird Al"" Yankovic",Dare To Be Stupid,True,LIKE,3:07,187,7EvkWFR83yY,2024-02-24T06:02:52Z,gh-471
California Sober (feat. Willie Nelson),Billy Strings,California Sober,True,LIKE,3:51,231,AmxvLgvc8IE,2024-02-24T05:59:01Z,gh-471
Scaled to Survive,Leyla McCalla,Sun Without the Heat,,LIKE,3:32,212,x0YHv1G4JLk,2024-02-23T18:26:55Z,gh-467
Atlantic Oscillations,Quantic,Atlantic Oscillations,False,INDIFFERENT,5:52,352,r6ap1cxsXYQ,2024-02-23T18:21:03Z,gh-467
Be Real,Kolter,"KOLTERCAMP, Vol. I",False,INDIFFERENT,7:34,454,KVKA-D3BqAY,2024-02-23T18:13:29Z,gh-467
Go Slow,Boogie Belgique,Volta,False,INDIFFERENT,3:57,237,GvsFQDBJZe0,2024-02-23T18:09:32Z,gh-467
Acquamarina,Erobique,No. 2,False,INDIFFERENT,4:17,257,9QfU9Q4SLjA,2024-02-23T18:05:15Z,gh-467
Lightenup,Parcels,Parcels,False,INDIFFERENT,3:58,238,e95AYrvZIno,2024-02-23T18:01:17Z,gh-467
One True Light (Mixed),Crazy P,Bargrooves Summer 2018 (Mixed),False,INDIFFERENT,4:50,290,ZAl3QqXDukg,2024-02-23T17:56:27Z,gh-467
Feel Alive,The Dreggs,Feel Alive,False,INDIFFERENT,3:28,208,vi4nkOteMaw,2024-02-23T17:52:59Z,gh-467
Cosmic Backseat Education,Blitzen Trapper,Cosmic Backseat Education,False,INDIFFERENT,3:20,200,OpVXGvnqV6w,2024-02-23T17:49:39Z,gh-467
A Love International,Khruangbin,A Love International,False,INDIFFERENT,4:16,256,p7HJi7VLF0w,2024-02-23T17:45:23Z,gh-467
Mantas,Erobique,No. 2,False,INDIFFERENT,5:16,316,rlrsiQvqGzQ,2024-02-23T17:40:07Z,gh-467
Queen of Quilts,Ivan the Tolerable,Wild Nature,,INDIFFERENT,4:19,259,XNAw3a95DUE,2024-02-23T15:23:41Z,gh-466
Broken Pencils,Ivan the Tolerable,Firefighters in Reverse,,INDIFFERENT,2:33,153,XMBp-KIM9HA,2024-02-23T12:38:37Z,gh-465
New Soap,Ivan the Tolerable,Firefighters in Reverse,,INDIFFERENT,2:45,165,twWMu63vOfU,2024-02-23T12:35:52Z,gh-465
Queen of Quilts,Ivan the Tolerable,Wild Nature,,INDIFFERENT,4:19,259,XNAw3a95DUE,2024-02-23T12:31:33Z,gh-465
Autoportrait,Ivan the Tolerable,Firefighters in Reverse,,INDIFFERENT,3:18,198,bXZD5uTpfMU,2024-02-23T12:28:15Z,gh-465
Wild Nature,Ivan the Tolerable,Firefighters in Reverse,,INDIFFERENT,3:44,224,PQFrNsmWH14,2024-02-23T12:24:31Z,gh-465
On Green Dolphin Street,The Tony Rice Unit,Backwaters,,INDIFFERENT,3:37,217,NdkPZUUcDEY,2024-02-23T12:20:54Z,gh-465
A Child Is Born,The Tony Rice Unit,Backwaters,,INDIFFERENT,3:36,216,c96lntKxHk8,2024-02-23T12:17:18Z,gh-465
My Favourite Things,The Tony Rice Unit,Backwaters,,INDIFFERENT,5:18,318,juN8Y-V7_Es,2024-02-23T12:12:00Z,gh-465
Backwaters,The Tony Rice Unit,Backwaters,,INDIFFERENT,6:11,371,R5Lm0gQbHn8,2024-02-23T12:05:49Z,gh-465
Just Some Bar In The French Quarters,The Tony Rice Unit,Backwaters,,INDIFFERENT,3:03,183,BLWIy04SaqM,2024-02-23T12:02:46Z,gh-465
Mobius Mambo,The Tony Rice Unit,Backwaters,,LIKE,5:26,326,FTCVDrmjQUk,2024-02-23T11:57:20Z,gh-465
There's Nothing New Under the Sun,The Clark McLane Band,Commonfolk,,INDIFFERENT,3:50,230,v_5S1S1eYJI,2024-02-23T11:53:30Z,gh-465
The Theme,The Clark McLane Band,Commonfolk,,LIKE,1:18,78,9Ll97FLz9_0,2024-02-23T11:52:12Z,gh-465
The One I Love is Gone,The Price Sisters,The Price Sisters,False,INDIFFERENT,3:35,215,uUKUzbVWvmY,2024-02-23T11:48:37Z,gh-465
Columbus Stockade Blues,"Doc Watson, Richard Watson",Third Generation Blues,False,INDIFFERENT,3:32,212,rVAXyZCbFdI,2024-02-23T11:45:05Z,gh-465
What Does The Deep Sea Say,"Doc Watson, Fred Price, & Clint Howard",Riding The Midnight Train,False,INDIFFERENT,3:33,213,LwSB8pt8bsY,2024-02-23T11:41:32Z,gh-465
"Daniel Donato's Cosmic Country 9/23/2023 Boulder, CO (Full Show)","21K views, Daniel Donato",,,LIKE,3:00:59,10859,Nrp1Mf3Z8iA,2024-02-23T03:29:31Z,gh-463
"Daniel Donato’s Cosmic Country “Blue Skies” 01/19/24 Hollywood, CA 4K","83 views, Todd Norris",,,INDIFFERENT,10:45,645,0Wm8W-pR2aw,2024-02-23T03:18:46Z,gh-463
"Blue Skies- Daniel Donato Cosmic Country Torrin Daniels 10/23/22 Park City Music Hall Bridgeport, CT","367 views, Matt Frazier",,,INDIFFERENT,5:43,343,RBMhhKfX3ws,2024-02-23T03:13:03Z,gh-463
"Daniel Donato's Cosmic Country - Blue Skies - Venice West - Venice, CA July 8, 2023","209 views, John Ziegwied-Front & Center Concert Videos",,,INDIFFERENT,7:33,453,B1e32JSjwx8,2024-02-23T03:05:30Z,gh-463
Deal,Jerry Garcia,Garcia,False,INDIFFERENT,3:12,192,C1IMWsWQrkY,2024-02-23T03:21:48Z,gh-462
Transdermal Celebration,Ween,Quebec,False,INDIFFERENT,3:26,206,Nt9uNomdCHg,2024-02-23T03:18:22Z,gh-462
The Argus,Ween,Quebec,False,INDIFFERENT,4:54,294,Y3qguNFflow,2024-02-23T03:13:28Z,gh-462
Esperanza,Hermanos Gutiérrez,Esperanza,True,LIKE,5:29,329,mlIMIJIcpn8,2024-02-23T03:07:59Z,gh-462
Long Monday,John Prine,Fair and Square,False,INDIFFERENT,3:23,203,na9krSY8qso,2024-02-23T03:04:36Z,gh-462
"Conspiracies, Cults & UFOs",John R. Miller,"Conspiracies, Cults & UFOs",,LIKE,2:53,173,dTc_IQiUXtI,2024-02-23T03:01:43Z,gh-462
Insomnia Blues,John R. Miller,Heat Comes Down,True,LIKE,4:01,241,L1pRpcEhT0c,2024-02-23T02:57:42Z,gh-462
The Railroad Boy,Vandaveer,"Oh, Willie, Please...",,INDIFFERENT,4:13,253,pVLCWMjbefI,2024-02-23T01:22:56Z,gh-461
Omie Wise,Vandaveer,"Oh, Willie, Please...",,INDIFFERENT,4:46,286,AjgpPqG7v1E,2024-02-23T01:18:10Z,gh-461
Pretty Polly,Vandaveer,"Oh, Willie, Please...",,INDIFFERENT,3:49,229,9Sejo_rSr0Y,2024-02-23T01:14:21Z,gh-461
The Banks Of The Ohio,Vandaveer,"Oh, Willie, Please...",,INDIFFERENT,4:04,244,rf8ckGk0Yt4,2024-02-23T01:10:17Z,gh-461
"Grey Eagle (feat. Andrew Marlin, Noam Pikelny, Chris Eldridge & Alex Hargreaves)",Mighty Poplar,Grey Eagle / A Distant Land to Roam,False,INDIFFERENT,3:50,230,lgQ03n__Xzc,2024-02-23T01:06:27Z,gh-461
"Little Joe (feat. Andrew Marlin, Noam Pikelny, Chris Eldridge & Alex Hargreaves)",Mighty Poplar,Mighty Poplar,,LIKE,3:04,184,xQ-kxkDP8H0,2024-02-23T01:03:23Z,gh-461
I'm New Here,Gil Scott-Heron,I'm New Here,,LIKE,3:34,214,dcfZcQQqneM,2024-02-22T21:23:53Z,gh-460
Oh Babe It Ain't No Lie,"David Rawlings, Gillian Welch",All The Good Times,True,LIKE,4:25,265,ltW9poRvS58,2024-02-22T21:19:28Z,gh-460
Poso Lipame (Remix),"Imam Baildi, Sofia Vebo",Imam Baildi,,LIKE,4:19,259,i5anQOAebeM,2024-02-22T21:15:09Z,gh-460
Mole in the Ground,Joe Walsh,Sweet Loam,,LIKE,3:33,213,sEQLMr54EnY,2024-02-22T21:11:36Z,gh-460
Carol Brown,Flight of the Conchords,I Told You I Was Freaky,True,LIKE,3:26,206,Hz5SFQsLzAg,2024-02-22T21:08:10Z,gh-460
"Little Joe (feat. Andrew Marlin, Noam Pikelny, Chris Eldridge & Alex Hargreaves)",Mighty Poplar,Mighty Poplar,,LIKE,3:04,184,xQ-kxkDP8H0,2024-02-22T21:05:06Z,gh-460
Shocked,The Disco Biscuits,"2024/02/06 Aspen, CO",,INDIFFERENT,14:56,896,LpKHHYho31Y,2024-02-22T20:50:10Z,gh-460
M.E.M.P.H.I.S.,The Disco Biscuits,"2024/02/06 Aspen, CO",,LIKE,25:52,1552,cnsTtaqnarc,2024-02-22T20:24:18Z,gh-460
Wondering,Widespread Panic,Everyday,False,INDIFFERENT,3:55,235,FSnzHBO2UbA,2024-02-22T20:20:23Z,gh-460
Doin' things Right,Billy Strings,Turmoil & Tinfoil,,INDIFFERENT,4:14,254,7BQ3s0VylVg,2024-02-22T20:16:09Z,gh-460
Excuse Me While I Break My Own Heart Tonight (Strangers Almanac Album Version),Whiskeytown,Strangers Almanac,False,INDIFFERENT,3:15,195,b1Pz3uG3SQs,2024-02-22T20:12:54Z,gh-460
Shine,Trey Anastasio,Shine,False,INDIFFERENT,3:09,189,nzehK2y9nrE,2024-02-22T20:09:45Z,gh-460
Eleanor Rigby (Live) (feat. Jerry Garcia Band),Jerry Garcia Band,"After Midnight: Kean College, 2/28/80",False,INDIFFERENT,3:21,201,9I-7x1QZ0qU,2024-02-22T20:06:24Z,gh-460
Blank Stare,Shubh Saran,Hmayra,False,INDIFFERENT,4:35,275,3IwN0mrmL4M,2024-02-22T20:01:49Z,gh-460
Nobody's Loss,Widespread Panic,Til the Medicine Takes,,INDIFFERENT,4:59,299,TYH1vnn5naQ,2024-02-22T19:56:50Z,gh-460
All Time Low,Widespread Panic,Til the Medicine Takes,,INDIFFERENT,4:10,250,HO_7bbEPo-4,2024-02-22T19:52:40Z,gh-460
Christmas Katie,Widespread Panic,Til the Medicine Takes,,INDIFFERENT,5:28,328,NUdPUPISYOM,2024-02-22T19:47:12Z,gh-460
One Arm Steve,Widespread Panic,Til the Medicine Takes,,INDIFFERENT,3:26,206,Pz8-H4gBBo0,2024-02-22T19:43:46Z,gh-460
Blue Indian,Widespread Panic,Til the Medicine Takes,,LIKE,4:53,293,Ph4EvL5dwD4,2024-02-22T19:38:53Z,gh-460
Bear's Gone Fishin',Widespread Panic,Til the Medicine Takes,,INDIFFERENT,4:24,264,Rza5eWjYAPs,2024-02-22T19:34:29Z,gh-460
Surprise Valley,Widespread Panic,Til the Medicine Takes,,INDIFFERENT,6:15,375,1bWQDrSfzz0,2024-02-22T19:28:14Z,gh-460
What Your Soul Sings (Remastered 2006),Massive Attack,Collected,,INDIFFERENT,6:38,398,tpeyWd23LHM,2024-02-22T19:21:36Z,gh-460
Risingson (Remastered 2006),Massive Attack,Collected,,INDIFFERENT,4:58,298,IPYPPkCAdCM,2024-02-22T19:16:38Z,gh-460
Unfinished Sympathy (Remastered 2006),Massive Attack,Collected,,INDIFFERENT,5:13,313,kw1LsAU6laY,2024-02-22T19:11:25Z,gh-460
Butterfly Caught (Remastered 2006),Massive Attack,Collected,,INDIFFERENT,5:09,309,wytCI0gTfVw,2024-02-22T19:06:16Z,gh-460
Protection (Remastered 2006) (feat. Tracey Thorn),Massive Attack,Collected,,INDIFFERENT,7:46,466,HqlUQaZgduo,2024-02-22T18:58:30Z,gh-460
Inertia Creeps (Remastered 2006),Massive Attack,Collected,,INDIFFERENT,5:55,355,8FWsVkrIRlQ,2024-02-22T18:52:35Z,gh-460
Teardrop (Remastered 2006) (feat. Elizabeth Fraser),Massive Attack,Collected,,INDIFFERENT,5:29,329,jXxMNuKsQJ4,2024-02-22T18:47:06Z,gh-460
Angel (Remastered 2006) (feat. Horace Andy),Massive Attack,Collected,,INDIFFERENT,6:15,375,DKe1CRmavTU,2024-02-22T18:40:51Z,gh-460
Karmacoma (Remastered 2006),Massive Attack,Collected,,INDIFFERENT,5:14,314,XHXsBrsUnqU,2024-02-22T18:35:37Z,gh-460
Safe From Harm (Remastered 2006),Massive Attack,Collected,,INDIFFERENT,5:20,320,qj-X380FBoM,2024-02-22T18:30:17Z,gh-460
Protection (feat. Tracey Thorn),Massive Attack,Protection,False,INDIFFERENT,7:52,472,h3-PvKIc3e4,2024-02-22T18:22:25Z,gh-460
Panhandle Country,"Bobby Hicks, Kenny Baker",Darkness On The Delta,,INDIFFERENT,1:54,114,_DLUT37TUgI,2024-02-22T18:20:31Z,gh-460
Silver Bells,"Bobby Hicks, Kenny Baker",Darkness On The Delta,,INDIFFERENT,2:47,167,fLJSD9B5g4U,2024-02-22T18:17:44Z,gh-460
Chuck-A-Luck,"Bobby Hicks, Kenny Baker",Darkness On The Delta,,INDIFFERENT,2:25,145,B2FJget83f0,2024-02-22T18:15:19Z,gh-460
Farewell Blues,"Bobby Hicks, Kenny Baker",Darkness On The Delta,,INDIFFERENT,2:48,168,O2B0RDq0X0o,2024-02-22T18:12:31Z,gh-460
Westphalia Waltz,"Bobby Hicks, Kenny Baker",Darkness On The Delta,,INDIFFERENT,3:40,220,H7lcMgt0ZBI,2024-02-22T18:08:51Z,gh-460
Tallahassee,"Bobby Hicks, Kenny Baker",Darkness On The Delta,,INDIFFERENT,2:15,135,qB36fHrwL50,2024-02-22T18:06:36Z,gh-460
Faded Love,"Bobby Hicks, Kenny Baker",Darkness On The Delta,,INDIFFERENT,3:17,197,8MteCcJVH4A,2024-02-22T18:03:19Z,gh-460
Louisville Breakdown,"Bobby Hicks, Kenny Baker",Darkness On The Delta,,INDIFFERENT,2:17,137,j5jbi61G-Q0,2024-02-22T18:01:02Z,gh-460
McHattie's Waltz,"Bobby Hicks, Kenny Baker",Darkness On The Delta,,INDIFFERENT,3:26,206,iPbnKy-Mt34,2024-02-22T17:57:36Z,gh-460
Darkness On The Delta,"Bobby Hicks, Kenny Baker",Darkness On The Delta,,INDIFFERENT,3:10,190,Ei4f--Txyrs,2024-02-22T17:54:26Z,gh-460
Roanoke,"Bobby Hicks, Kenny Baker",Darkness On The Delta,,INDIFFERENT,2:29,149,8cmcu1mUND0,2024-02-22T17:51:57Z,gh-460
Aubrey Haynie - Mc Hattie´s waltz,"692 views, Our Kitchen",,,INDIFFERENT,3:21,201,QtsB9kNpnrI,2024-02-22T17:48:36Z,gh-460
Up On The Blue Ridge - Scott Vestal,"35K views, 81crowe",,,INDIFFERENT,3:28,208,3HtKisER9gk,2024-02-22T17:45:08Z,gh-460
"""St. Anne's Reel"" - Mandolin","17K views, Jim Denman",,,INDIFFERENT,2:23,143,9J0c-rOH4kc,2024-02-22T17:42:45Z,gh-460
Midnight on the Water (Instrumental),"Mark Howard, Matt Combs, Stuart Duncan",Smoky Mountain Old Time Traditions,False,INDIFFERENT,2:56,176,t-5EEJgPi50,2024-02-22T17:39:49Z,gh-460
Old Spinning Wheel (Instrumental),"Mark Howard, Stuart Duncan",Smoky Mountain Old Time Traditions,False,INDIFFERENT,2:40,160,N5CZ-PiT6lw,2024-02-22T17:37:09Z,gh-460
Tennessee Waltz (Instrumental),"Mark Howard, Stuart Duncan",Smoky Mountain Old Time Traditions,True,LIKE,3:10,190,YbuyCIbfeM0,2024-02-22T17:33:59Z,gh-460
Wildwood Flower (Instrumental),"Alisa Jones, Mark Howard, Stuart Duncan",Smoky Mountain Old Time Traditions,False,INDIFFERENT,2:26,146,8hGK5sFIjY4,2024-02-22T17:31:33Z,gh-460
Westphalia Waltz (Instrumental),"Alisa Jones, Mark Howard, Stuart Duncan",Smoky Mountain Old Time Traditions,False,INDIFFERENT,3:34,214,xLTUNdF8d_M,2024-02-22T17:27:59Z,gh-460
Mountain Home (Instrumental),"Mark Howard, Stuart Duncan",Smoky Mountain Old Time Traditions,False,INDIFFERENT,2:56,176,FbARyvXbnLg,2024-02-22T17:25:03Z,gh-460
Oxford Comma,Vampire Weekend,Vampire Weekend,False,INDIFFERENT,3:16,196,Xol4RPRnuXQ,2024-02-22T17:21:47Z,gh-460
The Endless Road,Tommy Guerrero,Road to Knowhere,,INDIFFERENT,4:58,298,qTsgZ6l_S5w,2024-02-22T17:16:49Z,gh-460
Where Water Once Was,Tommy Guerrero,Road to Knowhere,,INDIFFERENT,3:30,210,tLVSomAfAXc,2024-02-22T17:13:19Z,gh-460
A Distant Closeness,Tommy Guerrero,Road to Knowhere,,INDIFFERENT,3:07,187,5u6kPca43Ss,2024-02-22T17:10:12Z,gh-460
Postcard Home,Tommy Guerrero,Road to Knowhere,,INDIFFERENT,3:30,210,e-TRJr5tt48,2024-02-22T17:06:42Z,gh-460
Slow Roll,Tommy Guerrero,Road to Knowhere,,INDIFFERENT,3:11,191,Sdh6U945PI0,2024-02-22T17:03:31Z,gh-460
Sidewalk Soul,Tommy Guerrero,Road to Knowhere,,INDIFFERENT,4:53,293,CIxz8AEAgSI,2024-02-22T16:58:38Z,gh-460
Heat in the Streets,Tommy Guerrero,Road to Knowhere,,INDIFFERENT,3:13,193,JhZDP8hkJnU,2024-02-22T16:55:25Z,gh-460
Silent Miles (Bonus Track),Tommy Guerrero,Road to Knowhere,,INDIFFERENT,2:57,177,hZMRSM8c8as,2024-02-22T16:52:28Z,gh-460
Headin West (Bonus Track),Tommy Guerrero,Road to Knowhere,,INDIFFERENT,2:58,178,pr7hgE2t5Yk,2024-02-22T16:49:30Z,gh-460
Los padres,Tommy Guerrero,Road to Knowhere,,INDIFFERENT,4:02,242,hKigd2bn3pM,2024-02-22T16:45:28Z,gh-460
Highway Hustle,Tommy Guerrero,Road to Knowhere,,INDIFFERENT,3:34,214,H_mfhywcKDw,2024-02-22T16:41:54Z,gh-460
White Sands,Tommy Guerrero,Road to Knowhere,,INDIFFERENT,2:59,179,AAHjDgtYTiI,2024-02-22T16:38:55Z,gh-460
El camino negro,Tommy Guerrero,Road to Knowhere,,LIKE,5:08,308,F5UlllPBfCw,2024-02-22T16:33:47Z,gh-460
"Jordan (feat. Ricky Skaggs, Mo Pitney & Mark Fain)",Darin & Brooke Aldridge,Jordan,False,INDIFFERENT,3:05,185,nRLsEV32Plg,2024-02-22T09:25:46Z,gh-456
David Grisman - Neon Tetra,"21K views, Joey Jo-Jo Junior Shabadoo",,,INDIFFERENT,6:29,389,-YhUjjCNkm0,2024-02-22T09:19:17Z,gh-456
Tony Rice Unit - My Favorite Things,"562 views, Maya Danieli",,,LIKE,5:10,310,Xin7hebjkBg,2024-02-22T09:14:07Z,gh-456
Undone In Sorrow,Crooked Still,Still Crooked,False,INDIFFERENT,3:06,186,1bbeoCV3lOs,2024-02-22T06:27:18Z,gh-455
Freeborn Man,Tony Rice,Guitar,,INDIFFERENT,2:50,170,bKgFB4V5wtE,2024-02-22T06:24:28Z,gh-455
The Garden (from The Hunger Games: The Ballad of Songbirds & Snakes),Sierra Ferrell,The Hunger Games: The Ballad of Songbirds & Snakes (Music From & Inspired By),,LIKE,3:43,223,oqyL-fDiXkU,2024-02-22T06:20:45Z,gh-455
Bury Me Beneath The Willow (from The Hunger Games: The Ballad of Songbirds & Snakes),Molly Tuttle,The Hunger Games: The Ballad of Songbirds & Snakes (Music From & Inspired By),,LIKE,3:43,223,otqQ8yVnIqE,2024-02-22T06:17:02Z,gh-455
Tried,"BADBADNOTGOOD, Little Dragon",Tried,False,INDIFFERENT,3:33,213,nZcV8DQhQsc,2024-02-22T06:13:29Z,gh-455
Good to Be Back Home (feat. Menahan Street Band),Charles Bradley,Changes,False,INDIFFERENT,3:02,182,SkioNKJMSUY,2024-02-22T06:10:27Z,gh-455
Tunnel Vision,"Kelly Finnigan, Monophonics",It's Only Us,False,INDIFFERENT,5:21,321,CDGf2gntq_U,2024-02-22T06:05:06Z,gh-455
Maiden's Prayer,"Grisman, Kobialka, Buffalo, Kerwin, and Nyggaard",Common Chord,,LIKE,3:44,224,FWNKtk0gTJo,2024-02-21T23:36:02Z,gh-452
Wayfaring Strager,"Grisman, Ickes, Meyer, Nygaard",Common Chord,,LIKE,5:37,337,Zkw9BXapoWA,2024-02-21T23:30:25Z,gh-452
Midnight on the Water,"Grisman, Meyer, Kobialka, Buffalo, Trischka, and Nygaard",Common Chord,,INDIFFERENT,4:17,257,Lwg6jocv3Yc,2024-02-21T23:26:08Z,gh-452
Eighth of January,"Grisman, Nygaard, Meyer, Kobialka, Buffalo, and Trischka",Common Chord,,INDIFFERENT,3:02,182,NsoZ_xDACE8,2024-02-21T23:23:06Z,gh-452
Dark is a Dungeon,"Grisman, Kobialka, Buffalo, Kerwin, and Coria",Common Chord,,INDIFFERENT,5:52,352,oI0Uz0jfw-k,2024-02-21T23:17:14Z,gh-452
Barbara Allen,"Grisman, Kerwin, Kobialka, Nygaard",Common Chord,,INDIFFERENT,3:43,223,M6TW_3mIf70,2024-02-21T23:13:31Z,gh-452
Blackberry Turnpike,"Grisman, Kobialka, Meyer, Nygaard",Common Chord,,INDIFFERENT,5:02,302,Tg5P08tXlPc,2024-02-21T21:22:26Z,gh-451
Ashokan Farewell,"Garcia, Grisman, Meyer, Nygaard",Common Chord,,INDIFFERENT,5:20,320,T_xnnAnZOGA,2024-02-21T21:17:06Z,gh-451
Wayfaring Strager,"Grisman, Ickes, Meyer, Nygaard",Common Chord,,LIKE,5:37,337,Zkw9BXapoWA,2024-02-21T21:11:29Z,gh-451
I Ain't Broke But I'm Badly Bent,Old & In The Way,That High Lonesome Sound,False,INDIFFERENT,2:52,172,PjEBpLwarsM,2024-02-21T21:08:37Z,gh-451
Hadley's Lament,The Henhouse Prowlers,A Dark Rumor,False,INDIFFERENT,3:54,234,szqx3XraF0k,2024-02-21T21:04:43Z,gh-451
Angel's Waltz (feat. Bobby Hicks),Mike Barnett featuring Bobby Hicks,Portraits in Fiddles,False,INDIFFERENT,3:33,213,YtWNf9OgHdo,2024-02-21T21:01:10Z,gh-451
Okeechobee Wind (feat. Jesse McReynolds),Mike Barnett featuring Jesse McReynolds,Portraits in Fiddles,False,INDIFFERENT,4:27,267,2c08nTcAGHQ,2024-02-21T20:56:43Z,gh-451
Midnight on the Water,"John Reischman, Scott Nygaard",The Harmonic Tone Revealers,False,INDIFFERENT,5:11,311,B-CPbYZ-ey0,2024-02-21T20:51:32Z,gh-451
Mc Hattie's Waltz,Aubrey Haynie,The Bluegrass Fiddle Album,,LIKE,3:21,201,w-dRJcJxDY4,2024-02-21T20:48:11Z,gh-451
The Girl Who Broke My Heart,"John Reischman, Scott Nygaard",The Harmonic Tone Revealers,True,LIKE,3:51,231,TnInlWva5_o,2024-02-21T20:44:20Z,gh-451
I Am a Pilgrim,"John Reischman, Scott Nygaard",The Harmonic Tone Revealers,True,LIKE,3:03,183,nAbDtQ7eto8,2024-02-21T20:41:17Z,gh-451
The Hobo Song,Old & In The Way,Breakdown,False,INDIFFERENT,4:58,298,-wq8S7fw-JQ,2024-02-21T20:36:19Z,gh-451
I'm On My Way Back To The Old Home,Old & In The Way,That High Lonesome Sound,False,INDIFFERENT,2:54,174,X8zggZXb6po,2024-02-21T20:33:25Z,gh-451
The Great Pretender,Old & In The Way,That High Lonesome Sound,True,LIKE,3:39,219,goE5qv5eh3M,2024-02-21T20:29:46Z,gh-451
I'll Break Out,Country Gentlemen,Live In Japan,,INDIFFERENT,4:12,252,1YKVL7Q8u80,2024-02-21T20:25:34Z,gh-451
Redwood Hill,Country Gentlemen,Live In Japan,,INDIFFERENT,3:05,185,ji9ynW8vstw,2024-02-21T20:22:29Z,gh-451
East Virginia Blues,Country Gentlemen,Live In Japan,,INDIFFERENT,3:09,189,DynWMwdIMsY,2024-02-21T20:19:20Z,gh-451
Foggy Mountain Breakdown,Country Gentlemen,Live In Japan,,INDIFFERENT,2:26,146,jz6DoyTBo1Y,2024-02-21T20:16:54Z,gh-451
Cripple Creek,Country Gentlemen,Live In Japan,,INDIFFERENT,4:06,246,vCZ9iQjjHk4,2024-02-21T20:12:48Z,gh-451
He Will Set Your Fields On Fire,Country Gentlemen,Live In Japan,,INDIFFERENT,4:17,257,znlXbBk18JA,2024-02-21T20:08:31Z,gh-451
Country Roads,Country Gentlemen,Live In Japan,,INDIFFERENT,2:53,173,efuhX6UJb8c,2024-02-21T20:05:38Z,gh-451
Walking Down The Line,Country Gentlemen,Live In Japan,,INDIFFERENT,2:14,134,pgLLQpWOnvc,2024-02-21T20:03:24Z,gh-451
Legend Of The Rebel Soldier,Country Gentlemen,Live In Japan,,INDIFFERENT,3:35,215,KBlDFfn4uEc,2024-02-21T19:59:49Z,gh-451
Train 45,Country Gentlemen,Live In Japan,,INDIFFERENT,4:07,247,GFrn6800XnA,2024-02-21T19:55:42Z,gh-451
Little Bessie,Country Gentlemen,Live In Japan,,INDIFFERENT,3:45,225,9qD7l5IxG0w,2024-02-21T19:51:57Z,gh-451
Fox On The Run,Country Gentlemen,Live In Japan,,INDIFFERENT,2:50,170,dsNeE6DeSsk,2024-02-21T19:49:07Z,gh-451
Matterhorn,Country Gentlemen,Live In Japan,,LIKE,3:14,194,4T2hzBJfrVY,2024-02-21T19:45:53Z,gh-451
Jerry Plays Tony's D-28,"David Grisman, Jerry Garcia, Tony Rice",The Pizza Tapes Extra Large Edition,,INDIFFERENT,5:48,348,ZEPdjRieW30,2024-02-21T19:40:05Z,gh-451
Drifting Too Far From Shore 1,"David Grisman, Jerry Garcia, Tony Rice",The Pizza Tapes Extra Large Edition,,INDIFFERENT,4:59,299,E0FKqW73Yuo,2024-02-21T19:35:06Z,gh-451
Nestles Quick,"David Grisman, Jerry Garcia, Tony Rice",The Pizza Tapes Extra Large Edition,,INDIFFERENT,1:13,73,4tPY7E49l-A,2024-02-21T19:33:53Z,gh-451
Drifting Too Far From Shore,"David Grisman, Jerry Garcia, Tony Rice",The Pizza Tapes Extra Large Edition,,INDIFFERENT,3:45,225,5n-FdgXDz7c,2024-02-21T19:30:08Z,gh-451
Rosa Lee McFall 2,"David Grisman, Jerry Garcia, Tony Rice",The Pizza Tapes Extra Large Edition,,INDIFFERENT,3:09,189,MCBQtjOvS-Y,2024-02-21T19:26:59Z,gh-451
Rosa Lee McFall 1,"David Grisman, Jerry Garcia, Tony Rice",The Pizza Tapes Extra Large Edition,,INDIFFERENT,3:14,194,Tn6J91sCMC8,2024-02-21T18:27:17Z,gh-450
Rosa Lee McFall/Run Through,"David Grisman, Jerry Garcia, Tony Rice",The Pizza Tapes Extra Large Edition,,INDIFFERENT,0:43,43,SM-baQIkt-U,2024-02-21T18:26:34Z,gh-450
Long Dark Veil 1/Incomplete,"David Grisman, Jerry Garcia, Tony Rice",The Pizza Tapes Extra Large Edition,,INDIFFERENT,2:49,169,BX9uWIFrwII,2024-02-21T18:23:45Z,gh-450
Long Dark Veil/Run Through,"David Grisman, Jerry Garcia, Tony Rice",The Pizza Tapes Extra Large Edition,,INDIFFERENT,6:54,414,DHvWaEpKz-0,2024-02-21T18:16:51Z,gh-450
Summertime,"David Grisman, Jerry Garcia, Tony Rice",The Pizza Tapes Extra Large Edition,,INDIFFERENT,5:49,349,AZvx1avM4Fo,2024-02-21T18:11:02Z,gh-450
Guitar Space,"David Grisman, Jerry Garcia, Tony Rice",The Pizza Tapes Extra Large Edition,,INDIFFERENT,3:20,200,WTgWj6E3h2A,2024-02-21T18:07:42Z,gh-450
Summertime/Run Through,"David Grisman, Jerry Garcia, Tony Rice",The Pizza Tapes Extra Large Edition,,INDIFFERENT,5:39,339,lgxriHUYlDo,2024-02-21T18:02:03Z,gh-450
Shady Grove 3,"David Grisman, Jerry Garcia, Tony Rice",The Pizza Tapes Extra Large Edition,,INDIFFERENT,9:06,546,U98zIFG-9Ps,2024-02-21T17:49:12Z,gh-449
Shady Grove 2,"David Grisman, Jerry Garcia, Tony Rice",The Pizza Tapes Extra Large Edition,,INDIFFERENT,5:04,304,aw4Wg5WUzLw,2024-02-21T17:44:08Z,gh-449
Shady Jam,"David Grisman, Jerry Garcia, Tony Rice",The Pizza Tapes Extra Large Edition,,INDIFFERENT,3:40,220,zPd5fUgUJRs,2024-02-21T17:40:28Z,gh-449
Shady Grove 1/Incomplete,"David Grisman, Jerry Garcia, Tony Rice",The Pizza Tapes Extra Large Edition,,INDIFFERENT,3:00,180,eBvuVcLdkUo,2024-02-21T17:37:28Z,gh-449
Shady Grove,"David Grisman, Jerry Garcia, Tony Rice",The Pizza Tapes Extra Large Edition,,INDIFFERENT,2:57,177,rrrOZScy_uo,2024-02-21T17:34:31Z,gh-449
Louis Collins 2,"David Grisman, Jerry Garcia, Tony Rice",The Pizza Tapes Extra Large Edition,,INDIFFERENT,6:09,369,lMaf1wuEoA8,2024-02-21T17:28:22Z,gh-449
Louis Collins 1,"David Grisman, Jerry Garcia, Tony Rice",The Pizza Tapes Extra Large Edition,,INDIFFERENT,7:13,433,P0x4UoDfXNs,2024-02-21T17:21:09Z,gh-449
Man of Constant Sorrow 2,"David Grisman, Jerry Garcia, Tony Rice",The Pizza Tapes Extra Large Edition,,INDIFFERENT,5:08,308,eDNwgxZfvp0,2024-02-21T17:16:01Z,gh-449
Constant Patter,"David Grisman, Jerry Garcia, Tony Rice",The Pizza Tapes Extra Large Edition,,INDIFFERENT,2:51,171,TW34kXY2zAw,2024-02-21T17:13:10Z,gh-449
Man of Constant Sorrow 1,"David Grisman, Jerry Garcia, Tony Rice",The Pizza Tapes Extra Large Edition,,INDIFFERENT,5:03,303,na94ANwO3ms,2024-02-21T17:08:07Z,gh-449
Always Late,"David Grisman, Jerry Garcia, Tony Rice",The Pizza Tapes Extra Large Edition,,INDIFFERENT,3:03,183,PPcdZ3ANemQ,2024-02-21T17:05:04Z,gh-449
Man of Constant Sorrow/Instrumental,"David Grisman, Jerry Garcia, Tony Rice",The Pizza Tapes Extra Large Edition,,INDIFFERENT,4:13,253,YViVpzdGsIA,2024-02-21T17:00:51Z,gh-449
Man of Constant Sorrow/Run Through,"David Grisman, Jerry Garcia, Tony Rice",The Pizza Tapes Extra Large Edition,,INDIFFERENT,4:53,293,AijmQou0oTw,2024-02-21T16:55:58Z,gh-449
Pizza Preamble,"David Grisman, Jerry Garcia, Tony Rice",The Pizza Tapes Extra Large Edition,,INDIFFERENT,2:13,133,NwUT5-UPpVk,2024-02-21T16:53:45Z,gh-449
Appetizer,"David Grisman, Jerry Garcia, Tony Rice",The Pizza Tapes,,INDIFFERENT,0:14,14,w6KzMbOJCkg,2024-02-21T16:53:31Z,gh-449
Mi Amor,Hermanos Gutiérrez,Eternamente,False,INDIFFERENT,4:26,266,g6kTEGEX7I0,2024-02-21T16:49:05Z,gh-449
Western Bronco,Hermanos Gutiérrez,Eternamente,False,INDIFFERENT,3:14,194,zuAeyfY5rqQ,2024-02-21T16:45:51Z,gh-449
El Mar,Hermanos Gutiérrez,Eternamente,False,INDIFFERENT,2:55,175,vwdQCS20nFs,2024-02-21T16:42:56Z,gh-449
Hijos Del Sol,Hermanos Gutiérrez,Eternamente,False,INDIFFERENT,2:57,177,Do183Jau5T8,2024-02-21T16:39:59Z,gh-449
El Jardin,Hermanos Gutiérrez,Eternamente,False,INDIFFERENT,3:21,201,x9gFBjQcP8w,2024-02-21T16:36:38Z,gh-449
Esperanza,Hermanos Gutiérrez,Eternamente,False,INDIFFERENT,5:29,329,btBPJSxGUIw,2024-02-21T16:31:09Z,gh-449
Mango,standards,Fruit Island,False,INDIFFERENT,3:11,191,nZIarhkvVys,2024-02-21T06:26:57Z,gh-445
Dusk 'Til Dawn,Staffan Carlén,There Is Always Tomorrow,False,INDIFFERENT,3:14,194,da5-uvj8xcQ,2024-02-21T06:23:43Z,gh-445
Slow Roll,Tommy Guerrero,Road to Knowhere,,INDIFFERENT,3:11,191,Sdh6U945PI0,2024-02-21T06:20:32Z,gh-445
La Verdad,Hermanos Gutiérrez,El Bueno Y El Malo,False,INDIFFERENT,3:59,239,oMk4fVjrfwc,2024-02-21T06:16:33Z,gh-445
Le Cimetière des Mouches,Meimuna,Le Cimetière des Mouches,False,INDIFFERENT,3:01,181,vxgE58o22ag,2024-02-21T06:13:32Z,gh-445
Master and Servant (feat. Mélanie Pain & Martin Gore),Nouvelle Vague,3,False,INDIFFERENT,3:20,200,p6k2qagKfvs,2024-02-21T06:10:12Z,gh-445
Sicily' Box (feat. Rocco Palladino),"Venna, Yussef Dayes, & Marco Bernardis",Sicily' Box,False,INDIFFERENT,4:06,246,w_a5mRbwr-o,2024-02-21T06:06:06Z,gh-445
Lecce 74,"El Búho, Yeahman",Ostriconi,False,INDIFFERENT,5:07,307,DKIHgu_kCUA,2024-02-21T06:00:59Z,gh-445
Brighter Than The Sun,Dustin Tebbutt,First Light,False,INDIFFERENT,4:51,291,GADKODYRwC8,2024-02-21T05:56:08Z,gh-445
A Calf Born in Winter (Live at Sydney Opera House),Khruangbin,Live at Sydney Opera House,False,INDIFFERENT,4:00,240,ilQGhLGWfZo,2024-02-21T05:52:08Z,gh-445
Totem Transport,Arc De Soleil,No Cardigan in Michigan Please (Prologue),False,INDIFFERENT,3:22,202,GsanQTBD4lQ,2024-02-21T05:48:46Z,gh-445
White Sands,Tommy Guerrero,Road to Knowhere,,INDIFFERENT,2:59,179,AAHjDgtYTiI,2024-02-21T05:45:47Z,gh-445
El Lobo Blanco,Hermanos Gutiérrez,Hoy Como Ayer,False,INDIFFERENT,3:35,215,GNieVJzP8u8,2024-02-21T05:42:12Z,gh-445
Jadiz,Boozoo Bajou,Lambique - EP,False,INDIFFERENT,4:26,266,rOHj15vqo2k,2024-02-21T05:37:46Z,gh-445
Cumbia del Olvido,Nicola Cruz,Prender el Alma,,INDIFFERENT,3:37,217,DGR_A47PN24,2024-02-21T05:34:09Z,gh-445
All That We Perceive,Thievery Corporation,The Richest Man In Babylon,False,INDIFFERENT,3:47,227,7HHiqHr0dtw,2024-02-21T05:30:22Z,gh-445
All of My Life,Kevin Morby,Still Life,False,INDIFFERENT,3:30,210,RGh05RNHbyc,2024-02-21T05:26:52Z,gh-445
Tecolotin,El Búho,Cenotes,,INDIFFERENT,4:23,263,k-YNiKlQTyU,2024-02-21T05:22:29Z,gh-445
She's Knocking,Ikebe Shakedown,The Way Home,False,INDIFFERENT,3:14,194,5gXrbaDHMrM,2024-02-21T05:19:15Z,gh-445
August 10,Khruangbin,Con Todo El Mundo,True,LIKE,4:25,265,NA48_XQcuwc,2024-02-21T05:14:50Z,gh-445
Miniyamba,"Yeahman, Hajna, & Mina Shankha",Shika Shika / Botanas Series,False,INDIFFERENT,4:11,251,HZlofxCghnQ,2024-02-21T05:10:39Z,gh-445
Ven a mi,Ours Samplus,Bepolar,False,INDIFFERENT,3:42,222,ehdxEAB3JDQ,2024-02-21T05:06:57Z,gh-445
Reflections of Now,Tommy Guerrero,Amber of Memory,False,INDIFFERENT,4:11,251,AunFgn7qbZU,2024-02-21T05:02:46Z,gh-445
Mumbo Sugar,Arc De Soleil,Libertalia,False,INDIFFERENT,3:09,189,1FSPY3aYVEg,2024-02-21T04:59:37Z,gh-445
Dorado Valley,Hermanos Gutiérrez,El Bueno Y El Malo,False,INDIFFERENT,3:27,207,ZnuLT3HltXI,2024-02-21T04:56:10Z,gh-445
Calixta,Hermanos Gutiérrez,Hijos Del Sol,,LIKE,3:10,190,IcOJoEAbbas,2024-02-21T03:21:30Z,gh-444
Railroad Vista,Hermanos Gutiérrez,Hijos Del Sol,,INDIFFERENT,2:45,165,g-8qJIttFZs,2024-02-21T03:18:45Z,gh-444
Sonora,Hermanos Gutiérrez,Hijos Del Sol,,INDIFFERENT,1:04,64,LZ38ikaznFE,2024-02-21T03:17:41Z,gh-444
Rain God,Hermanos Gutiérrez,Hijos Del Sol,,INDIFFERENT,2:25,145,6STh3SW9ORY,2024-02-21T03:15:16Z,gh-444
Nuevo Mundo,Hermanos Gutiérrez,Hijos Del Sol,,INDIFFERENT,4:25,265,g_nEsKduJC0,2024-02-21T03:10:51Z,gh-444
Agua Roja,Hermanos Gutiérrez,Hijos Del Sol,,INDIFFERENT,2:07,127,UlPJkghiiyI,2024-02-21T03:08:44Z,gh-444
Hijos Del Sol,Hermanos Gutiérrez,Hijos Del Sol,,INDIFFERENT,2:57,177,MJqXQ-NOFYM,2024-02-21T03:05:47Z,gh-444
Recuerdos,Hermanos Gutiérrez,Hijos Del Sol,,INDIFFERENT,1:03,63,X_FjmBpUOEs,2024-02-21T03:04:44Z,gh-444
Western Bronco,Hermanos Gutiérrez,Hijos Del Sol,,INDIFFERENT,3:14,194,sYR2__JDXXE,2024-02-21T03:01:30Z,gh-444
Mesa Redonda,Hermanos Gutiérrez,Hijos Del Sol,,INDIFFERENT,2:56,176,Q3bpkZ8i3JU,2024-02-21T02:58:34Z,gh-444
Road Song,Ikebe Shakedown,The Beast / Road Song,False,INDIFFERENT,3:01,181,oUqknxyD8k4,2024-02-21T02:55:33Z,gh-444
Tired of Fighting,Menahan Street Band,Make the Road By Walking,False,INDIFFERENT,3:32,212,F-OeFm6y384,2024-02-21T02:52:01Z,gh-444
By the Sea at the End of the World,Tommy Guerrero,Sunshine Radio,,LIKE,2:50,170,RRuCrMGZ1oQ,2024-02-21T01:26:06Z,gh-443
You Never Can Tell (C'est la Vie),Emmylou Harris,Profile: Best of Emmylou Harris,False,INDIFFERENT,3:27,207,-7S6XVoIVDI,2024-02-21T01:22:39Z,gh-443
Short Skirt / Long Jacket,CAKE,Comfort Eagle,False,INDIFFERENT,3:25,205,85zV1fpSJQ0,2024-02-21T01:19:14Z,gh-443
Where Did You Sleep Last Night,Jake Blount,Spider Tales,,INDIFFERENT,3:57,237,txQb-IU8AXc,2024-02-21T01:15:17Z,gh-443
More,Nils Frahm,Late Night Tales: Jon Hopkins,,INDIFFERENT,8:55,535,4IfRf7ybeRI,2024-02-20T21:18:18Z,gh-442
Verbena Tea with Rebekah Raff,Teebs,Late Night Tales: Jon Hopkins,,INDIFFERENT,4:24,264,-tdjDGzxDSE,2024-02-20T21:13:54Z,gh-442
Yr Love,Holy Other,Late Night Tales: Jon Hopkins,,INDIFFERENT,4:42,282,H8T8h_UOaVA,2024-02-20T21:09:12Z,gh-442
Hold Me Down,Darkstar,Late Night Tales: Jon Hopkins,,INDIFFERENT,7:17,437,yiscDwJOPwg,2024-02-20T21:01:55Z,gh-442
Sleepers Beat Theme,Ben Lukas Boysen,Late Night Tales: Jon Hopkins,,INDIFFERENT,4:37,277,rN6dGKRjX38,2024-02-20T20:57:18Z,gh-442
Radio Ballet,Eluvium,Copia,False,INDIFFERENT,3:12,192,7wJabCIbR0I,2024-02-20T20:54:06Z,gh-442
Requiem On Frankfort Ave,Eluvium,Copia,False,INDIFFERENT,2:41,161,DDsDz8MPiA8,2024-02-20T20:51:25Z,gh-442
Prelude For Time Feelers,Eluvium,Copia,False,INDIFFERENT,5:48,348,xuZnS2cNJhc,2024-02-20T20:45:37Z,gh-442
Seeing You Off The Edges,Eluvium,Copia,False,INDIFFERENT,5:03,303,3YWyjdGLDPI,2024-02-20T20:40:34Z,gh-442
Indoor Swimming At The Space Station,Eluvium,Copia,False,INDIFFERENT,10:29,629,83JW5ZhVSWc,2024-02-20T20:30:05Z,gh-442
Amreik,Eluvium,Copia,False,INDIFFERENT,3:18,198,0Tue2zPAXMY,2024-02-20T20:26:47Z,gh-442
Wien,Labradford,Fixed: : Context,False,INDIFFERENT,5:45,345,uSWSMzc2l-M,2024-02-20T20:21:02Z,gh-442
More Tea,ill.Gates,More Tea,False,INDIFFERENT,3:59,239,_awk88vCpTI,2024-02-20T20:17:03Z,gh-442
GUD VIBRATIONS,NGHTMRE & SLANDER,GUD VIBRATIONS,False,INDIFFERENT,3:44,224,7izcwIgIwHc,2024-02-20T20:13:19Z,gh-442
Bambaataa,"Boogie T, SubDocta",Old Gold EP,False,INDIFFERENT,4:05,245,Z8bM45YJBj0,2024-02-20T20:09:14Z,gh-442
Get Up And Dance!,The Record Company,Play Loud,False,INDIFFERENT,4:34,274,dF3JM7w3Kd4,2024-02-20T20:04:40Z,gh-442
Sabotage,Beastie Boys,Ill Communication,False,INDIFFERENT,2:59,179,B8CD2Rco8cQ,2024-02-20T20:01:41Z,gh-442
Learn My Lesson (EP Version),The Sheepdogs,Five Easy Pieces,False,INDIFFERENT,3:39,219,4kkB16j3KYA,2024-02-20T19:58:02Z,gh-442
Astro Funk,GRiZ,Astro Funk,False,INDIFFERENT,3:16,196,ZMEhD9dGEVg,2024-02-20T18:27:56Z,gh-441
Little Wires,Esseks,A HOLE IN THE FOURTH WALL,False,INDIFFERENT,3:15,195,x6SeMpYnsq0,2024-02-20T18:24:41Z,gh-441
Through Walls,Esseks,A HOLE IN THE FOURTH WALL,False,INDIFFERENT,3:25,205,DlTSoJ6C0zc,2024-02-20T18:21:16Z,gh-441
Badness,Esseks,A HOLE IN THE FOURTH WALL,False,INDIFFERENT,2:36,156,PRX7wmkv8Jg,2024-02-20T18:18:40Z,gh-441
Tunnels (feat. Wax Future),Esseks,A HOLE IN THE FOURTH WALL,False,INDIFFERENT,2:10,130,er9F600qznM,2024-02-20T18:16:30Z,gh-441
Bully,Esseks,A HOLE IN THE FOURTH WALL,False,INDIFFERENT,2:25,145,TfRIbnDAv3A,2024-02-20T18:14:05Z,gh-441
Heavy Meta,Esseks,A HOLE IN THE FOURTH WALL,False,INDIFFERENT,3:09,189,xXNa4ZXP5JU,2024-02-20T18:10:56Z,gh-441
Only1,Esseks,A HOLE IN THE FOURTH WALL,False,INDIFFERENT,2:59,179,32cOhYm2Nko,2024-02-20T18:07:57Z,gh-441
Use Me,Beans & Fatback,Use Me,False,INDIFFERENT,2:48,168,OtTbcNjBoIo,2024-02-20T18:05:09Z,gh-441
City Lights,Radio Moscow,Brain Cycles,False,INDIFFERENT,3:58,238,LnA3yDOOA8U,2024-02-20T18:01:11Z,gh-441
Sexx Laws,Beck,Midnite Vultures,False,INDIFFERENT,3:40,220,hrzB3mStz9Q,2024-02-20T17:57:31Z,gh-441
Black Halo,Black Pistol Fire,Look Alive,False,INDIFFERENT,3:27,207,NqwrUaMWumk,2024-02-20T17:54:04Z,gh-441
Figure It Out,Royal Blood,Royal Blood,False,INDIFFERENT,3:04,184,Qc2-2GEM4KY,2024-02-20T17:51:00Z,gh-441
Sweet Melancholia,The Red Goes Black,I Quit You Dead City,False,INDIFFERENT,6:09,369,VIrHRraln9w,2024-02-20T17:44:51Z,gh-441
Mega Gun,"Getter, MUST DIE!",Allegiance,False,INDIFFERENT,3:56,236,x6zJ2jI9KtY,2024-02-20T17:40:55Z,gh-441
Spaceships On I-285,Daily Bread,"Navigator, Standby",False,INDIFFERENT,3:48,228,IpP5uM5mO80,2024-02-20T17:37:07Z,gh-441
Lisztomania,Phoenix,Wolfgang Amadeus Phoenix,False,INDIFFERENT,4:02,242,j55r_akkRvQ,2024-02-20T17:33:05Z,gh-441
Roll Bones,The Record Company,All Of This Life,False,INDIFFERENT,3:42,222,b1guTs4RcGo,2024-02-20T17:29:23Z,gh-441
Shambles,Handsome As Sin,Tell Me How You Died,False,INDIFFERENT,3:29,209,3WwUNkUXwwA,2024-02-20T17:25:54Z,gh-441
Open Your Mind,Big Gigantic & GRiZ,Open Your Mind,False,INDIFFERENT,2:55,175,vWKTyBneUT8,2024-02-20T17:22:59Z,gh-441
Deeper,Zingara,Mind & Body,False,INDIFFERENT,3:57,237,tKfQDIYAofA,2024-02-20T17:19:02Z,gh-441
Everything You're Breathing For,The Parlor Mob,And You Were A Crow,False,INDIFFERENT,3:46,226,5BPG7xA0zaU,2024-02-20T17:15:16Z,gh-441
Howlin' for You,The Black Keys,Brothers (Deluxe Remastered Anniversary Edition),False,INDIFFERENT,3:12,192,mTuPZUbWQe0,2024-02-20T17:12:04Z,gh-441
Heaven Help Me,The Bones of J.R. Jones,Heaven Help Me,False,INDIFFERENT,3:05,185,cB8E1_rh8LY,2024-02-20T17:08:59Z,gh-441
Comfort Eagle,CAKE,Comfort Eagle,False,INDIFFERENT,3:41,221,Q2elSNrRxus,2024-02-20T17:05:18Z,gh-441
An Honest Mistake,The Bravery,The Bravery,False,INDIFFERENT,3:40,220,2XuhnyOVN00,2024-02-20T17:01:38Z,gh-441
Rewind,Blunts & Blondes,Rewind,False,INDIFFERENT,3:37,217,lk5y_2uXeQk,2024-02-20T16:58:01Z,gh-441
Dusty Bugs,"Opiuo, Vorso",Dusty Bugs,False,INDIFFERENT,5:09,309,D3IP_tMa_Jc,2024-02-20T16:52:52Z,gh-441
SHADOW SELF,LSDREAM,SHADOW SELF,False,INDIFFERENT,4:09,249,nmHeEJSox5o,2024-02-20T16:48:43Z,gh-441
Love Don’t,Nathaniel Rateliff & The Night Sweats,The Future,False,INDIFFERENT,5:11,311,744NnRExh00,2024-02-20T16:43:32Z,gh-441
On The Block,Shlump,Fracture,True,LIKE,4:16,256,M9iyUbhaQzs,2024-02-20T16:39:16Z,gh-441
Do Your Worst,Rival Sons,Feral Roots,False,INDIFFERENT,3:31,211,la_A3YOsT0E,2024-02-20T16:35:45Z,gh-441
You Do You,Manic Focus,You Do You,False,INDIFFERENT,3:36,216,AIWDbxSwAG8,2024-02-20T16:32:09Z,gh-441
Up All Night,Beck,Colors,False,INDIFFERENT,3:11,191,0ZJ9PNtmRCs,2024-02-20T16:28:58Z,gh-441
How High,The Record Company,Play Loud,False,INDIFFERENT,3:13,193,2Qb8w2ULZAE,2024-02-20T16:25:45Z,gh-441
Overflow,Henry's Funeral Shoe,Comfortable Skin,False,INDIFFERENT,3:28,208,NRal3ArNtSc,2024-02-20T16:22:17Z,gh-441
I Know the Truth,Pretty Lights,I Know the Truth,False,INDIFFERENT,4:48,288,qP2yHL8oeFo,2024-02-20T16:17:29Z,gh-441
Madison Area,Tortoise,A Lazarus Taxon,False,INDIFFERENT,3:28,208,OnjYL9gFgAM,2024-02-20T09:24:01Z,gh-438
Blue Station,Tortoise,A Lazarus Taxon,False,INDIFFERENT,5:35,335,cXtQ7v5Yguw,2024-02-20T09:18:26Z,gh-438
Vaus,Tortoise,A Lazarus Taxon,False,INDIFFERENT,5:02,302,oeSDtQ4Urj8,2024-02-20T06:25:33Z,gh-437
Restelss Waters,Tortoise,A Lazarus Taxon,False,INDIFFERENT,3:42,222,tI8KD5n-e7A,2024-02-20T06:21:51Z,gh-437
A Grape Dope,Tortoise,A Lazarus Taxon,False,INDIFFERENT,4:13,253,doRA5dIBHCw,2024-02-20T06:17:38Z,gh-437
Wait,Tortoise,A Lazarus Taxon,False,INDIFFERENT,4:28,268,qE30gdlw4FE,2024-02-20T06:13:10Z,gh-437
Autumn Sweater,Tortoise,A Lazarus Taxon,False,INDIFFERENT,7:08,428,chZC5dKrHGY,2024-02-20T06:06:02Z,gh-437
Didjeridoo,Tortoise,A Lazarus Taxon,False,INDIFFERENT,4:34,274,OSTFVzLOnuw,2024-02-20T06:01:28Z,gh-437
Whitewater,Tortoise,A Lazarus Taxon,False,INDIFFERENT,5:07,307,uWnOoHvN7Q4,2024-02-20T05:56:21Z,gh-437
To Day Retrieval,Tortoise,A Lazarus Taxon,False,INDIFFERENT,3:59,239,dkclaWcTmzg,2024-02-20T05:52:22Z,gh-437
Sexual For Elizabeth,Tortoise,A Lazarus Taxon,False,INDIFFERENT,4:50,290,4H2AyCYqzdc,2024-02-20T05:47:32Z,gh-437
Blackbird,Tortoise,A Lazarus Taxon,False,INDIFFERENT,5:02,302,sfCpwFz8YkQ,2024-02-20T05:42:30Z,gh-437
The Source of Uncertainty,Tortoise,A Lazarus Taxon,False,INDIFFERENT,3:43,223,jSU_oBkIkmw,2024-02-20T05:38:47Z,gh-437
Gamera,Tortoise,A Lazarus Taxon,False,INDIFFERENT,11:54,714,o_W4y2b4ri8,2024-02-20T05:26:53Z,gh-437
Breathless,Corinne Bailey Rae,Corinne Bailey Rae,False,INDIFFERENT,4:16,256,mdoxIFeDYeg,2024-02-20T01:23:06Z,gh-435
16 CARRIAGES,Beyoncé,16 CARRIAGES,False,INDIFFERENT,3:54,234,-fV37wdHG8U,2024-02-20T01:19:12Z,gh-435
Not Ready to Make Nice,The Chicks,Taking The Long Way,False,INDIFFERENT,3:58,238,o8jxSOldUms,2024-02-20T01:15:14Z,gh-435
Daddy Lessons (feat. The Chicks),Beyoncé,Daddy Lessons,False,INDIFFERENT,6:26,386,4ogc5Pbtxa0,2024-02-20T01:08:48Z,gh-435
TEXAS HOLD 'EM,Beyoncé,TEXAS HOLD 'EM,False,INDIFFERENT,3:56,236,ZdxuDk3HLcA,2024-02-20T01:04:52Z,gh-435
Wyoming,Benjamin Tod & Western AF,Wyoming,False,INDIFFERENT,5:31,331,GfLXlo5c4Co,2024-02-19T18:24:30Z,gh-433
Killers of the Flower Moon,Charley Crockett,Killers of the Flower Moon,False,INDIFFERENT,3:14,194,5xB7l8VhJ8A,2024-02-19T18:21:16Z,gh-433
Azalea,Blackberry Smoke,Azalea,False,INDIFFERENT,4:17,257,pvDFVTZ8Fpc,2024-02-19T18:16:59Z,gh-433
Whispering Waltz,Sierra Ferrell,Long Time Coming,,INDIFFERENT,3:22,202,14UKa4QhU1U,2024-02-19T18:13:37Z,gh-433
Let's All Help the Cowboys (Sing the Blues),Colter Wall,Cypress Hills and the Big Country,False,INDIFFERENT,3:05,185,PzvWPyRfP0A,2024-02-19T18:10:32Z,gh-433
Right Back to It (feat. MJ Lenderman),Waxahatchee,Right Back to It,False,INDIFFERENT,4:34,274,msugPlJJ19g,2024-02-19T15:22:40Z,gh-432
When A Cowboy Trades His Spurs For Wings,Willie Watson & Tim Blake Nelson,The Ballad of Buster Scruggs (Original Motion Picture Soundtrack),False,INDIFFERENT,2:35,155,Jcqtjo9Y8eA,2024-02-19T15:20:05Z,gh-432
Days Can Turn Around,Sarah Jarosz,Days Can Turn Around,False,INDIFFERENT,3:59,239,8dqLxZFVQI4,2024-02-19T15:16:06Z,gh-432
Black Sedan,Charley Crockett,The Man from Waco,False,INDIFFERENT,3:25,205,4Y9RolTqiuM,2024-02-19T15:12:41Z,gh-432
Bury Me Beneath The Willow (from The Hunger Games: The Ballad of Songbirds & Snakes),Molly Tuttle,The Hunger Games: The Ballad of Songbirds & Snakes (Music From & Inspired By),,LIKE,3:43,223,otqQ8yVnIqE,2024-02-19T15:08:58Z,gh-432
Burial Ground,The Decemberists,Burial Ground,False,INDIFFERENT,4:05,245,kffF-wHYJ1c,2024-02-19T15:04:53Z,gh-432
Burn Me Once (from The Hunger Games: The Ballad of Songbirds & Snakes),Bella White,The Hunger Games: The Ballad of Songbirds & Snakes (Music From & Inspired By),,INDIFFERENT,3:21,201,CeYXXxSPHUc,2024-02-19T15:01:32Z,gh-432
Jeremiah,Sierra Ferrell,Jeremiah / Why’d Ya Do It,False,INDIFFERENT,3:05,185,Zqr4zb-0Ps0,2024-02-19T14:58:27Z,gh-432
I Could Drive You Crazy,Sierra Ferrell,I Could Drive You Crazy,False,INDIFFERENT,3:37,217,33KrmfvEQLE,2024-02-19T14:54:50Z,gh-432
I've Got a Feeling I'm Falling,Annette Hanshaw,She's Got It,False,INDIFFERENT,2:56,176,v7kFJiCKY1E,2024-02-19T03:22:06Z,gh-428
Forest Of My Soul,Moontricks,Forest Of My Soul,False,INDIFFERENT,3:41,221,8T7VpH_Zfl8,2024-02-19T03:18:25Z,gh-428
Carol Brown,Flight of the Conchords,I Told You I Was Freaky,True,LIKE,3:26,206,Hz5SFQsLzAg,2024-02-19T03:14:59Z,gh-428
My Sweet Lord (2020 Mix),George Harrison,All Things Must Pass (50th Anniversary;Super Deluxe),False,INDIFFERENT,4:42,282,th1vGHFm8WI,2024-02-18T21:22:50Z,gh-426
Friction,TAUK,Collisions,False,INDIFFERENT,5:01,301,ITUIBxdU0Jc,2024-02-18T21:17:49Z,gh-426
Me and Bobby McGee,Janis Joplin,Pearl (Legacy Edition),False,INDIFFERENT,4:32,272,-ggFIeg5u1M,2024-02-18T21:13:17Z,gh-426
It Should Have Been Me,Yvonne Fair,The Bitch Is Black,False,INDIFFERENT,3:34,214,Q4yJDlHMpTE,2024-02-18T21:09:43Z,gh-426
Lay All Your Love On Me,ABBA,Super Trouper,False,INDIFFERENT,4:35,275,5mHzaIehRTE,2024-02-18T21:05:08Z,gh-426
Phyllis,Lettuce,Crush,False,INDIFFERENT,6:50,410,uhMLUZ9-eT0,2024-02-18T20:58:18Z,gh-426
"Silver Springs (Live at Warner Brothers Studios in Burbank, CA 5/23/97)",Fleetwood Mac,The Dance,False,INDIFFERENT,5:42,342,-RYRoQO15ZI,2024-02-18T20:52:36Z,gh-426
Gypsy (2002 Remaster),Fleetwood Mac,The Very Best Of Fleetwood Mac,False,INDIFFERENT,4:23,263,rX57RBmD3eI,2024-02-18T20:48:13Z,gh-426
Another Light,Henry Green,Another Light,False,INDIFFERENT,3:29,209,pQycH8qZNzQ,2024-02-18T20:44:44Z,gh-426
Psychos,Jenny Lewis,Psychos,False,INDIFFERENT,3:06,186,1JIvfi0v4ZY,2024-02-18T20:41:38Z,gh-426
Back Of The Car,Andrey Azizov,Back Of The Car,False,INDIFFERENT,3:33,213,P4ad7sgXOkM,2024-02-18T20:38:05Z,gh-426
Rynodub,The Motet,The Motet,False,INDIFFERENT,6:32,392,5Z5y085y_Bs,2024-02-18T20:31:33Z,gh-426
Swing,EVVY,EVVY,False,INDIFFERENT,3:56,236,LbBk1xcax4E,2024-02-18T20:27:37Z,gh-426
At the Show,Marco Benevento,At the Show,False,INDIFFERENT,3:26,206,vAYO17n3yCY,2024-02-18T20:24:11Z,gh-426
The Weight,Weval,The Weight,False,INDIFFERENT,4:46,286,nmUjSyRCWPw,2024-02-18T20:19:25Z,gh-426
Come Back To You,Crooked Colours,Vera,False,INDIFFERENT,3:09,189,F2sMZqJeC_g,2024-02-18T20:16:16Z,gh-426
Hometown,Nature TV,Hometown,False,INDIFFERENT,3:43,223,Wa7TB18l05o,2024-02-18T20:12:33Z,gh-426
Everybody Wants to Rule the World,Lettuce,Everybody Wants to Rule the World,False,INDIFFERENT,4:51,291,axzIv6l5a9E,2024-02-18T20:07:42Z,gh-426
Street Fighter Mas,Kamasi Washington,Heaven and Earth,False,INDIFFERENT,5:59,359,-c0U2W7N6fg,2024-02-18T20:01:43Z,gh-426
Texas Sun,"Khruangbin, Leon Bridges",Texas Sun,False,INDIFFERENT,4:13,253,VFXR6pUMjUU,2024-02-18T19:57:30Z,gh-426
Moonmung,HED,Moonmung,False,INDIFFERENT,4:21,261,I7nWtmAIhSM,2024-02-18T19:53:09Z,gh-426
Never Mess With Sunday,Yppah,Eighty One,False,INDIFFERENT,4:31,271,bD96pf1jR7A,2024-02-18T19:48:38Z,gh-426
This Must Be the Place (Naive Melody) [2005 Remaster],Talking Heads,Speaking in Tongues (Deluxe Version),False,INDIFFERENT,4:57,297,fsccjsW8bSY,2024-02-18T19:43:41Z,gh-426
Maestro (Tears Don't Lie),Wilder Woods,Maestro (Tears Don't Lie),False,INDIFFERENT,3:23,203,sNbde8aNrzw,2024-02-18T19:40:18Z,gh-426
In Flight (two),Mild Orange,Mild Orange,False,INDIFFERENT,3:01,181,vuN8omCnxDk,2024-02-18T19:37:17Z,gh-426
"Me, You And Everybody",Gomez,Split The Difference,False,INDIFFERENT,4:25,265,THlMbZozSc0,2024-02-18T19:32:52Z,gh-426
Hand Back Down,The Devil Makes Three,I'm a Stranger Here (Deluxe),False,INDIFFERENT,3:27,207,72H3SjH1lf0,2024-02-18T19:29:25Z,gh-426
The Force,Lettuce,Crush,False,INDIFFERENT,3:41,221,3DuGtGk5oF0,2024-02-18T19:25:44Z,gh-426
Trampoline,Karina Rykman,Joyride,False,INDIFFERENT,4:01,241,lrdRaKDpEEI,2024-02-18T19:21:43Z,gh-426
Run Of The Mill,Karina Rykman,Joyride,False,INDIFFERENT,3:29,209,HBFwes8Uppk,2024-02-18T19:18:14Z,gh-426
Skylark / Slowlark,Karina Rykman,Joyride,False,INDIFFERENT,4:18,258,FA8gyW30cKU,2024-02-18T19:13:56Z,gh-426
All That You Wanted,Karina Rykman,Joyride,False,INDIFFERENT,3:30,210,sGlnXSv8nWE,2024-02-18T19:10:26Z,gh-426
Plants,Karina Rykman,Joyride,False,INDIFFERENT,5:11,311,m1KH57EPfLM,2024-02-18T19:05:15Z,gh-426
Beacon,Karina Rykman,Joyride,False,INDIFFERENT,3:09,189,3iOYdwIYESQ,2024-02-18T19:02:06Z,gh-426
Elevator,Karina Rykman,Joyride,False,INDIFFERENT,4:03,243,82Ng5zxG9SI,2024-02-18T18:58:03Z,gh-426
Fever Dream,Karina Rykman,Joyride,False,INDIFFERENT,3:45,225,SunEOWjc_6o,2024-02-18T18:54:18Z,gh-426
Joyride,Karina Rykman,Joyride,False,INDIFFERENT,3:48,228,uAge_txE9EU,2024-02-18T18:50:30Z,gh-426
Cumbia Sobre el Mar (El Búho Remix),"Flowering Inferno, Quantic",Tributaries: A Remix Album (El Búho Remixes),False,INDIFFERENT,5:13,313,7nsd0-5X5is,2024-02-18T12:34:51Z,gh-423
Mesa Redonda,Hermanos Gutiérrez,Hijos Del Sol,False,INDIFFERENT,2:56,176,Q3bpkZ8i3JU,2024-02-18T09:24:35Z,gh-422
Cumbia del Olvido,Nicola Cruz,Prender el Alma,,INDIFFERENT,3:37,217,DGR_A47PN24,2024-02-18T09:20:58Z,gh-422
Lecce 74,"El Búho, Yeahman",Ostriconi,False,INDIFFERENT,5:07,307,DKIHgu_kCUA,2024-02-18T09:15:51Z,gh-422
Colibria,Nicola Cruz,Prender el Alma,,LIKE,8:03,483,WLfFtctgWg4,2024-02-18T09:07:48Z,gh-422
Roll The Bones,Shakey Graves,Roll The Bones,False,INDIFFERENT,4:05,245,7ro_Z1s2x-g,2024-02-18T09:03:43Z,gh-422
Take The High Road,Sarah Jarosz,Polaroid Lovers,False,INDIFFERENT,4:36,276,ue1Ri6mVtdk,2024-02-18T08:59:07Z,gh-422
White Lines and Neon Signs,The Wooks,Little Circles,False,INDIFFERENT,3:22,202,-Cp04tA2B-w,2024-02-18T08:55:45Z,gh-422
The Muse,The Wood Brothers,The Muse,False,INDIFFERENT,3:21,201,Dq--l6pKv7s,2024-02-18T08:52:24Z,gh-422
Like a Wave,Cat Clyde,Ivory Castanets,False,INDIFFERENT,3:11,191,as1EzpWyP7U,2024-02-18T08:49:13Z,gh-422
Chimney Swifts,Brad Kolodner,Chimney Swifts,,LIKE,3:47,227,Xrf5C8vgqfs,2024-02-18T08:45:26Z,gh-422
Lonesome Friends of Science,John Prine,The Tree of Forgiveness,False,INDIFFERENT,4:42,282,GmTGfF4zEt8,2024-02-18T08:40:44Z,gh-422
Until the Last Light Fades,Watchhouse,This Side of Jordan,False,INDIFFERENT,3:20,200,XvMnhkoNeFY,2024-02-18T08:37:24Z,gh-422
Hard Times,Gillian Welch,The Harrow & The Harvest,False,INDIFFERENT,4:52,292,0Lwr1aW6jr8,2024-02-18T08:32:32Z,gh-422
Polar Opposites,"Iron Horse, Pickin' On Series",The Bluegrass Tribute to Modest Mouse: Something You've Never Heard Before,False,INDIFFERENT,3:26,206,cs4hxhnFOLU,2024-02-18T08:29:06Z,gh-422
Gospel Plow,Chance McCoy and The Appalachian String Band,Debut,,LIKE,4:37,277,KLPuLU2bH3s,2024-02-18T08:24:29Z,gh-422
Bells Of Every Chapel (feat. Billy Strings),Sierra Ferrell,Bells Of Every Chapel,,LIKE,4:16,256,YGMAQw5mcqI,2024-02-18T08:20:13Z,gh-422
4 & 20 Blues,Redbird,Live At The Cafe Carpe,False,INDIFFERENT,3:35,215,BBF1R88xXJ8,2024-02-18T08:16:38Z,gh-422
Burn Me Once (from The Hunger Games: The Ballad of Songbirds & Snakes),Bella White,The Hunger Games: The Ballad of Songbirds & Snakes (Music From & Inspired By),,INDIFFERENT,3:21,201,CeYXXxSPHUc,2024-02-18T08:13:17Z,gh-422
Just Like Heaven,The Infamous Stringdusters,"Undercover, Vol. 2",False,INDIFFERENT,4:09,249,3mvKtj5W5qM,2024-02-18T08:09:08Z,gh-422
West Virginia Waltz,Sierra Ferrell,Long Time Coming,,INDIFFERENT,3:34,214,1bE7LApwxUk,2024-02-18T08:05:34Z,gh-422
The Bartender,The SteelDrivers,Bad For You,False,INDIFFERENT,3:30,210,t2D9fZE4cSY,2024-02-18T08:02:04Z,gh-422
Too Many Places,The Brothers Comatose,Too Many Places,False,INDIFFERENT,3:24,204,9U-p-NKUQlY,2024-02-18T07:58:40Z,gh-422
Two Hits and the Joint Turned Brown,Yonder Mountain String Band,"Mountain Tracks, Vol. 2",False,INDIFFERENT,3:39,219,SwK6xYTdd3k,2024-02-18T07:55:01Z,gh-422
Far Away Across The Sea,Sierra Ferrell,Long Time Coming,,INDIFFERENT,3:18,198,EMbNMV3sGPw,2024-02-18T07:51:43Z,gh-422
One Engine (from The Hunger Games Soundtrack),The Decemberists,The Hunger Games: Songs From District 12 And Beyond,False,INDIFFERENT,3:02,182,E0povHTiToM,2024-02-18T07:48:41Z,gh-422
Three White Horses  ,Andrew Bird,Hands Of Glory,False,INDIFFERENT,3:10,190,mGVbOaD2-Cg,2024-02-18T06:26:28Z,gh-421
Something on Your Mind,Karen Dalton,Something on Your Mind,False,INDIFFERENT,3:26,206,Dddo5DjMn8g,2024-02-18T06:23:02Z,gh-421
Fox Hunt,Sierra Ferrell,Fox Hunt,False,INDIFFERENT,3:17,197,lLVITH62c8I,2024-02-18T06:19:45Z,gh-421
Cocaine Blues,Townes Van Zandt,Roadsongs,False,INDIFFERENT,4:04,244,wIzSBzZh144,2024-02-18T06:15:41Z,gh-421
Good At What I Do,Sarah Jarosz,Polaroid Lovers,False,INDIFFERENT,3:48,228,OwJ-fi_5mSA,2024-02-18T06:11:53Z,gh-421
Long Black Veil,"David Grisman, Jerry Garcia, Tony Rice",The Pizza Tapes,,INDIFFERENT,4:31,271,gkwh3GAvM-8,2024-02-18T06:07:22Z,gh-421
Little Sadie,Crooked Still,Shaken By A Low Sound,,INDIFFERENT,2:36,156,MWJJHhqoqDk,2024-02-18T06:04:46Z,gh-421
Bury Me Beneath The Willow (from The Hunger Games: The Ballad of Songbirds & Snakes),Molly Tuttle,The Hunger Games: The Ballad of Songbirds & Snakes (Music From & Inspired By),,LIKE,3:43,223,otqQ8yVnIqE,2024-02-18T06:01:03Z,gh-421
Wreck of the Edmund Fitzgerald,Punch Brothers,Hell on Church Street,,INDIFFERENT,4:46,286,DhTRNU1mnVA,2024-02-18T05:56:17Z,gh-421
"My Old Kentucky Home, Goodnight",John Prine,"My Old Kentucky Home, Goodnight",False,INDIFFERENT,3:46,226,_Zf31oTrx48,2024-02-18T05:52:31Z,gh-421
Lovin' Arms,The Wood Brothers,Loaded,False,INDIFFERENT,3:21,201,w8qydN1w4m4,2024-02-18T05:49:10Z,gh-421
Welcome to Hard Times,Charley Crockett,Welcome to Hard Times,False,INDIFFERENT,3:06,186,rdIbTjWr_JQ,2024-02-18T05:46:04Z,gh-421
Caleb Meyer,Gillian Welch,Hell Among The Yearlings,False,INDIFFERENT,3:01,181,xFhwINRf0KI,2024-02-18T05:43:03Z,gh-421
In Dreams (Alternative Version),Sierra Ferrell,In Dreams (Alternative Version),False,INDIFFERENT,2:44,164,PnTdOv5oA2o,2024-02-18T05:40:19Z,gh-421
Just Like Leaving,Bella White,Just Like Leaving,False,INDIFFERENT,3:27,207,oviDGUsgHhY,2024-02-18T05:36:52Z,gh-421
Gracefully Facedown (Live),The Devil Makes Three,Kexp Presents: The Devil Makes Three Live in Studio - EP,True,LIKE,3:27,207,FGt1_5rUr14,2024-02-18T05:33:25Z,gh-421
Half Mile Down,Old Crow Medicine Show,Carry Me Back,False,INDIFFERENT,3:02,182,4E_AjWGsQJ0,2024-02-18T05:30:23Z,gh-421
Helix (Live / AAA),Justice,Access All Arenas,,INDIFFERENT,4:07,247,10JPFw0ieqI,2024-02-18T05:26:16Z,gh-421
16 CARRIAGES,Beyoncé,16 CARRIAGES,False,INDIFFERENT,3:54,234,-fV37wdHG8U,2024-02-18T05:22:22Z,gh-421
TEXAS HOLD 'EM,Beyoncé,TEXAS HOLD 'EM,False,INDIFFERENT,3:56,236,ZdxuDk3HLcA,2024-02-18T05:18:26Z,gh-421
Pure As The Driven Snow (from The Hunger Games: The Ballad of Songbirds & Snakes),"Rachel Zegler, The Covey Band",The Hunger Games: The Ballad of Songbirds & Snakes (Music From & Inspired By),,INDIFFERENT,3:54,234,ISucPnIrgBs,2024-02-18T05:14:32Z,gh-421
I Could Drive You Crazy,Sierra Ferrell,I Could Drive You Crazy,False,INDIFFERENT,3:37,217,33KrmfvEQLE,2024-02-18T05:10:55Z,gh-421
Sovietoblaster,Rotfront,Emigrantski Raggamuffin,False,INDIFFERENT,3:09,189,LJzafeZ2BCU,2024-02-18T03:22:33Z,gh-420
Wake Me Up,Russkaja,Barada,False,INDIFFERENT,4:06,246,vIbfj52D8fc,2024-02-18T01:28:39Z,gh-419
Addvice,Days N Daze,Show Me the Blueprints.,False,INDIFFERENT,3:22,202,u94J7VX7Twc,2024-02-18T01:25:17Z,gh-419
The Maker,The Goddamn Gallows,The Maker,False,INDIFFERENT,4:15,255,CqNR62zVftg,2024-02-18T01:21:02Z,gh-419
Lay Your Head Down,Mad Caddies,Keep It Going,False,INDIFFERENT,3:28,208,FpNd_YhhCNg,2024-02-18T01:17:34Z,gh-419
Khosid Wedding Dance,Diego's Umbrella,Double Panther,False,INDIFFERENT,3:04,184,NrYqRGjEb4c,2024-02-18T01:14:30Z,gh-419
Another Bag of Bricks,Flogging Molly,Drunken Lullabies,False,INDIFFERENT,3:46,226,SDEAYajgtE8,2024-02-18T01:10:44Z,gh-419
Somewhere in the Between,Streetlight Manifesto,Somewhere in the Between,False,INDIFFERENT,3:44,224,in8M3ej2Wg0,2024-02-18T01:07:00Z,gh-419
Sparkle,Phish,Rift,False,INDIFFERENT,3:55,235,W-dzJx3NGm0,2024-02-18T01:03:05Z,gh-419
Sail Away,Happy Ol'McWeasel,No Offence,False,INDIFFERENT,3:46,226,E6c9HECL3RM,2024-02-18T00:59:19Z,gh-419
It IS The Other Side of Rainbow,Gogol Bordello,Pura Vida Conspiracy,False,INDIFFERENT,3:17,197,1ZqQfau3r6o,2024-02-18T00:56:02Z,gh-419
Trans-Continental Hustle,Gogol Bordello,Trans-Continental Hustle,True,LIKE,4:17,257,m25XvcLsROQ,2024-02-18T00:51:45Z,gh-419
Break The Spell,Gogol Bordello,Trans-Continental Hustle,False,INDIFFERENT,4:07,247,RdT8ArioxdI,2024-02-18T00:47:38Z,gh-419
In The Meantime In Pernambuco,Gogol Bordello,Trans-Continental Hustle,False,INDIFFERENT,3:12,192,AxWl1Gpyby0,2024-02-18T00:44:26Z,gh-419
To Rise Above,Gogol Bordello,Trans-Continental Hustle,False,INDIFFERENT,3:48,228,r8KgK_SAA44,2024-02-18T00:40:38Z,gh-419
Last One Goes The Hope,Gogol Bordello,Trans-Continental Hustle,False,INDIFFERENT,4:35,275,_SyzWyBp0Iw,2024-02-18T00:36:03Z,gh-419
Raise The Knowledge,Gogol Bordello,Trans-Continental Hustle,False,INDIFFERENT,4:57,297,WNsrLGP-fzo,2024-02-18T00:31:06Z,gh-419
Uma Menina,Gogol Bordello,Trans-Continental Hustle,False,INDIFFERENT,4:35,275,bwIjHhTSGos,2024-02-18T00:26:31Z,gh-419
When Universes Collide,Gogol Bordello,Trans-Continental Hustle,False,INDIFFERENT,4:49,289,MwO2I_m-WIs,2024-02-18T00:21:42Z,gh-419
Immigraniada (We Comin' Rougher),Gogol Bordello,Trans-Continental Hustle,False,INDIFFERENT,3:46,226,LzLy6dDSbR4,2024-02-18T00:17:56Z,gh-419
Rebellious Love,Gogol Bordello,Trans-Continental Hustle,False,INDIFFERENT,3:58,238,hWdoKG_odpw,2024-02-18T00:13:58Z,gh-419
Sun On My Side,Gogol Bordello,Trans-Continental Hustle,False,INDIFFERENT,4:25,265,RH7Xzd4PmwQ,2024-02-18T00:09:33Z,gh-419
My Companjera,Gogol Bordello,Trans-Continental Hustle,False,INDIFFERENT,3:23,203,djWvmGtZsi4,2024-02-18T00:06:10Z,gh-419
Pala Tute,Gogol Bordello,Trans-Continental Hustle,False,INDIFFERENT,4:06,246,0J8S-qbxhpc,2024-02-18T00:02:04Z,gh-419
Start Wearing Purple,Gogol Bordello,Gypsy Punks: Underdog World Strike,False,INDIFFERENT,3:43,223,VJZwzoQQw8U,2024-02-17T23:58:21Z,gh-419
Daniel Saw The Stone (Negro-Spiritual),"The Golden Gate Quartet & Clyde Riddick, Clyde Wright, J. Caleb Ginyard, Orlando Wilson","""Serie All Stars Music"" Nº 039 Exclusive Remastered From Original Vinyl First Edition (Vintage Lps) ""Negro - Spirituals"" ""Gospel""",True,LIKE,2:21,141,UdN9B7UVkYs,2024-02-17T23:56:00Z,gh-419
"Don't Think Twice, It's All Right",The Infamous Stringdusters,Undercover,True,LIKE,4:26,266,Wewb33DJSz0,2024-02-17T23:51:34Z,gh-419
Sirens,The Infamous Stringdusters,Laws Of Gravity,,INDIFFERENT,4:06,246,rkkdozeToqk,2024-02-17T23:47:28Z,gh-419
1901: A Canyon Odyssey,The Infamous Stringdusters,Laws Of Gravity,,LIKE,4:35,275,ncqZjGXC-AA,2024-02-17T23:42:53Z,gh-419
Black Rock,The Infamous Stringdusters,The Infamous Stringdusters,False,INDIFFERENT,3:32,212,kQUvdEQav4U,2024-02-17T23:39:21Z,gh-419
Long White Line,Sturgill Simpson,Metamodern Sounds in Country Music,False,INDIFFERENT,4:02,242,qrZ0E0B7vd0,2024-02-17T23:35:19Z,gh-419
Taking Water,Billy Strings,Home,,INDIFFERENT,4:09,249,GeJvfEoZiAM,2024-02-17T23:31:10Z,gh-419
"(Good Old Electric) Washing Machine (Circa 1943) (Buddha Remastered - September 3, 2001)",John Hartford,RCA Country Legends: John Hartford,False,INDIFFERENT,2:06,126,FEp3iMp7WRU,2024-02-17T23:29:04Z,gh-419
Mole in the Ground,Joe Walsh,Sweet Loam,,LIKE,3:33,213,sEQLMr54EnY,2024-02-17T23:25:31Z,gh-419
Waves,Moontricks,Currents,False,INDIFFERENT,3:49,229,Rv_hklBykCE,2024-02-17T23:21:42Z,gh-419
Ballet in the Underground,Moontricks,Currents,False,INDIFFERENT,3:26,206,1sG7Bk-9sVg,2024-02-17T23:18:16Z,gh-419
Dark Matter,Moontricks,Currents,False,INDIFFERENT,3:21,201,wgkN6ITpbZA,2024-02-17T23:14:55Z,gh-419
Merlot,Moontricks,Currents,False,INDIFFERENT,3:34,214,4n_C2hTEAds,2024-02-17T23:11:21Z,gh-419
Embers,Moontricks,Currents,False,INDIFFERENT,3:59,239,KKVuFXusKYU,2024-02-17T23:07:22Z,gh-419
The Edge,"Dirtwire, Moontricks",Currents,False,INDIFFERENT,3:46,226,huaiuJThZTo,2024-02-17T23:03:36Z,gh-419
Parting Ways,"KR3TURE, Moontricks",Currents,False,INDIFFERENT,4:01,241,2wVx67-D0oE,2024-02-17T22:59:35Z,gh-419
Currents,Moontricks,Currents,False,INDIFFERENT,4:44,284,lVIXOBYJf3s,2024-02-17T22:54:51Z,gh-419
Birdtimes,Moontricks,Currents,False,INDIFFERENT,4:48,288,B2iQW3p3Wc8,2024-02-17T22:50:03Z,gh-419
Animals,Moontricks,Currents,False,INDIFFERENT,4:26,266,hHJFCFvFJ0U,2024-02-17T22:45:37Z,gh-419
Forest of My Soul,Moontricks,Currents,False,INDIFFERENT,3:41,221,Vstxfnkq5ZU,2024-02-17T22:41:56Z,gh-419
Future Cries of No Tomorrow,Ruptured World,Exoplanetary,False,INDIFFERENT,5:25,325,Sx2NguXQtrQ,2024-02-17T03:19:19Z,gh-412
At the Gates of Dawn,Poemme,Moments in Golden Light,False,INDIFFERENT,6:47,407,vcKNgFkHkD4,2024-02-17T03:12:32Z,gh-412
At the Mercy of the Waves,Clem Leek,Holly Lane,False,INDIFFERENT,4:59,299,8bDewwR407M,2024-02-17T03:07:33Z,gh-412
No Drums,Tim Hecker,"Ravedeath, 1972",False,INDIFFERENT,3:24,204,qdmbbiMRe48,2024-02-17T03:04:09Z,gh-412
Beneath the City Trees,Rhian Sheehan,Seven Tales of the North Wind,False,INDIFFERENT,4:59,299,zKQaLon3CuE,2024-02-17T02:59:10Z,gh-412
Dying Alone,Hammock,Dying Alone,False,INDIFFERENT,3:55,235,LFE7JeF56SY,2024-02-17T02:55:15Z,gh-412
Poa Alpina,Biosphere,Substrata 2,False,INDIFFERENT,4:10,250,B0R14OCTuUc,2024-02-17T02:51:05Z,gh-412
Fairy Light,EIRLYS,Fairy Light,False,INDIFFERENT,2:47,167,xHTLZkpzOls,2024-02-17T02:48:18Z,gh-412
Angle of List,Loscil,Sea Island,,INDIFFERENT,6:45,405,lCz268SkPXc,2024-02-17T02:41:33Z,gh-412
Endless Fragments of Time,Deep Watch,Endless Fragments of Time,False,INDIFFERENT,3:36,216,bjWlLpe6Qeo,2024-02-17T02:37:57Z,gh-412
Against The Sky (2005 Digital Remaster),"Brian Eno, Harold Budd",The Pearl,False,INDIFFERENT,4:53,293,vwMFMHfEoh4,2024-02-17T02:33:04Z,gh-412
The Night,Warmth,The Night,False,INDIFFERENT,6:58,418,zN_xASFhR-A,2024-02-17T01:20:27Z,gh-411
Geologic Time Scale,Hyperion Towers,Rovaniemi,False,INDIFFERENT,3:20,200,0jvmbfCAhr8,2024-02-17T01:17:07Z,gh-411
Motoc,loscil,Plume,False,INDIFFERENT,6:29,389,zBCKNhgD2A8,2024-02-17T01:10:38Z,gh-411
Tweezer,"627K views, Phish",,,INDIFFERENT,35:21,2121,Gh5cjk2E86w,2024-02-17T00:35:17Z,gh-411
Whiskey In The Jar,"David Grisman, Jerry Garcia",Shady Grove,False,INDIFFERENT,4:16,256,Y2nkQQkjCU8,2024-02-17T00:31:01Z,gh-411
Church Street Blues,Tony Rice,Church Street Blues,False,INDIFFERENT,3:09,189,UHYkvDo2rXc,2024-02-17T00:27:52Z,gh-411
Oh Babe It Ain't No Lie,"David Rawlings, Gillian Welch",All The Good Times,True,LIKE,4:25,265,ltW9poRvS58,2024-02-17T00:23:27Z,gh-411
That Wrecking Ball,Watchhouse,Such Jubilee,False,INDIFFERENT,3:15,195,_kjrzn45_xc,2024-02-17T00:20:12Z,gh-411
On And On,Tony Rice,Tony Rice Plays And Sings Bluegrass,False,INDIFFERENT,3:08,188,CLG5yE99qmo,2024-02-17T00:17:04Z,gh-411
Graveyard,The Devil Makes Three,The Devil Makes Three,False,INDIFFERENT,3:26,206,K7FYQn6ou9Y,2024-02-17T00:13:38Z,gh-411
Not Gentle On My Mind,Chuck Darwin & the Knuckle Draggers,For Educational Purposes Only,True,LIKE,2:10,130,fwlkSDX-JT8,2024-02-17T00:11:28Z,gh-411
Gentle On My Mind,John Hartford,RCA Country Legends: John Hartford,False,INDIFFERENT,3:03,183,7AMJe4TwH8E,2024-02-17T00:08:25Z,gh-411
Mole in the Ground,Joe Walsh,Sweet Loam,,LIKE,3:33,213,sEQLMr54EnY,2024-02-17T00:04:52Z,gh-411
"Little Joe (feat. Andrew Marlin, Noam Pikelny, Chris Eldridge & Alex Hargreaves)",Mighty Poplar,Mighty Poplar,,LIKE,3:04,184,xQ-kxkDP8H0,2024-02-17T00:01:48Z,gh-411
Down At Mylow's House,Norman Blake,Slow Train Through Georgia,,INDIFFERENT,1:21,81,xKu44NRE-Lg,2024-02-17T00:00:27Z,gh-411
Columbus Stockade Blues,Norman Blake,Slow Train Through Georgia,,INDIFFERENT,3:32,212,BorhL7SCGps,2024-02-16T23:56:55Z,gh-411
The Banks Of Good Hope / The Green Fields Of America,Norman Blake,Slow Train Through Georgia,,INDIFFERENT,5:57,357,z6X2LUfbLME,2024-02-16T23:50:58Z,gh-411
Richland Avenue Rag,Norman Blake,Slow Train Through Georgia,,INDIFFERENT,1:58,118,3pT0WJjtmEU,2024-02-16T23:49:00Z,gh-411
Six White Horses,Norman Blake,Slow Train Through Georgia,,INDIFFERENT,5:01,301,FgJB9AYpfWQ,2024-02-16T23:43:59Z,gh-411
Weave And Way,Norman Blake,Slow Train Through Georgia,,INDIFFERENT,2:24,144,hwSMnHvH4vc,2024-02-16T23:41:35Z,gh-411
Little Joe,Norman Blake,Slow Train Through Georgia,,INDIFFERENT,2:50,170,B_V4_ipuDCo,2024-02-16T23:38:45Z,gh-411
Cattle In The Cane,Norman Blake,Slow Train Through Georgia,,INDIFFERENT,2:13,133,w5mKo0aZ0wY,2024-02-16T23:36:32Z,gh-411
The Streamlined Cannonball,Norman Blake,Slow Train Through Georgia,,INDIFFERENT,5:00,300,DPomnzOxEhs,2024-02-16T23:31:32Z,gh-411
Nobody's Business,Norman Blake,Slow Train Through Georgia,,INDIFFERENT,3:16,196,O8w68g5RoEA,2024-02-16T23:28:16Z,gh-411
Macon Rag,Norman Blake,Slow Train Through Georgia,,INDIFFERENT,2:44,164,L3ModzIIXqw,2024-02-16T23:25:32Z,gh-411
Ginseng Sullivan,Norman Blake,Slow Train Through Georgia,,INDIFFERENT,3:32,212,HJPGO88UDJg,2024-02-16T23:22:00Z,gh-411
Nashville Blues,Norman Blake,Slow Train Through Georgia,,INDIFFERENT,3:48,228,Ec7eqf2IdUc,2024-02-16T23:18:12Z,gh-411
Bully Of The Town,Norman Blake,Slow Train Through Georgia,,LIKE,2:03,123,SPuk-wDOZmc,2024-02-16T23:16:09Z,gh-411
Done Gone,Norman Blake,Slow Train Through Georgia,,INDIFFERENT,1:40,100,EdE2lWRDv9Y,2024-02-16T23:14:29Z,gh-411
Church St. Blues,Norman Blake,Slow Train Through Georgia,,INDIFFERENT,2:54,174,zN9s810sAss,2024-02-16T23:11:35Z,gh-411
Randall Collins,Norman Blake,Slow Train Through Georgia,,INDIFFERENT,1:55,115,nHoBqt3S2R4,2024-02-16T23:09:40Z,gh-411
Spanish Fandango,Norman Blake,Slow Train Through Georgia,,INDIFFERENT,3:49,229,fqndMoeQhXM,2024-02-16T23:05:51Z,gh-411
Down Home Summertime Blues,Norman Blake,Slow Train Through Georgia,,INDIFFERENT,3:41,221,qhPMLk2ZJSk,2024-02-16T23:02:10Z,gh-411
Old Grey Mare,Norman Blake,Slow Train Through Georgia,,INDIFFERENT,3:31,211,76xp2GdKFnQ,2024-02-16T22:58:39Z,gh-411
Slow Train Through Georgia,Norman Blake,Slow Train Through Georgia,,INDIFFERENT,4:08,248,jt7SD_0KUwo,2024-02-16T22:54:31Z,gh-411
Fiddler's Dram / Whiskey Before Breakfast,Norman Blake,Slow Train Through Georgia,,INDIFFERENT,3:34,214,H0mItgpJVaU,2024-02-16T22:50:57Z,gh-411
"I Think It's Gonna Rain Today (feat. Vassar Clements, Jerry Douglas, Todd Phillips & Sam Bush)",Tony Rice,Cold On The Shoulder,,INDIFFERENT,2:41,161,_9TnXrAs8Vs,2024-02-16T22:48:16Z,gh-411
"Likes Of Me (feat. Vassar Clements, Jerry Douglas, Todd Phillips & Sam Bush)",Tony Rice,Cold On The Shoulder,,LIKE,2:56,176,oZpYMddziuA,2024-02-16T22:45:20Z,gh-411
"If You Only Knew (feat. Jerry Douglas, Todd Phillips, Bobby Hicks & Larry Rice)",Tony Rice,Cold On The Shoulder,,INDIFFERENT,2:17,137,CPRt-jaexzA,2024-02-16T22:43:03Z,gh-411
"Why Don't You Tell Me So (feat. Jerry Douglas, Todd Phillips, Bobby Hicks & Larry Rice)",Tony Rice,Cold On The Shoulder,,INDIFFERENT,3:12,192,fuQSElwSF9M,2024-02-16T22:39:51Z,gh-411
"Song For Life (feat. Jerry Douglas, Todd Phillips, Bobby Hicks & Larry Rice)",Tony Rice,Cold On The Shoulder,,INDIFFERENT,3:01,181,pRFG6tYfumg,2024-02-16T22:36:50Z,gh-411
"Muleskinner Blues (feat. Vassar Clements, Jerry Douglas, Todd Phillips & Sam Bush)",Tony Rice,Cold On The Shoulder,,INDIFFERENT,4:24,264,W1sr4-PhvWk,2024-02-16T22:32:26Z,gh-411
Bitter Green,Tony Rice,Cold On The Shoulder,,INDIFFERENT,2:46,166,ald1NEJfGGQ,2024-02-16T22:29:40Z,gh-411
"Fare Thee Well (feat. Jerry Douglas, Todd Phillips, Bobby Hicks & Larry Rice)",Tony Rice,Cold On The Shoulder,,INDIFFERENT,3:22,202,-pJMutbp_vw,2024-02-16T22:26:18Z,gh-411
"John Hardy (feat. Vassar Clements, Jerry Douglas, Todd Phillips & Sam Bush)",Tony Rice,Cold On The Shoulder,,INDIFFERENT,3:30,210,RmgJA4HxH6o,2024-02-16T22:22:48Z,gh-411
"Wayfaring Stranger (feat. Vassar Clements, Jerry Douglas, Todd Phillips & Sam Bush)",Tony Rice,Cold On The Shoulder,,INDIFFERENT,5:24,324,krOse7LY-8M,2024-02-16T22:17:24Z,gh-411
Cold On The Shoulder,Tony Rice,Cold On The Shoulder,,INDIFFERENT,2:35,155,1mLZ6BBi8eA,2024-02-16T22:14:49Z,gh-411
Fast Floyd,The Tony Rice Unit,Acoustics,False,INDIFFERENT,3:20,200,sns0OOpfOo4,2024-02-16T22:11:29Z,gh-411
New Waltz,The Tony Rice Unit,Acoustics,False,INDIFFERENT,5:12,312,GZDtqM7gyGY,2024-02-16T22:06:17Z,gh-411
Swing '51,The Tony Rice Unit,Acoustics,False,INDIFFERENT,3:13,193,uXdG0DXT9-0,2024-02-16T22:03:04Z,gh-411
So Much,The Tony Rice Unit,Acoustics,False,INDIFFERENT,5:13,313,9RGNGosRy90,2024-02-16T21:22:06Z,gh-410
Four On Six,The Tony Rice Unit,Acoustics,False,INDIFFERENT,3:43,223,EvYMocf9Pc0,2024-02-16T21:18:23Z,gh-410
Old Gray Coat,The Tony Rice Unit,Acoustics,False,INDIFFERENT,3:55,235,q9co4MLTEK8,2024-02-16T21:14:28Z,gh-410
Blues For Paradise,The Tony Rice Unit,Acoustics,False,INDIFFERENT,3:45,225,1okdWH0mAfk,2024-02-16T21:10:43Z,gh-410
Gasology,The Tony Rice Unit,Acoustics,False,INDIFFERENT,5:18,318,Vg1qiuBMNxA,2024-02-16T21:05:25Z,gh-410
Makers Mark,The Tony Rice Unit,Devlin,,INDIFFERENT,5:21,321,DXtWJGOxqvM,2024-02-16T21:00:04Z,gh-410
Vonetta,The Tony Rice Unit,Devlin,,INDIFFERENT,3:33,213,usj9ma2DtZM,2024-02-16T20:56:31Z,gh-410
"Whoa Baby, Every Day I Wake Up With The Blues",The Tony Rice Unit,Devlin,,INDIFFERENT,4:01,241,3LPqq_jYmto,2024-02-16T20:52:30Z,gh-410
Birdland Breakdown,The Tony Rice Unit,Devlin,,INDIFFERENT,3:33,213,sEQRP79bPLE,2024-02-16T20:48:57Z,gh-410
Moses Sole,The Tony Rice Unit,Devlin,,INDIFFERENT,4:57,297,agVKD_ODvGw,2024-02-16T20:44:00Z,gh-410
Mar West,The Tony Rice Unit,Devlin,,LIKE,5:34,334,GeCEeTuhD8A,2024-02-16T20:38:26Z,gh-410
EBA,The Tony Rice Unit,Devlin,,INDIFFERENT,3:23,203,op2AMJbangI,2024-02-16T20:35:03Z,gh-410
Nardis,The Tony Rice Unit,Devlin,,INDIFFERENT,3:51,231,tgJkOQ4CMqA,2024-02-16T20:31:12Z,gh-410
Night Coach,The Tony Rice Unit,Devlin,,INDIFFERENT,4:13,253,O3DEWRtbWlw,2024-02-16T20:26:59Z,gh-410
Neon Tetra,The Tony Rice Unit,Devlin,,INDIFFERENT,4:29,269,TmpE0JBVpf4,2024-02-16T20:22:30Z,gh-410
Untitled As Of Yet,The Tony Rice Unit,Devlin,,INDIFFERENT,4:28,268,kCcVqsYNnJg,2024-02-16T20:18:02Z,gh-410
Within Specs,The Tony Rice Unit,Devlin,,INDIFFERENT,3:47,227,aGA_GDFfq4Y,2024-02-16T20:14:15Z,gh-410
Waltz For Indira,The Tony Rice Unit,Devlin,,INDIFFERENT,3:25,205,Mg3s7sdD2f4,2024-02-16T20:10:50Z,gh-410
Is That So,The Tony Rice Unit,Devlin,,INDIFFERENT,4:30,270,CdV4M9AK9YA,2024-02-16T20:06:20Z,gh-410
Devlin,The Tony Rice Unit,Devlin,,INDIFFERENT,5:21,321,f31oRgP_OzA,2024-02-16T20:00:59Z,gh-410
Summer Wages,Tony Rice,Native American,False,INDIFFERENT,4:04,244,8Us9Q1T96jo,2024-02-16T19:56:55Z,gh-410
John Wilkes Booth,Tony Rice,Native American,False,INDIFFERENT,3:53,233,w1q5J_jHFBY,2024-02-16T19:53:02Z,gh-410
Brother To The Wind,Tony Rice,Native American,False,INDIFFERENT,3:29,209,kjcSkapes1I,2024-02-16T19:49:33Z,gh-410
Changes,Tony Rice,Native American,False,INDIFFERENT,2:22,142,5406Qh1AE6A,2024-02-16T19:47:11Z,gh-410
Nothin' Like A Hundred Miles,Tony Rice,Native American,False,INDIFFERENT,4:22,262,-VjeX183G3k,2024-02-16T19:42:49Z,gh-410
Go My Way,Tony Rice,Native American,False,INDIFFERENT,2:49,169,lwLpjUSryy4,2024-02-16T19:40:00Z,gh-410
Urge For Going,Tony Rice,Native American,False,INDIFFERENT,5:52,352,el2c6Fv999U,2024-02-16T19:34:08Z,gh-410
Why You Been Gone So Long,Tony Rice,Native American,False,INDIFFERENT,3:23,203,xXoOU2D8vFc,2024-02-16T19:30:45Z,gh-410
Night Flyer,Tony Rice,Native American,True,LIKE,4:01,241,lMHUTwCJ5fw,2024-02-16T19:26:44Z,gh-410
St. James Hospital,Tony Rice,Native American,False,INDIFFERENT,5:00,300,cYVivsD36C8,2024-02-16T19:21:44Z,gh-410
Shadows,Tony Rice,Native American,False,INDIFFERENT,3:44,224,pWIidAZXz_M,2024-02-16T19:18:00Z,gh-410
Poso Lipame (Remix),"Imam Baildi, Sofia Vebo",Imam Baildi,,LIKE,4:19,259,i5anQOAebeM,2024-02-16T18:25:38Z,gh-409
Immigrant Punk,Gogol Bordello,Gypsy Punks: Underdog World Strike,False,INDIFFERENT,3:46,226,KvJ1SXE1gGo,2024-02-16T09:23:33Z,gh-405
Ultimate,Gogol Bordello,Super Taranta!,,INDIFFERENT,3:30,210,Bri8g-gF10U,2024-02-16T09:20:03Z,gh-405
Tribal Connection,Gogol Bordello,Super Taranta!,,INDIFFERENT,5:06,306,JcP_Ovyflvk,2024-02-16T09:14:57Z,gh-405
Baro Foro,Gogol Bordello,Multi Kontra Culti vs Irony,False,INDIFFERENT,9:03,543,n4zttlq8T4s,2024-02-16T09:05:54Z,gh-405
Trans-Continental Hustle,Gogol Bordello,Trans-Continental Hustle,True,LIKE,4:17,257,m25XvcLsROQ,2024-02-16T06:27:07Z,gh-404
Sun On My Side,Gogol Bordello,Trans-Continental Hustle,False,INDIFFERENT,4:25,265,RH7Xzd4PmwQ,2024-02-16T06:22:42Z,gh-404
Supertheory of Supereverything,Gogol Bordello,Super Taranta!,,INDIFFERENT,2:56,176,zG25S2hIoKE,2024-02-16T06:19:46Z,gh-404
Tearin' It Up,Gramatik,SB2,False,INDIFFERENT,4:17,257,6REkESrP2w8,2024-02-16T06:15:29Z,gh-404
Send It,Marvel Years,The Arrival,False,INDIFFERENT,3:50,230,9_VGvwBgN7M,2024-02-16T03:21:47Z,gh-403
So Much in the Dark,Pretty Lights,Glowing in the Darkest Night,False,INDIFFERENT,7:23,443,mTgk_nW9sgw,2024-02-16T03:14:24Z,gh-403
Guatem,Ours Samplus,Antares,False,INDIFFERENT,3:13,193,G2zxpFXaSdc,2024-02-16T03:11:11Z,gh-403
You Shall Rise,Mononome,Tale of the Phoenix,False,INDIFFERENT,4:08,248,E6mwuRqmqI4,2024-02-16T03:07:03Z,gh-403
Cream On Chrome,Ratatat,Magnifique,False,INDIFFERENT,4:16,256,ie1vVkzrlx0,2024-02-16T03:02:47Z,gh-403
Shempi,Ratatat,LP3,False,INDIFFERENT,3:58,238,OSColf1oUPQ,2024-02-16T02:58:49Z,gh-403
Moreland Ave Blues,Daily Bread,Big Beat Ignition: Denver,False,INDIFFERENT,3:30,210,356lWpKHz10,2024-02-16T02:55:19Z,gh-403
If I Could Feel Again,Pretty Lights,Passing by Behind Your Eyes,False,INDIFFERENT,5:41,341,6s9Y3ITaI_I,2024-02-16T02:49:38Z,gh-403
Finally Moving,Pretty Lights,Taking up Your Precious Time,False,INDIFFERENT,4:38,278,rSW-L4kXun8,2024-02-16T01:23:30Z,gh-402
Bridges,Koresma,Bridges,True,LIKE,3:42,222,DGSCbrPS7yY,2024-02-16T01:19:48Z,gh-402
Southern Man,Akshin Alizadeh,Bust Free 12,False,INDIFFERENT,3:58,238,otVCKP5NnTg,2024-02-16T01:15:50Z,gh-402
You Wish,Nightmares on Wax,In A Space Outta Sound,False,INDIFFERENT,3:31,211,tkEPEKSmlYI,2024-02-16T01:12:19Z,gh-402
Start Shootin',Little People,"Unreleased Bits & Pieces, Pt. 2",False,INDIFFERENT,6:13,373,zdlEybzi3I4,2024-02-16T01:06:06Z,gh-402
Bison Grass,Poldoore,Bust Free 17,False,INDIFFERENT,3:18,198,mK6taOUk3uk,2024-02-16T01:02:48Z,gh-402
Thongs & Strings,Beat Fatigue,Six Strings Attached EP,False,INDIFFERENT,3:54,234,TBcg2pfjzRQ,2024-02-16T00:58:54Z,gh-402
Wu Tang Clan Ain't Nuthing ta F' Wit,El Michels Affair,Return To The 37th Chamber,,INDIFFERENT,2:35,155,Vus1JBAwPz4,2024-02-16T00:56:19Z,gh-402
Home,Moontricks,Home EP,False,INDIFFERENT,4:47,287,sX7llC6Yblc,2024-02-16T00:51:32Z,gh-402
Around the Block (feat. Talib Kweli),Pretty Lights,A Color Map of the Sun (Deluxe Version),True,INDIFFERENT,4:14,254,xfAw--9-5LU,2024-02-16T00:47:18Z,gh-402
Hazard Pay,AntXres,MIRAGE,False,INDIFFERENT,3:13,193,cRbZBPYQMdc,2024-02-15T21:24:12Z,gh-401
Still Here,Gramatik,SB2,False,INDIFFERENT,3:31,211,OWIsprjk3D4,2024-02-15T21:20:41Z,gh-401
Muy Tranquilo,Gramatik,Coffee Shop Selection,False,INDIFFERENT,3:54,234,f0JOXlZdhic,2024-02-15T21:16:47Z,gh-401
Only Yesterday,Pretty Lights,Only Yesterday,False,INDIFFERENT,6:16,376,nIrDh9AXacI,2024-02-15T21:10:31Z,gh-401
Orchestrated Incident,Gramatik,SB2,False,INDIFFERENT,3:43,223,Ps7Oii-LeRs,2024-02-15T21:06:48Z,gh-401
Dungeon Sound,Gramatik,SB3,False,INDIFFERENT,3:53,233,IiYUs0ezEaI,2024-02-15T21:02:55Z,gh-401
Valhalla,Emancipator,Dusk to Dawn,False,INDIFFERENT,5:08,308,AMdKnZiwixk,2024-02-15T20:57:47Z,gh-401
High School Art Class,Pretty Lights,Spilling over Every Side,False,INDIFFERENT,8:53,533,11QwV4D6y7E,2024-02-15T20:48:54Z,gh-401
Feeling Good (Bassnectar Remix),Nina Simone,Verve Remixed: The First Ladies,False,INDIFFERENT,3:47,227,WAXHuvnbD3g,2024-02-15T20:45:07Z,gh-401
Ricky's Theme,Beastie Boys,Ill Communication,False,INDIFFERENT,3:44,224,N_kZ2Q6uZEk,2024-02-15T20:41:23Z,gh-401
Illusion of Choice,Gramatik,#digitalfreedom EP,False,INDIFFERENT,4:59,299,6XqzqRUa2BQ,2024-02-15T20:36:24Z,gh-401
Remember Me,Blue Boy,Remember Me,False,INDIFFERENT,7:04,424,D0iBkRVgERw,2024-02-15T20:29:20Z,gh-401
We Can Fly (feat. Torch),Manic Focus,Cerebral Eclipse,False,INDIFFERENT,4:22,262,Tlvpfu3SQt4,2024-02-15T20:24:58Z,gh-401
Can't Stop Me Now,Pretty Lights,Passing by Behind Your Eyes,False,INDIFFERENT,4:45,285,ySu1QPdVzMY,2024-02-15T20:20:13Z,gh-401
Hot Like Dimes,Pretty Lights,Spilling over Every Side,False,INDIFFERENT,7:24,444,mWgEZw7LzLI,2024-02-15T20:12:49Z,gh-401
Abrasive,Ratatat,Magnifique,False,INDIFFERENT,4:17,257,YCnzInuu-Lo,2024-02-15T20:08:32Z,gh-401
The Whip,Dirtwire,Showdown,False,INDIFFERENT,4:22,262,k9FpXMaU8mA,2024-02-15T20:04:10Z,gh-401
Anti Pop Song,Ancient Astronauts,Into Bass and Time,False,INDIFFERENT,5:02,302,8Dcyn0lGc6M,2024-02-15T19:59:08Z,gh-401
Gold Coast Hustle,Pretty Lights,Glowing in the Darkest Night,False,INDIFFERENT,4:54,294,iZu7mrOxEl8,2024-02-15T19:54:14Z,gh-401
Jambox,The Floozies,Do Your Thing,,INDIFFERENT,4:25,265,rabiVPM6v7g,2024-02-15T19:49:49Z,gh-401
C.R.E.A.M.,El Michels Affair,Enter The 37th Chamber,,LIKE,2:54,174,6LjdJgTSIRo,2024-02-15T19:46:55Z,gh-401
Wolf Drawn,Emancipator,Soon It Will Be Cold Enough,,INDIFFERENT,3:20,200,lEi-anyhrLE,2024-02-15T18:27:09Z,gh-400
Start Shootin',Little People,Mickey Mouse Operation,False,INDIFFERENT,3:36,216,TRxgOHucrp8,2024-02-15T18:23:33Z,gh-400
We Won't Land,Manic Focus,Distant Perspective,False,INDIFFERENT,3:15,195,1PFqqcP2ItI,2024-02-15T18:20:18Z,gh-400
Straight Cruisin',Marvel Years,The Arrival,False,INDIFFERENT,3:56,236,E1qAC6wgA4I,2024-02-15T18:16:22Z,gh-400
We Must Go On,Pretty Lights,We Must Go On,False,INDIFFERENT,5:44,344,r0fOP2__QbI,2024-02-15T18:10:38Z,gh-400
Just Jammin',Gramatik,SB2,False,INDIFFERENT,6:30,390,5vqXhPxdiC0,2024-02-15T18:04:08Z,gh-400
A Beautiful Mine (Theme Music From Mad Men),RJD2,Magnificent City Instrumentals,False,INDIFFERENT,5:30,330,f0NYZdxnMWY,2024-02-15T17:58:38Z,gh-400
Tearin' It Up,Gramatik,SB2,False,INDIFFERENT,4:17,257,6REkESrP2w8,2024-02-15T17:54:21Z,gh-400
Calvert Street Rock,Ancient Astronauts,Into Bass and Time,False,INDIFFERENT,3:33,213,5ZgWFkSTtco,2024-02-15T17:50:48Z,gh-400
Ethereal,"League of Legends, Pretty Lights",DJ Sona,False,INDIFFERENT,4:13,253,fxx95ZNmpVE,2024-02-15T17:46:35Z,gh-400
Worldwide,Ancient Astronauts,Into Bass and Time,False,INDIFFERENT,4:06,246,w_CLwXhsJqE,2024-02-15T17:42:29Z,gh-400
Someday Baby,Manic Focus,Distant Perspective,False,INDIFFERENT,3:25,205,3qIFThcf5Mg,2024-02-15T17:39:04Z,gh-400
Shadow Boxing,El Michels Affair,Return To The 37th Chamber,,INDIFFERENT,2:48,168,cNByKATcj6E,2024-02-15T17:36:16Z,gh-400
The Culture,Gramatik,SB2,False,INDIFFERENT,3:49,229,J5fpXJbWm_Y,2024-02-15T17:32:27Z,gh-400
Brave Men (feat. ESKOBARS),Gramatik,The Age of Reason (10th Anniversary Deluxe Edition),False,INDIFFERENT,6:02,362,L1BXg2eNy7U,2024-02-15T17:26:25Z,gh-400
Tree Trunks,Late Night Radio,Soap Box,False,INDIFFERENT,4:29,269,4LhRANWg5Do,2024-02-15T17:21:56Z,gh-400
Fisticuffs at Dawn,Little People,"Unreleased Bits & Pieces, Pt. 1",False,INDIFFERENT,6:14,374,1QT9PvvL3Ok,2024-02-15T17:15:42Z,gh-400
Uzi (Pinky Ring),El Michels Affair,Enter The 37th Chamber,,INDIFFERENT,3:11,191,t95Cf-zkAMg,2024-02-15T17:12:31Z,gh-400
Svenghali,Tractorbeam,"2024/02/11 Boulder, CO",,INDIFFERENT,6:34,394,1nWJYbqu6d0,2024-02-15T17:05:57Z,gh-400
The Great Abyss,Tractorbeam,"2024/02/11 Boulder, CO",,INDIFFERENT,13:53,833,wk2Nn8fLBc8,2024-02-15T16:52:04Z,gh-400
Times Square,Tractorbeam,"2024/02/11 Boulder, CO",,INDIFFERENT,10:52,652,U6ahS7jSYDM,2024-02-15T16:41:12Z,gh-400
Dino Baby,Tractorbeam,"2024/02/11 Boulder, CO",,INDIFFERENT,11:21,681,vp0Trr_fvBw,2024-02-15T16:29:51Z,gh-400
I-man,Tractorbeam,"2024/02/11 Boulder, CO",,INDIFFERENT,13:09,789,IDsfy7j9bLk,2024-02-15T16:16:42Z,gh-400
M1,Tractorbeam,"2024/02/11 Boulder, CO",,INDIFFERENT,18:34,1114,mZ0fapE6K2s,2024-02-15T15:58:08Z,gh-400
Another Plan Of Attack,Tractorbeam,"2024/02/11 Boulder, CO",,INDIFFERENT,19:14,1154,-mUL5lcNEY0,2024-02-15T15:38:54Z,gh-400
"Oh, Babe It Ain't No Lie",Joe Walsh,Sweet Loam,,LIKE,4:15,255,DOPS6z_-wNs,2024-02-15T15:34:39Z,gh-400
I Remembered When I Knew,Joe Walsh,Sweet Loam,,INDIFFERENT,4:46,286,DmGco_jLyLk,2024-02-15T15:29:53Z,gh-400
Sunday Morning Reel,Joe Walsh,Sweet Loam,,INDIFFERENT,2:39,159,50cbsSlZQ_o,2024-02-15T15:27:14Z,gh-400
Hold Whatcha Got,Joe Walsh,Sweet Loam,,INDIFFERENT,2:53,173,c6V0hOnWk4s,2024-02-15T15:24:21Z,gh-400
Early,Joe Walsh,Sweet Loam,,INDIFFERENT,3:32,212,n2nt2NOLiwI,2024-02-15T15:20:49Z,gh-400
Bob's Bucket,Joe Walsh,Sweet Loam,,INDIFFERENT,1:49,109,szYb-w1eeN0,2024-02-15T15:25:29Z,gh-399
I Shall Be Released,Joe Walsh,Sweet Loam,,INDIFFERENT,5:27,327,E_5sbQDONeQ,2024-02-15T15:20:02Z,gh-399
Emily's Welcome to Portland,Joe Walsh,Sweet Loam,,INDIFFERENT,4:32,272,hp4c4NRE87g,2024-02-15T15:15:30Z,gh-399
Mole in the Ground,Joe Walsh,Sweet Loam,,LIKE,3:33,213,sEQLMr54EnY,2024-02-15T15:11:57Z,gh-399
Wolfcat Breakdown,Joe Walsh,Sweet Loam,,INDIFFERENT,3:23,203,SDF06Q6NeqQ,2024-02-15T15:08:34Z,gh-399
Ain't No One Like You / Solly's Little Favorite,Joe Walsh,Sweet Loam,,INDIFFERENT,3:59,239,Gyj8YTQQqs4,2024-02-15T15:04:35Z,gh-399
Matterhorn,Country Gentlemen,Live In Japan,False,INDIFFERENT,3:14,194,4T2hzBJfrVY,2024-02-15T06:27:31Z,gh-396
Another Plan Of Attack,Tractorbeam,"2024/02/11 Boulder, CO",,INDIFFERENT,19:14,1154,-mUL5lcNEY0,2024-02-14T18:11:54Z,gh-392
Orch Theme,Tractorbeam,"2024/02/11 Boulder, CO",,INDIFFERENT,17:27,1047,teNvAqNgnMU,2024-02-14T17:54:27Z,gh-392
Hide And Seek,Tractorbeam,"2024/02/11 Boulder, CO",,INDIFFERENT,20:18,1218,9qMOezP7Fu8,2024-02-14T17:34:09Z,gh-392
In The Woods,Hugo Kant,The Point Of No Return,False,INDIFFERENT,4:35,275,IFWhOamJOpc,2024-02-14T17:29:34Z,gh-392
Sometimes,Wax Tailor,Hope & Sorrow,False,INDIFFERENT,3:41,221,R2LiOOB5w_E,2024-02-14T17:25:53Z,gh-392
Golden Age,Chinese Man,Shikantaza,False,INDIFFERENT,4:17,257,WXUY9oxLd4o,2024-02-14T17:21:36Z,gh-392
Heavy Rain,Cabinet,This Is Cabinet: Set 2,,INDIFFERENT,4:26,266,82D536Y9S34,2024-02-14T17:17:10Z,gh-392
Mr. Spaceman,Cabinet,This Is Cabinet: Set 2,,INDIFFERENT,4:56,296,R2A9b_yJjxY,2024-02-14T17:12:14Z,gh-392
Susquehanna Breakdown,Cabinet,This Is Cabinet: Set 2,,INDIFFERENT,3:07,187,S3hTxQqOkDI,2024-02-14T17:09:07Z,gh-392
The Dove,Cabinet,This Is Cabinet: Set 2,,INDIFFERENT,7:12,432,eHRvJ6Deav4,2024-02-14T17:01:55Z,gh-392
Poor Man's Blues,Cabinet,This Is Cabinet: Set 2,,INDIFFERENT,3:12,192,6eWhynIw-Iw,2024-02-14T16:58:43Z,gh-392
Doors,Cabinet,This Is Cabinet: Set 2,,INDIFFERENT,5:12,312,jYOBgwU35K0,2024-02-14T16:53:31Z,gh-392
Caroline,Cabinet,This Is Cabinet: Set 2,,INDIFFERENT,8:34,514,1cKy_EaQMXI,2024-02-14T16:44:57Z,gh-392
Deep River Blues,Cabinet,The Sugarhouse Sessions,True,LIKE,6:24,384,hHv8hvuT4Wo,2024-02-14T16:38:33Z,gh-392
Mole in the Ground,Pappy,Pappy Time,,INDIFFERENT,2:41,161,PX1HQY5sHyQ,2024-02-14T16:35:52Z,gh-392
Ghostwriter,RJD2,Deadringer: Deluxe,True,LIKE,5:17,317,hY08FkhpPjk,2024-02-14T16:30:35Z,gh-392
Once Upon a Time (feat. Tumi & Zubz),Chinese Man,Once Upon a Time,False,INDIFFERENT,3:44,224,Vs1sy98ZhLE,2024-02-14T16:26:51Z,gh-392
Joeira (feat. João Pedreira),Kurup,Joeira,True,LIKE,5:02,302,Rq4_GZAYcOI,2024-02-14T16:21:49Z,gh-392
Kaleidoscope,Kingzeek,"Now, Open Your Eyes",,INDIFFERENT,5:44,344,qRgFDbUgGno,2024-02-14T16:16:05Z,gh-392
Night Beak,Kingzeek,"Now, Open Your Eyes",,INDIFFERENT,2:17,137,CAMrBLuuzqc,2024-02-14T16:13:48Z,gh-392
Edward,Kingzeek,"Now, Open Your Eyes",,INDIFFERENT,2:48,168,Cuxrqx--ax4,2024-02-14T16:11:00Z,gh-392
Cross Harp Style,Kingzeek,"Now, Open Your Eyes",,INDIFFERENT,3:53,233,zTiyu4OSPkQ,2024-02-14T16:07:07Z,gh-392
Tangle Wood,Kingzeek,"Now, Open Your Eyes",,INDIFFERENT,3:57,237,ka4-jPajj7M,2024-02-14T16:03:10Z,gh-392
Eight O Two Two Two Three,Kingzeek,"Now, Open Your Eyes",,INDIFFERENT,4:05,245,jU7WkSjXCkU,2024-02-14T15:59:05Z,gh-392
Good Mourning,Kingzeek,"Now, Open Your Eyes",,INDIFFERENT,3:34,214,8RyFzq4ruvY,2024-02-14T15:55:31Z,gh-392
Now Open Your Eyes,Kingzeek,"Now, Open Your Eyes",,INDIFFERENT,2:45,165,j7OHfM8bAus,2024-02-14T15:52:46Z,gh-392
Word 4 Word,Kingzeek,"Now, Open Your Eyes",,INDIFFERENT,3:03,183,-RbsuAxyiM8,2024-02-14T15:49:43Z,gh-392
Good Day,Kingzeek,"Now, Open Your Eyes",,INDIFFERENT,3:24,204,3VSXL2pTyEs,2024-02-14T15:46:19Z,gh-392
Blue Bird,Ours Samplus,Orphan Loops,False,INDIFFERENT,3:52,232,mygg65UV6iM,2024-02-14T15:42:27Z,gh-392
Freaky Circus (feat. Mr LIF & Napoleon Da Legend),Wax Tailor,Fishing For Accidents,False,INDIFFERENT,3:22,202,lR3XZ_Sdl6Y,2024-02-14T15:39:05Z,gh-392
Run Run Run (Scatter) [Chill Bump Remix] (feat. Ex-I),Chinese Man,Sho-Bro,False,INDIFFERENT,3:41,221,kxnnpVjIUSM,2024-02-14T15:35:24Z,gh-392
Courage,Patrick O'Hearn,Transitions,False,INDIFFERENT,3:21,201,mlJTqWKRwnM,2024-02-14T15:32:03Z,gh-392
Days To Come (feat. Bajka),Bonobo,Days To Come,True,INDIFFERENT,3:50,230,dq67Un8Z2Cw,2024-02-14T15:28:13Z,gh-392
Ungodly Fruit,Wax Tailor,Tales of the Forgotten Melodies,,INDIFFERENT,3:01,181,q_Y2xEWDVXQ,2024-02-14T15:25:12Z,gh-392
Count Your Blessings,Hint,Portakabin Fever,False,LIKE,6:09,369,5SdSDDEYGSE,2024-02-14T15:19:03Z,gh-392
You Wish,Nightmares on Wax,In A Space Outta Sound,False,INDIFFERENT,3:31,211,tkEPEKSmlYI,2024-02-14T15:15:32Z,gh-392
Clouds (Insight Vol. 3),Koresma,Clouds (Insight Vol. 3),False,INDIFFERENT,3:48,228,QL_7_ioPuPo,2024-02-14T15:11:44Z,gh-392
Periscope Up,Emancipator,Soon It Will Be Cold Enough,,INDIFFERENT,3:05,185,QvNRIcwiXVY,2024-02-14T15:08:39Z,gh-392
Take The Wheel,Steep Canyon Rangers,Tell The Ones I Love,False,INDIFFERENT,4:37,277,thN9Gag3Js8,2024-02-14T15:04:02Z,gh-392
Lone Pine Hill,Justin Townes Earle,The Good Life,False,INDIFFERENT,3:04,184,XA84Y2Dg9NM,2024-02-14T15:00:58Z,gh-392
Mole in the Ground,Joe Walsh,Sweet Loam,,LIKE,3:33,213,sEQLMr54EnY,2024-02-14T14:57:25Z,gh-392
If It Hadn't Been For Love,The SteelDrivers,The SteelDrivers,False,INDIFFERENT,4:00,240,TzSC2FiGXwE,2024-02-14T09:23:08Z,gh-389
Big Sciota,Bryan Sutton,Not Too Far From The Tree,,LIKE,2:57,177,JzT8TiNMB3I,2024-02-14T09:20:11Z,gh-389
"North Country Blues (feat. Andrew Marlin, Noam Pikelny, Chris Eldridge & Alex Hargreaves)",Mighty Poplar,Mighty Poplar,,INDIFFERENT,4:09,249,n-fO1jLPkxo,2024-02-14T09:16:02Z,gh-389
"Oh, Babe It Ain't No Lie",Joe Walsh,Sweet Loam,,LIKE,4:15,255,DOPS6z_-wNs,2024-02-14T06:26:14Z,gh-388
Mole in the Ground,Joe Walsh,Sweet Loam,,LIKE,3:33,213,sEQLMr54EnY,2024-02-14T06:22:41Z,gh-388
My Lagan Love,"Lisa Hannigan, The Chieftains",Voice of Ages (Deluxe Edition),,INDIFFERENT,4:28,268,djgmNiVfGNY,2024-02-14T03:21:44Z,gh-387
The Lark In The Clear Air / Olam Punch,"Punch Brothers, The Chieftains",Voice of Ages (Deluxe Edition),,INDIFFERENT,3:21,201,Qoc8hFvnkxY,2024-02-14T03:18:23Z,gh-387
Lily Love,"The Chieftains, The Civil Wars",Voice of Ages (Deluxe Edition),,INDIFFERENT,3:01,181,qYYZYdAdSGU,2024-02-14T03:15:22Z,gh-387
Pretty Little Girl,The Chieftains,Voice of Ages (Deluxe Edition),,INDIFFERENT,2:49,169,tvTdJfDvyls,2024-02-14T03:12:33Z,gh-387
Come All Ye Fair And Tender Ladies,The Chieftains,Voice of Ages (Deluxe Edition),,INDIFFERENT,4:21,261,s0k_SoSBEe4,2024-02-14T03:08:12Z,gh-387
Carolina Rua / Reel - The Ladies Pantalettes,"Imelda May, The Chieftains",Voice of Ages (Deluxe Edition),,INDIFFERENT,3:58,238,UXhe2PBI5Xs,2024-02-14T03:04:14Z,gh-387
"10,000 Miles Away",The Skullduggers,Staggers and Jags,False,INDIFFERENT,3:25,205,gHWoWOS64y8,2024-02-14T03:00:49Z,gh-387
The Frost Is All Over,"Punch Brothers, The Chieftains",Voice of Ages (Deluxe Edition),,LIKE,3:07,187,O_GrL3qYQz0,2024-02-14T02:57:42Z,gh-387
My Darlin' Hometown,John Prine,Fair and Square,False,INDIFFERENT,3:15,195,ZPZirGHcyQ4,2024-02-14T02:54:27Z,gh-387
The Raggle Taggle Gypsy,The Chieftains,Further Down The Old Plank Road,True,LIKE,3:08,188,FnHhb3o9T2w,2024-02-14T02:51:19Z,gh-387
Mean Mother Blues,Julian Lage & Chris Eldridge,Avalon,,LIKE,3:44,224,7yD5urQ29_A,2024-02-14T02:47:35Z,gh-387
Mean Mother Blues,Seldom Scene,Act 3,True,LIKE,3:03,183,k5Sz1rG7vRA,2024-02-14T02:44:32Z,gh-387
"Little Joe (feat. Andrew Marlin, Noam Pikelny, Chris Eldridge & Alex Hargreaves)",Mighty Poplar,Mighty Poplar,,LIKE,3:04,184,xQ-kxkDP8H0,2024-02-14T02:41:28Z,gh-387
Walk On Boy,"Doc Watson, Richard Watson",Third Generation Blues,False,INDIFFERENT,3:09,189,yZHxipCR63Y,2024-02-14T01:26:12Z,gh-386
Wagon Wheel (Live),Old Crow Medicine Show & David Rawlings,World Café (Live),False,INDIFFERENT,4:05,245,CbotRSFMK_U,2024-02-14T01:22:07Z,gh-386
I Need Never Get Old,Nathaniel Rateliff & The Night Sweats,Nathaniel Rateliff & The Night Sweats,True,LIKE,4:14,254,-FWrwbHqu5w,2024-02-14T01:17:53Z,gh-386
"Up on the Divide (feat. Andrew Marlin, Noam Pikelny, Chris Eldridge & Alex Hargreaves)",Mighty Poplar,Up on the Divide,False,INDIFFERENT,3:21,201,qf_ubaUuqLs,2024-02-14T01:14:32Z,gh-386
It's Raining Here This Morning,"Norman Blake, Tony Rice",Norman Blake & Tony Rice 2,,INDIFFERENT,3:38,218,YXJHpgNymOA,2024-02-14T01:10:54Z,gh-386
Chained to the Couch,The Devil Makes Three,The Devil Makes Three,False,INDIFFERENT,3:32,212,K_zi2zjEebU,2024-02-14T01:07:22Z,gh-386
Mole in the Ground,Joe Walsh,Sweet Loam,True,LIKE,3:33,213,sEQLMr54EnY,2024-02-14T01:03:49Z,gh-386
"Lord, Won't You Help Me",Blue Highway,"It's A Long, Long Road",False,INDIFFERENT,2:29,149,IM8j15VFM90,2024-02-14T01:01:20Z,gh-386
Magnolia Wind,Guy Clark,The Dark,False,INDIFFERENT,3:50,230,vLqmZLMPnyo,2024-02-14T00:57:30Z,gh-386
Marie (Acoustic Live),Townes Van Zandt,Somebody Had To Write It,False,INDIFFERENT,5:02,302,Ox2oYo-RFeo,2024-02-14T00:52:28Z,gh-386
Upside Down,Watchhouse,Watchhouse,False,INDIFFERENT,4:09,249,M-vqio6tkxA,2024-02-14T00:48:19Z,gh-386
"Story of Isaac (feat. Andrew Marlin, Noam Pikelny, Chris Eldridge & Alex Hargreaves)",Mighty Poplar,Mighty Poplar,,INDIFFERENT,6:21,381,2cydfPSto7c,2024-02-14T00:41:58Z,gh-386
"Kicking Up the Devil on a Holiday / Dr. Hecock's Jig (feat. Andrew Marlin, Noam Pikelny, Chris Eldridge & Alex Hargreaves)",Mighty Poplar,Mighty Poplar,,INDIFFERENT,5:51,351,FUpVDX-BpMs,2024-02-14T00:36:07Z,gh-386
"Let Him Go on Mama (feat. Andrew Marlin, Noam Pikelny, Chris Eldridge & Alex Hargreaves)",Mighty Poplar,Mighty Poplar,,INDIFFERENT,4:10,250,9CLcIOv4MtY,2024-02-14T00:31:57Z,gh-386
"Little Joe (feat. Andrew Marlin, Noam Pikelny, Chris Eldridge & Alex Hargreaves)",Mighty Poplar,Mighty Poplar,,INDIFFERENT,3:04,184,xQ-kxkDP8H0,2024-02-14T00:28:53Z,gh-386
"North Country Blues (feat. Andrew Marlin, Noam Pikelny, Chris Eldridge & Alex Hargreaves)",Mighty Poplar,Mighty Poplar,,INDIFFERENT,4:09,249,n-fO1jLPkxo,2024-02-14T00:24:44Z,gh-386
"Blackjack Davy (feat. Andrew Marlin, Noam Pikelny, Chris Eldridge & Alex Hargreaves)",Mighty Poplar,Mighty Poplar,,INDIFFERENT,3:07,187,cgc_BbcfOCg,2024-02-14T00:21:37Z,gh-386
"Lovin' Babe (feat. Andrew Marlin, Noam Pikelny, Chris Eldridge & Alex Hargreaves)",Mighty Poplar,Mighty Poplar,,INDIFFERENT,5:49,349,78HytXIPSKY,2024-02-14T00:15:48Z,gh-386
"Grey Eagle (feat. Andrew Marlin, Noam Pikelny, Chris Eldridge & Alex Hargreaves)",Mighty Poplar,Mighty Poplar,,LIKE,3:50,230,v2h5wWNQREA,2024-02-14T00:11:58Z,gh-386
"Up on the Divide (feat. Andrew Marlin, Noam Pikelny, Chris Eldridge & Alex Hargreaves)",Mighty Poplar,Mighty Poplar,,INDIFFERENT,3:21,201,N1rC1veHA_s,2024-02-14T00:08:37Z,gh-386
"A Distant Land to Roam (feat. Andrew Marlin, Noam Pikelny, Chris Eldridge & Alex Hargreaves)",Mighty Poplar,Mighty Poplar,,INDIFFERENT,2:34,154,YaC4M0M0hM4,2024-02-14T00:06:03Z,gh-386
Dump the Bosses Off Your Back,Joe Glazer,I Will Win: Songs of the Wobblies,False,INDIFFERENT,2:35,155,2UMhh7myVDQ,2024-02-14T00:03:28Z,gh-386
War on the Workers,Anne Feeney,Original Recordings,False,INDIFFERENT,3:35,215,ShWwVui2gAU,2024-02-13T23:59:53Z,gh-386
The World Turned Upside Down Parts 1 & 2,Leon Rosselson,The World Turned Upside Down: Rosselsongs 1960-2010,False,INDIFFERENT,6:12,372,lXXD8hrcU_o,2024-02-13T21:21:20Z,gh-385
"There Is Power In The Union (Live From Victoria, Courtenay, And Vancouver, British Columbia / February, 1981)",Utah Phillips,"We Have Fed You All A Thousand Years (Live From Victoria, Courtenay, And Vancouver, British Columbia / February, 1981)",False,INDIFFERENT,3:47,227,uk8lwXnetqA,2024-02-13T21:17:33Z,gh-385
Resistance,David Rovics,Return,False,INDIFFERENT,3:41,221,FNrghYnolCA,2024-02-13T21:13:52Z,gh-385
The Middle,Trampled By Turtles,The Middle,False,INDIFFERENT,4:29,269,EFx4zMSnmrI,2024-02-13T21:09:23Z,gh-385
Jesus Christ,Woody Guthrie,"This Land is Your Land: The Asch Recordings, Vol. 1",False,INDIFFERENT,2:39,159,_KZg_t9UyJY,2024-02-13T21:06:44Z,gh-385
Tops of the Trees,The Brothers Comatose,City Painted Gold,False,INDIFFERENT,4:17,257,GEdmY9sy4as,2024-02-13T21:02:27Z,gh-385
Pour 'Em Kinda Strong,Corb Lund,Cabin Fever,False,INDIFFERENT,3:33,213,VUNl87K-NVM,2024-02-13T20:58:54Z,gh-385
That Bastard Son,The Dead South,Good Company,False,INDIFFERENT,3:55,235,njQ4-tnhvM8,2024-02-13T20:54:59Z,gh-385
Eve Of Destruction,Barry McGuire,Eve Of Destruction,False,INDIFFERENT,3:36,216,_38SWIIKITE,2024-02-13T20:51:23Z,gh-385
Whiskey,Tejon Street Corner Thieves,Every Last Drop,False,INDIFFERENT,3:52,232,2-xcu0dVjSs,2024-02-13T20:47:31Z,gh-385
"Workers of the World, Awaken!",Magpie,When We Stand Together,False,INDIFFERENT,4:57,297,5YJ55KT_5Q8,2024-02-13T20:42:34Z,gh-385
Sing to the Mountain,Elephant Revival,Elephant Revival,False,INDIFFERENT,3:43,223,-pxJe83McU8,2024-02-13T20:38:51Z,gh-385
Sweet Child O' Mine,"Iron Horse, Pickin' On Series",The Bluegrass Tribute to Guns n' Roses,False,INDIFFERENT,4:02,242,gHSXOYYmM1s,2024-02-13T20:34:49Z,gh-385
House Of The Rising Sun,Kennedy Strings,Country Unplugged - Volume One,False,INDIFFERENT,3:20,200,62vZ4SKF_DI,2024-02-13T20:31:29Z,gh-385
Solidarity Forever,Fast Rattler,Hand On the Plow (feat. Bodhi Busick),False,INDIFFERENT,4:11,251,FFJ6Vv7Sn6o,2024-02-13T20:27:18Z,gh-385
The Preacher and the Slave,Utah Phillips,We Have Fed You All a Thousand Years,False,INDIFFERENT,4:12,252,RHyGpFncovU,2024-02-13T20:23:06Z,gh-385
Keep Me Around,The Wood Brothers,The Muse,False,INDIFFERENT,3:38,218,UemotcGuPqM,2024-02-13T20:19:28Z,gh-385
Codeine,Trampled By Turtles,Blue Sky and the Devil,False,INDIFFERENT,3:09,189,ZP_m4W38p0s,2024-02-13T20:16:19Z,gh-385
Union Maid,Old Crow Medicine Show,Big Iron World,False,INDIFFERENT,2:37,157,maKtRj1Hd7Q,2024-02-13T20:13:42Z,gh-385
My Golden Years,The Lemon Twigs,They Don't Know How To Fall In Place,False,INDIFFERENT,3:14,194,eLx-zKVgbeo,2024-02-13T20:10:28Z,gh-385
They Don't Know How To Fall In Place,The Lemon Twigs,They Don't Know How To Fall In Place,False,INDIFFERENT,3:34,214,EYsanxdNfHc,2024-02-13T20:06:54Z,gh-385
Jolene,Dolly Parton,Jolene,False,INDIFFERENT,2:42,162,ZCwWAD6ZuPk,2024-02-13T20:04:12Z,gh-385
Machismo,Gomez,Machismo,False,INDIFFERENT,3:37,217,rg3ktS_TxjU,2024-02-13T20:00:35Z,gh-385
Pretend We're Dead,L7,Bricks Are Heavy,False,INDIFFERENT,3:56,236,g-UOTOqtU0M,2024-02-13T19:56:39Z,gh-385
The Golden Eel,Ween,The Mollusk,False,INDIFFERENT,4:04,244,rvLhmd0v7KQ,2024-02-13T19:52:35Z,gh-385
Connection,Elastica,Elastica,False,INDIFFERENT,2:21,141,NtWsraDoaLc,2024-02-13T19:50:14Z,gh-385
Stayin' Alive,Les Claypool's Duo De Twang,Four Foot Shack,True,LIKE,4:45,285,qr8WiERrpGg,2024-02-13T19:45:29Z,gh-385
Fuckin With My Head (Mountain Dew Rock),Beck,Mellow Gold,False,INDIFFERENT,3:40,220,0OYDMemvo0U,2024-02-13T19:41:49Z,gh-385
Never There,CAKE,Prolonging the Magic,False,INDIFFERENT,2:45,165,VhGp8Id0HRU,2024-02-13T18:29:17Z,gh-384
Girls & Boys,Prince,4Ever,False,INDIFFERENT,3:28,208,aghE4x7aYUQ,2024-02-13T18:25:49Z,gh-384
Carolina Rig,Les Claypool And The Holy Mackerel,Highball With The Devil,False,INDIFFERENT,3:01,181,5bCKmD5m1vo,2024-02-13T18:22:48Z,gh-384
Bull In The Heather,Sonic Youth,"Experimental Jet Set, Trash And No Star",False,INDIFFERENT,3:05,185,PGPOcQ14Eo0,2024-02-13T18:19:43Z,gh-384
Roses Are Free,Ween,Chocolate and Cheese,,INDIFFERENT,4:35,275,zdme_jIIqvM,2024-02-13T18:15:08Z,gh-384
Where It's At,Beck,Odelay (Deluxe Edition),False,INDIFFERENT,5:31,331,xLY-BugKWk0,2024-02-13T18:09:37Z,gh-384
Rumble of the Diesel,Les Claypool,Of Whales And Woe,False,INDIFFERENT,4:03,243,_-ceV24iOn0,2024-02-13T18:05:34Z,gh-384
Fire It Up,Modest Mouse,We Were Dead Before The Ship Even Sank,False,INDIFFERENT,4:35,275,fv0la5bp1Js,2024-02-13T18:00:59Z,gh-384
Spinal Meningitis (Got Me Down),Ween,Chocolate and Cheese,,INDIFFERENT,2:53,173,E7M9k8826hM,2024-02-13T17:58:06Z,gh-384
Loser,Beck,Loser,False,INDIFFERENT,3:56,236,5Z1-5wNjMgs,2024-02-13T17:54:10Z,gh-384
Primed by 29,Les Claypool,Of Fungi And Foe,False,INDIFFERENT,3:26,206,S3EkquLPkV4,2024-02-13T17:50:44Z,gh-384
Robots,Flight of the Conchords,Flight Of The Conchords,False,INDIFFERENT,3:43,223,NI9nopaieEc,2024-02-13T17:47:01Z,gh-384
6 Underground (Nellee Hoopers Edit),Sneaker Pimps,6 Underground,False,INDIFFERENT,3:56,236,rz1OckangUo,2024-02-13T17:43:05Z,gh-384
Short Skirt / Long Jacket,CAKE,Comfort Eagle,False,INDIFFERENT,3:25,205,85zV1fpSJQ0,2024-02-13T17:39:40Z,gh-384
E-Pro,Beck,E-Pro,False,INDIFFERENT,3:24,204,de2kIbkAMWs,2024-02-13T17:36:16Z,gh-384
Buzzards of Green Hill,Les Claypool's Duo De Twang,Four Foot Shack,False,INDIFFERENT,4:04,244,ZrwsnreihjE,2024-02-13T17:32:12Z,gh-384
Once in a Lifetime,Talking Heads,Remain in Light,False,INDIFFERENT,4:19,259,KwIGtGdY5OY,2024-02-13T17:27:53Z,gh-384
Voodoo Lady,Ween,Chocolate and Cheese,,INDIFFERENT,3:49,229,dIeFSqdag4w,2024-02-13T17:24:04Z,gh-384
I Can't Put My Finger on It,Ween,Chocolate and Cheese,,INDIFFERENT,2:48,168,nLomc7_fwJI,2024-02-13T17:21:16Z,gh-384
Calamity Song,The Decemberists,The King Is Dead,,INDIFFERENT,3:49,229,2XG5Zuk6K6c,2024-02-13T04:39:33Z,gh-379
Carol Brown,Flight of the Conchords,I Told You I Was Freaky,True,LIKE,3:26,206,Hz5SFQsLzAg,2024-02-13T04:36:07Z,gh-379
Down By The Riverside (feat. The Dependable Boys),"Sam Price Trio, Sister Rosetta Tharpe",Gospel Train (Expanded Edition),,INDIFFERENT,2:31,151,ASgRqF_9IH0,2024-02-13T04:33:36Z,gh-379
"She's A Bad Mama Jama (She's Built, She's Stacked) (Single Version)",Carl Carlton,Carl Carlton (Expanded Edition),False,INDIFFERENT,3:56,236,OJyRbq0CT_w,2024-02-13T04:29:40Z,gh-379
Jonah,"Sam Price Trio, Sister Rosetta Tharpe",Gospel Train (Expanded Edition),,INDIFFERENT,3:01,181,8G2exxkUqmA,2024-02-13T04:26:39Z,gh-379
Left Handed Kisses (feat. Fiona Apple),Andrew Bird,Are You Serious,False,INDIFFERENT,3:15,195,JP5rZbGHKx4,2024-02-13T04:23:24Z,gh-379
My Journey To The Sky,"Marie Knight, Sam Price Trio, Sister Rosetta Tharpe",Gospel Train (Expanded Edition),,INDIFFERENT,3:11,191,k8QAhVWGRkw,2024-02-13T04:20:13Z,gh-379
MY HOUSE,Beyoncé,MY HOUSE,False,INDIFFERENT,4:23,263,wuBdV0BIIMw,2024-02-13T04:15:50Z,gh-379
Don't Take Everybody To Be Your Friend,"Sam Price Trio, Sister Rosetta Tharpe",Gospel Train (Expanded Edition),,INDIFFERENT,2:26,146,2RVQnXAvQco,2024-02-13T04:13:24Z,gh-379
Vegas (From the Original Motion Picture Soundtrack ELVIS),Doja Cat,Vegas (From the Original Motion Picture Soundtrack ELVIS),False,INDIFFERENT,3:03,183,0ZwRIThLxGA,2024-02-13T04:10:21Z,gh-379
Murder On The Dancefloor,Sophie Ellis-Bextor,Read My Lips,False,INDIFFERENT,3:51,231,TEGkUHzd8hI,2024-02-13T04:06:30Z,gh-379
Paint The Town Red,Doja Cat,Scarlet,False,INDIFFERENT,3:51,231,TfOsGnWy8qA,2024-02-13T04:02:39Z,gh-379
Walk On By,Aretha Franklin,Runnin' Out of Fools (Expanded Edition),False,INDIFFERENT,2:48,168,Z51s22JR9HI,2024-02-13T03:59:51Z,gh-379
Lose Control (Live),"Freak Freely, Teddy Swims",Lose Control (Live),False,INDIFFERENT,4:01,241,dRSsYKEyccc,2024-02-13T03:55:50Z,gh-379
When The Lights Go Out,Sarah Jarosz,When The Lights Go Out,False,INDIFFERENT,3:16,196,QIn1f_cCRl0,2024-02-13T03:52:34Z,gh-379
The Sea,Sierra Ferrell,The Sea,True,LIKE,3:33,213,XJv58Q93_s0,2024-02-13T03:49:01Z,gh-379
Hard Steppin',Ikebe Shakedown,Hard Steppin',False,INDIFFERENT,3:04,184,UJj7EgN8aus,2024-02-13T03:45:57Z,gh-379
Make Me Feel,Janelle Monáe,Dirty Computer,False,INDIFFERENT,3:15,195,18k1LJX4DjA,2024-02-13T03:42:42Z,gh-379
Sweet Amarillo,Old Crow Medicine Show,Remedy,False,INDIFFERENT,3:23,203,Xy5Q2nAm1QM,2024-02-13T03:39:19Z,gh-379
Nina Simone & Lauryn Hill - Feeling Good (Prod. Amerigo Gazaway),"266K views, Soul Mates Records",,,INDIFFERENT,4:59,299,25BP-eioBG4,2024-02-13T03:34:20Z,gh-379
Cabin Song (from The Hunger Games: The Ballad of Songbirds & Snakes),Billy Strings,The Hunger Games: The Ballad of Songbirds & Snakes (Music From & Inspired By),,INDIFFERENT,3:27,207,4Y2ak4hh1aI,2024-02-13T03:30:53Z,gh-379
TEXAS HOLD 'EM,Beyoncé,TEXAS HOLD 'EM,True,LIKE,3:56,236,g92AYBlNOi0,2024-02-13T03:26:57Z,gh-379
Drinkin' and Dreamin',Waylon Jennings,Turn The Page,False,INDIFFERENT,3:01,181,Rse-eSFFz9s,2024-02-13T03:22:36Z,gh-378
All Around You,Sturgill Simpson,Cuttin' Grass - Vol. 1 (Butcher Shoppe Sessions),False,INDIFFERENT,3:10,190,kXGugEWmnSg,2024-02-13T03:19:26Z,gh-378
Boot Scootin' Boogie,Brooks & Dunn,Brand New Man,False,INDIFFERENT,3:18,198,-ImiHzmG78w,2024-02-13T03:16:08Z,gh-378
Sam Stone,John Prine,John Prine,False,INDIFFERENT,4:17,257,UcI-O3FdZZs,2024-02-13T03:11:51Z,gh-378
You Ask Me To,Waylon Jennings,Honky Tonk Heroes,False,INDIFFERENT,2:32,152,pF_OcJwnmiM,2024-02-13T03:09:19Z,gh-378
Jolene,Miley Montana,Western Unplugged - Volume Two,,LIKE,3:00,180,L83gJZvKZCw,2024-02-13T03:06:19Z,gh-378
"Take Me Home, Country Roads",John Denver,"Poems, Prayers and Promises",False,INDIFFERENT,3:11,191,c0dvabcWVo0,2024-02-13T03:03:08Z,gh-378
Tennessee Jed (2001 Remaster),Grateful Dead,Europe '72 (Live; 2001 Remaster),False,INDIFFERENT,7:11,431,K5KEQ-sC6vg,2024-02-13T02:55:57Z,gh-378
Jambalaya (On The Bayou),Hank Williams,Honky Tonkin (Expanded Undubbed Edition),False,INDIFFERENT,2:55,175,wL54kBsWUhU,2024-02-13T02:53:02Z,gh-378
Never Could Toe the Mark,Waylon Jennings,Never Could Toe the Mark,False,INDIFFERENT,2:58,178,9fXPv1vkct4,2024-02-13T02:50:04Z,gh-378
Mountain Dew,The Stanley Brothers,16 Greatest Hits,False,INDIFFERENT,2:44,164,x81du4NMHZ0,2024-02-13T02:47:20Z,gh-378
Song of the South,Alabama,Southern Star,False,INDIFFERENT,3:12,192,AneYVYWd7N8,2024-02-13T02:44:08Z,gh-378
Six Days On The Road,Dave Dudley,20th Century Masters: The Millennium Collection: Best Of Dave Dudley,False,INDIFFERENT,2:15,135,otkytn8L-Cw,2024-02-13T02:41:53Z,gh-378
Blue Side Of The Mountain,The SteelDrivers,The SteelDrivers,False,INDIFFERENT,3:30,210,yGapWlREj0c,2024-02-13T02:38:23Z,gh-378
Are You Sure Hank Done It This Way,Waylon Jennings,Dreaming My Dreams,False,INDIFFERENT,2:55,175,ax3D70GXjzI,2024-02-13T02:35:28Z,gh-378
Thank God I'm a Country Boy,John Denver,Back Home Again,False,INDIFFERENT,3:14,194,GSJaaZgIwtE,2024-02-13T02:32:14Z,gh-378
Whiskey River,Willie Nelson,Shotgun Willie,False,INDIFFERENT,4:08,248,Yhbe3ueCLPw,2024-02-13T02:28:06Z,gh-378
Feelin' Good Again,Robert Earl Keen,Walking Distance,True,LIKE,3:17,197,g5i6duhB9mk,2024-02-13T02:24:49Z,gh-378
Cocaine Habit,Old Crow Medicine Show,Big Iron World,False,INDIFFERENT,2:43,163,L7DU6V_-TMQ,2024-02-13T02:22:06Z,gh-378
Carol Brown,Flight of the Conchords,I Told You I Was Freaky,True,LIKE,3:26,206,Hz5SFQsLzAg,2024-02-13T02:18:40Z,gh-378
Clay Pigeons,Michael Cera,True That,True,LIKE,3:05,185,C5UdjCGi8sY,2024-02-13T02:15:35Z,gh-378
I Been to Georgia on a Fast Train,Billy Joe Shaver,The Complete Columbia Recordings ('81-'87),False,INDIFFERENT,2:57,177,Bj_kqaCkiS8,2024-02-13T02:12:38Z,gh-378
Clay Pigeons,Blaze Foley,Live at the Austin Outhouse,False,INDIFFERENT,4:15,255,CG_tq5foiiw,2024-02-13T02:08:23Z,gh-378
Honky Tonk Heroes,Waylon Jennings,Honky Tonk Heroes,False,INDIFFERENT,3:36,216,SRJhsYf-jok,2024-02-13T02:04:47Z,gh-378
Deep River Blues,Doc Watson,Rambling Hobo,False,INDIFFERENT,3:10,190,lebF-xPszP0,2024-02-13T01:25:39Z,gh-377
I Been to Georgia on a Fast Train,Billy Joe Shaver,The Complete Columbia Recordings ('81-'87),False,INDIFFERENT,2:57,177,Bj_kqaCkiS8,2024-02-13T01:22:42Z,gh-377
Highwayman,The Highwaymen,Outlaws Super Hits,False,INDIFFERENT,3:03,183,6IeIsPbWhGE,2024-02-13T01:19:39Z,gh-377
Fire On the Mountain,Iron Horse,Ridin' Out The Storm,False,INDIFFERENT,3:18,198,1xEyds9Z4II,2024-02-13T01:16:21Z,gh-377
There's More Pretty Girls Than One,"Ricky Skaggs, Tony Rice",Skaggs And Rice,,INDIFFERENT,3:05,185,mSjwUJvu0PI,2024-02-13T01:13:16Z,gh-377
I'm a Ramblin' Man,Waylon Jennings,The Ramblin' Man,True,LIKE,2:47,167,_WO1PGuN6bE,2024-02-13T01:10:29Z,gh-377
Honky Tonkin' (1948 Single Version),"Hank Williams, The Drifting Cowboys",Honky Tonkin (Expanded Undubbed Edition),False,INDIFFERENT,2:47,167,UNZqfkdVyLE,2024-02-13T01:07:42Z,gh-377
Me and Paul,Willie Nelson,Me and Paul,False,INDIFFERENT,2:55,175,g0n0_MqOcbE,2024-02-13T01:04:47Z,gh-377
Wedding Bells,"Hank Williams, The Drifting Cowboys",Sings,False,INDIFFERENT,2:57,177,ft3x7X2t8As,2024-02-13T01:01:50Z,gh-377
Slow Train,Billy Strings,Billy Strings - EP,True,LIKE,4:00,240,dXiyTY6Ctdg,2024-02-13T00:57:50Z,gh-377
Please Don't Bury Me,John Prine,Souvenirs,False,INDIFFERENT,3:07,187,0VQbVajArNM,2024-02-13T00:54:43Z,gh-377
Heaven Sent,The SteelDrivers,The SteelDrivers,False,INDIFFERENT,3:49,229,9JPt4leVFmw,2024-02-13T00:50:54Z,gh-377
Black Rock,The Infamous Stringdusters,The Infamous Stringdusters,False,INDIFFERENT,3:32,212,kQUvdEQav4U,2024-02-13T00:47:22Z,gh-377
Aces and Twos,The Devil Makes Three,Do Wrong Right,,INDIFFERENT,3:11,191,NQcaBGq8pfg,2024-02-13T00:44:11Z,gh-377
I Hear Them All,Old Crow Medicine Show,Big Iron World,False,INDIFFERENT,3:04,184,kiJDZbvj8Vc,2024-02-13T00:41:07Z,gh-377
Fall On My Knees,Old Crow Medicine Show,Down Home Girl,,LIKE,2:15,135,kcth96CfkTs,2024-02-13T00:38:52Z,gh-377
Down Home Girl,Old Crow Medicine Show,Down Home Girl,,INDIFFERENT,3:47,227,6BG7d8_JaXI,2024-02-13T00:35:05Z,gh-377
James River Blues,Old Crow Medicine Show,Down Home Girl,,INDIFFERENT,3:07,187,AaRIkX1JfEY,2024-02-12T23:12:15Z,gh-376
Lonely At The Top,Jamey Johnson,The Guitar Song,True,LIKE,3:14,194,Bhz6f6fNhiM,2024-02-12T23:09:01Z,gh-376
If I Needed You,Townes Van Zandt,The Late Great Townes Van Zandt,False,INDIFFERENT,3:45,225,CDCaflb6-Yk,2024-02-12T23:05:16Z,gh-376
Chevy Van,Waylon Jennings,Hangin' Tough,False,INDIFFERENT,3:06,186,jkb3x98wQKg,2024-02-12T23:02:10Z,gh-376
Georgia On A Fast Train,Billy Joe Shaver,Tramp On Your Street,False,INDIFFERENT,3:14,194,kgzJTrcJUKQ,2024-02-12T22:58:56Z,gh-376
Old Five and Dimers Like Me,Emmylou Harris,All I Intended to Be,False,INDIFFERENT,4:15,255,3uNDg2PTIEM,2024-02-12T22:54:41Z,gh-376
Nothin',Townes Van Zandt,Delta Momma Blues,False,INDIFFERENT,2:47,167,c3-D96TNdnY,2024-02-12T22:51:54Z,gh-376
"Lonesome On'ry and Mean (Live WSM-FM Broadcast Remastered) (WSM-FM Broadcast Grand Ole Opry, Nashville Texas 12th October 1978 Remastered)",Waylon Jennings,"Legendary FM Broadcasts - WSM-FM Gran Ole Opry, Nashville Texas 12th October 1978",False,INDIFFERENT,3:10,190,Xbv3ns61W10,2024-02-12T22:48:44Z,gh-376
Ramblin' Fever,Merle Haggard,Ramblin' Fever,False,INDIFFERENT,3:12,192,Wvd6jNsdMZI,2024-02-12T22:45:32Z,gh-376
One More Night In Brooklyn,Justin Townes Earle,Harlem River Blues,False,INDIFFERENT,3:05,185,ST3Mhhg9R5g,2024-02-12T22:42:27Z,gh-376
Big Country Blues,Townes Van Zandt,In the Beginning,False,INDIFFERENT,3:31,211,ZXAk5AFwntQ,2024-02-12T22:38:56Z,gh-376
Some Days,Sturgill Simpson,High Top Mountain,False,INDIFFERENT,3:31,211,_R4mzHQWAok,2024-02-12T22:35:25Z,gh-376
Quiet Man,John Prine,John Prine,False,INDIFFERENT,2:53,173,G27ZP3_V6Is,2024-02-12T22:32:32Z,gh-376
Tennessee,Sturgill Simpson,"Cuttin' Grass, Vol. 2 (Cowboy Arms Sessions)",,INDIFFERENT,3:15,195,bo8DDMFC-9Q,2024-02-12T22:29:17Z,gh-376
All the Best,John Prine,The Missing Years,False,INDIFFERENT,3:29,209,4SxgSSA2izg,2024-02-12T22:25:48Z,gh-376
Corpus Christi Bay,Robert Earl Keen,A Bigger Piece Of Sky,False,INDIFFERENT,3:58,238,ztibpXAryg4,2024-02-12T22:21:50Z,gh-376
Dead Flowers,Townes Van Zandt,Roadsongs,False,INDIFFERENT,4:48,288,xRc_MIntiFg,2024-02-12T22:17:02Z,gh-376
Nothing’s Working,Billy Strings,Renewal,,INDIFFERENT,3:16,196,qr-oaaIOAHI,2024-02-12T22:13:46Z,gh-376
All The Gold In California (From The HBO Series True Detective),"Nick Cave, Warren Ellis",True Detective (Music From The HBO Series),False,INDIFFERENT,2:27,147,yueHhnyPFAo,2024-02-12T22:11:19Z,gh-376
All the Gold In California,Larry Gatlin & The Gatlin Brothers,16 Biggest Hits,False,INDIFFERENT,2:40,160,0DgtSMOPcR0,2024-02-12T22:08:39Z,gh-376
All The Gold In California,Brother Marshall & The Choir of Fire,All The Gold In California,,LIKE,2:46,166,A-o-xPc1kJU,2024-02-12T22:05:53Z,gh-376
Old Number Seven,The Devil Makes Three,The Devil Makes Three,False,INDIFFERENT,3:21,201,1tp4Vyltijw,2024-02-12T22:02:32Z,gh-376
Big Cheeseburgers and Good French Fries,Blaze Foley,Oval Room,False,INDIFFERENT,3:23,203,5w_waVfudRU,2024-02-12T21:59:09Z,gh-376
Higher Than The Wall,The SteelDrivers,Reckless,False,INDIFFERENT,3:48,228,uYtUzcPKZSw,2024-02-12T21:55:21Z,gh-376
Clay Pigeons,Blaze Foley,Sittin' by the Road,False,INDIFFERENT,3:00,180,swqNfDjj47A,2024-02-12T21:52:21Z,gh-376
Clay Pigeons,John Prine,Fair and Square,True,LIKE,4:28,268,20Rucu7uNwc,2024-02-12T22:02:16Z,gh-375
Let's Talk Dirty in Hawaiian,John Prine,German Afternoons,True,LIKE,3:14,194,0os3xFzz4FQ,2024-02-12T21:59:02Z,gh-375
Honky Tonk Heroes (Like Me),Waylon Jennings,Wanted! The Outlaws,True,LIKE,3:30,210,8LIDR2ySLlo,2024-02-12T21:55:32Z,gh-375
Feelin' Good Again,Robert Earl Keen,Live Dinner Reunion,False,INDIFFERENT,3:15,195,2KKISQoiwjI,2024-02-12T21:52:17Z,gh-375
Don't Cry,Charley Crockett,Don't Cry,False,INDIFFERENT,3:22,202,DULcRnY8-wA,2024-02-12T21:48:55Z,gh-375
My Good Gal,Old Crow Medicine Show,Big Iron World,False,INDIFFERENT,4:19,259,wSxrth7Qcrs,2024-02-12T21:44:36Z,gh-374
Slow Rollin' Low,Waylon Jennings,This Time,False,INDIFFERENT,2:46,166,fnVHbv_kNRk,2024-02-12T21:41:50Z,gh-374
Fish and Whistle,John Prine,Souvenirs,False,INDIFFERENT,3:01,181,NW3FH-Ax_ZE,2024-02-12T21:38:49Z,gh-374
Atlantic City,The Wooks,Little Circles,False,INDIFFERENT,3:58,238,sFfFzOrJiiU,2024-02-12T21:34:51Z,gh-374
Feeling Good Again,Robert Earl Keen,Live At The Ryman,True,LIKE,3:15,195,kILoGKT7YIw,2024-02-12T21:32:43Z,gh-373
Old Man,"841K views, Beck",,,LIKE,3:23,203,X98XFT3FzRQ,2024-02-12T21:29:20Z,gh-373
Ain’t Got No Money,"81K views, Justin Townes Earle",,,LIKE,3:06,186,Dvd15bFIKJQ,2024-02-12T21:26:14Z,gh-373
Old Friends,"103K views, J Mascis",,,INDIFFERENT,4:14,254,2ds7REMJR2c,2024-02-12T21:22:00Z,gh-373
The Hazards Of Love 4 (The Drowned),The Decemberists,Hazards Of Love,,INDIFFERENT,5:58,358,0sQGeChArDQ,2024-02-12T21:21:35Z,gh-372
The Wanting Comes In Waves (Reprise),The Decemberists,Hazards Of Love,,INDIFFERENT,1:31,91,vuq9GRTF5K4,2024-02-12T21:20:04Z,gh-372
The Hazards Of Love 3 (Revenge!),The Decemberists,Hazards Of Love,,LIKE,3:22,202,TBVuF32ORI8,2024-02-12T21:16:42Z,gh-372
Margaret In Captivity,The Decemberists,Hazards Of Love,,INDIFFERENT,3:08,188,jgPlu0hd0SI,2024-02-12T21:13:34Z,gh-372
Annan Water,The Decemberists,Hazards Of Love,,INDIFFERENT,5:12,312,zko-ZQLFEkA,2024-02-12T21:08:22Z,gh-372
The Queen's Rebuke / The Crossing,The Decemberists,Hazards Of Love,,INDIFFERENT,3:57,237,ScNUgpTLWHQ,2024-02-12T21:04:25Z,gh-372
The Abduction Of Margaret,The Decemberists,Hazards Of Love,,INDIFFERENT,2:07,127,DiqDng0xqVQ,2024-02-12T21:02:57Z,gh-371
The Rake's Song,The Decemberists,Hazards Of Love,,INDIFFERENT,3:16,196,5QF1VHeSqi4,2024-02-12T20:59:41Z,gh-371
An Interlude,The Decemberists,Hazards Of Love,,INDIFFERENT,1:41,101,95ps-l0XlBk,2024-02-12T20:58:00Z,gh-371
The Wanting Comes In Waves / Repaid,The Decemberists,Hazards Of Love,,INDIFFERENT,6:27,387,wv-_bAkILnE,2024-02-12T20:49:30Z,gh-369
Isn't It A Lovely Night?,The Decemberists,Hazards Of Love,,INDIFFERENT,3:39,219,RV2cou8wMgM,2024-02-12T20:45:51Z,gh-369
The Queen's Approach,The Decemberists,Hazards Of Love,,INDIFFERENT,0:30,30,DFJNFR0Ygxg,2024-02-12T20:45:21Z,gh-369
The Hazards Of Love 2 (Wager All),The Decemberists,Hazards Of Love,,INDIFFERENT,4:26,266,lmLhwoAVVhA,2024-02-12T20:40:55Z,gh-369
Won't Want For Love (Margaret In The Taiga),The Decemberists,Hazards Of Love,,INDIFFERENT,4:07,247,ZmIw1xnuBGI,2024-02-12T20:40:00Z,gh-368
A Bower Scene,The Decemberists,Hazards Of Love,,INDIFFERENT,2:09,129,-voSkTzsxOU,2024-02-12T20:37:51Z,gh-368
The Hazards Of Love 1 (The Prettiest Whistles Won't Wrestle The Thistles Undone),The Decemberists,Hazards Of Love,,INDIFFERENT,4:19,259,Jv2ZcEtbJ7I,2024-02-12T20:33:32Z,gh-367
Prelude,The Decemberists,Hazards Of Love,,INDIFFERENT,3:05,185,DZZL9CU4X7g,2024-02-12T20:30:27Z,gh-367
The Hazards Of Love 3 (Revenge!),The Decemberists,Hazards Of Love,,LIKE,3:22,202,TBVuF32ORI8,2024-02-12T20:27:05Z,gh-367
ruin your day,TeYo,ruin your day,False,INDIFFERENT,3:23,203,LMa3QqtGV7U,2024-02-12T20:23:42Z,gh-367
Soldier Jane,Beck,The Information,False,INDIFFERENT,3:59,239,9_HYi7s6TE0,2024-02-12T20:32:39Z,commit:779e515b
This Is the Life,"""Weird Al"" Yankovic",Dare To Be Stupid,True,LIKE,3:07,187,7EvkWFR83yY,2024-02-12T20:29:32Z,commit:779e515b
Zak and Sara,Ben Folds,Rockin' The Suburbs,False,INDIFFERENT,3:12,192,g1J8np9w77U,2024-02-12T20:26:20Z,commit:779e515b
Shadow Stabbing,CAKE,Comfort Eagle,False,INDIFFERENT,3:08,188,bsL1wgy1j-Q,2024-02-12T20:23:12Z,commit:779e515b
Jolene,Miley Montana,Western Unplugged - Volume Two,False,INDIFFERENT,3:00,180,L83gJZvKZCw,2024-02-12T20:20:12Z,commit:779e515b
The Kids Don't Stand a Chance,Vampire Weekend,Vampire Weekend,False,INDIFFERENT,4:03,243,e1yGaf5phIA,2024-02-12T20:16:09Z,commit:779e515b
Pandy Fackler,Ween,White Pepper,,INDIFFERENT,3:57,237,DsAx3DvPCI0,2024-02-12T20:12:12Z,commit:779e515b
Carol Brown,Flight of the Conchords,I Told You I Was Freaky,True,LIKE,3:26,206,Hz5SFQsLzAg,2024-02-12T20:08:46Z,commit:779e515b
Float On,Modest Mouse,Good News For People Who Love Bad News,False,INDIFFERENT,3:29,209,88XhEqgmRhM,2024-02-12T20:05:17Z,commit:779e515b
White Sky,Vampire Weekend,Contra,False,INDIFFERENT,2:59,179,oNy6F-VIsos,2024-02-12T20:02:18Z,commit:779e515b
Back To Nature (feat. Kuauhtli Vasquez & Wixarika Tribe),Nightmares on Wax,Shape The Future,False,INDIFFERENT,7:36,456,gwulHFqJavA,2024-02-12T19:54:42Z,commit:779e515b
After Dark,Sugi.wa,After Dark,False,INDIFFERENT,2:46,166,Do0lH6GDy7w,2024-02-12T19:51:56Z,commit:779e515b
Backyard Puddles,Sleepy Fish,Everything Fades to Blue,False,INDIFFERENT,3:11,191,zR5XFhtb0D8,2024-02-12T19:48:45Z,commit:779e515b
A Day at the Beach,Pandrezz & j’san,Hometown,False,INDIFFERENT,2:50,170,UiCRuNo4dGg,2024-02-12T19:45:55Z,commit:779e515b
Layover,Aso,Memoir Collections II – Dream Journal,False,INDIFFERENT,4:35,275,TkzwXLq83xE,2024-02-12T19:41:20Z,commit:779e515b
Moony,The BREED,Moony,False,INDIFFERENT,2:07,127,SSy4VdjEJKM,2024-02-12T19:39:13Z,commit:779e515b
Iridescence,G Mills,Chillhop Daydreams 2,False,INDIFFERENT,2:52,172,ZeCN3q2UZBE,2024-02-12T19:36:21Z,commit:779e515b
illusions,Idealism,Chillhop Essentials Fall 2018,False,INDIFFERENT,2:49,169,t9Fsh5eVoG4,2024-02-12T19:33:32Z,commit:779e515b
Aftermath,Beamer,Aftermath,False,INDIFFERENT,2:55,175,uCW2sZZofhk,2024-02-12T19:30:37Z,commit:779e515b
why dont we,sans,why dont we,False,INDIFFERENT,3:18,198,rKGRuQBnatM,2024-02-12T19:27:19Z,commit:779e515b
All My Life,Brenk Sinatra,Boss Spieler University,False,INDIFFERENT,3:18,198,ITW3C8lIQlk,2024-02-12T19:24:01Z,commit:779e515b
Angel Eyes,Strehlow,Chillhop Essentials Fall 2019,False,INDIFFERENT,2:55,175,XJjW2yebIAM,2024-02-12T19:21:06Z,commit:779e515b
Bad Man,Blues Saraceno,Outlaw Blues 2,False,INDIFFERENT,3:27,207,xbFB3Lgn1fY,2024-02-12T19:17:39Z,commit:779e515b
Walking at a Downtown Pace,Parquet Courts,Sympathy for Life,False,INDIFFERENT,4:47,287,WVH5CWcBgRk,2024-02-12T19:12:52Z,commit:779e515b
Adult Diversion,Alvvays,Alvvays,False,INDIFFERENT,3:28,208,duVqDFskfCQ,2024-02-12T19:09:24Z,commit:779e515b
Crashed Out,Beach Fossils,Clash the Truth,False,INDIFFERENT,3:25,205,tCDxaC9N1Ec,2024-02-12T19:05:59Z,commit:779e515b
Operaz (feat. Youthstar & A.S.M.),"Chinese Man, Tha Trickaz",Operaz,False,INDIFFERENT,3:23,203,rIcwQ-Jy9sE,2024-02-12T19:02:36Z,commit:779e515b
Tango Del Fuego,"Georgia Gibbs, Parov Stelar",Voodoo Sonic: The Album,False,INDIFFERENT,3:04,184,hPMSy8jPI5k,2024-02-12T18:59:32Z,commit:779e515b
The Midnight Special 2002,Mischief Brew,Songs From Under The Sink,,INDIFFERENT,3:36,216,axMyj-r2-RY,2024-02-12T18:55:56Z,commit:779e515b
How Did I Get Out Alive?,Mischief Brew,Songs From Under The Sink,,INDIFFERENT,3:16,196,vD7VEGc1sWw,2024-02-12T18:52:40Z,commit:779e515b
The Dreams Of The Morning,Mischief Brew,Songs From Under The Sink,,INDIFFERENT,4:28,268,D8LYrFldL8A,2024-02-12T18:48:12Z,commit:779e515b
A Rebel's Romance (Full band),Mischief Brew,Songs From Under The Sink,,INDIFFERENT,3:48,228,n3-gKZ_xDRQ,2024-02-12T18:44:24Z,commit:779e515b
"Coffee, God, And Cigarettes",Mischief Brew,Songs From Under The Sink,,INDIFFERENT,2:20,140,KKclBgisCMA,2024-02-12T18:42:04Z,commit:779e515b
All Our Comrades,Mischief Brew,Songs From Under The Sink,,INDIFFERENT,1:57,117,AURNOu67Y10,2024-02-12T18:40:07Z,commit:779e515b
Love And Rage,Mischief Brew,Songs From Under The Sink,,INDIFFERENT,3:27,207,JL2gJhmMPww,2024-02-12T18:36:40Z,commit:779e515b
Gratitude And Thanks,Mischief Brew,Songs From Under The Sink,,INDIFFERENT,3:55,235,V7XAqcGJpDg,2024-02-12T18:32:45Z,commit:779e515b
Save A City...,Mischief Brew,Songs From Under The Sink,,INDIFFERENT,4:25,265,ge96Wpeg2rU,2024-02-12T18:28:20Z,commit:779e515b
Children Play With Matches,Mischief Brew,Songs From Under The Sink,,INDIFFERENT,3:02,182,ojyRtSoR5dY,2024-02-12T18:25:18Z,commit:779e515b
"Gimme Coffee, Or Death",Mischief Brew,Songs From Under The Sink,,LIKE,3:26,206,Xe0txCMKLTY,2024-02-12T18:21:52Z,commit:779e515b
Tell Me A Story,Mischief Brew,Songs From Under The Sink,,INDIFFERENT,3:42,222,LbQh5B6zGo0,2024-02-12T18:18:10Z,commit:779e515b
"Thanks, Bastards!",Mischief Brew,Songs From Under The Sink,,INDIFFERENT,3:20,200,7YXxZ6DRl4s,2024-02-12T18:14:50Z,commit:779e515b
"Oh, Susquehanna!",Defiance Ohio,The Great Depression,True,LIKE,3:37,217,UBrgHEF8EfE,2024-02-12T18:11:13Z,commit:779e515b
I’m Getting Better (And I’m Feeling It Right Now),The Record Company,All Of This Life,False,INDIFFERENT,3:16,196,7SAK78vF-wE,2024-02-12T18:07:57Z,commit:779e515b
Cytoplasm,The Doozers,Cytoplasm,False,INDIFFERENT,3:09,189,VM_4qXeaqZY,2024-02-12T18:04:48Z,commit:779e515b
New Romantic Novocaine,Moses Gunn Collective,Mercy Mountain,False,INDIFFERENT,4:31,271,8H0VxMIz7MI,2024-02-12T18:00:17Z,commit:779e515b
Snake Farm,Ray Wylie Hubbard,Snake Farm,False,INDIFFERENT,3:55,235,Qgy7PLAgF-Y,2024-02-12T17:56:22Z,commit:779e515b
The Heat,The Bones of J.R. Jones,Spirit's Furnace,False,INDIFFERENT,3:15,195,vuYynruLwJ8,2024-02-12T17:53:07Z,commit:779e515b
Doused,DIIV,Oshin,False,INDIFFERENT,3:43,223,Ekz6BLGeHz8,2024-02-12T17:49:24Z,commit:779e515b
Ticklish Warrior,Thee Oh Sees,A Weird Exits,False,INDIFFERENT,3:06,186,xvD423QRYXI,2024-02-12T17:46:18Z,commit:779e515b
Sheathed Wings,Dan Deacon,Gliss Riffer,False,INDIFFERENT,4:09,249,PudSpoy_AMA,2024-02-12T17:42:09Z,commit:779e515b
You Can't Teach An Old Dog New Tricks,Seasick Steve,You Can't Teach an Old Dog New Tricks,False,INDIFFERENT,3:35,215,vLSwakll9bc,2024-02-12T17:38:34Z,commit:779e515b
Oriental Job,Gramatik,SB3,False,INDIFFERENT,3:14,194,JwxXnHpm_i0,2024-02-12T17:35:20Z,commit:779e515b
IDK,Van Houten,IDK,False,INDIFFERENT,3:28,208,QJC0lyLCA08,2024-02-12T17:31:52Z,commit:779e515b
Camel Walk,New Strangers,Camel Walk,False,INDIFFERENT,3:37,217,Am8eRB8qbTw,2024-02-12T17:28:15Z,commit:779e515b
B.W.'s Blues,Tommy Guerrero,Loose Grooves and Bastard Blues,False,INDIFFERENT,4:50,290,6_xl4yubX9c,2024-02-12T17:23:25Z,commit:779e515b
Comedown,Parcels,Parcels,False,INDIFFERENT,3:09,189,ooel-79wV-c,2024-02-12T17:20:16Z,commit:779e515b
Esperanza,Hermanos Gutiérrez,Esperanza,False,INDIFFERENT,5:29,329,mlIMIJIcpn8,2024-02-12T17:14:47Z,commit:779e515b
Los Estimados,Tati Falco,Los Estimados,False,INDIFFERENT,4:38,278,kNkf3TW_jZQ,2024-02-12T17:10:09Z,commit:779e515b
Cosmic Trip,Air,Le voyage dans la lune,False,INDIFFERENT,4:10,250,G7fvtQp6PNQ,2024-02-12T17:05:59Z,commit:779e515b
Over Here,Mostly Sonny,Over Here,True,INDIFFERENT,4:45,285,-6aFRlYW8yA,2024-02-12T17:01:14Z,commit:779e515b
TEXAS HOLD 'EM,Beyoncé,TEXAS HOLD 'EM,False,INDIFFERENT,3:56,236,g92AYBlNOi0,2024-02-12T16:57:18Z,commit:779e515b
16 CARRIAGES,Beyoncé,16 CARRIAGES,False,INDIFFERENT,3:54,234,-fV37wdHG8U,2024-02-12T16:53:24Z,commit:779e515b
We Went Our Own Ways,Matt Storm,We Went Our Own Ways,False,INDIFFERENT,3:39,219,U-qAia-KMAc,2024-02-12T16:49:45Z,commit:779e515b
Take My Soul,Thievery Corporation,Culture Of Fear,False,INDIFFERENT,3:52,232,kCINhl451o8,2024-02-12T16:45:53Z,commit:779e515b
A.O.E,Portico Quartet,Monument,False,INDIFFERENT,5:36,336,ZsIRi9sBx6I,2024-02-12T16:40:17Z,commit:779e515b
Teardrops,NEIL FRANCES,Teardrops,False,INDIFFERENT,3:19,199,823_KoZr4mo,2024-02-12T16:36:58Z,commit:779e515b
Tercera Vencida,Tati Falco,Tercera Vencida,False,INDIFFERENT,3:49,229,quP4vgdI6aU,2024-02-12T16:33:09Z,commit:779e515b
The Moment,Skinshape,Life & Love,False,INDIFFERENT,3:56,236,RIKyyT0o3O8,2024-02-12T16:29:13Z,commit:779e515b
Postcard Home,Tommy Guerrero,Road to Knowhere,,INDIFFERENT,3:30,210,e-TRJr5tt48,2024-02-12T16:25:43Z,commit:779e515b
Blue Balloon,Ween,La Cucaracha,False,INDIFFERENT,3:52,232,keU_osVjFlM,2024-02-12T16:21:51Z,commit:779e515b
Hai Van Dub,Tati Falco,Selva Y Mar,,LIKE,5:02,302,5zALSEmuax0,2024-02-12T16:16:49Z,commit:779e515b
Employment,Layten Kramer,Employment,False,INDIFFERENT,3:26,206,s8U5ypW9kIc,2024-02-12T16:13:23Z,commit:779e515b
Pelota,Khruangbin,Mordechai,False,INDIFFERENT,2:48,168,pk9qhimEE-w,2024-02-12T16:10:35Z,commit:779e515b
Take My Time,Skinshape,Life & Love,False,INDIFFERENT,3:03,183,S-9J8LF8BkA,2024-02-12T16:07:32Z,commit:779e515b
Haydee,Tati Falco,Haydee,False,INDIFFERENT,3:41,221,pmGtXwcJx5k,2024-02-12T16:03:51Z,commit:779e515b
Tercera Vencida,Tati Falco,Cámara Azul,False,INDIFFERENT,3:49,229,rVM6-r6lG8Y,2024-02-12T16:00:02Z,commit:779e515b
Sangrecita,Tati Falco,Cámara Azul,False,INDIFFERENT,3:48,228,3CaXPUU7lKA,2024-02-12T15:56:14Z,commit:779e515b
Los Estimados,Tati Falco,Cámara Azul,False,INDIFFERENT,4:38,278,llXW8nBBVR0,2024-02-12T15:51:36Z,commit:779e515b
"Flos Potentia (Sugar, Cotton, Tabacco)",Ron Trent & Khruangbin,What Do the Stars Say to You,,INDIFFERENT,5:35,335,jQG_ozWUjMk,2024-02-12T15:46:01Z,commit:779e515b
Selva y mar,Tati Falco,Selva Y Mar,,INDIFFERENT,4:09,249,_tDkBTkhoBA,2024-02-12T15:41:52Z,commit:779e515b
Haydee,Tati Falco,Selva Y Mar,,INDIFFERENT,3:41,221,7InDNp7zyAA,2024-02-12T15:38:11Z,commit:779e515b
Taman Negara,Tati Falco,Selva Y Mar,,INDIFFERENT,1:10,70,wd4XfAg2Fdk,2024-02-12T15:37:01Z,commit:779e515b
Selva y mar,Tati Falco,Selva y mar,,INDIFFERENT,4:09,249,3lKI9DpYBrQ,2024-02-12T15:32:52Z,commit:779e515b
What Would You Do,"Kieran Kane, Rayna Gellert",When the Sun Goes Down,False,INDIFFERENT,3:25,205,FJg03-RZeCA,2024-02-12T15:29:27Z,commit:779e515b
Pleased To Meet You,Jack Davies and The Bush Chooks,"the nighttime, the wind, the crocodile",False,INDIFFERENT,3:53,233,HONJrJ-fv2A,2024-02-12T15:25:34Z,commit:779e515b
Washing Day,Surprise Chef,Daylight Savings,,LIKE,4:29,269,MZ6agrHnnzU,2024-02-12T15:21:05Z,commit:779e515b
Doubting Thomas,Nickel Creek,Why Should The Fire Die?,False,INDIFFERENT,3:20,200,hhE-GLvh27A,2024-02-12T15:17:45Z,commit:779e515b
White Daisy Passing,Rocky Votolato,Makers,False,INDIFFERENT,3:12,192,ljKv9TkbQL4,2024-02-12T15:14:33Z,commit:779e515b
The Blackest Crow,Brittany Haas,Brittany Haas,False,INDIFFERENT,3:35,215,hZbpP9If9y0,2024-02-12T15:10:58Z,commit:779e515b
Train on the Island,Rayna Gellert & Susie Goehring,Starch & Iron,,INDIFFERENT,3:02,182,50Qo4B968Rk,2024-02-12T15:07:56Z,commit:779e515b
Aska Me,Moondog,H'art Songs,,INDIFFERENT,1:59,119,pg1PMVr8rpk,2024-02-12T15:05:57Z,commit:779e515b
"I'm This, I'm That",Moondog,H'art Songs,,INDIFFERENT,3:49,229,RYcudGCpXaE,2024-02-12T15:02:08Z,commit:779e515b
Enough About Human Rights,Moondog,H'art Songs,,INDIFFERENT,3:36,216,QTquCZSTGNE,2024-02-12T14:58:32Z,commit:779e515b
Do Your Thing,Moondog,H'art Songs,,INDIFFERENT,3:10,190,E86phiV8w2M,2024-02-12T14:55:22Z,commit:779e515b
I'm In The World,Moondog,H'art Songs,,INDIFFERENT,3:42,222,LuByqRxiRQc,2024-02-12T14:51:40Z,commit:779e515b
Here's To John Wesley Hardin,Moondog,H'art Songs,,INDIFFERENT,7:00,420,P5jUa7CxmWc,2024-02-12T14:44:40Z,commit:779e515b
I'm Just A Hop Head,Moondog,H'art Songs,,INDIFFERENT,2:45,165,phu641BKec0,2024-02-12T14:41:55Z,commit:779e515b
Choo Choo Lullaby,Moondog,H'art Songs,,INDIFFERENT,5:59,359,PW8xezP84Lo,2024-02-12T14:35:56Z,commit:779e515b
Pigmy Pig,Moondog,H'art Songs,,INDIFFERENT,3:18,198,iFm06wNY0cs,2024-02-12T14:32:38Z,commit:779e515b
High On A Rocky Ledge,Moondog,H'art Songs,,LIKE,4:28,268,8MhwjtkyI2w,2024-02-12T14:28:10Z,commit:779e515b
Adaptations (feat. Wowflower),"Koresma, Richard Houghten, & Kyle McEvoy",Adaptations,False,INDIFFERENT,2:58,178,4dlXLshfOSY,2024-02-12T14:25:12Z,commit:779e515b
Confessions,BADBADNOTGOOD,III,False,INDIFFERENT,5:01,301,F8t6VwJUO3Y,2024-02-12T14:20:11Z,commit:779e515b
Cut Me Down,Kevin Morby,Singing Saw,False,INDIFFERENT,3:33,213,1mGYSgquvnE,2024-02-12T14:16:38Z,commit:779e515b
Run Away,Sarah Jarosz,Follow Me Down,False,INDIFFERENT,3:22,202,lwKoGKp0QXk,2024-02-12T14:13:16Z,commit:779e515b
"Three Views of a Japanese Garden, part 3 (live)",Rudy Adrian,MoonWater,False,INDIFFERENT,6:03,363,myu76IuqaN8,2024-02-12T14:07:13Z,commit:779e515b
Black Eyed Dog,Nick Drake,Made To Love Magic,False,INDIFFERENT,3:28,208,-y4T_wYJ7YE,2024-02-12T14:03:45Z,commit:779e515b
Jai Ramachandra,Alice Coltrane,Kirtan: Turiya Sings,False,INDIFFERENT,6:01,361,cWowqFjC07s,2024-02-12T13:57:44Z,commit:779e515b
I'll Never Be Free,"Ella Fitzgerald, Louise Jordan & His Typmany Five",Ella & Friends,False,INDIFFERENT,3:13,193,OEDn6QWv0x0,2024-02-12T13:54:31Z,commit:779e515b
Leave Me Alone,Hugo Kant,The Point Of No Return,True,LIKE,3:27,207,-JV-_B1iCGk,2024-02-12T13:51:04Z,commit:779e515b
Fall on my Knees,Rayna Gellert & Susie Goehring,Starch & Iron,,INDIFFERENT,3:13,193,Nyz8KxSiXcU,2024-02-12T13:47:51Z,commit:779e515b
Ooh La La,Redbird,Live At The Cafe Carpe,False,INDIFFERENT,3:33,213,L5ryzBPx0tQ,2024-02-12T13:44:18Z,commit:779e515b
Wondering Where The Lions Are,Bruce Cockburn,Dancing In The Dragon's Jaws (Deluxe Edition),False,INDIFFERENT,3:48,228,6tvAPbuZtyM,2024-02-12T13:40:30Z,commit:779e515b
La vie en rose (Single Version),Louis Armstrong And His Orchestra,Satchmo Serenades,False,INDIFFERENT,3:24,204,M9FRCxGMz-0,2024-02-12T13:37:06Z,commit:779e515b
Cataracts,Andrew Bird,Armchair Apocryph,False,INDIFFERENT,3:13,193,cew1BlRT270,2024-02-12T13:33:53Z,commit:779e515b
Tunnel Vision,"Kelly Finnigan, Monophonics",It's Only Us,False,INDIFFERENT,5:21,321,CDGf2gntq_U,2024-02-12T13:28:32Z,commit:779e515b
Move Through Water,"Anthéne, Stijn Hüwels",Into The Setting Sun,False,INDIFFERENT,4:47,287,e3pGmMp6xPo,2024-02-12T13:23:45Z,commit:779e515b
In The Moment,Jim James,Eternally Even,False,INDIFFERENT,4:10,250,uFq7buliSAs,2024-02-12T13:19:35Z,commit:779e515b
Yuma,Justin Townes Earle,Yuma,False,INDIFFERENT,3:06,186,nJBn8Y6gIpY,2024-02-12T13:16:29Z,commit:779e515b
Vargtimme,Helios,Eingya,False,INDIFFERENT,3:57,237,L28nPxY5Egk,2024-02-12T13:12:32Z,commit:779e515b
No Distraction (Khruangbin Remix),Beck,No Distraction (Khruangbin Remix),False,INDIFFERENT,3:19,199,iMXBkJnBxi8,2024-02-12T13:09:13Z,commit:779e515b
Over My Head,Ikebe Shakedown,Kings Left Behind,False,INDIFFERENT,3:26,206,v4gFyAF_0-8,2024-02-12T13:05:47Z,commit:779e515b
Maybe,The Ink Spots,The Anthology,True,LIKE,3:03,183,Wd_fO_SUgPs,2024-02-12T13:02:44Z,commit:779e515b
Live Jam in Polynesia,Arc De Soleil,Libertalia,False,INDIFFERENT,3:07,187,bHhet-GCZzw,2024-02-12T12:59:37Z,commit:779e515b
Before,Bibio,Ribbons,False,INDIFFERENT,3:12,192,AvkUtologtY,2024-02-12T12:56:25Z,commit:779e515b
15 Acres,"Kieran Kane, Rayna Gellert",The Ledges,False,INDIFFERENT,3:32,212,G5xekQaQpUQ,2024-02-12T12:52:53Z,commit:779e515b
We Like To Party,The Disco Biscuits,"2024/02/07 Aspen, CO",,INDIFFERENT,31:34,1894,i8FKAkHFBB4,2024-02-12T12:21:19Z,commit:779e515b
Henry Lee,Vandaveer,"Oh, Willie, Please...",,INDIFFERENT,4:35,275,jca3aKmFkC8,2024-02-12T12:16:44Z,commit:779e515b
Poor Edward,Vandaveer,"Oh, Willie, Please...",,INDIFFERENT,3:32,212,xpOE5IMCbrY,2024-02-12T12:13:12Z,commit:779e515b
The Drunkard's Doom,Vandaveer,"Oh, Willie, Please...",,LIKE,4:23,263,u2mUbfYtLLw,2024-02-12T12:08:49Z,commit:779e515b
Down In The Willow Garden,Vandaveer,"Oh, Willie, Please...",,INDIFFERENT,3:35,215,YxZxe2D53MY,2024-02-12T12:05:14Z,commit:779e515b
The Knoxville Girl,Vandaveer,"Oh, Willie, Please...",,INDIFFERENT,5:19,319,G1beP4Jy6os,2024-02-12T11:59:55Z,commit:779e515b
Mary Of The Wild Moor,Vandaveer,"Oh, Willie, Please...",,LIKE,3:29,209,h3c3DWJmg4w,2024-02-12T11:56:26Z,commit:779e515b
The Murder Of The Lawson Family,Vandaveer,"Oh, Willie, Please...",,INDIFFERENT,3:14,194,0gCd3cT7AJE,2024-02-12T11:53:12Z,commit:779e515b
The Railroad Boy,Vandaveer,"Oh, Willie, Please...",,INDIFFERENT,4:13,253,pVLCWMjbefI,2024-02-12T11:48:59Z,commit:779e515b
Omie Wise,Vandaveer,"Oh, Willie, Please...",,INDIFFERENT,4:46,286,AjgpPqG7v1E,2024-02-12T11:44:13Z,commit:779e515b
Pretty Polly,Vandaveer,"Oh, Willie, Please...",,INDIFFERENT,3:49,229,9Sejo_rSr0Y,2024-02-12T11:40:24Z,commit:779e515b
The Banks Of The Ohio,Vandaveer,"Oh, Willie, Please...",,INDIFFERENT,4:04,244,rf8ckGk0Yt4,2024-02-12T11:36:20Z,commit:779e515b
Long Journey Home,Billy Strings,Me / And / Dad,False,INDIFFERENT,2:58,178,-szCz0iBEmk,2024-02-12T11:33:22Z,commit:779e515b
Insomnia Blues,John R. Miller,Heat Comes Down,True,LIKE,4:01,241,L1pRpcEhT0c,2024-02-12T11:29:21Z,commit:779e515b
Spite,Vandaveer,Dig Down Deep,True,LIKE,2:40,160,EQH5IhBfWUk,2024-02-12T11:26:41Z,commit:779e515b
Lonesome Moonlight Waltz,Noam Pikelny,Noam Pikelny Plays Kenny Baker Plays Bill Monroe,False,INDIFFERENT,4:36,276,3a3FCO7FGaA,2024-02-12T11:22:05Z,commit:779e515b
Penny Sweets,Winter Aid,The Murmur of the Land,False,INDIFFERENT,4:25,265,_B41hDJtOd8,2024-02-12T11:17:40Z,commit:779e515b
Ten Million Slaves,Otis Taylor,Respect the Dead,False,INDIFFERENT,3:19,199,knCip_B6pLY,2024-02-12T11:14:21Z,commit:779e515b
Intentional Injury (From The HBO Series True Detective),"Bonnie ""Prince"" Billy",Intentional Injury (From The HBO Series True Detective),False,INDIFFERENT,2:25,145,AwMEzPdf7M0,2024-02-12T11:11:56Z,commit:779e515b
Madman,Sean Rowe,Madman,False,INDIFFERENT,4:00,240,SYngFgT6LCo,2024-02-12T11:07:56Z,commit:779e515b
Back In Brazil,Paul McCartney,Egypt Station,False,INDIFFERENT,3:21,201,ImWuByyHtsI,2024-02-12T11:04:35Z,commit:779e515b
John Wilkes Booth,Tony Rice,Native American,False,INDIFFERENT,3:53,233,w1q5J_jHFBY,2024-02-12T11:00:42Z,commit:779e515b
Daffodil Blues,Pokey LaFarge,Riverboat Soul,,INDIFFERENT,3:30,210,aiqZTW1BAQc,2024-02-12T10:57:12Z,commit:779e515b
Old Black Dog,Pokey LaFarge,Riverboat Soul,,INDIFFERENT,3:04,184,OKBqFatcyTo,2024-02-12T10:54:08Z,commit:779e515b
Migraines and Heartpains,Pokey LaFarge,Riverboat Soul,,INDIFFERENT,2:43,163,IfqOfZO98JI,2024-02-12T10:51:25Z,commit:779e515b
In the Graveyard Now,Pokey LaFarge,Riverboat Soul,,LIKE,3:35,215,I6QECy-D904,2024-02-12T10:47:50Z,commit:779e515b
Bag of Bones,Pokey LaFarge,Riverboat Soul,,INDIFFERENT,4:05,245,iyB1JhMsw0o,2024-02-12T10:43:45Z,commit:779e515b
Sweet Potato Blues,Pokey LaFarge,Riverboat Soul,,DISLIKE,3:54,234,Kj5p9VGCmWY,2024-02-12T10:39:51Z,commit:779e515b
Won't Make Love at All,Pokey LaFarge,Riverboat Soul,,INDIFFERENT,2:59,179,9GCHokxOXhg,2024-02-12T10:36:52Z,commit:779e515b
Claude Jones,Pokey LaFarge,Riverboat Soul,,INDIFFERENT,3:39,219,7xSlyfCkNPk,2024-02-12T10:33:13Z,commit:779e515b
La La Blues,Pokey LaFarge,Riverboat Soul,,INDIFFERENT,3:43,223,D_dYw7JVj8U,2024-02-12T10:29:30Z,commit:779e515b
Two-Faced Tom,Pokey LaFarge,Riverboat Soul,,INDIFFERENT,3:16,196,a_iWNWjQFZ0,2024-02-12T10:26:14Z,commit:779e515b
Money Is The Meat In The Coconut,David Rawlings,Poor David's Almanack,,LIKE,2:23,143,vwe5K642jTo,2024-02-12T10:23:51Z,commit:779e515b
Digital Buddha,The Disco Biscuits,"2024/02/07 Aspen, CO",,INDIFFERENT,16:19,979,vYaTFxbYLx8,2024-02-12T10:07:32Z,commit:779e515b
Caves Of The East,The Disco Biscuits,"2024/02/07 Aspen, CO",,INDIFFERENT,23:08,1388,aanoOc7jf5c,2024-02-12T09:44:24Z,commit:779e515b
Morph Dusseldorf,The Disco Biscuits,"2024/02/07 Aspen, CO",,INDIFFERENT,2:09,129,yHZEBqjP1Vc,2024-02-12T09:42:15Z,commit:779e515b
The Overture,The Disco Biscuits,"2024/02/07 Aspen, CO",,INDIFFERENT,14:54,894,VgqgOB-7Q90,2024-02-12T09:27:21Z,commit:779e515b
Gangster,The Disco Biscuits,"2024/02/07 Aspen, CO",,INDIFFERENT,4:17,257,EyOoYm8NFRE,2024-02-12T09:23:04Z,commit:779e515b
Morph Dusseldorf,The Disco Biscuits,"2024/02/07 Aspen, CO",,INDIFFERENT,17:45,1065,z1uqYzTRZ-w,2024-02-12T09:05:19Z,commit:779e515b
No Recollection,The Disco Biscuits,"2024/02/06 Aspen, CO",,INDIFFERENT,18:35,1115,AXpgGG1k3Gw,2024-02-12T08:46:44Z,commit:779e515b
I-man,The Disco Biscuits,"2024/02/06 Aspen, CO",,INDIFFERENT,40:44,2444,5X7KyTkufls,2024-02-12T08:06:00Z,commit:779e515b
Jam,The Disco Biscuits,"2024/02/06 Aspen, CO",,INDIFFERENT,19:08,1148,UPZFnSa5dwo,2024-02-12T07:46:52Z,commit:779e515b
Home Again,The Disco Biscuits,"2024/02/06 Aspen, CO",,INDIFFERENT,3:53,233,TSiNwWuTjaQ,2024-02-12T07:42:59Z,commit:779e515b
Crickets,The Disco Biscuits,"2024/02/06 Aspen, CO",,INDIFFERENT,18:07,1087,SmqN5FVfZGY,2024-02-12T07:24:52Z,commit:779e515b
Dino Baby,The Disco Biscuits,"2024/02/06 Aspen, CO",,INDIFFERENT,21:23,1283,lVb73sOaH7Y,2024-02-12T07:03:29Z,commit:779e515b
Shocked,The Disco Biscuits,"2024/02/06 Aspen, CO",,INDIFFERENT,14:56,896,LpKHHYho31Y,2024-02-12T06:48:33Z,commit:779e515b
M.E.M.P.H.I.S.,The Disco Biscuits,"2024/02/06 Aspen, CO",,INDIFFERENT,25:52,1552,cnsTtaqnarc,2024-02-12T06:22:41Z,commit:779e515b
Me And Chuck,Les Claypool And The Holy Mackerel,Highball With The Devil,False,INDIFFERENT,3:00,180,RiVAnoeANsw,2024-02-12T06:19:41Z,commit:779e515b
Man in the Box,Les Claypool's Duo De Twang,Four Foot Shack,False,INDIFFERENT,5:12,312,GA6VLgdD0YA,2024-02-12T06:14:29Z,commit:779e515b
Hendershot,Les Claypool And The Holy Mackerel,Highball With The Devil,False,INDIFFERENT,2:27,147,5wRmhiu8Qpg,2024-02-12T06:12:02Z,commit:779e515b
Ding Dang,Les Claypool,Purple Onion,False,INDIFFERENT,5:49,349,gW_-D2gUJKw,2024-02-12T06:06:13Z,commit:779e515b
Holy Mackerel (Albulm Version),Les Claypool And The Holy Mackerel,Highball With The Devil,False,INDIFFERENT,3:53,233,_9qdYnDVxvc,2024-02-12T06:02:20Z,commit:779e515b
Running The Gauntlet,Les Claypool And The Holy Mackerel,Highball With The Devil,False,INDIFFERENT,1:37,97,Lz3IayXoE6Y,2024-02-12T06:00:43Z,commit:779e515b
Long in the Tooth,Les Claypool,Purple Onion,False,INDIFFERENT,1:51,111,nKdySXrXgp4,2024-02-12T05:58:52Z,commit:779e515b
Wynona's Big Brown Beaver - Les Claypool's Duo de Twang,"72K views, Rebekah Wallace",,,LIKE,4:48,288,Vzz0wC1YxCQ,2024-02-12T05:54:04Z,commit:779e515b
Buzzards of Green Hill,Les Claypool,Purple Onion,False,INDIFFERENT,4:04,244,deg29DuET1c,2024-02-12T05:50:00Z,commit:779e515b
David Makalaster,Les Claypool,Purple Onion,False,INDIFFERENT,4:38,278,MeXLa-7Nm40,2024-02-12T05:45:22Z,commit:779e515b
Robot Chicken,Les Claypool,Of Whales And Woe,False,INDIFFERENT,0:40,40,71M2NhYkfLQ,2024-02-12T05:44:42Z,commit:779e515b
Cosmic Highway,Les Claypool,Purple Onion,False,INDIFFERENT,7:15,435,9XXlQTSYSK8,2024-02-12T05:37:27Z,commit:779e515b
George E. Porge,Les Claypool And The Holy Mackerel,Highball With The Devil,False,INDIFFERENT,2:32,152,t8EUKFRFmiU,2024-02-12T05:34:55Z,commit:779e515b
Say Yes (Phonovisions Symphonic Version),Wax Tailor,Phonovisions Symphonic Orchestra,False,INDIFFERENT,5:12,312,LK-hzfHyVng,2024-02-12T05:29:43Z,commit:779e515b
To Dry Up (Phonovisions Symphonic Version),Wax Tailor,Phonovisions Symphonic Orchestra,False,INDIFFERENT,4:40,280,KFDE8_z4c_Y,2024-02-12T05:25:03Z,commit:779e515b
Am I Free (Phonovisions Symphonic Version),Wax Tailor,Phonovisions Symphonic Orchestra,False,INDIFFERENT,5:07,307,R5AcHgE3F7g,2024-02-12T05:19:56Z,commit:779e515b
Que Sera (Phonovisions Symphonic Version),Wax Tailor,Phonovisions Symphonic Orchestra,False,INDIFFERENT,3:23,203,VP2WQcHsUW0,2024-02-12T05:16:33Z,commit:779e515b
Seize the Day (Phonovisions Symphonic Version),Wax Tailor,Phonovisions Symphonic Orchestra,False,INDIFFERENT,3:07,187,lSDXCj7rmxo,2024-02-12T05:13:26Z,commit:779e515b
B-Boy On Wax (Phonovisions Symphonic Version),Wax Tailor,Phonovisions Symphonic Orchestra,False,INDIFFERENT,3:47,227,RFqBFi2A6dE,2024-02-12T05:09:39Z,commit:779e515b
House Of Wax (Phonovisions Symphonic Version),Wax Tailor,Phonovisions Symphonic Orchestra,False,INDIFFERENT,3:34,214,5ZGIrMoynW0,2024-02-12T05:06:05Z,commit:779e515b
Our Dance (Phonovisions Symphonic Version),Wax Tailor,Phonovisions Symphonic Orchestra,False,INDIFFERENT,5:03,303,HG3MRqln-cY,2024-02-12T05:01:02Z,commit:779e515b
Dragon Chasers (Phonovisions Symphonic Version),Wax Tailor,Phonovisions Symphonic Orchestra,False,INDIFFERENT,3:23,203,IvIFnIaTOMg,2024-02-12T04:57:39Z,commit:779e515b
City Vapors (Phonovisions Symphonic Version),Wax Tailor,Phonovisions Symphonic Orchestra,False,INDIFFERENT,1:16,76,MymPJhbdyCg,2024-02-12T04:56:23Z,commit:779e515b
Positively Inclined (Phonovisions Symphonic Version),Wax Tailor,Phonovisions Symphonic Orchestra,False,INDIFFERENT,4:22,262,bvylSy8Rkfk,2024-02-12T04:52:01Z,commit:779e515b
The Sound (Phonovisions Symphonic Version),Wax Tailor,Phonovisions Symphonic Orchestra,False,INDIFFERENT,3:38,218,wlfdzmZdGfs,2024-02-12T04:48:23Z,commit:779e515b
Heart Stop (Phonovisions Symphonic Version),Wax Tailor,Phonovisions Symphonic Orchestra,False,INDIFFERENT,3:13,193,nRaivx2EWUI,2024-02-12T04:45:10Z,commit:779e515b
Only Once (Phonovisions Symphonic Version),Wax Tailor,Phonovisions Symphonic Orchestra,False,INDIFFERENT,2:45,165,wU5ZktbBfBE,2024-02-12T04:42:25Z,commit:779e515b
Like An Hourglass (Phonovisions Symphonic Version),Wax Tailor,Phonovisions Symphonic Orchestra,False,INDIFFERENT,1:01,61,k2_LYtq7q4I,2024-02-12T04:41:24Z,commit:779e515b
Down In Flame (Phonovisions Symphonic Version),Wax Tailor,Phonovisions Symphonic Orchestra,False,INDIFFERENT,4:30,270,jGjbaOga5qM,2024-02-12T04:36:54Z,commit:779e515b
Dry Your Eyes (Phonovisions Symphonic Version),Wax Tailor,Phonovisions Symphonic Orchestra,False,INDIFFERENT,3:48,228,VbkfyRqeLyg,2024-02-12T04:33:06Z,commit:779e515b
High On A Mountain,"Del McCoury, The Dixie Pals",High On A Mountain,False,INDIFFERENT,2:52,172,eNQNVuw0i6I,2024-02-09T06:27:00Z,gh-337
Ain't No Grave,Crooked Still,Shaken By A Low Sound,,INDIFFERENT,3:22,202,eb4W_3KC50g,2024-02-09T06:23:38Z,gh-337
Freeborn Man,Tony Rice,Guitar,,INDIFFERENT,2:50,170,bKgFB4V5wtE,2024-02-09T06:20:48Z,gh-337
Your Love Is Like A Flower,The Bluegrass Album Band,"The Bluegrass Album, Vol. 2",False,INDIFFERENT,3:01,181,LDLMpgUL4qQ,2024-02-09T06:17:47Z,gh-337
Never Make It Home,Split Lip Rayfield,Never Make It Home,False,INDIFFERENT,3:10,190,g6dg_JKDW8k,2024-02-09T06:14:37Z,gh-337
Walkin' Boss,"David Grisman, Jerry Garcia",Jerry Garcia & David Grisman,False,INDIFFERENT,5:18,318,_q9LD0r7sdQ,2024-02-09T06:09:19Z,gh-337
Gold Rush,The Tony Rice Unit,Unit Of Measure,False,INDIFFERENT,3:03,183,eIQpNHuH7r0,2024-02-09T06:06:16Z,gh-337
Earl's Breakdown,Flatt & Scruggs,Foggy Mountain Jamboree (Expanded Edition),True,LIKE,3:00,180,nC95BwtJjkM,2024-02-09T06:03:16Z,gh-337
Long Journey Home,"Billy Strings, Don Julin",Rock Of Ages,False,INDIFFERENT,3:01,181,wyHbtmZOZBA,2024-02-09T06:00:15Z,gh-337
Rosalie McFall,Grateful Dead,Reckoning (Live),False,INDIFFERENT,2:54,174,pTE8JgDpcmw,2024-02-09T05:57:21Z,gh-337
Gracefully Facedown (Live),The Devil Makes Three,Kexp Presents: The Devil Makes Three Live in Studio - EP,True,LIKE,3:27,207,FGt1_5rUr14,2024-02-09T05:53:54Z,gh-337
Southern Flavor,Bill Monroe,Country Music Hall Of Fame,True,LIKE,3:18,198,lAODCVBSUd8,2024-02-09T05:50:36Z,gh-337
The Great Pretender,Old & In The Way,That High Lonesome Sound,True,LIKE,3:39,219,goE5qv5eh3M,2024-02-09T05:46:57Z,gh-337
Shake Sugaree,Muireann Bradley,I Kept These Old Blues,True,LIKE,5:49,349,2HYgGoG2OpU,2024-02-09T05:41:08Z,gh-337
Columbus Stockade Blues,"Doc Watson, Richard Watson",Third Generation Blues,False,INDIFFERENT,3:32,212,rVAXyZCbFdI,2024-02-09T05:37:36Z,gh-337
Knob Creek,Steep Canyon Rangers,Nobody Knows You,True,LIKE,5:18,318,qR44ixdhjl0,2024-02-09T05:32:18Z,gh-337
Salt Creek,Tony Rice,Guitar,,INDIFFERENT,3:46,226,IU-zRYkV5Fc,2024-02-09T05:28:32Z,gh-337
"A Distant Land to Roam (feat. Andrew Marlin, Noam Pikelny, Chris Eldridge & Alex Hargreaves)",Mighty Poplar,Mighty Poplar,,INDIFFERENT,2:34,154,YaC4M0M0hM4,2024-02-09T05:25:58Z,gh-337
"Let Him Go on Mama (feat. Andrew Marlin, Noam Pikelny, Chris Eldridge & Alex Hargreaves)",Mighty Poplar,Mighty Poplar,,INDIFFERENT,4:10,250,9CLcIOv4MtY,2024-02-09T05:21:48Z,gh-337
"Little Joe (feat. Andrew Marlin, Noam Pikelny, Chris Eldridge & Alex Hargreaves)",Mighty Poplar,Mighty Poplar,,INDIFFERENT,3:04,184,xQ-kxkDP8H0,2024-02-09T05:18:44Z,gh-337
Lonesome Moonlight Waltz,Noam Pikelny,Noam Pikelny Plays Kenny Baker Plays Bill Monroe,False,INDIFFERENT,4:36,276,3a3FCO7FGaA,2024-02-09T05:14:08Z,gh-337
Mañana Tepotzlan,El Búho,Cenotes,,INDIFFERENT,4:00,240,sKbi5vndi5Q,2024-02-09T05:10:08Z,gh-337
Maria Sabina (feat. Huaira),Rodrigo Gallardo,El Origen,False,INDIFFERENT,5:19,319,fITJU2AJIFE,2024-02-09T05:04:49Z,gh-337
Cumbia Sobre el Mar (El Búho Remix),"Flowering Inferno, Quantic",Tributaries: A Remix Album (El Búho Remixes),False,INDIFFERENT,5:13,313,7nsd0-5X5is,2024-02-09T04:59:36Z,gh-337
Deelahli,Yeahman & Mina Shankha,Ostriconi,False,INDIFFERENT,4:47,287,8fbN48Zo6fA,2024-02-09T04:54:49Z,gh-337
Adios Potosi,Lagartijeando,Jallalla,False,INDIFFERENT,4:24,264,PEN9NCB7VcA,2024-02-09T04:50:25Z,gh-337
Cumbia de Tototl,El Búho,Tamoachan,False,INDIFFERENT,3:52,232,LoxijR0ZjBw,2024-02-09T04:46:33Z,gh-337
A la Muerte (Nicola Cruz Remix),Rodrigo Gallardo,El Origen,False,INDIFFERENT,4:19,259,LPcmvv7Uc78,2024-02-09T03:21:29Z,gh-336
Yam,Satori,Yam,False,INDIFFERENT,9:33,573,ykcJKB6bfac,2024-02-09T03:11:56Z,gh-336
Say Yes (feat. ASM),Wax Tailor,In the Mood for Life,False,INDIFFERENT,3:39,219,Oj6WYt6OC6c,2024-02-09T03:08:17Z,gh-336
Madera (Rapossa Remix),"ANuT, MoM",Madera / Emola,False,INDIFFERENT,8:18,498,LLMKrEUaAwo,2024-02-09T02:59:59Z,gh-336
Andromeda,Be Svendsen,Between a Smile and a Tear,True,LIKE,6:46,406,NZeDtoH-lHg,2024-02-09T02:53:13Z,gh-336
Sure The Sun Will Rise,Hugo Kant,Far From Home,False,INDIFFERENT,4:56,296,Tg7DOKzVAoE,2024-02-09T02:48:17Z,gh-336
Apito da Mata,Kurup,Arquivos Relíquia,False,INDIFFERENT,4:23,263,f4nhdFqFGh4,2024-02-09T02:43:54Z,gh-336
Just Jazz,Ours Samplus,"Tour De Manège, Vol. 2 : Le Train Fantôme",False,INDIFFERENT,3:18,198,8yHkwxQfwA8,2024-02-09T02:40:36Z,gh-336
Falling for You,NEIL FRANCES,Falling for You,False,INDIFFERENT,3:11,191,4qqvGwsyLNg,2024-02-09T02:37:25Z,gh-336
Pasale,El Búho,Chinampa,False,INDIFFERENT,3:31,211,YMvfDAo2djI,2024-02-09T02:33:54Z,gh-336
Aliens,Oceanvs Orientalis,Indoor Voyager EP,False,INDIFFERENT,5:38,338,qY-ZyMeUEfM,2024-02-09T02:28:16Z,gh-336
Crazy,Gnarls Barkley,St. Elsewhere,False,INDIFFERENT,3:03,183,4awyKrjzCg0,2024-02-09T02:25:13Z,gh-336
"IknowhowIfeel - from Hansa Studios, Berlin",Parcels,Live Vol. 1,False,INDIFFERENT,2:56,176,UJfbSUkyrbg,2024-02-09T02:22:17Z,gh-336
Magicman,Bonobo,One Offs (Remixes & B Sides),,INDIFFERENT,4:39,279,5_mjJXjOnaI,2024-02-09T02:17:38Z,gh-336
Rio Negro,Xique-Xique,Xaxoeira,,INDIFFERENT,5:53,353,2ccfm4O1UBU,2024-02-09T02:11:45Z,gh-336
"The Knocks, Sofi Tukker - Brazilian Soul | Daco Remix","5.1M views, Da Co",,,INDIFFERENT,5:43,343,xruWvv46KOU,2024-02-09T02:06:02Z,gh-336
Ordinary Man,Chinese Man,"The Groove Sessions, Vol. 2",False,INDIFFERENT,3:39,219,XByMktVdrTc,2024-02-09T02:02:23Z,gh-336
Sometimes,Wax Tailor,Hope & Sorrow,False,INDIFFERENT,3:41,221,R2LiOOB5w_E,2024-02-09T01:58:42Z,gh-336
Miniyamba,"Yeahman, Hajna, & Mina Shankha",Shika Shika / Botanas Series,False,INDIFFERENT,4:11,251,HZlofxCghnQ,2024-02-09T01:54:31Z,gh-336
Teardrop (feat. Elizabeth Fraser),Massive Attack,Mezzanine,False,INDIFFERENT,5:31,331,3h-JYx76QNM,2024-02-09T01:21:29Z,gh-335
Passion,Nightmares on Wax,Passion,False,INDIFFERENT,3:28,208,hiRuhU_dKV4,2024-02-09T01:18:01Z,gh-335
Finally Moving,Pretty Lights,Taking up Your Precious Time,False,INDIFFERENT,4:38,278,rSW-L4kXun8,2024-02-09T01:13:23Z,gh-335
Blue Bird,Ours Samplus,Orphan Loops,False,INDIFFERENT,3:52,232,mygg65UV6iM,2024-02-09T01:09:31Z,gh-335
Ghostwriter,RJD2,Deadringer: Deluxe,False,INDIFFERENT,5:17,317,hY08FkhpPjk,2024-02-09T01:04:14Z,gh-335
Porro Del Tucán,El Búho,Cumbias Imaquinarias - EP,False,INDIFFERENT,3:40,220,a0hkg9I5_zY,2024-02-09T01:00:34Z,gh-335
Old Fashioned Love,"Amanda Shires, Bobbie Nelson",Loving You,,INDIFFERENT,3:16,196,q49L6XRaiQs,2024-02-09T00:57:18Z,gh-335
Always On My Mind,"Amanda Shires, Bobbie Nelson",Loving You,,INDIFFERENT,3:55,235,gHgNj4kNEcE,2024-02-09T00:53:23Z,gh-335
Waltz Across Texas,"Amanda Shires, Bobbie Nelson",Loving You,,LIKE,2:48,168,-KyVMOLTCoI,2024-02-09T00:50:35Z,gh-335
Strictly Reserved for You (feat. Menahan Street Band),Charles Bradley,Victim of Love,False,INDIFFERENT,3:43,223,8eR2L-KQSi4,2024-02-09T00:46:52Z,gh-335
Sicily' Box (feat. Rocco Palladino),"Venna, Yussef Dayes, & Marco Bernardis",Sicily' Box,False,INDIFFERENT,4:06,246,w_a5mRbwr-o,2024-02-09T00:42:46Z,gh-335
Rome,Dojo Cuts,Tomorrow's Gonna Come,False,INDIFFERENT,3:39,219,MukcKY1PI4I,2024-02-09T00:39:07Z,gh-335
Strictly Reserved for You (feat. Menahan Street Band),Charles Bradley,Victim of Love,False,INDIFFERENT,3:43,223,8eR2L-KQSi4,2024-02-07T01:23:10Z,gh-317
Sicily' Box (feat. Rocco Palladino),"Venna, Yussef Dayes, & Marco Bernardis",Sicily' Box,False,INDIFFERENT,4:06,246,w_a5mRbwr-o,2024-02-07T01:19:04Z,gh-317
Rome,Dojo Cuts,Tomorrow's Gonna Come,False,INDIFFERENT,3:39,219,MukcKY1PI4I,2024-02-07T01:15:25Z,gh-317
Like Yesterday,Monophonics,Like Yesterday,False,INDIFFERENT,4:12,252,iF3Fsdbuje0,2024-02-05T01:27:42Z,gh-301
Through the Mosaic,Tommy Guerrero,Amber of Memory,False,INDIFFERENT,4:18,258,QPJ9D0pc9ok,2024-02-05T01:23:24Z,gh-301
Fire (Reworked by Blackjoy),Thomas Naïm,Sounds of Jimi (Reworks),True,LIKE,4:58,298,NMw5wQp89g4,2024-02-05T01:18:26Z,gh-301
dancing,NEIL FRANCES,There Is No Neil Frances,False,INDIFFERENT,2:55,175,k7CMDzAabeY,2024-02-05T01:15:31Z,gh-301
Your Old Place,Pax,Because We're Old,False,INDIFFERENT,4:07,247,I-SNm5hk-PM,2024-02-05T01:11:24Z,gh-301
Good Time Charley's Got the Blues,Charley Crockett,Lil G.L.'s Blue Bonanza,False,INDIFFERENT,3:12,192,Z83DjsDM9oA,2024-02-05T01:08:12Z,gh-301
The Illusion,Ikebe Shakedown,Stone by Stone,False,INDIFFERENT,3:33,213,7O0_8sVzVts,2024-02-05T01:04:39Z,gh-301
Long in the Tooth,The Budos Band,Long in the Tooth,False,INDIFFERENT,3:42,222,US3eV4E8o2k,2024-02-05T01:00:57Z,gh-301
Mumbo Sugar,Arc De Soleil,Libertalia,False,INDIFFERENT,3:09,189,1FSPY3aYVEg,2024-02-05T00:57:48Z,gh-301
Dos Uvas,Pale Jay,Dos Uvas,False,INDIFFERENT,3:30,210,nfmuT82fL5Y,2024-02-05T00:54:18Z,gh-301
"High Tide, Storm Rising",Skinshape,"High Tide, Storm Rising",False,INDIFFERENT,3:57,237,2t1EiWjHFt8,2024-02-05T00:50:21Z,gh-301
"You Think I Don't Know (But I Know) (feat. Menahan Street Band, The Gospel Queens & The Sha La Das)",Charles Bradley,Changes,False,INDIFFERENT,3:28,208,LsfHoduFu4A,2024-02-05T00:46:53Z,gh-301
Ala Vida,El Michels Affair,Yeti Season (Deluxe Version),False,INDIFFERENT,3:53,233,UgLEeINmXBk,2024-02-05T00:43:00Z,gh-301
Tired of Fighting,Menahan Street Band,Make the Road By Walking,False,INDIFFERENT,3:32,212,F-OeFm6y384,2024-02-05T00:39:28Z,gh-301
Judgement Day,The Devil Makes Three,"Longjohns, Boots and a Belt",True,LIKE,3:16,196,EXggV8Ildh4,2024-02-05T00:36:12Z,gh-301
Gonna Write a Letter,Waylon Jennings,Black On Black,False,INDIFFERENT,2:39,159,1HJj9uz48QU,2024-02-05T00:33:33Z,gh-301
Freight train,Elizabeth Cotten,Freight Train and Other North Carolina Folk Songs and Tunes,,INDIFFERENT,2:46,166,If5ZGXKG9bw,2024-02-05T00:30:47Z,gh-301
Garden Song,John R. Miller,Service Engine,False,INDIFFERENT,3:14,194,hF5GH5BLTQI,2024-02-05T00:27:33Z,gh-301
Talk On Indolence,The Avett Brothers,Four Thieves Gone,False,INDIFFERENT,3:40,220,yYhhrXb2cSM,2024-02-05T00:23:53Z,gh-301
Caroline,Old Crow Medicine Show,Tennessee Pusher,False,INDIFFERENT,3:34,214,hJUV6vTekLY,2024-02-05T00:20:19Z,gh-301
Why You Been Gone So Long,Tony Rice,Native American,False,INDIFFERENT,3:23,203,xXoOU2D8vFc,2024-02-05T00:16:56Z,gh-301
While I'm Waiting Here,Billy Strings,Turmoil & Tinfoil,,INDIFFERENT,4:37,277,5wPaOycRfj0,2024-02-05T00:12:19Z,gh-301
Let It Ride,The Wooks,Glory Bound,False,INDIFFERENT,4:01,241,xtl80FWOueY,2024-02-05T00:08:18Z,gh-301
Harlan Road,Timmyty,Western Unplugged - Volume Two,False,INDIFFERENT,3:14,194,1RcJCiW0Imo,2024-02-05T00:05:04Z,gh-301
Harpers Ferry Moon,John R. Miller,Heat Comes Down,False,INDIFFERENT,4:03,243,9mYlG4-doGw,2024-02-05T00:01:01Z,gh-301
Insomnia Blues,John R. Miller,Heat Comes Down,True,LIKE,4:01,241,L1pRpcEhT0c,2024-02-04T23:57:00Z,gh-301
Manic Depression,The Jimi Hendrix Experience,Are You Experienced,False,INDIFFERENT,3:43,223,_OmzEQzaaU4,2024-02-04T21:23:42Z,gh-300
White Light/White Heat,The Velvet Underground,White Light / White Heat,True,LIKE,2:48,168,AJy0LP8iYPg,2024-02-04T21:20:54Z,gh-300
One More Time,Daft Punk,Discovery,,INDIFFERENT,5:21,321,fa5IWHDbftI,2024-02-04T21:15:33Z,gh-300
Matchbox,Carl Perkins,Deluxe: Greatest Hits - Carl Perkins,False,INDIFFERENT,2:11,131,OTA8m_luor4,2024-02-04T21:13:22Z,gh-300
Sat By A Tree,Dan Deacon,Mystic Familiar,False,INDIFFERENT,4:26,266,HQe-lZPrR8o,2024-02-04T21:08:56Z,gh-300
All Along the Watchtower,The Jimi Hendrix Experience,Smash Hits,False,INDIFFERENT,4:01,241,Jt-ysw-Dy58,2024-02-04T18:26:28Z,gh-299
Get It While You Can,The Infamous Stringdusters,The Infamous Stringdusters,False,INDIFFERENT,4:17,257,vCcjcWt0cf0,2024-02-04T18:22:11Z,gh-299
Beaumont Rag,The Tony Rice Unit,Unit Of Measure,False,INDIFFERENT,3:38,218,IRlUwaooWUE,2024-02-04T18:18:33Z,gh-299
The Man Who Would Speak True,Blitzen Trapper,Destroyer of the Void,False,INDIFFERENT,3:07,187,bvQMdOb79R4,2024-02-04T18:15:26Z,gh-299
"The Good, The Bad And The Home-Schooled",Jacob Jolliff,The Jacob Jolliff Band,,LIKE,4:41,281,AY8j4hYobrw,2024-02-04T18:10:45Z,gh-299
Everything Is Cool,John Prine,The Missing Years,False,INDIFFERENT,2:47,167,F0t7bBwtwwI,2024-02-04T18:07:58Z,gh-299
Are You Sure Hank Done It This Way,Waylon Jennings,Greatest Hits,True,LIKE,2:55,175,6PLPmmfeNd4,2024-02-04T18:05:03Z,gh-299
I've Been Everywhere,Johnny Cash,American II: Unchained,False,INDIFFERENT,3:17,197,mNj6spCtUE0,2024-02-04T18:01:46Z,gh-299
The Gambler,Kenny Rogers,The Gambler,False,INDIFFERENT,3:35,215,w4RvskuFnPY,2024-02-04T17:58:11Z,gh-299
Good Enough,Molly Tuttle,Rise,False,LIKE,2:55,175,4xhEawmV0lw,2024-02-04T17:55:16Z,gh-299
Graveyard,The Devil Makes Three,The Devil Makes Three,False,INDIFFERENT,3:26,206,K7FYQn6ou9Y,2024-02-04T17:51:50Z,gh-299
Drinkin' Whiskey Tonight,Pokey LaFarge,Middle of Everywhere,,LIKE,2:53,173,GWqjF81M5h4,2024-02-04T17:48:57Z,gh-299
Faster Horses (The Cowboy And The Poet),Tom T. Hall,"Tom T. Hall - Storyteller, Poet, Philosopher",False,INDIFFERENT,2:53,173,UD8ytadaNI8,2024-02-04T17:46:04Z,gh-299
Tumblin',The California Honeydrops,Tumblin',False,INDIFFERENT,3:45,225,OInpYs6Ri-I,2024-02-04T17:42:19Z,gh-299
Twist,Phish,Farmhouse,False,INDIFFERENT,3:25,205,tQkv_kniI9Q,2024-02-04T17:38:54Z,gh-299
Brittle,loscil,First Narrows,,INDIFFERENT,7:33,453,F3xOARtKKKg,2024-02-04T17:31:21Z,gh-299
Call to Arms,Sturgill Simpson,A Sailor's Guide to Earth,True,LIKE,5:30,330,VuiR4AtH1fc,2024-02-04T17:25:51Z,gh-299
Joseph's Dream,John Hartford,Nobody Knows What You Do,False,INDIFFERENT,4:25,265,7hTvyV7Qc-g,2024-02-04T17:21:26Z,gh-299
"Big River (Live at Boston Music Hall, November 30, 1973)",Grateful Dead,"Dick's Picks Vol. 14: Boston Music Hall, Boston, MA 11/30/73 & 12/2/73 (Live)",True,LIKE,5:31,331,VayOJSDDnPE,2024-02-04T17:15:55Z,gh-299
It's Gonna Be (Alright),Ween,The Mollusk,False,INDIFFERENT,3:18,198,mYAdOvq9tKc,2024-02-04T17:12:37Z,gh-299
Television Rules the Nation / Crescendolls,Daft Punk,Alive 2007,,INDIFFERENT,4:51,291,F6e2rM2-oLY,2024-02-04T17:07:46Z,gh-299
Whiskey In The Jar,"David Grisman, Jerry Garcia",Shady Grove,False,INDIFFERENT,4:16,256,Y2nkQQkjCU8,2024-02-04T17:03:30Z,gh-299
Y'all Come Back Saloon,The Oak Ridge Boys,Y'all Come Back Saloon,False,INDIFFERENT,2:56,176,sH_4dSOXj90,2024-02-04T17:00:34Z,gh-299
Blue Ridge Cabin Home,The Bluegrass Album Band,The Bluegrass Album,False,INDIFFERENT,3:12,192,fJhnPA_dAHU,2024-02-04T16:57:22Z,gh-299
On And On,Tony Rice,Tony Rice Plays And Sings Bluegrass,False,INDIFFERENT,3:08,188,CLG5yE99qmo,2024-02-04T16:54:14Z,gh-299
Hit Parade Of Love,Seldom Scene,Live At The Cellar Door,False,INDIFFERENT,3:18,198,QjjGEIgrWpA,2024-02-04T16:50:56Z,gh-299
Sun Is Setting in the Sea,"Inna de Yard, Winston McAnuff",Family Affair,False,INDIFFERENT,3:11,191,CWZFgkB4UBM,2024-02-04T16:47:45Z,gh-299
Cumbia Espacial,Ondatrópica,Ondatrópica,,INDIFFERENT,4:06,246,98TjsAKOMhY,2024-02-04T16:43:39Z,gh-299
Last Words,Pinnacle Sound & Sebastien -Sebdog- Daugas,Soul Medicine,False,INDIFFERENT,2:45,165,sdpf_1xrZDs,2024-02-04T16:40:54Z,gh-299
Perilous Game,"Jolly Joseph, Pinnacle Sound",Soul Medicine,False,INDIFFERENT,2:40,160,OXsVsdV3XVU,2024-02-04T16:38:14Z,gh-299
She A Di Best,"I Fi, Pinnacle Sound",Soul Medicine,False,INDIFFERENT,2:51,171,dg2FjtHiAPQ,2024-02-04T16:35:23Z,gh-299
Cowbell Skank,Pinnacle Sound,Soul Medicine,False,INDIFFERENT,0:30,30,PROobXTQcmc,2024-02-04T16:34:53Z,gh-299
Psalm 2,"Emanuel & The Bionites, Pinnacle Sound",Soul Medicine,False,INDIFFERENT,4:11,251,8yt-HQHeLuQ,2024-02-04T16:30:42Z,gh-299
She Does It Better,"Marcus I, Pinnacle Sound",Soul Medicine,False,INDIFFERENT,3:39,219,KGT0j9IOBHk,2024-02-04T16:27:03Z,gh-299
"Thankful (feat. Jr Thomas & The Volcanos, Jr Thomas & The Volcanos)",Pinnacle Sound,Soul Medicine,False,INDIFFERENT,2:52,172,6x3ZCE_9Wcc,2024-02-04T16:24:11Z,gh-299
I Can Do The Same,"Jolly Joseph, Pinnacle Sound",Soul Medicine,False,INDIFFERENT,3:26,206,d22Qrw7mHBc,2024-02-04T16:20:45Z,gh-299
Silence,"Marcus I, Pinnacle Sound",Soul Medicine,True,LIKE,3:14,194,30y8Xj5Izxg,2024-02-04T16:17:31Z,gh-299
Stay Alert,Pinnacle Sound,Soul Medicine,False,INDIFFERENT,0:38,38,tBjf3G9FMm0,2024-02-04T16:16:53Z,gh-299
Come On Board,Pinnacle Sound & Sebastien -Sebdog- Daugas,Soul Medicine,False,INDIFFERENT,2:44,164,IXfczuWkyXw,2024-02-04T16:14:09Z,gh-299
Menorah,"Emanuel & The Bionites, Pinnacle Sound",Soul Medicine,False,INDIFFERENT,3:43,223,v3f0ktFrDJM,2024-02-04T16:10:26Z,gh-299
Choices,"Marcus I, Pinnacle Sound",Soul Medicine,False,INDIFFERENT,2:44,164,ZEMLPnSWHos,2024-02-04T16:07:42Z,gh-299
20191011 You Made The Bed,Mac DeMarco,One Wayne G,,LIKE,2:14,134,_fNh0qgGf3s,2024-02-04T06:26:23Z,gh-295
One Toke Over the Line,Brewer & Shipley,One Toke Over The Line: The Best Of Brewer & Shipley,True,LIKE,3:20,200,L9HXClusp_E,2024-02-04T06:23:03Z,gh-295
Desperado,The Langley Schools Music Project,Innocence and Despair,,LIKE,3:36,216,2H9xirgRM2w,2024-02-04T06:19:27Z,gh-295
Easy Listening Ween -  Vol. 1 Compilation,"47K views, Matt",,,LIKE,1:19:02,4742,uj3MiS9t26U,2024-02-04T05:00:25Z,gh-295
Tulsa Time,The California Honeydrops,Covers from the Cave,,LIKE,3:11,191,jjbzeMCvzMQ,2024-02-04T04:57:14Z,gh-295
Cry For Me (OurVinyl Sessions),"OurVinyl, The California Honeydrops",The California Honeydrops | OurVinyl Sessions,True,LIKE,6:22,382,J217cOFyx_U,2024-02-04T03:19:13Z,gh-294
Tulsa Time,Don Williams,20 Greatest Hits,True,LIKE,3:13,193,KSRWuAxh9v0,2024-02-04T03:16:00Z,gh-294
You Never Can Tell,The California Honeydrops,You Never Can Tell,True,LIKE,4:39,279,V4yVOrQPsYM,2024-02-04T03:11:21Z,gh-294
"Brown Noise - Perfect for Sleep, Study And Focus - Black Screen | Relaxing Sound In 24H","1.4M views, BEST SLEEP NOISE",,,LIKE,24:00:08,86408,3ZQLdo1dR8Q,2024-02-03T03:11:13Z,gh-294
Money Is The Meat In The Coconut,David Rawlings,Poor David's Almanack,,LIKE,2:23,143,vwe5K642jTo,2024-02-03T03:08:50Z,gh-294
The Theme,The Clark McLane Band,Commonfolk,,LIKE,1:18,78,9Ll97FLz9_0,2024-02-03T03:07:32Z,gh-294
Don't Pass Me By,"Ringo Starr, Vandaveer",Give More Love,True,LIKE,3:38,218,PK97gG0WXsc,2024-02-03T03:03:54Z,gh-294
All Together for the Taking,Vandaveer,A Minor Spell,True,LIKE,5:19,319,3mdqL2u6lj8,2024-02-03T02:58:35Z,gh-294
Listen To The Radio,"Billy Strings, Molly Tuttle",Listen To The Radio,False,INDIFFERENT,4:01,241,bwGBHuUSgrM,2024-02-03T02:54:34Z,gh-294
Summer Lens,John R. Miller,Heat Comes Down,False,INDIFFERENT,3:23,203,uxzLZ0WHKFk,2024-02-03T02:51:11Z,gh-294
Like A Summer Thursday,Townes Van Zandt,Our Mother The Mountain,False,INDIFFERENT,3:05,185,NR-mpaRROz8,2024-02-03T02:48:06Z,gh-294
Gentle On My Mind,John Hartford,RCA Country Legends: John Hartford,False,INDIFFERENT,3:03,183,7AMJe4TwH8E,2024-02-03T02:45:03Z,gh-294
I Cast a Lonesome Shadow,Charley Crockett,Lil G.L.'s Honky Tonk Jubilee,False,INDIFFERENT,3:07,187,ImddTISXBGA,2024-02-03T02:41:56Z,gh-294
Don't Be a Stranger,Blitzen Trapper,VII,False,INDIFFERENT,3:25,205,hEMVCry00mE,2024-02-03T02:38:31Z,gh-294
The Late John Garfield Blues,John Prine,Diamonds in the Rough,False,INDIFFERENT,3:07,187,vXqWdF0L4F4,2024-02-03T02:35:24Z,gh-294
I'm Holding You,Ween,12 Golden Country Greats,,LIKE,4:03,243,YzTbyJaFmIw,2024-02-03T02:31:21Z,gh-294
Hallelu,The Devil Makes Three,I'm a Stranger Here (Deluxe),False,INDIFFERENT,2:36,156,Kd2yr73SEzI,2024-02-03T02:28:45Z,gh-294
Real Low Down Lonesome,"Early James, Sierra Ferrell",Real Low Down Lonesome,False,INDIFFERENT,4:30,270,WDNvttys-m8,2024-02-03T02:24:15Z,gh-294
Smokestacks On The Skyline,John R. Miller,Heat Comes Down,False,INDIFFERENT,3:15,195,uIFP8mwb-fc,2024-02-04T01:30:21Z,gh-293
Insomnia Blues,John R. Miller,Heat Comes Down,True,LIKE,4:01,241,L1pRpcEhT0c,2024-02-04T01:26:20Z,gh-293
Tears Stupid Tears,Nick Shoulders,Lonely Like Me,False,INDIFFERENT,3:26,206,ejlRrtETp68,2024-02-04T01:22:54Z,gh-293
Crumbling Pie,John R. Miller,Heat Comes Down,False,INDIFFERENT,4:15,255,c_B0zpr22oo,2024-02-04T01:18:39Z,gh-293
"Playing in the Band (1) [Live, February, 1978] (1; Live, February, 1978)",Grateful Dead,"Dick's Picks Vol. 18: Dane County Coliseum, Madison, WI 2/3/78 / UNI-Dome, University of Iowa, Cedar Falls, IA 2/5/78 (Live)",False,INDIFFERENT,24:36,1476,cMsADxcbSkA,2024-02-03T23:12:32Z,gh-292
Eyes of the World (Live February 1978),Grateful Dead,"Dick's Picks Vol. 18: Dane County Coliseum, Madison, WI 2/3/78 / UNI-Dome, University of Iowa, Cedar Falls, IA 2/5/78 (Live)",False,INDIFFERENT,14:38,878,_dXf7QuuXik,2024-02-03T22:57:54Z,gh-292
Estimated Prophet (Live February 1978),Grateful Dead,"Dick's Picks Vol. 18: Dane County Coliseum, Madison, WI 2/3/78 / UNI-Dome, University of Iowa, Cedar Falls, IA 2/5/78 (Live)",False,INDIFFERENT,12:17,737,Uauhqfu0raA,2024-02-03T22:45:37Z,gh-292
"The Music Never Stopped (Live February, 1978)",Grateful Dead,"Dick's Picks Vol. 18: Dane County Coliseum, Madison, WI 2/3/78 / UNI-Dome, University of Iowa, Cedar Falls, IA 2/5/78 (Live)",False,INDIFFERENT,8:07,487,yYddDcjRSbk,2024-02-03T22:37:30Z,gh-292
Deal (Live February 1978),Grateful Dead,"Dick's Picks Vol. 18: Dane County Coliseum, Madison, WI 2/3/78 / UNI-Dome, University of Iowa, Cedar Falls, IA 2/5/78 (Live)",False,INDIFFERENT,6:35,395,K9u8ynKtUSs,2024-02-03T22:30:55Z,gh-292
"Passenger (Live, February, 1978)",Grateful Dead,"Dick's Picks Vol. 18: Dane County Coliseum, Madison, WI 2/3/78 / UNI-Dome, University of Iowa, Cedar Falls, IA 2/5/78 (Live)",False,INDIFFERENT,5:41,341,j6Xf8PqRajU,2024-02-03T22:25:14Z,gh-292
Brown-Eyed Women (Live February 1978),Grateful Dead,"Dick's Picks Vol. 18: Dane County Coliseum, Madison, WI 2/3/78 / UNI-Dome, University of Iowa, Cedar Falls, IA 2/5/78 (Live)",False,INDIFFERENT,5:35,335,_EcJ5np8_io,2024-02-03T22:19:39Z,gh-292
"Looks like Rain (Live, February, 1978)",Grateful Dead,"Dick's Picks Vol. 18: Dane County Coliseum, Madison, WI 2/3/78 / UNI-Dome, University of Iowa, Cedar Falls, IA 2/5/78 (Live)",False,INDIFFERENT,8:00,480,5TNHlE8FlSg,2024-02-03T22:11:39Z,gh-292
Dupree's Diamond Blues (Live February 1978),Grateful Dead,"Dick's Picks Vol. 18: Dane County Coliseum, Madison, WI 2/3/78 / UNI-Dome, University of Iowa, Cedar Falls, IA 2/5/78 (Live)",False,INDIFFERENT,4:38,278,9gplAhBLTqM,2024-02-03T22:07:01Z,gh-292
It's All over Now (Live February 1978),Grateful Dead,"Dick's Picks Vol. 18: Dane County Coliseum, Madison, WI 2/3/78 / UNI-Dome, University of Iowa, Cedar Falls, IA 2/5/78 (Live)",False,INDIFFERENT,7:40,460,iaaClQpneGA,2024-02-03T21:59:21Z,gh-292
They Love Each Other (Live February 1978),Grateful Dead,"Dick's Picks Vol. 18: Dane County Coliseum, Madison, WI 2/3/78 / UNI-Dome, University of Iowa, Cedar Falls, IA 2/5/78 (Live)",False,INDIFFERENT,7:43,463,drc-osk63ds,2024-02-03T21:19:39Z,gh-292
"New Minglewood Blues (Live, February, 1978)",Grateful Dead,"Dick's Picks Vol. 18: Dane County Coliseum, Madison, WI 2/3/78 / UNI-Dome, University of Iowa, Cedar Falls, IA 2/5/78 (Live)",False,INDIFFERENT,5:42,342,1xNXtZJNg4o,2024-02-03T21:13:57Z,gh-292
Cold Rain and Snow (Live February 1978),Grateful Dead,"Dick's Picks Vol. 18: Dane County Coliseum, Madison, WI 2/3/78 / UNI-Dome, University of Iowa, Cedar Falls, IA 2/5/78 (Live)",False,INDIFFERENT,6:18,378,bkS0_a3XPQM,2024-02-03T21:07:39Z,gh-292
"Good Lovin' (Live, February, 1978)",Grateful Dead,"Dick's Picks Vol. 18: Dane County Coliseum, Madison, WI 2/3/78 / UNI-Dome, University of Iowa, Cedar Falls, IA 2/5/78 (Live)",False,INDIFFERENT,6:15,375,CBhbdTaXz2I,2024-02-03T21:01:24Z,gh-292
"Bertha (Live, February, 1978)",Grateful Dead,"Dick's Picks Vol. 18: Dane County Coliseum, Madison, WI 2/3/78 / UNI-Dome, University of Iowa, Cedar Falls, IA 2/5/78 (Live)",False,INDIFFERENT,6:43,403,KLZ15OjMtE4,2024-02-03T20:54:41Z,gh-292
Ways & Means,Vandaveer,A Minor Spell,False,INDIFFERENT,5:05,305,E6_QrINbHcs,2024-02-03T03:22:10Z,gh-286
All Together for the Taking,Vandaveer,A Minor Spell,True,LIKE,5:19,319,3mdqL2u6lj8,2024-02-03T03:16:51Z,gh-286
Good Morning,Vandaveer,A Minor Spell,False,INDIFFERENT,4:22,262,qojbDLZTvkY,2024-02-03T03:12:29Z,gh-286
Everything Is Spinning,Vandaveer,A Minor Spell,False,INDIFFERENT,4:30,270,jeWA4HEXXKo,2024-02-03T03:07:59Z,gh-286
The Waking Hour (A Minor Spell),Vandaveer,A Minor Spell,False,INDIFFERENT,4:03,243,j5v7ICQQtLQ,2024-02-03T03:03:56Z,gh-286
Beverly Cleary's 115th Dream,Vandaveer,Divide & Conquer,False,INDIFFERENT,5:18,318,I-If6taACxQ,2024-02-03T01:21:19Z,gh-285
The Sound & The Fury,Vandaveer,Divide & Conquer,False,INDIFFERENT,5:07,307,OpLeRY6NIhA,2024-02-03T01:16:12Z,gh-285
Long Lost Cause,Vandaveer,Divide & Conquer,False,INDIFFERENT,2:49,169,tGvB35TFilY,2024-02-03T01:13:23Z,gh-285
Before The Great War,Vandaveer,Divide & Conquer,False,INDIFFERENT,3:51,231,Tu57cSmbN-A,2024-02-03T01:09:32Z,gh-285
Turpentine,Vandaveer,Divide & Conquer,False,INDIFFERENT,4:32,272,O44BWetxQXI,2024-02-03T01:05:00Z,gh-285
Woolgathering,Vandaveer,Divide & Conquer,False,INDIFFERENT,2:40,160,ey6ae5lWvEU,2024-02-03T01:02:20Z,gh-285
A Mighty Leviathan Of Old,Vandaveer,Divide & Conquer,False,INDIFFERENT,4:44,284,6EkyHMwAFSE,2024-02-03T00:57:36Z,gh-285
Resurrection Mary,Vandaveer,Divide & Conquer,False,INDIFFERENT,4:15,255,mPny4Ye_Dss,2024-02-03T00:53:21Z,gh-285
Fistful Of Swoon,Vandaveer,Divide & Conquer,True,LIKE,4:28,268,-484ZOGPWwU,2024-02-03T00:48:53Z,gh-285
Divide & Conquer,Vandaveer,Divide & Conquer,False,INDIFFERENT,4:38,278,xy5jMDMK_f8,2024-02-03T00:44:15Z,gh-285
In The Pines,Bill Monroe & The Bluegrass Boys,Anthology,False,INDIFFERENT,3:11,191,hDKtZ54D7yQ,2024-02-03T00:41:04Z,gh-285
Roman Candle,Vandaveer,Grace & Speed,False,INDIFFERENT,4:10,250,DqeEG3wTElo,2024-02-03T00:36:54Z,gh-285
Parasites & Ghosts,Vandaveer,Grace & Speed,False,INDIFFERENT,3:22,202,P5DLWv-D138,2024-02-03T00:33:32Z,gh-285
2nd Best,Vandaveer,Grace & Speed,False,INDIFFERENT,3:20,200,rpm0qy20LAA,2024-02-03T00:30:12Z,gh-285
Different Cities,Vandaveer,Grace & Speed,False,INDIFFERENT,3:16,196,UW0uLZyI4Jw,2024-02-03T00:26:56Z,gh-285
Crooked Mast,Vandaveer,Grace & Speed,False,INDIFFERENT,3:17,197,qsqWVCjSaxE,2024-02-03T00:23:39Z,gh-285
Out Past The Moat,Vandaveer,Grace & Speed,False,INDIFFERENT,1:40,100,TgXUGmAzLSI,2024-02-03T00:21:59Z,gh-285
The Streets Is Full Of Creeps,Vandaveer,Grace & Speed,False,INDIFFERENT,3:59,239,hCeEVw-PpF4,2024-02-03T00:18:00Z,gh-285
Grace & Speed,Vandaveer,Grace & Speed,False,INDIFFERENT,3:36,216,cZ9gFRwzSxE,2024-02-03T00:14:24Z,gh-285
"Marianne, You've Done It Now",Vandaveer,Grace & Speed,False,INDIFFERENT,4:58,298,U3GPcMMtIHI,2024-02-03T00:09:26Z,gh-285
However Many Takes It Takes,Vandaveer,Grace & Speed,False,INDIFFERENT,2:32,152,9gFTgrdrZ4M,2024-02-03T00:06:54Z,gh-285
Don't Pass Me By,"Ringo Starr, Vandaveer",Give More Love,True,LIKE,3:38,218,PK97gG0WXsc,2024-02-03T00:03:16Z,gh-285
Spite,Vandaveer,Dig Down Deep,True,LIKE,2:40,160,EQH5IhBfWUk,2024-02-03T00:00:36Z,gh-285
Omie Wise,Vandaveer,"Oh, Willie, Please...",,INDIFFERENT,4:46,286,AjgpPqG7v1E,2024-02-02T23:55:50Z,gh-285
Henry Lee,Vandaveer,"Oh, Willie, Please...",,INDIFFERENT,4:35,275,jca3aKmFkC8,2024-02-02T23:51:15Z,gh-285
Nobody Has To Know Your Mind,John R. Miller,Heat Comes Down,False,INDIFFERENT,4:54,294,ivk6KfR6hAY,2024-02-02T23:46:21Z,gh-285
"Conspiracies, Cults & UFOs",John R. Miller,"Conspiracies, Cults & UFOs",,LIKE,2:53,173,dTc_IQiUXtI,2024-02-02T23:43:28Z,gh-285
Freedom,Billy Strings,"2023/05/12 Morrison, CO",,INDIFFERENT,3:08,188,2SGG48X8jNQ,2024-02-02T23:40:20Z,gh-285
Katy Daly,Billy Strings,"2023/05/12 Morrison, CO",,INDIFFERENT,5:17,317,Jujkyzjc_do,2024-02-02T23:35:03Z,gh-285
Turmoil and Tinfoil,Billy Strings,"2023/05/12 Morrison, CO",,INDIFFERENT,18:34,1114,bZDbEEMUoEk,2024-02-02T21:08:52Z,gh-284
Tipper,Billy Strings,"2023/05/12 Morrison, CO",,INDIFFERENT,3:57,237,pEQvxd0PXLI,2024-02-02T21:04:55Z,gh-284
Cabin Song,Billy Strings,"2023/05/12 Morrison, CO",,INDIFFERENT,3:45,225,lrcd8nMy0mk,2024-02-02T21:01:10Z,gh-284
This Old World,Billy Strings,"2023/05/12 Morrison, CO",,INDIFFERENT,4:07,247,fRvaiuACnxw,2024-02-02T20:57:03Z,gh-284
Elderly Woman Behind The Counter In A Small Town,Billy Strings,"2023/05/12 Morrison, CO",,INDIFFERENT,3:08,188,WEAZqym3kWU,2024-02-02T20:53:55Z,gh-284
Heartbeat Of America,Billy Strings,"2023/05/12 Morrison, CO",,INDIFFERENT,9:33,573,IxrbHOpaAB0,2024-02-02T20:44:22Z,gh-284
Brown's Ferry Blues,Billy Strings,"2023/05/12 Morrison, CO",,INDIFFERENT,4:17,257,H70pr02Ax9k,2024-02-02T20:40:05Z,gh-284
Catch and Release,Billy Strings,"2023/05/12 Morrison, CO",,INDIFFERENT,2:38,158,4wp5N_fZxeI,2024-02-02T20:37:27Z,gh-284
Secrets,Billy Strings,"2023/05/12 Morrison, CO",,INDIFFERENT,4:30,270,ZVETaJeE5W8,2024-02-02T20:32:57Z,gh-284
Show Me The Door,Billy Strings,"2023/05/12 Morrison, CO",,INDIFFERENT,5:52,352,A42tVCBhQxM,2024-02-02T20:27:05Z,gh-284
Meet Me at the Creek,Billy Strings,"2023/05/12 Morrison, CO",,INDIFFERENT,20:10,1210,Rddf3JJAg-4,2024-02-02T20:06:55Z,gh-284
Slow Train,Billy Strings,"2023/05/12 Morrison, CO",,INDIFFERENT,4:20,260,DJy69045Rb0,2024-02-02T20:02:35Z,gh-284
Train Intro,Billy Strings,"2023/05/12 Morrison, CO",,INDIFFERENT,0:57,57,B9OyEpD_sxc,2024-02-02T20:01:38Z,gh-284
Know It All,Billy Strings,"2023/05/12 Morrison, CO",,INDIFFERENT,3:20,200,CBFJ0YG9W_E,2024-02-02T19:58:18Z,gh-284
End Of The Rainbow,Billy Strings,"2023/05/12 Morrison, CO",,INDIFFERENT,8:54,534,k5sbpwPffLY,2024-02-02T19:49:24Z,gh-284
My Alice,Billy Strings,"2023/05/12 Morrison, CO",,INDIFFERENT,4:11,251,MIHONe6Wrx4,2024-02-02T19:45:13Z,gh-284
Dust In A Baggie,Billy Strings,"2023/05/12 Morrison, CO",,INDIFFERENT,3:52,232,v_DR26Yxjbs,2024-02-02T19:41:21Z,gh-284
Four Sticks,Billy Strings,"2023/05/12 Morrison, CO",,INDIFFERENT,5:15,315,ljorXkhDdOo,2024-02-02T19:36:06Z,gh-284
A Letter to Seymour,Billy Strings,"2023/05/12 Morrison, CO",,INDIFFERENT,7:52,472,oU4PURWe-Ms,2024-02-02T19:28:14Z,gh-284
Must Be Seven,Billy Strings,"2023/05/12 Morrison, CO",,INDIFFERENT,3:31,211,cdW8IkyzlMQ,2024-02-02T19:24:43Z,gh-284
Pyramid Country,Billy Strings,"2023/05/12 Morrison, CO",,INDIFFERENT,12:35,755,Q6irpKGJNDA,2024-02-02T19:12:08Z,gh-284
Clay Pigeons,Michael Cera,True That,True,LIKE,3:05,185,C5UdjCGi8sY,2024-02-02T19:09:03Z,gh-284
"I'll Remember You, Love, In My Prayers",Billy Strings,"2023/05/12 Morrison, CO",,INDIFFERENT,3:55,235,jJHIKdu2n7Y,2024-02-02T19:05:08Z,gh-284
Red Daisy,Billy Strings,"2023/05/12 Morrison, CO",,INDIFFERENT,2:34,154,QqTsCngWkTs,2024-02-02T19:02:34Z,gh-284
If Your Hair's Too Long (There's Sin In Your Heart),Billy Strings,"2023/05/12 Morrison, CO",,INDIFFERENT,4:05,245,TyN01LeL8Qc,2024-02-02T18:58:29Z,gh-284
Heron,Jon Hopkins,Piano Versions,False,INDIFFERENT,4:06,246,_c-M8e48ew0,2024-02-02T18:54:23Z,gh-284
Third,Hiatus,Third EP,False,INDIFFERENT,4:47,287,yygOWiW2f44,2024-02-02T18:49:36Z,gh-284
Anthem,Emancipator,Soon It Will Be Cold Enough,,INDIFFERENT,5:40,340,4KPw0EhUWA8,2024-02-02T18:43:56Z,gh-284
Sapphire,Bonobo,The North Borders,,INDIFFERENT,4:48,288,pILWyqldTmc,2024-02-02T18:39:08Z,gh-284
Oracolo,Skinshape,Oracolo,False,INDIFFERENT,4:15,255,rd-4azHfOkM,2024-02-02T18:34:53Z,gh-284
Endless,Portico Quartet,Art in the Age of Automation,False,INDIFFERENT,4:26,266,sc-sc9ewn14,2024-02-02T18:30:27Z,gh-284
Alone in Kyoto,Air,Talkie Walkie,False,INDIFFERENT,4:51,291,I0SVd_Q5wIg,2024-02-02T18:25:36Z,gh-284
All In Forms,Bonobo,Black Sands,False,INDIFFERENT,4:52,292,cV7RIiDyqT0,2024-02-02T18:20:44Z,gh-284
Bridges,Koresma,Bridges,True,LIKE,3:42,222,DGSCbrPS7yY,2024-02-02T18:17:02Z,gh-284
"Over There, It's Raining",Nils Frahm,Spaces,,INDIFFERENT,3:07,187,JZq7NaICfH4,2024-02-02T18:13:55Z,gh-284
Offal Waffle,Little People,"DJ Central, Vol. 17",False,INDIFFERENT,3:17,197,2dC3pmpxsnE,2024-02-02T18:10:38Z,gh-284
Adrift,Tycho,Dive,False,INDIFFERENT,6:02,362,HJcW-K-G0fg,2024-02-02T18:24:39Z,gh-283
Nights Introlude,Nightmares on Wax,Smokers Delight (Digital Deluxe),False,INDIFFERENT,4:41,281,U38iLLjWw0c,2024-02-02T18:19:58Z,gh-283
Stay The Same (feat. Andreya Triana),Bonobo,Black Sands,False,INDIFFERENT,4:45,285,dQWGCUnImWs,2024-02-02T18:15:13Z,gh-283
Soon It Will Be Cold Enough to Build Fires,Emancipator,Soon It Will Be Cold Enough,,INDIFFERENT,3:00,180,XvG7Iukpq78,2024-02-02T18:12:13Z,gh-283
Lost In Thought,Jon Hopkins,Opalescent,False,INDIFFERENT,6:17,377,NT1aFEDdAQU,2024-02-02T18:05:56Z,gh-283
Walk On Boy,"Billy Strings, Don Julin",Fiddle Tune X,,INDIFFERENT,3:41,221,mXIDWr-EAgo,2024-02-02T18:02:15Z,gh-283
20210217 Scarecrow,Mac DeMarco,One Wayne G,,INDIFFERENT,3:25,205,sY2D3oqVx8k,2024-02-02T17:58:50Z,gh-283
Uninvisible,Medeski Martin & Wood,Uninvisible,False,INDIFFERENT,3:38,218,N5kYgB4DDw4,2024-02-02T17:55:12Z,gh-283
Ain't Nobody Gonna Miss Me When I'm Gone,Tony Rice,Tony Rice Plays And Sings Bluegrass,False,INDIFFERENT,2:52,172,tSW6PHdN7dY,2024-02-02T17:52:20Z,gh-283
Native Son,The Devil Makes Three,Chains Are Broken,False,INDIFFERENT,3:11,191,VOYe4UqT2oM,2024-02-02T17:49:09Z,gh-283
Howard Hughes' Blues,Wood & Wire,"The Woodshed Sessions, Vol. 2",,LIKE,3:25,205,d1xHusoNg3s,2024-02-02T17:45:44Z,gh-283
Help Me Scrape the Mucus off My Brain,Ween,12 Golden Country Greats,,INDIFFERENT,2:46,166,vA9B4VU8FlM,2024-02-02T17:42:58Z,gh-283
Our Life's Work,Chuck Darwin and The Knuckledraggers,Three Car Pileup,,LIKE,2:35,155,p2iKO2q8_8g,2024-02-02T17:40:23Z,gh-283
Do Right Woman,Chuck Darwin and The Knuckledraggers,Three Car Pileup,,INDIFFERENT,3:29,209,EO7Q5fB9NoU,2024-02-02T17:36:54Z,gh-283
Levi,Old Crow Medicine Show,Carry Me Back,False,INDIFFERENT,2:51,171,82Ms-xjJYKI,2024-02-02T06:26:48Z,gh-279
In The Pines,Bill Monroe & The Bluegrass Boys,Anthology,False,INDIFFERENT,3:11,191,hDKtZ54D7yQ,2024-02-02T06:23:37Z,gh-279
Fistful Of Swoon,Vandaveer,Divide & Conquer,True,LIKE,4:28,268,-484ZOGPWwU,2024-02-02T06:19:09Z,gh-279
Henry Lee,Vandaveer,"Oh, Willie, Please...",,INDIFFERENT,4:35,275,jca3aKmFkC8,2024-02-02T06:14:34Z,gh-279
Shady Grove,Doc Watson,Good Deal!,False,INDIFFERENT,2:59,179,I0f-dCMSVKQ,2024-02-02T06:11:35Z,gh-279
Poor Edward,Vandaveer,"Oh, Willie, Please...",,INDIFFERENT,3:32,212,xpOE5IMCbrY,2024-02-02T06:08:03Z,gh-279
The Drunkard's Doom,Vandaveer,"Oh, Willie, Please...",,LIKE,4:23,263,u2mUbfYtLLw,2024-02-02T06:03:40Z,gh-279
Down In The Willow Garden,Vandaveer,"Oh, Willie, Please...",,INDIFFERENT,3:35,215,YxZxe2D53MY,2024-02-02T06:00:05Z,gh-279
The Knoxville Girl,Vandaveer,"Oh, Willie, Please...",,INDIFFERENT,5:19,319,G1beP4Jy6os,2024-02-02T05:54:46Z,gh-279
Mary Of The Wild Moor,Vandaveer,"Oh, Willie, Please...",,LIKE,3:29,209,h3c3DWJmg4w,2024-02-02T05:51:17Z,gh-279
The Murder Of The Lawson Family,Vandaveer,"Oh, Willie, Please...",,INDIFFERENT,3:14,194,0gCd3cT7AJE,2024-02-02T05:48:03Z,gh-279
The Railroad Boy,Vandaveer,"Oh, Willie, Please...",,INDIFFERENT,4:13,253,pVLCWMjbefI,2024-02-02T05:43:50Z,gh-279
Omie Wise,Vandaveer,"Oh, Willie, Please...",,INDIFFERENT,4:46,286,AjgpPqG7v1E,2024-02-02T05:39:04Z,gh-279
Pretty Polly,Vandaveer,"Oh, Willie, Please...",,INDIFFERENT,3:49,229,9Sejo_rSr0Y,2024-02-02T05:35:15Z,gh-279
The Banks Of The Ohio,Vandaveer,"Oh, Willie, Please...",,INDIFFERENT,4:04,244,rf8ckGk0Yt4,2024-02-02T05:31:11Z,gh-279
Knoxville Girl,The Virginia Mountain Boys,"The Virginia Mountain Boys, Vol. 2: Bluegrass String Band",False,INDIFFERENT,3:26,206,BmUwV4jppOE,2024-02-02T05:27:45Z,gh-279
Knoxville Girl (The Original Album),The Louvin Brothers,Tragic Songs of Life,,LIKE,3:50,230,CQCHV0CtDNc,2024-02-02T05:23:55Z,gh-279
Walk On Boy,Doc Watson,Southbound,False,INDIFFERENT,3:24,204,I9A8hgWuDnw,2024-02-02T03:22:16Z,gh-278
Country Squire,Tyler Childers,Country Squire,,LIKE,3:22,202,KYIav77fPsA,2024-02-02T03:18:54Z,gh-278
I Hear Them All,Old Crow Medicine Show,Best Of,False,INDIFFERENT,3:07,187,VZBZ-EHA6Q8,2024-02-02T03:15:47Z,gh-278
Strangers (2020 Stereo Remaster),The Kinks,"Lola Versus Powerman and the Moneygoround, Pt. 1",False,INDIFFERENT,3:22,202,p9TD5qn3fm4,2024-02-02T03:12:25Z,gh-278
Welcome to Hard Times,Charley Crockett,Welcome to Hard Times,False,INDIFFERENT,3:06,186,rdIbTjWr_JQ,2024-02-02T03:09:19Z,gh-278
Press On,John R. Miller,Heat Comes Down,True,LIKE,3:38,218,F8G-Spade6A,2024-02-02T03:05:41Z,gh-278
Harpers Ferry Moon,John R. Miller,Heat Comes Down,False,INDIFFERENT,4:03,243,9mYlG4-doGw,2024-02-02T03:01:38Z,gh-278
Something In The Water,Pokey LaFarge,Something In The Water,False,INDIFFERENT,3:24,204,eOJIBXMPcf0,2024-02-02T01:25:40Z,gh-277
I'm A Pilgrim,Golden Gate Jubilee Quartet,Golden Gate Quartet Vol. 3 (1939),,LIKE,3:16,196,rx_36v32Jew,2024-02-02T01:22:24Z,gh-277
Taking A Chance On Love,Benny Goodman,Best Of The Big Bands,False,INDIFFERENT,3:09,189,OS9KT4jpNDw,2024-02-02T01:19:15Z,gh-277
I'm Gonna Sit Right Down and Write Myself a Letter,Fats Waller,"If You Got To Ask, You Ain't Got It!",False,INDIFFERENT,3:30,210,f8SB0-BV4r0,2024-02-02T01:15:45Z,gh-277
"Excuse Me, I Think I've Got a Heartache",CAKE,b-sides and rarities,True,LIKE,2:21,141,p1wSbJxjMFM,2024-02-02T01:13:24Z,gh-277
Two Left Hands,Freddie Slack And His Orchestra,Freddie Slack - Best Of The Capitol Years,False,INDIFFERENT,3:01,181,Y7O8-G8JtTs,2024-02-02T01:10:23Z,gh-277
Rollin' On,The Wood Brothers,Heart is the Hero,False,INDIFFERENT,4:09,249,1W7L-_VZ5sA,2024-02-02T01:06:14Z,gh-277
Calypso King,The Atomic Fireballs,Torch This Place,False,INDIFFERENT,2:45,165,SItcYtG66eM,2024-02-02T01:03:29Z,gh-277
"Honey, Sugar",The California Honeydrops,"Just One More, and Then Some",False,INDIFFERENT,3:38,218,j-SoOJkU0NA,2024-02-02T00:59:51Z,gh-277
California Sober (feat. Willie Nelson),Billy Strings,California Sober,True,LIKE,3:51,231,AmxvLgvc8IE,2024-02-02T00:56:00Z,gh-277
Daniel Saw The Stone (Negro-Spiritual),"The Golden Gate Quartet & Clyde Riddick, Clyde Wright, J. Caleb Ginyard, Orlando Wilson","""Serie All Stars Music"" Nº 039 Exclusive Remastered From Original Vinyl First Edition (Vintage Lps) ""Negro - Spirituals"" ""Gospel""",True,LIKE,2:21,141,UdN9B7UVkYs,2024-02-02T00:53:39Z,gh-277
Western Union,Foghorn Stringband,Outshine the Sun,,INDIFFERENT,2:17,137,NhDMQ4K2IDQ,2024-02-02T00:51:22Z,gh-277
Come All You Virginia Girl,Foghorn Stringband,Outshine the Sun,,INDIFFERENT,3:07,187,jiUtgW0TdD0,2024-02-02T00:48:15Z,gh-277
Sweeter Than the Flowers,Foghorn Stringband,Outshine the Sun,,INDIFFERENT,3:02,182,4wR53QhQnXU,2024-02-02T00:45:13Z,gh-277
Horseshoe Bend,Foghorn Stringband,Outshine the Sun,,INDIFFERENT,2:46,166,1x1-_fBV57A,2024-02-02T00:42:27Z,gh-277
Going Home,Foghorn Stringband,Outshine the Sun,,INDIFFERENT,3:06,186,i4M_GIy6akU,2024-02-02T00:39:21Z,gh-277
Salty River Reel,Foghorn Stringband,Outshine the Sun,,INDIFFERENT,2:23,143,PF4ELW_vzcQ,2024-02-02T00:36:58Z,gh-277
Homestead On the Farm,Foghorn Stringband,Outshine the Sun,,INDIFFERENT,2:26,146,-0udWD0ITmU,2024-02-02T00:34:32Z,gh-277
Humpback Mule,Foghorn Stringband,Outshine the Sun,,INDIFFERENT,2:08,128,IS9n4orYw-E,2024-02-02T00:32:24Z,gh-277
Be Kind to a Man While He's Down,Foghorn Stringband,Outshine the Sun,,INDIFFERENT,2:47,167,OTMXwCu11vs,2024-02-02T00:29:37Z,gh-277
Sow 'Em On The Mountain,Foghorn Stringband,Reap What You Sow,,INDIFFERENT,4:37,277,ut_UqpmZ0j4,2024-02-02T00:25:00Z,gh-277
Cluck Old Hen,Foghorn Stringband,Reap What You Sow,,INDIFFERENT,2:18,138,CmetewA06C0,2024-02-02T00:22:42Z,gh-277
Nobody's Darling,Foghorn Stringband,Reap What You Sow,,INDIFFERENT,3:27,207,IgC05LmkaZY,2024-02-02T00:19:15Z,gh-277
Turkey Tracks,Foghorn Stringband,Reap What You Sow,,INDIFFERENT,2:33,153,vS1GJ3Lv5ho,2024-02-02T00:16:42Z,gh-277
Fall On My Knees,Foghorn Stringband,Reap What You Sow,,LIKE,4:44,284,2sVJfYnm6tA,2024-02-02T00:11:58Z,gh-277
Black Mountaine Rag,Foghorn Stringband,Reap What You Sow,,INDIFFERENT,3:21,201,PLwM8H4eERg,2024-02-02T00:08:37Z,gh-277
Danville Girl,Foghorn Stringband,Reap What You Sow,,LIKE,3:46,226,xRgju94UP2I,2024-02-02T00:04:51Z,gh-277
Dying Hobo,Foghorn Stringband,Reap What You Sow,,INDIFFERENT,3:12,192,LyzDqn84gPs,2024-02-02T00:01:39Z,gh-277
Five Miles of Ellum Wood,Foghorn Stringband,Reap What You Sow,,INDIFFERENT,3:06,186,okkkflLs_6U,2024-02-01T23:58:33Z,gh-277
Lonesone Road Blues,Foghorn Stringband,Reap What You Sow,,INDIFFERENT,3:09,189,V3X1G8go1KE,2024-02-01T23:55:24Z,gh-277
Best Timber,Foghorn Stringband,Reap What You Sow,,INDIFFERENT,2:36,156,j2fl8Hs8pCE,2024-02-01T23:52:48Z,gh-277
Charlie and Nellie,Foghorn Stringband,Reap What You Sow,,INDIFFERENT,3:39,219,1IhBBcl--L8,2024-02-01T23:49:09Z,gh-277
Georgia Railroad,Foghorn Stringband,Reap What You Sow,,INDIFFERENT,3:50,230,orl1CvCLmn4,2024-02-01T23:45:19Z,gh-277
Nobody Has To Know Your Mind,John R. Miller,Heat Comes Down,False,INDIFFERENT,4:54,294,ivk6KfR6hAY,2024-02-01T21:22:18Z,gh-276
Harpers Ferry Moon,John R. Miller,Heat Comes Down,False,INDIFFERENT,4:03,243,9mYlG4-doGw,2024-02-01T21:18:15Z,gh-276
Insomnia Blues,John R. Miller,Heat Comes Down,True,LIKE,4:01,241,L1pRpcEhT0c,2024-02-01T21:14:14Z,gh-276
Howard Hughes' Blues,John Hartford,Morning Bugle,False,INDIFFERENT,2:51,171,u4S0OzdpQfE,2024-02-01T21:11:23Z,gh-276
Hobo's Lullaby,Emmylou Harris,Songbird: Rare Tracks & Forgotten Gems,False,INDIFFERENT,2:43,163,6xYnOihWkN4,2024-02-01T21:08:40Z,gh-276
Sin City (2007 Remaster),Beck & Emmylou Harris,Songbird: Rare Tracks & Forgotten Gems,True,LIKE,4:01,241,KoXEegOREDA,2024-02-01T21:04:39Z,gh-276
Hands on the Wheel,Willie Nelson,Red Headed Stranger,False,INDIFFERENT,4:23,263,0DnTAttXwEI,2024-02-01T21:00:16Z,gh-276
Sin City,The Flying Burrito Brothers,The Gilded Palace Of Sin,,LIKE,4:10,250,UcU04NGMQb8,2024-02-01T20:56:06Z,gh-276
A New Day,"Kaitlyn Aurelia Smith, Suzanne Ciani",FRKWYS Vol. 13 - Sunergy (Expanded),,LIKE,23:09,1389,XJo1FmplJQQ,2024-02-01T20:32:57Z,gh-276
Golden Apples Of The Sun,"Jonathan Fitoussi, Suzanne Ciani",Golden Apples of the Sun,False,INDIFFERENT,4:34,274,qhKVjBRPMi4,2024-02-01T20:28:23Z,gh-276
Closed Circuit,"Kaitlyn Aurelia Smith, Suzanne Ciani",FRKWYS Vol. 13 - Sunergy (Expanded),,INDIFFERENT,12:29,749,ZOtbCTH0NkA,2024-02-01T20:15:54Z,gh-276
A New Day,"Kaitlyn Aurelia Smith, Suzanne Ciani",FRKWYS Vol. 13 - Sunergy (Expanded),,LIKE,23:09,1389,XJo1FmplJQQ,2024-02-01T06:07:46Z,gh-271
Golden Apples Of The Sun,"Jonathan Fitoussi, Suzanne Ciani",Golden Apples of the Sun,False,INDIFFERENT,4:34,274,qhKVjBRPMi4,2024-02-01T06:03:12Z,gh-271
Closed Circuit,"Kaitlyn Aurelia Smith, Suzanne Ciani",FRKWYS Vol. 13 - Sunergy (Expanded),,INDIFFERENT,12:29,749,ZOtbCTH0NkA,2024-02-01T05:50:43Z,gh-271
Down With Disease,Phish,LivePhish 12/01/95,False,INDIFFERENT,7:25,445,xVBfQjIlwhw,2024-02-01T03:18:41Z,gh-270
Louisiana Women (Live in Texas - September 1974),Waylon Jennings,Waylon Live (Expanded Edition),False,INDIFFERENT,3:47,227,AxyZ4ozuEPI,2024-02-01T03:14:54Z,gh-270
You Show Me Yours (And I'll Show You Mine),"Amy Irving, Willie Nelson",Honeysuckle Rose - Music From The Original Soundtrack,False,INDIFFERENT,3:16,196,BkrZH-QVypM,2024-02-01T03:11:38Z,gh-270
"Liberty (Live in Atlanta, March 30, 1994)",Grateful Dead,So Many Roads (1965 - 1995),False,INDIFFERENT,6:00,360,7OuA4UXwCCY,2024-02-01T03:05:38Z,gh-270
"Lazy River Road (Live at the Palace, Auburn Hills, MI 7/31/94)",Grateful Dead,30 Days of Dead 2015,True,LIKE,6:38,398,-FwKfK5Lm6M,2024-02-01T02:59:00Z,gh-270
