title,artists,album,inLibrary,likeStatus,duration,duration_seconds,videoId,played_at,run_id
Brown Paper Bag,DIIV,Frog In Boiling Water,False,INDIFFERENT,4:25,265,Z4ttsP1Zf1k,2025-02-28T01:54:12Z,gh-3594
Favorite Son,Satellite Friend,Favorite Son,False,LIKE,4:23,263,Go0wsC-rRIo,2025-02-28T01:49:49Z,gh-3594
Unbroken Chain,Grateful Dead,From the Mars Hotel,False,LIKE,6:46,406,T5FN06LFfHk,2025-02-27T21:23:38Z,gh-3593
Favorite Son,Satellite Friend,Favorite Son,False,LIKE,4:23,263,Go0wsC-rRIo,2025-02-27T21:19:15Z,gh-3593
The Girl From Ipanema,Stan Getz,Getz/Gilberto,False,INDIFFERENT,5:25,325,N-TKOh0zsvU,2025-02-27T18:35:34Z,gh-3592
"Dear Mr. Fantasy (Live in New Jersey, April 1, 1988)",Grateful Dead,Road Trips Vol. 4 No. 2: April Fools '88 (Live),False,LIKE,4:21,261,F655kSbb9zo,2025-02-27T18:31:13Z,gh-3592
Do Right Woman,Chuck Darwin & the Knuckle Draggers,Three Car Pileup,False,INDIFFERENT,3:29,209,ADSYbRZM38k,2025-02-27T18:27:44Z,gh-3592
Too Long / Steam Machine,Daft Punk,Alive 2007,False,INDIFFERENT,7:02,422,ifJxwoDmQqY,2025-02-27T18:20:42Z,gh-3592
In Tall Buildings,John Hartford,Nobody Knows What You Do,False,INDIFFERENT,3:27,207,z7fhb-Y0jEc,2025-02-27T18:17:15Z,gh-3592
"High Tide, Storm Rising",Skinshape,"High Tide, Storm Rising",False,LIKE,3:57,237,2t1EiWjHFt8,2025-02-27T18:13:18Z,gh-3592
Taurus,Glass Beams,Mirage,False,INDIFFERENT,4:33,273,S6jgzL2Cjbc,2025-02-27T18:08:45Z,gh-3592
No Depression In Heaven,The Carter Family,"No Depression: What It Sounds Like, Vol. 1",False,INDIFFERENT,2:54,174,8H94GKe_h40,2025-02-27T18:05:51Z,gh-3592
Favorite Son,Satellite Friend,Favorite Son,False,LIKE,4:23,263,Go0wsC-rRIo,2025-02-27T18:01:28Z,gh-3592
Take a Good Look,Dan Penn,The Fame Recordings,False,INDIFFERENT,2:37,157,CjBzZ3OMemo,2025-02-27T06:38:43Z,gh-3588
I Need a Lot of Loving,Dan Penn,The Fame Recordings,False,INDIFFERENT,2:25,145,UNWKyOg-Heg,2025-02-27T06:36:18Z,gh-3588
The Thin Line,Dan Penn,The Fame Recordings,False,INDIFFERENT,2:11,131,WFBlhpSDhhw,2025-02-27T06:34:07Z,gh-3588
Unfair,Dan Penn,The Fame Recordings,False,INDIFFERENT,1:49,109,dvja0l2jUFg,2025-02-27T06:32:18Z,gh-3588
Rainbow Road,Dan Penn,The Fame Recordings,False,LIKE,2:48,168,ifoQOS-dHK0,2025-02-27T06:29:30Z,gh-3588
Come on Over,Dan Penn,The Fame Recordings,False,INDIFFERENT,2:24,144,LswDG9u0UhI,2025-02-27T06:27:06Z,gh-3588
Don't Lose Your Good Thing,Dan Penn,The Fame Recordings,False,INDIFFERENT,2:49,169,eqpSJFqwSDA,2025-02-27T06:24:17Z,gh-3588
Come into My Heart,Dan Penn,The Fame Recordings,False,INDIFFERENT,3:12,192,AXI2qkCf49U,2025-02-27T06:21:05Z,gh-3588
Uptight Good Woman,Dan Penn,The Fame Recordings,False,INDIFFERENT,2:28,148,oGn_pwWLHdU,2025-02-27T06:18:37Z,gh-3588
Far from the Maddening Crowd,Dan Penn,The Fame Recordings,False,INDIFFERENT,2:26,146,8il-tu0ix-4,2025-02-27T06:16:11Z,gh-3588
Feed the Flame,Dan Penn,The Fame Recordings,False,INDIFFERENT,2:18,138,8q24ELSDJBA,2025-02-27T06:13:53Z,gh-3588
Keep on Talking,Dan Penn,The Fame Recordings,False,INDIFFERENT,2:37,157,7nbzwZmbykg,2025-02-27T06:11:16Z,gh-3588
Trouble Me,"10,000 Maniacs",Blind Man's Zoo,False,INDIFFERENT,3:14,194,DPcK0sU3jEw,2025-02-27T06:08:02Z,gh-3588
More Than This,10000 Maniacs,Love Among The Ruins,False,INDIFFERENT,4:06,246,hYMTmm5wR3U,2025-02-27T06:03:56Z,gh-3588
These Are Days,"10,000 Maniacs",Our Time in Eden,False,INDIFFERENT,3:40,220,4TFYl4TjDY0,2025-02-27T06:00:16Z,gh-3588
Favorite Son,Satellite Friend,Favorite Son,False,LIKE,4:23,263,Go0wsC-rRIo,2025-02-27T05:55:53Z,gh-3588
It's Gonna Be (Alright),Ween,The Mollusk,False,LIKE,3:18,198,mYAdOvq9tKc,2025-02-27T05:52:35Z,gh-3588
"Piano Concerto No. 4 in A Major, BWV 1055: I. Allegro","David Fray, Johann Sebastian Bach","Bach: Piano Concertos, BWV 1052, 1055, 1056 & 1058",False,INDIFFERENT,4:04,244,K5Y9E11kxYc,2025-02-27T05:48:31Z,gh-3588
"Concerto for 4 Pianos in A Minor, BWV 1065: I. Allegro (feat. Audrey Vigoureux, Emmanuel Christien & Jacques Rouvier)","David Fray, Johann Sebastian Bach","Bach: Concertos for 2, 3 & 4 Pianos",False,LIKE,3:59,239,S0dXQ4DZPWw,2025-02-27T05:44:32Z,gh-3588
Pulaski at Night,Andrew Bird,I Want to See Pulaski at Night,False,INDIFFERENT,4:50,290,unnN2sloh6c,2025-02-27T05:39:42Z,gh-3588
You Left the Water Running,Dan Penn,The Fame Recordings,False,LIKE,2:20,140,43wJ0o2iFNA,2025-02-27T03:36:55Z,gh-3587
You Don't Miss Your Water (Mono) [2008 Remaster] (Mono; 2008 Remaster),Otis Redding,Otis Blue: Otis Redding Sings Soul (Collector's Edition),False,INDIFFERENT,3:07,187,GhP5i9d2luE,2025-02-27T03:33:48Z,gh-3587
You Left the Water Running,Otis Redding,Southern Soul #1: True Love Travels On A Gravel Road,False,LIKE,2:44,164,JRcdihWAqV4,2025-02-27T03:31:04Z,gh-3587
Scarlet Begonias (Alternate Mix),Grateful Dead,From the Mars Hotel: The Angel's Share,False,INDIFFERENT,4:28,268,W5Is5vYRPoM,2025-02-27T03:26:36Z,gh-3587
Evolve,Phish,Evolve,False,LIKE,4:13,253,Qbx7oNFmv-s,2025-02-27T03:22:23Z,gh-3587
Kamouraska,Loscil,Umbel,False,INDIFFERENT,6:35,395,mGvuBRAFKC8,2025-02-27T01:52:06Z,gh-3586
Favorite Son,Satellite Friend,Favorite Son,False,LIKE,4:23,263,Go0wsC-rRIo,2025-02-27T01:47:43Z,gh-3586
Starry Nights (feat. Neal Francis),Adrian Quesada,Jaguar Sound,False,LIKE,3:26,206,5uKc4C9T5ZQ,2025-02-26T01:54:46Z,gh-3578
Mahal,Glass Beams,Mahal,False,INDIFFERENT,3:22,202,Byzhrg7oW58,2025-02-26T01:51:24Z,gh-3578
Kalkutta,okuma,Urmel / Kalkutta,False,LIKE,8:31,511,RPM-NbDuHlM,2025-02-26T01:42:53Z,gh-3578
Kylie,Kerala Dust,Motions,False,LIKE,6:19,379,buLxWTViDq0,2025-02-26T01:36:34Z,gh-3578
"Brown Eyed Women (Live at Olympia Theatre, Paris, France 5/4/1972)",Grateful Dead,"Europe '72 Vol. 12: L'Olympia, Paris, France 5/4/72 (Live)",False,INDIFFERENT,5:25,325,ykt8K9J7uE0,2025-02-25T21:24:46Z,gh-3577
Run for the Roses,Jerry Garcia,Run for the Roses,False,INDIFFERENT,3:42,222,FMEtwoSzGW0,2025-02-25T21:21:04Z,gh-3577
Bouncing Around the Room,Phish,Lawn Boy,False,INDIFFERENT,3:56,236,VHQfg59Kp5Q,2025-02-25T21:17:08Z,gh-3577
"Mercenary Territory (Live at the Rainbow Theatre, London, UK, 8/2/1977)",Little Feat,Waiting for Columbus (Live Version; Deluxe Edition),False,INDIFFERENT,4:37,277,c9_GR8F75Ag,2025-02-25T21:12:31Z,gh-3577
Alabama Getaway,Grateful Dead,Go to Heaven,False,INDIFFERENT,3:37,217,rECwn6VcbnI,2025-02-25T21:08:54Z,gh-3577
My Sisters and Brothers (Live) (feat. Jerry Garcia Band),Jerry Garcia Band,Jerry Garcia Band,False,INDIFFERENT,4:18,258,asMZcBKCLhs,2025-02-25T21:04:36Z,gh-3577
Midnight Rider (Live),The Allman Brothers Band,Macon City Auditorium 2/11/72,False,INDIFFERENT,3:15,195,wHM2amMPDdc,2025-02-25T21:01:21Z,gh-3577
After Midnight,Merl Saunders & Friends,Fire Up +,False,INDIFFERENT,5:02,302,tQxtQmntiMw,2025-02-25T18:35:59Z,gh-3576
Till the Morning Comes,Grateful Dead,American Beauty,False,INDIFFERENT,3:09,189,2wUUc5oj_5M,2025-02-25T18:32:50Z,gh-3576
Cats Under The Stars (40th Anniversary Edition) (feat. Jerry Garcia Band),Jerry Garcia Band,Cats Under The Stars (40th Anniversary Edition),False,INDIFFERENT,5:29,329,BtThw9EKZ94,2025-02-25T18:27:21Z,gh-3576
"Statesboro Blues (Live At Fillmore East, March 13, 1971)",The Allman Brothers Band,At Fillmore East,False,INDIFFERENT,4:20,260,UovEQyL-csA,2025-02-25T18:23:01Z,gh-3576
Chalk Dust Torture,Phish,A Picture of Nectar,False,INDIFFERENT,4:35,275,pLCIIXIPr60,2025-02-25T18:18:26Z,gh-3576
Fire on the Mountain,Grateful Dead,Shakedown Street,False,INDIFFERENT,3:50,230,iOF2psD2uTk,2025-02-25T18:14:36Z,gh-3576
The Wheel,Jerry Garcia,Garcia,False,INDIFFERENT,4:04,244,cig82_aGmTg,2025-02-25T18:10:32Z,gh-3576
Ain't Wastin' Time No More,The Allman Brothers Band,Eat A Peach,False,INDIFFERENT,3:42,222,NVPGu1nn-SY,2025-02-25T18:06:50Z,gh-3576
Willin' (2023 Remaster),Little Feat,Sailin' Shoes (Deluxe Edition),False,INDIFFERENT,2:57,177,BDYm1nYe0y8,2025-02-25T18:03:53Z,gh-3576
Sugar Magnolia,Grateful Dead,American Beauty,False,INDIFFERENT,3:20,200,XKx3W-1XVM4,2025-02-25T18:00:33Z,gh-3576
Dreadful Wind And Rain,"David Grisman, Jerry Garcia",Shady Grove,False,INDIFFERENT,4:48,288,SybfYzby9UI,2025-02-25T17:55:45Z,gh-3576
Sweet Revenge,John Prine,Sweet Revenge,False,INDIFFERENT,2:42,162,F82syKGh2Ds,2025-02-25T17:53:03Z,gh-3576
"Fat Man in the Bathtub (Live at Lisner Auditorium, Washington, DC, 8/10/1977)",Little Feat,Waiting for Columbus (Live Version; Deluxe Edition),False,INDIFFERENT,4:54,294,BS1k205YA1s,2025-02-25T17:48:09Z,gh-3576
Shakedown Street,Grateful Dead,Shakedown Street,False,INDIFFERENT,5:01,301,I7hpKHPvRVQ,2025-02-25T17:43:08Z,gh-3576
Motorway,The Kinks,Everybody's in Show-Biz (Super Deluxe),False,INDIFFERENT,3:32,212,22V3NE35WpI,2025-02-25T17:39:36Z,gh-3576
"That's All Right, Mama (Live)","Bill Vitt, Jerry Garcia, John Kahn","Live At Keystone, Volume 2",False,INDIFFERENT,4:19,259,0Dnp04Ayunk,2025-02-25T17:35:17Z,gh-3576
Deal (Live) [2008 Remaster] (Live; 2008 Remaster),Grateful Dead,Dead Set (Live),False,INDIFFERENT,4:46,286,FFJscjNvUB4,2025-02-25T17:30:31Z,gh-3576
Ship of Fools,Grateful Dead,From the Mars Hotel,False,INDIFFERENT,5:29,329,CQP1NsbeYVg,2025-02-25T17:25:02Z,gh-3576
Money Money,Grateful Dead,From the Mars Hotel,False,INDIFFERENT,4:25,265,b-uhJyEdoOA,2025-02-25T17:20:37Z,gh-3576
Pride of Cucamonga,Grateful Dead,From the Mars Hotel,False,INDIFFERENT,4:18,258,Si_T0tUzLNU,2025-02-25T17:16:19Z,gh-3576
Scarlet Begonias,Grateful Dead,From the Mars Hotel,False,INDIFFERENT,4:20,260,xt4XAz2WZ3Y,2025-02-25T17:11:59Z,gh-3576
Loose Lucy,Grateful Dead,From the Mars Hotel,False,INDIFFERENT,3:26,206,hptwzSGZP34,2025-02-25T17:08:33Z,gh-3576
Unbroken Chain,Grateful Dead,From the Mars Hotel,False,LIKE,6:46,406,T5FN06LFfHk,2025-02-25T17:01:47Z,gh-3576
China Doll,Grateful Dead,From the Mars Hotel,False,INDIFFERENT,4:12,252,ESDvffE20Oc,2025-02-25T16:57:35Z,gh-3576
U.S. Blues,Grateful Dead,From the Mars Hotel,False,INDIFFERENT,4:41,281,-IBk5xk5Pec,2025-02-25T16:52:54Z,gh-3576
Peggy-O (Studio Outtake),Grateful Dead,Complete Studio Rarities Collection,False,INDIFFERENT,5:59,359,jb2M-1vFBz8,2025-02-25T06:34:58Z,gh-3572
The Man in Me,Bob Dylan,New Morning,False,INDIFFERENT,3:07,187,-y37njM09uc,2025-02-25T03:34:01Z,gh-3571
Spanish Pipedream,John Prine,John Prine,False,LIKE,2:42,162,ZkfqWEXdx-I,2025-02-25T03:31:19Z,gh-3571
The Harder They Come (Live),"Bill Vitt, Jerry Garcia, John Kahn, Merl Saunders","Live At Keystone, Volume 1",False,INDIFFERENT,6:22,382,Ckns613oo48,2025-02-25T03:24:57Z,gh-3571
Dupree's Diamond Blues,Grateful Dead,Aoxomoxoa,False,INDIFFERENT,3:35,215,YK3f4SwNCTk,2025-02-25T03:21:22Z,gh-3571
Stack-A-Lee,Dr. John,Dr. John's Gumbo,False,INDIFFERENT,3:30,210,fdKY7OAcvWw,2025-02-25T03:17:52Z,gh-3571
Loose Lucy,Grateful Dead,From the Mars Hotel,False,INDIFFERENT,3:26,206,hptwzSGZP34,2025-02-25T03:14:26Z,gh-3571
China Doll,Grateful Dead,From the Mars Hotel,False,INDIFFERENT,4:12,252,ESDvffE20Oc,2025-02-25T03:10:14Z,gh-3571
Unbroken Chain,Grateful Dead,From the Mars Hotel,False,LIKE,6:46,406,T5FN06LFfHk,2025-02-25T03:03:28Z,gh-3571
Pride of Cucamonga,Grateful Dead,From the Mars Hotel,False,INDIFFERENT,4:18,258,Si_T0tUzLNU,2025-02-25T02:59:10Z,gh-3571
It's Still Rock and Roll to Me,Billy Joel,Glass Houses,False,INDIFFERENT,2:57,177,lvlPoBduEe4,2025-02-23T06:35:12Z,gh-3556
Truckin',Grateful Dead,Skeletons from the Closet: The Best of the Grateful Dead,False,INDIFFERENT,5:07,307,i3AnvKoEA5M,2025-02-23T06:30:05Z,gh-3556
Time of the Season (Mono Version),The Zombies,Odessey and Oracle,False,INDIFFERENT,3:35,215,U8Ie9J2Eo5Q,2025-02-23T06:26:30Z,gh-3556
Piss up a Rope,Ween,12 Golden Country Greats,False,INDIFFERENT,3:34,214,CLPQznD11xU,2025-02-23T06:22:56Z,gh-3556
If I Had A Gun,The Dead Milkmen,Soul Rotation,False,INDIFFERENT,2:29,149,hJ32qvBJzhI,2025-02-23T06:20:27Z,gh-3556
Bitchin' Camaro,The Dead Milkmen,Big Lizard In My Backyard,False,INDIFFERENT,3:02,182,ZeY2nut3Gj8,2025-02-23T06:17:25Z,gh-3556
Final (Live Version - Rappel),Justice,A Cross The Universe,False,INDIFFERENT,2:56,176,wqxTUxphn8o,2025-02-23T06:14:29Z,gh-3556
Encore (Live Version - Rappel),Justice,A Cross The Universe,False,INDIFFERENT,1:08,68,avHgyRqbK9U,2025-02-23T06:13:21Z,gh-3556
Phantom Part 2 (Live Version),Justice,A Cross The Universe,False,INDIFFERENT,9:55,595,-bDgtxQvHC0,2025-02-23T06:03:26Z,gh-3556
Waters Of Nazareth (Live Version),Justice,A Cross The Universe,False,INDIFFERENT,6:47,407,GeleTOdrP6c,2025-02-23T05:56:39Z,gh-3556
We Are Your Friends (Reprise) (Live Version),Justice,A Cross The Universe,False,INDIFFERENT,3:43,223,RwawV855lQA,2025-02-23T05:52:56Z,gh-3556
Stress (Live Version),Justice,A Cross The Universe,False,INDIFFERENT,7:39,459,K-R3jt6wmtw,2025-02-23T05:45:17Z,gh-3556
Let There Be Lite (Live Version),Justice,A Cross The Universe,False,INDIFFERENT,3:26,206,96nFF5MqpRQ,2025-02-23T05:41:51Z,gh-3556
TTHHEE PPAARRTTYY (Live Version),Justice,A Cross The Universe,False,INDIFFERENT,2:47,167,gOCVNO2OeVI,2025-02-23T05:39:04Z,gh-3556
One Minute To Midnight (Live Version),Justice,A Cross The Universe,False,INDIFFERENT,3:53,233,Y5oNC5k7dw0,2025-02-23T05:35:11Z,gh-3556
Waters Of Nazareth (Prelude) (Live Version),Justice,A Cross The Universe,False,INDIFFERENT,2:15,135,KjNCI2uiCYw,2025-02-23T05:32:56Z,gh-3556
DVNO (Live Version),Justice,A Cross The Universe,False,INDIFFERENT,2:58,178,LbJnnfusdTI,2025-02-23T05:29:58Z,gh-3556
D.A.N.C.E Part 2 (Live Version),Justice,A Cross The Universe,False,INDIFFERENT,2:40,160,b3CB_uwC6ig,2025-02-23T05:27:18Z,gh-3556
D.A.N.C.E (Live Version),Justice,A Cross The Universe,False,INDIFFERENT,2:45,165,zvHkOJjoSTE,2025-02-23T05:24:33Z,gh-3556
Phantom Part 1.5 (Live Version),Justice,A Cross The Universe,False,INDIFFERENT,4:46,286,v3ReIIRWh44,2025-02-23T05:19:47Z,gh-3556
Phantom Part 1 (Live Version),Justice,A Cross The Universe,False,INDIFFERENT,2:51,171,uhTbpdhVL04,2025-02-23T05:16:56Z,gh-3556
Genesis (Live Version),Justice,A Cross The Universe,False,INDIFFERENT,7:20,440,wLayne_FyXg,2025-02-23T05:09:36Z,gh-3556
Turn Up the Silence,Shpongle,Nothing Lasts...But Nothing Is Lost,False,INDIFFERENT,3:22,202,_PKO734m9xw,2025-02-23T05:06:14Z,gh-3556
Molecular Superstructure,Shpongle,Nothing Lasts...But Nothing Is Lost,False,INDIFFERENT,4:47,287,AJpRuKRlX90,2025-02-23T05:01:27Z,gh-3556
I'll Fly Away,"Alison Krauss, Gillian Welch","O Brother, Where Art Thou? (Original Motion Picture Soundtrack)",False,LIKE,3:58,238,lFamN-oXRMQ,2025-02-23T04:57:29Z,gh-3556
I Hear Them All,Old Crow Medicine Show,Big Iron World,False,INDIFFERENT,3:04,184,l2VonU4siBE,2025-02-23T04:54:25Z,gh-3556
Steam Powered Aereo Plane,John Hartford,Aereo-Plain,False,INDIFFERENT,3:44,224,JtTmx30HNrk,2025-02-23T04:50:41Z,gh-3556
Whiskey In The Jar,"David Grisman, Jerry Garcia",Shady Grove,False,INDIFFERENT,4:16,256,Y2nkQQkjCU8,2025-02-23T04:46:25Z,gh-3556
Sweet Appalachia,Del McCoury Band,Family Circle,False,INDIFFERENT,3:41,221,GJr_fjr5vA4,2025-02-23T04:42:44Z,gh-3556
Molly And Tenbrooks,"Bobby Hicks, Doyle Lawson, J.D. Crowe, Jerry Douglas",The Bluegrass Album,False,LIKE,3:08,188,bxnPmtOJJU0,2025-02-23T04:39:36Z,gh-3556
I Ain't Broke But I'm Badly Bent,Old & In The Way,That High Lonesome Sound,False,INDIFFERENT,2:52,172,PjEBpLwarsM,2025-02-23T04:36:44Z,gh-3556
Pineywoods,Noam Pikelny,Beat the Devil and Carry a Rail,False,INDIFFERENT,2:16,136,Fcfw59_8E5s,2025-02-23T04:34:28Z,gh-3556
Bob McKinney (feat. Tim O'Brien),Noam Pikelny,Beat the Devil and Carry a Rail,False,INDIFFERENT,3:26,206,IrxHLn9dCHg,2025-02-23T04:31:02Z,gh-3556
Milford's Reel,Noam Pikelny,Beat the Devil and Carry a Rail,False,INDIFFERENT,3:44,224,gBLmQqcbu0k,2025-02-23T04:27:18Z,gh-3556
Day Down,Noam Pikelny,Beat the Devil and Carry a Rail,False,INDIFFERENT,2:19,139,JFlD9_MHoCY,2025-02-23T04:24:59Z,gh-3556
Bear Dog Grit (feat. Bryan Sutton & Chris Thile),Noam Pikelny,Beat the Devil and Carry a Rail,False,INDIFFERENT,3:56,236,iYcuK1h8cBc,2025-02-23T04:21:03Z,gh-3556
Boathouse on the Lullwater (feat. Jerry Douglas),Noam Pikelny,Beat the Devil and Carry a Rail,False,INDIFFERENT,4:47,287,tee3HJpsE3Q,2025-02-23T04:16:16Z,gh-3556
Cluck Old Hen (feat. Steve Martin),Noam Pikelny,Beat the Devil and Carry a Rail,False,INDIFFERENT,3:11,191,s1BiheI6WIA,2025-02-23T04:13:05Z,gh-3556
Fish and Bird (feat. Aoife O'Donovan),Noam Pikelny,Beat the Devil and Carry a Rail,False,INDIFFERENT,5:13,313,7cQRqq_FOnQ,2025-02-23T04:07:52Z,gh-3556
My Mother Thinks I'm a Lawyer,Noam Pikelny,Beat the Devil and Carry a Rail,False,LIKE,4:22,262,6scYUseAFwc,2025-02-23T04:03:30Z,gh-3556
Jim Thompson's Horse,Noam Pikelny,Beat the Devil and Carry a Rail,False,INDIFFERENT,4:02,242,_SNVo6wTHlM,2025-02-23T03:59:28Z,gh-3556
Shakey Shaker,Hallucinogen,The Lone Deranger,False,INDIFFERENT,6:23,383,k5Lv5tjyxzU,2025-02-23T03:53:05Z,gh-3556
Toca's Miracle (Radio Edit),Fragma,Toca (20th Anniversary Edition),False,INDIFFERENT,3:21,201,Tc4Y_CACf9c,2025-02-23T03:49:44Z,gh-3556
Never Look Back (Edit),Boris Brejcha,Never Look Back (Edit),False,INDIFFERENT,3:26,206,wybIjwtCcX0,2025-02-23T03:46:18Z,gh-3556
Yes! (Radio Edit),Steve Levi,Yes!,False,INDIFFERENT,3:51,231,wfnT3N5d60Y,2025-02-23T03:42:27Z,gh-3556
Dreamers of Black Hills (Blue Mix),Koan,The Way of One,False,INDIFFERENT,8:01,481,ZgOTdm9rBh4,2025-02-23T03:34:26Z,gh-3556
"Falling Awake (Remastered, 2019)",Shpongle,"Nothing Lasts...but Nothing Is Lost (Remastered, 2019)",False,INDIFFERENT,1:50,110,HZhkuLizI5o,2025-02-23T03:32:36Z,gh-3556
"The Nebbish Route (Remastered, 2019)",Shpongle,"Nothing Lasts...but Nothing Is Lost (Remastered, 2019)",False,INDIFFERENT,3:37,217,9YiUSC5Z9p0,2025-02-23T03:28:59Z,gh-3556
"Connoisseur of Hallucinations (Remastered, 2019)",Shpongle,"Nothing Lasts...but Nothing Is Lost (Remastered, 2019)",False,INDIFFERENT,3:32,212,MzotXrTsfmM,2025-02-23T03:25:27Z,gh-3556
"Exhalation (Remastered, 2019)",Shpongle,"Nothing Lasts...but Nothing Is Lost (Remastered, 2019)",False,INDIFFERENT,2:16,136,2qyB0n4weQU,2025-02-23T03:23:11Z,gh-3556
"Molecular Superstructure (Remastered, 2019)",Shpongle,"Nothing Lasts...but Nothing Is Lost (Remastered, 2019)",False,INDIFFERENT,4:48,288,co55sXN2pZQ,2025-02-23T03:18:23Z,gh-3556
"Invocation (Remastered, 2019)",Shpongle,"Nothing Lasts...but Nothing Is Lost (Remastered, 2019)",False,INDIFFERENT,2:40,160,bkKePUO34e0,2025-02-23T03:15:43Z,gh-3556
"Mentalism (Remastered, 2019)",Shpongle,"Nothing Lasts...but Nothing Is Lost (Remastered, 2019)",False,INDIFFERENT,2:55,175,n0HMFmv5JFI,2025-02-23T03:12:48Z,gh-3556
"Linguistic Mystic (Remastered, 2019)",Shpongle,"Nothing Lasts...but Nothing Is Lost (Remastered, 2019)",False,INDIFFERENT,1:36,96,hPap-XnmXSQ,2025-02-23T03:11:12Z,gh-3556
"Circuits of the Imagination (Remastered, 2019)",Shpongle,"Nothing Lasts...but Nothing Is Lost (Remastered, 2019)",False,INDIFFERENT,3:13,193,Yc_diPpoyCc,2025-02-23T03:07:59Z,gh-3556
"The Stamen of the Shamen (Remastered, 2019)",Shpongle,"Nothing Lasts...but Nothing Is Lost (Remastered, 2019)",False,INDIFFERENT,4:11,251,4Xsa5f_EHiM,2025-02-23T03:03:48Z,gh-3556
"When Shall I be Free? (Remastered, 2019)",Shpongle,"Nothing Lasts...but Nothing Is Lost (Remastered, 2019)",False,INDIFFERENT,4:38,278,eyiraxmXJOw,2025-02-23T02:59:10Z,gh-3556
"Shnitzled in the Negev (Remastered, 2019)",Shpongle,"Nothing Lasts...but Nothing Is Lost (Remastered, 2019)",False,INDIFFERENT,4:18,258,Jh_Zpg1bveE,2025-02-23T02:54:52Z,gh-3556
"Nothing Lasts... (Remastered, 2019)",Shpongle,"Nothing Lasts...but Nothing Is Lost (Remastered, 2019)",False,INDIFFERENT,4:29,269,QFdxyi6O528,2025-02-23T02:50:23Z,gh-3556
"Schmaltz Herring (Remastered, 2019)",Shpongle,"Nothing Lasts...but Nothing Is Lost (Remastered, 2019)",False,INDIFFERENT,2:21,141,e65V3byiJa0,2025-02-23T02:48:02Z,gh-3556
"Periscopes of Consciousness (Remastered, 2019)",Shpongle,"Nothing Lasts...but Nothing Is Lost (Remastered, 2019)",False,INDIFFERENT,1:54,114,J4-ft9TGcLA,2025-02-23T02:46:08Z,gh-3556
"Outer Shpongolia (Remastered, 2019)",Shpongle,"Nothing Lasts...but Nothing Is Lost (Remastered, 2019)",False,INDIFFERENT,2:33,153,imJdPOsWe2M,2025-02-23T02:43:35Z,gh-3556
"Botanical Dimensions (Remastered, 2019)",Shpongle,"Nothing Lasts...but Nothing Is Lost (Remastered, 2019)",False,INDIFFERENT,4:38,278,9Y5vx7VaPP4,2025-02-22T16:38:53Z,gh-3556
"...But Nothing Is Lost (Remastered, 2019)",Shpongle,"Nothing Lasts...but Nothing Is Lost (Remastered, 2019)",False,INDIFFERENT,4:39,279,B00_0aJxSu4,2025-02-22T16:34:14Z,gh-3556
Minca,Yeahman,Confluencias I: Selva,False,INDIFFERENT,4:07,247,kaWsrs0Jn3o,2025-02-22T06:30:04Z,gh-3556
Tankwa Town,Oliver Koletzki,The Arc of Tension,False,LIKE,7:34,454,2oG0Bu5AYyc,2025-02-22T06:22:30Z,gh-3556
Society,Wanduta,Melissa,False,INDIFFERENT,6:03,363,eoTmVXX80WM,2025-02-22T06:16:27Z,gh-3556
Fool,iorie,Fool,False,INDIFFERENT,7:49,469,pMKEaqy3BDQ,2025-02-22T06:08:38Z,gh-3556
Gato Negro (Daniel Hokum & okuma Remix),Klik & Frik,Gato Negro (Daniel Hokum & Okuma Remix),False,INDIFFERENT,6:36,396,rj38Kn1dzQk,2025-02-22T06:02:02Z,gh-3556
Triptych Vision (MoM & Anut Remix),Hrag Mikkel,Mirroring Responses,False,INDIFFERENT,8:09,489,UQxjnSHAISY,2025-02-22T05:53:53Z,gh-3556
Nicola Cruz Boiler Room Tulum x Comunite Live Set,"13M views, Boiler Room",,False,LIKE,50:34,3034,BcJCNLgEsHs,2025-02-22T05:03:19Z,gh-3556
Drinkin' Whiskey Tonight,Pokey LaFarge,Middle of Everywhere,False,LIKE,2:53,173,GWqjF81M5h4,2025-02-21T03:32:14Z,gh-3537
Weedwacker Rag,Pokey LaFarge,Middle of Everywhere,False,LIKE,2:28,148,2BBCzTlZc0w,2025-02-21T03:29:46Z,gh-3537
Coffee Pot Blues,Pokey LaFarge,Middle of Everywhere,False,INDIFFERENT,4:02,242,VCUoZR7xVXE,2025-02-21T01:52:34Z,gh-3536
Good Country Girls,Pokey LaFarge,Middle of Everywhere,False,INDIFFERENT,3:13,193,Td0X2vdJ6sc,2025-02-21T01:49:21Z,gh-3536
Drinkin' Whiskey Tonight,Pokey LaFarge,Middle of Everywhere,False,LIKE,2:53,173,GWqjF81M5h4,2025-02-21T01:46:28Z,gh-3536
Feels So Good,Pokey LaFarge,Middle of Everywhere,False,INDIFFERENT,2:56,176,92VVSFzssdc,2025-02-21T01:43:32Z,gh-3536
Shenandoah River,Pokey LaFarge,Middle of Everywhere,False,INDIFFERENT,2:41,161,tbQuS-8xh0A,2025-02-21T01:40:51Z,gh-3536
Sunny Side of the Street,Pokey LaFarge,Middle of Everywhere,False,INDIFFERENT,2:50,170,5yAfy230Wmc,2025-02-21T01:38:01Z,gh-3536
Head to Toe,Pokey LaFarge,Middle of Everywhere,False,INDIFFERENT,2:33,153,-wgN0BQsWqc,2025-02-21T01:35:28Z,gh-3536
Ain't The Same,Pokey LaFarge,Middle of Everywhere,False,INDIFFERENT,3:19,199,DR8Nw7B4Gto,2025-02-21T01:32:09Z,gh-3536
"So Long Honeybee, Goodbye",Pokey LaFarge,Middle of Everywhere,False,INDIFFERENT,3:07,187,_WbXnLx3YSM,2025-02-21T01:29:02Z,gh-3536
Beneath the Piano,The Devil Makes Three,The Devil Makes Three,False,INDIFFERENT,2:34,154,JpcRy_iiMsc,2025-02-21T01:26:28Z,gh-3536
Transitions,Ween,Shinola (Vol. 1),False,INDIFFERENT,3:46,226,Nvwbrgz6K7U,2025-02-21T01:22:42Z,gh-3536
Lola (2020 Stereo Remaster),The Kinks,"Lola Versus Powerman and the Moneygoround, Pt. 1",False,INDIFFERENT,4:02,242,SJPCeUAV23I,2025-02-21T01:18:40Z,gh-3536
Fat Man in the Bathtub (2023 Remaster),Little Feat,Dixie Chicken (Deluxe Edition),False,LIKE,4:33,273,f3DPIzTjU_8,2025-02-21T01:14:07Z,gh-3536
Stay Forever (Live),Ween,All Request Live,False,INDIFFERENT,3:36,216,DDadE12rlug,2025-02-21T01:10:31Z,gh-3536
Falling Out,Ween,White Pepper,False,LIKE,2:29,149,8o19PCXwm6c,2025-02-21T01:08:02Z,gh-3536
Bananas and Blow,Ween,White Pepper,False,INDIFFERENT,3:35,215,IWrYNcv7fPk,2025-02-21T01:04:27Z,gh-3536
Stay Forever,Ween,White Pepper,False,INDIFFERENT,3:33,213,POvewep_wPQ,2025-02-21T01:00:54Z,gh-3536
I Hope You Have Learned,The Tony Rice Unit,Manzanita,False,LIKE,2:35,155,3nMjcmJ8jb8,2025-02-20T06:37:46Z,gh-3530
Grandpa Was a Carpenter,John Prine,Souvenirs,False,INDIFFERENT,2:53,173,7USuYEnJ214,2025-02-20T06:34:53Z,gh-3530
No Expectations,John Hartford,Gum Tree Canoe,False,INDIFFERENT,4:02,242,TYdmRDw2wrY,2025-02-20T06:30:51Z,gh-3530
Whayasay,Sam Bush,Glamour And Grits,False,INDIFFERENT,6:09,369,EAoav9ZYx2c,2025-02-20T06:24:42Z,gh-3530
Orphan Annie,Tony Rice,Church Street Blues,False,INDIFFERENT,2:51,171,ZmXq6rc9Z-U,2025-02-20T06:21:51Z,gh-3530
Will You Be Loving Another Man?,Bill Monroe & his Blue Grass Boys,The Essential Bill Monroe (1945-1949),False,INDIFFERENT,2:52,172,qFSOqiUxdtk,2025-02-20T06:18:59Z,gh-3530
Corn Cob Blues,John Hartford,Looks at Life,False,INDIFFERENT,2:34,154,ASwjpIzbtHo,2025-02-20T06:16:25Z,gh-3530
Two Hits And The Joint Turned Brown,Dillard/Hartford/Dillard,Glitter Grass From The Nashwood Hollyville Strings / Permanent Wave,False,INDIFFERENT,3:16,196,x4WaTnYp5n0,2025-02-20T06:13:09Z,gh-3530
Last Thing On My Mind,Tony Rice,Church Street Blues,False,INDIFFERENT,3:19,199,W-PQ766cTYA,2025-02-20T06:09:50Z,gh-3530
"Roll On Buddy, Roll On",Sam Bush,Circles Around Me,False,INDIFFERENT,2:42,162,wY99rbfVqQA,2025-02-20T06:07:08Z,gh-3530
Let Him Go on Mama,John Hartford,Mark Twang,False,LIKE,3:50,230,GyUxFhVsW2A,2025-02-20T06:03:18Z,gh-3530
A Deeper Shade Of Blue,Del McCoury,A Deeper Shade Of Blue,False,INDIFFERENT,2:33,153,R_GXZq4ENOI,2025-02-20T06:00:45Z,gh-3530
Little Sadie,The Tony Rice Unit,Manzanita,False,INDIFFERENT,2:47,167,52m1GVC_H6k,2025-02-20T05:57:58Z,gh-3530
You Are My Sunshine,Norman Blake,"O Brother, Where Art Thou? (Original Motion Picture Soundtrack)",False,INDIFFERENT,4:28,268,At4Kccy9Zog,2025-02-20T05:53:30Z,gh-3530
Little Piece of My Heart,John Hartford,Gum Tree Canoe,False,INDIFFERENT,3:11,191,9Kwd67cZhko,2025-02-20T05:50:19Z,gh-3530
Same Kind of Crazy,Del McCoury Band,It's Just the Night,False,INDIFFERENT,2:49,169,SioXsX4Ugcc,2025-02-20T05:47:30Z,gh-3530
Early Morning Rain,Tony Rice,Me & My Guitar,False,INDIFFERENT,3:11,191,xtYFDNWGNBo,2025-02-20T05:44:19Z,gh-3530
Old & In The Way Breakdown,Old & In The Way,Breakdown,False,INDIFFERENT,3:48,228,9C4zq3i0-_8,2025-02-20T05:40:31Z,gh-3530
Symphony Hall Rag,John Hartford,Aereo-Plain,False,INDIFFERENT,2:49,169,py8t_OXaI4Y,2025-02-20T05:37:42Z,gh-3530
"Worried Blues (feat. Merle Watson, Marty Stuart, T. Michael Coleman & Alan O'Bryant)","Doc Watson, Merle Watson",Home Sweet Home,False,INDIFFERENT,2:52,172,NirZBUxw1MQ,2025-02-20T05:34:50Z,gh-3530
Shadows,Tony Rice,Native American,False,INDIFFERENT,3:44,224,pWIidAZXz_M,2025-02-20T05:31:06Z,gh-3530
This Old World,Billy Strings,Renewal,False,INDIFFERENT,3:55,235,gqk9Q4aGFUA,2025-02-20T05:27:11Z,gh-3530
The Girl I left Behind Me,John Hartford,Goin Back to Dixie,False,INDIFFERENT,2:50,170,ho--xC7KKXo,2025-02-20T05:24:21Z,gh-3530
Old Home Place,J.D. Crowe & The New South,J.D. Crowe & the New South,False,INDIFFERENT,2:49,169,LXA3UGcbZFI,2025-02-20T05:21:32Z,gh-3530
Gold Rush,The Tony Rice Unit,Unit Of Measure,False,INDIFFERENT,3:03,183,eIQpNHuH7r0,2025-02-20T05:18:29Z,gh-3530
I'm Afraid I Forgot the Feeling,Del McCoury Band,It's Just the Night,False,INDIFFERENT,3:16,196,LEqRgEq0NhU,2025-02-20T05:15:13Z,gh-3530
Old Time River Man,John Hartford,Down On The River,False,INDIFFERENT,3:38,218,4o7_A-4vGz0,2025-02-20T05:11:35Z,gh-3530
Rosalie McFall,Grateful Dead,Reckoning (Live),False,INDIFFERENT,2:54,174,pTE8JgDpcmw,2025-02-20T05:08:41Z,gh-3530
"Fare Thee Well (feat. Jerry Douglas, Todd Phillips, Bobby Hicks & Larry Rice)",Tony Rice,Cold On The Shoulder,False,INDIFFERENT,3:22,202,-pJMutbp_vw,2025-02-20T05:05:19Z,gh-3530
Hangman's Reel,Bryan Sutton,Country Rags and Reels,False,LIKE,3:04,184,mH0bLtkPoXM,2025-02-20T05:02:15Z,gh-3530
Old Joe Clark,John Hartford,Morning Bugle,False,LIKE,5:54,354,2yneC-iAHWM,2025-02-20T04:56:21Z,gh-3530
Ripple,Grateful Dead,What a Long Strange Trip It's Been: The Best of the Grateful Dead,False,INDIFFERENT,4:11,251,TEp6TSPQP48,2025-02-20T04:52:10Z,gh-3530
"Likes Of Me (feat. Vassar Clements, Jerry Douglas, Todd Phillips & Sam Bush)",Tony Rice,Cold On The Shoulder,False,LIKE,2:56,176,oZpYMddziuA,2025-02-20T04:49:14Z,gh-3530
Whiskey In The Jar (Master Takes),"David Grisman, Jerry Garcia","Bare Bones, Vol. 1: The Duo Recordings (Master Takes)",False,INDIFFERENT,4:22,262,6VedBW4fAiw,2025-02-20T04:44:52Z,gh-3530
My Rag,John Hartford,Morning Bugle,False,INDIFFERENT,3:42,222,QBZFebgYU_I,2025-02-20T04:41:10Z,gh-3530
Fiddler's Dram / Whiskey Before Breakfast,Norman Blake,Whiskey Before Breakfast,False,INDIFFERENT,3:34,214,wJVEohgugU4,2025-02-20T04:37:36Z,gh-3530
I've Waited As Long As I Can,Tony Rice,Tony Rice Plays And Sings Bluegrass,False,INDIFFERENT,3:00,180,ywMZPHqldCo,2025-02-20T04:34:36Z,gh-3530
The Mountain,"Steve Earle, The Del McCoury Band",The Mountain,False,INDIFFERENT,4:44,284,pIFPqTjRlCA,2025-02-20T04:29:52Z,gh-3530
The Boys from North Carolina,John Hartford,Goin Back to Dixie,False,INDIFFERENT,3:24,204,WNFgaLVqGHE,2025-02-20T04:26:28Z,gh-3530
Old Time Medley,"David Grisman, Sam Bush","Hold On, We're Strummin'",False,INDIFFERENT,3:42,222,kMMjgSNt_L0,2025-02-20T04:22:46Z,gh-3530
I'm Comin' Back But I Don't Know When,"Norman Blake, Tony Rice",Blake & Rice,False,INDIFFERENT,2:44,164,wLgO_Xh5o98,2025-02-20T04:20:02Z,gh-3530
Rather Low,Nick Shoulders,"Okay, Crawdad",False,INDIFFERENT,3:01,181,wj4yGwsgPFE,2025-02-20T04:17:01Z,gh-3530
You Don't Have to Do That,John Hartford,Nobody Knows What You Do,False,LIKE,2:38,158,h3SwkuG9SnU,2025-02-20T04:14:23Z,gh-3530
Chase the Feeling,The Devil Makes Three,Redemption & Ruin,False,INDIFFERENT,3:35,215,3gKPXsiJpvA,2025-02-20T04:10:48Z,gh-3530
Ginseng Sullivan,Norman Blake,Back Home In Sulphur Springs,False,INDIFFERENT,3:32,212,ibLVhYTyWLQ,2025-02-20T04:07:16Z,gh-3530
"Me & My Uncle (Live at The Fillmore East, New York, NY, April 29, 1971) [2021 Remaster]",Grateful Dead,Grateful Dead (Skull & Roses) [2021 Remaster] (Live),False,INDIFFERENT,3:04,184,trJcxc55YvM,2025-02-20T04:04:12Z,gh-3530
Goin Back to Dixie,John Hartford,Goin Back to Dixie,False,INDIFFERENT,3:39,219,qeTYzXOyNac,2025-02-20T04:00:33Z,gh-3530
Revenuer's Blues,Del McCoury Band,Family Circle,False,INDIFFERENT,2:44,164,D24hm79fjJc,2025-02-20T03:57:49Z,gh-3530
Bringing In The Georgia Mail,Sam Bush,Laps In Seven,False,INDIFFERENT,3:58,238,E3p_RUqhp9w,2025-02-20T03:53:51Z,gh-3530
New River Train,"Norman Blake, Tony Rice",Blake & Rice,False,INDIFFERENT,3:27,207,Dm-688NeZq0,2025-02-20T03:50:24Z,gh-3530
Joseph's Dream,John Hartford,Nobody Knows What You Do,False,INDIFFERENT,4:25,265,7hTvyV7Qc-g,2025-02-20T03:45:59Z,gh-3530
Man Can't Live on Bread Alone,Del McCoury Band,It's Just the Night,False,INDIFFERENT,2:41,161,mRL5d7XRo4o,2025-02-20T03:43:18Z,gh-3530
Landslide,Fleetwood Mac,Fleetwood Mac,False,INDIFFERENT,3:20,200,k4M53xndqiU,2025-02-20T03:39:58Z,gh-3530
Please Don't Bury Me,John Prine,Souvenirs,False,INDIFFERENT,3:07,187,PG2D1zsMvqk,2025-02-20T03:36:51Z,gh-3530
I'm Still Here,John Hartford,Gum Tree Canoe,False,LIKE,3:25,205,edpCYeZi9lw,2025-02-20T03:33:26Z,gh-3530
Homer the Roamer,The John Hartford String Band,Memories of John,False,INDIFFERENT,4:18,258,JNBZRgZ0O54,2025-02-20T03:29:08Z,gh-3530
High On A Mountain,"Del McCoury, The Dixie Pals",High On A Mountain,False,INDIFFERENT,2:52,172,eNQNVuw0i6I,2025-02-20T03:26:16Z,gh-3530
Less & Less,Tim O'Brien,Traveler,False,INDIFFERENT,3:26,206,R8Gv6A2_BFI,2025-02-20T03:22:50Z,gh-3530
All Fall Down,John Hartford,Morning Bugle,False,INDIFFERENT,3:16,196,ZvP7jNl5pJk,2025-02-20T03:19:34Z,gh-3530
Whippersnapper,Bryan Sutton,Bluegrass Guitar,False,INDIFFERENT,3:15,195,MCV6FUAiQrc,2025-02-20T03:16:19Z,gh-3530
The Cold Hard Facts,The Del McCoury Band,The Cold Hard Facts,False,INDIFFERENT,2:48,168,QrM78wVrZaY,2025-02-20T03:13:31Z,gh-3530
Jackaroo,"David Grisman, Jerry Garcia",Shady Grove,False,LIKE,4:02,242,GfhrQsMLdY0,2025-02-20T03:09:29Z,gh-3530
If I Should Wander Back Tonight,"John Hartford, Tony Rice, Vassar Clements",Hartford Rice and Clements,False,INDIFFERENT,3:50,230,rWek-GkaACA,2025-02-20T03:05:39Z,gh-3530
The High Road,Bryan Sutton,Bluegrass Guitar,False,INDIFFERENT,3:33,213,pVlhAdzI8bk,2025-02-20T03:02:06Z,gh-3530
The Wandering Boy,The Stanley Brothers,The Complete Columbia Stanley Brothers,False,INDIFFERENT,2:31,151,YDXJk173HKs,2025-02-20T02:59:35Z,gh-3530
The Hobo Song,Old & In The Way,Breakdown,False,INDIFFERENT,4:58,298,-wq8S7fw-JQ,2025-02-20T02:54:37Z,gh-3530
When Guiding Star Came to Tell City,John Hartford,No End of Love,False,INDIFFERENT,5:27,327,tHaQWUItTjc,2025-02-20T02:49:10Z,gh-3530
Remember The Cross,Bill Monroe & his Blue Grass Boys,The Essential Bill Monroe (1945-1949),False,INDIFFERENT,3:02,182,_2VwS-35CkY,2025-02-20T02:46:08Z,gh-3530
Columbus Stockade Blues,"Doc Watson, Richard Watson",Third Generation Blues,False,INDIFFERENT,3:32,212,rVAXyZCbFdI,2025-02-20T02:42:36Z,gh-3530
Vamp In The Middle,New Grass Revival,When The Storm Is Over / Fly Through The Country,False,INDIFFERENT,3:48,228,d_B8kIyW2VM,2025-02-20T02:38:48Z,gh-3530
I Wonder Where You Are Tonight,John Hartford,Goin Back to Dixie,False,INDIFFERENT,3:21,201,b5Gy7KDFXV4,2025-02-20T02:35:27Z,gh-3530
Thunderstorms and Neon Signs,Wayne Hancock,Thunderstorms and Neon Signs,False,INDIFFERENT,3:43,223,4Sx2PtajajU,2025-02-20T02:31:44Z,gh-3530
Mountain Song,Larry Keel,Journey,False,INDIFFERENT,3:31,211,kJoX888WHOc,2025-02-20T02:28:13Z,gh-3530
Lost Highway,Hank Williams,Hank 100: Greatest Radio Hits,False,INDIFFERENT,3:06,186,64fPGh6_its,2025-02-20T02:25:07Z,gh-3530
Streetcar,John Hartford,Morning Bugle,False,INDIFFERENT,3:57,237,zyqFipU8JkE,2025-02-20T02:21:10Z,gh-3530
Ralph's Banjo Special,"David Grisman, Sam Bush","Hold On, We're Strummin'",False,INDIFFERENT,3:05,185,YL5ke6STQqM,2025-02-20T02:18:05Z,gh-3530
The Girl I Left In Sunny Tennessee,Norman Blake,Whiskey Before Breakfast,False,INDIFFERENT,2:54,174,aa7SBP-0AX4,2025-02-20T02:15:11Z,gh-3530
On And On,Tony Rice,Tony Rice Plays And Sings Bluegrass,False,INDIFFERENT,3:08,188,CLG5yE99qmo,2025-02-20T02:12:03Z,gh-3530
I Wish We Had Our Time Again,John Hartford,Down On The River,False,INDIFFERENT,2:55,175,1TfcBG86NPg,2025-02-20T02:09:08Z,gh-3530
Roving Gambler,"Hart Valley Drifters, Jerry Garcia",Folk Time,False,INDIFFERENT,3:46,226,neEITdyxvxQ,2025-02-20T02:05:22Z,gh-3530
Cumberland Blues,Grateful Dead,Workingman's Dead,False,INDIFFERENT,3:18,198,Sd7ckqwjuvI,2025-02-20T02:02:04Z,gh-3530
Hand Me Down My Walking Cane,Norman Blake,Whiskey Before Breakfast,False,INDIFFERENT,3:28,208,dKQrqDze6kY,2025-02-20T01:58:36Z,gh-3530
Gentle On My Mind,John Hartford,Earthwords & Music,False,INDIFFERENT,3:03,183,rEvFQZkd688,2025-02-20T01:55:33Z,gh-3530
Toy Heart,"Bobby Hicks, Doyle Lawson, J.D. Crowe, Jerry Douglas",The Bluegrass Album,False,INDIFFERENT,3:03,183,Wg3NX9_qMe8,2025-02-20T01:52:30Z,gh-3530
My Home's Across The Blue Ridge Mountains,The Bluegrass Album Band,"The Bluegrass Album, Vol. 5: Sweet Sunny South",False,INDIFFERENT,2:43,163,99oMxsT7Hzo,2025-02-20T01:49:47Z,gh-3530
Down Home Summertime Blues,Norman Blake,Back Home In Sulphur Springs,False,INDIFFERENT,3:42,222,UeMtGClXltY,2025-02-20T01:46:05Z,gh-3530
Bye Bye,John Hartford,Morning Bugle,False,INDIFFERENT,3:21,201,hi_WBzVlN4c,2025-02-20T01:42:44Z,gh-3530
Church Street Blues,Tony Rice,Church Street Blues,False,INDIFFERENT,3:09,189,UHYkvDo2rXc,2025-02-20T01:39:35Z,gh-3530
In Dreams,Sierra Ferrell,In Dreams,False,INDIFFERENT,2:42,162,geDSalt-_gA,2025-02-20T01:36:53Z,gh-3530
Little Joe,Norman Blake,Back Home In Sulphur Springs,False,INDIFFERENT,2:50,170,jIQJMe_oc-c,2025-02-20T01:34:03Z,gh-3530
Steamboat Whistle Blues,John Hartford,Aereo-Plain,False,INDIFFERENT,3:26,206,1qNS_QB76WU,2025-02-20T01:30:37Z,gh-3530
Get No Better,Dillard/Hartford/Dillard,Glitter Grass From The Nashwood Hollyville Strings / Permanent Wave,False,INDIFFERENT,3:31,211,oZlWXgO5CVQ,2025-02-20T01:27:06Z,gh-3530
California Sober (feat. Willie Nelson),Billy Strings,California Sober,False,LIKE,3:51,231,AmxvLgvc8IE,2025-02-20T01:23:15Z,gh-3530
Back Up And Push,Bryan Sutton,Bluegrass Guitar,False,INDIFFERENT,3:27,207,Mog6qzZ5tRA,2025-02-20T01:19:48Z,gh-3530
Dig A Hole,John Hartford,Steam Powered Aereo-Takes,False,INDIFFERENT,4:15,255,K1fAEbxGHdA,2025-02-20T01:15:33Z,gh-3530
You'll Find Her Name Written There,Del McCoury,Don't Stop The Music,False,INDIFFERENT,3:42,222,CVNE1fSSc-c,2025-02-20T01:11:51Z,gh-3530
Georgie,"Norman Blake, Tony Rice",Norman Blake & Tony Rice 2,False,INDIFFERENT,2:49,169,K-IgZJ1KA0Y,2025-02-20T01:09:02Z,gh-3530
Crusher And Hoss,"David Grisman, Sam Bush","Hold On, We're Strummin'",False,INDIFFERENT,2:59,179,qYSB-6F2enQ,2025-02-20T01:06:03Z,gh-3530
Late Last Night My Willie Came Home,John Hartford,Morning Bugle,False,INDIFFERENT,3:18,198,yT2WVXB5toE,2025-02-20T01:02:45Z,gh-3530
Howard Hughes' Blues,John Hartford,Morning Bugle,False,INDIFFERENT,2:52,172,u4S0OzdpQfE,2025-02-20T00:59:53Z,gh-3530
Quartz,Regent,Amber,False,INDIFFERENT,4:58,298,Rw2UXG6WebU,2025-02-19T14:54:52Z,gh-3530
Around the World (Radio Edit),Daft Punk,Around the World,False,INDIFFERENT,4:02,242,ARfJ55bUAw0,2025-02-19T14:50:50Z,gh-3530
Away,Dole & Kom,Buddha Bar XVIII,False,INDIFFERENT,4:07,247,2-OI5XCtquY,2025-02-19T14:46:43Z,gh-3530
Don't Stop Me Now,Queen,Jazz (Deluxe Remastered Version),False,LIKE,3:30,210,DxQK_ARQmMY,2025-02-19T14:43:13Z,gh-3530
Lazy Days,The Byrds,Sweetheart Of The Rodeo,False,INDIFFERENT,3:27,207,AMuaaUPBDuQ,2025-02-19T14:39:46Z,gh-3530
Astral Pancakes (Remastered 2024),Hallucinogen,The Singles (Remastered 2024),False,INDIFFERENT,8:03,483,ci3FiZM7_mg,2025-02-19T14:31:43Z,gh-3530
"J.S. Bach: Concerto in D Minor, BWV 974: II. Adagio","Johann Sebastian Bach, Víkingur Ólafsson","J.S. Bach: Concerto in D Minor, BWV 974, 2. Adagio",False,INDIFFERENT,4:11,251,uEoqrG7lIJI,2025-02-19T14:27:32Z,gh-3530
"J.S. Bach: Organ Sonata No. 4, BWV 528: II. Andante [Adagio] (Transcr. by August Stradal)","Johann Sebastian Bach, Víkingur Ólafsson",Johann Sebastian Bach,False,INDIFFERENT,5:27,327,6mymWYonUUs,2025-02-19T14:22:05Z,gh-3530
Angelic Particles (Buckminster Fullerine Mix),Hallucinogen,In Dub mixed by Ott,False,INDIFFERENT,10:26,626,lbRvvuBT5j0,2025-02-17T18:04:39Z,gh-3530
L.S.D. (World Sheet of Closed String Mix),Hallucinogen,In Dub mixed by Ott,False,INDIFFERENT,9:20,560,KkaRxlZX1IQ,2025-02-17T17:55:19Z,gh-3530
Spiritual Antiseptic (Minty Fresh Confidence Mix),Hallucinogen,In Dub mixed by Ott,False,INDIFFERENT,8:17,497,ImLxBc8kSzQ,2025-02-17T17:47:02Z,gh-3530
Gamma Goblins (Its Turtles All the Way Down Mix),Hallucinogen,In Dub mixed by Ott,False,INDIFFERENT,10:54,654,DTbsgsi96Oc,2025-02-17T17:36:08Z,gh-3530
Solstice (Warwick Basmonkey Mix),Hallucinogen,In Dub mixed by Ott,False,INDIFFERENT,9:00,540,kgCH-9lbOdU,2025-02-17T17:27:08Z,gh-3530
Mi-Loony-Um (A Floating Butterfly Stings Like a Bee Mix),Hallucinogen,In Dub mixed by Ott,False,INDIFFERENT,11:55,715,3DnqdCFcSNg,2025-02-17T17:15:13Z,gh-3530
"Mahler: Symphony No. 2 ""Resurrection"": Ib. Sehr mässig und zurückhaltend (Live)","Gustav Mahler, Leonard Bernstein, New York Philharmonic","Mahler: Symphony No.2 ""Resurrection""",False,INDIFFERENT,5:51,351,e8X430ZkXBU,2025-02-17T17:09:22Z,gh-3530
"English Suite No. 5 in E Minor, BWV 810: I. Prélude","Glenn Gould, Johann Sebastian Bach","Bach: The English Suites Nos. 1-6, BWV 806-811 ((Gould Remastered))",False,INDIFFERENT,4:44,284,DhvNn8W-6Po,2025-02-17T17:04:38Z,gh-3530
"Water Music - Suite #1 In F, HWV 348 - Alla Hornpipe",Jordi Savall,Haendel: Water Music & Music for the Royal Fireworks,False,INDIFFERENT,4:04,244,SsM25EBXN58,2025-02-17T17:00:34Z,gh-3530
Borodin: String Quartet No. 2 in D: 2. Scherzo,"Alexander Borodin, Emerson String Quartet",Dvorák / Tchaikovsky / Borodin: String Quartets,False,INDIFFERENT,4:42,282,LakAfVUY_WA,2025-02-17T16:55:52Z,gh-3530
"Mass in B Minor, BWV 232, Symbolum Nicenum: No. 17, Crucifixus","Collegium Vocale Gent, Johann Sebastian Bach, Philippe Herreweghe",Bach: Mass in B Minor,False,INDIFFERENT,3:04,184,gsD6yHa_-hk,2025-02-17T16:52:48Z,gh-3530
"Haydn: Symphony No. 78 in C Minor, Hob.I:78: III. Menuetto (Allegretto)","Joseph Haydn, Orpheus Chamber Orchestra",Haydn: Symphonies No.78 & No.102,False,INDIFFERENT,3:30,210,ClEotBemTZs,2025-02-17T16:49:18Z,gh-3530
"J.S. Bach: English Suite No. 2 in A Minor, BWV 807: VII. Gigue","Johann Sebastian Bach, Martha Argerich",Martha Argerich - Works for Solo Piano,False,INDIFFERENT,3:20,200,FpyXwXjq-as,2025-02-17T16:45:58Z,gh-3530
"Keyboard Concerto No. 4 in A Major, BWV 1055: I. Allegro moderato","Academy of St Martin in the Fields, Johann Sebastian Bach, Murray Perahia","Bach: Keyboard Concertos, Vol. 1",False,INDIFFERENT,4:01,241,hnclBIF8Wr4,2025-02-17T16:41:57Z,gh-3530
"J.S. Bach: Violin Concerto No. 1 in A Minor, BWV 1041: I. Allegro moderato","Johann Sebastian Bach, Simon Standage, The English Concert, Trevor Pinnock","Bach, J.S.: Violin Concertos BWV 1041 & 1042; Double Concerto BWV 1043",False,INDIFFERENT,3:39,219,Rbe681C6okI,2025-02-17T16:38:18Z,gh-3530
"J.S. Bach: Ich ruf zu dir, Herr Jesu Christ, BWV 639","Alfred Brendel, Johann Sebastian Bach","Bach, J.S.: Italian Concerto, etc.",False,INDIFFERENT,3:30,210,bJBH-f5vUwQ,2025-02-17T16:34:48Z,gh-3530
"Second Livre de pièces de clavecin, Sixième Ordre: Les baricades mïstérieuses (feat. Thomas Dunford)",Jean Rondeau & François Couperin,Barricades,False,INDIFFERENT,3:20,200,AaAjGPaLnMA,2025-02-17T16:31:28Z,gh-3530
"Fauré: Pelléas et Mélisande, Op. 80, Suite: II. Fileuse","Academy of St Martin in the Fields, Sir Neville Marriner",Classical Sonosphere Vol. 3,False,INDIFFERENT,2:46,166,LqMR5wMv7Gk,2025-02-17T16:28:42Z,gh-3530
Moanin',Art Blakey & The Jazz Messengers,Moanin' (Expanded Edition),False,INDIFFERENT,9:31,571,fsJ3JjpZyoA,2025-02-17T16:19:11Z,gh-3530
Smoke Gets In Your Eyes,Coleman Hawkins,On Broadway,False,INDIFFERENT,4:37,277,zR9OmfS7kw8,2025-02-17T16:14:34Z,gh-3530
Take Five,Paul Desmond,Dream Dancing,False,INDIFFERENT,5:25,325,Eu-88eCAtHU,2025-02-17T16:09:09Z,gh-3530
La vie en rose (Single Version),Louis Armstrong And His Orchestra,Satchmo Serenades,False,INDIFFERENT,3:24,204,M9FRCxGMz-0,2025-02-17T16:05:45Z,gh-3530
Strasbourg / St. Denis,Roy Hargrove,Earfood,False,INDIFFERENT,4:39,279,XM83V4BD1Bw,2025-02-17T16:01:06Z,gh-3530
I Fall In Love Too Easily,Chet Baker,Chet Baker Sings,False,INDIFFERENT,3:22,202,_ZRJrAHprBM,2025-02-17T15:57:44Z,gh-3530
The Queen Bee,Count Basie And His Orchestra,Straight Ahead,False,INDIFFERENT,4:14,254,fBc84_HE3-M,2025-02-17T15:53:30Z,gh-3530
Let's Fall In Love,Ella Fitzgerald,Sings Sweet Songs For Swingers,False,INDIFFERENT,3:05,185,fF6x1ta9j1w,2025-02-17T15:50:25Z,gh-3530
Fantail,Count Basie And His Orchestra,The Atomic Mr Basie,False,INDIFFERENT,2:57,177,aqtp-ITWBTo,2025-02-17T15:47:28Z,gh-3530
Blue Moon,Billie Holiday,Solitude,False,INDIFFERENT,3:28,208,HkplpL2P9YM,2025-02-17T15:44:00Z,gh-3530
Splanky,Count Basie And His Orchestra,The Atomic Mr Basie,False,INDIFFERENT,3:38,218,VYO3gC962PM,2025-02-17T15:40:22Z,gh-3530
Take Five,The Dave Brubeck Quartet,Time Out,False,INDIFFERENT,5:25,325,ryA6eHZNnXY,2025-02-17T15:34:57Z,gh-3530
Stardust,Artie Shaw & His Orchestra,Begin The Beguine,False,INDIFFERENT,3:35,215,ggusizL531I,2025-02-17T15:31:22Z,gh-3530
Midnite Blue,Count Basie And His Orchestra,The Atomic Mr Basie,False,INDIFFERENT,4:29,269,4b8yLXePSfQ,2025-02-17T15:26:53Z,gh-3530
'Tis Autumn,Stan Getz,Stan Getz Plays,False,INDIFFERENT,3:15,195,_0BNu7e096k,2025-02-17T15:23:38Z,gh-3530
Whirly-Bird,Count Basie Orchestra,The Atomic Mr Basie,False,INDIFFERENT,3:53,233,slZ2evszMDw,2025-02-17T15:19:45Z,gh-3530
In A Sentimental Mood,"Duke Ellington, John Coltrane",Duke Ellington & John Coltrane,False,INDIFFERENT,4:16,256,JiP7jKdAhD0,2025-02-17T15:15:29Z,gh-3530
Teddy the Toad,Count Basie And His Orchestra,The Atomic Mr Basie,False,INDIFFERENT,3:21,201,qzIG6X5PgiY,2025-02-17T15:12:08Z,gh-3530
Double-O,Count Basie And His Orchestra,The Atomic Mr Basie,False,INDIFFERENT,2:48,168,LIIP0fKT6UM,2025-02-17T15:09:20Z,gh-3530
"Sing, Sing, Sing",Benny Goodman,One O'Clock Jump,False,INDIFFERENT,5:03,303,6VHt4hazMG0,2025-02-17T15:04:17Z,gh-3530
Flight of the Foo Birds,Count Basie And His Orchestra,The Atomic Mr Basie,False,INDIFFERENT,3:25,205,Hmp0BTTd54Y,2025-02-17T15:00:52Z,gh-3530
Mood Indigo,Thelonious Monk,Plays Duke Ellington (Keepnews Collection),False,INDIFFERENT,3:17,197,HGz6my4q-20,2025-02-17T14:57:35Z,gh-3530
After Supper,Count Basie And His Orchestra,The Atomic Mr Basie,False,INDIFFERENT,3:26,206,iQtDUE3biZY,2025-02-17T14:54:09Z,gh-3530
B Minor Waltz (Remastered 2003),Bill Evans,You Must Believe In Spring (Remastered Version),False,INDIFFERENT,3:17,197,_5xCP4n2rmE,2025-02-17T14:50:52Z,gh-3530
In The Mood,Glenn Miller & His Orchestra,The Essential Glenn Miller,False,INDIFFERENT,3:37,217,lg-cwSciN_M,2025-02-17T14:47:15Z,gh-3530
Duet,Count Basie And His Orchestra,The Atomic Mr Basie,False,INDIFFERENT,4:13,253,0wShit_5cVI,2025-02-17T14:43:02Z,gh-3530
Black Tusk,Loscil,Coast / Range / Arc,False,INDIFFERENT,10:03,603,Y4Z7w6nNe8U,2025-02-17T08:25:07Z,gh-3510
Tower Jam,Phish,Jam,,LIKE,59:14,3554,EHi9PjBV6BM,2025-02-17T07:25:53Z,gh-3510
Cyclical Ruminations,"Shpongle, Simon Posford",Flux & Contemplation - Portrait of an Artist in Isolation,False,INDIFFERENT,0:34,34,ff5sTfSV4JI,2025-02-17T15:12:44Z,gh-3509
On a Rainy Day,"Shpongle, Simon Posford",Flux & Contemplation - Portrait of an Artist in Isolation,False,INDIFFERENT,3:13,193,EoEsnrRnV2I,2025-02-17T15:09:31Z,gh-3509
Lockdown,"Shpongle, Simon Posford",Flux & Contemplation - Portrait of an Artist in Isolation,False,LIKE,8:30,510,tkOk_LCUWxU,2025-02-17T15:01:01Z,gh-3509
"5 Morceaux de fantaisie, Op. 3: No. 5, Sérénade",Sergei Rachmaninoff,A Window in Time: Rachmaninoff Performs His Solo Piano Works (Realized by Wayne Stahnke),False,INDIFFERENT,3:12,192,oRy7MioWuGs,2025-02-16T01:59:11Z,gh-3495
"Rachmaninoff: 10 Preludes, Op. 23: No. 5 in G Minor",Sergei Rachmaninoff,A Window in Time: Rachmaninoff Performs His Solo Piano Works (Realized by Wayne Stahnke),False,LIKE,3:38,218,CIy_ypF3zg8,2025-02-16T01:55:33Z,gh-3495
Rachmaninoff: Polka de V.R.,Sergei Rachmaninoff,A Window in Time: Rachmaninoff Performs His Solo Piano Works (Realized by Wayne Stahnke),False,INDIFFERENT,4:11,251,coYgW7vQrqU,2025-02-16T01:51:22Z,gh-3495
"5 Morceaux de fantaisie, Op. 3: No. 4, Polichinelle",Sergei Rachmaninoff,A Window in Time: Rachmaninoff Performs His Solo Piano Works (Realized by Wayne Stahnke),False,INDIFFERENT,3:43,223,5uBDRo5Z9pc,2025-02-16T01:47:39Z,gh-3495
"9 Études-tableaux, Op. 39: No. 4 in B Minor",Sergei Rachmaninoff,A Window in Time: Rachmaninoff Performs His Solo Piano Works (Realized by Wayne Stahnke),False,INDIFFERENT,3:50,230,jMov7iZsKm0,2025-02-16T01:43:49Z,gh-3495
"5 Morceaux de fantaisie, Op. 3: No. 3, Mélodie",Sergei Rachmaninoff,A Window in Time: Rachmaninoff Performs His Solo Piano Works (Realized by Wayne Stahnke),False,INDIFFERENT,4:16,256,S72dyWpZEpY,2025-02-16T01:39:33Z,gh-3495
"3 Alt-Wiener Tanzweisen: No. 2, Liebesleid (Arr. Rachmaninoff)","Fritz Kreisler, Sergei Rachmaninoff",A Window in Time: Rachmaninoff Performs His Solo Piano Works (Realized by Wayne Stahnke),False,INDIFFERENT,4:19,259,CtrnebWzUkI,2025-02-16T01:35:14Z,gh-3495
"3 Alt-Wiener Tanzweisen: No. 1, Liebesfreud (Arr. Rachmaninoff)","Fritz Kreisler, Sergei Rachmaninoff",A Window in Time: Rachmaninoff Performs His Solo Piano Works (Realized by Wayne Stahnke),False,INDIFFERENT,6:58,418,51W0juNF2Pk,2025-02-16T01:28:16Z,gh-3495
"7 Morceaux de salon, Op. 10: No. 3, Barcarolle",Sergei Rachmaninoff,A Window in Time: Rachmaninoff Performs His Solo Piano Works (Realized by Wayne Stahnke),False,INDIFFERENT,3:55,235,b-XXVybxS4A,2025-02-16T01:24:21Z,gh-3495
"5 Morceaux de fantaisie, Op. 3: No. 1, Elégie",Sergei Rachmaninoff,A Window in Time: Rachmaninoff Performs His Solo Piano Works (Realized by Wayne Stahnke),False,INDIFFERENT,4:29,269,wR4ynukSHXc,2025-02-16T01:19:52Z,gh-3495
Rimsky-Korsakov: The Tale of Tsar Saltan: The Flight of the Bumblebee (Arr. Rachmaninoff),"Nikolai Rimsky-Korsakov, Sergei Rachmaninoff",A Window in Time: Rachmaninoff Performs His Solo Piano Works (Realized by Wayne Stahnke),False,LIKE,1:15,75,z4pBD0hEecU,2025-02-16T01:18:37Z,gh-3495
"Rachmaninoff: 12 Romances, Op. 21: No. 5, Lilacs",Sergei Rachmaninoff,A Window in Time: Rachmaninoff Performs His Solo Piano Works (Realized by Wayne Stahnke),False,INDIFFERENT,2:32,152,GxV1zVx9VZ4,2025-02-16T01:16:05Z,gh-3495
"Rachmaninoff: 5 Morceaux de fantaisie, Op. 3: No. 2, Prelude in C-Sharp Minor",Sergei Rachmaninoff,A Window in Time: Rachmaninoff Performs His Solo Piano Works (Realized by Wayne Stahnke),False,INDIFFERENT,3:46,226,yKbTbkgaF00,2025-02-16T01:12:19Z,gh-3495
"Nocturne No. 20 in C Sharp Minor, Op. Posthume 1830","François Chaplin, Frédéric Chopin",Chopin: Nocturnes,False,INDIFFERENT,4:10,250,hzeWANhdvv8,2025-02-16T01:08:09Z,gh-3495
"J.S. Bach: Concerto for 4 Harpsichords, Strings, and Continuo in A minor, BWV 1065 - 1. (Allegro)","Christoph Eschenbach, Hamburger Philharmoniker, Johann Sebastian Bach, Justus Frantz","Bach, J.S.: Piano Concertos BWV 1060, 1061, 1063 & 1065",False,INDIFFERENT,4:37,277,urLmzJVT4qc,2025-02-16T01:03:32Z,gh-3495
"Concerto for 2 Pianos in C Minor, BWV 1060: II. Adagio (feat. Emmanuel Christien)","David Fray, Johann Sebastian Bach","Bach: Concertos for 2, 3 & 4 Pianos",False,INDIFFERENT,5:07,307,iXmJhNKi8DA,2025-02-16T00:58:25Z,gh-3495
"Concerto for 2 Pianos in C Minor, BWV 1060: I. Allegro (feat. Emmanuel Christien)","David Fray, Johann Sebastian Bach","Bach: Concertos for 2, 3 & 4 Pianos",False,INDIFFERENT,4:56,296,peiUtWQBSWk,2025-02-16T00:53:29Z,gh-3495
"Concerto for 2 Pianos in C Major, BWV 1061: III. Fuga (feat. Jacques Rouvier)","David Fray, Johann Sebastian Bach","Bach: Concertos for 2, 3 & 4 Pianos",False,INDIFFERENT,5:31,331,mCJy1NS1FRQ,2025-02-16T00:47:58Z,gh-3495
"Concerto for 2 Pianos in C Major, BWV 1061: II. Adagio ovvero largo (feat. Jacques Rouvier)","David Fray, Johann Sebastian Bach","Bach: Concertos for 2, 3 & 4 Pianos",False,INDIFFERENT,4:38,278,DLIeGC3e9eM,2025-02-16T00:43:20Z,gh-3495
"Concerto for 2 Pianos in C Major, BWV 1061: I. Allegro (feat. Jacques Rouvier)","David Fray, Johann Sebastian Bach","Bach: Concertos for 2, 3 & 4 Pianos",False,INDIFFERENT,7:19,439,uFPbgiE2Z_g,2025-02-16T00:36:01Z,gh-3495
"Concerto for 2 Pianos in C Minor, BWV 1062: III. Allegro assai (feat. Audrey Vigoureux)","David Fray, Johann Sebastian Bach","Bach: Concertos for 2, 3 & 4 Pianos",False,INDIFFERENT,4:27,267,P03nmYFaCR8,2025-02-16T00:31:34Z,gh-3495
"Concerto for 2 Pianos in C Minor, BWV 1062: II. Largo ma non tanto (feat. Audrey Vigoureux)","David Fray, Johann Sebastian Bach","Bach: Concertos for 2, 3 & 4 Pianos",False,INDIFFERENT,6:15,375,v69bOJK_n-Q,2025-02-16T00:25:19Z,gh-3495
"Concerto for 2 Pianos in C Minor, BWV 1062: I. Vivace (feat. Audrey Vigoureux)","David Fray, Johann Sebastian Bach","Bach: Concertos for 2, 3 & 4 Pianos",False,INDIFFERENT,3:24,204,rfKnPHfo3Ts,2025-02-16T00:21:55Z,gh-3495
"Concerto for 3 Pianos in D Minor, BWV 1063: III. Allegro (feat. Emmanuel Christien & Jacques Rouvier)","David Fray, Johann Sebastian Bach","Bach: Concertos for 2, 3 & 4 Pianos",False,INDIFFERENT,5:01,301,LNkDkd_aNCc,2025-02-16T00:16:54Z,gh-3495
"Concerto for 3 Pianos in D Minor, BWV 1063: II. Alla siciliana (feat. Emmanuel Christien & Jacques Rouvier)","David Fray, Johann Sebastian Bach","Bach: Concertos for 2, 3 & 4 Pianos",False,INDIFFERENT,3:54,234,JCp850HUIJU,2025-02-16T00:13:00Z,gh-3495
"Concerto for 3 Pianos in D Minor, BWV 1063: I. — (feat. Emmanuel Christien & Jacques Rouvier)","David Fray, Johann Sebastian Bach","Bach: Concertos for 2, 3 & 4 Pianos",False,INDIFFERENT,5:18,318,kQtiK1Fk7_M,2025-02-15T21:22:35Z,gh-3494
"Concerto for 4 Pianos in A Minor, BWV 1065: III. Allegro (feat. Audrey Vigoureux, Emmanuel Christien & Jacques Rouvier)","David Fray, Johann Sebastian Bach","Bach: Concertos for 2, 3 & 4 Pianos",False,INDIFFERENT,3:14,194,CW7SklooOMQ,2025-02-15T21:19:21Z,gh-3494
"Concerto for 4 Pianos in A Minor, BWV 1065: II. Largo (feat. Audrey Vigoureux, Emmanuel Christien & Jacques Rouvier)","David Fray, Johann Sebastian Bach","Bach: Concertos for 2, 3 & 4 Pianos",False,INDIFFERENT,2:54,174,UhBBD2jUuuE,2025-02-15T21:16:27Z,gh-3494
"Concerto for 4 Pianos in A Minor, BWV 1065: I. Allegro (feat. Audrey Vigoureux, Emmanuel Christien & Jacques Rouvier)","David Fray, Johann Sebastian Bach","Bach: Concertos for 2, 3 & 4 Pianos",False,LIKE,3:59,239,S0dXQ4DZPWw,2025-02-15T21:12:28Z,gh-3494
You Always Hurt The One You Love (1958 version),The Mills Brothers,Great Hits,False,INDIFFERENT,3:14,194,jcbvlLAVj4Y,2025-02-15T21:09:14Z,gh-3494
On The Sunny Side Of The Street,"Dizzy Gillespie, Sonny Rollins, Sonny Stitt",Sonny Side Up,False,INDIFFERENT,5:41,341,LSHevGXSKuk,2025-02-15T21:03:33Z,gh-3494
A Foggy Day,Red Garland Trio,A Garland Of Red,False,INDIFFERENT,4:48,288,KOS4mZvgscs,2025-02-15T20:58:45Z,gh-3494
Lil' Darlin',"Count Basie Orchestra, Joe Williams, Lambert, Hendricks & Ross",The Atomic Mr Basie,False,INDIFFERENT,4:49,289,Nyjd4mP4hKs,2025-02-15T19:10:16Z,gh-3493
LSD (Live Mix),Hallucinogen,The Singles (Remastered 2024),False,INDIFFERENT,9:10,550,XiG5suyBxzs,2025-02-14T23:01:49Z,commit:777ac1af
Boll Weevil,Punch Brothers,The Phosphorescent Blues,False,INDIFFERENT,2:37,157,HTZdoye0rqg,2025-02-14T04:42:51Z,commit:777ac1af
Patchwork Girlfriend,Punch Brothers,Who's Feeling Young Now?,False,LIKE,3:49,229,CMtyWB_Pzic,2025-02-14T04:39:02Z,commit:777ac1af
Sweet Caroline,Neil Diamond,Sweet Caroline,False,INDIFFERENT,3:24,204,GmK5_lnQUbE,2025-02-14T04:35:38Z,commit:777ac1af
Waterloo Sunset (Mono Mix),The Kinks,Something Else (Deluxe Edition),False,INDIFFERENT,3:15,195,SJ1BuKUCIC8,2025-02-14T04:32:23Z,commit:777ac1af
"Mrs. Robinson (From ""The Graduate"" Soundtrack)",Simon & Garfunkel,Bookends,False,INDIFFERENT,4:05,245,_C2vqI9FVwg,2025-02-14T04:28:18Z,commit:777ac1af
Lay All Your Love On Me,ABBA,Super Trouper,False,INDIFFERENT,4:35,275,5mHzaIehRTE,2025-02-14T04:23:43Z,commit:777ac1af
California Dreamin' (Single Version),The Mamas & The Papas,If You Can Believe Your Eyes & Ears,False,INDIFFERENT,2:43,163,oU6uUEwZ8FM,2025-02-14T04:21:00Z,commit:777ac1af
Don't Go Breaking My Heart,"Elton John, Kiki Dee",Diamonds (Deluxe),False,INDIFFERENT,4:27,267,DH7kBuZ5GZk,2025-02-14T04:16:33Z,commit:777ac1af
Make Your Own Kind Of Music,Mama Cass,Mama's Big Ones,False,INDIFFERENT,2:20,140,iQ7dTMPwUi8,2025-02-14T04:14:13Z,commit:777ac1af
The Errant Path - Sirius #94,Jon Fishman,The Errant Path,,INDIFFERENT,1:55:34,6934,COT0KKfoWy8,2025-02-14T02:18:39Z,commit:777ac1af
Scarab,Prana,Cyclone,False,INDIFFERENT,7:32,452,J18afiDZV4g,2025-02-14T02:11:07Z,commit:777ac1af
Runway,"Animalien, Oksha, Slide",Fungi Prophets,False,INDIFFERENT,7:30,450,EgG2ve-Ilgs,2025-02-14T02:03:37Z,commit:777ac1af
42DIMENSIT3 e3 [London 03.06.17],Aphex Twin,Music From The Merch Desk (2016 - 2023),False,INDIFFERENT,4:42,282,wXEPqqNc2Ms,2025-02-14T01:58:55Z,commit:777ac1af
Alien Pump,Tandu,Multimoods,False,INDIFFERENT,8:55,535,wkVgK1SFaY4,2025-02-14T01:50:00Z,commit:777ac1af
Crystal Skulls (Dance Mix),Shpongle,Raja Ram's Stash Bag Vol. 2,False,INDIFFERENT,8:25,505,3nz3dRUD2eY,2025-02-14T01:41:35Z,commit:777ac1af
Fractal Gates,Etnica,Single Collection 1,False,INDIFFERENT,8:36,516,H1uEgoGAtfU,2025-02-14T01:32:59Z,commit:777ac1af
It's Not Real,"Fungus Funk, Endeavour",Sonzeira,False,INDIFFERENT,6:50,410,rRyzeiYHua8,2025-02-14T01:26:09Z,commit:777ac1af
Two Full Moons & A Trout (Original Remastered Mix),Union Jack,Two Full Moons And A Trout - Remixes,False,INDIFFERENT,7:59,479,NSzLQp6EZCg,2025-02-14T01:18:10Z,commit:777ac1af
Virus - Sun (Man With No Name Remix) [1995],"312K views, Gábor Labbancz",,False,INDIFFERENT,6:58,418,Fi8ZRmHcpYY,2025-02-14T01:11:12Z,commit:777ac1af
Travelling at the Speed of Thought,The Delta,Scizoeffective,False,INDIFFERENT,7:23,443,flxaSF0Ajwk,2025-02-14T01:03:49Z,commit:777ac1af
Mongolia,Electric Universe,Mongolia,False,INDIFFERENT,7:59,479,TZdfKBALJMc,2025-02-14T00:55:50Z,commit:777ac1af
Let The Beat Control Your Body,Peter Pahn,A-Sides Vol. 13,False,INDIFFERENT,4:28,268,0bRBlG6QTxE,2025-02-14T00:51:22Z,commit:777ac1af
Inside The Horizon,Mindsphere,Mental Triplex: Beyond,False,INDIFFERENT,9:38,578,0zF8z91Oez4,2025-02-14T00:41:44Z,commit:777ac1af
Overbloody Flood,Blue Planet Corporation,A Blueprint For Survival,False,INDIFFERENT,7:51,471,nLPpE1Yz7K0,2025-02-14T00:33:53Z,commit:777ac1af
Acid Cult,Popof & Marie Vaunt,A-Sides Vol. 13,False,INDIFFERENT,3:47,227,xGu9bWDPVQE,2025-02-14T00:30:06Z,commit:777ac1af
Time To Let Go,Alter Nature,Time To Let Go,False,INDIFFERENT,7:32,452,esLVRKX_G0w,2025-02-14T00:22:34Z,commit:777ac1af
Elysium - Subconsciousness,"441K views, Amatria7",,False,INDIFFERENT,8:55,535,bmjROkH6xtE,2025-02-14T00:13:39Z,commit:777ac1af
Space Angel,Subcouds,"Fill Your Head with Phantasm, Vol. 5",False,INDIFFERENT,8:12,492,MLIFrUOyrfs,2025-02-14T00:05:27Z,commit:777ac1af
Ragu,Shaolin Wooden Men,"Psy-Harmonics, Vol. 3: Hacking the Reality Myth",False,INDIFFERENT,6:30,390,CbZ364f9wPg,2025-02-13T23:58:57Z,commit:777ac1af
Soft Control (Remastered Version),Hatikwa,Point of View,False,INDIFFERENT,8:38,518,SSnOKD04OBw,2025-02-13T23:50:19Z,commit:777ac1af
Phenomena,Miranda,Cosmic Treasure Vol. 1: Best Of 1995-2000 Remastered,False,INDIFFERENT,8:55,535,W_12jJHqL1g,2025-02-13T23:41:24Z,commit:777ac1af
Gone,THIRD WIFE,Gone,False,INDIFFERENT,5:26,326,xMN8Qfvt2b4,2025-02-13T23:35:58Z,commit:777ac1af
Trancespotter,Hallucinogen,Space Pussy,False,INDIFFERENT,8:39,519,KAnWhKWRVy0,2025-02-13T23:27:19Z,commit:777ac1af
Astral Pancakes (Remastered 2024),Hallucinogen,The Singles (Remastered 2024),False,INDIFFERENT,8:03,483,ci3FiZM7_mg,2025-02-13T23:19:16Z,commit:777ac1af
"River Lullaby (Theme from ""The Prince of Egypt"")",Mercuzio Pianist,"River Lullaby (Theme from ""The Prince of Egypt"")",False,INDIFFERENT,4:06,246,NvIkKuDzdIA,2025-02-13T23:15:10Z,commit:777ac1af
"Orchestral Suite No. 3 in D Major, BWV 1068: II. Air","Johann Sebastian Bach, Munchener Bach Orchester","Bach: Orchestral Suite, No. 2 & 3",False,INDIFFERENT,5:40,340,oNMAwDR2IYY,2025-02-13T23:09:30Z,commit:777ac1af
"Mariage d'amour ""Spring Waltz"" (Piano)",Marco Velocci,Mariage d'amour (Piano),False,INDIFFERENT,4:36,276,qWrx4o_flwY,2025-02-13T23:04:54Z,commit:777ac1af
The French Library,Franz Gordon,The French Library,False,INDIFFERENT,3:00,180,e-3z40QzJT0,2025-02-13T23:01:54Z,commit:777ac1af
"I Am Free (Theme from ""Suite française"")",Mercuzio Pianist,"I Am Free (Theme from ""Suite française"")",False,INDIFFERENT,4:36,276,9wHCrFnX7eo,2025-02-13T22:57:18Z,commit:777ac1af
"Générique De Début (From ""Une Hirondelle A Fait Le Printemps"")",Mercuzio Pianist,"Générique De Début (From ""Une Hirondelle A Fait Le Printemps"")",False,INDIFFERENT,3:31,211,seUq8_HfGq8,2025-02-13T22:53:47Z,commit:777ac1af
Four4,"Amadinda Percussion Group, John Cage",Legacies 4: Works for Percussion - Four4,False,INDIFFERENT,1:12:40,4360,KjlKDofv2Hk,2025-02-13T21:41:07Z,commit:777ac1af
Ryoanji (1983/85),John Cage,Ryoanji,False,INDIFFERENT,1:00:29,3629,m9N2Wx3odgE,2025-02-13T20:40:38Z,commit:777ac1af
Invisible [Piano Version] (feat. Sofiane Pamart),NTO,Invisible,False,INDIFFERENT,2:55,175,UuUyQlx09Dk,2025-02-13T20:37:43Z,commit:777ac1af
An Ending (Ascent),Brian Eno,Apollo: Atmospheres And Soundtracks (Extended Edition),False,INDIFFERENT,4:25,265,XbL9DT4QFc8,2025-02-13T20:33:18Z,commit:777ac1af
Dopamine Clouds Over Craven Cottage,Stars of the Lid,And Their Refinement of the Decline,False,INDIFFERENT,5:55,355,od1qtiWjXTw,2025-02-13T20:27:23Z,commit:777ac1af
Voigt-Kampf,Rafael Anton Irisarri,Daydreaming,False,INDIFFERENT,3:07,187,Nuk2HYBnB6c,2025-02-13T20:24:16Z,commit:777ac1af
Angle of Loll,Loscil,Sea Island,False,INDIFFERENT,5:52,352,apkmljREcv4,2025-02-13T20:18:24Z,commit:777ac1af
Mistral,loscil,Plume,False,INDIFFERENT,6:01,361,2rzkn_74crs,2025-02-13T20:12:23Z,commit:777ac1af
Charlie,loscil,Plume,False,INDIFFERENT,8:50,530,lm9BbFaFXPk,2025-02-13T20:03:33Z,commit:777ac1af
Halcyon,loscil,Plume,False,INDIFFERENT,7:22,442,36hSyE-F0H0,2025-02-13T19:56:11Z,commit:777ac1af
Bellows,loscil,Plume,False,INDIFFERENT,6:27,387,7T5EZ_wPqCI,2025-02-13T19:49:44Z,commit:777ac1af
Chinook,loscil,Plume,False,INDIFFERENT,6:58,418,mFECYlygl6g,2025-02-13T19:42:46Z,commit:777ac1af
Steam,loscil,Plume,False,INDIFFERENT,6:56,416,xEUg_TDpwg0,2025-02-13T19:35:50Z,commit:777ac1af
Zephyr,loscil,Plume,False,INDIFFERENT,5:20,320,1EXc96ZBPX4,2025-02-13T19:30:30Z,commit:777ac1af
Rorschach,loscil,Plume,False,INDIFFERENT,8:20,500,-VxwbHL78HI,2025-02-13T19:22:10Z,commit:777ac1af
Motoc,loscil,Plume,False,INDIFFERENT,6:30,390,zBCKNhgD2A8,2025-02-13T19:15:40Z,commit:777ac1af
Soulful,L'Indécis,Playtime,False,INDIFFERENT,3:41,221,fs0BCIUQ7Ws,2025-02-13T19:11:59Z,commit:777ac1af
You're Lucky She's Lonely,"Colter Wall, Summer Dean",You're Lucky She's Lonely,False,LIKE,3:27,207,vcR2WJh8Eyg,2025-02-13T19:08:32Z,commit:777ac1af
Shine (Live),"David Grisman, Stephane Grappelli",Stephane Grappelli and David Grisman Live,False,LIKE,5:19,319,oMobf1AHbHk,2025-02-13T19:03:13Z,commit:777ac1af
Angelic Particles (Remastered 2024),Hallucinogen,The Singles (Remastered 2024),False,INDIFFERENT,7:25,445,vxw60P4mfyM,2025-02-13T18:55:48Z,commit:777ac1af
Soothsayer (Remastered 2024),Hallucinogen,The Singles (Remastered 2024),False,INDIFFERENT,7:55,475,ASmsjqQ-8uw,2025-02-13T18:47:53Z,commit:777ac1af
Shamanix (Remix),Hallucinogen,The Singles (Remastered 2024),False,INDIFFERENT,8:10,490,9xVSCy4b4sA,2025-02-13T18:39:43Z,commit:777ac1af
Orphic Resonance (Remastered 2024),Hallucinogen,The Singles (Remastered 2024),False,INDIFFERENT,7:11,431,RAb4NaHCoIg,2025-02-13T18:32:32Z,commit:777ac1af
Angelic Particles (Ambient Mix),Hallucinogen,The Singles (Remastered 2024),False,INDIFFERENT,3:40,220,xMAECqhLAsU,2025-02-13T18:28:52Z,commit:777ac1af
Spiked (Remastered 2024),Hallucinogen,The Singles (Remastered 2024),False,INDIFFERENT,6:58,418,BX5r0hN3s64,2025-02-13T18:21:54Z,commit:777ac1af
LSD (Live Mix),Hallucinogen,The Singles (Remastered 2024),False,INDIFFERENT,9:10,550,XiG5suyBxzs,2025-02-13T18:12:44Z,commit:777ac1af
Solstice (Early Mix),Hallucinogen,The Singles (Remastered 2024),False,LIKE,5:54,354,sjv5knfjrHc,2025-02-13T18:06:50Z,commit:777ac1af
Time Holes,Easily Embarrassed,Idyllic Life,False,INDIFFERENT,5:52,352,7t5vNDQn6eY,2025-02-13T18:00:58Z,commit:777ac1af
Fairdreamers,Kliment,"Cosmik Chill ""Orange""",False,INDIFFERENT,10:59,659,SBIhN4uGKVk,2025-02-13T17:49:59Z,commit:777ac1af
Where the Street Have No Name,Koan,Matariki,False,INDIFFERENT,7:51,471,rwl2dY14Ucs,2025-02-13T17:42:08Z,commit:777ac1af
Waters of Life,Mystical Sun,Deeperworlds,False,INDIFFERENT,4:19,259,94F82d5gONs,2025-02-13T17:37:49Z,commit:777ac1af
Oleander (Phutureprimitive Symbiotic Remix),Bluetech,Digital Singles Vol.1,False,INDIFFERENT,7:36,456,JnKhDj3r81A,2025-02-13T17:30:13Z,commit:777ac1af
Iris Rotation,AES Dana,Memory Shell,False,INDIFFERENT,6:21,381,HHRiM0EDOoM,2025-02-13T17:23:52Z,commit:777ac1af
Back to Light,Asura,Life²,False,INDIFFERENT,6:35,395,_-JM7aQTs-I,2025-02-13T17:17:17Z,commit:777ac1af
Light Ocean Blue,Entheogenic,Entheogenic,False,INDIFFERENT,8:37,517,SICn0Wmptp0,2025-02-13T17:08:40Z,commit:777ac1af
Fortean Thieves (feat. Aliji),Slackbaba,Ask,False,INDIFFERENT,7:35,455,mS44RQWMsrU,2025-02-13T17:01:05Z,commit:777ac1af
Dub Crystals,Androcell,Emotivision,False,INDIFFERENT,7:19,439,-ixSurewLXQ,2025-02-13T16:53:46Z,commit:777ac1af
The Island Of Deceased Ships,Koan,When The Silence Is Speaking,False,INDIFFERENT,7:31,451,6Xb2UoID8IU,2025-02-13T16:46:15Z,commit:777ac1af
Veda,Astropilot,Iriy,False,INDIFFERENT,10:18,618,UNOfIH_osBE,2025-02-13T16:35:57Z,commit:777ac1af
Silver (Robot Baby Mix),Tripswitch,Circuit Breaker,False,INDIFFERENT,8:06,486,rf4PlZRnKxo,2025-02-13T16:27:51Z,commit:777ac1af
Ground Luminosity (Ott's New Yoghurt Loom Mix),Entheogenic,Dialogue Of The Speakers,False,INDIFFERENT,8:32,512,v_kVQapfavs,2025-02-13T16:19:19Z,commit:777ac1af
Probability Tree,Bluetech,The Divine Invasion,False,INDIFFERENT,6:06,366,8YyWUPPTwmA,2025-02-13T16:13:13Z,commit:777ac1af
Indigo Room,H.U.V.A. Network,Distances,False,INDIFFERENT,6:49,409,5aBrX1S49BE,2025-02-13T16:06:24Z,commit:777ac1af
Union Light,Solar Fields,"Fahrenheit Project, Part 4",False,INDIFFERENT,7:29,449,mJgF06bPHgI,2025-02-13T15:58:55Z,commit:777ac1af
Little Fluffy Clouds,The Orb,Adventures Beyond The Ultraworld,False,INDIFFERENT,4:28,268,KNfjpmvbQG0,2025-02-13T15:54:27Z,commit:777ac1af
The New Normal,"Shpongle, Simon Posford",Flux & Contemplation - Portrait of an Artist in Isolation,False,LIKE,10:42,642,xwyK3XGQvqI,2025-02-13T15:43:45Z,commit:777ac1af
The Hobbyist,"Shpongle, Simon Posford",Flux & Contemplation - Portrait of an Artist in Isolation,False,INDIFFERENT,6:34,394,GY2jxHg2HYo,2025-02-13T15:37:11Z,commit:777ac1af
Ripples of the Mind,"Shpongle, Simon Posford",Flux & Contemplation - Portrait of an Artist in Isolation,False,INDIFFERENT,3:48,228,jWHptnuVBew,2025-02-13T15:33:23Z,commit:777ac1af
Wish You Weren’t Here,"Shpongle, Simon Posford",Flux & Contemplation - Portrait of an Artist in Isolation,False,LIKE,5:29,329,gWpYbDCSoro,2025-02-13T15:27:54Z,commit:777ac1af
Germination,"Shpongle, Simon Posford",Flux & Contemplation - Portrait of an Artist in Isolation,False,INDIFFERENT,2:14,134,8XabjqbkjCs,2025-02-13T15:25:40Z,commit:777ac1af
Part Two (Cool),John Zorn,Filmworks VI: 1996,,INDIFFERENT,7:44,464,bGbGzzLYDK8,2025-02-13T15:17:56Z,commit:777ac1af
Part One (Hot),John Zorn,Filmworks VI: 1996,,INDIFFERENT,19:47,1187,-5U9X1AnDKU,2025-02-13T14:58:09Z,commit:777ac1af
Mechanics of the Brain,John Zorn,Filmworks VI: 1996,,INDIFFERENT,2:03,123,fWvvJWDmHO8,2025-02-13T14:56:06Z,commit:777ac1af
Pendulum,John Zorn,Filmworks VI: 1996,,INDIFFERENT,2:06,126,Th2Aria8GbM,2025-02-13T14:54:00Z,commit:777ac1af
Macbeth,John Zorn,Filmworks VI: 1996,,INDIFFERENT,3:05,185,rP0nzY8BGu0,2025-02-13T14:50:55Z,commit:777ac1af
Measuring,John Zorn,Filmworks VI: 1996,,INDIFFERENT,1:34,94,Ygf8QLGddWk,2025-02-13T14:49:21Z,commit:777ac1af
Subliminal Perceptions,John Zorn,Filmworks VI: 1996,,INDIFFERENT,1:45,105,3bC4hc9ekMw,2025-02-13T14:47:36Z,commit:777ac1af
Houdini,John Zorn,Filmworks VI: 1996,,INDIFFERENT,3:12,192,wG3MAlUVr3g,2025-02-13T14:44:24Z,commit:777ac1af
Witches' Cauldron,John Zorn,Filmworks VI: 1996,,INDIFFERENT,3:47,227,32600yAIcM4,2025-02-13T14:40:37Z,commit:777ac1af
Brain-Scan,John Zorn,Filmworks VI: 1996,,INDIFFERENT,1:06,66,VC_1K2r-Q6E,2025-02-13T14:39:31Z,commit:777ac1af
Surgery Montage,John Zorn,Filmworks VI: 1996,,INDIFFERENT,1:47,107,lTD5_Y5a3v4,2025-02-13T14:37:44Z,commit:777ac1af
Fireworks,John Zorn,Filmworks VI: 1996,,INDIFFERENT,1:52,112,VFvxu9KjIzE,2025-02-13T14:35:52Z,commit:777ac1af
End Titles,John Zorn,Filmworks VI: 1996,,INDIFFERENT,3:12,192,1qxyLCpz-D0,2025-02-13T14:32:40Z,commit:777ac1af
Seductress,John Zorn,Filmworks VI: 1996,,INDIFFERENT,4:19,259,I7WLjJXhqGk,2025-02-13T14:28:21Z,commit:777ac1af
Work-a-Day World (Anton's Theme),John Zorn,Filmworks VI: 1996,,INDIFFERENT,3:31,211,dqs67FN3KP8,2025-02-13T14:24:50Z,commit:777ac1af
Opening Credits / Hawaiian Postcard,John Zorn,Filmworks VI: 1996,,INDIFFERENT,2:57,177,vIj7CAWLM-w,2025-02-13T14:21:53Z,commit:777ac1af
e: Tweezer Reprise,Phish,"2003-02-20 Rosemont, IL - Allstate Arena (Pawk Matrix)",,INDIFFERENT,5:13,313,SkTOTk9Q6_E,2025-02-13T14:16:40Z,commit:777ac1af
e: Anything But Me,Phish,"2003-02-20 Rosemont, IL - Allstate Arena (Pawk Matrix)",,INDIFFERENT,5:17,317,vi-8glFav00,2025-02-13T14:11:23Z,commit:777ac1af
e: Golgi Apparatus,Phish,"2003-02-20 Rosemont, IL - Allstate Arena (Pawk Matrix)",,INDIFFERENT,4:47,287,pirfus8x178,2025-02-13T14:06:36Z,commit:777ac1af
Pebbles and Marbles,Phish,"2003-02-20 Rosemont, IL - Allstate Arena (Pawk Matrix)",,INDIFFERENT,17:16,1036,02tQZ-Ns1j4,2025-02-13T13:49:20Z,commit:777ac1af
Seven Below,Phish,"2003-02-20 Rosemont, IL - Allstate Arena (Pawk Matrix)",,INDIFFERENT,22:17,1337,0N6W43bdEck,2025-02-13T13:27:03Z,commit:777ac1af
Fast Enough For You,Phish,"2003-02-20 Rosemont, IL - Allstate Arena (Pawk Matrix)",,INDIFFERENT,8:17,497,QMFwXSPYxBs,2025-02-13T13:18:46Z,commit:777ac1af
Punch You in the Eye,Phish,"2003-02-20 Rosemont, IL - Allstate Arena (Pawk Matrix)",,INDIFFERENT,7:45,465,3tbP1aIEWFk,2025-02-13T13:11:01Z,commit:777ac1af
Tweezer,Phish,"2003-02-20 Rosemont, IL - Allstate Arena (Pawk Matrix)",,LIKE,20:50,1250,mUboRBIdDHw,2025-02-13T12:50:11Z,commit:777ac1af
Gotta Jibboo,Phish,"2003-02-20 Rosemont, IL - Allstate Arena (Pawk Matrix)",,INDIFFERENT,19:57,1197,3ZEC9gh8Wpo,2025-02-13T12:30:14Z,commit:777ac1af
Simple,Phish,"2003-02-20 Rosemont, IL - Allstate Arena (Pawk Matrix)",,INDIFFERENT,18:21,1101,Fujtf9X6ADs,2025-02-13T12:11:53Z,commit:777ac1af
Waves,Phish,"2003-02-20 Rosemont, IL - Allstate Arena (Pawk Matrix)",,INDIFFERENT,8:45,525,cpW0t8B2564,2025-02-13T12:03:08Z,commit:777ac1af
Driver,Phish,"2003-02-20 Rosemont, IL - Allstate Arena (Pawk Matrix)",,INDIFFERENT,3:43,223,m_FNFljqgzk,2025-02-13T11:59:25Z,commit:777ac1af
Into Leaf,Ivan the Tolerable,Nocturnes,False,INDIFFERENT,3:39,219,wB_fKpMJsSQ,2025-02-13T01:55:43Z,commit:777ac1af
Scentless Weightless,Ivan the Tolerable,Nocturnes,False,INDIFFERENT,5:56,356,_RVXEZPO1VA,2025-02-13T01:49:47Z,commit:777ac1af
Brain & Eye,Ivan the Tolerable,Nocturnes,False,INDIFFERENT,4:40,280,WuREzzWb1oo,2025-02-13T01:45:07Z,commit:777ac1af
Too Much Moonlight,Ivan the Tolerable,Nocturnes,False,INDIFFERENT,3:31,211,8PM-RILTzzs,2025-02-13T01:41:36Z,commit:777ac1af
Redcaps,Ivan the Tolerable,Nocturnes,False,INDIFFERENT,8:03,483,Rjt1xWg-FG8,2025-02-13T01:33:33Z,commit:777ac1af
Silver Knife,Ivan the Tolerable,Nocturnes,False,INDIFFERENT,4:56,296,bdbkpFYMAyk,2025-02-13T01:28:37Z,commit:777ac1af
Heavy Flowers,Ivan the Tolerable,Nocturnes,False,INDIFFERENT,3:55,235,j2kEu5zVuJc,2025-02-13T01:24:42Z,commit:777ac1af
A Serious House,Ivan the Tolerable,Nocturnes,False,INDIFFERENT,3:29,209,qZjUj5SUlkg,2025-02-13T01:21:13Z,commit:777ac1af
Confessionals,Ivan the Tolerable,Nocturnes,False,INDIFFERENT,3:59,239,CviwXuws7xA,2025-02-13T01:17:14Z,commit:777ac1af
01-11-2017,Pretty Lights The Hot Shit,The Hot Shit 2016,,INDIFFERENT,1:00:01,3601,qwyDN1tUZ0A,2025-02-13T00:17:13Z,commit:777ac1af
Old Gray Coat,The Tony Rice Unit,Acoustics,False,INDIFFERENT,3:55,235,q9co4MLTEK8,2025-02-13T00:13:18Z,commit:777ac1af
Shine (Live),"David Grisman, Stephane Grappelli",Stephane Grappelli and David Grisman Live,False,LIKE,5:19,319,oMobf1AHbHk,2025-02-13T00:07:59Z,commit:777ac1af
LIMEHOUSE BLUES,David Grisman Quintet,Live At The Gamh 1979,False,LIKE,3:55,235,kUYj4vJAQ2U,2025-02-13T00:04:04Z,commit:777ac1af
MINOR SWING,David Grisman Quintet,Live At The Gamh 1979,False,INDIFFERENT,3:58,238,EGDNobQObcI,2025-02-13T00:00:06Z,commit:777ac1af
WAITING ON VASSAR,David Grisman Quintet,Live At The Gamh 1979,False,INDIFFERENT,5:57,357,OGeYLNy9w-0,2025-02-12T23:54:09Z,commit:777ac1af
16/16,David Grisman Quintet,Live At The Gamh 1979,False,INDIFFERENT,4:28,268,siIS9DYF3S8,2025-02-12T23:49:41Z,commit:777ac1af
DAWG'S RAG,David Grisman Quintet,Live At The Gamh 1979,False,INDIFFERENT,10:20,620,3SXR6l0a2aY,2025-02-12T23:39:21Z,commit:777ac1af
MOONLIGHT WALTZ,David Grisman Quintet,Live At The Gamh 1979,False,INDIFFERENT,2:56,176,sExGurbkGVs,2025-02-12T23:36:25Z,commit:777ac1af
KEY SIGNATOR,David Grisman Quintet,Live At The Gamh 1979,False,INDIFFERENT,5:57,357,QUNJGotc0bc,2025-02-12T23:30:28Z,commit:777ac1af
NEON TETRA,David Grisman Quintet,Live At The Gamh 1979,False,INDIFFERENT,6:04,364,_hpvQ-xxmWo,2025-02-12T23:24:24Z,commit:777ac1af
INTRO,David Grisman Quintet,Live At The Gamh 1979,False,INDIFFERENT,0:27,27,mMB2OXjUfXg,2025-02-12T23:23:57Z,commit:777ac1af
RICHOCHET,David Grisman Quintet,Live At The Gamh 1979,False,INDIFFERENT,2:35,155,LWXZTyrYHjs,2025-02-12T23:21:22Z,commit:777ac1af
PNEUMONIA,David Grisman Quintet,Live At The Gamh 1979,False,INDIFFERENT,6:45,405,EG4RB8KRMTQ,2025-02-12T23:14:37Z,commit:777ac1af
BAND INTRO,David Grisman Quintet,Live At The Gamh 1979,False,INDIFFERENT,3:01,181,prKRsjSRtL4,2025-02-12T23:11:36Z,commit:777ac1af
MINOR SWING,David Grisman Quintet,Live At The Gamh 1979,False,INDIFFERENT,3:57,237,jTSsnPNiBUU,2025-02-12T23:07:39Z,commit:777ac1af
JANICE,David Grisman Quintet,Live At The Gamh 1979,False,INDIFFERENT,4:47,287,-NeE1U5j6z0,2025-02-12T23:02:52Z,commit:777ac1af
DEVLIN,David Grisman Quintet,Live At The Gamh 1979,False,INDIFFERENT,5:12,312,BXR-SPgihTk,2025-02-12T22:57:40Z,commit:777ac1af
WAITING ON VASSAR,David Grisman Quintet,Live At The Gamh 1979,False,INDIFFERENT,6:20,380,LZbmC3dnG88,2025-02-12T22:51:20Z,commit:777ac1af
16/16,David Grisman Quintet,Live At The Gamh 1979,False,INDIFFERENT,4:29,269,U-K3VI57t7c,2025-02-12T22:46:51Z,commit:777ac1af
Hawktail+Väsen | 2024-02-21 | The Tobogganist,"449 views, Mark's Memories",,False,INDIFFERENT,4:19,259,TKc2S4CfsVA,2025-02-12T22:42:32Z,commit:777ac1af
Hawktail+Väsen | 2024-02-21 | Hymn Till Sommarnätter,"324 views, Mark's Memories",,False,INDIFFERENT,3:53,233,urUtFanuUZQ,2025-02-12T22:38:39Z,commit:777ac1af
Hawktail+Väsen | 2024-02-21 | Polska,"127 views, Mark's Memories",,False,INDIFFERENT,4:33,273,zU1YL4LIIJE,2025-02-12T22:34:06Z,commit:777ac1af
Hawktail+Väsen | 2024-02-21 | Harpleken,"137 views, Mark's Memories",,False,INDIFFERENT,3:14,194,_gcDCwSvKkg,2025-02-12T22:30:52Z,commit:777ac1af
Hawktail+Väsen | 2024-02 -21 | Polska,"153 views, Mark's Memories",,False,INDIFFERENT,2:54,174,UVHUlX7jUpw,2025-02-12T22:27:58Z,commit:777ac1af
Hawktail+Väsen | 2024-02-21 | Unless,"223 views, Mark's Memories",,False,INDIFFERENT,5:52,352,acP-6Ig2DNU,2025-02-12T22:22:06Z,commit:777ac1af
Hawktail+Väsen | 2024-02-21 | Strykarepolska,"270 views, Mark's Memories",,False,INDIFFERENT,3:36,216,jSrZa-wPlag,2025-02-12T22:18:30Z,commit:777ac1af
Hawktail+Väsen | 2024-02-21 | Switchback Games,"90 views, Mark's Memories",,False,INDIFFERENT,5:16,316,m-vCGeKdGrI,2025-02-12T22:13:14Z,commit:777ac1af
Hawktail+Väsen | 2024-02-21 | Wallmarin,"100 views, Mark's Memories",,False,INDIFFERENT,4:18,258,iwgAYJ-ifUo,2025-02-12T22:08:56Z,commit:777ac1af
Hawktail+Väsen | 2024-02-21 | Ms  Pretzel,"135 views, Mark's Memories",,False,INDIFFERENT,3:25,205,1cxx7i966YM,2025-02-12T22:05:31Z,commit:777ac1af
Hawktail+Väsen | 2024-02-21 | Leadfoot,"211 views, Mark's Memories",,False,INDIFFERENT,4:16,256,3qkHSzp7-js,2025-02-12T22:01:15Z,commit:777ac1af
Unless,Hawktail,Unless,False,INDIFFERENT,5:25,325,N7jwuE6g1r0,2025-02-12T21:55:50Z,commit:777ac1af
Pogo Big,Darol Anger,E–And' A,False,INDIFFERENT,5:06,306,QKuqooBG1Io,2025-02-12T21:50:44Z,commit:777ac1af
Dan'l Boone,"David Grisman, Sam Bush","Hold On, We're Strummin'",False,LIKE,4:04,244,U1PdNdGx10o,2025-02-12T21:46:40Z,commit:777ac1af
Jerusalem Ridge,The Tony Rice Unit,Unit Of Measure,False,INDIFFERENT,6:39,399,t0uI2R4nWnU,2025-02-12T21:40:01Z,commit:777ac1af
1952 Vincent Black Lightning,Del McCoury Band,Del & The Boys,False,LIKE,4:03,243,Vz6fCj1zLSg,2025-02-12T21:35:58Z,commit:777ac1af
Nelia's Dance,Bryan Sutton,Bluegrass Guitar,False,INDIFFERENT,3:48,228,i2DAuatgi9A,2025-02-12T21:32:10Z,commit:777ac1af
White Rabbit,"Golden Highway, Molly Tuttle",White Rabbit,False,INDIFFERENT,5:16,316,j16plclDtwU,2025-02-12T21:26:54Z,commit:777ac1af
The Old Home Town,The Bluegrass Album Band,"The Bluegrass Album, Vol. 4",False,INDIFFERENT,3:07,187,mdXftxUIIk4,2025-02-12T21:23:47Z,commit:777ac1af
Sour Grapes,Béla Fleck,My Bluegrass Heart,False,INDIFFERENT,4:05,245,2_uSVPawc-4,2025-02-12T21:19:42Z,commit:777ac1af
Ole Blake,Bryan Sutton,Into My Own,False,INDIFFERENT,4:12,252,thpQ6yye4lw,2025-02-12T21:15:30Z,commit:777ac1af
Hartford's Real,"David Grisman, Sam Bush","Hold On, We're Strummin'",False,INDIFFERENT,6:02,362,PQ7Tn326MvM,2025-02-12T21:09:28Z,commit:777ac1af
Big Bug Shuffle,"Edgar Meyer, Jerry Douglas, Russ Barenberg","Skip, Hop And Wobble",False,INDIFFERENT,3:43,223,HeTShE2PiQI,2025-02-12T21:05:45Z,commit:777ac1af
Boulderdash (feat. Tony Trischka & Noam Pikelny),Béla Fleck,My Bluegrass Heart,False,LIKE,7:02,422,H84Ast4cZMo,2025-02-12T20:58:43Z,commit:777ac1af
Virginia Creeper,Bryan Sutton,The More I Learn,False,INDIFFERENT,4:24,264,dRLrj-nyaj0,2025-02-12T20:54:19Z,commit:777ac1af
Gutted,Bella White,Just Like Leaving,False,INDIFFERENT,4:07,247,v9fb1R1G-A0,2025-02-12T20:50:12Z,commit:777ac1af
"Tipper (feat. Scott Vestal, Randy Kohrs, Tim Crouch & Cody Kilby)","Jonah Horton, Pinecastle Records",Bluegrass 2022,False,INDIFFERENT,4:13,253,XIXA5nH_rfc,2025-02-12T20:45:59Z,commit:777ac1af
This Old Road (feat. David Grisman & Billy Strings),Béla Fleck,My Bluegrass Heart,False,INDIFFERENT,4:56,296,XrfLEt9-LAU,2025-02-12T20:41:03Z,commit:777ac1af
Rosemary,Sierra Ferrell,Trail Of Flowers,False,INDIFFERENT,3:37,217,DoYRPz8DA_U,2025-02-12T20:37:26Z,commit:777ac1af
Last Train Home (Instrumental),"Mark Howard, Sam Bush, Stuart Duncan",Lonesome Whistle,False,INDIFFERENT,4:08,248,3DBJ-_UUP64,2025-02-12T20:33:18Z,commit:777ac1af
Baltimore Johnny,The Del McCoury Band,The Cold Hard Facts,False,INDIFFERENT,3:32,212,RpmY0Kf7ukA,2025-02-12T20:29:46Z,commit:777ac1af
Rattlesnake,Tony Rice,Tony Rice,False,INDIFFERENT,4:28,268,S5Jto4jPr6U,2025-02-12T20:25:18Z,commit:777ac1af
Jerusalem Ridge,Noam Pikelny,Noam Pikelny Plays Kenny Baker Plays Bill Monroe,False,INDIFFERENT,4:32,272,Qk7-tPw2H-c,2025-02-12T20:20:46Z,commit:777ac1af
Log Jam,Bryan Sutton,Into My Own,False,INDIFFERENT,4:33,273,DFVrobBOEa0,2025-02-12T20:16:13Z,commit:777ac1af
Minor Swing,David Grisman,The David Grisman Quintet,False,INDIFFERENT,3:00,180,ONBYS-FSQwc,2025-02-12T20:13:13Z,commit:777ac1af
Tentacle Dragon (Revenge of the) (feat. Billy Strings),Béla Fleck,My Bluegrass Heart,False,INDIFFERENT,5:54,354,C88W6NBodCM,2025-02-12T20:07:19Z,commit:777ac1af
"Vertigo (feat. Sam Bush, Bryan Sutton, Edgar Meyer & Stuart Duncan)",Béla Fleck,My Bluegrass Heart,False,LIKE,5:19,319,CLSkIjLGEM0,2025-02-12T20:02:00Z,commit:777ac1af
Destination,Nickel Creek,A Dotted Line,False,INDIFFERENT,3:52,232,H4e2YI2Qx5A,2025-02-12T19:58:08Z,commit:777ac1af
The Sea,Sierra Ferrell,The Sea,False,LIKE,3:33,213,XJv58Q93_s0,2025-02-12T19:54:35Z,commit:777ac1af
Turf The Gambler,"David Rawlings, Gillian Welch",Woodland,False,LIKE,2:50,170,-3l3X3ONBtk,2025-02-12T19:51:45Z,commit:777ac1af
Poison Trees,The Devil Makes Three,Do Wrong Right,False,INDIFFERENT,3:58,238,uia5vCOAk2Y,2025-02-12T19:47:47Z,commit:777ac1af
One More Day,The Wood Brothers,Ways Not To Lose,False,INDIFFERENT,3:07,187,oVZYCtuFVf8,2025-02-12T19:44:40Z,commit:777ac1af
"Don't Think Twice, It's All Right",The Infamous Stringdusters,Undercover,False,LIKE,4:26,266,Wewb33DJSz0,2025-02-12T19:40:14Z,commit:777ac1af
I Am A Man Of Constant Sorrow (Instrumental),Norman Blake,"O Brother, Where Art Thou? (Original Motion Picture Soundtrack)",False,INDIFFERENT,4:30,270,s-xRawj4dZo,2025-02-12T19:35:44Z,commit:777ac1af
She's Your Baby,Ween,White Pepper,False,INDIFFERENT,3:01,181,SfwN4x--bew,2025-02-12T19:32:43Z,commit:777ac1af
Jumbo,Punch Brothers,All Ashore,False,LIKE,3:36,216,ioDXUnJmdBE,2025-02-12T19:29:07Z,commit:777ac1af
Ain't No Grave,Crooked Still,Shaken By A Low Sound,False,INDIFFERENT,3:22,202,eb4W_3KC50g,2025-02-12T19:25:45Z,commit:777ac1af
The Way I Oughta Go,Bella White,The Way I Oughta Go,False,INDIFFERENT,4:11,251,G1sO_4QEEHs,2025-02-12T19:21:34Z,commit:777ac1af
Seven Weeks In County,Billy Strings,Seven Weeks In County,False,INDIFFERENT,4:17,257,Q2htdugjQTs,2025-02-12T19:17:17Z,commit:777ac1af
There's More Pretty Girls Than One,"Ricky Skaggs, Tony Rice",Skaggs And Rice,False,INDIFFERENT,3:05,185,mSjwUJvu0PI,2025-02-12T19:14:12Z,commit:777ac1af
Hug Point (feat. Sierra Hull & Molly Tuttle),Béla Fleck,My Bluegrass Heart,False,INDIFFERENT,5:19,319,xtN5qkgVAVo,2025-02-12T19:08:53Z,commit:777ac1af
Dollar Bill Bar,Sierra Ferrell,Dollar Bill Bar,False,INDIFFERENT,3:30,210,0_7TjIxxM_4,2025-02-12T19:05:23Z,commit:777ac1af
"Vertigo (feat. Sam Bush, Bryan Sutton, Edgar Meyer & Stuart Duncan)",Béla Fleck,My Bluegrass Heart,False,LIKE,5:19,319,CLSkIjLGEM0,2025-02-12T19:00:04Z,commit:777ac1af
Boll Weevil,Punch Brothers,The Phosphorescent Blues,False,INDIFFERENT,2:37,157,HTZdoye0rqg,2025-02-12T18:57:27Z,commit:777ac1af
Patchwork Girlfriend,Punch Brothers,Who's Feeling Young Now?,False,LIKE,3:49,229,CMtyWB_Pzic,2025-02-12T18:53:38Z,commit:777ac1af
Mull,Phish,"2021/10/26 Santa Barbara, CA",,INDIFFERENT,9:18,558,v35Y8u7rpG0,2025-02-12T08:44:17Z,commit:777ac1af
Mountains In The Mist,Phish,"2021/10/26 Santa Barbara, CA",,INDIFFERENT,7:08,428,hzUcXNhA1Q0,2025-02-12T08:37:09Z,commit:777ac1af
Halley's Comet,Phish,"2021/10/26 Santa Barbara, CA",,INDIFFERENT,11:26,686,nS_uSlX1t8A,2025-02-12T08:25:43Z,commit:777ac1af
Leila (Anatolian Sessions Remix),Ephlum,Andalusia,False,INDIFFERENT,8:02,482,PAQTXAlwKXA,2025-02-09T16:15:22Z,commit:777ac1af
Niv,Geju,Niv (Remixes),False,LIKE,6:49,409,9fvNi6OmAbU,2025-02-09T16:08:33Z,commit:777ac1af
Lluvia (feat. Nicola Cruz & Mohanad Zohair),Klik & Frik,Telepat,False,INDIFFERENT,4:10,250,S85xONzkGEI,2025-02-09T16:04:23Z,commit:777ac1af
Makisupa Policeman,Phish,"2021/10/26 Santa Barbara, CA",,INDIFFERENT,5:04,304,O8Mnhe0HhA8,2025-02-09T15:59:19Z,commit:777ac1af
Pebbles and Marbles,Phish,"2021/10/26 Santa Barbara, CA",,INDIFFERENT,20:00,1200,I9tzRmf2Z1I,2025-02-09T15:39:19Z,commit:777ac1af
Arsenal Dance,John Zorn,Filmworks II: Music for an Untitled Film by Walter Hill,,INDIFFERENT,3:59,239,XKYn_G437qc,2025-02-08T19:35:13Z,commit:777ac1af
Alternate Ending/End Title,John Zorn,Filmworks II: Music for an Untitled Film by Walter Hill,,INDIFFERENT,2:42,162,B8YrDnEdcVQ,2025-02-08T19:32:31Z,commit:777ac1af
Ending,John Zorn,Filmworks II: Music for an Untitled Film by Walter Hill,,INDIFFERENT,0:58,58,h6pXwTmpEas,2025-02-08T19:31:33Z,commit:777ac1af
Outside,John Zorn,Filmworks II: Music for an Untitled Film by Walter Hill,,INDIFFERENT,0:25,25,CQ2zbglZJEY,2025-02-08T19:31:08Z,commit:777ac1af
Kill Fever,John Zorn,Filmworks II: Music for an Untitled Film by Walter Hill,,INDIFFERENT,1:18,78,nyWOloi_Yh0,2025-02-08T19:29:50Z,commit:777ac1af
Escape,John Zorn,Filmworks II: Music for an Untitled Film by Walter Hill,,INDIFFERENT,2:03,123,r6PV7J0CJrg,2025-02-08T19:27:47Z,commit:777ac1af
Vengance Is Mine,John Zorn,Filmworks II: Music for an Untitled Film by Walter Hill,,INDIFFERENT,2:04,124,y6qfJad2x-Q,2025-02-08T19:25:43Z,commit:777ac1af
Lucky Run,John Zorn,Filmworks II: Music for an Untitled Film by Walter Hill,,INDIFFERENT,1:00,60,A-9WhL-BJ54,2025-02-08T19:24:43Z,commit:777ac1af
Heroin Fix,John Zorn,Filmworks II: Music for an Untitled Film by Walter Hill,,INDIFFERENT,2:41,161,jMXIbnvhvVU,2025-02-08T19:22:02Z,commit:777ac1af
"The Plot, Part 2",John Zorn,Filmworks II: Music for an Untitled Film by Walter Hill,,INDIFFERENT,0:44,44,hl5MfbCDass,2025-02-08T19:21:18Z,commit:777ac1af
"The Plot, Part 1",John Zorn,Filmworks II: Music for an Untitled Film by Walter Hill,,INDIFFERENT,1:34,94,IKBOId3iuU8,2025-02-08T19:19:44Z,commit:777ac1af
Conspiracy,John Zorn,Filmworks II: Music for an Untitled Film by Walter Hill,,INDIFFERENT,0:47,47,CR6Pb46ov1w,2025-02-08T19:18:57Z,commit:777ac1af
Dilemma,John Zorn,Filmworks II: Music for an Untitled Film by Walter Hill,,INDIFFERENT,1:16,76,uEVvSmNIweE,2025-02-08T19:17:41Z,commit:777ac1af
Chimney,John Zorn,Filmworks II: Music for an Untitled Film by Walter Hill,,INDIFFERENT,0:24,24,o2vZs2pE6xQ,2025-02-08T19:17:17Z,commit:777ac1af
The Magic of Gold,John Zorn,Filmworks II: Music for an Untitled Film by Walter Hill,,INDIFFERENT,2:26,146,i68s4OOVmq8,2025-02-08T19:14:51Z,commit:777ac1af
Powerline,John Zorn,Filmworks II: Music for an Untitled Film by Walter Hill,,INDIFFERENT,0:20,20,VCQA48u6KcU,2025-02-08T19:14:31Z,commit:777ac1af
King James,John Zorn,Filmworks II: Music for an Untitled Film by Walter Hill,,INDIFFERENT,1:07,67,020mzPNqQoU,2025-02-08T19:13:24Z,commit:777ac1af
Arsenal,John Zorn,Filmworks II: Music for an Untitled Film by Walter Hill,,INDIFFERENT,0:56,56,zGhp1Gcr6v0,2025-02-08T19:12:28Z,commit:777ac1af
Prying at the Windows,John Zorn,Filmworks II: Music for an Untitled Film by Walter Hill,,INDIFFERENT,0:38,38,Hx2xRDyQ4os,2025-02-08T19:11:50Z,commit:777ac1af
Arrival,John Zorn,Filmworks II: Music for an Untitled Film by Walter Hill,,INDIFFERENT,0:47,47,5XrNtWEY3RY,2025-02-08T19:11:03Z,commit:777ac1af
Escape Attempt,John Zorn,Filmworks II: Music for an Untitled Film by Walter Hill,,INDIFFERENT,1:44,104,L4nrvPWuwpI,2025-02-08T19:09:19Z,commit:777ac1af
The Trunk,John Zorn,Filmworks II: Music for an Untitled Film by Walter Hill,,INDIFFERENT,0:09,9,UND68hF6EUs,2025-02-08T19:09:10Z,commit:777ac1af
Dumping the Body,John Zorn,Filmworks II: Music for an Untitled Film by Walter Hill,,INDIFFERENT,0:40,40,VSQ1WtjzmnI,2025-02-08T19:08:30Z,commit:777ac1af
Action,John Zorn,Filmworks II: Music for an Untitled Film by Walter Hill,,INDIFFERENT,0:41,41,IVHWgkY9Pdo,2025-02-08T19:07:49Z,commit:777ac1af
Stealth,John Zorn,Filmworks II: Music for an Untitled Film by Walter Hill,,INDIFFERENT,0:44,44,pPJuuupi-Rg,2025-02-08T19:07:05Z,commit:777ac1af
Two Interiors,John Zorn,Filmworks II: Music for an Untitled Film by Walter Hill,,INDIFFERENT,0:40,40,_GdiOekl7XM,2025-02-08T19:06:25Z,commit:777ac1af
Rattlesnakes for Sergio Leone,John Zorn,Filmworks II: Music for an Untitled Film by Walter Hill,,INDIFFERENT,1:44,104,08KkzqUjDZA,2025-02-08T19:04:41Z,commit:777ac1af
Exploring,John Zorn,Filmworks II: Music for an Untitled Film by Walter Hill,,INDIFFERENT,1:02,62,Z4G2i44THGA,2025-02-08T19:03:39Z,commit:777ac1af
Scuffle,John Zorn,Filmworks II: Music for an Untitled Film by Walter Hill,,INDIFFERENT,0:22,22,FiCPXC-zIhc,2025-02-08T19:03:17Z,commit:777ac1af
Pigeons,John Zorn,Filmworks II: Music for an Untitled Film by Walter Hill,,INDIFFERENT,0:53,53,jhhakX1RIiI,2025-02-08T19:02:24Z,commit:777ac1af
Meatlocker,John Zorn,Filmworks II: Music for an Untitled Film by Walter Hill,,INDIFFERENT,0:58,58,yh511aP3bIQ,2025-02-08T19:01:26Z,commit:777ac1af
"High Falls (Live at the Beacon Theatre, New York, NY - March 2000)",The Allman Brothers Band,Peakin' at the Beacon,False,INDIFFERENT,27:28,1648,VapDpctATQU,2025-02-08T18:33:58Z,commit:777ac1af
"Seven Turns (Live at the Beacon Theatre, New York, NY - March 2000)",The Allman Brothers Band,Peakin' at the Beacon,False,INDIFFERENT,4:49,289,y0RaWHgc3G8,2025-02-08T18:29:09Z,commit:777ac1af
"Leave My Blues At Home (Live at the Beacon Theatre, New York, NY - March 2000)",The Allman Brothers Band,Peakin' at the Beacon,False,INDIFFERENT,5:08,308,xraMFoJSgcA,2025-02-08T18:24:01Z,commit:777ac1af
"Black Hearted Woman (Live at the Beacon Theatre, New York, NY - March 2000)",The Allman Brothers Band,Peakin' at the Beacon,False,INDIFFERENT,6:31,391,aIuYg1idDnY,2025-02-08T18:17:30Z,commit:777ac1af
"Stand Back (Live at the Beacon Theatre, New York, NY - March 2000)",The Allman Brothers Band,Peakin' at the Beacon,False,INDIFFERENT,5:45,345,9kZydwRtE8g,2025-02-08T18:11:45Z,commit:777ac1af
"Please Call Home (Live at the Beacon Theatre, New York, NY - March 2000)",The Allman Brothers Band,Peakin' at the Beacon,False,INDIFFERENT,4:31,271,dixcZxZqJ0c,2025-02-08T18:07:14Z,commit:777ac1af
"Every Hungry Woman (Live at the Beacon Theatre, New York, NY - March 2000)",The Allman Brothers Band,Peakin' at the Beacon,False,INDIFFERENT,5:57,357,1plI98PdMCY,2025-02-08T18:01:17Z,commit:777ac1af
"Ain't Wastin' Time No More (Live at the Beacon Theatre, New York, NY - March 2000)",The Allman Brothers Band,Peakin' at the Beacon,False,INDIFFERENT,5:47,347,ndyPjJ1ez8w,2025-02-08T17:55:30Z,commit:777ac1af
"It's Not My Cross To Bear (Live at the Beacon Theatre, New York, NY - March 2000)",The Allman Brothers Band,Peakin' at the Beacon,False,INDIFFERENT,5:13,313,tRRjqwQtr-4,2025-02-08T17:50:17Z,commit:777ac1af
"Don't Want You No More (Live at the Beacon Theatre, New York, NY - March 2000)",The Allman Brothers Band,Peakin' at the Beacon,False,INDIFFERENT,3:07,187,RwKsUV-JKdE,2025-02-08T17:47:10Z,commit:777ac1af
Shine On You Crazy Diamond (Pts. I-V),Pink Floyd,Wish You Were Here,False,INDIFFERENT,13:32,812,Tu7oq3VNgpY,2025-02-08T17:33:38Z,commit:777ac1af
All Along the Watchtower,The Jimi Hendrix Experience,Electric Ladyland,False,INDIFFERENT,4:01,241,wVLqFQ5QT7Y,2025-02-08T17:29:37Z,commit:777ac1af
"Deal (Live at Barton Hall, Cornell University, Ithaca, NY 5/8/77)",Grateful Dead,Cornell 5/8/77 (Live),False,INDIFFERENT,6:11,371,lvwY2psxdl0,2025-02-08T17:23:26Z,commit:777ac1af
Tangerine (Remaster),Led Zeppelin,Led Zeppelin III (Remaster),False,INDIFFERENT,3:12,192,_0Auvlsv860,2025-02-08T17:20:14Z,commit:777ac1af
Sugaree,Jerry Garcia,Garcia,False,INDIFFERENT,5:53,353,sxF9UJ-Rm0E,2025-02-08T17:14:21Z,commit:777ac1af
A New Door Opens,John Zorn,THE HERMETIC ORGAN VOLUME 11— FOR TERRY RILEY,False,INDIFFERENT,20:42,1242,rs2bL_mDHIA,2025-02-08T16:53:39Z,commit:777ac1af
Heavy Things,Phish,Farmhouse,False,INDIFFERENT,4:16,256,wQKN9wr1-aE,2025-02-08T16:49:23Z,commit:777ac1af
Althea (Live October 1989 - April 1990),Grateful Dead,Without a Net (Live),False,INDIFFERENT,6:55,415,XXnGyGp71xA,2025-02-08T16:42:28Z,commit:777ac1af
That's the Way the World Goes Round,John Prine,Bruised Orange,False,LIKE,3:21,201,ZogciFl-udY,2025-02-08T16:39:07Z,commit:777ac1af
The Weight (Remastered 2000),The Band,Music From Big Pink,False,INDIFFERENT,4:35,275,QWu-f7HFFJE,2025-02-08T16:34:32Z,commit:777ac1af
"Willin' (Live at Lisner Auditorium, Washington, DC, 8/8/1977)",Little Feat,Waiting for Columbus (Live Version; Deluxe Edition),False,INDIFFERENT,4:43,283,YIIDvLXySH8,2025-02-08T16:29:49Z,commit:777ac1af
"Ramble on Rose (Live at the Strand Lyceum, London, England, 5/26/72) [2001 Remaster]",Grateful Dead,Europe '72 (Live; 2001 Remaster),False,INDIFFERENT,6:02,362,R-MWLPJL3b0,2025-02-08T16:23:47Z,commit:777ac1af
"Rocket Man (I Think It's Going To Be A Long, Long Time)",Elton John,Honky Chateau,False,INDIFFERENT,4:42,282,BdEe5SpdIuo,2025-02-08T16:19:05Z,commit:777ac1af
One Toke Over the Line,Brewer & Shipley,Tarkio Road,False,LIKE,3:20,200,OF3EUFnafp8,2025-02-08T16:15:45Z,commit:777ac1af
Right Place Wrong Time,Dr. John,In The Right Place,False,INDIFFERENT,2:56,176,zw-2CTx4YgY,2025-02-08T16:12:49Z,commit:777ac1af
Uncle John's Band,Grateful Dead,Workingman's Dead,False,INDIFFERENT,4:45,285,yD1naKNQuF4,2025-02-08T16:08:04Z,commit:777ac1af
Dreams (2004 Remaster),Fleetwood Mac,Rumours,False,INDIFFERENT,4:18,258,swJOIjjW69U,2025-02-08T16:03:46Z,commit:777ac1af
Apeman (2020 Stereo Remaster),The Kinks,"Lola Versus Powerman and the Moneygoround, Pt. 1",False,INDIFFERENT,3:54,234,3eoeA_8hC4c,2025-02-08T15:59:52Z,commit:777ac1af
You Were the Fool,Ween,12 Golden Country Greats,False,INDIFFERENT,4:27,267,plKeLTrR8Cs,2025-02-08T15:55:25Z,commit:777ac1af
Scarlet Begonias,Grateful Dead,From the Mars Hotel,False,INDIFFERENT,4:20,260,xt4XAz2WZ3Y,2025-02-08T15:51:05Z,commit:777ac1af
How Sweet It Is (To Be Loved By You) (Previously Unreleased Take),"Jerry Garcia, Merl Saunders",Keystone Companions: The Complete 1973 Fantasy Recordings,False,INDIFFERENT,8:10,490,TGQSw_VbOzQ,2025-02-08T15:42:55Z,commit:777ac1af
Back in the Goodle Days,John Hartford,Aereo-Plain,False,INDIFFERENT,3:40,220,UcF0SY0m3sU,2025-02-08T15:39:15Z,commit:777ac1af
Rocky Raccoon (Remastered 2009),The Beatles,The Beatles,False,INDIFFERENT,3:34,214,sDcDCZGcZj8,2025-02-08T15:35:41Z,commit:777ac1af
"Peggy-O (Live in Englishtown, NJ, September 3, 1977)",Grateful Dead,"Dick's Picks Vol. 15: Raceway Park, Englishtown, NJ 9/3/77 (Live)",False,INDIFFERENT,9:19,559,Q6kT4pItzj0,2025-02-08T15:26:22Z,commit:777ac1af
Box of Rain,Grateful Dead,American Beauty,False,INDIFFERENT,5:19,319,nxjvo4BRf-Y,2025-02-08T15:21:03Z,commit:777ac1af
Danza de Vision,Nicola Cruz,Cantos de Vision,False,INDIFFERENT,5:30,330,DTG3pbGnV7k,2025-02-08T15:15:33Z,commit:777ac1af
Les Yeux Noirs (Dark Eyes),Pomplamoose,Les Yeux Noirs (Dark Eyes),False,LIKE,2:50,170,aF3nNI47aO0,2025-02-08T15:12:43Z,commit:777ac1af
L.S.D.,Hallucinogen,Twisted,False,INDIFFERENT,6:44,404,sG_etTHdrBc,2025-02-08T15:05:59Z,commit:777ac1af
Meditation,Turu Anasi,Meditation,False,LIKE,8:30,510,O8det02XaIA,2025-02-08T14:57:29Z,commit:777ac1af
Pineapple Boosts Your Melatonin (feat. James Ocen),Tom Blip,Isolation Therapy,False,INDIFFERENT,5:07,307,p-7b-1olME0,2025-02-08T14:52:22Z,commit:777ac1af
Sisyphus,Andrew Bird,My Finest Work Yet,False,LIKE,4:08,248,OsgUQrKTTtc,2025-02-08T14:48:14Z,commit:777ac1af
Vayu,Kora (CA),Fragile,False,INDIFFERENT,7:07,427,4_MvoXkG9dk,2025-02-08T14:41:07Z,commit:777ac1af
Snake Oil,Glass Beams,Mahal,False,INDIFFERENT,4:56,296,qcraR6poCHk,2025-02-08T14:36:11Z,commit:777ac1af
"High Tide, Storm Rising",Skinshape,"High Tide, Storm Rising",False,LIKE,3:57,237,2t1EiWjHFt8,2025-02-08T14:32:14Z,commit:777ac1af
No Depression (In Heaven) (feat. The Carter Family),Blind Willie Johnson,"The Old Time Music Radio Show Bluegrass, Blues & Gospel",False,LIKE,2:59,179,NOVRYpNS8vY,2025-02-08T14:29:15Z,commit:777ac1af
All That Love,Andie Zuzarte,All That Love,False,LIKE,3:32,212,t7viuDDbQ5M,2025-02-08T14:25:43Z,commit:777ac1af
Turn Signals,Andie Zuzarte,Turn Signals,False,INDIFFERENT,3:50,230,5kM4hCLOIcE,2025-02-08T14:21:53Z,commit:777ac1af
Hold On,Tom Waits,Mule Variations,False,INDIFFERENT,5:34,334,FFv_8gsOJaQ,2025-02-08T13:58:25Z,commit:777ac1af
Downstream (feat. John Anderson),"Bonnie ""Prince"" Billy",Downstream,False,INDIFFERENT,3:49,229,r8URo7b-bkQ,2025-02-08T13:54:36Z,commit:777ac1af
Been Worryin',"Cat Clyde, Jeremie Albino",Been Worryin',False,INDIFFERENT,3:03,183,GJsig9M42UE,2025-02-08T13:51:33Z,commit:777ac1af
Time,Angelo De Augustine,Tomb,False,INDIFFERENT,3:57,237,Nk09fCR0sF0,2025-02-08T13:47:36Z,commit:777ac1af
New Partner,Palace Music,Viva Last Blues,False,INDIFFERENT,3:55,235,HI9TtCpOnD4,2025-02-08T13:43:41Z,commit:777ac1af
Way of the Triune God (Hallelujah Version),Tyler Childers,Can I Take My Hounds to Heaven?,False,INDIFFERENT,3:29,209,YYC4scj5rXY,2025-02-08T13:40:12Z,commit:777ac1af
25 & Wastin' Time,Vincent Neil Emerson,Fried Chicken & Evil Women,False,LIKE,2:58,178,qNxFqo7VIiE,2025-02-08T13:37:14Z,commit:777ac1af
Spiders (Kidsmoke),Wilco,A Ghost Is Born,False,INDIFFERENT,10:43,643,Yk541WmcoSg,2025-02-08T13:26:31Z,commit:777ac1af
"Don't Think Twice, It's All Right",Bob Dylan,Bob Dylan's Greatest Hits Volume II,False,INDIFFERENT,3:38,218,mOCTQKW7CwE,2025-02-08T13:22:53Z,commit:777ac1af
The Problem,J.J. Cale,To Tulsa and Back,False,INDIFFERENT,4:32,272,XH9vcf_f99g,2025-02-08T13:18:21Z,commit:777ac1af
The Way It Goes,Gillian Welch,The Harrow & The Harvest,False,INDIFFERENT,4:02,242,HNHPoHLqtTk,2025-02-08T13:14:19Z,commit:777ac1af
Waiting Around To Die,The Be Good Tanyas,Chinatown,False,INDIFFERENT,5:15,315,yfCRXCfL_Ls,2025-02-08T13:09:04Z,commit:777ac1af
Hard Life,Bonnie 'Prince' Billy,Master And Everyone,False,INDIFFERENT,3:35,215,BEHhsI4KYHM,2025-02-08T13:05:29Z,commit:777ac1af
I Love Doing Drugs,The Devil Makes Three,Spirits,False,INDIFFERENT,3:11,191,mc6Li4QuNDE,2025-02-08T13:02:18Z,commit:777ac1af
Oh No,Andrew Bird,Noble Beast,False,INDIFFERENT,4:21,261,7x0g6jYEMOQ,2025-02-08T12:57:57Z,commit:777ac1af
Tonight With The Dogs I'm Sleeping,"Bonnie ""Prince"" Billy",The Purple Bird,False,LIKE,3:40,220,w5K_HrXoCq8,2025-02-08T12:54:17Z,commit:777ac1af
Paradise,John Prine,John Prine,False,INDIFFERENT,3:16,196,ediaZ5DhYjw,2025-02-08T12:51:01Z,commit:777ac1af
Rye Whiskey,Punch Brothers,Antifogmatic,False,INDIFFERENT,3:30,210,jXfE-e4a3GU,2025-02-08T12:47:31Z,commit:777ac1af
Up the Devil's Pay,Old 97's,Satellite Rides,False,INDIFFERENT,3:49,229,GjVW0bASORY,2025-02-08T12:43:42Z,commit:777ac1af
By The End of The Night,Old 97's,American Primitive,False,INDIFFERENT,3:49,229,pizGWts_zeI,2025-02-08T12:39:53Z,commit:777ac1af
Honeypie,Old 97's,American Primitive,False,INDIFFERENT,2:51,171,OTjBenjMVdg,2025-02-08T12:37:02Z,commit:777ac1af
Where The Road Goes,Old 97's,American Primitive,False,INDIFFERENT,4:02,242,TwX_JFkYwGw,2025-02-08T12:33:00Z,commit:777ac1af
American Primitive,Old 97's,American Primitive,False,INDIFFERENT,3:46,226,yg088x41XoU,2025-02-08T12:29:14Z,commit:777ac1af
Somebody,Old 97's,American Primitive,False,INDIFFERENT,2:51,171,B_KO1BM8HhU,2025-02-08T12:26:23Z,commit:777ac1af
Falling Down,Old 97's,American Primitive,False,INDIFFERENT,3:11,191,tKgiVRqKHdU,2025-02-08T12:23:12Z,commit:777ac1af
Valerie,The Brothers Comatose,City Painted Gold,False,INDIFFERENT,4:55,295,COhTR76wtKE,2025-02-08T12:18:17Z,commit:777ac1af
Fire On the Mountain,Iron Horse,Ridin' Out The Storm,False,INDIFFERENT,3:19,199,1xEyds9Z4II,2025-02-08T12:14:58Z,commit:777ac1af
"Rhapsody in Blue(grass) (feat. Michael Cleveland, Sierra Hull, Justin Moses & Mark Schatz)",Béla Fleck,Rhapsody in Blue (grass),False,INDIFFERENT,12:10,730,8DHPxRZFWQE,2025-02-08T12:02:48Z,commit:777ac1af
Storms,Railroad Earth,The Good Life,False,INDIFFERENT,4:55,295,OhGjnH03uz0,2025-02-08T11:57:53Z,commit:777ac1af
Life Short Call Now,Jimmy Buffett,Buffet Hotel,False,LIKE,4:09,249,x-lGd5SWnyc,2025-02-08T11:53:44Z,commit:777ac1af
Gild the Lily,Billy Strings,Highway Prayers,False,INDIFFERENT,5:06,306,JFK36ok9Bg8,2025-02-08T11:48:38Z,commit:777ac1af
Our Home (feat. Tim O'Brien),"Bonnie ""Prince"" Billy",The Purple Bird,False,INDIFFERENT,2:56,176,dgDgfmhq-P0,2025-02-08T11:45:42Z,commit:777ac1af
Is My Living in Vain?,"Bonnie ""Prince"" Billy",The Purple Bird,False,INDIFFERENT,3:15,195,PPc5jFFE43A,2025-02-08T11:42:27Z,commit:777ac1af
One of These Days (I'm Gonna Spend the Whole Night With You),"Bonnie ""Prince"" Billy",The Purple Bird,False,INDIFFERENT,3:51,231,IIcujlhXnRc,2025-02-08T11:38:36Z,commit:777ac1af
02-17-2016,Pretty Lights The Hot Shit,The Hot Shit 2016,,INDIFFERENT,59:53,3593,872DdU_82Ac,2025-02-08T10:38:43Z,commit:777ac1af
03-09-2016,Pretty Lights The Hot Shit,The Hot Shit 2016,,INDIFFERENT,59:12,3552,yuVkz7hG_VA,2025-02-08T09:39:31Z,commit:777ac1af
Our Home (feat. Tim O'Brien),"Bonnie ""Prince"" Billy",The Purple Bird,False,INDIFFERENT,2:56,176,dgDgfmhq-P0,2025-02-08T09:36:35Z,commit:777ac1af
Is My Living in Vain?,"Bonnie ""Prince"" Billy",The Purple Bird,False,INDIFFERENT,3:15,195,PPc5jFFE43A,2025-02-08T09:33:20Z,commit:777ac1af
Downstream (feat. John Anderson),"Bonnie ""Prince"" Billy",The Purple Bird,False,INDIFFERENT,3:49,229,LsP_NtKgv04,2025-02-08T09:29:31Z,commit:777ac1af
Guns Are For Cowards,"Bonnie ""Prince"" Billy",The Purple Bird,False,INDIFFERENT,3:04,184,s8Bid4Rm4IM,2025-02-08T09:26:27Z,commit:777ac1af
New Water,"Bonnie ""Prince"" Billy",The Purple Bird,False,INDIFFERENT,3:40,220,gr7LmjQm9Sw,2025-02-08T09:22:47Z,commit:777ac1af
Sometimes It's Hard to Breathe,"Bonnie ""Prince"" Billy",The Purple Bird,False,INDIFFERENT,3:47,227,h33CTN_xs-s,2025-02-08T09:19:00Z,commit:777ac1af
The Water's Fine,"Bonnie ""Prince"" Billy",The Purple Bird,False,INDIFFERENT,4:26,266,wNX8gptGDB4,2025-02-08T09:14:34Z,commit:777ac1af
"Boise, Idaho","Bonnie ""Prince"" Billy",The Purple Bird,False,INDIFFERENT,3:47,227,n8RSR7ef1B8,2025-02-08T09:10:47Z,commit:777ac1af
Tonight With The Dogs I'm Sleeping,"Bonnie ""Prince"" Billy",The Purple Bird,False,LIKE,3:40,220,w5K_HrXoCq8,2025-02-08T09:07:07Z,commit:777ac1af
London May,"Bonnie ""Prince"" Billy",The Purple Bird,False,LIKE,3:21,201,RNn9KWDZnnc,2025-02-08T09:03:46Z,commit:777ac1af
Turned To Dust (Rolling On),"Bonnie ""Prince"" Billy",The Purple Bird,False,INDIFFERENT,4:05,245,MwgevRx7Yxo,2025-02-08T08:59:41Z,commit:777ac1af
Shake It Babe,Cristina Vane,Shake It Babe,False,INDIFFERENT,2:34,154,pYY_WzaDaO4,2025-02-08T08:57:07Z,commit:777ac1af
Tarlabasi (Be Svendsen Remix),Oceanvs Orientalis,Indoor Voyager EP,False,INDIFFERENT,9:06,546,LEsB_pwCmpQ,2025-02-08T08:48:01Z,commit:777ac1af
The Errant Path - Sirius #45,Jon Fishman,The Errant Path,,INDIFFERENT,2:06:16,7576,OkjpRdwMpMo,2025-02-08T06:41:45Z,commit:777ac1af
Pineapple Boosts Your Melatonin (feat. James Ocen),Tom Blip,Isolation Therapy,False,INDIFFERENT,5:07,307,p-7b-1olME0,2025-02-08T06:36:38Z,commit:777ac1af
Never Stop (feat. Reece Spooner),Super Drama,Isolation Therapy,False,INDIFFERENT,6:00,360,4mq7l_Q0wyM,2025-02-07T20:28:58Z,commit:777ac1af
We Own the Night,Generation Next,Isolation Therapy,False,INDIFFERENT,4:39,279,M53xATOHWBQ,2025-02-07T20:22:19Z,commit:777ac1af
Blessing,Aleqs Notal,Isolation Therapy,False,INDIFFERENT,6:56,416,_zHMV3kx4Ww,2025-02-07T20:15:23Z,commit:777ac1af
The World Is Love,Prequel,Isolation Therapy,False,INDIFFERENT,4:40,280,YTaMWqhWSjQ,2025-02-07T20:10:43Z,commit:777ac1af
Tomorrow,Hysteric,Isolation Therapy,False,INDIFFERENT,5:15,315,l8_NcNsYUco,2025-02-07T20:05:28Z,commit:777ac1af
Corona Theresa,Bayetë & Probably Sean,Isolation Therapy,False,INDIFFERENT,3:12,192,kG3pRDxGlvo,2025-02-07T20:02:16Z,commit:777ac1af
It's a Dub,Manuel Darquart,Isolation Therapy,False,INDIFFERENT,3:53,233,wLmOtu8GogQ,2025-02-07T19:58:23Z,commit:777ac1af
Genesis,MYKI,Isolation Therapy,False,INDIFFERENT,6:29,389,k6aiV_y2Nsw,2025-02-07T19:51:54Z,commit:777ac1af
Put Your Hand on That Television,Alek Lee,Isolation Therapy,False,INDIFFERENT,4:44,284,u7L3GqqJ5a4,2025-02-07T19:47:10Z,commit:777ac1af
Time Enough For,Nikki Nair,Isolation Therapy,False,LIKE,5:44,344,cJ-mOn8wNVg,2025-02-07T19:41:26Z,commit:777ac1af
No Mo Dinin',Lily Haz,Isolation Therapy,False,INDIFFERENT,3:18,198,bSbjiHkIsPY,2025-02-07T19:38:08Z,commit:777ac1af
Precipice,Hector Plimmer,Isolation Therapy,False,INDIFFERENT,3:04,184,mhhrg94CzGs,2025-02-07T19:35:04Z,commit:777ac1af
All the Things I Am,The Head,Isolation Therapy,False,INDIFFERENT,7:06,426,n1dJVgCdYVI,2025-02-07T19:27:58Z,commit:777ac1af
2120,Olsvangèr,Isolation Therapy,False,INDIFFERENT,7:10,430,Du2x4idZvBo,2025-02-07T19:20:48Z,commit:777ac1af
The Errant Path - Sirius #45,Jon Fishman,The Errant Path,,INDIFFERENT,2:06:16,7576,OkjpRdwMpMo,2025-02-06T11:14:08Z,commit:777ac1af
Return of the Grievous Angel (2006 Remaster),Gram Parsons,Grievous Angel,False,LIKE,4:27,267,h_Iz0iVvhEc,2025-02-06T11:09:41Z,commit:777ac1af
Gator,Jerry Reed,Both Barrels,False,LIKE,2:58,178,fty3aTMWbWc,2025-02-06T11:06:43Z,commit:777ac1af
Kairosmind,Geju & Waxwood,Water Elements,False,LIKE,8:35,515,zXvEyc04B28,2025-02-06T10:58:08Z,commit:777ac1af
Fortitude without Grace (feat. CARM),Blurry The Explorer,Blurry The Explorer,False,INDIFFERENT,5:26,326,3fCxoiPQgyo,2025-02-06T10:52:42Z,commit:777ac1af
Bash Bish (feat. LIP TALK),Blurry The Explorer,Blurry The Explorer,False,INDIFFERENT,3:43,223,T5IUr6Rf15M,2025-02-06T10:48:59Z,commit:777ac1af
Frequent and In Jest,Blurry The Explorer,Blurry The Explorer,False,INDIFFERENT,3:40,220,94lOQ0yQRKs,2025-02-06T10:45:19Z,commit:777ac1af
Yoru Ni Yuku (feat. Tenniscoats),Blurry The Explorer,Blurry The Explorer,False,INDIFFERENT,3:32,212,gyx-TVs9K9Y,2025-02-06T10:41:47Z,commit:777ac1af
Tulip Grazing,Blurry The Explorer,Blurry The Explorer,False,INDIFFERENT,4:22,262,CHWASab73vs,2025-02-06T10:37:25Z,commit:777ac1af
There's Still,Blurry The Explorer,Blurry The Explorer,False,INDIFFERENT,3:29,209,QVEtv1KR9Lk,2025-02-06T10:33:56Z,commit:777ac1af
Orange Tree Fallen (feat. Brian Eno & CARM),Blurry The Explorer,Blurry The Explorer,False,INDIFFERENT,4:23,263,fmdxSeUSNuI,2025-02-06T10:29:33Z,commit:777ac1af
Teşekkürler,Blurry The Explorer,Blurry The Explorer,False,INDIFFERENT,4:09,249,Q5Zg7gkaDAI,2025-02-06T10:25:24Z,commit:777ac1af
Historia da sua Vida (feat. CARM),Blurry The Explorer,Blurry The Explorer,False,INDIFFERENT,3:53,233,3F3ZWN3Vzck,2025-02-06T10:21:31Z,commit:777ac1af
Limited By Jelly (feat. Kalmia Traver),Blurry The Explorer,Blurry The Explorer,False,INDIFFERENT,5:29,329,IqOnpKhIbUc,2025-02-06T10:16:02Z,commit:777ac1af
The Errant Path - Sirius #67,Jon Fishman,The Errant Path,,INDIFFERENT,2:01:03,7263,qvyKjLODRJM,2025-02-06T08:14:59Z,commit:777ac1af
Armen Miran & Hraach - Karahunj (The Prelude),"21M views, Spiritual Sounds",,False,INDIFFERENT,6:05,365,RiLe43yIONI,2025-02-06T08:08:54Z,commit:777ac1af
Flying Carpet (feat. Bahramji),ELEA,"Maui Chill, Vol. One (Sunset at the Kihei Cafe)",False,INDIFFERENT,7:42,462,zOdJ3K1_uXs,2025-02-06T08:01:12Z,commit:777ac1af
Djiin,Sahalé,Sahalé's Finest,False,INDIFFERENT,6:24,384,29wsP4VAGoI,2025-02-06T07:54:48Z,commit:777ac1af
Artemisia,Solidmind,Artemisia,False,INDIFFERENT,5:36,336,CWhgI0kTwaE,2025-02-06T07:49:12Z,commit:777ac1af
Calypso,Wanduta,Calypso,False,INDIFFERENT,3:56,236,gto6QYUpiuA,2025-02-06T07:45:16Z,commit:777ac1af
Empty Streets,Martin Roth,An Analog Guy in a Digital World,False,INDIFFERENT,9:51,591,chy5qEhDBMo,2025-02-06T07:35:25Z,commit:777ac1af
Once Upon The Sea of Blissful Awareness (Esionjim Remix),Shpongle,Shpongle Remixed,False,INDIFFERENT,6:55,415,aZ-BXFoN2t8,2025-02-06T07:28:30Z,commit:777ac1af
Kylie,Kerala Dust,Motions,False,INDIFFERENT,6:19,379,buLxWTViDq0,2025-02-06T07:22:11Z,commit:777ac1af
Spiritual Antiseptic (Minty Fresh Confidence Mix),Hallucinogen,In Dub mixed by Ott,False,INDIFFERENT,8:17,497,ImLxBc8kSzQ,2025-02-06T07:13:54Z,commit:777ac1af
Luz,thds,Ubuntu,False,INDIFFERENT,5:14,314,Z-g2K70NHQk,2025-02-06T07:08:40Z,commit:777ac1af
Mundo Maravilloso,Turu Anasi,Mundo Maravilloso,False,INDIFFERENT,7:35,455,0PuYauzFt50,2025-02-06T07:01:05Z,commit:777ac1af
Juraso (Zuma Dionys Remix),Turu Anasi,Juraso,False,INDIFFERENT,7:07,427,pm9-qOKTf1c,2025-02-06T06:53:58Z,commit:777ac1af
Kairosmind,Geju & Waxwood,Water Elements,False,LIKE,8:35,515,zXvEyc04B28,2025-02-06T06:45:23Z,commit:777ac1af
Untitled (Late Sun),Kerala Dust,Late Sun,False,INDIFFERENT,6:27,387,dfbaFGGlOrA,2025-02-06T06:38:56Z,commit:777ac1af
07-06-2016,Pretty Lights The Hot Shit,The Hot Shit 2016,,INDIFFERENT,1:00:18,3618,3wmNlnxOQGY,2025-02-06T05:38:38Z,commit:777ac1af
06-29-2016,Pretty Lights The Hot Shit,The Hot Shit 2016,,INDIFFERENT,1:00:01,3601,ewZqH1yvwbM,2025-02-06T04:38:37Z,commit:777ac1af
06-22-2016,Pretty Lights The Hot Shit,The Hot Shit 2016,,INDIFFERENT,1:00:03,3603,oQtbhs_f3F0,2025-02-06T03:38:34Z,commit:777ac1af
Almost Familiar,Pretty Lights,Taking up Your Precious Time,False,INDIFFERENT,4:14,254,7hma1cIGB2o,2025-02-06T03:34:20Z,commit:777ac1af
Roustabout (Bassnectar REMIX),Beats Antique,Collide,False,LIKE,3:06,186,u8AD4rVEqno,2025-02-06T03:31:14Z,commit:777ac1af
The Errant Path - Sirius #67,Jon Fishman,The Errant Path,,INDIFFERENT,2:01:03,7263,qvyKjLODRJM,2025-02-06T01:30:11Z,commit:777ac1af
Life,MasaH,"The State of Underground Sa, Vol. 2",False,INDIFFERENT,6:46,406,4_oTVi2R3Wk,2025-02-06T01:23:25Z,commit:777ac1af
Isalak’Tshelwa,Pemza SA,"The State of Underground Sa, Vol. 2",False,INDIFFERENT,6:46,406,bUmuB8jXAVI,2025-02-06T01:16:39Z,commit:777ac1af
Midnight Rider,The Allman Brothers Band,Idlewild South (Deluxe Edition Remastered),False,INDIFFERENT,3:01,181,O6Q40nZRRco,2025-02-06T01:13:38Z,commit:777ac1af
Lumina,Loscil,Clara,False,INDIFFERENT,6:13,373,skk08zlT1B0,2025-02-06T01:07:25Z,commit:777ac1af
Urmel,okuma,Urmel / Kalkutta,False,LIKE,7:50,470,p4wmAhqaIx4,2025-02-06T00:59:35Z,commit:777ac1af
It's Raining Here This Morning,"Norman Blake, Tony Rice",Norman Blake & Tony Rice 2,False,INDIFFERENT,3:38,218,YXJHpgNymOA,2025-02-06T00:55:57Z,commit:777ac1af
Stay Forever,Ween,White Pepper,False,INDIFFERENT,3:33,213,POvewep_wPQ,2025-02-06T00:52:24Z,commit:777ac1af
The Carneddau,Orions Belte,The Carneddau,False,INDIFFERENT,3:52,232,K5-YOQweGiQ,2025-02-06T00:48:32Z,commit:777ac1af
Visions,Warmth,Revenant,False,INDIFFERENT,9:08,548,6VKPoONbcqo,2025-02-06T00:39:24Z,commit:777ac1af
Georgia Bound (1929 Version),Blind Blake,Back To The Crossroads: The Roots Of Robert Johnson,False,INDIFFERENT,3:24,204,8ateKBTzYd8,2025-02-06T00:36:00Z,commit:777ac1af
I'm Waiting For The Man,"Nico, The Velvet Underground",The Velvet Underground & Nico (45th Anniversary / Super Deluxe Edition),False,INDIFFERENT,4:40,280,YbigVkiAe0s,2025-02-06T00:31:20Z,commit:777ac1af
Surge (Two Fingers remix),Amon Tobin,ISAM Live,,INDIFFERENT,4:59,299,uVA5Qlj_Xv8,2025-02-06T00:26:21Z,commit:777ac1af
31 SOAM (8-15-04).mp3,Phish,Grit and Grime,,INDIFFERENT,7:23,443,0665RHYfs1Q,2025-02-06T00:18:58Z,commit:777ac1af
Fast Enough for You,Phish,"2019/06/30 Camden, NJ",,INDIFFERENT,6:00,360,Gi1H9q6XloI,2025-02-06T00:12:58Z,commit:777ac1af
Evolve,Phish,Evolve,False,LIKE,4:13,253,Qbx7oNFmv-s,2025-02-06T00:08:45Z,commit:777ac1af
"It Takes a Lot to Laugh, It Takes a Train to Cry",Bob Dylan,Highway 61 Revisited,False,LIKE,4:06,246,MUHgQohCsao,2025-02-06T00:04:39Z,commit:777ac1af
En el viento (feat. Philip Eidam),Seba Campos,En el viento,False,INDIFFERENT,3:32,212,HJ_Ao1z7agY,2025-02-06T00:01:07Z,commit:777ac1af
The Cobbler's Kid Goes Barefoot,The Clark McLane Band,Cut to Fit,False,LIKE,3:08,188,qix0nzVTuws,2025-02-05T23:57:59Z,commit:777ac1af
Moo Doggies,The Clark McLane Band,Cut to Fit,False,INDIFFERENT,3:00,180,nFufb4pudR0,2025-02-05T23:54:59Z,commit:777ac1af
My Hope's Tossed into the Wind,The Clark McLane Band,Cut to Fit,False,INDIFFERENT,3:46,226,Dp0ikhDP814,2025-02-05T23:51:13Z,commit:777ac1af
Eternity's Eve,The Clark McLane Band,Cut to Fit,False,LIKE,2:27,147,m89u5N35uoM,2025-02-05T23:48:46Z,commit:777ac1af
In The Third Heaven,Soaking in His Presence,In The Third Heaven,False,INDIFFERENT,1:02:58,3778,jZBLV0md_Vg,2025-02-05T22:45:48Z,commit:777ac1af
Endless Falls,loscil,Endless Falls,False,INDIFFERENT,7:56,476,xxxpnfRi4Tw,2025-02-05T22:37:52Z,commit:777ac1af
No Depression (In Heaven) (feat. The Carter Family),Blind Willie Johnson,"The Old Time Music Radio Show Bluegrass, Blues & Gospel",False,LIKE,2:59,179,NOVRYpNS8vY,2025-02-05T22:34:53Z,commit:777ac1af
Leila (Anatolian Sessions Remix),Ephlum,Andalusia,False,INDIFFERENT,8:02,482,PAQTXAlwKXA,2025-02-05T22:26:51Z,commit:777ac1af
Niv,Geju,Niv (Remixes),False,LIKE,6:49,409,9fvNi6OmAbU,2025-02-05T22:20:02Z,commit:777ac1af
Lluvia (feat. Nicola Cruz & Mohanad Zohair),Klik & Frik,Telepat,False,INDIFFERENT,4:10,250,S85xONzkGEI,2025-02-05T22:15:52Z,commit:777ac1af
Darjeeling Train,"Dole & Kom, Seth Schwarz",Darjeeling Train,False,INDIFFERENT,8:12,492,LC0jj38zP1o,2025-02-05T22:07:40Z,commit:777ac1af
American Dreaming,Sierra Ferrell,American Dreaming (Single Edit),False,INDIFFERENT,4:18,258,MARPEvw2Prw,2025-02-05T12:03:05Z,commit:777ac1af
$10 Cowboy,Charley Crockett,$10 Cowboy,False,INDIFFERENT,3:36,216,mwT-smk8VOA,2025-02-05T11:59:29Z,commit:777ac1af
Solace,Thabza De Soul,Solace,False,INDIFFERENT,6:37,397,BLxGXjMqdC0,2025-02-05T11:52:52Z,commit:777ac1af
When Talk Is Expensive (Nostalgic Mix),"T'TimeZer011, The Godfathers of Deep House SA",The Arabic Journey,False,INDIFFERENT,6:50,410,N0X_oqz1umc,2025-02-05T11:46:02Z,commit:777ac1af
We R 1,"China Charmeleon, Hypaphonik",Ubuntu,False,INDIFFERENT,7:07,427,moHSzH_PjWU,2025-02-05T11:38:55Z,commit:777ac1af
Alone in a Strange Place (Addictive Mix),"AquaReece, Da Real Emkay",Alone in a Strange Place,False,INDIFFERENT,6:56,416,NIRS-b_DP6c,2025-02-05T11:31:59Z,commit:777ac1af
Deep Melodies,D33P KR,Clouds of Love,False,INDIFFERENT,6:15,375,cLvu4jkWX34,2025-02-05T11:25:44Z,commit:777ac1af
Who Stole My Sax (feat. Gundo Sax),Da Gifto,Grateful EP vol.2,False,INDIFFERENT,7:26,446,LceVKMtZ2SQ,2025-02-05T11:18:18Z,commit:777ac1af
Let It Be,De-Spho,Ep of 4,False,INDIFFERENT,6:40,400,ZVFrgRMoRt4,2025-02-05T11:11:38Z,commit:777ac1af
Hosh (M.PATRICK Nostalgic Sos Mix),The Godfathers Of Deep House SA,Before the Sun Sets (Saudade Selections II),False,INDIFFERENT,7:36,456,LMNd_vTPSok,2025-02-05T11:04:02Z,commit:777ac1af
Promotional Song,Cee En,"The State of Underground Sa, Vol. 2",False,INDIFFERENT,5:43,343,wBHyP2Ijgh8,2025-02-05T10:58:19Z,commit:777ac1af
Nightmare,DoskiWaAfrika,"The State of Underground Sa, Vol. 2",False,INDIFFERENT,5:56,356,RfuGAT8cWmg,2025-02-05T10:52:23Z,commit:777ac1af
Aliens,Bernie Cue,"The State of Underground Sa, Vol. 2",False,INDIFFERENT,6:41,401,Fzp6NxWKEnM,2025-02-05T10:45:42Z,commit:777ac1af
White Flower,Klangphonics,Songs to Try,False,INDIFFERENT,7:10,430,O5SXOaauKpE,2025-02-05T10:38:32Z,commit:777ac1af
Glitter,Arch Elixir,"The State of Underground Sa, Vol. 2",False,INDIFFERENT,7:09,429,SGg8hwbPqjM,2025-02-05T10:31:23Z,commit:777ac1af
Life,MasaH,"The State of Underground Sa, Vol. 2",False,INDIFFERENT,6:46,406,4_oTVi2R3Wk,2025-02-05T00:24:33Z,commit:777ac1af
Isalak’Tshelwa,Pemza SA,"The State of Underground Sa, Vol. 2",False,INDIFFERENT,6:46,406,bUmuB8jXAVI,2025-02-05T00:17:47Z,commit:777ac1af
Distilled Spirits,AdriatiqueBoy SA,"The State of Underground Sa, Vol. 2",False,INDIFFERENT,8:01,481,VGvVqkJy2rs,2025-02-05T00:09:46Z,commit:777ac1af
Tasty City,Rone,Spanish Breakfast,False,INDIFFERENT,5:06,306,f41PsUJNI_o,2025-02-05T00:04:40Z,commit:777ac1af
Invocacion,Nicola Cruz,Invocacion,False,INDIFFERENT,3:47,227,41ONhBlfiYE,2025-02-05T00:00:53Z,commit:777ac1af
No Sferics & Tweaks (Dwig Remix),Ninze,Comode 01,False,INDIFFERENT,7:34,454,tqJYBh4gMCs,2025-02-04T23:53:19Z,commit:777ac1af
Henchman,Cue-Pine,"Sounds So Good!, Vol.2",False,INDIFFERENT,4:59,299,QbYIjTgtCKo,2025-02-04T23:48:20Z,commit:777ac1af
Something Beautiful feat. Appolonie (feat. Appolonie),Margee,Something Beautiful,False,INDIFFERENT,7:53,473,KPfBYjgVCLg,2025-02-04T23:40:27Z,commit:777ac1af
Dim Sum,El Búho,Cenotes,False,INDIFFERENT,5:14,314,Gcvg1KCEkxo,2025-02-04T23:35:13Z,commit:777ac1af
Sonnenblut Am Platz Der Perlen,Dürerstuben,Met Chin in Moo's Eak,False,INDIFFERENT,7:30,450,sGBPsbuCGY4,2025-02-04T23:27:43Z,commit:777ac1af
Pire,"Ilhan Ersahin, Oceanvs Orientalis",Pire,False,INDIFFERENT,7:44,464,_CTX5f4YZKc,2025-02-04T23:19:59Z,commit:777ac1af
Free Your Mind,ARTHEUS,Free Your Mind,False,INDIFFERENT,7:34,454,snompuCiQN8,2025-02-04T23:12:25Z,commit:777ac1af
We Ain't Done (Nostalgic Mix),The Godfathers Of Deep House SA,"Go Nostalgic or Go Home, Vol. 17",False,INDIFFERENT,8:20,500,Ixnv7W6Uw8o,2025-02-04T23:04:05Z,commit:777ac1af
I Dont Care,C-Moody,The Cumbersome Collection Vol. 3- Compiled By British S.A (Metamorphosis),False,INDIFFERENT,7:53,473,EKTh2x89Wzc,2025-02-04T22:56:12Z,commit:777ac1af
Lovely (Soulful Mix),Da Gifto,Lovely (Soulful Mix),False,INDIFFERENT,7:29,449,sFndxJmX5cE,2025-02-04T22:48:43Z,commit:777ac1af
What You Doing? (Mixed) (feat. Amelia Fox),"Faithless, R Plus","For Lovers, Not Killers",False,INDIFFERENT,6:23,383,KBOxfBtMYsg,2025-02-04T22:42:20Z,commit:777ac1af
Killing Time (feat. Boy Wolf),Helsloot,Killing Time,False,INDIFFERENT,5:32,332,W75vm1DjF9A,2025-02-04T22:36:48Z,commit:777ac1af
Syria (Satori Remix) (feat. Satori (NL) & Satori),Unders,Syria,False,INDIFFERENT,8:07,487,9i4x2L5_smA,2025-02-04T22:28:41Z,commit:777ac1af
Aparde - Varia,Aparde,Dim,False,INDIFFERENT,7:44,464,3kZeDt-e5xw,2025-02-04T22:20:57Z,commit:777ac1af
Scarecrow,"AYAWAKE, Be Svendsen",Twilight in Tankwa,False,INDIFFERENT,9:05,545,UtOfmfa0zLg,2025-02-04T22:11:52Z,commit:777ac1af
Don't hide,Da Africa Deep,4th Moon,False,INDIFFERENT,7:09,429,62wI7ejSkck,2025-02-04T22:04:43Z,commit:777ac1af
SHIP HER OFF,Destroy Lonely,LOVE LASTS FOREVER,False,INDIFFERENT,2:19,139,9ZZ0sT7btak,2025-02-04T12:02:21Z,commit:777ac1af
Running Up That Hill (A Deal With God),Kate Bush,Hounds Of Love,False,INDIFFERENT,4:59,299,D1Fw6CbGAX4,2025-02-04T11:57:22Z,commit:777ac1af
Everybody Wants To Rule The World (Single Version),Tears For Fears,Songs From The Big Chair (Super Deluxe),False,INDIFFERENT,4:13,253,Qs-8xYwYJAQ,2025-02-04T11:53:09Z,commit:777ac1af
Englishman In New York,Sting,...Nothing Like The Sun,False,INDIFFERENT,4:28,268,hgGlDovNMog,2025-02-04T11:48:41Z,commit:777ac1af
Raspberry Beret,Prince,Around The World In A Day,False,INDIFFERENT,3:36,216,owJ8QR_qWRw,2025-02-04T11:45:05Z,commit:777ac1af
Ain't No Sunshine,Lighthouse Family,Greatest Hits,False,INDIFFERENT,3:42,222,hErsfPUJ-QQ,2025-02-04T11:41:23Z,commit:777ac1af
Paradise,Sade,Stronger Than Pride,False,INDIFFERENT,4:03,243,SLbvyz_Hk9E,2025-02-04T11:37:20Z,commit:777ac1af
Don't Dream It's Over,Crowded House,Crowded House,False,INDIFFERENT,3:57,237,H7UMRkp7m80,2025-02-04T11:33:23Z,commit:777ac1af
Tonight I Celebrate My Love,"Peabo Bryson, Roberta Flack",Born To Love,False,INDIFFERENT,3:31,211,SJq2-uSIQ5w,2025-02-04T11:29:52Z,commit:777ac1af
Lovely Day,Bill Withers,Menagerie,False,INDIFFERENT,4:15,255,QCgeitX5xg0,2025-02-04T11:25:37Z,commit:777ac1af
More Than A Woman,Bee Gees,Saturday Night Fever (The Original Movie Soundtrack Deluxe Edition),False,INDIFFERENT,3:17,197,zwyKQnbDJRg,2025-02-04T11:22:20Z,commit:777ac1af
"What's Love Got to Do with It (Extended 12"" Remix) (Extended 12"" Remix; 2015 Remaster)",Tina Turner,Private Dancer (30th Anniversary Issue),False,INDIFFERENT,5:44,344,-6e4QiMKfwI,2025-02-04T11:16:36Z,commit:777ac1af
Missing,Everything But The Girl,Amplified Heart (Deluxe Edition),False,INDIFFERENT,4:08,248,Ak2b39YMrEQ,2025-02-04T11:12:28Z,commit:777ac1af
I Got The... (2006 Remaster),Labi Siffre,Remember My Song,False,INDIFFERENT,6:36,396,A4JWkW0oROg,2025-02-04T11:05:52Z,commit:777ac1af
Every Breath You Take,The Police,Synchronicity (Remastered 2003),False,INDIFFERENT,4:14,254,-SaUrDhp034,2025-02-04T11:01:38Z,commit:777ac1af
The Sweetest Taboo,Sade,Promise,False,INDIFFERENT,4:38,278,RcejfvTXusM,2025-02-04T10:57:00Z,commit:777ac1af
Out of Touch,Daryl Hall & John Oates,The Very Best of Daryl Hall / John Oates,False,INDIFFERENT,4:10,250,DCkJ5lGPqFs,2025-02-04T10:52:50Z,commit:777ac1af
True (2003 Remaster),Spandau Ballet,True (Special Edition),False,INDIFFERENT,6:34,394,ITX-SEsyGRg,2025-02-04T10:46:16Z,commit:777ac1af
Sacrifice,Elton John,Sleeping With The Past,False,INDIFFERENT,5:05,305,RvbjcIQNZJ8,2025-02-04T10:41:11Z,commit:777ac1af
Thank You,Dido,No Angel,False,INDIFFERENT,3:38,218,Yj8ZufvGfvk,2025-02-04T10:37:33Z,commit:777ac1af
Everything She Wants,Wham!,Twenty Five,False,INDIFFERENT,6:33,393,OtVuivhlwEg,2025-02-04T10:31:00Z,commit:777ac1af
Waiting for a Girl like You,Foreigner,4 (Expanded),False,INDIFFERENT,4:53,293,RIdfPBmUAXc,2025-02-04T10:26:07Z,commit:777ac1af
Come Undone,Duran Duran,Duran Duran,False,INDIFFERENT,4:17,257,5X5KweDhsaI,2025-02-04T10:21:50Z,commit:777ac1af
Eye in the Sky (Single Edit),The Alan Parsons Project,Eye In The Sky (Sessions),False,INDIFFERENT,3:57,237,TMrD_evZorw,2025-02-04T10:17:53Z,commit:777ac1af
"Forget Me Nots (12"" Version)",Patrice Rushen,Straight From The Heart,False,INDIFFERENT,7:15,435,Hm2sy3Tx8QM,2025-02-04T10:10:38Z,commit:777ac1af
Don't Look Any Further (Single Version) (feat. Siedah Garrett),Dennis Edwards,"Hitsville USA, The Motown Collection 1972-1992",False,INDIFFERENT,4:05,245,rgXTTYFCFmY,2025-02-04T10:06:33Z,commit:777ac1af
Give Me the Night,George Benson,Give Me the Night,False,INDIFFERENT,5:02,302,Omnpu8mzX4c,2025-02-04T10:01:31Z,commit:777ac1af
Kiss,Prince & The Revolution,Parade - Music from the Motion Picture Under the Cherry Moon,False,INDIFFERENT,3:47,227,rH9CZuuKpSg,2025-02-04T09:57:44Z,commit:777ac1af
Don't Stop 'Til You Get Enough (2003 Edit),Michael Jackson,Number Ones,False,INDIFFERENT,3:57,237,m_O25dOQpCQ,2025-02-04T09:53:47Z,commit:777ac1af
Sign Your Name,Sananda Maitreya,Introducing The Hardline According To Sananda Maitreya,False,INDIFFERENT,4:38,278,Si_-a1Ct3Mw,2025-02-04T09:49:09Z,commit:777ac1af
All Around the World,Lisa Stansfield,Affection,False,INDIFFERENT,4:26,266,3SxItW8M3UI,2025-02-04T09:44:43Z,commit:777ac1af
When Doves Cry (2015 Paisley Park Remaster),Prince & The Revolution,Purple Rain (Deluxe Expanded Edition),False,INDIFFERENT,5:54,354,MtHV9ti4W34,2025-02-04T09:38:49Z,commit:777ac1af
Baby Come Back,Player,Best of Player,False,INDIFFERENT,4:15,255,tjBs4pKwzhU,2025-02-04T09:34:34Z,commit:777ac1af
Ain't Nobody,"Chaka Khan, Rufus",Stompin' At The Savoy,False,INDIFFERENT,4:46,286,uBnISf3Rjx8,2025-02-04T09:29:48Z,commit:777ac1af
Eyes Without A Face,Billy Idol,Rebel Yell,False,INDIFFERENT,5:00,300,e7U1YZNgwnY,2025-02-04T09:24:48Z,commit:777ac1af
I Would Die 4 U,Prince & The Revolution,Purple Rain,False,INDIFFERENT,2:50,170,iGCIdHrRXW0,2025-02-04T09:21:58Z,commit:777ac1af
The Chain (2004 Remaster),Fleetwood Mac,Rumours,False,INDIFFERENT,4:30,270,FhgFtXESdPk,2025-02-04T09:17:28Z,commit:777ac1af
In the Air Tonight,Phil Collins,Face Value,False,INDIFFERENT,5:36,336,NX39p_UMJ_0,2025-02-04T09:11:52Z,commit:777ac1af
Take on Me,a-ha,Hunting High and Low,False,INDIFFERENT,3:46,226,HzdD8kbDzZA,2025-02-04T09:08:06Z,commit:777ac1af
Diamonds and Pearls (2023 remaster),Prince,Diamonds And Pearls (Super Deluxe Edition),False,INDIFFERENT,4:43,283,sH8jWy21WO4,2025-02-04T09:03:23Z,commit:777ac1af
How Deep Is Your Love,Bee Gees,Saturday Night Fever (The Original Movie Soundtrack Deluxe Edition),False,INDIFFERENT,4:04,244,jwikdkqYw6o,2025-02-04T08:59:19Z,commit:777ac1af
Careless Whisper,George Michael,The Final,False,INDIFFERENT,5:03,303,gTwn_LoH7ig,2025-02-04T08:54:16Z,commit:777ac1af
Shape Of My Heart,Sting,Ten Summoner's Tales (Expanded Edition),False,INDIFFERENT,4:40,280,RVfGFmBFgoc,2025-02-04T08:49:36Z,commit:777ac1af
The Logical Song,Supertramp,The Logical Song,False,LIKE,4:10,250,pP8iUyb9Gn8,2025-02-04T08:45:26Z,commit:777ac1af
Maneater,Daryl Hall & John Oates,"Greatest Hits--Rock 'n' Soul, Part 1",False,INDIFFERENT,4:33,273,Scd35orIrks,2025-02-04T08:40:53Z,commit:777ac1af
Smooth Operator (Single Version),Sade,The Best of Sade,False,INDIFFERENT,4:19,259,mRNcPbCJNJ8,2025-02-04T08:36:34Z,commit:777ac1af
I Want You,Marvin Gaye,"Hitsville USA, The Motown Collection 1972-1992",False,INDIFFERENT,3:56,236,xOS0XbQiOfg,2025-02-04T08:32:38Z,commit:777ac1af
What You Won't Do for Love,Bobby Caldwell,What You Won't Do for Love,False,INDIFFERENT,4:47,287,n9DmdAwUbxc,2025-02-04T08:27:51Z,commit:777ac1af
Your Song,Elton John,Elton John,False,INDIFFERENT,4:02,242,FT3D1Cu6g10,2025-02-04T08:23:49Z,commit:777ac1af
Holding Back the Years (Extended Single Mix) [2008 Remaster] (Extended Single Mix; 2008 Remaster),Simply Red,Picture Book (Expanded Version),False,INDIFFERENT,5:41,341,4Zq-kkrKJF0,2025-02-04T08:18:08Z,commit:777ac1af
Isn't She Lovely,Stevie Wonder,The Definitive Collection (Deluxe Edition),False,INDIFFERENT,3:20,200,oE56g61mW44,2025-02-04T08:14:48Z,commit:777ac1af
Just the Two of Us (Edit) (feat. Bill Withers),"Grover Washington, Jr.",Lean on Me: The Best of Bill Withers,False,INDIFFERENT,3:58,238,KYwA5k00p2I,2025-02-04T08:10:50Z,commit:777ac1af
Sara,Fleetwood Mac,Tusk (Expanded),False,INDIFFERENT,6:31,391,vfs6X7boS1s,2025-02-04T08:04:19Z,commit:777ac1af
Purple Rain,Prince & The Revolution,Purple Rain,False,INDIFFERENT,8:42,522,347vCib_lMs,2025-02-04T07:55:37Z,commit:777ac1af
Father Figure (Remastered - featured in 'Babygirl'),George Michael,Faith,False,INDIFFERENT,5:37,337,2WNVNAOQWCE,2025-02-04T07:50:00Z,commit:777ac1af
Don't hide,Da Africa Deep,4th Moon,False,INDIFFERENT,7:09,429,62wI7ejSkck,2025-02-03T11:42:44Z,commit:777ac1af
Distilled Spirits,AdriatiqueBoy SA,"The State of Underground Sa, Vol. 2",False,INDIFFERENT,8:01,481,VGvVqkJy2rs,2025-02-03T11:34:43Z,commit:777ac1af
Tasty City,Rone,Spanish Breakfast,False,INDIFFERENT,5:06,306,f41PsUJNI_o,2025-02-03T11:29:37Z,commit:777ac1af
Invocacion,Nicola Cruz,Invocacion,False,INDIFFERENT,3:47,227,41ONhBlfiYE,2025-02-03T11:25:50Z,commit:777ac1af
Cherry Blossom,Stimming,Stimming,False,INDIFFERENT,6:41,401,KxMnM-hhw-g,2025-02-03T11:19:09Z,commit:777ac1af
hold on,upsidedownhead,hold on,False,INDIFFERENT,3:26,206,V2r5DHG6ZQ4,2025-02-03T11:15:43Z,commit:777ac1af
Metamorphosis (feat. ITAI),Roderic,Café del Mar - Terrace Mix 9,False,INDIFFERENT,8:16,496,JThN2ZU6yYw,2025-02-03T11:07:27Z,commit:777ac1af
Hold On (Talul Remix),HRRSN,Hold On,False,INDIFFERENT,6:51,411,AlEQDb397yI,2025-02-03T11:00:36Z,commit:777ac1af
Sevdah,Tebra,Buddha Bar Elements,False,INDIFFERENT,5:23,323,Bfsff5or0SA,2025-02-03T10:55:13Z,commit:777ac1af
Untitled (Late Sun) [Another Shade of Dwig Remix],Kerala Dust,Late Sun,False,LIKE,7:29,449,SA13_NSM8cQ,2025-02-03T10:47:44Z,commit:777ac1af
Stand In Line,okuma,Bi Ba Bü,False,LIKE,7:27,447,3mdt8AR8gcU,2025-02-03T10:40:17Z,commit:777ac1af
Jellydish,okuma,Bi Ba Bü,False,INDIFFERENT,8:26,506,tAduyj4-uRc,2025-02-03T10:31:51Z,commit:777ac1af
Kalkutta,okuma,Bi Ba Bü,False,INDIFFERENT,8:31,511,qdKmlN-qZwM,2025-02-03T10:23:20Z,commit:777ac1af
Atmosfer (Dr. Parnassus Remix),Beyhude,Mikrokozmos,False,INDIFFERENT,7:00,420,khEGLFhvzt4,2025-02-03T10:16:20Z,commit:777ac1af
Kerala Dust - Dance Me to the End of Love (Dude Skywalker Latin Love Edit),"710K views, Dude Skywalker",,False,INDIFFERENT,8:06,486,4Oly2nsNcmA,2025-02-03T10:08:14Z,commit:777ac1af
Vayu,Kora (CA),Fragile,False,INDIFFERENT,7:07,427,4_MvoXkG9dk,2025-02-03T10:01:07Z,commit:777ac1af
Last Day (David August Revision),"DAVID AUGUST, Kollektiv Turmstrasse",Diynamic Revisited (By David August),False,INDIFFERENT,6:45,405,zaNpqa2LOzU,2025-02-03T09:54:22Z,commit:777ac1af
Twilight in Tankwa,Be Svendsen,Twilight in Tankwa,False,INDIFFERENT,8:04,484,0CYfZza_Khk,2025-02-03T09:46:18Z,commit:777ac1af
Meine,Daso,Meine Idee,False,INDIFFERENT,7:56,476,npW6AEW8Kow,2025-02-03T09:38:22Z,commit:777ac1af
Moontide Theory (Hugo Kant remix),"8.7M views, Hugo Kant",,False,INDIFFERENT,7:07,427,ZFI7xoIHt-Q,2025-02-03T09:31:15Z,commit:777ac1af
Gazel,Zuma Dionys,Gazel,False,INDIFFERENT,7:34,454,VZ2dasmRoWw,2025-02-03T09:23:41Z,commit:777ac1af
Niv,Geju,Niv (Remixes),False,LIKE,6:49,409,9fvNi6OmAbU,2025-02-03T09:16:52Z,commit:777ac1af
Miniyamba,"Yeahman, Hajna, & Mina Shankha",Shika Shika / Botanas Series,False,INDIFFERENT,4:11,251,HZlofxCghnQ,2025-02-03T09:12:41Z,commit:777ac1af
dwig have to go before you're gone [unreleased],"417K views, Anesthetise",,False,INDIFFERENT,8:30,510,ID7-SHwZ4-g,2025-02-03T09:04:11Z,commit:777ac1af
In Mindibu,Stavroz,Mindibu,False,INDIFFERENT,5:09,309,JqiKfXd8QnQ,2025-02-03T08:59:02Z,commit:777ac1af
Yamaha,Aleksandir,Yamaha,False,INDIFFERENT,6:29,389,IK3Xb0hlDc8,2025-02-03T08:52:33Z,commit:777ac1af
Camomille,Kermesse,A Tribe Called Kotori - Chapter 2,False,INDIFFERENT,6:54,414,VeH2xkYe1Q4,2025-02-03T08:45:39Z,commit:777ac1af
Radiohead - Everything In Its Right Place (NTO Unofficial Remix),"226K views, NTO",,False,INDIFFERENT,6:24,384,SvG_dtpNk8g,2025-02-03T08:39:15Z,commit:777ac1af
Untitled (Late Sun) [Another Shade of Dwig Remix],Kerala Dust,Late Sun,False,LIKE,7:29,449,SA13_NSM8cQ,2025-02-03T08:31:46Z,commit:777ac1af
Pride of Cucamonga,Grateful Dead,From the Mars Hotel,False,INDIFFERENT,4:18,258,Si_T0tUzLNU,2025-02-03T08:27:28Z,commit:777ac1af
Live Well,Palace,So Long Forever,False,INDIFFERENT,4:10,250,z-vFSFZ-h2o,2025-02-03T08:23:18Z,commit:777ac1af
drifting,Night Tapes,drifting,False,INDIFFERENT,3:33,213,DMZh7YZFXsA,2025-02-03T08:19:45Z,commit:777ac1af
Soulful,L'Indécis,Playtime,False,INDIFFERENT,3:41,221,fs0BCIUQ7Ws,2025-02-03T08:16:04Z,commit:777ac1af
Have You Fed Baby Huey Today,Surprise Chef,All News Is Good News,False,INDIFFERENT,4:22,262,FHcRhSKZJkI,2025-02-03T08:11:42Z,commit:777ac1af
Basilisk,Orgone,Basilisk,False,LIKE,4:30,270,alUNFofyIHg,2025-02-03T08:07:12Z,commit:777ac1af
Mahal,Glass Beams,Mahal,False,INDIFFERENT,3:22,202,Byzhrg7oW58,2025-02-03T08:03:50Z,commit:777ac1af
Up From the South,The Budos Band,The Budos Band,False,INDIFFERENT,3:27,207,rNYUdeG6q4A,2025-02-03T08:00:23Z,commit:777ac1af
Call Your Mom,Delvon Lamarr Organ Trio,I Told You So,False,INDIFFERENT,4:00,240,eAKMuxB1ynU,2025-02-03T07:56:23Z,commit:777ac1af
Haggis Express,The Haggis Horns,Haggis Express,False,INDIFFERENT,3:59,239,xZZsAM7-c8Q,2025-02-03T07:52:24Z,commit:777ac1af
Rattlesnake,Glass Beams,Mirage,False,INDIFFERENT,4:45,285,KFUfL1cAL6c,2025-02-03T07:47:39Z,commit:777ac1af
Get With It,Orgone,Get With It,False,INDIFFERENT,3:07,187,Xu2eELq1lzU,2025-02-03T07:44:32Z,commit:777ac1af
I Didn't Know,Skinshape,Filoxiny,False,INDIFFERENT,3:39,219,mCgorrefSDA,2025-02-03T07:40:53Z,commit:777ac1af
All News Is Good News,Surprise Chef,All News Is Good News,False,INDIFFERENT,4:22,262,F4XWzJCLwBE,2025-02-03T07:36:31Z,commit:777ac1af
She's Knocking,Ikebe Shakedown,The Way Home,False,INDIFFERENT,3:15,195,5gXrbaDHMrM,2025-02-03T07:33:16Z,commit:777ac1af
Blyth Street Nocturne,Surprise Chef,All News Is Good News,False,INDIFFERENT,4:54,294,ce0YtxpOUTs,2025-02-03T07:28:22Z,commit:777ac1af
Saturn,The Olympians,The Olympians,False,INDIFFERENT,3:38,218,Yj1VHGIwZUI,2025-02-03T07:24:44Z,commit:777ac1af
Don't Call My Name,Skinshape,Life & Love,False,INDIFFERENT,4:10,250,T3f8UJlwf2o,2025-02-03T07:20:34Z,commit:777ac1af
Gun Metal Grey,The Budos Band,Long in the Tooth,False,INDIFFERENT,3:17,197,kS_NQ7Y5TE8,2025-02-03T07:17:17Z,commit:777ac1af
Esperanza,Hermanos Gutiérrez,Esperanza,False,LIKE,5:29,329,mlIMIJIcpn8,2025-02-03T07:11:48Z,commit:777ac1af
Aces,Delvon Lamarr Organ Trio,I Told You So,False,INDIFFERENT,4:42,282,aZPOUq9-11w,2025-02-03T07:07:06Z,commit:777ac1af
Mirage,Glass Beams,Mirage,False,INDIFFERENT,4:51,291,dr8kFKEowh0,2025-02-03T07:02:15Z,commit:777ac1af
"High Tide, Storm Rising",Skinshape,"High Tide, Storm Rising",False,LIKE,3:57,237,2t1EiWjHFt8,2025-02-03T06:58:18Z,commit:777ac1af
Taurus,Glass Beams,Mirage,False,INDIFFERENT,4:33,273,S6jgzL2Cjbc,2025-02-03T06:53:45Z,commit:777ac1af
One Inch Punch,Yin Yin,One Inch Punch,False,INDIFFERENT,5:10,310,j9sPnp8dFQQ,2025-02-03T06:48:35Z,commit:777ac1af
The Winner Is,"DeVotchKa, Mychael Danna",Little Miss Sunshine (Original Motion Picture Soundtrack),False,LIKE,3:05,185,leZsqe2w5AY,2025-02-03T06:45:30Z,commit:777ac1af
"Dear Mr. Fantasy (Live in New Jersey, April 1, 1988)",Grateful Dead,Road Trips Vol. 4 No. 2: April Fools '88 (Live),False,LIKE,4:21,261,F655kSbb9zo,2025-02-03T06:41:09Z,commit:777ac1af
Have You Fed Baby Huey Today,Surprise Chef,All News Is Good News,False,INDIFFERENT,4:22,262,FHcRhSKZJkI,2025-02-03T06:36:47Z,commit:777ac1af
Sahara Cowboy,Arc De Soleil,Chameleon Sunday,False,INDIFFERENT,3:05,185,sk1j6cg2p3k,2025-02-03T06:33:42Z,commit:777ac1af
Love Of The Common People,Waylon Jennings,Love Of The Common People,False,INDIFFERENT,2:54,174,IYU9W9xFe0Y,2025-02-03T06:30:48Z,commit:777ac1af
"New Horizons (Live) (Live) (feat. Jeff Austin, Danton Boller, Nicky Sanders & Jay Starling)",Keller Williams,"Thanksforgrassgiving (Live 11/26/16 Richmond, VA)",False,INDIFFERENT,12:04,724,ck-Z0gZps2c,2025-02-03T06:18:44Z,commit:777ac1af
Stand In Line,okuma,Bi Ba Bü,False,LIKE,7:27,447,3mdt8AR8gcU,2025-02-03T06:11:17Z,commit:777ac1af
"High Tide, Storm Rising",Skinshape,"High Tide, Storm Rising",False,LIKE,3:57,237,2t1EiWjHFt8,2025-02-03T06:07:20Z,commit:777ac1af
Back In The U.S.S.R. (Remastered 2009),The Beatles,The Beatles,False,INDIFFERENT,2:44,164,0ArlUSVDQIw,2025-02-03T06:04:36Z,commit:777ac1af
Herbie Hemphill,Surprise Chef,All News Is Good News,False,INDIFFERENT,4:06,246,paKS7sMFIpU,2025-02-03T06:00:30Z,commit:777ac1af
I'll Be All Smiles Tonight,Chuck Darwin & the Knuckle Draggers,Poor Man's Rain,False,LIKE,2:57,177,3liGMcGc81k,2025-02-03T05:57:33Z,commit:777ac1af
Close but No Cigar,Delvon Lamarr Organ Trio,Close but No Cigar,False,INDIFFERENT,3:31,211,2AeejiyGum8,2025-02-03T05:54:02Z,commit:777ac1af
Yennicita,El Michels Affair,Sounding Out the City,False,LIKE,3:09,189,LDoF53xmjVc,2025-02-03T05:50:53Z,commit:777ac1af
Basilisk,Orgone,Basilisk,False,LIKE,4:30,270,alUNFofyIHg,2025-02-03T05:46:23Z,commit:777ac1af
In The Waiting Line,"Sophie Barker, Zero 7",Simple Things,False,INDIFFERENT,4:32,272,G5KbL4LAUL8,2025-02-03T05:41:51Z,commit:777ac1af
Don't Stop 'Til You Get Enough,Michael Jackson,Off the Wall,False,LIKE,6:06,366,n3qQtSRmHxo,2025-02-03T05:35:45Z,commit:777ac1af
White Sands,Tommy Guerrero,Road to Knowhere,False,INDIFFERENT,3:00,180,AAHjDgtYTiI,2025-02-03T05:32:45Z,commit:777ac1af
Get With It,Orgone,Get With It,False,INDIFFERENT,3:07,187,Xu2eELq1lzU,2025-02-03T05:29:38Z,commit:777ac1af
Amarillo Highway (for Dave Hickey),Terry Allen,Lubbock (on everything),False,LIKE,4:01,241,j0yS6Jc-vw0,2025-02-03T05:25:37Z,commit:777ac1af
Sisyphus,Andrew Bird,My Finest Work Yet,False,LIKE,4:08,248,OsgUQrKTTtc,2025-02-03T05:21:29Z,commit:777ac1af
I Shall Be Released (Live) (feat. Jerry Garcia Band),Jerry Garcia Band,Jerry Garcia Band,False,LIKE,9:27,567,T-jk5DIF7js,2025-02-03T05:12:02Z,commit:777ac1af
Tombstone Blues,Bob Dylan,Highway 61 Revisited,False,LIKE,5:57,357,J6yWZUv9QJA,2025-02-03T05:06:05Z,commit:777ac1af
You're Lucky She's Lonely,"Colter Wall, Summer Dean",You're Lucky She's Lonely,False,LIKE,3:27,207,vcR2WJh8Eyg,2025-02-03T05:02:38Z,commit:777ac1af
The New Normal,"Shpongle, Simon Posford",Flux & Contemplation - Portrait of an Artist in Isolation,False,LIKE,10:42,642,xwyK3XGQvqI,2025-02-03T04:51:56Z,commit:777ac1af
I'm So Tired (Remastered 2009),The Beatles,The Beatles,False,LIKE,2:04,124,7cqHtGb9WYM,2025-02-03T04:49:52Z,commit:777ac1af
Heart To Heart,Mac DeMarco,Here Comes The Cowboy,False,LIKE,3:32,212,qBoQzo98EpQ,2025-02-03T04:46:20Z,commit:777ac1af
Meditation,Turu Anasi,Meditation,False,LIKE,8:30,510,O8det02XaIA,2025-02-03T04:37:50Z,commit:777ac1af
I Hear Them All,Old Crow Medicine Show,Big Iron World,False,INDIFFERENT,3:04,184,l2VonU4siBE,2025-02-03T04:34:46Z,commit:777ac1af
Starry Nights (feat. Neal Francis),Adrian Quesada,Jaguar Sound,False,LIKE,3:26,206,5uKc4C9T5ZQ,2025-02-03T04:31:20Z,commit:777ac1af
Dust Bowl Blues,Woody Guthrie,Dust Bowl Ballads,False,INDIFFERENT,3:25,205,HBGQuX_1Cvo,2025-02-03T04:27:55Z,commit:777ac1af
Wrestle a Live Nude Girl,Leo Sidran,Cool School (The Music of Michael Franks),False,LIKE,4:44,284,vr996jU1Kpg,2025-02-03T04:23:11Z,commit:777ac1af
Pride of Cucamonga,Grateful Dead,From the Mars Hotel,False,INDIFFERENT,4:18,258,Si_T0tUzLNU,2025-02-03T04:18:53Z,commit:777ac1af
No Depression (In Heaven) (Single Version),The Carter Family,The Best Of The Carter Family 20th Century Masters The Millennium Collection,False,LIKE,2:52,172,itfO6GZKqgY,2025-02-03T04:16:01Z,commit:777ac1af
With Him in The Fire,Soaking in His Presence,With Him in The Fire,False,INDIFFERENT,56:30,3390,qlkFzHyFZBY,2025-02-03T03:19:31Z,commit:777ac1af
Reflector,Warmth,Parallel,False,INDIFFERENT,8:23,503,x9V9YAITih0,2025-02-03T03:11:08Z,commit:777ac1af
#3,Aphex Twin,Selected Ambient Works Volume II,False,INDIFFERENT,7:45,465,75O11W5EZAU,2025-02-03T03:03:23Z,commit:777ac1af
Nothing Will Change,Celer,Nothing Will Change,False,INDIFFERENT,42:36,2556,n4Pd8WkORdU,2025-02-03T02:20:47Z,commit:777ac1af
Kamouraska,Loscil,Umbel,False,INDIFFERENT,6:35,395,mGvuBRAFKC8,2025-02-03T02:14:12Z,commit:777ac1af
Cyme,Loscil,Umbel,False,INDIFFERENT,7:26,446,nY1gfVP-00I,2025-02-03T02:06:46Z,commit:777ac1af
"Babylon (Live) (Live) (feat. Jeff Austin, Danton Boller, Nicky Sanders & Jay Starling)",Keller Williams,"Thanksforgrassgiving (Live 11/26/16 Richmond, VA)",False,INDIFFERENT,5:15,315,fy-M3bq_r50,2025-02-03T02:01:31Z,commit:777ac1af
"No Expectations (Live) (Live) (feat. Jeff Austin, Danton Boller, Nicky Sanders & Jay Starling)",Keller Williams,"Thanksforgrassgiving (Live 11/26/16 Richmond, VA)",False,INDIFFERENT,8:59,539,yDlJJo9Of50,2025-02-03T01:52:32Z,commit:777ac1af
"Closer (Live) (Live) (feat. Jeff Austin, Danton Boller, Nicky Sanders & Jay Starling)",Keller Williams,"Thanksforgrassgiving (Live 11/26/16 Richmond, VA)",False,INDIFFERENT,7:52,472,Zk4C63O3Ky4,2025-02-03T01:44:40Z,commit:777ac1af
"Samson and Delilah (Live) (Live) (feat. Jeff Austin, Danton Boller, Nicky Sanders & Jay Starling)",Keller Williams,"Thanksforgrassgiving (Live 11/26/16 Richmond, VA)",False,INDIFFERENT,6:35,395,GKaDHsfKKx4,2025-02-03T01:38:05Z,commit:777ac1af
"Blanant Ripoff (Live) (Live) (feat. Jeff Austin, Danton Boller, Nicky Sanders & Jay Starling)",Keller Williams,"Thanksforgrassgiving (Live 11/26/16 Richmond, VA)",False,INDIFFERENT,3:07,187,ko_X89NSXW0,2025-02-03T01:34:58Z,commit:777ac1af
"Island in the Sun (Live) (Live) (feat. Jeff Austin, Danton Boller, Nicky Sanders & Jay Starling)",Keller Williams,"Thanksforgrassgiving (Live 11/26/16 Richmond, VA)",False,INDIFFERENT,5:25,325,Yn7dViX1Adg,2025-02-03T01:29:33Z,commit:777ac1af
"Best Feeling (Live) (Live) (feat. Jeff Austin, Danton Boller, Nicky Sanders & Jay Starling)",Keller Williams,"Thanksforgrassgiving (Live 11/26/16 Richmond, VA)",False,INDIFFERENT,9:14,554,JMfA6yJVJSo,2025-02-03T01:20:19Z,commit:777ac1af
"New Horizons (Live) (Live) (feat. Jeff Austin, Danton Boller, Nicky Sanders & Jay Starling)",Keller Williams,"Thanksforgrassgiving (Live 11/26/16 Richmond, VA)",False,INDIFFERENT,12:04,724,ck-Z0gZps2c,2025-02-03T01:08:15Z,commit:777ac1af
"Lonesome L.A. Cowboy (Live) (Live) (feat. Jeff Austin, Danton Boller, Nicky Sanders & Jay Starling)",Keller Williams,"Thanksforgrassgiving (Live 11/26/16 Richmond, VA)",False,INDIFFERENT,4:46,286,zJCLB0febpY,2025-02-03T01:03:29Z,commit:777ac1af
Don't Stop 'Til You Get Enough,Michael Jackson,Off the Wall,False,LIKE,6:06,366,n3qQtSRmHxo,2025-02-03T00:57:23Z,commit:777ac1af
Calypso,Jackson Lundy,Calypso,False,INDIFFERENT,4:05,245,ZpZ24mDqY6A,2025-02-03T00:53:18Z,commit:777ac1af
Wrestle a Live Nude Girl,Leo Sidran,Cool School (The Music of Michael Franks),False,LIKE,4:44,284,vr996jU1Kpg,2025-02-03T00:48:34Z,commit:777ac1af
Chan Chan,Buena Vista Social Club,Buena Vista Social Club,False,INDIFFERENT,4:19,259,V0FoYUcq9FQ,2025-02-03T00:44:15Z,commit:777ac1af
Je cherche après Titine - Les yeux noirs,Opa Tsupa,Inédits,False,LIKE,5:25,325,p38QeFhXxEs,2025-02-03T00:38:50Z,commit:777ac1af
Flambee Montalbanaise,Pearl Django,Mystery Pacific,False,INDIFFERENT,3:13,193,yiLT991gWvI,2025-02-03T00:35:37Z,commit:777ac1af
A little Waltz for Mischa,The Hot Club of San Francisco,Swing This,False,INDIFFERENT,4:07,247,34x8vBXFRYc,2025-02-03T00:31:30Z,commit:777ac1af
Moon River,Cafe Accordion Orcherstra,Cinema,False,INDIFFERENT,3:10,190,ecF95H0bdN8,2025-02-03T00:28:20Z,commit:777ac1af
Take 5,Gypsy Jazz Caravan,Gypsy Jazz Caravan III,False,INDIFFERENT,3:10,190,lBDTNfPSauM,2025-02-03T00:25:10Z,commit:777ac1af
"Bistro Fada (from the Motion Picture ""Midnight in Paris"")",Stephane Wrembel,Bistro Fada,False,LIKE,3:04,184,SWLJXnmzIDo,2025-02-03T00:22:06Z,commit:777ac1af
Chez les Ye Ye,Cafe Accordion Orchestra,Le Disque Francais,False,INDIFFERENT,4:07,247,VyGXloE4Ki0,2025-02-03T00:17:59Z,commit:777ac1af
Ton Amour C'est Ma Vie,Cafe Accordion Orchestra,Le Disque Francais,False,INDIFFERENT,4:55,295,co8Sf2oKzmc,2025-02-03T00:13:04Z,commit:777ac1af
Swing 42,Cafe Accordion Orchestra,Le Disque Francais,False,INDIFFERENT,3:29,209,6JmYH4SLkf4,2025-02-03T00:09:35Z,commit:777ac1af
Jardin d'Hiver,Cafe Accordion Orchestra,Le Disque Francais,False,INDIFFERENT,4:51,291,w1CIn3eSWok,2025-02-03T00:04:44Z,commit:777ac1af
Jim's Tango,Cafe Accordion Orchestra,Le Disque Francais,False,INDIFFERENT,5:58,358,o5Lb323H7fw,2025-02-02T23:58:46Z,commit:777ac1af
Sheik of Araby,Cafe Accordion Orchestra,Le Disque Francais,False,INDIFFERENT,2:49,169,06Z_b-o0GgI,2025-02-02T23:55:57Z,commit:777ac1af
Meprise,Cafe Accordion Orchestra,Le Disque Francais,False,LIKE,2:51,171,M0_ZQpnw2rY,2025-02-02T23:53:06Z,commit:777ac1af
La Mer,Cafe Accordion Orchestra,Le Disque Francais,False,INDIFFERENT,3:51,231,7HvjA7r2BK0,2025-02-02T23:49:15Z,commit:777ac1af
Elaeudanla Teiteia,Cafe Accordion Orchestra,Le Disque Francais,False,INDIFFERENT,2:14,134,5NvdTjngujg,2025-02-02T23:47:01Z,commit:777ac1af
C'est Si Bon,Cafe Accordion Orchestra,Le Disque Francais,False,INDIFFERENT,3:40,220,ymU7ALaPIWQ,2025-02-02T23:43:21Z,commit:777ac1af
Nuages,Cafe Accordion Orchestra,Le Disque Francais,False,INDIFFERENT,5:11,311,e0quQf3GnF4,2025-02-02T23:38:10Z,commit:777ac1af
Indifference,Cafe Accordion Orchestra,Le Disque Francais,False,LIKE,5:17,317,QG6jpHSJkpc,2025-02-02T23:32:53Z,commit:777ac1af
The Continuing Story Of Bungalow Bill (Remastered 2009),The Beatles,The Beatles,False,INDIFFERENT,3:15,195,J39DC9t0I5o,2025-02-02T13:29:35Z,commit:777ac1af
Wild Honey Pie (Remastered 2009),The Beatles,The Beatles,False,INDIFFERENT,0:53,53,l-ekNlk5VDM,2025-02-02T13:28:42Z,commit:777ac1af
"Ob-La-Di, Ob-La-Da (Remastered 2009)",The Beatles,The Beatles,False,INDIFFERENT,3:09,189,_J9NpHKrKMw,2025-02-02T13:25:33Z,commit:777ac1af
Glass Onion (Remastered 2009),The Beatles,The Beatles,False,INDIFFERENT,2:18,138,2tSIZLuCKUI,2025-02-02T13:23:15Z,commit:777ac1af
Dear Prudence (Remastered 2009),The Beatles,The Beatles,False,INDIFFERENT,3:56,236,wQA59IkCF5I,2025-02-02T13:19:19Z,commit:777ac1af
Back In The U.S.S.R. (Remastered 2009),The Beatles,The Beatles,False,INDIFFERENT,2:44,164,0ArlUSVDQIw,2025-02-02T13:16:35Z,commit:777ac1af
Soul Vibrations (Alternate Take),Dorothy Ashby,Afro-Harping (Deluxe),False,INDIFFERENT,4:27,267,XuOA4cKag80,2025-02-01T17:12:01Z,commit:777ac1af
I Hadn't Anyone Till You,Thelonious Monk,Solo Monk (Expanded Edition),False,INDIFFERENT,3:19,199,QzNBQqASHKI,2025-02-01T17:08:42Z,commit:777ac1af
Romance,Hiroshi Suzuki,Cat,False,INDIFFERENT,5:54,354,MBsQD-7pwgQ,2025-02-01T17:02:48Z,commit:777ac1af
The Message,Cymande,Cymande,False,INDIFFERENT,4:18,258,S4k7XugH9B8,2025-02-01T16:58:30Z,commit:777ac1af
Peri's Scope,Bill Evans Trio,Portrait In Jazz,False,INDIFFERENT,3:13,193,uSo9X7dCmjg,2025-02-01T16:55:17Z,commit:777ac1af
Summer Days,"Lonnie Liston Smith, The Cosmic Echoes",Expansions,False,INDIFFERENT,5:52,352,cN3plwuwd8A,2025-02-01T16:49:25Z,commit:777ac1af
Moon And Sand,Kenny Burrell,Guitar Forms,False,INDIFFERENT,4:15,255,56v9mNUHxMk,2025-02-01T16:45:10Z,commit:777ac1af
Sophisticated Honky,Orgone,The Killion Floor,False,INDIFFERENT,4:57,297,_iZwLW6o4X8,2025-02-01T16:40:13Z,commit:777ac1af
'Round Midnight,Wes Montgomery Trio,The Wes Montgomery Trio (Expanded Edition),False,INDIFFERENT,4:54,294,nA___-b3Fn4,2025-02-01T16:35:19Z,commit:777ac1af
Jimmy's Groove,Delvon Lamarr Organ Trio,Jimmy's Groove,False,INDIFFERENT,6:18,378,X08lwt0ZzIY,2025-02-01T16:29:01Z,commit:777ac1af
Cafe Musica,"Bossa Nova Jazz, Jazz Bossa Nova, Jazz Playlist",Relaxing Bossa Nova Music,False,INDIFFERENT,3:13,193,RUp1cCl2dbw,2025-02-01T16:25:48Z,commit:777ac1af
Afro-Harping,Dorothy Ashby,Afro-Harping (Deluxe),False,INDIFFERENT,3:03,183,2WRh0RKiOy8,2025-02-01T16:22:45Z,commit:777ac1af
Embarcadero,Paul Desmond,Take Ten,False,INDIFFERENT,4:09,249,k4uvlHw_AMg,2025-02-01T16:18:36Z,commit:777ac1af
Across the Atlantic,The Budos Band,The Budos Band,False,INDIFFERENT,3:28,208,rFktja8OV8c,2025-02-01T16:15:08Z,commit:777ac1af
Action Line (Take 2),Dorothy Ashby,"Theme From ""Valley Of The Dolls"" (Take 2)",False,INDIFFERENT,4:05,245,I2wR-urTsEA,2025-02-01T16:11:03Z,commit:777ac1af
"Theme From ""Valley Of The Dolls"" (Take 2)",Dorothy Ashby,"Theme From ""Valley Of The Dolls"" (Take 2)",False,INDIFFERENT,3:56,236,pLgq9YGsYeo,2025-02-01T16:07:07Z,commit:777ac1af
Starry Nights (feat. Neal Francis),Adrian Quesada,Jaguar Sound,False,LIKE,3:26,206,5uKc4C9T5ZQ,2025-02-01T16:03:41Z,commit:777ac1af
Tieduprightnow,Parcels,Tieduprightnow,False,LIKE,4:10,250,JYHH0ogYN8M,2025-02-01T15:59:31Z,commit:777ac1af
Old Engine Oil,The Budos Band,V,False,INDIFFERENT,3:12,192,_jfXXTVh0t4,2025-02-01T15:56:19Z,commit:777ac1af
Thin Brown Layer,Tommy Guerrero,Soul Food Taqueria,False,INDIFFERENT,4:40,280,2xOPkdtFeHM,2025-02-01T15:51:39Z,commit:777ac1af
"High Tide, Storm Rising",Skinshape,"High Tide, Storm Rising",False,LIKE,3:57,237,2t1EiWjHFt8,2025-02-01T15:47:42Z,commit:777ac1af
Sisyphus,Andrew Bird,My Finest Work Yet,False,LIKE,4:08,248,OsgUQrKTTtc,2025-02-01T05:43:17Z,commit:777ac1af
Angelic Particles (Buckminster Fullerine Mix),Hallucinogen,In Dub mixed by Ott,False,INDIFFERENT,10:26,626,lbRvvuBT5j0,2025-02-15T18:25:08Z,gh-3490
L.S.D. (World Sheet of Closed String Mix),Hallucinogen,In Dub mixed by Ott,False,INDIFFERENT,9:20,560,KkaRxlZX1IQ,2025-02-15T18:15:48Z,gh-3490
Spiritual Antiseptic (Minty Fresh Confidence Mix),Hallucinogen,In Dub mixed by Ott,False,INDIFFERENT,8:17,497,ImLxBc8kSzQ,2025-02-15T18:07:31Z,gh-3490
Gamma Goblins (Its Turtles All the Way Down Mix),Hallucinogen,In Dub mixed by Ott,False,INDIFFERENT,10:54,654,DTbsgsi96Oc,2025-02-15T17:56:37Z,gh-3490
Solstice (Warwick Basmonkey Mix),Hallucinogen,In Dub mixed by Ott,False,INDIFFERENT,9:00,540,kgCH-9lbOdU,2025-02-15T17:47:37Z,gh-3490
Mi-Loony-Um (A Floating Butterfly Stings Like a Bee Mix),Hallucinogen,In Dub mixed by Ott,False,INDIFFERENT,11:55,715,3DnqdCFcSNg,2025-02-15T17:35:42Z,gh-3490
"Mahler: Symphony No. 2 ""Resurrection"": Ib. Sehr mässig und zurückhaltend (Live)","Gustav Mahler, Leonard Bernstein, New York Philharmonic","Mahler: Symphony No.2 ""Resurrection""",False,INDIFFERENT,5:51,351,e8X430ZkXBU,2025-02-15T06:32:57Z,gh-3480
"English Suite No. 5 in E Minor, BWV 810: I. Prélude","Glenn Gould, Johann Sebastian Bach","Bach: The English Suites Nos. 1-6, BWV 806-811 ((Gould Remastered))",False,INDIFFERENT,4:44,284,DhvNn8W-6Po,2025-02-15T06:28:13Z,gh-3480
"Concerto for 4 Pianos in A Minor, BWV 1065: I. Allegro (feat. Audrey Vigoureux, Emmanuel Christien & Jacques Rouvier)","David Fray, Johann Sebastian Bach","Bach: Concertos for 2, 3 & 4 Pianos",False,LIKE,3:59,239,S0dXQ4DZPWw,2025-02-15T06:24:14Z,gh-3480
"Water Music - Suite #1 In F, HWV 348 - Alla Hornpipe",Jordi Savall,Haendel: Water Music & Music for the Royal Fireworks,False,INDIFFERENT,4:04,244,SsM25EBXN58,2025-02-15T04:21:38Z,gh-3479
Borodin: String Quartet No. 2 in D: 2. Scherzo,"Alexander Borodin, Emerson String Quartet",Dvorák / Tchaikovsky / Borodin: String Quartets,False,INDIFFERENT,4:42,282,LakAfVUY_WA,2025-02-15T04:16:56Z,gh-3479
"Mass in B Minor, BWV 232, Symbolum Nicenum: No. 17, Crucifixus","Collegium Vocale Gent, Johann Sebastian Bach, Philippe Herreweghe",Bach: Mass in B Minor,False,INDIFFERENT,3:04,184,gsD6yHa_-hk,2025-02-15T04:13:52Z,gh-3479
"Haydn: Symphony No. 78 in C Minor, Hob.I:78: III. Menuetto (Allegretto)","Joseph Haydn, Orpheus Chamber Orchestra",Haydn: Symphonies No.78 & No.102,False,INDIFFERENT,3:30,210,ClEotBemTZs,2025-02-15T04:10:22Z,gh-3479
"J.S. Bach: English Suite No. 2 in A Minor, BWV 807: VII. Gigue","Johann Sebastian Bach, Martha Argerich",Martha Argerich - Works for Solo Piano,False,INDIFFERENT,3:20,200,FpyXwXjq-as,2025-02-15T04:07:02Z,gh-3479
"Keyboard Concerto No. 4 in A Major, BWV 1055: I. Allegro moderato","Academy of St Martin in the Fields, Johann Sebastian Bach, Murray Perahia","Bach: Keyboard Concertos, Vol. 1",False,INDIFFERENT,4:01,241,hnclBIF8Wr4,2025-02-15T04:03:01Z,gh-3479
"J.S. Bach: Violin Concerto No. 1 in A Minor, BWV 1041: I. Allegro moderato","Johann Sebastian Bach, Simon Standage, The English Concert, Trevor Pinnock","Bach, J.S.: Violin Concertos BWV 1041 & 1042; Double Concerto BWV 1043",False,INDIFFERENT,3:39,219,Rbe681C6okI,2025-02-15T03:59:22Z,gh-3479
"J.S. Bach: Ich ruf zu dir, Herr Jesu Christ, BWV 639","Alfred Brendel, Johann Sebastian Bach","Bach, J.S.: Italian Concerto, etc.",False,INDIFFERENT,3:30,210,bJBH-f5vUwQ,2025-02-15T03:55:52Z,gh-3479
"Second Livre de pièces de clavecin, Sixième Ordre: Les baricades mïstérieuses (feat. Thomas Dunford)",Jean Rondeau & François Couperin,Barricades,False,INDIFFERENT,3:20,200,AaAjGPaLnMA,2025-02-15T03:52:32Z,gh-3479
"Fauré: Pelléas et Mélisande, Op. 80, Suite: II. Fileuse","Academy of St Martin in the Fields, Sir Neville Marriner",Classical Sonosphere Vol. 3,False,INDIFFERENT,2:46,166,LqMR5wMv7Gk,2025-02-15T03:49:46Z,gh-3479
Moanin',Art Blakey & The Jazz Messengers,Moanin' (Expanded Edition),False,INDIFFERENT,9:31,571,fsJ3JjpZyoA,2025-02-15T03:40:15Z,gh-3479
Smoke Gets In Your Eyes,Coleman Hawkins,On Broadway,False,INDIFFERENT,4:37,277,zR9OmfS7kw8,2025-02-15T03:35:38Z,gh-3479
Take Five,Paul Desmond,Dream Dancing,False,INDIFFERENT,5:25,325,Eu-88eCAtHU,2025-02-15T03:28:45Z,gh-3478
La vie en rose (Single Version),Louis Armstrong And His Orchestra,Satchmo Serenades,False,INDIFFERENT,3:24,204,M9FRCxGMz-0,2025-02-15T03:25:21Z,gh-3478
Strasbourg / St. Denis,Roy Hargrove,Earfood,False,INDIFFERENT,4:39,279,XM83V4BD1Bw,2025-02-15T03:20:42Z,gh-3478
I Fall In Love Too Easily,Chet Baker,Chet Baker Sings,False,INDIFFERENT,3:22,202,_ZRJrAHprBM,2025-02-15T03:17:20Z,gh-3478
The Queen Bee,Count Basie And His Orchestra,Straight Ahead,False,INDIFFERENT,4:14,254,fBc84_HE3-M,2025-02-15T03:13:06Z,gh-3478
Let's Fall In Love,Ella Fitzgerald,Sings Sweet Songs For Swingers,False,INDIFFERENT,3:05,185,fF6x1ta9j1w,2025-02-15T03:10:01Z,gh-3478
Fantail,Count Basie And His Orchestra,The Atomic Mr Basie,False,INDIFFERENT,2:57,177,aqtp-ITWBTo,2025-02-15T03:07:04Z,gh-3478
Blue Moon,Billie Holiday,Solitude,False,INDIFFERENT,3:28,208,HkplpL2P9YM,2025-02-15T03:03:36Z,gh-3478
Splanky,Count Basie And His Orchestra,The Atomic Mr Basie,False,INDIFFERENT,3:38,218,VYO3gC962PM,2025-02-15T02:59:58Z,gh-3478
Take Five,The Dave Brubeck Quartet,Time Out,False,INDIFFERENT,5:25,325,ryA6eHZNnXY,2025-02-15T02:54:33Z,gh-3478
Stardust,Artie Shaw & His Orchestra,Begin The Beguine,False,INDIFFERENT,3:35,215,ggusizL531I,2025-02-15T02:50:58Z,gh-3478
Midnite Blue,Count Basie And His Orchestra,The Atomic Mr Basie,False,INDIFFERENT,4:29,269,4b8yLXePSfQ,2025-02-15T02:46:29Z,gh-3478
'Tis Autumn,Stan Getz,Stan Getz Plays,False,INDIFFERENT,3:15,195,_0BNu7e096k,2025-02-15T02:43:14Z,gh-3478
Whirly-Bird,Count Basie Orchestra,The Atomic Mr Basie,False,INDIFFERENT,3:53,233,slZ2evszMDw,2025-02-15T02:39:21Z,gh-3478
In A Sentimental Mood,"Duke Ellington, John Coltrane",Duke Ellington & John Coltrane,False,INDIFFERENT,4:16,256,JiP7jKdAhD0,2025-02-15T02:35:05Z,gh-3478
Teddy the Toad,Count Basie And His Orchestra,The Atomic Mr Basie,False,INDIFFERENT,3:21,201,qzIG6X5PgiY,2025-02-15T02:31:44Z,gh-3478
Double-O,Count Basie And His Orchestra,The Atomic Mr Basie,False,INDIFFERENT,2:48,168,LIIP0fKT6UM,2025-02-15T02:28:56Z,gh-3478
"Sing, Sing, Sing",Benny Goodman,One O'Clock Jump,False,INDIFFERENT,5:03,303,6VHt4hazMG0,2025-02-15T02:23:53Z,gh-3478
Flight of the Foo Birds,Count Basie And His Orchestra,The Atomic Mr Basie,False,INDIFFERENT,3:25,205,Hmp0BTTd54Y,2025-02-15T02:20:28Z,gh-3478
Mood Indigo,Thelonious Monk,Plays Duke Ellington (Keepnews Collection),False,INDIFFERENT,3:17,197,HGz6my4q-20,2025-02-15T02:17:11Z,gh-3478
After Supper,Count Basie And His Orchestra,The Atomic Mr Basie,False,INDIFFERENT,3:26,206,iQtDUE3biZY,2025-02-15T02:13:45Z,gh-3478
B Minor Waltz (Remastered 2003),Bill Evans,You Must Believe In Spring (Remastered Version),False,INDIFFERENT,3:17,197,_5xCP4n2rmE,2025-02-15T02:10:28Z,gh-3478
In The Mood,Glenn Miller & His Orchestra,The Essential Glenn Miller,False,INDIFFERENT,3:37,217,lg-cwSciN_M,2025-02-15T02:06:51Z,gh-3478
Duet,Count Basie And His Orchestra,The Atomic Mr Basie,False,INDIFFERENT,4:13,253,0wShit_5cVI,2025-02-15T02:02:38Z,gh-3478
The Kid from Red Bank,Count Basie And His Orchestra,The Atomic Mr Basie,False,INDIFFERENT,2:43,163,xAa2kEq7-js,2025-02-15T01:59:55Z,gh-3478
Days Of Wine And Roses,Wes Montgomery,Boss Guitar,False,INDIFFERENT,3:47,227,l90ShermeKQ,2025-02-15T01:56:08Z,gh-3478
Lil' Darlin',"Count Basie Orchestra, Joe Williams, Lambert, Hendricks & Ross",The Atomic Mr Basie,False,INDIFFERENT,4:49,289,Nyjd4mP4hKs,2025-02-15T01:51:19Z,gh-3478
The Cult,JKS,The Cult,False,INDIFFERENT,5:27,327,jiMNpHTcZOs,2025-02-15T01:48:18Z,gh-3477
Jesse Pinkman,DJ YAGI,PSYCHEDELIC LABORATORY Vol.2,False,INDIFFERENT,7:10,430,arFZi6r3qSI,2025-02-15T01:41:08Z,gh-3477
Gulf Breeze,Eat Static,Abduction (Expanded Edition),False,INDIFFERENT,6:34,394,OHIdKOqsFGA,2025-02-15T01:34:34Z,gh-3477
Antidote,Dimension 5,Transdimensional,False,INDIFFERENT,6:43,403,Ythk3narnqE,2025-02-15T01:27:51Z,gh-3477
Conflict,Green Nuns of the Revolution,Rock Bitch Mafia,False,INDIFFERENT,8:36,516,cS0CSDt7hsw,2025-02-15T01:19:15Z,gh-3477
korg funk5 [London 19.08.2023],Aphex Twin,Music From The Merch Desk (2016 - 2023),False,INDIFFERENT,3:22,202,qT-9HbRiY14,2025-02-15T01:15:53Z,gh-3477
No Nuclear Mushrooms!,Amanite FX,"Phantasm, Vol.1",False,INDIFFERENT,7:41,461,OjYfMpxbx48,2025-02-15T01:08:12Z,gh-3477
Astral Voyage,Electric Universe,Stardiver,False,INDIFFERENT,4:29,269,FJEYKSlQvAU,2025-02-15T01:03:43Z,gh-3477
Indigo Remix,Prana,Cyclone,False,INDIFFERENT,8:44,524,FBHEyImxtzs,2025-02-15T00:54:59Z,gh-3477
Magik (Remastered 2024),Hallucinogen,The Singles (Remastered 2024),False,INDIFFERENT,7:32,452,KnTtXAV40zQ,2025-02-15T00:47:27Z,gh-3477
LSD (Live Mix),Hallucinogen,The Singles (Remastered 2024),False,INDIFFERENT,9:10,550,XiG5suyBxzs,2025-02-15T00:38:17Z,gh-3477
Dig Dis (Remastered 1999/Rudy Van Gelder Edition),Hank Mobley,Soul Station,False,INDIFFERENT,6:10,370,76vtIhSIlI0,2025-02-14T11:22:17Z,gh-3476
Autumn Leaves,Ryo Fukui,Scenery,False,INDIFFERENT,6:32,392,XaAiNL-YJIs,2025-02-14T11:15:45Z,gh-3476
When You're Smiling (The Whole World Smiles With You),Louis Armstrong And The All-Stars,King Louis,False,INDIFFERENT,4:06,246,IfMSuEVrgtk,2025-02-14T11:11:39Z,gh-3476
Ain't Misbehavin',Fats Waller,Fats Waller: Very Best of Fats Waller,False,INDIFFERENT,3:58,238,SWLbcvsUYj0,2025-02-14T11:07:41Z,gh-3476
Si tu vois ma mère (Slow),"Claude Luter et Son Orchestre, Sidney Bechet",Les Années Bechet,False,INDIFFERENT,3:14,194,NyDz4Okg-Hs,2025-02-14T11:04:27Z,gh-3476
Night Lights,Gerry Mulligan Sextet,Night Lights (Expanded Edition),False,INDIFFERENT,4:58,298,Wf02V8AtMag,2025-02-14T10:59:29Z,gh-3476
All Of Me,The Oscar Peterson Trio,A Jazz Portrait Of Frank Sinatra,False,INDIFFERENT,3:23,203,96jO3y8TVn8,2025-02-14T10:56:06Z,gh-3476
Desafinado,"Charlie Byrd, Stan Getz",20th Century Masters: The Millennium Collection: The Best Of Stan Getz,False,INDIFFERENT,5:49,349,ccHg27qKShc,2025-02-14T10:50:17Z,gh-3476
"Midnight, the Stars and You",Al Bowlly,The Myth of Al Bowlly,False,INDIFFERENT,3:29,209,0SSkJHJE_l4,2025-02-14T10:46:48Z,gh-3476
Chitlins Con Carne,Kenny Burrell,Midnight Blue (The Rudy Van Gelder Edition),False,INDIFFERENT,5:31,331,ylGjvwXV3HA,2025-02-14T10:41:17Z,gh-3476
Cantaloupe Island (Remastered 1999/Rudy Van Gelder Edition),Herbie Hancock,Empyrean Isles (Expanded Edition),False,LIKE,5:34,334,otFVFLtRF_s,2025-02-14T10:35:43Z,gh-3476
A Taste of Honey,Paul Desmond,Glad To Be Unhappy,False,INDIFFERENT,4:26,266,0gOX4W2PNGM,2025-02-14T18:34:55Z,gh-3475
Li'l Darlin' (1994 Remaster),Count Basie,The Complete Atomic Basie,False,LIKE,4:51,291,nqn4nyZz0to,2025-02-14T18:30:04Z,gh-3475
My Romance (Bonus Track) (Live),Bill Evans,"Bill Evans in Ottawa 1974 (Remastered, Live on Broadcasting)",,INDIFFERENT,4:40,280,KiIdNVzqHFI,2025-02-14T18:25:24Z,gh-3475
Time Remembered (Bonus Track) (Live),Bill Evans,"Bill Evans in Ottawa 1974 (Remastered, Live on Broadcasting)",,INDIFFERENT,5:16,316,RKS0zut0w3s,2025-02-14T18:20:08Z,gh-3475
Gloria's Step (Bonus Track) (Live),Bill Evans,"Bill Evans in Ottawa 1974 (Remastered, Live on Broadcasting)",,INDIFFERENT,6:57,417,jMUjBwNDeuc,2025-02-14T18:13:11Z,gh-3475
How My Heart Sings (Bonus Track) (Live),Bill Evans,"Bill Evans in Ottawa 1974 (Remastered, Live on Broadcasting)",,INDIFFERENT,4:19,259,5Mw3ygcnpgo,2025-02-14T18:08:52Z,gh-3475
Beautiful Love (Live),Bill Evans,"Bill Evans in Ottawa 1974 (Remastered, Live on Broadcasting)",,INDIFFERENT,1:48,108,3Oj5DLUsQdU,2025-02-14T18:07:04Z,gh-3475
Time Remembered (Live),Bill Evans,"Bill Evans in Ottawa 1974 (Remastered, Live on Broadcasting)",,INDIFFERENT,5:50,350,7gIZUlOD5L8,2025-02-14T18:01:14Z,gh-3475
How My Heart Sings (Live),Bill Evans,"Bill Evans in Ottawa 1974 (Remastered, Live on Broadcasting)",,INDIFFERENT,5:28,328,syIDA_YnmfY,2025-02-14T17:55:46Z,gh-3475
A Sleepin' Bee (Live),Bill Evans,"Bill Evans in Ottawa 1974 (Remastered, Live on Broadcasting)",,INDIFFERENT,5:50,350,TILbX6jofDk,2025-02-14T17:49:56Z,gh-3475
Morning Glory (Live),Bill Evans,"Bill Evans in Ottawa 1974 (Remastered, Live on Broadcasting)",,INDIFFERENT,4:23,263,nM0x7YymQsY,2025-02-14T17:45:33Z,gh-3475
Sugar Plum (Live),Bill Evans,"Bill Evans in Ottawa 1974 (Remastered, Live on Broadcasting)",,INDIFFERENT,7:50,470,IhXvU0wSaKM,2025-02-14T17:37:43Z,gh-3475
Elsa (Live),Bill Evans,"Bill Evans in Ottawa 1974 (Remastered, Live on Broadcasting)",,INDIFFERENT,7:13,433,KxrvI16VkEo,2025-02-14T17:30:30Z,gh-3475
Midnight Mood (Live),Bill Evans,"Bill Evans in Ottawa 1974 (Remastered, Live on Broadcasting)",,INDIFFERENT,7:40,460,esmY5XuprYI,2025-02-14T17:22:50Z,gh-3475
"Chopin: Nocturne No. 2, Op. 9 in E-Flat major",Pianophonica,"Chopin: Nocturne No. 2, Op. 9 in E-Flat major",False,INDIFFERENT,5:01,301,5X0fa7Nd5oY,2025-02-14T17:17:49Z,gh-3475
Love Dream (No 3),Franz Liszt,A Calendar Of Classics - A 12 CD Set Of Romantic Classics For Every Month Of The Year,False,INDIFFERENT,4:22,262,Gu3Ue9Z8Tic,2025-02-14T17:13:27Z,gh-3475
Hallelujah (Piano in C Major),Marco Velocci,Hallelujah (Piano),False,INDIFFERENT,3:37,217,onvtYAY8owQ,2025-02-14T17:09:50Z,gh-3475
Le rêve d'une note,RIOPY,Le Rêve d'une note,False,INDIFFERENT,3:10,190,i5HmjgoZt08,2025-02-14T17:06:40Z,gh-3475
"Another Day of Sun (From ""La La Land"")",Mercuzio Pianist,"Another Day of Sun (From ""La La Land"")",False,INDIFFERENT,3:58,238,WrboU46cXs4,2025-02-14T17:02:42Z,gh-3475
Was I Drunk?,Corn Potato String Band,Good Job Everybody,False,LIKE,3:25,205,3bxFS2RhS2E,2025-02-14T03:30:16Z,gh-3469
I Was Drunk,Royal Bliss,Life In-Between,False,INDIFFERENT,4:04,244,WyB39uF4A3Q,2025-02-14T03:26:12Z,gh-3469
Boll Weevil,Punch Brothers,The Phosphorescent Blues,False,INDIFFERENT,2:37,157,HTZdoye0rqg,2025-02-12T17:58:39Z,gh-3469
Patchwork Girlfriend,Punch Brothers,Who's Feeling Young Now?,False,LIKE,3:49,229,CMtyWB_Pzic,2025-02-12T17:54:50Z,gh-3469
Sweet Caroline,Neil Diamond,Sweet Caroline,False,INDIFFERENT,3:24,204,GmK5_lnQUbE,2025-02-14T01:51:35Z,gh-3468
Waterloo Sunset (Mono Mix),The Kinks,Something Else (Deluxe Edition),False,INDIFFERENT,3:15,195,SJ1BuKUCIC8,2025-02-14T01:48:20Z,gh-3468
"Mrs. Robinson (From ""The Graduate"" Soundtrack)",Simon & Garfunkel,Bookends,False,INDIFFERENT,4:05,245,_C2vqI9FVwg,2025-02-14T01:44:15Z,gh-3468
Lay All Your Love On Me,ABBA,Super Trouper,False,INDIFFERENT,4:35,275,5mHzaIehRTE,2025-02-14T01:39:40Z,gh-3468
California Dreamin' (Single Version),The Mamas & The Papas,If You Can Believe Your Eyes & Ears,False,INDIFFERENT,2:43,163,oU6uUEwZ8FM,2025-02-14T01:36:57Z,gh-3468
Don't Go Breaking My Heart,"Elton John, Kiki Dee",Diamonds (Deluxe),False,INDIFFERENT,4:27,267,DH7kBuZ5GZk,2025-02-14T01:32:30Z,gh-3468
Make Your Own Kind Of Music,Mama Cass,Mama's Big Ones,False,INDIFFERENT,2:20,140,iQ7dTMPwUi8,2025-02-14T01:30:10Z,gh-3468
The Errant Path - Sirius #94,Jon Fishman,The Errant Path,,INDIFFERENT,1:55:34,6934,COT0KKfoWy8,2025-02-13T23:34:36Z,gh-3468
Scarab,Prana,Cyclone,False,INDIFFERENT,7:32,452,J18afiDZV4g,2025-02-13T21:20:44Z,gh-3467
Runway,"Animalien, Oksha, Slide",Fungi Prophets,False,INDIFFERENT,7:30,450,EgG2ve-Ilgs,2025-02-13T21:13:14Z,gh-3467
42DIMENSIT3 e3 [London 03.06.17],Aphex Twin,Music From The Merch Desk (2016 - 2023),False,INDIFFERENT,4:42,282,wXEPqqNc2Ms,2025-02-13T21:08:32Z,gh-3467
Alien Pump,Tandu,Multimoods,False,INDIFFERENT,8:55,535,wkVgK1SFaY4,2025-02-13T20:59:37Z,gh-3467
Crystal Skulls (Dance Mix),Shpongle,Raja Ram's Stash Bag Vol. 2,False,INDIFFERENT,8:25,505,3nz3dRUD2eY,2025-02-13T20:51:12Z,gh-3467
Fractal Gates,Etnica,Single Collection 1,False,INDIFFERENT,8:36,516,H1uEgoGAtfU,2025-02-13T20:42:36Z,gh-3467
It's Not Real,"Fungus Funk, Endeavour",Sonzeira,False,INDIFFERENT,6:50,410,rRyzeiYHua8,2025-02-13T20:27:05Z,gh-3466
Two Full Moons & A Trout (Original Remastered Mix),Union Jack,Two Full Moons And A Trout - Remixes,False,INDIFFERENT,7:59,479,NSzLQp6EZCg,2025-02-13T20:19:06Z,gh-3466
Virus - Sun (Man With No Name Remix) [1995],"312K views, Gábor Labbancz",,False,INDIFFERENT,6:58,418,Fi8ZRmHcpYY,2025-02-13T20:12:08Z,gh-3466
Travelling at the Speed of Thought,The Delta,Scizoeffective,False,INDIFFERENT,7:23,443,flxaSF0Ajwk,2025-02-13T20:04:45Z,gh-3466
Mongolia,Electric Universe,Mongolia,False,INDIFFERENT,7:59,479,TZdfKBALJMc,2025-02-13T19:56:46Z,gh-3466
Let The Beat Control Your Body,Peter Pahn,A-Sides Vol. 13,False,INDIFFERENT,4:28,268,0bRBlG6QTxE,2025-02-13T19:52:18Z,gh-3466
Inside The Horizon,Mindsphere,Mental Triplex: Beyond,False,INDIFFERENT,9:38,578,0zF8z91Oez4,2025-02-13T19:42:40Z,gh-3466
Overbloody Flood,Blue Planet Corporation,A Blueprint For Survival,False,INDIFFERENT,7:51,471,nLPpE1Yz7K0,2025-02-13T19:34:49Z,gh-3466
Acid Cult,Popof & Marie Vaunt,A-Sides Vol. 13,False,INDIFFERENT,3:47,227,xGu9bWDPVQE,2025-02-13T19:31:02Z,gh-3466
Time To Let Go,Alter Nature,Time To Let Go,False,INDIFFERENT,7:32,452,esLVRKX_G0w,2025-02-13T19:23:30Z,gh-3466
Elysium - Subconsciousness,"441K views, Amatria7",,False,INDIFFERENT,8:55,535,bmjROkH6xtE,2025-02-13T19:14:35Z,gh-3466
Space Angel,Subcouds,"Fill Your Head with Phantasm, Vol. 5",False,INDIFFERENT,8:12,492,MLIFrUOyrfs,2025-02-13T19:06:23Z,gh-3466
Ragu,Shaolin Wooden Men,"Psy-Harmonics, Vol. 3: Hacking the Reality Myth",False,INDIFFERENT,6:30,390,CbZ364f9wPg,2025-02-13T18:59:53Z,gh-3466
Soft Control (Remastered Version),Hatikwa,Point of View,False,INDIFFERENT,8:38,518,SSnOKD04OBw,2025-02-13T18:51:15Z,gh-3466
Phenomena,Miranda,Cosmic Treasure Vol. 1: Best Of 1995-2000 Remastered,False,INDIFFERENT,8:55,535,W_12jJHqL1g,2025-02-13T18:42:20Z,gh-3466
Gone,THIRD WIFE,Gone,False,INDIFFERENT,5:26,326,xMN8Qfvt2b4,2025-02-13T18:36:54Z,gh-3466
Trancespotter,Hallucinogen,Space Pussy,False,INDIFFERENT,8:39,519,KAnWhKWRVy0,2025-02-13T18:28:15Z,gh-3466
Astral Pancakes (Remastered 2024),Hallucinogen,The Singles (Remastered 2024),False,INDIFFERENT,8:03,483,ci3FiZM7_mg,2025-02-13T18:20:12Z,gh-3466
"River Lullaby (Theme from ""The Prince of Egypt"")",Mercuzio Pianist,"River Lullaby (Theme from ""The Prince of Egypt"")",False,INDIFFERENT,4:06,246,NvIkKuDzdIA,2025-02-13T18:16:06Z,gh-3466
"Orchestral Suite No. 3 in D Major, BWV 1068: II. Air","Johann Sebastian Bach, Munchener Bach Orchester","Bach: Orchestral Suite, No. 2 & 3",False,INDIFFERENT,5:40,340,oNMAwDR2IYY,2025-02-13T18:10:26Z,gh-3466
"Mariage d'amour ""Spring Waltz"" (Piano)",Marco Velocci,Mariage d'amour (Piano),False,INDIFFERENT,4:36,276,qWrx4o_flwY,2025-02-13T18:05:50Z,gh-3466
The French Library,Franz Gordon,The French Library,False,INDIFFERENT,3:00,180,e-3z40QzJT0,2025-02-13T18:02:50Z,gh-3466
"I Am Free (Theme from ""Suite française"")",Mercuzio Pianist,"I Am Free (Theme from ""Suite française"")",False,INDIFFERENT,4:36,276,9wHCrFnX7eo,2025-02-13T17:58:14Z,gh-3466
"Générique De Début (From ""Une Hirondelle A Fait Le Printemps"")",Mercuzio Pianist,"Générique De Début (From ""Une Hirondelle A Fait Le Printemps"")",False,INDIFFERENT,3:31,211,seUq8_HfGq8,2025-02-13T17:54:43Z,gh-3466
Four4,"Amadinda Percussion Group, John Cage",Legacies 4: Works for Percussion - Four4,False,INDIFFERENT,1:12:40,4360,KjlKDofv2Hk,2025-02-13T16:42:03Z,gh-3466
Ryoanji (1983/85),John Cage,Ryoanji,False,INDIFFERENT,1:00:29,3629,m9N2Wx3odgE,2025-02-13T15:41:34Z,gh-3466
Invisible [Piano Version] (feat. Sofiane Pamart),NTO,Invisible,False,INDIFFERENT,2:55,175,UuUyQlx09Dk,2025-02-13T15:38:39Z,gh-3466
An Ending (Ascent),Brian Eno,Apollo: Atmospheres And Soundtracks (Extended Edition),False,INDIFFERENT,4:25,265,XbL9DT4QFc8,2025-02-13T15:34:14Z,gh-3466
Dopamine Clouds Over Craven Cottage,Stars of the Lid,And Their Refinement of the Decline,False,INDIFFERENT,5:55,355,od1qtiWjXTw,2025-02-13T15:28:19Z,gh-3466
Voigt-Kampf,Rafael Anton Irisarri,Daydreaming,False,INDIFFERENT,3:07,187,Nuk2HYBnB6c,2025-02-13T15:25:12Z,gh-3466
Angle of Loll,Loscil,Sea Island,False,INDIFFERENT,5:52,352,apkmljREcv4,2025-02-13T15:19:20Z,gh-3466
Mistral,loscil,Plume,False,INDIFFERENT,6:01,361,2rzkn_74crs,2025-02-13T15:13:19Z,gh-3466
Charlie,loscil,Plume,False,INDIFFERENT,8:50,530,lm9BbFaFXPk,2025-02-13T15:04:29Z,gh-3466
Halcyon,loscil,Plume,False,INDIFFERENT,7:22,442,36hSyE-F0H0,2025-02-13T14:57:07Z,gh-3466
Bellows,loscil,Plume,False,INDIFFERENT,6:27,387,7T5EZ_wPqCI,2025-02-13T14:50:40Z,gh-3466
Chinook,loscil,Plume,False,INDIFFERENT,6:58,418,mFECYlygl6g,2025-02-13T14:43:42Z,gh-3466
Steam,loscil,Plume,False,INDIFFERENT,6:56,416,xEUg_TDpwg0,2025-02-13T14:36:46Z,gh-3466
Zephyr,loscil,Plume,False,INDIFFERENT,5:20,320,1EXc96ZBPX4,2025-02-13T14:31:26Z,gh-3466
Rorschach,loscil,Plume,False,INDIFFERENT,8:20,500,-VxwbHL78HI,2025-02-13T14:23:06Z,gh-3466
Motoc,loscil,Plume,False,INDIFFERENT,6:30,390,zBCKNhgD2A8,2025-02-13T14:16:36Z,gh-3466
Soulful,L'Indécis,Playtime,False,INDIFFERENT,3:41,221,fs0BCIUQ7Ws,2025-02-13T14:12:55Z,gh-3466
You're Lucky She's Lonely,"Colter Wall, Summer Dean",You're Lucky She's Lonely,False,LIKE,3:27,207,vcR2WJh8Eyg,2025-02-13T14:09:28Z,gh-3466
Shine (Live),"David Grisman, Stephane Grappelli",Stephane Grappelli and David Grisman Live,False,LIKE,5:19,319,oMobf1AHbHk,2025-02-13T14:04:09Z,gh-3466
Angelic Particles (Remastered 2024),Hallucinogen,The Singles (Remastered 2024),False,INDIFFERENT,7:25,445,vxw60P4mfyM,2025-02-13T13:56:44Z,gh-3466
Soothsayer (Remastered 2024),Hallucinogen,The Singles (Remastered 2024),False,INDIFFERENT,7:55,475,ASmsjqQ-8uw,2025-02-13T13:48:49Z,gh-3466
Shamanix (Remix),Hallucinogen,The Singles (Remastered 2024),False,INDIFFERENT,8:10,490,9xVSCy4b4sA,2025-02-13T13:40:39Z,gh-3466
Orphic Resonance (Remastered 2024),Hallucinogen,The Singles (Remastered 2024),False,INDIFFERENT,7:11,431,RAb4NaHCoIg,2025-02-13T13:33:28Z,gh-3466
Angelic Particles (Ambient Mix),Hallucinogen,The Singles (Remastered 2024),False,INDIFFERENT,3:40,220,xMAECqhLAsU,2025-02-13T13:29:48Z,gh-3466
Spiked (Remastered 2024),Hallucinogen,The Singles (Remastered 2024),False,INDIFFERENT,6:58,418,BX5r0hN3s64,2025-02-13T13:22:50Z,gh-3466
LSD (Live Mix),Hallucinogen,The Singles (Remastered 2024),False,INDIFFERENT,9:10,550,XiG5suyBxzs,2025-02-13T13:13:40Z,gh-3466
Solstice (Early Mix),Hallucinogen,The Singles (Remastered 2024),False,LIKE,5:54,354,sjv5knfjrHc,2025-02-13T13:07:46Z,gh-3466
Time Holes,Easily Embarrassed,Idyllic Life,False,INDIFFERENT,5:52,352,7t5vNDQn6eY,2025-02-13T13:01:54Z,gh-3466
Fairdreamers,Kliment,"Cosmik Chill ""Orange""",False,INDIFFERENT,10:59,659,SBIhN4uGKVk,2025-02-13T12:50:55Z,gh-3466
Where the Street Have No Name,Koan,Matariki,False,INDIFFERENT,7:51,471,rwl2dY14Ucs,2025-02-13T12:43:04Z,gh-3466
Waters of Life,Mystical Sun,Deeperworlds,False,INDIFFERENT,4:19,259,94F82d5gONs,2025-02-13T12:38:45Z,gh-3466
Oleander (Phutureprimitive Symbiotic Remix),Bluetech,Digital Singles Vol.1,False,INDIFFERENT,7:36,456,JnKhDj3r81A,2025-02-13T12:31:09Z,gh-3466
Iris Rotation,AES Dana,Memory Shell,False,INDIFFERENT,6:21,381,HHRiM0EDOoM,2025-02-13T12:24:48Z,gh-3466
Back to Light,Asura,Life²,False,INDIFFERENT,6:35,395,_-JM7aQTs-I,2025-02-13T12:18:13Z,gh-3466
Light Ocean Blue,Entheogenic,Entheogenic,False,INDIFFERENT,8:37,517,SICn0Wmptp0,2025-02-13T12:09:36Z,gh-3466
Fortean Thieves (feat. Aliji),Slackbaba,Ask,False,INDIFFERENT,7:35,455,mS44RQWMsrU,2025-02-13T12:02:01Z,gh-3466
Dub Crystals,Androcell,Emotivision,False,INDIFFERENT,7:19,439,-ixSurewLXQ,2025-02-13T11:54:42Z,gh-3466
The Island Of Deceased Ships,Koan,When The Silence Is Speaking,False,INDIFFERENT,7:31,451,6Xb2UoID8IU,2025-02-13T11:47:11Z,gh-3466
Veda,Astropilot,Iriy,False,INDIFFERENT,10:18,618,UNOfIH_osBE,2025-02-13T11:36:53Z,gh-3466
Silver (Robot Baby Mix),Tripswitch,Circuit Breaker,False,INDIFFERENT,8:06,486,rf4PlZRnKxo,2025-02-13T11:28:47Z,gh-3466
Ground Luminosity (Ott's New Yoghurt Loom Mix),Entheogenic,Dialogue Of The Speakers,False,INDIFFERENT,8:32,512,v_kVQapfavs,2025-02-13T11:20:15Z,gh-3466
Probability Tree,Bluetech,The Divine Invasion,False,INDIFFERENT,6:06,366,8YyWUPPTwmA,2025-02-13T11:14:09Z,gh-3466
Indigo Room,H.U.V.A. Network,Distances,False,INDIFFERENT,6:49,409,5aBrX1S49BE,2025-02-13T11:07:20Z,gh-3466
Union Light,Solar Fields,"Fahrenheit Project, Part 4",False,INDIFFERENT,7:29,449,mJgF06bPHgI,2025-02-13T10:59:51Z,gh-3466
Little Fluffy Clouds,The Orb,Adventures Beyond The Ultraworld,False,INDIFFERENT,4:28,268,KNfjpmvbQG0,2025-02-13T10:55:23Z,gh-3466
The New Normal,"Shpongle, Simon Posford",Flux & Contemplation - Portrait of an Artist in Isolation,False,LIKE,10:42,642,xwyK3XGQvqI,2025-02-13T10:44:41Z,gh-3466
The Hobbyist,"Shpongle, Simon Posford",Flux & Contemplation - Portrait of an Artist in Isolation,False,INDIFFERENT,6:34,394,GY2jxHg2HYo,2025-02-13T10:38:07Z,gh-3466
Ripples of the Mind,"Shpongle, Simon Posford",Flux & Contemplation - Portrait of an Artist in Isolation,False,INDIFFERENT,3:48,228,jWHptnuVBew,2025-02-13T10:34:19Z,gh-3466
Wish You Weren’t Here,"Shpongle, Simon Posford",Flux & Contemplation - Portrait of an Artist in Isolation,False,LIKE,5:29,329,gWpYbDCSoro,2025-02-13T10:28:50Z,gh-3466
Germination,"Shpongle, Simon Posford",Flux & Contemplation - Portrait of an Artist in Isolation,False,INDIFFERENT,2:14,134,8XabjqbkjCs,2025-02-13T10:26:36Z,gh-3466
Part Two (Cool),John Zorn,Filmworks VI: 1996,,INDIFFERENT,7:44,464,bGbGzzLYDK8,2025-02-13T10:18:52Z,gh-3466
Part One (Hot),John Zorn,Filmworks VI: 1996,,INDIFFERENT,19:47,1187,-5U9X1AnDKU,2025-02-13T09:59:05Z,gh-3466
Mechanics of the Brain,John Zorn,Filmworks VI: 1996,,INDIFFERENT,2:03,123,fWvvJWDmHO8,2025-02-13T09:57:02Z,gh-3466
Pendulum,John Zorn,Filmworks VI: 1996,,INDIFFERENT,2:06,126,Th2Aria8GbM,2025-02-13T09:54:56Z,gh-3466
Macbeth,John Zorn,Filmworks VI: 1996,,INDIFFERENT,3:05,185,rP0nzY8BGu0,2025-02-13T09:51:51Z,gh-3466
Measuring,John Zorn,Filmworks VI: 1996,,INDIFFERENT,1:34,94,Ygf8QLGddWk,2025-02-13T09:50:17Z,gh-3466
Subliminal Perceptions,John Zorn,Filmworks VI: 1996,,INDIFFERENT,1:45,105,3bC4hc9ekMw,2025-02-13T09:48:32Z,gh-3466
Houdini,John Zorn,Filmworks VI: 1996,,INDIFFERENT,3:12,192,wG3MAlUVr3g,2025-02-13T09:45:20Z,gh-3466
Witches' Cauldron,John Zorn,Filmworks VI: 1996,,INDIFFERENT,3:47,227,32600yAIcM4,2025-02-13T09:41:33Z,gh-3466
Brain-Scan,John Zorn,Filmworks VI: 1996,,INDIFFERENT,1:06,66,VC_1K2r-Q6E,2025-02-13T09:40:27Z,gh-3466
Surgery Montage,John Zorn,Filmworks VI: 1996,,INDIFFERENT,1:47,107,lTD5_Y5a3v4,2025-02-13T09:38:40Z,gh-3466
Fireworks,John Zorn,Filmworks VI: 1996,,INDIFFERENT,1:52,112,VFvxu9KjIzE,2025-02-13T09:36:48Z,gh-3466
End Titles,John Zorn,Filmworks VI: 1996,,INDIFFERENT,3:12,192,1qxyLCpz-D0,2025-02-13T09:33:36Z,gh-3466
Seductress,John Zorn,Filmworks VI: 1996,,INDIFFERENT,4:19,259,I7WLjJXhqGk,2025-02-13T09:29:17Z,gh-3466
Work-a-Day World (Anton's Theme),John Zorn,Filmworks VI: 1996,,INDIFFERENT,3:31,211,dqs67FN3KP8,2025-02-13T09:25:46Z,gh-3466
Opening Credits / Hawaiian Postcard,John Zorn,Filmworks VI: 1996,,INDIFFERENT,2:57,177,vIj7CAWLM-w,2025-02-13T09:22:49Z,gh-3466
e: Tweezer Reprise,Phish,"2003-02-20 Rosemont, IL - Allstate Arena (Pawk Matrix)",,INDIFFERENT,5:13,313,SkTOTk9Q6_E,2025-02-13T09:17:36Z,gh-3466
e: Anything But Me,Phish,"2003-02-20 Rosemont, IL - Allstate Arena (Pawk Matrix)",,INDIFFERENT,5:17,317,vi-8glFav00,2025-02-13T09:12:19Z,gh-3466
e: Golgi Apparatus,Phish,"2003-02-20 Rosemont, IL - Allstate Arena (Pawk Matrix)",,INDIFFERENT,4:47,287,pirfus8x178,2025-02-13T09:07:32Z,gh-3466
Pebbles and Marbles,Phish,"2003-02-20 Rosemont, IL - Allstate Arena (Pawk Matrix)",,INDIFFERENT,17:16,1036,02tQZ-Ns1j4,2025-02-13T08:50:16Z,gh-3466
Seven Below,Phish,"2003-02-20 Rosemont, IL - Allstate Arena (Pawk Matrix)",,INDIFFERENT,22:17,1337,0N6W43bdEck,2025-02-13T08:27:59Z,gh-3466
Fast Enough For You,Phish,"2003-02-20 Rosemont, IL - Allstate Arena (Pawk Matrix)",,INDIFFERENT,8:17,497,QMFwXSPYxBs,2025-02-13T08:19:42Z,gh-3466
Punch You in the Eye,Phish,"2003-02-20 Rosemont, IL - Allstate Arena (Pawk Matrix)",,INDIFFERENT,7:45,465,3tbP1aIEWFk,2025-02-13T08:11:57Z,gh-3466
Tweezer,Phish,"2003-02-20 Rosemont, IL - Allstate Arena (Pawk Matrix)",,LIKE,20:50,1250,mUboRBIdDHw,2025-02-13T07:51:07Z,gh-3466
Gotta Jibboo,Phish,"2003-02-20 Rosemont, IL - Allstate Arena (Pawk Matrix)",,INDIFFERENT,19:57,1197,3ZEC9gh8Wpo,2025-02-13T07:31:10Z,gh-3466
Simple,Phish,"2003-02-20 Rosemont, IL - Allstate Arena (Pawk Matrix)",,INDIFFERENT,18:21,1101,Fujtf9X6ADs,2025-02-13T07:12:49Z,gh-3466
Waves,Phish,"2003-02-20 Rosemont, IL - Allstate Arena (Pawk Matrix)",,INDIFFERENT,8:45,525,cpW0t8B2564,2025-02-13T07:04:04Z,gh-3466
Driver,Phish,"2003-02-20 Rosemont, IL - Allstate Arena (Pawk Matrix)",,INDIFFERENT,3:43,223,m_FNFljqgzk,2025-02-13T07:00:21Z,gh-3466
Into Leaf,Ivan the Tolerable,Nocturnes,False,INDIFFERENT,3:39,219,wB_fKpMJsSQ,2025-02-10T23:28:02Z,gh-3441
Scentless Weightless,Ivan the Tolerable,Nocturnes,False,INDIFFERENT,5:56,356,_RVXEZPO1VA,2025-02-10T23:22:06Z,gh-3441
Brain & Eye,Ivan the Tolerable,Nocturnes,False,INDIFFERENT,4:40,280,WuREzzWb1oo,2025-02-10T23:17:26Z,gh-3441
Too Much Moonlight,Ivan the Tolerable,Nocturnes,False,INDIFFERENT,3:31,211,8PM-RILTzzs,2025-02-10T23:13:55Z,gh-3441
Redcaps,Ivan the Tolerable,Nocturnes,False,INDIFFERENT,8:03,483,Rjt1xWg-FG8,2025-02-10T23:05:52Z,gh-3441
Silver Knife,Ivan the Tolerable,Nocturnes,False,INDIFFERENT,4:56,296,bdbkpFYMAyk,2025-02-10T23:00:56Z,gh-3441
Heavy Flowers,Ivan the Tolerable,Nocturnes,False,INDIFFERENT,3:55,235,j2kEu5zVuJc,2025-02-10T22:57:01Z,gh-3441
A Serious House,Ivan the Tolerable,Nocturnes,False,INDIFFERENT,3:29,209,qZjUj5SUlkg,2025-02-10T22:53:32Z,gh-3441
Confessionals,Ivan the Tolerable,Nocturnes,False,INDIFFERENT,3:59,239,CviwXuws7xA,2025-02-11T06:35:45Z,gh-3440
01-11-2017,Pretty Lights The Hot Shit,The Hot Shit 2016,,INDIFFERENT,1:00:01,3601,qwyDN1tUZ0A,2025-02-11T00:54:44Z,gh-3438
Old Gray Coat,The Tony Rice Unit,Acoustics,False,INDIFFERENT,3:55,235,q9co4MLTEK8,2025-02-11T00:50:49Z,gh-3438
Shine (Live),"David Grisman, Stephane Grappelli",Stephane Grappelli and David Grisman Live,False,LIKE,5:19,319,oMobf1AHbHk,2025-02-11T00:45:30Z,gh-3438
LIMEHOUSE BLUES,David Grisman Quintet,Live At The Gamh 1979,False,LIKE,3:55,235,kUYj4vJAQ2U,2025-02-11T00:41:35Z,gh-3438
MINOR SWING,David Grisman Quintet,Live At The Gamh 1979,False,INDIFFERENT,3:58,238,EGDNobQObcI,2025-02-11T00:37:37Z,gh-3438
WAITING ON VASSAR,David Grisman Quintet,Live At The Gamh 1979,False,INDIFFERENT,5:57,357,OGeYLNy9w-0,2025-02-11T00:31:40Z,gh-3438
16/16,David Grisman Quintet,Live At The Gamh 1979,False,INDIFFERENT,4:28,268,siIS9DYF3S8,2025-02-11T00:27:12Z,gh-3438
DAWG'S RAG,David Grisman Quintet,Live At The Gamh 1979,False,INDIFFERENT,10:20,620,3SXR6l0a2aY,2025-02-11T00:16:52Z,gh-3438
MOONLIGHT WALTZ,David Grisman Quintet,Live At The Gamh 1979,False,INDIFFERENT,2:56,176,sExGurbkGVs,2025-02-11T00:13:56Z,gh-3438
KEY SIGNATOR,David Grisman Quintet,Live At The Gamh 1979,False,INDIFFERENT,5:57,357,QUNJGotc0bc,2025-02-11T00:07:59Z,gh-3438
NEON TETRA,David Grisman Quintet,Live At The Gamh 1979,False,INDIFFERENT,6:04,364,_hpvQ-xxmWo,2025-02-11T00:01:55Z,gh-3438
INTRO,David Grisman Quintet,Live At The Gamh 1979,False,INDIFFERENT,0:27,27,mMB2OXjUfXg,2025-02-11T00:01:28Z,gh-3438
RICHOCHET,David Grisman Quintet,Live At The Gamh 1979,False,INDIFFERENT,2:35,155,LWXZTyrYHjs,2025-02-10T23:58:53Z,gh-3438
PNEUMONIA,David Grisman Quintet,Live At The Gamh 1979,False,INDIFFERENT,6:45,405,EG4RB8KRMTQ,2025-02-10T23:52:08Z,gh-3438
BAND INTRO,David Grisman Quintet,Live At The Gamh 1979,False,INDIFFERENT,3:01,181,prKRsjSRtL4,2025-02-10T23:49:07Z,gh-3438
MINOR SWING,David Grisman Quintet,Live At The Gamh 1979,False,INDIFFERENT,3:57,237,jTSsnPNiBUU,2025-02-10T23:45:10Z,gh-3438
JANICE,David Grisman Quintet,Live At The Gamh 1979,False,INDIFFERENT,4:47,287,-NeE1U5j6z0,2025-02-10T23:40:23Z,gh-3438
DEVLIN,David Grisman Quintet,Live At The Gamh 1979,False,INDIFFERENT,5:12,312,BXR-SPgihTk,2025-02-10T23:35:11Z,gh-3438
WAITING ON VASSAR,David Grisman Quintet,Live At The Gamh 1979,False,INDIFFERENT,6:20,380,LZbmC3dnG88,2025-02-10T23:28:51Z,gh-3438
16/16,David Grisman Quintet,Live At The Gamh 1979,False,INDIFFERENT,4:29,269,U-K3VI57t7c,2025-02-10T23:24:22Z,gh-3438
Hawktail+Väsen | 2024-02-21 | The Tobogganist,"449 views, Mark's Memories",,False,INDIFFERENT,4:19,259,TKc2S4CfsVA,2025-02-10T23:20:03Z,gh-3438
Hawktail+Väsen | 2024-02-21 | Hymn Till Sommarnätter,"324 views, Mark's Memories",,False,INDIFFERENT,3:53,233,urUtFanuUZQ,2025-02-10T23:16:10Z,gh-3438
Hawktail+Väsen | 2024-02-21 | Polska,"127 views, Mark's Memories",,False,INDIFFERENT,4:33,273,zU1YL4LIIJE,2025-02-10T23:11:37Z,gh-3438
Hawktail+Väsen | 2024-02-21 | Harpleken,"137 views, Mark's Memories",,False,INDIFFERENT,3:14,194,_gcDCwSvKkg,2025-02-10T23:08:23Z,gh-3438
Hawktail+Väsen | 2024-02 -21 | Polska,"153 views, Mark's Memories",,False,INDIFFERENT,2:54,174,UVHUlX7jUpw,2025-02-10T23:05:29Z,gh-3438
Hawktail+Väsen | 2024-02-21 | Unless,"223 views, Mark's Memories",,False,INDIFFERENT,5:52,352,acP-6Ig2DNU,2025-02-10T21:23:14Z,gh-3437
Hawktail+Väsen | 2024-02-21 | Strykarepolska,"270 views, Mark's Memories",,False,INDIFFERENT,3:36,216,jSrZa-wPlag,2025-02-10T21:19:38Z,gh-3437
Hawktail+Väsen | 2024-02-21 | Switchback Games,"90 views, Mark's Memories",,False,INDIFFERENT,5:16,316,m-vCGeKdGrI,2025-02-10T21:14:22Z,gh-3437
Hawktail+Väsen | 2024-02-21 | Wallmarin,"100 views, Mark's Memories",,False,INDIFFERENT,4:18,258,iwgAYJ-ifUo,2025-02-10T21:10:04Z,gh-3437
Hawktail+Väsen | 2024-02-21 | Ms  Pretzel,"135 views, Mark's Memories",,False,INDIFFERENT,3:25,205,1cxx7i966YM,2025-02-10T21:06:22Z,gh-3436
Hawktail+Väsen | 2024-02-21 | Leadfoot,"211 views, Mark's Memories",,False,INDIFFERENT,4:16,256,3qkHSzp7-js,2025-02-10T21:02:06Z,gh-3436
Unless,Hawktail,Unless,False,INDIFFERENT,5:25,325,N7jwuE6g1r0,2025-02-10T20:56:41Z,gh-3436
Pogo Big,Darol Anger,E–And' A,False,INDIFFERENT,5:06,306,QKuqooBG1Io,2025-02-10T20:51:35Z,gh-3436
Dan'l Boone,"David Grisman, Sam Bush","Hold On, We're Strummin'",False,LIKE,4:04,244,U1PdNdGx10o,2025-02-10T20:47:31Z,gh-3436
Jerusalem Ridge,The Tony Rice Unit,Unit Of Measure,False,INDIFFERENT,6:39,399,t0uI2R4nWnU,2025-02-10T20:40:52Z,gh-3436
1952 Vincent Black Lightning,Del McCoury Band,Del & The Boys,False,LIKE,4:03,243,Vz6fCj1zLSg,2025-02-10T20:36:49Z,gh-3436
Nelia's Dance,Bryan Sutton,Bluegrass Guitar,False,INDIFFERENT,3:48,228,i2DAuatgi9A,2025-02-10T20:33:01Z,gh-3436
White Rabbit,"Golden Highway, Molly Tuttle",White Rabbit,False,INDIFFERENT,5:16,316,j16plclDtwU,2025-02-10T20:27:45Z,gh-3436
The Old Home Town,The Bluegrass Album Band,"The Bluegrass Album, Vol. 4",False,INDIFFERENT,3:07,187,mdXftxUIIk4,2025-02-10T20:24:38Z,gh-3436
Sour Grapes,Béla Fleck,My Bluegrass Heart,False,INDIFFERENT,4:05,245,2_uSVPawc-4,2025-02-10T20:20:33Z,gh-3436
Ole Blake,Bryan Sutton,Into My Own,False,INDIFFERENT,4:12,252,thpQ6yye4lw,2025-02-10T20:16:21Z,gh-3436
Hartford's Real,"David Grisman, Sam Bush","Hold On, We're Strummin'",False,INDIFFERENT,6:02,362,PQ7Tn326MvM,2025-02-10T20:10:19Z,gh-3436
Big Bug Shuffle,"Edgar Meyer, Jerry Douglas, Russ Barenberg","Skip, Hop And Wobble",False,INDIFFERENT,3:43,223,HeTShE2PiQI,2025-02-10T20:06:36Z,gh-3436
Boulderdash (feat. Tony Trischka & Noam Pikelny),Béla Fleck,My Bluegrass Heart,False,LIKE,7:02,422,H84Ast4cZMo,2025-02-10T19:59:34Z,gh-3436
Virginia Creeper,Bryan Sutton,The More I Learn,False,INDIFFERENT,4:24,264,dRLrj-nyaj0,2025-02-10T19:55:10Z,gh-3436
Gutted,Bella White,Just Like Leaving,False,INDIFFERENT,4:07,247,v9fb1R1G-A0,2025-02-10T19:51:03Z,gh-3436
"Tipper (feat. Scott Vestal, Randy Kohrs, Tim Crouch & Cody Kilby)","Jonah Horton, Pinecastle Records",Bluegrass 2022,False,INDIFFERENT,4:13,253,XIXA5nH_rfc,2025-02-10T19:46:50Z,gh-3436
This Old Road (feat. David Grisman & Billy Strings),Béla Fleck,My Bluegrass Heart,False,INDIFFERENT,4:56,296,XrfLEt9-LAU,2025-02-10T19:41:54Z,gh-3436
Rosemary,Sierra Ferrell,Trail Of Flowers,False,INDIFFERENT,3:37,217,DoYRPz8DA_U,2025-02-10T19:38:17Z,gh-3436
Last Train Home (Instrumental),"Mark Howard, Sam Bush, Stuart Duncan",Lonesome Whistle,False,INDIFFERENT,4:08,248,3DBJ-_UUP64,2025-02-10T19:34:09Z,gh-3436
Baltimore Johnny,The Del McCoury Band,The Cold Hard Facts,False,INDIFFERENT,3:32,212,RpmY0Kf7ukA,2025-02-10T19:30:37Z,gh-3436
Rattlesnake,Tony Rice,Tony Rice,False,INDIFFERENT,4:28,268,S5Jto4jPr6U,2025-02-10T19:26:09Z,gh-3436
Jerusalem Ridge,Noam Pikelny,Noam Pikelny Plays Kenny Baker Plays Bill Monroe,False,INDIFFERENT,4:32,272,Qk7-tPw2H-c,2025-02-10T19:21:37Z,gh-3436
Log Jam,Bryan Sutton,Into My Own,False,INDIFFERENT,4:33,273,DFVrobBOEa0,2025-02-10T19:17:04Z,gh-3436
Minor Swing,David Grisman,The David Grisman Quintet,False,INDIFFERENT,3:00,180,ONBYS-FSQwc,2025-02-10T19:14:04Z,gh-3436
Tentacle Dragon (Revenge of the) (feat. Billy Strings),Béla Fleck,My Bluegrass Heart,False,INDIFFERENT,5:54,354,C88W6NBodCM,2025-02-10T19:08:10Z,gh-3436
"Vertigo (feat. Sam Bush, Bryan Sutton, Edgar Meyer & Stuart Duncan)",Béla Fleck,My Bluegrass Heart,False,LIKE,5:19,319,CLSkIjLGEM0,2025-02-10T19:02:51Z,gh-3436
Destination,Nickel Creek,A Dotted Line,False,INDIFFERENT,3:52,232,H4e2YI2Qx5A,2025-02-10T18:35:25Z,gh-3435
The Sea,Sierra Ferrell,The Sea,False,LIKE,3:33,213,XJv58Q93_s0,2025-02-10T18:31:52Z,gh-3435
Turf The Gambler,"David Rawlings, Gillian Welch",Woodland,False,LIKE,2:50,170,-3l3X3ONBtk,2025-02-10T18:29:02Z,gh-3435
Poison Trees,The Devil Makes Three,Do Wrong Right,False,INDIFFERENT,3:58,238,uia5vCOAk2Y,2025-02-10T18:25:04Z,gh-3435
One More Day,The Wood Brothers,Ways Not To Lose,False,INDIFFERENT,3:07,187,oVZYCtuFVf8,2025-02-10T18:21:57Z,gh-3435
"Don't Think Twice, It's All Right",The Infamous Stringdusters,Undercover,False,LIKE,4:26,266,Wewb33DJSz0,2025-02-10T18:17:31Z,gh-3435
I Am A Man Of Constant Sorrow (Instrumental),Norman Blake,"O Brother, Where Art Thou? (Original Motion Picture Soundtrack)",False,INDIFFERENT,4:30,270,s-xRawj4dZo,2025-02-10T18:13:01Z,gh-3435
She's Your Baby,Ween,White Pepper,False,INDIFFERENT,3:01,181,SfwN4x--bew,2025-02-10T18:10:00Z,gh-3435
Jumbo,Punch Brothers,All Ashore,False,LIKE,3:36,216,ioDXUnJmdBE,2025-02-10T18:06:24Z,gh-3435
Ain't No Grave,Crooked Still,Shaken By A Low Sound,False,INDIFFERENT,3:22,202,eb4W_3KC50g,2025-02-10T18:03:02Z,gh-3435
The Way I Oughta Go,Bella White,The Way I Oughta Go,False,INDIFFERENT,4:11,251,G1sO_4QEEHs,2025-02-10T17:58:51Z,gh-3435
Seven Weeks In County,Billy Strings,Seven Weeks In County,False,INDIFFERENT,4:17,257,Q2htdugjQTs,2025-02-10T17:54:34Z,gh-3435
There's More Pretty Girls Than One,"Ricky Skaggs, Tony Rice",Skaggs And Rice,False,INDIFFERENT,3:05,185,mSjwUJvu0PI,2025-02-10T17:51:29Z,gh-3435
Hug Point (feat. Sierra Hull & Molly Tuttle),Béla Fleck,My Bluegrass Heart,False,INDIFFERENT,5:19,319,xtN5qkgVAVo,2025-02-10T17:46:10Z,gh-3435
Dollar Bill Bar,Sierra Ferrell,Dollar Bill Bar,False,INDIFFERENT,3:30,210,0_7TjIxxM_4,2025-02-10T17:42:40Z,gh-3435
"Vertigo (feat. Sam Bush, Bryan Sutton, Edgar Meyer & Stuart Duncan)",Béla Fleck,My Bluegrass Heart,False,LIKE,5:19,319,CLSkIjLGEM0,2025-02-10T17:37:21Z,gh-3435
Boll Weevil,Punch Brothers,The Phosphorescent Blues,False,INDIFFERENT,2:37,157,HTZdoye0rqg,2025-02-10T17:34:44Z,gh-3435
Patchwork Girlfriend,Punch Brothers,Who's Feeling Young Now?,False,LIKE,3:49,229,CMtyWB_Pzic,2025-02-10T17:30:55Z,gh-3435
Mull,Phish,"2021/10/26 Santa Barbara, CA",,INDIFFERENT,9:18,558,v35Y8u7rpG0,2025-02-09T21:18:34Z,gh-3428
Mountains In The Mist,Phish,"2021/10/26 Santa Barbara, CA",,INDIFFERENT,7:08,428,hzUcXNhA1Q0,2025-02-09T21:11:26Z,gh-3428
Halley's Comet,Phish,"2021/10/26 Santa Barbara, CA",,INDIFFERENT,11:26,686,nS_uSlX1t8A,2025-02-09T21:00:00Z,gh-3428
Leila (Anatolian Sessions Remix),Ephlum,Andalusia,False,INDIFFERENT,8:02,482,PAQTXAlwKXA,2025-02-07T04:49:39Z,gh-3428
Niv,Geju,Niv (Remixes),False,LIKE,6:49,409,9fvNi6OmAbU,2025-02-07T04:42:50Z,gh-3428
Lluvia (feat. Nicola Cruz & Mohanad Zohair),Klik & Frik,Telepat,False,INDIFFERENT,4:10,250,S85xONzkGEI,2025-02-07T04:38:40Z,gh-3428
Makisupa Policeman,Phish,"2021/10/26 Santa Barbara, CA",,INDIFFERENT,5:04,304,O8Mnhe0HhA8,2025-02-09T20:38:03Z,gh-3427
Pebbles and Marbles,Phish,"2021/10/26 Santa Barbara, CA",,INDIFFERENT,20:00,1200,I9tzRmf2Z1I,2025-02-09T20:18:03Z,gh-3427
Arsenal Dance,John Zorn,Filmworks II: Music for an Untitled Film by Walter Hill,,INDIFFERENT,3:59,239,XKYn_G437qc,2025-02-08T23:24:19Z,gh-3423
Alternate Ending/End Title,John Zorn,Filmworks II: Music for an Untitled Film by Walter Hill,,INDIFFERENT,2:42,162,B8YrDnEdcVQ,2025-02-08T23:21:37Z,gh-3423
Ending,John Zorn,Filmworks II: Music for an Untitled Film by Walter Hill,,INDIFFERENT,0:58,58,h6pXwTmpEas,2025-02-08T23:20:39Z,gh-3423
Outside,John Zorn,Filmworks II: Music for an Untitled Film by Walter Hill,,INDIFFERENT,0:25,25,CQ2zbglZJEY,2025-02-08T23:20:14Z,gh-3423
Kill Fever,John Zorn,Filmworks II: Music for an Untitled Film by Walter Hill,,INDIFFERENT,1:18,78,nyWOloi_Yh0,2025-02-08T23:18:56Z,gh-3423
Escape,John Zorn,Filmworks II: Music for an Untitled Film by Walter Hill,,INDIFFERENT,2:03,123,r6PV7J0CJrg,2025-02-08T23:16:53Z,gh-3423
Vengance Is Mine,John Zorn,Filmworks II: Music for an Untitled Film by Walter Hill,,INDIFFERENT,2:04,124,y6qfJad2x-Q,2025-02-08T23:14:49Z,gh-3423
Lucky Run,John Zorn,Filmworks II: Music for an Untitled Film by Walter Hill,,INDIFFERENT,1:00,60,A-9WhL-BJ54,2025-02-08T23:13:49Z,gh-3423
Heroin Fix,John Zorn,Filmworks II: Music for an Untitled Film by Walter Hill,,INDIFFERENT,2:41,161,jMXIbnvhvVU,2025-02-08T23:11:08Z,gh-3423
"The Plot, Part 2",John Zorn,Filmworks II: Music for an Untitled Film by Walter Hill,,INDIFFERENT,0:44,44,hl5MfbCDass,2025-02-08T23:10:24Z,gh-3423
"The Plot, Part 1",John Zorn,Filmworks II: Music for an Untitled Film by Walter Hill,,INDIFFERENT,1:34,94,IKBOId3iuU8,2025-02-08T23:08:50Z,gh-3423
Conspiracy,John Zorn,Filmworks II: Music for an Untitled Film by Walter Hill,,INDIFFERENT,0:47,47,CR6Pb46ov1w,2025-02-08T23:08:03Z,gh-3423
Dilemma,John Zorn,Filmworks II: Music for an Untitled Film by Walter Hill,,INDIFFERENT,1:16,76,uEVvSmNIweE,2025-02-08T23:06:47Z,gh-3423
Chimney,John Zorn,Filmworks II: Music for an Untitled Film by Walter Hill,,INDIFFERENT,0:24,24,o2vZs2pE6xQ,2025-02-08T23:06:23Z,gh-3423
The Magic of Gold,John Zorn,Filmworks II: Music for an Untitled Film by Walter Hill,,INDIFFERENT,2:26,146,i68s4OOVmq8,2025-02-09T06:35:20Z,gh-3422
Powerline,John Zorn,Filmworks II: Music for an Untitled Film by Walter Hill,,INDIFFERENT,0:20,20,VCQA48u6KcU,2025-02-09T06:35:00Z,gh-3422
King James,John Zorn,Filmworks II: Music for an Untitled Film by Walter Hill,,INDIFFERENT,1:07,67,020mzPNqQoU,2025-02-09T06:33:53Z,gh-3422
Arsenal,John Zorn,Filmworks II: Music for an Untitled Film by Walter Hill,,INDIFFERENT,0:56,56,zGhp1Gcr6v0,2025-02-09T06:32:57Z,gh-3422
Prying at the Windows,John Zorn,Filmworks II: Music for an Untitled Film by Walter Hill,,INDIFFERENT,0:38,38,Hx2xRDyQ4os,2025-02-09T06:32:19Z,gh-3422
Arrival,John Zorn,Filmworks II: Music for an Untitled Film by Walter Hill,,INDIFFERENT,0:47,47,5XrNtWEY3RY,2025-02-09T06:31:32Z,gh-3422
Escape Attempt,John Zorn,Filmworks II: Music for an Untitled Film by Walter Hill,,INDIFFERENT,1:44,104,L4nrvPWuwpI,2025-02-09T06:29:48Z,gh-3422
The Trunk,John Zorn,Filmworks II: Music for an Untitled Film by Walter Hill,,INDIFFERENT,0:09,9,UND68hF6EUs,2025-02-09T06:29:39Z,gh-3422
Dumping the Body,John Zorn,Filmworks II: Music for an Untitled Film by Walter Hill,,INDIFFERENT,0:40,40,VSQ1WtjzmnI,2025-02-09T06:28:59Z,gh-3422
Action,John Zorn,Filmworks II: Music for an Untitled Film by Walter Hill,,INDIFFERENT,0:41,41,IVHWgkY9Pdo,2025-02-09T06:28:18Z,gh-3422
Stealth,John Zorn,Filmworks II: Music for an Untitled Film by Walter Hill,,INDIFFERENT,0:44,44,pPJuuupi-Rg,2025-02-09T06:27:34Z,gh-3422
Two Interiors,John Zorn,Filmworks II: Music for an Untitled Film by Walter Hill,,INDIFFERENT,0:40,40,_GdiOekl7XM,2025-02-09T06:26:54Z,gh-3422
Rattlesnakes for Sergio Leone,John Zorn,Filmworks II: Music for an Untitled Film by Walter Hill,,INDIFFERENT,1:44,104,08KkzqUjDZA,2025-02-09T06:25:10Z,gh-3422
Exploring,John Zorn,Filmworks II: Music for an Untitled Film by Walter Hill,,INDIFFERENT,1:02,62,Z4G2i44THGA,2025-02-09T06:24:08Z,gh-3422
Scuffle,John Zorn,Filmworks II: Music for an Untitled Film by Walter Hill,,INDIFFERENT,0:22,22,FiCPXC-zIhc,2025-02-09T06:23:46Z,gh-3422
Pigeons,John Zorn,Filmworks II: Music for an Untitled Film by Walter Hill,,INDIFFERENT,0:53,53,jhhakX1RIiI,2025-02-09T06:22:53Z,gh-3422
Meatlocker,John Zorn,Filmworks II: Music for an Untitled Film by Walter Hill,,INDIFFERENT,0:58,58,yh511aP3bIQ,2025-02-09T06:21:55Z,gh-3422
"High Falls (Live at the Beacon Theatre, New York, NY - March 2000)",The Allman Brothers Band,Peakin' at the Beacon,False,INDIFFERENT,27:28,1648,VapDpctATQU,2025-02-09T05:54:27Z,gh-3422
"Seven Turns (Live at the Beacon Theatre, New York, NY - March 2000)",The Allman Brothers Band,Peakin' at the Beacon,False,INDIFFERENT,4:49,289,y0RaWHgc3G8,2025-02-09T05:49:38Z,gh-3422
"Leave My Blues At Home (Live at the Beacon Theatre, New York, NY - March 2000)",The Allman Brothers Band,Peakin' at the Beacon,False,INDIFFERENT,5:08,308,xraMFoJSgcA,2025-02-09T05:44:30Z,gh-3422
"Black Hearted Woman (Live at the Beacon Theatre, New York, NY - March 2000)",The Allman Brothers Band,Peakin' at the Beacon,False,INDIFFERENT,6:31,391,aIuYg1idDnY,2025-02-09T05:37:59Z,gh-3422
"Stand Back (Live at the Beacon Theatre, New York, NY - March 2000)",The Allman Brothers Band,Peakin' at the Beacon,False,INDIFFERENT,5:45,345,9kZydwRtE8g,2025-02-09T05:32:14Z,gh-3422
"Please Call Home (Live at the Beacon Theatre, New York, NY - March 2000)",The Allman Brothers Band,Peakin' at the Beacon,False,INDIFFERENT,4:31,271,dixcZxZqJ0c,2025-02-09T05:27:43Z,gh-3422
"Every Hungry Woman (Live at the Beacon Theatre, New York, NY - March 2000)",The Allman Brothers Band,Peakin' at the Beacon,False,INDIFFERENT,5:57,357,1plI98PdMCY,2025-02-09T05:21:46Z,gh-3422
"Ain't Wastin' Time No More (Live at the Beacon Theatre, New York, NY - March 2000)",The Allman Brothers Band,Peakin' at the Beacon,False,INDIFFERENT,5:47,347,ndyPjJ1ez8w,2025-02-09T05:15:59Z,gh-3422
"It's Not My Cross To Bear (Live at the Beacon Theatre, New York, NY - March 2000)",The Allman Brothers Band,Peakin' at the Beacon,False,INDIFFERENT,5:13,313,tRRjqwQtr-4,2025-02-09T05:10:46Z,gh-3422
"Don't Want You No More (Live at the Beacon Theatre, New York, NY - March 2000)",The Allman Brothers Band,Peakin' at the Beacon,False,INDIFFERENT,3:07,187,RwKsUV-JKdE,2025-02-09T05:07:39Z,gh-3422
Shine On You Crazy Diamond (Pts. I-V),Pink Floyd,Wish You Were Here,False,INDIFFERENT,13:32,812,Tu7oq3VNgpY,2025-02-09T04:54:07Z,gh-3422
All Along the Watchtower,The Jimi Hendrix Experience,Electric Ladyland,False,INDIFFERENT,4:01,241,wVLqFQ5QT7Y,2025-02-09T04:50:06Z,gh-3422
"Deal (Live at Barton Hall, Cornell University, Ithaca, NY 5/8/77)",Grateful Dead,Cornell 5/8/77 (Live),False,INDIFFERENT,6:11,371,lvwY2psxdl0,2025-02-09T04:43:55Z,gh-3422
Tangerine (Remaster),Led Zeppelin,Led Zeppelin III (Remaster),False,INDIFFERENT,3:12,192,_0Auvlsv860,2025-02-09T04:40:43Z,gh-3422
Sugaree,Jerry Garcia,Garcia,False,INDIFFERENT,5:53,353,sxF9UJ-Rm0E,2025-02-09T04:34:50Z,gh-3422
A New Door Opens,John Zorn,THE HERMETIC ORGAN VOLUME 11— FOR TERRY RILEY,False,INDIFFERENT,20:42,1242,rs2bL_mDHIA,2025-02-09T04:14:08Z,gh-3422
Heavy Things,Phish,Farmhouse,False,INDIFFERENT,4:16,256,wQKN9wr1-aE,2025-02-09T04:09:52Z,gh-3422
Althea (Live October 1989 - April 1990),Grateful Dead,Without a Net (Live),False,INDIFFERENT,6:55,415,XXnGyGp71xA,2025-02-09T03:26:28Z,gh-3421
That's the Way the World Goes Round,John Prine,Bruised Orange,False,LIKE,3:21,201,ZogciFl-udY,2025-02-09T03:23:07Z,gh-3421
The Weight (Remastered 2000),The Band,Music From Big Pink,False,INDIFFERENT,4:35,275,QWu-f7HFFJE,2025-02-09T03:18:32Z,gh-3421
"Willin' (Live at Lisner Auditorium, Washington, DC, 8/8/1977)",Little Feat,Waiting for Columbus (Live Version; Deluxe Edition),False,INDIFFERENT,4:43,283,YIIDvLXySH8,2025-02-09T03:13:49Z,gh-3421
"Ramble on Rose (Live at the Strand Lyceum, London, England, 5/26/72) [2001 Remaster]",Grateful Dead,Europe '72 (Live; 2001 Remaster),False,INDIFFERENT,6:02,362,R-MWLPJL3b0,2025-02-09T03:07:47Z,gh-3421
"Rocket Man (I Think It's Going To Be A Long, Long Time)",Elton John,Honky Chateau,False,INDIFFERENT,4:42,282,BdEe5SpdIuo,2025-02-09T03:03:05Z,gh-3421
One Toke Over the Line,Brewer & Shipley,Tarkio Road,False,LIKE,3:20,200,OF3EUFnafp8,2025-02-09T02:59:45Z,gh-3421
Right Place Wrong Time,Dr. John,In The Right Place,False,INDIFFERENT,2:56,176,zw-2CTx4YgY,2025-02-09T02:56:49Z,gh-3421
Uncle John's Band,Grateful Dead,Workingman's Dead,False,INDIFFERENT,4:45,285,yD1naKNQuF4,2025-02-09T02:52:04Z,gh-3421
Dreams (2004 Remaster),Fleetwood Mac,Rumours,False,INDIFFERENT,4:18,258,swJOIjjW69U,2025-02-09T02:47:46Z,gh-3421
Apeman (2020 Stereo Remaster),The Kinks,"Lola Versus Powerman and the Moneygoround, Pt. 1",False,INDIFFERENT,3:54,234,3eoeA_8hC4c,2025-02-09T02:43:52Z,gh-3421
You Were the Fool,Ween,12 Golden Country Greats,False,INDIFFERENT,4:27,267,plKeLTrR8Cs,2025-02-09T02:39:25Z,gh-3421
Scarlet Begonias,Grateful Dead,From the Mars Hotel,False,INDIFFERENT,4:20,260,xt4XAz2WZ3Y,2025-02-09T02:35:05Z,gh-3421
How Sweet It Is (To Be Loved By You) (Previously Unreleased Take),"Jerry Garcia, Merl Saunders",Keystone Companions: The Complete 1973 Fantasy Recordings,False,INDIFFERENT,8:10,490,TGQSw_VbOzQ,2025-02-09T02:26:55Z,gh-3421
Back in the Goodle Days,John Hartford,Aereo-Plain,False,INDIFFERENT,3:40,220,UcF0SY0m3sU,2025-02-09T02:23:15Z,gh-3421
Rocky Raccoon (Remastered 2009),The Beatles,The Beatles,False,INDIFFERENT,3:34,214,sDcDCZGcZj8,2025-02-09T02:19:41Z,gh-3421
"Peggy-O (Live in Englishtown, NJ, September 3, 1977)",Grateful Dead,"Dick's Picks Vol. 15: Raceway Park, Englishtown, NJ 9/3/77 (Live)",False,INDIFFERENT,9:19,559,Q6kT4pItzj0,2025-02-09T02:10:22Z,gh-3421
Box of Rain,Grateful Dead,American Beauty,False,INDIFFERENT,5:19,319,nxjvo4BRf-Y,2025-02-09T02:05:03Z,gh-3421
Danza de Vision,Nicola Cruz,Cantos de Vision,False,INDIFFERENT,5:30,330,DTG3pbGnV7k,2025-02-09T01:53:27Z,gh-3420
Les Yeux Noirs (Dark Eyes),Pomplamoose,Les Yeux Noirs (Dark Eyes),False,LIKE,2:50,170,aF3nNI47aO0,2025-02-09T01:50:37Z,gh-3420
L.S.D.,Hallucinogen,Twisted,False,INDIFFERENT,6:44,404,sG_etTHdrBc,2025-02-09T01:43:53Z,gh-3420
Meditation,Turu Anasi,Meditation,False,LIKE,8:30,510,O8det02XaIA,2025-02-09T01:35:23Z,gh-3420
Pineapple Boosts Your Melatonin (feat. James Ocen),Tom Blip,Isolation Therapy,False,INDIFFERENT,5:07,307,p-7b-1olME0,2025-02-09T01:30:16Z,gh-3420
Sisyphus,Andrew Bird,My Finest Work Yet,False,LIKE,4:08,248,OsgUQrKTTtc,2025-02-09T01:26:08Z,gh-3420
Vayu,Kora (CA),Fragile,False,INDIFFERENT,7:07,427,4_MvoXkG9dk,2025-02-09T01:19:01Z,gh-3420
Snake Oil,Glass Beams,Mahal,False,INDIFFERENT,4:56,296,qcraR6poCHk,2025-02-09T01:14:05Z,gh-3420
"High Tide, Storm Rising",Skinshape,"High Tide, Storm Rising",False,LIKE,3:57,237,2t1EiWjHFt8,2025-02-09T01:10:08Z,gh-3420
No Depression (In Heaven) (feat. The Carter Family),Blind Willie Johnson,"The Old Time Music Radio Show Bluegrass, Blues & Gospel",False,LIKE,2:59,179,NOVRYpNS8vY,2025-02-09T01:07:09Z,gh-3420
All That Love,Andie Zuzarte,All That Love,False,LIKE,3:32,212,t7viuDDbQ5M,2025-02-08T21:24:24Z,gh-3419
Turn Signals,Andie Zuzarte,Turn Signals,False,INDIFFERENT,3:50,230,5kM4hCLOIcE,2025-02-08T21:20:34Z,gh-3419
Hold On,Tom Waits,Mule Variations,False,INDIFFERENT,5:34,334,FFv_8gsOJaQ,2025-02-08T18:16:08Z,gh-3418
Downstream (feat. John Anderson),"Bonnie ""Prince"" Billy",Downstream,False,INDIFFERENT,3:49,229,r8URo7b-bkQ,2025-02-08T18:12:19Z,gh-3418
Been Worryin',"Cat Clyde, Jeremie Albino",Been Worryin',False,INDIFFERENT,3:03,183,GJsig9M42UE,2025-02-08T18:09:16Z,gh-3418
Time,Angelo De Augustine,Tomb,False,INDIFFERENT,3:57,237,Nk09fCR0sF0,2025-02-08T18:05:19Z,gh-3418
New Partner,Palace Music,Viva Last Blues,False,INDIFFERENT,3:55,235,HI9TtCpOnD4,2025-02-08T18:01:24Z,gh-3418
Way of the Triune God (Hallelujah Version),Tyler Childers,Can I Take My Hounds to Heaven?,False,INDIFFERENT,3:29,209,YYC4scj5rXY,2025-02-08T17:57:55Z,gh-3418
25 & Wastin' Time,Vincent Neil Emerson,Fried Chicken & Evil Women,False,LIKE,2:58,178,qNxFqo7VIiE,2025-02-08T17:54:57Z,gh-3418
Spiders (Kidsmoke),Wilco,A Ghost Is Born,False,INDIFFERENT,10:43,643,Yk541WmcoSg,2025-02-08T17:44:14Z,gh-3418
"Don't Think Twice, It's All Right",Bob Dylan,Bob Dylan's Greatest Hits Volume II,False,INDIFFERENT,3:38,218,mOCTQKW7CwE,2025-02-08T17:40:36Z,gh-3418
The Problem,J.J. Cale,To Tulsa and Back,False,INDIFFERENT,4:32,272,XH9vcf_f99g,2025-02-08T17:36:04Z,gh-3418
The Way It Goes,Gillian Welch,The Harrow & The Harvest,False,INDIFFERENT,4:02,242,HNHPoHLqtTk,2025-02-08T17:32:02Z,gh-3418
Waiting Around To Die,The Be Good Tanyas,Chinatown,False,INDIFFERENT,5:15,315,yfCRXCfL_Ls,2025-02-08T17:26:47Z,gh-3418
Hard Life,Bonnie 'Prince' Billy,Master And Everyone,False,INDIFFERENT,3:35,215,BEHhsI4KYHM,2025-02-08T17:23:12Z,gh-3418
I Love Doing Drugs,The Devil Makes Three,Spirits,False,INDIFFERENT,3:11,191,mc6Li4QuNDE,2025-02-08T17:20:01Z,gh-3418
Oh No,Andrew Bird,Noble Beast,False,INDIFFERENT,4:21,261,7x0g6jYEMOQ,2025-02-08T17:15:40Z,gh-3418
Tonight With The Dogs I'm Sleeping,"Bonnie ""Prince"" Billy",The Purple Bird,False,LIKE,3:40,220,w5K_HrXoCq8,2025-02-08T17:12:00Z,gh-3418
Paradise,John Prine,John Prine,False,INDIFFERENT,3:16,196,ediaZ5DhYjw,2025-02-08T01:48:22Z,gh-3412
Rye Whiskey,Punch Brothers,Antifogmatic,False,INDIFFERENT,3:30,210,jXfE-e4a3GU,2025-02-08T01:44:52Z,gh-3412
Up the Devil's Pay,Old 97's,Satellite Rides,False,INDIFFERENT,3:49,229,GjVW0bASORY,2025-02-08T01:41:03Z,gh-3412
By The End of The Night,Old 97's,American Primitive,False,INDIFFERENT,3:49,229,pizGWts_zeI,2025-02-08T01:37:14Z,gh-3412
Honeypie,Old 97's,American Primitive,False,INDIFFERENT,2:51,171,OTjBenjMVdg,2025-02-08T01:34:23Z,gh-3412
Where The Road Goes,Old 97's,American Primitive,False,INDIFFERENT,4:02,242,TwX_JFkYwGw,2025-02-08T01:30:21Z,gh-3412
American Primitive,Old 97's,American Primitive,False,INDIFFERENT,3:46,226,yg088x41XoU,2025-02-08T01:26:35Z,gh-3412
Somebody,Old 97's,American Primitive,False,INDIFFERENT,2:51,171,B_KO1BM8HhU,2025-02-08T01:23:44Z,gh-3412
Falling Down,Old 97's,American Primitive,False,INDIFFERENT,3:11,191,tKgiVRqKHdU,2025-02-08T01:20:33Z,gh-3412
Valerie,The Brothers Comatose,City Painted Gold,False,INDIFFERENT,4:55,295,COhTR76wtKE,2025-02-08T01:15:38Z,gh-3412
Fire On the Mountain,Iron Horse,Ridin' Out The Storm,False,INDIFFERENT,3:19,199,1xEyds9Z4II,2025-02-08T01:12:19Z,gh-3412
"Rhapsody in Blue(grass) (feat. Michael Cleveland, Sierra Hull, Justin Moses & Mark Schatz)",Béla Fleck,Rhapsody in Blue (grass),False,INDIFFERENT,12:10,730,8DHPxRZFWQE,2025-02-08T01:00:09Z,gh-3412
Storms,Railroad Earth,The Good Life,False,INDIFFERENT,4:55,295,OhGjnH03uz0,2025-02-08T00:55:14Z,gh-3412
Life Short Call Now,Jimmy Buffett,Buffet Hotel,False,LIKE,4:09,249,x-lGd5SWnyc,2025-02-08T00:51:05Z,gh-3412
Gild the Lily,Billy Strings,Highway Prayers,False,INDIFFERENT,5:06,306,JFK36ok9Bg8,2025-02-08T00:45:59Z,gh-3412
Our Home (feat. Tim O'Brien),"Bonnie ""Prince"" Billy",The Purple Bird,False,INDIFFERENT,2:56,176,dgDgfmhq-P0,2025-02-08T00:43:03Z,gh-3412
Is My Living in Vain?,"Bonnie ""Prince"" Billy",The Purple Bird,False,INDIFFERENT,3:15,195,PPc5jFFE43A,2025-02-08T00:39:48Z,gh-3412
One of These Days (I'm Gonna Spend the Whole Night With You),"Bonnie ""Prince"" Billy",The Purple Bird,False,INDIFFERENT,3:51,231,IIcujlhXnRc,2025-02-07T21:24:23Z,gh-3411
02-17-2016,Pretty Lights The Hot Shit,The Hot Shit 2016,,INDIFFERENT,59:53,3593,872DdU_82Ac,2025-02-07T20:24:30Z,gh-3411
03-09-2016,Pretty Lights The Hot Shit,The Hot Shit 2016,,INDIFFERENT,59:12,3552,yuVkz7hG_VA,2025-02-07T19:25:18Z,gh-3411
Our Home (feat. Tim O'Brien),"Bonnie ""Prince"" Billy",The Purple Bird,False,INDIFFERENT,2:56,176,dgDgfmhq-P0,2025-02-07T19:22:22Z,gh-3411
Is My Living in Vain?,"Bonnie ""Prince"" Billy",The Purple Bird,False,INDIFFERENT,3:15,195,PPc5jFFE43A,2025-02-07T19:19:07Z,gh-3411
Downstream (feat. John Anderson),"Bonnie ""Prince"" Billy",The Purple Bird,False,INDIFFERENT,3:49,229,LsP_NtKgv04,2025-02-07T19:15:18Z,gh-3411
Guns Are For Cowards,"Bonnie ""Prince"" Billy",The Purple Bird,False,INDIFFERENT,3:04,184,s8Bid4Rm4IM,2025-02-07T19:12:14Z,gh-3411
New Water,"Bonnie ""Prince"" Billy",The Purple Bird,False,INDIFFERENT,3:40,220,gr7LmjQm9Sw,2025-02-07T19:08:34Z,gh-3411
Sometimes It's Hard to Breathe,"Bonnie ""Prince"" Billy",The Purple Bird,False,INDIFFERENT,3:47,227,h33CTN_xs-s,2025-02-07T19:04:47Z,gh-3411
The Water's Fine,"Bonnie ""Prince"" Billy",The Purple Bird,False,INDIFFERENT,4:26,266,wNX8gptGDB4,2025-02-07T19:00:21Z,gh-3411
"Boise, Idaho","Bonnie ""Prince"" Billy",The Purple Bird,False,INDIFFERENT,3:47,227,n8RSR7ef1B8,2025-02-07T18:56:34Z,gh-3411
Tonight With The Dogs I'm Sleeping,"Bonnie ""Prince"" Billy",The Purple Bird,False,LIKE,3:40,220,w5K_HrXoCq8,2025-02-07T18:52:54Z,gh-3411
London May,"Bonnie ""Prince"" Billy",The Purple Bird,False,LIKE,3:21,201,RNn9KWDZnnc,2025-02-07T18:49:33Z,gh-3411
Turned To Dust (Rolling On),"Bonnie ""Prince"" Billy",The Purple Bird,False,INDIFFERENT,4:05,245,MwgevRx7Yxo,2025-02-07T18:45:28Z,gh-3411
Shake It Babe,Cristina Vane,Shake It Babe,False,INDIFFERENT,2:34,154,pYY_WzaDaO4,2025-02-07T18:42:54Z,gh-3411
Tarlabasi (Be Svendsen Remix),Oceanvs Orientalis,Indoor Voyager EP,False,INDIFFERENT,9:06,546,LEsB_pwCmpQ,2025-02-07T18:33:48Z,gh-3411
The Errant Path - Sirius #45,Jon Fishman,The Errant Path,,INDIFFERENT,2:06:16,7576,OkjpRdwMpMo,2025-02-07T16:33:07Z,gh-3410
Pineapple Boosts Your Melatonin (feat. James Ocen),Tom Blip,Isolation Therapy,False,INDIFFERENT,5:07,307,p-7b-1olME0,2025-02-07T16:28:00Z,gh-3410
Never Stop (feat. Reece Spooner),Super Drama,Isolation Therapy,False,INDIFFERENT,6:00,360,4mq7l_Q0wyM,2025-02-07T06:20:20Z,gh-3410
We Own the Night,Generation Next,Isolation Therapy,False,INDIFFERENT,4:39,279,M53xATOHWBQ,2025-02-07T06:13:41Z,gh-3410
Blessing,Aleqs Notal,Isolation Therapy,False,INDIFFERENT,6:56,416,_zHMV3kx4Ww,2025-02-07T06:06:45Z,gh-3410
The World Is Love,Prequel,Isolation Therapy,False,INDIFFERENT,4:40,280,YTaMWqhWSjQ,2025-02-07T06:02:05Z,gh-3410
Tomorrow,Hysteric,Isolation Therapy,False,INDIFFERENT,5:15,315,l8_NcNsYUco,2025-02-07T05:56:50Z,gh-3410
Corona Theresa,Bayetë & Probably Sean,Isolation Therapy,False,INDIFFERENT,3:12,192,kG3pRDxGlvo,2025-02-07T05:53:38Z,gh-3410
It's a Dub,Manuel Darquart,Isolation Therapy,False,INDIFFERENT,3:53,233,wLmOtu8GogQ,2025-02-07T05:49:45Z,gh-3410
Genesis,MYKI,Isolation Therapy,False,INDIFFERENT,6:29,389,k6aiV_y2Nsw,2025-02-07T05:43:16Z,gh-3410
Put Your Hand on That Television,Alek Lee,Isolation Therapy,False,INDIFFERENT,4:44,284,u7L3GqqJ5a4,2025-02-07T05:38:32Z,gh-3410
Time Enough For,Nikki Nair,Isolation Therapy,False,LIKE,5:44,344,cJ-mOn8wNVg,2025-02-07T05:32:48Z,gh-3410
No Mo Dinin',Lily Haz,Isolation Therapy,False,INDIFFERENT,3:18,198,bSbjiHkIsPY,2025-02-07T05:29:30Z,gh-3410
Precipice,Hector Plimmer,Isolation Therapy,False,INDIFFERENT,3:04,184,mhhrg94CzGs,2025-02-07T05:26:26Z,gh-3410
All the Things I Am,The Head,Isolation Therapy,False,INDIFFERENT,7:06,426,n1dJVgCdYVI,2025-02-07T05:19:20Z,gh-3410
2120,Olsvangèr,Isolation Therapy,False,INDIFFERENT,7:10,430,Du2x4idZvBo,2025-02-07T05:12:10Z,gh-3410
The Errant Path - Sirius #45,Jon Fishman,The Errant Path,,INDIFFERENT,2:06:16,7576,OkjpRdwMpMo,2025-02-06T16:32:57Z,gh-3402
Return of the Grievous Angel (2006 Remaster),Gram Parsons,Grievous Angel,False,LIKE,4:27,267,h_Iz0iVvhEc,2025-02-06T16:28:30Z,gh-3402
Gator,Jerry Reed,Both Barrels,False,LIKE,2:58,178,fty3aTMWbWc,2025-02-06T16:25:32Z,gh-3402
Kairosmind,Geju & Waxwood,Water Elements,False,LIKE,8:35,515,zXvEyc04B28,2025-02-06T16:16:57Z,gh-3402
Fortitude without Grace (feat. CARM),Blurry The Explorer,Blurry The Explorer,False,INDIFFERENT,5:26,326,3fCxoiPQgyo,2025-02-05T09:26:55Z,gh-3390
Bash Bish (feat. LIP TALK),Blurry The Explorer,Blurry The Explorer,False,INDIFFERENT,3:43,223,T5IUr6Rf15M,2025-02-05T09:23:12Z,gh-3390
Frequent and In Jest,Blurry The Explorer,Blurry The Explorer,False,INDIFFERENT,3:40,220,94lOQ0yQRKs,2025-02-05T09:19:32Z,gh-3390
Yoru Ni Yuku (feat. Tenniscoats),Blurry The Explorer,Blurry The Explorer,False,INDIFFERENT,3:32,212,gyx-TVs9K9Y,2025-02-05T09:16:00Z,gh-3390
Tulip Grazing,Blurry The Explorer,Blurry The Explorer,False,INDIFFERENT,4:22,262,CHWASab73vs,2025-02-05T09:11:38Z,gh-3390
There's Still,Blurry The Explorer,Blurry The Explorer,False,INDIFFERENT,3:29,209,QVEtv1KR9Lk,2025-02-05T09:08:09Z,gh-3390
Orange Tree Fallen (feat. Brian Eno & CARM),Blurry The Explorer,Blurry The Explorer,False,INDIFFERENT,4:23,263,fmdxSeUSNuI,2025-02-05T09:03:46Z,gh-3390
Teşekkürler,Blurry The Explorer,Blurry The Explorer,False,INDIFFERENT,4:09,249,Q5Zg7gkaDAI,2025-02-05T08:59:37Z,gh-3390
Historia da sua Vida (feat. CARM),Blurry The Explorer,Blurry The Explorer,False,INDIFFERENT,3:53,233,3F3ZWN3Vzck,2025-02-05T08:55:44Z,gh-3390
Limited By Jelly (feat. Kalmia Traver),Blurry The Explorer,Blurry The Explorer,False,INDIFFERENT,5:29,329,IqOnpKhIbUc,2025-02-05T08:50:15Z,gh-3390
The Errant Path - Sirius #67,Jon Fishman,The Errant Path,,INDIFFERENT,2:01:03,7263,qvyKjLODRJM,2025-02-05T06:49:12Z,gh-3390
Armen Miran & Hraach - Karahunj (The Prelude),"21M views, Spiritual Sounds",,False,INDIFFERENT,6:05,365,RiLe43yIONI,2025-02-05T06:33:24Z,gh-3389
Flying Carpet (feat. Bahramji),ELEA,"Maui Chill, Vol. One (Sunset at the Kihei Cafe)",False,INDIFFERENT,7:42,462,zOdJ3K1_uXs,2025-02-05T06:25:42Z,gh-3389
Djiin,Sahalé,Sahalé's Finest,False,INDIFFERENT,6:24,384,29wsP4VAGoI,2025-02-05T06:19:18Z,gh-3389
Artemisia,Solidmind,Artemisia,False,INDIFFERENT,5:36,336,CWhgI0kTwaE,2025-02-05T06:13:42Z,gh-3389
Calypso,Wanduta,Calypso,False,INDIFFERENT,3:56,236,gto6QYUpiuA,2025-02-05T06:09:46Z,gh-3389
Empty Streets,Martin Roth,An Analog Guy in a Digital World,False,INDIFFERENT,9:51,591,chy5qEhDBMo,2025-02-05T05:59:55Z,gh-3389
Once Upon The Sea of Blissful Awareness (Esionjim Remix),Shpongle,Shpongle Remixed,False,INDIFFERENT,6:55,415,aZ-BXFoN2t8,2025-02-05T05:53:00Z,gh-3389
Kylie,Kerala Dust,Motions,False,INDIFFERENT,6:19,379,buLxWTViDq0,2025-02-05T05:46:41Z,gh-3389
Spiritual Antiseptic (Minty Fresh Confidence Mix),Hallucinogen,In Dub mixed by Ott,False,INDIFFERENT,8:17,497,ImLxBc8kSzQ,2025-02-05T05:38:24Z,gh-3389
Luz,thds,Ubuntu,False,INDIFFERENT,5:14,314,Z-g2K70NHQk,2025-02-05T05:33:10Z,gh-3389
Mundo Maravilloso,Turu Anasi,Mundo Maravilloso,False,INDIFFERENT,7:35,455,0PuYauzFt50,2025-02-05T05:25:35Z,gh-3389
Juraso (Zuma Dionys Remix),Turu Anasi,Juraso,False,INDIFFERENT,7:07,427,pm9-qOKTf1c,2025-02-05T01:47:40Z,gh-3387
Kairosmind,Geju & Waxwood,Water Elements,False,LIKE,8:35,515,zXvEyc04B28,2025-02-05T01:39:05Z,gh-3387
Untitled (Late Sun),Kerala Dust,Late Sun,False,INDIFFERENT,6:27,387,dfbaFGGlOrA,2025-02-05T01:32:38Z,gh-3387
07-06-2016,Pretty Lights The Hot Shit,The Hot Shit 2016,,INDIFFERENT,1:00:18,3618,3wmNlnxOQGY,2025-02-05T00:32:20Z,gh-3387
06-29-2016,Pretty Lights The Hot Shit,The Hot Shit 2016,,INDIFFERENT,1:00:01,3601,ewZqH1yvwbM,2025-02-04T23:32:19Z,gh-3387
06-22-2016,Pretty Lights The Hot Shit,The Hot Shit 2016,,INDIFFERENT,1:00:03,3603,oQtbhs_f3F0,2025-02-04T14:32:17Z,gh-3384
Almost Familiar,Pretty Lights,Taking up Your Precious Time,False,INDIFFERENT,4:14,254,7hma1cIGB2o,2025-02-04T14:28:03Z,gh-3384
Roustabout (Bassnectar REMIX),Beats Antique,Collide,False,LIKE,3:06,186,u8AD4rVEqno,2025-02-04T14:24:57Z,gh-3384
The Errant Path - Sirius #67,Jon Fishman,The Errant Path,,INDIFFERENT,2:01:03,7263,qvyKjLODRJM,2025-02-04T04:39:37Z,gh-3381
Life,MasaH,"The State of Underground Sa, Vol. 2",False,INDIFFERENT,6:46,406,4_oTVi2R3Wk,2025-02-03T21:22:00Z,gh-3378
Isalak’Tshelwa,Pemza SA,"The State of Underground Sa, Vol. 2",False,INDIFFERENT,6:46,406,bUmuB8jXAVI,2025-02-03T21:15:14Z,gh-3378
Midnight Rider,The Allman Brothers Band,Idlewild South (Deluxe Edition Remastered),False,INDIFFERENT,3:01,181,O6Q40nZRRco,2025-02-03T21:12:13Z,gh-3378
Lumina,Loscil,Clara,False,INDIFFERENT,6:13,373,skk08zlT1B0,2025-02-03T21:06:00Z,gh-3378
Urmel,okuma,Urmel / Kalkutta,False,LIKE,7:50,470,p4wmAhqaIx4,2025-02-03T20:58:10Z,gh-3378
It's Raining Here This Morning,"Norman Blake, Tony Rice",Norman Blake & Tony Rice 2,False,INDIFFERENT,3:38,218,YXJHpgNymOA,2025-02-03T18:34:14Z,gh-3376
Stay Forever,Ween,White Pepper,False,INDIFFERENT,3:33,213,POvewep_wPQ,2025-02-03T18:30:41Z,gh-3376
The Carneddau,Orions Belte,The Carneddau,False,INDIFFERENT,3:52,232,K5-YOQweGiQ,2025-02-03T18:26:49Z,gh-3376
Visions,Warmth,Revenant,False,INDIFFERENT,9:08,548,6VKPoONbcqo,2025-02-02T21:18:10Z,gh-3369
Georgia Bound (1929 Version),Blind Blake,Back To The Crossroads: The Roots Of Robert Johnson,False,INDIFFERENT,3:24,204,8ateKBTzYd8,2025-02-02T21:14:46Z,gh-3369
I'm Waiting For The Man,"Nico, The Velvet Underground",The Velvet Underground & Nico (45th Anniversary / Super Deluxe Edition),False,INDIFFERENT,4:40,280,YbigVkiAe0s,2025-02-02T21:10:06Z,gh-3369
Surge (Two Fingers remix),Amon Tobin,ISAM Live,,INDIFFERENT,4:59,299,uVA5Qlj_Xv8,2025-02-02T18:32:23Z,gh-3368
31 SOAM (8-15-04).mp3,Phish,Grit and Grime,,INDIFFERENT,7:23,443,0665RHYfs1Q,2025-02-02T18:25:00Z,gh-3368
Fast Enough for You,Phish,"2019/06/30 Camden, NJ",,INDIFFERENT,6:00,360,Gi1H9q6XloI,2025-02-02T18:19:00Z,gh-3368
Evolve,Phish,Evolve,False,LIKE,4:13,253,Qbx7oNFmv-s,2025-02-02T18:14:47Z,gh-3368
"It Takes a Lot to Laugh, It Takes a Train to Cry",Bob Dylan,Highway 61 Revisited,False,LIKE,4:06,246,MUHgQohCsao,2025-02-02T18:10:41Z,gh-3368
En el viento (feat. Philip Eidam),Seba Campos,En el viento,False,INDIFFERENT,3:32,212,HJ_Ao1z7agY,2025-02-02T18:07:09Z,gh-3368
The Cobbler's Kid Goes Barefoot,The Clark McLane Band,Cut to Fit,False,LIKE,3:08,188,qix0nzVTuws,2025-02-01T21:25:18Z,gh-3361
Moo Doggies,The Clark McLane Band,Cut to Fit,False,INDIFFERENT,3:00,180,nFufb4pudR0,2025-02-01T21:22:18Z,gh-3361
My Hope's Tossed into the Wind,The Clark McLane Band,Cut to Fit,False,INDIFFERENT,3:46,226,Dp0ikhDP814,2025-02-01T21:18:32Z,gh-3361
Eternity's Eve,The Clark McLane Band,Cut to Fit,False,LIKE,2:27,147,m89u5N35uoM,2025-02-01T21:16:05Z,gh-3361
In The Third Heaven,Soaking in His Presence,In The Third Heaven,False,INDIFFERENT,1:02:58,3778,jZBLV0md_Vg,2025-02-01T08:26:55Z,gh-3357
Endless Falls,loscil,Endless Falls,False,INDIFFERENT,7:56,476,xxxpnfRi4Tw,2025-02-01T06:29:47Z,gh-3356
No Depression (In Heaven) (feat. The Carter Family),Blind Willie Johnson,"The Old Time Music Radio Show Bluegrass, Blues & Gospel",False,LIKE,2:59,179,NOVRYpNS8vY,2025-02-01T01:54:54Z,gh-3354
Leila (Anatolian Sessions Remix),Ephlum,Andalusia,False,INDIFFERENT,8:02,482,PAQTXAlwKXA,2025-02-01T01:46:52Z,gh-3354
Niv,Geju,Niv (Remixes),False,LIKE,6:49,409,9fvNi6OmAbU,2025-02-01T01:40:03Z,gh-3354
Lluvia (feat. Nicola Cruz & Mohanad Zohair),Klik & Frik,Telepat,False,INDIFFERENT,4:10,250,S85xONzkGEI,2025-02-01T01:35:53Z,gh-3354
Darjeeling Train,"Dole & Kom, Seth Schwarz",Darjeeling Train,False,INDIFFERENT,8:12,492,LC0jj38zP1o,2025-02-01T01:27:41Z,gh-3354
