title,artists,album,inLibrary,likeStatus,duration,duration_seconds,videoId,played_at,run_id
Go Away,Teho,Woody,,INDIFFERENT,7:21,441,C5iwtSf_m4Q,2026-04-30T23:53:02Z,commit:5c97d16a
Woody,Teho,Woody,,INDIFFERENT,7:04,424,B6-6XQ5T5KA,2026-04-30T23:45:58Z,commit:5c97d16a
Through the Kids Eyes,Teho,Woody,,INDIFFERENT,5:38,338,lgLpYhJdiRg,2026-04-30T23:40:20Z,commit:5c97d16a
Origins,Teho,Origins,False,INDIFFERENT,6:20,380,d6R5SNTOvdg,2026-04-30T23:34:00Z,commit:5c97d16a
Cumberland Gap,David Rawlings,Poor David's Almanack,,INDIFFERENT,2:55,175,dra9BCISlyQ,2026-04-30T23:31:05Z,commit:5c97d16a
Midnight Train,David Rawlings,Poor David's Almanack,,INDIFFERENT,3:18,198,S_7ayGvOLWI,2026-04-30T23:27:47Z,commit:5c97d16a
Money Is The Meat In The Coconut,David Rawlings,Poor David's Almanack,,LIKE,2:23,143,vwe5K642jTo,2026-04-30T23:25:24Z,commit:5c97d16a
"Dixie Chicken (Live at the Rainbow Theatre, London, UK, 8/3/1977)",Little Feat,Waiting for Columbus (Live Version),False,INDIFFERENT,8:54,534,UMJbtFZWWa8,2026-04-30T23:16:30Z,commit:5c97d16a
Vagabond,Wolfmother,Wolfmother,False,INDIFFERENT,3:51,231,3ndE__G64uQ,2026-04-30T23:12:39Z,commit:5c97d16a
Ghosts Of Mississippi,The SteelDrivers,Reckless,False,INDIFFERENT,6:15,375,PzTgzDAC4EY,2026-04-30T23:06:24Z,commit:5c97d16a
All Hail,The Devil Makes Three,Do Wrong Right,,LIKE,4:02,242,4_bjSdl85gU,2026-04-30T23:02:22Z,commit:5c97d16a
Thunder & Lightning,Brown Bird,Salt For Salt,False,INDIFFERENT,3:29,209,KGsxXfIEq8Q,2026-04-30T22:58:53Z,commit:5c97d16a
Feet and Bones,Trampled by Turtles,Palomino,False,INDIFFERENT,1:56,116,RN46VrMYKNg,2026-04-30T22:56:57Z,commit:5c97d16a
The Angel of Death,The Devil Makes Three,Redemption & Ruin,False,INDIFFERENT,3:37,217,qj7LXpqOl4I,2026-04-30T22:53:20Z,commit:5c97d16a
Down in the Valley,The Devil Makes Three,Redemption & Ruin,False,INDIFFERENT,3:10,190,L5PAVgMYLio,2026-04-30T22:50:10Z,commit:5c97d16a
What Would You Give (In Exchange for Your Soul),The Devil Makes Three,Redemption & Ruin,False,INDIFFERENT,4:24,264,Uk_bF6G1lvw,2026-04-30T22:45:46Z,commit:5c97d16a
Come on up to the House,The Devil Makes Three,Redemption & Ruin,False,INDIFFERENT,2:56,176,DktajBn2IZ8,2026-04-30T22:42:50Z,commit:5c97d16a
I Am the Man Thomas,The Devil Makes Three,Redemption & Ruin,False,INDIFFERENT,2:40,160,eQgta3g_Qrs,2026-04-30T22:40:10Z,commit:5c97d16a
There’ll Be a Jubilee,The Devil Makes Three,Redemption & Ruin,False,INDIFFERENT,2:56,176,V1g22idnLOo,2026-04-30T22:37:14Z,commit:5c97d16a
Waiting Around to Die,The Devil Makes Three,Redemption & Ruin,False,INDIFFERENT,3:35,215,WZPo9QlYrKA,2026-04-30T22:33:39Z,commit:5c97d16a
I’m Gonna Get High,The Devil Makes Three,Redemption & Ruin,False,INDIFFERENT,2:32,152,IIlOx7QELIY,2026-04-30T22:31:07Z,commit:5c97d16a
Chase the Feeling,The Devil Makes Three,Redemption & Ruin,False,INDIFFERENT,3:35,215,3gKPXsiJpvA,2026-04-30T22:27:32Z,commit:5c97d16a
I Gotta Get Drunk,The Devil Makes Three,Redemption & Ruin,False,INDIFFERENT,2:30,150,WcW6UGlGXow,2026-04-30T22:25:02Z,commit:5c97d16a
Champagne and Reefer,The Devil Makes Three,Redemption & Ruin,False,INDIFFERENT,2:55,175,qixzChjrT-k,2026-04-30T22:22:07Z,commit:5c97d16a
Drunken Hearted Man,The Devil Makes Three,Redemption & Ruin,False,INDIFFERENT,2:49,169,h8SmPil4niM,2026-04-30T22:19:18Z,commit:5c97d16a
Gracefully Facedown,The Devil Makes Three,Do Wrong Right,,INDIFFERENT,4:12,252,JfWASwsYb2w,2026-04-30T22:15:06Z,commit:5c97d16a
Chesapeake Bay,Corn Potato String Band,Corn Potato String Band,,LIKE,2:48,168,InnlDgthavk,2026-04-30T22:12:18Z,commit:5c97d16a
Chesapeake Bay,The Piccadilly Six,Apple Blossom Time,,INDIFFERENT,2:50,170,IZgN-jSSW0s,2026-04-30T22:09:28Z,commit:5c97d16a
"Chesapeake Bay (The Caesar's Palace, Dunstable 1967)",Lonnie Donegan,Lonnie Live! Rare Tapes from the Late Sixties,,LIKE,2:01,121,jVHf91M2UTQ,2026-04-30T22:07:27Z,commit:5c97d16a
Make Yourself A Happiness Pie,Ray Noble and The New Mayfair Dance Orchestra,"British Dance Bands - Pete Smiths Specialties, Vol. 2",,INDIFFERENT,3:12,192,CUF0vBBqIwI,2026-04-30T22:04:15Z,commit:5c97d16a
Teddy Bears Picnic,Henry Hall & The BBC Dance Orchestra,"British Dance Bands - Pete Smiths Specialties, Vol. 2",,INDIFFERENT,2:53,173,fcZCxWBC4AA,2026-04-30T22:01:22Z,commit:5c97d16a
Yacka Hula Hickey Dula,Felix Mendelssohn and His Hawaiian Serenaders,"British Dance Bands - Pete Smiths Specialties, Vol. 2",,INDIFFERENT,2:43,163,eoHm0_t6XoE,2026-04-30T21:58:39Z,commit:5c97d16a
"It's Been A Long, Long Time",Peggy Lee,Things Are Swingin',False,INDIFFERENT,2:20,140,UE4J-rREYiY,2026-04-30T21:56:19Z,commit:5c97d16a
Tiger Rag,Harry Roy,Harry Roy and His Orchestra. New Day Come,,LIKE,2:43,163,2a48zD-_5u8,2026-04-30T21:53:36Z,commit:5c97d16a
Thriller Rag,Tuba Skinny,Some Kind-A-Shake,,INDIFFERENT,3:47,227,29RWqxjAEuQ,2026-04-30T21:49:49Z,commit:5c97d16a
Deep Minor Rhythm Stomp,Tuba Skinny,Some Kind-A-Shake,,INDIFFERENT,3:27,207,9yHVR43rZkw,2026-04-30T21:46:22Z,commit:5c97d16a
I'm Gettin' Sentimental Over You,Tommy Dorsey & His Orchestra,Battle of the Bands: Glenn Miller vs. Tommy Dorsey,False,INDIFFERENT,3:38,218,HHxqCBo3PwU,2026-04-30T21:42:44Z,commit:5c97d16a
Too Late,Tuba Skinny,Some Kind-A-Shake,,INDIFFERENT,4:12,252,MJ_LUeMhwTQ,2026-04-30T21:38:32Z,commit:5c97d16a
Jubilee Stomp,Tuba Skinny,Some Kind-A-Shake,,INDIFFERENT,3:38,218,ufnQf9fwuds,2026-04-30T21:34:54Z,commit:5c97d16a
Tuba Skinny - Full Set - Jazz & Heritage Center 2022,"602K views, wwozneworleans",,,LIKE,1:24:01,5041,861jOEqVr4Q,2026-04-30T20:10:53Z,commit:5c97d16a
Rock Salt and Nails,Willie Watson,"Folk Singer, Vol. 1",False,INDIFFERENT,3:47,227,8xifHI4yLd4,2026-04-30T20:07:06Z,commit:5c97d16a
James Alley Blues,Willie Watson,"Folk Singer, Vol. 1",False,INDIFFERENT,4:06,246,mnfd0zBWkn8,2026-04-30T20:03:00Z,commit:5c97d16a
Mexican Cowboy,Willie Watson,"Folk Singer, Vol. 1",False,INDIFFERENT,3:53,233,FTbhfZlrXiU,2026-04-30T19:59:07Z,commit:5c97d16a
Mother Earth,Willie Watson,"Folk Singer, Vol. 1",False,INDIFFERENT,3:36,216,cZ5B_KFcmvU,2026-04-30T19:55:31Z,commit:5c97d16a
Stewball,Willie Watson,"Folk Singer, Vol. 1",False,INDIFFERENT,3:47,227,yT7WzqP6EH4,2026-04-30T19:51:44Z,commit:5c97d16a
Long John Dean,Willie Watson,"Folk Singer, Vol. 1",False,INDIFFERENT,2:54,174,thC8dExOTKk,2026-04-30T19:48:50Z,commit:5c97d16a
Midnight Special,Willie Watson,"Folk Singer, Vol. 1",False,INDIFFERENT,4:38,278,CORVjNWEl-0,2026-04-30T19:44:12Z,commit:5c97d16a
I Think I Like When It Rains,WILLIS,Locals 2,False,INDIFFERENT,4:39,279,HpYdA-06jTc,2026-04-30T19:39:33Z,commit:5c97d16a
Glimmer,Tame Impala,The Slow Rush,False,INDIFFERENT,2:09,129,0n28cYmm1Zs,2026-04-30T19:37:24Z,commit:5c97d16a
Dramamine,Modest Mouse,This Is a Long Drive for Someone with Nothing to Think About,False,INDIFFERENT,5:42,342,dXBEuQwy5NU,2026-04-30T19:31:42Z,commit:5c97d16a
Femme Fatale,"Nico, The Velvet Underground",The Velvet Underground & Nico 45th Anniversary,False,INDIFFERENT,2:39,159,ggHPtzVSEeE,2026-04-30T19:29:03Z,commit:5c97d16a
I Don't Mind,The Head And The Heart,Signs of Light,False,INDIFFERENT,2:35,155,1-UhOUXE2HI,2026-04-30T19:26:28Z,commit:5c97d16a
Rabbit Heart (Raise It Up),Florence + The Machine,Lungs (Digital Deluxe Version),False,INDIFFERENT,3:53,233,eDugt2pFiuk,2026-04-30T19:22:35Z,commit:5c97d16a
Over,Electric Guest,Plural,False,INDIFFERENT,3:58,238,ddjIJXdb85k,2026-04-30T19:18:37Z,commit:5c97d16a
A-Punk,Vampire Weekend,Vampire Weekend,False,INDIFFERENT,2:18,138,BBpzg38GIXU,2026-04-30T19:16:19Z,commit:5c97d16a
Sympathy,Vampire Weekend,Father of the Bride,False,INDIFFERENT,3:47,227,drHFNf3r2VQ,2026-04-30T19:12:32Z,commit:5c97d16a
Blood Poem,Ivan the Tolerable,Twenny Eighteen Reveries,False,INDIFFERENT,5:34,334,JB_xTTVvuis,2026-04-30T19:06:58Z,commit:5c97d16a
Square One,Ivan the Tolerable,Twenny Eighteen Reveries,False,INDIFFERENT,8:27,507,Fgu8uVlY9nM,2026-04-30T18:58:31Z,commit:5c97d16a
Flood,Ivan the Tolerable,Twenny Eighteen Reveries,False,INDIFFERENT,4:15,255,mTxYgkwOrl4,2026-04-30T18:54:16Z,commit:5c97d16a
Pond Skimmer,Ivan the Tolerable,Twenny Eighteen Reveries,False,INDIFFERENT,2:34,154,lhmju48b1ns,2026-04-30T18:51:42Z,commit:5c97d16a
The Bottom of the Sea,Ivan the Tolerable,Twenny Eighteen Reveries,False,INDIFFERENT,10:12,612,0yRBxcK33o4,2026-04-30T18:41:30Z,commit:5c97d16a
Orgy,Ivan the Tolerable,The Continuous Katherine Mortenhoe,,INDIFFERENT,4:31,271,RBwjGAWxE1g,2026-04-30T18:36:59Z,commit:5c97d16a
Human Destiny,Ivan the Tolerable,The Continuous Katherine Mortenhoe,,INDIFFERENT,3:07,187,8Pm_jjFHTSs,2026-04-30T18:33:52Z,commit:5c97d16a
The Trap,Ivan the Tolerable,The Continuous Katherine Mortenhoe,,INDIFFERENT,5:20,320,IaExAF9Ob4o,2026-04-30T18:28:32Z,commit:5c97d16a
Roddie & Vince,Ivan the Tolerable,The Continuous Katherine Mortenhoe,,INDIFFERENT,2:21,141,24YyvIldyTQ,2026-04-30T18:26:11Z,commit:5c97d16a
TCKM,Ivan the Tolerable,The Continuous Katherine Mortenhoe,,INDIFFERENT,6:58,418,NEb1jDAtZ8o,2026-04-30T18:19:13Z,commit:5c97d16a
Hate the Way You Love Me,John Paul White,Beulah,False,INDIFFERENT,4:04,244,eFyx1KrAHB8,2026-04-30T18:15:09Z,commit:5c97d16a
Gentle on My Mind,Robert Ellis & Courtney Hartman,Dear John,,INDIFFERENT,5:52,352,wxYetopv6UI,2026-04-30T18:09:17Z,commit:5c97d16a
Where I Ought to Be,Watkins Family Hour,Watkins Family Hour,False,INDIFFERENT,2:58,178,Y3J2Rk_cMK8,2026-04-30T18:06:19Z,commit:5c97d16a
Nightjar,Ivan the Tolerable,Autodidact II,,INDIFFERENT,2:52,172,4E_1GBRGfAs,2026-04-30T18:03:27Z,commit:5c97d16a
A Letter To November,Ivan the Tolerable,Autodidact II,,INDIFFERENT,6:20,380,1g1nbhRkno4,2026-04-30T17:57:07Z,commit:5c97d16a
Turkish Golden Scissors III,Ivan the Tolerable,Autodidact II,,INDIFFERENT,4:37,277,5N_otnNTBFo,2026-04-30T17:52:30Z,commit:5c97d16a
The Smell Of Water,Ivan the Tolerable,Autodidact II,,INDIFFERENT,5:43,343,-snSCUy3Mhc,2026-04-30T17:46:47Z,commit:5c97d16a
Red Oilcloth,Ivan the Tolerable,Autodidact II,,INDIFFERENT,3:58,238,SVLRpaL_7TE,2026-04-30T17:42:49Z,commit:5c97d16a
Sandmartin,Ivan the Tolerable,Autodidact II,,INDIFFERENT,2:23,143,hBmxQSFbfGA,2026-04-30T17:40:26Z,commit:5c97d16a
Wylder's Hand,Ivan the Tolerable,Autodidact II,,INDIFFERENT,3:58,238,oSmZY-qQD6A,2026-04-30T17:36:28Z,commit:5c97d16a
Three Methods,Ivan the Tolerable,Autodidact II,,INDIFFERENT,4:53,293,oQmV2qi58Jc,2026-04-30T17:31:35Z,commit:5c97d16a
Turkish Golden Scissors II,Ivan the Tolerable,Autodidact II,,INDIFFERENT,4:37,277,diMHXhUoP0g,2026-04-30T17:26:58Z,commit:5c97d16a
Autodidact II,Ivan the Tolerable,Autodidact II,,INDIFFERENT,4:17,257,Vkp6BzYR9PQ,2026-04-30T17:22:41Z,commit:5c97d16a
Helianthus,Ivan the Tolerable,Autodidact II,,INDIFFERENT,5:18,318,jOZXJ4OgpiI,2026-04-30T17:17:23Z,commit:5c97d16a
On A Rock,Ivan the Tolerable,Autodidact II,,INDIFFERENT,4:21,261,Zk6VryWyXOo,2026-04-30T17:13:02Z,commit:5c97d16a
Into The Well,Ivan the Tolerable,Autodidact II,,INDIFFERENT,2:57,177,ss2n5Caf3d0,2026-04-30T17:10:05Z,commit:5c97d16a
Red Throated Diver,Ivan the Tolerable,Autodidact II,,INDIFFERENT,2:19,139,eELeHvxQqMc,2026-04-30T17:07:46Z,commit:5c97d16a
Turkish Golden Scissors I,Ivan the Tolerable,Autodidact II,,INDIFFERENT,14:34,874,4tNPwNJFhIo,2026-04-30T16:53:12Z,commit:5c97d16a
Howard Hughes Blues,Robert Ellis & Courtney Hartman,Dear John,,LIKE,2:50,170,dRQMM47WlW0,2026-04-30T16:50:22Z,commit:5c97d16a
"Tattletale, Pt. 1",Antibalas,Daptone Records Singles Collection: Volume 5,False,INDIFFERENT,4:35,275,CS0WHyOCg0M,2026-04-30T16:45:47Z,commit:5c97d16a
Luv Jones,"Charles Bradley, LaRose Jackson",Daptone Records Singles Collection: Volume 5,False,INDIFFERENT,3:51,231,E0M0Ni2WkPY,2026-04-30T16:41:56Z,commit:5c97d16a
Everybody Knows (River Song),"Naomi Shelton, The Gospel Queens",Daptone Records Singles Collection: Volume 5,False,INDIFFERENT,3:00,180,0dy2yKGTK84,2026-04-30T16:38:56Z,commit:5c97d16a
Sinner,"Naomi Shelton, The Gospel Queens",Daptone Records Singles Collection: Volume 5,False,INDIFFERENT,2:52,172,A4Kvpc9DAy8,2026-04-30T16:36:04Z,commit:5c97d16a
"Change, Change, Change","Charles Bradley, LaRose Jackson",Daptone Records Singles Collection: Volume 5,False,INDIFFERENT,2:42,162,i9T0imt4D5Y,2026-04-30T16:33:22Z,commit:5c97d16a
Sweet Water,The Meltdown,Better Days,False,INDIFFERENT,3:51,231,Swa4sQ8nFKQ,2026-04-30T16:29:31Z,commit:5c97d16a
Live Learn,The California Honeydrops,Live Learn,False,INDIFFERENT,4:36,276,n72hZsTHAZc,2026-04-30T16:24:55Z,commit:5c97d16a
Cry for Me (Live),The California Honeydrops,Honeydrops Live,False,INDIFFERENT,5:56,356,k-8O70Ba6_c,2026-04-30T16:18:59Z,commit:5c97d16a
My Sisters and Brothers (Live) (feat. Jerry Garcia Band),Jerry Garcia Band,Jerry Garcia Band,False,INDIFFERENT,4:18,258,asMZcBKCLhs,2026-04-30T16:14:41Z,commit:5c97d16a
"It's All over Now (Live at Winterland, December 31, 1978)",Grateful Dead,"The Closing of Winterland: December 31, 1978",False,INDIFFERENT,8:23,503,AYUMaTwhMJ0,2026-04-30T16:06:18Z,commit:5c97d16a
My Sisters and Brothers (Live) (feat. Jerry Garcia Band),Jerry Garcia Band,Jerry Garcia Band,False,INDIFFERENT,4:18,258,asMZcBKCLhs,2026-04-30T16:02:00Z,commit:5c97d16a
"It's All over Now (Live at Winterland, December 31, 1978)",Grateful Dead,"The Closing of Winterland: December 31, 1978",False,INDIFFERENT,8:23,503,AYUMaTwhMJ0,2026-04-30T15:53:37Z,commit:5c97d16a
"Brown Noise - Perfect for Sleep, Study And Focus - Black Screen | Relaxing Sound In 24H","1.3M views, BEST SLEEP NOISE",,,LIKE,24:00:08,86408,3ZQLdo1dR8Q,2026-04-29T15:53:29Z,commit:5c97d16a
Moon Milk,Ivan the Tolerable,Black Water/Brown Earth,False,INDIFFERENT,2:50,170,B5nAO8ujpxU,2026-04-29T15:50:39Z,commit:5c97d16a
Slow Deep Salt and Silent Black,Ivan the Tolerable,Black Water/Brown Earth,False,INDIFFERENT,9:32,572,y5-_9T7R8jY,2026-04-29T15:41:07Z,commit:5c97d16a
The Labyrinth,Ivan the Tolerable,Black Water/Brown Earth,False,INDIFFERENT,2:20,140,h6nmJNz77cU,2026-04-29T15:38:47Z,commit:5c97d16a
Before The Sun Sinks,Ivan the Tolerable,Black Water/Brown Earth,False,INDIFFERENT,8:35,515,Z-1t4Gmy344,2026-04-29T15:30:12Z,commit:5c97d16a
Back in the Goodle Days,John Hartford,Aereo-Plain,,INDIFFERENT,3:39,219,UcF0SY0m3sU,2026-04-29T15:26:33Z,commit:5c97d16a
Rye Whiskey,Punch Brothers,Antifogmatic,True,INDIFFERENT,3:29,209,jXfE-e4a3GU,2026-04-29T15:23:04Z,commit:5c97d16a
Mean Mother Blues,Seldom Scene,Act 3,False,INDIFFERENT,3:03,183,k5Sz1rG7vRA,2026-04-29T15:20:01Z,commit:5c97d16a
Me and Paul,Willie Nelson,One Hell Of A Ride,True,LIKE,3:49,229,lMugPjewv-0,2026-04-29T15:16:12Z,commit:5c97d16a
Loose Lucy,Grateful Dead,From the Mars Hotel,False,INDIFFERENT,3:26,206,hptwzSGZP34,2026-04-29T15:12:46Z,commit:5c97d16a
Jackaroo,"David Grisman, Jerry Garcia",Shady Grove,True,LIKE,4:02,242,GfhrQsMLdY0,2026-04-29T15:08:44Z,commit:5c97d16a
"Likes Of Me (feat. Vassar Clements, Jerry Douglas, Todd Phillips & Sam Bush)",Tony Rice,Cold On The Shoulder,,LIKE,2:56,176,oZpYMddziuA,2026-04-29T15:05:48Z,commit:5c97d16a
House Of The Rising Sun,"Doc Watson, Richard Watson",Third Generation Blues,False,INDIFFERENT,3:22,202,FwXxxSRUX4U,2026-04-29T15:02:26Z,commit:5c97d16a
Cheyenne,Noam Pikelny,Noam Pikelny Plays Kenny Baker Plays Bill Monroe,True,LIKE,3:37,217,gnqIsB2Y8SQ,2026-04-29T14:58:49Z,commit:5c97d16a
Georgia Railroad,Foghorn Stringband,Reap What You Sow,,INDIFFERENT,3:50,230,orl1CvCLmn4,2026-04-29T14:54:59Z,commit:5c97d16a
Brushy Run,"Rhys Jones, Jeff Miller, and Jim Nelson",All I've Gots Done Gone,False,INDIFFERENT,1:39,99,lEq0aKCP8VI,2026-04-29T14:53:20Z,commit:5c97d16a
Sugar Tree Stomp,Kenny Baker,Master Fiddler,False,INDIFFERENT,2:36,156,x9nAclmJ7w8,2026-04-29T14:50:44Z,commit:5c97d16a
I'd Jump the Mississippi,Caleb Klauder & Reeb Willms,Innocent Road,,INDIFFERENT,2:51,171,RuE6QOrhojM,2026-04-29T14:47:53Z,commit:5c97d16a
Texas Gales (Instrumental),Doc & Merle Watson,Ballads From Deep Gap,False,INDIFFERENT,1:34,94,_Ra6dgDyIvQ,2026-04-29T14:46:19Z,commit:5c97d16a
Policeman,Foghorn Stringband,Rattlesnake Tidal Wave,,LIKE,3:17,197,1b7dQ2DLc_M,2026-04-29T14:43:02Z,commit:5c97d16a
Arthur,The Kinks,Arthur (Deluxe Edition),False,INDIFFERENT,5:25,325,XFexQfJRXrk,2026-04-29T14:37:37Z,commit:5c97d16a
Shine A Light,Wolf Parade,Wolf Parade,False,INDIFFERENT,3:44,224,u1OL4FFlATE,2026-04-29T14:33:53Z,commit:5c97d16a
Love You So,The King Khan & BBQ Show,Love You So,False,INDIFFERENT,3:46,226,bHwKPCm5fDU,2026-04-29T14:30:07Z,commit:5c97d16a
Life During Wartime (2005 Remaster),Talking Heads,Fear of Music (Deluxe Version),False,INDIFFERENT,3:42,222,_NywTcGOUkE,2026-04-29T14:26:25Z,commit:5c97d16a
A Good Look,Sturgill Simpson,SOUND & FURY,False,INDIFFERENT,4:02,242,nCKzSbBdhxk,2026-04-29T14:22:23Z,commit:5c97d16a
Queen Bitch,David Bowie,Hunky Dory,True,LIKE,3:21,201,2_ayFz62eYE,2026-04-29T14:19:02Z,commit:5c97d16a
Cuckoo's Nest,John Hartford,"Me Oh My, How the Time Does Fly -- A John Hartford Anthology",False,INDIFFERENT,3:15,195,RiHOpy32yLQ,2026-04-29T14:15:47Z,commit:5c97d16a
Richland Woman Blues,Muireann Bradley,Richland Woman Blues,False,INDIFFERENT,4:27,267,ktmO8YG29pA,2026-04-29T14:11:20Z,commit:5c97d16a
What Did Jesus Say,Jubalaires,Gospel Classics,,INDIFFERENT,2:56,176,cvV6tBTl1iE,2026-04-29T14:08:24Z,commit:5c97d16a
Won'tcha Please Don't Do It,Pokey LaFarge,Pokey LaFarge,,INDIFFERENT,2:56,176,tCPhym2odOY,2026-04-29T14:05:28Z,commit:5c97d16a
Carolina Peach,The California Honeydrops,Like You Mean It,False,INDIFFERENT,4:56,296,zo_Ndw93s64,2026-04-29T14:00:32Z,commit:5c97d16a
Tulsa Time,The California Honeydrops,Tulsa Time,False,INDIFFERENT,3:11,191,23xwUz6p-yE,2026-04-29T13:57:21Z,commit:5c97d16a
Sunny Side of the Street,Pokey LaFarge,Middle of Everywhere,,INDIFFERENT,2:50,170,5yAfy230Wmc,2026-04-29T13:54:31Z,commit:5c97d16a
Good Country Girls,Pokey LaFarge,Middle of Everywhere,,INDIFFERENT,3:13,193,Td0X2vdJ6sc,2026-04-29T13:51:18Z,commit:5c97d16a
You Never Can Tell,The California Honeydrops,You Never Can Tell,True,LIKE,4:39,279,V4yVOrQPsYM,2026-04-29T13:46:39Z,commit:5c97d16a
Daniel Saw The Stone (Negro-Spiritual),"The Golden Gate Quartet & Clyde Riddick, Clyde Wright, J. Caleb Ginyard, Orlando Wilson","""Serie All Stars Music"" Nº 039 Exclusive Remastered From Original Vinyl First Edition (Vintage Lps) ""Negro - Spirituals"" ""Gospel""",True,LIKE,2:21,141,UdN9B7UVkYs,2026-04-29T13:44:18Z,commit:5c97d16a
California Sober (feat. Willie Nelson),Billy Strings,California Sober,True,LIKE,3:51,231,AmxvLgvc8IE,2026-04-29T13:40:27Z,commit:5c97d16a
The Ballad of the Choctaw-Apache,Vincent Neil Emerson,Vincent Neil Emerson,False,INDIFFERENT,4:13,253,JjiLqSL6pJo,2026-04-29T13:36:14Z,commit:5c97d16a
(A Year Ahead) …and A Light,Richard Buckner,Impasse,False,INDIFFERENT,2:22,142,KaIjFschMQU,2026-04-29T13:33:52Z,commit:5c97d16a
"Living, Forgiving","Paul Burch, The WPA Ballclub",Pan-American Flash,False,INDIFFERENT,3:42,222,8yCTH65voS8,2026-04-29T13:30:10Z,commit:5c97d16a
Strong Boy,Gram Parsons' International Submarine Band,Safe At Home,False,INDIFFERENT,2:04,124,nK5NX5PaPOU,2026-04-29T13:28:06Z,commit:5c97d16a
Shut up and Sing,Brent Cobb,Keep 'Em on They Toes,False,INDIFFERENT,4:46,286,KFIQUHRZ4Ls,2026-04-29T13:23:20Z,commit:5c97d16a
My One Desire,Freakwater,Old Paint,False,INDIFFERENT,2:29,149,12Wr6bblUo8,2026-04-29T13:20:51Z,commit:5c97d16a
Damaged Goods (Acoustic),The Band of Heathens,Simpler Things,False,INDIFFERENT,3:07,187,3G-6YzieEeU,2026-04-29T13:17:44Z,commit:5c97d16a
Elijah,The Original Harmony Ridge Creek Dippers,Pacific Coast Rambler,False,INDIFFERENT,2:10,130,UbEhA3bOvns,2026-04-29T13:15:34Z,commit:5c97d16a
Last of My Kind,Viv & Riley,Time Is Everything,,LIKE,4:23,263,3kC5wb_yw5Q,2026-04-29T13:11:11Z,commit:5c97d16a
Standing Here,Colter Wall,Little Songs,,INDIFFERENT,2:43,163,Y2o4mXTGcu8,2026-04-29T13:08:28Z,commit:5c97d16a
Desperado,Linda Ronstadt,Don't Cry Now,False,INDIFFERENT,3:33,213,5vYhzf96_YA,2026-04-29T13:04:55Z,commit:5c97d16a
Geronimo,Waco Brothers,To The Last Dead Cowboy,False,INDIFFERENT,2:32,152,HyGm2ZYlP_U,2026-04-29T13:02:23Z,commit:5c97d16a
Last of My Kind,Paul Burch,Last of My Kind,,LIKE,4:10,250,1Rboxn_ZFIs,2026-04-29T12:58:13Z,commit:5c97d16a
California Sober (feat. Willie Nelson),Billy Strings,California Sober,True,LIKE,3:51,231,AmxvLgvc8IE,2026-04-29T12:54:22Z,commit:5c97d16a
People Ii: The Reckoning,AJJ,People Who Can Eat People Are the Luckiest People in the World,False,INDIFFERENT,4:09,249,sqouMqryzxM,2026-04-29T12:50:13Z,commit:5c97d16a
Won't Make Love at All,Pokey LaFarge,Riverboat Soul,,INDIFFERENT,2:59,179,9GCHokxOXhg,2026-04-29T12:47:14Z,commit:5c97d16a
Drinkin' Whiskey Tonight,Pokey LaFarge,Middle of Everywhere,,LIKE,2:53,173,GWqjF81M5h4,2026-04-29T12:44:21Z,commit:5c97d16a
Angel Band,"The Clinch Mountain Boys, The Stanley Brothers","O Brother, Where Art Thou? (Music From The Motion Picture / Deluxe Edition)",False,INDIFFERENT,2:21,141,gkjy9lO2zig,2026-04-29T12:42:00Z,commit:5c97d16a
Didn't Leave Nobody But The Baby,"Alison Krauss, Emmylou Harris, Gillian Welch","O Brother, Where Art Thou? (Music From The Motion Picture / Deluxe Edition)",False,INDIFFERENT,2:00,120,7T-uuUDwlvU,2026-04-29T12:40:00Z,commit:5c97d16a
Murder On The Dancefloor,Sophie Ellis-Bextor,Read My Lips,False,INDIFFERENT,3:51,231,TEGkUHzd8hI,2026-04-29T12:36:09Z,commit:5c97d16a
Thank God I'm a Country Boy,John Denver,Back Home Again,False,INDIFFERENT,3:14,194,GSJaaZgIwtE,2026-04-29T12:32:55Z,commit:5c97d16a
That's What Makes The World Go Around (feat. Willie Nelson),Charley Crockett,That's What Makes the World Go Around,False,INDIFFERENT,3:18,198,mj9ZP6xgPQ4,2026-04-29T12:29:37Z,commit:5c97d16a
Dry Town (Demo),Gillian Welch,Boots No. 1: The Official Revival Bootleg,True,LIKE,2:55,175,sqrP7bOKOMo,2026-04-29T12:26:42Z,commit:5c97d16a
Jambalaya (On The Bayou),Hank Williams,Honky Tonkin (Expanded Undubbed Edition),False,INDIFFERENT,2:55,175,wL54kBsWUhU,2026-04-29T12:23:47Z,commit:5c97d16a
People Ii: The Reckoning,AJJ,People Who Can Eat People Are the Luckiest People in the World,False,INDIFFERENT,4:09,249,sqouMqryzxM,2026-04-29T12:19:38Z,commit:5c97d16a
Won't Make Love at All,Pokey LaFarge,Riverboat Soul,,INDIFFERENT,2:59,179,9GCHokxOXhg,2026-04-29T12:16:39Z,commit:5c97d16a
Drinkin' Whiskey Tonight,Pokey LaFarge,Middle of Everywhere,,LIKE,2:53,173,GWqjF81M5h4,2026-04-29T12:13:46Z,commit:5c97d16a
"So Long Honeybee, Goodbye",Pokey LaFarge,Middle of Everywhere,,INDIFFERENT,3:07,187,_WbXnLx3YSM,2026-04-29T12:10:39Z,commit:5c97d16a
Drinkin' Whiskey Tonight,Pokey LaFarge,Middle of Everywhere,,LIKE,2:53,173,GWqjF81M5h4,2026-04-29T12:07:46Z,commit:5c97d16a
California Sober (feat. Willie Nelson),Billy Strings,California Sober,True,LIKE,3:51,231,AmxvLgvc8IE,2026-04-29T12:03:55Z,commit:5c97d16a
These Boots Are Made for Walkin',Nancy Sinatra,Boots,False,INDIFFERENT,2:48,168,ICjlGNXwjkE,2026-04-29T12:01:07Z,commit:5c97d16a
One Toke Over the Line,Brewer & Shipley,Tarkio Road,False,INDIFFERENT,3:20,200,OF3EUFnafp8,2026-04-29T11:57:47Z,commit:5c97d16a
Yosemite (feat. Dave Matthews),"Golden Highway, Molly Tuttle",City of Gold,False,INDIFFERENT,3:11,191,Eaj1SLXrIec,2026-04-29T11:54:36Z,commit:5c97d16a
"10,000 Miles Away",The Skullduggers,Staggers and Jags,False,INDIFFERENT,3:25,205,gHWoWOS64y8,2026-04-29T11:51:11Z,commit:5c97d16a
Love Came Back,Paul Burch,Light Sensitive,False,INDIFFERENT,3:48,228,OL28qqd7RCM,2026-04-29T11:47:23Z,commit:5c97d16a
Hey Good Lookin',Hank Williams,Your Cheatin' Heart,False,INDIFFERENT,2:52,172,T03HmxqrCmE,2026-04-29T11:44:31Z,commit:5c97d16a
Deep Minor Rhythm Stomp,Tuba Skinny,Some Kind-A-Shake,,INDIFFERENT,3:27,207,9yHVR43rZkw,2026-04-29T11:41:04Z,commit:5c97d16a
I Ain't Broke But I'm Badly Bent,Old & In The Way,That High Lonesome Sound,False,INDIFFERENT,2:52,172,PjEBpLwarsM,2026-04-29T11:38:12Z,commit:5c97d16a
I Wouldn't Change You If I Could,Ricky Skaggs,Highways And Heartaches,False,INDIFFERENT,3:01,181,j62afy-GIKI,2026-04-29T11:35:11Z,commit:5c97d16a
Even If You Don't,Ween,White Pepper,,INDIFFERENT,3:25,205,W_V7A-NN3MI,2026-04-29T11:31:46Z,commit:5c97d16a
Daniel Saw The Stone (Negro-Spiritual),"The Golden Gate Quartet & Clyde Riddick, Clyde Wright, J. Caleb Ginyard, Orlando Wilson","""Serie All Stars Music"" Nº 039 Exclusive Remastered From Original Vinyl First Edition (Vintage Lps) ""Negro - Spirituals"" ""Gospel""",True,LIKE,2:21,141,UdN9B7UVkYs,2026-04-29T11:29:25Z,commit:5c97d16a
Under the Boardwalk (Live),The California Honeydrops,Under the Boardwalk (Live),False,INDIFFERENT,2:55,175,pcbxrn5t72E,2026-04-29T11:26:30Z,commit:5c97d16a
Way of the Triune God (Hallelujah Version),Tyler Childers,Can I Take My Hounds to Heaven?,False,INDIFFERENT,3:29,209,YYC4scj5rXY,2026-04-29T11:23:01Z,commit:5c97d16a
In The Jailhouse Now (feat. Tim Blake Nelson),The Soggy Bottom Boys,"O Brother, Where Art Thou? (Original Motion Picture Soundtrack)",False,INDIFFERENT,3:37,217,r6dVH6rhIOo,2026-04-29T11:19:24Z,commit:5c97d16a
Water Underground,Real Estate,Water Underground,False,INDIFFERENT,3:27,207,2HAuM2KjyxY,2026-04-29T11:15:57Z,commit:5c97d16a
Brother Bill,The Golden Gate Quartet,24 Carrot,,LIKE,2:44,164,RzjEOwModdw,2026-04-29T11:13:13Z,commit:5c97d16a
In My Head,The Lemon Twigs,Everything Harmony,False,INDIFFERENT,3:19,199,yJLgexy5yFY,2026-04-29T11:09:54Z,commit:5c97d16a
I'm Going Back Home,Tuba Skinny,Some Kind-A-Shake,,INDIFFERENT,3:41,221,cSh82jyNjos,2026-04-29T11:06:13Z,commit:5c97d16a
Lonesome Cowboy Bill,The Velvet Underground,Loaded,False,INDIFFERENT,2:44,164,4ijXYf6d42E,2026-04-29T11:03:29Z,commit:5c97d16a
Sugar Candy Kisses,Mac & Katie Kissoon,Sugar Candy Kisses,False,INDIFFERENT,3:17,197,FE6qaRGeC_8,2026-04-29T11:00:12Z,commit:5c97d16a
Alabama Song (Whisky Bar),The Doors,The Doors,True,LIKE,3:18,198,nbtEkZIvMAg,2026-04-29T10:56:54Z,commit:5c97d16a
Cuckoo's Nest,John Hartford,"Me Oh My, How the Time Does Fly -- A John Hartford Anthology",False,INDIFFERENT,3:15,195,RiHOpy32yLQ,2026-04-29T10:53:39Z,commit:5c97d16a
Live A-Humble,Jubalaires,Gospel Classics,,INDIFFERENT,2:35,155,hV3p7pu1htk,2026-04-29T10:51:04Z,commit:5c97d16a
Doctor Jazz Stomp,Jelly-Roll Morton's Red Hot Peppers,Hot Hot Hot!,False,INDIFFERENT,3:24,204,10ncO50NJYQ,2026-04-29T10:47:40Z,commit:5c97d16a
Puttin' on the Ritz,Philharmonic Wind Orchestra,Cinemagic 9,False,INDIFFERENT,3:01,181,neYed6OIYXk,2026-04-29T10:44:39Z,commit:5c97d16a
Cheap Reward,The Devil Makes Three,Do Wrong Right,,INDIFFERENT,3:11,191,aD6gHgIWeNo,2026-04-29T10:41:28Z,commit:5c97d16a
Jonah,Golden Gate Jubilee Quartet,Golden Gate Quartet Vol. 1 (1937-1938),,INDIFFERENT,3:06,186,molhylMJ-r8,2026-04-29T10:38:22Z,commit:5c97d16a
Tulsa Time,The California Honeydrops,Tulsa Time,False,INDIFFERENT,3:11,191,23xwUz6p-yE,2026-04-29T10:35:11Z,commit:5c97d16a
You Never Can Tell,The California Honeydrops,You Never Can Tell,True,LIKE,4:39,279,V4yVOrQPsYM,2026-04-29T10:30:32Z,commit:5c97d16a
Somewhere in Between,Jacob LaVallee,Somewhere in Between,False,INDIFFERENT,3:02,182,z_IjnF4lu-g,2026-04-29T10:27:30Z,commit:5c97d16a
Speak in Colours (feat. Shuffling Strangefoot & Shaw),Deeb,Chapter One: Lost Souls,False,INDIFFERENT,4:16,256,7f5jSr39Y6w,2026-04-29T10:23:14Z,commit:5c97d16a
Garment of Destiny (Reprise),Lightbath,"Selected Public Works, Vol. 4",False,INDIFFERENT,9:49,589,GutfRlSyqBQ,2026-04-29T10:13:25Z,commit:5c97d16a
Bury Them Bones (Marley Carroll Remix),Emancipator,Remixes,False,INDIFFERENT,7:22,442,x4x-JaqjdyA,2026-04-29T10:06:03Z,commit:5c97d16a
The Recital That Never Happened,Khruangbin,A Calf Born in Winter,False,INDIFFERENT,3:39,219,VWwxHr4MS1k,2026-04-29T10:02:24Z,commit:5c97d16a
When I Write My Song,Laurindo Almeida,Classical Current,False,INDIFFERENT,3:42,222,SaX5APNeSA0,2026-04-29T09:58:42Z,commit:5c97d16a
The Night We Called It a Day,"John Coltrane, Milt Jackson",Bags & Trane,False,INDIFFERENT,4:21,261,8DiztjtIkoY,2026-04-29T09:54:21Z,commit:5c97d16a
20200223,Mac DeMarco,One Wayne G,,INDIFFERENT,3:22,202,qyq8cBnGItQ,2026-04-29T09:50:59Z,commit:5c97d16a
Freddie Freeloader,Bill Evans,You Must Believe In Spring (Remastered Version),False,INDIFFERENT,7:35,455,DvrKyCvlRUk,2026-04-29T09:43:24Z,commit:5c97d16a
Moon,Little People,Mickey Mouse Operation,False,INDIFFERENT,3:47,227,E1y2kB7LKfQ,2026-04-29T09:39:37Z,commit:5c97d16a
Joeira (feat. João Pedreira),Kurup,Joeira,True,LIKE,5:02,302,Rq4_GZAYcOI,2026-04-29T09:34:35Z,commit:5c97d16a
Ny,Robohands,Green,False,INDIFFERENT,3:41,221,L4UgeQgYMV4,2026-04-29T09:30:54Z,commit:5c97d16a
A Great Design,Black Marble,A Different Arrangement,False,INDIFFERENT,4:30,270,Rncqamit97g,2026-04-29T09:26:24Z,commit:5c97d16a
Jadiz,Boozoo Bajou,Lambique - EP,False,INDIFFERENT,4:26,266,rOHj15vqo2k,2026-04-29T09:21:58Z,commit:5c97d16a
"Water Music - Suite #1 In F, HWV 348 - Alla Hornpipe",Jordi Savall,Haendel: Water Music & Music for the Royal Fireworks,False,INDIFFERENT,4:04,244,SsM25EBXN58,2026-04-29T09:17:54Z,commit:5c97d16a
Morse,Nightmares on Wax,Carboot Soul,False,INDIFFERENT,6:22,382,sAaOn9Ew7bc,2026-04-29T09:11:32Z,commit:5c97d16a
Sala,Tosca,JAC,False,INDIFFERENT,8:19,499,DgPMoYAvmxw,2026-04-29T09:03:13Z,commit:5c97d16a
Phyllis,Lettuce,Crush,False,INDIFFERENT,6:50,410,uhMLUZ9-eT0,2026-04-29T08:56:23Z,commit:5c97d16a
Lead Me Home,The California Honeydrops,A River's Invitation,False,INDIFFERENT,3:56,236,VKM7ZawiovM,2026-04-29T08:52:27Z,commit:5c97d16a
Weow,Funki Porcini,Fast Asleep,False,INDIFFERENT,6:02,362,VRllr5eSODo,2026-04-29T08:46:25Z,commit:5c97d16a
Ketto,Bonobo,Days To Come,False,INDIFFERENT,5:07,307,7geq5Pg2uIE,2026-04-29T08:41:18Z,commit:5c97d16a
Circle Line,Sam Prekop,Circle Line,False,INDIFFERENT,3:21,201,dXQ66j_kbEs,2026-04-29T08:37:57Z,commit:5c97d16a
La femme d'argent,Air,Moon Safari,,INDIFFERENT,7:07,427,wLmfNFVDa_U,2026-04-29T08:30:50Z,commit:5c97d16a
Serenade of Water,Men I Trust,Untourable Album,False,INDIFFERENT,3:06,186,zLdT_0YfPLk,2026-04-29T08:27:44Z,commit:5c97d16a
Classic Noodlanding,Do Make Say Think,& Yet & Yet,False,INDIFFERENT,5:28,328,KeZJyNP4jdo,2026-04-29T08:22:16Z,commit:5c97d16a
20200107 2,Mac DeMarco,One Wayne G,,INDIFFERENT,2:42,162,L3S3l2gezpM,2026-04-29T08:19:34Z,commit:5c97d16a
Ontario Plates,Do Make Say Think,Winter Hymn Country Hymn Secret Hymn,,INDIFFERENT,7:03,423,54npPNKw6bY,2026-04-29T08:12:31Z,commit:5c97d16a
107 Reasons Why,Do Make Say Think,Winter Hymn Country Hymn Secret Hymn,,INDIFFERENT,3:02,182,QYmpQbf1q2g,2026-04-29T08:09:29Z,commit:5c97d16a
Outer Inner Secret,Do Make Say Think,Winter Hymn Country Hymn Secret Hymn,,INDIFFERENT,10:14,614,bUw_pr2s_gI,2026-04-29T07:59:15Z,commit:5c97d16a
Auberge Le Mouton Noir,Do Make Say Think,Winter Hymn Country Hymn Secret Hymn,,INDIFFERENT,7:05,425,UQuNsWh1C0E,2026-04-29T07:52:10Z,commit:5c97d16a
War On Want,Do Make Say Think,Winter Hymn Country Hymn Secret Hymn,,INDIFFERENT,1:56,116,aBdAwZJQ2fk,2026-04-29T07:50:14Z,commit:5c97d16a
Fredericia,Do Make Say Think,Winter Hymn Country Hymn Secret Hymn,,INDIFFERENT,9:38,578,gROkkfNjTmI,2026-04-29T07:40:36Z,commit:5c97d16a
TNT,Tortoise,TNT,,INDIFFERENT,7:34,454,WuitmtCZYoY,2026-04-29T07:33:02Z,commit:5c97d16a
Elvira,The Oak Ridge Boys,Oak Ridge Boys Collection,False,INDIFFERENT,2:39,159,iWuRO_DJC7o,2026-04-29T07:30:23Z,commit:5c97d16a
Tougher Than The Rest,Chris LeDoux,Haywire,False,INDIFFERENT,4:58,298,5Mvj4RBCHgY,2026-04-29T07:25:25Z,commit:5c97d16a
Big Bad John,Jimmy Dean,Big Bad John and Other Fabulous Songs and Tales,False,INDIFFERENT,3:01,181,4ukE3jwmOcA,2026-04-29T07:22:24Z,commit:5c97d16a
Meet Me In Montana (feat. Marie Osmond),Dan Seals,Won't Be Blue Anymore,False,INDIFFERENT,3:57,237,3GRvdGGCoKE,2026-04-29T07:18:27Z,commit:5c97d16a
Lost Highway,Hank Williams,Health & Happiness Shows,False,INDIFFERENT,3:24,204,92dezZCxer8,2026-04-29T07:15:03Z,commit:5c97d16a
Good Woman Blues,Mel Tillis,Country Hit Parade,False,INDIFFERENT,1:32,92,ST728k5ozow,2026-04-29T07:13:31Z,commit:5c97d16a
Champagne & Reefer,Muddy Waters,King Bee,False,INDIFFERENT,4:37,277,rea4Stp0SeE,2026-04-29T07:08:54Z,commit:5c97d16a
Neon Moon,Brooks & Dunn,Brand New Man,False,INDIFFERENT,4:22,262,8IjOQmwlGmk,2026-04-29T07:04:32Z,commit:5c97d16a
Small Town Saturday Night,Hal Ketchum,Past The Point Of Rescue,False,INDIFFERENT,2:58,178,ekW_gV75wN4,2026-04-29T07:01:34Z,commit:5c97d16a
Sixteen Tons,Tennessee Ernie Ford,Sixteen Tons,False,INDIFFERENT,2:36,156,BSvORvIjZiU,2026-04-29T06:58:58Z,commit:5c97d16a
I Believe In You,Don Williams,I Believe In You,False,INDIFFERENT,4:07,247,3vh8hrIz-5c,2026-04-29T06:54:51Z,commit:5c97d16a
I'm Over You,Keith Whitley,I Wonder Do You Think of Me,False,INDIFFERENT,3:04,184,1yDD7yoyw3Q,2026-04-29T06:51:47Z,commit:5c97d16a
Mountain Music,Alabama,Mountain Music,False,INDIFFERENT,4:12,252,GBdonr6AWtQ,2026-04-29T06:47:35Z,commit:5c97d16a
Killers of the Flower Moon,Charley Crockett,Killers of the Flower Moon,False,INDIFFERENT,3:14,194,5xB7l8VhJ8A,2026-04-29T06:44:21Z,commit:5c97d16a
Smoky Mountain Rain,Ronnie Milsap,The Best Of Ronnie Milsap,False,INDIFFERENT,3:44,224,Zj6_CpSGPoE,2026-04-29T06:40:37Z,commit:5c97d16a
I've Cried My Last Tear For You,Ricky Van Shelton,RVS III,False,INDIFFERENT,2:29,149,JsydFDkbuhc,2026-04-29T06:38:08Z,commit:5c97d16a
Stuck In The Middle With You,Stealers Wheel,Stealers Wheel,False,INDIFFERENT,3:29,209,ln7Vn_WKkWU,2026-04-29T06:34:39Z,commit:5c97d16a
Family Tradition,"Hank Williams, Jr.",A Country Boy Can Survive (Box Set),False,INDIFFERENT,4:00,240,GdDyEqnhvNI,2026-04-29T06:30:39Z,commit:5c97d16a
Tender Years,George Jones,Sings Country Hits,False,INDIFFERENT,2:24,144,41rw5w08x1E,2026-04-29T06:28:15Z,commit:5c97d16a
For What It's Worth,Buffalo Springfield,Buffalo Springfield,False,INDIFFERENT,2:34,154,1eD-8NTwP9I,2026-04-29T06:25:41Z,commit:5c97d16a
I Loved 'Em Every One,T.G. Sheppard,I Love 'Em All,False,INDIFFERENT,3:42,222,DeZMLrzcU5Q,2026-04-29T06:21:59Z,commit:5c97d16a
Highwayman,The Highwaymen,Highwayman,False,INDIFFERENT,3:03,183,RgCRdAzizxY,2026-04-29T06:18:56Z,commit:5c97d16a
Tight Fittin' Jeans,Conway Twitty,20th Century Masters: The Millennium Collection: Best Of Conway Twitty,False,INDIFFERENT,2:51,171,hJ00bLuN8VU,2026-04-29T06:16:05Z,commit:5c97d16a
Ring of Fire,Johnny Cash,The Essential Johnny Cash,False,INDIFFERENT,2:36,156,1WaV2x8GXj0,2026-04-29T06:13:29Z,commit:5c97d16a
Mammas Don't Let Your Babies Grow up to Be Cowboys,"Waylon Jennings, Willie Nelson",Waylon & Willie,False,INDIFFERENT,2:33,153,i85ob2DackI,2026-04-29T06:10:56Z,commit:5c97d16a
The Gambler,Kenny Rogers,The Gambler,False,INDIFFERENT,3:35,215,w4RvskuFnPY,2026-04-29T06:07:21Z,commit:5c97d16a
Baby's Got Her Blue Jeans On,Mel McDaniel,Let It Roll,False,INDIFFERENT,3:00,180,-Kl3PbNXDCY,2026-04-29T06:04:21Z,commit:5c97d16a
You Don't Mess Around with Jim,Jim Croce,You Don't Mess Around With Jim,False,INDIFFERENT,3:03,183,VRIHW-aQl-k,2026-04-29T06:01:18Z,commit:5c97d16a
Cherokee Fiddle,Johnny Lee,Greatest Hits,False,INDIFFERENT,4:06,246,yYANyZhkgHk,2026-04-29T05:57:12Z,commit:5c97d16a
Are the Good Times Really Over (I Wish a Buck Was Still Silver),Merle Haggard,Big City,False,INDIFFERENT,4:13,253,kS7GGpMkRTo,2026-04-29T05:52:59Z,commit:5c97d16a
I Am A Man Of Constant Sorrow (With Band) (feat. Dan Tyminski),The Soggy Bottom Boys,"O Brother, Where Art Thou? (Original Motion Picture Soundtrack)",False,INDIFFERENT,4:17,257,zHamgwlQ1yo,2026-04-29T05:48:42Z,commit:5c97d16a
Kiss An Angel Good Morning (Live),Charley Pride,Country Music Pioneer,False,INDIFFERENT,2:10,130,G_q4Hmp4YPY,2026-04-29T05:46:32Z,commit:5c97d16a
Some Broken Hearts Never Mend,Don Williams,Visions,False,INDIFFERENT,2:51,171,YTuJHeXYD7I,2026-04-29T05:43:41Z,commit:5c97d16a
Tulsa Time,Don Williams,20 Greatest Hits,True,LIKE,3:13,193,KSRWuAxh9v0,2026-04-29T05:40:28Z,commit:5c97d16a
Fats Waller's Original E-Flat Blues (OurVinyl Sessions),"OurVinyl, The California Honeydrops",The California Honeydrops | OurVinyl Sessions,False,INDIFFERENT,3:01,181,7uveHNa2WLs,2026-04-29T05:37:27Z,commit:5c97d16a
Trying to Live My Life Without You (OurVinyl Sessions),"OurVinyl, The California Honeydrops",The California Honeydrops | OurVinyl Sessions,False,INDIFFERENT,5:39,339,lLHvqZEru6Q,2026-04-29T05:31:48Z,commit:5c97d16a
"All Day, All Night (OurVinyl Sessions)","OurVinyl, The California Honeydrops",The California Honeydrops | OurVinyl Sessions,False,INDIFFERENT,2:59,179,NOTG6O7cIxs,2026-04-29T05:28:49Z,commit:5c97d16a
Cry For Me (OurVinyl Sessions),"OurVinyl, The California Honeydrops",The California Honeydrops | OurVinyl Sessions,True,LIKE,6:22,382,J217cOFyx_U,2026-04-29T05:22:27Z,commit:5c97d16a
Bye Bye Baby,The California Honeydrops,Bye Bye Baby,False,INDIFFERENT,3:51,231,DI7fEaV1WhA,2026-04-29T05:18:36Z,commit:5c97d16a
My Key Don't Fit,The California Honeydrops,Covers from the Cave,,INDIFFERENT,4:01,241,9SDq39eAYks,2026-04-29T05:14:35Z,commit:5c97d16a
Ripple,The California Honeydrops,Covers from the Cave,,INDIFFERENT,5:25,325,PkOYUHINCu8,2026-04-29T05:09:10Z,commit:5c97d16a
Under the Boardwalk (Live),The California Honeydrops,Covers from the Cave,,INDIFFERENT,2:55,175,5cZJKUNXoP0,2026-04-29T05:06:15Z,commit:5c97d16a
You Never Can Tell,The California Honeydrops,Covers from the Cave,,INDIFFERENT,4:39,279,qD4pMAq_mJw,2026-04-29T05:01:36Z,commit:5c97d16a
Bloodshot Eyes,The California Honeydrops,Covers from the Cave,,INDIFFERENT,4:16,256,Vh2FMKFZj-c,2026-04-29T04:57:20Z,commit:5c97d16a
Up and Down World,The California Honeydrops,Covers from the Cave,,INDIFFERENT,3:29,209,rqb-4C8JnbE,2026-04-29T04:53:51Z,commit:5c97d16a
Fire and Rain,The California Honeydrops,Covers from the Cave,,INDIFFERENT,3:49,229,J2eUFPVKWEI,2026-04-29T04:50:02Z,commit:5c97d16a
That's Where It's At,The California Honeydrops,Covers from the Cave,,INDIFFERENT,3:01,181,P-fzhRouSNo,2026-04-29T04:47:01Z,commit:5c97d16a
Tulsa Time,The California Honeydrops,Covers from the Cave,,LIKE,3:11,191,jjbzeMCvzMQ,2026-04-29T04:43:50Z,commit:5c97d16a
If You're Gonna Play in Texas (You Gotta Have a Fiddle in the Band),Turnpike Troubadours,High Cotton: The Songs of Alabama,False,INDIFFERENT,3:16,196,ra9_eYo6900,2026-04-29T04:40:34Z,commit:5c97d16a
Matchbox,Carl Perkins,Deluxe: Greatest Hits - Carl Perkins,False,INDIFFERENT,2:11,131,OTA8m_luor4,2026-04-29T04:38:23Z,commit:5c97d16a
Sat By A Tree,Dan Deacon,Mystic Familiar,False,INDIFFERENT,4:26,266,HQe-lZPrR8o,2026-04-29T04:33:57Z,commit:5c97d16a
"Holland, 1945",Neutral Milk Hotel,In the Aeroplane Over the Sea,False,INDIFFERENT,3:13,193,x_Et7DoYxUc,2026-04-29T04:30:44Z,commit:5c97d16a
After Awhile,Patrick Sweany,Every Hour Is A Dollar Gone,False,INDIFFERENT,4:38,278,VqTFga1IOjY,2026-04-29T04:26:06Z,commit:5c97d16a
Poor Rambler,Sturgill Simpson,High Top Mountain,False,INDIFFERENT,3:46,226,gsG9QO0uh-8,2026-04-29T04:22:20Z,commit:5c97d16a
Movement,LCD Soundsystem,LCD Soundsystem,,INDIFFERENT,3:05,185,2vHUEGI3_no,2026-04-29T04:19:15Z,commit:5c97d16a
Midnight,Jimi Hendrix,South Saturn Delta,False,INDIFFERENT,5:33,333,4g-EtZfgrio,2026-04-29T04:13:42Z,commit:5c97d16a
Cero,Isaac Soto,Ilusiones Necesarias,False,INDIFFERENT,6:47,407,D1U1Bk-Mn-4,2026-04-29T04:06:55Z,commit:5c97d16a
September Remember,Sam Prekop,September Remember,False,INDIFFERENT,5:10,310,QygnVgScT04,2026-04-29T04:01:45Z,commit:5c97d16a
FKJ  |  Ylang Ylang EP (Live Session),"34M views, FKJ",,,INDIFFERENT,19:11,1151,pfU0QORkRpY,2026-04-29T03:42:34Z,commit:5c97d16a
Bluegrass Megison - Dear Lord - (Original) | Bluegrass Music,"536 views, Megison Bluegrass",,,INDIFFERENT,2:58,178,fMmKIkLUdaQ,2026-04-29T03:39:36Z,commit:5c97d16a
Mort Garson - Mother Earth's Plantasia (Official Full Album Stream),"739K views, Sacred Bones Records",,,INDIFFERENT,31:04,1864,SZkR3PyHTs0,2026-04-29T03:08:32Z,commit:5c97d16a
Mark and Maggie O'Connor - Spice of Life (Official Video),"84K views, Mark and Maggie O'Connor",,,INDIFFERENT,5:06,306,rlmDcVZV7zo,2026-04-29T03:03:26Z,commit:5c97d16a
Southern Flavor (Bill Monroe Cover) by FrankCo Penn,"115 views, FrankCo Penn Bluegrass",,,LIKE,5:05,305,BTbAx_ij6qA,2026-04-29T02:58:21Z,commit:5c97d16a
Cooling Board Blues,Blind Willie McTell,Blind Willie McTell -Statesboro Blues - The Early Years 1927-1935,False,INDIFFERENT,3:19,199,RC0IDEGydnw,2026-04-29T02:55:02Z,commit:5c97d16a
Rabbit Foot Blues,Blind Lemon Jefferson,American Folk Music,False,INDIFFERENT,2:57,177,VhI0zxOiQ9U,2026-04-29T02:52:05Z,commit:5c97d16a
Midnight Special (Remastered 2002),Leadbelly (Huddie Ledbetter),Take This Hammer - The Complete RCA Victor Recordings - When The Sun Goes Down Series,False,INDIFFERENT,3:06,186,6IjPmIEgeIU,2026-04-29T02:48:59Z,commit:5c97d16a
Old Number Seven,The Devil Makes Three,The Devil Makes Three,False,INDIFFERENT,3:21,201,1tp4Vyltijw,2026-04-29T02:45:38Z,commit:5c97d16a
You Gotta Move,Mississippi Fred McDowell,You Gotta Move,False,INDIFFERENT,3:21,201,sjFWYuqsmc8,2026-04-29T02:42:17Z,commit:5c97d16a
Come on Boys Let's Do That Messin' Around,Blind Blake,Jailhouse Blues & Murder Ballads,False,INDIFFERENT,2:46,166,47f2oxaM5xA,2026-04-29T02:39:31Z,commit:5c97d16a
My Way (2008 Remastered),Frank Sinatra,Nothing But The Best (2008 Remastered),False,INDIFFERENT,4:37,277,qQzdAsjWGPg,2026-04-29T02:34:54Z,commit:5c97d16a
Dark Was The Night (Cold Was The Ground),Blind Willie Johnson,The Great Depression - American Music In The 30's,False,INDIFFERENT,3:20,200,qasPCNQuo88,2026-04-29T02:31:34Z,commit:5c97d16a
Mr. McTell Got The Blues (Take 1),Blind Willie McTell,Blind Willie McTell -Statesboro Blues - The Early Years 1927-1935,False,INDIFFERENT,2:21,141,SOz96DfuyIQ,2026-04-29T02:29:13Z,commit:5c97d16a
One Dime Blues,Blind Lemon Jefferson,Jailhouse Blues & Murder Ballads,False,INDIFFERENT,2:47,167,ATwmsV75UYU,2026-04-29T02:26:26Z,commit:5c97d16a
Frankie and Johnny,Big Bill Broonzy,Trouble in Mind,False,INDIFFERENT,2:09,129,8XkSmCal8tM,2026-04-29T02:24:17Z,commit:5c97d16a
Samson And Delilah,Rev. Gary Davis,Harlem Street Singer,False,INDIFFERENT,4:04,244,oW5hvQmHLdY,2026-04-29T02:20:13Z,commit:5c97d16a
Mance's Talking Blues,Mance Lipscomb,"Captain, Captain!",False,INDIFFERENT,2:06,126,ELCYBWjF4r0,2026-04-29T02:18:07Z,commit:5c97d16a
Pony Blues,Charley Patton,Complete Remastered Sessions,False,INDIFFERENT,3:02,182,HoEyyaK9Uvk,2026-04-29T02:15:05Z,commit:5c97d16a
Woke up This Morning,Lightnin' Hopkins,"Lightnin' Strikes, Vol. 1",False,INDIFFERENT,4:31,271,0pM755x5npM,2026-04-29T02:10:34Z,commit:5c97d16a
Bootleg Rum Dum Blues,Blind Blake,Blind Blake Vol. 2 (1927-1928),False,INDIFFERENT,2:58,178,4q9NlaB--hY,2026-04-29T02:07:36Z,commit:5c97d16a
You Was Born To Die,Curley Weaver,The Definitive Blind Willie McTell,False,INDIFFERENT,2:49,169,q7UnhPSXTAA,2026-04-29T02:04:47Z,commit:5c97d16a
I'm Climbin' On Top Of The Hill,Blind Boy Fuller,Blind Boy Fuller Vol. 1 1935 - 1936,False,INDIFFERENT,3:20,200,kPwVok17jT4,2026-04-29T02:01:27Z,commit:5c97d16a
Nobody Knows You When You're Down And Out,Scrapper Blackwell,Mr. Scrapper's Blues,True,LIKE,4:59,299,ZFUxrJ3urRs,2026-04-29T01:56:28Z,commit:5c97d16a
I Got to Cross de River o' Jordan,Blind Willie McTell,The Ultimate Collection,False,INDIFFERENT,1:50,110,JiXuCB3nKlA,2026-04-29T01:54:38Z,commit:5c97d16a
Rising High Water Blues,Blind Lemon Jefferson,See That My Grave Is Kept Clean,False,INDIFFERENT,2:30,150,iqy5S3Uu06U,2026-04-29T01:52:08Z,commit:5c97d16a
Money Is the Name of the Game,Buster Benton,Blues & Trouble (Blues Reference 1983-1985),False,INDIFFERENT,6:05,365,Zgdk16PQstY,2026-04-29T01:46:03Z,commit:5c97d16a
Death Don't Have No Mercy,Rev. Gary Davis,Live at Gerde's Folk City,False,INDIFFERENT,5:18,318,bEbMkwR44LQ,2026-04-29T01:40:45Z,commit:5c97d16a
Ocelot,Phish,Joy,False,INDIFFERENT,3:36,216,tgbNBMCi7zM,2026-04-29T01:37:09Z,commit:5c97d16a
"Train Song (Live - Hampton, 1998)",Phish,Hampton Comes Alive,False,INDIFFERENT,3:31,211,iFAaej2zwrw,2026-04-29T01:33:38Z,commit:5c97d16a
Andelmans' Yard,Mike Gordon,The Green Sparrow,,INDIFFERENT,6:11,371,7SPfZc6J5ts,2026-04-29T01:27:27Z,commit:5c97d16a
Soulfood Man,Mike Gordon,Inside In,False,INDIFFERENT,3:30,210,_1IQg1eMcgk,2026-04-29T01:23:57Z,commit:5c97d16a
Sugar Shack,Phish,Joy,False,INDIFFERENT,4:04,244,-W9qj_TmG68,2026-04-29T01:19:53Z,commit:5c97d16a
I Didn't Know,Skinshape,Filoxiny,False,INDIFFERENT,3:38,218,mCgorrefSDA,2026-04-29T01:16:15Z,commit:5c97d16a
Van Gogh,"On Piano, Virginio Aiello",Van Gogh,False,INDIFFERENT,3:04,184,U7uyfLTvsBE,2026-04-29T01:13:11Z,commit:5c97d16a
The Girl From Ipanema,Stan Getz,Getz/Gilberto,False,INDIFFERENT,5:25,325,N-TKOh0zsvU,2026-04-29T01:07:46Z,commit:5c97d16a
Ylang Ylang (slowed + reverb) - FKJ,"24M views, SlowedEdits",,,INDIFFERENT,4:20,260,l1WlHRukTUg,2026-04-29T01:03:26Z,commit:5c97d16a
Nothing's New,Rio Romeo,Good God!,False,INDIFFERENT,3:31,211,XIt3pgvhmM0,2026-04-29T00:59:55Z,commit:5c97d16a
Yume Utsutsu,Lamp,Lamp Genso,False,INDIFFERENT,5:15,315,AJdTBPuZkHU,2026-04-29T00:54:40Z,commit:5c97d16a
From The Start,Laufey,From The Start,False,INDIFFERENT,2:50,170,hbvlVCmIiEI,2026-04-29T00:51:50Z,commit:5c97d16a
My Love Mine All Mine,Mitski,The Land Is Inhospitable and So Are We,False,INDIFFERENT,2:18,138,Qy9LTRu89FA,2026-04-29T00:49:32Z,commit:5c97d16a
Locket,Crumb,Locket,False,INDIFFERENT,5:18,318,xKmqwrQFlpA,2026-04-29T00:44:14Z,commit:5c97d16a
Somewhere in Between,Jacob LaVallee,Somewhere in Between,False,INDIFFERENT,3:02,182,z_IjnF4lu-g,2026-04-29T00:41:12Z,commit:5c97d16a
Heart To Heart,Mac DeMarco,Here Comes The Cowboy,False,INDIFFERENT,3:32,212,qBoQzo98EpQ,2026-04-29T00:37:40Z,commit:5c97d16a
Je te laisserai des mots,Patrick Watson,Je te laisserai des mots,False,INDIFFERENT,2:40,160,mcdO9UP0hp8,2026-04-29T00:35:00Z,commit:5c97d16a
rises the moon,liana flores,recently,False,INDIFFERENT,2:42,162,5e1zT7miep8,2026-04-29T00:32:18Z,commit:5c97d16a
Hey,Liana Flores,The Water's Fine!,False,INDIFFERENT,3:16,196,TJL9O0ROaHw,2026-04-29T00:29:02Z,commit:5c97d16a
Soulful,L'Indécis,Playtime,False,INDIFFERENT,3:41,221,fs0BCIUQ7Ws,2026-04-29T00:25:21Z,commit:5c97d16a
Claire de Lune - Debussy - Classical Piano - Classical Music - Classical Study Music - Studying Music - Music For Reading,"Reading and Studying Music, Study Playlist, Studying Music","Classical Study Music Playlist: Relaxing Instrumental Classical Piano Music For Studying, Classical Study Aid, Music For Focus and Concentration and Music For Reading and Studying Music",False,INDIFFERENT,2:53,173,zfkTOEj1Puc,2026-04-29T00:22:28Z,commit:5c97d16a
Untitled Blues Waltz,"Gerry Mulligan, Paul Desmond",Two Of A Mind,False,INDIFFERENT,1:39,99,1tiL7sOOeVY,2026-04-29T00:20:49Z,commit:5c97d16a
Summertime (Mono) [2022 Remaster],John Coltrane,My Favorite Things (2022 Remaster),False,INDIFFERENT,11:39,699,gDUoy1syL_k,2026-04-29T00:09:10Z,commit:5c97d16a
Take Twelve,"Barry Harris, Bob Cranshaw, Clifford Jordan, Lee Morgan",Take Twelve,False,INDIFFERENT,5:00,300,cePX4dW74x4,2026-04-29T00:04:10Z,commit:5c97d16a
Salute to fats,"Lester Young, John Coltrane",John Coltrane & Lester Young,False,INDIFFERENT,3:00,180,9BHlK-qJaiU,2026-04-29T00:01:10Z,commit:5c97d16a
Lonely Shredder,Mac DeMarco,2 Demos,False,INDIFFERENT,3:07,187,IPMf_gEKMHs,2026-04-28T23:58:03Z,commit:5c97d16a
The Recital That Never Happened,Khruangbin,A Calf Born in Winter,False,INDIFFERENT,3:39,219,VWwxHr4MS1k,2026-04-28T23:54:24Z,commit:5c97d16a
Dazed (feat. Geoffroy & Gabrielle),Men I Trust,Men I Trust,False,INDIFFERENT,3:52,232,vLV6ly_II4I,2026-04-28T23:50:32Z,commit:5c97d16a
L'Autre Cote,Elijah Fox,L'Autre Cote,False,INDIFFERENT,3:16,196,B56iftyjS3U,2026-04-28T23:47:16Z,commit:5c97d16a
the joy you once felt,dj poolboi,the joy you once felt,False,INDIFFERENT,3:14,194,d2EkI6IOByc,2026-04-28T23:44:02Z,commit:5c97d16a
Tryin' Times,Roberta Flack,First Take,False,INDIFFERENT,5:09,309,La8_flXOTrI,2026-04-28T23:38:53Z,commit:5c97d16a
The First Time Ever I Saw Your Face,Roberta Flack,First Take,False,INDIFFERENT,4:21,261,VqW-eO3jTVU,2026-04-28T23:34:32Z,commit:5c97d16a
I Told Jesus,Roberta Flack,First Take,False,INDIFFERENT,6:10,370,C39ltA1nvUc,2026-04-28T23:28:22Z,commit:5c97d16a
Our Ages or Our Hearts,Roberta Flack,First Take,False,INDIFFERENT,6:10,370,k3Cu5kJZO9k,2026-04-28T23:22:12Z,commit:5c97d16a
Angelitos Negros,Roberta Flack,First Take,False,INDIFFERENT,6:57,417,1tBI0YJjCtk,2026-04-28T23:15:15Z,commit:5c97d16a
Compared to What,Roberta Flack,First Take,False,INDIFFERENT,5:17,317,wDUk9Lsy_yQ,2026-04-28T23:09:58Z,commit:5c97d16a
"Hey, That's No Way to Say Goodbye",Roberta Flack,First Take,False,INDIFFERENT,4:09,249,kz38Vxkyow4,2026-04-28T23:05:49Z,commit:5c97d16a
Desperado,The Langley Schools Music Project,Innocence and Despair,,LIKE,3:36,216,2H9xirgRM2w,2026-04-28T23:02:13Z,commit:5c97d16a
Eldorado,Electric Light Orchestra,Eldorado,False,INDIFFERENT,5:19,319,atOsiuv1Pjk,2026-04-28T22:56:54Z,commit:5c97d16a
For What It's Worth,Buffalo Springfield,Buffalo Springfield,False,INDIFFERENT,2:34,154,1eD-8NTwP9I,2026-04-28T22:54:20Z,commit:5c97d16a
Rockin' Pneumonia And The Boogie Woogie Flu,Johnny Rivers,L.A. Reggae,False,INDIFFERENT,3:31,211,5Ra1DEd1ueA,2026-04-28T22:50:49Z,commit:5c97d16a
San Francisco Bay Blues,"Peter, Paul and Mary",A Song Will Rise,True,LIKE,3:03,183,1wfJhgcxrMI,2026-04-28T22:47:46Z,commit:5c97d16a
Chimes of Freedom,The Byrds,Mr. Tambourine Man,False,INDIFFERENT,3:52,232,zvBKeB44Qkw,2026-04-28T22:43:54Z,commit:5c97d16a
One Toke Over the Line,Brewer & Shipley,One Toke Over The Line: The Best Of Brewer & Shipley,True,LIKE,3:20,200,L9HXClusp_E,2026-04-28T22:40:34Z,commit:5c97d16a
Slonimsky's Earbox,Kent Nagano & The Hallé Orchestra,Earbox,False,INDIFFERENT,13:21,801,pwmwjs0gyHY,2026-04-28T22:27:13Z,commit:5c97d16a
John's Book Of Alleged Dances: Judah to Ocean (reprise),Kronos Quartet,Earbox,False,INDIFFERENT,2:32,152,12SKUCdkxrw,2026-04-28T22:24:41Z,commit:5c97d16a
Mike's Song about Arresting a Particular Individual,John Adams,Earbox,False,INDIFFERENT,3:19,199,swg7SUM_VVY,2026-04-28T22:21:22Z,commit:5c97d16a
Two Fanfares for Orchestra: Tromba Lontana,"Edo de Waart, San Francisco Symphony",Earbox,False,INDIFFERENT,4:12,252,X6Qd5fUWvu0,2026-04-28T22:17:10Z,commit:5c97d16a
20200223,Mac DeMarco,One Wayne G,,INDIFFERENT,3:22,202,qyq8cBnGItQ,2026-04-28T22:13:48Z,commit:5c97d16a
20200115,Mac DeMarco,One Wayne G,,INDIFFERENT,3:05,185,8_Q7LvBIT6o,2026-04-28T22:10:43Z,commit:5c97d16a
20200109,Mac DeMarco,One Wayne G,,INDIFFERENT,2:08,128,vbiNFIiWMWA,2026-04-28T22:08:35Z,commit:5c97d16a
20200108,Mac DeMarco,One Wayne G,,INDIFFERENT,2:35,155,g-J71jqej4Q,2026-04-28T22:06:00Z,commit:5c97d16a
20200107 2,Mac DeMarco,One Wayne G,,INDIFFERENT,2:42,162,L3S3l2gezpM,2026-04-28T22:03:18Z,commit:5c97d16a
20200107,Mac DeMarco,One Wayne G,,INDIFFERENT,2:22,142,pSM6NSu_SAI,2026-04-28T22:00:56Z,commit:5c97d16a
20200101,Mac DeMarco,One Wayne G,,INDIFFERENT,2:29,149,0s8d2miLLfU,2026-04-28T21:58:27Z,commit:5c97d16a
20191229,Mac DeMarco,One Wayne G,,INDIFFERENT,6:16,376,_7VD_ur8ZJ4,2026-04-28T21:52:11Z,commit:5c97d16a
20191228,Mac DeMarco,One Wayne G,,INDIFFERENT,1:51,111,RSrBXgeR02s,2026-04-28T21:50:20Z,commit:5c97d16a
20191227,Mac DeMarco,One Wayne G,,INDIFFERENT,2:09,129,RbjkzXwo20w,2026-04-28T21:48:11Z,commit:5c97d16a
20191219,Mac DeMarco,One Wayne G,,INDIFFERENT,2:12,132,RrWpti1YqfI,2026-04-28T21:45:59Z,commit:5c97d16a
20191216,Mac DeMarco,One Wayne G,,INDIFFERENT,2:12,132,bT0xXeCs6pE,2026-04-28T21:43:47Z,commit:5c97d16a
20191215,Mac DeMarco,One Wayne G,,INDIFFERENT,2:17,137,pxteNeBQ8UI,2026-04-28T21:41:30Z,commit:5c97d16a
20191202,Mac DeMarco,One Wayne G,,INDIFFERENT,1:01,61,wZsjq-HxV0g,2026-04-28T21:40:29Z,commit:5c97d16a
20191011 You Made The Bed,Mac DeMarco,One Wayne G,,LIKE,2:14,134,_fNh0qgGf3s,2026-04-28T21:38:15Z,commit:5c97d16a
20190826,Mac DeMarco,One Wayne G,,INDIFFERENT,22:38,1358,iztRgMsNEgw,2026-04-28T21:15:37Z,commit:5c97d16a
20190813 3,Mac DeMarco,One Wayne G,,INDIFFERENT,1:33,93,wAybeCOhUwE,2026-04-28T21:14:04Z,commit:5c97d16a
20190813 2,Mac DeMarco,One Wayne G,,INDIFFERENT,3:03,183,79l9lL6UKuk,2026-04-28T21:11:01Z,commit:5c97d16a
20190813,Mac DeMarco,One Wayne G,,INDIFFERENT,1:15,75,YNtfjDi62ys,2026-04-28T21:09:46Z,commit:5c97d16a
20190802,Mac DeMarco,One Wayne G,,INDIFFERENT,4:07,247,-Z2jRbtbM1s,2026-04-28T21:05:39Z,commit:5c97d16a
20190801,Mac DeMarco,One Wayne G,,INDIFFERENT,2:26,146,zd_KaP5yWcM,2026-04-28T21:03:13Z,commit:5c97d16a
20190730,Mac DeMarco,One Wayne G,,INDIFFERENT,1:57,117,Rr8G5QoX_J8,2026-04-28T21:01:16Z,commit:5c97d16a
20190729,Mac DeMarco,One Wayne G,,INDIFFERENT,3:08,188,uo2dw-Fm_PE,2026-04-28T20:58:08Z,commit:5c97d16a
20190728,Mac DeMarco,One Wayne G,,INDIFFERENT,2:01,121,JZdRZuC00lM,2026-04-28T20:56:07Z,commit:5c97d16a
Brother Bill,The Golden Gate Quartet,24 Carrot,,LIKE,2:44,164,RzjEOwModdw,2026-04-28T20:53:23Z,commit:5c97d16a
Didn't It Rain,The Golden Gate Quartet,24 Carrot,,LIKE,2:24,144,hbj2KTBzKuE,2026-04-28T20:50:59Z,commit:5c97d16a
I'm A Pilgrim,Golden Gate Jubilee Quartet,Golden Gate Quartet Vol. 3 (1939),,LIKE,3:16,196,rx_36v32Jew,2026-04-28T20:47:43Z,commit:5c97d16a
Dese Bones Gonna Rise Again,The Golden Gate Quartet,24 Carrot,,LIKE,2:13,133,mJL-pWtyC_s,2026-04-28T20:45:30Z,commit:5c97d16a
20190726,Mac DeMarco,One Wayne G,,INDIFFERENT,1:47,107,Mt7Ai-2NHTM,2026-04-28T20:43:43Z,commit:5c97d16a
20190724 2,Mac DeMarco,One Wayne G,,INDIFFERENT,1:53,113,T4YTiJLvGhQ,2026-04-28T20:41:50Z,commit:5c97d16a
20190724,Mac DeMarco,One Wayne G,,LIKE,1:11,71,975vpVzfeRY,2026-04-28T20:40:39Z,commit:5c97d16a
20190723,Mac DeMarco,One Wayne G,,INDIFFERENT,2:18,138,F2pdo_WbFk0,2026-04-28T20:38:21Z,commit:5c97d16a
20190722,Mac DeMarco,One Wayne G,,INDIFFERENT,1:43,103,P-VS3vXjjtc,2026-04-28T20:36:38Z,commit:5c97d16a
20190622,Mac DeMarco,One Wayne G,,INDIFFERENT,3:50,230,3GuH8cV6dFY,2026-04-28T20:32:48Z,commit:5c97d16a
20190210,Mac DeMarco,One Wayne G,,INDIFFERENT,4:42,282,Rt4izbn8-rA,2026-04-28T20:28:06Z,commit:5c97d16a
20190206,Mac DeMarco,One Wayne G,,INDIFFERENT,2:57,177,R0uLjZ0ma4Q,2026-04-28T20:25:09Z,commit:5c97d16a
20190205 3,Mac DeMarco,One Wayne G,,INDIFFERENT,4:00,240,2DS7n00N0nc,2026-04-28T20:21:09Z,commit:5c97d16a
20190205 2,Mac DeMarco,One Wayne G,,INDIFFERENT,2:36,156,ygoxDKyiGRw,2026-04-28T20:18:33Z,commit:5c97d16a
20190205,Mac DeMarco,One Wayne G,,INDIFFERENT,4:53,293,OEMdq_D4Ar4,2026-04-28T20:13:40Z,commit:5c97d16a
20190127,Mac DeMarco,One Wayne G,,INDIFFERENT,3:22,202,qLYV0XpqdgU,2026-04-28T20:10:18Z,commit:5c97d16a
20181212,Mac DeMarco,One Wayne G,,INDIFFERENT,2:47,167,ZwxDm1p-7To,2026-04-28T20:07:31Z,commit:5c97d16a
20181108,Mac DeMarco,One Wayne G,,INDIFFERENT,3:04,184,bPubeLyHAlY,2026-04-28T20:04:27Z,commit:5c97d16a
20181019,Mac DeMarco,One Wayne G,,INDIFFERENT,2:56,176,W26yFNa69-Y,2026-04-28T20:01:31Z,commit:5c97d16a
20181002,Mac DeMarco,One Wayne G,,INDIFFERENT,0:33,33,2tq1iv6GKys,2026-04-28T20:00:58Z,commit:5c97d16a
20180930,Mac DeMarco,One Wayne G,,INDIFFERENT,3:09,189,P228A9uv6vo,2026-04-28T19:57:49Z,commit:5c97d16a
20180927,Mac DeMarco,One Wayne G,,INDIFFERENT,1:20,80,XC2WZjUo9hY,2026-04-28T19:56:29Z,commit:5c97d16a
20180924,Mac DeMarco,One Wayne G,,INDIFFERENT,2:04,124,qIQndGhS35g,2026-04-28T19:54:25Z,commit:5c97d16a
Ezekiel,Jubalaires,Gospel Classics,,LIKE,2:19,139,9VwZOKew7bQ,2026-04-28T19:52:06Z,commit:5c97d16a
The Sun Didn't Shine,Golden Gate Jubilee Quartet,The Gospel Sound,False,INDIFFERENT,2:09,129,64fqP9ZwllE,2026-04-28T19:49:57Z,commit:5c97d16a
A Bit of Soul,Ray Charles,The Ray Charles Story Volume 4,False,INDIFFERENT,2:20,140,SA-E9EhXCbY,2026-04-28T19:47:37Z,commit:5c97d16a
Meringue,Sidney Bechet,Sidney'S Blues,False,INDIFFERENT,2:19,139,9POsi6b1AWk,2026-04-28T19:45:18Z,commit:5c97d16a
Put Your Cat Clothes On,Carl Perkins,Rockabilly Portrait,True,LIKE,2:50,170,VIs9Tko7apE,2026-04-28T19:42:28Z,commit:5c97d16a
It Won't Be You,Bessie Smith,"The Complete Recordings, Vol. 4",False,INDIFFERENT,2:48,168,2wZ_JvAaqyU,2026-04-28T19:39:40Z,commit:5c97d16a
Brain Cloudy Blues,Bob Wills and His Texas Playboys,The Essential Bob Wills & His Texas Playboys,False,INDIFFERENT,2:45,165,XXF5A4dlmRw,2026-04-28T19:36:55Z,commit:5c97d16a
Down by the Riverside,Golden Gate Quartet,Gospel Masters: Ballin' the Jack,False,INDIFFERENT,2:50,170,M0syqGGeAws,2026-04-28T19:34:05Z,commit:5c97d16a
Lazy River,The Mills Brothers,Paper Doll,False,INDIFFERENT,2:45,165,TcYEynlhZW0,2026-04-28T19:31:20Z,commit:5c97d16a
Minor Blues,Django Reinhardt,Peche A La Mouche,False,INDIFFERENT,2:49,169,l3-g_9wHw2A,2026-04-28T19:28:31Z,commit:5c97d16a
Sit Down,Sister Rosetta Tharpe,Sister Rosetta Tharpe Vol 1 (1938 - 1941),False,INDIFFERENT,2:25,145,cS6PgpTw_NA,2026-04-28T19:26:06Z,commit:5c97d16a
Noah,The Jubalaires,Noah,False,INDIFFERENT,2:34,154,s4pKsuNH7z4,2026-04-28T19:23:32Z,commit:5c97d16a
Moses Smote The Waters,Golden Gate Jubilee Quartet,Golden Gate Quartet Vol. 4 (1939-1943),False,INDIFFERENT,2:33,153,0hiFeh_oH_c,2026-04-28T19:20:59Z,commit:5c97d16a
Go Where I Send Thee,Golden Gate Jubilee Quartet,Golden Gate Quartet Vol. 1 (1937-1938),,LIKE,2:22,142,6t7VQtB56x4,2026-04-28T19:18:37Z,commit:5c97d16a
I'm A Pilgrim,Golden Gate Jubilee Quartet,Golden Gate Quartet Vol. 3 (1939),,LIKE,3:16,196,rx_36v32Jew,2026-04-28T19:15:21Z,commit:5c97d16a
Bechet's Blues,Sidney Bechet,"Sidney Bechet, Essentials",False,INDIFFERENT,1:57,117,qkH9Iea4DWQ,2026-04-28T19:13:24Z,commit:5c97d16a
Hogan's Alley,Odetta,Odetta And The Blues,True,LIKE,2:10,130,uVPkqRZAskc,2026-04-28T19:11:14Z,commit:5c97d16a
I'm Gonna Sit Right Down And Write Myself A Letter (Remastered 2000),Fats Waller,Fats Waller: Very Best of Fats Waller,False,INDIFFERENT,3:37,217,vw3OFb7lIzs,2026-04-28T19:07:37Z,commit:5c97d16a
Oh my lord,Mahalia Jackson,The Gospel Train is Leaving 1930-1945,False,INDIFFERENT,2:54,174,FFyFGQ7vktg,2026-04-28T19:04:43Z,commit:5c97d16a
Ol' Man Mose,The Golden Gate Quartet,Golden Gate Gospel Train (The Golden Gate Quartet Vol. 1),False,INDIFFERENT,2:04,124,RHESdwH91X0,2026-04-28T19:02:39Z,commit:5c97d16a
Mean Old Bed Bug Blues,Bessie Smith,"Soul Sisters - Classic Female Black Performers, Vol. 10",False,INDIFFERENT,3:14,194,XIfOqzbOQdQ,2026-04-28T18:59:25Z,commit:5c97d16a
Up above my head i hear music in the air,Tharpe Sister Rosetta,"The Swinging Gospel Queen 1939-1947 (feat. Lucky Millinder, Sammy Price, Marie Knight) [Blues Collection Historic Recordings]",False,INDIFFERENT,2:34,154,i0plkx1DDo0,2026-04-28T18:56:51Z,commit:5c97d16a
How´m I Doin´ Hey Hey,The Mills Brothers,Tiger Rag (Original Recordings 1932 - 1934),False,INDIFFERENT,2:12,132,p1nZLKR6mlM,2026-04-28T18:54:39Z,commit:5c97d16a
Baby Won't You Please Come Home - Take 1 (feat. Bill Coleman & his Orchestra),Django Reinhardt,"The Swing Sessions, Vol. 2",False,INDIFFERENT,3:01,181,oXgQYCnBowk,2026-04-28T18:51:38Z,commit:5c97d16a
Alphabets Of The Bible (John The Revelator),Jubalaires,Gospel Classics,,INDIFFERENT,2:10,130,tPnkf90tvHU,2026-04-28T18:49:28Z,commit:5c97d16a
Run On,Golden Gate Jubilee Quartet,Golden Gate Quartet Vol. 4 (1939-1943),False,INDIFFERENT,2:46,166,swjQeXgD2Oc,2026-04-28T18:46:42Z,commit:5c97d16a
Lead Me On And On,Golden Gate Jubilee Quartet,Golden Gate Quartet Vol. 1 (1937-1938),,INDIFFERENT,2:04,124,gYE_FCkD8JY,2026-04-28T18:44:38Z,commit:5c97d16a
Swanee River,Golden Gate Jubilee Quartet,Golden Gate Quartet Vol. 1 (1937-1938),,INDIFFERENT,2:26,146,B6gRtk4FASI,2026-04-28T18:42:12Z,commit:5c97d16a
Dipsy Doodle,Golden Gate Jubilee Quartet,Golden Gate Quartet Vol. 1 (1937-1938),,INDIFFERENT,2:18,138,TcPe_5Wlo5c,2026-04-28T18:39:54Z,commit:5c97d16a
Pure Religion,Golden Gate Jubilee Quartet,Golden Gate Quartet Vol. 1 (1937-1938),,INDIFFERENT,1:55,115,hW5WWA3aziY,2026-04-28T18:37:59Z,commit:5c97d16a
Remember Me,Golden Gate Jubilee Quartet,Golden Gate Quartet Vol. 1 (1937-1938),,INDIFFERENT,2:33,153,a8j34V7t3vE,2026-04-28T18:35:26Z,commit:5c97d16a
"John, The Revelator",Golden Gate Jubilee Quartet,Golden Gate Quartet Vol. 1 (1937-1938),,INDIFFERENT,2:19,139,auu2xugMpqA,2026-04-28T18:33:07Z,commit:5c97d16a
Travelin' Shoes,Golden Gate Jubilee Quartet,Golden Gate Quartet Vol. 1 (1937-1938),,INDIFFERENT,1:54,114,2TtnubRvnmQ,2026-04-28T18:31:13Z,commit:5c97d16a
Motherless Child,Golden Gate Jubilee Quartet,Golden Gate Quartet Vol. 1 (1937-1938),,INDIFFERENT,2:28,148,Lxk8Vn9ylM4,2026-04-28T18:28:45Z,commit:5c97d16a
Found A Wonderful Savior,Golden Gate Jubilee Quartet,Golden Gate Quartet Vol. 1 (1937-1938),,INDIFFERENT,2:23,143,tljBsh9Z1To,2026-04-28T18:26:22Z,commit:5c97d16a
Stand In The Test In Judgement,Golden Gate Jubilee Quartet,Golden Gate Quartet Vol. 1 (1937-1938),,INDIFFERENT,3:09,189,xBZV7CsFdHU,2026-04-28T18:23:13Z,commit:5c97d16a
"Massa's In The Cold, Cold Ground",Golden Gate Jubilee Quartet,Golden Gate Quartet Vol. 1 (1937-1938),,INDIFFERENT,2:49,169,1WKaNkYqWf8,2026-04-28T18:20:24Z,commit:5c97d16a
Carolina In The Morning,Golden Gate Jubilee Quartet,Golden Gate Quartet Vol. 1 (1937-1938),,INDIFFERENT,2:36,156,WIT99HEogso,2026-04-28T18:17:48Z,commit:5c97d16a
Bonnet,Golden Gate Jubilee Quartet,Golden Gate Quartet Vol. 1 (1937-1938),,LIKE,2:01,121,nJWxPUwi0bI,2026-04-28T18:15:47Z,commit:5c97d16a
Go Where I Send Thee,Golden Gate Jubilee Quartet,Golden Gate Quartet Vol. 1 (1937-1938),,LIKE,2:22,142,6t7VQtB56x4,2026-04-28T18:13:25Z,commit:5c97d16a
Behold The Bridegroom Cometh,Golden Gate Jubilee Quartet,Golden Gate Quartet Vol. 1 (1937-1938),,INDIFFERENT,2:07,127,lqIE_IeNDbU,2026-04-28T18:11:18Z,commit:5c97d16a
Born Ten Thousands Years Ago,Golden Gate Jubilee Quartet,Golden Gate Quartet Vol. 1 (1937-1938),,LIKE,1:55,115,-zH0HKDQ4Bs,2026-04-28T18:09:23Z,commit:5c97d16a
Preacher And The Bear,Golden Gate Jubilee Quartet,Golden Gate Quartet Vol. 1 (1937-1938),,INDIFFERENT,2:51,171,3e-Raq5c-G4,2026-04-28T18:06:32Z,commit:5c97d16a
Jonah,Golden Gate Jubilee Quartet,Golden Gate Quartet Vol. 1 (1937-1938),,INDIFFERENT,3:06,186,molhylMJ-r8,2026-04-28T18:03:26Z,commit:5c97d16a
Bedside Of A Neighbor,Golden Gate Jubilee Quartet,Golden Gate Quartet Vol. 1 (1937-1938),,INDIFFERENT,2:50,170,HptGT_r_B20,2026-04-28T18:00:36Z,commit:5c97d16a
Gabriel Blows His Horn,Golden Gate Jubilee Quartet,Golden Gate Quartet Vol. 1 (1937-1938),,INDIFFERENT,2:24,144,ag3GbX3txDQ,2026-04-28T17:58:12Z,commit:5c97d16a
Cheer The Weary Traveler,Golden Gate Jubilee Quartet,Golden Gate Quartet Vol. 2 (1938-1939),False,INDIFFERENT,3:04,184,8u5S1LSickI,2026-04-28T17:55:08Z,commit:5c97d16a
I Heard Zion Moan,Golden Gate Jubilee Quartet,Golden Gate Quartet Vol. 2 (1938-1939),False,INDIFFERENT,2:54,174,EmAMTmF8zew,2026-04-28T17:52:14Z,commit:5c97d16a
The Devil With The Devil,Golden Gate Jubilee Quartet,Golden Gate Quartet Vol. 3 (1939),,INDIFFERENT,3:04,184,nIizEKmHrJg,2026-04-28T17:49:10Z,commit:5c97d16a
Lis'n To De Lambs,Golden Gate Jubilee Quartet,Golden Gate Quartet Vol. 2 (1938-1939),False,INDIFFERENT,3:27,207,6P91iAzyzzs,2026-04-28T17:45:43Z,commit:5c97d16a
Stalin Wasn't Stallin',Golden Gate Jubilee Quartet,Golden Gate Quartet Vol. 4 (1939-1943),False,INDIFFERENT,3:11,191,it6dTgt_RtY,2026-04-28T17:42:32Z,commit:5c97d16a
Golden Gate Gospel Train,Golden Gate Jubilee Quartet,Golden Gate Quartet Vol. 1 (1937-1938),,INDIFFERENT,2:37,157,0dz_IsWKl6Y,2026-04-28T17:39:55Z,commit:5c97d16a
Noah (028964),Golden Gate Jubilee Quartet,Golden Gate Quartet Vol. 2 (1938-1939),False,INDIFFERENT,2:10,130,JKMMiEnn0ic,2026-04-28T17:37:45Z,commit:5c97d16a
When They Ring The Golden Bells,Golden Gate Jubilee Quartet,Golden Gate Quartet Vol. 2 (1938-1939),False,INDIFFERENT,1:54,114,JzFxpRl1FpM,2026-04-28T17:35:51Z,commit:5c97d16a
My Walking Stick,Golden Gate Jubilee Quartet,Golden Gate Quartet Vol. 3 (1939),,LIKE,2:20,140,bkRqCHBHw68,2026-04-28T17:33:31Z,commit:5c97d16a
Darling Nellie Gray,Golden Gate Jubilee Quartet,Golden Gate Quartet Vol. 3 (1939),,INDIFFERENT,3:06,186,4cmi9P4Wwww,2026-04-28T17:30:25Z,commit:5c97d16a
What's New?,Golden Gate Jubilee Quartet,Golden Gate Quartet Vol. 3 (1939),,INDIFFERENT,2:21,141,Mih0VAlJBMs,2026-04-28T17:28:04Z,commit:5c97d16a
I'm A Pilgrim,Golden Gate Jubilee Quartet,Golden Gate Quartet Vol. 3 (1939),,LIKE,3:16,196,rx_36v32Jew,2026-04-28T17:24:48Z,commit:5c97d16a
If I Had My Way,Golden Gate Jubilee Quartet,Golden Gate Quartet Vol. 3 (1939),,INDIFFERENT,2:21,141,QF7BG3cOLF4,2026-04-28T17:22:27Z,commit:5c97d16a
Gospel Train,Golden Gate Jubilee Quartet,Golden Gate Quartet Vol. 3 (1939),,INDIFFERENT,2:13,133,lyAZSkK-yeE,2026-04-28T17:20:14Z,commit:5c97d16a
Timber,Golden Gate Jubilee Quartet,Golden Gate Quartet Vol. 3 (1939),,INDIFFERENT,2:43,163,LsMyhPwvr-Y,2026-04-28T17:17:31Z,commit:5c97d16a
Brother Bill,The Golden Gate Quartet,24 Carrot,,LIKE,2:44,164,RzjEOwModdw,2026-04-28T17:14:47Z,commit:5c97d16a
Darling Nellie Gray,The Golden Gate Quartet,24 Carrot,,INDIFFERENT,1:25,85,Q9Rfa_k_CeE,2026-04-28T17:13:22Z,commit:5c97d16a
Atom and Evil,The Golden Gate Quartet,24 Carrot,,INDIFFERENT,3:20,200,P5nNQmRcFWk,2026-04-28T17:10:02Z,commit:5c97d16a
Didn't It Rain,The Golden Gate Quartet,24 Carrot,,LIKE,2:24,144,hbj2KTBzKuE,2026-04-28T17:07:38Z,commit:5c97d16a
Dese Bones Gonna Rise Again,The Golden Gate Quartet,24 Carrot,,LIKE,2:13,133,mJL-pWtyC_s,2026-04-28T17:05:25Z,commit:5c97d16a
Daniel Saw The Stone (Negro-Spiritual),"The Golden Gate Quartet & Clyde Riddick, Clyde Wright, J. Caleb Ginyard, Orlando Wilson","""Serie All Stars Music"" Nº 039 Exclusive Remastered From Original Vinyl First Edition (Vintage Lps) ""Negro - Spirituals"" ""Gospel""",True,LIKE,2:21,141,UdN9B7UVkYs,2026-04-28T17:03:04Z,commit:5c97d16a
Sobbin' Hearted Blues,Bessie Smith,"The Complete Recordings, Vol. 2",False,INDIFFERENT,3:01,181,M3M-Npau8ow,2026-04-28T17:00:03Z,commit:5c97d16a
Nobody Knows You When You're Down And Out,Odetta,Odetta And The Blues,False,INDIFFERENT,2:21,141,uZr5Y485bIE,2026-04-28T16:57:42Z,commit:5c97d16a
Haunted Road Blues,Clarence Ashley,Blue Ballads strings bands (1927 - 1938) Vol 2,False,INDIFFERENT,3:15,195,aWbUP5sbPig,2026-04-28T16:54:27Z,commit:5c97d16a
You Better Run,Jubalaires,Gospel Classics,,INDIFFERENT,2:11,131,2UFXai38uoA,2026-04-28T16:52:16Z,commit:5c97d16a
Just a Simple Melody,"Ella Fitzgerald, The Chick Webb Orchestra",Sing Me a Swing Song,False,INDIFFERENT,3:00,180,mxfq2ReqdD8,2026-04-28T16:49:16Z,commit:5c97d16a
Get Away Jordan,Mahalia Jackson,I Believe,False,INDIFFERENT,2:39,159,1-tJVlX1m70,2026-04-28T16:46:37Z,commit:5c97d16a
X-Temporaneous Boogie,Camille Howard,The Specialty Story,False,INDIFFERENT,2:06,126,M_YAjZK0pFU,2026-04-28T16:44:31Z,commit:5c97d16a
One Day,The Angelic Gospel Singers & The Dixie H,Gospel Music,,INDIFFERENT,2:13,133,aQTbFh8V3rc,2026-04-28T16:42:18Z,commit:5c97d16a
All to Myself Alone,Ray Charles,Acoustic Blues,False,INDIFFERENT,1:56,116,uL5wWZnZjbM,2026-04-28T16:40:22Z,commit:5c97d16a
The Sheik of Araby,Sidney Bechet's One Man Band,The Legendary Sidney Bechet,False,INDIFFERENT,2:13,133,tTq8cOi1FCs,2026-04-28T16:38:09Z,commit:5c97d16a
Hide Me In Thy Bosom,Thomas A. Dorsey,Precious Lord Recordings Of The Great Gospel Songs Of Thomas A. Dorsey,False,INDIFFERENT,1:56,116,kslcBu5rEPI,2026-04-28T16:36:13Z,commit:5c97d16a
God Almighty's Gonna Cut You Down (Negro-Spiritual),"The Golden Gate Quartet & Clyde Riddick, Clyde Wright, J. Caleb Ginyard, Orlando Wilson","""Serie All Stars Music"" Nº 039 Exclusive Remastered From Original Vinyl First Edition (Vintage Lps) ""Negro - Spirituals"" ""Gospel""",False,INDIFFERENT,2:30,150,23qpzaAHBnY,2026-04-28T16:33:43Z,commit:5c97d16a
Mary Don't You Weep,The Swan Silvertones,Gospel Music Anthology (Oh Happy Day),False,INDIFFERENT,2:47,167,ZerZdPZyq4A,2026-04-28T16:30:56Z,commit:5c97d16a
Go Where I Send Thee,The Golden Gate Jubilee Quartet,Gospel Music,,LIKE,2:19,139,yz9kzV0_whE,2026-04-28T16:28:37Z,commit:5c97d16a
Blue Moon,Dean Martin,Dream with Dean,False,INDIFFERENT,3:05,185,tgcqyULOcQs,2026-04-28T16:25:32Z,commit:5c97d16a
Feeling Good,Nina Simone,I Put A Spell On You,False,INDIFFERENT,2:54,174,BNMKGYiJpvg,2026-04-28T16:22:38Z,commit:5c97d16a
Swinging On A Star,Frank Sinatra,"Days Of Wine And Roses, Moon River And Other Academy Award Winners",False,INDIFFERENT,2:54,174,AnCqZXhGTm0,2026-04-28T16:19:44Z,commit:5c97d16a
These Boots Are Made for Walkin',Nancy Sinatra,Boots,False,INDIFFERENT,2:48,168,ICjlGNXwjkE,2026-04-28T16:16:56Z,commit:5c97d16a
You Don't Own Me,Lesley Gore,20th Century Masters: The Millennium Collection: Best Of Lesley Gore,False,INDIFFERENT,2:32,152,ZRTCx_1Reec,2026-04-28T16:14:24Z,commit:5c97d16a
Walk On the Wild Side,Lou Reed,Transformer,False,INDIFFERENT,4:14,254,Qu6F-mMAQhk,2026-04-28T16:10:10Z,commit:5c97d16a
Bang Bang (My Baby Shot Me Down),Nancy Sinatra,How Does That Grab You?,True,LIKE,2:42,162,OEFa4ztm9P0,2026-04-28T16:07:28Z,commit:5c97d16a
Nym - Et Moi,"9.7M views, DLoaw",,,INDIFFERENT,3:46,226,kZnJSw2cNLc,2026-04-28T16:03:42Z,commit:5c97d16a
You Wish,Nightmares on Wax,In A Space Outta Sound,False,INDIFFERENT,3:31,211,tkEPEKSmlYI,2026-04-28T16:00:11Z,commit:5c97d16a
Brazilian Soul (Acoustic Bossa Version) (feat. Sofi Tukker),The Knocks,Brazilian Soul (Remixes),False,INDIFFERENT,4:11,251,oGBLviu_W18,2026-04-28T15:56:00Z,commit:5c97d16a
Ungodly Fruit,Wax Tailor,Tales of the Forgotten Melodies,,INDIFFERENT,3:01,181,q_Y2xEWDVXQ,2026-04-28T15:52:59Z,commit:5c97d16a
Ghostwriter,RJD2,Deadringer: Deluxe,False,INDIFFERENT,5:17,317,hY08FkhpPjk,2026-04-28T15:47:42Z,commit:5c97d16a
Tourment d' amour (feat. Saneyes),La Fine Equipe,La Boulangerie 2 (La Fine Equipe & Friends),False,INDIFFERENT,2:14,134,FQW8fSyx_8o,2026-04-28T15:45:28Z,commit:5c97d16a
Mama Jay,Frizzy P & Mr Cole,Ladi Dadi,False,INDIFFERENT,3:46,226,eWzmVzJcSKg,2026-04-28T15:41:42Z,commit:5c97d16a
Que Sera,Wax Tailor,Tales of the Forgotten Melodies,,INDIFFERENT,2:45,165,TTLat9iFRp8,2026-04-28T15:38:57Z,commit:5c97d16a
Voyage Libre (feat. Lou Lou Ghelickhani),Thievery Corporation,Treasures From The Temple,False,INDIFFERENT,3:56,236,2VrApg7BAJg,2026-04-28T15:35:01Z,commit:5c97d16a
Tired of Fighting,Menahan Street Band,Make the Road By Walking,False,INDIFFERENT,3:32,212,F-OeFm6y384,2026-04-28T15:31:29Z,commit:5c97d16a
Joeira (feat. João Pedreira),Kurup,Joeira,True,LIKE,5:02,302,Rq4_GZAYcOI,2026-04-28T15:26:27Z,commit:5c97d16a
Time Is the Enemy,Quantic,Life in the Rain,False,INDIFFERENT,3:44,224,4W9iWpxLpOA,2026-04-28T15:22:43Z,commit:5c97d16a
Days To Come (feat. Bajka),Bonobo,Days To Come,True,INDIFFERENT,3:50,230,dq67Un8Z2Cw,2026-04-28T15:18:53Z,commit:5c97d16a
20230109,Mac DeMarco,One Wayne G,,INDIFFERENT,3:10,190,PCPG19DKzf0,2026-04-28T15:15:43Z,commit:5c97d16a
Jonny's Odyssey,Mac DeMarco,Salad Days,False,INDIFFERENT,2:39,159,RPgdZht906c,2026-04-28T15:13:04Z,commit:5c97d16a
20200101,Mac DeMarco,One Wayne G,,INDIFFERENT,2:29,149,0s8d2miLLfU,2026-04-28T15:10:35Z,commit:5c97d16a
20221119,Mac DeMarco,One Wayne G,,INDIFFERENT,2:49,169,fS_ODjIpe9E,2026-04-28T15:07:46Z,commit:5c97d16a
20201126 2,Mac DeMarco,One Wayne G,,INDIFFERENT,2:11,131,KeYGYEzWt3o,2026-04-28T15:05:35Z,commit:5c97d16a
Edmonton,Mac DeMarco,Five Easy Hot Dogs,False,INDIFFERENT,2:24,144,GTQKjyFHt1I,2026-04-28T15:03:11Z,commit:5c97d16a
20200223,Mac DeMarco,One Wayne G,,INDIFFERENT,3:22,202,qyq8cBnGItQ,2026-04-28T14:59:49Z,commit:5c97d16a
20210701,Mac DeMarco,One Wayne G,,INDIFFERENT,2:14,134,2uHwPdeF8Ro,2026-04-28T14:57:35Z,commit:5c97d16a
20211121 2,Mac DeMarco,One Wayne G,,INDIFFERENT,2:48,168,GDMWEAfEem0,2026-04-28T14:54:47Z,commit:5c97d16a
20210815,Mac DeMarco,One Wayne G,,INDIFFERENT,2:30,150,oXtEryFimn8,2026-04-28T14:52:17Z,commit:5c97d16a
20200811,Mac DeMarco,One Wayne G,,INDIFFERENT,1:23,83,A-G8HUghOiU,2026-04-28T14:50:54Z,commit:5c97d16a
Turiya & Ramakrishna,Alice Coltrane,Ptah The El Daoud,False,INDIFFERENT,8:19,499,jOkBpSItuP8,2026-04-28T14:42:35Z,commit:5c97d16a
August 10,Khruangbin,Con Todo El Mundo,True,LIKE,4:25,265,NA48_XQcuwc,2026-04-28T14:38:10Z,commit:5c97d16a
Shine It,Medeski Martin & Wood,End Of The World Party (Just In Case),True,LIKE,5:00,300,qbs1O-IUBv8,2026-04-28T14:33:10Z,commit:5c97d16a
Cumbia de Tototl,El Búho,Tamoachan,False,INDIFFERENT,3:52,232,LoxijR0ZjBw,2026-04-28T14:29:18Z,commit:5c97d16a
Aces,Delvon Lamarr Organ Trio,I Told You So,False,INDIFFERENT,4:42,282,aZPOUq9-11w,2026-04-28T14:24:36Z,commit:5c97d16a
20210306,Mac DeMarco,One Wayne G,,INDIFFERENT,0:51,51,DdCN-dIk54A,2026-04-28T14:23:45Z,commit:5c97d16a
Sheeta (Instrumental),Mac DeMarco,Old Dog Demos,False,INDIFFERENT,2:20,140,8qMli8gVMeQ,2026-04-28T14:21:25Z,commit:5c97d16a
20200323 2,Mac DeMarco,One Wayne G,,INDIFFERENT,1:32,92,ggeV5rZOzb8,2026-04-28T14:19:53Z,commit:5c97d16a
Tommy,Mac DeMarco,Other Here Comes The Cowboy Demos,False,INDIFFERENT,1:41,101,xl1IWWI03fk,2026-04-28T14:18:12Z,commit:5c97d16a
20181002,Mac DeMarco,One Wayne G,,INDIFFERENT,0:33,33,2tq1iv6GKys,2026-04-28T14:17:39Z,commit:5c97d16a
20190205 3,Mac DeMarco,One Wayne G,,INDIFFERENT,4:00,240,2DS7n00N0nc,2026-04-28T14:13:39Z,commit:5c97d16a
20210529,Mac DeMarco,One Wayne G,,INDIFFERENT,2:22,142,FTzLemElNV0,2026-04-28T14:11:17Z,commit:5c97d16a
20201128,Mac DeMarco,One Wayne G,,INDIFFERENT,2:04,124,zcPuam4IZ2Y,2026-04-28T14:09:13Z,commit:5c97d16a
20221118,Mac DeMarco,One Wayne G,,INDIFFERENT,2:24,144,Ktzpyobq5Y8,2026-04-28T14:06:49Z,commit:5c97d16a
20181019,Mac DeMarco,One Wayne G,,INDIFFERENT,2:56,176,W26yFNa69-Y,2026-04-28T14:03:53Z,commit:5c97d16a
Onion Man,Mac DeMarco,Some Other Ones,False,INDIFFERENT,2:45,165,pW3WB_Rg8MI,2026-04-28T14:01:08Z,commit:5c97d16a
Young Coconut,Mac DeMarco,Some Other Ones,False,INDIFFERENT,2:43,163,5SxdWlxRPdY,2026-04-28T13:58:25Z,commit:5c97d16a
20190802,Mac DeMarco,One Wayne G,,INDIFFERENT,4:07,247,-Z2jRbtbM1s,2026-04-28T13:54:18Z,commit:5c97d16a
20220401,Mac DeMarco,One Wayne G,,INDIFFERENT,2:28,148,TKGSfmkFRU8,2026-04-28T13:51:50Z,commit:5c97d16a
Gualala 2,Mac DeMarco,Five Easy Hot Dogs,False,INDIFFERENT,2:27,147,k6noPb_-wZo,2026-04-28T13:49:23Z,commit:5c97d16a
At Ron's Bris,Mac DeMarco,Another (Demo) One,False,INDIFFERENT,3:14,194,RNQ2MVJegUg,2026-04-28T13:46:09Z,commit:5c97d16a
20190722,Mac DeMarco,One Wayne G,,INDIFFERENT,1:43,103,P-VS3vXjjtc,2026-04-28T13:44:26Z,commit:5c97d16a
20230102,Mac DeMarco,One Wayne G,,INDIFFERENT,2:27,147,inaUPCBRF6M,2026-04-28T13:41:59Z,commit:5c97d16a
Vancouver 3,Mac DeMarco,Five Easy Hot Dogs,False,INDIFFERENT,2:48,168,4u0YeMxVvCM,2026-04-28T13:39:11Z,commit:5c97d16a
20190724 2,Mac DeMarco,One Wayne G,,INDIFFERENT,1:53,113,T4YTiJLvGhQ,2026-04-28T13:37:18Z,commit:5c97d16a
20200330,Mac DeMarco,One Wayne G,,INDIFFERENT,2:19,139,n2vVgnmkLq4,2026-04-28T13:34:59Z,commit:5c97d16a
20210629,Mac DeMarco,One Wayne G,,INDIFFERENT,1:18,78,t4v9DUNeY10,2026-04-28T13:33:41Z,commit:5c97d16a
20201111,Mac DeMarco,One Wayne G,,LIKE,2:28,148,TL3R9F6tt4g,2026-04-28T13:31:13Z,commit:5c97d16a
20201228,Mac DeMarco,One Wayne G,,INDIFFERENT,3:06,186,A6UBqH3k414,2026-04-28T13:28:07Z,commit:5c97d16a
20200802,Mac DeMarco,One Wayne G,,INDIFFERENT,2:41,161,-dSBBO-JER0,2026-04-28T13:25:26Z,commit:5c97d16a
20210720,Mac DeMarco,One Wayne G,,INDIFFERENT,3:34,214,O_0drNxFDmc,2026-04-28T13:21:52Z,commit:5c97d16a
Hachiko,Mac DeMarco,Some Other Ones,False,INDIFFERENT,2:43,163,zmEKxniZJU0,2026-04-28T13:19:09Z,commit:5c97d16a
20201119,Mac DeMarco,One Wayne G,,INDIFFERENT,1:47,107,dppefln9DR8,2026-04-28T13:17:22Z,commit:5c97d16a
20220204,Mac DeMarco,One Wayne G,,INDIFFERENT,2:53,173,Nn0_xdOSc70,2026-04-28T13:14:29Z,commit:5c97d16a
Edmonton 2,Mac DeMarco,Five Easy Hot Dogs,False,INDIFFERENT,2:44,164,9tocBnyXX_k,2026-04-28T13:11:45Z,commit:5c97d16a
20221121,Mac DeMarco,One Wayne G,,INDIFFERENT,2:06,126,F7SgS0UhaRg,2026-04-28T13:09:39Z,commit:5c97d16a
20210704,Mac DeMarco,One Wayne G,,INDIFFERENT,3:47,227,kgmE_pk-u6Y,2026-04-28T13:05:52Z,commit:5c97d16a
20221119,Mac DeMarco,One Wayne G,,INDIFFERENT,2:49,169,fS_ODjIpe9E,2026-04-28T13:03:03Z,commit:5c97d16a
20201126 2,Mac DeMarco,One Wayne G,,INDIFFERENT,2:11,131,KeYGYEzWt3o,2026-04-28T13:00:52Z,commit:5c97d16a
20200223,Mac DeMarco,One Wayne G,,INDIFFERENT,3:22,202,qyq8cBnGItQ,2026-04-28T12:57:30Z,commit:5c97d16a
20210701,Mac DeMarco,One Wayne G,,INDIFFERENT,2:14,134,2uHwPdeF8Ro,2026-04-28T12:55:16Z,commit:5c97d16a
20211121 2,Mac DeMarco,One Wayne G,,INDIFFERENT,2:48,168,GDMWEAfEem0,2026-04-28T12:52:28Z,commit:5c97d16a
20200324,Mac DeMarco,One Wayne G,,INDIFFERENT,2:40,160,yTrY-7whrH0,2026-04-28T12:49:48Z,commit:5c97d16a
20211126,Mac DeMarco,One Wayne G,,INDIFFERENT,1:59,119,EVvORns1u_g,2026-04-28T12:47:49Z,commit:5c97d16a
20221124,Mac DeMarco,One Wayne G,,INDIFFERENT,2:22,142,27zcb5NJ9c4,2026-04-28T12:45:27Z,commit:5c97d16a
20190205 2,Mac DeMarco,One Wayne G,,INDIFFERENT,2:36,156,ygoxDKyiGRw,2026-04-28T12:42:51Z,commit:5c97d16a
Pepperoni Playboy,Mac DeMarco,Salad Days Demos,False,INDIFFERENT,2:31,151,2LyymC5J6Ck,2026-04-28T12:40:20Z,commit:5c97d16a
20221120 2,Mac DeMarco,One Wayne G,,INDIFFERENT,0:56,56,I2sS6Y_uh4s,2026-04-28T12:39:24Z,commit:5c97d16a
Sloopy Lau Lau,Mac DeMarco,Salad Days Demos,False,INDIFFERENT,2:45,165,OKCYdb1Aj38,2026-04-28T12:36:39Z,commit:5c97d16a
20201110,Mac DeMarco,One Wayne G,,INDIFFERENT,2:52,172,yG4VfbDNJls,2026-04-28T12:33:47Z,commit:5c97d16a
Don Juan,Mac DeMarco,Some Other Ones,False,INDIFFERENT,1:57,117,I0f88uzhjr8,2026-04-28T12:31:50Z,commit:5c97d16a
20190724,Mac DeMarco,One Wayne G,,LIKE,1:11,71,975vpVzfeRY,2026-04-28T12:30:39Z,commit:5c97d16a
Frog Hollow (Instrumental),Mac DeMarco,Old Dog Demos,False,INDIFFERENT,1:55,115,PJnK3nAhgMM,2026-04-28T12:28:44Z,commit:5c97d16a
Mac DeMarco - Dreamin - Instumental,"20K views, Hawksox11",,,INDIFFERENT,2:28,148,yFYLqJfMRVQ,2026-04-28T12:26:16Z,commit:5c97d16a
20211129 2,Mac DeMarco,One Wayne G,,INDIFFERENT,1:48,108,3MACH51CVKc,2026-04-28T12:24:28Z,commit:5c97d16a
Umaro (Instrumental),Mac DeMarco,Old Dog Demos,False,INDIFFERENT,2:15,135,dmK2PVy7Dw8,2026-04-28T12:22:13Z,commit:5c97d16a
Very Spooky,Mac DeMarco,Other Here Comes The Cowboy Demos,False,INDIFFERENT,2:45,165,6s_PRhgtrVc,2026-04-28T12:19:28Z,commit:5c97d16a
20210516,Mac DeMarco,One Wayne G,,INDIFFERENT,2:11,131,APf3--LDXQA,2026-04-28T12:17:17Z,commit:5c97d16a
Ken The Wolf Boy,Mac DeMarco,Salad Days Demos,False,INDIFFERENT,2:37,157,KIxY8ojkJ6c,2026-04-28T12:14:40Z,commit:5c97d16a
20190206,Mac DeMarco,One Wayne G,,INDIFFERENT,2:57,177,R0uLjZ0ma4Q,2026-04-28T12:11:43Z,commit:5c97d16a
20210301,Mac DeMarco,One Wayne G,,INDIFFERENT,1:53,113,ph_un8eXpp4,2026-04-28T12:09:50Z,commit:5c97d16a
20191011 You Made The Bed,Mac DeMarco,One Wayne G,,INDIFFERENT,2:14,134,_fNh0qgGf3s,2026-04-28T12:07:36Z,commit:5c97d16a
20180512,Mac DeMarco,One Wayne G,,INDIFFERENT,4:08,248,loQolUfkyvo,2026-04-28T12:03:28Z,commit:5c97d16a
20210720 2,Mac DeMarco,One Wayne G,,INDIFFERENT,1:54,114,07nzwyUIcgg,2026-04-28T12:01:34Z,commit:5c97d16a
20190726,Mac DeMarco,One Wayne G,,INDIFFERENT,1:47,107,Mt7Ai-2NHTM,2026-04-28T11:59:47Z,commit:5c97d16a
20210813,Mac DeMarco,One Wayne G,,INDIFFERENT,1:03,63,GxHJHvVeUME,2026-04-28T11:58:44Z,commit:5c97d16a
20210306 3,Mac DeMarco,One Wayne G,,INDIFFERENT,3:11,191,5iYJ4lNDkLk,2026-04-28T11:55:33Z,commit:5c97d16a
20191228,Mac DeMarco,One Wayne G,,INDIFFERENT,1:51,111,RSrBXgeR02s,2026-04-28T11:53:42Z,commit:5c97d16a
Chicago,Mac DeMarco,Five Easy Hot Dogs,False,INDIFFERENT,2:25,145,Oziul23ZrCE,2026-04-28T11:51:17Z,commit:5c97d16a
20190205,Mac DeMarco,One Wayne G,,INDIFFERENT,4:53,293,OEMdq_D4Ar4,2026-04-28T11:46:24Z,commit:5c97d16a
20191229,Mac DeMarco,One Wayne G,,INDIFFERENT,6:16,376,_7VD_ur8ZJ4,2026-04-28T11:40:08Z,commit:5c97d16a
20180702 2,Mac DeMarco,One Wayne G,,INDIFFERENT,2:38,158,xi_60p1gqX8,2026-04-28T11:37:30Z,commit:5c97d16a
20210709,Mac DeMarco,One Wayne G,,INDIFFERENT,2:23,143,CnwFSxgonCo,2026-04-28T11:35:07Z,commit:5c97d16a
20220223,Mac DeMarco,One Wayne G,,INDIFFERENT,2:29,149,7G0WaHAk7yA,2026-04-28T11:32:38Z,commit:5c97d16a
20221126,Mac DeMarco,One Wayne G,,INDIFFERENT,2:26,146,DOf_CbRa3FU,2026-04-28T11:30:12Z,commit:5c97d16a
20220331,Mac DeMarco,One Wayne G,,INDIFFERENT,2:16,136,pwe0RDPa0lo,2026-04-28T11:27:56Z,commit:5c97d16a
20200812,Mac DeMarco,One Wayne G,,INDIFFERENT,2:43,163,mxp4U-vbdmI,2026-04-28T11:25:13Z,commit:5c97d16a
20200107,Mac DeMarco,One Wayne G,,INDIFFERENT,2:22,142,pSM6NSu_SAI,2026-04-28T11:22:51Z,commit:5c97d16a
20210518,Mac DeMarco,One Wayne G,,INDIFFERENT,2:35,155,YYWVPSnB9sE,2026-04-28T11:20:16Z,commit:5c97d16a
20210517,Mac DeMarco,One Wayne G,,INDIFFERENT,3:22,202,7BxZ08uNWWI,2026-04-28T11:16:54Z,commit:5c97d16a
Potato Boy,Mac DeMarco,Salad Days Demos,False,INDIFFERENT,2:46,166,HKhJGkJt6_0,2026-04-28T11:14:08Z,commit:5c97d16a
If You Want Me to Stay,Larry Goldings,Super Soul Jazz,False,INDIFFERENT,6:05,365,2knenLoOgeE,2026-04-28T11:08:03Z,commit:5c97d16a
634.5789,"Monica Green, Project Soul",Monica Green & Project Soul,False,INDIFFERENT,3:07,187,SxClbX0n3kk,2026-04-28T11:04:56Z,commit:5c97d16a
The Line,"Monica Green, Project Soul",Monica Green & Project Soul,False,INDIFFERENT,4:19,259,gahsMk3mEsg,2026-04-28T11:00:37Z,commit:5c97d16a
If You Want Me to Stay,"Monica Green, Project Soul",Monica Green & Project Soul,True,LIKE,4:58,298,nnk47AuUWiE,2026-04-28T10:55:39Z,commit:5c97d16a
Born Under a Bad Sign,Etta James,"Life, Love & The Blues",False,INDIFFERENT,3:29,209,70UkfQeXQ_c,2026-04-28T10:52:10Z,commit:5c97d16a
If You Want Me to Stay,Etta James,"Life, Love & The Blues",True,INDIFFERENT,5:21,321,shbCl3Pj-cU,2026-04-28T10:46:49Z,commit:5c97d16a
If You Want Me to Stay,Sly & The Family Stone,Fresh,True,LIKE,3:01,181,jkzWSL-gEO4,2026-04-28T10:43:48Z,commit:5c97d16a
Hard To Tell,"Carrie Baxter, edbl",Hard To Tell,True,INDIFFERENT,3:51,231,yvVwzyaMpPA,2026-04-28T10:39:57Z,commit:5c97d16a
Happy To Help,City Park,Happy To Help,False,INDIFFERENT,3:37,217,aQzgU37am2U,2026-04-28T10:36:20Z,commit:5c97d16a
Meaning In The Moment,"Leo Sidran, Podsongs",Meaning in the Moment,True,LIKE,3:38,218,p7O-PR5SfWI,2026-04-28T10:32:42Z,commit:5c97d16a
Antonio's Song (feat. Leo Minax & Olivier Ker Ourio),Leo Sidran,Cool School (The Music of Michael Franks),False,INDIFFERENT,4:12,252,90b1xFlTXBY,2026-04-28T10:28:30Z,commit:5c97d16a
The Lady Wants to Know,Leo Sidran,Cool School (The Music of Michael Franks),False,INDIFFERENT,3:45,225,nVXLM7FMO0g,2026-04-28T10:24:45Z,commit:5c97d16a
Monkey See Monkey Do,Leo Sidran,Cool School (The Music of Michael Franks),False,INDIFFERENT,4:01,241,_C0hU6cj92I,2026-04-28T10:20:44Z,commit:5c97d16a
Harrison Ford Escort,Mac DeMarco,2 Demos,False,INDIFFERENT,2:53,173,i7rytP94rb8,2026-04-28T10:17:51Z,commit:5c97d16a
20190813 3,Mac DeMarco,One Wayne G,,INDIFFERENT,1:33,93,wAybeCOhUwE,2026-04-28T10:16:18Z,commit:5c97d16a
Wrestle a Live Nude Girl,Leo Sidran,Cool School (The Music of Michael Franks),True,LIKE,4:44,284,vr996jU1Kpg,2026-04-28T10:11:34Z,commit:5c97d16a
20200326,Mac DeMarco,One Wayne G,,INDIFFERENT,1:49,109,m4E7harfPpg,2026-04-28T10:09:45Z,commit:5c97d16a
20210720,Mac DeMarco,One Wayne G,,INDIFFERENT,3:34,214,O_0drNxFDmc,2026-04-28T10:06:11Z,commit:5c97d16a
20180816,Mac DeMarco,One Wayne G,,INDIFFERENT,2:16,136,0vOsiY6-67M,2026-04-28T10:03:55Z,commit:5c97d16a
my crush,muque,my crush,False,INDIFFERENT,2:41,161,cw9XsbJhO4U,2026-04-28T10:01:14Z,commit:5c97d16a
20191011 You Made The Bed,Mac DeMarco,One Wayne G,,INDIFFERENT,2:14,134,_fNh0qgGf3s,2026-04-28T09:59:00Z,commit:5c97d16a
20220328,Mac DeMarco,One Wayne G,,INDIFFERENT,2:02,122,wyzOLJ-GUhI,2026-04-28T09:56:58Z,commit:5c97d16a
20210529,Mac DeMarco,One Wayne G,,INDIFFERENT,2:22,142,FTzLemElNV0,2026-04-28T09:54:36Z,commit:5c97d16a
Mac DeMarco - Sherrill - Instumental,"8K views, Hawksox11",,,INDIFFERENT,2:28,148,agDkEQEF6nk,2026-04-28T09:52:08Z,commit:5c97d16a
20190728,Mac DeMarco,One Wayne G,,INDIFFERENT,2:01,121,JZdRZuC00lM,2026-04-28T09:50:07Z,commit:5c97d16a
20190210,Mac DeMarco,One Wayne G,,INDIFFERENT,4:42,282,Rt4izbn8-rA,2026-04-28T09:45:25Z,commit:5c97d16a
20201125,Mac DeMarco,One Wayne G,,INDIFFERENT,2:53,173,XVoWzqv7E10,2026-04-28T09:42:32Z,commit:5c97d16a
20210612,Mac DeMarco,One Wayne G,,INDIFFERENT,1:11,71,6eUELLBzKNc,2026-04-28T09:41:21Z,commit:5c97d16a
Crescent City,Mac DeMarco,Five Easy Hot Dogs,False,INDIFFERENT,2:28,148,GdDUXRGUv_c,2026-04-28T09:38:53Z,commit:5c97d16a
20210306,Mac DeMarco,One Wayne G,,INDIFFERENT,0:51,51,DdCN-dIk54A,2026-04-28T09:38:02Z,commit:5c97d16a
20230109,Mac DeMarco,One Wayne G,,INDIFFERENT,3:10,190,PCPG19DKzf0,2026-04-28T09:34:52Z,commit:5c97d16a
Jonny's Odyssey,Mac DeMarco,Salad Days,False,INDIFFERENT,2:39,159,RPgdZht906c,2026-04-28T09:32:13Z,commit:5c97d16a
20200107 2,Mac DeMarco,One Wayne G,,INDIFFERENT,2:42,162,L3S3l2gezpM,2026-04-28T09:29:31Z,commit:5c97d16a
20220202 2,Mac DeMarco,One Wayne G,,INDIFFERENT,2:25,145,tMcT7j29veQ,2026-04-28T09:27:06Z,commit:5c97d16a
20191202,Mac DeMarco,One Wayne G,,INDIFFERENT,1:01,61,wZsjq-HxV0g,2026-04-28T09:26:05Z,commit:5c97d16a
20200101,Mac DeMarco,One Wayne G,,INDIFFERENT,2:29,149,0s8d2miLLfU,2026-04-28T09:23:36Z,commit:5c97d16a
Edmonton,Mac DeMarco,Five Easy Hot Dogs,False,INDIFFERENT,2:24,144,GTQKjyFHt1I,2026-04-28T09:21:12Z,commit:5c97d16a
20210815,Mac DeMarco,One Wayne G,,INDIFFERENT,2:30,150,oXtEryFimn8,2026-04-28T09:18:42Z,commit:5c97d16a
20221217,Mac DeMarco,One Wayne G,,LIKE,4:06,246,TbA5cKAuFmg,2026-04-28T09:14:36Z,commit:5c97d16a
20200323 2,Mac DeMarco,One Wayne G,,INDIFFERENT,1:32,92,ggeV5rZOzb8,2026-04-28T09:13:04Z,commit:5c97d16a
20190127,Mac DeMarco,One Wayne G,,INDIFFERENT,3:22,202,qLYV0XpqdgU,2026-04-28T09:09:42Z,commit:5c97d16a
20201110 2,Mac DeMarco,One Wayne G,,INDIFFERENT,2:38,158,js7gt8kuxwE,2026-04-28T09:07:04Z,commit:5c97d16a
20221125,Mac DeMarco,One Wayne G,,INDIFFERENT,2:29,149,T-nDJANbnaI,2026-04-28T09:04:35Z,commit:5c97d16a
20200811,Mac DeMarco,One Wayne G,,INDIFFERENT,1:23,83,A-G8HUghOiU,2026-04-28T09:03:12Z,commit:5c97d16a
20230102,Mac DeMarco,One Wayne G,,INDIFFERENT,2:27,147,inaUPCBRF6M,2026-04-28T09:00:45Z,commit:5c97d16a
Little Pepper,Mac DeMarco,Some Other Ones,False,INDIFFERENT,2:40,160,JmDh6g2J4WY,2026-04-28T08:58:05Z,commit:5c97d16a
20180512,Mac DeMarco,One Wayne G,,INDIFFERENT,4:08,248,loQolUfkyvo,2026-04-28T08:53:57Z,commit:5c97d16a
The Road to Brancrug,Mickymar Productions Ltd,Book of Hours (Original Game Soundtrack),False,INDIFFERENT,3:13,193,Q514zHH7Y5w,2026-04-28T08:50:44Z,commit:5c97d16a
Garment of Destiny,Lightbath,"Selected Public Works, Vol. 4",False,INDIFFERENT,6:33,393,h6b_foD7GXA,2026-04-28T08:44:11Z,commit:5c97d16a
Harmonic Symmetry,"1.3M views, Richard Devine",,,INDIFFERENT,5:05,305,o791hgNvGIg,2026-04-28T08:39:06Z,commit:5c97d16a
Tangerine Portal,Lightbath,"Selected Public Works, Vol. 4",False,INDIFFERENT,5:19,319,5cKAWMWH8bo,2026-04-28T08:33:47Z,commit:5c97d16a
SpaceWave,"Analog Machine, Remixsample",Analog Machine Presents - Remixsample,False,INDIFFERENT,9:07,547,DaTQwl3vNVc,2026-04-28T08:24:40Z,commit:5c97d16a
Bloom,Jogging House,I Was a Teenage Exocolonist (Original Soundtrack),False,INDIFFERENT,10:18,618,A_VXQM_zMWs,2026-04-28T08:14:22Z,commit:5c97d16a
Love on a Real Train,State Azure,Dreams,False,INDIFFERENT,8:26,506,FIY5aCDvdNM,2026-04-28T08:05:56Z,commit:5c97d16a
"Glowing Dawn, Across the River",R Beny,Eistla,False,INDIFFERENT,7:59,479,5pv7QMPz9k4,2026-04-28T07:57:57Z,commit:5c97d16a
Holding a Feather,Lightbath,"Selected Public Works, Vol. 3",False,INDIFFERENT,8:24,504,ObmAWghNqxo,2026-04-28T07:49:33Z,commit:5c97d16a
The Curve of Time,Lightbath,"Selected Public Works, Vol. 4",False,INDIFFERENT,5:00,300,Ko8LNyZDRp0,2026-04-28T07:44:33Z,commit:5c97d16a
Cathedral Rock,Lightbath,"Selected Public Works, Vol. 4",False,INDIFFERENT,5:16,316,_NCFNTTkN6E,2026-04-28T07:39:17Z,commit:5c97d16a
Returning,Lightbath,"Selected Public Works, Vol. 4",False,INDIFFERENT,4:18,258,NN9bJq3qyz8,2026-04-28T07:34:59Z,commit:5c97d16a
Cathartic Pressure Waves (feat. Amulets),Lightbath,"Selected Public Works, Vol. 4",False,INDIFFERENT,7:07,427,TT-6tWTO86U,2026-04-28T07:27:52Z,commit:5c97d16a
Garment of Destiny (Reprise),Lightbath,"Selected Public Works, Vol. 4",False,INDIFFERENT,9:49,589,GutfRlSyqBQ,2026-04-28T07:18:03Z,commit:5c97d16a
When I Step Off That Beautiful Shore,Paul Williams,Hard Working Pilgrim,False,INDIFFERENT,4:22,262,ELVdxg-qiWo,2026-04-28T07:13:41Z,commit:5c97d16a
I Went Down A Beggar But I Came Up A Millionaire,"Paul Williams, The Victory Trio",What A Journey,False,INDIFFERENT,3:53,233,XnNjlYPQchI,2026-04-28T07:09:48Z,commit:5c97d16a
They Are Marching Down On High Street,Ye Banished Privateers,Hostis Humani Generis,False,INDIFFERENT,3:45,225,BsKB8MW-Nnk,2026-04-28T07:06:03Z,commit:5c97d16a
My Main Trial Is Yet to Come,The Stanley Brothers,For The Good People,,INDIFFERENT,3:04,184,LKKqv-vL8hQ,2026-04-28T07:02:59Z,commit:5c97d16a
Pass Me Not,The Stanley Brothers,For The Good People,,INDIFFERENT,2:38,158,n03a8o3yvSk,2026-04-28T07:00:21Z,commit:5c97d16a
Purple Robe,The Stanley Brothers,For The Good People,,INDIFFERENT,2:40,160,IudfcWI0OI0,2026-04-28T06:57:41Z,commit:5c97d16a
Mother Left Me Her Bible,The Stanley Brothers,For The Good People,,INDIFFERENT,2:24,144,PsBX9Z2SqGs,2026-04-28T06:55:17Z,commit:5c97d16a
From the Manger to the Cross,The Stanley Brothers,For The Good People,,INDIFFERENT,2:21,141,DonpjLHdd2o,2026-04-28T06:52:56Z,commit:5c97d16a
Jacob's Vision,The Stanley Brothers,For The Good People,,INDIFFERENT,2:15,135,pdejuC8_V24,2026-04-28T06:50:41Z,commit:5c97d16a
Lonely Tombs,The Stanley Brothers,For The Good People,,INDIFFERENT,2:59,179,sx7kc3ra7BE,2026-04-28T06:47:42Z,commit:5c97d16a
Over In the Glory Land,The Stanley Brothers,For The Good People,,INDIFFERENT,2:31,151,foh6RWoQubI,2026-04-28T06:45:11Z,commit:5c97d16a
I'll Not Be a Stranger,The Stanley Brothers,For The Good People,,INDIFFERENT,3:07,187,pLtBGF9Mg_c,2026-04-28T06:42:04Z,commit:5c97d16a
Four Books In the Bible,The Stanley Brothers,For The Good People,,INDIFFERENT,2:20,140,EpBGJZOQuGA,2026-04-28T06:39:44Z,commit:5c97d16a
Jordan,The Stanley Brothers,For The Good People,,INDIFFERENT,2:03,123,yw2aVVwgP4A,2026-04-28T06:37:41Z,commit:5c97d16a
When Jesus Beckons Me Home,The Stanley Brothers,For The Good People,,INDIFFERENT,2:08,128,HT-q5TgmwGE,2026-04-28T06:35:33Z,commit:5c97d16a
One Of These Mornings,New Ground,Not In A Million Years,False,INDIFFERENT,2:32,152,MnFmAEIz4Xs,2026-04-28T06:33:01Z,commit:5c97d16a
You'd Better Run,Jordanaires,Jordanaires,False,INDIFFERENT,2:19,139,rEUJgN7rnRE,2026-04-28T06:30:42Z,commit:5c97d16a
Working On a Building,Jordanaires,Jordanaires,False,INDIFFERENT,1:56,116,7Jmc33ua3MU,2026-04-28T06:28:46Z,commit:5c97d16a
Walk In Jerusalem,Jordanaires,Jordanaires,False,INDIFFERENT,2:25,145,MQQYktoYi3k,2026-04-28T06:26:21Z,commit:5c97d16a
Dip Your Fingers In Some Water,Jordanaires,Jordanaires,False,INDIFFERENT,2:06,126,kk1iQkKuBzI,2026-04-28T06:24:15Z,commit:5c97d16a
Dig a Little Deeper,Jordanaires,Jordanaires,False,INDIFFERENT,1:46,106,vTSjV6iWgxQ,2026-04-28T06:22:29Z,commit:5c97d16a
One of These Mornings,Jordanaires,Jordanaires,False,INDIFFERENT,2:00,120,-iPzia91eYQ,2026-04-28T06:20:29Z,commit:5c97d16a
One of These Mornings,Ernie Haase & Signature Sound,Happy People,False,INDIFFERENT,2:10,130,dIEEWMmhSDs,2026-04-28T06:18:19Z,commit:5c97d16a
Jesus Hits Like The Atom Bomb,Pilgrim Travelers,Best Of The Pilgrim Travelers,False,INDIFFERENT,2:26,146,qva1afSKv3I,2026-04-28T06:15:53Z,commit:5c97d16a
Stand Up And Testify,The Swan Silvertones,Golden Gospel Classics: The Swan Silvertones,False,INDIFFERENT,2:34,154,q9NX8imfVzs,2026-04-28T06:13:19Z,commit:5c97d16a
Breaking Bad - Season 3 - Chuy Flores - Veneno,"3.1M views, Crystal Blue",,,INDIFFERENT,2:43,163,YhderDfBtRA,2026-04-28T06:10:36Z,commit:5c97d16a
Did You Stop to Pray This Morning,Pilgrim Travelers,This Little Light,False,INDIFFERENT,2:51,171,EvlWUD3B5p8,2026-04-28T06:07:45Z,commit:5c97d16a
How I Got Over (Live),Mahalia Jackson,The Best Of Mahalia Jackson,False,INDIFFERENT,6:41,401,v_v7Myv0K8M,2026-04-28T06:01:04Z,commit:5c97d16a
Feed Me Jesus,The Swan Silvertones,Saviour Pass Me Not,False,INDIFFERENT,2:42,162,Bia9BsaB35k,2026-04-28T05:58:22Z,commit:5c97d16a
Milky White Way,The Trumpeteers,"Rare Country Classics, Vol.9",False,INDIFFERENT,2:46,166,-foS70Zg-lc,2026-04-28T05:55:36Z,commit:5c97d16a
Where Shall I Go,The Trumpeteers,Gospel Music,False,INDIFFERENT,2:48,168,7RyVylvi7mQ,2026-04-28T05:52:48Z,commit:5c97d16a
Can't Sit Down,Sister Rosetta Tharpe,Sing Sister Sing,False,INDIFFERENT,1:48,108,vEyhOvmQI78,2026-04-28T05:51:00Z,commit:5c97d16a
When The Saints Go Marching In (Negro-Spiritual),"The Golden Gate Quartet & Clyde Riddick, Clyde Wright, J. Caleb Ginyard, Orlando Wilson","""Serie All Stars Music"" Nº 039 Exclusive Remastered From Original Vinyl First Edition (Vintage Lps) ""Negro - Spirituals"" ""Gospel""",False,INDIFFERENT,2:42,162,GL7Cg1VRzxc,2026-04-28T05:48:18Z,commit:5c97d16a
Jada (feat. Sidney BEchet & Mezz Merrow),Tommy Ladnier,Black Horns - Rare Cuts Well Done Vol 10,False,INDIFFERENT,2:56,176,iYJyHSAWLyM,2026-04-28T05:45:22Z,commit:5c97d16a
September In The Rain,Dinah Washington,September In The Rain,False,INDIFFERENT,2:10,130,bzLwGA3e3ME,2026-04-28T05:43:12Z,commit:5c97d16a
If You Build a Better Mousetrap,Peggy Lee,The Complete Recordings 1941-1947,False,INDIFFERENT,3:03,183,VhhCDk0QWzY,2026-04-28T05:40:09Z,commit:5c97d16a
Swing Down Chariot (Negro-Spiritual),"The Golden Gate Quartet & Clyde Riddick, Clyde Wright, J. Caleb Ginyard, Orlando Wilson","""Serie All Stars Music"" Nº 039 Exclusive Remastered From Original Vinyl First Edition (Vintage Lps) ""Negro - Spirituals"" ""Gospel""",False,INDIFFERENT,3:03,183,o_xSoE6HIMs,2026-04-28T05:37:06Z,commit:5c97d16a
My God Is Real,Mahalia Jackson,Gospel Music,False,INDIFFERENT,3:38,218,UmVyYXcvZoo,2026-04-28T05:33:28Z,commit:5c97d16a
Go Where I Send Thee,The Golden Gate Jubilee Quartet,Gospel Music,True,LIKE,2:19,139,yz9kzV0_whE,2026-04-28T05:31:09Z,commit:5c97d16a
Just a Simple Melody,"Ella Fitzgerald, The Chick Webb Orchestra",Sing Me a Swing Song,False,INDIFFERENT,3:00,180,mxfq2ReqdD8,2026-04-28T05:28:09Z,commit:5c97d16a
Frenzy,Jay Hawkins,Screamin' Jay Hawkins,False,INDIFFERENT,2:11,131,2dR__1tliO4,2026-04-28T05:25:58Z,commit:5c97d16a
God Almighty's Gonna Cut You Down (Negro-Spiritual),"The Golden Gate Quartet & Clyde Riddick, Clyde Wright, J. Caleb Ginyard, Orlando Wilson","""Serie All Stars Music"" Nº 039 Exclusive Remastered From Original Vinyl First Edition (Vintage Lps) ""Negro - Spirituals"" ""Gospel""",False,INDIFFERENT,2:30,150,23qpzaAHBnY,2026-04-28T05:23:28Z,commit:5c97d16a
I Ain't Got No Heart,The Mothers Of Invention,Freak Out!,False,INDIFFERENT,2:36,156,Sb8mk9feIQk,2026-04-28T05:20:52Z,commit:5c97d16a
It's Only A Paper Moon,"Ella Fitzgerald, The Delta Rhythm Boys",Ella: The Legendary Decca Recordings,False,INDIFFERENT,2:37,157,lKoKy0oPfvg,2026-04-28T05:18:15Z,commit:5c97d16a
Steel Guitar Rag,Bob Wills and His Texas Playboys,The Essential Bob Wills & His Texas Playboys,False,INDIFFERENT,2:34,154,ehnxV5SL2Cw,2026-04-28T05:15:41Z,commit:5c97d16a
Blind Barnabus (Negro-Spiritual),"The Golden Gate Quartet & Clyde Riddick, Clyde Wright, J. Caleb Ginyard, Orlando Wilson","""Serie All Stars Music"" Nº 039 Exclusive Remastered From Original Vinyl First Edition (Vintage Lps) ""Negro - Spirituals"" ""Gospel""",False,INDIFFERENT,2:07,127,wG0uIRJvEho,2026-04-28T05:13:34Z,commit:5c97d16a
All That Meat & No Potatoes,Fats Waller,Fats Waller: Very Best of Fats Waller,False,INDIFFERENT,2:48,168,VaJRg-RZ8Vo,2026-04-28T05:10:46Z,commit:5c97d16a
Ezekiel Saw De Wheel (feat. Sy Oliver Choir & The All Stars),Louis Armstrong,Louis And The Good Book (Expanded Edition),False,INDIFFERENT,2:34,154,sDJwQqAiH2o,2026-04-28T05:08:12Z,commit:5c97d16a
Lover Come Back to Me,Mildred Bailey,Lady Sings the Blues,False,INDIFFERENT,3:06,186,tyzU60ahH7o,2026-04-28T05:05:06Z,commit:5c97d16a
No Matter How You Pray,Mahalia Jackson,The Original Apollo Sessions,False,INDIFFERENT,1:53,113,46Uo1VpHbgw,2026-04-28T05:03:13Z,commit:5c97d16a
"Long, Lean & Lanky",Jubalaires,Gospel Classics,,INDIFFERENT,1:51,111,wObwpkuiDMA,2026-04-28T05:01:22Z,commit:5c97d16a
St. Louis Blues,Jubalaires,Gospel Classics,,INDIFFERENT,2:16,136,THQEuGve4p8,2026-04-28T04:59:06Z,commit:5c97d16a
My Father's Rich,Jubalaires,Gospel Classics,,INDIFFERENT,3:34,214,x2CwRsBQqME,2026-04-28T04:55:32Z,commit:5c97d16a
Casey Jones,Jubalaires,Gospel Classics,,INDIFFERENT,2:04,124,kWImZ_Kh8Ts,2026-04-28T04:53:28Z,commit:5c97d16a
Rockin' Chair,Jubalaires,Gospel Classics,,INDIFFERENT,2:46,166,rJ1gzPsvHFQ,2026-04-28T04:50:42Z,commit:5c97d16a
I Declare This World Is In A Bad Condition,Jubalaires,Gospel Classics,,INDIFFERENT,2:07,127,OhOVDXqnoyk,2026-04-28T04:48:35Z,commit:5c97d16a
Sampson And Delilah,Jubalaires,Gospel Classics,,INDIFFERENT,2:09,129,3ZNIxlAlEC4,2026-04-28T04:46:26Z,commit:5c97d16a
John Saw The Number,Jubalaires,Gospel Classics,,INDIFFERENT,1:59,119,XmcNSAkf3IM,2026-04-28T04:44:27Z,commit:5c97d16a
Alphabets Of The Bible (John The Revelator),Jubalaires,Gospel Classics,,INDIFFERENT,2:10,130,tPnkf90tvHU,2026-04-28T04:42:17Z,commit:5c97d16a
Handwriting On The Wall,Jubalaires,Gospel Classics,,INDIFFERENT,1:47,107,u0_pwW_W2P4,2026-04-28T04:40:30Z,commit:5c97d16a
What Did Jesus Say,Jubalaires,Gospel Classics,,INDIFFERENT,2:56,176,cvV6tBTl1iE,2026-04-28T04:37:34Z,commit:5c97d16a
You Better Run,Jubalaires,Gospel Classics,,INDIFFERENT,2:11,131,2UFXai38uoA,2026-04-28T04:35:23Z,commit:5c97d16a
Old Lamb,Jubalaires,Gospel Classics,,INDIFFERENT,2:10,130,Zcdhppg1oTU,2026-04-28T04:33:13Z,commit:5c97d16a
When The Midnight Choo Choo Leaves For Alabama,Jubalaires,Gospel Classics,,INDIFFERENT,2:09,129,N8Me9HR-EWQ,2026-04-28T04:31:04Z,commit:5c97d16a
Dese Bones Gwine Rise Again,Jubalaires,Gospel Classics,,INDIFFERENT,2:18,138,7-s9cKrGnr8,2026-04-28T04:28:46Z,commit:5c97d16a
Swing Down Chariot,Jubalaires,Gospel Classics,,INDIFFERENT,1:51,111,WcMbetZetuQ,2026-04-28T04:26:55Z,commit:5c97d16a
Jube's Blues,Jubalaires,Gospel Classics,,INDIFFERENT,2:24,144,APEWkYoegJY,2026-04-28T04:24:31Z,commit:5c97d16a
"He Understands, He'll Say ""Well Done""",Jubalaires,Gospel Classics,,INDIFFERENT,3:06,186,vcQMHrJ5ieU,2026-04-28T04:21:25Z,commit:5c97d16a
My Trouble Is Hard,Jubalaires,Gospel Classics,,INDIFFERENT,2:05,125,7hGj-Xi6A5g,2026-04-28T04:19:20Z,commit:5c97d16a
When The Moon Goes Down,Jubalaires,Gospel Classics,,INDIFFERENT,1:55,115,LyTJiLuJxoI,2026-04-28T04:17:25Z,commit:5c97d16a
Live A-Humble,Jubalaires,Gospel Classics,,INDIFFERENT,2:35,155,hV3p7pu1htk,2026-04-28T04:14:50Z,commit:5c97d16a
The Preacher And The Bear,Jubalaires,Gospel Classics,,INDIFFERENT,2:49,169,QeZyZOG2rjs,2026-04-28T04:12:01Z,commit:5c97d16a
Ezekiel,Jubalaires,Gospel Classics,,LIKE,2:19,139,9VwZOKew7bQ,2026-04-28T04:09:42Z,commit:5c97d16a
Moses Smote The Water,Jubalaires,Gospel Classics,,INDIFFERENT,1:16,76,gP1nHsFVp80,2026-04-28T04:08:26Z,commit:5c97d16a
Across The Alley From The Alamo,The Mills Brothers,Mills Brothers - From The Archives (Digitally Remastered),False,INDIFFERENT,2:12,132,HtMME5lNWd4,2026-04-28T04:06:14Z,commit:5c97d16a
"Jump Down, Spin Around",Harry Belafonte,Belafonte,False,INDIFFERENT,2:00,120,ndrkqoCInLM,2026-04-28T04:04:14Z,commit:5c97d16a
Alabamy Bound,Ray Charles,Ray Charles - Georgia On My Mind,False,INDIFFERENT,1:54,114,87d3uwhaU7s,2026-04-28T04:02:20Z,commit:5c97d16a
Shadrack (Negro-Spiritual),"The Golden Gate Quartet & Clyde Riddick, Clyde Wright, J. Caleb Ginyard, Orlando Wilson","""Serie All Stars Music"" Nº 039 Exclusive Remastered From Original Vinyl First Edition (Vintage Lps) ""Negro - Spirituals"" ""Gospel""",False,INDIFFERENT,2:19,139,IKRGCtEogTo,2026-04-28T04:00:01Z,commit:5c97d16a
Daniel Saw The Stone (Negro-Spiritual),"The Golden Gate Quartet & Clyde Riddick, Clyde Wright, J. Caleb Ginyard, Orlando Wilson","""Serie All Stars Music"" Nº 039 Exclusive Remastered From Original Vinyl First Edition (Vintage Lps) ""Negro - Spirituals"" ""Gospel""",True,LIKE,2:21,141,UdN9B7UVkYs,2026-04-28T03:57:40Z,commit:5c97d16a
Help Yourself,The Devil Makes Three,Do Wrong Right,,INDIFFERENT,3:58,238,qAqel1hDewQ,2026-04-28T03:53:42Z,commit:5c97d16a
Do Right Woman,Chuck Darwin and The Knuckledraggers,Three Car Pileup,,INDIFFERENT,3:29,209,EO7Q5fB9NoU,2026-04-28T03:50:13Z,commit:5c97d16a
Drinkin' Whiskey Tonight,Pokey LaFarge,Middle of Everywhere,,LIKE,2:53,173,GWqjF81M5h4,2026-04-28T03:47:20Z,commit:5c97d16a
Wrestle a Live Nude Girl,Leo Sidran,Cool School (The Music of Michael Franks),True,LIKE,4:44,284,vr996jU1Kpg,2026-04-28T03:42:36Z,commit:5c97d16a
Poison Trees,The Devil Makes Three,Do Wrong Right,,INDIFFERENT,3:58,238,uia5vCOAk2Y,2026-04-28T03:38:38Z,commit:5c97d16a
Blue Boy,Mac DeMarco,Salad Days,False,INDIFFERENT,2:07,127,GXuIWm12S24,2026-04-28T03:36:31Z,commit:5c97d16a
For the First Time,Mac DeMarco,This Old Dog,False,INDIFFERENT,3:03,183,cZCm_i6YvAk,2026-04-28T03:33:28Z,commit:5c97d16a
One More Love Song,Mac DeMarco,This Old Dog,False,INDIFFERENT,4:02,242,eMztEjtPm4o,2026-04-28T03:29:26Z,commit:5c97d16a
Chamber Of Reflection,Mac DeMarco,Salad Days,False,INDIFFERENT,3:52,232,pQsF3pzOc54,2026-04-28T03:25:34Z,commit:5c97d16a
On the Level,Mac DeMarco,This Old Dog,False,INDIFFERENT,3:48,228,WOV3c0t-Mwk,2026-04-28T03:21:46Z,commit:5c97d16a
Heart To Heart,Mac DeMarco,Here Comes The Cowboy,False,INDIFFERENT,3:32,212,qBoQzo98EpQ,2026-04-28T03:18:14Z,commit:5c97d16a
My Kind of Woman,Mac DeMarco,2,False,INDIFFERENT,3:10,190,1_tjOgqG8Yc,2026-04-28T03:15:04Z,commit:5c97d16a
Train 45 (Instrumental),"Mark Howard, Sam Bush, Stuart Duncan",Lonesome Whistle,False,INDIFFERENT,2:12,132,7wz1-sWf_Qc,2026-04-28T03:12:52Z,commit:5c97d16a
Wayside (Back In Time),Chris Thile,How To Grow A Woman From The Ground,,INDIFFERENT,2:46,166,IgDjznzUObg,2026-04-28T03:10:06Z,commit:5c97d16a
Clarinet Polka,Béla Fleck,"The Bluegrass Sessions: Tales From The Acoustic Planet, Vol. 2",False,INDIFFERENT,1:33,93,WP0gBN89jyY,2026-04-28T03:08:33Z,commit:5c97d16a
Railroad Bill,Crooked Still,Shaken By A Low Sound,,LIKE,2:19,139,S9k2cUH6g7o,2026-04-28T03:06:14Z,commit:5c97d16a
Arachnid Stomp,"David Grisman, Sam Bush","Hold On, We're Strummin'",,INDIFFERENT,1:34,94,Tv8X1pSZJJ8,2026-04-28T03:04:40Z,commit:5c97d16a
Policeman,Foghorn Stringband,Rattlesnake Tidal Wave,,LIKE,3:17,197,1b7dQ2DLc_M,2026-04-28T03:01:23Z,commit:5c97d16a
Reeb Willms performs Last of My Kind in Frank Lloyd Wright's Millard House,"89K views, Stephen Schauer",,,INDIFFERENT,3:15,195,okqyQpYRKbk,2026-04-28T02:58:08Z,commit:5c97d16a
Brakeman's Blues,Chris Thile,How To Grow A Woman From The Ground,,INDIFFERENT,3:43,223,U-V5J67e-FQ,2026-04-28T02:54:25Z,commit:5c97d16a
Hearts In A Cage (4hero Remix),Natalie Duncan,Hearts In A Cage (4hero Remix),False,INDIFFERENT,4:36,276,OIMUYURChuU,2026-04-28T02:49:49Z,commit:5c97d16a
Haunted House,After School Surf Club,Haunted House,False,INDIFFERENT,3:07,187,SFFrjTyPZyc,2026-04-28T02:46:42Z,commit:5c97d16a
Sunday Driver,The Limp Twins,Tales from Beyond the Groove,False,INDIFFERENT,3:30,210,Ia415MKyTsk,2026-04-28T02:43:12Z,commit:5c97d16a
Prince Vince (feat. Julia Minkin),Kid Francescoli,With Julia,False,INDIFFERENT,2:32,152,_4eBtdLztTE,2026-04-28T02:40:40Z,commit:5c97d16a
3 Bandits,Bumcello,Nude for Love,False,INDIFFERENT,2:54,174,OVM2jKcqfGU,2026-04-28T02:37:46Z,commit:5c97d16a
Make the Road By Walking,Menahan Street Band,Make the Road By Walking,False,INDIFFERENT,3:04,184,iV93hXBZinw,2026-04-28T02:34:42Z,commit:5c97d16a
Damn,Nightmares on Wax,In A Space Outta Sound,False,INDIFFERENT,7:39,459,ekPt4VlzORU,2026-04-28T02:27:03Z,commit:5c97d16a
onceortwice,Oscar Anton,July Pack,False,INDIFFERENT,3:07,187,IVgPIPf3NwI,2026-04-28T02:23:56Z,commit:5c97d16a
"Source (Makaya McCraven Remix) (feat. Ms MAURICE, Cassie Kinoshi & Richie Seivwright)",Nubya Garcia,Source (Makaya McCraven Remix),False,INDIFFERENT,5:36,336,PXSA0nWblJw,2026-04-28T02:18:20Z,commit:5c97d16a
Father,The Quantic Soul Orchestra,Tropidélico,False,LIKE,2:23,143,pqtUZYhvIBY,2026-04-28T02:15:57Z,commit:5c97d16a
Footprints,Ezra Collective,Footprints,False,INDIFFERENT,6:22,382,nSXNYCHuCM0,2026-04-28T02:09:35Z,commit:5c97d16a
Love Language,Zinadelphia,Love Language,False,INDIFFERENT,3:29,209,9ILP-z64vpE,2026-04-28T02:06:06Z,commit:5c97d16a
Wobble Jazz (Vitamin D Re-Edit),KSOZE,Bust Free 9,False,INDIFFERENT,6:02,362,g1WJlsO44Gw,2026-04-28T02:00:04Z,commit:5c97d16a
Pony,Deluxe,Polishing Peanuts EP,False,INDIFFERENT,3:29,209,BcKAZCMF3jE,2026-04-28T01:56:35Z,commit:5c97d16a
Show Me Love (feat. Jimi Bellmartin),The Soul Snatchers,Scratch My Itch,False,INDIFFERENT,2:48,168,y0QcuIdso0A,2026-04-28T01:53:47Z,commit:5c97d16a
Finally Moving,Pretty Lights,Taking up Your Precious Time,False,INDIFFERENT,4:38,278,rSW-L4kXun8,2026-04-28T01:49:09Z,commit:5c97d16a
Don't Let Go,Pacha Massive,All Good Things,False,INDIFFERENT,3:32,212,J0hA6RPJCQY,2026-04-28T01:45:37Z,commit:5c97d16a
Ruby,Ben Mazué,33 ans,False,INDIFFERENT,2:19,139,biTROayyUsY,2026-04-28T01:43:18Z,commit:5c97d16a
Redwood,Nym,Warm Blooded Lizard,False,INDIFFERENT,2:56,176,4XDsa0ThKvM,2026-04-28T01:40:22Z,commit:5c97d16a
Disko Dansen,Dafuniks,Searching,False,INDIFFERENT,2:11,131,nUpwSCG1JNY,2026-04-28T01:38:11Z,commit:5c97d16a
So Easy,Röyksopp,Melody A.M.,False,INDIFFERENT,4:10,250,5Mcj_YtQhbQ,2026-04-28T01:34:01Z,commit:5c97d16a
Bande De Dégénérés,Kognitif,Monometric,False,INDIFFERENT,3:00,180,dpeoGuj6oFU,2026-04-28T01:31:01Z,commit:5c97d16a
Fiesta,80s Casual,Bust Free 2,False,INDIFFERENT,4:28,268,Fps5NJB_Auo,2026-04-28T01:26:33Z,commit:5c97d16a
The Gentle Rain (RJD2 Remix),Astrud Gilberto,Verve Remixed 3,False,INDIFFERENT,6:00,360,j8_gAQsbvJ4,2026-04-28T01:20:33Z,commit:5c97d16a
The Sophisticated Hippie (Easy Mo Bee Remix),Horace Silver,The New Groove: The Blue Note Remix Project Vol. 1,False,INDIFFERENT,6:54,414,bQgoCZ6oqxs,2026-04-28T01:13:39Z,commit:5c97d16a
I Had a Woman,Wax Tailor,By Any Beats Necessary,False,INDIFFERENT,2:40,160,Pyfzgw6bYHs,2026-04-28T01:10:59Z,commit:5c97d16a
Fade (KEARL Remix),Takuya Kuroda,Fade,False,INDIFFERENT,5:22,322,1m6fvoZFpqk,2026-04-28T01:05:37Z,commit:5c97d16a
Lost in Bass,Supervision,Telescopic,False,INDIFFERENT,4:52,292,IKcZdfP5dGY,2026-04-28T01:00:45Z,commit:5c97d16a
Ghost Train,Gorillaz,G-Sides,False,INDIFFERENT,3:55,235,Bfq4ioHmiHs,2026-04-28T00:56:50Z,commit:5c97d16a
Close to My Fire (feat. Anna Leyne),Slackwax,Close to My Fire,False,INDIFFERENT,3:58,238,aPbKsjtC5wQ,2026-04-28T00:52:52Z,commit:5c97d16a
Au revoir,Clara Luciani,Cœur,False,INDIFFERENT,3:07,187,4kbB4g2LUkk,2026-04-28T00:49:45Z,commit:5c97d16a
It's About Showtime,Scratch Bandits Crew,En petites coupures...,False,INDIFFERENT,2:20,140,isWvZcWVGTk,2026-04-28T00:47:25Z,commit:5c97d16a
The Garden,Cut Chemist,The Garden (DMD Single),False,INDIFFERENT,6:15,375,h8l0NFmuNO0,2026-04-28T00:41:10Z,commit:5c97d16a
Mystic Bounce,Madlib,Shades Of Blue: Madlib Invades Blue Note,False,LIKE,3:57,237,W2eAKUX2CEA,2026-04-28T00:37:13Z,commit:5c97d16a
Post Houmous,Morcheeba,Who Can You Trust? / Beats & B-Sides,False,INDIFFERENT,1:50,110,6FZ4LtPAZ6Y,2026-04-28T00:35:23Z,commit:5c97d16a
Raid the Radio,General Elektriks,Good City for Dreamers (Deluxe Edition),False,INDIFFERENT,3:49,229,8APLr6QR82s,2026-04-28T00:31:34Z,commit:5c97d16a
Lansana's Priestess (Remix),DJ Spinna,Blue Note Revisited,False,INDIFFERENT,6:04,364,66179hPmCSU,2026-04-28T00:25:30Z,commit:5c97d16a
Bass and Time,Ancient Astronauts,Into Bass and Time,False,INDIFFERENT,1:51,111,nFn7LVmdzPI,2026-04-28T00:23:39Z,commit:5c97d16a
Stay Loose (Lyrics Born Remix),Jimmy Smith,Verve Remixed 3,False,INDIFFERENT,3:19,199,QcdOYOjkA78,2026-04-28T00:20:20Z,commit:5c97d16a
Angel Eyes (Layo & Bushwacka Remix),"Ella Fitzgerald, Layo & Bushwacka",Verve Remixed 2,,INDIFFERENT,5:35,335,gQvjU2vEIe4,2026-04-28T00:14:45Z,commit:5c97d16a
Lilac Wine (The Album Leaf Remix),Nina Simone,Verve Remixed 3,False,INDIFFERENT,5:46,346,umaOThxeVnA,2026-04-28T00:08:59Z,commit:5c97d16a
Sinnerman (Felix Da Housecat's Heavenly House Mix),"Felix Da Housecat, Nina Simone",Verve Remixed 2,,INDIFFERENT,4:36,276,zh970Ofz86o,2026-04-28T00:04:23Z,commit:5c97d16a
Manteca (Funky Lowlives Remix),Dizzy Gillespie & Funky Lowlives,Verve Remixed 2,,LIKE,6:54,414,-1azowNkI_I,2026-04-27T23:57:29Z,commit:5c97d16a
Enjoy the Silence,Moriarty,Gee Whiz But This Is a Lonesome Town (Deluxe Edition),False,INDIFFERENT,2:04,124,NavW8AeXgQY,2026-04-27T23:55:25Z,commit:5c97d16a
Ghostwriter,RJD2,Deadringer: Deluxe,False,INDIFFERENT,5:17,317,hY08FkhpPjk,2026-04-27T23:50:08Z,commit:5c97d16a
Montara (Remix),Bobby Hutcherson,The New Groove: The Blue Note Remix Project Vol. 1,False,INDIFFERENT,4:54,294,S3oUTPDj38k,2026-04-27T23:45:14Z,commit:5c97d16a
Beautiful You,Bumcello,Get Me (Live),False,INDIFFERENT,2:11,131,YKFOpLy6lLM,2026-04-27T23:43:03Z,commit:5c97d16a
Little Lady,General Elektriks,Good City for Dreamers (Deluxe Edition),False,INDIFFERENT,4:59,299,fCTEowfGb5s,2026-04-27T23:38:04Z,commit:5c97d16a
Little Lady (feat. Mikill Pane),Ed Sheeran,No.5 Collaborations Project,False,INDIFFERENT,5:29,329,F2crCkHk6y8,2026-04-27T23:32:35Z,commit:5c97d16a
Surreality,STS9,The Brown Album,,INDIFFERENT,8:26,506,ydYm7xYLqlg,2026-04-27T23:24:09Z,commit:5c97d16a
Frequencies Peace 3,STS9,The Brown Album,,INDIFFERENT,7:07,427,dXiVanM9qmk,2026-04-27T23:17:02Z,commit:5c97d16a
Frequencies Peace 2,STS9,The Brown Album,,INDIFFERENT,1:56,116,QyA_pqotLlU,2026-04-27T23:15:06Z,commit:5c97d16a
Frequencies Peace 1,STS9,The Brown Album,,INDIFFERENT,6:04,364,fvEZzBSLJOQ,2026-04-27T23:09:02Z,commit:5c97d16a
Kamuy,STS9,The Brown Album,,INDIFFERENT,2:15,135,9vM3kQceJT8,2026-04-27T23:06:47Z,commit:5c97d16a
T.W.E.L.V.E.,STS9,The Brown Album,,INDIFFERENT,15:28,928,skPdnjagUYE,2026-04-27T22:51:19Z,commit:5c97d16a
Tap-In,STS9,The Brown Album,,INDIFFERENT,7:59,479,DQkBMzvfjO0,2026-04-27T22:43:20Z,commit:5c97d16a
Blue Ridge Mountains,Fleet Foxes,Fleet Foxes,False,INDIFFERENT,4:25,265,d370CKlg-wk,2026-04-27T22:38:55Z,commit:5c97d16a
"Holland, 1945",Neutral Milk Hotel,In the Aeroplane Over the Sea,False,INDIFFERENT,3:12,192,3eNK38nmzw4,2026-04-27T22:35:43Z,commit:5c97d16a
In the Aeroplane Over the Sea,Neutral Milk Hotel,In the Aeroplane Over the Sea,False,INDIFFERENT,3:22,202,1FeD16vu_qQ,2026-04-27T22:32:21Z,commit:5c97d16a
Norton Commander (Garage Session),Men I Trust,Forever Live Sessions,True,LIKE,3:06,186,x9--Vl_LT0I,2026-04-27T22:29:15Z,commit:5c97d16a
20211121,Mac DeMarco,One Wayne G,,INDIFFERENT,2:34,154,cNAw4fqLRbM,2026-04-27T22:26:41Z,commit:5c97d16a
Simply Paradise,"Mac DeMarco, Ryan Paris",Simply Paradise,False,INDIFFERENT,2:36,156,xUFYeSp2ht0,2026-04-27T22:24:05Z,commit:5c97d16a
Muppet Songs: Peter Sellers - Cigarettes & Whiskey,"91K views, Muppet Songs",,,INDIFFERENT,3:09,189,72mOCLzG9T4,2026-04-27T22:20:56Z,commit:5c97d16a
"Movin' Right Along (From ""The Muppet Movie""/Soundtrack Version)",Fozzie & Kermit,The Muppet Movie (Original Motion Picture Soundtrack),True,LIKE,2:58,178,3mOppRT9S60,2026-04-27T22:17:58Z,commit:5c97d16a
The Muppet Show Theme,Marcel Saurer,Cinemagic 9,True,LIKE,2:47,167,frLLDNjelLs,2026-04-27T22:15:11Z,commit:5c97d16a
The Muppet Show Theme arranged by Paul Murtha,"106K views, Hal Leonard Concert Band",,,INDIFFERENT,1:18,78,QiQ7b11SCd0,2026-04-27T22:13:53Z,commit:5c97d16a
The Tunnel and the Clearing,Colleen,The Tunnel and the Clearing,,INDIFFERENT,6:10,370,JwEPwNNGIwA,2026-04-27T22:07:43Z,commit:5c97d16a
Locate,Kaitlyn Aurelia Smith,Let's Turn It Into Sound,False,INDIFFERENT,3:19,199,TXFa-cccmCE,2026-04-27T22:04:24Z,commit:5c97d16a
Green To You,"Emile Mosseri, Kaitlyn Aurelia Smith",Green To You,False,INDIFFERENT,3:26,206,fTP0n7eJOxA,2026-04-27T22:00:58Z,commit:5c97d16a
Retrograde (Bonus Track),"Kaitlyn Aurelia Smith, Suzanne Ciani",FRKWYS Vol. 13 - Sunergy (Expanded),,INDIFFERENT,18:21,1101,d7q0elQgeDA,2026-04-27T21:42:37Z,commit:5c97d16a
Closed Circuit,"Kaitlyn Aurelia Smith, Suzanne Ciani",FRKWYS Vol. 13 - Sunergy (Expanded),,INDIFFERENT,12:29,749,ZOtbCTH0NkA,2026-04-27T21:30:08Z,commit:5c97d16a
A New Day,"Kaitlyn Aurelia Smith, Suzanne Ciani",FRKWYS Vol. 13 - Sunergy (Expanded),,INDIFFERENT,23:09,1389,XJo1FmplJQQ,2026-04-27T21:06:59Z,commit:5c97d16a
Raum (Single Edit),Tangerine Dream,Raum (Single Edit),False,INDIFFERENT,7:23,443,1gxYWZ8Nc4A,2026-04-27T20:59:36Z,commit:5c97d16a
Bright-eyed Hunger (Kaitlyn Aurelia Smith Remix),Theo Alexander,Bright-eyed Hunger (Kaitlyn Aurelia Smith Remix),False,INDIFFERENT,3:13,193,PBBeUkORqqg,2026-04-27T20:56:23Z,commit:5c97d16a
Rose Water,Brett Naucke,Rose Water,False,INDIFFERENT,3:55,235,pgzfukggUmg,2026-04-27T20:52:28Z,commit:5c97d16a
Interstices,Simon McCorry,Interstices,False,INDIFFERENT,9:50,590,FdX26iaJnjo,2026-04-27T20:42:38Z,commit:5c97d16a
Cero,Isaac Soto,Ilusiones Necesarias,False,INDIFFERENT,6:47,407,D1U1Bk-Mn-4,2026-04-27T20:35:51Z,commit:5c97d16a
17 Minutos,Isaac Soto,Ilusiones Necesarias,False,INDIFFERENT,4:52,292,sMo1SHE6m8g,2026-04-27T20:30:59Z,commit:5c97d16a
Corporal,Isaac Soto,Ilusiones Necesarias,False,INDIFFERENT,7:49,469,jxsiYqO4n9s,2026-04-27T20:23:10Z,commit:5c97d16a
Wrecked Exotic,John Roberts,Wrecked Exotic,False,INDIFFERENT,3:37,217,vxsmzsV86wo,2026-04-27T20:19:33Z,commit:5c97d16a
Crash,John Roberts,Wrecked Exotic,False,INDIFFERENT,5:08,308,dK6FJWW4rnc,2026-04-27T20:14:25Z,commit:5c97d16a
Paravents,John Roberts,Wrecked Exotic,False,INDIFFERENT,4:51,291,y7gGeoKXuoI,2026-04-27T20:09:34Z,commit:5c97d16a
Noise is Preeminently a Private Matter,John Roberts,Wrecked Exotic,False,INDIFFERENT,2:01,121,VUt4zDmUNZE,2026-04-27T20:07:33Z,commit:5c97d16a
Silver Spur,John Roberts,Wrecked Exotic,False,INDIFFERENT,3:18,198,sPu5UUBx-9c,2026-04-27T20:04:15Z,commit:5c97d16a
Oblique Driver,John Roberts,Wrecked Exotic,False,INDIFFERENT,1:24,84,Z0S_6Vcsnow,2026-04-27T20:02:51Z,commit:5c97d16a
Tank,John Roberts,Wrecked Exotic,False,INDIFFERENT,3:22,202,KksBbaH04mw,2026-04-27T19:59:29Z,commit:5c97d16a
Horse Hair,John Roberts,Wrecked Exotic,False,INDIFFERENT,4:46,286,7w7sTvprTas,2026-04-27T19:54:43Z,commit:5c97d16a
Above Our Heads,Sam Prekop,Comma,False,INDIFFERENT,2:26,146,_6UoIahXIII,2026-04-27T19:52:17Z,commit:5c97d16a
Wax Wing,Sam Prekop,Comma,False,INDIFFERENT,4:40,280,oT4jGrKqhes,2026-04-27T19:47:37Z,commit:5c97d16a
Never Met,Sam Prekop,Comma,False,INDIFFERENT,4:46,286,c78HiOVStWo,2026-04-27T19:42:51Z,commit:5c97d16a
Circle Line,Sam Prekop,Comma,False,INDIFFERENT,3:21,201,Na5PFoB1mW0,2026-04-27T19:39:30Z,commit:5c97d16a
Approaching,Sam Prekop,Comma,False,INDIFFERENT,5:58,358,gdoGg-0b5wI,2026-04-27T19:33:32Z,commit:5c97d16a
The New Last,Sam Prekop,Comma,False,INDIFFERENT,4:06,246,_DL4vSi9zXc,2026-04-27T19:29:26Z,commit:5c97d16a
September Remember,Sam Prekop,Comma,False,INDIFFERENT,5:10,310,MsXmY1BtGYY,2026-04-27T19:24:16Z,commit:5c97d16a
Comma,Sam Prekop,Comma,False,INDIFFERENT,2:40,160,NzABaPhkdxo,2026-04-27T19:21:36Z,commit:5c97d16a
Summer Places,Sam Prekop,Comma,False,INDIFFERENT,3:44,224,gSTGM4bWX84,2026-04-27T19:17:52Z,commit:5c97d16a
Park Line,Sam Prekop,Comma,False,INDIFFERENT,5:12,312,qyys7XIy7g0,2026-04-27T19:12:40Z,commit:5c97d16a
Pareidolie (Bonus),JakoJako,Metamorphose,False,INDIFFERENT,7:47,467,Kn9cKgwNeP0,2026-04-27T19:04:53Z,commit:5c97d16a
Neogenese,JakoJako,Metamorphose,False,INDIFFERENT,5:27,327,fRHFhZA9Tpo,2026-04-27T18:59:26Z,commit:5c97d16a
Inferenz,JakoJako,Metamorphose,False,INDIFFERENT,7:10,430,_-gJBS0vMEY,2026-04-27T18:52:16Z,commit:5c97d16a
Transformation,JakoJako,Metamorphose,False,INDIFFERENT,3:11,191,V9u7VbKRQ6o,2026-04-27T18:49:05Z,commit:5c97d16a
Thalamus,JakoJako,Metamorphose,False,INDIFFERENT,7:39,459,3DkdsVRz6EU,2026-04-27T18:41:26Z,commit:5c97d16a
Amygdala,JakoJako,Metamorphose,False,INDIFFERENT,5:20,320,_aaHxnq5Wp0,2026-04-27T18:36:06Z,commit:5c97d16a
Affekt,JakoJako,Metamorphose,False,INDIFFERENT,4:48,288,jWRV2ZBAa3Y,2026-04-27T18:31:18Z,commit:5c97d16a
Perzeption,JakoJako,Metamorphose,False,INDIFFERENT,6:03,363,0XEZFqUex9g,2026-04-27T18:25:15Z,commit:5c97d16a
Resonanz,JakoJako,Metamorphose,False,INDIFFERENT,4:03,243,9HJHZPS08I8,2026-04-27T18:21:12Z,commit:5c97d16a
Objekt,JakoJako,Metamorphose,False,INDIFFERENT,5:03,303,X-chYjwwh5s,2026-04-27T18:16:09Z,commit:5c97d16a
Objekt,JakoJako,Objekt,False,INDIFFERENT,5:03,303,H4L8aEtGoSA,2026-04-27T18:11:06Z,commit:5c97d16a
Anus Of Uranus,Klaatu,3:47 EST,True,INDIFFERENT,3:19,199,H1uojJl7_Rw,2026-04-27T18:07:47Z,commit:5c97d16a
20201125,Mac DeMarco,One Wayne G,,INDIFFERENT,2:53,173,XVoWzqv7E10,2026-04-27T18:04:54Z,commit:5c97d16a
20201124,Mac DeMarco,One Wayne G,,INDIFFERENT,1:48,108,2Q7IBAfrr8o,2026-04-27T18:03:06Z,commit:5c97d16a
20201119 2,Mac DeMarco,One Wayne G,,INDIFFERENT,1:20,80,NKvJX0oE9ds,2026-04-27T18:01:46Z,commit:5c97d16a
20201119,Mac DeMarco,One Wayne G,,INDIFFERENT,1:47,107,dppefln9DR8,2026-04-27T17:59:59Z,commit:5c97d16a
20201115,Mac DeMarco,One Wayne G,,INDIFFERENT,1:59,119,D30t-fp9af0,2026-04-27T17:58:00Z,commit:5c97d16a
20201111 2,Mac DeMarco,One Wayne G,,INDIFFERENT,2:09,129,RuIiUDMZtYw,2026-04-27T17:55:51Z,commit:5c97d16a
20201111,Mac DeMarco,One Wayne G,,INDIFFERENT,2:28,148,TL3R9F6tt4g,2026-04-27T17:53:23Z,commit:5c97d16a
20201110 2,Mac DeMarco,One Wayne G,,INDIFFERENT,2:38,158,js7gt8kuxwE,2026-04-27T17:50:45Z,commit:5c97d16a
20201110,Mac DeMarco,One Wayne G,,INDIFFERENT,2:52,172,yG4VfbDNJls,2026-04-27T17:47:53Z,commit:5c97d16a
20201023 2,Mac DeMarco,One Wayne G,,INDIFFERENT,2:23,143,NH8CeOfIFIU,2026-04-27T17:45:30Z,commit:5c97d16a
20201023,Mac DeMarco,One Wayne G,,INDIFFERENT,2:37,157,sgQf3ldC9ZM,2026-04-27T17:42:53Z,commit:5c97d16a
20201022,Mac DeMarco,One Wayne G,,INDIFFERENT,2:35,155,FuHVkCjm53Y,2026-04-27T17:40:18Z,commit:5c97d16a
20200922,Mac DeMarco,One Wayne G,,INDIFFERENT,1:11,71,_5C2t49T1rY,2026-04-27T17:39:07Z,commit:5c97d16a
20200823 Inside The Beavers Dam,Mac DeMarco,One Wayne G,,INDIFFERENT,1:21,81,jwU9IS2iNOE,2026-04-27T17:37:46Z,commit:5c97d16a
20200821 Cowboy Shit,Mac DeMarco,One Wayne G,,INDIFFERENT,3:22,202,AHsaUwMXeQY,2026-04-27T17:34:24Z,commit:5c97d16a
20200820 Turn My TV On,Mac DeMarco,One Wayne G,,INDIFFERENT,3:01,181,ud-4dKdEb5U,2026-04-27T17:31:23Z,commit:5c97d16a
20200819 She Get The Gold Star,Mac DeMarco,One Wayne G,,INDIFFERENT,2:42,162,5I-fzLwIXmY,2026-04-27T17:28:41Z,commit:5c97d16a
20200817 Proud True Toyota,Mac DeMarco,One Wayne G,,INDIFFERENT,2:03,123,qZQZVg4nTfk,2026-04-27T17:26:38Z,commit:5c97d16a
20200816 She Want The Sandwich,Mac DeMarco,One Wayne G,,INDIFFERENT,1:59,119,utYrEPWLF9U,2026-04-27T17:24:39Z,commit:5c97d16a
20200813,Mac DeMarco,One Wayne G,,INDIFFERENT,1:30,90,XxU2Zrel4VI,2026-04-27T17:23:09Z,commit:5c97d16a
20200812,Mac DeMarco,One Wayne G,,INDIFFERENT,2:43,163,mxp4U-vbdmI,2026-04-27T17:20:26Z,commit:5c97d16a
20200811,Mac DeMarco,One Wayne G,,INDIFFERENT,1:23,83,A-G8HUghOiU,2026-04-27T17:19:03Z,commit:5c97d16a
20200808,Mac DeMarco,One Wayne G,,INDIFFERENT,2:39,159,-s9GB07ZYmc,2026-04-27T17:16:24Z,commit:5c97d16a
20200802,Mac DeMarco,One Wayne G,,INDIFFERENT,2:41,161,-dSBBO-JER0,2026-04-27T17:13:43Z,commit:5c97d16a
20200801,Mac DeMarco,One Wayne G,,INDIFFERENT,2:23,143,yGN_d3AevMY,2026-04-27T17:11:20Z,commit:5c97d16a
20200402,Mac DeMarco,One Wayne G,,INDIFFERENT,3:09,189,aCEPdXQxPdc,2026-04-27T17:08:11Z,commit:5c97d16a
20200330,Mac DeMarco,One Wayne G,,INDIFFERENT,2:19,139,n2vVgnmkLq4,2026-04-27T17:05:52Z,commit:5c97d16a
20200329,Mac DeMarco,One Wayne G,,INDIFFERENT,2:41,161,vkPCJQBD6ZI,2026-04-27T17:03:11Z,commit:5c97d16a
20200327,Mac DeMarco,One Wayne G,,INDIFFERENT,2:06,126,zI1_4oZ3I84,2026-04-27T17:01:05Z,commit:5c97d16a
20180512,Mac DeMarco,One Wayne G,,INDIFFERENT,4:08,248,loQolUfkyvo,2026-04-27T16:56:57Z,commit:5c97d16a
Butter Notes,Nils Frahm,Butter Notes,False,INDIFFERENT,5:22,322,eRYQDaum-jY,2026-04-27T16:51:35Z,commit:5c97d16a
20200225,Mac DeMarco,One Wayne G,,INDIFFERENT,6:21,381,Cnx559YTZBE,2026-04-27T16:45:14Z,commit:5c97d16a
20200223,Mac DeMarco,One Wayne G,,INDIFFERENT,3:22,202,qyq8cBnGItQ,2026-04-27T16:41:52Z,commit:5c97d16a
20200115,Mac DeMarco,One Wayne G,,INDIFFERENT,3:05,185,8_Q7LvBIT6o,2026-04-27T16:38:47Z,commit:5c97d16a
20200109,Mac DeMarco,One Wayne G,,INDIFFERENT,2:08,128,vbiNFIiWMWA,2026-04-27T16:36:39Z,commit:5c97d16a
20200108,Mac DeMarco,One Wayne G,,INDIFFERENT,2:35,155,g-J71jqej4Q,2026-04-27T16:34:04Z,commit:5c97d16a
20200107 2,Mac DeMarco,One Wayne G,,INDIFFERENT,2:42,162,L3S3l2gezpM,2026-04-27T16:31:22Z,commit:5c97d16a
20200107,Mac DeMarco,One Wayne G,,INDIFFERENT,2:22,142,pSM6NSu_SAI,2026-04-27T16:29:00Z,commit:5c97d16a
20200101,Mac DeMarco,One Wayne G,,INDIFFERENT,2:29,149,0s8d2miLLfU,2026-04-27T16:26:31Z,commit:5c97d16a
20191229,Mac DeMarco,One Wayne G,,INDIFFERENT,6:16,376,_7VD_ur8ZJ4,2026-04-27T16:20:15Z,commit:5c97d16a
20191228,Mac DeMarco,One Wayne G,,INDIFFERENT,1:51,111,RSrBXgeR02s,2026-04-27T16:18:24Z,commit:5c97d16a
20191227,Mac DeMarco,One Wayne G,,INDIFFERENT,2:09,129,RbjkzXwo20w,2026-04-27T16:16:15Z,commit:5c97d16a
20191219,Mac DeMarco,One Wayne G,,INDIFFERENT,2:12,132,RrWpti1YqfI,2026-04-27T16:14:03Z,commit:5c97d16a
20191216,Mac DeMarco,One Wayne G,,INDIFFERENT,2:12,132,bT0xXeCs6pE,2026-04-27T16:11:51Z,commit:5c97d16a
20191215,Mac DeMarco,One Wayne G,,INDIFFERENT,2:17,137,pxteNeBQ8UI,2026-04-27T16:09:34Z,commit:5c97d16a
20191202,Mac DeMarco,One Wayne G,,INDIFFERENT,1:01,61,wZsjq-HxV0g,2026-04-27T16:08:33Z,commit:5c97d16a
20191012 Fooled By Love,Mac DeMarco,One Wayne G,,INDIFFERENT,3:18,198,TPzRHfD2UrA,2026-04-27T16:05:15Z,commit:5c97d16a
20191011 You Made The Bed,Mac DeMarco,One Wayne G,,INDIFFERENT,2:14,134,_fNh0qgGf3s,2026-04-27T16:03:01Z,commit:5c97d16a
20191010 No Doubt About It,Mac DeMarco,One Wayne G,,INDIFFERENT,3:03,183,MyteoKsvvOU,2026-04-27T15:59:58Z,commit:5c97d16a
20191009 I Like Her,Mac DeMarco,One Wayne G,,INDIFFERENT,2:17,137,r4ThHPMhmXQ,2026-04-27T15:57:41Z,commit:5c97d16a
20180702 2,Mac DeMarco,One Wayne G,,INDIFFERENT,2:38,158,xi_60p1gqX8,2026-04-27T15:55:03Z,commit:5c97d16a
20180702,Mac DeMarco,One Wayne G,,INDIFFERENT,2:21,141,cIkV96kRZGw,2026-04-27T15:52:42Z,commit:5c97d16a
20180701,Mac DeMarco,One Wayne G,,INDIFFERENT,2:06,126,xf-514G0vj0,2026-04-27T15:50:36Z,commit:5c97d16a
Valley,Leavv,Mind Garden,False,INDIFFERENT,3:10,190,yApGAVGvKDs,2026-04-27T15:47:26Z,commit:5c97d16a
A Handful Of Stars,Stan Getz,West Coast Jazz (Expanded Edition),False,INDIFFERENT,3:24,204,2ux68AIfnkI,2026-04-27T15:44:02Z,commit:5c97d16a
One Chance To Save The World,The Disco Biscuits,"2023/10/28 Port Chester, NY",,INDIFFERENT,12:30,750,jrCOnpsXD0A,2026-04-27T15:31:32Z,commit:5c97d16a
20190826,Mac DeMarco,One Wayne G,,INDIFFERENT,22:38,1358,iztRgMsNEgw,2026-04-27T15:08:54Z,commit:5c97d16a
20190813 3,Mac DeMarco,One Wayne G,,INDIFFERENT,1:33,93,wAybeCOhUwE,2026-04-27T15:07:21Z,commit:5c97d16a
20190813 2,Mac DeMarco,One Wayne G,,INDIFFERENT,3:03,183,79l9lL6UKuk,2026-04-27T15:04:18Z,commit:5c97d16a
20190813,Mac DeMarco,One Wayne G,,INDIFFERENT,1:15,75,YNtfjDi62ys,2026-04-27T15:03:03Z,commit:5c97d16a
20190802,Mac DeMarco,One Wayne G,,INDIFFERENT,4:07,247,-Z2jRbtbM1s,2026-04-27T14:58:56Z,commit:5c97d16a
20190801,Mac DeMarco,One Wayne G,,INDIFFERENT,2:26,146,zd_KaP5yWcM,2026-04-27T14:56:30Z,commit:5c97d16a
20190730,Mac DeMarco,One Wayne G,,INDIFFERENT,1:57,117,Rr8G5QoX_J8,2026-04-27T14:54:33Z,commit:5c97d16a
20190729,Mac DeMarco,One Wayne G,,INDIFFERENT,3:08,188,uo2dw-Fm_PE,2026-04-27T14:51:25Z,commit:5c97d16a
20190728,Mac DeMarco,One Wayne G,,INDIFFERENT,2:01,121,JZdRZuC00lM,2026-04-27T14:49:24Z,commit:5c97d16a
20190726,Mac DeMarco,One Wayne G,,INDIFFERENT,1:47,107,Mt7Ai-2NHTM,2026-04-27T14:47:37Z,commit:5c97d16a
20190724 2,Mac DeMarco,One Wayne G,,INDIFFERENT,1:53,113,T4YTiJLvGhQ,2026-04-27T14:45:44Z,commit:5c97d16a
20190724,Mac DeMarco,One Wayne G,,INDIFFERENT,1:11,71,975vpVzfeRY,2026-04-27T14:44:33Z,commit:5c97d16a
20190723,Mac DeMarco,One Wayne G,,INDIFFERENT,2:18,138,F2pdo_WbFk0,2026-04-27T14:42:15Z,commit:5c97d16a
20190722,Mac DeMarco,One Wayne G,,INDIFFERENT,1:43,103,P-VS3vXjjtc,2026-04-27T14:40:32Z,commit:5c97d16a
20190622,Mac DeMarco,One Wayne G,,INDIFFERENT,3:50,230,3GuH8cV6dFY,2026-04-27T14:36:42Z,commit:5c97d16a
20190210,Mac DeMarco,One Wayne G,,INDIFFERENT,4:42,282,Rt4izbn8-rA,2026-04-27T14:32:00Z,commit:5c97d16a
20190206,Mac DeMarco,One Wayne G,,INDIFFERENT,2:57,177,R0uLjZ0ma4Q,2026-04-27T14:29:03Z,commit:5c97d16a
20190205 3,Mac DeMarco,One Wayne G,,INDIFFERENT,4:00,240,2DS7n00N0nc,2026-04-27T14:25:03Z,commit:5c97d16a
20190205 2,Mac DeMarco,One Wayne G,,INDIFFERENT,2:36,156,ygoxDKyiGRw,2026-04-27T14:22:27Z,commit:5c97d16a
20190205,Mac DeMarco,One Wayne G,,INDIFFERENT,4:53,293,OEMdq_D4Ar4,2026-04-27T14:17:34Z,commit:5c97d16a
20190127,Mac DeMarco,One Wayne G,,INDIFFERENT,3:22,202,qLYV0XpqdgU,2026-04-27T14:14:12Z,commit:5c97d16a
20181212,Mac DeMarco,One Wayne G,,INDIFFERENT,2:47,167,ZwxDm1p-7To,2026-04-27T14:11:25Z,commit:5c97d16a
20181108,Mac DeMarco,One Wayne G,,INDIFFERENT,3:04,184,bPubeLyHAlY,2026-04-27T14:08:21Z,commit:5c97d16a
20181019,Mac DeMarco,One Wayne G,,INDIFFERENT,2:56,176,W26yFNa69-Y,2026-04-27T14:05:25Z,commit:5c97d16a
20181002,Mac DeMarco,One Wayne G,,INDIFFERENT,0:33,33,2tq1iv6GKys,2026-04-27T14:04:52Z,commit:5c97d16a
20180930,Mac DeMarco,One Wayne G,,INDIFFERENT,3:09,189,P228A9uv6vo,2026-04-27T14:01:43Z,commit:5c97d16a
20180927,Mac DeMarco,One Wayne G,,INDIFFERENT,1:20,80,XC2WZjUo9hY,2026-04-27T14:00:23Z,commit:5c97d16a
20180924,Mac DeMarco,One Wayne G,,INDIFFERENT,2:04,124,qIQndGhS35g,2026-04-27T13:58:19Z,commit:5c97d16a
20180913,Mac DeMarco,One Wayne G,,INDIFFERENT,2:12,132,KzJRcZK29iw,2026-04-27T13:56:07Z,commit:5c97d16a
20180816,Mac DeMarco,One Wayne G,,INDIFFERENT,2:16,136,0vOsiY6-67M,2026-04-27T13:53:51Z,commit:5c97d16a
Valley,Leavv,Mind Garden,False,INDIFFERENT,3:10,190,yApGAVGvKDs,2026-04-27T13:50:41Z,commit:5c97d16a
A Handful Of Stars,Stan Getz,West Coast Jazz (Expanded Edition),False,INDIFFERENT,3:24,204,2ux68AIfnkI,2026-04-27T13:47:17Z,commit:5c97d16a
One Chance To Save The World,The Disco Biscuits,"2023/10/28 Port Chester, NY",,INDIFFERENT,12:30,750,jrCOnpsXD0A,2026-04-27T13:34:47Z,commit:5c97d16a
The Deal,The Disco Biscuits,"2023/10/28 Port Chester, NY",,INDIFFERENT,33:10,1990,S4N11OC4o60,2026-04-27T13:01:37Z,commit:5c97d16a
Run Like Hell,The Disco Biscuits,"2023/10/28 Port Chester, NY",,INDIFFERENT,18:38,1118,czo8cYUUXy8,2026-04-27T12:42:59Z,commit:5c97d16a
25.White House Blues,The Earls Of Leicester,Live At The CMA Theater In The Country Music Hall Of Fame,,INDIFFERENT,3:16,196,6Ic8-g6e5oE,2026-04-27T12:39:43Z,commit:5c97d16a
24.Martha White Theme Song,The Earls Of Leicester,Live At The CMA Theater In The Country Music Hall Of Fame,,INDIFFERENT,1:38,98,CfJYDZOeehY,2026-04-27T12:38:05Z,commit:5c97d16a
10.All I Want Is You,The Earls Of Leicester,Live At The CMA Theater In The Country Music Hall Of Fame,,INDIFFERENT,3:26,206,vCno-MfIdnk,2026-04-27T12:34:39Z,commit:5c97d16a
09.Rollin’ In My Sweet Baby’s Arm,The Earls Of Leicester,Live At The CMA Theater In The Country Music Hall Of Fame,,INDIFFERENT,3:12,192,mMCxO7lg7Vw,2026-04-27T12:31:27Z,commit:5c97d16a
08.I Ain’t Gonna Work Tomorrow,The Earls Of Leicester,Live At The CMA Theater In The Country Music Hall Of Fame,,INDIFFERENT,3:27,207,kI1Br9wK4t4,2026-04-27T12:28:00Z,commit:5c97d16a
07.I’m Gonna Sleep With One Eye Open,The Earls Of Leicester,Live At The CMA Theater In The Country Music Hall Of Fame,,INDIFFERENT,4:00,240,ZPRWQOJMItk,2026-04-27T12:24:00Z,commit:5c97d16a
06.I’ll Go Stepping Too,The Earls Of Leicester,Live At The CMA Theater In The Country Music Hall Of Fame,,INDIFFERENT,3:05,185,wmbpW_vI51A,2026-04-27T12:20:55Z,commit:5c97d16a
05.Long Journey Home,The Earls Of Leicester,Live At The CMA Theater In The Country Music Hall Of Fame,,INDIFFERENT,2:02,122,KhDPsqRxojQ,2026-04-27T12:18:53Z,commit:5c97d16a
04.Earl’s Breakdown,The Earls Of Leicester,Live At The CMA Theater In The Country Music Hall Of Fame,,INDIFFERENT,2:23,143,RJiAqZss6fQ,2026-04-27T12:16:30Z,commit:5c97d16a
03.Will You Be Lonesome Too,The Earls Of Leicester,Live At The CMA Theater In The Country Music Hall Of Fame,,INDIFFERENT,3:19,199,bxkTSRkhCJg,2026-04-27T12:13:11Z,commit:5c97d16a
02.Salty Dog Blues,The Earls Of Leicester,Live At The CMA Theater In The Country Music Hall Of Fame,,INDIFFERENT,2:32,152,YgZWSG39-Zk,2026-04-27T12:10:39Z,commit:5c97d16a
20180702 2,Mac DeMarco,One Wayne G,,INDIFFERENT,2:38,158,xi_60p1gqX8,2026-04-27T12:08:01Z,commit:5c97d16a
20180702,Mac DeMarco,One Wayne G,,INDIFFERENT,2:21,141,cIkV96kRZGw,2026-04-27T12:05:40Z,commit:5c97d16a
20180701,Mac DeMarco,One Wayne G,,INDIFFERENT,2:06,126,xf-514G0vj0,2026-04-27T12:03:34Z,commit:5c97d16a
20180529,Mac DeMarco,One Wayne G,,INDIFFERENT,2:32,152,lhfd0OPI0K0,2026-04-27T12:01:02Z,commit:5c97d16a
20180512,Mac DeMarco,One Wayne G,,INDIFFERENT,4:08,248,loQolUfkyvo,2026-04-27T11:56:54Z,commit:5c97d16a
It's Coming Down,CAKE,b-sides and rarities,False,INDIFFERENT,4:12,252,k1rvzLz6Xlc,2026-04-27T11:52:42Z,commit:5c97d16a
"Short Skirt, Long Jacket",CAKE,b-sides and rarities,False,INDIFFERENT,3:16,196,f2uPq-9Hj_A,2026-04-27T11:49:26Z,commit:5c97d16a
Thrills,CAKE,b-sides and rarities,False,INDIFFERENT,2:58,178,Q8O_g7fXV9o,2026-04-27T11:46:28Z,commit:5c97d16a
"Never, Never Gonna Give You Up",CAKE,b-sides and rarities,False,INDIFFERENT,3:50,230,-5BU3w-2FGs,2026-04-27T11:42:38Z,commit:5c97d16a
Multiply the Heartaches,CAKE,b-sides and rarities,False,INDIFFERENT,2:47,167,UQ6r65QH--8,2026-04-27T11:39:51Z,commit:5c97d16a
Strangers in the Night,CAKE,b-sides and rarities,False,INDIFFERENT,2:51,171,gKGvMO2BI_Q,2026-04-27T11:37:00Z,commit:5c97d16a
Conroy,CAKE,b-sides and rarities,False,INDIFFERENT,3:01,181,UH7YkqrGHM4,2026-04-27T11:33:59Z,commit:5c97d16a
"Excuse Me, I Think I've Got a Heartache",CAKE,b-sides and rarities,True,LIKE,2:21,141,p1wSbJxjMFM,2026-04-27T11:31:38Z,commit:5c97d16a
"Mahna, Mahna",CAKE,b-sides and rarities,True,LIKE,2:54,174,0kUib8lh168,2026-04-27T11:28:44Z,commit:5c97d16a
"Ruby, Don't Take Your Love to Town",CAKE,b-sides and rarities,False,INDIFFERENT,2:55,175,hCVe11AX7Uk,2026-04-27T11:25:49Z,commit:5c97d16a
War Pigs,CAKE,b-sides and rarities,False,INDIFFERENT,3:54,234,NhmvKYbi7iY,2026-04-27T11:21:55Z,commit:5c97d16a
Milk Cow Blues (Live),"David Grisman, Doc Watson",Doc & Dawg (Live @ Acoustic Stage 1997),,INDIFFERENT,4:40,280,UnExmwawP68,2026-04-27T11:17:15Z,commit:5c97d16a
East Tennessee Blues/Beaumont Rag (Live),"David Grisman, Doc Watson",Doc & Dawg (Live @ Acoustic Stage 1997),,INDIFFERENT,4:27,267,a01YiS1UY_Y,2026-04-27T11:12:48Z,commit:5c97d16a
Milk Cow Blues (Live),"David Grisman, Doc Watson",Doc & Dawg (Live @ Acoustic Stage 1997),,INDIFFERENT,4:40,280,UnExmwawP68,2026-04-27T11:08:08Z,commit:5c97d16a
East Tennessee Blues/Beaumont Rag (Live),"David Grisman, Doc Watson",Doc & Dawg (Live @ Acoustic Stage 1997),,INDIFFERENT,4:27,267,a01YiS1UY_Y,2026-04-27T11:03:41Z,commit:5c97d16a
Hobo Bill's Last Ride (Live),"David Grisman, Doc Watson",Doc & Dawg (Live @ Acoustic Stage 1997),,INDIFFERENT,4:58,298,zpNhs9W8TA4,2026-04-27T10:58:43Z,commit:5c97d16a
Hobo Bill's Last Ride (Live),"David Grisman, Doc Watson",Doc & Dawg (Live @ Acoustic Stage 1997),,INDIFFERENT,4:58,298,zpNhs9W8TA4,2026-04-27T10:53:45Z,commit:5c97d16a
Shady Grove (Live),"David Grisman, Doc Watson",Doc & Dawg (Live @ Acoustic Stage 1997),,INDIFFERENT,4:12,252,14GzSxDaWWQ,2026-04-27T10:49:33Z,commit:5c97d16a
Give Me Back My 15 Cents (Live),"David Grisman, Doc Watson",Doc & Dawg (Live @ Acoustic Stage 1997),,INDIFFERENT,3:08,188,2Turh_m3Eqc,2026-04-27T10:46:25Z,commit:5c97d16a
Shady Grove (Live),"David Grisman, Doc Watson",Doc & Dawg (Live @ Acoustic Stage 1997),,INDIFFERENT,4:12,252,14GzSxDaWWQ,2026-04-27T10:42:13Z,commit:5c97d16a
Give Me Back My 15 Cents (Live),"David Grisman, Doc Watson",Doc & Dawg (Live @ Acoustic Stage 1997),,INDIFFERENT,3:08,188,2Turh_m3Eqc,2026-04-27T10:39:05Z,commit:5c97d16a
Can't You See,The Marshall Tucker Band,"Rock Essentials, Vol.2",False,INDIFFERENT,6:04,364,0egYAT9g3JE,2026-04-27T10:33:01Z,commit:5c97d16a
Today I Started Loving You Again (Live 1981),Merle Haggard,Last Train to Nashville,True,LIKE,5:34,334,uo36eWPslYE,2026-04-27T10:27:27Z,commit:5c97d16a
Best of All Possible Worlds,Kris Kristofferson,Kristofferson,False,INDIFFERENT,2:59,179,mmlxlqOSWdQ,2026-04-27T10:24:28Z,commit:5c97d16a
Elvis the most beautiful voice,"385K views, Marisa Thiele",,,INDIFFERENT,3:25,205,c1EIY2z0WNQ,2026-04-27T10:21:03Z,commit:5c97d16a
"Lord's Prayer (Live At Garden State Arts Center, 1969)",Glen Campbell,Live,False,INDIFFERENT,3:10,190,SlohZ3F-36c,2026-04-27T10:17:53Z,commit:5c97d16a
"Yakety Sax (Live At Garden State Arts Center, 1969)",Glen Campbell,Live,False,INDIFFERENT,3:00,180,2oAHCeATgrg,2026-04-27T10:14:53Z,commit:5c97d16a
"It's Over (Live At Garden State Arts Center, 1969)",Glen Campbell,Live,False,INDIFFERENT,2:36,156,8w5uqDaIst4,2026-04-27T10:12:17Z,commit:5c97d16a
"For Once In My Life (Live At Garden State Arts Center, 1969)",Glen Campbell,Live,True,LIKE,3:52,232,GZxWf1NIBY4,2026-04-27T10:08:25Z,commit:5c97d16a
"By The Time I Get To Phoenix (Live At Garden State Arts Center, 1969)",Glen Campbell,Live,False,INDIFFERENT,3:54,234,VtkxWitZ-Dk,2026-04-27T10:04:31Z,commit:5c97d16a
"You All Come (Live At Garden State Arts Center, 1969)",Glen Campbell,Live,False,INDIFFERENT,2:26,146,bHP9w8EsrYA,2026-04-27T10:02:05Z,commit:5c97d16a
"Gentle On My Mind (Live At Garden State Arts Center, 1969)",Glen Campbell,Live,False,INDIFFERENT,3:45,225,-JYK_6dPX5U,2026-04-27T09:58:20Z,commit:5c97d16a
"Mountain Dew (Live At Garden State Arts Center, 1969)",Glen Campbell,Live,True,LIKE,3:02,182,vyLXZ1LuBB8,2026-04-27T09:55:18Z,commit:5c97d16a
"If You Go Away (Live At Garden State Arts Center, 1969)",Glen Campbell,Live,False,INDIFFERENT,7:24,444,m5aGUEhtYwo,2026-04-27T09:47:54Z,commit:5c97d16a
"(Sittin' On) The Dock Of The Bay (Live At Garden State Arts Center, 1969)",Glen Campbell,Live,False,INDIFFERENT,3:05,185,Lv5dQ9DWHmo,2026-04-27T09:44:49Z,commit:5c97d16a
"Gotta Travel On (Live At Garden State Arts Center, 1969)",Glen Campbell,Live,False,INDIFFERENT,4:02,242,F61Q7f21t5Y,2026-04-27T09:40:47Z,commit:5c97d16a
"White Lightning (Live At Garden State Arts Center, 1969)",Glen Campbell,Live,False,INDIFFERENT,3:13,193,1UsCUxG3xgs,2026-04-27T09:37:34Z,commit:5c97d16a
I Don't Mind,Sturgill Simpson,Cuttin' Grass - Vol. 1 (Butcher Shoppe Sessions),False,INDIFFERENT,4:30,270,xYcmf9cRp7A,2026-04-27T09:33:04Z,commit:5c97d16a
Take The Journey,Molly Tuttle,Take The Journey,False,INDIFFERENT,2:42,162,K5UFb5Nprxc,2026-04-27T09:30:22Z,commit:5c97d16a
Just Like Leaving,Bella White,Just Like Leaving,False,INDIFFERENT,3:27,207,oviDGUsgHhY,2026-04-27T09:26:55Z,commit:5c97d16a
Leaving on Our Minds,Viv & Riley,Vivian Leva & Riley Calcagno,False,INDIFFERENT,3:59,239,WTxy9Tp7k88,2026-04-27T09:22:56Z,commit:5c97d16a
Last of My Kind,Paul Burch,Last of My Kind,,LIKE,4:10,250,1Rboxn_ZFIs,2026-04-27T09:18:46Z,commit:5c97d16a
Here I Am,Viv & Riley,Time Is Everything,,INDIFFERENT,4:56,296,Tl_J_rdA_zc,2026-04-27T09:13:50Z,commit:5c97d16a
Every Goodbye,Viv & Riley,Time Is Everything,,LIKE,3:45,225,MRiyqLHOLmQ,2026-04-27T09:10:05Z,commit:5c97d16a
Last of My Kind,Viv & Riley,Time Is Everything,,LIKE,4:23,263,3kC5wb_yw5Q,2026-04-27T09:05:42Z,commit:5c97d16a
Why Don't You Introduce Me as Your Darlin',Viv & Riley,Time Is Everything,,INDIFFERENT,3:31,211,nZug8tSEyJA,2026-04-27T09:02:11Z,commit:5c97d16a
Cold Mountains,Viv & Riley,Time Is Everything,,INDIFFERENT,3:14,194,mXNwH0aR7Vo,2026-04-27T08:58:57Z,commit:5c97d16a
Wishes and Dreams,Viv & Riley,Time Is Everything,,INDIFFERENT,4:50,290,Leq9saZYB1o,2026-04-27T08:54:07Z,commit:5c97d16a
No Forever,Viv & Riley,Time Is Everything,,LIKE,3:56,236,0OOsaoO9ESE,2026-04-27T08:50:11Z,commit:5c97d16a
Sturdy as the Land,Viv & Riley,Time Is Everything,,INDIFFERENT,4:03,243,djEg4-mna6E,2026-04-27T08:46:08Z,commit:5c97d16a
Time is Everything,Viv & Riley,Time Is Everything,,INDIFFERENT,3:06,186,556gJIJR6rE,2026-04-27T08:43:02Z,commit:5c97d16a
Bottom of the Glass,Viv & Riley,Time Is Everything,,INDIFFERENT,3:33,213,RhhePcKE70c,2026-04-27T08:39:29Z,commit:5c97d16a
Neck Romancer,The Disco Biscuits,"2021/10/30 Las Vegas, NV",,INDIFFERENT,8:21,501,2r29a3rJhHo,2026-04-27T08:31:08Z,commit:5c97d16a
Evolve,The Disco Biscuits,"2021/10/30 Las Vegas, NV",,INDIFFERENT,15:06,906,HSIrO-P-C1g,2026-04-27T08:16:02Z,commit:5c97d16a
Orch Theme,The Disco Biscuits,"2021/10/30 Las Vegas, NV",,INDIFFERENT,9:58,598,3HIRPUL-AiU,2026-04-27T08:06:04Z,commit:5c97d16a
42,The Disco Biscuits,"2021/10/30 Las Vegas, NV",,INDIFFERENT,20:22,1222,wgR7nzCWiSQ,2026-04-27T07:45:42Z,commit:5c97d16a
Banter,The Disco Biscuits,"2021/10/30 Las Vegas, NV",,INDIFFERENT,1:35,95,0VF4sjWYSAA,2026-04-27T07:44:07Z,commit:5c97d16a
Hot Air Balloon,The Disco Biscuits,"2021/10/30 Las Vegas, NV",,INDIFFERENT,9:40,580,HlNQ0O91YM0,2026-04-27T07:34:27Z,commit:5c97d16a
I-Man,The Disco Biscuits,"2021/10/30 Las Vegas, NV",,INDIFFERENT,15:13,913,tzDsrGrElbM,2026-04-27T07:19:14Z,commit:5c97d16a
I-Man,The Disco Biscuits,"2021/10/30 Las Vegas, NV",,INDIFFERENT,15:13,913,tzDsrGrElbM,2026-04-27T07:04:01Z,commit:5c97d16a
Shem-Rah Boo,The Disco Biscuits,"2021/10/30 Las Vegas, NV",,INDIFFERENT,9:55,595,4r7R7Uu0OPM,2026-04-27T06:54:06Z,commit:5c97d16a
Hot Air Balloon,The Disco Biscuits,"2021/10/30 Las Vegas, NV",,INDIFFERENT,19:07,1147,rakDCZC4YDs,2026-04-27T06:34:59Z,commit:5c97d16a
M.E.M.P.H.I.S.,The Disco Biscuits,"2021/10/30 Las Vegas, NV",,INDIFFERENT,18:54,1134,jFWIZZ6mj6w,2026-04-27T06:16:05Z,commit:5c97d16a
Fortunate Son,Creedence Clearwater Revival,Willy And The Poor Boys (Expanded Edition),False,INDIFFERENT,2:21,141,r5NzAksjfDI,2026-04-27T06:13:44Z,commit:5c97d16a
Alabama Song (Whisky Bar),The Doors,The Doors,True,LIKE,3:18,198,nbtEkZIvMAg,2026-04-27T06:10:26Z,commit:5c97d16a
Flaming Pie (2020 Remaster) (feat. Jeff Lynne),Paul McCartney,Flaming Pie,False,INDIFFERENT,2:31,151,JyF93vhzF3w,2026-04-27T06:07:55Z,commit:5c97d16a
Ring of Fire (Outtake),Bob Dylan,"Travelin' Thru, 1967 - 1969: The Bootleg Series, Vol. 15 (Sampler)",True,LIKE,2:28,148,ibeP210YaRQ,2026-04-27T06:05:27Z,commit:5c97d16a
Come On (Let the Good Times Roll),The Jimi Hendrix Experience,Electric Ladyland,False,INDIFFERENT,4:10,250,Ne_NSMZvvJI,2026-04-27T06:01:17Z,commit:5c97d16a
California Dreamin' (Single Version),The Mamas & The Papas,If You Can Believe Your Eyes & Ears,False,INDIFFERENT,2:43,163,oU6uUEwZ8FM,2026-04-27T05:58:34Z,commit:5c97d16a
You Make My Dreams (Come True),Daryl Hall & John Oates,Voices,False,INDIFFERENT,3:11,191,E4CZuj7solw,2026-04-27T05:55:23Z,commit:5c97d16a
Come and Get Your Love (Single Version),Redbone,Come and Get Your Love (Single Edit),False,INDIFFERENT,3:26,206,rsf_gTZG4cI,2026-04-27T05:51:57Z,commit:5c97d16a
"Rocket Man (I Think It's Going To Be A Long, Long Time)",Elton John,Honky Chateau,False,INDIFFERENT,4:42,282,BdEe5SpdIuo,2026-04-27T05:47:15Z,commit:5c97d16a
I Will (Remastered 2009),The Beatles,The Beatles,False,INDIFFERENT,1:46,106,p-abNGP1BK4,2026-04-27T05:45:29Z,commit:5c97d16a
After Hours,The Velvet Underground,The Velvet Underground (45th Anniversary / Deluxe Edition),False,INDIFFERENT,2:08,128,wpU4dlroveQ,2026-04-27T05:43:21Z,commit:5c97d16a
Starman,David Bowie,The Rise and Fall of Ziggy Stardust and the Spiders from Mars,False,INDIFFERENT,4:15,255,aBKEt3MhNMM,2026-04-27T05:39:06Z,commit:5c97d16a
Oh! You Pretty Things,David Bowie,Hunky Dory,False,INDIFFERENT,3:14,194,ccMYgiSC_eQ,2026-04-27T05:35:52Z,commit:5c97d16a
Queen Bitch,David Bowie,Hunky Dory,True,LIKE,3:21,201,2_ayFz62eYE,2026-04-27T05:32:31Z,commit:5c97d16a
"Paint It, Black",The Rolling Stones,Aftermath,False,INDIFFERENT,3:23,203,170sceOWWXc,2026-04-27T05:29:08Z,commit:5c97d16a
My Body (2020 Remaster),Young the Giant,Young The Giant (10th Anniversary Edition),False,INDIFFERENT,4:05,245,T95arrUeHH4,2026-04-27T05:25:03Z,commit:5c97d16a
Don't Think About My Death,The Wood Brothers,Kingdom in My Mind,False,INDIFFERENT,3:39,219,6yVQy5Bz3pE,2026-04-27T05:21:24Z,commit:5c97d16a
Poor Rambler,Sturgill Simpson,High Top Mountain,False,INDIFFERENT,3:46,226,gsG9QO0uh-8,2026-04-27T05:17:38Z,commit:5c97d16a
Bye Bye Blues,Luiz Bonfa,The Brazilian Scene,False,INDIFFERENT,2:07,127,PuNrecwITlU,2026-04-27T05:15:31Z,commit:5c97d16a
Last of My Kind,Viv & Riley,Time Is Everything,,LIKE,4:23,263,3kC5wb_yw5Q,2026-04-27T05:11:08Z,commit:5c97d16a
Last of My Kind,Paul Burch,Last of My Kind,,LIKE,4:10,250,1Rboxn_ZFIs,2026-04-27T05:06:58Z,commit:5c97d16a
Yonder Comes a Sucker,Dori Freeman,Letters Never Read,True,LIKE,2:09,129,gXrhRW5tIsA,2026-04-27T05:04:49Z,commit:5c97d16a
"Conspiracies, Cults & UFOs",John R. Miller,"Conspiracies, Cults & UFOs",,LIKE,2:53,173,dTc_IQiUXtI,2026-04-27T05:01:56Z,commit:5c97d16a
Call to Arms,Sturgill Simpson,A Sailor's Guide to Earth,True,LIKE,5:30,330,VuiR4AtH1fc,2026-04-27T04:56:26Z,commit:5c97d16a
Tied to the Wheel,Whitney Rose,Rule 62,False,INDIFFERENT,4:41,281,TnSkeFgR9a4,2026-04-27T04:51:45Z,commit:5c97d16a
No Forever,Viv & Riley,Time Is Everything,,LIKE,3:56,236,0OOsaoO9ESE,2026-04-27T04:47:49Z,commit:5c97d16a
Insomnia Blues,John R. Miller,Heat Comes Down,True,LIKE,4:01,241,L1pRpcEhT0c,2026-04-27T04:43:48Z,commit:5c97d16a
If I Should Wander Back Tonight,"John Hartford, Tony Rice, Vassar Clements",Hartford Rice and Clements,,INDIFFERENT,3:49,229,rWek-GkaACA,2026-04-27T04:39:59Z,commit:5c97d16a
Harvest Moon (feat. AJ Lee & Blue Summit),The Brothers Comatose,Harvest Moon,False,INDIFFERENT,4:42,282,4yRxiQ7AxKw,2026-04-27T04:35:17Z,commit:5c97d16a
Shake Sugaree,Muireann Bradley,I Kept These Old Blues,True,LIKE,5:49,349,2HYgGoG2OpU,2026-04-27T04:29:28Z,commit:5c97d16a
Rich Girl,Daryl Hall & John Oates,Bigger Than Both Of Us,False,INDIFFERENT,2:23,143,IL_LiGCV82g,2026-04-27T04:27:05Z,commit:5c97d16a
Burn Me Once (from The Hunger Games: The Ballad of Songbirds & Snakes),Bella White,The Hunger Games: The Ballad of Songbirds & Snakes (Music From & Inspired By),,INDIFFERENT,3:21,201,CeYXXxSPHUc,2026-04-27T04:23:44Z,commit:5c97d16a
The Old Dun Cow,Seamus Kennedy,Let The Music Take You Home,,LIKE,3:04,184,cWft1OsrY8Y,2026-04-27T04:20:40Z,commit:5c97d16a
In the Aeroplane Over the Sea,Neutral Milk Hotel,In the Aeroplane Over the Sea,False,INDIFFERENT,3:22,202,1FeD16vu_qQ,2026-04-27T04:17:18Z,commit:5c97d16a
Okie From Muskogee,Merle Haggard,Down Every Road 1962-1994,True,LIKE,2:45,165,3dM03dG3zv4,2026-04-27T04:14:33Z,commit:5c97d16a
Nobody Has To Know Your Mind,John R. Miller,Nobody Has To Know Your Mind,False,INDIFFERENT,4:54,294,rcXYEEu3WSk,2026-04-27T04:09:39Z,commit:5c97d16a
One I Love,Jean Ritchie,Mountain Hearth & Home,False,INDIFFERENT,3:01,181,-hSXKhrmSHw,2026-04-27T04:06:38Z,commit:5c97d16a
Chimney Swifts,Brad Kolodner,Chimney Swifts,,LIKE,3:47,227,Xrf5C8vgqfs,2026-04-27T04:02:51Z,commit:5c97d16a
That's What Love Will Make You Do (Live) (feat. Jerry Garcia Band),Jerry Garcia Band,"Let it Rock: The Jerry Garcia Collection, Volume 2",,LIKE,9:48,588,KGWL7Dpk2rE,2026-04-27T03:53:03Z,commit:5c97d16a
La femme d'argent,Air,Moon Safari,,INDIFFERENT,7:07,427,wLmfNFVDa_U,2026-04-27T03:45:56Z,commit:5c97d16a
In The Waiting Line,"Sophie Barker, Zero 7",Simple Things,False,INDIFFERENT,4:31,271,G5KbL4LAUL8,2026-04-27T03:41:25Z,commit:5c97d16a
Waiting for the Sunrise,Carl Perkins,Carl Perkins & Friends,True,LIKE,2:18,138,O3WyYu0MYdw,2026-04-27T03:39:07Z,commit:5c97d16a
Little Lady,General Elektriks,Good City For Dreamers,,LIKE,4:59,299,PRSIar2a8FE,2026-04-27T03:34:08Z,commit:5c97d16a
Portland Woodchamber,Boozoo Bajou,Inner City Soul vol.1,False,LIKE,4:03,243,jOQQuGufSaU,2026-04-27T03:30:05Z,commit:5c97d16a
Look On The Bright Side Of Life (All Things Dull And Ugly),Monty Python,Monty Python's Life Of Brian,True,LIKE,3:58,238,r0kvTBbBbbY,2026-04-27T03:26:07Z,commit:5c97d16a
Bells Of Every Chapel (feat. Billy Strings),Sierra Ferrell,Bells Of Every Chapel,,LIKE,4:16,256,YGMAQw5mcqI,2026-04-27T03:21:51Z,commit:5c97d16a
The Boy Who Wouldn't Hoe Corn,Dan Tyminski,Transatlantic Sessions - Series 4: Volume Two,True,LIKE,5:54,354,mWcak8mGVVM,2026-04-27T03:15:57Z,commit:5c97d16a
I Got a Woman,Booker T. & the MG's,Green Onions,False,LIKE,3:32,212,jIMxGKbHT-4,2026-04-27T03:12:25Z,commit:5c97d16a
Dresses Too Short,Syl Johnson,Dresses Too Short,True,LIKE,2:47,167,Eu6BNfw4qXQ,2026-04-27T03:09:38Z,commit:5c97d16a
Blackberry,Pablo Moriego,Pearls,,LIKE,6:58,418,k0NEFeaHpW4,2026-04-27T03:02:40Z,commit:5c97d16a
Knob Creek,Steep Canyon Rangers,Nobody Knows You,True,LIKE,5:18,318,qR44ixdhjl0,2026-04-27T02:57:22Z,commit:5c97d16a
Grand Theft Ecstasy,Feed Me,Feed Me's Big Adventure,False,INDIFFERENT,6:12,372,bB1uxWDk68w,2026-04-27T02:51:10Z,commit:5c97d16a
Opening Act,Ugly Duckling,Taste The Secret,True,LIKE,3:55,235,E7PQekJhpfI,2026-04-27T02:47:15Z,commit:5c97d16a
I'll Tell Me Ma,Young Dubliners,With All Due Respect: The Irish Sessions,False,INDIFFERENT,2:53,173,ymFM0Idsv3o,2026-04-27T02:44:22Z,commit:5c97d16a
"10,000 Miles Away",The Skullduggers,Staggers and Jags,False,INDIFFERENT,3:25,205,gHWoWOS64y8,2026-04-27T02:40:57Z,commit:5c97d16a
Rosa Lee Blues,Tuba Skinny,Owl Call Blues,False,INDIFFERENT,4:01,241,QRmzKAPonEs,2026-04-27T02:36:56Z,commit:5c97d16a
Almost Afraid to Love,Tuba Skinny,Blue Chime Stomp,False,INDIFFERENT,4:31,271,blT21zeegko,2026-04-27T02:32:25Z,commit:5c97d16a
This is My Tree,The Lemon Twigs,Go To School,,LIKE,3:33,213,ox7HIZyVgfQ,2026-04-27T02:28:52Z,commit:5c97d16a
The Race Is On (Live),Grateful Dead,Reckoning (Live),False,INDIFFERENT,3:01,181,a1swkqvISJg,2026-04-27T02:25:51Z,commit:5c97d16a
Look It Here,Nathaniel Rateliff & The Night Sweats,Nathaniel Rateliff & The Night Sweats,False,INDIFFERENT,3:04,184,77FaOLESRTw,2026-04-27T02:22:47Z,commit:5c97d16a
East Kentucky Home,The SteelDrivers,The SteelDrivers,False,INDIFFERENT,2:40,160,3UlAeD_sFFw,2026-04-27T02:20:07Z,commit:5c97d16a
A Nickle For The Fiddler,Guy Clark,Old No. 1,False,INDIFFERENT,2:46,166,U8LtJ1VxdvM,2026-04-27T02:17:21Z,commit:5c97d16a
Cuckoo's Nest,John Hartford,"Me Oh My, How the Time Does Fly -- A John Hartford Anthology",False,INDIFFERENT,3:15,195,RiHOpy32yLQ,2026-04-27T02:14:06Z,commit:5c97d16a
I'm Going Back Home,Tuba Skinny,Some Kind-A-Shake,,INDIFFERENT,3:41,221,cSh82jyNjos,2026-04-27T02:10:25Z,commit:5c97d16a
Cannonball Blues,Tuba Skinny,Owl Call Blues,False,INDIFFERENT,2:46,166,-_QXKoRUV78,2026-04-27T02:07:39Z,commit:5c97d16a
Little Cabin Home On The Hill,Billy Strings,Me / And / Dad,False,INDIFFERENT,3:23,203,cDHFOdlN4Fs,2026-04-27T02:04:16Z,commit:5c97d16a
Big Iron,Marty Robbins,Gunfighter Ballads And Trail Songs,,INDIFFERENT,3:56,236,zzICMIu5zFY,2026-04-27T02:00:20Z,commit:5c97d16a
Just Let Go,Sturgill Simpson,Cuttin' Grass - Vol. 1 (Butcher Shoppe Sessions),False,INDIFFERENT,3:03,183,8cY-DhD3tLA,2026-04-27T01:57:17Z,commit:5c97d16a
Breaking Down,Mike Lawson & Friends,Evidence Concerning Apparitions,True,LIKE,4:00,240,uyEP5NKRQT0,2026-04-27T01:53:17Z,commit:5c97d16a
Another New World,Punch Brothers,Ahoy!,,LIKE,6:31,391,O5jhLetcHag,2026-04-27T01:46:46Z,commit:5c97d16a
Baby Gone,The Steel Wheels,Hero,False,INDIFFERENT,3:12,192,YkWh1FXJumo,2026-04-27T01:43:34Z,commit:5c97d16a
Yes I Know,The Steel Wheels,Hero,False,INDIFFERENT,2:46,166,opcCPcConCE,2026-04-27T01:40:48Z,commit:5c97d16a
Hero,The Steel Wheels,Hero,False,INDIFFERENT,3:30,210,k9utVd82A5M,2026-04-27T01:37:18Z,commit:5c97d16a
Take It Easy,Eagles,Eagles,False,INDIFFERENT,3:32,212,32Oc2d_3yEk,2026-04-27T01:33:46Z,commit:5c97d16a
Listen to the Music,The Doobie Brothers,Toulouse Street,False,INDIFFERENT,3:48,228,S3ta4T9tIUM,2026-04-27T01:29:58Z,commit:5c97d16a
Touch of Grey,Grateful Dead,In the Dark,False,INDIFFERENT,5:51,351,Ht_BfhweF4I,2026-04-27T01:24:07Z,commit:5c97d16a
"Sing Me Back Home (Live at the Fillmore West, San Francisco, CA, July 2, 1971)",Grateful Dead,Grateful Dead (Skull & Roses) [50th Anniversary Expanded Edition] (Live),False,INDIFFERENT,10:17,617,zpybdWN-0ag,2026-04-27T01:13:50Z,commit:5c97d16a
The Sixth Revelation,Shpongle,The Mystery Of The Thirteen Crystal Skulls,False,INDIFFERENT,12:17,737,SA5YNb3hlKI,2026-04-27T01:01:33Z,commit:5c97d16a
Oleander,Bluetech,Digital Singles Vol.1,False,INDIFFERENT,7:35,455,JnKhDj3r81A,2026-04-27T00:53:58Z,commit:5c97d16a
"Merle Haggard ""Call Me""","1M views, Favor Media",,,INDIFFERENT,4:18,258,kKKtOqy6z0Y,2026-04-27T00:49:40Z,commit:5c97d16a
Ginseng Sullivan,Phish,Phish: Star Lake '98,False,INDIFFERENT,3:59,239,0NlVuPivp1o,2026-04-27T00:45:41Z,commit:5c97d16a
I May Be Used (But Baby I Ain't Used Up),Waylon Jennings,Waylon and Company,False,INDIFFERENT,2:58,178,dERUzEtsEuw,2026-04-27T00:42:43Z,commit:5c97d16a
How the Web Was Woven (Take 1),Elvis Presley,From Elvis in Nashville,False,INDIFFERENT,5:21,321,LUCAbF6w-lg,2026-04-27T00:37:22Z,commit:5c97d16a
Julius,Phish,Phish: Star Lake '98,False,INDIFFERENT,9:50,590,Kuxj6SYndp0,2026-04-27T00:27:32Z,commit:5c97d16a
Texas (When I Die),Tanya Tucker,TNT,False,INDIFFERENT,4:52,292,B2AHpJ7XXKI,2026-04-27T00:22:40Z,commit:5c97d16a
Blue Eyes Crying In the Rain,Willie Nelson,Red Headed Stranger,False,INDIFFERENT,2:19,139,2_I6gG2e4_A,2026-04-27T00:20:21Z,commit:5c97d16a
Slide off of Your Satin Sheets,Johnny Paycheck,Super Hits,False,INDIFFERENT,2:55,175,0UI2ir6RwPo,2026-04-27T00:17:26Z,commit:5c97d16a
The King Is Gone (So Are You),George Jones,The Essential George Jones: The Spirit Of Country,False,INDIFFERENT,3:22,202,XB2Bg7x5IEQ,2026-04-27T00:14:04Z,commit:5c97d16a
The Year That Clayton Delaney Died,Tom T. Hall,In Search Of A Song,False,INDIFFERENT,2:45,165,rcSUIkglCQw,2026-04-27T00:11:19Z,commit:5c97d16a
Drinkin' and Drivin',Johnny Paycheck,Biggest Hits,False,INDIFFERENT,3:03,183,QRHjQJMMeig,2026-04-27T00:08:16Z,commit:5c97d16a
She's All I Got,Johnny Paycheck,She's All I Got,False,INDIFFERENT,2:57,177,wbzgZ2OxuNE,2026-04-27T00:05:19Z,commit:5c97d16a
Heaven Was A Drink Of Wine,Merle Haggard,Serving 190 Proof,False,INDIFFERENT,2:51,171,JQCHIe3ypmA,2026-04-27T00:02:28Z,commit:5c97d16a
Turn The Page,Waylon Jennings,Turn The Page,False,INDIFFERENT,4:37,277,aYmrx9sfvlY,2026-04-26T23:57:51Z,commit:5c97d16a
Honky Tonkin',Hank Williams Jr.,Living Proof: The MGM Recordings 1963 - 1975,False,INDIFFERENT,2:30,150,0mxYYiMB7As,2026-04-26T23:55:21Z,commit:5c97d16a
Take This job And Shove It,Johnny Paycheck,Biggest Hits,False,INDIFFERENT,2:36,156,4RIaXt3fJWw,2026-04-26T23:52:45Z,commit:5c97d16a
The Promise,Sturgill Simpson,Metamodern Sounds in Country Music,False,INDIFFERENT,4:18,258,bEenmXxzBco,2026-04-26T23:48:27Z,commit:5c97d16a
Leaving Louisiana In The Broad Daylight,The Oak Ridge Boys,The Oak Ridge Boys Have Arrived,False,INDIFFERENT,3:00,180,PVjXYjyxWTg,2026-04-26T23:45:27Z,commit:5c97d16a
Hard Headed Me,Roger Miller,King Of The Road: The Genius Of Roger Miller,False,INDIFFERENT,2:33,153,Jxl2sCuKdj0,2026-04-26T23:42:54Z,commit:5c97d16a
Loving Arms,Elvis Presley,Good Times,False,INDIFFERENT,2:50,170,0Win1QEVAp4,2026-04-26T23:40:04Z,commit:5c97d16a
Fox On The Run,Tom T. Hall,The Magnificent Music Machine,False,INDIFFERENT,2:05,125,Ks1EyAuVuWY,2026-04-26T23:37:59Z,commit:5c97d16a
Colorado Cool-Aid,Johnny Paycheck,Biggest Hits,False,INDIFFERENT,3:36,216,eqhFuz_bF2w,2026-04-26T23:34:23Z,commit:5c97d16a
Why You Been Gone so Long,Jessi Colter,A Country Star Is Born,False,INDIFFERENT,3:06,186,FaieoS6sPpI,2026-04-26T23:31:17Z,commit:5c97d16a
Georgia On My Mind,Willie Nelson,Stardust,False,INDIFFERENT,4:20,260,m4GgHvDzalw,2026-04-26T23:26:57Z,commit:5c97d16a
Sing Me Back Home (Re-Recorded In Stereo),Merle Haggard,20 Hits,False,INDIFFERENT,2:52,172,chXHi57yAVU,2026-04-26T23:24:05Z,commit:5c97d16a
Shine,Waylon Jennings,Black On Black,False,INDIFFERENT,2:52,172,ZoEidrMac2o,2026-04-26T23:21:13Z,commit:5c97d16a
Sigma Oasis >,Phish,"2023-12-30 New York, NY - Madison Square Garden (MTX)",,INDIFFERENT,6:51,411,zYG8honqnks,2026-04-26T23:14:22Z,commit:5c97d16a
Also Sprach Zarathustra,Phish,"2023-12-30 New York, NY - Madison Square Garden (MTX)",,INDIFFERENT,8:40,520,DZmKdObsOuA,2026-04-26T23:05:42Z,commit:5c97d16a
Golden Age >,Phish,"2023-12-30 New York, NY - Madison Square Garden (MTX)",,INDIFFERENT,9:55,595,gDrDv4TlhXI,2026-04-26T22:55:47Z,commit:5c97d16a
Piper,Phish,"2023-12-30 New York, NY - Madison Square Garden (MTX)",,INDIFFERENT,9:51,591,_2IRTsI2qnA,2026-04-26T22:45:56Z,commit:5c97d16a
Twist,Phish,"2023-12-30 New York, NY - Madison Square Garden (MTX)",,INDIFFERENT,9:45,585,SuwvxZxlZEE,2026-04-26T22:36:11Z,commit:5c97d16a
Tweezer,Phish,"2023-12-30 New York, NY - Madison Square Garden (MTX)",,INDIFFERENT,13:11,791,0o9DhcyP0Yo,2026-04-26T22:23:00Z,commit:5c97d16a
Never Mind Bo Peep,Laurel & Hardy,Trail Of The Lonesome Pine,False,INDIFFERENT,3:55,235,QGzPl94Ablw,2026-04-26T22:19:05Z,commit:5c97d16a
I Want To Go Back To Michigan,Laurel & Hardy,Trail Of The Lonesome Pine,False,INDIFFERENT,1:31,91,rNUm9oBJwwY,2026-04-26T22:17:34Z,commit:5c97d16a
"At The Ball, That's All",Laurel & Hardy,Trail Of The Lonesome Pine,False,INDIFFERENT,2:04,124,1osNy2oSELI,2026-04-26T22:15:30Z,commit:5c97d16a
The Heart Of A Gypsy,Laurel & Hardy,Trail Of The Lonesome Pine,False,INDIFFERENT,1:47,107,gDTbI_RbfXk,2026-04-26T22:13:43Z,commit:5c97d16a
The Mousetrap Song,Laurel & Hardy,Trail Of The Lonesome Pine,False,INDIFFERENT,0:30,30,5kCI2cD-Nh0,2026-04-26T22:13:13Z,commit:5c97d16a
Honolulu Baby,Laurel & Hardy,Trail Of The Lonesome Pine,False,INDIFFERENT,2:10,130,19w6lofhlHQ,2026-04-26T22:11:03Z,commit:5c97d16a
Shine On Harvest Moon,Laurel & Hardy,Trail Of The Lonesome Pine,False,INDIFFERENT,1:16,76,BM5W-nGBTW8,2026-04-26T22:09:47Z,commit:5c97d16a
Swing Along Children,Laurel & Hardy,Trail Of The Lonesome Pine,False,INDIFFERENT,1:05,65,soCHCcbkV8k,2026-04-26T22:08:42Z,commit:5c97d16a
Trail Of The Lonesome Pine,Laurel & Hardy,Trail Of The Lonesome Pine,True,LIKE,2:04,124,5nVOwQRUvNs,2026-04-26T22:06:38Z,commit:5c97d16a
Cry Me A River,Julie London,Julie Is Her Name,False,INDIFFERENT,2:59,179,gCGNYJOrebA,2026-04-26T22:03:39Z,commit:5c97d16a
"Yes, Yes (My Baby Said Yes)",Ambrose & His Orchestra,The Very Best Of,False,INDIFFERENT,2:44,164,NYWZaYDUguA,2026-04-26T22:00:55Z,commit:5c97d16a
Traditional: Joshua Fit De Battle Ob Jericho,Paul Robeson,Paul Robeson: The Complete EMI Sessions 1928-1939,False,INDIFFERENT,2:02,122,_rlyZxPYVKU,2026-04-26T21:58:53Z,commit:5c97d16a
"Goodbye Little Dream, Goodbye",Jack Hylton & His Orchestra,I Get a Kick out of You - Great British Dance Bands Play Cole Porter (1935 - 1938),False,INDIFFERENT,3:15,195,xPcdz1t1nyI,2026-04-26T21:55:38Z,commit:5c97d16a
The Girl Friend,George Olson & His Music,The Very Best Of,False,INDIFFERENT,2:52,172,WlLGKDGTc1c,2026-04-26T21:52:46Z,commit:5c97d16a
Ain't Misbehavin',Arthur Young,Two 4 Jazz,False,INDIFFERENT,2:29,149,-R9nNN_T_z8,2026-04-26T21:50:17Z,commit:5c97d16a
Five O'Clock Whistle (feat. Marjorie Kingsley),Harry Roy and His Band,"Big Band Hits, Vol. 2",False,INDIFFERENT,2:16,136,hyNwgp89x4o,2026-04-26T21:48:01Z,commit:5c97d16a
Everybody Loves My Baby,The Boswell Sisters,The Boswell Sisters Collection Pt. 1,False,INDIFFERENT,2:20,140,zDrFzmyOBkQ,2026-04-26T21:45:41Z,commit:5c97d16a
Jeepers Creepers,Paul Whiteman & His Swing Wing,The Dance Band Days,False,INDIFFERENT,2:17,137,DbduGgaKkmM,2026-04-26T21:43:24Z,commit:5c97d16a
CARAVAN,BLUEGRASS QUINTET,Live in Japan 76,,INDIFFERENT,6:50,410,fU9V6Afq_Ig,2026-04-26T21:36:34Z,commit:5c97d16a
NEW CAMPTOWN RACES,BLUEGRASS QUINTET,Live in Japan 76,,INDIFFERENT,3:22,202,Ci9D45EFyb4,2026-04-26T21:33:12Z,commit:5c97d16a
LIMEHOUSE BLUES,David Grisman Quintet,Live At The Gamh 1979,,LIKE,3:55,235,kUYj4vJAQ2U,2026-04-26T21:29:17Z,commit:5c97d16a
Caravan,Bill Keith,"Something Auld, Something Newgrass, Something Borrowed, Something Bluegrass",False,INDIFFERENT,5:19,319,krZWozSZnLk,2026-04-26T21:23:58Z,commit:5c97d16a
Bit,Reginald Foresythe And His New Music,Pennies from Heaven - Original Soundtrack to the BBC Tv Series,False,INDIFFERENT,2:48,168,gHKhclt_AaY,2026-04-26T21:21:10Z,commit:5c97d16a
I'll Get By (As Long As I Have You),Peggy Lee,Mink Jazz (Expanded Edition),False,INDIFFERENT,2:21,141,bvLZc3C0za8,2026-04-26T21:18:49Z,commit:5c97d16a
"Come On, Be Happy",Jack Jackson & His Orchestra,Charleston All Night! The Very Best Of,False,INDIFFERENT,2:49,169,I5UP5fkBjNI,2026-04-26T21:16:00Z,commit:5c97d16a
Stardust,Hoagy Carmichael,The Stardust Road,False,INDIFFERENT,2:27,147,COrHHeoaNAo,2026-04-26T21:13:33Z,commit:5c97d16a
I'll Get By (As Long As I Have You),Peggy Lee,Mink Jazz (Expanded Edition),False,INDIFFERENT,2:21,141,bvLZc3C0za8,2026-04-26T21:11:12Z,commit:5c97d16a
"Come On, Be Happy",Jack Jackson & His Orchestra,Charleston All Night! The Very Best Of,False,INDIFFERENT,2:49,169,I5UP5fkBjNI,2026-04-26T21:08:23Z,commit:5c97d16a
Stardust,Hoagy Carmichael,The Stardust Road,False,INDIFFERENT,2:27,147,COrHHeoaNAo,2026-04-26T21:05:56Z,commit:5c97d16a
Cheek to Cheek,Lew Stone,The Dance Band Days,False,INDIFFERENT,3:04,184,5BRUyLCYNgE,2026-04-26T21:02:52Z,commit:5c97d16a
Cheek to Cheek,Lew Stone,The Dance Band Days,False,INDIFFERENT,3:04,184,5BRUyLCYNgE,2026-04-26T20:59:48Z,commit:5c97d16a
Love Is Good for Anything That Ails You,Orlando and His Gleneagles Hotel Orchestra,Pennies from Heaven - Original Soundtrack to the BBC Tv Series,False,INDIFFERENT,2:31,151,iLqCAMoaDCs,2026-04-26T20:57:17Z,commit:5c97d16a
Fanlight Fanny,George Formby,Leaning On A Lamp Post - Greatest Hits,False,INDIFFERENT,3:02,182,aPsnWtVSPt0,2026-04-26T20:54:15Z,commit:5c97d16a
Mood Indigo (Piano Duet),"Arthur Young, Reginald Foresythe","The Serenades, Lullabyes and Melancholia of Reginald Foresythe",False,INDIFFERENT,2:52,172,QFrUp-PWszE,2026-04-26T20:51:23Z,commit:5c97d16a
Solitude (Piano Duet),"Arthur Young, Reginald Foresythe","The Serenades, Lullabyes and Melancholia of Reginald Foresythe",False,INDIFFERENT,2:50,170,M-pyBpOM11M,2026-04-26T20:48:33Z,commit:5c97d16a
Volcanic (Eruption for Orchestra),Reginald Foresythe,"The Serenades, Lullabyes and Melancholia of Reginald Foresythe",False,INDIFFERENT,2:58,178,wxZqQJy5sGw,2026-04-26T20:45:35Z,commit:5c97d16a
Volcanic (Eruption for Orchestra),Reginald Foresythe,"The Serenades, Lullabyes and Melancholia of Reginald Foresythe",False,INDIFFERENT,2:58,178,wxZqQJy5sGw,2026-04-26T20:42:37Z,commit:5c97d16a
Bit,Reginald Foresythe,"The Serenades, Lullabyes and Melancholia of Reginald Foresythe",False,INDIFFERENT,2:47,167,RTR5PQDNLH0,2026-04-26T20:39:50Z,commit:5c97d16a
The Greener the Grass,Reginald Foresythe,"The Serenades, Lullabyes and Melancholia of Reginald Foresythe",False,INDIFFERENT,2:58,178,yPl2Hr-SI4c,2026-04-26T20:36:52Z,commit:5c97d16a
Revolt of the Yes-Men,Reginald Foresythe,"The Serenades, Lullabyes and Melancholia of Reginald Foresythe",False,INDIFFERENT,2:41,161,jlpiCxV4TE0,2026-04-26T20:34:11Z,commit:5c97d16a
Lullaby (For Mildred Bailey),Reginald Foresythe,"The Serenades, Lullabyes and Melancholia of Reginald Foresythe",False,INDIFFERENT,3:18,198,0A8iQB8AvAo,2026-04-26T20:30:53Z,commit:5c97d16a
St. Louis Blues (Solo Piano),Reginald Foresythe,"The Serenades, Lullabyes and Melancholia of Reginald Foresythe",False,INDIFFERENT,2:58,178,-Ri2Vn8-MRk,2026-04-26T20:27:55Z,commit:5c97d16a
Lament for Congo (A Hymn to Darkness #2),Reginald Foresythe,"The Serenades, Lullabyes and Melancholia of Reginald Foresythe",False,INDIFFERENT,2:53,173,8yvpEC_Ybr4,2026-04-26T20:25:02Z,commit:5c97d16a
Deep Forest (A Hymn to Darkness #1),Reginald Foresythe,"The Serenades, Lullabyes and Melancholia of Reginald Foresythe",False,INDIFFERENT,3:05,185,pGG2HHmV0qM,2026-04-26T20:21:57Z,commit:5c97d16a
Berceuse for an Unwanted Child,Reginald Foresythe,"The Serenades, Lullabyes and Melancholia of Reginald Foresythe",False,INDIFFERENT,2:46,166,1wWGIYctx-k,2026-04-26T20:19:11Z,commit:5c97d16a
Follow the Sun (Piano Duet),"Arthur Young, Reginald Foresythe","The Serenades, Lullabyes and Melancholia of Reginald Foresythe",False,INDIFFERENT,2:41,161,aDfQwrUWdws,2026-04-26T20:16:30Z,commit:5c97d16a
The Duke Insists,Reginald Foresythe,"The Serenades, Lullabyes and Melancholia of Reginald Foresythe",False,INDIFFERENT,2:44,164,NcOE-KHSxc0,2026-04-26T20:13:46Z,commit:5c97d16a
The Melancholy Clown,Reginald Foresythe,"The Serenades, Lullabyes and Melancholia of Reginald Foresythe",False,INDIFFERENT,2:49,169,x4CP1ZF4Y6k,2026-04-26T20:10:57Z,commit:5c97d16a
The Autocrat Before Breakfast,Reginald Foresythe,"The Serenades, Lullabyes and Melancholia of Reginald Foresythe",False,INDIFFERENT,2:49,169,PwwpYtcJGQk,2026-04-26T20:08:08Z,commit:5c97d16a
Because It's Love (For Elisabeth Welch) (Solo Piano),Reginald Foresythe,"The Serenades, Lullabyes and Melancholia of Reginald Foresythe",False,INDIFFERENT,3:13,193,PLyNN7rf14s,2026-04-26T20:04:55Z,commit:5c97d16a
Burlesque,Reginald Foresythe,"The Serenades, Lullabyes and Melancholia of Reginald Foresythe",False,INDIFFERENT,2:47,167,Ni6pcRbFfRw,2026-04-26T20:02:08Z,commit:5c97d16a
Garden of Weed,Reginald Foresythe,"The Serenades, Lullabyes and Melancholia of Reginald Foresythe",False,INDIFFERENT,2:51,171,NYs27CbFJvU,2026-04-26T19:59:17Z,commit:5c97d16a
Angry Jungle,Reginald Foresythe,"The Serenades, Lullabyes and Melancholia of Reginald Foresythe",False,INDIFFERENT,2:45,165,0h3wIQNl6iI,2026-04-26T19:56:32Z,commit:5c97d16a
Tonight at 8: 30 (Piano Duet),"Arthur Young, Reginald Foresythe","The Serenades, Lullabyes and Melancholia of Reginald Foresythe",False,INDIFFERENT,3:06,186,LSZwp_mzbfo,2026-04-26T19:53:26Z,commit:5c97d16a
Dodging a Divorcee,Reginald Foresythe,"The Serenades, Lullabyes and Melancholia of Reginald Foresythe",False,INDIFFERENT,3:03,183,FZHJxAfCu60,2026-04-26T19:50:23Z,commit:5c97d16a
Serenade for a Wealthy Widow,Reginald Foresythe,"The Serenades, Lullabyes and Melancholia of Reginald Foresythe",False,INDIFFERENT,2:52,172,yXT4qgGlElg,2026-04-26T19:47:31Z,commit:5c97d16a
Tiger Rag (Piano Duet),"Arthur Young, Reginald Foresythe","The Serenades, Lullabyes and Melancholia of Reginald Foresythe",False,INDIFFERENT,2:30,150,ZgGWbBskUb8,2026-04-26T19:45:01Z,commit:5c97d16a
Breaking Down,Mike Lawson & Friends,Evidence Concerning Apparitions,True,LIKE,4:00,240,uyEP5NKRQT0,2026-04-26T19:41:01Z,commit:5c97d16a
Loretta,Townes Van Zandt,Flyin' Shoes,False,INDIFFERENT,3:56,236,9ZhYqYuhiys,2026-04-26T19:37:05Z,commit:5c97d16a
Can't Help But Wonder Where I'm Bound (Acoustic),Moonalice,Mother & Child,False,INDIFFERENT,3:57,237,4S3as0jgjbE,2026-04-26T19:33:08Z,commit:5c97d16a
Sally Goodin',Nat Keefe with The Bow Ties,Sally Goodin',False,INDIFFERENT,3:50,230,X_DgAiTRuSU,2026-04-26T19:29:18Z,commit:5c97d16a
Our Life's Work,Chuck Darwin and The Knuckledraggers,Three Car Pileup,,LIKE,2:35,155,p2iKO2q8_8g,2026-04-26T19:26:43Z,commit:5c97d16a
'39,Queen,A Night At The Opera (Deluxe Remastered Version),False,INDIFFERENT,3:31,211,Gkdi-vkMGz4,2026-04-26T19:23:12Z,commit:5c97d16a
Beer Taste Good,Casey Donahew,Built Different,False,INDIFFERENT,3:11,191,s-sv27tIAQo,2026-04-26T19:20:01Z,commit:5c97d16a
"Holland, 1945",Neutral Milk Hotel,In the Aeroplane Over the Sea,False,INDIFFERENT,3:12,192,3eNK38nmzw4,2026-04-26T19:16:49Z,commit:5c97d16a
S.O.B.,Nathaniel Rateliff & The Night Sweats,Nathaniel Rateliff & The Night Sweats,False,DISLIKE,4:08,248,OhEWoKttcEI,2026-04-26T19:12:41Z,commit:5c97d16a
Out On The Weekend (Live),Nathaniel Rateliff & The Night Sweats,Live At Red Rocks,False,INDIFFERENT,4:00,240,JT11y0bx7gs,2026-04-26T19:08:41Z,commit:5c97d16a
All My Rowdy Friends Are Coming Over Tonight,"Hank Williams, Jr.",Major Moves,False,INDIFFERENT,2:58,178,kjgc90Yf0as,2026-04-26T19:05:43Z,commit:5c97d16a
Rocky Top,Phish,Amsterdam,,INDIFFERENT,3:12,192,G7Xsla0GjWM,2026-04-26T19:02:31Z,commit:5c97d16a
Call to Arms,Sturgill Simpson,A Sailor's Guide to Earth,True,LIKE,5:30,330,VuiR4AtH1fc,2026-04-26T18:57:01Z,commit:5c97d16a
Around the World (Radio Edit),Daft Punk,Around the World,False,INDIFFERENT,4:02,242,ARfJ55bUAw0,2026-04-26T18:52:59Z,commit:5c97d16a
Peach (Xtended Jam) (Live from One Nite Alone Tour...The Aftershow),Prince,One Nite Alone... The Aftershow: It Ain't Over! (Up Late with Prince & The NPG) (Live),,INDIFFERENT,11:20,680,s1TwexjiZMc,2026-04-26T18:41:39Z,commit:5c97d16a
Alphabet Street (Live from One Nite Alone Tour...The Aftershow),Prince,One Nite Alone... The Aftershow: It Ain't Over! (Up Late with Prince & The NPG) (Live),,LIKE,2:56,176,vtsZQtkFb9U,2026-04-26T18:38:43Z,commit:5c97d16a
Old Joe Clark,John Hartford,Morning Bugle,True,LIKE,5:53,353,2yneC-iAHWM,2026-04-26T18:32:50Z,commit:5c97d16a
The Poor Old Prurient Interest Blues,John Hartford,John Hartford,False,INDIFFERENT,2:41,161,DM6R598w4XY,2026-04-26T18:30:09Z,commit:5c97d16a
Honky Tonk Heroes,Waylon Jennings,Honky Tonk Heroes,False,INDIFFERENT,3:36,216,SRJhsYf-jok,2026-04-26T18:26:33Z,commit:5c97d16a
She's All I Got,Johnny Paycheck,Columbia Country Classics - Volume 4: The Nashville Sound,False,INDIFFERENT,2:54,174,P_9ooCUgBWQ,2026-04-26T18:23:39Z,commit:5c97d16a
Large Garbage Barge,Jacob Jolliff,The Jacob Jolliff Band,,LIKE,3:58,238,umeEbTDnwb0,2026-04-26T18:19:41Z,commit:5c97d16a
Tweezer,Phish,"2023-12-30 New York, NY - Madison Square Garden (MTX)",,INDIFFERENT,13:11,791,0o9DhcyP0Yo,2026-04-26T18:06:30Z,commit:5c97d16a
The Well >,Phish,"2023-12-30 New York, NY - Madison Square Garden (MTX)",,INDIFFERENT,6:23,383,7fhU-ExQTV0,2026-04-26T18:00:07Z,commit:5c97d16a
Tweezer,Phish,"2023-12-30 New York, NY - Madison Square Garden (MTX)",,INDIFFERENT,13:11,791,0o9DhcyP0Yo,2026-04-26T17:46:56Z,commit:5c97d16a
The Well >,Phish,"2023-12-30 New York, NY - Madison Square Garden (MTX)",,INDIFFERENT,6:23,383,7fhU-ExQTV0,2026-04-26T17:40:33Z,commit:5c97d16a
Life Saving Gun,Phish,"2023-12-30 New York, NY - Madison Square Garden (MTX)",,INDIFFERENT,13:23,803,1Ft85g_s0v0,2026-04-26T17:27:10Z,commit:5c97d16a
It’s Ice >,Phish,"2023-12-30 New York, NY - Madison Square Garden (MTX)",,INDIFFERENT,7:41,461,f0ES4ST-0UA,2026-04-26T17:19:29Z,commit:5c97d16a
Train Song,Phish,"2023-12-30 New York, NY - Madison Square Garden (MTX)",,INDIFFERENT,2:47,167,lnfW_a75d-Y,2026-04-26T17:16:42Z,commit:5c97d16a
Fuego >,Phish,"2023-12-30 New York, NY - Madison Square Garden (MTX)",,INDIFFERENT,16:38,998,7RAxFl4zp9w,2026-04-26T17:00:04Z,commit:5c97d16a
Kill Devil Falls,Phish,"2023-12-30 New York, NY - Madison Square Garden (MTX)",,INDIFFERENT,8:25,505,yw6iO0CaVXw,2026-04-26T16:51:39Z,commit:5c97d16a
Undermind,Phish,"2023-12-30 New York, NY - Madison Square Garden (MTX)",,INDIFFERENT,8:48,528,QziLO_5n-L8,2026-04-26T16:42:51Z,commit:5c97d16a
Turtle In The Clouds,Phish,"2023-12-30 New York, NY - Madison Square Garden (MTX)",,INDIFFERENT,6:58,418,Xs-1m4qSgyA,2026-04-26T16:35:53Z,commit:5c97d16a
Wolfman’s Brother,Phish,"2023-12-30 New York, NY - Madison Square Garden (MTX)",,INDIFFERENT,11:21,681,A3F_OxZ-a9k,2026-04-26T16:24:32Z,commit:5c97d16a
Backwards Down The Number Line,Phish,"2023-12-30 New York, NY - Madison Square Garden (MTX)",,INDIFFERENT,7:13,433,4OUBNm4-MSo,2026-04-26T16:17:19Z,commit:5c97d16a
Misty,Johnny Mathis,Heavenly,False,INDIFFERENT,3:37,217,Ytb_T7eTAKI,2026-04-26T16:13:42Z,commit:5c97d16a
My One And Only Love,"John Coltrane, Johnny Hartman",John Coltrane And Johnny Hartman,False,INDIFFERENT,4:56,296,fue4mYwJjeU,2026-04-26T16:08:46Z,commit:5c97d16a
Desafinado,"João Gilberto, Stan Getz",Getz/Gilberto,False,INDIFFERENT,4:16,256,oqHONL-LZ58,2026-04-26T16:04:30Z,commit:5c97d16a
A Taste of Honey,Paul Desmond,Glad To Be Unhappy,False,INDIFFERENT,4:26,266,0gOX4W2PNGM,2026-04-26T16:00:04Z,commit:5c97d16a
Dream Girl,Luiz Bonfa,The Brazilian Scene,False,INDIFFERENT,2:49,169,fLnerWnHfXE,2026-04-26T15:57:15Z,commit:5c97d16a
Sambalero,Luiz Bonfa,The Brazilian Scene,False,INDIFFERENT,2:14,134,XBzhHrWjptk,2026-04-26T15:55:01Z,commit:5c97d16a
Her Face,Luiz Bonfa,The Brazilian Scene,False,INDIFFERENT,3:15,195,cOc1Mas0WdI,2026-04-26T15:51:46Z,commit:5c97d16a
Bye Bye Blues,Luiz Bonfa,The Brazilian Scene,False,INDIFFERENT,2:07,127,PuNrecwITlU,2026-04-26T15:49:39Z,commit:5c97d16a
"21 Hungarian Dances, WoO 1: XIX. Allegretto",London Festival Orchestra,The Classical Colletion - Brahms - Obras maestras orquestrales,False,INDIFFERENT,2:02,122,ml_49lmbOmc,2026-04-26T15:47:37Z,commit:5c97d16a
"Prokofiev: Symphony No. 1 in D, Op. 25 ""Classical Symphony"" - 3. Gavotta (Non troppo allegro)","London Symphony Orchestra, Sergei Prokofiev, Walter Weller",Prokofiev: Complete Symphonies,False,INDIFFERENT,1:38,98,5tER-fRpvuI,2026-04-26T15:45:59Z,commit:5c97d16a
"Vivaldi: Concerto for Violin and Strings in G minor, Op. 8, No. 2, R.315 ""L'estate"" - 3. Presto (Tempo impetuoso d'estate)","Felix Ayo, I Musici",Vivaldi: Le Quattro Stagioni (The 4 Seasons),False,INDIFFERENT,3:16,196,hkDwOv-MIHE,2026-04-26T15:42:43Z,commit:5c97d16a
"Holst: The Planets, Op. 32 - 4. Jupiter, the Bringer of Jollity","Berliner Philharmoniker, Gustav Holst, Herbert von Karajan",Holst: The Planets,False,INDIFFERENT,7:36,456,wvfz23jZz6c,2026-04-26T15:35:07Z,commit:5c97d16a
"The 4 Seasons, Op. 8/4, RV 297, ""Winter""",St. Mark's Philharmonic Orchestra,Vivaldi: All Time Greatest Moments,False,INDIFFERENT,9:25,565,_FeJFs6LJjU,2026-04-26T15:25:42Z,commit:5c97d16a
Star of Bethlehem (Instrumental),John Williams,Home Alone (Original Motion Picture Soundtrack) (Anniversary Edition),False,INDIFFERENT,2:52,172,KIUtb696uhs,2026-04-26T15:22:50Z,commit:5c97d16a
"The Nutcracker, Op. 71, Act I, Scene 2: No. 9, Waltz of the Snowflakes (feat. Libera)","Berliner Philharmoniker, Sir Simon Rattle",Tchaikovsky: The Nutcracker (Discovery Edition),False,INDIFFERENT,6:41,401,fo3yFy-roR8,2026-04-26T15:16:09Z,commit:5c97d16a
"Elgar: Variations on an Original Theme, Op. 36 ""Enigma"" - Theme (Andante)","Giuseppe Sinopoli, Philharmonia Orchestra",Elgar: Enigma Variations; Cello Concerto; Serenade For Strings,False,INDIFFERENT,1:34,94,BrbtzlPijKo,2026-04-26T15:14:35Z,commit:5c97d16a
"Tchaikovsky: Swan Lake, Op. 20, TH.12 / Act 2 - No. 10 Scène (Moderato)","Charles Dutoit, Orchestre symphonique de Montréal, Pyotr Ilyich Tchaikovsky",Tchaikovsky: Swan Lake,False,INDIFFERENT,2:56,176,ItMDZDExhKw,2026-04-26T15:11:39Z,commit:5c97d16a
Elvira Madigan (Andante),Paul Brooks,Meditation,False,INDIFFERENT,2:18,138,xp4nYG441ho,2026-04-26T15:09:21Z,commit:5c97d16a
Beethoven: Speaking Unto Nations (Beethoven Symphony no 7 - II ),Terry Davies,The King's Speech (International Version),False,INDIFFERENT,5:03,303,FpCr4Z1iK54,2026-04-26T15:04:18Z,commit:5c97d16a
"Beethoven - Symphony No.7 in A major op.92 - II, Allegretto","16M views, neuIlaryRheinKlange",,,INDIFFERENT,8:47,527,vCHREyE5GzQ,2026-04-26T14:55:31Z,commit:5c97d16a
"Prokofiev: Romeo and Juliet, Op. 64 / Act 1 - Dance Of The Knights","Lorin Maazel, Sergei Prokofiev, The Cleveland Orchestra",Prokofiev: Romeo & Juliet,False,INDIFFERENT,5:08,308,XX6GHiFKovw,2026-04-26T14:50:23Z,commit:5c97d16a
Moment Musical in F Minor,Alfred Scholz,133 Finest Moments in Classical,False,INDIFFERENT,1:54,114,gq5zokNDNI4,2026-04-26T14:48:29Z,commit:5c97d16a
"16 Waltzes, Op. 39: No. 15 in A-Flat Major",Moura Lympany,Piano Favorites,False,INDIFFERENT,1:40,100,e1kZKGGIueE,2026-04-26T14:46:49Z,commit:5c97d16a
"Swan Lake Op, 20, Act II: No. 10 Szene",London Concert Orchestra,The Best Of Tchaikovsky,False,INDIFFERENT,3:17,197,ogCb_oxMI-8,2026-04-26T14:43:32Z,commit:5c97d16a
Bizet: Carmen Suite No. 1 - Les toréadors,"London Symphony Orchestra, Sir Neville Marriner",Music From The Heart Of Spain,False,INDIFFERENT,2:21,141,T0PggZQihFA,2026-04-26T14:41:11Z,commit:5c97d16a
"16 Waltzes, Op. 39: No. 15 in A-Flat Major",Idil Biret,"Brahms: Hungarian Dances - Waltzes, Op. 39",False,INDIFFERENT,1:34,94,3Hf8ul1hibc,2026-04-26T14:39:37Z,commit:5c97d16a
"The Nutcracker, Op. 71, Act II: No. 13, Waltz of the Flowers","Berliner Philharmoniker, Sir Simon Rattle",Tchaikovsky: The Nutcracker,False,INDIFFERENT,6:56,416,9LEZA9IQDDs,2026-04-26T14:32:41Z,commit:5c97d16a
"The Nutcracker, Op. 71, Act II: No. 15, Final Waltz and Apotheosis","Berliner Philharmoniker, Sir Simon Rattle",Tchaikovsky: The Nutcracker,False,INDIFFERENT,4:52,292,8B3RoWA4xUU,2026-04-26T14:27:49Z,commit:5c97d16a
"Messiah: Part I, No 4. And the Glory of the Lord","London Symphony Orchestra, Sir Colin Davis, Tenebrae Choir",Handel: Messiah,False,INDIFFERENT,2:45,165,4_3cnpfs0aQ,2026-04-26T14:25:04Z,commit:5c97d16a
"The Four Seasons, Violin Concerto in F Minor, Op. 8 No. 4, RV 297 ""Winter"": II. Largo (feat. I Solisti dell'Orchestra Filarmonica della Scala & Robert Kettelson)",Giulio Franzetti,Vivaldi: The Four Seasons etc.,False,INDIFFERENT,2:35,155,uXrPTUXOptg,2026-04-26T14:22:29Z,commit:5c97d16a
"Water Music - Suite #1 In F, HWV 348 - Alla Hornpipe",Jordi Savall,Haendel: Water Music & Music for the Royal Fireworks,False,INDIFFERENT,4:04,244,SsM25EBXN58,2026-04-26T14:18:25Z,commit:5c97d16a
"Handel: Zadok the Priest (Coronation Anthem No. 1, HWV 258)","Simon Preston, The Choir of Westminster Abbey, The English Concert, Trevor Pinnock",Handel: Coronation Anthems; Concerti a Due Cori,True,LIKE,5:24,324,y0hJP245LyI,2026-04-26T14:13:01Z,commit:5c97d16a
Rocky Road Blues,Hot Rize,Take It Home,False,INDIFFERENT,2:15,135,XN02hU2TOX4,2026-04-26T14:10:46Z,commit:5c97d16a
Twin Sisters,Doc & Merle Watson,Down South,,INDIFFERENT,1:40,100,sX06bB3hYFo,2026-04-26T14:09:06Z,commit:5c97d16a
Fiddler's Dram / Whiskey Before Breakfast,Norman Blake,Whiskey Before Breakfast,,INDIFFERENT,3:34,214,wJVEohgugU4,2026-04-26T14:05:32Z,commit:5c97d16a
New Chance Blues,"Norman Blake, Tony Rice",Blake & Rice,,INDIFFERENT,2:16,136,0Cgr6BoZDdM,2026-04-26T14:03:16Z,commit:5c97d16a
Yellow Barber (Live),John Hartford,Live From Mountain Stage,,INDIFFERENT,1:41,101,U56w_7vk80k,2026-04-26T14:01:35Z,commit:5c97d16a
Cluck Old Hen,"Dirk Powell, John Hermann, Tim O'Brien",Songs From The Mountain,,INDIFFERENT,2:04,124,LtdHBnYFnp0,2026-04-26T13:59:31Z,commit:5c97d16a
June Apple,Brittany Haas,Brittany Haas,False,INDIFFERENT,2:59,179,ZTTrnNFsDd4,2026-04-26T13:56:32Z,commit:5c97d16a
First Snow,Tim O'Brien,Fiddler's Green,False,INDIFFERENT,2:22,142,UZ8wjLWJ-ak,2026-04-26T13:54:10Z,commit:5c97d16a
Good In The Kitchen,Bearfoot,Doors and Windows,False,INDIFFERENT,1:30,90,Y2SYVR95dO0,2026-04-26T13:52:40Z,commit:5c97d16a
Coon Dog,Uncle Earl,Going to the Western Slope,False,INDIFFERENT,2:27,147,sxP_ayn30Fk,2026-04-26T13:50:13Z,commit:5c97d16a
Western Skies,Hot Rize,When I'm Free,False,INDIFFERENT,2:43,163,XCHVL_po2jI,2026-04-26T13:47:30Z,commit:5c97d16a
Sally Ann,Wade Ward,Clawhammer Banjo Volume One,False,INDIFFERENT,1:33,93,Ny92iQYxL14,2026-04-26T13:45:57Z,commit:5c97d16a
Old Joe Clark / June Apple,Tony Trischka,Solo Banjo Works,False,INDIFFERENT,1:47,107,ci5BjiInlPQ,2026-04-26T13:44:10Z,commit:5c97d16a
Red Dog in the Morning,Tim O'Brien,Chameleon,False,INDIFFERENT,2:41,161,m3rqZmH6UwA,2026-04-26T13:41:29Z,commit:5c97d16a
Little Sadie,"Doc Watson, Merle Watson",Doc Watson & Son,False,INDIFFERENT,2:01,121,oJIerz1DtDI,2026-04-26T13:39:28Z,commit:5c97d16a
Room At The Top Of The Stairs,"David Grisman, John Hartford, Mike Seeger",Retrograss,False,INDIFFERENT,2:11,131,NA9i5Ny3mcw,2026-04-26T13:37:17Z,commit:5c97d16a
Cherokee Trail / Glory In The Meeting House,"Dirk Powell, John Hermann, Tim O'Brien",Songs From The Mountain,,LIKE,2:08,128,8F1UZQcIles,2026-04-26T13:35:09Z,commit:5c97d16a
Monroe's Hornpipe,"Norman Blake, Tony Rice",Blake & Rice,,INDIFFERENT,2:17,137,lVEpnrfHCCw,2026-04-26T13:32:52Z,commit:5c97d16a
Sugar in the Gourd,Furnace Mountain,Fields of Fescue,False,INDIFFERENT,2:28,148,kozTMrjozB0,2026-04-26T13:30:24Z,commit:5c97d16a
Bowling Green,Furnace Mountain,Fields of Fescue,False,INDIFFERENT,2:53,173,8Y82BLiOVzY,2026-04-26T13:27:31Z,commit:5c97d16a
Watermelon Seed,Furnace Mountain,Fields of Fescue,False,INDIFFERENT,3:45,225,vB5KULdCbk8,2026-04-26T13:23:46Z,commit:5c97d16a
Ooh Belle,Furnace Mountain,Fields of Fescue,False,INDIFFERENT,3:47,227,pQAfRBo9ExA,2026-04-26T13:19:59Z,commit:5c97d16a
Factory Girl,Furnace Mountain,Fields of Fescue,False,INDIFFERENT,4:30,270,9Fzmi464EmA,2026-04-26T13:15:29Z,commit:5c97d16a
Turbo Dog,Furnace Mountain,Fields of Fescue,False,INDIFFERENT,3:06,186,Mt1ChAbAbFo,2026-04-26T13:12:23Z,commit:5c97d16a
Bad Girl,Furnace Mountain,Fields of Fescue,False,INDIFFERENT,4:23,263,NjTVMPHelTg,2026-04-26T13:08:00Z,commit:5c97d16a
Graveyard / John Brown's Dream,Furnace Mountain,Fields of Fescue,False,INDIFFERENT,3:45,225,pGS21Vv1OQA,2026-04-26T13:04:15Z,commit:5c97d16a
Pretty Little Widow,Furnace Mountain,Fields of Fescue,False,INDIFFERENT,2:18,138,IIZfGyOpl4A,2026-04-26T13:01:57Z,commit:5c97d16a
Winter's Night,Furnace Mountain,Fields of Fescue,False,INDIFFERENT,3:08,188,ZUUrFsQInio,2026-04-26T12:58:49Z,commit:5c97d16a
Rattlesnake / Black Mountain Rag,Furnace Mountain,Fields of Fescue,False,INDIFFERENT,3:59,239,xLRIbdKXpJo,2026-04-26T12:54:50Z,commit:5c97d16a
Fields of Fescue,Furnace Mountain,Fields of Fescue,False,INDIFFERENT,2:40,160,YD-RNVa9yxo,2026-04-26T12:52:10Z,commit:5c97d16a
#20,Aphex Twin,Selected Ambient Works Volume II,False,INDIFFERENT,4:16,256,w3ssNqg8U1c,2026-04-26T12:47:54Z,commit:5c97d16a
Matta (Remastered 2005),Brian Eno,Apollo,False,INDIFFERENT,4:20,260,W8c8Oy2ipRM,2026-04-26T12:43:34Z,commit:5c97d16a
Currents (220v Offshore),Phonem,Hydro Electric,False,INDIFFERENT,6:48,408,VsGHR1gHcKw,2026-04-26T12:36:46Z,commit:5c97d16a
An Eagle in Your Mind,Boards of Canada,Music Has The Right To Children,True,INDIFFERENT,6:26,386,VCcU-vg-woY,2026-04-26T12:30:20Z,commit:5c97d16a
Heliosphan,Aphex Twin,Selected Ambient Works 85-92,False,INDIFFERENT,4:54,294,Xxk-ryO6J2I,2026-04-26T12:25:26Z,commit:5c97d16a
Dusk You & Me,Groove Armada,Vertigo,False,INDIFFERENT,5:38,338,pn_9e2uYk9c,2026-04-26T12:19:48Z,commit:5c97d16a
Yu Mountain,Plaid,The Digging Remedy,False,INDIFFERENT,4:05,245,ois75tvneYA,2026-04-26T12:15:43Z,commit:5c97d16a
Triangles & Rhombuses,Boards of Canada,Music Has The Right To Children,True,INDIFFERENT,1:51,111,RSoXysR12Qc,2026-04-26T12:13:52Z,commit:5c97d16a
Ted,Clark,Body Riddle,False,INDIFFERENT,2:55,175,PsT-nbVBsXw,2026-04-26T12:10:57Z,commit:5c97d16a
Mdrmx,Brothomstates,Claro,False,INDIFFERENT,6:00,360,ZRnA18TI6Oc,2026-04-26T12:04:57Z,commit:5c97d16a
Unicorn,Four Tet,Beautiful Rewind,False,INDIFFERENT,3:30,210,pfcj_jOoKIw,2026-04-26T12:01:27Z,commit:5c97d16a
Amo Bishop Roden,Boards of Canada,In A Beautiful Place Out In The Country,False,INDIFFERENT,6:17,377,KZbFpcEl-8o,2026-04-26T11:55:10Z,commit:5c97d16a
Teardrop (feat. Elizabeth Fraser),Massive Attack,Mezzanine,False,INDIFFERENT,5:31,331,3h-JYx76QNM,2026-04-26T11:49:39Z,commit:5c97d16a
Eutow,Autechre,Tri Repetae,False,INDIFFERENT,4:16,256,13ZJ4_y30Ok,2026-04-26T11:45:23Z,commit:5c97d16a
Gorecki,Lamb,Lamb,False,INDIFFERENT,6:31,391,cfsmETjZhwY,2026-04-26T11:38:52Z,commit:5c97d16a
Oscar See Through Red Eye,Boards of Canada,The Campfire Headphase,False,INDIFFERENT,5:09,309,Gwx-sl-4JXs,2026-04-26T11:33:43Z,commit:5c97d16a
Founded,Plaid,scintilli,False,INDIFFERENT,3:09,189,EGMCbMix8h0,2026-04-26T11:30:34Z,commit:5c97d16a
Vespers,Bola,Mauver,False,INDIFFERENT,6:52,412,qc76eo5ETbw,2026-04-26T11:23:42Z,commit:5c97d16a
Bubble Life,Squarepusher,Hello Everything,False,INDIFFERENT,2:54,174,iITvUc6DMSc,2026-04-26T11:20:48Z,commit:5c97d16a
Telephasic Workshop,Boards of Canada,Music Has The Right To Children,True,INDIFFERENT,6:36,396,soAH__YofsM,2026-04-26T11:14:12Z,commit:5c97d16a
On Your Marks,Bonobo,Days To Come,False,INDIFFERENT,4:12,252,DcRBvAe70S8,2026-04-26T11:10:00Z,commit:5c97d16a
In McDonalds,Burial,Untrue,False,INDIFFERENT,2:07,127,8GjESYARiJU,2026-04-26T11:07:53Z,commit:5c97d16a
Heat Death Of The Universe,Fila Brazillia,Luck Be a Weirdo Tonight,False,INDIFFERENT,7:45,465,1mCO440DjnM,2026-04-26T11:00:08Z,commit:5c97d16a
Satellite Anthem Icarus,Boards of Canada,The Campfire Headphase,False,INDIFFERENT,6:05,365,qAVM8vQGQxI,2026-04-26T10:54:03Z,commit:5c97d16a
Shakatakadoodub,"Dorfmeister, Kruder",Ninja Cuts - Flexistentialism,False,INDIFFERENT,7:15,435,o05QJzi3k70,2026-04-26T10:46:48Z,commit:5c97d16a
Song of Life,Leftfield,Leftism,False,INDIFFERENT,7:04,424,4_n-BQ1fZ_E,2026-04-26T10:39:44Z,commit:5c97d16a
Sing It Back,Moloko,I Am Not a Doctor,False,INDIFFERENT,4:24,264,0lGXDFHnyag,2026-04-26T10:35:20Z,commit:5c97d16a
Happy Cycling,Boards of Canada,Music Has The Right To Children,True,INDIFFERENT,7:53,473,DAM7OeFpgoE,2026-04-26T10:27:27Z,commit:5c97d16a
Nine,Autechre,Amber,False,INDIFFERENT,3:41,221,TZ7RF7dCCgc,2026-04-26T10:23:46Z,commit:5c97d16a
The Wider Sun,Jon Hopkins,Insides,False,INDIFFERENT,2:35,155,K32txPlV64I,2026-04-26T10:21:11Z,commit:5c97d16a
Papua New Guinea (Blue States Full Length Mix),The Future Sound Of London,Accelerator Deluxe,False,INDIFFERENT,5:47,347,m2tsHIDWElI,2026-04-26T10:15:24Z,commit:5c97d16a
Kid for Today,Boards of Canada,In A Beautiful Place Out In The Country,False,INDIFFERENT,6:24,384,zV0P-WO0Mds,2026-04-26T10:09:00Z,commit:5c97d16a
Secret Stair #1,U-Ziq,Lunatic Harness,False,INDIFFERENT,4:17,257,_aSO6NMRW0I,2026-04-26T10:04:43Z,commit:5c97d16a
I Made a Tree on the Wold,Telefon Tel Aviv,Immolate Yourself,False,INDIFFERENT,4:39,279,YZ2b2myb4aA,2026-04-26T10:00:04Z,commit:5c97d16a
Alberto Balsalm,Aphex Twin,...I Care Because You Do,False,INDIFFERENT,5:11,311,-ZVZgCrHy5E,2026-04-26T09:54:53Z,commit:5c97d16a
Music Is Math,Boards of Canada,Geogaddi,False,INDIFFERENT,5:22,322,lhPWJHrwgR4,2026-04-26T09:49:31Z,commit:5c97d16a
Antennaria,Biosphere,Substrata + Man with a Movie Camera,False,INDIFFERENT,5:04,304,WYZAXMwLjLM,2026-04-26T09:44:27Z,commit:5c97d16a
In Your Own Time,Amon Tobin,Dark Jovian,False,INDIFFERENT,3:06,186,l78B4TNG88M,2026-04-26T09:41:21Z,commit:5c97d16a
2X202-ST5,Aphex Twin,Cheetah EP,False,INDIFFERENT,4:40,280,MPW3oh5a4FU,2026-04-26T09:36:41Z,commit:5c97d16a
Chromakey Dreamcoat,Boards of Canada,The Campfire Headphase,False,INDIFFERENT,5:48,348,ex6-A803EnE,2026-04-26T09:30:53Z,commit:5c97d16a
Ten Hours,Arovane,Lilies,False,INDIFFERENT,3:02,182,6tQw6RjECl8,2026-04-26T09:27:51Z,commit:5c97d16a
Kalpol Introl,Autechre,Incunabula,False,INDIFFERENT,3:19,199,kE8gg-KBzf4,2026-04-26T09:24:32Z,commit:5c97d16a
Redruth School,Polygon Window,Surfing On Sine Waves,False,INDIFFERENT,2:44,164,LqcKEiWGWhs,2026-04-26T09:21:48Z,commit:5c97d16a
Sixtyniner,Boards of Canada,Twoism,False,INDIFFERENT,5:18,318,3JPPFG-Np4M,2026-04-26T09:16:30Z,commit:5c97d16a
Petroleum Tinged,Clark,Clark,False,INDIFFERENT,1:38,98,o9vrgw0dyvw,2026-04-26T09:14:52Z,commit:5c97d16a
Ropen,Plaid,Reachy Prints,False,INDIFFERENT,3:51,231,t6XH0oiwSzE,2026-04-26T09:11:01Z,commit:5c97d16a
Laughable Butane Bob,Afx,Hangable Auto Bulb,False,INDIFFERENT,3:03,183,ElwOsPkNU38,2026-04-26T09:07:58Z,commit:5c97d16a
In a Beautiful Place Out in the Country,Boards of Canada,In A Beautiful Place Out In The Country,False,INDIFFERENT,6:08,368,XrjvFzH2ALM,2026-04-26T09:01:50Z,commit:5c97d16a
Intervention Stjerner,"Jonas Munk, Ulrich Schnauss",Passage,False,INDIFFERENT,2:47,167,QADkRUY9uhE,2026-04-26T08:59:03Z,commit:5c97d16a
No Drums,Tim Hecker,"Ravedeath, 1972",False,INDIFFERENT,3:24,204,qdmbbiMRe48,2026-04-26T08:55:39Z,commit:5c97d16a
Vic Acid,Squarepusher,Hard Normal Daddy,False,INDIFFERENT,3:08,188,rYyuB9j03D4,2026-04-26T08:52:31Z,commit:5c97d16a
Night Bus,Burial,Burial,,INDIFFERENT,2:14,134,gTVt7EOCmgM,2026-04-26T08:50:17Z,commit:5c97d16a
Hope We Never Surface,Two Lone Swordsmen,Stay Down,False,INDIFFERENT,2:24,144,if5MOVBBhl0,2026-04-26T08:47:53Z,commit:5c97d16a
Altibzz,Autechre,Quaristice,False,INDIFFERENT,2:53,173,-F665Mkc0D0,2026-04-26T08:45:00Z,commit:5c97d16a
Opalescent,Jon Hopkins,Opalescent,False,INDIFFERENT,2:12,132,8cgeEOIki0k,2026-04-26T08:42:48Z,commit:5c97d16a
Lotus Above Water,Telefon Tel Aviv,Fahrenheit Fair Enough,False,INDIFFERENT,3:34,214,NsTmv3_kSmE,2026-04-26T08:39:14Z,commit:5c97d16a
#17,Aphex Twin,Selected Ambient Works Volume II,False,INDIFFERENT,2:06,126,6ISBJMHPSiA,2026-04-26T08:37:08Z,commit:5c97d16a
Turquoise Hexagon Sun,Boards of Canada,Music Has The Right To Children,True,INDIFFERENT,5:08,308,RQef_-Y_Imo,2026-04-26T08:32:00Z,commit:5c97d16a
Hi Scores,Boards Of Canada,Hi Scores,False,INDIFFERENT,4:58,298,jGUBhdWFFAs,2026-04-26T08:27:02Z,commit:5c97d16a
Dimensional Rift,Sphäre Sechs,Extradimension,False,INDIFFERENT,6:02,362,hkm4Xf7QREY,2026-04-26T08:21:00Z,commit:5c97d16a
Black Tusk Descent,loscil,coast/range/arc//,,INDIFFERENT,7:15,435,ZheAgv6symk,2026-04-26T08:13:45Z,commit:5c97d16a
Press On,John R. Miller,Heat Comes Down,True,LIKE,3:38,218,F8G-Spade6A,2026-04-26T08:10:07Z,commit:5c97d16a
Dollar Store Tents,John R. Miller,Heat Comes Down,False,INDIFFERENT,3:33,213,yFUc-qvDDt4,2026-04-26T08:06:34Z,commit:5c97d16a
Basements,John R. Miller,Heat Comes Down,False,INDIFFERENT,3:44,224,UqBdpiOCc1w,2026-04-26T08:02:50Z,commit:5c97d16a
"Conspiracies, Cults & UFOs",John R. Miller,Heat Comes Down,False,INDIFFERENT,2:53,173,ge1U48laNvk,2026-04-26T07:59:57Z,commit:5c97d16a
Summer Lens,John R. Miller,Heat Comes Down,False,INDIFFERENT,3:23,203,uxzLZ0WHKFk,2026-04-26T07:56:34Z,commit:5c97d16a
Smokestacks On The Skyline,John R. Miller,Heat Comes Down,False,INDIFFERENT,3:15,195,uIFP8mwb-fc,2026-04-26T07:53:19Z,commit:5c97d16a
Crumbling Pie,John R. Miller,Heat Comes Down,False,INDIFFERENT,4:15,255,c_B0zpr22oo,2026-04-26T07:49:04Z,commit:5c97d16a
Ditcher,John R. Miller,Heat Comes Down,False,INDIFFERENT,3:52,232,1uyg9AYzDEs,2026-04-26T07:45:12Z,commit:5c97d16a
Harpers Ferry Moon,John R. Miller,Heat Comes Down,False,INDIFFERENT,4:03,243,9mYlG4-doGw,2026-04-26T07:41:09Z,commit:5c97d16a
Insomnia Blues,John R. Miller,Heat Comes Down,True,LIKE,4:01,241,L1pRpcEhT0c,2026-04-26T07:37:08Z,commit:5c97d16a
The Whores of Sailortown,Salty Dick,Salty Dick's Uncensored Sailor Songs,False,INDIFFERENT,3:21,201,ej7hzjrt3WM,2026-04-26T07:33:47Z,commit:5c97d16a
Nobody Has To Know Your Mind,John R. Miller,Heat Comes Down,False,INDIFFERENT,4:54,294,ivk6KfR6hAY,2026-04-26T07:28:53Z,commit:5c97d16a
Broken Window Serenade,Whiskey Myers,Firewater,False,INDIFFERENT,5:47,347,_bto0UKEZNA,2026-04-26T07:23:06Z,commit:5c97d16a
I Don't Mind,Sturgill Simpson,Cuttin' Grass - Vol. 1 (Butcher Shoppe Sessions),False,INDIFFERENT,4:30,270,xYcmf9cRp7A,2026-04-26T07:18:36Z,commit:5c97d16a
"Conspiracies, Cults & UFOs",John R. Miller,"Conspiracies, Cults & UFOs",,LIKE,2:53,173,dTc_IQiUXtI,2026-04-26T07:15:43Z,commit:5c97d16a
Consume (feat. Goon Des Garcons),Chase Atlantic,Chase Atlantic,False,INDIFFERENT,4:28,268,tPQR3ckPRis,2026-04-26T07:11:15Z,commit:5c97d16a
Death Ride to Durango,Gaelic Storm,What's the Rumpus?,False,INDIFFERENT,4:36,276,fWSw4taKiFk,2026-04-26T07:06:39Z,commit:5c97d16a
The Foggy Dew,Derek Warfield & The Young Wolfe Tones,"Call of Erin, Vol. 1",False,INDIFFERENT,4:29,269,IKU1UxRlE0Q,2026-04-26T07:02:10Z,commit:5c97d16a
Home For A Rest,Spirit of the West,Save This House,False,INDIFFERENT,4:37,277,RsSQSzrtChU,2026-04-26T06:57:33Z,commit:5c97d16a
John Kanackanaka,The Captain's Beard,Same Ship Different Day,False,INDIFFERENT,3:16,196,i06gFqbf41I,2026-04-26T06:54:17Z,commit:5c97d16a
Count to Ten,Paul & Storm,Gumbo Pants,False,INDIFFERENT,3:42,222,2A7jmFmPmis,2026-04-26T06:50:35Z,commit:5c97d16a
The Captain's Wife's Lament,Paul & Storm,Gumbo Pants,True,LIKE,2:26,146,e9iF-5ip8ZA,2026-04-26T06:48:09Z,commit:5c97d16a
The Nancy,Stan Rogers,From Fresh Water,False,INDIFFERENT,4:03,243,FybKCSi7mU4,2026-04-26T06:44:06Z,commit:5c97d16a
Oriental Strut,Tuba Skinny,Owl Call Blues,False,INDIFFERENT,3:10,190,X7BZ05TUOLo,2026-04-26T06:40:56Z,commit:5c97d16a
Long Haired Country Boy,The Charlie Daniels Band,Fire On The Mountain,False,INDIFFERENT,4:01,241,JuAMm2Ub-60,2026-04-26T06:36:55Z,commit:5c97d16a
California Sober (feat. Willie Nelson),Billy Strings,California Sober,True,LIKE,3:51,231,AmxvLgvc8IE,2026-04-26T06:33:04Z,commit:5c97d16a
Memphis Shake,Tuba Skinny,Blue Chime Stomp,False,INDIFFERENT,3:19,199,VkJ9dO9BCGU,2026-04-26T06:29:45Z,commit:5c97d16a
(Ghost) Riders In the Sky,Johnny Cash,Amerika (The West),False,INDIFFERENT,3:40,220,-HvcYjPKzEk,2026-04-26T06:26:05Z,commit:5c97d16a
The Road Where The Wild Wind Flies,Chuck Darwin and The Knuckledraggers,Three Car Pileup,,INDIFFERENT,3:51,231,59DkOQrhrc8,2026-04-26T06:22:14Z,commit:5c97d16a
Deep Pockets,Yonder Mountain String Band,Old Hands,True,LIKE,3:16,196,7hVcUa2ZYGA,2026-04-26T06:18:58Z,commit:5c97d16a
Such A Night,Elvis Presley,40 Years On Greatest Hits and More,False,INDIFFERENT,3:02,182,t5Ng8t_Engo,2026-04-26T06:15:56Z,commit:5c97d16a
Nobody Knows What You Do,John Hartford,Nobody Knows What You Do,False,INDIFFERENT,3:59,239,jozQQIalOnY,2026-04-26T06:11:57Z,commit:5c97d16a
Our Life's Work,Chuck Darwin and The Knuckledraggers,Three Car Pileup,,LIKE,2:35,155,p2iKO2q8_8g,2026-04-26T06:09:22Z,commit:5c97d16a
Sweet Sunny South,"John Hartford, Tony Rice, Vassar Clements",Hartford Rice and Clements,,INDIFFERENT,4:01,241,SDQBGoxPXyk,2026-04-26T06:05:21Z,commit:5c97d16a
The Wings of a Song,"John Hartford, Tony Rice, Vassar Clements",Hartford Rice and Clements,,INDIFFERENT,2:51,171,U9ptxjpeX58,2026-04-26T06:02:30Z,commit:5c97d16a
My Baby's Gone,"John Hartford, Tony Rice, Vassar Clements",Hartford Rice and Clements,,INDIFFERENT,2:27,147,aQg9YCE21aw,2026-04-26T06:00:03Z,commit:5c97d16a
I Know You Don't Love Me No More,"John Hartford, Tony Rice, Vassar Clements",Hartford Rice and Clements,,INDIFFERENT,2:36,156,4nTThzkG860,2026-04-26T05:57:27Z,commit:5c97d16a
If I Should Wander Back Tonight,"John Hartford, Tony Rice, Vassar Clements",Hartford Rice and Clements,,INDIFFERENT,3:49,229,rWek-GkaACA,2026-04-26T05:53:38Z,commit:5c97d16a
Bound to Ride,"John Hartford, Tony Rice, Vassar Clements",Hartford Rice and Clements,,INDIFFERENT,1:59,119,BdWeRIYBZq4,2026-04-26T05:51:39Z,commit:5c97d16a
DR  ORLANDO OWOH ORIKI ILU OKE 2,"118K views, ORLANDO J BABA",,,INDIFFERENT,12:22,742,_aQG5DS2BU0,2026-04-26T05:39:17Z,commit:5c97d16a
I Come From De Ghetto,Majek Fashek,Spirit Of Love,False,INDIFFERENT,6:28,388,P84tCcKnsyY,2026-04-26T05:32:49Z,commit:5c97d16a
Sweet Mother,Prince Nico Mbarga & Rocafil Jazz International,Highlife Time Vol. 2,False,INDIFFERENT,9:54,594,2MCzYxCecfY,2026-04-26T05:22:55Z,commit:5c97d16a
Iyogogo,Onyeka Onwenu,Golden Songs Vol.2,False,INDIFFERENT,4:32,272,Lg4ktybQ_6I,2026-04-26T05:18:23Z,commit:5c97d16a
"Unbroken, Unshaven",The Budos Band,The Budos Band III,False,INDIFFERENT,2:59,179,mWXFwdjp7s4,2026-04-26T05:15:24Z,commit:5c97d16a
Bad Man Lighter (B.M.L.),Seun Kuti & Egypt 80,Black Times,False,INDIFFERENT,7:48,468,i7BmsWB5cyo,2026-04-26T05:07:36Z,commit:5c97d16a
Mr. Follow Follow,Fela Kuti,Zombie,False,INDIFFERENT,12:58,778,tBkdczEYdS0,2026-04-26T04:54:38Z,commit:5c97d16a
Stalemate (Edit),Fela Kuti,Stalemate (Edit),False,INDIFFERENT,6:44,404,IUnjK6Y6ZKI,2026-04-26T04:47:54Z,commit:5c97d16a
Wind and Rain,Crooked Still,Shaken By A Low Sound,,INDIFFERENT,3:47,227,9VGjaxe9ZOU,2026-04-26T04:44:07Z,commit:5c97d16a
Railroad Bill,Crooked Still,Shaken By A Low Sound,,LIKE,2:19,139,S9k2cUH6g7o,2026-04-26T04:41:48Z,commit:5c97d16a
Come On In My Kitchen,Crooked Still,Shaken By A Low Sound,,INDIFFERENT,5:00,300,_T93akG4jWs,2026-04-26T04:36:48Z,commit:5c97d16a
Mountain Jumper,Crooked Still,Shaken By A Low Sound,,INDIFFERENT,2:52,172,qels-5Ebddg,2026-04-26T04:33:56Z,commit:5c97d16a
Boll Weevil,Punch Brothers,The Phosphorescent Blues,,INDIFFERENT,2:36,156,HTZdoye0rqg,2026-04-26T04:31:20Z,commit:5c97d16a
Jumbo,Punch Brothers,All Ashore,,LIKE,3:35,215,ioDXUnJmdBE,2026-04-26T04:27:45Z,commit:5c97d16a
Rye Whiskey,Punch Brothers,Antifogmatic,True,INDIFFERENT,3:29,209,jXfE-e4a3GU,2026-04-26T04:24:16Z,commit:5c97d16a
Patchwork Girlfriend,Punch Brothers,Who's Feeling Young Now?,False,LIKE,3:48,228,CMtyWB_Pzic,2026-04-26T04:20:28Z,commit:5c97d16a
Down To The River To Pray,Alison Krauss,"O Brother, Where Art Thou? (Original Motion Picture Soundtrack)",False,INDIFFERENT,2:56,176,flcrUnoAwVk,2026-04-26T04:17:32Z,commit:5c97d16a
Streetcar,John Hartford,Morning Bugle,False,INDIFFERENT,3:56,236,zyqFipU8JkE,2026-04-26T04:13:36Z,commit:5c97d16a
Texas Gales (Instrumental),Doc & Merle Watson,Ballads From Deep Gap,False,INDIFFERENT,1:34,94,_Ra6dgDyIvQ,2026-04-26T04:12:02Z,commit:5c97d16a
Columbus Stockade Blues,Jacob Jolliff,Columbus Stockade Blues,False,INDIFFERENT,3:21,201,jfEILwqf8Hk,2026-04-26T04:08:41Z,commit:5c97d16a
Howard Hughes' Blues,John Hartford,Morning Bugle,False,INDIFFERENT,2:51,171,u4S0OzdpQfE,2026-04-26T04:05:50Z,commit:5c97d16a
Hangman's Reel,Bryan Sutton,Country Rags and Reels,True,LIKE,3:04,184,mH0bLtkPoXM,2026-04-26T04:02:46Z,commit:5c97d16a
Five Miles From Town,Brad Kolodner,Chimney Swifts,,INDIFFERENT,3:10,190,B_Q-_wW1a0Q,2026-04-26T03:59:36Z,commit:5c97d16a
Chimney Swifts,Brad Kolodner,Chimney Swifts,,LIKE,3:47,227,Xrf5C8vgqfs,2026-04-26T03:55:49Z,commit:5c97d16a
Please Love Me,The Speakeasies' Swing Band!,Land of Plenty,False,INDIFFERENT,5:31,331,79mmZyUusDc,2026-04-26T03:50:18Z,commit:5c97d16a
Senza Fine,Jeff Steinberg,Velvet Martini,False,INDIFFERENT,3:50,230,AF4-4Py0nGM,2026-04-26T03:46:28Z,commit:5c97d16a
Bossa Morticia,Gypsy Jazz Caravan,Gypsy Jazz Caravan III,False,INDIFFERENT,3:54,234,5sB8pWF_UoU,2026-04-26T03:42:34Z,commit:5c97d16a
"Cello Suite No. 1 in G Major, BWV 1007: I. Prélude",Yo-Yo Ma,Bach: Unaccompanied Cello Suites (),False,INDIFFERENT,2:32,152,eKbrty2x8rM,2026-04-26T03:40:02Z,commit:5c97d16a
Säkkijärven Cumbia,Cafe Accordion Orchestra,La Zingara,False,INDIFFERENT,3:22,202,bm_H5zcTJ5Y,2026-04-26T03:36:40Z,commit:5c97d16a
Dark Eyes (feat. Paul Mehling & Evan Price),The Hot Club Of San Francisco,Claire De Lune,True,LIKE,5:58,358,65inpezdN4s,2026-04-26T03:30:42Z,commit:5c97d16a
Si tu vois ma mère (Slow),"Claude Luter et Son Orchestre, Sidney Bechet",Les Années Bechet,False,INDIFFERENT,3:14,194,NyDz4Okg-Hs,2026-04-26T03:27:28Z,commit:5c97d16a
Dark Eyes (feat. Paul Mehling & Evan Price),The Hot Club Of San Francisco,Claire De Lune,True,LIKE,5:58,358,65inpezdN4s,2026-04-26T03:21:30Z,commit:5c97d16a
Si tu vois ma mère (Slow),"Claude Luter et Son Orchestre, Sidney Bechet",Les Années Bechet,False,INDIFFERENT,3:14,194,NyDz4Okg-Hs,2026-04-26T03:18:16Z,commit:5c97d16a
Desafinado,Nova,"The Collection, Vol. 1",False,INDIFFERENT,8:04,484,9usobwF2wxc,2026-04-26T03:10:12Z,commit:5c97d16a
Flambee Montalbanese,Madeleine Peyroux,Got You on My Mind,False,INDIFFERENT,3:02,182,HwF6GJtFh6s,2026-04-26T03:07:10Z,commit:5c97d16a
Almost Blue,Chet Baker,Plays and Sings,False,INDIFFERENT,7:56,476,I5l0jkC71Yk,2026-04-26T02:59:14Z,commit:5c97d16a
Blue Bossa (feat. Leif Shires),Jack Jezzro,Rio Nights,False,INDIFFERENT,3:41,221,bZ2joskI0UM,2026-04-26T02:55:33Z,commit:5c97d16a
Comes Love,Nikki Yanofsky,Comes Love,False,INDIFFERENT,3:43,223,MjEB1Inpgus,2026-04-26T02:51:50Z,commit:5c97d16a
One For Daddy-O,Cannonball Adderley,Somethin' Else (Rudy Van Gelder Edition),False,INDIFFERENT,8:26,506,hYbLEjyrLZc,2026-04-26T02:43:24Z,commit:5c97d16a
Got That Feeling,Peter Sandberg,A Scandinavian Thing,False,INDIFFERENT,6:00,360,mjuymmDrz6o,2026-04-26T02:37:24Z,commit:5c97d16a
Tu sais je vais t'aimer,Diana Panton,To Brazil With Love,False,INDIFFERENT,4:22,262,EM7vNWgxPbM,2026-04-26T02:33:02Z,commit:5c97d16a
When Sunny Gets Blue,McCoy Tyner,Today And Tomorrow,False,INDIFFERENT,4:43,283,frYLvC0mM50,2026-04-26T02:28:19Z,commit:5c97d16a
Quanno chiove,Massimo Faraò,Massimo Faraò Plays Pino Daniele's Ballads,False,INDIFFERENT,4:45,285,oBvDIIfOuUc,2026-04-26T02:23:34Z,commit:5c97d16a
"Bye Bye Blackbird (feat. John Coltrane, Red Garland, Paul Chambers & Philly Joe Jones)",Miles Davis,'Round About Midnight,False,INDIFFERENT,7:55,475,CieM9gurwZ4,2026-04-26T02:15:39Z,commit:5c97d16a
The Sinister Minister,Bela Fleck And The Flecktones,Bela Fleck and the Flecktones,False,INDIFFERENT,4:36,276,qvINvjCoapw,2026-04-26T02:11:03Z,commit:5c97d16a
Autumn Leaves,New York Jazz Lounge,Best of Trio Masterpieces,False,INDIFFERENT,6:03,363,wU-KuQlnS5k,2026-04-26T02:05:00Z,commit:5c97d16a
Giselle,The Hot Club of San Francisco,Veronica,False,INDIFFERENT,4:56,296,Qy_AIvICrm0,2026-04-26T02:00:04Z,commit:5c97d16a
Manouche Cafe,Cafe Accordion Orchestra,CAO 10,False,INDIFFERENT,4:13,253,sE8yMTcUpjY,2026-04-26T01:55:51Z,commit:5c97d16a
Minor Swing,Django Reinhardt,Django Swings Nuages 1934-1941 (73 Tunes),False,INDIFFERENT,3:16,196,Iq6JXNiCumw,2026-04-26T01:52:35Z,commit:5c97d16a
Bistro Fada,Stephane Wrembel,Bistro Fada,False,INDIFFERENT,3:02,182,EB6BJ3EhdzE,2026-04-26T01:49:33Z,commit:5c97d16a
Vacqueyras,Bladverk Band,Varenne,False,INDIFFERENT,3:06,186,_rVgBfXspeM,2026-04-26T01:46:27Z,commit:5c97d16a
Mr. Pinstripe Suit,Big Bad Voodoo Daddy,Big Bad Voodoo Daddy,False,INDIFFERENT,3:38,218,WU4RBNfI_0k,2026-04-26T01:42:49Z,commit:5c97d16a
Take 5,Gypsy Jazz Caravan,Gypsy Jazz Caravan III,False,INDIFFERENT,3:09,189,lBDTNfPSauM,2026-04-26T01:39:40Z,commit:5c97d16a
Everlasting Now (Vamp) (Live from One Nite Alone Tour...The Aftershow),Prince,One Nite Alone... The Aftershow: It Ain't Over! (Up Late with Prince & The NPG) (Live),,INDIFFERENT,1:49,109,FfGTBgFpgIs,2026-04-26T01:37:51Z,commit:5c97d16a
Girls & Boys (Live from One Nite Alone Tour...The Aftershow),Prince,One Nite Alone... The Aftershow: It Ain't Over! (Up Late with Prince & The NPG) (Live),,INDIFFERENT,7:00,420,l-M7X6XZKZI,2026-04-26T01:30:51Z,commit:5c97d16a
Dorothy Parker (Live from One Nite Alone Tour...The Aftershow),Prince,One Nite Alone... The Aftershow: It Ain't Over! (Up Late with Prince & The NPG) (Live),,INDIFFERENT,6:17,377,9fJkBnBjUzw,2026-04-26T01:24:34Z,commit:5c97d16a
Peach (Xtended Jam) (Live from One Nite Alone Tour...The Aftershow),Prince,One Nite Alone... The Aftershow: It Ain't Over! (Up Late with Prince & The NPG) (Live),,INDIFFERENT,11:20,680,s1TwexjiZMc,2026-04-26T01:13:14Z,commit:5c97d16a
Alphabet Street (Live from One Nite Alone Tour...The Aftershow),Prince,One Nite Alone... The Aftershow: It Ain't Over! (Up Late with Prince & The NPG) (Live),,LIKE,2:56,176,vtsZQtkFb9U,2026-04-26T01:10:18Z,commit:5c97d16a
2 Nigs United 4 West Compton (Live from One Nite Alone Tour...The Aftershow),Prince,One Nite Alone... The Aftershow: It Ain't Over! (Up Late with Prince & The NPG) (Live),,INDIFFERENT,6:16,376,UCMjvlLu4gM,2026-04-26T01:04:02Z,commit:5c97d16a
Medley: Just Friends (Sunny) / If You Want Me to Stay (Live from One Nite Alone Tour...The Aftershow),Prince,One Nite Alone... The Aftershow: It Ain't Over! (Up Late with Prince & The NPG) (Live),,INDIFFERENT,4:27,267,zT1Se_TTpqQ,2026-04-26T00:59:35Z,commit:5c97d16a
We Do This (Live from One Nite Alone Tour...The Aftershow) (feat. George Clinton),Prince,One Nite Alone... The Aftershow: It Ain't Over! (Up Late with Prince & The NPG) (Live),,INDIFFERENT,4:43,283,S7bSep9V3Oc,2026-04-26T00:54:52Z,commit:5c97d16a
Joy In Repetition (Live from One Nite Alone Tour...The Aftershow),Prince,One Nite Alone... The Aftershow: It Ain't Over! (Up Late with Prince & The NPG) (Live),,INDIFFERENT,10:57,657,bBUFWnaKom8,2026-04-26T00:43:55Z,commit:5c97d16a
Freak Out / Starry Eyes,LCD Soundsystem,45:33,,INDIFFERENT,12:23,743,WKoinrME8lk,2026-04-26T00:31:32Z,commit:5c97d16a
45:33,LCD Soundsystem,45:33,,INDIFFERENT,46:05,2765,WoVO2HKwfbg,2026-04-25T23:45:27Z,commit:5c97d16a
TCKM,Ivan the Tolerable,The Continuous Katherine Mortenhoe,,INDIFFERENT,6:58,418,NEb1jDAtZ8o,2026-04-25T23:38:29Z,commit:5c97d16a
Large Garbage Barge,Jacob Jolliff,The Jacob Jolliff Band,,LIKE,3:58,238,umeEbTDnwb0,2026-04-25T23:34:31Z,commit:5c97d16a
Outbound Plane,Jacob Jolliff,The Jacob Jolliff Band,,INDIFFERENT,3:50,230,QW5f2kq2R6g,2026-04-25T23:30:41Z,commit:5c97d16a
Old Dizzy Legs,Jacob Jolliff,The Jacob Jolliff Band,,INDIFFERENT,5:13,313,KZCYz8mMZmo,2026-04-25T23:25:28Z,commit:5c97d16a
Middle Of The Moon,Jacob Jolliff,The Jacob Jolliff Band,,INDIFFERENT,4:37,277,muVO5kC72sM,2026-04-25T23:20:51Z,commit:5c97d16a
Don't Cry Blue,Jacob Jolliff,The Jacob Jolliff Band,,INDIFFERENT,3:58,238,y8GvmBXLMIY,2026-04-25T23:16:53Z,commit:5c97d16a
Green Green Rocky Road,Jacob Jolliff,The Jacob Jolliff Band,,INDIFFERENT,4:09,249,MyzJsvoD0QE,2026-04-25T23:12:44Z,commit:5c97d16a
One Night In Glasgow,Jacob Jolliff,The Jacob Jolliff Band,,INDIFFERENT,3:57,237,bhaw4ORERUM,2026-04-25T23:08:47Z,commit:5c97d16a
"Heads Carolina, Tails California",Jacob Jolliff,The Jacob Jolliff Band,,INDIFFERENT,4:43,283,6fbWLGF32qw,2026-04-25T23:04:04Z,commit:5c97d16a
They're Holding Up The Ladder,Jacob Jolliff,The Jacob Jolliff Band,,INDIFFERENT,3:57,237,cWxTDLNXYhg,2026-04-25T23:00:07Z,commit:5c97d16a
"The Good, The Bad And The Home-Schooled",Jacob Jolliff,The Jacob Jolliff Band,,LIKE,4:41,281,AY8j4hYobrw,2026-04-25T22:55:26Z,commit:5c97d16a
Columbus Stockade Blues,Jacob Jolliff,The Jacob Jolliff Band,,INDIFFERENT,3:21,201,5qi9_grnOzU,2026-04-25T22:52:05Z,commit:5c97d16a
"Trumpet Concerto in D Major, TWV 51/D7: I. Adagio",Mainz Chamber Orchestra,The Telemann Playlist,False,INDIFFERENT,1:58,118,PtaXIC-acFY,2026-04-25T22:50:07Z,commit:5c97d16a
"Telemann: Oboe Concerto in E minor, TWV 51:e1 - 1. Andante","Academy of St Martin in the Fields, Heinz Holliger, Iona Brown",Telemann: Oboe Concertos,False,INDIFFERENT,2:31,151,8kbv4TTdWY4,2026-04-25T22:47:36Z,commit:5c97d16a
"Concerto for 2 Flutes, Violin & Cello in D Major, TWV 54:D1: I. Vivace","Cologne New Philharmonic Orchestra, ﻿Diego Garcia Conde, Maria Kostina, Alexey Galikhanov, Alexander Dimitrov, and Volker Hartung",Telemann: Baroque Concertos,False,INDIFFERENT,5:08,308,5QP88b0LZQc,2026-04-25T22:42:28Z,commit:5c97d16a
"Prokofiev: Visions fugitives, Op. 22: III. Allegretto",Steven Osborne,"Classical January: Mozart, Bach & More",,INDIFFERENT,0:47,47,RVSXMEiyIHQ,2026-04-25T22:41:41Z,commit:5c97d16a
"34 Valses sentimentales, D. 779: No. 1 in C Major",Piers Lane,"Classical January: Mozart, Bach & More",,INDIFFERENT,0:44,44,iv59gw5gH9Y,2026-04-25T22:40:57Z,commit:5c97d16a
"Chopin: Waltz No. 12 in F Minor, Op. 70 No. 2",Stephen Hough,"Classical January: Mozart, Bach & More",,INDIFFERENT,1:49,109,uM7z3oVu3YY,2026-04-25T22:39:08Z,commit:5c97d16a
Rich Men North of Richmond,Oliver Anthony Music,Rich Men North of Richmond,False,INDIFFERENT,3:08,188,98FoEuBGOIU,2026-04-25T22:36:00Z,commit:5c97d16a
Dust in a Baggie,Billy Strings,Billy Strings - EP,False,INDIFFERENT,2:55,175,qan4VRikfz8,2026-04-25T22:33:05Z,commit:5c97d16a
Way Downtown,Billy Strings,Me / And / Dad,False,INDIFFERENT,3:08,188,GHBJdrTZHbw,2026-04-25T22:29:57Z,commit:5c97d16a
Shake Sugaree,Muireann Bradley,I Kept These Old Blues,True,LIKE,5:49,349,2HYgGoG2OpU,2026-04-25T22:24:08Z,commit:5c97d16a
Idle Moments (Rudy Van Gelder Edition / Remastered 1999),Grant Green,Idle Moments,True,LIKE,14:57,897,aq0m0hbCjFQ,2026-04-25T22:09:11Z,commit:5c97d16a
The Girl From Ipanema,Stan Getz,Getz/Gilberto,False,INDIFFERENT,5:25,325,N-TKOh0zsvU,2026-04-25T22:03:46Z,commit:5c97d16a
A Taste of Honey,Paul Desmond,Glad To Be Unhappy,False,INDIFFERENT,4:26,266,0gOX4W2PNGM,2026-04-25T21:59:20Z,commit:5c97d16a
Just the Two of Us (feat. Bill Withers),"Grover Washington, Jr.",Anthology,False,INDIFFERENT,7:19,439,6POZlJAZsok,2026-04-25T21:52:01Z,commit:5c97d16a
Feels So Good,Chuck Mangione,Feels So Good,False,INDIFFERENT,9:43,583,FExBwfQHXlE,2026-04-25T21:42:18Z,commit:5c97d16a
Take Five,The Dave Brubeck Quartet,Time Out,False,INDIFFERENT,5:25,325,ryA6eHZNnXY,2026-04-25T21:36:53Z,commit:5c97d16a
The Pink Panther Theme,Henry Mancini & His Orchestra,The Return of the Pink Panther,False,INDIFFERENT,3:05,185,VyZiIuMufTA,2026-04-25T21:33:48Z,commit:5c97d16a
Ladyfingers,Herb Alpert & The Tijuana Brass,Whipped Cream & Other Delights,False,INDIFFERENT,2:45,165,l6U1JB7z-I8,2026-04-25T21:31:03Z,commit:5c97d16a
Spanish Flea,Herb Alpert & The Tijuana Brass,!!Going Places!!,False,INDIFFERENT,2:07,127,aBE9EQ7gXKI,2026-04-25T21:28:56Z,commit:5c97d16a
The Sicilian,Bonobo,Bonobo: One Offs... Remixes & B Sides,,INDIFFERENT,4:24,264,bbAT9SbK8hA,2026-04-25T21:24:32Z,commit:5c97d16a
Dinosaurs (Jon Kennedy Mix),Bonobo,Bonobo: One Offs... Remixes & B Sides,,INDIFFERENT,4:09,249,fmrl5HdCQdo,2026-04-25T21:20:23Z,commit:5c97d16a
Dismantling Frank,Bonobo,Bonobo: One Offs... Remixes & B Sides,,INDIFFERENT,5:08,308,rX_OLQpopxg,2026-04-25T21:15:15Z,commit:5c97d16a
The Plug (Quantic Mix),Bonobo,Bonobo: One Offs... Remixes & B Sides,,INDIFFERENT,6:14,374,IXDCasgfq9s,2026-04-25T21:09:01Z,commit:5c97d16a
Beachy Head (Bonobo Mix),Mechanical Me,Bonobo: One Offs... Remixes & B Sides,,INDIFFERENT,3:48,228,-xUAhFNuiBM,2026-04-25T21:05:13Z,commit:5c97d16a
Dismantling Frank,Bonobo,Bonobo: One Offs... Remixes & B Sides,,INDIFFERENT,5:08,308,rX_OLQpopxg,2026-04-25T21:00:05Z,commit:5c97d16a
The Plug (Quantic Mix),Bonobo,Bonobo: One Offs... Remixes & B Sides,,INDIFFERENT,6:14,374,IXDCasgfq9s,2026-04-25T20:53:51Z,commit:5c97d16a
Beachy Head (Bonobo Mix),Mechanical Me,Bonobo: One Offs... Remixes & B Sides,,INDIFFERENT,3:48,228,-xUAhFNuiBM,2026-04-25T20:50:03Z,commit:5c97d16a
Maneater,Daryl Hall & John Oates,H2O,False,INDIFFERENT,4:34,274,wAeDVL-SBbU,2026-04-25T20:45:29Z,commit:5c97d16a
Toxic,Britney Spears,In The Zone,False,INDIFFERENT,3:19,199,tVdr_JWmnsA,2026-04-25T20:42:10Z,commit:5c97d16a
Maneater,Daryl Hall & John Oates,H2O,False,INDIFFERENT,4:34,274,wAeDVL-SBbU,2026-04-25T20:37:36Z,commit:5c97d16a
Toxic,Britney Spears,In The Zone,False,INDIFFERENT,3:19,199,tVdr_JWmnsA,2026-04-25T20:34:17Z,commit:5c97d16a
Shake Sugaree,Muireann Bradley,I Kept These Old Blues,True,LIKE,5:49,349,2HYgGoG2OpU,2026-04-25T20:28:28Z,commit:5c97d16a
Maneater,Nelly Furtado,Loose,False,INDIFFERENT,4:19,259,nVq_Gua4wsQ,2026-04-25T20:24:09Z,commit:5c97d16a
Sometimes it Does,Front Country,Other Love Songs,False,INDIFFERENT,2:00,120,xEB-QRsPMO4,2026-04-25T20:22:09Z,commit:5c97d16a
Sirens (feat. Frances Quinlan),"Hop Along, Queen Ansleis",Freshman Year,False,INDIFFERENT,3:45,225,uJoOENVtxZg,2026-04-25T20:18:24Z,commit:5c97d16a
Strawberry Mentos,Leanna Firestone,Strawberry Mentos,False,INDIFFERENT,3:16,196,9zItURMWo4E,2026-04-25T20:15:08Z,commit:5c97d16a
Milo,The Steel Wheels,Leave Some Things Behind,False,INDIFFERENT,1:53,113,BHldq9PDIZA,2026-04-25T20:13:15Z,commit:5c97d16a
Wait My Turn,GRAHAM,Wait My Turn,False,INDIFFERENT,2:06,126,PWEjgXSzbFs,2026-04-25T20:11:09Z,commit:5c97d16a
2004,Anthony Amorim,2004,False,INDIFFERENT,3:36,216,YV5H4CtJwnA,2026-04-25T20:07:33Z,commit:5c97d16a
Down in the Willow Garden,The Stray Birds,Borderland,False,INDIFFERENT,2:57,177,KgfNYIL3fb0,2026-04-25T20:04:36Z,commit:5c97d16a
tunnel vision,egg,passing papers,False,INDIFFERENT,3:26,206,AjKOZL3Gkmg,2026-04-25T20:01:10Z,commit:5c97d16a
Catawba,The Honey Dewdrops,Silver Lining,False,INDIFFERENT,2:23,143,IHAdLxlosz4,2026-04-25T19:58:47Z,commit:5c97d16a
Dress Like A Pirate,Madilyn Mei,Dress Like A Pirate,False,INDIFFERENT,2:39,159,UzUHYtqP2r8,2026-04-25T19:56:08Z,commit:5c97d16a
Roll With Me,Lindsay Lou,Southland,False,INDIFFERENT,4:04,244,Y-0yPsDQhps,2026-04-25T19:52:04Z,commit:5c97d16a
Satellite,Lindsay Lou,Southland,True,LIKE,2:49,169,Ld8VNub-c-4,2026-04-25T19:49:15Z,commit:5c97d16a
Satellite,Lindsay Lou,Southland,True,LIKE,2:49,169,Ld8VNub-c-4,2026-04-25T19:46:26Z,commit:5c97d16a
White Rabbit,"Grace Slick, The Great Society",Grace Slick & The Great Society,False,INDIFFERENT,6:15,375,JxxnDGWI3e8,2026-04-25T19:40:11Z,commit:5c97d16a
Let Me Try,MC5,Back In The USA,False,INDIFFERENT,4:14,254,kffhbhcdqlo,2026-04-25T19:35:57Z,commit:5c97d16a
Hot Dusty Roads,Buffalo Springfield,Buffalo Springfield,False,INDIFFERENT,2:52,172,tX8E7W379sw,2026-04-25T19:33:05Z,commit:5c97d16a
Get It on Time,Black Lips,Sing in a World That's Falling Apart,False,INDIFFERENT,3:07,187,jSMnOqwJL3Y,2026-04-25T19:29:58Z,commit:5c97d16a
If You Want This Love,The West Coast Pop Art Experimental Band,Part One,False,INDIFFERENT,2:52,172,JpNRCG3Kceg,2026-04-25T19:27:06Z,commit:5c97d16a
Astral Plane,The Modern Lovers,The Modern Lovers (Expanded Version),False,INDIFFERENT,3:01,181,Y0LesdhYkkQ,2026-04-25T19:24:05Z,commit:5c97d16a
Draft Morning,The Byrds,The Notorious Byrd Brothers,False,INDIFFERENT,2:43,163,Nbsbh1oj9jk,2026-04-25T19:21:22Z,commit:5c97d16a
Baby Blue,The Chocolate Watch Band,Inner Mystique,False,INDIFFERENT,3:13,193,1tLuzPrZJaY,2026-04-25T19:18:09Z,commit:5c97d16a
Fear Is A Man's Best Friend,John Cale,Fear,False,INDIFFERENT,3:53,233,cm2tVda1LGE,2026-04-25T19:14:16Z,commit:5c97d16a
I Love You (Session Outtake) (Session Outtake; 2015 Remaster),The Velvet Underground,Loaded,False,INDIFFERENT,2:54,174,UaFQlI16Pjk,2026-04-25T19:11:22Z,commit:5c97d16a
"Going, Going, Gone",Bob Dylan,Planet Waves,False,INDIFFERENT,3:27,207,-LRdeHSaZBs,2026-04-25T19:07:55Z,commit:5c97d16a
Vicious,Lou Reed,Transformer,False,INDIFFERENT,2:57,177,BVcj_lo1F6o,2026-04-25T19:04:58Z,commit:5c97d16a
White Light/White Heat,The Velvet Underground,White Light / White Heat,True,LIKE,2:48,168,AJy0LP8iYPg,2026-04-25T19:02:10Z,commit:5c97d16a
Scarlet Town,Gillian Welch,The Harrow & The Harvest,False,INDIFFERENT,3:40,220,aVdjP8XfU_0,2026-04-25T18:58:30Z,commit:5c97d16a
Dirty Old Town,Craig Cardiff,Goodnight (Go Home),False,INDIFFERENT,4:07,247,zigLhs8ZIIA,2026-04-25T18:54:23Z,commit:5c97d16a
The Conch Republic Song,Michael McCloud,"Best of Key West, Vol. 2",False,INDIFFERENT,2:44,164,RU2U3PYpFrc,2026-04-25T18:51:39Z,commit:5c97d16a
My Darlin' Hometown,John Prine,Fair and Square,False,INDIFFERENT,3:15,195,ZPZirGHcyQ4,2026-04-25T18:48:24Z,commit:5c97d16a
Winter's Come And Gone,Gillian Welch,Hell Among The Yearlings,False,INDIFFERENT,2:16,136,nzZLpjT5jgM,2026-04-25T18:46:08Z,commit:5c97d16a
When My Race Is Run,"Golden Highway, Molly Tuttle",City of Gold,False,INDIFFERENT,4:23,263,fFz6ymyQhXY,2026-04-25T18:41:45Z,commit:5c97d16a
Tell It To Me,Old Crow Medicine Show,O.C.M.S.,,INDIFFERENT,2:48,168,7VkM6QCxEVs,2026-04-25T18:38:57Z,commit:5c97d16a
How High,The Record Company,Play Loud,False,INDIFFERENT,3:13,193,2Qb8w2ULZAE,2026-04-25T18:35:44Z,commit:5c97d16a
Wash Away (Reprise),Joe Purdy,Julie Blue,False,INDIFFERENT,3:01,181,o3POrvU_ZzM,2026-04-25T18:32:43Z,commit:5c97d16a
Creature,Tijuana Panthers,Max Baker,False,INDIFFERENT,2:59,179,2QPt5GVwJNk,2026-04-25T18:29:44Z,commit:5c97d16a
Take Us Back,Alela Diane,To Be Still,False,INDIFFERENT,4:44,284,Xqb4R6Pyyv4,2026-04-25T18:25:00Z,commit:5c97d16a
Statesboro Blues,Blind Willie McTell,The Ultimate Collection,False,INDIFFERENT,2:31,151,cXuCuoScurk,2026-04-25T18:22:29Z,commit:5c97d16a
Call to Arms,Sturgill Simpson,A Sailor's Guide to Earth,True,LIKE,5:30,330,VuiR4AtH1fc,2026-04-25T18:16:59Z,commit:5c97d16a
I Followed Fires,Matthew And The Atlas,Kingdom of Your Own,False,INDIFFERENT,3:49,229,5zexmRxxJlY,2026-04-25T18:13:10Z,commit:5c97d16a
Dos Banjos,Billy Strings,Billy Strings - EP,False,INDIFFERENT,3:07,187,8ag-F986iI4,2026-04-25T18:10:03Z,commit:5c97d16a
Who the Devil (Live),The Wood Brothers,Live at the Barn,False,INDIFFERENT,5:03,303,A1Ajs5ZQCWo,2026-04-25T18:05:00Z,commit:5c97d16a
Set Ourselves Free,Uncle Lucius,And You Are Me,False,INDIFFERENT,4:17,257,k1i6Jh8sP0I,2026-04-25T18:00:43Z,commit:5c97d16a
Games People Play,The Georgia Satellites,Shaken Not Stirred,False,INDIFFERENT,3:38,218,kPjqYCtVjZs,2026-04-25T17:57:05Z,commit:5c97d16a
Barnacles,Ugly Casanova,Sharpen Your Teeth (Bonus Track Version),False,INDIFFERENT,5:05,305,fPmF9v3bJpQ,2026-04-25T17:52:00Z,commit:5c97d16a
If You're Gonna Play in Texas (You Gotta Have a Fiddle in the Band),Turnpike Troubadours,High Cotton: The Songs of Alabama,False,INDIFFERENT,3:16,196,ra9_eYo6900,2026-04-25T17:48:44Z,commit:5c97d16a
Dancing In The Dark,Ruth Moody,These Wilder Things,False,INDIFFERENT,4:19,259,zXC9MmaCo_A,2026-04-25T17:44:25Z,commit:5c97d16a
The Circle Game (2008 Remaster),Tom Rush,The Circle Game [Expanded & Remastered],False,INDIFFERENT,5:17,317,dURdp9tXa6k,2026-04-25T17:39:08Z,commit:5c97d16a
Didn't Leave Nobody But The Baby,"Alison Krauss, Emmylou Harris, Gillian Welch","O Brother, Where Art Thou? (Original Motion Picture Soundtrack)",False,INDIFFERENT,1:58,118,q_wq-M7iCSE,2026-04-25T17:37:10Z,commit:5c97d16a
Dirty Lie,The Secret Sisters,Put Your Needle Down,False,INDIFFERENT,2:55,175,K5t95CIoID4,2026-04-25T17:34:15Z,commit:5c97d16a
"Don't Think Twice, It's All Right",The Infamous Stringdusters,Undercover,True,LIKE,4:26,266,Wewb33DJSz0,2026-04-25T17:29:49Z,commit:5c97d16a
Wearin' A Hole,The SteelDrivers,Hammer Down,False,INDIFFERENT,3:25,205,ucwwVq0UMgg,2026-04-25T17:26:24Z,commit:5c97d16a
The Dragon Song,Bonnie 'Prince' Billy,Pete's Dragon (Original Motion Picture Soundtrack),False,INDIFFERENT,2:29,149,O7K8Y1g06dY,2026-04-25T17:23:55Z,commit:5c97d16a
Irish Washerwoman,Pa's Fiddle Band,The Arkansas Traveler: Music from Little House On the Prairie,False,INDIFFERENT,2:49,169,wQ1lApMT54o,2026-04-25T17:21:06Z,commit:5c97d16a
Song for a Winter's Night,Christopher Shaw & Bridget Ball,Mountain Snow and Mistletoe,False,INDIFFERENT,3:26,206,WEdTn-wdJd8,2026-04-25T17:17:40Z,commit:5c97d16a
In My Arms,Will Killen,In My Arms,False,INDIFFERENT,2:55,175,W-TwP-etVxg,2026-04-25T17:14:45Z,commit:5c97d16a
Fade Away,Beau Bradley,Fade Away,False,INDIFFERENT,3:54,234,veqRfVYS68M,2026-04-25T17:10:51Z,commit:5c97d16a
Ode To A Butterfly,Nickel Creek,Nickel Creek,False,INDIFFERENT,4:09,249,urfWMaY3z-E,2026-04-25T17:06:42Z,commit:5c97d16a
"Solidarity Forever (Live From Victoria, Courtenay, And Vancouver, British Columbia / February, 1981)",Utah Phillips,"We Have Fed You All A Thousand Years (Live From Victoria, Courtenay, And Vancouver, British Columbia / February, 1981)",False,INDIFFERENT,4:30,270,5rBVd9JAz3M,2026-04-25T17:02:12Z,commit:5c97d16a
Sally Goodin',Nat Keefe with The Bow Ties,Sally Goodin',False,INDIFFERENT,3:50,230,X_DgAiTRuSU,2026-04-25T16:58:22Z,commit:5c97d16a
Parlez nous a boire,The Balfa Brothers,"The Balfa Brothers Play Traditional Cajun Music, Vol. 1 & 2",False,INDIFFERENT,3:12,192,jm-_5vF7Zj4,2026-04-25T16:55:10Z,commit:5c97d16a
Old Man,James Blundell,Hand It Down,False,INDIFFERENT,4:04,244,HyNa64RAwYA,2026-04-25T16:51:06Z,commit:5c97d16a
Hemingway's Whiskey,Guy Clark,Somedays The Song Writes You,False,INDIFFERENT,2:55,175,ujffnzgkOL4,2026-04-25T16:48:11Z,commit:5c97d16a
Undone in Sorrow,Ola Belle Reed,Rising Sun Melodies,,INDIFFERENT,3:20,200,Wr9_SxBgMII,2026-04-25T16:44:51Z,commit:5c97d16a
He Was A Friend Of Mine,Dave Van Ronk,Folksinger,,LIKE,3:31,211,fmhJVDnrtcg,2026-04-25T16:41:20Z,commit:5c97d16a
Never Make It Home,Split Lip Rayfield,Never Make It Home,False,INDIFFERENT,3:10,190,g6dg_JKDW8k,2026-04-25T16:38:10Z,commit:5c97d16a
Long Hot Summer Days,Sara Watkins,The Peanut Butter Falcon (Original Motion Picture Soundtrack),False,INDIFFERENT,3:16,196,OSh9D9iTw-4,2026-04-25T16:34:54Z,commit:5c97d16a
Torn Screen Door (feat. David Francey),David Francey,Torn Screen Door,False,INDIFFERENT,1:38,98,F6eNqyKSO5E,2026-04-25T16:33:16Z,commit:5c97d16a
The World Is Turned Upside Down,Maddy Prior & The Carnival Band,Hang Up Sorrow And Care,False,INDIFFERENT,3:07,187,t-eSGMlxx5I,2026-04-25T16:30:09Z,commit:5c97d16a
Nottamun Town,Jean Ritchie,Mountain Hearth & Home,False,INDIFFERENT,2:29,149,UGU1yR3wPlw,2026-04-25T16:27:40Z,commit:5c97d16a
Cajun Waltz,JC Miller,Cajun Waltz,False,INDIFFERENT,5:56,356,LmLLrWyQ-TA,2026-04-25T16:21:44Z,commit:5c97d16a
Mona Lisa,Grant-Lee Phillips,Virginia Creeper,False,INDIFFERENT,4:12,252,J5D67C5MJrM,2026-04-25T16:17:32Z,commit:5c97d16a
Foggy Mountain Special,Brad Kolodner,Chimney Swifts,,INDIFFERENT,3:40,220,EO6eec8Frjo,2026-04-25T16:13:52Z,commit:5c97d16a
No Sanctuary Here,Chris Jones,Roadhouses & Automobiles,False,INDIFFERENT,3:46,226,_DXCKkW-_Sw,2026-04-25T16:10:06Z,commit:5c97d16a
Beyond This Wall,Jake Blount,Spider Tales,,INDIFFERENT,3:26,206,LqQuN3kYRIY,2026-04-25T16:06:40Z,commit:5c97d16a
Harvest Moon (feat. AJ Lee & Blue Summit),The Brothers Comatose,Harvest Moon,False,INDIFFERENT,4:42,282,4yRxiQ7AxKw,2026-04-25T16:01:58Z,commit:5c97d16a
Five Miles From Town,Brad Kolodner,Chimney Swifts,,INDIFFERENT,3:10,190,B_Q-_wW1a0Q,2026-04-25T15:58:48Z,commit:5c97d16a
Chimney Swifts,Brad Kolodner,Chimney Swifts,,LIKE,3:47,227,Xrf5C8vgqfs,2026-04-25T15:55:01Z,commit:5c97d16a
December,Zoe Boekbinder,Artichoke Perfume,False,INDIFFERENT,1:52,112,nymyIUmPid4,2026-04-25T15:53:09Z,commit:5c97d16a
Freight train,Elizabeth Cotten,Freight Train and Other North Carolina Folk Songs and Tunes,,INDIFFERENT,2:46,166,If5ZGXKG9bw,2026-04-25T15:50:23Z,commit:5c97d16a
I Am A Man Of Constant Sorrow (Instrumental),Norman Blake,"O Brother, Where Art Thou? (Original Motion Picture Soundtrack)",False,INDIFFERENT,4:30,270,s-xRawj4dZo,2026-04-25T15:45:53Z,commit:5c97d16a
Shake Sugaree,Muireann Bradley,I Kept These Old Blues,True,LIKE,5:49,349,2HYgGoG2OpU,2026-04-25T15:40:04Z,commit:5c97d16a
Little Boxes,Malvina Reynolds,The Best of Broadside 1962-1988: Anthems of the American Underground from the Pages of Broadside Magazine,False,INDIFFERENT,2:11,131,khLXh67VyEc,2026-04-25T15:37:53Z,commit:5c97d16a
I Dream A Highway,Gillian Welch,Time (The Revelator),False,INDIFFERENT,14:43,883,GLjcUFnZjNk,2026-04-25T15:23:10Z,commit:5c97d16a
Can't Help But Wonder Where I'm Bound (Acoustic),Moonalice,Mother & Child,False,INDIFFERENT,3:57,237,4S3as0jgjbE,2026-04-25T15:19:13Z,commit:5c97d16a
Loretta,Townes Van Zandt,Flyin' Shoes,False,INDIFFERENT,3:56,236,9ZhYqYuhiys,2026-04-25T15:15:17Z,commit:5c97d16a
In the Long Run,The Staves,Dead & Born & Grown,False,INDIFFERENT,2:46,166,r9jplxkIQYg,2026-04-25T15:12:31Z,commit:5c97d16a
Turntable,Dead Horses,Turntable,False,INDIFFERENT,3:15,195,AAywD7nmOhk,2026-04-25T15:09:16Z,commit:5c97d16a
Last of My Kind,Viv & Riley,Time Is Everything,,LIKE,4:23,263,3kC5wb_yw5Q,2026-04-25T15:04:53Z,commit:5c97d16a
The Curse of the Blackened Eye,Orville Peck,Bronco: Chapters 1 & 2,False,INDIFFERENT,4:11,251,BA9LNzm6Ccs,2026-04-25T15:00:42Z,commit:5c97d16a
Goodbye Boozy Suzy,Golden Shoals,Reasons to Run,True,LIKE,2:55,175,Ng1Ux725PR8,2026-04-25T14:57:47Z,commit:5c97d16a
Distant Star,First Aid Kit,Ruins,False,INDIFFERENT,3:09,189,xmKEy5mIBfg,2026-04-25T14:54:38Z,commit:5c97d16a
Dark Mountainside,Carolina Blue,I Hear Bluegrass Calling Me,False,INDIFFERENT,4:06,246,bUXrjBRgcl8,2026-04-25T14:50:32Z,commit:5c97d16a
My Bucket's Got a Hole in It,"Carrie Rodriguez, Chip Taylor",Red Dog Tracks,False,INDIFFERENT,2:32,152,HcKtIH_OGlY,2026-04-25T14:48:00Z,commit:5c97d16a
Eid Ma Clack Shaw,Bill Callahan,Sometimes I Wish We Were An Eagle,False,INDIFFERENT,4:20,260,_xOWjELJwv0,2026-04-25T14:43:40Z,commit:5c97d16a
Ghost of Your Worries,Blackwater Railroad Company,Onsara Series (Part I),False,INDIFFERENT,5:02,302,XO07dl3m6fo,2026-04-25T14:38:38Z,commit:5c97d16a
They Called it Music,The Gibson Brothers,They Called It Music,False,INDIFFERENT,3:30,210,g65jZF0UDDg,2026-04-25T14:35:08Z,commit:5c97d16a
Nothing to Lose,Andrew Combs,All These Dreams,False,INDIFFERENT,3:54,234,fzHRwGHNTNY,2026-04-25T14:31:14Z,commit:5c97d16a
Jesus Would've Let Me Pick the Restaurant,Lilly Hiatt,Royal Blue,False,INDIFFERENT,4:10,250,o9UneEKPLW8,2026-04-25T14:27:04Z,commit:5c97d16a
Hills of My Home,The Honey Dewdrops,Silver Lining,False,INDIFFERENT,4:20,260,VGBmY4x-VAo,2026-04-25T14:22:44Z,commit:5c97d16a
Central Hillside Blues,Trampled By Turtles,Alpenglow,False,INDIFFERENT,3:25,205,soPz7QgGk2U,2026-04-25T14:19:19Z,commit:5c97d16a
I Come From,Ordinary Elephant,Honest,False,INDIFFERENT,3:59,239,P92htwd2NRc,2026-04-25T14:15:20Z,commit:5c97d16a
If I,Amanda Shires,Down Fell the Doves,False,INDIFFERENT,2:15,135,of-vUgsuH08,2026-04-25T14:13:05Z,commit:5c97d16a
Satellite,Lindsay Lou,Southland,True,LIKE,2:49,169,Ld8VNub-c-4,2026-04-25T14:10:16Z,commit:5c97d16a
Tied to the Wheel,Whitney Rose,Rule 62,False,INDIFFERENT,4:41,281,TnSkeFgR9a4,2026-04-25T14:05:35Z,commit:5c97d16a
No Forever,Viv & Riley,Time Is Everything,,LIKE,3:56,236,0OOsaoO9ESE,2026-04-25T14:01:39Z,commit:5c97d16a
Girl From the North Country (Bob Dylan Cover),Hayde Bluegrass Orchestra,Amerikakoffert,False,INDIFFERENT,4:19,259,Dj7Oe9_qr8Y,2026-04-25T13:57:20Z,commit:5c97d16a
Ern & Zorry's Sneakin' Bitin' Dog,Dori Freeman,Letters Never Read,False,INDIFFERENT,2:10,130,tZ5PFRBMC28,2026-04-25T13:55:10Z,commit:5c97d16a
Yonder Comes a Sucker,Dori Freeman,Letters Never Read,True,LIKE,2:09,129,gXrhRW5tIsA,2026-04-25T13:53:01Z,commit:5c97d16a
Vajrayana,Entheogenic,Oddiyana,,INDIFFERENT,8:41,521,M1MNUREodl8,2026-04-25T13:44:20Z,commit:5c97d16a
Crown Shyness,Entheogenic,Oddiyana,,INDIFFERENT,10:17,617,Ijg9YIbu5i8,2026-04-25T13:34:03Z,commit:5c97d16a
Prototaxities,Entheogenic,Oddiyana,,INDIFFERENT,9:24,564,KQu9Ys7ZONQ,2026-04-25T13:24:39Z,commit:5c97d16a
Lotus Born,Entheogenic,Oddiyana,,INDIFFERENT,14:13,853,62LeS9IuARo,2026-04-25T13:10:26Z,commit:5c97d16a
Dharmakaya,Entheogenic,Oddiyana,,INDIFFERENT,15:12,912,H_4wXExeSBo,2026-04-25T12:55:14Z,commit:5c97d16a
Hit Parade Of Love,The Infamous Stringdusters,"2023/12/30 Asheville, NC",,INDIFFERENT,3:31,211,sUYwl6txFTc,2026-04-25T12:51:43Z,commit:5c97d16a
Truth And Love,The Infamous Stringdusters,"2023/12/30 Asheville, NC",,INDIFFERENT,9:59,599,XJE_jOuJqeQ,2026-04-25T12:41:44Z,commit:5c97d16a
Sharp Dressed Man,The Infamous Stringdusters,"2023/12/30 Asheville, NC",,INDIFFERENT,4:37,277,4m78yWmyUco,2026-04-25T12:37:07Z,commit:5c97d16a
One More Bridge,The Infamous Stringdusters,"2023/12/30 Asheville, NC",,INDIFFERENT,3:36,216,2PYhWMlKufY,2026-04-25T12:33:31Z,commit:5c97d16a
Back In The Goodle Days,The Infamous Stringdusters,"2023/12/30 Asheville, NC",,INDIFFERENT,4:57,297,0xL98s9uVWU,2026-04-25T12:28:34Z,commit:5c97d16a
Shenandoah Breakdown,The Infamous Stringdusters,"2023/12/30 Asheville, NC",,INDIFFERENT,8:54,534,LeSY5EJ0JQQ,2026-04-25T12:19:40Z,commit:5c97d16a
Jon Stickley And Lindsay Pruett Introduction,The Infamous Stringdusters,"2023/12/30 Asheville, NC",,INDIFFERENT,3:06,186,g-O44uZhHuw,2026-04-25T12:16:34Z,commit:5c97d16a
Walking On The Moon,The Infamous Stringdusters,"2023/12/30 Asheville, NC",,INDIFFERENT,4:42,282,cwiQRHIMFFs,2026-04-25T12:11:52Z,commit:5c97d16a
Back Home Again,The Infamous Stringdusters,"2023/12/30 Asheville, NC",,INDIFFERENT,8:57,537,gKo31pJkm8E,2026-04-25T12:02:55Z,commit:5c97d16a
As It Was,The Infamous Stringdusters,"2023/12/30 Asheville, NC",,INDIFFERENT,3:20,200,ClCWbfoBdNg,2026-04-25T11:59:35Z,commit:5c97d16a
Pig in a Pen,The Infamous Stringdusters,"2023/12/30 Asheville, NC",,INDIFFERENT,3:44,224,9Ya97r7hS6c,2026-04-25T11:55:51Z,commit:5c97d16a
Colorado,The Infamous Stringdusters,"2023/12/30 Asheville, NC",,INDIFFERENT,6:33,393,OXC8nqOrUIA,2026-04-25T11:49:18Z,commit:5c97d16a
Rise Sun,The Infamous Stringdusters,"2023/12/30 Asheville, NC",,INDIFFERENT,4:14,254,u6SDg2qk6Fw,2026-04-25T11:45:04Z,commit:5c97d16a
Moon Man,The Infamous Stringdusters,"2023/12/30 Asheville, NC",,INDIFFERENT,8:45,525,xqC_FuDJ6Zg,2026-04-25T11:36:19Z,commit:5c97d16a
Dream You Back,The Infamous Stringdusters,"2023/12/30 Asheville, NC",,INDIFFERENT,3:20,200,PJF-xPfDj-c,2026-04-25T11:32:59Z,commit:5c97d16a
Letter From Prison,The Infamous Stringdusters,"2023/12/30 Asheville, NC",,INDIFFERENT,3:59,239,GY8_DdDHWQM,2026-04-25T11:29:00Z,commit:5c97d16a
My Destination,The Infamous Stringdusters,"2023/12/30 Asheville, NC",,INDIFFERENT,7:48,468,6x6RiNsr3G4,2026-04-25T11:21:12Z,commit:5c97d16a
No Resolution,The Infamous Stringdusters,"2023/12/30 Asheville, NC",,INDIFFERENT,5:04,304,f4m6SrHSRRk,2026-04-25T11:16:08Z,commit:5c97d16a
Poor Boy's Delight,The Infamous Stringdusters,"2023/12/30 Asheville, NC",,INDIFFERENT,4:02,242,30i-AmuNbQA,2026-04-25T11:12:06Z,commit:5c97d16a
Tragic Life,The Infamous Stringdusters,"2023/12/30 Asheville, NC",,INDIFFERENT,8:43,523,snbJ4p2XQ4c,2026-04-25T11:03:23Z,commit:5c97d16a
40 West,The Infamous Stringdusters,"2023/12/30 Asheville, NC",,INDIFFERENT,3:35,215,Mvmdk0GtXeA,2026-04-25T10:59:48Z,commit:5c97d16a
3x5,The Infamous Stringdusters,"2023/12/30 Asheville, NC",,INDIFFERENT,5:22,322,88PfOg9NYYk,2026-04-25T10:54:26Z,commit:5c97d16a
Starry Night,The Infamous Stringdusters,"2023/12/30 Asheville, NC",,INDIFFERENT,3:36,216,XNDppLxdmLs,2026-04-25T10:50:50Z,commit:5c97d16a
Fork In The Road,The Infamous Stringdusters,"2023/12/30 Asheville, NC",,INDIFFERENT,3:49,229,B1qAMbN6PvQ,2026-04-25T10:47:01Z,commit:5c97d16a
No More To Leave You Behind,The Infamous Stringdusters,"2023/12/30 Asheville, NC",,INDIFFERENT,9:06,546,NWZnskOulCw,2026-04-25T10:37:55Z,commit:5c97d16a
Fire On the Mountain,Iron Horse,Ridin' Out The Storm,False,INDIFFERENT,3:18,198,1xEyds9Z4II,2026-04-25T10:34:37Z,commit:5c97d16a
Here I Am,Viv & Riley,Time Is Everything,,INDIFFERENT,4:56,296,Tl_J_rdA_zc,2026-04-25T10:29:41Z,commit:5c97d16a
Every Goodbye,Viv & Riley,Time Is Everything,,LIKE,3:45,225,MRiyqLHOLmQ,2026-04-25T10:25:56Z,commit:5c97d16a
Why Don't You Introduce Me as Your Darlin',Viv & Riley,Time Is Everything,,INDIFFERENT,3:31,211,nZug8tSEyJA,2026-04-25T10:22:25Z,commit:5c97d16a
Cold Mountains,Viv & Riley,Time Is Everything,,INDIFFERENT,3:14,194,mXNwH0aR7Vo,2026-04-25T10:19:11Z,commit:5c97d16a
Wishes and Dreams,Viv & Riley,Time Is Everything,,INDIFFERENT,4:50,290,Leq9saZYB1o,2026-04-25T10:14:21Z,commit:5c97d16a
No Forever,Viv & Riley,Time Is Everything,,INDIFFERENT,3:56,236,0OOsaoO9ESE,2026-04-25T10:10:25Z,commit:5c97d16a
Sturdy as the Land,Viv & Riley,Time Is Everything,,INDIFFERENT,4:03,243,djEg4-mna6E,2026-04-25T10:06:22Z,commit:5c97d16a
Time is Everything,Viv & Riley,Time Is Everything,,INDIFFERENT,3:06,186,556gJIJR6rE,2026-04-25T10:03:16Z,commit:5c97d16a
Bottom of the Glass,Viv & Riley,Time Is Everything,,INDIFFERENT,3:33,213,RhhePcKE70c,2026-04-25T09:59:43Z,commit:5c97d16a
Last of My Kind,Viv & Riley,Time Is Everything,,LIKE,4:23,263,3kC5wb_yw5Q,2026-04-25T09:55:20Z,commit:5c97d16a
Last of My Kind,Paul Burch,Last of My Kind,,LIKE,4:10,250,1Rboxn_ZFIs,2026-04-25T09:51:10Z,commit:5c97d16a
You Got To Walk That Lonesome Valley,Mississippi John Hurt,Christian Hymns - Delta Blues,False,INDIFFERENT,2:46,166,HJHXt_upF1c,2026-04-25T09:48:24Z,commit:5c97d16a
Prepare Your Coffin,Tortoise,Beacons Of Ancestorship,False,INDIFFERENT,3:40,220,ltgqgNuYAzY,2026-04-25T09:44:44Z,commit:5c97d16a
High Class Slim Came Floatin' In,Tortoise,Beacons Of Ancestorship,False,INDIFFERENT,8:17,497,0RvZr3yXJVQ,2026-04-25T09:36:27Z,commit:5c97d16a
Nightjar,Ivan the Tolerable,Autodidact II,,INDIFFERENT,2:52,172,4E_1GBRGfAs,2026-04-25T09:33:35Z,commit:5c97d16a
A Letter To November,Ivan the Tolerable,Autodidact II,,INDIFFERENT,6:20,380,1g1nbhRkno4,2026-04-25T09:27:15Z,commit:5c97d16a
Turkish Golden Scissors III,Ivan the Tolerable,Autodidact II,,INDIFFERENT,4:37,277,5N_otnNTBFo,2026-04-25T09:22:38Z,commit:5c97d16a
The Smell Of Water,Ivan the Tolerable,Autodidact II,,INDIFFERENT,5:43,343,-snSCUy3Mhc,2026-04-25T09:16:55Z,commit:5c97d16a
Red Oilcloth,Ivan the Tolerable,Autodidact II,,INDIFFERENT,3:58,238,SVLRpaL_7TE,2026-04-25T09:12:57Z,commit:5c97d16a
Sandmartin,Ivan the Tolerable,Autodidact II,,INDIFFERENT,2:23,143,hBmxQSFbfGA,2026-04-25T09:10:34Z,commit:5c97d16a
Wylder's Hand,Ivan the Tolerable,Autodidact II,,INDIFFERENT,3:58,238,oSmZY-qQD6A,2026-04-25T09:06:36Z,commit:5c97d16a
Three Methods,Ivan the Tolerable,Autodidact II,,INDIFFERENT,4:53,293,oQmV2qi58Jc,2026-04-25T09:01:43Z,commit:5c97d16a
Turkish Golden Scissors II,Ivan the Tolerable,Autodidact II,,INDIFFERENT,4:37,277,diMHXhUoP0g,2026-04-25T08:57:06Z,commit:5c97d16a
Autodidact II,Ivan the Tolerable,Autodidact II,,INDIFFERENT,4:17,257,Vkp6BzYR9PQ,2026-04-25T08:52:49Z,commit:5c97d16a
Helianthus,Ivan the Tolerable,Autodidact II,,INDIFFERENT,5:18,318,jOZXJ4OgpiI,2026-04-25T08:47:31Z,commit:5c97d16a
On A Rock,Ivan the Tolerable,Autodidact II,,INDIFFERENT,4:21,261,Zk6VryWyXOo,2026-04-25T08:43:10Z,commit:5c97d16a
Into The Well,Ivan the Tolerable,Autodidact II,,INDIFFERENT,2:57,177,ss2n5Caf3d0,2026-04-25T08:40:13Z,commit:5c97d16a
Red Throated Diver,Ivan the Tolerable,Autodidact II,,INDIFFERENT,2:19,139,eELeHvxQqMc,2026-04-25T08:37:54Z,commit:5c97d16a
Turkish Golden Scissors I,Ivan the Tolerable,Autodidact II,,INDIFFERENT,14:34,874,4tNPwNJFhIo,2026-04-25T08:23:20Z,commit:5c97d16a
The Centre Is Everything,Ivan the Tolerable,The Aleph,False,INDIFFERENT,3:40,220,6VtjsXH2jQ0,2026-04-25T08:19:40Z,commit:5c97d16a
Aleph III,Ivan the Tolerable,The Aleph,False,INDIFFERENT,3:26,206,LBf3Ii8Rowk,2026-04-25T08:16:14Z,commit:5c97d16a
All Space Was There,Ivan the Tolerable,The Aleph,False,INDIFFERENT,4:12,252,IXtQA6Pzsqk,2026-04-25T08:12:02Z,commit:5c97d16a
The Prince Of Wits,Ivan the Tolerable,The Aleph,False,INDIFFERENT,6:27,387,nNu2mwQcNFw,2026-04-25T08:05:35Z,commit:5c97d16a
Aleph II,Ivan the Tolerable,The Aleph,False,INDIFFERENT,5:27,327,VZD2ZbeUTAI,2026-04-25T08:00:08Z,commit:5c97d16a
Tangled Hair,Ivan the Tolerable,The Aleph,False,INDIFFERENT,5:17,317,2VpQr6PECGE,2026-04-25T07:54:51Z,commit:5c97d16a
Black Pyramid,Ivan the Tolerable,The Aleph,False,INDIFFERENT,5:38,338,EmRpauCn2Yw,2026-04-25T07:49:13Z,commit:5c97d16a
Godhead,Ivan the Tolerable,The Aleph,False,INDIFFERENT,5:17,317,dTribokDa70,2026-04-25T07:43:56Z,commit:5c97d16a
Aleph I,Ivan the Tolerable,The Aleph,False,INDIFFERENT,4:47,287,diqeXaZ0zds,2026-04-25T07:39:09Z,commit:5c97d16a
Prologue Canto,Ivan the Tolerable,The Aleph,False,INDIFFERENT,5:51,351,CWnlwL2MQcc,2026-04-25T07:33:18Z,commit:5c97d16a
Memory,Ivan the Tolerable,Black Water/Brown Earth,True,LIKE,11:42,702,naEQW6Z8Cr0,2026-04-25T07:21:36Z,commit:5c97d16a
Silver Lawn,Ivan the Tolerable,Black Water/Brown Earth,False,INDIFFERENT,3:24,204,VuW0s6RFjf8,2026-04-25T07:18:12Z,commit:5c97d16a
Signs,Ivan the Tolerable,Black Water/Brown Earth,False,INDIFFERENT,7:50,470,9pWvWm2n03M,2026-04-25T07:10:22Z,commit:5c97d16a
Birds,Ivan the Tolerable,Black Water/Brown Earth,False,INDIFFERENT,2:17,137,lEsolo2zRkc,2026-04-25T07:08:05Z,commit:5c97d16a
Seaweed,Ivan the Tolerable,Black Water/Brown Earth,False,INDIFFERENT,7:34,454,ueTDfo7c50c,2026-04-25T07:00:31Z,commit:5c97d16a
Sawdust,Ivan the Tolerable,Black Water/Brown Earth,False,INDIFFERENT,2:22,142,53eB-vaXQVM,2026-04-25T06:58:09Z,commit:5c97d16a
Dew Damp,Ivan the Tolerable,Black Water/Brown Earth,False,INDIFFERENT,6:30,390,poznoZTjrVs,2026-04-25T06:51:39Z,commit:5c97d16a
Moon Milk,Ivan the Tolerable,Black Water/Brown Earth,False,INDIFFERENT,2:50,170,B5nAO8ujpxU,2026-04-25T06:48:49Z,commit:5c97d16a
Slow Deep Salt and Silent Black,Ivan the Tolerable,Black Water/Brown Earth,False,INDIFFERENT,9:32,572,y5-_9T7R8jY,2026-04-25T06:39:17Z,commit:5c97d16a
The Labyrinth,Ivan the Tolerable,Black Water/Brown Earth,False,INDIFFERENT,2:20,140,h6nmJNz77cU,2026-04-25T06:36:57Z,commit:5c97d16a
Before The Sun Sinks,Ivan the Tolerable,Black Water/Brown Earth,False,INDIFFERENT,8:35,515,Z-1t4Gmy344,2026-04-25T06:28:22Z,commit:5c97d16a
Going out West,Hayde Bluegrass Orchestra,Migrants,False,INDIFFERENT,3:58,238,UaCvk-zHRQM,2026-04-25T06:24:24Z,commit:5c97d16a
Before The Sun Sinks,Ivan the Tolerable,Black Water/Brown Earth,False,INDIFFERENT,8:35,515,Z-1t4Gmy344,2026-04-25T06:15:49Z,commit:5c97d16a
Going out West,Hayde Bluegrass Orchestra,Migrants,False,INDIFFERENT,3:58,238,UaCvk-zHRQM,2026-04-25T06:11:51Z,commit:5c97d16a
Lucy Gray (part 2) (from The Hunger Games: The Ballad of Songbirds & Snakes),Rachel Zegler,The Hunger Games: The Ballad of Songbirds & Snakes (Music From & Inspired By),,INDIFFERENT,3:19,199,2TeS0wplw9M,2026-04-25T06:08:32Z,commit:5c97d16a
Keep On The Sunny Side (from The Hunger Games: The Ballad of Songbirds & Snakes),"Josie Hope Hall, The Covey Band",The Hunger Games: The Ballad of Songbirds & Snakes (Music From & Inspired By),,INDIFFERENT,2:44,164,6YO7vFFD12Q,2026-04-25T06:05:48Z,commit:5c97d16a
Winter's Come and Gone (from The Hunger Games: The Ballad of Songbirds & Snakes),Charles Wesley Godwin,The Hunger Games: The Ballad of Songbirds & Snakes (Music From & Inspired By),,INDIFFERENT,2:50,170,aHtHBiAgysU,2026-04-25T06:02:58Z,commit:5c97d16a
Pure As The Driven Snow (from The Hunger Games: The Ballad of Songbirds & Snakes),"Rachel Zegler, The Covey Band",The Hunger Games: The Ballad of Songbirds & Snakes (Music From & Inspired By),,INDIFFERENT,3:54,234,ISucPnIrgBs,2026-04-25T05:59:04Z,commit:5c97d16a
Bury Me Beneath The Willow (from The Hunger Games: The Ballad of Songbirds & Snakes),Molly Tuttle,The Hunger Games: The Ballad of Songbirds & Snakes (Music From & Inspired By),,LIKE,3:43,223,otqQ8yVnIqE,2026-04-25T05:55:21Z,commit:5c97d16a
Lucy Gray (part 2) (from The Hunger Games: The Ballad of Songbirds & Snakes),Rachel Zegler,The Hunger Games: The Ballad of Songbirds & Snakes (Music From & Inspired By),,INDIFFERENT,3:19,199,2TeS0wplw9M,2026-04-25T05:52:02Z,commit:5c97d16a
Keep On The Sunny Side (from The Hunger Games: The Ballad of Songbirds & Snakes),"Josie Hope Hall, The Covey Band",The Hunger Games: The Ballad of Songbirds & Snakes (Music From & Inspired By),,INDIFFERENT,2:44,164,6YO7vFFD12Q,2026-04-25T05:49:18Z,commit:5c97d16a
Winter's Come and Gone (from The Hunger Games: The Ballad of Songbirds & Snakes),Charles Wesley Godwin,The Hunger Games: The Ballad of Songbirds & Snakes (Music From & Inspired By),,INDIFFERENT,2:50,170,aHtHBiAgysU,2026-04-25T05:46:28Z,commit:5c97d16a
Lucy Gray (part 1) (from The Hunger Games: The Ballad of Songbirds & Snakes),Rachel Zegler,The Hunger Games: The Ballad of Songbirds & Snakes (Music From & Inspired By),,INDIFFERENT,2:42,162,qbPIl8mqjms,2026-04-25T05:43:46Z,commit:5c97d16a
Cabin Song (from The Hunger Games: The Ballad of Songbirds & Snakes),Billy Strings,The Hunger Games: The Ballad of Songbirds & Snakes (Music From & Inspired By),,INDIFFERENT,3:27,207,4Y2ak4hh1aI,2026-04-25T05:40:19Z,commit:5c97d16a
Nothing You Can Take From Me (Boot-Stompin' Version) (from The Hunger Games: The Ballad of Songbirds & Snakes),"Rachel Zegler, The Covey Band",The Hunger Games: The Ballad of Songbirds & Snakes (Music From & Inspired By),,INDIFFERENT,3:14,194,Ym8JURyCNXk,2026-04-25T05:37:05Z,commit:5c97d16a
District 12 Stomp (from The Hunger Games: The Ballad of Songbirds & Snakes),The Covey Band,The Hunger Games: The Ballad of Songbirds & Snakes (Music From & Inspired By),,INDIFFERENT,0:44,44,hGRwUK2RBhU,2026-04-25T05:36:21Z,commit:5c97d16a
Burn Me Once (from The Hunger Games: The Ballad of Songbirds & Snakes),Bella White,The Hunger Games: The Ballad of Songbirds & Snakes (Music From & Inspired By),,INDIFFERENT,3:21,201,CeYXXxSPHUc,2026-04-25T05:33:00Z,commit:5c97d16a
The Old Therebefore / Singing at Snakes (from The Hunger Games: The Ballad of Songbirds & Snakes),"James Newton Howard, Rachel Zegler",The Hunger Games: The Ballad of Songbirds & Snakes (Music From & Inspired By),,INDIFFERENT,2:49,169,EcFNUxKgNb8,2026-04-25T05:30:11Z,commit:5c97d16a
The Ballad of Lucy Gray Baird (from The Hunger Games: The Ballad of Songbirds & Snakes),Rachel Zegler,The Hunger Games: The Ballad of Songbirds & Snakes (Music From & Inspired By),,LIKE,2:20,140,74LYZuxHom0,2026-04-25T05:27:51Z,commit:5c97d16a
The Garden (from The Hunger Games: The Ballad of Songbirds & Snakes),Sierra Ferrell,The Hunger Games: The Ballad of Songbirds & Snakes (Music From & Inspired By),,LIKE,3:43,223,oqyL-fDiXkU,2026-04-25T05:24:08Z,commit:5c97d16a
Nothing You Can Take From Me (from The Hunger Games: The Ballad of Songbirds & Snakes),Rachel Zegler,The Hunger Games: The Ballad of Songbirds & Snakes (Music From & Inspired By),,INDIFFERENT,1:36,96,dSL7DlaLukY,2026-04-25T05:22:32Z,commit:5c97d16a
Wool (from The Hunger Games: The Ballad of Songbirds & Snakes),Flatland Cavalry,The Hunger Games: The Ballad of Songbirds & Snakes (Music From & Inspired By),,INDIFFERENT,3:50,230,epz80uwyivw,2026-04-25T05:18:42Z,commit:5c97d16a
Because I Was Lonely,Ward Wills,When To Say Goodbye,False,INDIFFERENT,2:33,153,9itq7vaANik,2026-04-25T05:16:09Z,commit:5c97d16a
Spirits,"Evil Needle, Misha",Chillhop Essentials Fall 2021,False,INDIFFERENT,3:09,189,BDuDCIt2eiY,2026-04-25T05:13:00Z,commit:5c97d16a
Samui Sunrise,Saib,Samui Sunrise,False,INDIFFERENT,3:24,204,myRx1SRqxic,2026-04-25T05:09:36Z,commit:5c97d16a
Velvet Garden,City Girl,Neon Impasse,False,INDIFFERENT,3:54,234,ULgPNlTfinM,2026-04-25T05:05:42Z,commit:5c97d16a
Fireplace,Sleepy Fish,Beneath Your Waves,False,INDIFFERENT,2:39,159,IsLFK8TkaVw,2026-04-25T05:03:03Z,commit:5c97d16a
Snacks Pt. 1,"Kyle McEvoy, Louk, No Spirit, Philanthrope",Snacks,False,INDIFFERENT,2:57,177,RjQxmy90hTg,2026-04-25T05:00:06Z,commit:5c97d16a
Birds Fly Higher Than The Moon,Yasper,Birds Fly Higher Than The Moon,False,INDIFFERENT,2:44,164,EX2d37tT5fo,2026-04-25T04:57:22Z,commit:5c97d16a
A Day at the Beach,Pandrezz & j’san,Hometown,False,INDIFFERENT,2:50,170,UiCRuNo4dGg,2026-04-25T04:54:32Z,commit:5c97d16a
Daybreak,cocabona,Daybreak,False,INDIFFERENT,3:29,209,y3PKcVd7UtM,2026-04-25T04:51:03Z,commit:5c97d16a
Hanging Lanterns,Kalaido,Hanging Lanterns,False,INDIFFERENT,3:54,234,cukiBQ18NgE,2026-04-25T04:47:09Z,commit:5c97d16a
for when it’s warmer,Sleepy Fish,Chillhop Essentials Summer 2019,False,INDIFFERENT,3:37,217,hG6YzmvbosI,2026-04-25T04:43:32Z,commit:5c97d16a
Still,"Idealism, Philanthrope",Chillhop Daydreams 2,False,INDIFFERENT,3:34,214,1FxeCa6kypU,2026-04-25T04:39:58Z,commit:5c97d16a
Velocities,Sleepy Fish,Velocities,False,INDIFFERENT,3:12,192,JgI6z6aQhEA,2026-04-25T04:36:46Z,commit:5c97d16a
Eternal Youth,Rude.,Eternal Youth,False,INDIFFERENT,3:26,206,_BWPNPtsZm8,2026-04-25T04:33:20Z,commit:5c97d16a
1. Dreams,briqs,Dreams,False,INDIFFERENT,1:36,96,TEOwoK-CMes,2026-04-25T04:31:44Z,commit:5c97d16a
Rainbow Roll,Strehlow,Late Night Essentials,False,INDIFFERENT,2:06,126,SCTMdJ1cuoU,2026-04-25T04:29:38Z,commit:5c97d16a
Future,"Astairé, Paul Grant",Future,False,INDIFFERENT,2:29,149,_LY6aFUVmOU,2026-04-25T04:27:09Z,commit:5c97d16a
Opiate,Evil Needle,Chillhop Essentials Spring 2022,False,INDIFFERENT,2:51,171,YeSgtLJQGJs,2026-04-25T04:24:18Z,commit:5c97d16a
Azimuth,Dpsht,Azimuth,False,INDIFFERENT,1:41,101,Jcp48M-vRJw,2026-04-25T04:22:37Z,commit:5c97d16a
Gardenia,DRWN.,Gardenia,False,INDIFFERENT,2:05,125,kOmmYiigFLE,2026-04-25T04:20:32Z,commit:5c97d16a
Traveller,Dualizm,Traveller,False,INDIFFERENT,2:11,131,pZC82a-2eo0,2026-04-25T04:18:21Z,commit:5c97d16a
she,Sans,she,False,INDIFFERENT,3:06,186,xv3qKrCq2w8,2026-04-25T04:15:15Z,commit:5c97d16a
Lost In This Moment,"Evil Needle, Misha",Chillhop Essentials Summer 2022,False,INDIFFERENT,3:50,230,0am_BfODDvc,2026-04-25T04:11:25Z,commit:5c97d16a
Moony,The BREED,Moony,False,INDIFFERENT,2:07,127,SSy4VdjEJKM,2026-04-25T04:09:18Z,commit:5c97d16a
thinking of you,"Kyle McEvoy, Philanthrope, mommy",Inaudible,False,INDIFFERENT,2:11,131,Pts5UXY6R5U,2026-04-25T04:07:07Z,commit:5c97d16a
Summer Soft,"Ruck P, Shuko",Summer Soft,False,INDIFFERENT,2:30,150,J1AOKFRqCjg,2026-04-25T04:04:37Z,commit:5c97d16a
5:32pm,The Deli,Vibes 2,False,INDIFFERENT,2:17,137,6ustyT4Kx-g,2026-04-25T04:02:20Z,commit:5c97d16a
Aftermath,Beamer,Aftermath,False,INDIFFERENT,2:55,175,uCW2sZZofhk,2026-04-25T03:59:25Z,commit:5c97d16a
grainy days,Moody.,grainy days,False,INDIFFERENT,2:24,144,L2apFB6EF-Y,2026-04-25T03:57:01Z,commit:5c97d16a
Affection,Jinsang,Life,False,INDIFFERENT,1:58,118,LbHsWjX9dv4,2026-04-25T03:55:03Z,commit:5c97d16a
Sonria,Chris Mazuera,Sonria,False,INDIFFERENT,1:57,117,u04paoFoJeo,2026-04-25T03:53:06Z,commit:5c97d16a
i'm closing my eyes,potsu,i'm closing my eyes,False,INDIFFERENT,1:59,119,xSB8trUFX1A,2026-04-25T03:51:07Z,commit:5c97d16a
Nonchalant (feat. Hiroshi Suzuki),Dire Beats,Nonchalant,False,INDIFFERENT,1:22,82,tsw1LgVkFjE,2026-04-25T03:49:45Z,commit:5c97d16a
Mramor,Chau Sara,Time Travel,False,INDIFFERENT,2:19,139,RcoBPyF5wXg,2026-04-25T03:47:26Z,commit:5c97d16a
The Afternoon,Boztown,The Afternoon,False,INDIFFERENT,2:08,128,uyemSV1SpnE,2026-04-25T03:45:18Z,commit:5c97d16a
Bustlin,"LESKY, Midan",Park,False,INDIFFERENT,1:46,106,U8bM8mLlhUs,2026-04-25T03:43:32Z,commit:5c97d16a
Bees And Apple Trees,"Heinrich Schlupf, Loufish",Bees And Apple Trees,False,INDIFFERENT,1:50,110,EnLWwwtO1-A,2026-04-25T03:41:42Z,commit:5c97d16a
Far Away,sleepsleepsleep,Far Away,False,INDIFFERENT,1:56,116,0C1NFu4NB_4,2026-04-25T03:39:46Z,commit:5c97d16a
Santa Anna,Tom Doolie,Santa Anna,False,INDIFFERENT,2:01,121,mHKNroJOcig,2026-04-25T03:37:45Z,commit:5c97d16a
Wonderful Day,Kind Puppy,Wonderful Day,False,INDIFFERENT,2:24,144,72b8D6s_y_U,2026-04-25T03:35:21Z,commit:5c97d16a
Started Ballin',"Brenk Sinatra, Shuko",Started Ballin',False,INDIFFERENT,2:42,162,JbXkjRqWTxc,2026-04-25T03:32:39Z,commit:5c97d16a
Controlla,Idealism,rainy evening,False,INDIFFERENT,1:48,108,_mAPAtjWZGE,2026-04-25T03:30:51Z,commit:5c97d16a
Jazzy Wave,yourneighborsclassicbeats,Jazzy Wave,False,INDIFFERENT,2:07,127,P-zJCLBqZc4,2026-04-25T03:28:44Z,commit:5c97d16a
Floater,Auxjack,Welcome to My Lofi House,False,INDIFFERENT,2:03,123,uJv3YCk9wD4,2026-04-25T03:26:41Z,commit:5c97d16a
Reprisal,Rafael Anton Irisarri,A Fragile Geography,False,INDIFFERENT,9:40,580,GHipjUKMoYg,2026-04-25T03:17:01Z,commit:5c97d16a
Zephyr,loscil,Plume,False,INDIFFERENT,5:19,319,1EXc96ZBPX4,2026-04-25T03:11:42Z,commit:5c97d16a
Stave Peak,Loscil,Coast / Range / Arc,,INDIFFERENT,6:41,401,v5ke9itwVIU,2026-04-25T03:05:01Z,commit:5c97d16a
Variety Stomp,Tuba Skinny,Blue Chime Stomp,False,INDIFFERENT,3:40,220,qr-NgbLq0A4,2026-04-25T03:01:21Z,commit:5c97d16a
Shake It And Break It,Tuba Skinny,Blue Chime Stomp,False,INDIFFERENT,3:10,190,04vefKDPs7s,2026-04-25T02:58:11Z,commit:5c97d16a
All By Myself,Tuba Skinny & Jam in the Van,"Tuba Skinny - Jam in the Van (Live Session, New Orleans, LA 2022)",False,INDIFFERENT,4:48,288,NMvw02YHPaU,2026-04-25T02:53:23Z,commit:5c97d16a
Hard Times Come and Go,Pokey LaFarge,Riverboat Soul,,INDIFFERENT,3:46,226,VtRilacn8lo,2026-04-25T02:49:37Z,commit:5c97d16a
Broken Hearted Blues,Tuba Skinny,Blue Chime Stomp,False,INDIFFERENT,4:41,281,0KWWZDNFHvs,2026-04-25T02:44:56Z,commit:5c97d16a
Sing Sing Sing,Benny Goodman,Mambo-Swing y Beguine,False,INDIFFERENT,5:03,303,G7fARRnhWSg,2026-04-25T02:39:53Z,commit:5c97d16a
Too Tight,Tuba Skinny,Owl Call Blues,False,INDIFFERENT,3:37,217,4XiWwxOC6V8,2026-04-25T02:36:16Z,commit:5c97d16a
Wee Midnight Hours,Tuba Skinny,Some Kind-A-Shake,,INDIFFERENT,4:22,262,4dZTE4-_AZk,2026-04-25T02:31:54Z,commit:5c97d16a
Thriller Rag,Tuba Skinny,Some Kind-A-Shake,,INDIFFERENT,3:47,227,29RWqxjAEuQ,2026-04-25T02:28:07Z,commit:5c97d16a
Big River Ballad,Benjamin Tod,Songs I Swore I'd Never Sing,False,INDIFFERENT,5:14,314,yFCjoCJntaA,2026-04-25T02:22:53Z,commit:5c97d16a
Why Me?,Big Bad Voodoo Daddy,Rattle Them Bones (Deluxe Edition),False,INDIFFERENT,3:35,215,fOIATCEefvY,2026-04-25T02:19:18Z,commit:5c97d16a
Walkin Talkin Deadman,The Pine Hill Haints,Ghost Dance,False,INDIFFERENT,2:31,151,xBYyLyoGBiA,2026-04-25T02:16:47Z,commit:5c97d16a
"Milk Cow Blues (feat. Richard Watson, Josh Graves & Doc Watson)",Nitty Gritty Dirt Band,Will The Circle Be Unbroken (Vol. III),False,INDIFFERENT,5:05,305,rgzB1eqT-h0,2026-04-25T02:11:42Z,commit:5c97d16a
That's What I Like 'Bout The South (feat. Texas Playboys),Bob Wills,For The Last Time,False,INDIFFERENT,2:46,166,BKxoJKtoHP8,2026-04-25T02:08:56Z,commit:5c97d16a
When in Rome (Live),Nickel Creek,Live from the Fox Theater,False,INDIFFERENT,4:50,290,0z0qzwosA6U,2026-04-25T02:04:06Z,commit:5c97d16a
Late July,Spooky Wagons,Western Unplugged - Volume Two,False,INDIFFERENT,5:20,320,0S1MggOowfU,2026-04-25T01:58:46Z,commit:5c97d16a
Zoot Suit Riot (20th Anniversary),Cherry Poppin' Daddies,Zoot Suit Riot: The 20th Anniversary Edition,False,INDIFFERENT,3:57,237,bfxpkfQRqGo,2026-04-25T01:54:49Z,commit:5c97d16a
Gracefully Facedown (Live),The Devil Makes Three,Kexp Presents: The Devil Makes Three Live in Studio - EP,False,INDIFFERENT,3:27,207,FGt1_5rUr14,2026-04-25T01:51:22Z,commit:5c97d16a
The Devil Ain't Lazy,Pokey LaFarge,Pokey LaFarge,,INDIFFERENT,2:40,160,p2FA6c6dEG0,2026-04-25T01:48:42Z,commit:5c97d16a
Techno Party,"Tujamo, VINNE, & Murotani",Techno Party,False,INDIFFERENT,3:18,198,Hl58EdP9tvY,2026-04-25T01:45:24Z,commit:5c97d16a
Santorini (Club Dub) (feat. ASTA),Mark Maxwell,Santorini (Club Dub),False,INDIFFERENT,2:58,178,LEiMUpPiU-s,2026-04-25T01:42:26Z,commit:5c97d16a
Rhymes,"Chris Lorenzo, Hannah Wants",Rhymes,False,INDIFFERENT,3:21,201,rPivT_KYaJM,2026-04-25T01:39:05Z,commit:5c97d16a
Elevate,Deeper Purpose,Elevate,False,INDIFFERENT,3:32,212,hSGc12O-6og,2026-04-25T01:35:33Z,commit:5c97d16a
Take It,Dom Dolla,Take It,False,INDIFFERENT,3:55,235,Gz4K2N88kjM,2026-04-25T01:31:38Z,commit:5c97d16a
Make Me Feel,"DJ Hanzel, Dillon Francis",Make Me Feel,False,INDIFFERENT,3:33,213,EK0BU4eJ7S4,2026-04-25T01:28:05Z,commit:5c97d16a
Talking To Myself,Qubiko,Talking To Myself,False,INDIFFERENT,3:34,214,hqxI5KeEL2k,2026-04-25T01:24:31Z,commit:5c97d16a
UP,Dune Rats,UP,False,INDIFFERENT,3:23,203,p9G6ZSoKg7M,2026-04-25T01:21:08Z,commit:5c97d16a
D.A.N.C.E,Justice,Cross,True,INDIFFERENT,4:03,243,P0Nryn0YZ-A,2026-04-25T01:17:05Z,commit:5c97d16a
Flexing (Extended Mix),"Nahswille, Zhanti",Flexing,False,INDIFFERENT,3:24,204,ccAlu89ZlSc,2026-04-25T01:13:41Z,commit:5c97d16a
Gimme That Bounce,Mau P,Gimme That Bounce,False,INDIFFERENT,3:38,218,dM91fZEYfjM,2026-04-25T01:10:03Z,commit:5c97d16a
The Boxer,Simon & Garfunkel,Over the Bridge of Time: A Paul Simon Retrospective (1964-2011),False,INDIFFERENT,5:08,308,2IClvIiS7_c,2026-04-25T01:04:55Z,commit:5c97d16a
Chimney Swifts,Brad Kolodner,Chimney Swifts,,LIKE,3:47,227,Xrf5C8vgqfs,2026-04-25T01:01:08Z,commit:5c97d16a
Lost Highway,Hank Williams,Health & Happiness Shows,False,INDIFFERENT,3:24,204,92dezZCxer8,2026-04-25T00:57:44Z,commit:5c97d16a
Around the World,Daft Punk,Homework,,LIKE,7:10,430,Jb6gcoR266U,2026-04-25T00:50:34Z,commit:5c97d16a
Un Rayo Del Sol,Chakachas,Jungle Fever,False,INDIFFERENT,2:50,170,2JAEMdiFHAg,2026-04-25T00:47:44Z,commit:5c97d16a
Tired Of Being Alone,Al Green,Gets Next To You,True,LIKE,2:53,173,BEBHIV9L3uc,2026-04-25T00:44:51Z,commit:5c97d16a
Bound to Ride,"John Hartford, Tony Rice, Vassar Clements",Hartford Rice and Clements,,INDIFFERENT,1:59,119,BdWeRIYBZq4,2026-04-25T00:42:52Z,commit:5c97d16a
Howard Hughes' Blues,Wood & Wire,"The Woodshed Sessions, Vol. 2",,LIKE,3:25,205,d1xHusoNg3s,2026-04-25T00:39:27Z,commit:5c97d16a
The Sunny Side of Life,"Nancy Blake, Norman Blake",The Morning Glory Ramblers,False,INDIFFERENT,3:21,201,KjJGgm353eU,2026-04-25T00:36:06Z,commit:5c97d16a
Punk Rock Girl,The Dead Milkmen,Beelzebubba,False,INDIFFERENT,2:39,159,R_dXMrssU_o,2026-04-25T00:33:27Z,commit:5c97d16a
Ripples of the Mind,"Shpongle, Simon Posford",Flux & Contemplation - Portrait of an Artist in Isolation,,INDIFFERENT,3:48,228,jWHptnuVBew,2026-04-25T00:29:39Z,commit:5c97d16a
Forgot About Dre (feat. Eminem),Dr. Dre,2001,False,INDIFFERENT,3:43,223,SqTSgCdDaaM,2026-04-25T00:25:56Z,commit:5c97d16a
Too Long / Steam Machine,Daft Punk,Alive 2007,,INDIFFERENT,7:02,422,ifJxwoDmQqY,2026-04-25T00:18:54Z,commit:5c97d16a
Me and Paul,Willie Nelson,One Hell Of A Ride,True,LIKE,3:49,229,lMugPjewv-0,2026-04-25T00:15:05Z,commit:5c97d16a
Old Number Seven,The Devil Makes Three,The Devil Makes Three,False,INDIFFERENT,3:21,201,1tp4Vyltijw,2026-04-25T00:11:44Z,commit:5c97d16a
Help Me Scrape the Mucus off My Brain,Ween,12 Golden Country Greats,,INDIFFERENT,2:46,166,vA9B4VU8FlM,2026-04-25T00:08:58Z,commit:5c97d16a
Pigs,Wood & Wire,Pigs,False,INDIFFERENT,4:15,255,s_6cK3CgjFc,2026-04-25T00:04:43Z,commit:5c97d16a
The Other Side of This Life,"Peter, Paul & Mary","Peter, Paul and Mary Album",True,LIKE,3:04,184,_mVXZdPgGUY,2026-04-25T00:01:39Z,commit:5c97d16a
Julie,Rhiannon Gibbens,Tunes from David Holt's State of Music,False,INDIFFERENT,3:41,221,DSvQaAeaV00,2026-04-24T23:57:58Z,commit:5c97d16a
If I Should Wander Back Tonight,"John Hartford, Tony Rice, Vassar Clements",Hartford Rice and Clements,,INDIFFERENT,3:49,229,rWek-GkaACA,2026-04-24T23:54:09Z,commit:5c97d16a
Industrial Good Day Mantra,M Ross Perkins,E Pluribus M Ross,,LIKE,4:16,256,pKUc0RVGoSc,2026-04-24T23:49:53Z,commit:5c97d16a
Mean Mother Blues,Julian Lage & Chris Eldridge,Avalon,,LIKE,3:44,224,7yD5urQ29_A,2026-04-24T23:46:09Z,commit:5c97d16a
Chimes of Freedom,The Byrds,Mr. Tambourine Man,False,INDIFFERENT,3:52,232,zvBKeB44Qkw,2026-04-24T23:42:17Z,commit:5c97d16a
Television Rules the Nation / Crescendolls,Daft Punk,Alive 2007,,INDIFFERENT,4:51,291,F6e2rM2-oLY,2026-04-24T23:37:26Z,commit:5c97d16a
You Never Can Tell (C'est la Vie),Emmylou Harris,Profile: Best of Emmylou Harris,False,INDIFFERENT,3:27,207,-7S6XVoIVDI,2026-04-24T23:33:59Z,commit:5c97d16a
54-46 Was My Number,Toots & The Maytals,In The Dark,False,INDIFFERENT,3:25,205,wNxNwvjzGM0,2026-04-24T23:30:34Z,commit:5c97d16a
On The Sunny Side Of Life,Country Gentlemen,The Early Rebel Recordings: 1962-1971,,LIKE,2:21,141,cgzjR8GBzkQ,2026-04-24T23:28:13Z,commit:5c97d16a
"Around the World / Harder, Better, Faster, Stronger",Daft Punk,Alive 2007,,INDIFFERENT,5:43,343,kcxK1Tnwy5M,2026-04-24T23:22:30Z,commit:5c97d16a
The Gambler,Kenny Rogers,The Gambler,False,INDIFFERENT,3:35,215,w4RvskuFnPY,2026-04-24T23:18:55Z,commit:5c97d16a
Germination,"Shpongle, Simon Posford",Flux & Contemplation - Portrait of an Artist in Isolation,,INDIFFERENT,2:14,134,8XabjqbkjCs,2026-04-24T23:16:41Z,commit:5c97d16a
On a Rainy Day,"Shpongle, Simon Posford",Flux & Contemplation - Portrait of an Artist in Isolation,,INDIFFERENT,3:13,193,EoEsnrRnV2I,2026-04-24T23:13:28Z,commit:5c97d16a
Okie From Muskogee,Merle Haggard,Down Every Road 1962-1994,True,LIKE,2:45,165,3dM03dG3zv4,2026-04-24T23:10:43Z,commit:5c97d16a
Faster Horses (The Cowboy And The Poet),Tom T. Hall,"Tom T. Hall - Storyteller, Poet, Philosopher",False,INDIFFERENT,2:53,173,UD8ytadaNI8,2026-04-24T23:07:50Z,commit:5c97d16a
Are You Sure Hank Done It This Way,Waylon Jennings,Greatest Hits,True,LIKE,2:55,175,6PLPmmfeNd4,2026-04-24T23:04:55Z,commit:5c97d16a
"Goodbye, Barcelona",Pokey LaFarge,Something In The Water,True,LIKE,4:43,283,tWGv2IOG1hI,2026-04-24T23:00:12Z,commit:5c97d16a
Dark Eyes (Ochi Chornye),Hot Club of Cowtown,Rendezvous in Rhythm,,LIKE,3:55,235,nnL5JF4imc0,2026-04-24T22:56:17Z,commit:5c97d16a
Deep Pockets,Yonder Mountain String Band,Old Hands,True,LIKE,3:16,196,7hVcUa2ZYGA,2026-04-24T22:53:01Z,commit:5c97d16a
Mean Mother Blues,The Seldom Scene with John Starling,Long Time... Seldom Scene,True,LIKE,3:07,187,UKy_Q-SvPHQ,2026-04-24T22:49:54Z,commit:5c97d16a
Only One And Only,Gillian Welch,Revival,False,INDIFFERENT,5:33,333,OJsW8DY6wf4,2026-04-24T22:44:21Z,commit:5c97d16a
Teardrop (feat. Elizabeth Fraser),Massive Attack,Mezzanine,False,INDIFFERENT,5:31,331,3h-JYx76QNM,2026-04-24T22:38:50Z,commit:5c97d16a
This Must Be the Place (Naive Melody) [2005 Remaster],Talking Heads,Speaking in Tongues (Deluxe Version),False,INDIFFERENT,4:57,297,fsccjsW8bSY,2026-04-24T22:33:53Z,commit:5c97d16a
Teddy Bears' Picnic,"David Grisman, Jerry Garcia",Not For Kids Only,False,INDIFFERENT,4:27,267,-9AUiLJnoDg,2026-04-24T22:29:26Z,commit:5c97d16a
You're Lucky She's Lonely,"Colter Wall, Summer Dean",You're Lucky She's Lonely,False,INDIFFERENT,3:27,207,vcR2WJh8Eyg,2026-04-24T22:25:59Z,commit:5c97d16a
Yosemite (feat. Dave Matthews),"Golden Highway, Molly Tuttle",City of Gold,False,INDIFFERENT,3:11,191,Eaj1SLXrIec,2026-04-24T22:22:48Z,commit:5c97d16a
There Ain't No Bugs On Me,"David Grisman, Jerry Garcia",Not For Kids Only,False,INDIFFERENT,4:51,291,fb-PvR0h7jY,2026-04-24T22:17:57Z,commit:5c97d16a
Kisses Sweeter Than Mine,"Pete Seeger, The Weavers",Midnight Special,False,INDIFFERENT,2:59,179,PPfOtA_GwR8,2026-04-24T22:14:58Z,commit:5c97d16a
Bill Staines - Sourdough/The Miner's Song,"147K views, Bob Marshall",,,INDIFFERENT,6:30,390,S_PRUCzZTp8,2026-04-24T22:08:28Z,commit:5c97d16a
Houdini,Foster The People,Torches,False,INDIFFERENT,3:23,203,Mg5eb7BA-e4,2026-04-24T22:05:05Z,commit:5c97d16a
Feel Good Inc.,Gorillaz,Demon Days,False,INDIFFERENT,3:43,223,NxxjLD2pmlk,2026-04-24T22:01:22Z,commit:5c97d16a
Teardrop,Massive Attack,Mezzanine,False,INDIFFERENT,5:31,331,3h-JYx76QNM,2026-04-24T21:55:51Z,commit:5c97d16a
Them Changes,Thundercat,The Beyond / Where the Giants Roam,False,INDIFFERENT,3:08,188,35-MnoI1drY,2026-04-24T21:52:43Z,commit:5c97d16a
Casio,Jungle,For Ever,False,INDIFFERENT,3:55,235,02nFGcia31M,2026-04-24T21:48:48Z,commit:5c97d16a
Music Sounds Better With You,Stardust,Music Sounds Better With You,True,LIKE,6:44,404,Hf244LCkkLc,2026-04-24T21:42:04Z,commit:5c97d16a
One More Time,Daft Punk,Discovery,,INDIFFERENT,5:21,321,fa5IWHDbftI,2026-04-24T21:36:43Z,commit:5c97d16a
Giorgio by Moroder,Daft Punk,Random Access Memories,True,LIKE,9:05,545,ZFZM6jDTWd4,2026-04-24T21:27:38Z,commit:5c97d16a
Jamestown Ferry,Charley Crockett,Lil G.L.'s Honky Tonk Jubilee,False,INDIFFERENT,3:07,187,6bIkqAF4ZOs,2026-04-24T21:24:31Z,commit:5c97d16a
Way of the Triune God (Hallelujah Version),Tyler Childers,Can I Take My Hounds to Heaven?,False,INDIFFERENT,3:29,209,YYC4scj5rXY,2026-04-24T21:21:02Z,commit:5c97d16a
Cabin Song (from The Hunger Games: The Ballad of Songbirds & Snakes),Billy Strings,The Hunger Games: The Ballad of Songbirds & Snakes (Music From & Inspired By),,INDIFFERENT,3:27,207,4Y2ak4hh1aI,2026-04-24T21:17:35Z,commit:5c97d16a
Pure As The Driven Snow (from The Hunger Games: The Ballad of Songbirds & Snakes),"Rachel Zegler, The Covey Band",The Hunger Games: The Ballad of Songbirds & Snakes (Music From & Inspired By),,INDIFFERENT,3:54,234,ISucPnIrgBs,2026-04-24T21:13:41Z,commit:5c97d16a
Young Man,Jamestown Revival,Young Man,False,INDIFFERENT,4:06,246,13IJFkSv_F0,2026-04-24T21:09:35Z,commit:5c97d16a
Here No More,Ghost Hounds,First Last Time,False,INDIFFERENT,3:04,184,rXEY49fw4R0,2026-04-24T21:06:31Z,commit:5c97d16a
Bury Me Beneath The Willow (from The Hunger Games: The Ballad of Songbirds & Snakes),Molly Tuttle,The Hunger Games: The Ballad of Songbirds & Snakes (Music From & Inspired By),,LIKE,3:43,223,otqQ8yVnIqE,2026-04-24T21:02:48Z,commit:5c97d16a
Shake Sugaree,Elizabeth Cotten and Brenda Evans,Shake Sugaree,True,LIKE,5:02,302,AcqRex6vs-Y,2026-04-24T20:57:46Z,commit:5c97d16a
The Storm,Sturgill Simpson,Cuttin' Grass - Vol. 1 (Butcher Shoppe Sessions),False,INDIFFERENT,2:32,152,tdcKGCEUrlg,2026-04-24T20:55:14Z,commit:5c97d16a
Calgary Round-Up,Colter Wall,Songs of the Plains,False,INDIFFERENT,3:35,215,sRsD7EkJueg,2026-04-24T20:51:39Z,commit:5c97d16a
West Virginia Waltz,Sierra Ferrell,Long Time Coming,,INDIFFERENT,3:34,214,1bE7LApwxUk,2026-04-24T20:48:05Z,commit:5c97d16a
Give It Time,Sierra Ferrell,Long Time Coming,,INDIFFERENT,3:38,218,6gbKrEtscFY,2026-04-24T20:44:27Z,commit:5c97d16a
In Dreams (Alternative Version),Sierra Ferrell,In Dreams (Alternative Version),False,INDIFFERENT,2:44,164,PnTdOv5oA2o,2026-04-24T20:41:43Z,commit:5c97d16a
Blame It on the Boogie,The Jacksons,Destiny,True,LIKE,3:35,215,Bid6LmRU1d8,2026-04-24T20:38:08Z,commit:5c97d16a
I Wanna Dance with Somebody (Who Loves Me),Whitney Houston,Whitney,False,INDIFFERENT,4:52,292,6xzN8Nt0Pok,2026-04-24T20:33:16Z,commit:5c97d16a
Freedom! '90,George Michael,Twenty Five,False,DISLIKE,6:29,389,FaEjDk3lgcI,2026-04-24T20:26:47Z,commit:5c97d16a
When Doves Cry,Prince and the Revolution,Purple Rain,False,INDIFFERENT,5:53,353,oTUSeac7IuQ,2026-04-24T20:20:54Z,commit:5c97d16a
Kiss,Prince & The Revolution,Parade - Music from the Motion Picture Under the Cherry Moon,False,INDIFFERENT,3:47,227,rH9CZuuKpSg,2026-04-24T20:17:07Z,commit:5c97d16a
Alphabet St.,Prince,Lovesexy,True,LIKE,5:39,339,J5x6vKNQAUo,2026-04-24T20:11:28Z,commit:5c97d16a
Pray For You,Jhené Aiko,Chilombo,False,INDIFFERENT,1:41,101,QVDj_nzgSkI,2026-04-24T20:09:47Z,commit:5c97d16a
Float (feat. Seun Kuti & Egypt 80),Janelle Monáe,The Age of Pleasure,False,INDIFFERENT,4:00,240,IXhpu6SHVKs,2026-04-24T20:05:47Z,commit:5c97d16a
Pynk (feat. Grimes),Janelle Monáe,Dirty Computer,False,INDIFFERENT,4:01,241,CLcP5HSYd0s,2026-04-24T20:01:46Z,commit:5c97d16a
Make Me Feel,Janelle Monáe,Dirty Computer,False,INDIFFERENT,3:15,195,18k1LJX4DjA,2026-04-24T19:58:31Z,commit:5c97d16a
Teddy Bears' Picnic,"Jerry Garcia, David Grisman",Not For Kids Only,False,INDIFFERENT,4:27,267,-9AUiLJnoDg,2026-04-24T19:54:04Z,commit:5c97d16a
Brown Eyed Girl,Van Morrison,Blowin' Your Mind!,False,INDIFFERENT,3:04,184,yZ-VUnIehi8,2026-04-24T19:51:00Z,commit:5c97d16a
Summer Breeze,Seals and Crofts,Summer Breeze,False,INDIFFERENT,3:26,206,ywL6tMQdG4c,2026-04-24T19:47:34Z,commit:5c97d16a
Escape (The Pina Colada Song),Rupert Holmes,Partners In Crime,False,INDIFFERENT,4:37,277,Xb6l38eP-4w,2026-04-24T19:42:57Z,commit:5c97d16a
Superstition,Stevie Wonder,Talking Book,False,INDIFFERENT,4:28,268,egqv1mtos6A,2026-04-24T19:38:29Z,commit:5c97d16a
Southern Nights,Glen Campbell,Southern Nights,False,LIKE,3:01,181,X6-sU7pVJ3k,2026-04-24T19:35:28Z,commit:5c97d16a
Dancing in the Moonlight,King Harvest,Dancing in the Moonlight,False,INDIFFERENT,3:02,182,0eHBLHVHjWg,2026-04-24T19:32:26Z,commit:5c97d16a
This Must Be the Place (Naive Melody) [2005 Remaster],Talking Heads,Speaking in Tongues (Deluxe Version),False,INDIFFERENT,4:57,297,fsccjsW8bSY,2026-04-24T19:27:29Z,commit:5c97d16a
Sweet Jane (Full Length Version) (Full Length Version; 2015 Remaster),The Velvet Underground,Loaded,False,INDIFFERENT,4:07,247,hUcwNwMKAWs,2026-04-24T19:23:22Z,commit:5c97d16a
Brandy (You're a Fine Girl),Looking Glass,Looking Glass,False,INDIFFERENT,3:07,187,CFhFyvk0yS8,2026-04-24T19:20:15Z,commit:5c97d16a
Stuck In The Middle With You,Stealers Wheel,Stealers Wheel,False,INDIFFERENT,3:29,209,ln7Vn_WKkWU,2026-04-24T19:16:46Z,commit:5c97d16a
You Make My Dreams (Come True),Daryl Hall & John Oates,Voices,False,INDIFFERENT,3:11,191,E4CZuj7solw,2026-04-24T19:13:35Z,commit:5c97d16a
Rich Girl,Daryl Hall & John Oates,Bigger Than Both Of Us,False,INDIFFERENT,2:23,143,IL_LiGCV82g,2026-04-24T19:11:12Z,commit:5c97d16a
Gimme! Gimme! Gimme! (A Man After Midnight),ABBA,Voulez-Vous,False,INDIFFERENT,4:53,293,pa2j0Bh83ms,2026-04-24T19:06:19Z,commit:5c97d16a
Lay All Your Love On Me,ABBA,Super Trouper,False,INDIFFERENT,4:35,275,5mHzaIehRTE,2026-04-24T19:01:44Z,commit:5c97d16a
Rasputin,Boney M.,Nightflight to Venus,False,INDIFFERENT,5:52,352,5Z0dxsFmX7c,2026-04-24T18:55:52Z,commit:5c97d16a
Waterloo,ABBA,Waterloo,False,INDIFFERENT,2:49,169,GezJLwEcz8Y,2026-04-24T18:53:03Z,commit:5c97d16a
"Le Migou - Live au Yéti Bar - ""Panique au bureau"" (album intégral)","Le Migou, 225 views",,,INDIFFERENT,42:50,2570,UaoiSrVJ3qo,2026-04-24T18:10:13Z,commit:5c97d16a
"Le Migou - Live au Yéti Bar - ""Panique au bureau"" (album intégral)","Le Migou, 223 views",,,INDIFFERENT,42:50,2570,UaoiSrVJ3qo,2026-04-24T17:27:23Z,commit:5c97d16a
New Magic II,Esther Rose,Safe to Run,False,INDIFFERENT,3:50,230,UP_TkZiXaAU,2026-04-24T17:23:33Z,commit:5c97d16a
Wyoming,Lost Dog Street Band,Life's a Dog-Gone Shame,False,INDIFFERENT,5:16,316,aJAUXt4jucQ,2026-04-24T17:18:17Z,commit:5c97d16a
If Nothing Else Comes Along,Steph Green,If Nothing Else Comes Along,False,INDIFFERENT,3:09,189,Om13BEwPE-4,2026-04-24T17:15:08Z,commit:5c97d16a
Among Other Things,Bella White,Among Other Things,False,INDIFFERENT,3:02,182,Tn2lySdoVdE,2026-04-24T17:12:06Z,commit:5c97d16a
New Romantic,Laura Marling,My Manic And I,False,INDIFFERENT,2:53,173,SVj6PnY6xV0,2026-04-24T17:09:13Z,commit:5c97d16a
Jeremiah,Sierra Ferrell,Jeremiah / Why’d Ya Do It,False,INDIFFERENT,3:05,185,Zqr4zb-0Ps0,2026-04-24T17:06:08Z,commit:5c97d16a
The Swimming Song,"Loudon Wainwright, III",Attempted Mustache,False,INDIFFERENT,2:28,148,XOnqh7LplTs,2026-04-24T17:03:40Z,commit:5c97d16a
Heart of Glass,Nick Shoulders,Heart of Glass,False,INDIFFERENT,4:30,270,kcbgNX5LFTo,2026-04-24T16:59:10Z,commit:5c97d16a
Great High Mountain,Jack White,Cold Mountain (Music From the Miramax Motion Picture),False,INDIFFERENT,4:34,274,EWHXrlKSKZw,2026-04-24T16:54:36Z,commit:5c97d16a
Insecure,Esther Rose,Safe to Run,False,INDIFFERENT,3:35,215,3obhN65hb80,2026-04-24T16:51:01Z,commit:5c97d16a
Only One and Only,Gillian Welch,Revival,False,INDIFFERENT,5:33,333,OJsW8DY6wf4,2026-04-24T16:45:28Z,commit:5c97d16a
Los Amantes,Hermanos Gutiérrez,El Bueno Y El Malo,False,INDIFFERENT,2:37,157,SptYa7-TEkA,2026-04-24T16:42:51Z,commit:5c97d16a
Swinger in the Trees,Dead Horses,Swinger in the Trees,False,INDIFFERENT,3:28,208,ol174AODHRA,2026-04-24T16:39:23Z,commit:5c97d16a
Single Girl (OurVinyl Sessions),"Charley Crockett, OurVinyl",Single Girl (OurVinyl Sessions),False,INDIFFERENT,1:58,118,Ut2qIy-5Tko,2026-04-24T16:37:25Z,commit:5c97d16a
August Twelve,Khruangbin,The Universe Smiles Upon You,False,INDIFFERENT,6:13,373,WQFgHzPr1fM,2026-04-24T16:31:12Z,commit:5c97d16a
Early Blue,F.J. McMahon,Spirit of the Golden Juice,False,INDIFFERENT,3:05,185,nHJGBgkzMHY,2026-04-24T16:28:07Z,commit:5c97d16a
Years,Sierra Ferrell,Years,False,INDIFFERENT,3:00,180,vg4sGkehWBw,2026-04-24T16:25:07Z,commit:5c97d16a
You're Lucky She's Lonely,"Summer Dean, Colter Wall",You're Lucky She's Lonely,False,INDIFFERENT,3:27,207,vcR2WJh8Eyg,2026-04-24T16:21:40Z,commit:5c97d16a
Lonely Like Me,Nick Shoulders,Lonely Like Me,False,INDIFFERENT,3:10,190,YnZHdMxwlSQ,2026-04-24T16:18:30Z,commit:5c97d16a
You Made It This Far,Esther Rose,You Made It This Far,True,LIKE,3:09,189,vymD4CeqCBA,2026-04-24T16:15:21Z,commit:5c97d16a
El Sol Avenue,Hermanos Gutiérrez,Hoy Como Ayer,False,INDIFFERENT,4:34,274,DBYAP-WOPvo,2026-04-24T16:10:47Z,commit:5c97d16a
My Girl,Alice Phoebe Lou,Shelter,False,INDIFFERENT,3:11,191,wcnyeSt0y5k,2026-04-24T16:07:36Z,commit:5c97d16a
Baby I Got You,Lost Dog Street Band,Homeward Bound,False,INDIFFERENT,3:50,230,4SAQWFvhfXY,2026-04-24T16:03:46Z,commit:5c97d16a
Knockin' on Your Screen Door,John Prine,The Tree of Forgiveness,False,INDIFFERENT,2:20,140,k769X-K0K8g,2026-04-24T16:01:26Z,commit:5c97d16a
Wasted On You,Andy Shauf,Norm,True,LIKE,3:37,217,M8hq0UFaKXM,2026-04-24T15:57:49Z,commit:5c97d16a
"Fare Thee Well, Miss Carousel",Townes Van Zandt,Townes Van Zandt,False,INDIFFERENT,5:23,323,_2Z7iwCfmXg,2026-04-24T15:52:26Z,commit:5c97d16a
West Virginia Waltz,Sierra Ferrell,Long Time Coming,,INDIFFERENT,3:34,214,1bE7LApwxUk,2026-04-24T15:48:52Z,commit:5c97d16a
Blue Eyes Dancing,Matt Heckler,After the Flood,,INDIFFERENT,3:16,196,I5CYO4BR7iw,2026-04-24T15:45:36Z,commit:5c97d16a
You Should've Seen The Other Guy,Nathaniel Rateliff,In Memory Of Loss (Deluxe Edition),False,INDIFFERENT,3:02,182,KMuyYoiYwq0,2026-04-24T15:42:34Z,commit:5c97d16a
For Good Again,The Devil Makes Three,Do Wrong Right,,INDIFFERENT,4:33,273,DWoUiXvWReA,2026-04-24T15:38:01Z,commit:5c97d16a
Tears Stupid Tears,Nick Shoulders,Lonely Like Me,False,INDIFFERENT,3:26,206,ejlRrtETp68,2026-04-24T15:34:35Z,commit:5c97d16a
Sex and Magic,Esther Rose,You Made It This Far,False,INDIFFERENT,3:17,197,2a4l6qaKJqs,2026-04-24T15:31:18Z,commit:5c97d16a
Sugar Babe,Tom Rush,Take A Little Walk With Me,False,INDIFFERENT,1:59,119,z4oMc8jmf98,2026-04-24T15:29:19Z,commit:5c97d16a
Sweet Bird Of Youth (Live),David Mallett,"Inches & Miles, 1977-1980",False,INDIFFERENT,2:39,159,WAT5pzXZyiI,2026-04-24T15:26:40Z,commit:5c97d16a
Old Friends,Mary McCaslin,Old Friends,,INDIFFERENT,5:15,315,sV1Aby_MVAU,2026-04-24T15:21:25Z,commit:5c97d16a
Like My Watch,John Gorka,I Know,False,INDIFFERENT,1:33,93,mgSqCehgiFg,2026-04-24T15:19:52Z,commit:5c97d16a
Strawberry Roan,Jim Ringer,The Band of Jesse James: The Best of Jim Ringer,False,INDIFFERENT,2:21,141,3GBvK7D5k-4,2026-04-24T15:17:31Z,commit:5c97d16a
Oklahoma Hills,Mary McCaslin,Old Friends,,INDIFFERENT,2:51,171,RXAMIZ1fqHs,2026-04-24T15:14:40Z,commit:5c97d16a
Black Rock,The Infamous Stringdusters,The Infamous Stringdusters,False,INDIFFERENT,3:32,212,kQUvdEQav4U,2026-04-24T15:11:08Z,commit:5c97d16a
Lovin' You,The Infamous Stringdusters,The Infamous Stringdusters,False,INDIFFERENT,5:26,326,eQ68Pe5xnzM,2026-04-24T15:05:42Z,commit:5c97d16a
You Can't Handle The Truth,The Infamous Stringdusters,The Infamous Stringdusters,False,INDIFFERENT,3:24,204,6F217pE5-fg,2026-04-24T15:02:18Z,commit:5c97d16a
Get It While You Can,The Infamous Stringdusters,The Infamous Stringdusters,False,INDIFFERENT,4:17,257,vCcjcWt0cf0,2026-04-24T14:58:01Z,commit:5c97d16a
I Wonder,The Infamous Stringdusters,The Infamous Stringdusters,False,INDIFFERENT,3:02,182,UzvAqqiqKqk,2026-04-24T14:54:59Z,commit:5c97d16a
Golden Ticket,The Infamous Stringdusters,The Infamous Stringdusters,False,INDIFFERENT,4:41,281,eWH0vo6M3HA,2026-04-24T14:50:18Z,commit:5c97d16a
The Way I See You Now,The Infamous Stringdusters,The Infamous Stringdusters,False,INDIFFERENT,3:44,224,B_tSM_qlNig,2026-04-24T14:46:34Z,commit:5c97d16a
Three Days In July,The Infamous Stringdusters,The Infamous Stringdusters,False,INDIFFERENT,4:24,264,4g-xvxAEJKU,2026-04-24T14:42:10Z,commit:5c97d16a
Glass Elevator,The Infamous Stringdusters,The Infamous Stringdusters,False,INDIFFERENT,4:23,263,WUpCCoGKr_8,2026-04-24T14:37:47Z,commit:5c97d16a
Bound For Tennessee,The Infamous Stringdusters,The Infamous Stringdusters,False,INDIFFERENT,3:28,208,bp5tbudHPYc,2026-04-24T14:34:19Z,commit:5c97d16a
When Silence Is The Only Sound,The Infamous Stringdusters,The Infamous Stringdusters,False,INDIFFERENT,3:25,205,dffFjkLJ1H0,2026-04-24T14:30:54Z,commit:5c97d16a
"Well, Well",The Infamous Stringdusters,The Infamous Stringdusters,False,INDIFFERENT,3:37,217,wbE4oTi9RaM,2026-04-24T14:27:17Z,commit:5c97d16a
Won't Be Coming Back,The Infamous Stringdusters,The Infamous Stringdusters,False,INDIFFERENT,3:40,220,bWHm78cgjX8,2026-04-24T14:23:37Z,commit:5c97d16a
Dissatisfied,"Bill Anderson, Jan Howard",Classic Folk Masters,False,INDIFFERENT,3:05,185,nOcMBvvPNhY,2026-04-24T14:20:32Z,commit:5c97d16a
Satisfied,Barbara Mandrell,The Midnight Oil (Expanded Edition),False,INDIFFERENT,2:24,144,waRDNbH3HGs,2026-04-24T14:18:08Z,commit:5c97d16a
I've Been on the Mountain,JD Sumner & The Stamps,He Touched Me,False,INDIFFERENT,1:44,104,ZL6RoTIIfZ4,2026-04-24T14:16:24Z,commit:5c97d16a
I Wouldn't Take Nothin' For My Journey,Ricky Van Shelton,Don'T Overlook Salvation,False,INDIFFERENT,2:02,122,oL5TaWsDsOQ,2026-04-24T14:14:22Z,commit:5c97d16a
Let's All Go Down to the River,"George Jones, Tammy Wynette",We Love To Sing About Jesus,False,INDIFFERENT,2:35,155,etJwzYrA-Xs,2026-04-24T14:11:47Z,commit:5c97d16a
Elvira,The Oak Ridge Boys,Fancy Free,False,INDIFFERENT,3:46,226,78StTWsq9ag,2026-04-24T14:08:01Z,commit:5c97d16a
He Gave Me That Old Time Religion,The Chuck Wagon Gang,That Old Time Religion,False,INDIFFERENT,1:51,111,dF3qZgsYim8,2026-04-24T14:06:10Z,commit:5c97d16a
Somebody New Will Be Coming Along,The Statler Brothers,The Country America Loves,False,INDIFFERENT,2:08,128,mwRE5AeNZQ4,2026-04-24T14:04:02Z,commit:5c97d16a
One of These Mornings (Early Gospel Recording),The Oak Ridge Boys,Early Gospel Recordings,,LIKE,2:08,128,nUyXFnAki_4,2026-04-24T14:01:54Z,commit:5c97d16a
Pig Foot Pete,"Ella Mae Morse, Freddie Slack And His Orchestra",Capitol Collectors Series,False,INDIFFERENT,2:54,174,ItgVXDMf_i0,2026-04-24T13:59:00Z,commit:5c97d16a
9 to 5,Dolly Parton,9 To 5 And Odd Jobs,False,INDIFFERENT,2:43,163,OPoSuyu0dsY,2026-04-24T13:56:17Z,commit:5c97d16a
Lazy River,The Mills Brothers,Paper Doll,False,INDIFFERENT,2:45,165,TcYEynlhZW0,2026-04-24T13:53:32Z,commit:5c97d16a
Working My Way Back to You,Frankie Valli & The Four Seasons,Working My Way Back to You,False,INDIFFERENT,3:07,187,xyoaDhT-M_E,2026-04-24T13:50:25Z,commit:5c97d16a
Death Trip,Yonder Mountain String Band,Mountain Tracks: Vol.5,,INDIFFERENT,7:42,462,9aYne1Fhir0,2026-04-24T13:42:43Z,commit:5c97d16a
Ragtime Annie,Hot Club of Cowtown,Ragtime Annie,False,INDIFFERENT,2:54,174,CEd9yN32Kdg,2026-04-24T13:39:49Z,commit:5c97d16a
Get Up And Go,Tom Paxton,Where Have All The Flowers Gone: The Songs Of Pete Seeger,False,INDIFFERENT,3:15,195,5jQf43yzd1c,2026-04-24T13:36:34Z,commit:5c97d16a
Good Time,Esther Rose,How Many Times,False,INDIFFERENT,3:15,195,OC9nvO2Y94Q,2026-04-24T13:33:19Z,commit:5c97d16a
My Melancholy Baby,ProleteR,Rookie EP,False,INDIFFERENT,3:57,237,_59V9y317vg,2026-04-24T13:29:22Z,commit:5c97d16a
Under the Double Eagle,Tommy Allsup & The Raiders,American County Pioneers,,LIKE,2:20,140,Sn5M99TCvUE,2026-04-24T13:27:02Z,commit:5c97d16a
Sweet Jane (Full Length Version) [2015 Remastered],The Velvet Underground,Loaded,False,INDIFFERENT,4:07,247,hUcwNwMKAWs,2026-04-24T13:22:55Z,commit:5c97d16a
Richland Woman Blues,Muireann Bradley,Richland Woman Blues,False,INDIFFERENT,4:27,267,ktmO8YG29pA,2026-04-24T13:18:28Z,commit:5c97d16a
Something In The Water,Pokey LaFarge,Something In The Water,False,INDIFFERENT,3:24,204,eOJIBXMPcf0,2026-04-24T13:15:04Z,commit:5c97d16a
Are You Washed in the Blood?,Ernest V Stoneman & His Dixie Mountaineers,American County Pioneers,,LIKE,3:21,201,5HyKrmybEMU,2026-04-24T13:11:43Z,commit:5c97d16a
Undecided,Cherry Poppin’ Daddies,Undecided,False,INDIFFERENT,3:50,230,2vN8zEW-Zs8,2026-04-24T13:07:53Z,commit:5c97d16a
Friend of the Devil,Grateful Dead,American Beauty,False,INDIFFERENT,3:25,205,tXgReZFB1SY,2026-04-24T13:04:28Z,commit:5c97d16a
Limelight,The Hot Club of San Francisco,Swing This,False,INDIFFERENT,3:30,210,yBOvcvU6wak,2026-04-24T13:00:58Z,commit:5c97d16a
Country Squire,Tyler Childers,Country Squire,,LIKE,3:22,202,KYIav77fPsA,2026-04-24T12:57:36Z,commit:5c97d16a
The Road Where The Wild Wind Flies,Chuck Darwin and The Knuckledraggers,Three Car Pileup,,INDIFFERENT,3:51,231,59DkOQrhrc8,2026-04-24T12:53:45Z,commit:5c97d16a
Dancing in the Moonlight,Yonder Mountain String Band,Dancing in the Moonlight,False,INDIFFERENT,2:55,175,x5yChzVeM6g,2026-04-24T12:50:50Z,commit:5c97d16a
Any Time Of Day,The Lemon Twigs,Everything Harmony,False,INDIFFERENT,2:52,172,kElemlWjHUs,2026-04-24T12:47:58Z,commit:5c97d16a
Fox Hunt,Sierra Ferrell,Fox Hunt,False,INDIFFERENT,3:17,197,lLVITH62c8I,2026-04-24T12:44:41Z,commit:5c97d16a
My Bad Mood,Esther Rose,How Many Times,False,INDIFFERENT,2:55,175,339k1lRl_hk,2026-04-24T12:41:46Z,commit:5c97d16a
Look It Here,Nathaniel Rateliff & The Night Sweats,Nathaniel Rateliff & The Night Sweats,False,INDIFFERENT,3:04,184,77FaOLESRTw,2026-04-24T12:38:42Z,commit:5c97d16a
We Three Kings of Orient Are,Wynton Marsalis Septet,"A Carnegie Hall Christmas Concert, December 8, 1991",False,INDIFFERENT,5:09,309,mPXEnZRRkyo,2026-04-24T12:33:33Z,commit:5c97d16a
Dizzy,Tchotchke,Dizzy,False,INDIFFERENT,3:04,184,db5OQmod0JU,2026-04-24T12:30:29Z,commit:5c97d16a
Thank God I'm a Country Boy,John Denver,Back Home Again,False,INDIFFERENT,3:14,194,GSJaaZgIwtE,2026-04-24T12:27:15Z,commit:5c97d16a
Yosemite (feat. Dave Matthews),"Molly Tuttle, Golden Highway",City of Gold,False,INDIFFERENT,3:11,191,Eaj1SLXrIec,2026-04-24T12:24:04Z,commit:5c97d16a
Mr. Five By Five,"Ella Mae Morse, Freddie Slack",Capitol Collectors Series,False,INDIFFERENT,3:03,183,Un2Gs_4zh_U,2026-04-24T12:21:01Z,commit:5c97d16a
My Mother Thinks I'm a Lawyer,Noam Pikelny,Beat the Devil and Carry a Rail,True,LIKE,4:21,261,6scYUseAFwc,2026-04-24T12:16:40Z,commit:5c97d16a
"Honey, Let's Stay In",Nick Shoulders,"Okay, Crawdad",,INDIFFERENT,3:22,202,-YTSzkWyqyM,2026-04-24T12:13:18Z,commit:5c97d16a
Coat of Many Colors,Dolly Parton,Coat Of Many Colors,False,INDIFFERENT,3:04,184,LQjMCKq87N0,2026-04-24T12:10:14Z,commit:5c97d16a
The Ketchup Song (Aserejé) (Spanish Version),Las Ketchup,Hijas del Tomate,False,INDIFFERENT,3:30,210,Y6Lsr_z4hN0,2026-04-24T12:06:44Z,commit:5c97d16a
Gesu Bambino,André Previn,"A Carnegie Hall Christmas Concert, December 8, 1991",False,INDIFFERENT,3:51,231,aSZisHSQ89k,2026-04-24T12:02:53Z,commit:5c97d16a
Soft Sounds from Another Planet,Japanese Breakfast,Soft Sounds from Another Planet,False,INDIFFERENT,3:20,200,MiOGtssMuFw,2026-04-24T11:59:33Z,commit:5c97d16a
Concrete Over Water,Jockstrap,I Love You Jennifer B,True,LIKE,6:13,373,NbDDU24yu7U,2026-04-24T11:53:20Z,commit:5c97d16a
Improvisation,The Hot Club of San Francisco,Swing This,False,INDIFFERENT,2:57,177,rD_PmIDoX_g,2026-04-24T11:50:23Z,commit:5c97d16a
Anitra's Danse,The Hot Club of San Francisco,Swing This,False,INDIFFERENT,2:36,156,z_Spe_J3UlE,2026-04-24T11:47:47Z,commit:5c97d16a
The Very Thought of You,The Hot Club of San Francisco,Swing This,False,INDIFFERENT,4:16,256,9fMT3BnrtxU,2026-04-24T11:43:31Z,commit:5c97d16a
Fine Excuses,Yonder Mountain String Band,The Show,False,INDIFFERENT,4:07,247,SqgClVRwFJ8,2026-04-24T11:39:24Z,commit:5c97d16a
Whatever Blues,ProleteR,Bubbles,False,INDIFFERENT,3:34,214,6dElJGjCg2U,2026-04-24T11:35:50Z,commit:5c97d16a
Way of the Triune God (Hallelujah Version),Tyler Childers,Can I Take My Hounds to Heaven?,False,INDIFFERENT,3:29,209,YYC4scj5rXY,2026-04-24T11:32:21Z,commit:5c97d16a
You Make Me Feel Like Dancing,Leo Sayer,Endless Flight,False,INDIFFERENT,3:40,220,bJ0f2hIiysU,2026-04-24T11:28:41Z,commit:5c97d16a
Jump Down Baby,Esther Rose,This Time Last Night,,INDIFFERENT,3:14,194,6OXO8L-7giw,2026-04-24T11:25:27Z,commit:5c97d16a
Handsome Molly,Ian & Sylvia,Ian And Sylvia,False,INDIFFERENT,2:09,129,ttphKxTSUgI,2026-04-24T11:23:18Z,commit:5c97d16a
Barrett's Privateers | The Longest Johns | Stan Rogers Cover,"The Longest Johns, 202K views",,,INDIFFERENT,4:13,253,5GjnoZzcVYs,2026-04-24T11:19:05Z,commit:5c97d16a
Soft Sounds from Another Planet,Japanese Breakfast,Soft Sounds from Another Planet,False,INDIFFERENT,3:20,200,MiOGtssMuFw,2026-04-24T11:15:45Z,commit:5c97d16a
Concrete Over Water,Jockstrap,I Love You Jennifer B,True,LIKE,6:13,373,NbDDU24yu7U,2026-04-24T11:09:32Z,commit:5c97d16a
Teddy Bears' Picnic,"Jerry Garcia, David Grisman",Not For Kids Only,False,INDIFFERENT,4:27,267,-9AUiLJnoDg,2026-04-24T11:05:05Z,commit:5c97d16a
Improvisation,The Hot Club of San Francisco,Swing This,False,INDIFFERENT,2:57,177,rD_PmIDoX_g,2026-04-24T11:02:08Z,commit:5c97d16a
Anitra's Danse,The Hot Club of San Francisco,Swing This,False,INDIFFERENT,2:36,156,z_Spe_J3UlE,2026-04-24T10:59:32Z,commit:5c97d16a
The Very Thought of You,The Hot Club of San Francisco,Swing This,False,INDIFFERENT,4:16,256,9fMT3BnrtxU,2026-04-24T10:55:16Z,commit:5c97d16a
Limelight,The Hot Club of San Francisco,Swing This,False,INDIFFERENT,3:30,210,yBOvcvU6wak,2026-04-24T10:51:46Z,commit:5c97d16a
A little Waltz for Mischa,The Hot Club of San Francisco,Swing This,False,INDIFFERENT,4:07,247,34x8vBXFRYc,2026-04-24T10:47:39Z,commit:5c97d16a
Lullabye of the Leaves,The Hot Club of San Francisco,Swing This,False,INDIFFERENT,4:02,242,Yc1AOy3A5mY,2026-04-24T10:43:37Z,commit:5c97d16a
Nica's Dream,The Hot Club of San Francisco,Swing This,False,INDIFFERENT,5:27,327,_LfAU99XA8I,2026-04-24T10:38:10Z,commit:5c97d16a
The Breeze and I,The Hot Club of San Francisco,Swing This,False,INDIFFERENT,5:06,306,H26mgh1uvVY,2026-04-24T10:33:04Z,commit:5c97d16a
The Man I Love,The Hot Club of San Francisco,Swing This,False,INDIFFERENT,4:17,257,tcqvtzkeFlw,2026-04-24T10:28:47Z,commit:5c97d16a
Till We Meet,The Hot Club of San Francisco,Swing This,False,INDIFFERENT,5:26,326,ahXesNwW8w0,2026-04-24T10:23:21Z,commit:5c97d16a
While My Guitar Gently Weeps,The Hot Club of San Francisco,Swing This,False,INDIFFERENT,3:46,226,uNoyXXmRGNU,2026-04-24T10:19:35Z,commit:5c97d16a
Swing This,The Hot Club of San Francisco,Swing This,False,INDIFFERENT,2:28,148,jiE8H7qp9pg,2026-04-24T10:17:07Z,commit:5c97d16a
Tchavolo Swing,The Hot Club of San Francisco,Swing This,False,INDIFFERENT,4:53,293,tD3LN7a74LA,2026-04-24T10:12:14Z,commit:5c97d16a
Cars and Girls,Groove Da Praia,The Groove Girls,False,INDIFFERENT,4:46,286,fPfXgN4Zb2g,2026-04-24T10:07:28Z,commit:5c97d16a
Petite fleur,Jill Barber,Chansons,False,INDIFFERENT,2:44,164,mWXjk2tG6qo,2026-04-24T10:04:44Z,commit:5c97d16a
I’m Free,"Chris Bullinger, 133K views",,,INDIFFERENT,3:01,181,WjTGg83-rYA,2026-04-24T10:01:43Z,commit:5c97d16a
"Le Migou - Live au Yéti Bar - ""Panique au bureau"" (album intégral)","Le Migou, 221 views",,,INDIFFERENT,42:50,2570,UaoiSrVJ3qo,2026-04-24T09:18:53Z,commit:5c97d16a
"LE MIGOU - California Love ""Pistolero""","LE MIGOU, 3.7K views",,,LIKE,3:44,224,1vTUVsZpj4g,2026-04-24T09:15:09Z,commit:5c97d16a
"LE MIGOU - California Love ""Big O'""","LE MIGOU, 1K views",,,DISLIKE,5:35,335,fcnkXd0rnj0,2026-04-24T09:09:34Z,commit:5c97d16a
Jenny Jenkins,"Jerry Garcia, David Grisman",Not For Kids Only,False,INDIFFERENT,4:23,263,ltEPUNHVYxg,2026-04-24T09:05:11Z,commit:5c97d16a
Polly Wolly Doodle,"Pete Seeger, Bess Hawes, Tom Glazer",Classic Folk Songs for Kids from Smithsonian Folkways,False,INDIFFERENT,1:50,110,ukZM0HC3G3U,2026-04-24T09:03:21Z,commit:5c97d16a
Hopalong Peter,The New Lost City Ramblers,Old Timey Songs for Children,False,INDIFFERENT,2:08,128,TJyXs4ahdD4,2026-04-24T09:01:13Z,commit:5c97d16a
Dance around,Woody Guthrie,Nursery Days,False,INDIFFERENT,2:15,135,aC8LQnES4Sw,2026-04-24T08:58:58Z,commit:5c97d16a
Ripple,Grateful Dead,American Beauty,False,INDIFFERENT,4:10,250,sFBQSx_xc2o,2026-04-24T08:54:48Z,commit:5c97d16a
There Ain't No Bugs On Me,"Jerry Garcia, David Grisman",Not For Kids Only,False,INDIFFERENT,4:51,291,fb-PvR0h7jY,2026-04-24T08:49:57Z,commit:5c97d16a
Loggers Home Brew,Buzz Martin,Where There Walks a Logger There Walks a Man/A Loggers Reward,False,INDIFFERENT,2:42,162,3W9Ljn1BHIQ,2026-04-24T08:47:15Z,commit:5c97d16a
Wildegeeses,Michael Hurley,Ida Con Snock,False,INDIFFERENT,4:19,259,y66OhtbyhEE,2026-04-24T08:42:56Z,commit:5c97d16a
Living Without You,Mary McCaslin,Way Out West,False,INDIFFERENT,2:05,125,exXkqllDkBc,2026-04-24T08:40:51Z,commit:5c97d16a
The Roseville Fair,Bill Staines,The Whistle of the Jay,False,INDIFFERENT,3:33,213,28VGVnq1GXY,2026-04-24T08:37:18Z,commit:5c97d16a
Used Log Truck,Buzz Martin,Where There Walks a Logger There Walks a Man/A Loggers Reward,False,INDIFFERENT,3:46,226,rxkIo64epuA,2026-04-24T08:33:32Z,commit:5c97d16a
Daily News,Tom Paxton,Ramblin' Boy,False,INDIFFERENT,2:18,138,ui-cL6YOKHI,2026-04-24T08:31:14Z,commit:5c97d16a
Like Me Without You,David Mallett,Artist In Me,False,INDIFFERENT,2:49,169,s5AWpadC_GQ,2026-04-24T08:28:25Z,commit:5c97d16a
A Cowboy's Hard Times,Bill Staines,The Whistle of the Jay,False,INDIFFERENT,3:04,184,swgiGYr-3uw,2026-04-24T08:25:21Z,commit:5c97d16a
Different Kind of Breed of A Truck Driving Man,Buzz Martin,Where There Walks a Logger There Walks a Man/A Loggers Reward,False,INDIFFERENT,2:12,132,c3H1B01RciQ,2026-04-24T08:23:09Z,commit:5c97d16a
Cruel War (Original Single Version),"Peter, Paul and Mary","The Very Best of Peter, Paul and Mary",False,INDIFFERENT,3:29,209,cwKSCszja4g,2026-04-24T08:19:40Z,commit:5c97d16a
The Bramble And The Rose,Mary McCaslin,The Best Of Mary McCaslin: Things We Said Today,False,INDIFFERENT,3:19,199,12AGsHem13M,2026-04-24T08:16:21Z,commit:5c97d16a
Home On the Range,Bill Staines,The Happy Wanderer,False,INDIFFERENT,4:34,274,NBHoRJL97U4,2026-04-24T08:11:47Z,commit:5c97d16a
A Language I Don't Understand,Buzz Martin,Where There Walks a Logger There Walks a Man/A Loggers Reward,False,INDIFFERENT,1:57,117,R8f6IF-ez-Y,2026-04-24T08:09:50Z,commit:5c97d16a
The Frozen Logger,Cisco Houston,Hard Travelin',False,INDIFFERENT,2:12,132,R8AtJDVi14o,2026-04-24T08:07:38Z,commit:5c97d16a
Get Up And Go,Tom Paxton,Where Have All The Flowers Gone: The Songs Of Pete Seeger,False,INDIFFERENT,3:15,195,5jQf43yzd1c,2026-04-24T08:04:23Z,commit:5c97d16a
Crossing The Water,Bill Staines,Going To the West,False,INDIFFERENT,3:23,203,aWodVQIhARY,2026-04-24T08:01:00Z,commit:5c97d16a
Cat Skinning Gypo Logger,Buzz Martin,Where There Walks a Logger There Walks a Man/A Loggers Reward,False,INDIFFERENT,2:09,129,atxl6GBZdOQ,2026-04-24T07:58:51Z,commit:5c97d16a
Kisses Sweeter Than Mine,"The Weavers, Pete Seeger",Midnight Special,False,INDIFFERENT,2:59,179,PPfOtA_GwR8,2026-04-24T07:55:52Z,commit:5c97d16a
For The Fallen,Tim O'Brien,Two Journeys,False,INDIFFERENT,3:22,202,qPz7V50cnnc,2026-04-24T07:52:30Z,commit:5c97d16a
Bill Staines - Sourdough/The Miner's Song,"Bob Marshall, 147K views",,,INDIFFERENT,6:30,390,S_PRUCzZTp8,2026-04-24T07:46:00Z,commit:5c97d16a
Down The Road,Mary McCaslin,Way Out West,False,INDIFFERENT,2:28,148,_fIIfV6wcqQ,2026-04-24T07:43:32Z,commit:5c97d16a
Early Morning Melody,Kate Wolf,Safe at Anchor,False,INDIFFERENT,2:44,164,Q0uoWUR44r8,2026-04-24T07:40:48Z,commit:5c97d16a
I Ain't Got No Home in This World Anymore,Cisco Houston,Cisco Houston Sings Songs of the Open Road,False,INDIFFERENT,1:50,110,S-TWy2kMZ-4,2026-04-24T07:38:58Z,commit:5c97d16a
Music To Me,Bill Staines,Tracks And Trails,False,INDIFFERENT,4:40,280,nCsQmeUfu34,2026-04-24T07:34:18Z,commit:5c97d16a
High Sheriff of Hazard,Tom Paxton,Ramblin' Boy,False,INDIFFERENT,2:11,131,2euFHN22FEw,2026-04-24T07:32:07Z,commit:5c97d16a
"Introduction To ""Phil Brown"" (Live At DelRossi's, Dublin, New Hampshire / April 25-26, 1997)",David Mallett,"Parallel Lives (Live At DelRossi's, Dublin, New Hampshire / April 25-26, 1997)",False,INDIFFERENT,1:57,117,POGHjMMnlb8,2026-04-24T07:30:10Z,commit:5c97d16a
In Spite of Ourselves (feat. Iris DeMent),John Prine,In Spite of Ourselves,False,INDIFFERENT,3:34,214,WWclZpTBRaU,2026-04-24T07:26:36Z,commit:5c97d16a
The Big Rock Candy Mountain,Harry McClintock with Guitar,Bona Fide Bluegrass and Mountain Music,False,INDIFFERENT,2:16,136,E6F0IhdaaWI,2026-04-24T07:24:20Z,commit:5c97d16a
If I Had a Hammer,Pete Seeger,American Folk Music,False,INDIFFERENT,1:55,115,sp0ioqG-pRs,2026-04-24T07:22:25Z,commit:5c97d16a
Sick Of Setting Chokers,Buzz Martin,Where There Walks a Logger There Walks a Man/A Loggers Reward,False,INDIFFERENT,2:20,140,Xj0pqaE96zw,2026-04-24T07:20:05Z,commit:5c97d16a
Daylight,Watchhouse,Such Jubilee,False,INDIFFERENT,3:14,194,ShvwIdpxyG8,2026-04-24T07:16:51Z,commit:5c97d16a
Handsome Molly,Ian & Sylvia,Ian & Sylvia,False,INDIFFERENT,2:09,129,ttphKxTSUgI,2026-04-24T07:14:42Z,commit:5c97d16a
The Holy Well,Tim O'Brien,Two Journeys,False,INDIFFERENT,3:18,198,vN7rNaQYMvE,2026-04-24T07:11:24Z,commit:5c97d16a
Oklahoma Hills,Mary McCaslin,Old Friends,,INDIFFERENT,2:51,171,RXAMIZ1fqHs,2026-04-24T07:08:33Z,commit:5c97d16a
Blackbird,Mary McCaslin,Old Friends,,LIKE,2:26,146,8nNZ7X5oqWU,2026-04-24T07:06:07Z,commit:5c97d16a
Down the Moor,Maura O'Connell,Wandering Home,False,INDIFFERENT,3:09,189,DFzVtdvAtvA,2026-04-24T07:02:58Z,commit:5c97d16a
Kisses Sweeter Than Wine,Arlo Guthrie / Pete Seeger,Precious Friend,False,INDIFFERENT,2:02,122,8Nk2nbHcE9E,2026-04-24T07:00:56Z,commit:5c97d16a
There But For Fortune,Phil Ochs,Folk Hits,False,INDIFFERENT,2:13,133,fDBNzppC4-o,2026-04-24T06:58:43Z,commit:5c97d16a
Shake Sugaree,Elizabeth Cotten and Brenda Evans,Shake Sugaree,True,LIKE,5:02,302,AcqRex6vs-Y,2026-04-24T06:53:41Z,commit:5c97d16a
The Weight,The Band,Music From Big Pink,False,INDIFFERENT,4:35,275,QWu-f7HFFJE,2026-04-24T06:49:06Z,commit:5c97d16a
I'll Fly Away,"Gillian Welch, Alison Krauss","O Brother, Where Art Thou? (Original Motion Picture Soundtrack)",True,LIKE,3:58,238,lFamN-oXRMQ,2026-04-24T06:45:08Z,commit:5c97d16a
The Gambler,Kenny Rogers,The Gambler,False,INDIFFERENT,3:35,215,w4RvskuFnPY,2026-04-24T06:41:33Z,commit:5c97d16a
Yellow Ribbon,Utah Phillips,I've Got to Know,False,INDIFFERENT,1:52,112,uh6Sq46mGUw,2026-04-24T06:39:41Z,commit:5c97d16a
"Aces, Straights, & Flushes",Kate Wolf,Starlight on the Rails: A Songbook,False,INDIFFERENT,3:13,193,N_hsUrDj0Y8,2026-04-24T06:36:28Z,commit:5c97d16a
"Puff, the Magic Dragon","Peter, Paul and Mary",Moving,False,INDIFFERENT,3:27,207,s26e_86-K0k,2026-04-24T06:33:01Z,commit:5c97d16a
Too High On the Stump,Buzz Martin,Where There Walks a Logger There Walks a Man/A Loggers Reward,False,INDIFFERENT,3:55,235,qyLFguCwZs0,2026-04-24T06:29:06Z,commit:5c97d16a
The Lumber Camp Song,Joe Glazer,Songs for Woodworkers,False,INDIFFERENT,1:55,115,pdyS3Utk40g,2026-04-24T06:27:11Z,commit:5c97d16a
Franklin D. Roosevelt's Back Again,The New Lost City Ramblers,"The Early Years, 1958-1962",False,INDIFFERENT,2:22,142,Cm1aRohQoG4,2026-04-24T06:24:49Z,commit:5c97d16a
I'm Goin' Home,"W. D. ""Bama"" Stuart",The Land Where The Blues Began - The Alan Lomax Collection,False,INDIFFERENT,2:07,127,to7ZVS7zqb8,2026-04-24T06:22:42Z,commit:5c97d16a
The Apple Press And The Apple Cart,Tim O'Brien,Two Journeys,False,INDIFFERENT,3:35,215,kyqWC-xXZXw,2026-04-24T06:19:07Z,commit:5c97d16a
Stay All Night (Stay A Little Longer) (feat. Texas Playboys),Bob Wills,For The Last Time,False,INDIFFERENT,3:07,187,KZBVAGBYPos,2026-04-24T06:16:00Z,commit:5c97d16a
Will the Circle Be Unbroken,June Carter Cash,Press On,False,INDIFFERENT,4:07,247,vFIGRjOIrCo,2026-04-24T06:11:53Z,commit:5c97d16a
High Fever Blues,Bukka White,Parchman Farm,False,INDIFFERENT,2:51,171,RbSiqSI1KeY,2026-04-24T06:09:02Z,commit:5c97d16a
Snake Baked A Hoecake,Peggy Seeger,Animal Folk Songs For Children,False,INDIFFERENT,0:57,57,18zQGUhCcdA,2026-04-24T06:08:05Z,commit:5c97d16a
Child of Mine,Bill Staines,Going To the West,False,INDIFFERENT,3:34,214,strHHvS6n18,2026-04-24T06:04:31Z,commit:5c97d16a
Farther Along,Mississippi John Hurt,Last Sessions,False,INDIFFERENT,3:45,225,zTjmXfiRXGw,2026-04-24T06:00:46Z,commit:5c97d16a
Sing For The Song,"Tom Paxton, Bob Gibson, Anne Hills",Best Of Friends,False,INDIFFERENT,2:20,140,Mv9kZBazceI,2026-04-24T05:58:26Z,commit:5c97d16a
Passing Through,Cisco Houston,"The Folkways Years, 1944-1961",False,INDIFFERENT,2:34,154,UGR_JxWkU-Q,2026-04-24T05:55:52Z,commit:5c97d16a
Bridges,Bill Staines,Bridges,False,INDIFFERENT,2:59,179,nNd3hIl1sfM,2026-04-24T05:52:53Z,commit:5c97d16a
The Farmer is the Man (Who Feeds Us All),Pete Seeger,American Industrial Ballads,False,INDIFFERENT,1:43,103,_XFojiOqB3o,2026-04-24T05:51:10Z,commit:5c97d16a
Whistle Punk Pete,Buzz Martin,Where There Walks a Logger There Walks a Man/A Loggers Reward,False,INDIFFERENT,2:23,143,U_Th3zHf6a0,2026-04-24T05:48:47Z,commit:5c97d16a
Subterranean Homesick Blues,Tim O'Brien,Red On Blonde,,INDIFFERENT,2:42,162,Uj5lk8mpxpc,2026-04-24T05:46:05Z,commit:5c97d16a
River,Bill Staines,The Whistle of the Jay,False,INDIFFERENT,4:30,270,_nKjO0lvoLc,2026-04-24T05:41:35Z,commit:5c97d16a
Ettrick,"Archie Fisher, Garnet Rogers",The Flooers o' the Forest,False,INDIFFERENT,2:18,138,e2TP-8HlsFM,2026-04-24T05:39:17Z,commit:5c97d16a
God And Man,"Sonny Terry, Brownie McGhee",Sonny & Brownie,False,INDIFFERENT,3:51,231,bSEp9MiMqVw,2026-04-24T05:35:26Z,commit:5c97d16a
Winter Cows,John Gorka,I Know,False,INDIFFERENT,2:21,141,rgtYIKpNSak,2026-04-24T05:33:05Z,commit:5c97d16a
Strong Winds and Widow Makers,Buzz Martin,Where There Walks a Logger There Walks a Man/A Loggers Reward,False,INDIFFERENT,2:34,154,qbh1mmKyqII,2026-04-24T05:30:31Z,commit:5c97d16a
Prairie Love Song,"Jay Ungar, Molly Mason",The Lovers' Waltz,False,INDIFFERENT,3:02,182,elk00X2-Uk0,2026-04-24T05:27:29Z,commit:5c97d16a
Old Dogs,Bill Staines,Old Dogs,False,INDIFFERENT,3:45,225,ZSSB3zDA_tA,2026-04-24T05:23:44Z,commit:5c97d16a
Things We Said Today,Mary McCaslin,Old Friends,,INDIFFERENT,3:03,183,n011lIChInM,2026-04-24T05:20:41Z,commit:5c97d16a
Roving Gambler,Arlo Guthrie,Together in Concert (Remastered 1999),False,INDIFFERENT,2:21,141,yU-gtlxBKmg,2026-04-24T05:18:20Z,commit:5c97d16a
Soul of a Man,Irma Thomas,After The Rain,False,INDIFFERENT,3:02,182,MV5GDc7o-PU,2026-04-24T05:15:18Z,commit:5c97d16a
Four Wet Pigs,Greg Brown,The Iowa Waltz (30th Anniversary Edition),False,INDIFFERENT,1:59,119,TZeFb5TKzYk,2026-04-24T05:13:19Z,commit:5c97d16a
O Mary Don't You Weep,Bruce Springsteen,We Shall Overcome: The Seeger Sessions (American Land Edition),False,INDIFFERENT,6:05,365,nkeIYv50maE,2026-04-24T05:07:14Z,commit:5c97d16a
V'La L'Bon Vent,Ian & Sylvia,Four Strong Winds,,INDIFFERENT,1:44,104,_Zo2JZS83Os,2026-04-24T05:05:30Z,commit:5c97d16a
What Did You Learn in School Today?,Tom Paxton,Ramblin' Boy,False,INDIFFERENT,1:45,105,0iSisz9uLiI,2026-04-24T05:03:45Z,commit:5c97d16a
What Will I Do with the Baby-O,Jean Ritchie and Doc Watson,Jean Ritchie and Doc Watson at Folk City,False,INDIFFERENT,2:09,129,2LKUaVfoYw0,2026-04-24T05:01:36Z,commit:5c97d16a
Business You're Doin',Lightnin' Hopkins,Goin' Away,False,INDIFFERENT,3:19,199,5UU-A7pJ-1U,2026-04-24T04:58:17Z,commit:5c97d16a
Sixteen Tons,The Weavers,Best Of The Vanguard Years,False,INDIFFERENT,2:08,128,M7TH9f-SnpQ,2026-04-24T04:56:09Z,commit:5c97d16a
"Traveling Day (Live, Los Angeles, CA 1977-1979)",Kate Wolf,"Looking Back At You [Live, Los Angeles, 1977-1979]",False,INDIFFERENT,1:41,101,aQdAiYGcAGY,2026-04-24T04:54:28Z,commit:5c97d16a
Pretty Polly,Hilarie Burhans,Put On the Skillet,False,INDIFFERENT,3:13,193,xH7dv85LfAk,2026-04-24T04:51:15Z,commit:5c97d16a
Hog of the Foresaken,Michael Hurley,Ida Con Snock,False,INDIFFERENT,4:35,275,F2hVXLoFjF8,2026-04-24T04:46:40Z,commit:5c97d16a
Where There Walks a Logger There Walks a Man,Buzz Martin,Where There Walks a Logger There Walks a Man/A Loggers Reward,False,INDIFFERENT,3:00,180,bahyDxIJ3fY,2026-04-24T04:43:40Z,commit:5c97d16a
Oxford Town,Tim O'Brien,Red On Blonde,,INDIFFERENT,1:56,116,jMV_zQbx250,2026-04-24T04:41:44Z,commit:5c97d16a
Sonny James.. Don't Cut Timber on a Windy Day.wmv,"dansdotcom, 209K views",,,INDIFFERENT,2:14,134,jPZ6Tc1ySOI,2026-04-24T04:39:30Z,commit:5c97d16a
Walking the dog,Hans Theessink,Journey On,False,INDIFFERENT,4:11,251,5fd6cUYkJW8,2026-04-24T04:35:19Z,commit:5c97d16a
Sweet Bird Of Youth (Live),David Mallett,"Inches & Miles, 1977-1980",False,INDIFFERENT,2:39,159,WAT5pzXZyiI,2026-04-24T04:32:40Z,commit:5c97d16a
The Happy Wanderer,Bill Staines,The Happy Wanderer,False,INDIFFERENT,4:08,248,ShmrIlBL8Yw,2026-04-24T04:28:32Z,commit:5c97d16a
Ship In The Sky,Cisco Houston,Cisco Houston Sings Songs,False,INDIFFERENT,1:54,114,022a8CDCDt4,2026-04-24T04:26:38Z,commit:5c97d16a
Old Friend,Lyle Lovett,I Love Everybody,False,INDIFFERENT,3:13,193,J1fbo0BK-E4,2026-04-24T04:23:25Z,commit:5c97d16a
Draft Dodger Rag,Pete Seeger,Dangerous Songs!?,False,INDIFFERENT,2:09,129,qBvU-mZi3Xw,2026-04-24T04:21:16Z,commit:5c97d16a
The Fox,Bill Staines,One More River,False,INDIFFERENT,3:09,189,gXubTtFKHYE,2026-04-24T04:18:07Z,commit:5c97d16a
Barrett's Privateers | The Longest Johns | Stan Rogers Cover,"The Longest Johns, 201K views",,,INDIFFERENT,4:13,253,5GjnoZzcVYs,2026-04-24T04:13:54Z,commit:5c97d16a
Am I Dreaming,Atlantic Starr,Radiant,False,INDIFFERENT,5:31,331,q6aYCyCC7l0,2026-04-24T04:08:23Z,commit:5c97d16a
Mystery Girl,Atlantic Starr,Radiant,False,INDIFFERENT,4:20,260,n8pWojQwAZ8,2026-04-24T04:04:03Z,commit:5c97d16a
You're Fooling You (Live),The Dramatics,Greatest Hits Live,False,INDIFFERENT,1:32,92,DNhMjGhOA3Y,2026-04-24T04:02:31Z,commit:5c97d16a
"Footsteps in the Dark, Pts. 1 & 2",The Isley Brothers,Go for Your Guns,False,INDIFFERENT,5:07,307,Dyq9zlYMw9g,2026-04-24T03:57:24Z,commit:5c97d16a
"I Turned You On (Live at Yankee Stadium, Bronx, NY - June 1969)",The Isley Brothers,The Isley Brothers Live at Yankee Stadium,True,LIKE,4:47,287,fpxE9EDJmyw,2026-04-24T03:52:37Z,commit:5c97d16a
Torna A Surriento,Jack Jezzro,Romance In Venice,False,INDIFFERENT,3:01,181,xvo8Yo_psA0,2026-04-24T03:49:36Z,commit:5c97d16a
Last Train to London (feat. Massey),Eve St. Jones,Jazz and 70s,False,INDIFFERENT,3:47,227,IzfDaeXtNWE,2026-04-24T03:45:49Z,commit:5c97d16a
Oh What A Night For Dancing (Edit),Barry White,Barry White's Greatest Hits Volume 2,False,INDIFFERENT,3:16,196,Ic99CjraOeQ,2026-04-24T03:42:33Z,commit:5c97d16a
I'm So Lonesome I Could Cry,Cowboy Junkies,The Trinity Session,True,LIKE,5:25,325,KesHMBETmzQ,2026-04-24T03:37:08Z,commit:5c97d16a
"Beyond The Sunrays (feat. Nitai Hershkovits, Amir Bresler, Rejoicer & Yonatan Albalak)",Apifera,6 Visits,True,LIKE,4:08,248,qX_tJXwuRtI,2026-04-24T03:33:00Z,commit:5c97d16a
Our Life's Work,Chuck Darwin and The Knuckledraggers,Three Car Pileup,,LIKE,2:35,155,p2iKO2q8_8g,2026-04-24T03:30:25Z,commit:5c97d16a
I Need Never Get Old (Live at the Ogden Theatre),"Nathaniel Rateliff, 3.1M views",,,LIKE,4:39,279,TZagCklvj1E,2026-04-24T03:25:46Z,commit:5c97d16a
The Old Dun Cow,Seamus Kennedy,Let The Music Take You Home,,LIKE,3:04,184,cWft1OsrY8Y,2026-04-24T03:22:42Z,commit:5c97d16a
Melanie De Biasio -  Live a FIP,"melaniedebiasio, 492K views",,,INDIFFERENT,45:40,2740,cBNFEqeWaQs,2026-04-24T02:37:02Z,commit:5c97d16a
A Man Without Love,Engelbert Humperdinck,A Man Without Love,False,INDIFFERENT,3:24,204,o0WWaA3oFa4,2026-04-24T02:33:38Z,commit:5c97d16a
Love Me Tonight,Tom Jones,The Best Of ... Tom Jones,False,INDIFFERENT,3:11,191,OLX-XZvz9iI,2026-04-24T02:30:27Z,commit:5c97d16a
Can't Get Enough Of Your Love Baby,Barry White,Barry White - His Greatest Hits,False,INDIFFERENT,4:30,270,_x2Z3hjaktg,2026-04-24T02:25:57Z,commit:5c97d16a
Mellow Mood (Pt. I),Barry White,Can't Get Enough,False,INDIFFERENT,1:53,113,hF0hpuavlqw,2026-04-24T02:24:04Z,commit:5c97d16a
Turn It Up (Refried),Ugly Duckling,Taste The Secret,False,INDIFFERENT,7:25,445,uNkWnV2isjE,2026-04-24T02:16:39Z,commit:5c97d16a
Something's Going Down Tonight (feat. Grand Puba),Ugly Duckling,Taste The Secret,False,INDIFFERENT,4:19,259,R5Z1q8Ww374,2026-04-24T02:12:20Z,commit:5c97d16a
Goodnight Now,Ugly Duckling,Taste The Secret,False,INDIFFERENT,4:00,240,xRbyHTjkvoA,2026-04-24T02:08:20Z,commit:5c97d16a
I Wanna Go Home,Ugly Duckling,Taste The Secret,False,INDIFFERENT,4:20,260,V1niSUAEA48,2026-04-24T02:04:00Z,commit:5c97d16a
Rio De Janeiro,Ugly Duckling,Taste The Secret,False,INDIFFERENT,3:22,202,2VgRbXgtTNU,2026-04-24T02:00:38Z,commit:5c97d16a
The Confrontation,Ugly Duckling,Taste The Secret,False,INDIFFERENT,2:42,162,CaQ-jl4Z6yY,2026-04-24T01:57:56Z,commit:5c97d16a
Daisy,Ugly Duckling,Taste The Secret,False,INDIFFERENT,3:41,221,d-JviWhi-hg,2026-04-24T01:54:15Z,commit:5c97d16a
Potty Mouth,Ugly Duckling,Taste The Secret,False,INDIFFERENT,4:14,254,pWPtTOMjADQ,2026-04-24T01:50:01Z,commit:5c97d16a
La Revolucion,Ugly Duckling,Taste The Secret,False,INDIFFERENT,5:16,316,nO8NAB-D26g,2026-04-24T01:44:45Z,commit:5c97d16a
Pass It On,Ugly Duckling,Taste The Secret,False,INDIFFERENT,4:03,243,tP-4eEY_Az8,2026-04-24T01:40:42Z,commit:5c97d16a
Mr. Tough Guy,Ugly Duckling,Taste The Secret,False,INDIFFERENT,4:03,243,oLmatbj6Syc,2026-04-24T01:36:39Z,commit:5c97d16a
The Drive-Thru,Ugly Duckling,Taste The Secret,False,INDIFFERENT,2:23,143,Lhe7mV9aGyM,2026-04-24T01:34:16Z,commit:5c97d16a
Energy Drink,Ugly Duckling,Taste The Secret,False,INDIFFERENT,3:15,195,myuDx6n6SAc,2026-04-24T01:31:01Z,commit:5c97d16a
Abigail Silk,Ugly Duckling,Taste The Secret,False,INDIFFERENT,3:26,206,SprPA5hyN9k,2026-04-24T01:27:35Z,commit:5c97d16a
Dumb It Down,Ugly Duckling,Taste The Secret,False,INDIFFERENT,3:34,214,OIr4QOGezDI,2026-04-24T01:24:01Z,commit:5c97d16a
Meatshake,Ugly Duckling,Taste The Secret,False,INDIFFERENT,2:43,163,rsMwLoWTkfY,2026-04-24T01:21:18Z,commit:5c97d16a
Turn It Up,Ugly Duckling,Taste The Secret,False,INDIFFERENT,3:57,237,R7l-5-O3OIk,2026-04-24T01:17:21Z,commit:5c97d16a
Opening Act,Ugly Duckling,Taste The Secret,True,LIKE,3:55,235,E7PQekJhpfI,2026-04-24T01:13:26Z,commit:5c97d16a
Aankhon Se Batana,Dikshant,Aankhon Se Batana,False,INDIFFERENT,3:42,222,K8P4_3NZsKs,2026-04-24T01:09:44Z,commit:5c97d16a
Undecided,Cherry Poppin’ Daddies,Undecided,False,INDIFFERENT,3:50,230,2vN8zEW-Zs8,2026-04-24T01:05:54Z,commit:5c97d16a
Atomic City (Mike WiLL Made-It Remix),U2,Atomic City (Mike WiLL Made-It Remix),False,INDIFFERENT,3:27,207,LFHFTsjigPw,2026-04-24T01:02:27Z,commit:5c97d16a
We Should Get A Drink Sometime,Michael Ray,We Should Get A Drink Sometime,False,INDIFFERENT,3:10,190,HDKLv-P9UMk,2026-04-24T00:59:17Z,commit:5c97d16a
Dharmakaya,Entheogenic,Oddiyana,,INDIFFERENT,15:12,912,H_4wXExeSBo,2026-04-24T00:44:05Z,commit:5c97d16a
The Lighthouse's Tale,Nickel Creek,Nickel Creek,False,INDIFFERENT,5:02,302,Jigp5IkagOY,2026-04-24T00:39:03Z,commit:5c97d16a
High On A Mountain,Hot Rize,Hot Rize,False,INDIFFERENT,3:07,187,dM7W-Nig8GQ,2026-04-24T00:35:56Z,commit:5c97d16a
"Taxland (feat. Barry Bales, Bryan Sutton, Michael Cleveland & Sierra Hull)",Justin Moses,Taxland,False,INDIFFERENT,3:26,206,cXQpEamo3V0,2026-04-24T00:32:30Z,commit:5c97d16a
"Rhapsody in Blue(grass) (feat. Michael Cleveland, Sierra Hull, Justin Moses & Mark Schatz)",Béla Fleck,Rhapsody in Blue (grass),False,INDIFFERENT,12:10,730,8DHPxRZFWQE,2026-04-24T00:20:20Z,commit:5c97d16a
I Don't Mind,Sturgill Simpson,Cuttin' Grass - Vol. 1 (Butcher Shoppe Sessions),False,INDIFFERENT,4:30,270,xYcmf9cRp7A,2026-04-24T00:15:50Z,commit:5c97d16a
Just Unwanted,Bella White,Just Like Leaving,False,INDIFFERENT,3:14,194,lu0mk5Dcs-U,2026-04-24T00:12:36Z,commit:5c97d16a
Atlas,Winter Flags,Winter Flags,False,INDIFFERENT,3:18,198,ABILQM5TCn0,2026-04-24T00:09:18Z,commit:5c97d16a
Scale,Winter Flags,Winter Flags,False,INDIFFERENT,5:22,322,4RYX_IE6OZ4,2026-04-24T00:03:56Z,commit:5c97d16a
Latency,Winter Flags,Winter Flags,False,INDIFFERENT,2:38,158,i_-mWcrYFvo,2026-04-24T00:01:18Z,commit:5c97d16a
I'll Be Here in the Morning,Winter Flags,Winter Flags,False,INDIFFERENT,3:29,209,88BH5QB6yCw,2026-04-23T23:57:49Z,commit:5c97d16a
Winter Flags,Winter Flags,Winter Flags,False,INDIFFERENT,4:18,258,Jq4IHyvjdHo,2026-04-23T23:53:31Z,commit:5c97d16a
Make You,Winter Flags,Winter Flags,False,INDIFFERENT,8:05,485,JCaNMDNDqYA,2026-04-23T23:45:26Z,commit:5c97d16a
The First Crossing of the Watershed,Northcape,Exploration and Ascent,False,INDIFFERENT,8:01,481,71I5gvgET0s,2026-04-23T23:37:25Z,commit:5c97d16a
Concept 11,Kodomo,Concept 11,False,INDIFFERENT,5:34,334,59PuJ_wmDwc,2026-04-23T23:31:51Z,commit:5c97d16a
Moving Rooms,Oberst & Buchner,Sfumato,False,INDIFFERENT,6:25,385,Sa6wCH1vbbs,2026-04-23T23:25:26Z,commit:5c97d16a
Enough About Hard Times,Caitlin Canty,Reckless Skyline,False,INDIFFERENT,2:35,155,OCR01ekyQxI,2026-04-23T23:22:51Z,commit:5c97d16a
Old Churchyard,The Wailin' Jennys,Fifteen,False,INDIFFERENT,3:16,196,6KqFdyifThw,2026-04-23T23:19:35Z,commit:5c97d16a
I'll Always Be Waiting For You,Sierra Hull,Daybreak,False,INDIFFERENT,2:43,163,hz-u--lbESE,2026-04-23T23:16:52Z,commit:5c97d16a
Catawba,The Honey Dewdrops,Silver Lining,False,INDIFFERENT,2:23,143,IHAdLxlosz4,2026-04-23T23:14:29Z,commit:5c97d16a
J.S. Bach: The Goldberg Variations,Mike Marshall,Into The Cauldron,False,INDIFFERENT,1:57,117,8SpVxYz2nG0,2026-04-23T23:12:32Z,commit:5c97d16a
Super Moon,Molly Tuttle,Rise,False,INDIFFERENT,2:19,139,dIJFfsxcKXs,2026-04-23T23:10:13Z,commit:5c97d16a
Early Morning Light,Sarah Jarosz,Undercurrent,False,INDIFFERENT,2:36,156,BFVJh5Gm2Eg,2026-04-23T23:07:37Z,commit:5c97d16a
Weighted Mind,Sierra Hull,Weighted Mind,False,INDIFFERENT,3:44,224,BabkxTN1xYc,2026-04-23T23:03:53Z,commit:5c97d16a
Years,Sierra Ferrell,Years,False,INDIFFERENT,3:00,180,vg4sGkehWBw,2026-04-23T23:00:53Z,commit:5c97d16a
The Sea,Sierra Ferrell,The Sea,True,LIKE,3:33,213,XJv58Q93_s0,2026-04-23T22:57:20Z,commit:5c97d16a
Bells Of Every Chapel (feat. Billy Strings),Sierra Ferrell,Bells Of Every Chapel,,LIKE,4:16,256,YGMAQw5mcqI,2026-04-23T22:53:04Z,commit:5c97d16a
Mamunia,"Paul McCartney, Wings",Band On The Run (Archive Collection),False,INDIFFERENT,4:51,291,-UAKKR_Mr4o,2026-04-23T22:48:13Z,commit:5c97d16a
Mystery Train,Elvis Presley,Sun Records: The 50th Anniversary Collection,False,INDIFFERENT,2:28,148,_ISg9PEKNYk,2026-04-23T22:45:45Z,commit:5c97d16a
Do Right Woman,Chuck Darwin and The Knuckledraggers,Three Car Pileup,,INDIFFERENT,3:29,209,EO7Q5fB9NoU,2026-04-23T22:42:16Z,commit:5c97d16a
The Road Where The Wild Wind Flies,Chuck Darwin and The Knuckledraggers,Three Car Pileup,,INDIFFERENT,3:51,231,59DkOQrhrc8,2026-04-23T22:38:25Z,commit:5c97d16a
Dance,Chuck Darwin and The Knuckledraggers,Three Car Pileup,,INDIFFERENT,3:03,183,1jiHp90t_MI,2026-04-23T22:35:22Z,commit:5c97d16a
Wish You Were Here,Pink Floyd,Wish You Were Here,False,INDIFFERENT,5:35,335,hjpF8ukSrvk,2026-04-23T22:29:47Z,commit:5c97d16a
Embryo (from Harvest Records sampler ‘Picnic’),Pink Floyd,The Early Years 1967-1972 Cre/ation,,INDIFFERENT,4:42,282,mr996-G3_eY,2026-04-23T22:25:05Z,commit:5c97d16a
Korsakow - Sun Of A Gun (1996),"Houseum, 3.3M views",,,INDIFFERENT,8:41,521,1QxtWu-pJw0,2026-04-23T22:16:24Z,commit:5c97d16a
Fade Back,Harrison BDP,Fade Back from Reality,False,INDIFFERENT,8:28,508,ndUveAyZ8NA,2026-04-23T22:07:56Z,commit:5c97d16a
Sullfupport - Cam Rillem,"Slav, 361K views",,,INDIFFERENT,8:22,502,97OKT1DxonY,2026-04-23T21:59:34Z,commit:5c97d16a
Deejay Astral - Aquamarine,"Slav, 173K views",,,INDIFFERENT,4:47,287,gSRUTLNu3Xc,2026-04-23T21:54:47Z,commit:5c97d16a
Men I Trust - Lucky Sue (Bernardo Mota Edit),"Vals, 741K views",,,INDIFFERENT,4:55,295,AlfKTgCK9kM,2026-04-23T21:49:52Z,commit:5c97d16a
