title,artists,album,inLibrary,likeStatus,duration,duration_seconds,videoId,played_at,run_id
Sun Tickles,Salamanda,Sun Tickles,False,INDIFFERENT,4:32,272,lrAWkOGkpBw,2026-09-13T00:00:00Z,gh-6781
sunlight (feat. Masked Man),Tomcbumpz,Low Fidelity,False,INDIFFERENT,2:16,136,ZOd1LiiRnCo,2026-09-13T00:00:00Z,gh-6781
big world,Nato Kitch,big world,False,INDIFFERENT,1:45,105,rLw6Yh1JdRQ,2026-09-13T00:00:00Z,gh-6781
Dreamcore,Imxone,Dreamcore,False,INDIFFERENT,1:47,107,MmU-xbpK85Y,2026-09-13T00:00:00Z,gh-6781
pet rock,tomcbumpz,GOOD LISTENER,False,INDIFFERENT,1:17,77,a4XzNajKNbo,2026-09-13T00:00:00Z,gh-6781
dreamcore,sunêv,dreamcore,False,INDIFFERENT,2:23,143,mWWWSDkIwWY,2026-09-13T00:00:00Z,gh-6781
Soft Meadow,Green-House,Six Songs for Invisible Gardens,False,INDIFFERENT,5:28,328,BsTCtBqN2M0,2026-09-13T00:00:00Z,gh-6781
indifference,tomcbumpz,don't look down,False,INDIFFERENT,1:02,62,tlmSqP0nQ2I,2026-09-13T00:00:00Z,gh-6781
so oo ee,Mietze Conte,ee oo,False,INDIFFERENT,1:39,99,3vnAFuf4o5o,2026-09-13T00:00:00Z,gh-6781
Water Lily,Asokah,Water Lily,False,INDIFFERENT,1:22,82,JhnBjIOmras,2026-09-13T00:00:00Z,gh-6781
one of a kind,Tomcbumpz,Low Fidelity,False,INDIFFERENT,2:27,147,iT7ZEGEUM5w,2026-09-13T00:00:00Z,gh-6781
Lucky Rosemary,Omni Gardens,Golden Pear,False,INDIFFERENT,3:16,196,Pu1GqxWRtZY,2026-09-13T00:00:00Z,gh-6781
addicted to you (feat. Axian),Tomcbumpz,Low Fidelity,False,INDIFFERENT,1:55,115,mnh3S1j9lok,2026-09-13T00:00:00Z,gh-6781
close your eyes,tomcbumpz & Ivri,comfortable silence,False,INDIFFERENT,1:29,89,PjpZDv58ZvQ,2026-09-13T00:00:00Z,gh-6781
tangled,tomcbumpz,comfortable silence,False,INDIFFERENT,1:18,78,qgdPAong8Zs,2026-09-13T00:00:00Z,gh-6781
ufo shopping,tomcbumpz,comfortable silence,False,INDIFFERENT,1:01,61,vwM4UUCOW70,2026-09-13T00:00:00Z,gh-6781
empty stomach,tomcbumpz,comfortable silence,False,INDIFFERENT,1:01,61,ZZe1emaqrW8,2026-09-13T00:00:00Z,gh-6781
remedy,tomcbumpz,comfortable silence,False,INDIFFERENT,0:50,50,OnN3Rzx3nrQ,2026-09-13T00:00:00Z,gh-6781
wake up,tomcbumpz,comfortable silence,False,INDIFFERENT,1:01,61,GUcbPQwS1gQ,2026-09-13T00:00:00Z,gh-6781
bugbite,tomcbumpz,comfortable silence,False,INDIFFERENT,1:01,61,4JYC7p2wig4,2026-09-13T00:00:00Z,gh-6781
braincells,tomcbumpz,comfortable silence,False,INDIFFERENT,1:00,60,xd8KeRptVoA,2026-09-13T00:00:00Z,gh-6781
Sansevieria,Green-House,Six Songs for Invisible Gardens,True,LIKE,4:25,265,hG5GgRnLyhI,2026-09-13T00:00:00Z,gh-6781
Peperomia Seedling,Green-House,Six Songs for Invisible Gardens,False,INDIFFERENT,3:43,223,dcPgLlW5w20,2026-09-13T00:00:00Z,gh-6781
Bailamos,Clayton Serafy,Bailamos,False,INDIFFERENT,2:47,167,TORirjalcVo,2026-09-13T00:00:00Z,gh-6781
Madre Selva,Huehue,Madre Selva,False,INDIFFERENT,5:39,339,VEqY2xeU4Io,2026-09-13T00:00:00Z,gh-6781
Hello Stranger (Remastered 2024),"Jimmie Dale Gilmore, The Flatlanders",All American Music,False,INDIFFERENT,3:15,195,_wrafR_R10Y,2026-09-12T00:00:00Z,gh-6776
Falling Out,Ween,White Pepper,False,LIKE,2:29,149,8o19PCXwm6c,2026-09-12T00:00:00Z,gh-6776
My Last Drink Of Wine,Charley Crockett,Age of the Ram,False,INDIFFERENT,3:21,201,9fwLdcg7Mao,2026-09-12T00:00:00Z,gh-6776
I Shot Jesse James,Charley Crockett,Age of the Ram,False,INDIFFERENT,2:49,169,xP9m3XAZp7c,2026-09-12T00:00:00Z,gh-6776
Sweet Mother Texas,Charley Crockett,Age of the Ram,False,INDIFFERENT,1:37,97,TYJp5Ldhz10,2026-09-12T00:00:00Z,gh-6776
"Blue Bossa (feat. Matthias Strucken, Sven Jungbeck & Volker Kamp)","310K views, Joscho Stephan",,False,INDIFFERENT,8:40,520,0evM104jwX8,2026-09-12T00:00:00Z,gh-6776
Flor de Azalea,Frankie Reyes,Boleros Valses y Mas,False,LIKE,2:07,127,ecgz9K7jd0U,2026-09-12T00:00:00Z,gh-6776
Ilaló (feat. Mateo Kingman),Chancha Vía Circuito,Ilaló,False,INDIFFERENT,5:01,301,_ixvv9rpwHM,2026-09-12T00:00:00Z,gh-6776
Añoranza en las Yungas,Lagartijeando,Jallalla,True,LIKE,5:39,339,kOwgoRoDBMM,2026-09-12T00:00:00Z,gh-6776
The Fox,Nickel Creek,Nickel Creek,False,INDIFFERENT,2:31,151,WcktWbZgv3U,2026-09-12T00:00:00Z,gh-6776
Ginseng Sullivan,The Tony Rice Unit,Manzanita,False,LIKE,3:11,191,1e_Jc2mo1xI,2026-09-12T00:00:00Z,gh-6776
Fastest Gun Alive,Charley Crockett,Age of the Ram,False,INDIFFERENT,3:08,188,g380-GZqA-4,2026-09-12T00:00:00Z,gh-6776
"Phish - 7/12/14 ""Ghost""","181K views, Phish",,False,INDIFFERENT,16:40,1000,hBssYBEJ_BU,2026-09-12T00:00:00Z,gh-6776
Phish 12/31/16 New Year's Eve,"438K views, Phish",,False,INDIFFERENT,25:00,1500,gbMTa1yeSyw,2026-09-12T00:00:00Z,gh-6776
What's Going Through Your Mind,Phish,"2026/09/05 Commerce City, CO",False,INDIFFERENT,24:42,1482,OVvuZE0osEE,2026-09-12T00:00:00Z,gh-6776
Most Events Aren't Planned,Phish,"2026/09/05 Commerce City, CO",False,INDIFFERENT,10:12,612,UZtdLCbTKcA,2026-09-12T00:00:00Z,gh-6776
Lonely Trip,Phish,2026-09-04 Dick’s Sporting Goods Park; Commerce City CO (48-24),False,INDIFFERENT,6:50,410,bNjMhXLImzQ,2026-09-12T00:00:00Z,gh-6776
Cha Cha Cha In Blues,"Buddy Guy, Junior Wells, Otis Spann",Snakebite 5 Viper,False,INDIFFERENT,2:25,145,oRghDR5oJ-k,2026-09-12T00:00:00Z,gh-6776
Alalaké,Bembeya Jazz National,Guinée an XI - Le rendez-vous annuel des grands (Réédition spéciale),False,INDIFFERENT,4:06,246,U2JOw5-0FZ0,2026-09-12T00:00:00Z,gh-6776
"Anaa Qaylodhaankaan (feat. Mahmud Abdalla ""Jerry"" Hussen)",Iftiin Band,Sweet as Broken Dates: Lost Somali Tapes from the Horn of Africa,False,INDIFFERENT,5:24,324,ienY5jgLsDc,2026-09-12T00:00:00Z,gh-6774
Selam almazeye,Mahmoud Ahmed,"Ethiopiques, Vol. 3: Golden Years 1969-1975",False,INDIFFERENT,3:35,215,qa9emhkCZus,2026-09-12T00:00:00Z,gh-6773
Almendra,Tito Puente,Mucho Puente,False,INDIFFERENT,2:44,164,ZBJhSSNhmn4,2026-09-12T00:00:00Z,gh-6773
Yefikir Tizita,Mulatu Astatke,New York - Addis - London: The Story of Ethio Jazz 1965-1975,False,LIKE,4:08,248,0AdrJE4ppUI,2026-09-12T00:00:00Z,gh-6773
Kadia Blues,Orchestre de la Paillote,"Syliphone, 40ème anniversaire, Vol. 2",False,INDIFFERENT,4:47,287,-seWlJxkXdU,2026-09-12T00:00:00Z,gh-6773
Sexopolis,Jean-Pierre Mirouze,Le mariage collectif (Original Motion Picture Soundtrack),False,INDIFFERENT,4:43,283,fGKu9yWauqI,2026-09-12T00:00:00Z,gh-6772
Altèlèyèshegnem,Alèmayèhu Eshèté,"Ethiopian Hit Parade, Vol. 2",False,INDIFFERENT,4:58,298,XBSteYY5VnI,2026-09-12T00:00:00Z,gh-6772
Tension,"Hoodna Orchestra, Mulatu Astatke",Tension,False,INDIFFERENT,4:58,298,VRpkKLCWMvE,2026-09-12T00:00:00Z,gh-6772
Equinoctial,Bonobo & Ichiko Aoba,Distance in Static,False,INDIFFERENT,2:59,179,FvCg4iSZoIA,2026-09-12T00:00:00Z,gh-6772
"not today, officer.",is it sunday?,drive it like you stole it.,False,INDIFFERENT,3:00,180,Z7bxWY8hE7g,2026-09-12T00:00:00Z,gh-6771
Ibari Koru Wa,Cardinal Rex Lawson,African Global Beatz Vol.14,False,INDIFFERENT,3:01,181,4-kZZ3qt_YA,2026-09-12T00:00:00Z,gh-6770
Come Live With Me,Dorothy Ashby,Afro-Harping (Deluxe),False,LIKE,2:41,161,07r9E5L7sVM,2026-09-12T00:00:00Z,gh-6770
Serra Nene,Cardinal Rex Jim Lawson,Rex Lawson's Greatest Hits,False,INDIFFERENT,3:07,187,XB6nImjKOi4,2026-09-12T00:00:00Z,gh-6770
Heywèté,Tèsfa-Maryam Kidané,Ethiopian Modern Instrumentals Hits,False,INDIFFERENT,5:17,317,6ShOVhAcFng,2026-09-12T00:00:00Z,gh-6769
Ripped Open By Metal Explosions,Galt MacDermot,Up From The Basement - Unreleased Tracks - Volumes 1 & 2,False,INDIFFERENT,4:14,254,49-spxo3aqM,2026-09-12T00:00:00Z,gh-6769
Home Town (Instrumental),WITCH,Introduction,False,INDIFFERENT,4:22,262,3AJdM_rrQTc,2026-09-12T00:00:00Z,gh-6769
Opening Titles,The Sorcerers,In Search of the Lost City of the Monkey God,False,INDIFFERENT,4:50,290,64zp0wtAqj4,2026-09-12T00:00:00Z,gh-6769
Please Go Easy With Me,S.E. Rogie,The Sounds of S.E. Rogie,False,INDIFFERENT,3:21,201,onULCwS0MTI,2026-09-12T00:00:00Z,gh-6768
Morning Broadway (feat. The KPM Orchestra),Keith Mansfield,Kpm 1000 Series: Chorus and Orchestra,False,INDIFFERENT,2:06,126,8YNwZ5N6vug,2026-09-12T00:00:00Z,gh-6768
Khala My Friend,Amanaz,Africa,False,INDIFFERENT,3:24,204,2QxeDecgNWg,2026-09-12T00:00:00Z,gh-6768
Ahmad Jamal - April In Paris (1966) [Jazz],"1M views, Waterland Records",,False,INDIFFERENT,3:25,205,Vv7MUtIwxKg,2026-09-12T00:00:00Z,gh-6768
Soul Vibrations,Dorothy Ashby,Afro-Harping (Deluxe),False,INDIFFERENT,3:26,206,n0utsGGzgwA,2026-09-12T00:00:00Z,gh-6768
Mother's Love,Emahoy Tsege Mariam Gebru,Emahoy Tsege Mariam Gebru,False,INDIFFERENT,3:37,217,BBZ-tzaqtE8,2026-09-12T00:00:00Z,gh-6768
Santee Alley,LA LOM,La Lom,False,INDIFFERENT,3:24,204,bL3fW0-m67o,2026-09-12T00:00:00Z,gh-6768
Selenge,Céline Dessberg,Selenge,False,INDIFFERENT,3:22,202,rrfbZ3Qd6l0,2026-09-12T00:00:00Z,gh-6768
"Last Exit - A Bit Of Peace [UK] Jazz, Fusion, Easy Listening (1975)","67K views, Music for empty rooms",,False,INDIFFERENT,3:03,183,gNuImBexYDw,2026-09-12T00:00:00Z,gh-6768
Moonscape Waltz,Misha Panfilov,Days As Echoes,False,INDIFFERENT,3:29,209,Es-fdjGpSy4,2026-09-12T00:00:00Z,gh-6768
Atmetalegnem Woi,"Hailu Mergia, The Walias",Tezeta,False,INDIFFERENT,3:40,220,0DGkuXPPg_Q,2026-09-12T00:00:00Z,gh-6768
Tesko Mi Je Zaboravit Tebe,Branko Mataja,Traditional And Folk Songs Of Yugoslavia,False,INDIFFERENT,2:50,170,esbdcseZCTA,2026-09-12T00:00:00Z,gh-6768
Sun,Skinshape,Umoja,False,INDIFFERENT,3:42,222,qVAckPZ0ZBo,2026-09-12T00:00:00Z,gh-6768
Acid Rock,The Funkees,Dancing Time: The Best of Eastern Nigeria's Afro Rock Exponents 1973-77,False,INDIFFERENT,2:54,174,7oIbAibaCM0,2026-09-12T00:00:00Z,gh-6768
The Booger Man (feat. Willie Tee),The Gaturs,Wasted,False,INDIFFERENT,2:34,154,RiNuekHyikg,2026-09-12T00:00:00Z,gh-6768
Rosinha's Mood,Rosinha De Valença,Rosinha De Valença Apresenta O Ipanema Beat,False,INDIFFERENT,2:57,177,B_enraSk20A,2026-09-12T00:00:00Z,gh-6768
Sabor Dulce,Los Belkings,Los Belkings (Ayer y Hoy),False,INDIFFERENT,3:29,209,b2MVrFp99MM,2026-09-12T00:00:00Z,gh-6768
Yègellé Tezeta,Mulatu Astatke,Ethiopian Modern Instrumentals Hits,False,INDIFFERENT,3:19,199,TDfadvkNfIg,2026-09-12T00:00:00Z,gh-6768
Blue Sands,Elysian Spring,Glass Flowers,False,INDIFFERENT,3:31,211,h364baGiuDQ,2026-09-12T00:00:00Z,gh-6768
ALL EVIL SHALL PERISH!,Christoph El Truento,ALL EVIL SHALL PERISH!,False,INDIFFERENT,4:32,272,6k_ikrylIO4,2026-09-12T00:00:00Z,gh-6768
Harlem Hendoo,Al Hirt,Soul In the Horn,False,INDIFFERENT,2:40,160,XemWTVZgctw,2026-09-12T00:00:00Z,gh-6768
Untrue Blues,Blind Boy Fuller,East Coast Piedmont Style,False,INDIFFERENT,2:50,170,HEdJJs9d054,2026-09-12T00:00:00Z,gh-6768
Munaye,Mulatu Astatke,Ethiopian Modern Instrumentals Hits,False,INDIFFERENT,5:04,304,4KeRvqM6oYw,2026-09-12T00:00:00Z,gh-6768
Cycles,Bonobo,Distance in Static,False,INDIFFERENT,4:52,292,Bg_NqqpO4cQ,2026-09-12T00:00:00Z,gh-6768
The Thing,"Pokey LaFarge, Addie Hamilton, Natalie Bergman, Beau Sample, and Alex Hall",Rent Money,False,INDIFFERENT,3:05,185,XV58G9qsAGk,2026-09-12T00:00:00Z,gh-6768
The Poor People Of Paris (Jean's Song) (Buddha Remastered - 2000),Chet Atkins,The Essential Chet Atkins,False,INDIFFERENT,1:58,118,cZXQW_SJcow,2026-09-12T00:00:00Z,gh-6758
Slurf Song,"Jeffrey Frederick & The Clamtones, Michael Hurley, Unholy Modal Rounders",Have Moicy!,False,INDIFFERENT,3:19,199,Ugyq_IOn09A,2026-09-12T00:00:00Z,gh-6758
Red Rocking Chair,The Coon Creek Girls,"Lily, Mae, Rosie & Susie",False,INDIFFERENT,1:59,119,U4X6E6pWlSk,2026-09-12T00:00:00Z,gh-6758
Lonesome Yodel Blues,The Delmore Brothers,Alton & Rabon,False,INDIFFERENT,2:38,158,nv_N5l-qzWo,2026-09-12T00:00:00Z,gh-6758
Grey Eyed Darling,Ernest Tubb & His Texas Troubadours,1945 Vol. 3,False,INDIFFERENT,2:35,155,9b3b9Cq7Ehk,2026-09-12T00:00:00Z,gh-6758
Shady Grove,"David Grisman, Jerry Garcia",Shady Grove,False,INDIFFERENT,4:20,260,wRPRI0iYLQw,2026-09-12T00:00:00Z,gh-6758
West Dakota Rose,Magoo,"Magoo The EP, Vol. 2",False,INDIFFERENT,4:48,288,LgZL3z8JWVI,2026-09-12T00:00:00Z,gh-6756
On My Way Back Home,The Monroe Brothers; Bill and Charlie Monroe,"The Monroe Brothers Complete RCA Victor Bluebird Recordings, Vol. 4",False,INDIFFERENT,2:05,125,LN9vLp_KJhc,2026-09-12T00:00:00Z,gh-6756
Whitehouse Blues (feat. The North Carolina Ramblers),Charlie Poole,Roots 'N' Blues/The Retrospective 1925-1950,False,INDIFFERENT,3:27,207,lxg1i0VmJBg,2026-09-12T00:00:00Z,gh-6756
Walk On Boy,Doc Watson,Southbound,False,INDIFFERENT,3:24,204,I9A8hgWuDnw,2026-09-12T00:00:00Z,gh-6756
Hickory Wind (Alternate Version),Gram Parsons,The Complete Reprise Sessions,False,INDIFFERENT,4:16,256,RXkgL9ekmUE,2026-09-12T00:00:00Z,gh-6756
Del Rio Boogie,Wayne Raney,That Real Hot Boogie Boy - The King Anthology,False,INDIFFERENT,2:46,166,txMhvKgFcw8,2026-09-12T00:00:00Z,gh-6756
Buck Dance,Elizabeth Cotten,Shake Sugaree,False,INDIFFERENT,1:53,113,HyYML7WrZEM,2026-09-12T00:00:00Z,gh-6756
Old Yazoo,The Boswell Sisters,The Boswell Sisters Collection Pt. 3,False,INDIFFERENT,3:09,189,IJ8olffRTxk,2026-09-12T00:00:00Z,gh-6756
Talking Sailor,Woody Guthrie,That's Why We're Marching: World War II and the American Folksong Movement,False,INDIFFERENT,3:04,184,xicv1PyO-Vw,2026-09-12T00:00:00Z,gh-6756
Midnight on the Stormy Deep,Bill Monroe and Doc Watson,Live Recordings 1963-1980: Off the Record Volume 2,False,INDIFFERENT,4:34,274,s9CNlq-PSpg,2026-09-12T00:00:00Z,gh-6756
Pistol Slapper Blues,Blind Boy Fuller,Blind Boy Fuller Vol. 4 1937 - 1938,False,INDIFFERENT,2:44,164,uczudq0UlrQ,2026-09-12T00:00:00Z,gh-6756
Mind Your Own Business,Hank Willams,Hank Williams The Greatest Hits Collection,False,INDIFFERENT,2:26,146,pMjfI1iHWSw,2026-09-12T00:00:00Z,gh-6756
Cowpoke,Elton Britt,Presenting Elton Britt,False,INDIFFERENT,3:25,205,3YgNFKx13fk,2026-09-12T00:00:00Z,gh-6755
Dusty Old Dust (So Long It's Been Good to Know Yuh),Woody Guthrie,Dust Bowl Ballads,False,INDIFFERENT,3:06,186,QhAt4RdROok,2026-09-12T00:00:00Z,gh-6755
Nobody Knows You When You're Down And Out,Scrapper Blackwell,Mr. Scrapper's Blues,True,INDIFFERENT,4:59,299,ZFUxrJ3urRs,2026-09-12T00:00:00Z,gh-6755
"Baby, I'm In The Mood For You",Odetta,Odetta Sings Dylan,False,INDIFFERENT,2:49,169,kcvfOQeqmKs,2026-09-12T00:00:00Z,gh-6755
Where Did You Sleep Last Night?,Leadbelly,Where Did You Sleep Last Night?,False,INDIFFERENT,3:03,183,VdYVANxDNkg,2026-09-12T00:00:00Z,gh-6755
Brown Eyes,Woody Guthrie and Cisco Houston,Woody Guthrie Sings Folk Songs,False,INDIFFERENT,3:02,182,3xT9-Src6Ng,2026-09-12T00:00:00Z,gh-6755
Why May I Not Go Out and Climb the Trees?,Daniel Norgren,Alabursy,False,INDIFFERENT,2:46,166,e4Zp9OwS3C8,2026-09-12T00:00:00Z,gh-6755
Old Mountain Dew,The Delmore Brothers,"Old Country Songs from Down On the Farm, Vol. 2",False,INDIFFERENT,2:35,155,Fr_gHeOtyZc,2026-09-12T00:00:00Z,gh-6755
My Little Swiss Maiden (Re-Mastered),Hank Snow,Early Hank Snow,False,INDIFFERENT,2:42,162,R8kKyYE3bdk,2026-09-12T00:00:00Z,gh-6755
Boat's Up The River,Ola Belle Reed,Ola Belle Reed & Family,False,INDIFFERENT,2:08,128,0C4NcoFSMGM,2026-09-12T00:00:00Z,gh-6754
Stack O' Lee Blues,Mississippi John Hurt,"Before The Blues, Vol. 1",True,LIKE,2:58,178,eixTjOz-0ik,2026-09-12T00:00:00Z,gh-6754
Early Blue,F.J. McMahon,Spirit of the Golden Juice,True,LIKE,3:05,185,XmnhM6Sg7Sw,2026-09-12T00:00:00Z,gh-6754
Wild Bill Jones,Dock Boggs,Dock Boggs: Legendary Singer and Banjo Player,False,INDIFFERENT,2:15,135,oHURYWpAjaQ,2026-09-12T00:00:00Z,gh-6754
Caravan,Chet Atkins,Eclectic Guitar,False,INDIFFERENT,3:31,211,_ZXk_2NbKas,2026-09-12T00:00:00Z,gh-6754
Down in a Willow Garden,The Kossoy Sisters,Bowling Green and Other Folk Songs from the Southern Mountains,False,INDIFFERENT,2:35,155,a0B0dmdOckU,2026-09-12T00:00:00Z,gh-6754
Desperate Man Blues (Original Recording),John Fahey,The Legend Of Blind Joe Death,False,INDIFFERENT,4:07,247,gkucmqYOopc,2026-09-12T00:00:00Z,gh-6754
The Cattle Call,Eddy Arnold,The Cattle Call,False,INDIFFERENT,2:45,165,w5ha-YrSfYw,2026-09-12T00:00:00Z,gh-6754
Let Me Be Your Side Track,Jimmie Rodgers,RCA Country Legends,False,INDIFFERENT,2:48,168,Lrtjjdtv5lU,2026-09-12T00:00:00Z,gh-6754
Since I've Laid My Burden Down,Mississippi John Hurt,Rediscovered,False,INDIFFERENT,2:47,167,zwAafG2BEnw,2026-09-12T00:00:00Z,gh-6754
The Logging Song,Bill Staines,The Whistle of the Jay,False,LIKE,2:21,141,0KqRgAoEfvI,2026-09-12T00:00:00Z,gh-6754
The Wildwood Flower,Anita Carter,Early Country Classics,False,INDIFFERENT,2:30,150,9kVGE6FUXRs,2026-09-12T00:00:00Z,gh-6754
Stones in My Passway,Robert Johnson,King of the Delta Blues Singers (1961),False,INDIFFERENT,2:29,149,JKwxknbeBvI,2026-09-12T00:00:00Z,gh-6754
Little Brown Jug,Elizabeth Cotten,Shake Sugaree,False,INDIFFERENT,2:23,143,T0b-GizFNEs,2026-09-12T00:00:00Z,gh-6753
Gambler's Yodel,Doc & Merle Watson,Ballads From Deep Gap,False,INDIFFERENT,2:57,177,dy0btMO-3b0,2026-09-12T00:00:00Z,gh-6753
Take a Walk,Lightnin' Hopkins,Lightnin'!,False,INDIFFERENT,2:38,158,OZZjysGZCK4,2026-09-12T00:00:00Z,gh-6753
Ridin' Old Paint,Patsy Montana,Presenting Patsy Montana,False,INDIFFERENT,2:55,175,eIY-_CbLfEE,2026-09-12T00:00:00Z,gh-6753
Till We Meet Again,Elizabeth Cotten,Shake Sugaree,False,INDIFFERENT,2:04,124,7HG6JsG0OfU,2026-09-12T00:00:00Z,gh-6753
Invisible Stripes,Eddie Noack,Presenting Eddie Noack,False,INDIFFERENT,2:21,141,gCnh-faB6Jk,2026-09-12T00:00:00Z,gh-6753
If We Never Meet Again,The Stanley Brothers,On Radio,False,INDIFFERENT,4:27,267,nCjHK687roA,2026-09-12T00:00:00Z,gh-6753
Long Black Veil,Lefty Frizzell,Columbia Country Classics Volume 3:  Americana,False,INDIFFERENT,3:02,182,qqzfQ5Gzew8,2026-09-12T00:00:00Z,gh-6752
Heartaches By The Number,Ray Price,"Grand Old Country, Vol. 6",False,INDIFFERENT,2:59,179,CB-9FchV7mA,2026-09-12T00:00:00Z,gh-6752
Are You Sure,Willie Nelson,"Willie Nelson: The Demos Project, Vol. One",False,INDIFFERENT,2:08,128,Mk4llZw_Zj0,2026-09-12T00:00:00Z,gh-6752
Sally in the Garden,Critton Hollow String Band,Cowboys and Indians,False,INDIFFERENT,3:05,185,UmgnKTa6w1o,2026-09-12T00:00:00Z,gh-6752
Don’t You See That Train,The Delmore Brothers,Alton & Rabon,False,INDIFFERENT,3:13,193,Xnx-hxowDJk,2026-09-12T00:00:00Z,gh-6752
Lindbergh,Woody Guthrie,"This Land is Your Land: The Asch Recordings, Vol. 1",False,INDIFFERENT,3:13,193,BzLOTHciIKI,2026-09-12T00:00:00Z,gh-6752
Do I Ever Cross Your Mind,"Chet Atkins, Dolly Parton",Best of Chet Atkins and Friends,False,INDIFFERENT,2:40,160,Mz_eTswlAvM,2026-09-12T00:00:00Z,gh-6752
Any Old Time,Tony Rice,Church Street Blues,False,INDIFFERENT,2:40,160,br0K4r9Lcmc,2026-09-12T00:00:00Z,gh-6752
"Hallelujah, I'm a Bum",Harry McClintock,Haywire Mac,False,INDIFFERENT,2:58,178,LfQYarb4Lyk,2026-09-12T00:00:00Z,gh-6752
Don't Ease Me In,Henry Thomas,Presenting Henry Thomas,False,INDIFFERENT,2:59,179,OuxM_U-hX0s,2026-09-12T07:46:36Z,gh-6751
Light the Way,Billy Strings,So Much For Goodbyes,False,INDIFFERENT,2:46,166,omXYtSh_MS8,2026-09-12T07:43:50Z,gh-6751
"Poor Boy, Long Ways From Home",Mississippi John Hurt,Last Sessions,False,INDIFFERENT,2:15,135,DS7NAX1b6AE,2026-09-12T07:41:35Z,gh-6751
Back To The Hills Of Home,Carson Peters and Iron Mountain,Gotta Lotta Lonesome,False,INDIFFERENT,3:01,181,MsgDog5caSY,2026-09-12T07:38:34Z,gh-6751
More Pretty Girls Than One,Doc & Merle Watson,Elementary Doctor Watson,False,INDIFFERENT,2:53,173,826oRjUDpmU,2026-09-12T07:35:40Z,gh-6750
Faraway Skies,Dean Johnson,"Nothing for Me, Please",False,INDIFFERENT,3:35,215,GKG4MoIwuHc,2026-09-12T07:32:05Z,gh-6750
Give Me Cornbread When I'm Hungry,John Fahey,The Dance Of Death & Other Plantation Favorites,False,INDIFFERENT,3:09,189,MDLOYZ0kgoQ,2026-09-12T07:34:11Z,commit:5c97d16a
16 Tons,Merle Travis,The Very Best,False,INDIFFERENT,2:10,130,Jaqe5nsV_Ck,2026-09-12T07:32:01Z,commit:5c97d16a
That's All Right,Blind Snooks Eaglin,That's All Right,True,LIKE,2:09,129,1O2vGcl3M4g,2026-09-12T07:29:52Z,commit:5c97d16a
Wildwood Flower,Chet Atkins & His Galloping Guitar,"The Early Years, CD C: 1952-1954",False,INDIFFERENT,2:13,133,eiRmT1UiYqc,2026-09-12T07:27:39Z,commit:5c97d16a
Snowbird,Chet Atkins,The Essential Chet Atkins,False,INDIFFERENT,2:14,134,Dim2pQtGlaI,2026-09-12T07:25:25Z,commit:5c97d16a
You Was Born To Die,Curley Weaver,Curley Weaver (1933-1935),False,INDIFFERENT,2:52,172,b5WCOm8wu8E,2026-09-12T07:22:33Z,commit:5c97d16a
Delia,Elizabeth Cotten,Shake Sugaree,False,INDIFFERENT,2:13,133,hNiGTtC01CY,2026-09-12T07:20:20Z,commit:5c97d16a
Back In the Saddle Again,Gene Autry,"Always Your Pal, Gene Autry",False,INDIFFERENT,2:45,165,kVoctNl4n00,2026-09-12T07:17:35Z,commit:5c97d16a
Hard Traveling,Woody Guthrie,"Hard Travelin': The Asch Recordings, Vol. 3",False,INDIFFERENT,2:33,153,busZs8xUUqs,2026-09-12T07:15:02Z,commit:5c97d16a
Phil Eddings - Okechobee Stomp - Country 45,"83K views, CheesebrewWaxArchive",,False,INDIFFERENT,2:35,155,YsvKk3pWO30,2026-09-12T07:12:27Z,commit:5c97d16a
Moon Over Montana (Mono),Jimmy Wakely,Vintage Collections,False,INDIFFERENT,2:58,178,GUR2C1S6Ryg,2026-09-12T07:09:29Z,commit:5c97d16a
That's How the Yodel Was Born,Elton Britt,Presenting Elton Britt,False,INDIFFERENT,3:14,194,jVzNBiF8bbM,2026-09-12T07:06:15Z,commit:5c97d16a
Western Island,Archie Fisher,The Man with a Rhyme,False,INDIFFERENT,2:00,120,b_dO7sUZI9g,2026-09-12T07:04:15Z,commit:5c97d16a
Railroad Bill,Etta Baker,Railroad Bill,False,INDIFFERENT,2:42,162,AbzlrVXqM_0,2026-09-12T07:01:33Z,commit:5c97d16a
Singing My Troubles Away,The Delmore Brothers,From Dust to Diamonds - Early and Rare Delmore Brothers,False,INDIFFERENT,2:32,152,tU2E0DAzvtc,2026-09-12T06:59:01Z,commit:5c97d16a
Brown's Ferry Blues,The Delmore Brothers,"The Old Time Music Radio Show Bluegrass, Blues & Gospel",False,INDIFFERENT,2:39,159,XuP5qm3qxls,2026-09-12T06:56:22Z,commit:5c97d16a
Blue Railroad Train,The Delmore Brothers,Epic Americana,False,INDIFFERENT,3:00,180,3LTKl7jyk_g,2026-09-12T06:53:22Z,commit:5c97d16a
The Fugitive's Lament,The Delmore Brothers,"When I Was A Cowboy, Vol. 2",False,INDIFFERENT,2:45,165,W7pQDf2CNPI,2026-09-12T06:50:37Z,commit:5c97d16a
Hillbilly Boogie,The Delmore Brothers,16 All Time Favorite Songs,False,INDIFFERENT,2:46,166,pXX8Fv34-uo,2026-09-12T06:47:51Z,commit:5c97d16a
Freight Train Boogie,The Delmore Brothers,Inducted Into The Hall Of Fame 2001,False,INDIFFERENT,2:45,165,k95uy_XvMeI,2026-09-12T06:45:06Z,commit:5c97d16a
Blues Stay Away From Me,Delmore Brothers,The Greatest Country Music Recordings Of All Time Vol. 2,False,INDIFFERENT,2:52,172,-Vu3ZIMcKnI,2026-09-12T06:42:14Z,commit:5c97d16a
Vanille fraise,L'Impératrice,Vanille fraise,False,INDIFFERENT,3:59,239,hQ5PFlYU9sk,2026-09-12T06:38:15Z,commit:5c97d16a
Bill,Isaac Birituro & The Rail Abandon,Bill,False,INDIFFERENT,4:04,244,E5Vjf4HbOZA,2026-09-12T06:34:11Z,commit:5c97d16a
Tezeta,"Hailu Mergia, The Walias",Tezeta,False,INDIFFERENT,4:31,271,rfojy3Xm9aI,2026-09-12T06:29:40Z,commit:5c97d16a
Snakes,"El Michels Affair, Lee Fields",Return To The 37th Chamber,False,INDIFFERENT,2:08,128,VnHZe_wwzdU,2026-09-12T06:27:32Z,commit:5c97d16a
Asc. Scorpio,Oracle Sisters,Asc. Scorpio,True,LIKE,2:47,167,TvhHgYcaRBs,2026-09-12T06:24:45Z,commit:5c97d16a
Pluto's Lament,The Olympians,The Olympians,False,INDIFFERENT,2:46,166,3ZanKCDvCUo,2026-09-12T06:21:59Z,commit:5c97d16a
Mermaid,"Alan Hawkshaw, Brian Bennett",Kpm 1000 Series: Synthesis,False,INDIFFERENT,3:57,237,CTEY3LVrKh0,2026-09-12T06:18:02Z,commit:5c97d16a
Coffee Cold,Galt MacDermot,Shapes of Rhythm/Woman Is Sweeter,False,INDIFFERENT,3:26,206,1Oe06936C0c,2026-09-12T06:14:36Z,commit:5c97d16a
Kingdom of D'mt,Karl Hector & The Malcouns,Ka Rica-Tar,False,LIKE,3:16,196,ostLm4eaqr4,2026-09-12T06:11:20Z,commit:5c97d16a
Rage Room,"Braxton Cook, Ornithology, ROHO, juniorodeo",Rage Room,False,INDIFFERENT,2:07,127,Oe7uUQht6fo,2026-09-12T06:09:13Z,commit:5c97d16a
Don't Call My Name,Skinshape,Life & Love,False,INDIFFERENT,4:10,250,T3f8UJlwf2o,2026-09-12T06:05:03Z,commit:5c97d16a
Ewnèt yèt lagegnesh,"Girma Bèyènè, Tèklè Adhanom, Haylu Kèbèdè, Girmay Asmarom, and Tèsfa-Maryam Kidané",Ethiopian Modern Instrumentals Hits,False,INDIFFERENT,2:47,167,H2cm16iNVLI,2026-09-12T06:02:16Z,commit:5c97d16a
Nyajondere,Extra Golden,Ok-Oyot System,False,INDIFFERENT,12:10,730,5wydbMzoj88,2026-09-12T05:50:06Z,commit:5c97d16a
Tussin and Fightin',Extra Golden,Ok-Oyot System,False,INDIFFERENT,7:06,426,0frMTs2YqpI,2026-09-12T05:43:00Z,commit:5c97d16a
Osama Rach,Extra Golden,Ok-Oyot System,False,INDIFFERENT,6:15,375,PQmSL0aQNKs,2026-09-12T05:36:45Z,commit:5c97d16a
Ok-Oyot System,Extra Golden,Ok-Oyot System,False,INDIFFERENT,6:23,383,UldKkstNtT0,2026-09-12T05:30:22Z,commit:5c97d16a
It's Not Easy,Extra Golden,Ok-Oyot System,False,INDIFFERENT,7:12,432,0o6JgRNd_Lc,2026-09-12T05:23:10Z,commit:5c97d16a
Ilando Gima Onge,Extra Golden,Ok-Oyot System,False,INDIFFERENT,11:07,667,xO7OQtz_hLU,2026-09-12T05:12:03Z,commit:5c97d16a
Trancespotter,Hallucinogen,The Lone Deranger,False,INDIFFERENT,8:36,516,HtkvoIHbU2I,2026-09-12T05:03:27Z,commit:5c97d16a
Shakey Shaker,Hallucinogen,The Lone Deranger,False,INDIFFERENT,6:23,383,k5Lv5tjyxzU,2026-09-12T04:57:04Z,commit:5c97d16a
Demention,Hallucinogen,The Lone Deranger,False,INDIFFERENT,7:18,438,XuyKFjg2bAY,2026-09-12T04:49:46Z,commit:5c97d16a
Sapiential,Entheogenic,Dreamtime Physics,False,INDIFFERENT,7:31,451,_wVqOQi3lPc,2026-09-12T04:42:15Z,commit:5c97d16a
Navigation VII,Flore Laurentienne,Volume III,False,INDIFFERENT,6:31,391,kC7RDTcjzek,2026-09-12T04:35:44Z,commit:5c97d16a
Fleuve VIII,Flore Laurentienne,Volume III,False,INDIFFERENT,1:48,108,0zqwK6Zdnkw,2026-09-12T04:33:56Z,commit:5c97d16a
Fleuve VII,Flore Laurentienne,Volume III,False,INDIFFERENT,5:49,349,ln8gMjuqvFs,2026-09-12T04:28:07Z,commit:5c97d16a
Le temps,Flore Laurentienne,Volume III,False,INDIFFERENT,2:07,127,HBhucWqCR74,2026-09-12T04:26:00Z,commit:5c97d16a
Petit matin,Flore Laurentienne,Volume III,False,INDIFFERENT,4:10,250,bOhe37zN7tM,2026-09-12T04:21:50Z,commit:5c97d16a
Régate,Flore Laurentienne,Volume III,False,INDIFFERENT,4:45,285,aymaN-1ekx4,2026-09-12T04:17:05Z,commit:5c97d16a
Fleurs,Flore Laurentienne,Volume III,False,INDIFFERENT,3:10,190,rJQQnC1ofEs,2026-09-12T04:13:55Z,commit:5c97d16a
What's Going Through Your Mind,Phish,"2026/09/05 Commerce City, CO",False,INDIFFERENT,24:42,1482,OVvuZE0osEE,2026-09-12T03:49:13Z,commit:5c97d16a
Most Events Aren't Planned,Phish,"2026/09/05 Commerce City, CO",False,INDIFFERENT,10:12,612,UZtdLCbTKcA,2026-09-12T03:39:01Z,commit:5c97d16a
Chalk Dust Torture,Phish,"2026/09/05 Commerce City, CO",False,INDIFFERENT,10:28,628,VoW3nwDJzY0,2026-09-12T03:28:33Z,commit:5c97d16a
Run Like an Antelope,Phish,2026-09-04 Dick’s Sporting Goods Park; Commerce City CO (48-24),False,INDIFFERENT,11:00,660,BtAkogZ11bY,2026-09-12T03:17:33Z,commit:5c97d16a
Lonely Trip,Phish,2026-09-04 Dick’s Sporting Goods Park; Commerce City CO (48-24),False,INDIFFERENT,6:50,410,bNjMhXLImzQ,2026-09-12T03:10:43Z,commit:5c97d16a
Life Saving Gun,Phish,2026-09-04 Dick’s Sporting Goods Park; Commerce City CO (48-24),False,INDIFFERENT,18:23,1103,rVG4W69NGyU,2026-09-12T02:52:20Z,commit:5c97d16a
Down with Disease,Phish,2026-09-04 Dick’s Sporting Goods Park; Commerce City CO (48-24),False,INDIFFERENT,35:30,2130,5GrVouvWnlk,2026-09-12T02:16:50Z,commit:5c97d16a
46 Days,Phish,2026-09-04 Dick’s Sporting Goods Park; Commerce City CO (48-24),False,INDIFFERENT,6:56,416,CvNd-rCiEv0,2026-09-12T02:09:54Z,commit:5c97d16a
Under Orion,Rudy Adrian,MoonWater,False,INDIFFERENT,5:18,318,wP1RiDmq4kQ,2026-09-12T02:04:36Z,commit:5c97d16a
The Slow Descent Has Begun (feat. Adam Wiltzie & Dustin O'Halloran),A Winged Victory For The Sullen,The Undivided Five,False,INDIFFERENT,4:56,296,wMXO6vP7CWo,2026-09-12T01:59:40Z,commit:5c97d16a
Freeze I,Chihei Hatakeyama,Ghost Woods,False,INDIFFERENT,7:37,457,-Gcv6lBx1hE,2026-09-12T01:52:03Z,commit:5c97d16a
Semena Mertvykh,Boards of Canada,Tomorrow's Harvest,False,INDIFFERENT,3:31,211,4RhMavTAtLU,2026-09-12T01:48:32Z,commit:5c97d16a
Three Sparrows,Rest You Sleeping Giant,Celestial Orchestra,False,INDIFFERENT,6:13,373,CWpy915ir1k,2026-09-12T01:42:19Z,commit:5c97d16a
Morning Repose,Endel,Relax: Easy Morning,False,INDIFFERENT,3:47,227,ZXXcGqeRzrM,2026-09-12T01:38:32Z,commit:5c97d16a
Day 1,Joel Shearer,Morning Loops,False,INDIFFERENT,11:53,713,RIK3lxlBkbc,2026-09-12T01:26:39Z,commit:5c97d16a
Some,Nils Frahm,Solo Remains,False,INDIFFERENT,4:15,255,jKBP-2egVf8,2026-09-12T01:22:24Z,commit:5c97d16a
Abrazo 2020,Suso Sáiz,Resonant Bodies,False,INDIFFERENT,1:23,83,sLwOua_xx6o,2026-09-12T01:21:01Z,commit:5c97d16a
Displacement,Rafael Anton Irisarri,A Fragile Geography,False,INDIFFERENT,4:12,252,l2QKkABbFPk,2026-09-12T01:16:49Z,commit:5c97d16a
The River of Snow,Gallery Six,The Inner World,False,INDIFFERENT,5:49,349,VIcZWkWTnYk,2026-09-12T01:11:00Z,commit:5c97d16a
Waits Dreaming,Innesti,Filament and Place,False,INDIFFERENT,5:19,319,jSyGNZcyGSQ,2026-09-12T01:05:41Z,commit:5c97d16a
God I'm Just Grateful / Sure Been Good,Elevation Worship,Promise & Presence,False,INDIFFERENT,7:45,465,59UWuebscbs,2026-09-12T00:57:56Z,commit:5c97d16a
Fairy Light,EIRLYS,Fairy Light,False,INDIFFERENT,2:47,167,xHTLZkpzOls,2026-09-12T00:55:09Z,commit:5c97d16a
Black Tusk Descent,loscil,coast/range/arc//,False,INDIFFERENT,7:15,435,ZheAgv6symk,2026-09-12T00:47:54Z,commit:5c97d16a
Mysterium,Hammock,Mysterium,False,INDIFFERENT,7:12,432,Pe5Q9xN63nk,2026-09-12T00:40:42Z,commit:5c97d16a
You Wish (Abbey Road Fuzz Gospel Version),Nightmares On Wax & Mozez,You Wish (Abbey Road Fuzz Gospel Version),False,INDIFFERENT,4:49,289,69MPmFKtCtk,2026-09-12T00:35:53Z,commit:5c97d16a
GAME OVER (you fools),Union Specific,GAME OVER (you fools),True,LIKE,5:23,323,3wiyIbZtYGY,2026-09-12T00:30:30Z,commit:5c97d16a
Indifference,Cafe Accordion Orchestra,Le Disque Francais,False,LIKE,5:17,317,QG6jpHSJkpc,2026-09-12T00:25:13Z,commit:5c97d16a
The Ever Present Silent Observer,Captain Hook & Tetrameth,Origin,False,INDIFFERENT,8:09,489,KOSO8Xb2b34,2026-09-12T00:17:04Z,commit:5c97d16a
Infinity,Captain Hook & Ritmo,Origin,False,INDIFFERENT,9:07,547,l22TTIAWyWE,2026-09-12T00:07:57Z,commit:5c97d16a
Time & Space,Captain Hook,Origin,False,INDIFFERENT,12:47,767,IH-LFA2Lyfo,2026-09-11T23:55:10Z,commit:5c97d16a
Let There Be Light,Captain Hook,Origin,False,INDIFFERENT,13:03,783,kdZcdD8GcFw,2026-09-11T23:42:07Z,commit:5c97d16a
Bundadji,Interpulse,Weapons of Mass Connection,False,INDIFFERENT,9:31,571,BSB4YS5u24o,2026-09-11T23:32:36Z,commit:5c97d16a
Deep into Nature,Captain Hook,Origin,False,INDIFFERENT,13:47,827,aI5DQBfCwOA,2026-09-11T23:18:49Z,commit:5c97d16a
Liquid Hook,Captain Hook & Liquid Soul,Banel 25 Years Anniversary,False,INDIFFERENT,7:50,470,6oRcm8LZMHA,2026-09-11T23:10:59Z,commit:5c97d16a
Roll Um Easy (2023 Remaster),Little Feat,Dixie Chicken (Deluxe Edition),False,INDIFFERENT,2:34,154,4PhgD7etInI,2026-09-11T23:08:25Z,commit:5c97d16a
Snow On The Pines >,Yonder Mountain String Band,"2012-06-30 - Bloom Heavy River Romp, Arrowhead Campgrounds",False,INDIFFERENT,8:00,480,Rhs71_UeGnU,2026-09-11T23:00:25Z,commit:5c97d16a
Traffic Jam >,Yonder Mountain String Band,"2012-06-30 - Bloom Heavy River Romp, Arrowhead Campgrounds",False,INDIFFERENT,9:39,579,iqAY-5wBLbo,2026-09-11T22:50:46Z,commit:5c97d16a
Out Of The Pan,Yonder Mountain String Band,Get Yourself Outside,False,INDIFFERENT,2:13,133,lQvqnUvLp_w,2026-09-11T22:48:33Z,commit:5c97d16a
Peace of Mind / Follow Me Down to the Riverside / Peace of Mind (Live),Yonder Mountain String Band,"Mountain Tracks, Vol. 2 (Live)",False,LIKE,26:21,1581,1bVueNiKmK0,2026-09-11T22:22:12Z,commit:5c97d16a
Full-On Psytrance Mix (April 2025) - Eclipse Sound Syndicate!,"816K views, Eclipse Sound Syndicate",,False,INDIFFERENT,1:27:56,5276,MhaE4T6yO1g,2026-09-11T20:54:16Z,commit:5c97d16a
Joseph's Dream,John Hartford,Nobody Knows What You Do,False,INDIFFERENT,4:25,265,7hTvyV7Qc-g,2026-09-11T20:49:51Z,commit:5c97d16a
Back in the Goodle Days,John Hartford,Aereo-Plain,False,INDIFFERENT,3:40,220,UcF0SY0m3sU,2026-09-11T20:46:11Z,commit:5c97d16a
One Thing,Peter And Kerry,Late Night Tales (Mixed),False,INDIFFERENT,3:28,208,KAlnLrrmlDw,2026-09-11T20:42:43Z,commit:5c97d16a
Essence Of Sapphire,Dorothy Ashby,Late Night Tales (Mixed),False,INDIFFERENT,3:10,190,bcZ1lSNNmWc,2026-09-11T20:39:33Z,commit:5c97d16a
Sailing Out To Sea,Matthew Halsall,Late Night Tales (Mixed),False,INDIFFERENT,1:30,90,nZCqLkRDkkE,2026-09-11T20:38:03Z,commit:5c97d16a
South Congress,Airhead,Late Night Tales (Mixed),False,INDIFFERENT,3:26,206,bikf64q3wlc,2026-09-11T20:34:37Z,commit:5c97d16a
VIII. Juliette,Matthew Bourne,Late Night Tales (Mixed),False,INDIFFERENT,3:21,201,gJf2c0toli8,2026-09-11T20:31:16Z,commit:5c97d16a
So It Goes (feat. Ken Voita),Aurelia Anne Cohen,Chrysalis,False,INDIFFERENT,5:12,312,XDG3T7Y-iow,2026-09-11T20:26:04Z,commit:5c97d16a
When The Next Whistle Blows,Aurelia Anne Cohen,The Magnolia Sessions,False,INDIFFERENT,3:29,209,FCRnl8SJq0s,2026-09-11T20:22:35Z,commit:5c97d16a
Carry It With You,Aurelia Anne Cohen,The Magnolia Sessions,False,INDIFFERENT,4:54,294,vOYwcaey5Io,2026-09-11T20:17:41Z,commit:5c97d16a
Bluemont Waltz,Aurelia Anne Cohen,The Magnolia Sessions,False,INDIFFERENT,2:34,154,Lt_1zDSBLiY,2026-09-11T20:15:07Z,commit:5c97d16a
Lonesome,Aurelia Anne Cohen,Chrysalis,False,INDIFFERENT,3:17,197,fSlMKEoSPs0,2026-09-11T20:11:50Z,commit:5c97d16a
Tumbleweed,Aurelia Anne Cohen,Tumbleweed,False,INDIFFERENT,3:04,184,ZDE8xiXDLYY,2026-09-11T20:08:46Z,commit:5c97d16a
Amari Szi Amari,Aurelia Anne Cohen,The Magnolia Sessions,False,INDIFFERENT,4:50,290,Oaxz99Bq_EE,2026-09-11T20:03:56Z,commit:5c97d16a
I Know You're Hurting.,RAYE,THIS MUSIC MAY CONTAIN HOPE.,False,INDIFFERENT,6:18,378,8R9z3AS5SLg,2026-09-11T19:57:38Z,commit:5c97d16a
I Hate The Way I Look Today.,RAYE,THIS MUSIC MAY CONTAIN HOPE.,False,LIKE,3:29,209,BjqAX_cCNwY,2026-09-11T19:54:09Z,commit:5c97d16a
Winter Woman.,RAYE,THIS MUSIC MAY CONTAIN HOPE.,False,INDIFFERENT,4:21,261,doZN3wGUqEQ,2026-09-11T19:49:48Z,commit:5c97d16a
Joy.,"Absolutely, Amma, RAYE",THIS MUSIC MAY CONTAIN HOPE.,False,INDIFFERENT,4:24,264,taHYtEGxLnw,2026-09-11T19:45:24Z,commit:5c97d16a
The WhatsApp Shakespeare.,RAYE,THIS MUSIC MAY CONTAIN HOPE.,False,INDIFFERENT,3:56,236,22JOUliNzxs,2026-09-11T19:41:28Z,commit:5c97d16a
Fields. (feat. Grandad Michael),RAYE,THIS MUSIC MAY CONTAIN HOPE.,False,INDIFFERENT,4:11,251,VDwiXjJI4Lg,2026-09-11T19:37:17Z,commit:5c97d16a
No Surprises,Radiohead,OK Computer OKNOTOK 1997 2017,False,INDIFFERENT,3:49,229,7374CZQoS2Y,2026-09-11T19:33:28Z,commit:5c97d16a
Stay All Night (Stay A Little Longer) (feat. The Texas Playboys),Bob Wills,For The Last Time,False,INDIFFERENT,3:07,187,KZBVAGBYPos,2026-09-11T19:30:21Z,commit:5c97d16a
Howard Hughes Blues,Robert Ellis & Courtney Hartman,Dear John,False,LIKE,2:51,171,dRQMM47WlW0,2026-09-11T19:27:30Z,commit:5c97d16a
Workin' Man Blues (Live),Merle Haggard,"Live From Austin, TX '78",False,INDIFFERENT,4:21,261,XtGNp_9yOuQ,2026-09-11T19:23:09Z,commit:5c97d16a
I Don't Wanna Leave You on the Farm,Ween,12 Golden Country Greats,False,INDIFFERENT,2:45,165,MfJj5pypPSU,2026-09-11T19:20:24Z,commit:5c97d16a
Fat Man in the Bathtub (2023 Remaster),Little Feat,Dixie Chicken (Deluxe Edition),True,LIKE,4:33,273,f3DPIzTjU_8,2026-09-11T19:15:51Z,commit:5c97d16a
The Letter,Frank Solivan & Dirty Kitchen,On the Edge,True,LIKE,3:49,229,UM5do8-S5dQ,2026-09-11T19:12:02Z,commit:5c97d16a
Ya Ya Ringe Ringe Raja,Goran Bregović & Kolic Zlatko,Underground,False,INDIFFERENT,2:30,150,QkOKVsMVvTI,2026-09-11T19:09:32Z,commit:5c97d16a
Gaida,Mahala Rai Banda,Mahala Rai Banda,False,INDIFFERENT,4:41,281,DE3Aj_kCW5o,2026-09-11T19:04:51Z,commit:5c97d16a
Maruska,Boban i Marko Markovic Orkestar,Devla,False,INDIFFERENT,3:07,187,XhdwgH3lPwk,2026-09-11T19:01:44Z,commit:5c97d16a
Di Naie Chuppe,Amsterdam Klezmer Band,LIMONCHIKI,False,INDIFFERENT,2:30,150,TSiFwDzdmdI,2026-09-11T18:59:14Z,commit:5c97d16a
A Journey to Moldavia,Klezmer Festival Band,Klezmer Festival Band: Gregori Schechter and the Wandering Few - Klezmer,False,INDIFFERENT,6:50,410,xN3llki6fSo,2026-09-11T18:52:24Z,commit:5c97d16a
"Kustino Oro (BOF ""Le temps des gitans"")",Goran Bregovic,Le Temps Des Gitans & Kuduz,False,INDIFFERENT,3:15,195,3IgIiO5SbD4,2026-09-11T18:49:09Z,commit:5c97d16a
On the Beach,Jafunk,On the Beach,False,INDIFFERENT,2:56,176,bL5dgENup9A,2026-09-11T18:46:13Z,commit:5c97d16a
Hora din Batrani,Chernobxg,DIN OGRADA Vol.1 : Pasarea Maiastra,False,INDIFFERENT,2:08,128,_qGVV4G9V5s,2026-09-11T18:44:05Z,commit:5c97d16a
OPA TSUPA : Bei mir bist du schon,"206K views, Nicolas Moro",,False,INDIFFERENT,3:34,214,EDv8i65ME9A,2026-09-11T18:40:31Z,commit:5c97d16a
Booty Swing,Parov Stelar,The Paris Swing Box,False,INDIFFERENT,3:17,197,QfQYtnM4a4E,2026-09-11T18:37:14Z,commit:5c97d16a
Одесская,Феликс Шиндер,Золото Древних Одесситов,False,INDIFFERENT,3:11,191,DdxAClsW24s,2026-09-11T18:34:03Z,commit:5c97d16a
Yossel,Klezmer Festival Band,Klezmer Festival Band: Gregori Schechter and the Wandering Few - Klezmer,False,INDIFFERENT,2:19,139,dxF6nXzRIaw,2026-09-11T18:31:44Z,commit:5c97d16a
Borino Oro (itunes exclusiv),Shantel,Mixtape Vol. 1,False,INDIFFERENT,3:07,187,hOXKX0muDb0,2026-09-11T18:28:37Z,commit:5c97d16a
Borino Oro,"Aleksandar Kashtanov, Bubamara Brass Band",Zivot U Ime Ljubavi,False,INDIFFERENT,2:43,163,1gusasPsxYU,2026-09-11T18:25:54Z,commit:5c97d16a
Panama Cardoon - Moliendo Café,"8.2M views, Never skip the intro.",,False,INDIFFERENT,3:17,197,NNfzIgFsXEA,2026-09-11T18:22:37Z,commit:5c97d16a
Mahalageasca,Mahala Rai Banda,Mahala Rai Banda,False,INDIFFERENT,4:07,247,pz3AoKi5d-4,2026-09-11T18:18:30Z,commit:5c97d16a
Drunk n Space,OMFO,We Are The Shepherds,True,LIKE,2:34,154,eDvY7E9gbJE,2026-09-11T18:15:56Z,commit:5c97d16a
Gutusl Electro,OMFO,Gutsul Electro (The Remixes),True,LIKE,3:43,223,8ENtHOVKWLM,2026-09-11T18:12:13Z,commit:5c97d16a
Balkan Beast,Gypsy Hill,Balkan Beast (Remixes),True,LIKE,4:20,260,9WeLC7Wmnc8,2026-09-11T18:07:53Z,commit:5c97d16a
Balcumbia,Balkan Beat Box,Blue Eyed Black Boy,False,INDIFFERENT,3:23,203,j6Xxnu-VkA4,2026-09-11T18:04:30Z,commit:5c97d16a
Bubamara,Fanfare Ciocarlia,Iag Bari,False,INDIFFERENT,1:56,116,KiBoZJnEquo,2026-09-11T18:02:34Z,commit:5c97d16a
Kolomeika,Amsterdam Klezmer Band,De Amsterdam Klezmer Band,True,LIKE,3:12,192,7QrqQ6aURT8,2026-09-11T17:59:22Z,commit:5c97d16a
Sadagora Hot Dub - Remixed by Shantel,Amsterdam Klezmer Band,Remixed,False,LIKE,5:12,312,AZZoa8YC19w,2026-09-11T17:54:10Z,commit:5c97d16a
Paul Cantelon - Sunflowers,"71K views, World Music Legacy",,False,INDIFFERENT,1:33,93,D-0BCdsP7jw,2026-09-11T17:52:37Z,commit:5c97d16a
The Con Artist Feat. Pete Miser - Ya-takoy (Everything Is Illuminated Soundtrack),"71K views, Lonimera",,False,LIKE,2:43,163,9wX8Es4MUMo,2026-09-11T17:49:54Z,commit:5c97d16a
"Songs from Liquid Days: No. 3, Freezing","Kronos Quartet, Linda Ronstadt, Michael Riesman, Philip Glass Ensemble",Glass: Songs from Liquid Days,False,INDIFFERENT,3:16,196,boKifx85haE,2026-09-11T17:46:38Z,commit:5c97d16a
Prologue Babushka (Paul Cantelon),"260K views, tharuuk",,False,INDIFFERENT,4:49,289,THSJ4DZAVTc,2026-09-11T17:41:49Z,commit:5c97d16a
Звезда рок-н-ролла,Ленинград,Мат без электричества,False,INDIFFERENT,2:10,130,UezbBNMbkh0,2026-09-11T17:39:39Z,commit:5c97d16a
Belladone,"Gaspard Augé, Justice",Belladone,False,INDIFFERENT,4:17,257,jIuwnN9UTME,2026-09-11T17:35:22Z,commit:5c97d16a
Phantom Pt. II (Live / AAA),Justice,Access All Arenas,False,INDIFFERENT,7:59,479,bPGXPRSnZZY,2026-09-11T17:27:23Z,commit:5c97d16a
On'n'On (Live / AAA),Justice,Access All Arenas,False,INDIFFERENT,5:35,335,pqYte3N87UQ,2026-09-11T17:21:48Z,commit:5c97d16a
Encore (Live / AAA),Justice,Access All Arenas,False,INDIFFERENT,0:47,47,VTdVR2MifZ8,2026-09-11T17:21:01Z,commit:5c97d16a
"Audio, Video, Disco. (Live / AAA)",Justice,Access All Arenas,False,INDIFFERENT,9:59,599,kEf2KzdxIsQ,2026-09-11T17:11:02Z,commit:5c97d16a
Waters Of Nazareth (Live / AAA),Justice,Access All Arenas,False,INDIFFERENT,6:53,413,Z-wz0RIkeXk,2026-09-11T17:04:09Z,commit:5c97d16a
Stress (Live / AAA),Justice,Access All Arenas,False,INDIFFERENT,5:36,336,B2UGFHP1zj8,2026-09-11T16:58:33Z,commit:5c97d16a
Panama Red,Old & In The Way,Breakdown,False,INDIFFERENT,2:42,162,vHzDvXhJ_Ug,2026-09-11T16:55:51Z,commit:5c97d16a
'til The End Of The World Rolls 'round,Old & In The Way,Breakdown,False,INDIFFERENT,2:15,135,A0CnMBv83bU,2026-09-11T16:53:36Z,commit:5c97d16a
Old & In The Way Breakdown,Old & In The Way,Breakdown,False,INDIFFERENT,3:48,228,bdvB52XnAgk,2026-09-11T16:49:48Z,commit:5c97d16a
The Hobo Song,Old & In The Way,Breakdown,False,INDIFFERENT,4:58,298,Ljkdj8koUN4,2026-09-11T16:44:50Z,commit:5c97d16a
On And On,Old & In The Way,Breakdown,False,INDIFFERENT,3:26,206,0_cNhDAGNGg,2026-09-11T16:41:24Z,commit:5c97d16a
Down Where The River Bends,Old & In The Way,Breakdown,False,INDIFFERENT,4:36,276,8eZ3ZEgDHCA,2026-09-11T16:36:48Z,commit:5c97d16a
Home Is Where The Heart Is,Old & In The Way,Breakdown,False,INDIFFERENT,3:37,217,K7EUy4oaL7c,2026-09-11T16:33:11Z,commit:5c97d16a
Captain Hook @ Boom Festival 2025 [Full Set Movie],"561K views, Captain Hook Official",,False,INDIFFERENT,2:58:02,10682,vMYgD8AVyTk,2026-09-11T13:35:09Z,commit:5c97d16a
Raspberry Beret,"85M views, Prince & The Revolution",,False,INDIFFERENT,4:21,261,l7vRSu_wsNc,2026-09-11T13:30:48Z,commit:5c97d16a
Bayakhala,The Brother Moves On,Bayakhala,False,INDIFFERENT,5:31,331,yJRsdBBTNIg,2026-09-11T13:25:17Z,commit:5c97d16a
Still Foggy,Minami Deutsch,Fortune Goodies,False,INDIFFERENT,4:49,289,_Q3k3mUGWVk,2026-09-11T13:20:28Z,commit:5c97d16a
Girl Please (feat. Troy Cash),Blu Cantrell,From L.a. To L.O.,False,INDIFFERENT,3:51,231,NGBuJTZm5is,2026-09-11T13:16:37Z,commit:5c97d16a
Hit 'Em Up Style (Oops!),Blu Cantrell,Bittersweet,False,INDIFFERENT,4:11,251,5D-d2gBxWf0,2026-09-11T13:12:26Z,commit:5c97d16a
Hit 'Em up Style,Carolina Chocolate Drops,Genuine Negro Jig,False,INDIFFERENT,3:58,238,ZbDpY1dOCog,2026-09-11T13:08:28Z,commit:5c97d16a
Your Baby Ain't Sweet Like Mine,Carolina Chocolate Drops,Genuine Negro Jig,False,INDIFFERENT,3:01,181,gnY9iT2bjJw,2026-09-11T13:05:27Z,commit:5c97d16a
Trouble in Your Mind,Carolina Chocolate Drops,Genuine Negro Jig,False,INDIFFERENT,2:57,177,eE6YcL7k9_A,2026-09-11T13:02:30Z,commit:5c97d16a
Rain Jacket,Omni Gardens,Golden Pear,False,INDIFFERENT,2:55,175,niU1NXpncVU,2026-09-11T12:59:35Z,commit:5c97d16a
Like Two Strangers,Trentemøller,The Last Resort,False,INDIFFERENT,3:39,219,WSoLOZImD2E,2026-09-11T12:55:56Z,commit:5c97d16a
Nightwalker,Trentemøller,The Last Resort,False,LIKE,5:50,350,4_S9Z-kevzY,2026-09-11T12:50:06Z,commit:5c97d16a
New Eyes,Julien Mier,Untangle the Roots,False,INDIFFERENT,3:48,228,BwJZuFvsLj0,2026-09-11T12:46:18Z,commit:5c97d16a
Slow Stride,YOUTH 83,Slow Stride,False,INDIFFERENT,2:55,175,SxeFCp1-NiY,2026-09-11T12:43:23Z,commit:5c97d16a
Preface,Sundial Aeon,Analysis,False,INDIFFERENT,4:15,255,JRrpoqVxM-c,2026-09-11T12:39:08Z,commit:5c97d16a
Moon Dust,The Ambientalist,Moon Dust,False,INDIFFERENT,4:00,240,yBizzmlyXQg,2026-09-11T12:35:08Z,commit:5c97d16a
Porch Noodles,Luke Sanger,World Of Inherent Noise,False,INDIFFERENT,4:12,252,HUPrLaUqBNI,2026-09-11T12:30:56Z,commit:5c97d16a
Lost In Thought,Jon Hopkins,Opalescent,False,INDIFFERENT,6:17,377,NT1aFEDdAQU,2026-09-11T12:24:39Z,commit:5c97d16a
Back to the Start,The Album Leaf,Between Waves (Deluxe Edition),False,INDIFFERENT,4:47,287,sFAgLiDcOiM,2026-09-11T12:19:52Z,commit:5c97d16a
Guardian of Time,Toni Verde,Guardian of Time,False,INDIFFERENT,1:40,100,jP02qu9zRYg,2026-09-11T12:18:12Z,commit:5c97d16a
At Your Gamut,Caterina Barbieri,Spirit Exit,False,INDIFFERENT,7:07,427,zUuAfMcaPro,2026-09-11T12:11:05Z,commit:5c97d16a
Silence,E-Mantra,Silence,False,INDIFFERENT,5:45,345,6rTcdOeedSg,2026-09-11T12:05:20Z,commit:5c97d16a
Tulips,"Cloudchord, Ian Ewing",Tulips,False,INDIFFERENT,3:02,182,eRPjcpwOkF0,2026-09-11T12:02:18Z,commit:5c97d16a
Turquoise Hexagon Sun,Boards of Canada,Music Has The Right To Children,False,INDIFFERENT,5:08,308,2SvTeJrAlV0,2026-09-11T11:57:10Z,commit:5c97d16a
Tundra,Squarepusher,Feed Me Weird Things,False,INDIFFERENT,7:56,476,DeEZAbK2QxM,2026-09-11T11:49:14Z,commit:5c97d16a
Silent walking (Origin 2004) (2022 Remaster),Solar Fields,Origin # 01 (2022 Remaster),False,INDIFFERENT,6:39,399,eH4iZuiqkac,2026-09-11T11:42:35Z,commit:5c97d16a
Memory Arc,Rival Consoles,Persona,False,INDIFFERENT,2:14,134,fDyCzVkKv8k,2026-09-11T11:40:21Z,commit:5c97d16a
Secret Garden,Mystic Crock,Secret Garden,False,INDIFFERENT,7:29,449,sn6Wca2Jpn8,2026-09-11T11:32:52Z,commit:5c97d16a
Replicant / Human,STRANGE MEMORY,Replicant / Human,False,INDIFFERENT,3:07,187,-ltp2jC0tq8,2026-09-11T11:29:45Z,commit:5c97d16a
Embraced (Origin 2004) (2022 Remaster),Solar Fields,Origin # 01 (2022 Remaster),False,INDIFFERENT,5:25,325,ToKussxu8kU,2026-09-11T11:24:20Z,commit:5c97d16a
The Return (Bonus Track),Solar Fields,Movements,False,INDIFFERENT,7:50,470,VRmxhrdiyY4,2026-09-11T11:16:30Z,commit:5c97d16a
Breeze,Solar Fields,Movements,False,INDIFFERENT,8:31,511,Wm4ZhzmXJ68,2026-09-11T11:07:59Z,commit:5c97d16a
The Road To Nothingness,Solar Fields,Movements,False,INDIFFERENT,6:59,419,Y1EAHEM5rXI,2026-09-11T11:01:00Z,commit:5c97d16a
Patterns,Solar Fields,Movements,False,INDIFFERENT,4:40,280,SOZxyrJO62I,2026-09-11T10:56:20Z,commit:5c97d16a
Feelings (Edit / 2018 Remaster),Solar Fields,Movements,False,INDIFFERENT,7:23,443,Ne6AMprWCkw,2026-09-11T10:48:57Z,commit:5c97d16a
Das Bungalow,Solar Fields,Movements,False,INDIFFERENT,6:48,408,hrjvq5U6Z1s,2026-09-11T10:42:09Z,commit:5c97d16a
Dust,Solar Fields,Movements,False,INDIFFERENT,6:04,364,_wzDtZ7I1aY,2026-09-11T10:36:05Z,commit:5c97d16a
The Stones Are Not Too Busy,Solar Fields,Movements,False,INDIFFERENT,10:31,631,bvaL_ohykUg,2026-09-11T10:25:34Z,commit:5c97d16a
Shine (Live),"David Grisman, Stephane Grappelli",Stephane Grappelli and David Grisman Live,False,LIKE,5:19,319,oMobf1AHbHk,2026-09-11T10:20:15Z,commit:5c97d16a
Espresso,Sabrina Carpenter,Espresso,False,INDIFFERENT,2:56,176,aB86Ub8dubQ,2026-09-11T10:17:19Z,commit:5c97d16a
Slim Pickins,Sabrina Carpenter,Short n' Sweet,False,LIKE,2:33,153,XRAAHNctZ3E,2026-09-11T10:14:46Z,commit:5c97d16a
Yves,Sinj Clarke,Yves,False,INDIFFERENT,5:20,320,sO7MkzpCXZw,2026-09-11T10:09:26Z,commit:5c97d16a
Pharos,Ivan the Tolerable,Linthorpe Crepuscule Volume 3,False,INDIFFERENT,2:50,170,_S9IDP8ptc4,2026-09-11T10:06:36Z,commit:5c97d16a
Love Of The Common People,Waylon Jennings,Love Of The Common People,False,INDIFFERENT,2:54,174,IYU9W9xFe0Y,2026-09-11T10:03:42Z,commit:5c97d16a
Our Life's Work,Chuck Darwin & the Knuckle Draggers,Three Car Pileup,False,INDIFFERENT,2:43,163,vskBlq2dLAM,2026-09-11T10:00:59Z,commit:5c97d16a
"Satellite Friend - ""Shameful Joy"" live at CAKO Studios","34 views, Satellite Friend",,False,LIKE,4:29,269,i2JxwZT3FG0,2026-09-11T09:56:30Z,commit:5c97d16a
Not Gentle On My Mind,Chuck Darwin & the Knuckle Draggers,For Educational Purposes Only,False,LIKE,2:11,131,fwlkSDX-JT8,2026-09-11T09:54:19Z,commit:5c97d16a
I'll Be All Smiles Tonight,Chuck Darwin & the Knuckle Draggers,Poor Man's Rain,False,LIKE,2:57,177,3liGMcGc81k,2026-09-11T09:51:22Z,commit:5c97d16a
Do Right Woman,Chuck Darwin & the Knuckle Draggers,Three Car Pileup,False,LIKE,3:29,209,ADSYbRZM38k,2026-09-11T09:47:53Z,commit:5c97d16a
Lockdown,"Shpongle, Simon Posford",Flux & Contemplation - Portrait of an Artist in Isolation,False,LIKE,8:30,510,tkOk_LCUWxU,2026-09-11T09:39:23Z,commit:5c97d16a
The Carter Family No Depression In Heaven,The Carter Family,Across The Wide Missouri,False,INDIFFERENT,2:57,177,3mtVnACg53Y,2026-09-11T09:36:26Z,commit:5c97d16a
Corriente,Kermesse,Kermesse,False,INDIFFERENT,6:02,362,XkJgJaI-tAc,2026-09-11T09:30:24Z,commit:5c97d16a
Oudlin,Turu Anasi,Diáspora,False,INDIFFERENT,7:15,435,GUF4SBNZ6K0,2026-09-11T09:23:09Z,commit:5c97d16a
Hypnotic Desires,Siri Umann,Hypnotic Desires,False,INDIFFERENT,5:09,309,XgvzX0XSl4U,2026-09-11T09:18:00Z,commit:5c97d16a
The Secret Drums of Bwiti (Turu Anasi Remix),Nhii,The Secret Drums of Bwiti,False,INDIFFERENT,6:03,363,2y1VLfcHCbY,2026-09-11T09:11:57Z,commit:5c97d16a
Castanias,Kermesse,Kermesse,False,INDIFFERENT,5:47,347,SPNQC-dg5o0,2026-09-11T09:06:10Z,commit:5c97d16a
Minca,Yeahman,Confluencias I: Selva,False,INDIFFERENT,4:07,247,kaWsrs0Jn3o,2026-09-11T09:02:03Z,commit:5c97d16a
Time Is the Enemy,Quantic,Life in the Rain,False,INDIFFERENT,3:44,224,4W9iWpxLpOA,2026-09-11T08:58:19Z,commit:5c97d16a
Gato Negro (Daniel Hokum & okuma Remix),Klik & Frik,Gato Negro (Daniel Hokum & Okuma Remix),False,INDIFFERENT,6:36,396,rj38Kn1dzQk,2026-09-11T08:51:43Z,commit:5c97d16a
Kalima,Turu Anasi,Las Olas,False,INDIFFERENT,6:31,391,sxx5sgHt698,2026-09-11T08:45:12Z,commit:5c97d16a
Pure Desire feat. Ellie Lust (feat. Ellie Lust),Narcisse (Mex),Pure Desire,False,INDIFFERENT,6:15,375,kn4opV-fglk,2026-09-11T08:38:57Z,commit:5c97d16a
Camomille,Kermesse,A Tribe Called Kotori - Chapter 2,False,INDIFFERENT,6:54,414,VeH2xkYe1Q4,2026-09-11T08:32:03Z,commit:5c97d16a
Jellydish,okuma,Bi Ba Bü,False,INDIFFERENT,8:26,506,tAduyj4-uRc,2026-09-11T08:23:37Z,commit:5c97d16a
I Need Your Love (Sunset Mix),Jjos,Balearic Sunset (Special Edition),False,INDIFFERENT,4:41,281,Vnoz0gpuD4Q,2026-09-11T08:18:56Z,commit:5c97d16a
Looking for the Sun (feat. Moods),L'Indécis,Second Wind,False,INDIFFERENT,2:52,172,fiMdg6tagUE,2026-09-11T08:16:04Z,commit:5c97d16a
Absence of Gravity,Audio Dope,Absence of Gravity,False,INDIFFERENT,3:57,237,TkRTyx5Xqmo,2026-09-11T08:12:07Z,commit:5c97d16a
Respiro (Turu Anasi Remix),Seba Campos,Respirar,False,LIKE,6:37,397,DbBUmGGv864,2026-09-11T08:05:30Z,commit:5c97d16a
Miniyamba,"Yeahman, Hajna, & Mina Shankha",Shika Shika / Botanas Series,False,INDIFFERENT,4:11,251,HZlofxCghnQ,2026-09-11T08:01:19Z,commit:5c97d16a
Meditation (Okuma Remix),Turu Anasi,Meditation,False,LIKE,7:48,468,QjnSl9518TQ,2026-09-11T07:53:31Z,commit:5c97d16a
Urmel,okuma,Urmel / Kalkutta,False,LIKE,7:50,470,p4wmAhqaIx4,2026-09-11T07:45:41Z,commit:5c97d16a
Krasnapolyana,Kermesse,Bar 25 Music presents: Sounds of Sirin Vol.4,False,INDIFFERENT,5:04,304,1KL4YfdeTwM,2026-09-11T07:40:37Z,commit:5c97d16a
Lil' Darlin',"Count Basie Orchestra, Joe Williams, Lambert, Hendricks & Ross",The Atomic Mr Basie,False,INDIFFERENT,4:49,289,Nyjd4mP4hKs,2026-09-11T07:35:48Z,commit:5c97d16a
Sisyphus,Andrew Bird,My Finest Work Yet,False,LIKE,4:08,248,OsgUQrKTTtc,2026-09-11T07:31:40Z,commit:5c97d16a
Wrestle a Live Nude Girl,Leo Sidran,Cool School (The Music of Michael Franks),False,LIKE,4:44,284,vr996jU1Kpg,2026-09-11T07:26:56Z,commit:5c97d16a
Juno,Sabrina Carpenter,Short n' Sweet,False,INDIFFERENT,3:44,224,j360s9CtZTs,2026-09-11T07:23:12Z,commit:5c97d16a
Shine (Live),"David Grisman, Stephane Grappelli",Stephane Grappelli and David Grisman Live,False,LIKE,5:19,319,oMobf1AHbHk,2026-09-11T07:17:53Z,commit:5c97d16a
Do Right Woman,Chuck Darwin & the Knuckle Draggers,Three Car Pileup,False,INDIFFERENT,3:29,209,ADSYbRZM38k,2026-09-11T07:14:24Z,commit:5c97d16a
You're Lucky She's Lonely,"Colter Wall, Summer Dean",You're Lucky She's Lonely,False,LIKE,3:27,207,vcR2WJh8Eyg,2026-09-11T07:10:57Z,commit:5c97d16a
Have You Fed Baby Huey Today,Surprise Chef,All News Is Good News,False,INDIFFERENT,4:22,262,FHcRhSKZJkI,2026-09-11T07:06:35Z,commit:5c97d16a
Slim Pickins,Sabrina Carpenter,Short n' Sweet,False,LIKE,2:33,153,XRAAHNctZ3E,2026-09-11T07:04:02Z,commit:5c97d16a
Peroration Six,Floating Points,Elaenia,False,LIKE,5:15,315,D1HA0QC2y-g,2026-09-11T06:58:47Z,commit:5c97d16a
For Marmish,Floating Points,Elaenia,False,INDIFFERENT,5:47,347,JkpT-xiSTBE,2026-09-11T06:53:00Z,commit:5c97d16a
The World At Large,Modest Mouse,Good News For People Who Love Bad News,False,INDIFFERENT,4:33,273,FIJKJdsAszw,2026-09-11T06:48:27Z,commit:5c97d16a
Favorite Son,Satellite Friend,Favorite Son,False,LIKE,4:23,263,zWlNDTBfZvg,2026-09-11T06:44:04Z,commit:5c97d16a
September,"Earth, Wind & Fire","The Best Of Earth, Wind & Fire Vol. 1",False,INDIFFERENT,3:36,216,3cKtSlsYVEU,2026-09-11T06:40:28Z,commit:5c97d16a
"Mrs. Robinson (From ""The Graduate"" Soundtrack)",Simon & Garfunkel,Bookends,False,INDIFFERENT,4:05,245,_C2vqI9FVwg,2026-09-11T06:36:23Z,commit:5c97d16a
The Man in Me,Bob Dylan,New Morning,False,INDIFFERENT,3:07,187,-y37njM09uc,2026-09-11T06:33:16Z,commit:5c97d16a
You Don't Mess Around with Jim,Jim Croce,You Don't Mess Around With Jim,False,LIKE,3:03,183,VRIHW-aQl-k,2026-09-11T06:30:13Z,commit:5c97d16a
Don't Stop Me Now,Queen,Jazz (Deluxe Remastered Version),False,LIKE,3:30,210,DxQK_ARQmMY,2026-09-11T06:26:43Z,commit:5c97d16a
Changes,David Bowie,Hunky Dory,False,INDIFFERENT,3:38,218,7fdhI3qUdSs,2026-09-11T06:23:05Z,commit:5c97d16a
Strawberry Fields Forever (Remastered 2009),The Beatles,Magical Mystery Tour,False,INDIFFERENT,4:08,248,10LSq_J5ol4,2026-09-11T06:18:57Z,commit:5c97d16a
Killin' It,Foxy Shazam,Foxy Shazam,False,INDIFFERENT,3:59,239,Bewcw1PWtHY,2026-09-11T06:14:58Z,commit:5c97d16a
Dancing Queen,ABBA,Arrival,False,INDIFFERENT,3:51,231,YkLLcIKhJ64,2026-09-11T06:11:07Z,commit:5c97d16a
The Logical Song,Supertramp,The Logical Song,False,LIKE,4:10,250,pP8iUyb9Gn8,2026-09-11T06:06:57Z,commit:5c97d16a
Creep,Radiohead,Pablo Honey,False,LIKE,3:59,239,zFYEYRcjK2g,2026-09-11T06:02:58Z,commit:5c97d16a
Dreams (2004 Remaster),Fleetwood Mac,Rumours,False,INDIFFERENT,4:18,258,swJOIjjW69U,2026-09-11T05:58:40Z,commit:5c97d16a
Apeman (2020 Stereo Remaster),The Kinks,"Lola Versus Powerman and the Moneygoround, Pt. 1",False,INDIFFERENT,3:54,234,3eoeA_8hC4c,2026-09-11T05:54:46Z,commit:5c97d16a
Goodbye Yellow Brick Road,Elton John,Goodbye Yellow Brick Road,False,INDIFFERENT,3:13,193,wy709iNG6i8,2026-09-11T05:51:33Z,commit:5c97d16a
Life on Mars?,David Bowie,Hunky Dory,False,INDIFFERENT,3:56,236,Enzxdvo8NOk,2026-09-11T05:47:37Z,commit:5c97d16a
Nespole,Floating Points,Elaenia,False,INDIFFERENT,5:09,309,e27DIvuQRtA,2026-09-11T05:42:28Z,commit:5c97d16a
Bandaged Spires,Ivan the Tolerable,Magic Smoke Chords,False,INDIFFERENT,22:33,1353,eeR-ek72Yxs,2026-09-11T05:19:55Z,commit:5c97d16a
For Marmish,Floating Points,Elaenia,False,INDIFFERENT,5:47,347,JkpT-xiSTBE,2026-09-11T05:14:08Z,commit:5c97d16a
Thin Air,Floating Points,Elaenia,False,INDIFFERENT,4:00,240,4S8TdfXMoiE,2026-09-11T05:10:08Z,commit:5c97d16a
Argente,Floating Points,Elaenia,False,INDIFFERENT,4:35,275,54z4ALmyn8Y,2026-09-11T05:05:33Z,commit:5c97d16a
Elaenia,Floating Points,Elaenia,False,INDIFFERENT,7:15,435,bxpSp_Pwxbg,2026-09-11T04:58:18Z,commit:5c97d16a
"Silhouettes (I, II, III)",Floating Points,Elaenia,False,INDIFFERENT,10:43,643,WjUil2-gf7M,2026-09-11T04:47:35Z,commit:5c97d16a
Nespole,Floating Points,Elaenia,False,INDIFFERENT,5:09,309,e27DIvuQRtA,2026-09-11T04:42:26Z,commit:5c97d16a
84 Pontiac Dream,Boards of Canada,The Campfire Headphase,False,INDIFFERENT,3:50,230,92gg3Q6ptos,2026-09-11T04:38:36Z,commit:5c97d16a
Mako,Emancipator,Baralku,False,INDIFFERENT,4:13,253,BTXhIKnGUQ4,2026-09-11T04:34:23Z,commit:5c97d16a
An Arc Of Doves (Remastered 2004),"Brian Eno, Harold Budd",Ambient 2: The Plateaux Of Mirror (Remastered 2004),False,INDIFFERENT,6:30,390,9_frHl9zybU,2026-09-11T04:27:53Z,commit:5c97d16a
Lucerne Valley,Floating Points,Reflections - Mojave Desert,False,INDIFFERENT,3:39,219,XWVdbrjCTG0,2026-09-11T04:24:14Z,commit:5c97d16a
Peroration Six,Floating Points,Elaenia,False,INDIFFERENT,5:15,315,D1HA0QC2y-g,2026-09-11T04:18:59Z,commit:5c97d16a
Thinkin' on a Woman,Colter Wall,Songs of the Plains,False,INDIFFERENT,3:21,201,H7uMDX_k8zg,2026-09-11T04:15:38Z,commit:5c97d16a
Bad Luck,Zach Top,Bad Luck,False,INDIFFERENT,3:20,200,e5ZtSg5KeQM,2026-09-11T04:12:18Z,commit:5c97d16a
Elaenia,Floating Points,Elaenia,False,INDIFFERENT,7:15,435,bxpSp_Pwxbg,2026-09-11T04:05:03Z,commit:5c97d16a
"Silhouettes (I, II, III)",Floating Points,Elaenia,False,INDIFFERENT,10:43,643,WjUil2-gf7M,2026-09-11T03:54:20Z,commit:5c97d16a
Nespole,Floating Points,Elaenia,False,INDIFFERENT,5:09,309,e27DIvuQRtA,2026-09-11T03:49:11Z,commit:5c97d16a
Feel First Life,Jon Hopkins,Singularity,False,INDIFFERENT,5:34,334,EJCbSW-_IE8,2026-09-11T03:43:37Z,commit:5c97d16a
"Apoptose, Pt. 2",Floating Points,Crush,False,INDIFFERENT,2:28,148,vjWlmtRKzpw,2026-09-11T03:41:09Z,commit:5c97d16a
"Apoptose, Pt. 1",Floating Points,Crush,False,INDIFFERENT,2:36,156,U3xPViFItC0,2026-09-11T03:38:33Z,commit:5c97d16a
Sea-Watch,Floating Points,Crush,False,INDIFFERENT,4:05,245,76v58drqRgY,2026-09-11T03:34:28Z,commit:5c97d16a
Birth,Floating Points,Crush,False,INDIFFERENT,3:01,181,3OFVTQ3P95c,2026-09-11T03:31:27Z,commit:5c97d16a
Environments,Floating Points,Crush,False,INDIFFERENT,4:46,286,ZUHFxY2fc0s,2026-09-11T03:26:41Z,commit:5c97d16a
Bias,Floating Points,Crush,False,INDIFFERENT,5:09,309,Au1GJmBxrk4,2026-09-11T03:21:32Z,commit:5c97d16a
LesAlpx,Floating Points,Crush,False,INDIFFERENT,4:43,283,iuTk8x410mk,2026-09-11T03:16:49Z,commit:5c97d16a
Karakul,Floating Points,Crush,False,INDIFFERENT,1:55,115,UsEC59nPcgk,2026-09-11T03:14:54Z,commit:5c97d16a
Requiem for CS70 and Strings,Floating Points,Crush,False,INDIFFERENT,2:24,144,lvbRb2G8lh4,2026-09-11T03:12:30Z,commit:5c97d16a
Anasickmodular,Floating Points,Crush,False,INDIFFERENT,3:13,193,7DpbYU-4bXQ,2026-09-11T03:09:17Z,commit:5c97d16a
Last Bloom,Floating Points,Crush,False,INDIFFERENT,5:54,354,3xK1583rfBc,2026-09-11T03:03:23Z,commit:5c97d16a
Falaise,Floating Points,Crush,False,INDIFFERENT,3:55,235,xJfpOgQcq9I,2026-09-11T02:59:28Z,commit:5c97d16a
Eyes Upon The Sea,Ivan the Tolerable,Proust Quartering,False,INDIFFERENT,13:28,808,W_cKf0whcTA,2026-09-11T02:46:00Z,commit:5c97d16a
Nine Cards Of Vistas,Ivan the Tolerable,Magic Smoke Chords,False,INDIFFERENT,20:56,1256,T--IBWY2I9Q,2026-09-11T02:25:04Z,commit:5c97d16a
Bandaged Spires,Ivan the Tolerable,Magic Smoke Chords,False,INDIFFERENT,22:33,1353,eeR-ek72Yxs,2026-09-11T02:02:31Z,commit:5c97d16a
Lockdown,"Shpongle, Simon Posford",Flux & Contemplation - Portrait of an Artist in Isolation,False,LIKE,8:30,510,tkOk_LCUWxU,2026-09-11T01:54:01Z,commit:5c97d16a
"High Tide, Storm Rising",Skinshape,"High Tide, Storm Rising",False,LIKE,3:57,237,2t1EiWjHFt8,2026-09-11T01:50:04Z,commit:5c97d16a
Untitled (Late Sun) [Another Shade of Dwig Remix],Kerala Dust,Late Sun,False,LIKE,7:29,449,SA13_NSM8cQ,2026-09-11T01:42:35Z,commit:5c97d16a
Chase,Giorgio Moroder,Midnight Express (Original Motion Picture Soundtrack),False,LIKE,8:27,507,mpW3C_k0WMY,2026-09-11T01:34:08Z,commit:5c97d16a
Humoresque,Dvorák,Victoria Day Celebration,False,INDIFFERENT,3:58,238,aTzWszOHR0M,2026-09-11T01:30:10Z,commit:5c97d16a
Hallelujah Chorus,Händel,Victoria Day Celebration,False,INDIFFERENT,5:16,316,CJwDI3bnT3Q,2026-09-11T01:24:54Z,commit:5c97d16a
The Flight of the Bumble Bee,Rimsky-Korsakov,Victoria Day Celebration,False,INDIFFERENT,1:30,90,9ZsGEhTGL6g,2026-09-11T01:23:24Z,commit:5c97d16a
Love for Three Oranges march,Prokofiev,Victoria Day Celebration,False,INDIFFERENT,1:28,88,Y9L9KracuKQ,2026-09-11T01:21:56Z,commit:5c97d16a
Waltz from Swan Lake,Tchaikovsky,Victoria Day Celebration,False,INDIFFERENT,5:22,322,KVXcnBOVy8k,2026-09-11T01:16:34Z,commit:5c97d16a
Waltz of the Flowers,Tchaikovsky,Victoria Day Celebration,False,INDIFFERENT,6:24,384,6jBLH5CRVkg,2026-09-11T01:10:10Z,commit:5c97d16a
Norwegian Dance no. 2,Grieg,Victoria Day Celebration,False,INDIFFERENT,2:19,139,CeGQHWIrONE,2026-09-11T01:07:51Z,commit:5c97d16a
Waltz in C-sharp Minor,Chopin,Victoria Day Celebration,False,INDIFFERENT,3:16,196,LkvXEbDrn80,2026-09-11T01:04:35Z,commit:5c97d16a
Steam,loscil,Plume,False,INDIFFERENT,6:56,416,xEUg_TDpwg0,2026-09-11T00:57:39Z,commit:5c97d16a
Sienna,Loscil & Lawrence English,Chroma,False,INDIFFERENT,5:34,334,-ZC8o6rIcwk,2026-09-11T00:52:05Z,commit:5c97d16a
Neivei,loscil,coast/range/arc//,False,INDIFFERENT,8:07,487,L9T3xAJt3HE,2026-09-11T00:43:58Z,commit:5c97d16a
Sea Island Murders,Loscil,Sea Island,False,INDIFFERENT,8:27,507,J2OGxg080Ik,2026-09-11T00:35:31Z,commit:5c97d16a
Rorschach,loscil,Plume,False,INDIFFERENT,8:20,500,-VxwbHL78HI,2026-09-11T00:27:11Z,commit:5c97d16a
Brohm Ridge,Loscil,Coast / Range / Arc,False,INDIFFERENT,11:27,687,aK1J6wUtCrg,2026-09-11T00:15:44Z,commit:5c97d16a
Hastings Sunrise,loscil,Sketches from New Brighton,False,INDIFFERENT,6:52,412,0qvwH7svO9U,2026-09-11T00:08:52Z,commit:5c97d16a
Resurgam,loscil,Submers,False,INDIFFERENT,7:38,458,wjS22yhZCa0,2026-09-11T00:01:14Z,commit:5c97d16a
Motoc,loscil,Plume,False,INDIFFERENT,6:30,390,zBCKNhgD2A8,2026-09-10T23:54:44Z,commit:5c97d16a
Chinook,loscil,Plume,False,INDIFFERENT,6:58,418,mFECYlygl6g,2026-09-10T23:47:46Z,commit:5c97d16a
Anthropocene,loscil,Monument Builders,False,INDIFFERENT,4:40,280,WmhPWGkAqUw,2026-09-10T23:43:06Z,commit:5c97d16a
First Narrows,loscil,First Narrows,False,LIKE,10:20,620,KH4et5ch1yo,2026-09-10T23:32:46Z,commit:5c97d16a
In Threes,Loscil,Sea Island,False,LIKE,5:58,358,Px_DbjgHVX4,2026-09-10T23:26:48Z,commit:5c97d16a
Estuarine,loscil,Endless Falls,False,INDIFFERENT,8:21,501,MYtX2zYlfdA,2026-09-10T23:18:27Z,commit:5c97d16a
Fromme,Loscil,Coast / Range / Arc,False,INDIFFERENT,7:36,456,86K_KPnNiNw,2026-09-10T23:10:51Z,commit:5c97d16a
Deceiver,loscil,Monument Builders,False,INDIFFERENT,4:42,282,PdpUKkF-vaM,2026-09-10T23:06:09Z,commit:5c97d16a
Black Tusk Descent,loscil,coast/range/arc//,False,INDIFFERENT,7:15,435,ZheAgv6symk,2026-09-10T22:58:54Z,commit:5c97d16a
Holding Pattern,Loscil,Sea Island,False,INDIFFERENT,6:12,372,83ghyEwUA-g,2026-09-10T22:52:42Z,commit:5c97d16a
Stave Peak,Loscil,Coast / Range / Arc,False,INDIFFERENT,6:41,401,v5ke9itwVIU,2026-09-10T22:46:01Z,commit:5c97d16a
Madama Butterfly: Love Duet,Puccini,Victoria Day Celebration,False,INDIFFERENT,3:24,204,sxHob7lOVk4,2026-09-10T22:42:37Z,commit:5c97d16a
Reverie,Debussy,Victoria Day Celebration,False,INDIFFERENT,2:35,155,lF-aPwCuV4c,2026-09-10T22:40:02Z,commit:5c97d16a
Pomp and Circumstance,Elgar,Victoria Day Celebration,False,INDIFFERENT,2:26,146,W_vN6V9BfVw,2026-09-10T22:37:36Z,commit:5c97d16a
"Slavonic Dance in E Minor, op. 72, no.2",Dvorák,Victoria Day Celebration,False,INDIFFERENT,5:06,306,j7q8bzxJghw,2026-09-10T22:32:30Z,commit:5c97d16a
1812 Overture: Grand Finale,Tchaikovsky,Victoria Day Celebration,False,INDIFFERENT,3:42,222,SHWFwJ23JaU,2026-09-10T22:28:48Z,commit:5c97d16a
Piano Concerto in A Minor: First Movement,Grieg,Victoria Day Celebration,False,INDIFFERENT,5:09,309,97TWlpt9SDA,2026-09-10T22:23:39Z,commit:5c97d16a
Voices of Spring,Strauss,Victoria Day Celebration,False,INDIFFERENT,5:33,333,x8f6O1OKbYY,2026-09-10T22:18:06Z,commit:5c97d16a
Sabre Dance,Khachaturian,Victoria Day Celebration,False,INDIFFERENT,2:26,146,Dpu7MwJZvFg,2026-09-10T22:15:40Z,commit:5c97d16a
Brothers in arms (Radio Version),The Vienna Symphony Orchestra,Vienna Symphonic Orchestra Project Love Flows,False,INDIFFERENT,6:09,369,5GhcA3_XbhE,2026-09-10T22:09:31Z,commit:5c97d16a
Serenata,La Orquesta Y Coros Del Festival De Praga,Acuario - Sinfonía Astral - Clásica,False,INDIFFERENT,4:15,255,REjwfFGoVho,2026-09-10T22:05:16Z,commit:5c97d16a
You And You Waltz,"Johann Strauss, The Vienna Symphony Orchestra",Strauss Waltzes,False,INDIFFERENT,2:11,131,Ss9kJUVBj0I,2026-09-10T22:03:05Z,commit:5c97d16a
The Kiss Waltz,"Johann Strauss, The Vienna Symphony Orchestra",Strauss Waltzes,False,INDIFFERENT,3:38,218,rhGrbdpGInE,2026-09-10T21:59:27Z,commit:5c97d16a
Myrtle Blossom Waltz,"Johann Strauss, The Vienna Symphony Orchestra",Strauss Waltzes,False,INDIFFERENT,2:22,142,cURJwWvAWlg,2026-09-10T21:57:05Z,commit:5c97d16a
The Voices Of Spring Waltz,"Johann Strauss, The Vienna Symphony Orchestra",Strauss Waltzes,False,INDIFFERENT,6:05,365,uzFTaADbI7M,2026-09-10T21:51:00Z,commit:5c97d16a
Cagliostrowalzer,"Johann Strauss, The Vienna Symphony Orchestra",Strauss Waltzes,False,INDIFFERENT,2:15,135,bcUHS40dB9w,2026-09-10T21:48:45Z,commit:5c97d16a
Vienna Blood,"Johann Strauss, The Vienna Symphony Orchestra",Strauss Waltzes,False,INDIFFERENT,8:53,533,T3lcwR3qHXA,2026-09-10T21:39:52Z,commit:5c97d16a
"Wine, Women And Song Waltz","Johann Strauss, The Vienna Symphony Orchestra",Strauss Waltzes,False,INDIFFERENT,3:24,204,GYr0kCp50Rc,2026-09-10T21:36:28Z,commit:5c97d16a
The Artist's Life Waltz,"Johann Strauss, The Vienna Symphony Orchestra",Strauss Waltzes,False,INDIFFERENT,3:25,205,Y7Y5y03w7FU,2026-09-10T21:33:03Z,commit:5c97d16a
Tales From The Vienna Woods,"Johann Strauss, The Vienna Symphony Orchestra",Strauss Waltzes,False,INDIFFERENT,12:08,728,igBYl4F7FDI,2026-09-10T21:20:55Z,commit:5c97d16a
Morning Papers Waltz,"Johann Strauss, The Vienna Symphony Orchestra",Strauss Waltzes,False,INDIFFERENT,3:17,197,1bpAIWRS2rw,2026-09-10T21:17:38Z,commit:5c97d16a
Emperor Waltz,"Johann Strauss, The Vienna Symphony Orchestra",Strauss Waltzes,False,INDIFFERENT,10:05,605,i-fl_XbDZCo,2026-09-10T21:07:33Z,commit:5c97d16a
Vienna Bon Bons,"Johann Strauss, The Vienna Symphony Orchestra",Strauss Waltzes,False,INDIFFERENT,3:32,212,AHrDAO2Ed08,2026-09-10T21:04:01Z,commit:5c97d16a
Blue Danube Waltz,"Johann Strauss, The Vienna Symphony Orchestra",Strauss Waltzes,False,INDIFFERENT,9:49,589,RU5JtTAV2bc,2026-09-10T20:54:12Z,commit:5c97d16a
Who I Am,"Johnny Blue Skies, Sturgill Simpson",Passage Du Desir,False,INDIFFERENT,3:07,187,zluaYB2EH-I,2026-09-10T20:51:05Z,commit:5c97d16a
Feelin' Good Again,Robert Earl Keen,Walking Distance,False,LIKE,3:17,197,g5i6duhB9mk,2026-09-10T20:47:48Z,commit:5c97d16a
Honky Tonk Heroes,Waylon Jennings,Honky Tonk Heroes,False,INDIFFERENT,3:36,216,SRJhsYf-jok,2026-09-10T20:44:12Z,commit:5c97d16a
Scooter Blues,"Johnny Blue Skies, Sturgill Simpson",Passage Du Desir,False,LIKE,3:38,218,IpE6OcvAsVk,2026-09-10T20:40:34Z,commit:5c97d16a
Wish You Weren’t Here,"Shpongle, Simon Posford",Flux & Contemplation - Portrait of an Artist in Isolation,False,LIKE,5:29,329,gWpYbDCSoro,2026-09-10T20:35:05Z,commit:5c97d16a
Germination,"Shpongle, Simon Posford",Flux & Contemplation - Portrait of an Artist in Isolation,False,INDIFFERENT,2:14,134,8XabjqbkjCs,2026-09-10T20:32:51Z,commit:5c97d16a
Cyclical Ruminations,"Shpongle, Simon Posford",Flux & Contemplation - Portrait of an Artist in Isolation,False,INDIFFERENT,0:34,34,ff5sTfSV4JI,2026-09-10T20:32:17Z,commit:5c97d16a
On a Rainy Day,"Shpongle, Simon Posford",Flux & Contemplation - Portrait of an Artist in Isolation,False,INDIFFERENT,3:13,193,EoEsnrRnV2I,2026-09-10T20:29:04Z,commit:5c97d16a
Lockdown,"Shpongle, Simon Posford",Flux & Contemplation - Portrait of an Artist in Isolation,False,LIKE,8:30,510,tkOk_LCUWxU,2026-09-10T20:20:34Z,commit:5c97d16a
Scooter Blues,"Johnny Blue Skies, Sturgill Simpson",Passage Du Desir,False,LIKE,3:38,218,IpE6OcvAsVk,2026-09-10T20:16:56Z,commit:5c97d16a
Party In The U.S.A.,Miley Cyrus,The Time Of Our Lives,False,INDIFFERENT,3:23,203,R1kOdTm9FBk,2026-09-10T20:13:33Z,commit:5c97d16a
Facades,Philip Glass,Glassworks - Expanded Edition,False,INDIFFERENT,7:22,442,isDkfQ1cDG4,2026-09-10T20:06:11Z,commit:5c97d16a
Equinoxe 4,"Crouch End Festival Chorus, The City of Prague Philharmonic Orchestra",The Symphonic Jean Michel Jarre,False,INDIFFERENT,6:42,402,ru2wFFyn-6c,2026-09-10T19:59:29Z,commit:5c97d16a
Meditation No. 2,"Brian Eno, Laraaji",Ambient 3: Day Of Radiance,False,INDIFFERENT,7:51,471,kEu3vJ3ux0E,2026-09-10T19:51:38Z,commit:5c97d16a
Back in the Goodle Days,John Hartford,Aereo-Plain,False,INDIFFERENT,3:40,220,UcF0SY0m3sU,2026-09-10T19:47:58Z,commit:5c97d16a
Joseph's Dream,John Hartford,Nobody Knows What You Do,False,INDIFFERENT,4:25,265,7hTvyV7Qc-g,2026-09-10T19:43:33Z,commit:5c97d16a
My Brother's Will (The Original Album),The Louvin Brothers,Tragic Songs of Life,False,INDIFFERENT,3:16,196,Einn2XmXfgI,2026-09-10T19:40:17Z,commit:5c97d16a
Katie Dear (The Original Album),The Louvin Brothers,Tragic Songs of Life,False,INDIFFERENT,2:35,155,JwnRu43CeWY,2026-09-10T19:37:42Z,commit:5c97d16a
Country Squire,Tyler Childers,Country Squire,False,LIKE,3:22,202,KYIav77fPsA,2026-09-10T19:34:20Z,commit:5c97d16a
All My Life,SAILR,All My Life,False,INDIFFERENT,2:58,178,9TRoeigSPXU,2026-09-10T19:31:22Z,commit:5c97d16a
Black (feat. Norah Jones),"Danger Mouse, Daniele Luppi",Rome,False,LIKE,3:32,212,OiKuW3xXwmA,2026-09-10T19:27:50Z,commit:5c97d16a
Planes,Olive Jones,Planes,False,INDIFFERENT,3:34,214,VafrYxPWKFE,2026-09-10T19:24:16Z,commit:5c97d16a
Favorite Son,Satellite Friend,Favorite Son,False,LIKE,4:23,263,zWlNDTBfZvg,2026-09-10T19:19:53Z,commit:5c97d16a
Siren Song,The Brother Brothers,Siren Song,False,INDIFFERENT,3:04,184,86UVAV7SrZQ,2026-09-10T19:16:49Z,commit:5c97d16a
Seeing All Red,Shakey Graves,Shakey Graves And The Horse He Rode In On (Nobody's Fool & The Donor Blues EP),False,INDIFFERENT,3:27,207,J4OivNmCKC4,2026-09-10T19:13:22Z,commit:5c97d16a
Half Acre,Hem,Rabbit Songs,False,INDIFFERENT,3:24,204,cUKdxULf2Bo,2026-09-10T19:09:58Z,commit:5c97d16a
Clever One,Jon and Roy,The Road Ahead Is Golden,False,INDIFFERENT,3:23,203,HoHBd_eNRcM,2026-09-10T19:06:35Z,commit:5c97d16a
Blood Moon (Extended Version),Josiah and the Bonnevilles,Blood Moon (Extended Version),False,INDIFFERENT,4:17,257,Fafko6DSYyc,2026-09-10T19:02:18Z,commit:5c97d16a
Atomized,Andrew Bird,Inside Problems,False,INDIFFERENT,4:46,286,uSauOHpui4c,2026-09-10T18:57:32Z,commit:5c97d16a
Shameful Joy,Satellite Friend,Shameful Joy,False,LIKE,4:24,264,aKm3-LZSfTg,2026-09-10T18:53:08Z,commit:5c97d16a
Angel from Montgomery,John Prine,Souvenirs,False,INDIFFERENT,5:08,308,AWMp7C-xRxk,2026-09-10T18:48:00Z,commit:5c97d16a
Favorite Son,Satellite Friend,Favorite Son,False,INDIFFERENT,4:23,263,zWlNDTBfZvg,2026-09-10T18:43:37Z,commit:5c97d16a
Tight Rope,Leon Russell,Carney,False,LIKE,3:01,181,IWZBfyR1h6w,2026-09-10T18:40:36Z,commit:5c97d16a
Went to See the Gypsy,Bob Dylan,New Morning,False,INDIFFERENT,2:50,170,nL99jAlQyFI,2026-09-10T18:37:46Z,commit:5c97d16a
Ramblin' on My Mind,John Mayall,A Hard Road,False,INDIFFERENT,3:05,185,0dh14EClYs8,2026-09-10T18:34:41Z,commit:5c97d16a
Anti-Hero,Taylor Swift,Midnights (3am Edition),False,INDIFFERENT,3:21,201,3YgtjHZyCIQ,2026-09-10T18:31:20Z,commit:5c97d16a
Blue Moon (Audio),"2.9M views, Billie Holiday",,False,INDIFFERENT,3:26,206,y4bZu56EylA,2026-09-10T18:27:54Z,commit:5c97d16a
La vie en rose,"5.2M views, Louis Armstrong",,False,INDIFFERENT,3:24,204,9n-hyA2-FDg,2026-09-10T18:24:30Z,commit:5c97d16a
Ain't Misbehavin',"1.7M views, Fats Waller",,False,INDIFFERENT,3:59,239,pZ8fWP6a3Q4,2026-09-10T18:20:31Z,commit:5c97d16a
Cab Calloway 1933 Cartoon of St. James Infirmary Blues,"4.8M views, John Corda",,False,INDIFFERENT,2:40,160,UXInk1PCsc8,2026-09-10T18:17:51Z,commit:5c97d16a
Spirits,The Devil Makes Three,Spirits,False,INDIFFERENT,3:39,219,EzWsYKttiRY,2026-09-10T18:14:12Z,commit:5c97d16a
Ain't Allowed to Leave Texas,Bubba Bellin,Ain't Allowed to Leave Texas,False,INDIFFERENT,3:25,205,gh_ZGM7JhSM,2026-09-10T18:10:47Z,commit:5c97d16a
Gettin' Tired Again,Charley Crockett,$10 Cowboy,False,INDIFFERENT,2:51,171,YVJH4M7L20s,2026-09-10T18:07:56Z,commit:5c97d16a
I'm on Fire,Whitey Morgan and the 78's,Honky Tonks and Cheap Motels,False,INDIFFERENT,3:17,197,8HMg673cK3M,2026-09-10T18:04:39Z,commit:5c97d16a
Champagne & a Limo,Paul Cauthen,Country Coming Down,False,INDIFFERENT,3:14,194,C2M-tppM22c,2026-09-10T18:01:25Z,commit:5c97d16a
Too Old to Dream,Nick Shoulders,"Okay, Crawdad",False,INDIFFERENT,2:53,173,7fZsQS7GksQ,2026-09-10T17:58:32Z,commit:5c97d16a
St. James Infirmary,Dr John,"N'Awlinz Dis, Dat, or D'Udda",False,INDIFFERENT,4:41,281,h0qrtvcE-EU,2026-09-10T17:53:51Z,commit:5c97d16a
Follow The Money (feat. James Taylor),Buddy Guy,The Blues Don't Lie,False,INDIFFERENT,3:42,222,zfmo9FzehC4,2026-09-10T17:50:09Z,commit:5c97d16a
Last Call,49 Winchester,Fortune Favors the Bold,False,INDIFFERENT,3:29,209,s2X1KJmGlpg,2026-09-10T17:46:40Z,commit:5c97d16a
Keep It Between the Lines,Sturgill Simpson,"Cuttin' Grass, Vol. 2 (Cowboy Arms Sessions)",False,INDIFFERENT,3:09,189,Ma074in_V5I,2026-09-10T17:43:31Z,commit:5c97d16a
Lead The Way,Charley Crockett,$10 Cowboy,False,INDIFFERENT,3:59,239,Q5DA1Yxb3hk,2026-09-10T17:39:32Z,commit:5c97d16a
One For The Road,"Johnny Blue Skies, Sturgill Simpson",Passage Du Desir,False,INDIFFERENT,8:56,536,_A2aZInF1wY,2026-09-10T17:30:36Z,commit:5c97d16a
Jupiter's Faerie,"Johnny Blue Skies, Sturgill Simpson",Passage Du Desir,False,INDIFFERENT,7:25,445,KKjxrlC-teA,2026-09-10T17:23:11Z,commit:5c97d16a
Swamp of Sadness,"Johnny Blue Skies, Sturgill Simpson",Passage Du Desir,False,INDIFFERENT,4:58,298,gMAqPi2Rb4Q,2026-09-10T17:18:13Z,commit:5c97d16a
Scooter Blues,"Johnny Blue Skies, Sturgill Simpson",Passage Du Desir,False,LIKE,3:38,218,IpE6OcvAsVk,2026-09-10T17:14:35Z,commit:5c97d16a
Thinkin' on a Woman,Colter Wall,Songs of the Plains,False,INDIFFERENT,3:21,201,H7uMDX_k8zg,2026-09-10T17:11:14Z,commit:5c97d16a
Bad Luck,Zach Top,Bad Luck,False,INDIFFERENT,3:20,200,e5ZtSg5KeQM,2026-09-10T17:07:54Z,commit:5c97d16a
Country Squire,Tyler Childers,Country Squire,False,LIKE,3:22,202,KYIav77fPsA,2026-09-10T17:04:32Z,commit:5c97d16a
Chase,Giorgio Moroder,Midnight Express (Original Motion Picture Soundtrack),False,LIKE,8:27,507,mpW3C_k0WMY,2026-09-10T16:56:05Z,commit:5c97d16a
Diamond In The Rough,Charley Crockett,$10 Cowboy,False,INDIFFERENT,3:19,199,OP-S296011Y,2026-09-10T16:52:46Z,commit:5c97d16a
Midnight Flight,Little Feat,Midnight Flight,False,INDIFFERENT,4:00,240,aD8puD4is_E,2026-09-10T16:48:46Z,commit:5c97d16a
Scooter Blues,"Johnny Blue Skies, Sturgill Simpson",Passage Du Desir,False,LIKE,3:38,218,IpE6OcvAsVk,2026-09-10T16:45:08Z,commit:5c97d16a
Earl's Breakdown,Flatt & Scruggs,Foggy Mountain Jamboree (Expanded Edition),False,LIKE,3:00,180,nC95BwtJjkM,2026-09-10T16:42:08Z,commit:5c97d16a
Leaning On The Everlasting Arms,The Stanley Brothers,Precious Memories,False,INDIFFERENT,2:54,174,xtMvW-yj3Cs,2026-09-10T16:39:14Z,commit:5c97d16a
Colorado Girl,Townes Van Zandt,Townes Van Zandt,False,INDIFFERENT,3:19,199,h9jt5VCm0t8,2026-09-10T16:35:55Z,commit:5c97d16a
I Shall Not Be Moved (Live),Mississippi John Hurt,The Best Of,False,INDIFFERENT,3:30,210,vdF63_M-Hjw,2026-09-10T16:32:25Z,commit:5c97d16a
When The Levee Breaks,Memphis Minnie & Kansas Joe,Queen Of The Blues,False,INDIFFERENT,3:09,189,WSlt8-fmvas,2026-09-10T16:29:16Z,commit:5c97d16a
Will the Circle Be Unbroken,"Dr. Ralph Stanley, Nathan Stanley",Gospel Favorites,False,INDIFFERENT,4:23,263,kFqL6BprLZM,2026-09-10T16:24:53Z,commit:5c97d16a
Midnight Tears,The SteelDrivers,The SteelDrivers,False,INDIFFERENT,2:58,178,9QTUS6Zc6zU,2026-09-10T16:21:55Z,commit:5c97d16a
Fire On the Mountain,Iron Horse,Ridin' Out The Storm,False,INDIFFERENT,3:19,199,1xEyds9Z4II,2026-09-10T16:18:36Z,commit:5c97d16a
Slim's Lament,Charley Crockett,10 for Slim: Charley Crockett Sings James Hand,False,INDIFFERENT,3:27,207,996uizUgf5U,2026-09-10T16:15:09Z,commit:5c97d16a
In The Pines,Bill Monroe & The Bluegrass Boys,Anthology,False,INDIFFERENT,3:11,191,hDKtZ54D7yQ,2026-09-10T16:11:58Z,commit:5c97d16a
Last of the Steam-Powered Trains,The Seldom Scene,Remains to Be Scene,False,INDIFFERENT,3:48,228,8lW9i67bn_Q,2026-09-10T16:08:10Z,commit:5c97d16a
Keep On the Sunny Side,The Carter Family,RCA Country Legends,False,INDIFFERENT,2:54,174,UrI_ZAkgHBI,2026-09-10T16:05:16Z,commit:5c97d16a
Purple Robe,Ralph Stanley,Let Me Rest On A Peaceful Mountain,False,INDIFFERENT,3:31,211,9UmKde3qMUM,2026-09-10T16:01:45Z,commit:5c97d16a
Ramblin' Man,"Hank Williams, The Drifting Cowboys",Hank Williams As Luke The Drifter (Expanded Edition),False,INDIFFERENT,3:05,185,a6IfZAoj7tQ,2026-09-10T15:58:40Z,commit:5c97d16a
Jordan,The Stanley Brothers,For The Good People,False,INDIFFERENT,2:03,123,yw2aVVwgP4A,2026-09-10T15:56:37Z,commit:5c97d16a
Mountain Dew,The Stanley Brothers,16 Greatest Hits,False,LIKE,2:44,164,x81du4NMHZ0,2026-09-10T15:53:53Z,commit:5c97d16a
Jordan,The Stanley Brothers,For The Good People,False,INDIFFERENT,2:03,123,yw2aVVwgP4A,2026-09-10T15:51:50Z,commit:5c97d16a
Falling,WNRDA,Falling,False,INDIFFERENT,3:04,184,Egam_m1g7fk,2026-09-10T15:48:46Z,commit:5c97d16a
Please Please Please,Sabrina Carpenter,Short n' Sweet,False,INDIFFERENT,3:07,187,62yox0F5lcA,2026-09-10T15:45:39Z,commit:5c97d16a
Two Hits And The Joint Turned Brown,Dillard/Hartford/Dillard,Glitter Grass From The Nashwood Hollyville Strings / Permanent Wave,False,INDIFFERENT,3:16,196,x4WaTnYp5n0,2026-09-10T15:42:23Z,commit:5c97d16a
Cross The Borderline,Dillard/Hartford/Dillard,Glitter Grass From The Nashwood Hollyville Strings / Permanent Wave,False,INDIFFERENT,2:22,142,Rg6H3sIloN4,2026-09-10T15:40:01Z,commit:5c97d16a
Don't Come Rollin',Dillard/Hartford/Dillard,Glitter Grass From The Nashwood Hollyville Strings / Permanent Wave,False,LIKE,2:19,139,25bd7E22bQA,2026-09-10T15:37:42Z,commit:5c97d16a
Don't Lead Me On,Dillard/Hartford/Dillard,Glitter Grass From The Nashwood Hollyville Strings / Permanent Wave,False,INDIFFERENT,2:51,171,kLqJKSYcuu0,2026-09-10T15:34:51Z,commit:5c97d16a
Two Hits And The Joint Turned Brown,Dillard/Hartford/Dillard,Glitter Grass From The Nashwood Hollyville Strings / Permanent Wave,False,INDIFFERENT,3:16,196,x4WaTnYp5n0,2026-09-10T15:31:35Z,commit:5c97d16a
Cross The Borderline,Dillard/Hartford/Dillard,Glitter Grass From The Nashwood Hollyville Strings / Permanent Wave,False,INDIFFERENT,2:22,142,Rg6H3sIloN4,2026-09-10T15:29:13Z,commit:5c97d16a
Deep River Blues,Doc Watson,Rambling Hobo,False,INDIFFERENT,3:11,191,lebF-xPszP0,2026-09-10T15:26:02Z,commit:5c97d16a
Shady Grove,"David Grisman, Jerry Garcia",Shady Grove,False,INDIFFERENT,4:20,260,wRPRI0iYLQw,2026-09-10T15:21:42Z,commit:5c97d16a
Walk On Boy,"Billy Strings, Don Julin",Fiddle Tune X,False,INDIFFERENT,3:42,222,mXIDWr-EAgo,2026-09-10T15:18:00Z,commit:5c97d16a
1952 Vincent Black Lightning,Del McCoury Band,Del & The Boys,False,LIKE,4:03,243,Vz6fCj1zLSg,2026-09-10T15:13:57Z,commit:5c97d16a
You Were the Fool,Ween,12 Golden Country Greats,False,INDIFFERENT,4:27,267,plKeLTrR8Cs,2026-09-10T15:09:30Z,commit:5c97d16a
Big Shoe,Bill Frisell,"Good Dog, Happy Man",False,INDIFFERENT,3:50,230,QPwlrDtzmak,2026-09-10T15:05:40Z,commit:5c97d16a
Easy Wind,Grateful Dead,Workingman's Dead,False,INDIFFERENT,5:00,300,mYLjqyKLIHc,2026-09-10T15:00:40Z,commit:5c97d16a
Ginseng Sullivan,The Tony Rice Unit,Manzanita,False,LIKE,3:11,191,1e_Jc2mo1xI,2026-09-10T14:57:29Z,commit:5c97d16a
Get No Better,Dillard/Hartford/Dillard,Glitter Grass From The Nashwood Hollyville Strings / Permanent Wave,False,INDIFFERENT,3:31,211,oZlWXgO5CVQ,2026-09-10T14:53:58Z,commit:5c97d16a
Howard Hughes' Blues,John Hartford,Morning Bugle,False,INDIFFERENT,2:52,172,u4S0OzdpQfE,2026-09-10T14:51:06Z,commit:5c97d16a
Joseph's Dream,John Hartford,Nobody Knows What You Do,False,INDIFFERENT,4:25,265,7hTvyV7Qc-g,2026-09-10T14:46:41Z,commit:5c97d16a
Hand Me Down My Walking Cane,Norman Blake,Whiskey Before Breakfast,False,INDIFFERENT,3:28,208,dKQrqDze6kY,2026-09-10T14:43:13Z,commit:5c97d16a
One Toke Over the Line,Brewer & Shipley,One Toke Over The Line: The Best Of Brewer & Shipley,False,LIKE,3:20,200,L9HXClusp_E,2026-09-10T14:39:53Z,commit:5c97d16a
My Thoughts Behind (Bonus Edit),"Turu Anasi, okuma",Las Olas,False,LIKE,8:14,494,rzE3N2CbXfU,2026-09-10T14:31:39Z,commit:5c97d16a
After Midnight - Reprise (Live) (feat. Jerry Garcia Band),Jerry Garcia Band,"After Midnight: Kean College, 2/28/80",False,LIKE,6:34,394,x47SsOCHNuA,2026-09-10T14:25:05Z,commit:5c97d16a
Please Please Please,Sabrina Carpenter,Short n' Sweet,False,INDIFFERENT,3:07,187,62yox0F5lcA,2026-09-10T14:21:58Z,commit:5c97d16a
Tight Rope,Leon Russell,Carney,False,LIKE,3:01,181,IWZBfyR1h6w,2026-09-10T14:18:57Z,commit:5c97d16a
仕事間の仮眠音楽,お昼寝フレッシュ,"仮眠用ＢＧＭ: 眠気解消, リラクゼーション疲労回復, 効果的な昼寝音楽",False,INDIFFERENT,3:58,238,anAaSU6lI4A,2026-09-10T14:14:59Z,commit:5c97d16a
02:34 Dreaming,Mathilda Skonare Karlsson,02:34 Dreaming,False,INDIFFERENT,3:24,204,f_fPs5Qsr2k,2026-09-10T14:11:35Z,commit:5c97d16a
Geologic Time Scale,Hyperion Towers,Rovaniemi,False,INDIFFERENT,3:20,200,0jvmbfCAhr8,2026-09-10T14:08:15Z,commit:5c97d16a
Hohenbol,Feldgeister,Between Camerae,False,INDIFFERENT,3:20,200,hSzmR10T1hs,2026-09-10T14:04:55Z,commit:5c97d16a
Grey,"Lawrence English, Loscil",Colours of Air,False,INDIFFERENT,4:10,250,4dlhvRXmMes,2026-09-10T14:00:45Z,commit:5c97d16a
Binaural Alpha Sinus 120Hz - 127Hz,0neplus0ne,Namaste,False,INDIFFERENT,3:23,203,flMLgAu2Xak,2026-09-10T13:57:22Z,commit:5c97d16a
Ongoing,Joseph Martins,Leaf Warbler,False,INDIFFERENT,3:40,220,WUQ2xMC1d2s,2026-09-10T13:53:42Z,commit:5c97d16a
Iterative Calm,Doug Blimpstein,Iterative Calm,False,INDIFFERENT,3:40,220,PcOX4MOJCdY,2026-09-10T13:50:02Z,commit:5c97d16a
Indigo,Loscil & Lawrence English,Chroma,False,INDIFFERENT,4:25,265,iWmgCbMR7s0,2026-09-10T13:45:37Z,commit:5c97d16a
Amaranth,Loscil & Lawrence English,Chroma,False,INDIFFERENT,5:51,351,KjDoxJr-35Y,2026-09-10T13:39:46Z,commit:5c97d16a
Vermillion,Loscil & Lawrence English,Chroma,False,INDIFFERENT,7:17,437,sJZhj6k0mSY,2026-09-10T13:32:29Z,commit:5c97d16a
Ultramarine,Loscil & Lawrence English,Chroma,False,INDIFFERENT,5:07,307,0_6Vew9eUh8,2026-09-10T13:27:22Z,commit:5c97d16a
Ochre,Loscil & Lawrence English,Chroma,False,INDIFFERENT,4:04,244,7CInvYDZ-TM,2026-09-10T13:23:18Z,commit:5c97d16a
Sienna,Loscil & Lawrence English,Chroma,False,INDIFFERENT,5:34,334,-ZC8o6rIcwk,2026-09-10T13:17:44Z,commit:5c97d16a
45:33,LCD Soundsystem,45:33,False,LIKE,46:05,2765,WoVO2HKwfbg,2026-09-10T12:31:39Z,commit:5c97d16a
Endless Falls,loscil,Endless Falls,False,INDIFFERENT,7:56,476,xxxpnfRi4Tw,2026-09-10T12:23:43Z,commit:5c97d16a
Black Sand,Glass Beams,Mahal,False,INDIFFERENT,4:39,279,v_mpRUw_JDk,2026-09-10T12:19:04Z,commit:5c97d16a
It's Gonna Be (Alright),Ween,The Mollusk,False,LIKE,3:18,198,mYAdOvq9tKc,2026-09-10T12:15:46Z,commit:5c97d16a
Dearest Nana,Andy Reiner,Tunes for Time Travel,,INDIFFERENT,2:45,165,huINubmNPEQ,2026-09-10T12:13:01Z,commit:5c97d16a
Dream Lake / Bubbly Brook,Andy Reiner,Tunes for Time Travel,,INDIFFERENT,3:02,182,Hxolg4is4rc,2026-09-10T12:09:59Z,commit:5c97d16a
Krampuscarol,Andy Reiner,Tunes for Time Travel,,INDIFFERENT,3:34,214,VGgJcjr0qVs,2026-09-10T12:06:25Z,commit:5c97d16a
Frozen Snow Covered Bull Wheel,Andy Reiner,Tunes for Time Travel,,INDIFFERENT,3:19,199,pUfhXq2FYF4,2026-09-10T12:03:06Z,commit:5c97d16a
Cider Press / Immortal Rhubarb / Pending Doom / Whiskey Rock,Andy Reiner,Tunes for Time Travel,,INDIFFERENT,4:50,290,mTvIOt1l05k,2026-09-10T11:58:16Z,commit:5c97d16a
Lone Pine,Andy Reiner,Tunes for Time Travel,,INDIFFERENT,5:17,317,MdoLcZbIMyU,2026-09-10T11:52:59Z,commit:5c97d16a
The Dissent,Andy Reiner,Tunes for Time Travel,,INDIFFERENT,2:56,176,nv0F7JpE2HA,2026-09-10T11:50:03Z,commit:5c97d16a
Shaky Street,Andy Reiner,Tunes for Time Travel,,INDIFFERENT,3:38,218,VrpDVcVrw5Y,2026-09-10T11:46:25Z,commit:5c97d16a
Old Joe Clark,Andy Reiner,Tunes for Time Travel,,INDIFFERENT,3:58,238,OsruwMBsPEk,2026-09-10T11:42:27Z,commit:5c97d16a
Please Please Please,Sabrina Carpenter,Short n' Sweet,False,INDIFFERENT,3:07,187,62yox0F5lcA,2026-09-10T11:39:20Z,commit:5c97d16a
Red Wine Supernova,Chappell Roan,The Rise and Fall of a Midwest Princess,False,INDIFFERENT,3:13,193,KSbwHJMPq8w,2026-09-10T11:36:07Z,commit:5c97d16a
BIRDS OF A FEATHER,Billie Eilish,HIT ME HARD AND SOFT,False,INDIFFERENT,3:31,211,WKZO-CWeOVA,2026-09-10T11:32:36Z,commit:5c97d16a
Espresso,Sabrina Carpenter,Short n' Sweet,False,INDIFFERENT,2:56,176,kIft-LUHHVA,2026-09-10T11:29:40Z,commit:5c97d16a
20180512,Mac DeMarco,One Wayne G,False,INDIFFERENT,4:08,248,loQolUfkyvo,2026-09-10T11:25:32Z,commit:5c97d16a
Krampuscarol,Andy Reiner,Tunes for Time Travel,,INDIFFERENT,3:34,214,VGgJcjr0qVs,2026-09-10T11:21:58Z,commit:5c97d16a
Shaky Street,Andy Reiner,Tunes for Time Travel,,INDIFFERENT,3:38,218,VrpDVcVrw5Y,2026-09-10T11:18:20Z,commit:5c97d16a
Lone Pine,Andy Reiner,Tunes for Time Travel,,INDIFFERENT,5:17,317,MdoLcZbIMyU,2026-09-10T11:13:03Z,commit:5c97d16a
Went to See the Gypsy,Bob Dylan,New Morning,False,INDIFFERENT,2:50,170,nL99jAlQyFI,2026-09-10T11:10:13Z,commit:5c97d16a
Ramblin' on My Mind,John Mayall,A Hard Road,False,INDIFFERENT,3:05,185,0dh14EClYs8,2026-09-10T11:07:08Z,commit:5c97d16a
Tight Rope,Leon Russell,Carney,False,LIKE,3:01,181,IWZBfyR1h6w,2026-09-10T11:04:07Z,commit:5c97d16a
Anti-Hero,Taylor Swift,Midnights (3am Edition),False,INDIFFERENT,3:21,201,3YgtjHZyCIQ,2026-09-10T11:00:46Z,commit:5c97d16a
Please Please Please,Sabrina Carpenter,Short n' Sweet,False,INDIFFERENT,3:07,187,62yox0F5lcA,2026-09-10T10:57:39Z,commit:5c97d16a
45:33,LCD Soundsystem,45:33,False,LIKE,46:05,2765,WoVO2HKwfbg,2026-09-10T10:11:34Z,commit:5c97d16a
Looks Like The End Of The Road,"Alison Krauss, Union Station",Looks Like The End Of The Road,False,INDIFFERENT,3:41,221,Fj-RWwF7V6A,2026-09-10T10:07:53Z,commit:5c97d16a
Country Heroes,Hank Williams III,Straight To Hell (Clean Version),False,INDIFFERENT,3:30,210,2uJWSWw7XA0,2026-09-10T10:04:23Z,commit:5c97d16a
Southern Cross,"Crosby, Stills & Nash",Greatest Hits,False,INDIFFERENT,4:41,281,IHL-6cUtZj0,2026-09-10T09:59:42Z,commit:5c97d16a
Greatest Story Ever Told (2022 Remaster),Bob Weir,Ace (50th Anniversary Deluxe Edition),False,INDIFFERENT,3:52,232,vwMMDJfH_fE,2026-09-10T09:55:50Z,commit:5c97d16a
Ain’t It Strange,Old Crow Medicine Show,Ain’t It Strange,False,INDIFFERENT,3:19,199,YXxDjQbpt7U,2026-09-10T09:52:31Z,commit:5c97d16a
I'm On Fire,Town Mountain,Heroes & Heretics,False,INDIFFERENT,3:34,214,Z_K_rOQeeqc,2026-09-10T09:48:57Z,commit:5c97d16a
Summer's End,John Prine,The Tree of Forgiveness,False,INDIFFERENT,3:30,210,M1Lx5rTx8pg,2026-09-10T09:45:27Z,commit:5c97d16a
Lovin' You,Blaze Foley,Clay Pigeons,False,INDIFFERENT,3:17,197,f6QRcs0SxPI,2026-09-10T09:42:10Z,commit:5c97d16a
Feelin' Better,"Hank Williams, Jr.",The New South,False,INDIFFERENT,4:00,240,hAB0N1nTaXU,2026-09-10T09:38:10Z,commit:5c97d16a
Lonely Mountain,Matt Heckler,Lonely Mountain,False,INDIFFERENT,2:57,177,OfiVsDmdAA4,2026-09-10T09:35:13Z,commit:5c97d16a
Big Rock Candy Mountain,Norman Blake,"O Brother, Where Art Thou? (Music From The Motion Picture / Deluxe Edition)",False,INDIFFERENT,2:19,139,qKTOUG4PNgc,2026-09-10T09:32:54Z,commit:5c97d16a
Still Is Still Moving To Me,Willie Nelson,Bluegrass,False,INDIFFERENT,4:01,241,0FTQfAfd890,2026-09-10T09:28:53Z,commit:5c97d16a
Dublin Blues,Guy Clark,Transatlantic Sessions - Series 1: Volume One,False,INDIFFERENT,4:33,273,RJ9rITxJQOo,2026-09-10T09:24:20Z,commit:5c97d16a
Windshield,Greensky Bluegrass,Windshield,False,INDIFFERENT,3:45,225,oO6WuMtN2F0,2026-09-10T09:20:35Z,commit:5c97d16a
Get Up John,Kentucky Thunder,Bluegrass Rules!,False,INDIFFERENT,4:07,247,qYZZN8XLFwc,2026-09-10T09:16:28Z,commit:5c97d16a
New York's Not My Home,Jim Croce,Have You Heard: Jim Croce Live,False,INDIFFERENT,3:00,180,WBZdAo757mw,2026-09-10T09:13:28Z,commit:5c97d16a
The Secesh (Shiloh),John Hartford,Songs Of The Civil War,False,INDIFFERENT,2:54,174,2-D7TGSsylo,2026-09-10T09:10:34Z,commit:5c97d16a
40 Miles from Denver,Yonder Mountain String Band,Elevation,False,INDIFFERENT,3:47,227,iF5Lnz8ei28,2026-09-10T09:06:47Z,commit:5c97d16a
Paradise,Sturgill Simpson,"Broken Hearts & Dirty Windows: Songs of John Prine, Vol. 2",False,INDIFFERENT,3:19,199,NpVK9x-wyUo,2026-09-10T09:03:28Z,commit:5c97d16a
I Feel The Blues Moving In,Del McCoury,Don't Stop The Music,False,INDIFFERENT,3:44,224,vb6zLK3AddU,2026-09-10T08:59:44Z,commit:5c97d16a
In a Town This Size (feat. Dolores Keane),John Prine,In Spite Of Ourselves,False,INDIFFERENT,3:32,212,w0Wro7rZluQ,2026-09-10T08:56:12Z,commit:5c97d16a
Joseph's Dream,John Hartford,Nobody Knows What You Do,False,INDIFFERENT,4:25,265,7hTvyV7Qc-g,2026-09-10T08:51:47Z,commit:5c97d16a
THINGS BEHIND THINGS BEHIND THINGS,Bon Iver,"SABLE, fABLE",False,INDIFFERENT,3:21,201,z4QLIkee-Kw,2026-09-10T08:48:26Z,commit:5c97d16a
This Masquerade,Leon Russell,Carney,False,INDIFFERENT,4:26,266,oy_-_JgXA1A,2026-09-10T08:44:00Z,commit:5c97d16a
Dixie Chicken (2023 Remaster),Little Feat,Dixie Chicken (Deluxe Edition),False,INDIFFERENT,3:56,236,G7oCEnBSpRM,2026-09-10T08:40:04Z,commit:5c97d16a
Ripple,Grateful Dead,What a Long Strange Trip It's Been: The Best of the Grateful Dead,False,INDIFFERENT,4:11,251,TEp6TSPQP48,2026-09-10T08:35:53Z,commit:5c97d16a
Sunny Afternoon (Stereo Mix),The Kinks,Face to Face (Deluxe),False,INDIFFERENT,3:35,215,iZOqw5KgEjY,2026-09-10T08:32:18Z,commit:5c97d16a
"It Takes A Lot To Laugh, It Takes A Train To Cry",Leon Russell,Leon Russell And The Shelter People (Expanded Edition),False,INDIFFERENT,4:04,244,sLgb-g4jvj8,2026-09-10T08:28:14Z,commit:5c97d16a
Bennie And The Jets,Elton John,Goodbye Yellow Brick Road (40th Anniversary Celebration / Super Deluxe),False,INDIFFERENT,5:23,323,GAZMyjMul2A,2026-09-10T08:22:51Z,commit:5c97d16a
Mississippi Half-Step Uptown Toodeloo,Grateful Dead,Wake of the Flood,False,INDIFFERENT,5:45,345,DX8ICzDhs4M,2026-09-10T08:17:06Z,commit:5c97d16a
Life on Mars?,David Bowie,Hunky Dory,False,INDIFFERENT,3:56,236,Enzxdvo8NOk,2026-09-10T08:13:10Z,commit:5c97d16a
Out In The Woods,Leon Russell,Carney,False,INDIFFERENT,3:38,218,RW62LP9a5Yc,2026-09-10T08:09:32Z,commit:5c97d16a
Stack-A-Lee,Dr. John,Dr. John's Gumbo,False,INDIFFERENT,3:30,210,fdKY7OAcvWw,2026-09-10T08:06:02Z,commit:5c97d16a
Peace Frog/Blue Sunday (Take 4) [2020 Remaster],The Doors,Morrison Hotel (50th Anniversary Deluxe Edition),False,LIKE,5:43,343,hvqTnMZxfKM,2026-09-10T08:00:19Z,commit:5c97d16a
Midnight Rider,The Allman Brothers Band,Idlewild South (Deluxe Edition Remastered),False,INDIFFERENT,3:01,181,O6Q40nZRRco,2026-09-10T07:57:18Z,commit:5c97d16a
Southern Nights,Glen Campbell,Southern Nights,False,LIKE,3:01,181,X6-sU7pVJ3k,2026-09-10T07:54:17Z,commit:5c97d16a
What Goes Around,Jerry Garcia,Garcia (Compliments) (Expanded),False,INDIFFERENT,3:10,190,Y1FJsK4GqIY,2026-09-10T07:51:07Z,commit:5c97d16a
Old Folks Boogie,Little Feat,Time Loves a Hero,False,INDIFFERENT,3:33,213,nHcGkGdiEHc,2026-09-10T07:47:34Z,commit:5c97d16a
Shakedown Street,Grateful Dead,Shakedown Street,False,INDIFFERENT,5:01,301,I7hpKHPvRVQ,2026-09-10T07:42:33Z,commit:5c97d16a
Of Thee I Sing,Leon Russell,Leon Russell And The Shelter People (Expanded Edition),False,LIKE,4:24,264,8d15gpdX8LQ,2026-09-10T07:38:09Z,commit:5c97d16a
Right Place Wrong Time,Dr. John,The Atco Albums Collection,False,LIKE,2:56,176,grzL8THFlUs,2026-09-10T07:35:13Z,commit:5c97d16a
Kodachrome,Paul Simon,There Goes Rhymin' Simon,False,LIKE,3:36,216,JD6Zq505pnM,2026-09-10T07:31:37Z,commit:5c97d16a
Sin City,The Flying Burrito Brothers,The Gilded Palace Of Sin,False,LIKE,4:10,250,UcU04NGMQb8,2026-09-10T07:27:27Z,commit:5c97d16a
Alabama Song / Backdoor Man (live),The Doors,Critique 1969 (live),False,LIKE,6:07,367,edN9Rld1mRY,2026-09-10T07:21:20Z,commit:5c97d16a
Tight Rope,Leon Russell,Carney,False,LIKE,3:01,181,IWZBfyR1h6w,2026-09-10T07:18:19Z,commit:5c97d16a
Red Wine Supernova,Chappell Roan,The Rise and Fall of a Midwest Princess,False,INDIFFERENT,3:13,193,KSbwHJMPq8w,2026-09-10T07:15:06Z,commit:5c97d16a
BIRDS OF A FEATHER,Billie Eilish,HIT ME HARD AND SOFT,False,INDIFFERENT,3:31,211,WKZO-CWeOVA,2026-09-10T07:11:35Z,commit:5c97d16a
Espresso,Sabrina Carpenter,Short n' Sweet,False,INDIFFERENT,2:56,176,kIft-LUHHVA,2026-09-10T07:08:39Z,commit:5c97d16a
Please Please Please,Sabrina Carpenter,Short n' Sweet,False,INDIFFERENT,3:07,187,62yox0F5lcA,2026-09-10T07:05:32Z,commit:5c97d16a
Nobody Knows What You Do,John Hartford,Nobody Knows What You Do,False,INDIFFERENT,3:59,239,jozQQIalOnY,2026-09-10T07:01:33Z,commit:5c97d16a
Somewhere My Love /We'll Meet Again Sweetheart,John Hartford,Nobody Knows What You Do,False,INDIFFERENT,2:41,161,ZwVIOkjapmA,2026-09-10T06:58:52Z,commit:5c97d16a
Heart To Heart,Mac DeMarco,Here Comes The Cowboy,False,LIKE,3:32,212,qBoQzo98EpQ,2026-09-10T06:23:25Z,commit:5c97d16a
20180512,Mac DeMarco,One Wayne G,False,INDIFFERENT,4:08,248,loQolUfkyvo,2026-09-10T06:19:17Z,commit:5c97d16a
Improv >,Medeski Martin & Wood,1996-10-14-NY,,INDIFFERENT,17:21,1041,7_iFwkrDuS8,2026-09-10T06:01:56Z,commit:5c97d16a
Good Golly Miss Molly,Medeski Martin & Wood,1996-10-14-NY,,INDIFFERENT,11:04,664,NUUjO3UJm_Y,2026-09-10T05:50:52Z,commit:5c97d16a
Jelly Belly > Drum Solo,Medeski Martin & Wood,1996-10-14-NY,,INDIFFERENT,10:52,652,XeWLkZOtzDg,2026-09-10T05:40:00Z,commit:5c97d16a
Bubblehouse,Medeski Martin & Wood,1996-10-14-NY,,INDIFFERENT,5:14,314,j_oCAhgKzCA,2026-09-10T05:34:46Z,commit:5c97d16a
Dracula >,Medeski Martin & Wood,1996-10-14-NY,,INDIFFERENT,9:09,549,QEG6m3efg8U,2026-09-10T05:25:37Z,commit:5c97d16a
Night Marchers,Medeski Martin & Wood,1996-10-14-NY,,INDIFFERENT,10:30,630,8lhc79XeiSA,2026-09-10T05:15:07Z,commit:5c97d16a
Lifeblood >,Medeski Martin & Wood,1996-10-14-NY,,INDIFFERENT,6:50,410,cb-1it_y_aw,2026-09-10T05:08:17Z,commit:5c97d16a
Think >,Medeski Martin & Wood,1996-10-14-NY,,INDIFFERENT,9:11,551,2FBpouYVnFc,2026-09-10T04:59:06Z,commit:5c97d16a
Is There Anybody Here That Loves My Jesus >,Medeski Martin & Wood,1996-10-14-NY,,INDIFFERENT,7:08,428,KmYiXFzg0bA,2026-09-10T04:51:58Z,commit:5c97d16a
The Color of Life,Tommy Guerrero,Soul Food Taqueria,False,LIKE,3:58,238,ZY9FI9EI82w,2026-09-10T04:48:00Z,commit:5c97d16a
One Toke Over the Line,Brewer & Shipley,Tarkio Road,False,LIKE,3:20,200,OF3EUFnafp8,2026-09-10T04:44:40Z,commit:5c97d16a
Shameful Joy,Satellite Friend,Shameful Joy,False,LIKE,4:24,264,aKm3-LZSfTg,2026-09-10T04:40:16Z,commit:5c97d16a
Last Night I Dreamt That Somebody Loved Me,The Smiths,"Strangeways, Here We Come",False,INDIFFERENT,5:06,306,4WCnl1VTEeg,2026-09-10T04:35:10Z,commit:5c97d16a
Something (On My Mind),Jack J,Looking Forward To You,False,INDIFFERENT,10:32,632,NmWOBxpRV9E,2026-09-10T04:24:38Z,commit:5c97d16a
I Threw It All Away,Bob Dylan,Nashville Skyline,False,INDIFFERENT,2:24,144,KW1jliOJ1dA,2026-09-10T04:22:14Z,commit:5c97d16a
This Charming Man,The Smiths,The Smiths,False,INDIFFERENT,2:43,163,OYYZFx7_DS8,2026-09-10T04:19:31Z,commit:5c97d16a
Mother of Earth,The Gun Club,Miami,False,INDIFFERENT,3:25,205,o927nBd1ilM,2026-09-10T04:16:06Z,commit:5c97d16a
Goleuni Ynysig five,Rob Jenkins,Goleuni Ynysig,False,INDIFFERENT,10:48,648,ZIT_pfzoues,2026-09-10T04:05:18Z,commit:5c97d16a
Goleuni Ynysig eleven,Rob Jenkins,Goleuni Ynysig,False,INDIFFERENT,8:40,520,HFNrjHXalcM,2026-09-10T03:56:38Z,commit:5c97d16a
Goleuni Ynysig nine,Rob Jenkins,Goleuni Ynysig,False,INDIFFERENT,9:48,588,eWnW60c_o60,2026-09-10T03:46:50Z,commit:5c97d16a
Goleuni Ynysig five,Rob Jenkins,Goleuni Ynysig,False,INDIFFERENT,10:48,648,ZIT_pfzoues,2026-09-10T03:36:02Z,commit:5c97d16a
Stand By Me,Ben E. King,Don't Play That Song,False,INDIFFERENT,2:56,176,b-D5yAAXYng,2026-09-10T03:33:06Z,commit:5c97d16a
My Lover's Prayer,Otis Redding,Complete & Unbelievable: The Otis Redding Dictionary of Soul,False,INDIFFERENT,3:11,191,90jNLhshnqQ,2026-09-10T03:29:55Z,commit:5c97d16a
Try Me (Single Version / Mono),James Brown & The Famous Flames,The 50th Anniversary Collection,False,INDIFFERENT,2:31,151,tbwSJ7GJ2lc,2026-09-10T03:27:24Z,commit:5c97d16a
Have You Seen Her,The Chi-Lites,Greatest Hits,False,INDIFFERENT,5:03,303,e7fPXYn5ayY,2026-09-10T03:22:21Z,commit:5c97d16a
Be My Baby,The Ronettes,Presenting the Fabulous Ronettes Featuring Veronica,False,INDIFFERENT,2:41,161,QBDem6bffyo,2026-09-10T03:19:40Z,commit:5c97d16a
I've Got Dreams to Remember,Otis Redding,The Immortal Otis Redding,False,INDIFFERENT,3:16,196,MOwNCKZeNOE,2026-09-10T03:16:24Z,commit:5c97d16a
Come and Get Your Love (Single Version),Redbone,Come and Get Your Love (Single Edit),False,INDIFFERENT,3:26,206,rsf_gTZG4cI,2026-09-10T03:12:58Z,commit:5c97d16a
I Heard It Through The Grapevine,Marvin Gaye,In The Groove,False,INDIFFERENT,3:15,195,kAPj9oP4q_w,2026-09-10T03:09:43Z,commit:5c97d16a
Use Me,Bill Withers,Still Bill,False,INDIFFERENT,3:49,229,u_T6GE_EOks,2026-09-10T03:05:54Z,commit:5c97d16a
Green Onions,Booker T. & The M.G.'s,Green Onions (Stax Remasters),False,INDIFFERENT,2:56,176,9aiVTfkWdX8,2026-09-10T03:02:58Z,commit:5c97d16a
Girl from the North Country,Bob Dylan,The Freewheelin' Bob Dylan,False,INDIFFERENT,3:20,200,JncbFS5ek74,2026-09-10T02:59:38Z,commit:5c97d16a
When a Man Loves a Woman,Percy Sledge,When a Man Loves a Woman / Love Me Like You Mean It,False,INDIFFERENT,2:51,171,6meW-K-1e7Q,2026-09-10T02:56:47Z,commit:5c97d16a
At Last,Etta James,At Last!,False,INDIFFERENT,3:00,180,1qJU8G7gR_g,2026-09-10T02:53:47Z,commit:5c97d16a
Thin Line Between Love and Hate,The Persuaders,Thin Line Between Love & Hate: Golden Classics,False,INDIFFERENT,3:28,208,f2oc1ynfIwk,2026-09-10T02:50:19Z,commit:5c97d16a
Spoonful,Howlin' Wolf,Howlin' Wolf,False,LIKE,2:50,170,4fjviTLYqoc,2026-09-10T02:47:29Z,commit:5c97d16a
(Your Love Keeps Lifting Me) Higher & Higher,Jackie Wilson,The Ultimate Jackie Wilson,False,INDIFFERENT,3:02,182,Gn6SNbTD0_Q,2026-09-10T02:44:27Z,commit:5c97d16a
Another Saturday Night,Sam Cooke,Ain't That Good News,False,INDIFFERENT,2:40,160,yaBkIstHkD0,2026-09-10T02:41:47Z,commit:5c97d16a
Tired Of Being Alone,Al Green,Gets Next To You,False,LIKE,2:53,173,BEBHIV9L3uc,2026-09-10T02:38:54Z,commit:5c97d16a
(Sittin' On) the Dock of the Bay,Otis Redding,The Dock of the Bay (Mono),False,INDIFFERENT,2:44,164,7C-VscEQugk,2026-09-10T02:36:10Z,commit:5c97d16a
I've Been Loving You Too Long,Otis Redding,The Very Best of Otis Redding,False,INDIFFERENT,2:57,177,T0zROagSE7U,2026-09-10T02:33:13Z,commit:5c97d16a
Canyon Moonrise,Andy Reiner,Tunes for Time Travel,,INDIFFERENT,3:49,229,UJAM0Nby_6k,2026-09-10T02:29:24Z,commit:5c97d16a
Manitoba Sunset / Loveland Shakedown,Andy Reiner,Tunes for Time Travel,,INDIFFERENT,4:15,255,rvuL5hXSOGI,2026-09-10T02:25:09Z,commit:5c97d16a
Yard Moose,Andy Reiner,Tunes for Time Travel,,INDIFFERENT,4:24,264,J27OmJDRblk,2026-09-10T02:20:45Z,commit:5c97d16a
In the Good Old Days (When Times Were Bad) (Bonus),"Alice Gerrard, Hazel Dickens","Sing Me Back Home: The DC Tapes, 1965-1969",False,INDIFFERENT,2:56,176,pYG4SigK9nQ,2026-09-10T01:54:58Z,commit:5c97d16a
The First Whippoorwill (Bonus),"Alice Gerrard, Hazel Dickens","Sing Me Back Home: The DC Tapes, 1965-1969",False,INDIFFERENT,2:27,147,xvefP5qwZ6w,2026-09-10T01:52:31Z,commit:5c97d16a
Sing Me Back Home,"Alice Gerrard, Hazel Dickens","Sing Me Back Home: The DC Tapes, 1965-1969",False,INDIFFERENT,3:25,205,L8PAVQWwEmo,2026-09-10T01:49:06Z,commit:5c97d16a
Bound to Ride,"Alice Gerrard, Hazel Dickens","Sing Me Back Home: The DC Tapes, 1965-1969",False,INDIFFERENT,1:37,97,xEPfKMphcNk,2026-09-10T01:47:29Z,commit:5c97d16a
Why Not Confess,"Alice Gerrard, Hazel Dickens","Sing Me Back Home: The DC Tapes, 1965-1969",False,INDIFFERENT,2:02,122,AbvFrHXCCeg,2026-09-10T01:45:27Z,commit:5c97d16a
No Hard Times,"Alice Gerrard, Hazel Dickens","Sing Me Back Home: The DC Tapes, 1965-1969",False,INDIFFERENT,3:03,183,0DNJQpU3A_s,2026-09-10T01:42:24Z,commit:5c97d16a
I'll Wash Your Love from My Heart,"Alice Gerrard, Hazel Dickens","Sing Me Back Home: The DC Tapes, 1965-1969",False,INDIFFERENT,1:49,109,w6pdXe9NjXk,2026-09-10T01:40:35Z,commit:5c97d16a
No Telephone in Heaven,"Alice Gerrard, Hazel Dickens","Sing Me Back Home: The DC Tapes, 1965-1969",False,INDIFFERENT,2:40,160,zJS90FBFyc0,2026-09-10T01:37:55Z,commit:5c97d16a
Will You Miss Me,"Alice Gerrard, Hazel Dickens","Sing Me Back Home: The DC Tapes, 1965-1969",False,INDIFFERENT,3:12,192,lo-XH93bsZs,2026-09-10T01:34:43Z,commit:5c97d16a
Let Me Fall,"Alice Gerrard, Hazel Dickens","Sing Me Back Home: The DC Tapes, 1965-1969",False,INDIFFERENT,2:03,123,jZ_9qlWWGjA,2026-09-10T01:32:40Z,commit:5c97d16a
No One to Welcome Me Home,"Alice Gerrard, Hazel Dickens","Sing Me Back Home: The DC Tapes, 1965-1969",False,INDIFFERENT,2:57,177,nlRWYQZFE5k,2026-09-10T01:29:43Z,commit:5c97d16a
Are You All Alone,"Alice Gerrard, Hazel Dickens","Sing Me Back Home: The DC Tapes, 1965-1969",False,INDIFFERENT,2:08,128,zbNwb5U9Ga4,2026-09-10T01:27:35Z,commit:5c97d16a
Little Darling Pal of Mine,"Alice Gerrard, Hazel Dickens","Sing Me Back Home: The DC Tapes, 1965-1969",False,INDIFFERENT,2:27,147,iHFrpYore0M,2026-09-10T01:25:08Z,commit:5c97d16a
James Alley Blues,"Alice Gerrard, Hazel Dickens","Sing Me Back Home: The DC Tapes, 1965-1969",False,INDIFFERENT,4:23,263,DFC2EXpqyJo,2026-09-10T01:20:45Z,commit:5c97d16a
This Little Light of Mine,"Alice Gerrard, Hazel Dickens","Sing Me Back Home: The DC Tapes, 1965-1969",False,INDIFFERENT,1:57,117,BspoOQ078Dk,2026-09-10T01:18:48Z,commit:5c97d16a
Cannonball Blues,"Alice Gerrard, Hazel Dickens","Sing Me Back Home: The DC Tapes, 1965-1969",False,INDIFFERENT,2:09,129,-56aqcF5u_Y,2026-09-10T01:16:39Z,commit:5c97d16a
Seven Year Blues,"Alice Gerrard, Hazel Dickens","Sing Me Back Home: The DC Tapes, 1965-1969",False,INDIFFERENT,2:05,125,1eVosIJzmS4,2026-09-10T01:14:34Z,commit:5c97d16a
Tell Me That You Love Me,"Alice Gerrard, Hazel Dickens","Sing Me Back Home: The DC Tapes, 1965-1969",False,INDIFFERENT,2:33,153,D2nPUyKvFJA,2026-09-10T01:12:01Z,commit:5c97d16a
Bye Bye Love,"Alice Gerrard, Hazel Dickens","Sing Me Back Home: The DC Tapes, 1965-1969",False,INDIFFERENT,2:52,172,lflxgafvuCg,2026-09-10T01:09:09Z,commit:5c97d16a
Jorja Smith - The One (Audio),"432K views, Victoria Cristina",,False,INDIFFERENT,3:21,201,YXTtKvBKYzE,2026-09-10T01:05:48Z,commit:5c97d16a
Nine Cards Of Vistas,Ivan the Tolerable,Magic Smoke Chords,False,INDIFFERENT,20:56,1256,T--IBWY2I9Q,2026-09-10T00:44:52Z,commit:5c97d16a
Bandaged Spires,Ivan the Tolerable,Magic Smoke Chords,False,INDIFFERENT,22:33,1353,eeR-ek72Yxs,2026-09-10T00:22:19Z,commit:5c97d16a
Jorja Smith - The One (Audio),"431K views, Victoria Cristina",,False,INDIFFERENT,3:21,201,YXTtKvBKYzE,2026-09-10T00:18:58Z,commit:5c97d16a
Nine Cards Of Vistas,Ivan the Tolerable,Magic Smoke Chords,False,INDIFFERENT,20:56,1256,T--IBWY2I9Q,2026-09-09T23:58:02Z,commit:5c97d16a
Through a Skylight,"Bill Frisell, Gary Peacock",Just So Happens,False,INDIFFERENT,2:54,174,01Z5U57FEco,2026-09-09T23:55:08Z,commit:5c97d16a
Wapitis Dream,"Bill Frisell, Gary Peacock",Just So Happens,False,INDIFFERENT,3:22,202,YH1Sd0zLgS0,2026-09-09T23:51:46Z,commit:5c97d16a
Baba Drame,Bill Frisell,Valentine,False,INDIFFERENT,5:00,300,p2Heym9p2Bk,2026-09-09T23:46:46Z,commit:5c97d16a
Winter Always Turns To Spring,Bill Frisell,Valentine,False,INDIFFERENT,5:11,311,mn-19XD3nqw,2026-09-09T23:41:35Z,commit:5c97d16a
Hour Glass,Bill Frisell,Valentine,False,INDIFFERENT,2:59,179,j86WGS1FYFA,2026-09-09T23:38:36Z,commit:5c97d16a
Keep Your Eyes Open,Bill Frisell,Valentine,False,INDIFFERENT,6:06,366,mh1pxDOXqwE,2026-09-09T23:32:30Z,commit:5c97d16a
Valentine,Bill Frisell,Valentine,False,INDIFFERENT,6:28,388,5S-4eZtTCGQ,2026-09-09T23:26:02Z,commit:5c97d16a
Linda,"Charlie Mariano, Frank Rosolino, Pete Jolly, Sam Noto",Vintage Jazz No. 87 - EP: Bésame Mucho,False,INDIFFERENT,3:02,182,PxfaoeDjqgg,2026-09-09T23:23:00Z,commit:5c97d16a
The Fruit (feat. Peter Washington & Louis Hayes),David Hazeltine,The Classic Trio,False,INDIFFERENT,5:13,313,hwu2iUMBZcU,2026-09-09T23:17:47Z,commit:5c97d16a
Chasin' the Gypsy,James Carter,Chasin' The Gypsy,False,INDIFFERENT,4:03,243,Y1NvM4M5igI,2026-09-09T23:13:44Z,commit:5c97d16a
In Walked Po,"Bill Frisell, Gary Peacock",Just So Happens,False,INDIFFERENT,6:14,374,ZFgcJym1pgw,2026-09-09T23:07:30Z,commit:5c97d16a
Capricorn,Pat Metheny Trio,Trio 99-00,False,INDIFFERENT,6:20,380,hahWjYCbgbc,2026-09-09T23:01:10Z,commit:5c97d16a
Loie,Kenny Burrell,Guitar Forms,False,INDIFFERENT,3:18,198,9diprINLfUc,2026-09-09T22:57:52Z,commit:5c97d16a
"Love, Your Spell Is Everywhere",Curtis Fuller Quintet,Blues-ette,False,INDIFFERENT,7:10,430,wU5pp45mI6Q,2026-09-09T22:50:42Z,commit:5c97d16a
Just So Happens (Alternative),"Bill Frisell, Gary Peacock",It Happened Again,False,INDIFFERENT,4:10,250,IYJThhCVHic,2026-09-09T22:46:32Z,commit:5c97d16a
N.O.M.B. (Alternative),"Bill Frisell, Gary Peacock",It Happened Again,False,INDIFFERENT,3:58,238,N5mFzSnSDeA,2026-09-09T22:42:34Z,commit:5c97d16a
The Willies,Bill Frisell,The Willies,False,INDIFFERENT,6:26,386,TdsXtg0RZ8M,2026-09-09T22:36:08Z,commit:5c97d16a
Big Shoe,Bill Frisell,The Willies,False,INDIFFERENT,4:52,292,PcW3VJDaiIw,2026-09-09T22:31:16Z,commit:5c97d16a
Goodnight Irene,Bill Frisell,The Willies,False,INDIFFERENT,3:56,236,m1sV0XUpmJY,2026-09-09T22:27:20Z,commit:5c97d16a
I Know You Care,Bill Frisell,The Willies,False,INDIFFERENT,3:14,194,l6pvnJp1_cc,2026-09-09T22:24:06Z,commit:5c97d16a
"Cold, Cold Heart",Bill Frisell,The Willies,False,INDIFFERENT,2:28,148,Xxk1UOQz37I,2026-09-09T22:21:38Z,commit:5c97d16a
Cluck Old Hen (Reprise),Bill Frisell,The Willies,False,INDIFFERENT,1:51,111,3-u3fM57Qls,2026-09-09T22:19:47Z,commit:5c97d16a
If I Could I Surely Would,Bill Frisell,The Willies,False,INDIFFERENT,6:47,407,ZLF8jqywHDc,2026-09-09T22:13:00Z,commit:5c97d16a
Blackberry Blossom,Bill Frisell,The Willies,False,INDIFFERENT,4:21,261,bjWVLGVg_QI,2026-09-09T22:08:39Z,commit:5c97d16a
Sugar Baby,Bill Frisell,The Willies,False,INDIFFERENT,3:52,232,W9pGTThyMwI,2026-09-09T22:04:47Z,commit:5c97d16a
John Hardy Was a Desperate Man,Bill Frisell,The Willies,False,INDIFFERENT,5:19,319,P4kD5KI0qqo,2026-09-09T21:59:28Z,commit:5c97d16a
Get Along,Bill Frisell,The Willies,False,INDIFFERENT,3:24,204,vmXkp2-eA1Y,2026-09-09T21:56:04Z,commit:5c97d16a
"Single Girl, Married Girl",Bill Frisell,The Willies,False,INDIFFERENT,3:58,238,ldncOieU5O0,2026-09-09T21:52:06Z,commit:5c97d16a
I Want to Go Home,Bill Frisell,The Willies,False,INDIFFERENT,4:16,256,OuBNWxWa5oI,2026-09-09T21:47:50Z,commit:5c97d16a
Everybody Loves Everybody,Bill Frisell,The Willies,False,INDIFFERENT,3:44,224,7wpOp-R22bY,2026-09-09T21:44:06Z,commit:5c97d16a
Nicola Cruz Boiler Room Tulum x Comunite Live Set,"13M views, Boiler Room",,False,LIKE,50:34,3034,BcJCNLgEsHs,2026-09-09T20:53:32Z,commit:5c97d16a
Cluck Old Hen,Bill Frisell,The Willies,False,INDIFFERENT,3:54,234,iO-QXzwZaUk,2026-09-09T20:49:38Z,commit:5c97d16a
Sittin' on Top of the World,Bill Frisell,The Willies,False,INDIFFERENT,4:01,241,Eq4vJTg8xUQ,2026-09-09T20:45:37Z,commit:5c97d16a
Good Morning Heartache (Alternative),"Bill Frisell, Gary Peacock",It Happened Again,False,INDIFFERENT,2:55,175,evUSJMDzP8U,2026-09-09T20:42:42Z,commit:5c97d16a
Reciprocity (Alternative),"Bill Frisell, Gary Peacock",It Happened Again,False,INDIFFERENT,4:14,254,84bASkdj5mo,2026-09-09T20:38:28Z,commit:5c97d16a
Red River Valley (Alternative),Gary Peacock,It Happened Again,False,INDIFFERENT,1:52,112,JDldj7TG7lA,2026-09-09T20:36:36Z,commit:5c97d16a
"Home On the Range, Pt. 2 (Alternative)","Bill Frisell, Gary Peacock",It Happened Again,False,INDIFFERENT,3:36,216,5OMwon1eFzg,2026-09-09T20:33:00Z,commit:5c97d16a
"Home On the Range, Pt. 1 (Alternative)","Bill Frisell, Gary Peacock",It Happened Again,False,INDIFFERENT,3:11,191,98YYm4k0UJI,2026-09-09T20:29:49Z,commit:5c97d16a
Only Now (Alternative),"Bill Frisell, Gary Peacock",It Happened Again,False,INDIFFERENT,3:32,212,JmJULf5XMkQ,2026-09-09T20:26:17Z,commit:5c97d16a
Harvest Moon (feat. AJ Lee & Blue Summit),The Brothers Comatose,Harvest Moon,False,INDIFFERENT,4:42,282,4yRxiQ7AxKw,2026-09-09T20:21:35Z,commit:5c97d16a
Please Don't Bury Me,John Prine,Souvenirs,False,INDIFFERENT,3:07,187,PG2D1zsMvqk,2026-09-09T20:18:28Z,commit:5c97d16a
Sweet Appalachia,Del McCoury Band,Family Circle,False,INDIFFERENT,3:41,221,GJr_fjr5vA4,2026-09-09T20:14:47Z,commit:5c97d16a
Poor Man's Blues,Cabinet,This Is Cabinet: Set 2,False,LIKE,3:12,192,6eWhynIw-Iw,2026-09-09T20:11:35Z,commit:5c97d16a
Two Soldiers (Live At The American Legion Post 82),"Billy Strings, Bryan Sutton",Live At The Legion,False,INDIFFERENT,5:55,355,cOssaacmxCg,2026-09-09T20:05:40Z,commit:5c97d16a
Little Darling Pal of Mine (Live At The American Legion Post 82),"Billy Strings, Bryan Sutton",Live At The Legion,False,INDIFFERENT,3:26,206,wdfvys_5r_4,2026-09-09T20:02:14Z,commit:5c97d16a
Gonna Lay Down My Old Guitar (Live At The American Legion Post 82),"Billy Strings, Bryan Sutton",Live At The Legion,False,INDIFFERENT,3:53,233,9uhT4Kd8O14,2026-09-09T19:58:21Z,commit:5c97d16a
Give The Fiddler A Dram / Whistling Rufus / Ragtime Annie (Live At The American Legion Post 82),"Billy Strings, Bryan Sutton",Live At The Legion,False,INDIFFERENT,5:16,316,mK0Hqtt7fdo,2026-09-09T19:53:05Z,commit:5c97d16a
Mary Of The Wild Moor (Live At The American Legion Post 82),"Billy Strings, Bryan Sutton",Live At The Legion,False,INDIFFERENT,3:47,227,i460HdZKm1Q,2026-09-09T19:49:18Z,commit:5c97d16a
Darling Corey (Live At The American Legion Post 82),"Billy Strings, Bryan Sutton",Live At The Legion,False,INDIFFERENT,5:12,312,-NuFv0DowdM,2026-09-09T19:44:06Z,commit:5c97d16a
"Don't Think Twice, It's Alright (Live At The American Legion Post 82)","Billy Strings, Bryan Sutton",Live At The Legion,False,INDIFFERENT,3:47,227,fpNzgrBr9YY,2026-09-09T19:40:19Z,commit:5c97d16a
Travelin' Man (Live At The American Legion Post 82),"Billy Strings, Bryan Sutton",Live At The Legion,False,INDIFFERENT,3:18,198,vA-aqXGIFLk,2026-09-09T19:37:01Z,commit:5c97d16a
Salt Creek / Big Sandy River (Live At The American Legion Post 82),"Billy Strings, Bryan Sutton",Live At The Legion,False,INDIFFERENT,6:14,374,tIViIyomb2w,2026-09-09T19:30:47Z,commit:5c97d16a
Last Day At Gettysburg (Live At The American Legion Post 82),"Billy Strings, Bryan Sutton",Live At The Legion,False,INDIFFERENT,4:16,256,8NaSkegtYeA,2026-09-09T19:26:31Z,commit:5c97d16a
Two Soldiers (Live At The American Legion Post 82),"Billy Strings, Bryan Sutton",Live At The Legion,False,INDIFFERENT,5:55,355,cOssaacmxCg,2026-09-09T19:20:36Z,commit:5c97d16a
Open Up Them Pearly Gates (Live At The American Legion Post 82),"Billy Strings, Bryan Sutton",Live At The Legion,False,INDIFFERENT,3:31,211,-_asY2M_mZ8,2026-09-09T19:17:05Z,commit:5c97d16a
Groundhog (Live At The American Legion Post 82),"Billy Strings, Bryan Sutton",Live At The Legion,False,INDIFFERENT,6:55,415,kXYldz2jlIE,2026-09-09T19:10:10Z,commit:5c97d16a
Give Me Back My Fifteen Cents (Live At The American Legion Post 82),"Billy Strings, Bryan Sutton",Live At The Legion,False,INDIFFERENT,3:45,225,j2cE3717HdY,2026-09-09T19:06:25Z,commit:5c97d16a
Randall Collins / Done Gone (Live At The American Legion Post 82),"Billy Strings, Bryan Sutton",Live At The Legion,False,INDIFFERENT,5:01,301,OmZ7eprelWg,2026-09-09T19:01:24Z,commit:5c97d16a
Way Downtown (Live At The American Legion Post 82),"Billy Strings, Bryan Sutton",Live At The Legion,False,INDIFFERENT,3:52,232,_qkyBPU1QoU,2026-09-09T18:57:32Z,commit:5c97d16a
"Cold, Cold World (Live At The American Legion Post 82)","Billy Strings, Bryan Sutton",Live At The Legion,False,INDIFFERENT,4:34,274,WtXLkzh-l8E,2026-09-09T18:52:58Z,commit:5c97d16a
Texas Gales (Live At The American Legion Post 82),"Billy Strings, Bryan Sutton",Live At The Legion,False,INDIFFERENT,3:26,206,KNaIv6iQBGU,2026-09-09T18:49:32Z,commit:5c97d16a
Walk On Boy (Live At The American Legion Post 82),"Billy Strings, Bryan Sutton",Live At The Legion,False,INDIFFERENT,4:22,262,Z_oaXssoav8,2026-09-09T18:45:10Z,commit:5c97d16a
Little Darling Pal of Mine (Live At The American Legion Post 82),"Billy Strings, Bryan Sutton",Live At The Legion,False,INDIFFERENT,3:26,206,wdfvys_5r_4,2026-09-09T18:41:44Z,commit:5c97d16a
Tom Dooley (Live At The American Legion Post 82),"Billy Strings, Bryan Sutton",Live At The Legion,False,INDIFFERENT,4:23,263,yaYWvp8ZNYE,2026-09-09T18:37:21Z,commit:5c97d16a
Nashville Blues (Live At The American Legion Post 82),"Billy Strings, Bryan Sutton",Live At The Legion,False,INDIFFERENT,4:01,241,B3Q87Kt8SjI,2026-09-09T18:33:20Z,commit:5c97d16a
Lonesome Armadillo,"Jan Fabricius, Tim O'Brien",Lonesome Armadillo,False,LIKE,3:30,210,Y8-EZqbS8-4,2026-09-09T18:29:50Z,commit:5c97d16a
Hucklberry Blues,Foghorn Stringband,Rattlesnake Tidal Wave,False,INDIFFERENT,3:39,219,sMYnoNY_fnU,2026-09-09T18:26:11Z,commit:5c97d16a
Farther Along,Foghorn Stringband,Rattlesnake Tidal Wave,False,INDIFFERENT,4:15,255,MX7YUTYwwfA,2026-09-09T18:21:56Z,commit:5c97d16a
Pretty Little Dog,Foghorn Stringband,Rattlesnake Tidal Wave,False,INDIFFERENT,2:08,128,NuVKtYQn8-A,2026-09-09T18:19:48Z,commit:5c97d16a
Sherburn's Breakdown,Foghorn Stringband,Rattlesnake Tidal Wave,False,INDIFFERENT,2:08,128,Fd6YCMSbqwM,2026-09-09T18:17:40Z,commit:5c97d16a
Let Me Fall,Foghorn Stringband,Rattlesnake Tidal Wave,False,INDIFFERENT,3:20,200,ySmBCvqCR_4,2026-09-09T18:14:20Z,commit:5c97d16a
Courting Days Waltz,Foghorn Stringband,Rattlesnake Tidal Wave,False,INDIFFERENT,3:44,224,3RUsA3FW1q4,2026-09-09T18:10:36Z,commit:5c97d16a
Three Forks of The Cumberland,Foghorn Stringband,Rattlesnake Tidal Wave,False,INDIFFERENT,1:59,119,3GhYJPYfOGA,2026-09-09T18:08:37Z,commit:5c97d16a
Cherry River,Foghorn Stringband,Rattlesnake Tidal Wave,False,INDIFFERENT,2:32,152,Ki3YLv2r2WA,2026-09-09T18:06:05Z,commit:5c97d16a
New Broom,Foghorn Stringband,Rattlesnake Tidal Wave,False,INDIFFERENT,2:41,161,-3TywSIL2qs,2026-09-09T18:03:24Z,commit:5c97d16a
Willie Moore,Foghorn Stringband,Rattlesnake Tidal Wave,False,INDIFFERENT,4:45,285,UBWyss_uwmY,2026-09-09T17:58:39Z,commit:5c97d16a
Lacy Brown,Foghorn Stringband,Rattlesnake Tidal Wave,False,INDIFFERENT,2:35,155,hjHKl0NLz0s,2026-09-09T17:56:04Z,commit:5c97d16a
Jim Short's Tune,Foghorn Stringband,Rattlesnake Tidal Wave,False,INDIFFERENT,1:36,96,7DlG1sNXKtg,2026-09-09T17:54:28Z,commit:5c97d16a
Roving Gambler - Jaybird in the Ashbrook,Foghorn Stringband,Rattlesnake Tidal Wave,False,INDIFFERENT,4:11,251,iraXEmua6rI,2026-09-09T17:50:17Z,commit:5c97d16a
Rocky Pallet,Foghorn Stringband,Rattlesnake Tidal Wave,False,INDIFFERENT,2:27,147,ZW-9Ee5XWLg,2026-09-09T17:47:50Z,commit:5c97d16a
Fine Times At Our House,Foghorn Stringband,Rattlesnake Tidal Wave,False,INDIFFERENT,2:38,158,u8cxdH6Th_I,2026-09-09T17:45:12Z,commit:5c97d16a
Grey Eagle,Foghorn Stringband,Rattlesnake Tidal Wave,False,INDIFFERENT,2:34,154,vghh6ccOBJw,2026-09-09T17:42:38Z,commit:5c97d16a
Policeman,Foghorn Stringband,Rattlesnake Tidal Wave,False,LIKE,3:18,198,1b7dQ2DLc_M,2026-09-09T17:39:20Z,commit:5c97d16a
Drunkard's Dream,Foghorn Stringband,Rattlesnake Tidal Wave,False,INDIFFERENT,2:50,170,tE0fUG7GSb4,2026-09-09T17:36:30Z,commit:5c97d16a
Lost Indian,Foghorn Stringband,Rattlesnake Tidal Wave,False,INDIFFERENT,2:58,178,jn026JIyKjU,2026-09-09T17:33:32Z,commit:5c97d16a
Lost Girl,Foghorn Stringband,Rattlesnake Tidal Wave,False,INDIFFERENT,3:07,187,VgzLzAFzNJk,2026-09-09T17:30:25Z,commit:5c97d16a
Sow 'Em On The Mountain,Foghorn Stringband,Reap What You Sow,False,INDIFFERENT,4:38,278,ut_UqpmZ0j4,2026-09-09T17:25:47Z,commit:5c97d16a
Cluck Old Hen,Foghorn Stringband,Reap What You Sow,False,INDIFFERENT,2:19,139,CmetewA06C0,2026-09-09T17:23:28Z,commit:5c97d16a
Nobody's Darling,Foghorn Stringband,Reap What You Sow,False,INDIFFERENT,3:28,208,IgC05LmkaZY,2026-09-09T17:20:00Z,commit:5c97d16a
Turkey Tracks,Foghorn Stringband,Reap What You Sow,False,INDIFFERENT,2:34,154,vS1GJ3Lv5ho,2026-09-09T17:17:26Z,commit:5c97d16a
Fall On My Knees,Foghorn Stringband,Reap What You Sow,False,LIKE,4:45,285,2sVJfYnm6tA,2026-09-09T17:12:41Z,commit:5c97d16a
Black Mountaine Rag,Foghorn Stringband,Reap What You Sow,False,INDIFFERENT,3:22,202,PLwM8H4eERg,2026-09-09T17:09:19Z,commit:5c97d16a
Danville Girl,Foghorn Stringband,Reap What You Sow,False,LIKE,3:47,227,xRgju94UP2I,2026-09-09T17:05:32Z,commit:5c97d16a
Dying Hobo,Foghorn Stringband,Reap What You Sow,False,INDIFFERENT,3:13,193,LyzDqn84gPs,2026-09-09T17:02:19Z,commit:5c97d16a
Five Miles of Ellum Wood,Foghorn Stringband,Reap What You Sow,False,INDIFFERENT,3:07,187,okkkflLs_6U,2026-09-09T16:59:12Z,commit:5c97d16a
Lonesone Road Blues,Foghorn Stringband,Reap What You Sow,False,INDIFFERENT,3:10,190,V3X1G8go1KE,2026-09-09T16:56:02Z,commit:5c97d16a
Best Timber,Foghorn Stringband,Reap What You Sow,False,INDIFFERENT,2:37,157,j2fl8Hs8pCE,2026-09-09T16:53:25Z,commit:5c97d16a
Charlie and Nellie,Foghorn Stringband,Reap What You Sow,False,INDIFFERENT,3:40,220,1IhBBcl--L8,2026-09-09T16:49:45Z,commit:5c97d16a
Georgia Railroad,Foghorn Stringband,Reap What You Sow,False,INDIFFERENT,3:51,231,orl1CvCLmn4,2026-09-09T16:45:54Z,commit:5c97d16a
Gallop To Kansas,Alice Gerrard,Hazel & Alice,False,INDIFFERENT,1:43,103,YXcc1UUZf_I,2026-09-09T16:44:11Z,commit:5c97d16a
Pretty Bird,Hazel Dickens,Hazel & Alice,False,INDIFFERENT,4:24,264,wi6PMmlfkYg,2026-09-09T16:39:47Z,commit:5c97d16a
You Gave Me A Song,"Alice Gerrard, Hazel Dickens",Hazel & Alice,False,INDIFFERENT,3:21,201,JrsjLn8kidM,2026-09-09T16:36:26Z,commit:5c97d16a
Don't Put Her Down You Helped Put Her There,"Alice Gerrard, Hazel Dickens",Hazel & Alice,False,INDIFFERENT,3:48,228,VZZn-o8Dto8,2026-09-09T16:32:38Z,commit:5c97d16a
Custom Made Woman Blues,"Alice Gerrard, Hazel Dickens",Hazel & Alice,False,INDIFFERENT,3:15,195,T61RV8tp2y8,2026-09-09T16:29:23Z,commit:5c97d16a
My Better Years,"Alice Gerrard, Hazel Dickens",Hazel & Alice,False,INDIFFERENT,3:18,198,658QFDhUvv8,2026-09-09T16:26:05Z,commit:5c97d16a
Tomorrow I'll Be Gone,"Alice Gerrard, Hazel Dickens",Hazel & Alice,False,INDIFFERENT,2:36,156,1I5oJGUkFss,2026-09-09T16:23:29Z,commit:5c97d16a
The Sweetest Gift A Mother's Smile,"Alice Gerrard, Hazel Dickens",Hazel & Alice,False,INDIFFERENT,3:25,205,jFzozcPlLGE,2026-09-09T16:20:04Z,commit:5c97d16a
Two Soldiers,"Alice Gerrard, Hazel Dickens",Hazel & Alice,False,INDIFFERENT,2:57,177,jIl0blyAPGU,2026-09-09T16:17:07Z,commit:5c97d16a
A Few More Years Shall Roll,"Alice Gerrard, Hazel Dickens",Hazel & Alice,False,INDIFFERENT,4:33,273,3uM51wMbcfk,2026-09-09T16:12:34Z,commit:5c97d16a
The Green Rolling Hills Of West Virginia,"Alice Gerrard, Hazel Dickens",Hazel & Alice,False,INDIFFERENT,3:25,205,IOm5jwWDcVI,2026-09-09T16:09:09Z,commit:5c97d16a
Hello Stranger,"Alice Gerrard, Hazel Dickens",Hazel & Alice,False,INDIFFERENT,3:12,192,lMV3dpsu_xw,2026-09-09T16:05:57Z,commit:5c97d16a
Mining Camp Blues,"Alice Gerrard, Hazel Dickens",Hazel & Alice,False,INDIFFERENT,3:26,206,fbspq1qinys,2026-09-09T16:02:31Z,commit:5c97d16a
Hello Stranger,"Alice Gerrard, Hazel Dickens",Hazel & Alice,False,INDIFFERENT,3:12,192,lMV3dpsu_xw,2026-09-09T15:59:19Z,commit:5c97d16a
Edgar The Party Man,John Gorka,Between Five And Seven,False,INDIFFERENT,3:28,208,CoNDRpLUPwo,2026-09-09T15:55:51Z,commit:5c97d16a
Travelling Shoes,Bill Staines,Tracks And Trails,False,INDIFFERENT,3:36,216,yDO8Rl4Kb9k,2026-09-09T15:52:15Z,commit:5c97d16a
Neil Degrasse Tyson Introduces Planet X (Live),Christine Lavin,Spaghettification,False,INDIFFERENT,7:44,464,wyHsbvfmjfY,2026-09-09T15:44:31Z,commit:5c97d16a
St. Claire's Defeat,"Bob Camp, Bob Gibson",Bob Gibson & Bob Camp At The Gate Of Horn,False,INDIFFERENT,3:31,211,huunUIGdKqk,2026-09-09T15:41:00Z,commit:5c97d16a
Johnny Got A Gun,Tom Paxton,Wearing The Time,False,INDIFFERENT,2:50,170,WBdWDqvfRz4,2026-09-09T15:38:10Z,commit:5c97d16a
In the Sweet Bye and Bye / Preacher and the Slave,Pete Seeger,"The Complete Bowdoin College Concert, 1960",False,INDIFFERENT,3:42,222,cj02R-R8Who,2026-09-09T15:34:28Z,commit:5c97d16a
Contrary Mary,David Massengill,Cornelia Street Songwriters Exchange,False,INDIFFERENT,5:17,317,adAwmMGP29o,2026-09-09T15:29:11Z,commit:5c97d16a
Walk In Jerusalem,Rory Block,Ain't I A Woman,False,INDIFFERENT,6:57,417,n71tfzkUWPU,2026-09-09T15:22:14Z,commit:5c97d16a
I Ain't Blue,"Ramblin' Jack Elliott, Spider John Koerner, U. Utah Phillips",Legends of Folk,False,INDIFFERENT,2:59,179,Z7Gzv_IHPxA,2026-09-09T15:19:15Z,commit:5c97d16a
A Few Old Memories,Hazel Dickens,It's Hard to Tell the Singer From the Song,False,INDIFFERENT,4:12,252,qAcioPuP8BE,2026-09-09T15:15:03Z,commit:5c97d16a
When You Walk In,John Gorka,The Company You Keep,False,INDIFFERENT,3:22,202,EOzVlysA8E0,2026-09-09T15:11:41Z,commit:5c97d16a
Crossing The Water,Bill Staines,Going To the West,False,INDIFFERENT,3:24,204,aWodVQIhARY,2026-09-09T15:08:17Z,commit:5c97d16a
Bowling Green,Ken & Brad Kolodner,Stony Run,False,INDIFFERENT,2:42,162,QasdTiXX3lg,2026-09-09T15:05:35Z,commit:5c97d16a
The Circle,Ken & Brad Kolodner,Stony Run,False,INDIFFERENT,3:21,201,SeaDuwuI9G4,2026-09-09T15:02:14Z,commit:5c97d16a
Black Eyed Susie,Ken & Brad Kolodner,Stony Run,False,INDIFFERENT,4:07,247,Ez0pfvMRRLk,2026-09-09T14:58:07Z,commit:5c97d16a
Richmond Blues/Possum On A Rail,Ken & Brad Kolodner,Stony Run,False,INDIFFERENT,5:06,306,dz01p6zM6JI,2026-09-09T14:53:01Z,commit:5c97d16a
Dizzy Creek,Ken & Brad Kolodner,Stony Run,False,INDIFFERENT,2:30,150,x_TFNHcn34g,2026-09-09T14:50:31Z,commit:5c97d16a
Wisteria,Ken & Brad Kolodner,Stony Run,False,INDIFFERENT,3:16,196,WjkdSebdkwQ,2026-09-09T14:47:15Z,commit:5c97d16a
Across The Great Divide,Ken & Brad Kolodner,Stony Run,False,INDIFFERENT,3:41,221,y_6hEvx2_mw,2026-09-09T14:43:34Z,commit:5c97d16a
Stony Run,Ken & Brad Kolodner,Stony Run,False,INDIFFERENT,4:25,265,1tkdq9B2hC0,2026-09-09T14:39:09Z,commit:5c97d16a
Wild Bill Jones,Ken & Brad Kolodner,Stony Run,False,INDIFFERENT,2:46,166,VWEzqm2fZ8c,2026-09-09T14:36:23Z,commit:5c97d16a
Tennessee Waltz (Instrumental),"Mark Howard, Stuart Duncan",Smoky Mountain Old Time Traditions,False,LIKE,3:11,191,YbuyCIbfeM0,2026-09-09T14:33:12Z,commit:5c97d16a
Waynesboro,Brad Kolodner,Chimney Swifts,False,INDIFFERENT,3:47,227,xas5hAhR0nU,2026-09-09T14:29:25Z,commit:5c97d16a
Blue Violet Waltz,Brad Kolodner,Chimney Swifts,False,INDIFFERENT,3:02,182,ntPz_JICcKk,2026-09-09T14:26:23Z,commit:5c97d16a
Campbell's Farewell To Red Gap,Brad Kolodner,Chimney Swifts,False,INDIFFERENT,2:40,160,ymtrYznnMZ4,2026-09-09T14:23:43Z,commit:5c97d16a
Old Aunt Jenny,Brad Kolodner,Chimney Swifts,False,INDIFFERENT,3:07,187,ex5gU5r4ecE,2026-09-09T14:20:36Z,commit:5c97d16a
Catalpa Hop,Brad Kolodner,Chimney Swifts,False,INDIFFERENT,2:51,171,ZFczLN3TKP0,2026-09-09T14:17:45Z,commit:5c97d16a
Tuckerman Lane,Brad Kolodner,Chimney Swifts,False,INDIFFERENT,2:28,148,_WEVSvjPB7g,2026-09-09T14:15:17Z,commit:5c97d16a
Julianne Johnson,Brad Kolodner,Chimney Swifts,False,INDIFFERENT,3:01,181,0wPgCDa825w,2026-09-09T14:12:16Z,commit:5c97d16a
Killavil Fancy,Brad Kolodner,Chimney Swifts,False,INDIFFERENT,3:02,182,pNEl0Yjzvqk,2026-09-09T14:09:14Z,commit:5c97d16a
Mr. Pantaleish,Brad Kolodner,Chimney Swifts,False,INDIFFERENT,2:44,164,jvuP8z4p9-0,2026-09-09T14:06:30Z,commit:5c97d16a
Chirps & Williams,Brad Kolodner,Chimney Swifts,False,INDIFFERENT,2:49,169,nj5KvG19Wls,2026-09-09T14:03:41Z,commit:5c97d16a
Ants In The Honey Jar,Brad Kolodner,Chimney Swifts,False,INDIFFERENT,2:49,169,5uyZuSjWJUU,2026-09-09T14:00:52Z,commit:5c97d16a
Old Grimes,Brad Kolodner,Chimney Swifts,False,INDIFFERENT,3:00,180,F4jXk7C4q7Y,2026-09-09T13:57:52Z,commit:5c97d16a
Foggy Mountain Special,Brad Kolodner,Chimney Swifts,False,INDIFFERENT,3:40,220,YPKG0gbXE7Y,2026-09-09T13:54:12Z,commit:5c97d16a
Five Miles From Town,Brad Kolodner,Chimney Swifts,False,INDIFFERENT,3:10,190,IotgmQxiD9A,2026-09-09T13:51:02Z,commit:5c97d16a
Chimney Swifts,Brad Kolodner,Chimney Swifts,False,INDIFFERENT,3:47,227,FGzhdlO0-rY,2026-09-09T13:47:15Z,commit:5c97d16a
Star Of The County Down,Alisa Jones Wall,Appalachian Picking Society,False,INDIFFERENT,3:31,211,OMAnKAEy0Do,2026-09-09T13:43:44Z,commit:5c97d16a
Gypsy Camp/Art Stamper,Tim O'Brien,Appalachian Picking Society,False,LIKE,5:37,337,LgMg3Ff3Opw,2026-09-09T13:38:07Z,commit:5c97d16a
Tennessee Waltz (Instrumental),"Mark Howard, Stuart Duncan",Smoky Mountain Old Time Traditions,False,LIKE,3:11,191,YbuyCIbfeM0,2026-09-09T13:34:56Z,commit:5c97d16a
The over Grown Waltz,Béla Fleck,"The Bluegrass Sessions: Tales From The Acoustic Planet, Vol. 2",False,LIKE,3:43,223,yXsO1-Ech9M,2026-09-09T13:31:13Z,commit:5c97d16a
Child of Mine,Bill Staines,Going To the West,False,INDIFFERENT,3:35,215,strHHvS6n18,2026-09-09T13:27:38Z,commit:5c97d16a
Andie's Air,Bill Staines,Old Dogs,False,INDIFFERENT,3:08,188,pKffVaPq1cQ,2026-09-09T13:24:30Z,commit:5c97d16a
The Heavens And The Years,Bill Staines,Old Dogs,False,INDIFFERENT,4:37,277,IbByrZjQNg4,2026-09-09T13:19:53Z,commit:5c97d16a
Mama Lou,Bill Staines,Old Dogs,False,LIKE,4:10,250,eS2HW5Qv1y0,2026-09-09T13:15:43Z,commit:5c97d16a
Lone Star Hotel Cafe,Bill Staines,Old Dogs,False,INDIFFERENT,4:28,268,8fNQ9I9rtCc,2026-09-09T13:11:15Z,commit:5c97d16a
Cody,Bill Staines,Old Dogs,False,INDIFFERENT,3:13,193,jXbzWZJru94,2026-09-09T13:08:02Z,commit:5c97d16a
That's My Song,Bill Staines,Old Dogs,False,INDIFFERENT,3:20,200,nH1B9Q_RBfs,2026-09-09T13:04:42Z,commit:5c97d16a
Once We Walked,Bill Staines,Old Dogs,False,INDIFFERENT,3:30,210,pwvKFX2w9vc,2026-09-09T13:01:12Z,commit:5c97d16a
Cotten Pickin' (Freight Train-Oh Babe It Ain't No Lie),Bill Staines,Old Dogs,False,INDIFFERENT,3:47,227,sXhXLPBhBIY,2026-09-09T12:57:25Z,commit:5c97d16a
Savannah,Bill Staines,Old Dogs,False,INDIFFERENT,3:49,229,ycWAHpObHFU,2026-09-09T12:53:36Z,commit:5c97d16a
Uncle Sam,Bill Staines,Old Dogs,False,INDIFFERENT,3:05,185,p_9JtKt8-As,2026-09-09T12:50:31Z,commit:5c97d16a
Sweet Wyoming Home,Bill Staines,Old Dogs,False,INDIFFERENT,4:21,261,jqMs_HOdDlA,2026-09-09T12:46:10Z,commit:5c97d16a
Great Dream From Heaven,Bill Staines,Old Dogs,False,INDIFFERENT,3:08,188,RevPSD7xB6U,2026-09-09T12:43:02Z,commit:5c97d16a
Old Dogs,Bill Staines,Old Dogs,False,INDIFFERENT,3:46,226,ZSSB3zDA_tA,2026-09-09T12:39:16Z,commit:5c97d16a
I Bid You Goodnight,Bill Staines,Bridges,False,INDIFFERENT,4:29,269,GD1zwBffisw,2026-09-09T12:34:47Z,commit:5c97d16a
River,Bill Staines,Bridges,False,INDIFFERENT,5:11,311,VuGF_WB0SvA,2026-09-09T12:29:36Z,commit:5c97d16a
Secret Garden,Bill Staines,Bridges,False,INDIFFERENT,3:14,194,u6AVbD9tAIM,2026-09-09T12:26:22Z,commit:5c97d16a
Louisiana Storm,Bill Staines,Bridges,False,INDIFFERENT,3:54,234,uEtprTg8ASs,2026-09-09T12:22:28Z,commit:5c97d16a
Railroad Blues,Bill Staines,Bridges,False,INDIFFERENT,3:02,182,6AYMaSgk4VQ,2026-09-09T12:19:26Z,commit:5c97d16a
Bridges,Bill Staines,Bridges,False,INDIFFERENT,3:00,180,nNd3hIl1sfM,2026-09-09T12:16:26Z,commit:5c97d16a
The Happy Yodel,Bill Staines,Bridges,False,INDIFFERENT,2:19,139,VTMnY2RgDNU,2026-09-09T12:14:07Z,commit:5c97d16a
The Porcupine Talks To Itself,Bill Staines,Bridges,False,INDIFFERENT,3:24,204,omSr-iP56Nk,2026-09-09T12:10:43Z,commit:5c97d16a
A Place In The Choir,Bill Staines,Bridges,False,INDIFFERENT,2:55,175,AfoT7YIaQro,2026-09-09T12:07:48Z,commit:5c97d16a
Walker Behind The Wheel,Bill Staines,Bridges,False,INDIFFERENT,4:57,297,-PFKMxNeDYk,2026-09-09T12:02:51Z,commit:5c97d16a
Moving It Down The Line,Bill Staines,Bridges,False,INDIFFERENT,3:31,211,retZ9f2Odx0,2026-09-09T11:59:20Z,commit:5c97d16a
Pretty Boy Floyd,Bill Staines,Bridges,False,INDIFFERENT,3:24,204,8zqjADw1x2o,2026-09-09T11:55:56Z,commit:5c97d16a
A Place In the Choir,Bill Staines,The Happy Wanderer,False,INDIFFERENT,2:32,152,e1D5DYIx6Zc,2026-09-09T11:53:24Z,commit:5c97d16a
Hound Dog Song,Bill Staines,The Happy Wanderer,False,INDIFFERENT,1:24,84,zCNIc6Nf8nQ,2026-09-09T11:52:00Z,commit:5c97d16a
Sweet Potato,Bill Staines,The Happy Wanderer,False,INDIFFERENT,3:08,188,KYwVFHprAz0,2026-09-09T11:48:52Z,commit:5c97d16a
Jubilee,Bill Staines,The Happy Wanderer,False,INDIFFERENT,2:53,173,LFOPEOQqi68,2026-09-09T11:45:59Z,commit:5c97d16a
First Lullaby,Bill Staines,The Happy Wanderer,False,INDIFFERENT,3:19,199,b3CgrXLgF-I,2026-09-09T11:42:40Z,commit:5c97d16a
The Applepicker's Song (The Apple Picker's Reel),Bill Staines,The Happy Wanderer,False,INDIFFERENT,2:28,148,vyvIhCCF4uA,2026-09-09T11:40:12Z,commit:5c97d16a
Four Little Sailors,Bill Staines,The Happy Wanderer,False,INDIFFERENT,3:01,181,c-gWpzyJamo,2026-09-09T11:37:11Z,commit:5c97d16a
I Can Feel the Sweet Wind Blowing (Bless My Sould),Bill Staines,The Happy Wanderer,False,INDIFFERENT,3:44,224,u_4evEY3PXo,2026-09-09T11:33:27Z,commit:5c97d16a
Little Brown Dog,Bill Staines,The Happy Wanderer,False,INDIFFERENT,4:02,242,SfcBfIATfFw,2026-09-09T11:29:25Z,commit:5c97d16a
Kookaburra,Bill Staines,The Happy Wanderer,False,INDIFFERENT,0:49,49,nyPHXWL9jJ8,2026-09-09T11:28:36Z,commit:5c97d16a
The Gypsy Rover,Bill Staines,The Happy Wanderer,False,INDIFFERENT,3:36,216,K4c44_XQNVM,2026-09-09T11:25:00Z,commit:5c97d16a
Home On the Range,Bill Staines,The Happy Wanderer,False,INDIFFERENT,4:35,275,NBHoRJL97U4,2026-09-09T11:20:25Z,commit:5c97d16a
This Song Is For the Birds,Bill Staines,The Happy Wanderer,False,INDIFFERENT,1:46,106,xqq5QkdMnu4,2026-09-09T11:18:39Z,commit:5c97d16a
The Happy Wanderer,Bill Staines,The Happy Wanderer,False,INDIFFERENT,4:09,249,ShmrIlBL8Yw,2026-09-09T11:14:30Z,commit:5c97d16a
Kentucky Moonshiner,Bill Staines,Bill Staines,,INDIFFERENT,5:13,313,4MahWTv5k1M,2026-09-09T11:09:17Z,commit:5c97d16a
Mexico Way,Bill Staines,Bill Staines,,INDIFFERENT,2:51,171,4666cqGmiDo,2026-09-09T11:06:26Z,commit:5c97d16a
I Must Be Going Home,Bill Staines,Bill Staines,,INDIFFERENT,3:31,211,wvpHLrrzBvI,2026-09-09T11:02:55Z,commit:5c97d16a
I Just Can't Sleep Without You,Bill Staines,Bill Staines,,INDIFFERENT,4:21,261,JB568K9H99A,2026-09-09T10:58:34Z,commit:5c97d16a
Rye Whiskey Joe,Bill Staines,Bill Staines,,INDIFFERENT,4:51,291,p0LNvhstiUI,2026-09-09T10:53:43Z,commit:5c97d16a
Music Box,Bill Staines,Bill Staines,,INDIFFERENT,1:19,79,EodePaJMUNw,2026-09-09T10:52:24Z,commit:5c97d16a
Gypsy's Song,Bill Staines,Bill Staines,,INDIFFERENT,2:35,155,D9-_Hf-TYU0,2026-09-09T10:49:49Z,commit:5c97d16a
Has Anyone Seen Alice,Bill Staines,Bill Staines,,INDIFFERENT,4:32,272,OoJ32YCFivc,2026-09-09T10:45:17Z,commit:5c97d16a
January Snow,Bill Staines,Bill Staines,,INDIFFERENT,2:50,170,-eNv2bKLro0,2026-09-09T10:42:27Z,commit:5c97d16a
Bethlehem PA,Bill Staines,Bill Staines,,INDIFFERENT,3:33,213,s_0linqOYY4,2026-09-09T10:38:54Z,commit:5c97d16a
On The Road Again,Bill Staines,Bill Staines,,INDIFFERENT,3:16,196,F70tLZjOGT4,2026-09-09T10:35:38Z,commit:5c97d16a
Eyes of the Sun,Dead Melodies,Memento,False,INDIFFERENT,8:06,486,AgacpShzx-M,2026-09-09T10:27:32Z,commit:5c97d16a
Of Hatred and Wrath,Hilyard,Division Cycle,False,INDIFFERENT,4:51,291,7oCjTdhL49o,2026-09-09T10:22:41Z,commit:5c97d16a
Subaquatic,Loscil,Stases,False,INDIFFERENT,3:19,199,8AEGsT7osgM,2026-09-09T10:19:22Z,commit:5c97d16a
Colored Frequencies,V-OR,Colored Frequencies,False,INDIFFERENT,2:56,176,wHHThNQ1AkI,2026-09-09T10:16:26Z,commit:5c97d16a
Erotic Lucid Dreaming Music,Shades of Blue,Erotic Lucid Dreaming Music: Subliminal Sounds for Sexual Dreams,False,INDIFFERENT,4:39,279,amvHHyq3cJE,2026-09-09T10:11:47Z,commit:5c97d16a
Wind In Lonely Fences (Remastered 2004),"Brian Eno, Harold Budd",Ambient 2: The Plateaux Of Mirror (Remastered 2004),False,LIKE,3:59,239,k9hz-38nVZo,2026-09-09T10:07:48Z,commit:5c97d16a
Equivalent 3,Loscil,Equivalents,False,INDIFFERENT,7:23,443,7IHI04KHJ3k,2026-09-09T10:00:25Z,commit:5c97d16a
纯阿尔法脑波音乐2021,灵气和元气,"纯阿尔法脑波音乐2021: 深度治疗音乐, 天才大脑频率, 助眠冥想",False,INDIFFERENT,3:36,216,9BpGe3n43uI,2026-09-09T09:56:49Z,commit:5c97d16a
やればできる,スピリチュアル 千夏,"滞在意識アファメーション: セロトニンを増やす幸せ誘導音楽, 自己肯定感を上げる",False,INDIFFERENT,5:20,320,5zPqPfivJXg,2026-09-09T09:51:29Z,commit:5c97d16a
Drift,Brian Eno,Apollo: Atmospheres And Soundtracks (Extended Edition),False,INDIFFERENT,3:06,186,ufNxgRZs-oE,2026-09-09T09:48:23Z,commit:5c97d16a
Nautical,Loscil,Stases,False,INDIFFERENT,4:33,273,R-uAoGoocyI,2026-09-09T09:43:50Z,commit:5c97d16a
Cyme,Loscil,Umbel,False,INDIFFERENT,7:26,446,nY1gfVP-00I,2026-09-09T09:36:24Z,commit:5c97d16a
Dusk Gale,Loscil,Umbel,False,INDIFFERENT,7:36,456,W76Tf2OJrWE,2026-09-09T09:28:48Z,commit:5c97d16a
Kamouraska,Loscil,Umbel,False,INDIFFERENT,6:35,395,mGvuBRAFKC8,2026-09-09T09:22:13Z,commit:5c97d16a
Umbel,Loscil,Umbel,False,INDIFFERENT,6:38,398,nAIZlOtfKE0,2026-09-09T09:15:35Z,commit:5c97d16a
Shadow Maple,Loscil,Umbel,False,INDIFFERENT,8:00,480,i7nLKFXi34M,2026-09-09T09:07:35Z,commit:5c97d16a
Juberju,Jeff Warner,Long Time Travelling,False,INDIFFERENT,3:05,185,BO5NJ8nEvlo,2026-09-09T09:04:30Z,commit:5c97d16a
By the Hush,Jeff Warner,Long Time Travelling,False,INDIFFERENT,4:34,274,FLOfT2YpDG4,2026-09-09T08:59:56Z,commit:5c97d16a
Long Time Travelling,Jeff Warner,Long Time Travelling,False,INDIFFERENT,3:11,191,spqAPnaM9wY,2026-09-09T08:56:45Z,commit:5c97d16a
Ho Boys Ho,Jeff Warner,Long Time Travelling,False,INDIFFERENT,2:54,174,bkg6vHAjYIk,2026-09-09T08:53:51Z,commit:5c97d16a
Don't Forget Your Old Shipmate,Jerry Bryant and Starboard Mess,Roast Beef of Old England,False,INDIFFERENT,3:13,193,d1DGNh9fOmw,2026-09-09T08:50:38Z,commit:5c97d16a
Sailor's Jacket,Jerry Bryant and Starboard Mess,Roast Beef of Old England,False,INDIFFERENT,1:24,84,f68abIsD9bo,2026-09-09T08:49:14Z,commit:5c97d16a
Distressed Men-of-war,Jerry Bryant and Starboard Mess,Roast Beef of Old England,False,INDIFFERENT,1:57,117,SMLD9jltqEQ,2026-09-09T08:47:17Z,commit:5c97d16a
The Shannon and the Chesapeake,Jerry Bryant and Starboard Mess,Roast Beef of Old England,False,INDIFFERENT,1:53,113,KU0uSul45-g,2026-09-09T08:45:24Z,commit:5c97d16a
Chevy Chase,Jerry Bryant and Starboard Mess,Roast Beef of Old England,False,INDIFFERENT,2:18,138,GRk6xCwYeRs,2026-09-09T08:43:06Z,commit:5c97d16a
Captain Barton's Distress On the Lichfield,Jerry Bryant and Starboard Mess,Roast Beef of Old England,False,INDIFFERENT,4:01,241,Bknc-zBMeSQ,2026-09-09T08:39:05Z,commit:5c97d16a
Pleasant and Delightful,Jerry Bryant and Starboard Mess,Roast Beef of Old England,False,INDIFFERENT,3:17,197,QydAe5L-UXA,2026-09-09T08:35:48Z,commit:5c97d16a
A New Sea Song (Sweethearts and Wives),Jerry Bryant and Starboard Mess,Roast Beef of Old England,False,INDIFFERENT,2:51,171,q9pNfqB9i8E,2026-09-09T08:32:57Z,commit:5c97d16a
The Banks of the Nile/sailor's Cravat,Jerry Bryant and Starboard Mess,Roast Beef of Old England,False,INDIFFERENT,2:19,139,Zj1Vo3pN0nU,2026-09-09T08:30:38Z,commit:5c97d16a
Nelson's Victory/hull's Victory,Jerry Bryant and Starboard Mess,Roast Beef of Old England,False,INDIFFERENT,2:03,123,aC11QFcxDm0,2026-09-09T08:28:35Z,commit:5c97d16a
The Battle of the Nile,Jerry Bryant and Starboard Mess,Roast Beef of Old England,False,INDIFFERENT,3:30,210,awCqpsG5Vqg,2026-09-09T08:25:05Z,commit:5c97d16a
Bay of Biscay-o,Jerry Bryant and Starboard Mess,Roast Beef of Old England,False,INDIFFERENT,2:22,142,E37RcnVt7NY,2026-09-09T08:22:43Z,commit:5c97d16a
Sailor's Hornpipe/rickett's Hornpipe,Jerry Bryant and Starboard Mess,Roast Beef of Old England,False,INDIFFERENT,3:19,199,r5Jcj3Km0fI,2026-09-09T08:19:24Z,commit:5c97d16a
Ben Backstay,Jerry Bryant and Starboard Mess,Roast Beef of Old England,False,INDIFFERENT,3:06,186,Sk-sZkpsLVg,2026-09-09T08:16:18Z,commit:5c97d16a
Nancy Dawson,Jerry Bryant and Starboard Mess,Roast Beef of Old England,False,INDIFFERENT,0:50,50,RdwX6qoemF0,2026-09-09T08:15:28Z,commit:5c97d16a
Heart of Oak,Jerry Bryant and Starboard Mess,Roast Beef of Old England,False,INDIFFERENT,2:15,135,wzVRGc44tLU,2026-09-09T08:13:13Z,commit:5c97d16a
Roast Beef of Old England,Jerry Bryant and Starboard Mess,Roast Beef of Old England,False,INDIFFERENT,2:01,121,P5VAFQgrdFE,2026-09-09T08:11:12Z,commit:5c97d16a
Drops of Brandy,Jerry Bryant and Starboard Mess,Roast Beef of Old England,False,INDIFFERENT,1:35,95,tXf-3sFhGck,2026-09-09T08:09:37Z,commit:5c97d16a
The First of June,Jerry Bryant and Starboard Mess,Roast Beef of Old England,False,INDIFFERENT,2:37,157,z0R0SdZdYro,2026-09-09T08:07:00Z,commit:5c97d16a
Warlike Seamen,Jerry Bryant and Starboard Mess,Roast Beef of Old England,False,INDIFFERENT,2:24,144,6gRrgDpqo3A,2026-09-09T08:04:36Z,commit:5c97d16a
St. Patrick's Day,Jerry Bryant and Starboard Mess,Roast Beef of Old England,False,INDIFFERENT,1:43,103,T_K78G38lYk,2026-09-09T08:02:53Z,commit:5c97d16a
"Adieu, Sweet Lovely Nancy",Jerry Bryant and Starboard Mess,Roast Beef of Old England,False,INDIFFERENT,2:35,155,Q3-E6RBd1QY,2026-09-09T08:00:18Z,commit:5c97d16a
A Jolly Sailor's True Description of a Man of War,Jerry Bryant and Starboard Mess,Roast Beef of Old England,False,INDIFFERENT,3:58,238,QUW6OOa3rC8,2026-09-09T07:56:20Z,commit:5c97d16a
Spanish Ladies,Jerry Bryant and Starboard Mess,Roast Beef of Old England,False,INDIFFERENT,2:47,167,3-FqDoK9aQk,2026-09-09T07:53:33Z,commit:5c97d16a
Piney River Girl,Bill Staines,The Whistle of the Jay,False,INDIFFERENT,3:18,198,iw0Ngr4Bt5g,2026-09-09T07:50:15Z,commit:5c97d16a
Arkansas Traveler,Norman Blake,Whiskey Before Breakfast,False,INDIFFERENT,3:05,185,jwpEv-Gc20o,2026-09-09T07:47:10Z,commit:5c97d16a
The Times They Are A-Changin',Bob Dylan,The Times They Are A-Changin',False,INDIFFERENT,3:13,193,9ywYohqoM60,2026-09-09T07:43:57Z,commit:5c97d16a
River,Bill Staines,The Whistle of the Jay,False,INDIFFERENT,4:30,270,_nKjO0lvoLc,2026-09-09T07:39:27Z,commit:5c97d16a
A Place in the Choir,Bill Staines,The Whistle of the Jay,False,INDIFFERENT,2:29,149,3pR5nyeFgmA,2026-09-09T07:36:58Z,commit:5c97d16a
Mexico Way,Bill Staines,The Whistle of the Jay,False,INDIFFERENT,3:14,194,A9O2LXAe4mU,2026-09-09T07:33:44Z,commit:5c97d16a
Jubilee,Bill Staines,The Whistle of the Jay,False,INDIFFERENT,3:20,200,XeFwShZtQSM,2026-09-09T07:30:24Z,commit:5c97d16a
A Cowboy's Hard Times,Bill Staines,The Whistle of the Jay,False,INDIFFERENT,3:04,184,swgiGYr-3uw,2026-09-09T07:27:20Z,commit:5c97d16a
Piney River Girl,Bill Staines,The Whistle of the Jay,False,INDIFFERENT,3:18,198,iw0Ngr4Bt5g,2026-09-09T07:24:02Z,commit:5c97d16a
The Logging Song,Bill Staines,The Whistle of the Jay,False,LIKE,2:21,141,0KqRgAoEfvI,2026-09-09T07:21:41Z,commit:5c97d16a
The Lover's Waltz,Bill Staines,The Whistle of the Jay,False,INDIFFERENT,2:10,130,XFxSIYUHZ_k,2026-09-09T07:19:31Z,commit:5c97d16a
The Rivers of Texas,Bill Staines,The Whistle of the Jay,False,INDIFFERENT,3:33,213,2w50bVqfOL0,2026-09-09T07:15:58Z,commit:5c97d16a
Henri Leblanc,Bill Staines,The Whistle of the Jay,False,INDIFFERENT,2:42,162,ddScZB3dMhA,2026-09-09T07:13:16Z,commit:5c97d16a
Joli Girl,Bill Staines,The Whistle of the Jay,False,INDIFFERENT,3:09,189,Tt7M1ynKkGQ,2026-09-09T07:10:07Z,commit:5c97d16a
Ol' Jack,Bill Staines,The Whistle of the Jay,False,LIKE,2:58,178,LY23ybzxWZs,2026-09-09T07:07:09Z,commit:5c97d16a
The Roseville Fair,Bill Staines,The Whistle of the Jay,False,INDIFFERENT,3:33,213,28VGVnq1GXY,2026-09-09T07:03:36Z,commit:5c97d16a
Missouri Road Song,Bill Staines,The Whistle of the Jay,False,INDIFFERENT,2:36,156,jZTO7QRUuzs,2026-09-09T07:01:00Z,commit:5c97d16a
The Logging Song,Bill Staines,The Whistle of the Jay,False,LIKE,2:21,141,0KqRgAoEfvI,2026-09-09T06:58:39Z,commit:5c97d16a
Alkali,Bill Staines,Just Play One Tune More,False,INDIFFERENT,3:46,226,yDh4lBTq_c4,2026-09-09T06:54:53Z,commit:5c97d16a
Wild Rippling Waters,Bill Staines,Just Play One Tune More,False,INDIFFERENT,3:23,203,ASwBiKbLKDo,2026-09-09T06:51:30Z,commit:5c97d16a
Lonely Boy,"175M views, The Black Keys",,False,INDIFFERENT,3:16,196,a_426RiwST8,2026-09-09T06:48:14Z,commit:5c97d16a
Red Clay Country Blues,Bill Staines,Just Play One Tune More,False,INDIFFERENT,3:06,186,WVBxuoIcNsw,2026-09-09T06:45:08Z,commit:5c97d16a
Rye Whiskey Joe,Bill Staines,Just Play One Tune More,False,LIKE,4:08,248,MRpWTIzDCCI,2026-09-09T06:41:00Z,commit:5c97d16a
I'll Meet You In Chruch Sunday Morning,The Stanley Brothers,Traditional Bluegrass Gospel,False,INDIFFERENT,3:06,186,FFKuVrql7hE,2026-09-09T06:37:54Z,commit:5c97d16a
My Main Trial Is Yet to Come,The Stanley Brothers,For The Good People,False,INDIFFERENT,3:04,184,LKKqv-vL8hQ,2026-09-09T06:34:50Z,commit:5c97d16a
Pass Me Not,The Stanley Brothers,For The Good People,False,INDIFFERENT,2:38,158,n03a8o3yvSk,2026-09-09T06:32:12Z,commit:5c97d16a
Purple Robe,The Stanley Brothers,For The Good People,False,INDIFFERENT,2:40,160,IudfcWI0OI0,2026-09-09T06:29:32Z,commit:5c97d16a
Mother Left Me Her Bible,The Stanley Brothers,For The Good People,False,INDIFFERENT,2:24,144,PsBX9Z2SqGs,2026-09-09T06:27:08Z,commit:5c97d16a
Jordan,The Stanley Brothers,For The Good People,False,INDIFFERENT,2:03,123,yw2aVVwgP4A,2026-09-09T06:25:05Z,commit:5c97d16a
From the Manger to the Cross,The Stanley Brothers,For The Good People,False,INDIFFERENT,2:21,141,DonpjLHdd2o,2026-09-09T06:22:44Z,commit:5c97d16a
Jacob's Vision,The Stanley Brothers,For The Good People,False,INDIFFERENT,2:15,135,pdejuC8_V24,2026-09-09T06:20:29Z,commit:5c97d16a
Lonely Tombs,The Stanley Brothers,For The Good People,False,INDIFFERENT,2:59,179,sx7kc3ra7BE,2026-09-09T06:17:30Z,commit:5c97d16a
Over In the Glory Land,The Stanley Brothers,For The Good People,False,INDIFFERENT,2:31,151,foh6RWoQubI,2026-09-09T06:14:59Z,commit:5c97d16a
I'll Not Be a Stranger,The Stanley Brothers,For The Good People,False,INDIFFERENT,3:07,187,pLtBGF9Mg_c,2026-09-09T06:11:52Z,commit:5c97d16a
Four Books In the Bible,The Stanley Brothers,For The Good People,False,INDIFFERENT,2:20,140,EpBGJZOQuGA,2026-09-09T06:09:32Z,commit:5c97d16a
When Jesus Beckons Me Home,The Stanley Brothers,For The Good People,False,INDIFFERENT,2:08,128,HT-q5TgmwGE,2026-09-09T06:07:24Z,commit:5c97d16a
Jordan,The Stanley Brothers,For The Good People,False,INDIFFERENT,2:03,123,yw2aVVwgP4A,2026-09-09T06:05:21Z,commit:5c97d16a
Hold On (Live At KCRW),Alabama Shakes,Boys & Girls (Deluxe Edition),False,INDIFFERENT,3:53,233,G2QZBElSXc8,2026-09-09T06:01:28Z,commit:5c97d16a
Closer to Fine,Indigo Girls,Indigo Girls (Expanded Edition),False,INDIFFERENT,4:02,242,atkVaKz9r5Y,2026-09-09T05:57:26Z,commit:5c97d16a
Ghost Of You,Donut Larsen,Ghost Of You,False,INDIFFERENT,2:59,179,wNWnhDu8Bm4,2026-09-09T05:54:27Z,commit:5c97d16a
On and On,The National Forest,On and On,False,INDIFFERENT,3:33,213,EjPtAOALd0s,2026-09-09T05:50:54Z,commit:5c97d16a
Little Eyes,Yo La Tengo,Summer Sun,False,INDIFFERENT,4:23,263,Uue3awYnluI,2026-09-09T05:46:31Z,commit:5c97d16a
holding,Sebastian Jautschus,holding,False,INDIFFERENT,2:38,158,JeDj2Zh98r8,2026-09-09T05:43:53Z,commit:5c97d16a
Shameful Joy,Satellite Friend,Shameful Joy,False,LIKE,4:24,264,aKm3-LZSfTg,2026-09-09T05:39:29Z,commit:5c97d16a
Gloryland,Ralph Stanley,Ralph Stanley & The Clinch Mountain Boys 1971-1973,False,LIKE,2:42,162,1Cs_B8XlLug,2026-09-09T05:36:47Z,commit:5c97d16a
Hand Me Down My Walking Cane,Norman Blake,Whiskey Before Breakfast,False,INDIFFERENT,3:28,208,dKQrqDze6kY,2026-09-09T05:33:19Z,commit:5c97d16a
Knoxville Girl (The Original Album),The Louvin Brothers,Tragic Songs of Life,False,LIKE,3:50,230,CQCHV0CtDNc,2026-09-09T05:29:29Z,commit:5c97d16a
If We Never Meet Again,The Stanley Brothers,Good Old Camp Meeting Songs,False,LIKE,2:59,179,7Klx4bu8Ahs,2026-09-09T05:26:30Z,commit:5c97d16a
Jordan,The Stanley Brothers,For The Good People,False,INDIFFERENT,2:03,123,yw2aVVwgP4A,2026-09-09T05:24:27Z,commit:5c97d16a
A Child Is Born,Stanley Jordan,Magic Touch,False,INDIFFERENT,3:32,212,5Q1ioNjQnMk,2026-09-09T05:20:55Z,commit:5c97d16a
Shameful Joy,Satellite Friend,Shameful Joy,False,LIKE,4:24,264,aKm3-LZSfTg,2026-09-09T05:16:31Z,commit:5c97d16a
Statesboro Blues,The Allman Brothers Band,Class Reunion '71: Greatest Hits Of 1971,False,INDIFFERENT,4:21,261,NoEsRkykrk8,2026-09-09T05:12:10Z,commit:5c97d16a
(Sittin' On) the Dock of the Bay,Otis Redding,The Dock of the Bay,False,INDIFFERENT,2:47,167,Zu5chXCp1Ag,2026-09-09T05:09:23Z,commit:5c97d16a
It's A Hard Rain Gonna Fall,Leon Russell,Leon Russell And The Shelter People (Expanded Edition),False,INDIFFERENT,5:11,311,BxdhzAOzzCE,2026-09-09T05:04:12Z,commit:5c97d16a
Joseph's Dream,John Hartford,Nobody Knows What You Do,False,INDIFFERENT,4:25,265,7hTvyV7Qc-g,2026-09-09T04:59:47Z,commit:5c97d16a
Grasshopper Sitting on the Fiddle Case / Keepin It Rootian,Andy Reiner,Tunes for Time Travel,,INDIFFERENT,3:33,213,irCXQzxMLbk,2026-09-09T04:56:14Z,commit:5c97d16a
Echo Pass / Jolly Jug / Secret Bridge,Andy Reiner,Tunes for Time Travel,,INDIFFERENT,3:41,221,N-FgMkvghN0,2026-09-09T04:52:33Z,commit:5c97d16a
Fool’s Spring / Abel Maverick Jacobson’s / Send It,Andy Reiner,Tunes for Time Travel,,INDIFFERENT,4:23,263,czHxAo-WyCE,2026-09-09T04:48:10Z,commit:5c97d16a
Chris Turner’s Leap of Faith into the Fire at Winnie’s House,Andy Reiner,Tunes for Time Travel,,INDIFFERENT,2:31,151,oS5wwWCYH0I,2026-09-09T04:45:39Z,commit:5c97d16a
The Dissent,Andy Reiner,Tunes for Time Travel,,INDIFFERENT,2:56,176,nv0F7JpE2HA,2026-09-09T04:42:43Z,commit:5c97d16a
Dearest Nana,Andy Reiner,Tunes for Time Travel,,INDIFFERENT,2:45,165,huINubmNPEQ,2026-09-09T04:39:58Z,commit:5c97d16a
Dream Lake / Bubbly Brook,Andy Reiner,Tunes for Time Travel,,INDIFFERENT,3:02,182,Hxolg4is4rc,2026-09-09T04:36:56Z,commit:5c97d16a
Krampuscarol,Andy Reiner,Tunes for Time Travel,,INDIFFERENT,3:34,214,VGgJcjr0qVs,2026-09-09T04:33:22Z,commit:5c97d16a
Shaky Street,Andy Reiner,Tunes for Time Travel,,INDIFFERENT,3:38,218,VrpDVcVrw5Y,2026-09-09T04:29:44Z,commit:5c97d16a
Lone Pine,Andy Reiner,Tunes for Time Travel,,INDIFFERENT,5:17,317,MdoLcZbIMyU,2026-09-09T04:24:27Z,commit:5c97d16a
Old Joe Clark,Andy Reiner,Tunes for Time Travel,,INDIFFERENT,3:58,238,OsruwMBsPEk,2026-09-09T04:20:29Z,commit:5c97d16a
LA Blue Skies / Gravel Road to Etosha,Andy Reiner,Tunes for Time Travel,,INDIFFERENT,3:48,228,gtuHpvbRQb0,2026-09-09T04:16:41Z,commit:5c97d16a
Frozen Snow Covered Bull Wheel,Andy Reiner,Tunes for Time Travel,,INDIFFERENT,3:19,199,pUfhXq2FYF4,2026-09-09T04:13:22Z,commit:5c97d16a
Cider Press / Immortal Rhubarb / Pending Doom / Whiskey Rock,Andy Reiner,Tunes for Time Travel,,INDIFFERENT,4:50,290,mTvIOt1l05k,2026-09-09T04:08:32Z,commit:5c97d16a
Liminal Gnome in the Melting Snow,Andy Reiner,Tunes for Time Travel,,INDIFFERENT,4:23,263,dX0qV_1xX8g,2026-09-09T04:04:09Z,commit:5c97d16a
Judge Koome,"KING KAKA, Scar Mkadinali",Judge Koome,False,LIKE,3:05,185,Gu4pfaa7yu4,2026-09-09T04:01:04Z,commit:5c97d16a
Shameful Joy,Satellite Friend,Shameful Joy,False,LIKE,4:24,264,aKm3-LZSfTg,2026-09-09T03:56:40Z,commit:5c97d16a
Justice - New Lands | OFFICIAL VIDEO,"1.6M views, Red Bull Music",,False,INDIFFERENT,4:27,267,8DgAfs4FutI,2026-09-09T03:52:13Z,commit:5c97d16a
Genesis,Justice,Cross,False,INDIFFERENT,3:55,235,pf7uueiK8ec,2026-09-09T03:48:18Z,commit:5c97d16a
Civilization,"8.7M views, Justice",,False,INDIFFERENT,3:48,228,SVq2yMuAMVQ,2026-09-09T03:44:30Z,commit:5c97d16a
Waters of Nazareth,Justice,Cross,False,INDIFFERENT,4:26,266,xHcPUTfPuk0,2026-09-09T03:40:04Z,commit:5c97d16a
We Are Your Friends (Justice Vs. Simian Edit),"Justice, Simian",We Are Your Friends,False,INDIFFERENT,2:45,165,C3i8gmaifnI,2026-09-09T03:37:19Z,commit:5c97d16a
Little Piece of My Heart,John Hartford,Gum Tree Canoe,False,INDIFFERENT,3:11,191,9Kwd67cZhko,2026-09-09T03:34:08Z,commit:5c97d16a
Nobody Knows What You Do,John Hartford,Nobody Knows What You Do,False,INDIFFERENT,3:59,239,jozQQIalOnY,2026-09-09T03:30:09Z,commit:5c97d16a
Sly Feel,John Hartford,Nobody Knows What You Do,False,INDIFFERENT,4:38,278,n7ey7lBA1L4,2026-09-09T03:25:31Z,commit:5c97d16a
The Golden Globe Award,John Hartford,Nobody Knows What You Do,False,INDIFFERENT,4:26,266,F8tDDHIL3-E,2026-09-09T03:21:05Z,commit:5c97d16a
Down,John Hartford,Nobody Knows What You Do,False,INDIFFERENT,2:07,127,Dyb7lSfKOlU,2026-09-09T03:18:58Z,commit:5c97d16a
Joseph's Dream,John Hartford,Nobody Knows What You Do,False,INDIFFERENT,4:25,265,7hTvyV7Qc-g,2026-09-09T03:14:33Z,commit:5c97d16a
The False Hearted Tenor Waltz,John Hartford,Nobody Knows What You Do,False,INDIFFERENT,3:08,188,Qy89N6ZO-bM,2026-09-09T03:11:25Z,commit:5c97d16a
Granny Wontcha Smoke Some Marijuana,John Hartford,Nobody Knows What You Do,False,INDIFFERENT,3:00,180,mufbOqlRjmA,2026-09-09T03:08:25Z,commit:5c97d16a
John McLaughlin,John Hartford,Nobody Knows What You Do,False,INDIFFERENT,1:44,104,cltBf4OhejM,2026-09-09T03:06:41Z,commit:5c97d16a
In Tall Buildings,John Hartford,Nobody Knows What You Do,False,INDIFFERENT,3:27,207,z7fhb-Y0jEc,2026-09-09T03:03:14Z,commit:5c97d16a
Didn't Want to Be Forgotten,John Hartford,Nobody Knows What You Do,False,INDIFFERENT,2:22,142,aYXTeu0YnkE,2026-09-09T03:00:52Z,commit:5c97d16a
You Don't Have to Do That,John Hartford,Nobody Knows What You Do,False,LIKE,2:38,158,h3SwkuG9SnU,2026-09-09T02:58:14Z,commit:5c97d16a
Positively 4th Street,Bob Dylan,Bob Dylan's Greatest Hits,False,INDIFFERENT,3:54,234,SsovdtBgz3Q,2026-09-09T02:54:20Z,commit:5c97d16a
Back To The Island,Leon Russell,Will O' The Wisp,False,INDIFFERENT,5:26,326,r_CwW61jX5c,2026-09-09T02:48:54Z,commit:5c97d16a
"He's Gone (Live in Amsterdam, 1972) [2001 Remaster} (Live in Amsterdam, 1972; 2001 Remaster)",Grateful Dead,Europe '72 (Live; 2001 Remaster),False,INDIFFERENT,6:58,418,gFqNGWZrlh8,2026-09-09T02:41:56Z,commit:5c97d16a
Help Me Scrape the Mucus off My Brain,Ween,12 Golden Country Greats,False,INDIFFERENT,2:46,166,vA9B4VU8FlM,2026-09-09T02:39:10Z,commit:5c97d16a
Sing Me Back Home,The Flying Burrito Brothers,Sleepless Nights,False,LIKE,3:51,231,SijAirmAfoQ,2026-09-09T02:35:19Z,commit:5c97d16a
Willin' (2023 Remaster),Little Feat,Sailin' Shoes (Deluxe Edition),False,INDIFFERENT,2:57,177,BDYm1nYe0y8,2026-09-09T02:32:22Z,commit:5c97d16a
Bob Wills Is Still the King,Waylon Jennings,Nashville Rebel,False,INDIFFERENT,3:01,181,tkLvOUy_qbM,2026-09-09T02:29:21Z,commit:5c97d16a
Me and Paul,Willie Nelson,One Hell Of A Ride,False,LIKE,3:49,229,lMugPjewv-0,2026-09-09T02:25:32Z,commit:5c97d16a
Thunderstorms and Neon Signs,Wayne Hancock,Thunderstorms and Neon Signs,False,INDIFFERENT,3:43,223,4Sx2PtajajU,2026-09-09T02:21:49Z,commit:5c97d16a
Please Don't Bury Me,John Prine,Sweet Revenge,False,INDIFFERENT,2:52,172,nmgYCI3OWw4,2026-09-09T02:18:57Z,commit:5c97d16a
Sin City,The Flying Burrito Brothers,The Gilded Palace Of Sin,False,LIKE,4:10,250,UcU04NGMQb8,2026-09-09T02:14:47Z,commit:5c97d16a
Ramble On (Remaster),Led Zeppelin,Led Zeppelin II (Deluxe Edition),False,INDIFFERENT,4:35,275,_h9MxNn8P7w,2026-09-09T02:10:12Z,commit:5c97d16a
Like a Rolling Stone,Bob Dylan,Highway 61 Revisited,False,INDIFFERENT,6:10,370,syNLBJ_Lq9E,2026-09-09T02:04:02Z,commit:5c97d16a
Go To The Mirror!,The Who,Tommy,False,LIKE,3:48,228,pFBt8DDbBT4,2026-09-09T02:00:14Z,commit:5c97d16a
Joan Baez - Diamonds and Rust (With Lyrics),"29M views, Dave Bing",,False,INDIFFERENT,4:47,287,1ST9TZBb9v8,2026-09-09T01:55:27Z,commit:5c97d16a
Planète Naine,Ivan the Tolerable,Le Monde Inversé,False,INDIFFERENT,3:26,206,a6a3FewH4zo,2026-09-09T01:52:01Z,commit:5c97d16a
Marécage,Ivan the Tolerable,Le Monde Inversé,False,INDIFFERENT,3:27,207,AOb90x0eY90,2026-09-09T01:48:34Z,commit:5c97d16a
Dune,Indira Paganotto,Kalima EP,False,INDIFFERENT,4:37,277,ROZ8BOPs8Fc,2026-09-09T01:43:57Z,commit:5c97d16a
Kalima,Indira Paganotto,Kalima EP,False,INDIFFERENT,3:56,236,S5csZLtAdm0,2026-09-09T01:40:01Z,commit:5c97d16a
By the Light of the Freezing Pond,Mark McGuire,Ideas of Beginnings,False,INDIFFERENT,4:54,294,0wCI4VUQDRI,2026-09-09T01:35:07Z,commit:5c97d16a
"Mrs. Robinson (From ""The Graduate"" Soundtrack)",Simon & Garfunkel,Bookends,False,INDIFFERENT,4:05,245,_C2vqI9FVwg,2026-09-09T01:31:02Z,commit:5c97d16a
Dreams,Fleetwood Mac,50 Years - Don't Stop,False,INDIFFERENT,4:18,258,m8i5WiWCN-c,2026-09-09T01:26:44Z,commit:5c97d16a
Easy Wind,Grateful Dead,Workingman's Dead,False,INDIFFERENT,5:00,300,mYLjqyKLIHc,2026-09-09T01:21:44Z,commit:5c97d16a
One Toke Over the Line,Brewer & Shipley,Tarkio Road,False,LIKE,3:20,200,OF3EUFnafp8,2026-09-09T01:18:24Z,commit:5c97d16a
Chimes of Freedom,The Byrds,Mr. Tambourine Man,False,INDIFFERENT,3:52,232,zvBKeB44Qkw,2026-09-09T01:14:32Z,commit:5c97d16a
Chalkdust Torture,Phish,1994.06.11 SBD,,INDIFFERENT,6:03,363,pgpuGTSxyrM,2026-09-09T01:08:29Z,commit:5c97d16a
Wilson,Phish,1994.06.11 SBD,,INDIFFERENT,4:31,271,WJLdvN-BTNw,2026-09-09T01:03:58Z,commit:5c97d16a
Suzy Greenberg,Phish,1994.06.11 SBD,,INDIFFERENT,5:58,358,MJQO2giOQ7w,2026-09-09T00:58:00Z,commit:5c97d16a
Frankenstein,Phish,1994.06.11 SBD,,INDIFFERENT,4:51,291,6_pL03y-Kz4,2026-09-09T00:53:09Z,commit:5c97d16a
Contact,Phish,1994.06.11 SBD,,INDIFFERENT,6:06,366,JPPzZmFpE14,2026-09-09T00:47:03Z,commit:5c97d16a
Maze,Phish,1994.06.11 SBD,,INDIFFERENT,9:42,582,UL2SSq_tKh4,2026-09-09T00:37:21Z,commit:5c97d16a
The Squirming Coil,Phish,1994.06.11 SBD,,INDIFFERENT,9:56,596,cVkbAb49Bt0,2026-09-09T00:27:25Z,commit:5c97d16a
Split Open and Melt,Phish,1994.06.11 SBD,,INDIFFERENT,8:55,535,yUxNKFBwlt4,2026-09-09T00:18:30Z,commit:5c97d16a
Scent of a Mule,Phish,1994.06.11 SBD,,INDIFFERENT,7:40,460,a96ocHj_rwY,2026-09-09T00:10:50Z,commit:5c97d16a
Fluffhead,Phish,1994.06.11 SBD,,INDIFFERENT,13:35,815,-ko0Ldg3Mr8,2026-09-08T23:57:15Z,commit:5c97d16a
Once Again,Mononome,Tale of the Phoenix,False,INDIFFERENT,4:20,260,sfltEHtTOfM,2026-09-08T23:52:55Z,commit:5c97d16a
Beachy Head (Remix),Mechanical Me,I Like Mixes,False,INDIFFERENT,3:49,229,GJ91toMSZNA,2026-09-08T23:49:06Z,commit:5c97d16a
Good Disease (feat. Stephen Jones),Aim,Hinterland,False,INDIFFERENT,4:24,264,6O6ErCwM-3E,2026-09-08T23:44:42Z,commit:5c97d16a
Lunar,Little People,"Unreleased Bits & Pieces, Pt. 1",False,INDIFFERENT,4:00,240,S7HmqvHOYQE,2026-09-08T23:40:42Z,commit:5c97d16a
So Long,Mr. Scruff,Keep It Unreal (10th Anniversary Analogue Remaster Edition),False,INDIFFERENT,4:14,254,J_IbIYyACME,2026-09-08T23:36:28Z,commit:5c97d16a
Towers (feat. Szjerdene),Bonobo,The North Borders,False,INDIFFERENT,3:37,217,hWhMVHS6618,2026-09-08T23:32:51Z,commit:5c97d16a
My Prayer,Kokoroko,Get The Message,False,INDIFFERENT,3:57,237,5dEZf1wQMUg,2026-09-08T23:28:54Z,commit:5c97d16a
Iron Giraffe,Takuya Kuroda,EVERYDAY,False,INDIFFERENT,6:27,387,4hhA8keEih4,2026-09-08T23:22:27Z,commit:5c97d16a
Stranded On Earth,The Herbaliser,Same As It Never Was,False,INDIFFERENT,6:45,405,Z-XI771QSAo,2026-09-08T23:15:42Z,commit:5c97d16a
Pancakes,Emancipator,Baralku,False,INDIFFERENT,4:48,288,5_kYDIy5wEg,2026-09-08T23:10:54Z,commit:5c97d16a
Turtle Soup (Wagon Christ Mix),DJ Food,Turtle Soup (Wagon Christ Mix),False,INDIFFERENT,7:56,476,Vb_rvPIEZSk,2026-09-08T23:02:58Z,commit:5c97d16a
Get Your Feet Down (Divan Pan Disco Edit),Funky Destination,Soul Foolish Magic,False,INDIFFERENT,4:40,280,tXa4dVSu-EY,2026-09-08T22:58:18Z,commit:5c97d16a
Ruined Lands,Audiopharmacy,Spare Change,False,INDIFFERENT,4:35,275,prqNDmC2ONY,2026-09-08T22:53:43Z,commit:5c97d16a
Breather (Steve Miller Mix),Afterlife,The Very Best of Café del Mar Remixed,False,INDIFFERENT,5:16,316,t5Qy67mO9fY,2026-09-08T22:48:27Z,commit:5c97d16a
I JussWanna Chill (Chill Mix),OMA,OMA Chill Hip-Hop Instrumental Mix - Lofi Jazz Beats,False,INDIFFERENT,3:06,186,7XMyI8YSCgc,2026-09-08T22:45:21Z,commit:5c97d16a
Sea of Serenity,Orpheus,Visions,False,INDIFFERENT,3:12,192,wuG8HgoYcSA,2026-09-08T22:42:09Z,commit:5c97d16a
Nights Introlude (Radio Edit),Nightmares On Wax,Les Nuits,False,INDIFFERENT,3:41,221,q8di2mD5tXc,2026-09-08T22:38:28Z,commit:5c97d16a
Walk In The Sky (feat. Bajka),Bonobo,Days To Come,False,LIKE,4:35,275,tZPWqR9KUd8,2026-09-08T22:33:53Z,commit:5c97d16a
Even If You Don't,Ween,White Pepper,False,INDIFFERENT,3:26,206,W_V7A-NN3MI,2026-09-08T22:30:27Z,commit:5c97d16a
Bukowski,Modest Mouse,Good News For People Who Love Bad News,False,INDIFFERENT,4:15,255,m0VpdRYCv3s,2026-09-08T22:26:12Z,commit:5c97d16a
Chimes of Freedom,The Byrds,Mr. Tambourine Man,False,INDIFFERENT,3:52,232,zvBKeB44Qkw,2026-09-08T22:22:20Z,commit:5c97d16a
Turn! Turn! Turn!,The Byrds,The Byrds,False,INDIFFERENT,3:54,234,pkuBh5n_Shc,2026-09-08T22:18:26Z,commit:5c97d16a
Fat Man in the Bathtub (2023 Remaster),Little Feat,Dixie Chicken (Deluxe Edition),False,LIKE,4:33,273,f3DPIzTjU_8,2026-09-08T22:13:53Z,commit:5c97d16a
Stack-A-Lee,Dr. John,The Atco Albums Collection,False,INDIFFERENT,3:30,210,8l1H1aPxFiw,2026-09-08T22:10:23Z,commit:5c97d16a
Tight Rope,Leon Russell,Carney,False,LIKE,3:01,181,IWZBfyR1h6w,2026-09-08T22:07:22Z,commit:5c97d16a
Silver Dagger,Joan Baez,The Newport Era,False,INDIFFERENT,2:33,153,dOdIJ4g1qnY,2026-09-08T22:04:49Z,commit:5c97d16a
Rambler Gambler (Live),Joan Baez,Very Early Joan (Live),False,INDIFFERENT,2:06,126,MAoGY363eKA,2026-09-08T22:02:43Z,commit:5c97d16a
Where Have All The Flower,Joan Baez,Very Early Joan (Live),False,INDIFFERENT,4:32,272,mOtJt_1NnDc,2026-09-08T21:58:11Z,commit:5c97d16a
Pilgrim Of Sorrow,Joan Baez,Very Early Joan (Live),False,INDIFFERENT,4:29,269,fzBTwIdtxWk,2026-09-08T21:53:42Z,commit:5c97d16a
In The Pines,Joan Baez,Very Early Joan (Live),False,INDIFFERENT,3:32,212,z1IQvC6UJNI,2026-09-08T21:50:10Z,commit:5c97d16a
Little Darlin',Joan Baez,Very Early Joan (Live),False,INDIFFERENT,2:12,132,_5JadJKHnjo,2026-09-08T21:47:58Z,commit:5c97d16a
Railroad Bill,Joan Baez,Very Early Joan (Live),False,INDIFFERENT,2:11,131,jBylC5-KYjw,2026-09-08T21:45:47Z,commit:5c97d16a
Riddle Song (Live),"Joan Baez, Pete Seeger",Very Early Joan (Live),False,INDIFFERENT,3:49,229,a6rPCxFBA14,2026-09-08T21:41:58Z,commit:5c97d16a
Lonesome Valley,"Joan Baez, Pete Seeger",Very Early Joan (Live),False,INDIFFERENT,3:33,213,e9__TzDC5fc,2026-09-08T21:38:25Z,commit:5c97d16a
Johnny Cuckoo,Joan Baez,Very Early Joan (Live),False,INDIFFERENT,3:40,220,_HLsNCVM82k,2026-09-08T21:34:45Z,commit:5c97d16a
Lady Gay,Joan Baez,Very Early Joan (Live),False,INDIFFERENT,4:26,266,0jBsI_CFKIc,2026-09-08T21:30:19Z,commit:5c97d16a
Freight Train,Joan Baez,Very Early Joan (Live),False,INDIFFERENT,3:03,183,r2hDtrPs8wc,2026-09-08T21:27:16Z,commit:5c97d16a
Man Of Constant Sorrow,Joan Baez,Very Early Joan (Live),False,INDIFFERENT,3:31,211,3XZuGmLLOQw,2026-09-08T21:23:45Z,commit:5c97d16a
Silver Dagger,Joan Baez,The Newport Era,False,INDIFFERENT,2:33,153,dOdIJ4g1qnY,2026-09-08T21:21:12Z,commit:5c97d16a
Joan Baez - Diamonds and Rust (With Lyrics),"29M views, Dave Bing",,False,INDIFFERENT,4:47,287,1ST9TZBb9v8,2026-09-08T21:16:25Z,commit:5c97d16a
Planète Naine,Ivan the Tolerable,Le Monde Inversé,False,INDIFFERENT,3:26,206,a6a3FewH4zo,2026-09-08T21:12:59Z,commit:5c97d16a
Marécage,Ivan the Tolerable,Le Monde Inversé,False,INDIFFERENT,3:27,207,AOb90x0eY90,2026-09-08T21:09:32Z,commit:5c97d16a
Rosetta,Jens Buchert,Orbital Resort,False,INDIFFERENT,4:18,258,d_cAHEiuGx4,2026-09-08T21:05:14Z,commit:5c97d16a
Les Gémeaux,Ivan the Tolerable,Le Monde Inversé,False,INDIFFERENT,5:13,313,dZFEp7JhHpw,2026-09-08T21:00:01Z,commit:5c97d16a
Le Lac,Ivan the Tolerable,Le Monde Inversé,False,INDIFFERENT,3:21,201,lMolUzTU_Uw,2026-09-08T20:56:40Z,commit:5c97d16a
Le Croissant de Lune,Ivan the Tolerable,Le Monde Inversé,False,INDIFFERENT,7:25,445,DxWAxEzPRd8,2026-09-08T20:49:15Z,commit:5c97d16a
Voie Lactée,Ivan the Tolerable,Le Monde Inversé,False,INDIFFERENT,4:02,242,oeavOSUA5OM,2026-09-08T20:45:13Z,commit:5c97d16a
Le Campagne,Ivan the Tolerable,Le Monde Inversé,False,INDIFFERENT,3:24,204,-E3ZqDDiV1I,2026-09-08T20:41:49Z,commit:5c97d16a
Vallée,Ivan the Tolerable,Le Monde Inversé,False,INDIFFERENT,5:00,300,mHV_8JeFbgc,2026-09-08T20:36:49Z,commit:5c97d16a
Lever de Soleil,Ivan the Tolerable,Le Monde Inversé,False,INDIFFERENT,3:36,216,qbo-pIWaVWE,2026-09-08T20:33:13Z,commit:5c97d16a
Father And Son,Cat Stevens,The Very Best Of Cat Stevens,False,INDIFFERENT,3:41,221,7SLY4seJzh0,2026-09-08T20:29:32Z,commit:5c97d16a
Hard Headed Woman,Cat Stevens,The Very Best Of Cat Stevens,False,INDIFFERENT,3:48,228,jPeV80Noruk,2026-09-08T20:25:44Z,commit:5c97d16a
I Think I See The Light (Studio Demo),Cat Stevens,Harold And Maude (Original Motion Picture Soundtrack / Deluxe),False,INDIFFERENT,3:50,230,CuqRWNkPRpg,2026-09-08T20:21:54Z,commit:5c97d16a
Miles From Nowhere (Demo Version),Cat Stevens,Harold And Maude (Original Motion Picture Soundtrack / Deluxe),False,INDIFFERENT,3:15,195,QLE1iia4EDg,2026-09-08T20:18:39Z,commit:5c97d16a
"I Wish, I Wish (Studio Demo)",Cat Stevens,Harold And Maude (Original Motion Picture Soundtrack / Deluxe),False,INDIFFERENT,3:24,204,8blV6BWt8f0,2026-09-08T20:15:15Z,commit:5c97d16a
Don't Be Shy (Demo),Cat Stevens,Harold And Maude (Original Motion Picture Soundtrack / Deluxe),False,INDIFFERENT,2:42,162,lJJ2jmo4iKM,2026-09-08T20:12:33Z,commit:5c97d16a
"If You Want To Sing Out, Sing Out (Ending / From 'Harold And Maude' Original Motion Picture Soundtrack)",Cat Stevens,Harold And Maude (Original Motion Picture Soundtrack / Deluxe),False,INDIFFERENT,2:06,126,KGun4jqDGKo,2026-09-08T20:10:27Z,commit:5c97d16a
Morning Has Broken,Cat Stevens,Teaser And The Firecat,False,INDIFFERENT,3:20,200,qARB7XPfYjo,2026-09-08T20:07:07Z,commit:5c97d16a
I Want To Live In A Wigwam,Cat Stevens,On The Road To Find Out,False,INDIFFERENT,3:24,204,3gRsuBP55Pw,2026-09-08T20:03:43Z,commit:5c97d16a
Trouble,Cat Stevens,Harold And Maude (Original Motion Picture Soundtrack / Deluxe),False,INDIFFERENT,2:44,164,dWMW15mpFnI,2026-09-08T20:00:59Z,commit:5c97d16a
Dialogue 6 (Harold Loves Maude) (From 'Harold And Maude' Original Motion Picture Soundtrack),Cat Stevens,Harold And Maude (Original Motion Picture Soundtrack / Deluxe),False,INDIFFERENT,0:56,56,3I2fNBG27Yk,2026-09-08T20:00:03Z,commit:5c97d16a
"If You Want To Sing Out, Sing Out",Cat Stevens,Harold And Maude (Original Motion Picture Soundtrack / Deluxe),False,INDIFFERENT,2:43,163,4votWdbMuQI,2026-09-08T19:57:20Z,commit:5c97d16a
"If You Want To Sing Out, Sing Out (Ruth Gordon & Bud Cort Vocal Version / From 'Harold And Maude' Original Motion Picture Soundtrack)",Cat Stevens,Harold And Maude (Original Motion Picture Soundtrack / Deluxe),False,INDIFFERENT,1:44,104,iENnm9grFpI,2026-09-08T19:55:36Z,commit:5c97d16a
Dialogue 4 (Sunflower) (From 'Harold And Maude' Original Motion Picture Soundtrack),Cat Stevens,Harold And Maude (Original Motion Picture Soundtrack / Deluxe),False,INDIFFERENT,0:53,53,ZeiV-gQFRkA,2026-09-08T19:54:43Z,commit:5c97d16a
I Think I See The Light,Cat Stevens,Harold And Maude (Original Motion Picture Soundtrack / Deluxe),False,INDIFFERENT,3:55,235,QrL__gw_BnU,2026-09-08T19:50:48Z,commit:5c97d16a
Tea For The Tillerman,Cat Stevens,Harold And Maude (Original Motion Picture Soundtrack / Deluxe),False,INDIFFERENT,1:01,61,wkpkENqc0R4,2026-09-08T19:49:47Z,commit:5c97d16a
Miles From Nowhere,Cat Stevens,Harold And Maude (Original Motion Picture Soundtrack / Deluxe),False,INDIFFERENT,3:35,215,uDrlnVLdlu0,2026-09-08T19:46:12Z,commit:5c97d16a
Dialogue 2 (How Many Suicides) (From 'Harold And Maude' Original Motion Picture Soundtrack),Cat Stevens,Harold And Maude (Original Motion Picture Soundtrack / Deluxe),False,INDIFFERENT,0:30,30,J4QUeABa8s0,2026-09-08T19:45:42Z,commit:5c97d16a
Tchaikovsky's Concerto No. 1 in B (From 'Harold And Maude' Original Motion Picture Soundtrack),Harold And Maude Studio Orchestra,Harold And Maude (Original Motion Picture Soundtrack / Deluxe),False,INDIFFERENT,1:27,87,rl4yXS8eDzE,2026-09-08T19:44:15Z,commit:5c97d16a
"I Wish, I Wish",Cat Stevens,Harold And Maude (Original Motion Picture Soundtrack / Deluxe),False,INDIFFERENT,3:48,228,FWSLRRgTKd0,2026-09-08T19:40:27Z,commit:5c97d16a
On The Road To Find Out,Cat Stevens,Harold And Maude (Original Motion Picture Soundtrack / Deluxe),False,INDIFFERENT,5:07,307,xS4i4IJ1Pgo,2026-09-08T19:35:20Z,commit:5c97d16a
Dialogue 1 (I Go To Funerals) (From 'Harold And Maude' Original Motion Picture Soundtrack),Cat Stevens,Harold And Maude (Original Motion Picture Soundtrack / Deluxe),False,INDIFFERENT,0:24,24,pJ_NZGRYmQg,2026-09-08T19:34:56Z,commit:5c97d16a
Don't Be Shy,Cat Stevens,Harold And Maude (Original Motion Picture Soundtrack / Deluxe),False,INDIFFERENT,2:50,170,TyEgdgm3vBI,2026-09-08T19:32:06Z,commit:5c97d16a
Change Down,Bonobo,Dial 'M' for Monkey,False,INDIFFERENT,4:34,274,djdQzsn6N8w,2026-09-08T19:27:32Z,commit:5c97d16a
D Song,Bonobo,Dial 'M' for Monkey,False,INDIFFERENT,5:20,320,CKCIl2Gmn_w,2026-09-08T19:22:12Z,commit:5c97d16a
Flutter,Bonobo,Dial 'M' for Monkey,False,INDIFFERENT,4:45,285,JsQhTxckK8E,2026-09-08T19:17:27Z,commit:5c97d16a
Noctuary,Bonobo,Dial 'M' for Monkey,False,INDIFFERENT,5:23,323,rg3jtPLj66k,2026-09-08T19:12:04Z,commit:5c97d16a
Hatoa,Bonobo,Days To Come,False,INDIFFERENT,4:22,262,xy2Qywzpjms,2026-09-08T19:07:42Z,commit:5c97d16a
Walk In The Sky (Instrumental),Bonobo,Days To Come,False,INDIFFERENT,4:07,247,byevOem7QhI,2026-09-08T19:03:35Z,commit:5c97d16a
If You Stayed Over (Reprise),Bonobo,Days To Come,False,INDIFFERENT,1:45,105,xaBPcLgLeB8,2026-09-08T19:01:50Z,commit:5c97d16a
If You Stayed Over (Instrumental),Bonobo,Days To Come,False,INDIFFERENT,2:16,136,V89yXXlZMZ4,2026-09-08T18:59:34Z,commit:5c97d16a
Nightlite (Demo Version),Bonobo,Days To Come,False,INDIFFERENT,5:11,311,LmTal2rrbxI,2026-09-08T18:54:23Z,commit:5c97d16a
Between The Lines (Instrumental),Bonobo,Days To Come,False,INDIFFERENT,4:37,277,6fYwIl4sD0A,2026-09-08T18:49:46Z,commit:5c97d16a
Days To Come (Instrumental),Bonobo,Days To Come,False,INDIFFERENT,3:51,231,fZJiXB3dfh0,2026-09-08T18:45:55Z,commit:5c97d16a
Recurring,Bonobo,Days To Come,False,INDIFFERENT,5:04,304,7W2g4G9KRqo,2026-09-08T18:40:51Z,commit:5c97d16a
Walk In The Sky (feat. Bajka),Bonobo,Days To Come,False,LIKE,4:35,275,tZPWqR9KUd8,2026-09-08T18:36:16Z,commit:5c97d16a
Dune,Indira Paganotto,Kalima EP,False,INDIFFERENT,4:37,277,ROZ8BOPs8Fc,2026-09-08T18:31:39Z,commit:5c97d16a
Kalima,Indira Paganotto,Kalima EP,False,INDIFFERENT,3:56,236,S5csZLtAdm0,2026-09-08T18:27:43Z,commit:5c97d16a
Fluffhead,Phish,1994.06.11 SBD,,INDIFFERENT,13:35,815,-ko0Ldg3Mr8,2026-09-08T18:14:08Z,commit:5c97d16a
Antelope,Phish,1994.06.11 SBD,,INDIFFERENT,10:37,637,fKYH8hWjPys,2026-09-08T18:03:31Z,commit:5c97d16a
2001,Phish,1994.06.11 SBD,,INDIFFERENT,4:06,246,f_F5NYBh0SY,2026-09-08T17:59:25Z,commit:5c97d16a
Stash,Phish,1994.06.11 SBD,,INDIFFERENT,9:38,578,rBYEaqou82c,2026-09-08T17:49:47Z,commit:5c97d16a
Tela,Phish,1994.06.11 SBD,,INDIFFERENT,6:34,394,VpsvTErVzV8,2026-09-08T17:43:13Z,commit:5c97d16a
It's Ice,Phish,1994.06.11 SBD,,INDIFFERENT,8:12,492,7dKL_ioCTIk,2026-09-08T17:35:01Z,commit:5c97d16a
Down With Disease,Phish,1994.06.11 SBD,,INDIFFERENT,7:03,423,7q5QVZ_eMVo,2026-09-08T17:27:58Z,commit:5c97d16a
Rift,Phish,1994.06.11 SBD,,INDIFFERENT,5:43,343,E7eL3NEv3E0,2026-09-08T17:22:15Z,commit:5c97d16a
YEM,Phish,1994.06.11 SBD,,INDIFFERENT,19:59,1199,2N8qosVED9M,2026-09-08T17:02:16Z,commit:5c97d16a
Chalkdust Torture,Phish,1994.06.11 SBD,,INDIFFERENT,6:03,363,pgpuGTSxyrM,2026-09-08T16:56:13Z,commit:5c97d16a
Wilson,Phish,1994.06.11 SBD,,INDIFFERENT,4:31,271,WJLdvN-BTNw,2026-09-08T16:51:42Z,commit:5c97d16a
Fearless,Pink Floyd,Meddle,False,INDIFFERENT,6:09,369,t3J_2R9rAp8,2026-09-08T16:45:33Z,commit:5c97d16a
A Pillow Of Winds,Pink Floyd,Meddle,False,INDIFFERENT,5:13,313,uThZ1uuLLWM,2026-09-08T16:40:20Z,commit:5c97d16a
One Of These Days,Pink Floyd,Meddle,False,INDIFFERENT,5:56,356,48PJGVf4xqk,2026-09-08T16:34:24Z,commit:5c97d16a
Bike,Pink Floyd,Relics,False,INDIFFERENT,3:22,202,X4PAmOKAFlw,2026-09-08T16:31:02Z,commit:5c97d16a
Biding My Time,Pink Floyd,Relics,False,INDIFFERENT,5:19,319,gvCNJdUExts,2026-09-08T16:25:43Z,commit:5c97d16a
Corporal Clegg,Pink Floyd,A Saucerful of Secrets,False,INDIFFERENT,4:13,253,bVdIieS1HkY,2026-09-08T16:21:30Z,commit:5c97d16a
Black Diamond Bay,Bob Dylan,Desire,False,LIKE,7:29,449,WhENzrnToiU,2026-09-08T16:14:01Z,commit:5c97d16a
Alabama Song / Backdoor Man (live),The Doors,Critique 1969 (live),False,LIKE,6:07,367,edN9Rld1mRY,2026-09-08T16:07:54Z,commit:5c97d16a
"Alabama Song (Whisky Bar) (Live at Felt Forum, New York City, January 18, 1970 - Second Show)",The Doors,Live in New York,False,LIKE,2:01,121,WQJik2VCBnM,2026-09-08T16:05:53Z,commit:5c97d16a
Alabama Song (Whisky Bar) [Mono] (Mono; 2017 Remaster),The Doors,The Doors (50th Anniversary Deluxe Edition),False,INDIFFERENT,3:22,202,0rIjHY49rXk,2026-09-08T16:02:31Z,commit:5c97d16a
Alabama Song (Whisky Bar) (Live at the Matrix),The Doors,Strange Nights of Stone,False,INDIFFERENT,3:16,196,-E_F7lHoW68,2026-09-08T15:59:15Z,commit:5c97d16a
Alabama Song (Whisky Bar),The Doors,The Doors,False,LIKE,3:18,198,nbtEkZIvMAg,2026-09-08T15:55:57Z,commit:5c97d16a
Thanks,"Rob Ickes & Trey Hensley, Trey Hensley",Living In A Song,False,INDIFFERENT,3:11,191,5DvwLpEf6Is,2026-09-08T15:52:46Z,commit:5c97d16a
I Thought I Saw A Carpenter,"Rob Ickes & Trey Hensley, Trey Hensley",Living In A Song,False,INDIFFERENT,4:30,270,dLG1kY49i_U,2026-09-08T15:48:16Z,commit:5c97d16a
Louisiana Woman,"Rob Ickes & Trey Hensley, Trey Hensley",Living In A Song,False,INDIFFERENT,2:51,171,D1ZMmc0o1Lc,2026-09-08T15:45:25Z,commit:5c97d16a
Is The World Still Turning,"Rob Ickes & Trey Hensley, Trey Hensley",Living In A Song,False,INDIFFERENT,3:32,212,PsQr-bl2XaE,2026-09-08T15:41:53Z,commit:5c97d16a
Peace Frog/Blue Sunday (Take 4) [2020 Remaster],The Doors,Morrison Hotel (50th Anniversary Deluxe Edition),False,LIKE,5:43,343,hvqTnMZxfKM,2026-09-08T15:36:10Z,commit:5c97d16a
Tight Rope,Leon Russell,Carney,False,LIKE,3:01,181,IWZBfyR1h6w,2026-09-08T15:33:09Z,commit:5c97d16a
I'm Working On A Building,"Rob Ickes & Trey Hensley, Trey Hensley",Living In A Song,False,INDIFFERENT,4:31,271,V0TkaA1Mf6Q,2026-09-08T15:28:38Z,commit:5c97d16a
Just Because,"Rob Ickes & Trey Hensley, Trey Hensley",Living In A Song,False,INDIFFERENT,3:23,203,m36e0RLVgqQ,2026-09-08T15:25:15Z,commit:5c97d16a
Moonshine Run,"Rob Ickes & Trey Hensley, Trey Hensley",Living In A Song,False,INDIFFERENT,2:48,168,I6eVy8_yUCY,2026-09-08T15:22:27Z,commit:5c97d16a
I've Given All That I Can Take,"Rob Ickes & Trey Hensley, Trey Hensley",Living In A Song,False,INDIFFERENT,3:13,193,sjn5sKtbQnU,2026-09-08T15:19:14Z,commit:5c97d16a
Way Downtown,"Rob Ickes & Trey Hensley, Trey Hensley",Living In A Song,False,INDIFFERENT,3:13,193,xdsxASDrFzs,2026-09-08T15:16:01Z,commit:5c97d16a
Deeper Than A Dirt Road,"Rob Ickes & Trey Hensley, Trey Hensley",Living In A Song,False,INDIFFERENT,3:20,200,YenVGnsO7DI,2026-09-08T15:12:41Z,commit:5c97d16a
Georgia on a Fast Train,"Rob Ickes & Trey Hensley, Trey Hensley",Before the Sun Goes Down,False,INDIFFERENT,3:01,181,tqF_PixCO2A,2026-09-08T15:09:40Z,commit:5c97d16a
Brown Eyed Women (feat. Vince Gill),"Rob Ickes & Trey Hensley, Trey Hensley",World Full of Blues,False,INDIFFERENT,4:01,241,ah_WCscZFzE,2026-09-08T15:05:39Z,commit:5c97d16a
Trey Hensley - “Blue Virginia Blues”,"24K views, Trey Hensley",,False,INDIFFERENT,3:49,229,TbkEutxmobM,2026-09-08T15:01:50Z,commit:5c97d16a
Tight Rope,"534K views, Leon Russell",,False,INDIFFERENT,2:56,176,Qvep3Vsv_uQ,2026-09-08T14:58:54Z,commit:5c97d16a
"The Band of Heathens feat. Grahame Lesh ""Tight Rope"" (Leon Russell)","2.6K views, The Band of Heathens",,False,LIKE,3:46,226,AEgBfr_uXUo,2026-09-08T14:55:08Z,commit:5c97d16a
"Trey Hensley - ""Tight Rope"" (Leon Russell cover)","6K views, Trey Hensley",,False,LIKE,3:30,210,xF1M5InKXeA,2026-09-08T14:51:38Z,commit:5c97d16a
Tightrope,Michelle Williams,The Greatest Showman (Original Motion Picture Soundtrack),False,INDIFFERENT,3:55,235,rKtsx8RjuxY,2026-09-08T14:47:43Z,commit:5c97d16a
Sunchaser,Arc De Soleil,Dunes of Djoser,False,INDIFFERENT,3:35,215,MbKWIvoaKJo,2026-09-08T14:44:08Z,commit:5c97d16a
Dunes of Djoser,Arc De Soleil,Dunes of Djoser,False,INDIFFERENT,2:56,176,ViK7rIVhKUc,2026-09-08T14:41:12Z,commit:5c97d16a
Beware Of Darkness,Leon Russell,Leon Russell And The Shelter People (Expanded Edition),False,INDIFFERENT,4:45,285,aI7Y5Whjfe8,2026-09-08T14:36:27Z,commit:5c97d16a
Sweet Emily,Leon Russell,Leon Russell And The Shelter People (Expanded Edition),False,INDIFFERENT,3:23,203,67ZXQlVfvQQ,2026-09-08T14:33:04Z,commit:5c97d16a
She Smiles Like A River,Leon Russell,Leon Russell And The Shelter People (Expanded Edition),False,INDIFFERENT,3:00,180,2c_dSAdDT0c,2026-09-08T14:30:04Z,commit:5c97d16a
"It Takes A Lot To Laugh, It Takes A Train To Cry",Leon Russell,Leon Russell And The Shelter People (Expanded Edition),False,INDIFFERENT,4:04,244,sLgb-g4jvj8,2026-09-08T14:26:00Z,commit:5c97d16a
Of Thee I Sing,Leon Russell,Leon Russell And The Shelter People (Expanded Edition),False,LIKE,4:24,264,8d15gpdX8LQ,2026-09-08T14:21:36Z,commit:5c97d16a
Midnight Rider,The Allman Brothers Band,Idlewild South (Deluxe Edition Remastered),False,INDIFFERENT,3:01,181,O6Q40nZRRco,2026-09-08T14:18:35Z,commit:5c97d16a
"Wash, Mama, Wash",Dr. John,Remedies,False,INDIFFERENT,3:43,223,Chsot4mCrLw,2026-09-08T14:14:52Z,commit:5c97d16a
Magic Mirror,Leon Russell,Carney,False,INDIFFERENT,4:57,297,UeB6o7Ej2Es,2026-09-08T14:09:55Z,commit:5c97d16a
This Masquerade,Leon Russell,Carney,False,INDIFFERENT,4:26,266,oy_-_JgXA1A,2026-09-08T14:05:29Z,commit:5c97d16a
My Cricket,Leon Russell,Carney,False,INDIFFERENT,2:56,176,aF8hfHe3Duw,2026-09-08T14:02:33Z,commit:5c97d16a
If The Shoe Fits,Leon Russell,Carney,False,LIKE,2:23,143,gznJJxmie9M,2026-09-08T14:00:10Z,commit:5c97d16a
Acid Annapolis,Leon Russell,Carney,False,INDIFFERENT,2:48,168,1JKbOr0i_us,2026-09-08T13:57:22Z,commit:5c97d16a
Carney,Leon Russell,Carney,False,INDIFFERENT,0:48,48,V5ZxkAdkY_4,2026-09-08T13:56:34Z,commit:5c97d16a
Roller Derby,Leon Russell,Carney,False,INDIFFERENT,2:26,146,Zn1gbrVti6Y,2026-09-08T13:54:08Z,commit:5c97d16a
Cajun Love Song,Leon Russell,Carney,False,INDIFFERENT,3:10,190,P8xjZwM9ZrA,2026-09-08T13:50:58Z,commit:5c97d16a
Manhattan Island Serenade,Leon Russell,Carney,False,INDIFFERENT,3:26,206,ytZkLzi-0W8,2026-09-08T13:47:32Z,commit:5c97d16a
Me And Baby Jane,Leon Russell,Carney,False,INDIFFERENT,3:53,233,P1uEiS4Ua2w,2026-09-08T13:43:39Z,commit:5c97d16a
Out In The Woods,Leon Russell,Carney,False,INDIFFERENT,3:38,218,RW62LP9a5Yc,2026-09-08T13:40:01Z,commit:5c97d16a
Tight Rope,Leon Russell,Carney,False,LIKE,3:01,181,IWZBfyR1h6w,2026-09-08T13:37:00Z,commit:5c97d16a
Favorite Son,Satellite Friend,Favorite Son,False,LIKE,4:23,263,Go0wsC-rRIo,2026-09-08T13:32:37Z,commit:5c97d16a
Nicola Cruz Boiler Room Tulum x Comunite Live Set,"13M views, Boiler Room",,False,LIKE,50:34,3034,BcJCNLgEsHs,2026-09-08T12:42:03Z,commit:5c97d16a
Anti-Hero,Taylor Swift,Midnights,False,INDIFFERENT,3:21,201,gGwN25z7FrE,2026-09-08T12:38:42Z,commit:5c97d16a
the last great american dynasty,Taylor Swift,folklore,False,INDIFFERENT,3:51,231,OIlR5mOc9_s,2026-09-08T12:34:51Z,commit:5c97d16a
Creep,Radiohead,Pablo Honey,False,LIKE,3:59,239,zFYEYRcjK2g,2026-09-08T12:30:52Z,commit:5c97d16a
thanK you aIMee,Taylor Swift,THE TORTURED POETS DEPARTMENT: THE ANTHOLOGY,False,INDIFFERENT,4:24,264,grbVHCV4yYc,2026-09-08T12:26:28Z,commit:5c97d16a
Everybody's a Somebody,Golden Shoals,Everybody's a Somebody,False,LIKE,2:52,172,RSGEInxNQoM,2026-09-08T12:23:36Z,commit:5c97d16a
BIRDS OF A FEATHER,Billie Eilish,HIT ME HARD AND SOFT,False,INDIFFERENT,3:31,211,WKZO-CWeOVA,2026-09-08T12:20:05Z,commit:5c97d16a
Red Wine Supernova,Chappell Roan,The Rise and Fall of a Midwest Princess,False,INDIFFERENT,3:13,193,KSbwHJMPq8w,2026-09-08T12:16:52Z,commit:5c97d16a
Pumped Up Kicks,Foster The People,Torches,False,INDIFFERENT,4:00,240,rnO-MflYxCw,2026-09-08T12:12:52Z,commit:5c97d16a
Howling At Nothing,Nathaniel Rateliff & The Night Sweats,Nathaniel Rateliff & The Night Sweats,False,INDIFFERENT,3:10,190,oJs3pGARtMw,2026-09-08T12:09:42Z,commit:5c97d16a
Bam Bam,Sister Nancy,One Two,False,INDIFFERENT,3:17,197,BGM0v44Yszk,2026-09-08T12:06:25Z,commit:5c97d16a
The Giver,Chappell Roan,The Giver,False,INDIFFERENT,3:23,203,EbHFi68E78k,2026-09-08T12:03:02Z,commit:5c97d16a
Lonesome Drifter,Charley Crockett,Lonesome Drifter,False,INDIFFERENT,3:03,183,MftC0rNdz8M,2026-09-08T11:59:59Z,commit:5c97d16a
That's What My Heart Needs,Otis Redding,Pain in My Heart,False,INDIFFERENT,2:42,162,5FYF3A5dWlg,2026-09-08T11:57:17Z,commit:5c97d16a
Espresso,Sabrina Carpenter,Short n' Sweet,False,INDIFFERENT,2:56,176,kIft-LUHHVA,2026-09-08T11:54:21Z,commit:5c97d16a
Pink Pony Club,Chappell Roan,The Rise and Fall of a Midwest Princess,False,INDIFFERENT,4:19,259,R_iTpfSCIVk,2026-09-08T11:50:02Z,commit:5c97d16a
You Left the Water Running,Dan Penn,The Fame Recordings,False,LIKE,2:20,140,43wJ0o2iFNA,2026-09-08T11:47:42Z,commit:5c97d16a
Please Please Please,Sabrina Carpenter,Short n' Sweet,False,INDIFFERENT,3:07,187,62yox0F5lcA,2026-09-08T11:44:35Z,commit:5c97d16a
I Think I See The Light,Cat Stevens,Harold And Maude (Original Motion Picture Soundtrack / Deluxe),False,INDIFFERENT,3:55,235,QrL__gw_BnU,2026-09-08T11:40:40Z,commit:5c97d16a
Tea For The Tillerman,Cat Stevens,Harold And Maude (Original Motion Picture Soundtrack / Deluxe),False,INDIFFERENT,1:01,61,wkpkENqc0R4,2026-09-08T11:39:39Z,commit:5c97d16a
Miles From Nowhere,Cat Stevens,Harold And Maude (Original Motion Picture Soundtrack / Deluxe),False,INDIFFERENT,3:35,215,uDrlnVLdlu0,2026-09-08T11:36:04Z,commit:5c97d16a
Tchaikovsky's Concerto No. 1 in B (From 'Harold And Maude' Original Motion Picture Soundtrack),Harold And Maude Studio Orchestra,Harold And Maude (Original Motion Picture Soundtrack / Deluxe),False,INDIFFERENT,1:27,87,rl4yXS8eDzE,2026-09-08T11:34:37Z,commit:5c97d16a
"I Wish, I Wish",Cat Stevens,Harold And Maude (Original Motion Picture Soundtrack / Deluxe),False,INDIFFERENT,3:48,228,FWSLRRgTKd0,2026-09-08T11:30:49Z,commit:5c97d16a
On The Road To Find Out,Cat Stevens,Harold And Maude (Original Motion Picture Soundtrack / Deluxe),False,INDIFFERENT,5:07,307,xS4i4IJ1Pgo,2026-09-08T11:25:42Z,commit:5c97d16a
Don't Be Shy,Cat Stevens,Harold And Maude (Original Motion Picture Soundtrack / Deluxe),False,INDIFFERENT,2:50,170,TyEgdgm3vBI,2026-09-08T11:22:52Z,commit:5c97d16a
Miles From Nowhere,Cat Stevens,Tea For The Tillerman,False,INDIFFERENT,3:37,217,HAEYFb7m8qM,2026-09-08T11:19:15Z,commit:5c97d16a
One Day,Foxy Shazam,Dark Blue Night,False,INDIFFERENT,4:16,256,-oKqafsXU2I,2026-09-08T11:14:59Z,commit:5c97d16a
The Forbidden Kind,Foxy Shazam,Dark Blue Night,False,INDIFFERENT,3:54,234,CLq5dgfaVsU,2026-09-08T11:11:05Z,commit:5c97d16a
The World At Large,Modest Mouse,Good News For People Who Love Bad News,False,INDIFFERENT,4:33,273,FIJKJdsAszw,2026-09-08T11:06:32Z,commit:5c97d16a
The Giver,Chappell Roan,The Giver,False,INDIFFERENT,3:23,203,EbHFi68E78k,2026-09-08T11:03:09Z,commit:5c97d16a
Nothing Matters,The Last Dinner Party,Prelude to Ecstasy,False,INDIFFERENT,3:03,183,mF21WMaG92E,2026-09-08T11:00:06Z,commit:5c97d16a
I Want To Break Free,Queen,The Works (Deluxe Remastered Version),False,INDIFFERENT,4:19,259,GfeklykTLcE,2026-09-08T10:55:47Z,commit:5c97d16a
I Can Change For You,Foxy Shazam,Dark Blue Night,False,INDIFFERENT,4:04,244,6Iian7Lkyyw,2026-09-08T10:51:43Z,commit:5c97d16a
Evil Thoughts,Foxy Shazam,Foxy Shazam,False,INDIFFERENT,4:18,258,jsNxmSLFDak,2026-09-08T10:47:25Z,commit:5c97d16a
Que' Onda Guero,Beck,Guero,False,INDIFFERENT,3:30,210,fVW35uuMYTY,2026-09-08T10:43:55Z,commit:5c97d16a
Joseph,Foxy Shazam,Animality Opera,False,INDIFFERENT,4:20,260,P0ekCnfF1sA,2026-09-08T10:39:35Z,commit:5c97d16a
Uncreated,Foxy Shazam,Animality Opera,False,INDIFFERENT,4:32,272,t0hG8v6PB94,2026-09-08T10:35:03Z,commit:5c97d16a
Jack Tar,Foxy Shazam,Animality Opera,False,INDIFFERENT,3:20,200,VfxkJXOZD8I,2026-09-08T10:31:43Z,commit:5c97d16a
Empire Of The Vampire,Foxy Shazam,Animality Opera,False,INDIFFERENT,3:08,188,Vh7hYnJbF_Q,2026-09-08T10:28:35Z,commit:5c97d16a
You Don't Judge The Birds,Foxy Shazam,Animality Opera,False,INDIFFERENT,3:01,181,-GvHNrdWsag,2026-09-08T10:25:34Z,commit:5c97d16a
Treacherous Pursuit,Foxy Shazam,Animality Opera,False,INDIFFERENT,2:53,173,V2eu2-PjFuc,2026-09-08T10:22:41Z,commit:5c97d16a
Karaoke Pain,Foxy Shazam,Animality Opera,False,INDIFFERENT,3:37,217,98fhIB0dJPU,2026-09-08T10:19:04Z,commit:5c97d16a
King Of Animality,Foxy Shazam,Animality Opera,False,INDIFFERENT,2:25,145,ZcT-CxhjaiM,2026-09-08T10:16:39Z,commit:5c97d16a
Dragonfly Chase,Foxy Shazam,Animality Opera,False,INDIFFERENT,2:27,147,UFOq__MbEig,2026-09-08T10:14:12Z,commit:5c97d16a
Pink Sky,Foxy Shazam,Animality Opera,False,INDIFFERENT,3:42,222,uJCHYhpzOrw,2026-09-08T10:10:30Z,commit:5c97d16a
Rhumbatorium,Foxy Shazam,Animality Opera,False,INDIFFERENT,3:24,204,uh4pgjmNrlk,2026-09-08T10:07:06Z,commit:5c97d16a
Bittersweet Cherries,Foxy Shazam,Dark Blue Night,False,INDIFFERENT,4:57,297,-TS8mb30i6Y,2026-09-08T10:02:09Z,commit:5c97d16a
"The Other One (Live at Madison Square Garden, New York, NY 3/9/81)",Grateful Dead,"Madison Square Garden, New York, NY 3/9/81 (Live)",False,INDIFFERENT,7:48,468,8dyfRp7Iv3s,2026-09-08T09:54:21Z,commit:5c97d16a
"Drums (Live at Madison Square Garden, New York, NY 3/9/81)",Grateful Dead,"Madison Square Garden, New York, NY 3/9/81 (Live)",False,INDIFFERENT,10:33,633,QzBKT9jAGn4,2026-09-08T09:43:48Z,commit:5c97d16a
"Uncle John's Band (Live at Madison Square Garden, New York, NY 3/9/81)",Grateful Dead,"Madison Square Garden, New York, NY 3/9/81 (Live)",False,INDIFFERENT,11:46,706,jjKnHv2QMoQ,2026-09-08T09:32:02Z,commit:5c97d16a
"Estimated Prophet (Live at Madison Square Garden, New York, NY 3/9/81)",Grateful Dead,"Madison Square Garden, New York, NY 3/9/81 (Live)",False,INDIFFERENT,13:51,831,RyXd4YAqtJQ,2026-09-08T09:18:11Z,commit:5c97d16a
"Ship of Fools (Live at Madison Square Garden, New York, NY 3/9/81)",Grateful Dead,"Madison Square Garden, New York, NY 3/9/81 (Live)",False,INDIFFERENT,8:57,537,92Hcu4NCgIE,2026-09-08T09:09:14Z,commit:5c97d16a
"Samson and Delilah (Live at Madison Square Garden, New York, NY 3/9/81)",Grateful Dead,"Madison Square Garden, New York, NY 3/9/81 (Live)",False,INDIFFERENT,7:33,453,uq-2lmG3ngo,2026-09-08T09:01:41Z,commit:5c97d16a
"I Know You Rider (Live at Madison Square Garden, New York, NY 3/9/81)",Grateful Dead,"Madison Square Garden, New York, NY 3/9/81 (Live)",False,INDIFFERENT,6:11,371,NP1wIpLxL8Q,2026-09-08T08:55:30Z,commit:5c97d16a
"China Cat Sunflower (Live at Madison Square Garden, New York, NY 3/9/81)",Grateful Dead,"Madison Square Garden, New York, NY 3/9/81 (Live)",False,INDIFFERENT,9:34,574,Be_xNb-oOyY,2026-09-08T08:45:56Z,commit:5c97d16a
"New Minglewood Blues (Live at Madison Square Garden, New York, NY 3/9/81)",Grateful Dead,"Madison Square Garden, New York, NY 3/9/81 (Live)",False,INDIFFERENT,7:02,422,KylP8XmSu-g,2026-09-08T08:38:54Z,commit:5c97d16a
"Bird Song (Live at Madison Square Garden, New York, NY 3/9/81)",Grateful Dead,"Madison Square Garden, New York, NY 3/9/81 (Live)",False,INDIFFERENT,11:16,676,LSIrEfQrVn4,2026-09-08T08:27:38Z,commit:5c97d16a
"Beat It on Down the Line (Live at Madison Square Garden, New York, NY 3/9/81)",Grateful Dead,"Madison Square Garden, New York, NY 3/9/81 (Live)",False,INDIFFERENT,3:58,238,QWGWgo8MOfg,2026-09-08T08:23:40Z,commit:5c97d16a
"Deep Elem Blues (Live at Madison Square Garden, New York, NY 3/9/81)",Grateful Dead,"Madison Square Garden, New York, NY 3/9/81 (Live)",False,INDIFFERENT,7:04,424,VpGVP04vb28,2026-09-08T08:16:36Z,commit:5c97d16a
"El Paso (Live at Madison Square Garden, New York, NY 3/9/81)",Grateful Dead,"Madison Square Garden, New York, NY 3/9/81 (Live)",False,INDIFFERENT,5:31,331,txW85VEfmNI,2026-09-08T08:11:05Z,commit:5c97d16a
"Ramble on Rose (Live at Madison Square Garden, New York, NY 3/9/81)",Grateful Dead,"Madison Square Garden, New York, NY 3/9/81 (Live)",False,INDIFFERENT,7:42,462,KGQ79bWolm0,2026-09-08T08:03:23Z,commit:5c97d16a
California Sober (feat. Willie Nelson),Billy Strings,California Sober,False,LIKE,3:51,231,AmxvLgvc8IE,2026-09-08T07:59:32Z,commit:5c97d16a
Amarillo Highway (for Dave Hickey),Terry Allen,Lubbock (on everything),False,LIKE,4:01,241,j0yS6Jc-vw0,2026-09-08T07:55:31Z,commit:5c97d16a
Faster Horses (The Cowboy And The Poet),Tom T. Hall,"Tom T. Hall - Storyteller, Poet, Philosopher",False,INDIFFERENT,2:53,173,UD8ytadaNI8,2026-09-08T07:52:38Z,commit:5c97d16a
Tulsa Time,Don Williams,Expressions,False,INDIFFERENT,3:16,196,2bHVYvRMm9Q,2026-09-08T07:49:22Z,commit:5c97d16a
Lost Highway,Hank Williams,Health & Happiness Shows,False,INDIFFERENT,3:24,204,92dezZCxer8,2026-09-08T07:45:58Z,commit:5c97d16a
Southern Nights,Glen Campbell,Southern Nights,False,LIKE,3:01,181,X6-sU7pVJ3k,2026-09-08T07:42:57Z,commit:5c97d16a
Gator,Jerry Reed,Both Barrels,False,LIKE,2:58,178,fty3aTMWbWc,2026-09-08T07:39:59Z,commit:5c97d16a
Black Sedan,Charley Crockett,The Man from Waco,False,INDIFFERENT,3:25,205,4Y9RolTqiuM,2026-09-08T07:36:34Z,commit:5c97d16a
Ramblin' Fever,Merle Haggard,Ramblin' Fever,False,INDIFFERENT,3:12,192,Wvd6jNsdMZI,2026-09-08T07:33:22Z,commit:5c97d16a
Y'all Come Back Saloon,The Oak Ridge Boys,Y'all Come Back Saloon,False,LIKE,2:56,176,sH_4dSOXj90,2026-09-08T07:30:26Z,commit:5c97d16a
There Ain't No Good Chain Gang,Johnny Cash,The Legend,False,INDIFFERENT,3:17,197,A2z6i54d7m4,2026-09-08T07:27:09Z,commit:5c97d16a
Honky Tonk Heroes,Waylon Jennings,Honky Tonk Heroes,False,INDIFFERENT,3:36,216,SRJhsYf-jok,2026-09-08T07:23:33Z,commit:5c97d16a
"Lonesome, On'ry and Mean",Waylon Jennings,"Lonesome, On'ry & Mean (Expanded Edition)",False,INDIFFERENT,3:41,221,U0PjacHLI9Y,2026-09-08T07:19:52Z,commit:5c97d16a
"Story of Isaac (feat. Andrew Marlin, Noam Pikelny, Chris Eldridge & Alex Hargreaves)",Mighty Poplar,Mighty Poplar,False,INDIFFERENT,6:21,381,2cydfPSto7c,2026-09-08T07:13:31Z,commit:5c97d16a
"Kicking Up the Devil on a Holiday / Dr. Hecock's Jig (feat. Andrew Marlin, Noam Pikelny, Chris Eldridge & Alex Hargreaves)",Mighty Poplar,Mighty Poplar,False,INDIFFERENT,5:51,351,FUpVDX-BpMs,2026-09-08T07:07:40Z,commit:5c97d16a
"Let Him Go on Mama (feat. Andrew Marlin, Noam Pikelny, Chris Eldridge & Alex Hargreaves)",Mighty Poplar,Mighty Poplar,False,INDIFFERENT,4:10,250,9CLcIOv4MtY,2026-09-08T07:03:30Z,commit:5c97d16a
"Little Joe (feat. Andrew Marlin, Noam Pikelny, Chris Eldridge & Alex Hargreaves)",Mighty Poplar,Mighty Poplar,False,LIKE,3:04,184,xQ-kxkDP8H0,2026-09-08T07:00:26Z,commit:5c97d16a
"Up on the Divide (feat. Andrew Marlin, Noam Pikelny, Chris Eldridge & Alex Hargreaves)",Mighty Poplar,Mighty Poplar,False,INDIFFERENT,3:21,201,N1rC1veHA_s,2026-09-08T06:57:05Z,commit:5c97d16a
"A Distant Land to Roam (feat. Andrew Marlin, Noam Pikelny, Chris Eldridge & Alex Hargreaves)",Mighty Poplar,Mighty Poplar,False,INDIFFERENT,2:34,154,YaC4M0M0hM4,2026-09-08T06:54:31Z,commit:5c97d16a
Gentle On My Mind,John Hartford,RCA Country Legends: John Hartford,False,INDIFFERENT,3:03,183,7AMJe4TwH8E,2026-09-08T06:51:28Z,commit:5c97d16a
Whiskey In The Jar (Master Takes),"David Grisman, Jerry Garcia","Bare Bones, Vol. 1: The Duo Recordings (Master Takes)",False,INDIFFERENT,4:22,262,6VedBW4fAiw,2026-09-08T06:47:06Z,commit:5c97d16a
Mean Mother Blues,The Seldom Scene with John Starling,Long Time... Seldom Scene,False,LIKE,3:08,188,UKy_Q-SvPHQ,2026-09-08T06:43:58Z,commit:5c97d16a
Two One Six,Shades,Two One Six,False,INDIFFERENT,3:26,206,ymc8Thfom_4,2026-09-08T06:40:32Z,commit:5c97d16a
Moon Waltz,MeSo,Moon Waltz,False,INDIFFERENT,4:31,271,GZ57KgdicLc,2026-09-08T06:36:01Z,commit:5c97d16a
Get to You,Saint Sinner,Get to You,False,INDIFFERENT,4:02,242,vXpzw2AoRjY,2026-09-08T06:31:59Z,commit:5c97d16a
Velasquez,Trail,Velasquez,False,INDIFFERENT,4:28,268,_Q9w7pEltTY,2026-09-08T06:27:31Z,commit:5c97d16a
Bare Your Soul,COPYCATT,"Powered by Inspected, Vol. 3",False,INDIFFERENT,2:41,161,RU2CrIHkw54,2026-09-08T06:24:50Z,commit:5c97d16a
Kodachrome,Paul Simon,There Goes Rhymin' Simon,False,LIKE,3:36,216,JD6Zq505pnM,2026-09-08T06:21:14Z,commit:5c97d16a
50 Ways to Leave Your Lover,Paul Simon,Still Crazy After All These Years,False,INDIFFERENT,3:38,218,B1V1varByWI,2026-09-08T06:17:36Z,commit:5c97d16a
Rocky Raccoon (Remastered 2009),The Beatles,The Beatles,False,INDIFFERENT,3:34,214,sDcDCZGcZj8,2026-09-08T06:14:02Z,commit:5c97d16a
Up On Cripple Creek,The Band,The Band,False,INDIFFERENT,4:31,271,zFFGkDmjRlo,2026-09-08T06:09:31Z,commit:5c97d16a
Like a Rolling Stone (Take 4 Remake),Bob Dylan,"The Cutting Edge 1965-1966: The Bootleg Series, Vol.12 (Deluxe Edition)",False,INDIFFERENT,6:27,387,QSt0is5bSas,2026-09-08T06:03:04Z,commit:5c97d16a
Dupree's Diamond Blues,Grateful Dead,Aoxomoxoa,False,INDIFFERENT,3:35,215,YK3f4SwNCTk,2026-09-08T05:59:29Z,commit:5c97d16a
Dixie Chicken (2023 Remaster),Little Feat,Dixie Chicken (Deluxe Edition),False,INDIFFERENT,3:56,236,G7oCEnBSpRM,2026-09-08T05:55:33Z,commit:5c97d16a
Right Place Wrong Time,Dr. John,In The Right Place,False,INDIFFERENT,2:56,176,zw-2CTx4YgY,2026-09-08T05:52:37Z,commit:5c97d16a
One Toke Over the Line,Brewer & Shipley,Tarkio Road,False,LIKE,3:20,200,OF3EUFnafp8,2026-09-08T05:49:17Z,commit:5c97d16a
Good Morning Mr Shmink,Lettuce,Resonate,False,INDIFFERENT,5:00,300,zy0TbTKazt4,2026-09-08T05:44:17Z,commit:5c97d16a
Confessionals,Ivan the Tolerable,Nocturnes,False,INDIFFERENT,3:59,239,CviwXuws7xA,2026-09-08T05:40:18Z,commit:5c97d16a
Big Time Nothing,St. Vincent,All Born Screaming,False,INDIFFERENT,2:59,179,3Fxa5RLBEMY,2026-09-08T05:37:19Z,commit:5c97d16a
The Antidote,St. Vincent,The Twilight Saga: Breaking Dawn - Part 2 (Original Motion Picture Soundtrack),False,INDIFFERENT,3:40,220,L9RlqEn18dg,2026-09-08T05:33:39Z,commit:5c97d16a
Digital Witness,St. Vincent,St. Vincent (Deluxe Edition),False,INDIFFERENT,3:22,202,filVPlpbZxM,2026-09-08T05:30:17Z,commit:5c97d16a
You Don't Mess Around with Jim,Jim Croce,You Don't Mess Around With Jim,False,LIKE,3:03,183,VRIHW-aQl-k,2026-09-08T05:27:14Z,commit:5c97d16a
Late in the Evening,Paul Simon,One-Trick Pony,False,INDIFFERENT,4:03,243,fKWW4ll0YzI,2026-09-08T05:23:11Z,commit:5c97d16a
Kodachrome,Paul Simon,There Goes Rhymin' Simon,False,LIKE,3:36,216,JD6Zq505pnM,2026-09-08T05:19:35Z,commit:5c97d16a
Ripple,Grateful Dead,What a Long Strange Trip It's Been: The Best of the Grateful Dead,False,INDIFFERENT,4:11,251,TEp6TSPQP48,2026-09-08T05:15:24Z,commit:5c97d16a
Victoria (Stereo Mix),The Kinks,Arthur (Deluxe Edition),False,INDIFFERENT,3:41,221,lVck2nuFUsg,2026-09-08T05:11:43Z,commit:5c97d16a
Go To The Mirror!,The Who,Tommy,False,LIKE,3:48,228,pFBt8DDbBT4,2026-09-08T05:07:55Z,commit:5c97d16a
In This Moment,Hazy,In This Moment,False,INDIFFERENT,6:20,380,VjayaU7Ea00,2026-09-08T05:01:35Z,commit:5c97d16a
Erde,Still Harbours,Armature,False,INDIFFERENT,6:00,360,lQOrqOMzbo0,2026-09-08T04:55:35Z,commit:5c97d16a
Anhelo,Warmth,Mourning Ghost,False,INDIFFERENT,4:27,267,uh_Y_X4P1vM,2026-09-08T04:51:08Z,commit:5c97d16a
A Thousand Winters,aindulmedir,Star Lore,False,INDIFFERENT,5:54,354,S1eJgYHCWCc,2026-09-08T04:45:14Z,commit:5c97d16a
Good Vibrations,Hot Like Mars,Good Vibrations,False,INDIFFERENT,4:12,252,OYW9JhV5To0,2026-09-08T04:41:02Z,commit:5c97d16a
Mysterium,Hammock,Mysterium,False,INDIFFERENT,7:12,432,Pe5Q9xN63nk,2026-09-08T04:33:50Z,commit:5c97d16a
Shining from Within,"Relaxation, Self Care Meditation, Stress Relief Helper",Beneath the Surface,False,INDIFFERENT,2:22,142,gndT8Jaq004,2026-09-08T04:31:28Z,commit:5c97d16a
Sars Requiem,Tim Hecker,Shards,False,INDIFFERENT,3:14,194,6p7SF2ePSZc,2026-09-08T04:28:14Z,commit:5c97d16a
Apreludes (In C Sharp Major),Stars of the Lid,And Their Refinement of the Decline,False,INDIFFERENT,3:45,225,2PfcvfUgXEk,2026-09-08T04:24:29Z,commit:5c97d16a
Solstice Moon (Drone Edit),Spacecraft,Solstice Moon (Drone Edit),False,INDIFFERENT,3:43,223,ro8wj7WfTxI,2026-09-08T04:20:46Z,commit:5c97d16a
Silverlight,Helios,Veriditas,False,INDIFFERENT,3:10,190,M0SrvBo_qcE,2026-09-08T04:17:36Z,commit:5c97d16a
#20,Aphex Twin,Selected Ambient Works Volume II,False,INDIFFERENT,4:16,256,cCD8uT9C90M,2026-09-08T04:13:20Z,commit:5c97d16a
Kamouraska,Loscil,Umbel,False,INDIFFERENT,6:35,395,mGvuBRAFKC8,2026-09-08T04:06:45Z,commit:5c97d16a
Sienna,Loscil & Lawrence English,Chroma,False,INDIFFERENT,5:34,334,-ZC8o6rIcwk,2026-09-08T04:01:11Z,commit:5c97d16a
My Back Pages,The Byrds,Younger Than Yesterday,False,INDIFFERENT,3:09,189,OADlrLHfYW4,2026-09-08T03:58:02Z,commit:5c97d16a
Go Your Own Way (Live 1977),Fleetwood Mac,Rumours (Super Deluxe),False,INDIFFERENT,4:55,295,N_Jqmz_zKWw,2026-09-08T03:53:07Z,commit:5c97d16a
The Real Me,The Who,Quadrophenia (Super Deluxe Edition),False,INDIFFERENT,3:21,201,6y1c3xllo8c,2026-09-08T03:49:46Z,commit:5c97d16a
Highway Chile,The Jimi Hendrix Experience,Are You Experienced,False,INDIFFERENT,3:33,213,KR13r55Avjc,2026-09-08T03:46:13Z,commit:5c97d16a
Fame,David Bowie,Young Americans,False,INDIFFERENT,4:22,262,Ypgq0qdgVZA,2026-09-08T03:41:51Z,commit:5c97d16a
This Must Be the Place (Naive Melody) [2005 Remaster],Talking Heads,Speaking in Tongues (Deluxe Version),False,INDIFFERENT,4:57,297,fsccjsW8bSY,2026-09-08T03:36:54Z,commit:5c97d16a
Taxman (Remastered 2009),The Beatles,Revolver,False,INDIFFERENT,2:39,159,l0zaebtU-CA,2026-09-08T03:34:15Z,commit:5c97d16a
Houses of the Holy (1990 Remaster),Led Zeppelin,Physical Graffiti (1994 Remaster),False,INDIFFERENT,4:03,243,ohDQ1FUUjPs,2026-09-08T03:30:12Z,commit:5c97d16a
Underture,The Who,Tommy,False,INDIFFERENT,10:05,605,QcjskTtsUEI,2026-09-08T03:20:07Z,commit:5c97d16a
Go To The Mirror!,The Who,Tommy,False,LIKE,3:48,228,pFBt8DDbBT4,2026-09-08T03:16:19Z,commit:5c97d16a
Endless Falls,loscil,Endless Falls,False,INDIFFERENT,7:56,476,xxxpnfRi4Tw,2026-09-08T03:08:23Z,commit:5c97d16a
Stillness,Hazy,Stillness,False,INDIFFERENT,4:00,240,aqYuFlzLC1A,2026-09-08T03:04:23Z,commit:5c97d16a
A Meaningful Moment Through a Meaning(less) Process,Stars of the Lid,And Their Refinement of the Decline,False,INDIFFERENT,4:33,273,T9lV5-wbPqw,2026-09-08T02:59:50Z,commit:5c97d16a
Indigo,Loscil & Lawrence English,Chroma,False,INDIFFERENT,4:25,265,iWmgCbMR7s0,2026-09-08T02:55:25Z,commit:5c97d16a
Basilisk,Orgone,Basilisk,False,LIKE,4:30,270,alUNFofyIHg,2026-09-08T02:50:55Z,commit:5c97d16a
Sahara Cowboy,Arc De Soleil,Chameleon Sunday,False,INDIFFERENT,3:05,185,sk1j6cg2p3k,2026-09-08T02:47:50Z,commit:5c97d16a
Black Sand,Glass Beams,Mahal,False,INDIFFERENT,4:39,279,v_mpRUw_JDk,2026-09-08T02:43:11Z,commit:5c97d16a
Snake Oil,Glass Beams,Mahal,False,INDIFFERENT,4:56,296,qcraR6poCHk,2026-09-08T02:38:15Z,commit:5c97d16a
Coffee Pot Blues,Pokey LaFarge,Middle of Everywhere,False,INDIFFERENT,4:02,242,VCUoZR7xVXE,2026-09-08T02:34:13Z,commit:5c97d16a
Drinkin' Whiskey Tonight,Pokey LaFarge,Middle of Everywhere,False,LIKE,2:53,173,GWqjF81M5h4,2026-09-08T02:31:20Z,commit:5c97d16a
Rhiannon,The Langley Schools Music Project,Innocence and Despair,False,LIKE,3:53,233,vMCpsR8pvXM,2026-09-08T02:27:27Z,commit:5c97d16a
To Know Him is to Love Him,The Langley Schools Music Project,Innocence and Despair,False,INDIFFERENT,1:50,110,6--SKyJbj70,2026-09-08T02:25:37Z,commit:5c97d16a
Sweet Caroline,The Langley Schools Music Project,Innocence and Despair,False,INDIFFERENT,3:00,180,TSsL25EnRY0,2026-09-08T02:22:37Z,commit:5c97d16a
You're So Good to Me,The Langley Schools Music Project,Innocence and Despair,False,INDIFFERENT,2:50,170,FBcIQY-TuSE,2026-09-08T02:19:47Z,commit:5c97d16a
Desperado,The Langley Schools Music Project,Innocence and Despair,False,LIKE,3:36,216,2H9xirgRM2w,2026-09-08T02:16:11Z,commit:5c97d16a
Wildfire,The Langley Schools Music Project,Innocence and Despair,False,INDIFFERENT,4:33,273,Kpjhs5nH4N8,2026-09-08T02:11:38Z,commit:5c97d16a
The Long and Winding Road,The Langley Schools Music Project,Innocence and Despair,False,INDIFFERENT,3:50,230,carLv4HbK6M,2026-09-08T02:07:48Z,commit:5c97d16a
Space Oddity,The Langley Schools Music Project,Innocence and Despair,False,INDIFFERENT,5:27,327,LmzAfPA74pI,2026-09-08T02:02:21Z,commit:5c97d16a
Float On,Modest Mouse,Good News For People Who Love Bad News,False,INDIFFERENT,3:29,209,88XhEqgmRhM,2026-09-08T01:58:52Z,commit:5c97d16a
I Believe in a Thing Called Love (Single Version),The Darkness,Permission To Land... Again (20th Anniversary Edition),False,INDIFFERENT,3:39,219,ZbxkV9vCZuU,2026-09-08T01:55:13Z,commit:5c97d16a
"You're Gonna Go Far, Kid",The Offspring,"Rise And Fall, Rage And Grace",False,INDIFFERENT,2:58,178,weqK155M_4o,2026-09-08T01:52:15Z,commit:5c97d16a
Teenage Demon Baby,Foxy Shazam,Foxy Shazam,False,INDIFFERENT,3:37,217,PDI5dFW1h1M,2026-09-08T01:48:38Z,commit:5c97d16a
Oh Lord,Foxy Shazam,Foxy Shazam,False,INDIFFERENT,4:11,251,dEEB-51RpnY,2026-09-08T01:44:27Z,commit:5c97d16a
Second Floor,Foxy Shazam,Foxy Shazam,False,INDIFFERENT,4:00,240,XuZ76-4z5U8,2026-09-08T01:40:27Z,commit:5c97d16a
Killin' It,Foxy Shazam,Foxy Shazam,False,INDIFFERENT,3:59,239,Bewcw1PWtHY,2026-09-08T01:36:28Z,commit:5c97d16a
Nothing Matters,The Last Dinner Party,Prelude to Ecstasy,False,INDIFFERENT,3:03,183,mF21WMaG92E,2026-09-08T01:33:25Z,commit:5c97d16a
The Giver - Chappell Roan,"334K views, Chappell Roan HQ",,False,INDIFFERENT,3:29,209,O0400SZ-xL0,2026-09-08T01:29:56Z,commit:5c97d16a
All Too Well (10 Minute Version) [Taylor's Version] [From The Vault],Taylor Swift,Red (Taylor's Version),False,INDIFFERENT,10:13,613,7SqC7_f_-0M,2026-09-08T01:19:43Z,commit:5c97d16a
Please Please Please,Sabrina Carpenter,Short n' Sweet,False,INDIFFERENT,3:07,187,62yox0F5lcA,2026-09-08T01:16:36Z,commit:5c97d16a
Sensation,The Who,Tommy,False,INDIFFERENT,2:27,147,FeB3fNRPLEc,2026-09-08T01:14:09Z,commit:5c97d16a
Smash The Mirror,The Who,Tommy,False,INDIFFERENT,1:35,95,_V4j21NOAwI,2026-09-08T01:12:34Z,commit:5c97d16a
Tommy Can You Hear Me?,The Who,Tommy,False,INDIFFERENT,1:36,96,GxOHe_cQ4os,2026-09-08T01:10:58Z,commit:5c97d16a
Go To The Mirror!,The Who,Tommy,False,LIKE,3:48,228,pFBt8DDbBT4,2026-09-08T01:07:10Z,commit:5c97d16a
Amaranth,Loscil & Lawrence English,Chroma,False,INDIFFERENT,5:51,351,KjDoxJr-35Y,2026-09-08T01:01:19Z,commit:5c97d16a
Vermillion,Loscil & Lawrence English,Chroma,False,INDIFFERENT,7:17,437,sJZhj6k0mSY,2026-09-08T00:54:02Z,commit:5c97d16a
Ultramarine,Loscil & Lawrence English,Chroma,False,INDIFFERENT,5:07,307,0_6Vew9eUh8,2026-09-08T00:48:55Z,commit:5c97d16a
Ochre,Loscil & Lawrence English,Chroma,False,INDIFFERENT,4:04,244,7CInvYDZ-TM,2026-09-08T00:44:51Z,commit:5c97d16a
Sienna,Loscil & Lawrence English,Chroma,False,INDIFFERENT,5:34,334,-ZC8o6rIcwk,2026-09-08T00:39:17Z,commit:5c97d16a
Respite,Dear Gravity,Sleep Scenes,False,INDIFFERENT,3:19,199,SFOMeLbvreA,2026-09-08T00:35:58Z,commit:5c97d16a
Sea Floor,Astron,Timeless Tide,False,INDIFFERENT,3:23,203,jXWkNkZHy18,2026-09-08T00:32:35Z,commit:5c97d16a
Two Connect,Spa,Pure Relaxing Ambience,False,INDIFFERENT,3:34,214,q3gFgtufKbw,2026-09-08T00:29:01Z,commit:5c97d16a
Hohenbol,Feldgeister,Between Camerae,False,INDIFFERENT,3:20,200,hSzmR10T1hs,2026-09-08T00:25:41Z,commit:5c97d16a
Stillness,Hazy,Stillness,False,INDIFFERENT,4:00,240,aqYuFlzLC1A,2026-09-08T00:21:41Z,commit:5c97d16a
A Meaningful Moment Through a Meaning(less) Process,Stars of the Lid,And Their Refinement of the Decline,False,INDIFFERENT,4:33,273,T9lV5-wbPqw,2026-09-08T00:17:08Z,commit:5c97d16a
Indigo,Loscil & Lawrence English,Chroma,False,INDIFFERENT,4:25,265,iWmgCbMR7s0,2026-09-08T00:12:43Z,commit:5c97d16a
Bare Your Soul,COPYCATT,"Powered by Inspected, Vol. 3",False,INDIFFERENT,2:41,161,RU2CrIHkw54,2026-09-08T00:10:02Z,commit:5c97d16a
The Story of My Life,The Seldom Scene,Remains to Be Scene,False,INDIFFERENT,2:48,168,yrjH7wS8aJU,2026-09-08T00:07:14Z,commit:5c97d16a
Show Me the Way to Go Home,The Seldom Scene,Remains to Be Scene,False,INDIFFERENT,2:47,167,l8kJEuEmQ6I,2026-09-08T00:04:27Z,commit:5c97d16a
White Line,The Seldom Scene,Remains to Be Scene,False,INDIFFERENT,3:41,221,nTvl3aUUzdo,2026-09-08T00:00:46Z,commit:5c97d16a
I Could Cry,The Seldom Scene,Remains to Be Scene,False,INDIFFERENT,2:30,150,fw30n-_KeDE,2026-09-07T23:58:16Z,commit:5c97d16a
Lonesome Day,The Seldom Scene,Remains to Be Scene,False,INDIFFERENT,2:37,157,POtB35w7SCE,2026-09-07T23:55:39Z,commit:5c97d16a
Walking Down the Line,The Seldom Scene,Remains to Be Scene,False,INDIFFERENT,2:36,156,uZ54Y6X8oKE,2026-09-07T23:53:03Z,commit:5c97d16a
"Farewell, Angelina",The Seldom Scene,Remains to Be Scene,False,INDIFFERENT,4:02,242,G4Eri-Wy6CQ,2026-09-07T23:49:01Z,commit:5c97d16a
Hard Travelin',The Seldom Scene,Remains to Be Scene,False,INDIFFERENT,2:57,177,kdKflMJwe4w,2026-09-07T23:46:04Z,commit:5c97d16a
Objects Outlive Us,Steven Wilson,The Overview,False,INDIFFERENT,23:19,1399,5P3Ukihr7iQ,2026-09-07T23:22:45Z,commit:5c97d16a
A Good Time Man Like Me Ain't Got No Business (Singin' the Blues),The Seldom Scene,Remains to Be Scene,False,INDIFFERENT,2:10,130,5jpUyc2rUII,2026-09-07T23:20:35Z,commit:5c97d16a
Man at the Crossroads,The Seldom Scene,Remains to Be Scene,False,INDIFFERENT,2:47,167,5g3m99jXxic,2026-09-07T23:17:48Z,commit:5c97d16a
Last of the Steam-Powered Trains,The Seldom Scene,Remains to Be Scene,False,INDIFFERENT,3:48,228,8lW9i67bn_Q,2026-09-07T23:14:00Z,commit:5c97d16a
Tulum x Comunite Live Set,Nicola Cruz,Boiler Room,,LIKE,50:34,3034,AaAETrunxdc,2026-09-07T22:23:26Z,commit:5c97d16a
Pyramid Song,Radiohead,Amnesiac,False,INDIFFERENT,4:49,289,2Agt3XfmccM,2026-09-07T22:18:37Z,commit:5c97d16a
Favorite Son,Satellite Friend,Favorite Son,False,LIKE,4:23,263,Go0wsC-rRIo,2026-09-07T22:14:14Z,commit:5c97d16a
Don't Stop 'Til You Get Enough,Michael Jackson,Off the Wall,False,LIKE,6:06,366,n3qQtSRmHxo,2026-09-07T22:08:08Z,commit:5c97d16a
Beat It,Michael Jackson,Thriller,False,INDIFFERENT,4:19,259,kOn-HdEg6AQ,2026-09-07T22:03:49Z,commit:5c97d16a
"Good Luck, Babe!",Chappell Roan,"Good Luck, Babe!",False,INDIFFERENT,3:39,219,VZ-oGLluGAc,2026-09-07T22:00:10Z,commit:5c97d16a
Please Please Please,Sabrina Carpenter,Short n' Sweet,False,INDIFFERENT,3:07,187,62yox0F5lcA,2026-09-07T21:57:03Z,commit:5c97d16a
Tulum x Comunite Live Set,Nicola Cruz,Boiler Room,,LIKE,50:34,3034,AaAETrunxdc,2026-09-07T21:06:29Z,commit:5c97d16a
Amazing Journey,The Who,Tommy,False,INDIFFERENT,5:05,305,sy_VFBMrUhI,2026-09-07T21:01:24Z,commit:5c97d16a
1921,The Who,Tommy,False,INDIFFERENT,2:50,170,H4lurE-IpHE,2026-09-07T20:58:34Z,commit:5c97d16a
Tommy Can You Hear Me?,The Who,Tommy,False,INDIFFERENT,1:36,96,GxOHe_cQ4os,2026-09-07T20:56:58Z,commit:5c97d16a
Go To The Mirror!,The Who,Tommy,False,INDIFFERENT,3:48,228,pFBt8DDbBT4,2026-09-07T20:53:10Z,commit:5c97d16a
Underture,The Who,Tommy,False,INDIFFERENT,10:05,605,QcjskTtsUEI,2026-09-07T20:43:05Z,commit:5c97d16a
Tweezer Reprise (Live),Phish,"Phish: Madison Square Garden, New York (December 30th, 2017) [Live]",False,INDIFFERENT,3:19,199,k_OATxDpLMs,2026-09-07T20:39:46Z,commit:5c97d16a
Sleeping Monkey (Live),Phish,"Phish: Madison Square Garden, New York (December 30th, 2017) [Live]",False,LIKE,4:45,285,y1oZQphqJwI,2026-09-07T20:35:01Z,commit:5c97d16a
Run Like An Antelope (Live),Phish,"Phish: Madison Square Garden, New York (December 30th, 2017) [Live]",False,INDIFFERENT,11:24,684,yubVXUOeLow,2026-09-07T20:23:37Z,commit:5c97d16a
Farmhouse (Live),Phish,"Phish: Madison Square Garden, New York (December 30th, 2017) [Live]",False,INDIFFERENT,6:52,412,Va0DGCjdPzU,2026-09-07T20:16:45Z,commit:5c97d16a
Light (Live),Phish,"Phish: Madison Square Garden, New York (December 30th, 2017) [Live]",False,INDIFFERENT,10:58,658,phFdzKc2n-Q,2026-09-07T20:05:47Z,commit:5c97d16a
Please Please Please,Sabrina Carpenter,Short n' Sweet,False,INDIFFERENT,3:07,187,62yox0F5lcA,2026-09-07T20:02:40Z,commit:5c97d16a
How Come My Dog Don't Bark (When You Come Around),Dr. John,Goin' Back To New Orleans,False,INDIFFERENT,4:10,250,B2fqUt7KVjA,2026-09-07T19:58:30Z,commit:5c97d16a
Deep River Blues,Doc Watson,Rambling Hobo,False,INDIFFERENT,3:11,191,lebF-xPszP0,2026-09-07T19:55:19Z,commit:5c97d16a
Ginseng Sullivan,The Tony Rice Unit,Manzanita,False,LIKE,3:11,191,1e_Jc2mo1xI,2026-09-07T19:52:08Z,commit:5c97d16a
Gentle On My Mind,John Hartford,"Me Oh My, How the Time Does Fly -- A John Hartford Anthology",False,LIKE,4:36,276,OZ5Ud9vpXYs,2026-09-07T19:47:32Z,commit:5c97d16a
Eight More Miles To Louisville (Simply Bluegrass),Sam Bush,Eight More Miles To Louisville (Simply Bluegrass),False,INDIFFERENT,3:43,223,dBUt_4GgkbI,2026-09-07T19:43:49Z,commit:5c97d16a
Turn Your Radio On (II),John Hartford,Aereo-Plain,False,INDIFFERENT,2:17,137,8fgjvwPOyYs,2026-09-07T19:41:32Z,commit:5c97d16a
Fortune Teller (Live At Hull Version),The Who,Live At Leeds (2010 Super Deluxe Edition),False,INDIFFERENT,2:36,156,ZlTuoaV2UFo,2026-09-07T19:38:56Z,commit:5c97d16a
I Can't Explain (Live At Hull Version),The Who,Live At Leeds (2010 Super Deluxe Edition),False,INDIFFERENT,2:51,171,KYa5DSbIj7s,2026-09-07T19:36:05Z,commit:5c97d16a
Heaven And Hell (Live At Hull Version),The Who,Live At Leeds (2010 Super Deluxe Edition),False,INDIFFERENT,4:05,245,Tko4M-z8Xww,2026-09-07T19:32:00Z,commit:5c97d16a
We're Not Gonna Take It (40th Anniversary Version - Live At Leeds),The Who,Live At Leeds (2010 Super Deluxe Edition),False,INDIFFERENT,8:50,530,TV_fW129QJY,2026-09-07T19:23:10Z,commit:5c97d16a
Tommy's Holiday Camp (40th Anniversary Version - Live At Leeds),The Who,Live At Leeds (2010 Super Deluxe Edition),False,INDIFFERENT,1:01,61,TMre2t7m_ng,2026-09-07T19:22:09Z,commit:5c97d16a
I'm Free (40th Anniversary Version - Live At Leeds),The Who,Live At Leeds (2010 Super Deluxe Edition),False,INDIFFERENT,2:39,159,-WC24ML_HWs,2026-09-07T19:19:30Z,commit:5c97d16a
Sally Simpson (40th Anniversary Version - Live At Leeds),The Who,Live At Leeds (2010 Super Deluxe Edition),False,INDIFFERENT,4:01,241,pGcwbTv48qM,2026-09-07T19:15:29Z,commit:5c97d16a
Miracle Cure (40th Anniversary Version - Live At Leeds),The Who,Live At Leeds (2010 Super Deluxe Edition),False,INDIFFERENT,0:13,13,0vqzGmxnjKw,2026-09-07T19:15:16Z,commit:5c97d16a
Smash The Mirror (40th Anniversary Version - Live At Leeds),The Who,Live At Leeds (2010 Super Deluxe Edition),False,INDIFFERENT,1:19,79,oFnbimc6ZCY,2026-09-07T19:13:57Z,commit:5c97d16a
Go To The Mirror! (40th Anniversary Version - Live At Leeds),The Who,Live At Leeds (2010 Super Deluxe Edition),False,INDIFFERENT,3:25,205,fZWpCGBLl6w,2026-09-07T19:10:32Z,commit:5c97d16a
There's A Doctor (40th Anniversary Version - Live At Leeds),The Who,Live At Leeds (2010 Super Deluxe Edition),False,INDIFFERENT,0:24,24,Zm5m-Gyvh5o,2026-09-07T19:10:08Z,commit:5c97d16a
Tommy Can You Hear Me? (40th Anniversary Version - Live At Leeds),The Who,Live At Leeds (2010 Super Deluxe Edition),False,INDIFFERENT,0:56,56,XzHKselZ-RQ,2026-09-07T19:09:12Z,commit:5c97d16a
Fiddle About (40th Anniversary Version - Live At Leeds),The Who,Live At Leeds (2010 Super Deluxe Edition),False,INDIFFERENT,1:14,74,OzznZE3DDec,2026-09-07T19:07:58Z,commit:5c97d16a
Do You Think It's Alright? (40th Anniversary Version - Live At Leeds),The Who,Live At Leeds (2010 Super Deluxe Edition),False,INDIFFERENT,0:23,23,uFomIFoN2TQ,2026-09-07T19:07:35Z,commit:5c97d16a
Pinball Wizard (40th Anniversary Version - Live At Leeds),The Who,Live At Leeds (2010 Super Deluxe Edition),False,INDIFFERENT,2:53,173,X35-VZi733U,2026-09-07T19:04:42Z,commit:5c97d16a
The Acid Queen (40th Anniversary Version - Live At Leeds),The Who,Live At Leeds (2010 Super Deluxe Edition),False,INDIFFERENT,3:33,213,dlc93_EA6uw,2026-09-07T19:01:09Z,commit:5c97d16a
Christmas (40th Anniversary Version - Live At Leeds),The Who,Live At Leeds (2010 Super Deluxe Edition),False,INDIFFERENT,3:19,199,DeGSMl7jTGI,2026-09-07T18:57:50Z,commit:5c97d16a
Eyesight To The Blind (The Hawker) (40th Anniversary Version - Live At Leeds),The Who,Live At Leeds (2010 Super Deluxe Edition),False,INDIFFERENT,1:59,119,BmUbXZq8zW4,2026-09-07T18:55:51Z,commit:5c97d16a
Sparks (40th Anniversary Version - Live At Leeds),The Who,Live At Leeds (2010 Super Deluxe Edition),False,INDIFFERENT,4:23,263,SIqT7o-IWQg,2026-09-07T18:51:28Z,commit:5c97d16a
Amazing Journey (40th Anniversary Version - Live At Leeds),The Who,Live At Leeds (2010 Super Deluxe Edition),False,INDIFFERENT,3:18,198,qy65IaCzJDQ,2026-09-07T18:48:10Z,commit:5c97d16a
1921 (40th Anniversary Version - Live At Leeds),The Who,Live At Leeds (2010 Super Deluxe Edition),False,INDIFFERENT,2:26,146,9W9vGBhiAX0,2026-09-07T18:45:44Z,commit:5c97d16a
It's A Boy (40th Anniversary Version - Live At Leeds),The Who,Live At Leeds (2010 Super Deluxe Edition),False,INDIFFERENT,0:36,36,PQklb5BAaUA,2026-09-07T18:45:08Z,commit:5c97d16a
Overture (40th Anniversary Version - Live At Leeds),The Who,Live At Leeds (2010 Super Deluxe Edition),False,INDIFFERENT,6:49,409,rIbvn6_uI8Y,2026-09-07T18:38:19Z,commit:5c97d16a
Heaven And Hell (40th Anniversary Version - Live At Leeds),The Who,Live At Leeds (2010 Super Deluxe Edition),False,INDIFFERENT,5:13,313,NqYdrRMx0Jo,2026-09-07T18:33:06Z,commit:5c97d16a
Son of a Son of a Sailor (Live),Jimmy Buffett,"Live in Mansfield, MA",False,INDIFFERENT,3:43,223,bl50lSQ-GTg,2026-09-07T18:29:23Z,commit:5c97d16a
I've Had Enough,Phish,"LivePhish, Vol. 14 10/31/95 (Rosemont Horizon, Rosemont, IL)",False,INDIFFERENT,5:48,348,ylIFUf9jPFE,2026-09-07T18:23:35Z,commit:5c97d16a
Don't Stop Me Now,Queen,Jazz (Deluxe Remastered Version),False,LIKE,3:30,210,DxQK_ARQmMY,2026-09-07T18:20:05Z,commit:5c97d16a
Up On Cripple Creek (Earlier Version),The Band,The Band (Deluxe Edition / 2019 Remix),False,INDIFFERENT,3:19,199,QiQ93364MJs,2026-09-07T18:16:46Z,commit:5c97d16a
"Rocket Man (Live at Live Aid, Wembley Stadium, 13th July 1985)",Elton John,"Live Aid (Live, 13th July 1985)",False,INDIFFERENT,4:54,294,JZaRv-gGgyA,2026-09-07T18:11:52Z,commit:5c97d16a
The Accident (Things Could Be Worse),John Prine,Sweet Revenge,False,INDIFFERENT,3:21,201,fd9RTTGq1eY,2026-09-07T18:08:31Z,commit:5c97d16a
Old Folks Boogie,Little Feat,Time Loves a Hero,False,INDIFFERENT,3:33,213,nHcGkGdiEHc,2026-09-07T18:04:58Z,commit:5c97d16a
China Doll (Live),Grateful Dead,Reckoning (Live),False,INDIFFERENT,5:22,322,DRSN2TlffH4,2026-09-07T17:59:36Z,commit:5c97d16a
Deal,Jerry Garcia,Garcia,False,INDIFFERENT,3:12,192,C1IMWsWQrkY,2026-09-07T17:56:24Z,commit:5c97d16a
"'39 (Live At Earl’s Court, London / June 1977)",Queen,A Night At The Opera (Deluxe Remastered Version),False,INDIFFERENT,3:47,227,Pen02XmWU0c,2026-09-07T17:52:37Z,commit:5c97d16a
Burnin' / Too Long,Daft Punk,Alive 2007,False,INDIFFERENT,7:12,432,sa1T2s09Rgs,2026-09-07T17:45:25Z,commit:5c97d16a
"Around the World / Harder, Better, Faster, Stronger",Daft Punk,Alive 2007,False,INDIFFERENT,5:43,343,kcxK1Tnwy5M,2026-09-07T17:39:42Z,commit:5c97d16a
Too Long / Steam Machine,Daft Punk,Alive 2007,False,INDIFFERENT,7:02,422,ifJxwoDmQqY,2026-09-07T17:32:40Z,commit:5c97d16a
Television Rules the Nation / Crescendolls,Daft Punk,Alive 2007,False,INDIFFERENT,4:51,291,F6e2rM2-oLY,2026-09-07T17:27:49Z,commit:5c97d16a
Touch It / Technologic,Daft Punk,Alive 2007,False,INDIFFERENT,5:30,330,pHWj-hRP-cY,2026-09-07T17:22:19Z,commit:5c97d16a
Robot Rock / Oh Yeah,Daft Punk,Alive 2007,False,INDIFFERENT,6:28,388,H1zdxloRUJw,2026-09-07T17:15:51Z,commit:5c97d16a
Psalm 91,Jonathan Ogden,By the Streams,False,INDIFFERENT,3:26,206,utFtIn2wA5Y,2026-09-07T17:12:25Z,commit:5c97d16a
Favorite Son,Satellite Friend,Favorite Son,False,LIKE,4:23,263,Go0wsC-rRIo,2026-09-07T17:08:02Z,commit:5c97d16a
Turncoat,Goldmund,Sometimes,False,INDIFFERENT,3:28,208,_DTmr7rXQmc,2026-09-07T17:04:34Z,commit:5c97d16a
Hold This Place,Alice in Winter,Spun from Reverence,False,INDIFFERENT,4:48,288,ZBqhBJvUe5s,2026-09-07T16:59:46Z,commit:5c97d16a
Mysterious River Snake,The Sweet Enoughs,Marshmallow,False,INDIFFERENT,2:56,176,YjRfnU3USd8,2026-09-07T16:56:50Z,commit:5c97d16a
Past Is Prologue,Tycho,Past Is Prologue,False,INDIFFERENT,5:51,351,iFRcgW4mOQg,2026-09-07T16:50:59Z,commit:5c97d16a
Light,Hazy,Light,False,INDIFFERENT,4:00,240,NyP76tWrRG0,2026-09-07T16:46:59Z,commit:5c97d16a
Return to Love,Kevin Kern,Summer Daydreams,False,INDIFFERENT,4:27,267,ls5nA3y7NWE,2026-09-07T16:42:32Z,commit:5c97d16a
your sonnet,haruka nakamura,Still Life,False,INDIFFERENT,4:23,263,zLaC5CTxJaA,2026-09-07T16:38:09Z,commit:5c97d16a
Winter Restlessness,Mount Shrine,Winter Restlessness,False,INDIFFERENT,10:10,610,x5sUaYooY8I,2026-09-07T16:27:59Z,commit:5c97d16a
Fading Memories,"Human Is Alive, Warmth",Fading Memories,False,INDIFFERENT,3:04,184,XU01a3ptZG8,2026-09-07T16:24:55Z,commit:5c97d16a
Cry,Quany London,Cry,False,INDIFFERENT,4:17,257,MA-tzAiYpXY,2026-09-07T16:20:38Z,commit:5c97d16a
Maps,August Wilhelmsson,Departure,False,INDIFFERENT,3:15,195,rsXPkPZRPJU,2026-09-07T16:17:23Z,commit:5c97d16a
A Voice in Svay Pak,Tony Anderson,Movements of the Heart,False,INDIFFERENT,3:38,218,afIQB9WlXAE,2026-09-07T16:13:45Z,commit:5c97d16a
Musing Under Moonlight,Brombaer,Silencio,False,INDIFFERENT,3:35,215,D9A7oaTf9ug,2026-09-07T16:10:10Z,commit:5c97d16a
The Long Hills,Ivan the Tolerable,Nocturnes,False,INDIFFERENT,5:51,351,L2WnWdrbsh8,2026-09-07T16:04:19Z,commit:5c97d16a
Into Leaf,Ivan the Tolerable,Nocturnes,False,INDIFFERENT,3:39,219,wB_fKpMJsSQ,2026-09-07T16:00:40Z,commit:5c97d16a
Scentless Weightless,Ivan the Tolerable,Nocturnes,False,INDIFFERENT,5:56,356,_RVXEZPO1VA,2026-09-07T15:54:44Z,commit:5c97d16a
Brain & Eye,Ivan the Tolerable,Nocturnes,False,INDIFFERENT,4:40,280,WuREzzWb1oo,2026-09-07T15:50:04Z,commit:5c97d16a
Too Much Moonlight,Ivan the Tolerable,Nocturnes,False,INDIFFERENT,3:31,211,8PM-RILTzzs,2026-09-07T15:46:33Z,commit:5c97d16a
Redcaps,Ivan the Tolerable,Nocturnes,False,INDIFFERENT,8:03,483,Rjt1xWg-FG8,2026-09-07T15:38:30Z,commit:5c97d16a
Silver Knife,Ivan the Tolerable,Nocturnes,False,INDIFFERENT,4:56,296,bdbkpFYMAyk,2026-09-07T15:33:34Z,commit:5c97d16a
Heavy Flowers,Ivan the Tolerable,Nocturnes,False,INDIFFERENT,3:55,235,j2kEu5zVuJc,2026-09-07T15:29:39Z,commit:5c97d16a
A Serious House,Ivan the Tolerable,Nocturnes,False,INDIFFERENT,3:29,209,qZjUj5SUlkg,2026-09-07T15:26:10Z,commit:5c97d16a
Confessionals,Ivan the Tolerable,Nocturnes,False,INDIFFERENT,3:59,239,CviwXuws7xA,2026-09-07T15:22:11Z,commit:5c97d16a
Motoc,loscil,Plume,False,INDIFFERENT,6:30,390,zBCKNhgD2A8,2026-09-07T15:15:41Z,commit:5c97d16a
I Could Drive You Crazy,Sierra Ferrell,Trail Of Flowers,False,INDIFFERENT,3:37,217,Xc0jt3IA31M,2026-09-07T15:12:04Z,commit:5c97d16a
Rye Whiskey,Punch Brothers,Antifogmatic,False,INDIFFERENT,3:30,210,jXfE-e4a3GU,2026-09-07T15:08:34Z,commit:5c97d16a
You Don't Want Me,Pokey LaFarge,Riverboat Soul,False,INDIFFERENT,2:55,175,sgBDgLWN7zE,2026-09-07T15:05:39Z,commit:5c97d16a
Drinkin' Whiskey Tonight,Pokey LaFarge,Middle of Everywhere,False,LIKE,2:53,173,GWqjF81M5h4,2026-09-07T15:02:46Z,commit:5c97d16a
Anxiety,Doechii,Anxiety,False,INDIFFERENT,4:10,250,xZWbh0iz_WQ,2026-09-07T14:58:36Z,commit:5c97d16a
Please Please Please,Sabrina Carpenter,Short n' Sweet,False,INDIFFERENT,3:07,187,62yox0F5lcA,2026-09-07T14:55:29Z,commit:5c97d16a
Scuba,Bonobo,One Offs (Remixes & B Sides),False,INDIFFERENT,4:23,263,bQTGhqEHFdY,2026-09-07T14:51:06Z,commit:5c97d16a
Please Please Please,Sabrina Carpenter,Short n' Sweet,False,INDIFFERENT,3:07,187,62yox0F5lcA,2026-09-07T14:47:59Z,commit:5c97d16a
Cottonwoods By Still Water,Ivan the Tolerable,Proust Quartering,False,INDIFFERENT,14:26,866,4v2nWqCSEKM,2026-09-07T14:33:33Z,commit:5c97d16a
Consciousness,Ivan the Tolerable,Proust Quartering,False,INDIFFERENT,10:54,654,dV2UONSSAdc,2026-09-07T14:22:39Z,commit:5c97d16a
White Admiral,Ivan the Tolerable,Proust Quartering,False,INDIFFERENT,12:06,726,3ShvQM5u7Zk,2026-09-07T14:10:33Z,commit:5c97d16a
Tea For Two,Oscar Peterson Trio,The Complete Mercury/Clef Recordings,False,INDIFFERENT,3:19,199,N7TOpyPMaYs,2026-09-07T14:07:14Z,commit:5c97d16a
Tiger Rag,Oscar Aleman,Swing Guitar Masterpieces,False,INDIFFERENT,2:47,167,Jloyla0tcr0,2026-09-07T14:04:27Z,commit:5c97d16a
Dawg's Waltz,"David Grisman, Jerry Garcia",Jerry Garcia & David Grisman,False,INDIFFERENT,4:33,273,T_Pk6MIVQ7A,2026-09-07T13:59:54Z,commit:5c97d16a
Dinosaurs (Jon Kennedy Mix),Bonobo,One Offs (Remixes & B Sides),False,INDIFFERENT,4:09,249,fmrl5HdCQdo,2026-09-07T13:55:45Z,commit:5c97d16a
Scuba,Bonobo,One Offs (Remixes & B Sides),False,INDIFFERENT,4:23,263,bQTGhqEHFdY,2026-09-07T13:51:22Z,commit:5c97d16a
Magicman,Bonobo,One Offs (Remixes & B Sides),False,INDIFFERENT,4:39,279,5_mjJXjOnaI,2026-09-07T13:46:43Z,commit:5c97d16a
Tell Me How You Feel (Bonobo Mix),Jon Kennedy,One Offs (Remixes & B Sides),False,INDIFFERENT,5:05,305,y33ZdoB6FjM,2026-09-07T13:41:38Z,commit:5c97d16a
The Shark,Bonobo,One Offs (Remixes & B Sides),False,INDIFFERENT,4:57,297,NQI_lRWWaTE,2026-09-07T13:36:41Z,commit:5c97d16a
The Sicilian,Bonobo,One Offs (Remixes & B Sides),False,INDIFFERENT,4:24,264,bbAT9SbK8hA,2026-09-07T13:32:17Z,commit:5c97d16a
Stress,Justice,Cross,False,INDIFFERENT,4:59,299,5NmJPzJNt0o,2026-09-07T13:27:18Z,commit:5c97d16a
DVNO,Justice,Cross,False,INDIFFERENT,3:57,237,bz68yrZW3vU,2026-09-07T13:23:21Z,commit:5c97d16a
Tehachapi,Margo Cilker,Pohorylle,False,LIKE,3:08,188,YlmTrjdyjhU,2026-09-07T13:20:13Z,commit:5c97d16a
The Party,Justice,Cross,False,INDIFFERENT,4:04,244,I8vwpbonhMU,2026-09-07T13:16:09Z,commit:5c97d16a
Valentine,Justice,Cross,False,INDIFFERENT,2:57,177,MWoe2wgYidg,2026-09-07T13:13:12Z,commit:5c97d16a
Phantom Pt. II,Justice,Cross,False,LIKE,3:21,201,Dn-WFH6tpCU,2026-09-07T13:09:51Z,commit:5c97d16a
Phantom,Justice,Cross,False,INDIFFERENT,4:23,263,CQU-98QkHQU,2026-09-07T13:05:28Z,commit:5c97d16a
Newjack,Justice,Cross,False,INDIFFERENT,3:37,217,ykYN0ZSwdns,2026-09-07T13:01:51Z,commit:5c97d16a
D.A.N.C.E,Justice,Cross,False,INDIFFERENT,4:03,243,P0Nryn0YZ-A,2026-09-07T12:57:48Z,commit:5c97d16a
Let There Be Light,Justice,Cross,False,INDIFFERENT,4:56,296,86QWdIDubKc,2026-09-07T12:52:52Z,commit:5c97d16a
Genesis,Justice,Cross,False,INDIFFERENT,3:55,235,pf7uueiK8ec,2026-09-07T12:48:57Z,commit:5c97d16a
New Woman (feat. ROSALÍA),LISA,Alter Ego,False,INDIFFERENT,3:00,180,YxbbkM7YY-U,2026-09-07T12:45:57Z,commit:5c97d16a
Cake By The Ocean,DNCE,DNCE,False,INDIFFERENT,3:40,220,M4T_k33CI1M,2026-09-07T12:42:17Z,commit:5c97d16a
Sleepin' On Me,Meghan Trainor,Timeless,False,INDIFFERENT,3:03,183,8Cjvsa3j1sg,2026-09-07T12:39:14Z,commit:5c97d16a
Roar,Katy Perry,PRISM (Deluxe),False,INDIFFERENT,3:44,224,6nJuUdc2qNg,2026-09-07T12:35:30Z,commit:5c97d16a
Falling,WNRDA,Falling,False,INDIFFERENT,3:04,184,Egam_m1g7fk,2026-09-07T12:32:26Z,commit:5c97d16a
Lovefool,The Cardigans,First Band On The Moon,False,INDIFFERENT,3:14,194,c0fHs7THj4k,2026-09-07T12:29:12Z,commit:5c97d16a
Somebody That I Used To Know (feat. Kimbra),Gotye,Making Mirrors,False,INDIFFERENT,4:05,245,jg51kFe7CWU,2026-09-07T12:25:07Z,commit:5c97d16a
bet u wanna,Sabrina Carpenter,emails i can't send,False,LIKE,3:12,192,Ns0svgOVo10,2026-09-07T12:21:55Z,commit:5c97d16a
Please Please Please,Sabrina Carpenter,Short n' Sweet,False,INDIFFERENT,3:07,187,62yox0F5lcA,2026-09-07T12:18:48Z,commit:5c97d16a
Please Please Please (Acoustic),Sabrina Carpenter,Please Please Please,False,INDIFFERENT,3:02,182,pEqLgHWi1hw,2026-09-07T12:15:46Z,commit:5c97d16a
Please Please Please (A cappella),Sabrina Carpenter,Please Please Please,False,INDIFFERENT,3:07,187,ky4jM_OmYqg,2026-09-07T12:12:39Z,commit:5c97d16a
Please Please Please,Sabrina Carpenter,Please Please Please,False,LIKE,3:07,187,zAgVtzhjfCA,2026-09-07T12:09:32Z,commit:5c97d16a
Please Please Please (Workout Remix 128 BPM),Power Music Workout,Please Please Please,False,LIKE,2:53,173,x3f3FlkMbqU,2026-09-07T12:06:39Z,commit:5c97d16a
Please Please Please,Rain Paris,Please Please Please,False,INDIFFERENT,3:01,181,wFrLMuNUr88,2026-09-07T12:03:38Z,commit:5c97d16a
Please Please Please (Epic Version),Morgan Clae,Please Please Please (Epic Version),False,INDIFFERENT,3:44,224,C-ZKvyF7tmg,2026-09-07T11:59:54Z,commit:5c97d16a
Please Please Please (Sped Up),Sabrina Carpenter,Please Please Please,False,LIKE,2:33,153,4eccnzZmay4,2026-09-07T11:57:21Z,commit:5c97d16a
Ava Green,Page McConnell,Unsung Cities And Movies Never Made,False,INDIFFERENT,2:41,161,vt6SSDZBgT8,2026-09-07T11:54:40Z,commit:5c97d16a
Arbor Day,Page McConnell,Unsung Cities And Movies Never Made,False,INDIFFERENT,6:34,394,AJzvs5WteVY,2026-09-07T11:48:06Z,commit:5c97d16a
Black Dog (Basic Track with Guitar Overdubs),Led Zeppelin,Led Zeppelin IV (Deluxe Edition),False,INDIFFERENT,4:35,275,StDQujoVWow,2026-09-07T11:43:31Z,commit:5c97d16a
Morning Has Broken,Cat Stevens,Teaser And The Firecat,False,INDIFFERENT,3:20,200,qARB7XPfYjo,2026-09-07T11:40:11Z,commit:5c97d16a
Goodbye Stranger (2010 Remastered),Supertramp,Breakfast In America,False,INDIFFERENT,5:51,351,u8pVZ5hTGJQ,2026-09-07T11:34:20Z,commit:5c97d16a
"Bennie and the Jets (Live at Live Aid, Wembley Stadium, 13th July 1985)",Elton John,"Live Aid (Live, 13th July 1985)",False,INDIFFERENT,4:52,292,nw4GFYqGOEA,2026-09-07T11:29:28Z,commit:5c97d16a
"Go Your Own Way (Sessions, Roughs & Outtakes)",Fleetwood Mac,Rumours (Super Deluxe),False,INDIFFERENT,3:06,186,fjorrujy5z0,2026-09-07T11:26:22Z,commit:5c97d16a
Apeman,The Kinks,"Lola Versus Powerman and the Moneygoround, Pt. One + Percy (Super Deluxe)",False,INDIFFERENT,3:54,234,-LN-eOvUKs8,2026-09-07T11:22:28Z,commit:5c97d16a
I Want To Break Free,Queen,The Works (Deluxe Remastered Version),False,INDIFFERENT,4:19,259,GfeklykTLcE,2026-09-07T11:18:09Z,commit:5c97d16a
"'39 (Live At Earl’s Court, London / June 1977)",Queen,A Night At The Opera (Deluxe Remastered Version),False,INDIFFERENT,3:47,227,Pen02XmWU0c,2026-09-07T11:14:22Z,commit:5c97d16a
Blue Mountain,Espers,The Weed Tree,False,INDIFFERENT,4:48,288,5EOPD785aoI,2026-09-07T11:09:34Z,commit:5c97d16a
Afraid,Espers,The Weed Tree,False,INDIFFERENT,3:12,192,7guyYhII9C8,2026-09-07T11:06:22Z,commit:5c97d16a
Black Is The Color,Espers,The Weed Tree,False,INDIFFERENT,5:34,334,Fo2cVG_H-Pk,2026-09-07T11:00:48Z,commit:5c97d16a
Tomorrow,Espers,The Weed Tree,False,INDIFFERENT,4:07,247,QG9CBKoQ_rg,2026-09-07T10:56:41Z,commit:5c97d16a
Rosemary Lane,Espers,The Weed Tree,False,INDIFFERENT,4:39,279,wnCTf-M7qtQ,2026-09-07T10:52:02Z,commit:5c97d16a
Espresso,Sabrina Carpenter,Short n' Sweet,False,INDIFFERENT,2:56,176,kIft-LUHHVA,2026-09-07T10:49:06Z,commit:5c97d16a
Please Please Please,Sabrina Carpenter,Short n' Sweet,False,INDIFFERENT,3:07,187,62yox0F5lcA,2026-09-07T10:45:59Z,commit:5c97d16a
Please Please Please,"Dolly Parton, Sabrina Carpenter",Short n' Sweet (Deluxe),False,INDIFFERENT,3:05,185,XH-D7C0vbxM,2026-09-07T10:42:54Z,commit:5c97d16a
Eyes Upon The Sea,Ivan the Tolerable,Proust Quartering,False,INDIFFERENT,13:28,808,W_cKf0whcTA,2026-09-07T10:29:26Z,commit:5c97d16a
"Surf Solar (7"" Edit)",Fuck Buttons,Surf Solar,False,INDIFFERENT,3:42,222,U_jX4uHbxF8,2026-09-07T10:25:44Z,commit:5c97d16a
Alive 1997,Daft Punk,Alive 1997,False,INDIFFERENT,45:32,2732,wZ0910QYB78,2026-09-07T09:40:12Z,commit:5c97d16a
Poison Lips,Vitalic,Flashmob,False,LIKE,3:55,235,Hqp6rFZWg6Q,2026-09-07T09:36:17Z,commit:5c97d16a
DVNO (Radio Edit),Justice,DVNO,False,INDIFFERENT,3:12,192,-BHhMD12ILM,2026-09-07T09:33:05Z,commit:5c97d16a
Human After All / Together / One More Time / Music Sounds Better with You,Daft Punk - Stardust,Alive 2007,False,INDIFFERENT,9:59,599,6u9xMu1Jqs4,2026-09-07T09:23:06Z,commit:5c97d16a
Superheroes / Human After All / Rock'n Roll,Daft Punk,Alive 2007,False,INDIFFERENT,5:42,342,081pT0SD64c,2026-09-07T09:17:24Z,commit:5c97d16a
Da Funk / Daftendirekt,Daft Punk,Alive 2007,False,INDIFFERENT,6:37,397,uaumM3VcjoA,2026-09-07T09:10:47Z,commit:5c97d16a
Prime Time of Your Life / Brainwasher / Rollin' & Scratchin' / Alive,Daft Punk,Alive 2007,False,INDIFFERENT,10:23,623,d-KAZjNmHpg,2026-09-07T09:00:24Z,commit:5c97d16a
"Aerodynamic Beats / Gabrielle , Forget About the World",Daft Punk,Alive 2007,False,INDIFFERENT,3:32,212,sP8pIospPig,2026-09-07T08:56:52Z,commit:5c97d16a
One More Time / Aerodynamic,Daft Punk,Alive 2007,False,INDIFFERENT,6:11,371,MNVcs2RSG60,2026-09-07T08:50:41Z,commit:5c97d16a
Face to Face / Short Circuit,Daft Punk,Alive 2007,False,INDIFFERENT,4:56,296,CIUzGxMkVDQ,2026-09-07T08:45:45Z,commit:5c97d16a
Burnin' / Too Long,Daft Punk,Alive 2007,False,INDIFFERENT,7:12,432,sa1T2s09Rgs,2026-09-07T08:38:33Z,commit:5c97d16a
Life on Mars?,David Bowie,Hunky Dory,False,INDIFFERENT,3:56,236,Enzxdvo8NOk,2026-09-07T08:34:37Z,commit:5c97d16a
Gut Feeling/(Slap Your Mammy) [2023 Remaster],Devo,50 Years of De-Evolution 1973–2023,False,INDIFFERENT,4:58,298,mvVuPsgOMjI,2026-09-07T08:29:39Z,commit:5c97d16a
Space Oddity,David Bowie,David Bowie (aka Space Oddity),False,INDIFFERENT,5:19,319,5PgdZDXg0z0,2026-09-07T08:24:20Z,commit:5c97d16a
Creep,Radiohead,Creep,False,INDIFFERENT,3:59,239,9RfVp-GhKfs,2026-09-07T08:20:21Z,commit:5c97d16a
Are You Gonna Be My Girl,Jet,Are You Gonna Be My Girl,False,INDIFFERENT,3:34,214,oz_YNxaaVsM,2026-09-07T08:16:47Z,commit:5c97d16a
Hold On (Live At KCRW),Alabama Shakes,Boys & Girls (Deluxe Edition),False,INDIFFERENT,3:53,233,G2QZBElSXc8,2026-09-07T08:12:54Z,commit:5c97d16a
Starman (Original Single Mix) [2024 Remaster],David Bowie,Rock 'n' Roll Star!,False,INDIFFERENT,4:18,258,ldMBytWjpJ0,2026-09-07T08:08:36Z,commit:5c97d16a
Mr. E's Beautiful Blues,EELS,Daisies Of The Galaxy,False,INDIFFERENT,4:19,259,EnmIE8fXf-Q,2026-09-07T08:04:17Z,commit:5c97d16a
Psycho Killer (2024 Remaster),Talking Heads,Talking Heads: 77 (Super Deluxe Edition) (2024 Remaster),False,INDIFFERENT,4:21,261,a3YViPn87hE,2026-09-07T07:59:56Z,commit:5c97d16a
Hey Jude,The Beatles,Love,False,INDIFFERENT,3:59,239,uNv_Bu_L6C8,2026-09-07T07:55:57Z,commit:5c97d16a
Creep,Radiohead,Creep,False,INDIFFERENT,3:59,239,9RfVp-GhKfs,2026-09-07T07:51:58Z,commit:5c97d16a
Cottonwoods By Still Water,Ivan the Tolerable,Proust Quartering,False,INDIFFERENT,14:26,866,4v2nWqCSEKM,2026-09-07T07:37:32Z,commit:5c97d16a
Consciousness,Ivan the Tolerable,Proust Quartering,False,INDIFFERENT,10:54,654,dV2UONSSAdc,2026-09-07T07:26:38Z,commit:5c97d16a
White Admiral,Ivan the Tolerable,Proust Quartering,False,INDIFFERENT,12:06,726,3ShvQM5u7Zk,2026-09-07T07:14:32Z,commit:5c97d16a
Eyes Upon The Sea,Ivan the Tolerable,Proust Quartering,False,INDIFFERENT,13:28,808,W_cKf0whcTA,2026-09-07T07:01:04Z,commit:5c97d16a
Spitfire,Sierra Hull,Spitfire,False,INDIFFERENT,3:17,197,Xg9Q_7j5H68,2026-09-07T06:57:47Z,commit:5c97d16a
These Days,"AJ Lee & Blue Summit, The Brothers Comatose",These Days,False,INDIFFERENT,3:29,209,JoUf7qp9nlM,2026-09-07T06:54:18Z,commit:5c97d16a
Spirits,The Devil Makes Three,Spirits,False,INDIFFERENT,3:39,219,EzWsYKttiRY,2026-09-07T06:50:39Z,commit:5c97d16a
Rhododendron,Bella White,Rhododendron,False,INDIFFERENT,4:47,287,9tOV7mk61tk,2026-09-07T06:45:52Z,commit:5c97d16a
Gild the Lily,Billy Strings,Highway Prayers,False,INDIFFERENT,5:06,306,JFK36ok9Bg8,2026-09-07T06:40:46Z,commit:5c97d16a
Dollar Bill Bar,Sierra Ferrell,Trail Of Flowers,False,INDIFFERENT,3:30,210,eTuQoZ1IpDo,2026-09-07T06:37:16Z,commit:5c97d16a
Long Monday,John Prine,Fair and Square,False,INDIFFERENT,3:23,203,mHiW8BMzZ78,2026-09-07T06:33:53Z,commit:5c97d16a
Ancient Light,"I’m With Her, Sarah Jarosz, Aoife O’Donovan, and Sara Watkins",Ancient Light,False,INDIFFERENT,3:35,215,4kQub_vjcSQ,2026-09-07T06:30:18Z,commit:5c97d16a
Empty Trainload Of Sky,"David Rawlings, Gillian Welch",Empty Trainload Of Sky,False,INDIFFERENT,3:25,205,RcOFbwRGii0,2026-09-07T06:26:53Z,commit:5c97d16a
Ain't No Grave,Crooked Still,Shaken By A Low Sound,False,INDIFFERENT,3:22,202,eb4W_3KC50g,2026-09-07T06:23:31Z,commit:5c97d16a
And the Cat Came Back,Golden Shoals,And the Cat Came Back,False,INDIFFERENT,2:35,155,7sbBoqqGduA,2026-09-07T06:20:56Z,commit:5c97d16a
"Espresso (feat. Sarah Jarosz, Aoife O'Donovan & Sara Watkins)",I’m With Her,Espresso,False,LIKE,3:10,190,FnEk1uhTJRg,2026-09-07T06:17:46Z,commit:5c97d16a
Fredericksburg,Golden Shoals,Fredericksburg,False,INDIFFERENT,3:29,209,f5oqRFS6m8o,2026-09-07T06:14:17Z,commit:5c97d16a
New White House Blues,Golden Shoals,New White House Blues,False,LIKE,4:51,291,2qAItLHbN-s,2026-09-07T06:09:26Z,commit:5c97d16a
Everybody's a Somebody,Golden Shoals,Everybody's a Somebody,False,LIKE,2:52,172,RSGEInxNQoM,2026-09-07T06:06:34Z,commit:5c97d16a
Waiting For The Get Down,"John Tejada, Reggie Watts, Wajatta",Waiting For The Get Down,False,INDIFFERENT,4:34,274,ANosVyhQal0,2026-09-07T06:02:00Z,commit:5c97d16a
Bell,Kerala Dust,Bell,False,LIKE,4:29,269,2yF0JS6UBqY,2026-09-07T05:57:31Z,commit:5c97d16a
Stand In Line,okuma,Bi Ba Bü,False,LIKE,7:27,447,3mdt8AR8gcU,2026-09-07T05:50:04Z,commit:5c97d16a
My Thoughts Behind (Bonus Edit),"Turu Anasi, okuma",Las Olas,False,LIKE,8:14,494,rzE3N2CbXfU,2026-09-07T05:41:50Z,commit:5c97d16a
Kalima (DBRA Remix),Turu Anasi,Las Olas,False,INDIFFERENT,7:49,469,splqxoWy4bI,2026-09-07T05:34:01Z,commit:5c97d16a
Kalima,Turu Anasi,Las Olas,False,INDIFFERENT,6:31,391,sxx5sgHt698,2026-09-07T05:27:30Z,commit:5c97d16a
Las Olas,Turu Anasi,Las Olas,False,INDIFFERENT,8:42,522,JZ44NG8w2j4,2026-09-07T05:18:48Z,commit:5c97d16a
The Headless Horeseman Power Mix,Phish,Mixes,,LIKE,1:19:50,4790,zn4w9fuv-uI,2026-09-07T03:58:58Z,commit:5c97d16a
Tryllis (Live),Lettuce & Colorado Symphony,Lettuce with the Colorado Symphony (Live),False,LIKE,14:05,845,4DkFelPjloU,2026-09-07T03:44:53Z,commit:5c97d16a
Trapezoid (Live),Lettuce & Colorado Symphony,Lettuce with the Colorado Symphony (Live),False,INDIFFERENT,6:19,379,DoswyZZTQNM,2026-09-07T03:38:34Z,commit:5c97d16a
Elephant Walk > Madison Square (Live),Lettuce & Colorado Symphony,Lettuce with the Colorado Symphony (Live),False,INDIFFERENT,9:32,572,hdZX-mQzWkY,2026-09-07T03:29:02Z,commit:5c97d16a
Everybody Wants to Rule the World (Live),Lettuce & Colorado Symphony,Lettuce with the Colorado Symphony (Live),False,INDIFFERENT,6:47,407,OSb9wAEwPnQ,2026-09-07T03:22:15Z,commit:5c97d16a
Moksha (Live),Lettuce & Colorado Symphony,Lettuce with the Colorado Symphony (Live),False,INDIFFERENT,7:00,420,nCr32IVIzZc,2026-09-07T03:15:15Z,commit:5c97d16a
Tryllis (Live),Lettuce & Colorado Symphony,Lettuce with the Colorado Symphony (Live),False,LIKE,14:05,845,4DkFelPjloU,2026-09-07T03:01:10Z,commit:5c97d16a
Larimar (Live),Lettuce & Colorado Symphony,Lettuce with the Colorado Symphony (Live),False,INDIFFERENT,7:52,472,H9WGTxr854w,2026-09-07T02:53:18Z,commit:5c97d16a
New Intro (Live),Lettuce & Colorado Symphony,Lettuce with the Colorado Symphony (Live),False,INDIFFERENT,2:08,128,LGaEUF8B-FE,2026-09-07T02:51:10Z,commit:5c97d16a
The Force (Live),Lettuce & Colorado Symphony,Lettuce with the Colorado Symphony (Live),False,INDIFFERENT,5:18,318,-OgZGPTmsZs,2026-09-07T02:45:52Z,commit:5c97d16a
Move On Up (Live),Lettuce & Colorado Symphony,Lettuce with the Colorado Symphony (Live),False,INDIFFERENT,8:22,502,UIu5usTJbQ8,2026-09-07T02:37:30Z,commit:5c97d16a
Ghost of Jupiter (Live),Lettuce & Colorado Symphony,Lettuce with the Colorado Symphony (Live),False,INDIFFERENT,5:38,338,bnAqRzXcQFc,2026-09-07T02:31:52Z,commit:5c97d16a
Gang Ten (Live),Lettuce & Colorado Symphony,Lettuce with the Colorado Symphony (Live),False,INDIFFERENT,7:26,446,lu5ZznnDL8I,2026-09-07T02:24:26Z,commit:5c97d16a
Requiem (Live),Lettuce & Colorado Symphony,Lettuce with the Colorado Symphony (Live),False,INDIFFERENT,3:25,205,VbZfqYQLsic,2026-09-07T02:21:01Z,commit:5c97d16a
The Lobbyist (Live),Lettuce & Colorado Symphony,Lettuce with the Colorado Symphony (Live),False,INDIFFERENT,4:37,277,8mFixVGqAGI,2026-09-07T02:16:24Z,commit:5c97d16a
Mt. Crushmore (Live),Lettuce & Colorado Symphony,Lettuce with the Colorado Symphony (Live),False,INDIFFERENT,4:40,280,GnfRrI8WdFk,2026-09-07T02:11:44Z,commit:5c97d16a
Untitled (Late Sun) [Another Shade of Dwig Remix],Kerala Dust,Late Sun,False,LIKE,7:29,449,SA13_NSM8cQ,2026-09-07T02:04:15Z,commit:5c97d16a
Bell,Kerala Dust,Bell,False,INDIFFERENT,4:29,269,2yF0JS6UBqY,2026-09-07T01:59:46Z,commit:5c97d16a
Dismantling Frank,Bonobo,One Offs (Remixes & B Sides),False,INDIFFERENT,5:08,308,rX_OLQpopxg,2026-09-07T01:54:38Z,commit:5c97d16a
The Plug (Quantic Mix),Bonobo,One Offs (Remixes & B Sides),False,INDIFFERENT,6:14,374,IXDCasgfq9s,2026-09-07T01:48:24Z,commit:5c97d16a
Beachy Head (Bonobo Mix),Mechanical Me,One Offs (Remixes & B Sides),False,INDIFFERENT,3:48,228,-xUAhFNuiBM,2026-09-07T01:44:36Z,commit:5c97d16a
Turtle (Bonobo Mix),Pilote,One Offs (Remixes & B Sides),False,LIKE,5:11,311,yNi8z7FLorE,2026-09-07T01:39:25Z,commit:5c97d16a
Sisyphus,Andrew Bird,My Finest Work Yet,False,LIKE,4:08,248,OsgUQrKTTtc,2026-09-07T01:35:17Z,commit:5c97d16a
Tiger Rag,Harry Roy,Harry Roy and His Orchestra. New Day Come,False,LIKE,2:44,164,2a48zD-_5u8,2026-09-07T01:32:33Z,commit:5c97d16a
Li'l Darlin' (1994 Remaster),Count Basie,The Complete Atomic Basie,False,LIKE,4:51,291,nqn4nyZz0to,2026-09-07T01:27:42Z,commit:5c97d16a
Drinkin' Whiskey Tonight,Pokey LaFarge,Middle of Everywhere,False,LIKE,2:53,173,GWqjF81M5h4,2026-09-07T01:24:49Z,commit:5c97d16a
It's Gonna Be (Alright),Ween,The Mollusk,False,LIKE,3:18,198,mYAdOvq9tKc,2026-09-07T01:21:31Z,commit:5c97d16a
Pride of Cucamonga,Grateful Dead,From the Mars Hotel,False,INDIFFERENT,4:18,258,Si_T0tUzLNU,2026-09-07T01:17:13Z,commit:5c97d16a
Jumbo,Punch Brothers,All Ashore,False,LIKE,3:36,216,ioDXUnJmdBE,2026-09-07T01:13:37Z,commit:5c97d16a
I've Got Rhythm,Oscar Aleman,Swing Guitar Masterpieces,False,INDIFFERENT,3:15,195,QZNhsjXFBr0,2026-09-07T01:10:22Z,commit:5c97d16a
My Mother Thinks I'm a Lawyer,Noam Pikelny,Beat the Devil and Carry a Rail,False,LIKE,4:22,262,6scYUseAFwc,2026-09-07T01:06:00Z,commit:5c97d16a
Me and Paul,Willie Nelson,One Hell Of A Ride,False,LIKE,3:49,229,lMugPjewv-0,2026-09-07T01:02:11Z,commit:5c97d16a
Leaving Louisiana In The Broad Daylight,The Oak Ridge Boys,The Oak Ridge Boys Have Arrived,False,INDIFFERENT,3:00,180,PVjXYjyxWTg,2026-09-07T00:59:11Z,commit:5c97d16a
Fish and Whistle,John Prine,Bruised Orange,False,INDIFFERENT,3:15,195,QYxlxYSCvFg,2026-09-07T00:55:56Z,commit:5c97d16a
Honky Tonk Heroes (Like Me),Waylon Jennings,Wanted! The Outlaws,False,LIKE,3:30,210,8LIDR2ySLlo,2026-09-07T00:52:26Z,commit:5c97d16a
Back in the Goodle Days,John Hartford,Aereo-Plain,False,INDIFFERENT,3:40,220,UcF0SY0m3sU,2026-09-07T00:48:46Z,commit:5c97d16a
1952 Vincent Black Lightning,Del McCoury Band,Del & The Boys,False,LIKE,4:03,243,Vz6fCj1zLSg,2026-09-07T00:44:43Z,commit:5c97d16a
Please Don't Bury Me,John Prine,Sweet Revenge,False,INDIFFERENT,2:52,172,nmgYCI3OWw4,2026-09-07T00:41:51Z,commit:5c97d16a
You Worry Me,Nathaniel Rateliff & The Night Sweats,Tearing at the Seams,False,INDIFFERENT,3:35,215,Enm0XL7xx_E,2026-09-07T00:38:16Z,commit:5c97d16a
When I Get My Hands On You,The New Basement Tapes,Lost On The River (Deluxe),False,INDIFFERENT,3:11,191,N11MNiopKP4,2026-09-07T00:35:05Z,commit:5c97d16a
Home Again,"Lindsay Lou, The Brothers Comatose",Home Again,False,INDIFFERENT,3:52,232,45XxtPIgkog,2026-09-07T00:31:13Z,commit:5c97d16a
Nothing but Everything,Jon and Roy,The Road Ahead Is Golden,False,INDIFFERENT,3:35,215,ujF0O0lsi5E,2026-09-07T00:27:38Z,commit:5c97d16a
I Need Never Get Old,Nathaniel Rateliff & The Night Sweats,Nathaniel Rateliff & The Night Sweats,False,LIKE,4:14,254,-FWrwbHqu5w,2026-09-07T00:23:24Z,commit:5c97d16a
Flowers,"Gregory Alan Isakov, Nathaniel Rateliff",Flowers,False,INDIFFERENT,4:01,241,Tba-RUpDWio,2026-09-07T00:19:23Z,commit:5c97d16a
Baabaa (P A N Remix),Turu Anasi,Meditation,False,INDIFFERENT,7:13,433,jwEknNsY5OM,2026-09-07T00:12:10Z,commit:5c97d16a
Baabaa (Kaöb Remix),Turu Anasi,Meditation,False,INDIFFERENT,7:32,452,RzME7aft3kE,2026-09-07T00:04:38Z,commit:5c97d16a
Priviti,Turu Anasi,Meditation,False,INDIFFERENT,8:01,481,ojUPUf0ORbw,2026-09-06T23:56:37Z,commit:5c97d16a
Baabaa,Turu Anasi,Meditation,False,INDIFFERENT,5:49,349,4xMfI9y3BQM,2026-09-06T23:50:48Z,commit:5c97d16a
Meditation,Turu Anasi,Meditation,False,LIKE,8:30,510,O8det02XaIA,2026-09-06T23:42:18Z,commit:5c97d16a
"""Walk Beside Me"" ~ Railroad Earth 5-24-12 DelFest V","378 views, Josh Burch",,False,INDIFFERENT,6:15,375,2FF6KTVBR-g,2026-09-06T23:36:03Z,commit:5c97d16a
Enough To Leave,Billy Strings,Home,False,INDIFFERENT,3:45,225,c-dhLSbSfe0,2026-09-06T23:32:18Z,commit:5c97d16a
Railroad Earth - Walk Beside Me (1-4-10),"1K views, LongStrangeTrip710",,False,LIKE,6:15,375,kEzFrLcgQkk,2026-09-06T23:26:03Z,commit:5c97d16a
Saturday Night (Is The Loneliest Night of The Week),Lou Preagar and His Orchestra and Lynne Shaw,"British Dance Bands - Pete Smiths Specialties, Vol. 2",False,INDIFFERENT,3:06,186,5u4USbUgCPk,2026-09-06T23:22:57Z,commit:5c97d16a
The Very Thought of You,Henry Hall & The BBC Dance Orchestra,"British Dance Bands - Pete Smiths Specialties, Vol. 2",False,INDIFFERENT,2:58,178,2tMwc1yl_Rg,2026-09-06T23:19:59Z,commit:5c97d16a
Exactly Like You,Oscar Rabin and His Strict Tempo Dance Band & Dinah Miller,"British Dance Bands - Pete Smiths Specialties, Vol. 2",False,INDIFFERENT,3:06,186,YrFOA_5cL1Y,2026-09-06T23:16:53Z,commit:5c97d16a
Talk To Me,Reginald Williams and His Futurists and Dinah Miller,"British Dance Bands - Pete Smiths Specialties, Vol. 2",False,INDIFFERENT,3:10,190,q7f8UjQ9HnM,2026-09-06T23:13:43Z,commit:5c97d16a
That's The Way I like To Hear You Talk,Bill Currie & Harry Roy and His Orchestra,"British Dance Bands - Pete Smiths Specialties, Vol. 2",False,INDIFFERENT,3:09,189,llILF2XM9D8,2026-09-06T23:10:34Z,commit:5c97d16a
Avalon,Billy Cotton & His Band,"British Dance Bands - Pete Smiths Specialties, Vol. 2",False,LIKE,2:52,172,2yyyEBfTR-E,2026-09-06T23:07:42Z,commit:5c97d16a
Sing a Song of Sunbeams,Ronnie Munroe and His Orchestra and Alice Mann,"British Dance Bands - Pete Smiths Specialties, Vol. 2",False,INDIFFERENT,3:19,199,fsXpNaNmfG0,2026-09-06T23:04:23Z,commit:5c97d16a
Nice People,Harry Roy and His Band And Ray Ellington,"British Dance Bands - Pete Smiths Specialties, Vol. 2",False,INDIFFERENT,2:44,164,dXnHQq-cFs0,2026-09-06T23:01:39Z,commit:5c97d16a
Choo Choo,Jack Payne and his BBC Dance Orchestra,"British Dance Bands - Pete Smiths Specialties, Vol. 2",False,INDIFFERENT,2:40,160,KA9sUb8SRN4,2026-09-06T22:58:59Z,commit:5c97d16a
Ain't Misbehavin',"Marjorie Stedeford, Mario 'Harp' Lorenzi and His Rhythmics","British Dance Bands - Pete Smiths Specialties, Vol. 2",False,INDIFFERENT,3:05,185,SJpURksJCxc,2026-09-06T22:55:54Z,commit:5c97d16a
"Rita, The Rumba Queen",Harry Roy and his orchestra,"British Dance Bands - Pete Smiths Specialties, Vol. 2",False,INDIFFERENT,3:16,196,RnVDlR9GPm0,2026-09-06T22:52:38Z,commit:5c97d16a
Dizzy Fingers,Ivor Moreton & Dave Kaye,"British Dance Bands - Pete Smiths Specialties, Vol. 2",False,INDIFFERENT,2:46,166,36cRYJ6vMLc,2026-09-06T22:49:52Z,commit:5c97d16a
Make Yourself A Happiness Pie,Ray Noble and The New Mayfair Dance Orchestra,"British Dance Bands - Pete Smiths Specialties, Vol. 2",False,INDIFFERENT,3:13,193,CUF0vBBqIwI,2026-09-06T22:46:39Z,commit:5c97d16a
Teddy Bears Picnic,Henry Hall & The BBC Dance Orchestra,"British Dance Bands - Pete Smiths Specialties, Vol. 2",False,INDIFFERENT,2:54,174,fcZCxWBC4AA,2026-09-06T22:43:45Z,commit:5c97d16a
Begin The Beguine,Oscar Aleman,Swing Guitar Masterpieces,False,INDIFFERENT,2:52,172,CCgBT4HjZgs,2026-09-06T22:40:53Z,commit:5c97d16a
Bye Bye Blues,Oscar Aleman,Swing Guitar Masterpieces,False,INDIFFERENT,3:06,186,fixg8-IqEHc,2026-09-06T22:37:47Z,commit:5c97d16a
I've Got Rhythm,Oscar Aleman,Swing Guitar Masterpieces,False,INDIFFERENT,3:15,195,QZNhsjXFBr0,2026-09-06T22:34:32Z,commit:5c97d16a
Tea For Two,Oscar Peterson Trio,The Complete Mercury/Clef Recordings,False,INDIFFERENT,3:19,199,N7TOpyPMaYs,2026-09-06T22:31:13Z,commit:5c97d16a
Tiger Rag,Oscar Aleman,Swing Guitar Masterpieces,False,INDIFFERENT,2:47,167,Jloyla0tcr0,2026-09-06T22:28:26Z,commit:5c97d16a
Tiger Rag,Harry Roy,Harry Roy and His Orchestra. New Day Come,False,LIKE,2:44,164,2a48zD-_5u8,2026-09-06T22:25:42Z,commit:5c97d16a
Dawg's Waltz,"David Grisman, Jerry Garcia",Jerry Garcia & David Grisman,False,INDIFFERENT,4:33,273,T_Pk6MIVQ7A,2026-09-06T22:21:09Z,commit:5c97d16a
Jumbo,Punch Brothers,All Ashore,False,LIKE,3:36,216,ioDXUnJmdBE,2026-09-06T22:17:33Z,commit:5c97d16a
Run Mountain,Corn Potato String Band,"Corn Potato String Band, Vol. Two",False,INDIFFERENT,2:49,169,1HOmmmEdikg,2026-09-06T22:14:44Z,commit:5c97d16a
When I Can Read My Title Clear,Corn Potato String Band,"Corn Potato String Band, Vol. Two",False,INDIFFERENT,2:55,175,kvLPdDBVZes,2026-09-06T22:11:49Z,commit:5c97d16a
Raleigh and Spencer,Corn Potato String Band,"Corn Potato String Band, Vol. Two",False,INDIFFERENT,3:03,183,2rGBr7SDJFU,2026-09-06T22:08:46Z,commit:5c97d16a
Girl I Left Behind,Corn Potato String Band,"Corn Potato String Band, Vol. Two",False,INDIFFERENT,2:01,121,V_ehcusxyyU,2026-09-06T22:06:45Z,commit:5c97d16a
Easy Wind,Grateful Dead,Workingman's Dead,False,INDIFFERENT,5:00,300,mYLjqyKLIHc,2026-09-06T22:01:45Z,commit:5c97d16a
Senor (Tales Of Yankee Power),Tim O'Brien,Red On Blonde,False,INDIFFERENT,4:03,243,DBmTLVRvnc8,2026-09-06T21:57:42Z,commit:5c97d16a
Going Home,Foghorn Stringband,Outshine the Sun,False,INDIFFERENT,3:08,188,i4M_GIy6akU,2026-09-06T21:54:34Z,commit:5c97d16a
Big Sciota,Bryan Sutton,Not Too Far From The Tree,False,LIKE,2:57,177,JzT8TiNMB3I,2026-09-06T21:51:37Z,commit:5c97d16a
Listen to the Mockingbird,Corn Potato String Band,Put on Your Old Grey Bonnet,False,INDIFFERENT,5:07,307,S8tXr2T69uU,2026-09-06T21:46:30Z,commit:5c97d16a
That Hot Lick Fiddlin' Man,Corn Potato String Band,Put on Your Old Grey Bonnet,False,INDIFFERENT,2:18,138,f3ZHeUhY3Ag,2026-09-06T21:44:12Z,commit:5c97d16a
Georgia Grind,Corn Potato String Band,Put on Your Old Grey Bonnet,False,INDIFFERENT,4:15,255,oiMk4UFSl_I,2026-09-06T21:39:57Z,commit:5c97d16a
Phyllis,Lettuce,Crush,False,INDIFFERENT,6:51,411,jWP700E76do,2026-09-06T21:33:06Z,commit:5c97d16a
Stairway to Heaven (Remaster),Led Zeppelin,Led Zeppelin IV (Deluxe Edition),False,INDIFFERENT,8:03,483,iXQUu5Dti4g,2026-09-06T21:25:03Z,commit:5c97d16a
Dream On,Aerosmith,Aerosmith,False,INDIFFERENT,4:28,268,9PpXu-2fPHc,2026-09-06T21:20:35Z,commit:5c97d16a
Short Skirt / Long Jacket,CAKE,Comfort Eagle,False,INDIFFERENT,3:25,205,85zV1fpSJQ0,2026-09-06T21:17:10Z,commit:5c97d16a
House Of The Rising Sun,The Animals,Everlasting Original Oldies Collection,False,INDIFFERENT,4:32,272,jpZ9SsH3lUs,2026-09-06T21:12:38Z,commit:5c97d16a
Let It Be,The Beatles,1,False,INDIFFERENT,3:51,231,HzvDofigTKQ,2026-09-06T21:08:47Z,commit:5c97d16a
The World At Large,Modest Mouse,Good News For People Who Love Bad News,False,INDIFFERENT,4:33,273,FIJKJdsAszw,2026-09-06T21:04:14Z,commit:5c97d16a
Loser,Beck,Loser,False,INDIFFERENT,3:56,236,5Z1-5wNjMgs,2026-09-06T21:00:18Z,commit:5c97d16a
Exit Music (For A Film),Radiohead,OK Computer OKNOTOK 1997 2017,False,LIKE,4:26,266,FapBH3j6WoA,2026-09-06T20:55:52Z,commit:5c97d16a
Creep,Radiohead,Creep,False,INDIFFERENT,3:59,239,9RfVp-GhKfs,2026-09-06T20:51:53Z,commit:5c97d16a
Georgia Grind,Corn Potato String Band,Put on Your Old Grey Bonnet,False,INDIFFERENT,4:15,255,oiMk4UFSl_I,2026-09-06T20:47:38Z,commit:5c97d16a
Silver Strand,Corn Potato String Band,Put on Your Old Grey Bonnet,False,INDIFFERENT,3:12,192,7dL7UWwLqUs,2026-09-06T20:44:26Z,commit:5c97d16a
Sunny Tennessee,Corn Potato String Band,Put on Your Old Grey Bonnet,False,INDIFFERENT,1:55,115,G_ryhokjGHE,2026-09-06T20:42:31Z,commit:5c97d16a
Green Valley Waltz,Corn Potato String Band,Put on Your Old Grey Bonnet,False,INDIFFERENT,2:54,174,epQNzvgcHsg,2026-09-06T20:39:37Z,commit:5c97d16a
Andale Vamos,Corn Potato String Band,Put on Your Old Grey Bonnet,False,INDIFFERENT,2:38,158,0oLa00XIeJg,2026-09-06T20:36:59Z,commit:5c97d16a
Put on Your Old Grey Bonnet,Corn Potato String Band,Put on Your Old Grey Bonnet,False,INDIFFERENT,2:52,172,YeAoXA8DG-g,2026-09-06T20:34:07Z,commit:5c97d16a
Buck Ryan Rag,Corn Potato String Band,Put on Your Old Grey Bonnet,False,INDIFFERENT,1:59,119,zNwgIZpBMp4,2026-09-06T20:32:08Z,commit:5c97d16a
Washington & Lee Swing County,Corn Potato String Band,Put on Your Old Grey Bonnet,False,INDIFFERENT,2:57,177,uJipyGFXtGw,2026-09-06T20:29:11Z,commit:5c97d16a
American Dreaming,Sierra Ferrell,Trail Of Flowers,False,INDIFFERENT,4:18,258,V3QabRHBbZY,2026-09-06T20:24:53Z,commit:5c97d16a
Tatsuya's Breakdown ポエム入り / ブルーグラス☆ポリス,"2.5K views, Foggy matsu",,False,LIKE,4:21,261,rLPA53yvwMM,2026-09-06T20:20:32Z,commit:5c97d16a
MEAN MOTHER BLUES / ブルーグラス☆ポリス,"236 views, Foggy matsu",,False,LIKE,3:13,193,iWxlPWc0lFY,2026-09-06T20:17:19Z,commit:5c97d16a
Clinton Hill,Chuck Darwin & the Knuckle Draggers,For Educational Purposes Only,False,INDIFFERENT,3:10,190,wQu2zjyBqus,2026-09-06T20:14:09Z,commit:5c97d16a
Champing the Bit,Chuck Darwin & the Knuckle Draggers,For Educational Purposes Only,False,INDIFFERENT,3:02,182,LaZfGSORMTs,2026-09-06T20:11:07Z,commit:5c97d16a
Chris Eldridge & Friends: Mean Mother Blues,"36K views, OldFirstBrooklyn",,False,INDIFFERENT,3:49,229,xC6rB_FnlcQ,2026-09-06T20:07:18Z,commit:5c97d16a
"Noam Pikelney and Friends ""The Train That Carried My Girl From Town"" Freshgrass 2013","2.6K views, Less Than Face Productions",,False,INDIFFERENT,3:23,203,2vfYDrB3Rls,2026-09-06T20:03:55Z,commit:5c97d16a
My Mother Thinks I'm a Lawyer,Noam Pikelny,Beat the Devil and Carry a Rail,False,LIKE,4:22,262,6scYUseAFwc,2026-09-06T19:59:33Z,commit:5c97d16a
Not Gentle On My Mind,Chuck Darwin & the Knuckle Draggers,For Educational Purposes Only,False,LIKE,2:11,131,fwlkSDX-JT8,2026-09-06T19:57:22Z,commit:5c97d16a
Head of Steam,Chuck Darwin & the Knuckle Draggers,For Educational Purposes Only,False,INDIFFERENT,2:57,177,f80m43JAdH8,2026-09-06T19:54:25Z,commit:5c97d16a
Our Life's Work,Chuck Darwin & the Knuckle Draggers,Three Car Pileup,False,INDIFFERENT,2:43,163,vskBlq2dLAM,2026-09-06T19:51:42Z,commit:5c97d16a
Do Right Woman,Chuck Darwin & the Knuckle Draggers,Three Car Pileup,False,INDIFFERENT,3:29,209,ADSYbRZM38k,2026-09-06T19:48:13Z,commit:5c97d16a
Can You Get To That,Funkadelic,Maggot Brain,False,LIKE,2:50,170,yl3fIXaAXow,2026-09-06T19:45:23Z,commit:5c97d16a
The Harder They Come (Live) (feat. Jerry Garcia Band),Jerry Garcia Band,"After Midnight: Kean College, 2/28/80",False,INDIFFERENT,12:43,763,xzYVb8mDqbA,2026-09-06T19:32:40Z,commit:5c97d16a
After Midnight - Reprise (Live) (feat. Jerry Garcia Band),Jerry Garcia Band,"After Midnight: Kean College, 2/28/80",False,LIKE,6:34,394,x47SsOCHNuA,2026-09-06T19:26:06Z,commit:5c97d16a
Hard Times,The Devil Makes Three,Spirits,False,INDIFFERENT,3:19,199,0XbijMuK-9g,2026-09-06T19:22:47Z,commit:5c97d16a
Half As High,The Devil Makes Three,Spirits,False,INDIFFERENT,2:35,155,SUVTcLj5CBk,2026-09-06T19:20:12Z,commit:5c97d16a
Ghosts Are Weak,The Devil Makes Three,Spirits,False,INDIFFERENT,3:09,189,7YXJI3bw0kk,2026-09-06T19:17:03Z,commit:5c97d16a
Spirits,The Devil Makes Three,Spirits,False,INDIFFERENT,3:39,219,BYjm_mBoIhU,2026-09-06T19:13:24Z,commit:5c97d16a
Lights On Me,The Devil Makes Three,Spirits,False,INDIFFERENT,3:52,232,ikl7XoJZwVs,2026-09-06T19:09:32Z,commit:5c97d16a
Unbroken Chain,Grateful Dead,From the Mars Hotel,False,LIKE,6:46,406,T5FN06LFfHk,2026-09-06T19:02:46Z,commit:5c97d16a
The Girl From Ipanema,Stan Getz,Getz/Gilberto,False,INDIFFERENT,5:25,325,N-TKOh0zsvU,2026-09-06T18:57:21Z,commit:5c97d16a
"Dear Mr. Fantasy (Live in New Jersey, April 1, 1988)",Grateful Dead,Road Trips Vol. 4 No. 2: April Fools '88 (Live),False,LIKE,4:21,261,F655kSbb9zo,2026-09-06T18:53:00Z,commit:5c97d16a
Just Jams - Phish 7/6/98,"11K views, Just Jams",,False,INDIFFERENT,1:12:59,4379,DloaQps-xLE,2026-09-06T17:40:01Z,commit:5c97d16a
Just Jams - Phish 7/6/98,"11K views, Just Jams",,False,INDIFFERENT,1:12:59,4379,DloaQps-xLE,2026-09-06T16:27:02Z,commit:5c97d16a
Just Jams - Phish 12/30/97,"20K views, Just Jams",,False,LIKE,1:12:29,4349,y2TaOnF3BxY,2026-09-06T15:14:33Z,commit:5c97d16a
AMBIENT TECHNO || mix 046 by Rob Jenkins,"11K views, ambient techno mixes",,False,LIKE,3:01:28,10888,-_pUwL2PYtY,2026-09-06T12:13:05Z,commit:5c97d16a
Knockin' On Heaven's Door (Live) (feat. Jerry Garcia Band),Jerry Garcia Band,"After Midnight: Kean College, 2/28/80",False,INDIFFERENT,13:58,838,UYrQLWEzQlI,2026-09-06T11:59:07Z,commit:5c97d16a
Tore Up Over You (Live) (feat. Jerry Garcia Band),Jerry Garcia Band,"After Midnight: Kean College, 2/28/80",False,LIKE,10:26,626,nYUftFAvETU,2026-09-06T11:48:41Z,commit:5c97d16a
After Midnight - Reprise (Live) (feat. Jerry Garcia Band),Jerry Garcia Band,"After Midnight: Kean College, 2/28/80",False,LIKE,6:34,394,x47SsOCHNuA,2026-09-06T11:42:07Z,commit:5c97d16a
After Midnight (Live) (feat. Jerry Garcia Band),Jerry Garcia Band,"After Midnight: Kean College, 2/28/80",False,LIKE,13:14,794,ejJPy-ONqJc,2026-09-06T11:28:53Z,commit:5c97d16a
"Grateful Dead - Ripple (New York, NY 10/31/80) (Official Live Video)","3.8M views, Grateful Dead",,False,INDIFFERENT,4:30,270,5yJmBC7cMTM,2026-09-06T11:24:23Z,commit:5c97d16a
Easy Wind,Grateful Dead,Workingman's Dead,False,INDIFFERENT,5:00,300,mYLjqyKLIHc,2026-09-06T11:19:23Z,commit:5c97d16a
Railroad Earth - Walk Beside Me (1-4-10),"1K views, LongStrangeTrip710",,False,LIKE,6:15,375,kEzFrLcgQkk,2026-09-06T11:13:08Z,commit:5c97d16a
Jumbo,Punch Brothers,All Ashore,False,LIKE,3:36,216,ioDXUnJmdBE,2026-09-06T11:09:32Z,commit:5c97d16a
Patchwork Girlfriend,Punch Brothers,Who's Feeling Young Now?,False,LIKE,3:49,229,CMtyWB_Pzic,2026-09-06T11:05:43Z,commit:5c97d16a
My Mother Thinks I'm a Lawyer,Noam Pikelny,Beat the Devil and Carry a Rail,False,LIKE,4:22,262,6scYUseAFwc,2026-09-06T11:01:21Z,commit:5c97d16a
Safe Place,Francisco Sola,Safe Place,False,INDIFFERENT,3:53,233,fLUi_iItHbQ,2026-09-06T10:57:28Z,commit:5c97d16a
Favorite Son,Satellite Friend,Favorite Son,False,LIKE,4:23,263,Go0wsC-rRIo,2026-09-06T10:53:05Z,commit:5c97d16a
Suzy Grenberg,Phish,"LivePhish, Vol. 2 7/16/94 (Sugarbush Summerstage, North Fayston, VT)",False,INDIFFERENT,6:51,411,0hCXsMYzezU,2026-09-06T10:46:14Z,commit:5c97d16a
Chalk Dust Torture,Phish,"LivePhish, Vol. 2 7/16/94 (Sugarbush Summerstage, North Fayston, VT)",False,INDIFFERENT,9:29,569,IEkLAnqSrdM,2026-09-06T10:36:45Z,commit:5c97d16a
Harry Hood,Phish,"LivePhish, Vol. 2 7/16/94 (Sugarbush Summerstage, North Fayston, VT)",False,INDIFFERENT,16:09,969,h-n4yEq3U5A,2026-09-06T10:20:36Z,commit:5c97d16a
Scent Of A Mule,Phish,"LivePhish, Vol. 2 7/16/94 (Sugarbush Summerstage, North Fayston, VT)",False,INDIFFERENT,8:04,484,QW2hl00Xb70,2026-09-06T10:12:32Z,commit:5c97d16a
AC/DC Bag,Phish,"LivePhish, Vol. 2 7/16/94 (Sugarbush Summerstage, North Fayston, VT)",False,INDIFFERENT,7:48,468,hPv75O5ixdw,2026-09-06T10:04:44Z,commit:5c97d16a
Harpua,Phish,"LivePhish, Vol. 2 7/16/94 (Sugarbush Summerstage, North Fayston, VT)",False,INDIFFERENT,6:12,372,BBXSEVxuOHY,2026-09-06T09:58:32Z,commit:5c97d16a
2001,Phish,"LivePhish, Vol. 2 7/16/94 (Sugarbush Summerstage, North Fayston, VT)",False,INDIFFERENT,3:08,188,nhR7NUkIwCU,2026-09-06T09:55:24Z,commit:5c97d16a
Harpua,Phish,"LivePhish, Vol. 2 7/16/94 (Sugarbush Summerstage, North Fayston, VT)",False,INDIFFERENT,8:15,495,2nIRkH_56M8,2026-09-06T09:47:09Z,commit:5c97d16a
Run Like An Antelope,Phish,"LivePhish, Vol. 2 7/16/94 (Sugarbush Summerstage, North Fayston, VT)",False,INDIFFERENT,8:07,487,n6nSIwMGvK0,2026-09-06T09:39:02Z,commit:5c97d16a
Catapult,Phish,"LivePhish, Vol. 2 7/16/94 (Sugarbush Summerstage, North Fayston, VT)",False,INDIFFERENT,1:46,106,MHlpN6fppjE,2026-09-06T09:37:16Z,commit:5c97d16a
Run Like An Antelope,Phish,"LivePhish, Vol. 2 7/16/94 (Sugarbush Summerstage, North Fayston, VT)",False,INDIFFERENT,9:24,564,hyyHBAXiLWc,2026-09-06T09:27:52Z,commit:5c97d16a
Sample In A Jar,Phish,"LivePhish, Vol. 2 7/16/94 (Sugarbush Summerstage, North Fayston, VT)",False,INDIFFERENT,4:58,298,9IUVRw0YN2o,2026-09-06T09:22:54Z,commit:5c97d16a
Sparkle,Phish,"LivePhish, Vol. 2 7/16/94 (Sugarbush Summerstage, North Fayston, VT)",False,INDIFFERENT,3:44,224,_N_j4SxKL1k,2026-09-06T09:19:10Z,commit:5c97d16a
Maze,Phish,"LivePhish, Vol. 2 7/16/94 (Sugarbush Summerstage, North Fayston, VT)",False,INDIFFERENT,10:39,639,L4j0k7up3vE,2026-09-06T09:08:31Z,commit:5c97d16a
Silent In The Morning,Phish,"LivePhish, Vol. 2 7/16/94 (Sugarbush Summerstage, North Fayston, VT)",False,INDIFFERENT,4:53,293,8hzYc4c8PJo,2026-09-06T09:03:38Z,commit:5c97d16a
The Horse,Phish,"LivePhish, Vol. 2 7/16/94 (Sugarbush Summerstage, North Fayston, VT)",False,LIKE,1:39,99,y-gRGOk3AEI,2026-09-06T09:01:59Z,commit:5c97d16a
Cavern,Phish,"LivePhish, Vol. 2 7/16/94 (Sugarbush Summerstage, North Fayston, VT)",False,INDIFFERENT,4:22,262,3vsAkkATzfM,2026-09-06T08:57:37Z,commit:5c97d16a
The Lizards,Phish,"LivePhish, Vol. 2 7/16/94 (Sugarbush Summerstage, North Fayston, VT)",False,INDIFFERENT,10:00,600,5XAp5NHiIgs,2026-09-06T08:47:37Z,commit:5c97d16a
Stash,Phish,"LivePhish, Vol. 2 7/16/94 (Sugarbush Summerstage, North Fayston, VT)",False,INDIFFERENT,10:24,624,zdq_Nrw8JiM,2026-09-06T08:37:13Z,commit:5c97d16a
N02,Phish,"LivePhish, Vol. 2 7/16/94 (Sugarbush Summerstage, North Fayston, VT)",False,INDIFFERENT,1:54,114,Q1ockvY8WJg,2026-09-06T08:35:19Z,commit:5c97d16a
Down With Disease,Phish,"LivePhish, Vol. 2 7/16/94 (Sugarbush Summerstage, North Fayston, VT)",False,INDIFFERENT,6:02,362,5g1PKfw1g5Y,2026-09-06T08:29:17Z,commit:5c97d16a
Golgi Apparatus,Phish,"LivePhish, Vol. 2 7/16/94 (Sugarbush Summerstage, North Fayston, VT)",False,INDIFFERENT,5:39,339,a-BIeVgIM6c,2026-09-06T08:23:38Z,commit:5c97d16a
Poor Heart Soundcheck Jam (Bonus Track),Phish,"LivePhish 2/28/03 (Nassau Coliseum, Uniondale, NY)",False,INDIFFERENT,4:15,255,T3M2I_y6Gi8,2026-09-06T08:19:23Z,commit:5c97d16a
Tweezer Reprise,Phish,"LivePhish 2/28/03 (Nassau Coliseum, Uniondale, NY)",False,INDIFFERENT,4:45,285,6ix7ta0kSQY,2026-09-06T08:14:38Z,commit:5c97d16a
Mexican Cousin,Phish,"LivePhish 2/28/03 (Nassau Coliseum, Uniondale, NY)",False,INDIFFERENT,5:06,306,6SVFvc2Se0c,2026-09-06T08:09:32Z,commit:5c97d16a
Contact,Phish,"LivePhish 2/28/03 (Nassau Coliseum, Uniondale, NY)",False,INDIFFERENT,7:42,462,M7dwJncXTh4,2026-09-06T08:01:50Z,commit:5c97d16a
Harry Hood,Phish,"LivePhish 2/28/03 (Nassau Coliseum, Uniondale, NY)",False,INDIFFERENT,15:14,914,C2XUcfdqKW0,2026-09-06T07:46:36Z,commit:5c97d16a
Round Room,Phish,"LivePhish 2/28/03 (Nassau Coliseum, Uniondale, NY)",False,INDIFFERENT,7:18,438,cCQul7DlWPQ,2026-09-06T07:39:18Z,commit:5c97d16a
David Bowie,Phish,"LivePhish 2/28/03 (Nassau Coliseum, Uniondale, NY)",False,INDIFFERENT,19:03,1143,eq-rgSrfzPc,2026-09-06T07:20:15Z,commit:5c97d16a
Soul Shakedown Party,Phish,"LivePhish 2/28/03 (Nassau Coliseum, Uniondale, NY)",False,INDIFFERENT,8:17,497,K9vhCWLtDPE,2026-09-06T07:11:58Z,commit:5c97d16a
Tweezer,Phish,"LivePhish 2/28/03 (Nassau Coliseum, Uniondale, NY)",False,INDIFFERENT,27:09,1629,25GWjze0WlU,2026-09-06T06:44:49Z,commit:5c97d16a
Walls Of The Cave,Phish,"LivePhish 2/28/03 (Nassau Coliseum, Uniondale, NY)",False,INDIFFERENT,14:44,884,Utr8hZGL0l4,2026-09-06T06:30:05Z,commit:5c97d16a
Bouncing Around The Room,Phish,"LivePhish 2/28/03 (Nassau Coliseum, Uniondale, NY)",False,INDIFFERENT,4:15,255,RoXseWSY3Qo,2026-09-06T06:25:50Z,commit:5c97d16a
Back On The Train,Phish,"LivePhish 2/28/03 (Nassau Coliseum, Uniondale, NY)",False,INDIFFERENT,12:31,751,g_xm6mVCO5o,2026-09-06T06:13:19Z,commit:5c97d16a
Last One on the Line,Hawktail,Formations,False,INDIFFERENT,5:00,300,-pn_iyeav9M,2026-09-06T06:08:19Z,commit:5c97d16a
Annbjørg,Hawktail,Formations,False,INDIFFERENT,5:48,348,iwpCiWtCMno,2026-09-06T06:02:31Z,commit:5c97d16a
Solstice (Early Mix),Hallucinogen,The Singles (Remastered 2024),False,LIKE,5:54,354,sjv5knfjrHc,2026-09-06T05:56:37Z,commit:5c97d16a
No Depression (In Heaven) (feat. The Carter Family),Blind Willie Johnson,"The Old Time Music Radio Show Bluegrass, Blues & Gospel",False,LIKE,2:59,179,NOVRYpNS8vY,2026-09-06T05:53:38Z,commit:5c97d16a
You Left the Water Running,Dan Penn,The Fame Recordings,False,LIKE,2:20,140,43wJ0o2iFNA,2026-09-06T05:51:18Z,commit:5c97d16a
Stack-A-Lee,Dr. John,Dr. John's Gumbo,False,INDIFFERENT,3:30,210,fdKY7OAcvWw,2026-09-06T05:47:48Z,commit:5c97d16a
Drinkin' Whiskey Tonight,Pokey LaFarge,Middle of Everywhere,False,LIKE,2:53,173,GWqjF81M5h4,2026-09-06T05:44:55Z,commit:5c97d16a
Hawktail+Väsen | 2024-02-21 | Unless,"234 views, Mark's Memories",,False,INDIFFERENT,5:52,352,acP-6Ig2DNU,2026-09-06T05:39:03Z,commit:5c97d16a
Karma Police,Josh Cohen,Radiohead for Solo Piano,False,INDIFFERENT,5:44,344,oTOnZO0LdUA,2026-09-06T05:33:19Z,commit:5c97d16a
Paranoid Android,Josh Cohen,Radiohead for Solo Piano,False,INDIFFERENT,15:46,946,_XRjTm1MQB0,2026-09-06T05:17:33Z,commit:5c97d16a
Exit Music (For a Film),Josh Cohen,Radiohead for Solo Piano,False,LIKE,4:44,284,nXOpRd5-3Gw,2026-09-06T05:12:49Z,commit:5c97d16a
Everything in Its Right Place,Josh Cohen,Radiohead for Solo Piano,False,INDIFFERENT,6:17,377,NvwqRQ6ybIA,2026-09-06T05:06:32Z,commit:5c97d16a
Everything In Its Right Place (Instrumental),"Dj tahh, SAD",Everything In Its Right Place (Instrumental),False,LIKE,4:28,268,v2m9J8Z110I,2026-09-06T05:02:04Z,commit:5c97d16a
Brown Paper Bag,DIIV,Frog In Boiling Water,False,INDIFFERENT,4:25,265,Z4ttsP1Zf1k,2026-09-06T04:57:39Z,commit:5c97d16a
Favorite Son,Satellite Friend,Favorite Son,False,LIKE,4:23,263,Go0wsC-rRIo,2026-09-06T04:53:16Z,commit:5c97d16a
Unbroken Chain,Grateful Dead,From the Mars Hotel,False,LIKE,6:46,406,T5FN06LFfHk,2026-09-06T04:46:30Z,commit:5c97d16a
Favorite Son,Satellite Friend,Favorite Son,False,LIKE,4:23,263,Go0wsC-rRIo,2026-09-06T04:42:07Z,commit:5c97d16a
The Girl From Ipanema,Stan Getz,Getz/Gilberto,False,INDIFFERENT,5:25,325,N-TKOh0zsvU,2026-09-06T04:36:42Z,commit:5c97d16a
"Dear Mr. Fantasy (Live in New Jersey, April 1, 1988)",Grateful Dead,Road Trips Vol. 4 No. 2: April Fools '88 (Live),False,LIKE,4:21,261,F655kSbb9zo,2026-09-06T04:32:21Z,commit:5c97d16a
Do Right Woman,Chuck Darwin & the Knuckle Draggers,Three Car Pileup,False,INDIFFERENT,3:29,209,ADSYbRZM38k,2026-09-06T04:28:52Z,commit:5c97d16a
Too Long / Steam Machine,Daft Punk,Alive 2007,False,INDIFFERENT,7:02,422,ifJxwoDmQqY,2026-09-06T04:21:50Z,commit:5c97d16a
In Tall Buildings,John Hartford,Nobody Knows What You Do,False,INDIFFERENT,3:27,207,z7fhb-Y0jEc,2026-09-06T04:18:23Z,commit:5c97d16a
"High Tide, Storm Rising",Skinshape,"High Tide, Storm Rising",False,LIKE,3:57,237,2t1EiWjHFt8,2026-09-06T04:14:26Z,commit:5c97d16a
Taurus,Glass Beams,Mirage,False,INDIFFERENT,4:33,273,S6jgzL2Cjbc,2026-09-06T04:09:53Z,commit:5c97d16a
No Depression In Heaven,The Carter Family,"No Depression: What It Sounds Like, Vol. 1",False,INDIFFERENT,2:54,174,8H94GKe_h40,2026-09-06T04:06:59Z,commit:5c97d16a
Favorite Son,Satellite Friend,Favorite Son,False,LIKE,4:23,263,Go0wsC-rRIo,2026-09-06T04:02:36Z,commit:5c97d16a
Take a Good Look,Dan Penn,The Fame Recordings,False,INDIFFERENT,2:37,157,CjBzZ3OMemo,2026-09-06T03:59:59Z,commit:5c97d16a
I Need a Lot of Loving,Dan Penn,The Fame Recordings,False,INDIFFERENT,2:25,145,UNWKyOg-Heg,2026-09-06T03:57:34Z,commit:5c97d16a
The Thin Line,Dan Penn,The Fame Recordings,False,INDIFFERENT,2:11,131,WFBlhpSDhhw,2026-09-06T03:55:23Z,commit:5c97d16a
Unfair,Dan Penn,The Fame Recordings,False,INDIFFERENT,1:49,109,dvja0l2jUFg,2026-09-06T03:53:34Z,commit:5c97d16a
Rainbow Road,Dan Penn,The Fame Recordings,False,LIKE,2:48,168,ifoQOS-dHK0,2026-09-06T03:50:46Z,commit:5c97d16a
Come on Over,Dan Penn,The Fame Recordings,False,INDIFFERENT,2:24,144,LswDG9u0UhI,2026-09-06T03:48:22Z,commit:5c97d16a
Don't Lose Your Good Thing,Dan Penn,The Fame Recordings,False,INDIFFERENT,2:49,169,eqpSJFqwSDA,2026-09-06T03:45:33Z,commit:5c97d16a
Come into My Heart,Dan Penn,The Fame Recordings,False,INDIFFERENT,3:12,192,AXI2qkCf49U,2026-09-06T03:42:21Z,commit:5c97d16a
Uptight Good Woman,Dan Penn,The Fame Recordings,False,INDIFFERENT,2:28,148,oGn_pwWLHdU,2026-09-06T03:39:53Z,commit:5c97d16a
Far from the Maddening Crowd,Dan Penn,The Fame Recordings,False,INDIFFERENT,2:26,146,8il-tu0ix-4,2026-09-06T03:37:27Z,commit:5c97d16a
Feed the Flame,Dan Penn,The Fame Recordings,False,INDIFFERENT,2:18,138,8q24ELSDJBA,2026-09-06T03:35:09Z,commit:5c97d16a
Keep on Talking,Dan Penn,The Fame Recordings,False,INDIFFERENT,2:37,157,7nbzwZmbykg,2026-09-06T03:32:32Z,commit:5c97d16a
Trouble Me,"10,000 Maniacs",Blind Man's Zoo,False,INDIFFERENT,3:14,194,DPcK0sU3jEw,2026-09-06T03:29:18Z,commit:5c97d16a
More Than This,10000 Maniacs,Love Among The Ruins,False,INDIFFERENT,4:06,246,hYMTmm5wR3U,2026-09-06T03:25:12Z,commit:5c97d16a
These Are Days,"10,000 Maniacs",Our Time in Eden,False,INDIFFERENT,3:40,220,4TFYl4TjDY0,2026-09-06T03:21:32Z,commit:5c97d16a
Favorite Son,Satellite Friend,Favorite Son,False,LIKE,4:23,263,Go0wsC-rRIo,2026-09-06T03:17:09Z,commit:5c97d16a
It's Gonna Be (Alright),Ween,The Mollusk,False,LIKE,3:18,198,mYAdOvq9tKc,2026-09-06T03:13:51Z,commit:5c97d16a
"Piano Concerto No. 4 in A Major, BWV 1055: I. Allegro","David Fray, Johann Sebastian Bach","Bach: Piano Concertos, BWV 1052, 1055, 1056 & 1058",False,INDIFFERENT,4:04,244,K5Y9E11kxYc,2026-09-06T03:09:47Z,commit:5c97d16a
"Concerto for 4 Pianos in A Minor, BWV 1065: I. Allegro (feat. Audrey Vigoureux, Emmanuel Christien & Jacques Rouvier)","David Fray, Johann Sebastian Bach","Bach: Concertos for 2, 3 & 4 Pianos",False,LIKE,3:59,239,S0dXQ4DZPWw,2026-09-06T03:05:48Z,commit:5c97d16a
Pulaski at Night,Andrew Bird,I Want to See Pulaski at Night,False,INDIFFERENT,4:50,290,unnN2sloh6c,2026-09-06T03:00:58Z,commit:5c97d16a
You Left the Water Running,Dan Penn,The Fame Recordings,False,LIKE,2:20,140,43wJ0o2iFNA,2026-09-06T02:58:38Z,commit:5c97d16a
You Don't Miss Your Water (Mono) [2008 Remaster] (Mono; 2008 Remaster),Otis Redding,Otis Blue: Otis Redding Sings Soul (Collector's Edition),False,INDIFFERENT,3:07,187,GhP5i9d2luE,2026-09-06T02:55:31Z,commit:5c97d16a
You Left the Water Running,Otis Redding,Southern Soul #1: True Love Travels On A Gravel Road,False,LIKE,2:44,164,JRcdihWAqV4,2026-09-06T02:52:47Z,commit:5c97d16a
Scarlet Begonias (Alternate Mix),Grateful Dead,From the Mars Hotel: The Angel's Share,False,INDIFFERENT,4:28,268,W5Is5vYRPoM,2026-09-06T02:48:19Z,commit:5c97d16a
Evolve,Phish,Evolve,False,LIKE,4:13,253,Qbx7oNFmv-s,2026-09-06T02:44:06Z,commit:5c97d16a
Kamouraska,Loscil,Umbel,False,INDIFFERENT,6:35,395,mGvuBRAFKC8,2026-09-06T02:37:31Z,commit:5c97d16a
Favorite Son,Satellite Friend,Favorite Son,False,LIKE,4:23,263,Go0wsC-rRIo,2026-09-06T02:33:08Z,commit:5c97d16a
Starry Nights (feat. Neal Francis),Adrian Quesada,Jaguar Sound,False,LIKE,3:26,206,5uKc4C9T5ZQ,2026-09-06T02:29:42Z,commit:5c97d16a
Mahal,Glass Beams,Mahal,False,INDIFFERENT,3:22,202,Byzhrg7oW58,2026-09-06T02:26:20Z,commit:5c97d16a
Kalkutta,okuma,Urmel / Kalkutta,False,LIKE,8:31,511,RPM-NbDuHlM,2026-09-06T02:17:49Z,commit:5c97d16a
Kylie,Kerala Dust,Motions,False,LIKE,6:19,379,buLxWTViDq0,2026-09-06T02:11:30Z,commit:5c97d16a
"Brown Eyed Women (Live at Olympia Theatre, Paris, France 5/4/1972)",Grateful Dead,"Europe '72 Vol. 12: L'Olympia, Paris, France 5/4/72 (Live)",False,INDIFFERENT,5:25,325,ykt8K9J7uE0,2026-09-06T02:06:05Z,commit:5c97d16a
Run for the Roses,Jerry Garcia,Run for the Roses,False,INDIFFERENT,3:42,222,FMEtwoSzGW0,2026-09-06T02:02:23Z,commit:5c97d16a
Bouncing Around the Room,Phish,Lawn Boy,False,INDIFFERENT,3:56,236,VHQfg59Kp5Q,2026-09-06T01:58:27Z,commit:5c97d16a
"Mercenary Territory (Live at the Rainbow Theatre, London, UK, 8/2/1977)",Little Feat,Waiting for Columbus (Live Version; Deluxe Edition),False,INDIFFERENT,4:37,277,c9_GR8F75Ag,2026-09-06T01:53:50Z,commit:5c97d16a
Alabama Getaway,Grateful Dead,Go to Heaven,False,INDIFFERENT,3:37,217,rECwn6VcbnI,2026-09-06T01:50:13Z,commit:5c97d16a
My Sisters and Brothers (Live) (feat. Jerry Garcia Band),Jerry Garcia Band,Jerry Garcia Band,False,INDIFFERENT,4:18,258,asMZcBKCLhs,2026-09-06T01:45:55Z,commit:5c97d16a
Midnight Rider (Live),The Allman Brothers Band,Macon City Auditorium 2/11/72,False,INDIFFERENT,3:15,195,wHM2amMPDdc,2026-09-06T01:42:40Z,commit:5c97d16a
After Midnight,Merl Saunders & Friends,Fire Up +,False,INDIFFERENT,5:02,302,tQxtQmntiMw,2026-09-06T01:37:38Z,commit:5c97d16a
Till the Morning Comes,Grateful Dead,American Beauty,False,INDIFFERENT,3:09,189,2wUUc5oj_5M,2026-09-06T01:34:29Z,commit:5c97d16a
Cats Under The Stars (40th Anniversary Edition) (feat. Jerry Garcia Band),Jerry Garcia Band,Cats Under The Stars (40th Anniversary Edition),False,INDIFFERENT,5:29,329,BtThw9EKZ94,2026-09-06T01:29:00Z,commit:5c97d16a
"Statesboro Blues (Live At Fillmore East, March 13, 1971)",The Allman Brothers Band,At Fillmore East,False,INDIFFERENT,4:20,260,UovEQyL-csA,2026-09-06T01:24:40Z,commit:5c97d16a
Chalk Dust Torture,Phish,A Picture of Nectar,False,INDIFFERENT,4:35,275,pLCIIXIPr60,2026-09-06T01:20:05Z,commit:5c97d16a
Fire on the Mountain,Grateful Dead,Shakedown Street,False,INDIFFERENT,3:50,230,iOF2psD2uTk,2026-09-06T01:16:15Z,commit:5c97d16a
The Wheel,Jerry Garcia,Garcia,False,INDIFFERENT,4:04,244,cig82_aGmTg,2026-09-06T01:12:11Z,commit:5c97d16a
Ain't Wastin' Time No More,The Allman Brothers Band,Eat A Peach,False,INDIFFERENT,3:42,222,NVPGu1nn-SY,2026-09-06T01:08:29Z,commit:5c97d16a
Willin' (2023 Remaster),Little Feat,Sailin' Shoes (Deluxe Edition),False,INDIFFERENT,2:57,177,BDYm1nYe0y8,2026-09-06T01:05:32Z,commit:5c97d16a
Sugar Magnolia,Grateful Dead,American Beauty,False,INDIFFERENT,3:20,200,XKx3W-1XVM4,2026-09-06T01:02:12Z,commit:5c97d16a
Dreadful Wind And Rain,"David Grisman, Jerry Garcia",Shady Grove,False,INDIFFERENT,4:48,288,SybfYzby9UI,2026-09-06T00:57:24Z,commit:5c97d16a
Sweet Revenge,John Prine,Sweet Revenge,False,INDIFFERENT,2:42,162,F82syKGh2Ds,2026-09-06T00:54:42Z,commit:5c97d16a
"Fat Man in the Bathtub (Live at Lisner Auditorium, Washington, DC, 8/10/1977)",Little Feat,Waiting for Columbus (Live Version; Deluxe Edition),False,INDIFFERENT,4:54,294,BS1k205YA1s,2026-09-06T00:49:48Z,commit:5c97d16a
Shakedown Street,Grateful Dead,Shakedown Street,False,INDIFFERENT,5:01,301,I7hpKHPvRVQ,2026-09-06T00:44:47Z,commit:5c97d16a
Motorway,The Kinks,Everybody's in Show-Biz (Super Deluxe),False,INDIFFERENT,3:32,212,22V3NE35WpI,2026-09-06T00:41:15Z,commit:5c97d16a
"That's All Right, Mama (Live)","Bill Vitt, Jerry Garcia, John Kahn","Live At Keystone, Volume 2",False,INDIFFERENT,4:19,259,0Dnp04Ayunk,2026-09-06T00:36:56Z,commit:5c97d16a
Deal (Live) [2008 Remaster] (Live; 2008 Remaster),Grateful Dead,Dead Set (Live),False,INDIFFERENT,4:46,286,FFJscjNvUB4,2026-09-06T00:32:10Z,commit:5c97d16a
Ship of Fools,Grateful Dead,From the Mars Hotel,False,INDIFFERENT,5:29,329,CQP1NsbeYVg,2026-09-06T00:26:41Z,commit:5c97d16a
Money Money,Grateful Dead,From the Mars Hotel,False,INDIFFERENT,4:25,265,b-uhJyEdoOA,2026-09-06T00:22:16Z,commit:5c97d16a
Pride of Cucamonga,Grateful Dead,From the Mars Hotel,False,INDIFFERENT,4:18,258,Si_T0tUzLNU,2026-09-06T00:17:58Z,commit:5c97d16a
Scarlet Begonias,Grateful Dead,From the Mars Hotel,False,INDIFFERENT,4:20,260,xt4XAz2WZ3Y,2026-09-06T00:13:38Z,commit:5c97d16a
Loose Lucy,Grateful Dead,From the Mars Hotel,False,INDIFFERENT,3:26,206,hptwzSGZP34,2026-09-06T00:10:12Z,commit:5c97d16a
Unbroken Chain,Grateful Dead,From the Mars Hotel,False,LIKE,6:46,406,T5FN06LFfHk,2026-09-06T00:03:26Z,commit:5c97d16a
China Doll,Grateful Dead,From the Mars Hotel,False,INDIFFERENT,4:12,252,ESDvffE20Oc,2026-09-05T23:59:14Z,commit:5c97d16a
U.S. Blues,Grateful Dead,From the Mars Hotel,False,INDIFFERENT,4:41,281,-IBk5xk5Pec,2026-09-05T23:54:33Z,commit:5c97d16a
Peggy-O (Studio Outtake),Grateful Dead,Complete Studio Rarities Collection,False,INDIFFERENT,5:59,359,jb2M-1vFBz8,2026-09-05T23:48:34Z,commit:5c97d16a
The Man in Me,Bob Dylan,New Morning,False,INDIFFERENT,3:07,187,-y37njM09uc,2026-09-05T23:45:27Z,commit:5c97d16a
Spanish Pipedream,John Prine,John Prine,False,LIKE,2:42,162,ZkfqWEXdx-I,2026-09-05T23:42:45Z,commit:5c97d16a
The Harder They Come (Live),"Bill Vitt, Jerry Garcia, John Kahn, Merl Saunders","Live At Keystone, Volume 1",False,INDIFFERENT,6:22,382,Ckns613oo48,2026-09-05T23:36:23Z,commit:5c97d16a
Dupree's Diamond Blues,Grateful Dead,Aoxomoxoa,False,INDIFFERENT,3:35,215,YK3f4SwNCTk,2026-09-05T23:32:48Z,commit:5c97d16a
Stack-A-Lee,Dr. John,Dr. John's Gumbo,False,INDIFFERENT,3:30,210,fdKY7OAcvWw,2026-09-05T23:29:18Z,commit:5c97d16a
Loose Lucy,Grateful Dead,From the Mars Hotel,False,INDIFFERENT,3:26,206,hptwzSGZP34,2026-09-05T23:25:52Z,commit:5c97d16a
China Doll,Grateful Dead,From the Mars Hotel,False,INDIFFERENT,4:12,252,ESDvffE20Oc,2026-09-05T23:21:40Z,commit:5c97d16a
Unbroken Chain,Grateful Dead,From the Mars Hotel,False,LIKE,6:46,406,T5FN06LFfHk,2026-09-05T23:14:54Z,commit:5c97d16a
Pride of Cucamonga,Grateful Dead,From the Mars Hotel,False,INDIFFERENT,4:18,258,Si_T0tUzLNU,2026-09-05T23:10:36Z,commit:5c97d16a
It's Still Rock and Roll to Me,Billy Joel,Glass Houses,False,INDIFFERENT,2:57,177,lvlPoBduEe4,2026-09-05T23:07:39Z,commit:5c97d16a
Truckin',Grateful Dead,Skeletons from the Closet: The Best of the Grateful Dead,False,INDIFFERENT,5:07,307,i3AnvKoEA5M,2026-09-05T23:02:32Z,commit:5c97d16a
Time of the Season (Mono Version),The Zombies,Odessey and Oracle,False,INDIFFERENT,3:35,215,U8Ie9J2Eo5Q,2026-09-05T22:58:57Z,commit:5c97d16a
Piss up a Rope,Ween,12 Golden Country Greats,False,INDIFFERENT,3:34,214,CLPQznD11xU,2026-09-05T22:55:23Z,commit:5c97d16a
If I Had A Gun,The Dead Milkmen,Soul Rotation,False,INDIFFERENT,2:29,149,hJ32qvBJzhI,2026-09-05T22:52:54Z,commit:5c97d16a
Bitchin' Camaro,The Dead Milkmen,Big Lizard In My Backyard,False,INDIFFERENT,3:02,182,ZeY2nut3Gj8,2026-09-05T22:49:52Z,commit:5c97d16a
Final (Live Version - Rappel),Justice,A Cross The Universe,False,INDIFFERENT,2:56,176,wqxTUxphn8o,2026-09-05T22:46:56Z,commit:5c97d16a
Encore (Live Version - Rappel),Justice,A Cross The Universe,False,INDIFFERENT,1:08,68,avHgyRqbK9U,2026-09-05T22:45:48Z,commit:5c97d16a
Phantom Part 2 (Live Version),Justice,A Cross The Universe,False,INDIFFERENT,9:55,595,-bDgtxQvHC0,2026-09-05T22:35:53Z,commit:5c97d16a
Waters Of Nazareth (Live Version),Justice,A Cross The Universe,False,INDIFFERENT,6:47,407,GeleTOdrP6c,2026-09-05T22:29:06Z,commit:5c97d16a
We Are Your Friends (Reprise) (Live Version),Justice,A Cross The Universe,False,INDIFFERENT,3:43,223,RwawV855lQA,2026-09-05T22:25:23Z,commit:5c97d16a
Stress (Live Version),Justice,A Cross The Universe,False,INDIFFERENT,7:39,459,K-R3jt6wmtw,2026-09-05T22:17:44Z,commit:5c97d16a
Let There Be Lite (Live Version),Justice,A Cross The Universe,False,INDIFFERENT,3:26,206,96nFF5MqpRQ,2026-09-05T22:14:18Z,commit:5c97d16a
TTHHEE PPAARRTTYY (Live Version),Justice,A Cross The Universe,False,INDIFFERENT,2:47,167,gOCVNO2OeVI,2026-09-05T22:11:31Z,commit:5c97d16a
One Minute To Midnight (Live Version),Justice,A Cross The Universe,False,INDIFFERENT,3:53,233,Y5oNC5k7dw0,2026-09-05T22:07:38Z,commit:5c97d16a
Waters Of Nazareth (Prelude) (Live Version),Justice,A Cross The Universe,False,INDIFFERENT,2:15,135,KjNCI2uiCYw,2026-09-05T22:05:23Z,commit:5c97d16a
DVNO (Live Version),Justice,A Cross The Universe,False,INDIFFERENT,2:58,178,LbJnnfusdTI,2026-09-05T22:02:25Z,commit:5c97d16a
D.A.N.C.E Part 2 (Live Version),Justice,A Cross The Universe,False,INDIFFERENT,2:40,160,b3CB_uwC6ig,2026-09-05T21:59:45Z,commit:5c97d16a
D.A.N.C.E (Live Version),Justice,A Cross The Universe,False,INDIFFERENT,2:45,165,zvHkOJjoSTE,2026-09-05T21:57:00Z,commit:5c97d16a
Phantom Part 1.5 (Live Version),Justice,A Cross The Universe,False,INDIFFERENT,4:46,286,v3ReIIRWh44,2026-09-05T21:52:14Z,commit:5c97d16a
Phantom Part 1 (Live Version),Justice,A Cross The Universe,False,INDIFFERENT,2:51,171,uhTbpdhVL04,2026-09-05T21:49:23Z,commit:5c97d16a
Genesis (Live Version),Justice,A Cross The Universe,False,INDIFFERENT,7:20,440,wLayne_FyXg,2026-09-05T21:42:03Z,commit:5c97d16a
Turn Up the Silence,Shpongle,Nothing Lasts...But Nothing Is Lost,False,INDIFFERENT,3:22,202,_PKO734m9xw,2026-09-05T21:38:41Z,commit:5c97d16a
Molecular Superstructure,Shpongle,Nothing Lasts...But Nothing Is Lost,False,INDIFFERENT,4:47,287,AJpRuKRlX90,2026-09-05T21:33:54Z,commit:5c97d16a
I'll Fly Away,"Alison Krauss, Gillian Welch","O Brother, Where Art Thou? (Original Motion Picture Soundtrack)",False,LIKE,3:58,238,lFamN-oXRMQ,2026-09-05T21:29:56Z,commit:5c97d16a
I Hear Them All,Old Crow Medicine Show,Big Iron World,False,INDIFFERENT,3:04,184,l2VonU4siBE,2026-09-05T21:26:52Z,commit:5c97d16a
Steam Powered Aereo Plane,John Hartford,Aereo-Plain,False,INDIFFERENT,3:44,224,JtTmx30HNrk,2026-09-05T21:23:08Z,commit:5c97d16a
Whiskey In The Jar,"David Grisman, Jerry Garcia",Shady Grove,False,INDIFFERENT,4:16,256,Y2nkQQkjCU8,2026-09-05T21:18:52Z,commit:5c97d16a
Sweet Appalachia,Del McCoury Band,Family Circle,False,INDIFFERENT,3:41,221,GJr_fjr5vA4,2026-09-05T21:15:11Z,commit:5c97d16a
Molly And Tenbrooks,"Bobby Hicks, Doyle Lawson, J.D. Crowe, Jerry Douglas",The Bluegrass Album,False,LIKE,3:08,188,bxnPmtOJJU0,2026-09-05T21:12:03Z,commit:5c97d16a
I Ain't Broke But I'm Badly Bent,Old & In The Way,That High Lonesome Sound,False,INDIFFERENT,2:52,172,PjEBpLwarsM,2026-09-05T21:09:11Z,commit:5c97d16a
Pineywoods,Noam Pikelny,Beat the Devil and Carry a Rail,False,INDIFFERENT,2:16,136,Fcfw59_8E5s,2026-09-05T21:06:55Z,commit:5c97d16a
Bob McKinney (feat. Tim O'Brien),Noam Pikelny,Beat the Devil and Carry a Rail,False,INDIFFERENT,3:26,206,IrxHLn9dCHg,2026-09-05T21:03:29Z,commit:5c97d16a
Milford's Reel,Noam Pikelny,Beat the Devil and Carry a Rail,False,INDIFFERENT,3:44,224,gBLmQqcbu0k,2026-09-05T20:59:45Z,commit:5c97d16a
Day Down,Noam Pikelny,Beat the Devil and Carry a Rail,False,INDIFFERENT,2:19,139,JFlD9_MHoCY,2026-09-05T20:57:26Z,commit:5c97d16a
Bear Dog Grit (feat. Bryan Sutton & Chris Thile),Noam Pikelny,Beat the Devil and Carry a Rail,False,INDIFFERENT,3:56,236,iYcuK1h8cBc,2026-09-05T20:53:30Z,commit:5c97d16a
Boathouse on the Lullwater (feat. Jerry Douglas),Noam Pikelny,Beat the Devil and Carry a Rail,False,INDIFFERENT,4:47,287,tee3HJpsE3Q,2026-09-05T20:48:43Z,commit:5c97d16a
Cluck Old Hen (feat. Steve Martin),Noam Pikelny,Beat the Devil and Carry a Rail,False,INDIFFERENT,3:11,191,s1BiheI6WIA,2026-09-05T20:45:32Z,commit:5c97d16a
Fish and Bird (feat. Aoife O'Donovan),Noam Pikelny,Beat the Devil and Carry a Rail,False,INDIFFERENT,5:13,313,7cQRqq_FOnQ,2026-09-05T20:40:19Z,commit:5c97d16a
My Mother Thinks I'm a Lawyer,Noam Pikelny,Beat the Devil and Carry a Rail,False,LIKE,4:22,262,6scYUseAFwc,2026-09-05T20:35:57Z,commit:5c97d16a
Jim Thompson's Horse,Noam Pikelny,Beat the Devil and Carry a Rail,False,INDIFFERENT,4:02,242,_SNVo6wTHlM,2026-09-05T20:31:55Z,commit:5c97d16a
Shakey Shaker,Hallucinogen,The Lone Deranger,False,INDIFFERENT,6:23,383,k5Lv5tjyxzU,2026-09-05T20:25:32Z,commit:5c97d16a
Toca's Miracle (Radio Edit),Fragma,Toca (20th Anniversary Edition),False,INDIFFERENT,3:21,201,Tc4Y_CACf9c,2026-09-05T20:22:11Z,commit:5c97d16a
Never Look Back (Edit),Boris Brejcha,Never Look Back (Edit),False,INDIFFERENT,3:26,206,wybIjwtCcX0,2026-09-05T20:18:45Z,commit:5c97d16a
Yes! (Radio Edit),Steve Levi,Yes!,False,INDIFFERENT,3:51,231,wfnT3N5d60Y,2026-09-05T20:14:54Z,commit:5c97d16a
Dreamers of Black Hills (Blue Mix),Koan,The Way of One,False,INDIFFERENT,8:01,481,ZgOTdm9rBh4,2026-09-05T20:06:53Z,commit:5c97d16a
"Falling Awake (Remastered, 2019)",Shpongle,"Nothing Lasts...but Nothing Is Lost (Remastered, 2019)",False,INDIFFERENT,1:50,110,HZhkuLizI5o,2026-09-05T20:05:03Z,commit:5c97d16a
"The Nebbish Route (Remastered, 2019)",Shpongle,"Nothing Lasts...but Nothing Is Lost (Remastered, 2019)",False,INDIFFERENT,3:37,217,9YiUSC5Z9p0,2026-09-05T20:01:26Z,commit:5c97d16a
"Connoisseur of Hallucinations (Remastered, 2019)",Shpongle,"Nothing Lasts...but Nothing Is Lost (Remastered, 2019)",False,INDIFFERENT,3:32,212,MzotXrTsfmM,2026-09-05T19:57:54Z,commit:5c97d16a
"Exhalation (Remastered, 2019)",Shpongle,"Nothing Lasts...but Nothing Is Lost (Remastered, 2019)",False,INDIFFERENT,2:16,136,2qyB0n4weQU,2026-09-05T19:55:38Z,commit:5c97d16a
"Molecular Superstructure (Remastered, 2019)",Shpongle,"Nothing Lasts...but Nothing Is Lost (Remastered, 2019)",False,INDIFFERENT,4:48,288,co55sXN2pZQ,2026-09-05T19:50:50Z,commit:5c97d16a
"Invocation (Remastered, 2019)",Shpongle,"Nothing Lasts...but Nothing Is Lost (Remastered, 2019)",False,INDIFFERENT,2:40,160,bkKePUO34e0,2026-09-05T19:48:10Z,commit:5c97d16a
"Mentalism (Remastered, 2019)",Shpongle,"Nothing Lasts...but Nothing Is Lost (Remastered, 2019)",False,INDIFFERENT,2:55,175,n0HMFmv5JFI,2026-09-05T19:45:15Z,commit:5c97d16a
"Linguistic Mystic (Remastered, 2019)",Shpongle,"Nothing Lasts...but Nothing Is Lost (Remastered, 2019)",False,INDIFFERENT,1:36,96,hPap-XnmXSQ,2026-09-05T19:43:39Z,commit:5c97d16a
"Circuits of the Imagination (Remastered, 2019)",Shpongle,"Nothing Lasts...but Nothing Is Lost (Remastered, 2019)",False,INDIFFERENT,3:13,193,Yc_diPpoyCc,2026-09-05T19:40:26Z,commit:5c97d16a
"The Stamen of the Shamen (Remastered, 2019)",Shpongle,"Nothing Lasts...but Nothing Is Lost (Remastered, 2019)",False,INDIFFERENT,4:11,251,4Xsa5f_EHiM,2026-09-05T19:36:15Z,commit:5c97d16a
"When Shall I be Free? (Remastered, 2019)",Shpongle,"Nothing Lasts...but Nothing Is Lost (Remastered, 2019)",False,INDIFFERENT,4:38,278,eyiraxmXJOw,2026-09-05T19:31:37Z,commit:5c97d16a
"Shnitzled in the Negev (Remastered, 2019)",Shpongle,"Nothing Lasts...but Nothing Is Lost (Remastered, 2019)",False,INDIFFERENT,4:18,258,Jh_Zpg1bveE,2026-09-05T19:27:19Z,commit:5c97d16a
"Nothing Lasts... (Remastered, 2019)",Shpongle,"Nothing Lasts...but Nothing Is Lost (Remastered, 2019)",False,INDIFFERENT,4:29,269,QFdxyi6O528,2026-09-05T19:22:50Z,commit:5c97d16a
"Schmaltz Herring (Remastered, 2019)",Shpongle,"Nothing Lasts...but Nothing Is Lost (Remastered, 2019)",False,INDIFFERENT,2:21,141,e65V3byiJa0,2026-09-05T19:20:29Z,commit:5c97d16a
"Periscopes of Consciousness (Remastered, 2019)",Shpongle,"Nothing Lasts...but Nothing Is Lost (Remastered, 2019)",False,INDIFFERENT,1:54,114,J4-ft9TGcLA,2026-09-05T19:18:35Z,commit:5c97d16a
"Outer Shpongolia (Remastered, 2019)",Shpongle,"Nothing Lasts...but Nothing Is Lost (Remastered, 2019)",False,INDIFFERENT,2:33,153,imJdPOsWe2M,2026-09-05T19:16:02Z,commit:5c97d16a
"Botanical Dimensions (Remastered, 2019)",Shpongle,"Nothing Lasts...but Nothing Is Lost (Remastered, 2019)",False,INDIFFERENT,4:38,278,9Y5vx7VaPP4,2026-09-05T19:11:24Z,commit:5c97d16a
"...But Nothing Is Lost (Remastered, 2019)",Shpongle,"Nothing Lasts...but Nothing Is Lost (Remastered, 2019)",False,INDIFFERENT,4:39,279,B00_0aJxSu4,2026-09-05T19:06:45Z,commit:5c97d16a
Minca,Yeahman,Confluencias I: Selva,False,INDIFFERENT,4:07,247,kaWsrs0Jn3o,2026-09-05T19:02:38Z,commit:5c97d16a
Tankwa Town,Oliver Koletzki,The Arc of Tension,False,LIKE,7:34,454,2oG0Bu5AYyc,2026-09-05T18:55:04Z,commit:5c97d16a
Society,Wanduta,Melissa,False,INDIFFERENT,6:03,363,eoTmVXX80WM,2026-09-05T18:49:01Z,commit:5c97d16a
Fool,iorie,Fool,False,INDIFFERENT,7:49,469,pMKEaqy3BDQ,2026-09-05T18:41:12Z,commit:5c97d16a
Gato Negro (Daniel Hokum & okuma Remix),Klik & Frik,Gato Negro (Daniel Hokum & Okuma Remix),False,INDIFFERENT,6:36,396,rj38Kn1dzQk,2026-09-05T18:34:36Z,commit:5c97d16a
Triptych Vision (MoM & Anut Remix),Hrag Mikkel,Mirroring Responses,False,INDIFFERENT,8:09,489,UQxjnSHAISY,2026-09-05T18:26:27Z,commit:5c97d16a
Nicola Cruz Boiler Room Tulum x Comunite Live Set,"13M views, Boiler Room",,False,LIKE,50:34,3034,BcJCNLgEsHs,2026-09-05T17:35:53Z,commit:5c97d16a
Drinkin' Whiskey Tonight,Pokey LaFarge,Middle of Everywhere,False,LIKE,2:53,173,GWqjF81M5h4,2026-09-05T17:33:00Z,commit:5c97d16a
Weedwacker Rag,Pokey LaFarge,Middle of Everywhere,False,LIKE,2:28,148,2BBCzTlZc0w,2026-09-05T17:30:32Z,commit:5c97d16a
Coffee Pot Blues,Pokey LaFarge,Middle of Everywhere,False,INDIFFERENT,4:02,242,VCUoZR7xVXE,2026-09-05T17:26:30Z,commit:5c97d16a
Good Country Girls,Pokey LaFarge,Middle of Everywhere,False,INDIFFERENT,3:13,193,Td0X2vdJ6sc,2026-09-05T17:23:17Z,commit:5c97d16a
Drinkin' Whiskey Tonight,Pokey LaFarge,Middle of Everywhere,False,LIKE,2:53,173,GWqjF81M5h4,2026-09-05T17:20:24Z,commit:5c97d16a
Feels So Good,Pokey LaFarge,Middle of Everywhere,False,INDIFFERENT,2:56,176,92VVSFzssdc,2026-09-05T17:17:28Z,commit:5c97d16a
Shenandoah River,Pokey LaFarge,Middle of Everywhere,False,INDIFFERENT,2:41,161,tbQuS-8xh0A,2026-09-05T17:14:47Z,commit:5c97d16a
Sunny Side of the Street,Pokey LaFarge,Middle of Everywhere,False,INDIFFERENT,2:50,170,5yAfy230Wmc,2026-09-05T17:11:57Z,commit:5c97d16a
Head to Toe,Pokey LaFarge,Middle of Everywhere,False,INDIFFERENT,2:33,153,-wgN0BQsWqc,2026-09-05T17:09:24Z,commit:5c97d16a
Ain't The Same,Pokey LaFarge,Middle of Everywhere,False,INDIFFERENT,3:19,199,DR8Nw7B4Gto,2026-09-05T17:06:05Z,commit:5c97d16a
"So Long Honeybee, Goodbye",Pokey LaFarge,Middle of Everywhere,False,INDIFFERENT,3:07,187,_WbXnLx3YSM,2026-09-05T17:02:58Z,commit:5c97d16a
Beneath the Piano,The Devil Makes Three,The Devil Makes Three,False,INDIFFERENT,2:34,154,JpcRy_iiMsc,2026-09-05T17:00:24Z,commit:5c97d16a
Transitions,Ween,Shinola (Vol. 1),False,INDIFFERENT,3:46,226,Nvwbrgz6K7U,2026-09-05T16:56:38Z,commit:5c97d16a
Lola (2020 Stereo Remaster),The Kinks,"Lola Versus Powerman and the Moneygoround, Pt. 1",False,INDIFFERENT,4:02,242,SJPCeUAV23I,2026-09-05T16:52:36Z,commit:5c97d16a
Fat Man in the Bathtub (2023 Remaster),Little Feat,Dixie Chicken (Deluxe Edition),False,LIKE,4:33,273,f3DPIzTjU_8,2026-09-05T16:48:03Z,commit:5c97d16a
Stay Forever (Live),Ween,All Request Live,False,INDIFFERENT,3:36,216,DDadE12rlug,2026-09-05T16:44:27Z,commit:5c97d16a
Falling Out,Ween,White Pepper,False,LIKE,2:29,149,8o19PCXwm6c,2026-09-05T16:41:58Z,commit:5c97d16a
Bananas and Blow,Ween,White Pepper,False,INDIFFERENT,3:35,215,IWrYNcv7fPk,2026-09-05T16:38:23Z,commit:5c97d16a
Stay Forever,Ween,White Pepper,False,INDIFFERENT,3:33,213,POvewep_wPQ,2026-09-05T16:34:50Z,commit:5c97d16a
I Hope You Have Learned,The Tony Rice Unit,Manzanita,False,LIKE,2:35,155,3nMjcmJ8jb8,2026-09-05T16:32:15Z,commit:5c97d16a
Grandpa Was a Carpenter,John Prine,Souvenirs,False,INDIFFERENT,2:53,173,7USuYEnJ214,2026-09-05T16:29:22Z,commit:5c97d16a
No Expectations,John Hartford,Gum Tree Canoe,False,INDIFFERENT,4:02,242,TYdmRDw2wrY,2026-09-05T16:25:20Z,commit:5c97d16a
Whayasay,Sam Bush,Glamour And Grits,False,INDIFFERENT,6:09,369,EAoav9ZYx2c,2026-09-05T16:19:11Z,commit:5c97d16a
Orphan Annie,Tony Rice,Church Street Blues,False,INDIFFERENT,2:51,171,ZmXq6rc9Z-U,2026-09-05T16:16:20Z,commit:5c97d16a
Will You Be Loving Another Man?,Bill Monroe & his Blue Grass Boys,The Essential Bill Monroe (1945-1949),False,INDIFFERENT,2:52,172,qFSOqiUxdtk,2026-09-05T16:13:28Z,commit:5c97d16a
Corn Cob Blues,John Hartford,Looks at Life,False,INDIFFERENT,2:34,154,ASwjpIzbtHo,2026-09-05T16:10:54Z,commit:5c97d16a
Two Hits And The Joint Turned Brown,Dillard/Hartford/Dillard,Glitter Grass From The Nashwood Hollyville Strings / Permanent Wave,False,INDIFFERENT,3:16,196,x4WaTnYp5n0,2026-09-05T16:07:38Z,commit:5c97d16a
Last Thing On My Mind,Tony Rice,Church Street Blues,False,INDIFFERENT,3:19,199,W-PQ766cTYA,2026-09-05T16:04:19Z,commit:5c97d16a
"Roll On Buddy, Roll On",Sam Bush,Circles Around Me,False,INDIFFERENT,2:42,162,wY99rbfVqQA,2026-09-05T16:01:37Z,commit:5c97d16a
Let Him Go on Mama,John Hartford,Mark Twang,False,LIKE,3:50,230,GyUxFhVsW2A,2026-09-05T15:57:47Z,commit:5c97d16a
A Deeper Shade Of Blue,Del McCoury,A Deeper Shade Of Blue,False,INDIFFERENT,2:33,153,R_GXZq4ENOI,2026-09-05T15:55:14Z,commit:5c97d16a
Little Sadie,The Tony Rice Unit,Manzanita,False,INDIFFERENT,2:47,167,52m1GVC_H6k,2026-09-05T15:52:27Z,commit:5c97d16a
You Are My Sunshine,Norman Blake,"O Brother, Where Art Thou? (Original Motion Picture Soundtrack)",False,INDIFFERENT,4:28,268,At4Kccy9Zog,2026-09-05T15:47:59Z,commit:5c97d16a
Little Piece of My Heart,John Hartford,Gum Tree Canoe,False,INDIFFERENT,3:11,191,9Kwd67cZhko,2026-09-05T15:44:48Z,commit:5c97d16a
Same Kind of Crazy,Del McCoury Band,It's Just the Night,False,INDIFFERENT,2:49,169,SioXsX4Ugcc,2026-09-05T15:41:59Z,commit:5c97d16a
Early Morning Rain,Tony Rice,Me & My Guitar,False,INDIFFERENT,3:11,191,xtYFDNWGNBo,2026-09-05T15:38:48Z,commit:5c97d16a
Old & In The Way Breakdown,Old & In The Way,Breakdown,False,INDIFFERENT,3:48,228,9C4zq3i0-_8,2026-09-05T15:35:00Z,commit:5c97d16a
Symphony Hall Rag,John Hartford,Aereo-Plain,False,INDIFFERENT,2:49,169,py8t_OXaI4Y,2026-09-05T15:32:11Z,commit:5c97d16a
"Worried Blues (feat. Merle Watson, Marty Stuart, T. Michael Coleman & Alan O'Bryant)","Doc Watson, Merle Watson",Home Sweet Home,False,INDIFFERENT,2:52,172,NirZBUxw1MQ,2026-09-05T15:29:19Z,commit:5c97d16a
Shadows,Tony Rice,Native American,False,INDIFFERENT,3:44,224,pWIidAZXz_M,2026-09-05T15:25:35Z,commit:5c97d16a
This Old World,Billy Strings,Renewal,False,INDIFFERENT,3:55,235,gqk9Q4aGFUA,2026-09-05T15:21:40Z,commit:5c97d16a
The Girl I left Behind Me,John Hartford,Goin Back to Dixie,False,INDIFFERENT,2:50,170,ho--xC7KKXo,2026-09-05T15:18:50Z,commit:5c97d16a
Old Home Place,J.D. Crowe & The New South,J.D. Crowe & the New South,False,INDIFFERENT,2:49,169,LXA3UGcbZFI,2026-09-05T15:16:01Z,commit:5c97d16a
Gold Rush,The Tony Rice Unit,Unit Of Measure,False,INDIFFERENT,3:03,183,eIQpNHuH7r0,2026-09-05T15:12:58Z,commit:5c97d16a
I'm Afraid I Forgot the Feeling,Del McCoury Band,It's Just the Night,False,INDIFFERENT,3:16,196,LEqRgEq0NhU,2026-09-05T15:09:42Z,commit:5c97d16a
Old Time River Man,John Hartford,Down On The River,False,INDIFFERENT,3:38,218,4o7_A-4vGz0,2026-09-05T15:06:04Z,commit:5c97d16a
Rosalie McFall,Grateful Dead,Reckoning (Live),False,INDIFFERENT,2:54,174,pTE8JgDpcmw,2026-09-05T15:03:10Z,commit:5c97d16a
"Fare Thee Well (feat. Jerry Douglas, Todd Phillips, Bobby Hicks & Larry Rice)",Tony Rice,Cold On The Shoulder,False,INDIFFERENT,3:22,202,-pJMutbp_vw,2026-09-05T14:59:48Z,commit:5c97d16a
Hangman's Reel,Bryan Sutton,Country Rags and Reels,False,LIKE,3:04,184,mH0bLtkPoXM,2026-09-05T14:56:44Z,commit:5c97d16a
Old Joe Clark,John Hartford,Morning Bugle,False,LIKE,5:54,354,2yneC-iAHWM,2026-09-05T14:50:50Z,commit:5c97d16a
Ripple,Grateful Dead,What a Long Strange Trip It's Been: The Best of the Grateful Dead,False,INDIFFERENT,4:11,251,TEp6TSPQP48,2026-09-05T14:46:39Z,commit:5c97d16a
"Likes Of Me (feat. Vassar Clements, Jerry Douglas, Todd Phillips & Sam Bush)",Tony Rice,Cold On The Shoulder,False,LIKE,2:56,176,oZpYMddziuA,2026-09-05T14:43:43Z,commit:5c97d16a
Whiskey In The Jar (Master Takes),"David Grisman, Jerry Garcia","Bare Bones, Vol. 1: The Duo Recordings (Master Takes)",False,INDIFFERENT,4:22,262,6VedBW4fAiw,2026-09-05T14:39:21Z,commit:5c97d16a
My Rag,John Hartford,Morning Bugle,False,INDIFFERENT,3:42,222,QBZFebgYU_I,2026-09-05T14:35:39Z,commit:5c97d16a
Fiddler's Dram / Whiskey Before Breakfast,Norman Blake,Whiskey Before Breakfast,False,INDIFFERENT,3:34,214,wJVEohgugU4,2026-09-05T14:32:05Z,commit:5c97d16a
I've Waited As Long As I Can,Tony Rice,Tony Rice Plays And Sings Bluegrass,False,INDIFFERENT,3:00,180,ywMZPHqldCo,2026-09-05T14:29:05Z,commit:5c97d16a
The Mountain,"Steve Earle, The Del McCoury Band",The Mountain,False,INDIFFERENT,4:44,284,pIFPqTjRlCA,2026-09-05T14:24:21Z,commit:5c97d16a
The Boys from North Carolina,John Hartford,Goin Back to Dixie,False,INDIFFERENT,3:24,204,WNFgaLVqGHE,2026-09-05T14:20:57Z,commit:5c97d16a
Old Time Medley,"David Grisman, Sam Bush","Hold On, We're Strummin'",False,INDIFFERENT,3:42,222,kMMjgSNt_L0,2026-09-05T14:17:15Z,commit:5c97d16a
I'm Comin' Back But I Don't Know When,"Norman Blake, Tony Rice",Blake & Rice,False,INDIFFERENT,2:44,164,wLgO_Xh5o98,2026-09-05T14:14:31Z,commit:5c97d16a
Rather Low,Nick Shoulders,"Okay, Crawdad",False,INDIFFERENT,3:01,181,wj4yGwsgPFE,2026-09-05T14:11:30Z,commit:5c97d16a
You Don't Have to Do That,John Hartford,Nobody Knows What You Do,False,LIKE,2:38,158,h3SwkuG9SnU,2026-09-05T14:08:52Z,commit:5c97d16a
Chase the Feeling,The Devil Makes Three,Redemption & Ruin,False,INDIFFERENT,3:35,215,3gKPXsiJpvA,2026-09-05T14:05:17Z,commit:5c97d16a
Ginseng Sullivan,Norman Blake,Back Home In Sulphur Springs,False,INDIFFERENT,3:32,212,ibLVhYTyWLQ,2026-09-05T14:01:45Z,commit:5c97d16a
"Me & My Uncle (Live at The Fillmore East, New York, NY, April 29, 1971) [2021 Remaster]",Grateful Dead,Grateful Dead (Skull & Roses) [2021 Remaster] (Live),False,INDIFFERENT,3:04,184,trJcxc55YvM,2026-09-05T13:58:41Z,commit:5c97d16a
Goin Back to Dixie,John Hartford,Goin Back to Dixie,False,INDIFFERENT,3:39,219,qeTYzXOyNac,2026-09-05T13:55:02Z,commit:5c97d16a
Revenuer's Blues,Del McCoury Band,Family Circle,False,INDIFFERENT,2:44,164,D24hm79fjJc,2026-09-05T13:52:18Z,commit:5c97d16a
Bringing In The Georgia Mail,Sam Bush,Laps In Seven,False,INDIFFERENT,3:58,238,E3p_RUqhp9w,2026-09-05T13:48:20Z,commit:5c97d16a
New River Train,"Norman Blake, Tony Rice",Blake & Rice,False,INDIFFERENT,3:27,207,Dm-688NeZq0,2026-09-05T13:44:53Z,commit:5c97d16a
Joseph's Dream,John Hartford,Nobody Knows What You Do,False,INDIFFERENT,4:25,265,7hTvyV7Qc-g,2026-09-05T13:40:28Z,commit:5c97d16a
Man Can't Live on Bread Alone,Del McCoury Band,It's Just the Night,False,INDIFFERENT,2:41,161,mRL5d7XRo4o,2026-09-05T13:37:47Z,commit:5c97d16a
Landslide,Fleetwood Mac,Fleetwood Mac,False,INDIFFERENT,3:20,200,k4M53xndqiU,2026-09-05T13:34:27Z,commit:5c97d16a
Please Don't Bury Me,John Prine,Souvenirs,False,INDIFFERENT,3:07,187,PG2D1zsMvqk,2026-09-05T13:31:20Z,commit:5c97d16a
I'm Still Here,John Hartford,Gum Tree Canoe,False,LIKE,3:25,205,edpCYeZi9lw,2026-09-05T13:27:55Z,commit:5c97d16a
Homer the Roamer,The John Hartford String Band,Memories of John,False,INDIFFERENT,4:18,258,JNBZRgZ0O54,2026-09-05T13:23:37Z,commit:5c97d16a
High On A Mountain,"Del McCoury, The Dixie Pals",High On A Mountain,False,INDIFFERENT,2:52,172,eNQNVuw0i6I,2026-09-05T13:20:45Z,commit:5c97d16a
Less & Less,Tim O'Brien,Traveler,False,INDIFFERENT,3:26,206,R8Gv6A2_BFI,2026-09-05T13:17:19Z,commit:5c97d16a
All Fall Down,John Hartford,Morning Bugle,False,INDIFFERENT,3:16,196,ZvP7jNl5pJk,2026-09-05T13:14:03Z,commit:5c97d16a
Whippersnapper,Bryan Sutton,Bluegrass Guitar,False,INDIFFERENT,3:15,195,MCV6FUAiQrc,2026-09-05T13:10:48Z,commit:5c97d16a
The Cold Hard Facts,The Del McCoury Band,The Cold Hard Facts,False,INDIFFERENT,2:48,168,QrM78wVrZaY,2026-09-05T13:08:00Z,commit:5c97d16a
Jackaroo,"David Grisman, Jerry Garcia",Shady Grove,False,LIKE,4:02,242,GfhrQsMLdY0,2026-09-05T13:03:58Z,commit:5c97d16a
If I Should Wander Back Tonight,"John Hartford, Tony Rice, Vassar Clements",Hartford Rice and Clements,False,INDIFFERENT,3:50,230,rWek-GkaACA,2026-09-05T13:00:08Z,commit:5c97d16a
The High Road,Bryan Sutton,Bluegrass Guitar,False,INDIFFERENT,3:33,213,pVlhAdzI8bk,2026-09-05T12:56:35Z,commit:5c97d16a
The Wandering Boy,The Stanley Brothers,The Complete Columbia Stanley Brothers,False,INDIFFERENT,2:31,151,YDXJk173HKs,2026-09-05T12:54:04Z,commit:5c97d16a
The Hobo Song,Old & In The Way,Breakdown,False,INDIFFERENT,4:58,298,-wq8S7fw-JQ,2026-09-05T12:49:06Z,commit:5c97d16a
When Guiding Star Came to Tell City,John Hartford,No End of Love,False,INDIFFERENT,5:27,327,tHaQWUItTjc,2026-09-05T12:43:39Z,commit:5c97d16a
Remember The Cross,Bill Monroe & his Blue Grass Boys,The Essential Bill Monroe (1945-1949),False,INDIFFERENT,3:02,182,_2VwS-35CkY,2026-09-05T12:40:37Z,commit:5c97d16a
Columbus Stockade Blues,"Doc Watson, Richard Watson",Third Generation Blues,False,INDIFFERENT,3:32,212,rVAXyZCbFdI,2026-09-05T12:37:05Z,commit:5c97d16a
Vamp In The Middle,New Grass Revival,When The Storm Is Over / Fly Through The Country,False,INDIFFERENT,3:48,228,d_B8kIyW2VM,2026-09-05T12:33:17Z,commit:5c97d16a
I Wonder Where You Are Tonight,John Hartford,Goin Back to Dixie,False,INDIFFERENT,3:21,201,b5Gy7KDFXV4,2026-09-05T12:29:56Z,commit:5c97d16a
Thunderstorms and Neon Signs,Wayne Hancock,Thunderstorms and Neon Signs,False,INDIFFERENT,3:43,223,4Sx2PtajajU,2026-09-05T12:26:13Z,commit:5c97d16a
Mountain Song,Larry Keel,Journey,False,INDIFFERENT,3:31,211,kJoX888WHOc,2026-09-05T12:22:42Z,commit:5c97d16a
Lost Highway,Hank Williams,Hank 100: Greatest Radio Hits,False,INDIFFERENT,3:06,186,64fPGh6_its,2026-09-05T12:19:36Z,commit:5c97d16a
Streetcar,John Hartford,Morning Bugle,False,INDIFFERENT,3:57,237,zyqFipU8JkE,2026-09-05T12:15:39Z,commit:5c97d16a
Ralph's Banjo Special,"David Grisman, Sam Bush","Hold On, We're Strummin'",False,INDIFFERENT,3:05,185,YL5ke6STQqM,2026-09-05T12:12:34Z,commit:5c97d16a
The Girl I Left In Sunny Tennessee,Norman Blake,Whiskey Before Breakfast,False,INDIFFERENT,2:54,174,aa7SBP-0AX4,2026-09-05T12:09:40Z,commit:5c97d16a
On And On,Tony Rice,Tony Rice Plays And Sings Bluegrass,False,INDIFFERENT,3:08,188,CLG5yE99qmo,2026-09-05T12:06:32Z,commit:5c97d16a
I Wish We Had Our Time Again,John Hartford,Down On The River,False,INDIFFERENT,2:55,175,1TfcBG86NPg,2026-09-05T12:03:37Z,commit:5c97d16a
Roving Gambler,"Hart Valley Drifters, Jerry Garcia",Folk Time,False,INDIFFERENT,3:46,226,neEITdyxvxQ,2026-09-05T11:59:51Z,commit:5c97d16a
Cumberland Blues,Grateful Dead,Workingman's Dead,False,INDIFFERENT,3:18,198,Sd7ckqwjuvI,2026-09-05T11:56:33Z,commit:5c97d16a
Hand Me Down My Walking Cane,Norman Blake,Whiskey Before Breakfast,False,INDIFFERENT,3:28,208,dKQrqDze6kY,2026-09-05T11:53:05Z,commit:5c97d16a
Gentle On My Mind,John Hartford,Earthwords & Music,False,INDIFFERENT,3:03,183,rEvFQZkd688,2026-09-05T11:50:02Z,commit:5c97d16a
Toy Heart,"Bobby Hicks, Doyle Lawson, J.D. Crowe, Jerry Douglas",The Bluegrass Album,False,INDIFFERENT,3:03,183,Wg3NX9_qMe8,2026-09-05T11:46:59Z,commit:5c97d16a
My Home's Across The Blue Ridge Mountains,The Bluegrass Album Band,"The Bluegrass Album, Vol. 5: Sweet Sunny South",False,INDIFFERENT,2:43,163,99oMxsT7Hzo,2026-09-05T11:44:16Z,commit:5c97d16a
Down Home Summertime Blues,Norman Blake,Back Home In Sulphur Springs,False,INDIFFERENT,3:42,222,UeMtGClXltY,2026-09-05T11:40:34Z,commit:5c97d16a
Bye Bye,John Hartford,Morning Bugle,False,INDIFFERENT,3:21,201,hi_WBzVlN4c,2026-09-05T11:37:13Z,commit:5c97d16a
Church Street Blues,Tony Rice,Church Street Blues,False,INDIFFERENT,3:09,189,UHYkvDo2rXc,2026-09-05T11:34:04Z,commit:5c97d16a
In Dreams,Sierra Ferrell,In Dreams,False,INDIFFERENT,2:42,162,geDSalt-_gA,2026-09-05T11:31:22Z,commit:5c97d16a
Little Joe,Norman Blake,Back Home In Sulphur Springs,False,INDIFFERENT,2:50,170,jIQJMe_oc-c,2026-09-05T11:28:32Z,commit:5c97d16a
Steamboat Whistle Blues,John Hartford,Aereo-Plain,False,INDIFFERENT,3:26,206,1qNS_QB76WU,2026-09-05T11:25:06Z,commit:5c97d16a
Get No Better,Dillard/Hartford/Dillard,Glitter Grass From The Nashwood Hollyville Strings / Permanent Wave,False,INDIFFERENT,3:31,211,oZlWXgO5CVQ,2026-09-05T11:21:35Z,commit:5c97d16a
California Sober (feat. Willie Nelson),Billy Strings,California Sober,False,LIKE,3:51,231,AmxvLgvc8IE,2026-09-05T11:17:44Z,commit:5c97d16a
Back Up And Push,Bryan Sutton,Bluegrass Guitar,False,INDIFFERENT,3:27,207,Mog6qzZ5tRA,2026-09-05T11:14:17Z,commit:5c97d16a
Dig A Hole,John Hartford,Steam Powered Aereo-Takes,False,INDIFFERENT,4:15,255,K1fAEbxGHdA,2026-09-05T11:10:02Z,commit:5c97d16a
You'll Find Her Name Written There,Del McCoury,Don't Stop The Music,False,INDIFFERENT,3:42,222,CVNE1fSSc-c,2026-09-05T11:06:20Z,commit:5c97d16a
Georgie,"Norman Blake, Tony Rice",Norman Blake & Tony Rice 2,False,INDIFFERENT,2:49,169,K-IgZJ1KA0Y,2026-09-05T11:03:31Z,commit:5c97d16a
Crusher And Hoss,"David Grisman, Sam Bush","Hold On, We're Strummin'",False,INDIFFERENT,2:59,179,qYSB-6F2enQ,2026-09-05T11:00:32Z,commit:5c97d16a
Late Last Night My Willie Came Home,John Hartford,Morning Bugle,False,INDIFFERENT,3:18,198,yT2WVXB5toE,2026-09-05T10:57:14Z,commit:5c97d16a
Howard Hughes' Blues,John Hartford,Morning Bugle,False,INDIFFERENT,2:52,172,u4S0OzdpQfE,2026-09-05T10:54:22Z,commit:5c97d16a
Quartz,Regent,Amber,False,INDIFFERENT,4:58,298,Rw2UXG6WebU,2026-09-05T10:49:24Z,commit:5c97d16a
Around the World (Radio Edit),Daft Punk,Around the World,False,INDIFFERENT,4:02,242,ARfJ55bUAw0,2026-09-05T10:45:22Z,commit:5c97d16a
Away,Dole & Kom,Buddha Bar XVIII,False,INDIFFERENT,4:07,247,2-OI5XCtquY,2026-09-05T10:41:15Z,commit:5c97d16a
Don't Stop Me Now,Queen,Jazz (Deluxe Remastered Version),False,LIKE,3:30,210,DxQK_ARQmMY,2026-09-05T10:37:45Z,commit:5c97d16a
Lazy Days,The Byrds,Sweetheart Of The Rodeo,False,INDIFFERENT,3:27,207,AMuaaUPBDuQ,2026-09-05T10:34:18Z,commit:5c97d16a
Astral Pancakes (Remastered 2024),Hallucinogen,The Singles (Remastered 2024),False,INDIFFERENT,8:03,483,ci3FiZM7_mg,2026-09-05T10:26:15Z,commit:5c97d16a
"J.S. Bach: Concerto in D Minor, BWV 974: II. Adagio","Johann Sebastian Bach, Víkingur Ólafsson","J.S. Bach: Concerto in D Minor, BWV 974, 2. Adagio",False,INDIFFERENT,4:11,251,uEoqrG7lIJI,2026-09-05T10:22:04Z,commit:5c97d16a
"J.S. Bach: Organ Sonata No. 4, BWV 528: II. Andante [Adagio] (Transcr. by August Stradal)","Johann Sebastian Bach, Víkingur Ólafsson",Johann Sebastian Bach,False,INDIFFERENT,5:27,327,6mymWYonUUs,2026-09-05T10:16:37Z,commit:5c97d16a
Angelic Particles (Buckminster Fullerine Mix),Hallucinogen,In Dub mixed by Ott,False,INDIFFERENT,10:26,626,lbRvvuBT5j0,2026-09-05T10:06:11Z,commit:5c97d16a
L.S.D. (World Sheet of Closed String Mix),Hallucinogen,In Dub mixed by Ott,False,INDIFFERENT,9:20,560,KkaRxlZX1IQ,2026-09-05T09:56:51Z,commit:5c97d16a
Spiritual Antiseptic (Minty Fresh Confidence Mix),Hallucinogen,In Dub mixed by Ott,False,INDIFFERENT,8:17,497,ImLxBc8kSzQ,2026-09-05T09:48:34Z,commit:5c97d16a
Gamma Goblins (Its Turtles All the Way Down Mix),Hallucinogen,In Dub mixed by Ott,False,INDIFFERENT,10:54,654,DTbsgsi96Oc,2026-09-05T09:37:40Z,commit:5c97d16a
Solstice (Warwick Basmonkey Mix),Hallucinogen,In Dub mixed by Ott,False,INDIFFERENT,9:00,540,kgCH-9lbOdU,2026-09-05T09:28:40Z,commit:5c97d16a
Mi-Loony-Um (A Floating Butterfly Stings Like a Bee Mix),Hallucinogen,In Dub mixed by Ott,False,INDIFFERENT,11:55,715,3DnqdCFcSNg,2026-09-05T09:16:45Z,commit:5c97d16a
"Mahler: Symphony No. 2 ""Resurrection"": Ib. Sehr mässig und zurückhaltend (Live)","Gustav Mahler, Leonard Bernstein, New York Philharmonic","Mahler: Symphony No.2 ""Resurrection""",False,INDIFFERENT,5:51,351,e8X430ZkXBU,2026-09-05T09:10:54Z,commit:5c97d16a
"English Suite No. 5 in E Minor, BWV 810: I. Prélude","Glenn Gould, Johann Sebastian Bach","Bach: The English Suites Nos. 1-6, BWV 806-811 ((Gould Remastered))",False,INDIFFERENT,4:44,284,DhvNn8W-6Po,2026-09-05T09:06:10Z,commit:5c97d16a
"Water Music - Suite #1 In F, HWV 348 - Alla Hornpipe",Jordi Savall,Haendel: Water Music & Music for the Royal Fireworks,False,INDIFFERENT,4:04,244,SsM25EBXN58,2026-09-05T09:02:06Z,commit:5c97d16a
Borodin: String Quartet No. 2 in D: 2. Scherzo,"Alexander Borodin, Emerson String Quartet",Dvorák / Tchaikovsky / Borodin: String Quartets,False,INDIFFERENT,4:42,282,LakAfVUY_WA,2026-09-05T08:57:24Z,commit:5c97d16a
"Mass in B Minor, BWV 232, Symbolum Nicenum: No. 17, Crucifixus","Collegium Vocale Gent, Johann Sebastian Bach, Philippe Herreweghe",Bach: Mass in B Minor,False,INDIFFERENT,3:04,184,gsD6yHa_-hk,2026-09-05T08:54:20Z,commit:5c97d16a
"Haydn: Symphony No. 78 in C Minor, Hob.I:78: III. Menuetto (Allegretto)","Joseph Haydn, Orpheus Chamber Orchestra",Haydn: Symphonies No.78 & No.102,False,INDIFFERENT,3:30,210,ClEotBemTZs,2026-09-05T08:50:50Z,commit:5c97d16a
"J.S. Bach: English Suite No. 2 in A Minor, BWV 807: VII. Gigue","Johann Sebastian Bach, Martha Argerich",Martha Argerich - Works for Solo Piano,False,INDIFFERENT,3:20,200,FpyXwXjq-as,2026-09-05T08:47:30Z,commit:5c97d16a
"Keyboard Concerto No. 4 in A Major, BWV 1055: I. Allegro moderato","Academy of St Martin in the Fields, Johann Sebastian Bach, Murray Perahia","Bach: Keyboard Concertos, Vol. 1",False,INDIFFERENT,4:01,241,hnclBIF8Wr4,2026-09-05T08:43:29Z,commit:5c97d16a
"J.S. Bach: Violin Concerto No. 1 in A Minor, BWV 1041: I. Allegro moderato","Johann Sebastian Bach, Simon Standage, The English Concert, Trevor Pinnock","Bach, J.S.: Violin Concertos BWV 1041 & 1042; Double Concerto BWV 1043",False,INDIFFERENT,3:39,219,Rbe681C6okI,2026-09-05T08:39:50Z,commit:5c97d16a
"J.S. Bach: Ich ruf zu dir, Herr Jesu Christ, BWV 639","Alfred Brendel, Johann Sebastian Bach","Bach, J.S.: Italian Concerto, etc.",False,INDIFFERENT,3:30,210,bJBH-f5vUwQ,2026-09-05T08:36:20Z,commit:5c97d16a
"Second Livre de pièces de clavecin, Sixième Ordre: Les baricades mïstérieuses (feat. Thomas Dunford)",Jean Rondeau & François Couperin,Barricades,False,INDIFFERENT,3:20,200,AaAjGPaLnMA,2026-09-05T08:33:00Z,commit:5c97d16a
"Fauré: Pelléas et Mélisande, Op. 80, Suite: II. Fileuse","Academy of St Martin in the Fields, Sir Neville Marriner",Classical Sonosphere Vol. 3,False,INDIFFERENT,2:46,166,LqMR5wMv7Gk,2026-09-05T08:30:14Z,commit:5c97d16a
Moanin',Art Blakey & The Jazz Messengers,Moanin' (Expanded Edition),False,INDIFFERENT,9:31,571,fsJ3JjpZyoA,2026-09-05T08:20:43Z,commit:5c97d16a
Smoke Gets In Your Eyes,Coleman Hawkins,On Broadway,False,INDIFFERENT,4:37,277,zR9OmfS7kw8,2026-09-05T08:16:06Z,commit:5c97d16a
Take Five,Paul Desmond,Dream Dancing,False,INDIFFERENT,5:25,325,Eu-88eCAtHU,2026-09-05T08:10:41Z,commit:5c97d16a
La vie en rose (Single Version),Louis Armstrong And His Orchestra,Satchmo Serenades,False,INDIFFERENT,3:24,204,M9FRCxGMz-0,2026-09-05T08:07:17Z,commit:5c97d16a
Strasbourg / St. Denis,Roy Hargrove,Earfood,False,INDIFFERENT,4:39,279,XM83V4BD1Bw,2026-09-05T08:02:38Z,commit:5c97d16a
I Fall In Love Too Easily,Chet Baker,Chet Baker Sings,False,INDIFFERENT,3:22,202,_ZRJrAHprBM,2026-09-05T07:59:16Z,commit:5c97d16a
The Queen Bee,Count Basie And His Orchestra,Straight Ahead,False,INDIFFERENT,4:14,254,fBc84_HE3-M,2026-09-05T07:55:02Z,commit:5c97d16a
Let's Fall In Love,Ella Fitzgerald,Sings Sweet Songs For Swingers,False,INDIFFERENT,3:05,185,fF6x1ta9j1w,2026-09-05T07:51:57Z,commit:5c97d16a
Fantail,Count Basie And His Orchestra,The Atomic Mr Basie,False,INDIFFERENT,2:57,177,aqtp-ITWBTo,2026-09-05T07:49:00Z,commit:5c97d16a
Blue Moon,Billie Holiday,Solitude,False,INDIFFERENT,3:28,208,HkplpL2P9YM,2026-09-05T07:45:32Z,commit:5c97d16a
Splanky,Count Basie And His Orchestra,The Atomic Mr Basie,False,INDIFFERENT,3:38,218,VYO3gC962PM,2026-09-05T07:41:54Z,commit:5c97d16a
Take Five,The Dave Brubeck Quartet,Time Out,False,INDIFFERENT,5:25,325,ryA6eHZNnXY,2026-09-05T07:36:29Z,commit:5c97d16a
Stardust,Artie Shaw & His Orchestra,Begin The Beguine,False,INDIFFERENT,3:35,215,ggusizL531I,2026-09-05T07:32:54Z,commit:5c97d16a
Midnite Blue,Count Basie And His Orchestra,The Atomic Mr Basie,False,INDIFFERENT,4:29,269,4b8yLXePSfQ,2026-09-05T07:28:25Z,commit:5c97d16a
'Tis Autumn,Stan Getz,Stan Getz Plays,False,INDIFFERENT,3:15,195,_0BNu7e096k,2026-09-05T07:25:10Z,commit:5c97d16a
Whirly-Bird,Count Basie Orchestra,The Atomic Mr Basie,False,INDIFFERENT,3:53,233,slZ2evszMDw,2026-09-05T07:21:17Z,commit:5c97d16a
In A Sentimental Mood,"Duke Ellington, John Coltrane",Duke Ellington & John Coltrane,False,INDIFFERENT,4:16,256,JiP7jKdAhD0,2026-09-05T07:17:01Z,commit:5c97d16a
Teddy the Toad,Count Basie And His Orchestra,The Atomic Mr Basie,False,INDIFFERENT,3:21,201,qzIG6X5PgiY,2026-09-05T07:13:40Z,commit:5c97d16a
Double-O,Count Basie And His Orchestra,The Atomic Mr Basie,False,INDIFFERENT,2:48,168,LIIP0fKT6UM,2026-09-05T07:10:52Z,commit:5c97d16a
"Sing, Sing, Sing",Benny Goodman,One O'Clock Jump,False,INDIFFERENT,5:03,303,6VHt4hazMG0,2026-09-05T07:05:49Z,commit:5c97d16a
Flight of the Foo Birds,Count Basie And His Orchestra,The Atomic Mr Basie,False,INDIFFERENT,3:25,205,Hmp0BTTd54Y,2026-09-05T07:02:24Z,commit:5c97d16a
Mood Indigo,Thelonious Monk,Plays Duke Ellington (Keepnews Collection),False,INDIFFERENT,3:17,197,HGz6my4q-20,2026-09-05T06:59:07Z,commit:5c97d16a
After Supper,Count Basie And His Orchestra,The Atomic Mr Basie,False,INDIFFERENT,3:26,206,iQtDUE3biZY,2026-09-05T06:55:41Z,commit:5c97d16a
B Minor Waltz (Remastered 2003),Bill Evans,You Must Believe In Spring (Remastered Version),False,INDIFFERENT,3:17,197,_5xCP4n2rmE,2026-09-05T06:52:24Z,commit:5c97d16a
In The Mood,Glenn Miller & His Orchestra,The Essential Glenn Miller,False,INDIFFERENT,3:37,217,lg-cwSciN_M,2026-09-05T06:48:47Z,commit:5c97d16a
Duet,Count Basie And His Orchestra,The Atomic Mr Basie,False,INDIFFERENT,4:13,253,0wShit_5cVI,2026-09-05T06:44:34Z,commit:5c97d16a
Black Tusk,Loscil,Coast / Range / Arc,False,INDIFFERENT,10:03,603,Y4Z7w6nNe8U,2026-09-05T06:34:31Z,commit:5c97d16a
Tower Jam,Phish,Jam,,LIKE,59:14,3554,EHi9PjBV6BM,2026-09-05T05:35:17Z,commit:5c97d16a
Cyclical Ruminations,"Shpongle, Simon Posford",Flux & Contemplation - Portrait of an Artist in Isolation,False,INDIFFERENT,0:34,34,ff5sTfSV4JI,2026-09-05T05:34:43Z,commit:5c97d16a
On a Rainy Day,"Shpongle, Simon Posford",Flux & Contemplation - Portrait of an Artist in Isolation,False,INDIFFERENT,3:13,193,EoEsnrRnV2I,2026-09-05T05:31:30Z,commit:5c97d16a
Lockdown,"Shpongle, Simon Posford",Flux & Contemplation - Portrait of an Artist in Isolation,False,LIKE,8:30,510,tkOk_LCUWxU,2026-09-05T05:23:00Z,commit:5c97d16a
"5 Morceaux de fantaisie, Op. 3: No. 5, Sérénade",Sergei Rachmaninoff,A Window in Time: Rachmaninoff Performs His Solo Piano Works (Realized by Wayne Stahnke),False,INDIFFERENT,3:12,192,oRy7MioWuGs,2026-09-05T05:19:48Z,commit:5c97d16a
"Rachmaninoff: 10 Preludes, Op. 23: No. 5 in G Minor",Sergei Rachmaninoff,A Window in Time: Rachmaninoff Performs His Solo Piano Works (Realized by Wayne Stahnke),False,LIKE,3:38,218,CIy_ypF3zg8,2026-09-05T05:16:10Z,commit:5c97d16a
Rachmaninoff: Polka de V.R.,Sergei Rachmaninoff,A Window in Time: Rachmaninoff Performs His Solo Piano Works (Realized by Wayne Stahnke),False,INDIFFERENT,4:11,251,coYgW7vQrqU,2026-09-05T05:11:59Z,commit:5c97d16a
"5 Morceaux de fantaisie, Op. 3: No. 4, Polichinelle",Sergei Rachmaninoff,A Window in Time: Rachmaninoff Performs His Solo Piano Works (Realized by Wayne Stahnke),False,INDIFFERENT,3:43,223,5uBDRo5Z9pc,2026-09-05T05:08:16Z,commit:5c97d16a
"9 Études-tableaux, Op. 39: No. 4 in B Minor",Sergei Rachmaninoff,A Window in Time: Rachmaninoff Performs His Solo Piano Works (Realized by Wayne Stahnke),False,INDIFFERENT,3:50,230,jMov7iZsKm0,2026-09-05T05:04:26Z,commit:5c97d16a
"5 Morceaux de fantaisie, Op. 3: No. 3, Mélodie",Sergei Rachmaninoff,A Window in Time: Rachmaninoff Performs His Solo Piano Works (Realized by Wayne Stahnke),False,INDIFFERENT,4:16,256,S72dyWpZEpY,2026-09-05T05:00:10Z,commit:5c97d16a
"3 Alt-Wiener Tanzweisen: No. 2, Liebesleid (Arr. Rachmaninoff)","Fritz Kreisler, Sergei Rachmaninoff",A Window in Time: Rachmaninoff Performs His Solo Piano Works (Realized by Wayne Stahnke),False,INDIFFERENT,4:19,259,CtrnebWzUkI,2026-09-05T04:55:51Z,commit:5c97d16a
"3 Alt-Wiener Tanzweisen: No. 1, Liebesfreud (Arr. Rachmaninoff)","Fritz Kreisler, Sergei Rachmaninoff",A Window in Time: Rachmaninoff Performs His Solo Piano Works (Realized by Wayne Stahnke),False,INDIFFERENT,6:58,418,51W0juNF2Pk,2026-09-05T04:48:53Z,commit:5c97d16a
"7 Morceaux de salon, Op. 10: No. 3, Barcarolle",Sergei Rachmaninoff,A Window in Time: Rachmaninoff Performs His Solo Piano Works (Realized by Wayne Stahnke),False,INDIFFERENT,3:55,235,b-XXVybxS4A,2026-09-05T04:44:58Z,commit:5c97d16a
"5 Morceaux de fantaisie, Op. 3: No. 1, Elégie",Sergei Rachmaninoff,A Window in Time: Rachmaninoff Performs His Solo Piano Works (Realized by Wayne Stahnke),False,INDIFFERENT,4:29,269,wR4ynukSHXc,2026-09-05T04:40:29Z,commit:5c97d16a
Rimsky-Korsakov: The Tale of Tsar Saltan: The Flight of the Bumblebee (Arr. Rachmaninoff),"Nikolai Rimsky-Korsakov, Sergei Rachmaninoff",A Window in Time: Rachmaninoff Performs His Solo Piano Works (Realized by Wayne Stahnke),False,LIKE,1:15,75,z4pBD0hEecU,2026-09-05T04:39:14Z,commit:5c97d16a
"Rachmaninoff: 12 Romances, Op. 21: No. 5, Lilacs",Sergei Rachmaninoff,A Window in Time: Rachmaninoff Performs His Solo Piano Works (Realized by Wayne Stahnke),False,INDIFFERENT,2:32,152,GxV1zVx9VZ4,2026-09-05T04:36:42Z,commit:5c97d16a
"Rachmaninoff: 5 Morceaux de fantaisie, Op. 3: No. 2, Prelude in C-Sharp Minor",Sergei Rachmaninoff,A Window in Time: Rachmaninoff Performs His Solo Piano Works (Realized by Wayne Stahnke),False,INDIFFERENT,3:46,226,yKbTbkgaF00,2026-09-05T04:32:56Z,commit:5c97d16a
"Nocturne No. 20 in C Sharp Minor, Op. Posthume 1830","François Chaplin, Frédéric Chopin",Chopin: Nocturnes,False,INDIFFERENT,4:10,250,hzeWANhdvv8,2026-09-05T04:28:46Z,commit:5c97d16a
"J.S. Bach: Concerto for 4 Harpsichords, Strings, and Continuo in A minor, BWV 1065 - 1. (Allegro)","Christoph Eschenbach, Hamburger Philharmoniker, Johann Sebastian Bach, Justus Frantz","Bach, J.S.: Piano Concertos BWV 1060, 1061, 1063 & 1065",False,INDIFFERENT,4:37,277,urLmzJVT4qc,2026-09-05T04:24:09Z,commit:5c97d16a
"Concerto for 2 Pianos in C Minor, BWV 1060: II. Adagio (feat. Emmanuel Christien)","David Fray, Johann Sebastian Bach","Bach: Concertos for 2, 3 & 4 Pianos",False,INDIFFERENT,5:07,307,iXmJhNKi8DA,2026-09-05T04:19:02Z,commit:5c97d16a
"Concerto for 2 Pianos in C Minor, BWV 1060: I. Allegro (feat. Emmanuel Christien)","David Fray, Johann Sebastian Bach","Bach: Concertos for 2, 3 & 4 Pianos",False,INDIFFERENT,4:56,296,peiUtWQBSWk,2026-09-05T04:14:06Z,commit:5c97d16a
"Concerto for 2 Pianos in C Major, BWV 1061: III. Fuga (feat. Jacques Rouvier)","David Fray, Johann Sebastian Bach","Bach: Concertos for 2, 3 & 4 Pianos",False,INDIFFERENT,5:31,331,mCJy1NS1FRQ,2026-09-05T04:08:35Z,commit:5c97d16a
"Concerto for 2 Pianos in C Major, BWV 1061: II. Adagio ovvero largo (feat. Jacques Rouvier)","David Fray, Johann Sebastian Bach","Bach: Concertos for 2, 3 & 4 Pianos",False,INDIFFERENT,4:38,278,DLIeGC3e9eM,2026-09-05T04:03:57Z,commit:5c97d16a
"Concerto for 2 Pianos in C Major, BWV 1061: I. Allegro (feat. Jacques Rouvier)","David Fray, Johann Sebastian Bach","Bach: Concertos for 2, 3 & 4 Pianos",False,INDIFFERENT,7:19,439,uFPbgiE2Z_g,2026-09-05T03:56:38Z,commit:5c97d16a
"Concerto for 2 Pianos in C Minor, BWV 1062: III. Allegro assai (feat. Audrey Vigoureux)","David Fray, Johann Sebastian Bach","Bach: Concertos for 2, 3 & 4 Pianos",False,INDIFFERENT,4:27,267,P03nmYFaCR8,2026-09-05T03:52:11Z,commit:5c97d16a
"Concerto for 2 Pianos in C Minor, BWV 1062: II. Largo ma non tanto (feat. Audrey Vigoureux)","David Fray, Johann Sebastian Bach","Bach: Concertos for 2, 3 & 4 Pianos",False,INDIFFERENT,6:15,375,v69bOJK_n-Q,2026-09-05T03:45:56Z,commit:5c97d16a
"Concerto for 2 Pianos in C Minor, BWV 1062: I. Vivace (feat. Audrey Vigoureux)","David Fray, Johann Sebastian Bach","Bach: Concertos for 2, 3 & 4 Pianos",False,INDIFFERENT,3:24,204,rfKnPHfo3Ts,2026-09-05T03:42:32Z,commit:5c97d16a
"Concerto for 3 Pianos in D Minor, BWV 1063: III. Allegro (feat. Emmanuel Christien & Jacques Rouvier)","David Fray, Johann Sebastian Bach","Bach: Concertos for 2, 3 & 4 Pianos",False,INDIFFERENT,5:01,301,LNkDkd_aNCc,2026-09-05T03:37:31Z,commit:5c97d16a
"Concerto for 3 Pianos in D Minor, BWV 1063: II. Alla siciliana (feat. Emmanuel Christien & Jacques Rouvier)","David Fray, Johann Sebastian Bach","Bach: Concertos for 2, 3 & 4 Pianos",False,INDIFFERENT,3:54,234,JCp850HUIJU,2026-09-05T03:33:37Z,commit:5c97d16a
"Concerto for 3 Pianos in D Minor, BWV 1063: I. — (feat. Emmanuel Christien & Jacques Rouvier)","David Fray, Johann Sebastian Bach","Bach: Concertos for 2, 3 & 4 Pianos",False,INDIFFERENT,5:18,318,kQtiK1Fk7_M,2026-09-05T03:28:19Z,commit:5c97d16a
"Concerto for 4 Pianos in A Minor, BWV 1065: III. Allegro (feat. Audrey Vigoureux, Emmanuel Christien & Jacques Rouvier)","David Fray, Johann Sebastian Bach","Bach: Concertos for 2, 3 & 4 Pianos",False,INDIFFERENT,3:14,194,CW7SklooOMQ,2026-09-05T03:25:05Z,commit:5c97d16a
"Concerto for 4 Pianos in A Minor, BWV 1065: II. Largo (feat. Audrey Vigoureux, Emmanuel Christien & Jacques Rouvier)","David Fray, Johann Sebastian Bach","Bach: Concertos for 2, 3 & 4 Pianos",False,INDIFFERENT,2:54,174,UhBBD2jUuuE,2026-09-05T03:22:11Z,commit:5c97d16a
"Concerto for 4 Pianos in A Minor, BWV 1065: I. Allegro (feat. Audrey Vigoureux, Emmanuel Christien & Jacques Rouvier)","David Fray, Johann Sebastian Bach","Bach: Concertos for 2, 3 & 4 Pianos",False,LIKE,3:59,239,S0dXQ4DZPWw,2026-09-05T03:18:12Z,commit:5c97d16a
You Always Hurt The One You Love (1958 version),The Mills Brothers,Great Hits,False,INDIFFERENT,3:14,194,jcbvlLAVj4Y,2026-09-05T03:14:58Z,commit:5c97d16a
On The Sunny Side Of The Street,"Dizzy Gillespie, Sonny Rollins, Sonny Stitt",Sonny Side Up,False,INDIFFERENT,5:41,341,LSHevGXSKuk,2026-09-05T03:09:17Z,commit:5c97d16a
A Foggy Day,Red Garland Trio,A Garland Of Red,False,INDIFFERENT,4:48,288,KOS4mZvgscs,2026-09-05T03:04:29Z,commit:5c97d16a
Lil' Darlin',"Count Basie Orchestra, Joe Williams, Lambert, Hendricks & Ross",The Atomic Mr Basie,False,INDIFFERENT,4:49,289,Nyjd4mP4hKs,2026-09-05T02:59:40Z,commit:5c97d16a
LSD (Live Mix),Hallucinogen,The Singles (Remastered 2024),False,INDIFFERENT,9:10,550,XiG5suyBxzs,2026-09-05T02:50:30Z,commit:5c97d16a
Boll Weevil,Punch Brothers,The Phosphorescent Blues,False,INDIFFERENT,2:37,157,HTZdoye0rqg,2026-09-05T02:47:53Z,commit:5c97d16a
Patchwork Girlfriend,Punch Brothers,Who's Feeling Young Now?,False,LIKE,3:49,229,CMtyWB_Pzic,2026-09-05T02:44:04Z,commit:5c97d16a
Sweet Caroline,Neil Diamond,Sweet Caroline,False,INDIFFERENT,3:24,204,GmK5_lnQUbE,2026-09-05T02:40:40Z,commit:5c97d16a
Waterloo Sunset (Mono Mix),The Kinks,Something Else (Deluxe Edition),False,INDIFFERENT,3:15,195,SJ1BuKUCIC8,2026-09-05T02:37:25Z,commit:5c97d16a
"Mrs. Robinson (From ""The Graduate"" Soundtrack)",Simon & Garfunkel,Bookends,False,INDIFFERENT,4:05,245,_C2vqI9FVwg,2026-09-05T02:33:20Z,commit:5c97d16a
Lay All Your Love On Me,ABBA,Super Trouper,False,INDIFFERENT,4:35,275,5mHzaIehRTE,2026-09-05T02:28:45Z,commit:5c97d16a
California Dreamin' (Single Version),The Mamas & The Papas,If You Can Believe Your Eyes & Ears,False,INDIFFERENT,2:43,163,oU6uUEwZ8FM,2026-09-05T02:26:02Z,commit:5c97d16a
Don't Go Breaking My Heart,"Elton John, Kiki Dee",Diamonds (Deluxe),False,INDIFFERENT,4:27,267,DH7kBuZ5GZk,2026-09-05T02:21:35Z,commit:5c97d16a
Make Your Own Kind Of Music,Mama Cass,Mama's Big Ones,False,INDIFFERENT,2:20,140,iQ7dTMPwUi8,2026-09-05T02:19:15Z,commit:5c97d16a
The Errant Path - Sirius #94,Jon Fishman,The Errant Path,,INDIFFERENT,1:55:34,6934,COT0KKfoWy8,2026-09-05T00:23:41Z,commit:5c97d16a
Scarab,Prana,Cyclone,False,INDIFFERENT,7:32,452,J18afiDZV4g,2026-09-05T00:16:09Z,commit:5c97d16a
Runway,"Animalien, Oksha, Slide",Fungi Prophets,False,INDIFFERENT,7:30,450,EgG2ve-Ilgs,2026-09-05T00:08:39Z,commit:5c97d16a
42DIMENSIT3 e3 [London 03.06.17],Aphex Twin,Music From The Merch Desk (2016 - 2023),False,INDIFFERENT,4:42,282,wXEPqqNc2Ms,2026-09-05T00:03:57Z,commit:5c97d16a
Alien Pump,Tandu,Multimoods,False,INDIFFERENT,8:55,535,wkVgK1SFaY4,2026-09-04T23:55:02Z,commit:5c97d16a
Crystal Skulls (Dance Mix),Shpongle,Raja Ram's Stash Bag Vol. 2,False,INDIFFERENT,8:25,505,3nz3dRUD2eY,2026-09-04T23:46:37Z,commit:5c97d16a
Fractal Gates,Etnica,Single Collection 1,False,INDIFFERENT,8:36,516,H1uEgoGAtfU,2026-09-04T23:38:01Z,commit:5c97d16a
It's Not Real,"Fungus Funk, Endeavour",Sonzeira,False,INDIFFERENT,6:50,410,rRyzeiYHua8,2026-09-04T23:31:11Z,commit:5c97d16a
Two Full Moons & A Trout (Original Remastered Mix),Union Jack,Two Full Moons And A Trout - Remixes,False,INDIFFERENT,7:59,479,NSzLQp6EZCg,2026-09-04T23:23:12Z,commit:5c97d16a
Virus - Sun (Man With No Name Remix) [1995],"312K views, Gábor Labbancz",,False,INDIFFERENT,6:58,418,Fi8ZRmHcpYY,2026-09-04T23:16:14Z,commit:5c97d16a
Travelling at the Speed of Thought,The Delta,Scizoeffective,False,INDIFFERENT,7:23,443,flxaSF0Ajwk,2026-09-04T23:08:51Z,commit:5c97d16a
Mongolia,Electric Universe,Mongolia,False,INDIFFERENT,7:59,479,TZdfKBALJMc,2026-09-04T23:00:52Z,commit:5c97d16a
Let The Beat Control Your Body,Peter Pahn,A-Sides Vol. 13,False,INDIFFERENT,4:28,268,0bRBlG6QTxE,2026-09-04T22:56:24Z,commit:5c97d16a
Inside The Horizon,Mindsphere,Mental Triplex: Beyond,False,INDIFFERENT,9:38,578,0zF8z91Oez4,2026-09-04T22:46:46Z,commit:5c97d16a
Overbloody Flood,Blue Planet Corporation,A Blueprint For Survival,False,INDIFFERENT,7:51,471,nLPpE1Yz7K0,2026-09-04T22:38:55Z,commit:5c97d16a
Acid Cult,Popof & Marie Vaunt,A-Sides Vol. 13,False,INDIFFERENT,3:47,227,xGu9bWDPVQE,2026-09-04T22:35:08Z,commit:5c97d16a
Time To Let Go,Alter Nature,Time To Let Go,False,INDIFFERENT,7:32,452,esLVRKX_G0w,2026-09-04T22:27:36Z,commit:5c97d16a
Elysium - Subconsciousness,"441K views, Amatria7",,False,INDIFFERENT,8:55,535,bmjROkH6xtE,2026-09-04T22:18:41Z,commit:5c97d16a
Space Angel,Subcouds,"Fill Your Head with Phantasm, Vol. 5",False,INDIFFERENT,8:12,492,MLIFrUOyrfs,2026-09-04T22:10:29Z,commit:5c97d16a
Ragu,Shaolin Wooden Men,"Psy-Harmonics, Vol. 3: Hacking the Reality Myth",False,INDIFFERENT,6:30,390,CbZ364f9wPg,2026-09-04T22:03:59Z,commit:5c97d16a
Soft Control (Remastered Version),Hatikwa,Point of View,False,INDIFFERENT,8:38,518,SSnOKD04OBw,2026-09-04T21:55:21Z,commit:5c97d16a
Phenomena,Miranda,Cosmic Treasure Vol. 1: Best Of 1995-2000 Remastered,False,INDIFFERENT,8:55,535,W_12jJHqL1g,2026-09-04T21:46:26Z,commit:5c97d16a
Gone,THIRD WIFE,Gone,False,INDIFFERENT,5:26,326,xMN8Qfvt2b4,2026-09-04T21:41:00Z,commit:5c97d16a
Trancespotter,Hallucinogen,Space Pussy,False,INDIFFERENT,8:39,519,KAnWhKWRVy0,2026-09-04T21:32:21Z,commit:5c97d16a
Astral Pancakes (Remastered 2024),Hallucinogen,The Singles (Remastered 2024),False,INDIFFERENT,8:03,483,ci3FiZM7_mg,2026-09-04T21:24:18Z,commit:5c97d16a
"River Lullaby (Theme from ""The Prince of Egypt"")",Mercuzio Pianist,"River Lullaby (Theme from ""The Prince of Egypt"")",False,INDIFFERENT,4:06,246,NvIkKuDzdIA,2026-09-04T21:20:12Z,commit:5c97d16a
"Orchestral Suite No. 3 in D Major, BWV 1068: II. Air","Johann Sebastian Bach, Munchener Bach Orchester","Bach: Orchestral Suite, No. 2 & 3",False,INDIFFERENT,5:40,340,oNMAwDR2IYY,2026-09-04T21:14:32Z,commit:5c97d16a
"Mariage d'amour ""Spring Waltz"" (Piano)",Marco Velocci,Mariage d'amour (Piano),False,INDIFFERENT,4:36,276,qWrx4o_flwY,2026-09-04T21:09:56Z,commit:5c97d16a
The French Library,Franz Gordon,The French Library,False,INDIFFERENT,3:00,180,e-3z40QzJT0,2026-09-04T21:06:56Z,commit:5c97d16a
"I Am Free (Theme from ""Suite française"")",Mercuzio Pianist,"I Am Free (Theme from ""Suite française"")",False,INDIFFERENT,4:36,276,9wHCrFnX7eo,2026-09-04T21:02:20Z,commit:5c97d16a
"Générique De Début (From ""Une Hirondelle A Fait Le Printemps"")",Mercuzio Pianist,"Générique De Début (From ""Une Hirondelle A Fait Le Printemps"")",False,INDIFFERENT,3:31,211,seUq8_HfGq8,2026-09-04T20:58:49Z,commit:5c97d16a
Four4,"Amadinda Percussion Group, John Cage",Legacies 4: Works for Percussion - Four4,False,INDIFFERENT,1:12:40,4360,KjlKDofv2Hk,2026-09-04T19:46:09Z,commit:5c97d16a
Ryoanji (1983/85),John Cage,Ryoanji,False,INDIFFERENT,1:00:29,3629,m9N2Wx3odgE,2026-09-04T18:45:40Z,commit:5c97d16a
Invisible [Piano Version] (feat. Sofiane Pamart),NTO,Invisible,False,INDIFFERENT,2:55,175,UuUyQlx09Dk,2026-09-04T18:42:45Z,commit:5c97d16a
An Ending (Ascent),Brian Eno,Apollo: Atmospheres And Soundtracks (Extended Edition),False,INDIFFERENT,4:25,265,XbL9DT4QFc8,2026-09-04T18:38:20Z,commit:5c97d16a
Dopamine Clouds Over Craven Cottage,Stars of the Lid,And Their Refinement of the Decline,False,INDIFFERENT,5:55,355,od1qtiWjXTw,2026-09-04T18:32:25Z,commit:5c97d16a
Voigt-Kampf,Rafael Anton Irisarri,Daydreaming,False,INDIFFERENT,3:07,187,Nuk2HYBnB6c,2026-09-04T18:29:18Z,commit:5c97d16a
Angle of Loll,Loscil,Sea Island,False,INDIFFERENT,5:52,352,apkmljREcv4,2026-09-04T18:23:26Z,commit:5c97d16a
Mistral,loscil,Plume,False,INDIFFERENT,6:01,361,2rzkn_74crs,2026-09-04T18:17:25Z,commit:5c97d16a
Charlie,loscil,Plume,False,INDIFFERENT,8:50,530,lm9BbFaFXPk,2026-09-04T18:08:35Z,commit:5c97d16a
Halcyon,loscil,Plume,False,INDIFFERENT,7:22,442,36hSyE-F0H0,2026-09-04T18:01:13Z,commit:5c97d16a
Bellows,loscil,Plume,False,INDIFFERENT,6:27,387,7T5EZ_wPqCI,2026-09-04T17:54:46Z,commit:5c97d16a
Chinook,loscil,Plume,False,INDIFFERENT,6:58,418,mFECYlygl6g,2026-09-04T17:47:48Z,commit:5c97d16a
Steam,loscil,Plume,False,INDIFFERENT,6:56,416,xEUg_TDpwg0,2026-09-04T17:40:52Z,commit:5c97d16a
Zephyr,loscil,Plume,False,INDIFFERENT,5:20,320,1EXc96ZBPX4,2026-09-04T17:35:32Z,commit:5c97d16a
Rorschach,loscil,Plume,False,INDIFFERENT,8:20,500,-VxwbHL78HI,2026-09-04T17:27:12Z,commit:5c97d16a
Motoc,loscil,Plume,False,INDIFFERENT,6:30,390,zBCKNhgD2A8,2026-09-04T17:20:42Z,commit:5c97d16a
Soulful,L'Indécis,Playtime,False,INDIFFERENT,3:41,221,fs0BCIUQ7Ws,2026-09-04T17:17:01Z,commit:5c97d16a
You're Lucky She's Lonely,"Colter Wall, Summer Dean",You're Lucky She's Lonely,False,LIKE,3:27,207,vcR2WJh8Eyg,2026-09-04T17:13:34Z,commit:5c97d16a
Shine (Live),"David Grisman, Stephane Grappelli",Stephane Grappelli and David Grisman Live,False,LIKE,5:19,319,oMobf1AHbHk,2026-09-04T17:08:15Z,commit:5c97d16a
Angelic Particles (Remastered 2024),Hallucinogen,The Singles (Remastered 2024),False,INDIFFERENT,7:25,445,vxw60P4mfyM,2026-09-04T17:00:50Z,commit:5c97d16a
Soothsayer (Remastered 2024),Hallucinogen,The Singles (Remastered 2024),False,INDIFFERENT,7:55,475,ASmsjqQ-8uw,2026-09-04T16:52:55Z,commit:5c97d16a
Shamanix (Remix),Hallucinogen,The Singles (Remastered 2024),False,INDIFFERENT,8:10,490,9xVSCy4b4sA,2026-09-04T16:44:45Z,commit:5c97d16a
Orphic Resonance (Remastered 2024),Hallucinogen,The Singles (Remastered 2024),False,INDIFFERENT,7:11,431,RAb4NaHCoIg,2026-09-04T16:37:34Z,commit:5c97d16a
Angelic Particles (Ambient Mix),Hallucinogen,The Singles (Remastered 2024),False,INDIFFERENT,3:40,220,xMAECqhLAsU,2026-09-04T16:33:54Z,commit:5c97d16a
Spiked (Remastered 2024),Hallucinogen,The Singles (Remastered 2024),False,INDIFFERENT,6:58,418,BX5r0hN3s64,2026-09-04T16:26:56Z,commit:5c97d16a
LSD (Live Mix),Hallucinogen,The Singles (Remastered 2024),False,INDIFFERENT,9:10,550,XiG5suyBxzs,2026-09-04T16:17:46Z,commit:5c97d16a
Solstice (Early Mix),Hallucinogen,The Singles (Remastered 2024),False,LIKE,5:54,354,sjv5knfjrHc,2026-09-04T16:11:52Z,commit:5c97d16a
Time Holes,Easily Embarrassed,Idyllic Life,False,INDIFFERENT,5:52,352,7t5vNDQn6eY,2026-09-04T16:06:00Z,commit:5c97d16a
Fairdreamers,Kliment,"Cosmik Chill ""Orange""",False,INDIFFERENT,10:59,659,SBIhN4uGKVk,2026-09-04T15:55:01Z,commit:5c97d16a
Where the Street Have No Name,Koan,Matariki,False,INDIFFERENT,7:51,471,rwl2dY14Ucs,2026-09-04T15:47:10Z,commit:5c97d16a
Waters of Life,Mystical Sun,Deeperworlds,False,INDIFFERENT,4:19,259,94F82d5gONs,2026-09-04T15:42:51Z,commit:5c97d16a
Oleander (Phutureprimitive Symbiotic Remix),Bluetech,Digital Singles Vol.1,False,INDIFFERENT,7:36,456,JnKhDj3r81A,2026-09-04T15:35:15Z,commit:5c97d16a
Iris Rotation,AES Dana,Memory Shell,False,INDIFFERENT,6:21,381,HHRiM0EDOoM,2026-09-04T15:28:54Z,commit:5c97d16a
Back to Light,Asura,Life²,False,INDIFFERENT,6:35,395,_-JM7aQTs-I,2026-09-04T15:22:19Z,commit:5c97d16a
Light Ocean Blue,Entheogenic,Entheogenic,False,INDIFFERENT,8:37,517,SICn0Wmptp0,2026-09-04T15:13:42Z,commit:5c97d16a
Fortean Thieves (feat. Aliji),Slackbaba,Ask,False,INDIFFERENT,7:35,455,mS44RQWMsrU,2026-09-04T15:06:07Z,commit:5c97d16a
Dub Crystals,Androcell,Emotivision,False,INDIFFERENT,7:19,439,-ixSurewLXQ,2026-09-04T14:58:48Z,commit:5c97d16a
The Island Of Deceased Ships,Koan,When The Silence Is Speaking,False,INDIFFERENT,7:31,451,6Xb2UoID8IU,2026-09-04T14:51:17Z,commit:5c97d16a
Veda,Astropilot,Iriy,False,INDIFFERENT,10:18,618,UNOfIH_osBE,2026-09-04T14:40:59Z,commit:5c97d16a
Silver (Robot Baby Mix),Tripswitch,Circuit Breaker,False,INDIFFERENT,8:06,486,rf4PlZRnKxo,2026-09-04T14:32:53Z,commit:5c97d16a
Ground Luminosity (Ott's New Yoghurt Loom Mix),Entheogenic,Dialogue Of The Speakers,False,INDIFFERENT,8:32,512,v_kVQapfavs,2026-09-04T14:24:21Z,commit:5c97d16a
Probability Tree,Bluetech,The Divine Invasion,False,INDIFFERENT,6:06,366,8YyWUPPTwmA,2026-09-04T14:18:15Z,commit:5c97d16a
Indigo Room,H.U.V.A. Network,Distances,False,INDIFFERENT,6:49,409,5aBrX1S49BE,2026-09-04T14:11:26Z,commit:5c97d16a
Union Light,Solar Fields,"Fahrenheit Project, Part 4",False,INDIFFERENT,7:29,449,mJgF06bPHgI,2026-09-04T14:03:57Z,commit:5c97d16a
Little Fluffy Clouds,The Orb,Adventures Beyond The Ultraworld,False,INDIFFERENT,4:28,268,KNfjpmvbQG0,2026-09-04T13:59:29Z,commit:5c97d16a
The New Normal,"Shpongle, Simon Posford",Flux & Contemplation - Portrait of an Artist in Isolation,False,LIKE,10:42,642,xwyK3XGQvqI,2026-09-04T13:48:47Z,commit:5c97d16a
The Hobbyist,"Shpongle, Simon Posford",Flux & Contemplation - Portrait of an Artist in Isolation,False,INDIFFERENT,6:34,394,GY2jxHg2HYo,2026-09-04T13:42:13Z,commit:5c97d16a
Ripples of the Mind,"Shpongle, Simon Posford",Flux & Contemplation - Portrait of an Artist in Isolation,False,INDIFFERENT,3:48,228,jWHptnuVBew,2026-09-04T13:38:25Z,commit:5c97d16a
Wish You Weren’t Here,"Shpongle, Simon Posford",Flux & Contemplation - Portrait of an Artist in Isolation,False,LIKE,5:29,329,gWpYbDCSoro,2026-09-04T13:32:56Z,commit:5c97d16a
Germination,"Shpongle, Simon Posford",Flux & Contemplation - Portrait of an Artist in Isolation,False,INDIFFERENT,2:14,134,8XabjqbkjCs,2026-09-04T13:30:42Z,commit:5c97d16a
Part Two (Cool),John Zorn,Filmworks VI: 1996,,INDIFFERENT,7:44,464,bGbGzzLYDK8,2026-09-04T13:22:58Z,commit:5c97d16a
Part One (Hot),John Zorn,Filmworks VI: 1996,,INDIFFERENT,19:47,1187,-5U9X1AnDKU,2026-09-04T13:03:11Z,commit:5c97d16a
Mechanics of the Brain,John Zorn,Filmworks VI: 1996,,INDIFFERENT,2:03,123,fWvvJWDmHO8,2026-09-04T13:01:08Z,commit:5c97d16a
Pendulum,John Zorn,Filmworks VI: 1996,,INDIFFERENT,2:06,126,Th2Aria8GbM,2026-09-04T12:59:02Z,commit:5c97d16a
Macbeth,John Zorn,Filmworks VI: 1996,,INDIFFERENT,3:05,185,rP0nzY8BGu0,2026-09-04T12:55:57Z,commit:5c97d16a
Measuring,John Zorn,Filmworks VI: 1996,,INDIFFERENT,1:34,94,Ygf8QLGddWk,2026-09-04T12:54:23Z,commit:5c97d16a
Subliminal Perceptions,John Zorn,Filmworks VI: 1996,,INDIFFERENT,1:45,105,3bC4hc9ekMw,2026-09-04T12:52:38Z,commit:5c97d16a
Houdini,John Zorn,Filmworks VI: 1996,,INDIFFERENT,3:12,192,wG3MAlUVr3g,2026-09-04T12:49:26Z,commit:5c97d16a
Witches' Cauldron,John Zorn,Filmworks VI: 1996,,INDIFFERENT,3:47,227,32600yAIcM4,2026-09-04T12:45:39Z,commit:5c97d16a
Brain-Scan,John Zorn,Filmworks VI: 1996,,INDIFFERENT,1:06,66,VC_1K2r-Q6E,2026-09-04T12:44:33Z,commit:5c97d16a
Surgery Montage,John Zorn,Filmworks VI: 1996,,INDIFFERENT,1:47,107,lTD5_Y5a3v4,2026-09-04T12:42:46Z,commit:5c97d16a
Fireworks,John Zorn,Filmworks VI: 1996,,INDIFFERENT,1:52,112,VFvxu9KjIzE,2026-09-04T12:40:54Z,commit:5c97d16a
End Titles,John Zorn,Filmworks VI: 1996,,INDIFFERENT,3:12,192,1qxyLCpz-D0,2026-09-04T12:37:42Z,commit:5c97d16a
Seductress,John Zorn,Filmworks VI: 1996,,INDIFFERENT,4:19,259,I7WLjJXhqGk,2026-09-04T12:33:23Z,commit:5c97d16a
Work-a-Day World (Anton's Theme),John Zorn,Filmworks VI: 1996,,INDIFFERENT,3:31,211,dqs67FN3KP8,2026-09-04T12:29:52Z,commit:5c97d16a
Opening Credits / Hawaiian Postcard,John Zorn,Filmworks VI: 1996,,INDIFFERENT,2:57,177,vIj7CAWLM-w,2026-09-04T12:26:55Z,commit:5c97d16a
e: Tweezer Reprise,Phish,"2003-02-20 Rosemont, IL - Allstate Arena (Pawk Matrix)",,INDIFFERENT,5:13,313,SkTOTk9Q6_E,2026-09-04T12:21:42Z,commit:5c97d16a
e: Anything But Me,Phish,"2003-02-20 Rosemont, IL - Allstate Arena (Pawk Matrix)",,INDIFFERENT,5:17,317,vi-8glFav00,2026-09-04T12:16:25Z,commit:5c97d16a
e: Golgi Apparatus,Phish,"2003-02-20 Rosemont, IL - Allstate Arena (Pawk Matrix)",,INDIFFERENT,4:47,287,pirfus8x178,2026-09-04T12:11:38Z,commit:5c97d16a
Pebbles and Marbles,Phish,"2003-02-20 Rosemont, IL - Allstate Arena (Pawk Matrix)",,INDIFFERENT,17:16,1036,02tQZ-Ns1j4,2026-09-04T11:54:22Z,commit:5c97d16a
Seven Below,Phish,"2003-02-20 Rosemont, IL - Allstate Arena (Pawk Matrix)",,INDIFFERENT,22:17,1337,0N6W43bdEck,2026-09-04T11:32:05Z,commit:5c97d16a
Fast Enough For You,Phish,"2003-02-20 Rosemont, IL - Allstate Arena (Pawk Matrix)",,INDIFFERENT,8:17,497,QMFwXSPYxBs,2026-09-04T11:23:48Z,commit:5c97d16a
Punch You in the Eye,Phish,"2003-02-20 Rosemont, IL - Allstate Arena (Pawk Matrix)",,INDIFFERENT,7:45,465,3tbP1aIEWFk,2026-09-04T11:16:03Z,commit:5c97d16a
Tweezer,Phish,"2003-02-20 Rosemont, IL - Allstate Arena (Pawk Matrix)",,LIKE,20:50,1250,mUboRBIdDHw,2026-09-04T10:55:13Z,commit:5c97d16a
Gotta Jibboo,Phish,"2003-02-20 Rosemont, IL - Allstate Arena (Pawk Matrix)",,INDIFFERENT,19:57,1197,3ZEC9gh8Wpo,2026-09-04T10:35:16Z,commit:5c97d16a
Simple,Phish,"2003-02-20 Rosemont, IL - Allstate Arena (Pawk Matrix)",,INDIFFERENT,18:21,1101,Fujtf9X6ADs,2026-09-04T10:16:55Z,commit:5c97d16a
Waves,Phish,"2003-02-20 Rosemont, IL - Allstate Arena (Pawk Matrix)",,INDIFFERENT,8:45,525,cpW0t8B2564,2026-09-04T10:08:10Z,commit:5c97d16a
Driver,Phish,"2003-02-20 Rosemont, IL - Allstate Arena (Pawk Matrix)",,INDIFFERENT,3:43,223,m_FNFljqgzk,2026-09-04T10:04:27Z,commit:5c97d16a
Into Leaf,Ivan the Tolerable,Nocturnes,False,INDIFFERENT,3:39,219,wB_fKpMJsSQ,2026-09-04T10:00:48Z,commit:5c97d16a
Scentless Weightless,Ivan the Tolerable,Nocturnes,False,INDIFFERENT,5:56,356,_RVXEZPO1VA,2026-09-04T09:54:52Z,commit:5c97d16a
Brain & Eye,Ivan the Tolerable,Nocturnes,False,INDIFFERENT,4:40,280,WuREzzWb1oo,2026-09-04T09:50:12Z,commit:5c97d16a
Too Much Moonlight,Ivan the Tolerable,Nocturnes,False,INDIFFERENT,3:31,211,8PM-RILTzzs,2026-09-04T09:46:41Z,commit:5c97d16a
Redcaps,Ivan the Tolerable,Nocturnes,False,INDIFFERENT,8:03,483,Rjt1xWg-FG8,2026-09-04T09:38:38Z,commit:5c97d16a
Silver Knife,Ivan the Tolerable,Nocturnes,False,INDIFFERENT,4:56,296,bdbkpFYMAyk,2026-09-04T09:33:42Z,commit:5c97d16a
Heavy Flowers,Ivan the Tolerable,Nocturnes,False,INDIFFERENT,3:55,235,j2kEu5zVuJc,2026-09-04T09:29:47Z,commit:5c97d16a
A Serious House,Ivan the Tolerable,Nocturnes,False,INDIFFERENT,3:29,209,qZjUj5SUlkg,2026-09-04T09:26:18Z,commit:5c97d16a
Confessionals,Ivan the Tolerable,Nocturnes,False,INDIFFERENT,3:59,239,CviwXuws7xA,2026-09-04T09:22:19Z,commit:5c97d16a
01-11-2017,Pretty Lights The Hot Shit,The Hot Shit 2016,,INDIFFERENT,1:00:01,3601,qwyDN1tUZ0A,2026-09-04T08:22:18Z,commit:5c97d16a
Old Gray Coat,The Tony Rice Unit,Acoustics,False,INDIFFERENT,3:55,235,q9co4MLTEK8,2026-09-04T08:18:23Z,commit:5c97d16a
Shine (Live),"David Grisman, Stephane Grappelli",Stephane Grappelli and David Grisman Live,False,LIKE,5:19,319,oMobf1AHbHk,2026-09-04T08:13:04Z,commit:5c97d16a
LIMEHOUSE BLUES,David Grisman Quintet,Live At The Gamh 1979,False,LIKE,3:55,235,kUYj4vJAQ2U,2026-09-04T08:09:09Z,commit:5c97d16a
MINOR SWING,David Grisman Quintet,Live At The Gamh 1979,False,INDIFFERENT,3:58,238,EGDNobQObcI,2026-09-04T08:05:11Z,commit:5c97d16a
WAITING ON VASSAR,David Grisman Quintet,Live At The Gamh 1979,False,INDIFFERENT,5:57,357,OGeYLNy9w-0,2026-09-04T07:59:14Z,commit:5c97d16a
16/16,David Grisman Quintet,Live At The Gamh 1979,False,INDIFFERENT,4:28,268,siIS9DYF3S8,2026-09-04T07:54:46Z,commit:5c97d16a
DAWG'S RAG,David Grisman Quintet,Live At The Gamh 1979,False,INDIFFERENT,10:20,620,3SXR6l0a2aY,2026-09-04T07:44:26Z,commit:5c97d16a
MOONLIGHT WALTZ,David Grisman Quintet,Live At The Gamh 1979,False,INDIFFERENT,2:56,176,sExGurbkGVs,2026-09-04T07:41:30Z,commit:5c97d16a
KEY SIGNATOR,David Grisman Quintet,Live At The Gamh 1979,False,INDIFFERENT,5:57,357,QUNJGotc0bc,2026-09-04T07:35:33Z,commit:5c97d16a
NEON TETRA,David Grisman Quintet,Live At The Gamh 1979,False,INDIFFERENT,6:04,364,_hpvQ-xxmWo,2026-09-04T07:29:29Z,commit:5c97d16a
INTRO,David Grisman Quintet,Live At The Gamh 1979,False,INDIFFERENT,0:27,27,mMB2OXjUfXg,2026-09-04T07:29:02Z,commit:5c97d16a
RICHOCHET,David Grisman Quintet,Live At The Gamh 1979,False,INDIFFERENT,2:35,155,LWXZTyrYHjs,2026-09-04T07:26:27Z,commit:5c97d16a
PNEUMONIA,David Grisman Quintet,Live At The Gamh 1979,False,INDIFFERENT,6:45,405,EG4RB8KRMTQ,2026-09-04T07:19:42Z,commit:5c97d16a
BAND INTRO,David Grisman Quintet,Live At The Gamh 1979,False,INDIFFERENT,3:01,181,prKRsjSRtL4,2026-09-04T07:16:41Z,commit:5c97d16a
MINOR SWING,David Grisman Quintet,Live At The Gamh 1979,False,INDIFFERENT,3:57,237,jTSsnPNiBUU,2026-09-04T07:12:44Z,commit:5c97d16a
JANICE,David Grisman Quintet,Live At The Gamh 1979,False,INDIFFERENT,4:47,287,-NeE1U5j6z0,2026-09-04T07:07:57Z,commit:5c97d16a
DEVLIN,David Grisman Quintet,Live At The Gamh 1979,False,INDIFFERENT,5:12,312,BXR-SPgihTk,2026-09-04T07:02:45Z,commit:5c97d16a
WAITING ON VASSAR,David Grisman Quintet,Live At The Gamh 1979,False,INDIFFERENT,6:20,380,LZbmC3dnG88,2026-09-04T06:56:25Z,commit:5c97d16a
16/16,David Grisman Quintet,Live At The Gamh 1979,False,INDIFFERENT,4:29,269,U-K3VI57t7c,2026-09-04T06:51:56Z,commit:5c97d16a
Hawktail+Väsen | 2024-02-21 | The Tobogganist,"449 views, Mark's Memories",,False,INDIFFERENT,4:19,259,TKc2S4CfsVA,2026-09-04T06:47:37Z,commit:5c97d16a
Hawktail+Väsen | 2024-02-21 | Hymn Till Sommarnätter,"324 views, Mark's Memories",,False,INDIFFERENT,3:53,233,urUtFanuUZQ,2026-09-04T06:43:44Z,commit:5c97d16a
Hawktail+Väsen | 2024-02-21 | Polska,"127 views, Mark's Memories",,False,INDIFFERENT,4:33,273,zU1YL4LIIJE,2026-09-04T06:39:11Z,commit:5c97d16a
Hawktail+Väsen | 2024-02-21 | Harpleken,"137 views, Mark's Memories",,False,INDIFFERENT,3:14,194,_gcDCwSvKkg,2026-09-04T06:35:57Z,commit:5c97d16a
Hawktail+Väsen | 2024-02 -21 | Polska,"153 views, Mark's Memories",,False,INDIFFERENT,2:54,174,UVHUlX7jUpw,2026-09-04T06:33:03Z,commit:5c97d16a
Hawktail+Väsen | 2024-02-21 | Unless,"223 views, Mark's Memories",,False,INDIFFERENT,5:52,352,acP-6Ig2DNU,2026-09-04T06:27:11Z,commit:5c97d16a
Hawktail+Väsen | 2024-02-21 | Strykarepolska,"270 views, Mark's Memories",,False,INDIFFERENT,3:36,216,jSrZa-wPlag,2026-09-04T06:23:35Z,commit:5c97d16a
Hawktail+Väsen | 2024-02-21 | Switchback Games,"90 views, Mark's Memories",,False,INDIFFERENT,5:16,316,m-vCGeKdGrI,2026-09-04T06:18:19Z,commit:5c97d16a
Hawktail+Väsen | 2024-02-21 | Wallmarin,"100 views, Mark's Memories",,False,INDIFFERENT,4:18,258,iwgAYJ-ifUo,2026-09-04T06:14:01Z,commit:5c97d16a
Hawktail+Väsen | 2024-02-21 | Ms  Pretzel,"135 views, Mark's Memories",,False,INDIFFERENT,3:25,205,1cxx7i966YM,2026-09-04T06:10:36Z,commit:5c97d16a
Hawktail+Väsen | 2024-02-21 | Leadfoot,"211 views, Mark's Memories",,False,INDIFFERENT,4:16,256,3qkHSzp7-js,2026-09-04T06:06:20Z,commit:5c97d16a
Unless,Hawktail,Unless,False,INDIFFERENT,5:25,325,N7jwuE6g1r0,2026-09-04T06:00:55Z,commit:5c97d16a
Pogo Big,Darol Anger,E–And' A,False,INDIFFERENT,5:06,306,QKuqooBG1Io,2026-09-04T05:55:49Z,commit:5c97d16a
Dan'l Boone,"David Grisman, Sam Bush","Hold On, We're Strummin'",False,LIKE,4:04,244,U1PdNdGx10o,2026-09-04T05:51:45Z,commit:5c97d16a
Jerusalem Ridge,The Tony Rice Unit,Unit Of Measure,False,INDIFFERENT,6:39,399,t0uI2R4nWnU,2026-09-04T05:45:06Z,commit:5c97d16a
1952 Vincent Black Lightning,Del McCoury Band,Del & The Boys,False,LIKE,4:03,243,Vz6fCj1zLSg,2026-09-04T05:41:03Z,commit:5c97d16a
Nelia's Dance,Bryan Sutton,Bluegrass Guitar,False,INDIFFERENT,3:48,228,i2DAuatgi9A,2026-09-04T05:37:15Z,commit:5c97d16a
White Rabbit,"Golden Highway, Molly Tuttle",White Rabbit,False,INDIFFERENT,5:16,316,j16plclDtwU,2026-09-04T05:31:59Z,commit:5c97d16a
The Old Home Town,The Bluegrass Album Band,"The Bluegrass Album, Vol. 4",False,INDIFFERENT,3:07,187,mdXftxUIIk4,2026-09-04T05:28:52Z,commit:5c97d16a
Sour Grapes,Béla Fleck,My Bluegrass Heart,False,INDIFFERENT,4:05,245,2_uSVPawc-4,2026-09-04T05:24:47Z,commit:5c97d16a
Ole Blake,Bryan Sutton,Into My Own,False,INDIFFERENT,4:12,252,thpQ6yye4lw,2026-09-04T05:20:35Z,commit:5c97d16a
Hartford's Real,"David Grisman, Sam Bush","Hold On, We're Strummin'",False,INDIFFERENT,6:02,362,PQ7Tn326MvM,2026-09-04T05:14:33Z,commit:5c97d16a
Big Bug Shuffle,"Edgar Meyer, Jerry Douglas, Russ Barenberg","Skip, Hop And Wobble",False,INDIFFERENT,3:43,223,HeTShE2PiQI,2026-09-04T05:10:50Z,commit:5c97d16a
Boulderdash (feat. Tony Trischka & Noam Pikelny),Béla Fleck,My Bluegrass Heart,False,LIKE,7:02,422,H84Ast4cZMo,2026-09-04T05:03:48Z,commit:5c97d16a
Virginia Creeper,Bryan Sutton,The More I Learn,False,INDIFFERENT,4:24,264,dRLrj-nyaj0,2026-09-04T04:59:24Z,commit:5c97d16a
Gutted,Bella White,Just Like Leaving,False,INDIFFERENT,4:07,247,v9fb1R1G-A0,2026-09-04T04:55:17Z,commit:5c97d16a
"Tipper (feat. Scott Vestal, Randy Kohrs, Tim Crouch & Cody Kilby)","Jonah Horton, Pinecastle Records",Bluegrass 2022,False,INDIFFERENT,4:13,253,XIXA5nH_rfc,2026-09-04T04:51:04Z,commit:5c97d16a
This Old Road (feat. David Grisman & Billy Strings),Béla Fleck,My Bluegrass Heart,False,INDIFFERENT,4:56,296,XrfLEt9-LAU,2026-09-04T04:46:08Z,commit:5c97d16a
Rosemary,Sierra Ferrell,Trail Of Flowers,False,INDIFFERENT,3:37,217,DoYRPz8DA_U,2026-09-04T04:42:31Z,commit:5c97d16a
Last Train Home (Instrumental),"Mark Howard, Sam Bush, Stuart Duncan",Lonesome Whistle,False,INDIFFERENT,4:08,248,3DBJ-_UUP64,2026-09-04T04:38:23Z,commit:5c97d16a
Baltimore Johnny,The Del McCoury Band,The Cold Hard Facts,False,INDIFFERENT,3:32,212,RpmY0Kf7ukA,2026-09-04T04:34:51Z,commit:5c97d16a
Rattlesnake,Tony Rice,Tony Rice,False,INDIFFERENT,4:28,268,S5Jto4jPr6U,2026-09-04T04:30:23Z,commit:5c97d16a
Jerusalem Ridge,Noam Pikelny,Noam Pikelny Plays Kenny Baker Plays Bill Monroe,False,INDIFFERENT,4:32,272,Qk7-tPw2H-c,2026-09-04T04:25:51Z,commit:5c97d16a
Log Jam,Bryan Sutton,Into My Own,False,INDIFFERENT,4:33,273,DFVrobBOEa0,2026-09-04T04:21:18Z,commit:5c97d16a
Minor Swing,David Grisman,The David Grisman Quintet,False,INDIFFERENT,3:00,180,ONBYS-FSQwc,2026-09-04T04:18:18Z,commit:5c97d16a
Tentacle Dragon (Revenge of the) (feat. Billy Strings),Béla Fleck,My Bluegrass Heart,False,INDIFFERENT,5:54,354,C88W6NBodCM,2026-09-04T04:12:24Z,commit:5c97d16a
"Vertigo (feat. Sam Bush, Bryan Sutton, Edgar Meyer & Stuart Duncan)",Béla Fleck,My Bluegrass Heart,False,LIKE,5:19,319,CLSkIjLGEM0,2026-09-04T04:07:05Z,commit:5c97d16a
Destination,Nickel Creek,A Dotted Line,False,INDIFFERENT,3:52,232,H4e2YI2Qx5A,2026-09-04T04:03:13Z,commit:5c97d16a
The Sea,Sierra Ferrell,The Sea,False,LIKE,3:33,213,XJv58Q93_s0,2026-09-04T03:59:40Z,commit:5c97d16a
Turf The Gambler,"David Rawlings, Gillian Welch",Woodland,False,LIKE,2:50,170,-3l3X3ONBtk,2026-09-04T03:56:50Z,commit:5c97d16a
Poison Trees,The Devil Makes Three,Do Wrong Right,False,INDIFFERENT,3:58,238,uia5vCOAk2Y,2026-09-04T03:52:52Z,commit:5c97d16a
One More Day,The Wood Brothers,Ways Not To Lose,False,INDIFFERENT,3:07,187,oVZYCtuFVf8,2026-09-04T03:49:45Z,commit:5c97d16a
"Don't Think Twice, It's All Right",The Infamous Stringdusters,Undercover,False,LIKE,4:26,266,Wewb33DJSz0,2026-09-04T03:45:19Z,commit:5c97d16a
I Am A Man Of Constant Sorrow (Instrumental),Norman Blake,"O Brother, Where Art Thou? (Original Motion Picture Soundtrack)",False,INDIFFERENT,4:30,270,s-xRawj4dZo,2026-09-04T03:40:49Z,commit:5c97d16a
She's Your Baby,Ween,White Pepper,False,INDIFFERENT,3:01,181,SfwN4x--bew,2026-09-04T03:37:48Z,commit:5c97d16a
Jumbo,Punch Brothers,All Ashore,False,LIKE,3:36,216,ioDXUnJmdBE,2026-09-04T03:34:12Z,commit:5c97d16a
Ain't No Grave,Crooked Still,Shaken By A Low Sound,False,INDIFFERENT,3:22,202,eb4W_3KC50g,2026-09-04T03:30:50Z,commit:5c97d16a
The Way I Oughta Go,Bella White,The Way I Oughta Go,False,INDIFFERENT,4:11,251,G1sO_4QEEHs,2026-09-04T03:26:39Z,commit:5c97d16a
Seven Weeks In County,Billy Strings,Seven Weeks In County,False,INDIFFERENT,4:17,257,Q2htdugjQTs,2026-09-04T03:22:22Z,commit:5c97d16a
There's More Pretty Girls Than One,"Ricky Skaggs, Tony Rice",Skaggs And Rice,False,INDIFFERENT,3:05,185,mSjwUJvu0PI,2026-09-04T03:19:17Z,commit:5c97d16a
Hug Point (feat. Sierra Hull & Molly Tuttle),Béla Fleck,My Bluegrass Heart,False,INDIFFERENT,5:19,319,xtN5qkgVAVo,2026-09-04T03:13:58Z,commit:5c97d16a
Dollar Bill Bar,Sierra Ferrell,Dollar Bill Bar,False,INDIFFERENT,3:30,210,0_7TjIxxM_4,2026-09-04T03:10:28Z,commit:5c97d16a
"Vertigo (feat. Sam Bush, Bryan Sutton, Edgar Meyer & Stuart Duncan)",Béla Fleck,My Bluegrass Heart,False,LIKE,5:19,319,CLSkIjLGEM0,2026-09-04T03:05:09Z,commit:5c97d16a
Boll Weevil,Punch Brothers,The Phosphorescent Blues,False,INDIFFERENT,2:37,157,HTZdoye0rqg,2026-09-04T03:02:32Z,commit:5c97d16a
Patchwork Girlfriend,Punch Brothers,Who's Feeling Young Now?,False,LIKE,3:49,229,CMtyWB_Pzic,2026-09-04T02:58:43Z,commit:5c97d16a
Mull,Phish,"2021/10/26 Santa Barbara, CA",,INDIFFERENT,9:18,558,v35Y8u7rpG0,2026-09-04T02:49:25Z,commit:5c97d16a
Mountains In The Mist,Phish,"2021/10/26 Santa Barbara, CA",,INDIFFERENT,7:08,428,hzUcXNhA1Q0,2026-09-04T02:42:17Z,commit:5c97d16a
Halley's Comet,Phish,"2021/10/26 Santa Barbara, CA",,INDIFFERENT,11:26,686,nS_uSlX1t8A,2026-09-04T02:30:51Z,commit:5c97d16a
Leila (Anatolian Sessions Remix),Ephlum,Andalusia,False,INDIFFERENT,8:02,482,PAQTXAlwKXA,2026-09-04T02:22:49Z,commit:5c97d16a
Niv,Geju,Niv (Remixes),False,LIKE,6:49,409,9fvNi6OmAbU,2026-09-04T02:16:00Z,commit:5c97d16a
Lluvia (feat. Nicola Cruz & Mohanad Zohair),Klik & Frik,Telepat,False,INDIFFERENT,4:10,250,S85xONzkGEI,2026-09-04T02:11:50Z,commit:5c97d16a
Makisupa Policeman,Phish,"2021/10/26 Santa Barbara, CA",,INDIFFERENT,5:04,304,O8Mnhe0HhA8,2026-09-04T02:06:46Z,commit:5c97d16a
Pebbles and Marbles,Phish,"2021/10/26 Santa Barbara, CA",,INDIFFERENT,20:00,1200,I9tzRmf2Z1I,2026-09-04T01:46:46Z,commit:5c97d16a
Arsenal Dance,John Zorn,Filmworks II: Music for an Untitled Film by Walter Hill,,INDIFFERENT,3:59,239,XKYn_G437qc,2026-09-04T01:42:47Z,commit:5c97d16a
Alternate Ending/End Title,John Zorn,Filmworks II: Music for an Untitled Film by Walter Hill,,INDIFFERENT,2:42,162,B8YrDnEdcVQ,2026-09-04T01:40:05Z,commit:5c97d16a
Ending,John Zorn,Filmworks II: Music for an Untitled Film by Walter Hill,,INDIFFERENT,0:58,58,h6pXwTmpEas,2026-09-04T01:39:07Z,commit:5c97d16a
Outside,John Zorn,Filmworks II: Music for an Untitled Film by Walter Hill,,INDIFFERENT,0:25,25,CQ2zbglZJEY,2026-09-04T01:38:42Z,commit:5c97d16a
Kill Fever,John Zorn,Filmworks II: Music for an Untitled Film by Walter Hill,,INDIFFERENT,1:18,78,nyWOloi_Yh0,2026-09-04T01:37:24Z,commit:5c97d16a
Escape,John Zorn,Filmworks II: Music for an Untitled Film by Walter Hill,,INDIFFERENT,2:03,123,r6PV7J0CJrg,2026-09-04T01:35:21Z,commit:5c97d16a
Vengance Is Mine,John Zorn,Filmworks II: Music for an Untitled Film by Walter Hill,,INDIFFERENT,2:04,124,y6qfJad2x-Q,2026-09-04T01:33:17Z,commit:5c97d16a
Lucky Run,John Zorn,Filmworks II: Music for an Untitled Film by Walter Hill,,INDIFFERENT,1:00,60,A-9WhL-BJ54,2026-09-04T01:32:17Z,commit:5c97d16a
Heroin Fix,John Zorn,Filmworks II: Music for an Untitled Film by Walter Hill,,INDIFFERENT,2:41,161,jMXIbnvhvVU,2026-09-04T01:29:36Z,commit:5c97d16a
"The Plot, Part 2",John Zorn,Filmworks II: Music for an Untitled Film by Walter Hill,,INDIFFERENT,0:44,44,hl5MfbCDass,2026-09-04T01:28:52Z,commit:5c97d16a
"The Plot, Part 1",John Zorn,Filmworks II: Music for an Untitled Film by Walter Hill,,INDIFFERENT,1:34,94,IKBOId3iuU8,2026-09-04T01:27:18Z,commit:5c97d16a
Conspiracy,John Zorn,Filmworks II: Music for an Untitled Film by Walter Hill,,INDIFFERENT,0:47,47,CR6Pb46ov1w,2026-09-04T01:26:31Z,commit:5c97d16a
Dilemma,John Zorn,Filmworks II: Music for an Untitled Film by Walter Hill,,INDIFFERENT,1:16,76,uEVvSmNIweE,2026-09-04T01:25:15Z,commit:5c97d16a
Chimney,John Zorn,Filmworks II: Music for an Untitled Film by Walter Hill,,INDIFFERENT,0:24,24,o2vZs2pE6xQ,2026-09-04T01:24:51Z,commit:5c97d16a
The Magic of Gold,John Zorn,Filmworks II: Music for an Untitled Film by Walter Hill,,INDIFFERENT,2:26,146,i68s4OOVmq8,2026-09-04T01:22:25Z,commit:5c97d16a
Powerline,John Zorn,Filmworks II: Music for an Untitled Film by Walter Hill,,INDIFFERENT,0:20,20,VCQA48u6KcU,2026-09-04T01:22:05Z,commit:5c97d16a
King James,John Zorn,Filmworks II: Music for an Untitled Film by Walter Hill,,INDIFFERENT,1:07,67,020mzPNqQoU,2026-09-04T01:20:58Z,commit:5c97d16a
Arsenal,John Zorn,Filmworks II: Music for an Untitled Film by Walter Hill,,INDIFFERENT,0:56,56,zGhp1Gcr6v0,2026-09-04T01:20:02Z,commit:5c97d16a
Prying at the Windows,John Zorn,Filmworks II: Music for an Untitled Film by Walter Hill,,INDIFFERENT,0:38,38,Hx2xRDyQ4os,2026-09-04T01:19:24Z,commit:5c97d16a
Arrival,John Zorn,Filmworks II: Music for an Untitled Film by Walter Hill,,INDIFFERENT,0:47,47,5XrNtWEY3RY,2026-09-04T01:18:37Z,commit:5c97d16a
Escape Attempt,John Zorn,Filmworks II: Music for an Untitled Film by Walter Hill,,INDIFFERENT,1:44,104,L4nrvPWuwpI,2026-09-04T01:16:53Z,commit:5c97d16a
The Trunk,John Zorn,Filmworks II: Music for an Untitled Film by Walter Hill,,INDIFFERENT,0:09,9,UND68hF6EUs,2026-09-04T01:16:44Z,commit:5c97d16a
Dumping the Body,John Zorn,Filmworks II: Music for an Untitled Film by Walter Hill,,INDIFFERENT,0:40,40,VSQ1WtjzmnI,2026-09-04T01:16:04Z,commit:5c97d16a
Action,John Zorn,Filmworks II: Music for an Untitled Film by Walter Hill,,INDIFFERENT,0:41,41,IVHWgkY9Pdo,2026-09-04T01:15:23Z,commit:5c97d16a
Stealth,John Zorn,Filmworks II: Music for an Untitled Film by Walter Hill,,INDIFFERENT,0:44,44,pPJuuupi-Rg,2026-09-04T01:14:39Z,commit:5c97d16a
Two Interiors,John Zorn,Filmworks II: Music for an Untitled Film by Walter Hill,,INDIFFERENT,0:40,40,_GdiOekl7XM,2026-09-04T01:13:59Z,commit:5c97d16a
Rattlesnakes for Sergio Leone,John Zorn,Filmworks II: Music for an Untitled Film by Walter Hill,,INDIFFERENT,1:44,104,08KkzqUjDZA,2026-09-04T01:12:15Z,commit:5c97d16a
Exploring,John Zorn,Filmworks II: Music for an Untitled Film by Walter Hill,,INDIFFERENT,1:02,62,Z4G2i44THGA,2026-09-04T01:11:13Z,commit:5c97d16a
Scuffle,John Zorn,Filmworks II: Music for an Untitled Film by Walter Hill,,INDIFFERENT,0:22,22,FiCPXC-zIhc,2026-09-04T01:10:51Z,commit:5c97d16a
Pigeons,John Zorn,Filmworks II: Music for an Untitled Film by Walter Hill,,INDIFFERENT,0:53,53,jhhakX1RIiI,2026-09-04T01:09:58Z,commit:5c97d16a
Meatlocker,John Zorn,Filmworks II: Music for an Untitled Film by Walter Hill,,INDIFFERENT,0:58,58,yh511aP3bIQ,2026-09-04T01:09:00Z,commit:5c97d16a
"High Falls (Live at the Beacon Theatre, New York, NY - March 2000)",The Allman Brothers Band,Peakin' at the Beacon,False,INDIFFERENT,27:28,1648,VapDpctATQU,2026-09-04T00:41:32Z,commit:5c97d16a
"Seven Turns (Live at the Beacon Theatre, New York, NY - March 2000)",The Allman Brothers Band,Peakin' at the Beacon,False,INDIFFERENT,4:49,289,y0RaWHgc3G8,2026-09-04T00:36:43Z,commit:5c97d16a
"Leave My Blues At Home (Live at the Beacon Theatre, New York, NY - March 2000)",The Allman Brothers Band,Peakin' at the Beacon,False,INDIFFERENT,5:08,308,xraMFoJSgcA,2026-09-04T00:31:35Z,commit:5c97d16a
"Black Hearted Woman (Live at the Beacon Theatre, New York, NY - March 2000)",The Allman Brothers Band,Peakin' at the Beacon,False,INDIFFERENT,6:31,391,aIuYg1idDnY,2026-09-04T00:25:04Z,commit:5c97d16a
"Stand Back (Live at the Beacon Theatre, New York, NY - March 2000)",The Allman Brothers Band,Peakin' at the Beacon,False,INDIFFERENT,5:45,345,9kZydwRtE8g,2026-09-04T00:19:19Z,commit:5c97d16a
"Please Call Home (Live at the Beacon Theatre, New York, NY - March 2000)",The Allman Brothers Band,Peakin' at the Beacon,False,INDIFFERENT,4:31,271,dixcZxZqJ0c,2026-09-04T00:14:48Z,commit:5c97d16a
"Every Hungry Woman (Live at the Beacon Theatre, New York, NY - March 2000)",The Allman Brothers Band,Peakin' at the Beacon,False,INDIFFERENT,5:57,357,1plI98PdMCY,2026-09-04T00:08:51Z,commit:5c97d16a
"Ain't Wastin' Time No More (Live at the Beacon Theatre, New York, NY - March 2000)",The Allman Brothers Band,Peakin' at the Beacon,False,INDIFFERENT,5:47,347,ndyPjJ1ez8w,2026-09-04T00:03:04Z,commit:5c97d16a
"It's Not My Cross To Bear (Live at the Beacon Theatre, New York, NY - March 2000)",The Allman Brothers Band,Peakin' at the Beacon,False,INDIFFERENT,5:13,313,tRRjqwQtr-4,2026-09-03T23:57:51Z,commit:5c97d16a
"Don't Want You No More (Live at the Beacon Theatre, New York, NY - March 2000)",The Allman Brothers Band,Peakin' at the Beacon,False,INDIFFERENT,3:07,187,RwKsUV-JKdE,2026-09-03T23:54:44Z,commit:5c97d16a
Shine On You Crazy Diamond (Pts. I-V),Pink Floyd,Wish You Were Here,False,INDIFFERENT,13:32,812,Tu7oq3VNgpY,2026-09-03T23:41:12Z,commit:5c97d16a
All Along the Watchtower,The Jimi Hendrix Experience,Electric Ladyland,False,INDIFFERENT,4:01,241,wVLqFQ5QT7Y,2026-09-03T23:37:11Z,commit:5c97d16a
"Deal (Live at Barton Hall, Cornell University, Ithaca, NY 5/8/77)",Grateful Dead,Cornell 5/8/77 (Live),False,INDIFFERENT,6:11,371,lvwY2psxdl0,2026-09-03T23:31:00Z,commit:5c97d16a
Tangerine (Remaster),Led Zeppelin,Led Zeppelin III (Remaster),False,INDIFFERENT,3:12,192,_0Auvlsv860,2026-09-03T23:27:48Z,commit:5c97d16a
Sugaree,Jerry Garcia,Garcia,False,INDIFFERENT,5:53,353,sxF9UJ-Rm0E,2026-09-03T23:21:55Z,commit:5c97d16a
A New Door Opens,John Zorn,THE HERMETIC ORGAN VOLUME 11— FOR TERRY RILEY,False,INDIFFERENT,20:42,1242,rs2bL_mDHIA,2026-09-03T23:01:13Z,commit:5c97d16a
Heavy Things,Phish,Farmhouse,False,INDIFFERENT,4:16,256,wQKN9wr1-aE,2026-09-03T22:56:57Z,commit:5c97d16a
Althea (Live October 1989 - April 1990),Grateful Dead,Without a Net (Live),False,INDIFFERENT,6:55,415,XXnGyGp71xA,2026-09-03T22:50:02Z,commit:5c97d16a
That's the Way the World Goes Round,John Prine,Bruised Orange,False,LIKE,3:21,201,ZogciFl-udY,2026-09-03T22:46:41Z,commit:5c97d16a
The Weight (Remastered 2000),The Band,Music From Big Pink,False,INDIFFERENT,4:35,275,QWu-f7HFFJE,2026-09-03T22:42:06Z,commit:5c97d16a
"Willin' (Live at Lisner Auditorium, Washington, DC, 8/8/1977)",Little Feat,Waiting for Columbus (Live Version; Deluxe Edition),False,INDIFFERENT,4:43,283,YIIDvLXySH8,2026-09-03T22:37:23Z,commit:5c97d16a
"Ramble on Rose (Live at the Strand Lyceum, London, England, 5/26/72) [2001 Remaster]",Grateful Dead,Europe '72 (Live; 2001 Remaster),False,INDIFFERENT,6:02,362,R-MWLPJL3b0,2026-09-03T22:31:21Z,commit:5c97d16a
"Rocket Man (I Think It's Going To Be A Long, Long Time)",Elton John,Honky Chateau,False,INDIFFERENT,4:42,282,BdEe5SpdIuo,2026-09-03T22:26:39Z,commit:5c97d16a
One Toke Over the Line,Brewer & Shipley,Tarkio Road,False,LIKE,3:20,200,OF3EUFnafp8,2026-09-03T22:23:19Z,commit:5c97d16a
Right Place Wrong Time,Dr. John,In The Right Place,False,INDIFFERENT,2:56,176,zw-2CTx4YgY,2026-09-03T22:20:23Z,commit:5c97d16a
Uncle John's Band,Grateful Dead,Workingman's Dead,False,INDIFFERENT,4:45,285,yD1naKNQuF4,2026-09-03T22:15:38Z,commit:5c97d16a
Dreams (2004 Remaster),Fleetwood Mac,Rumours,False,INDIFFERENT,4:18,258,swJOIjjW69U,2026-09-03T22:11:20Z,commit:5c97d16a
Apeman (2020 Stereo Remaster),The Kinks,"Lola Versus Powerman and the Moneygoround, Pt. 1",False,INDIFFERENT,3:54,234,3eoeA_8hC4c,2026-09-03T22:07:26Z,commit:5c97d16a
You Were the Fool,Ween,12 Golden Country Greats,False,INDIFFERENT,4:27,267,plKeLTrR8Cs,2026-09-03T22:02:59Z,commit:5c97d16a
Scarlet Begonias,Grateful Dead,From the Mars Hotel,False,INDIFFERENT,4:20,260,xt4XAz2WZ3Y,2026-09-03T21:58:39Z,commit:5c97d16a
How Sweet It Is (To Be Loved By You) (Previously Unreleased Take),"Jerry Garcia, Merl Saunders",Keystone Companions: The Complete 1973 Fantasy Recordings,False,INDIFFERENT,8:10,490,TGQSw_VbOzQ,2026-09-03T21:50:29Z,commit:5c97d16a
Back in the Goodle Days,John Hartford,Aereo-Plain,False,INDIFFERENT,3:40,220,UcF0SY0m3sU,2026-09-03T21:46:49Z,commit:5c97d16a
Rocky Raccoon (Remastered 2009),The Beatles,The Beatles,False,INDIFFERENT,3:34,214,sDcDCZGcZj8,2026-09-03T21:43:15Z,commit:5c97d16a
"Peggy-O (Live in Englishtown, NJ, September 3, 1977)",Grateful Dead,"Dick's Picks Vol. 15: Raceway Park, Englishtown, NJ 9/3/77 (Live)",False,INDIFFERENT,9:19,559,Q6kT4pItzj0,2026-09-03T21:33:56Z,commit:5c97d16a
Box of Rain,Grateful Dead,American Beauty,False,INDIFFERENT,5:19,319,nxjvo4BRf-Y,2026-09-03T21:28:37Z,commit:5c97d16a
Danza de Vision,Nicola Cruz,Cantos de Vision,False,INDIFFERENT,5:30,330,DTG3pbGnV7k,2026-09-03T21:23:07Z,commit:5c97d16a
Les Yeux Noirs (Dark Eyes),Pomplamoose,Les Yeux Noirs (Dark Eyes),False,LIKE,2:50,170,aF3nNI47aO0,2026-09-03T21:20:17Z,commit:5c97d16a
L.S.D.,Hallucinogen,Twisted,False,INDIFFERENT,6:44,404,sG_etTHdrBc,2026-09-03T21:13:33Z,commit:5c97d16a
Meditation,Turu Anasi,Meditation,False,LIKE,8:30,510,O8det02XaIA,2026-09-03T21:05:03Z,commit:5c97d16a
Pineapple Boosts Your Melatonin (feat. James Ocen),Tom Blip,Isolation Therapy,False,INDIFFERENT,5:07,307,p-7b-1olME0,2026-09-03T20:59:56Z,commit:5c97d16a
Sisyphus,Andrew Bird,My Finest Work Yet,False,LIKE,4:08,248,OsgUQrKTTtc,2026-09-03T20:55:48Z,commit:5c97d16a
Vayu,Kora (CA),Fragile,False,INDIFFERENT,7:07,427,4_MvoXkG9dk,2026-09-03T20:48:41Z,commit:5c97d16a
Snake Oil,Glass Beams,Mahal,False,INDIFFERENT,4:56,296,qcraR6poCHk,2026-09-03T20:43:45Z,commit:5c97d16a
"High Tide, Storm Rising",Skinshape,"High Tide, Storm Rising",False,LIKE,3:57,237,2t1EiWjHFt8,2026-09-03T20:39:48Z,commit:5c97d16a
No Depression (In Heaven) (feat. The Carter Family),Blind Willie Johnson,"The Old Time Music Radio Show Bluegrass, Blues & Gospel",False,LIKE,2:59,179,NOVRYpNS8vY,2026-09-03T20:36:49Z,commit:5c97d16a
All That Love,Andie Zuzarte,All That Love,False,LIKE,3:32,212,t7viuDDbQ5M,2026-09-03T20:33:17Z,commit:5c97d16a
Turn Signals,Andie Zuzarte,Turn Signals,False,INDIFFERENT,3:50,230,5kM4hCLOIcE,2026-09-03T20:29:27Z,commit:5c97d16a
Hold On,Tom Waits,Mule Variations,False,INDIFFERENT,5:34,334,FFv_8gsOJaQ,2026-09-03T20:23:53Z,commit:5c97d16a
Downstream (feat. John Anderson),"Bonnie ""Prince"" Billy",Downstream,False,INDIFFERENT,3:49,229,r8URo7b-bkQ,2026-09-03T20:20:04Z,commit:5c97d16a
Been Worryin',"Cat Clyde, Jeremie Albino",Been Worryin',False,INDIFFERENT,3:03,183,GJsig9M42UE,2026-09-03T20:17:01Z,commit:5c97d16a
Time,Angelo De Augustine,Tomb,False,INDIFFERENT,3:57,237,Nk09fCR0sF0,2026-09-03T20:13:04Z,commit:5c97d16a
New Partner,Palace Music,Viva Last Blues,False,INDIFFERENT,3:55,235,HI9TtCpOnD4,2026-09-03T20:09:09Z,commit:5c97d16a
Way of the Triune God (Hallelujah Version),Tyler Childers,Can I Take My Hounds to Heaven?,False,INDIFFERENT,3:29,209,YYC4scj5rXY,2026-09-03T20:05:40Z,commit:5c97d16a
25 & Wastin' Time,Vincent Neil Emerson,Fried Chicken & Evil Women,False,LIKE,2:58,178,qNxFqo7VIiE,2026-09-03T20:02:42Z,commit:5c97d16a
Spiders (Kidsmoke),Wilco,A Ghost Is Born,False,INDIFFERENT,10:43,643,Yk541WmcoSg,2026-09-03T19:51:59Z,commit:5c97d16a
"Don't Think Twice, It's All Right",Bob Dylan,Bob Dylan's Greatest Hits Volume II,False,INDIFFERENT,3:38,218,mOCTQKW7CwE,2026-09-03T19:48:21Z,commit:5c97d16a
The Problem,J.J. Cale,To Tulsa and Back,False,INDIFFERENT,4:32,272,XH9vcf_f99g,2026-09-03T19:43:49Z,commit:5c97d16a
The Way It Goes,Gillian Welch,The Harrow & The Harvest,False,INDIFFERENT,4:02,242,HNHPoHLqtTk,2026-09-03T19:39:47Z,commit:5c97d16a
Waiting Around To Die,The Be Good Tanyas,Chinatown,False,INDIFFERENT,5:15,315,yfCRXCfL_Ls,2026-09-03T19:34:32Z,commit:5c97d16a
Hard Life,Bonnie 'Prince' Billy,Master And Everyone,False,INDIFFERENT,3:35,215,BEHhsI4KYHM,2026-09-03T19:30:57Z,commit:5c97d16a
I Love Doing Drugs,The Devil Makes Three,Spirits,False,INDIFFERENT,3:11,191,mc6Li4QuNDE,2026-09-03T19:27:46Z,commit:5c97d16a
Oh No,Andrew Bird,Noble Beast,False,INDIFFERENT,4:21,261,7x0g6jYEMOQ,2026-09-03T19:23:25Z,commit:5c97d16a
Tonight With The Dogs I'm Sleeping,"Bonnie ""Prince"" Billy",The Purple Bird,False,LIKE,3:40,220,w5K_HrXoCq8,2026-09-03T19:19:45Z,commit:5c97d16a
Paradise,John Prine,John Prine,False,INDIFFERENT,3:16,196,ediaZ5DhYjw,2026-09-03T19:16:29Z,commit:5c97d16a
Rye Whiskey,Punch Brothers,Antifogmatic,False,INDIFFERENT,3:30,210,jXfE-e4a3GU,2026-09-03T19:12:59Z,commit:5c97d16a
Up the Devil's Pay,Old 97's,Satellite Rides,False,INDIFFERENT,3:49,229,GjVW0bASORY,2026-09-03T19:09:10Z,commit:5c97d16a
By The End of The Night,Old 97's,American Primitive,False,INDIFFERENT,3:49,229,pizGWts_zeI,2026-09-03T19:05:21Z,commit:5c97d16a
Honeypie,Old 97's,American Primitive,False,INDIFFERENT,2:51,171,OTjBenjMVdg,2026-09-03T19:02:30Z,commit:5c97d16a
Where The Road Goes,Old 97's,American Primitive,False,INDIFFERENT,4:02,242,TwX_JFkYwGw,2026-09-03T18:58:28Z,commit:5c97d16a
American Primitive,Old 97's,American Primitive,False,INDIFFERENT,3:46,226,yg088x41XoU,2026-09-03T18:54:42Z,commit:5c97d16a
Somebody,Old 97's,American Primitive,False,INDIFFERENT,2:51,171,B_KO1BM8HhU,2026-09-03T18:51:51Z,commit:5c97d16a
Falling Down,Old 97's,American Primitive,False,INDIFFERENT,3:11,191,tKgiVRqKHdU,2026-09-03T18:48:40Z,commit:5c97d16a
Valerie,The Brothers Comatose,City Painted Gold,False,INDIFFERENT,4:55,295,COhTR76wtKE,2026-09-03T18:43:45Z,commit:5c97d16a
Fire On the Mountain,Iron Horse,Ridin' Out The Storm,False,INDIFFERENT,3:19,199,1xEyds9Z4II,2026-09-03T18:40:26Z,commit:5c97d16a
"Rhapsody in Blue(grass) (feat. Michael Cleveland, Sierra Hull, Justin Moses & Mark Schatz)",Béla Fleck,Rhapsody in Blue (grass),False,INDIFFERENT,12:10,730,8DHPxRZFWQE,2026-09-03T18:28:16Z,commit:5c97d16a
Storms,Railroad Earth,The Good Life,False,INDIFFERENT,4:55,295,OhGjnH03uz0,2026-09-03T18:23:21Z,commit:5c97d16a
Life Short Call Now,Jimmy Buffett,Buffet Hotel,False,LIKE,4:09,249,x-lGd5SWnyc,2026-09-03T18:19:12Z,commit:5c97d16a
Gild the Lily,Billy Strings,Highway Prayers,False,INDIFFERENT,5:06,306,JFK36ok9Bg8,2026-09-03T18:14:06Z,commit:5c97d16a
Our Home (feat. Tim O'Brien),"Bonnie ""Prince"" Billy",The Purple Bird,False,INDIFFERENT,2:56,176,dgDgfmhq-P0,2026-09-03T18:11:10Z,commit:5c97d16a
Is My Living in Vain?,"Bonnie ""Prince"" Billy",The Purple Bird,False,INDIFFERENT,3:15,195,PPc5jFFE43A,2026-09-03T18:07:55Z,commit:5c97d16a
One of These Days (I'm Gonna Spend the Whole Night With You),"Bonnie ""Prince"" Billy",The Purple Bird,False,INDIFFERENT,3:51,231,IIcujlhXnRc,2026-09-03T18:04:04Z,commit:5c97d16a
02-17-2016,Pretty Lights The Hot Shit,The Hot Shit 2016,,INDIFFERENT,59:53,3593,872DdU_82Ac,2026-09-03T17:04:11Z,commit:5c97d16a
03-09-2016,Pretty Lights The Hot Shit,The Hot Shit 2016,,INDIFFERENT,59:12,3552,yuVkz7hG_VA,2026-09-03T16:04:59Z,commit:5c97d16a
Our Home (feat. Tim O'Brien),"Bonnie ""Prince"" Billy",The Purple Bird,False,INDIFFERENT,2:56,176,dgDgfmhq-P0,2026-09-03T16:02:03Z,commit:5c97d16a
Is My Living in Vain?,"Bonnie ""Prince"" Billy",The Purple Bird,False,INDIFFERENT,3:15,195,PPc5jFFE43A,2026-09-03T15:58:48Z,commit:5c97d16a
Downstream (feat. John Anderson),"Bonnie ""Prince"" Billy",The Purple Bird,False,INDIFFERENT,3:49,229,LsP_NtKgv04,2026-09-03T15:54:59Z,commit:5c97d16a
Guns Are For Cowards,"Bonnie ""Prince"" Billy",The Purple Bird,False,INDIFFERENT,3:04,184,s8Bid4Rm4IM,2026-09-03T15:51:55Z,commit:5c97d16a
New Water,"Bonnie ""Prince"" Billy",The Purple Bird,False,INDIFFERENT,3:40,220,gr7LmjQm9Sw,2026-09-03T15:48:15Z,commit:5c97d16a
Sometimes It's Hard to Breathe,"Bonnie ""Prince"" Billy",The Purple Bird,False,INDIFFERENT,3:47,227,h33CTN_xs-s,2026-09-03T15:44:28Z,commit:5c97d16a
The Water's Fine,"Bonnie ""Prince"" Billy",The Purple Bird,False,INDIFFERENT,4:26,266,wNX8gptGDB4,2026-09-03T15:40:02Z,commit:5c97d16a
"Boise, Idaho","Bonnie ""Prince"" Billy",The Purple Bird,False,INDIFFERENT,3:47,227,n8RSR7ef1B8,2026-09-03T15:36:15Z,commit:5c97d16a
Tonight With The Dogs I'm Sleeping,"Bonnie ""Prince"" Billy",The Purple Bird,False,LIKE,3:40,220,w5K_HrXoCq8,2026-09-03T15:32:35Z,commit:5c97d16a
London May,"Bonnie ""Prince"" Billy",The Purple Bird,False,LIKE,3:21,201,RNn9KWDZnnc,2026-09-03T15:29:14Z,commit:5c97d16a
Turned To Dust (Rolling On),"Bonnie ""Prince"" Billy",The Purple Bird,False,INDIFFERENT,4:05,245,MwgevRx7Yxo,2026-09-03T15:25:09Z,commit:5c97d16a
Shake It Babe,Cristina Vane,Shake It Babe,False,INDIFFERENT,2:34,154,pYY_WzaDaO4,2026-09-03T15:22:35Z,commit:5c97d16a
Tarlabasi (Be Svendsen Remix),Oceanvs Orientalis,Indoor Voyager EP,False,INDIFFERENT,9:06,546,LEsB_pwCmpQ,2026-09-03T15:13:29Z,commit:5c97d16a
The Errant Path - Sirius #45,Jon Fishman,The Errant Path,,INDIFFERENT,2:06:16,7576,OkjpRdwMpMo,2026-09-03T13:07:13Z,commit:5c97d16a
Pineapple Boosts Your Melatonin (feat. James Ocen),Tom Blip,Isolation Therapy,False,INDIFFERENT,5:07,307,p-7b-1olME0,2026-09-03T13:02:06Z,commit:5c97d16a
Never Stop (feat. Reece Spooner),Super Drama,Isolation Therapy,False,INDIFFERENT,6:00,360,4mq7l_Q0wyM,2026-09-03T12:56:06Z,commit:5c97d16a
We Own the Night,Generation Next,Isolation Therapy,False,INDIFFERENT,4:39,279,M53xATOHWBQ,2026-09-03T12:51:27Z,commit:5c97d16a
Blessing,Aleqs Notal,Isolation Therapy,False,INDIFFERENT,6:56,416,_zHMV3kx4Ww,2026-09-03T12:44:31Z,commit:5c97d16a
The World Is Love,Prequel,Isolation Therapy,False,INDIFFERENT,4:40,280,YTaMWqhWSjQ,2026-09-03T12:39:51Z,commit:5c97d16a
Tomorrow,Hysteric,Isolation Therapy,False,INDIFFERENT,5:15,315,l8_NcNsYUco,2026-09-03T12:34:36Z,commit:5c97d16a
Corona Theresa,Bayetë & Probably Sean,Isolation Therapy,False,INDIFFERENT,3:12,192,kG3pRDxGlvo,2026-09-03T12:31:24Z,commit:5c97d16a
It's a Dub,Manuel Darquart,Isolation Therapy,False,INDIFFERENT,3:53,233,wLmOtu8GogQ,2026-09-03T12:27:31Z,commit:5c97d16a
Genesis,MYKI,Isolation Therapy,False,INDIFFERENT,6:29,389,k6aiV_y2Nsw,2026-09-03T12:21:02Z,commit:5c97d16a
Put Your Hand on That Television,Alek Lee,Isolation Therapy,False,INDIFFERENT,4:44,284,u7L3GqqJ5a4,2026-09-03T12:16:18Z,commit:5c97d16a
Time Enough For,Nikki Nair,Isolation Therapy,False,LIKE,5:44,344,cJ-mOn8wNVg,2026-09-03T12:10:34Z,commit:5c97d16a
No Mo Dinin',Lily Haz,Isolation Therapy,False,INDIFFERENT,3:18,198,bSbjiHkIsPY,2026-09-03T12:07:16Z,commit:5c97d16a
Precipice,Hector Plimmer,Isolation Therapy,False,INDIFFERENT,3:04,184,mhhrg94CzGs,2026-09-03T12:04:12Z,commit:5c97d16a
All the Things I Am,The Head,Isolation Therapy,False,INDIFFERENT,7:06,426,n1dJVgCdYVI,2026-09-03T11:57:06Z,commit:5c97d16a
2120,Olsvangèr,Isolation Therapy,False,INDIFFERENT,7:10,430,Du2x4idZvBo,2026-09-03T11:49:56Z,commit:5c97d16a
The Errant Path - Sirius #45,Jon Fishman,The Errant Path,,INDIFFERENT,2:06:16,7576,OkjpRdwMpMo,2026-09-03T09:43:40Z,commit:5c97d16a
Return of the Grievous Angel (2006 Remaster),Gram Parsons,Grievous Angel,False,LIKE,4:27,267,h_Iz0iVvhEc,2026-09-03T09:39:13Z,commit:5c97d16a
Gator,Jerry Reed,Both Barrels,False,LIKE,2:58,178,fty3aTMWbWc,2026-09-03T09:36:15Z,commit:5c97d16a
Kairosmind,Geju & Waxwood,Water Elements,False,LIKE,8:35,515,zXvEyc04B28,2026-09-03T09:27:40Z,commit:5c97d16a
Fortitude without Grace (feat. CARM),Blurry The Explorer,Blurry The Explorer,False,INDIFFERENT,5:26,326,3fCxoiPQgyo,2026-09-03T09:22:14Z,commit:5c97d16a
Bash Bish (feat. LIP TALK),Blurry The Explorer,Blurry The Explorer,False,INDIFFERENT,3:43,223,T5IUr6Rf15M,2026-09-03T09:18:31Z,commit:5c97d16a
Frequent and In Jest,Blurry The Explorer,Blurry The Explorer,False,INDIFFERENT,3:40,220,94lOQ0yQRKs,2026-09-03T09:14:51Z,commit:5c97d16a
Yoru Ni Yuku (feat. Tenniscoats),Blurry The Explorer,Blurry The Explorer,False,INDIFFERENT,3:32,212,gyx-TVs9K9Y,2026-09-03T09:11:19Z,commit:5c97d16a
Tulip Grazing,Blurry The Explorer,Blurry The Explorer,False,INDIFFERENT,4:22,262,CHWASab73vs,2026-09-03T09:06:57Z,commit:5c97d16a
There's Still,Blurry The Explorer,Blurry The Explorer,False,INDIFFERENT,3:29,209,QVEtv1KR9Lk,2026-09-03T09:03:28Z,commit:5c97d16a
Orange Tree Fallen (feat. Brian Eno & CARM),Blurry The Explorer,Blurry The Explorer,False,INDIFFERENT,4:23,263,fmdxSeUSNuI,2026-09-03T08:59:05Z,commit:5c97d16a
Teşekkürler,Blurry The Explorer,Blurry The Explorer,False,INDIFFERENT,4:09,249,Q5Zg7gkaDAI,2026-09-03T08:54:56Z,commit:5c97d16a
Historia da sua Vida (feat. CARM),Blurry The Explorer,Blurry The Explorer,False,INDIFFERENT,3:53,233,3F3ZWN3Vzck,2026-09-03T08:51:03Z,commit:5c97d16a
Limited By Jelly (feat. Kalmia Traver),Blurry The Explorer,Blurry The Explorer,False,INDIFFERENT,5:29,329,IqOnpKhIbUc,2026-09-03T08:45:34Z,commit:5c97d16a
The Errant Path - Sirius #67,Jon Fishman,The Errant Path,,INDIFFERENT,2:01:03,7263,qvyKjLODRJM,2026-09-03T06:44:31Z,commit:5c97d16a
Armen Miran & Hraach - Karahunj (The Prelude),"21M views, Spiritual Sounds",,False,INDIFFERENT,6:05,365,RiLe43yIONI,2026-09-03T06:38:26Z,commit:5c97d16a
Flying Carpet (feat. Bahramji),ELEA,"Maui Chill, Vol. One (Sunset at the Kihei Cafe)",False,INDIFFERENT,7:42,462,zOdJ3K1_uXs,2026-09-03T06:30:44Z,commit:5c97d16a
Djiin,Sahalé,Sahalé's Finest,False,INDIFFERENT,6:24,384,29wsP4VAGoI,2026-09-03T06:24:20Z,commit:5c97d16a
Artemisia,Solidmind,Artemisia,False,INDIFFERENT,5:36,336,CWhgI0kTwaE,2026-09-03T06:18:44Z,commit:5c97d16a
Calypso,Wanduta,Calypso,False,INDIFFERENT,3:56,236,gto6QYUpiuA,2026-09-03T06:14:48Z,commit:5c97d16a
Empty Streets,Martin Roth,An Analog Guy in a Digital World,False,INDIFFERENT,9:51,591,chy5qEhDBMo,2026-09-03T06:04:57Z,commit:5c97d16a
Once Upon The Sea of Blissful Awareness (Esionjim Remix),Shpongle,Shpongle Remixed,False,INDIFFERENT,6:55,415,aZ-BXFoN2t8,2026-09-03T05:58:02Z,commit:5c97d16a
Kylie,Kerala Dust,Motions,False,INDIFFERENT,6:19,379,buLxWTViDq0,2026-09-03T05:51:43Z,commit:5c97d16a
Spiritual Antiseptic (Minty Fresh Confidence Mix),Hallucinogen,In Dub mixed by Ott,False,INDIFFERENT,8:17,497,ImLxBc8kSzQ,2026-09-03T05:43:26Z,commit:5c97d16a
Luz,thds,Ubuntu,False,INDIFFERENT,5:14,314,Z-g2K70NHQk,2026-09-03T05:38:12Z,commit:5c97d16a
Mundo Maravilloso,Turu Anasi,Mundo Maravilloso,False,INDIFFERENT,7:35,455,0PuYauzFt50,2026-09-03T05:30:37Z,commit:5c97d16a
Juraso (Zuma Dionys Remix),Turu Anasi,Juraso,False,INDIFFERENT,7:07,427,pm9-qOKTf1c,2026-09-03T05:23:30Z,commit:5c97d16a
Kairosmind,Geju & Waxwood,Water Elements,False,LIKE,8:35,515,zXvEyc04B28,2026-09-03T05:14:55Z,commit:5c97d16a
Untitled (Late Sun),Kerala Dust,Late Sun,False,INDIFFERENT,6:27,387,dfbaFGGlOrA,2026-09-03T05:08:28Z,commit:5c97d16a
07-06-2016,Pretty Lights The Hot Shit,The Hot Shit 2016,,INDIFFERENT,1:00:18,3618,3wmNlnxOQGY,2026-09-03T04:08:10Z,commit:5c97d16a
06-29-2016,Pretty Lights The Hot Shit,The Hot Shit 2016,,INDIFFERENT,1:00:01,3601,ewZqH1yvwbM,2026-09-03T03:08:09Z,commit:5c97d16a
06-22-2016,Pretty Lights The Hot Shit,The Hot Shit 2016,,INDIFFERENT,1:00:03,3603,oQtbhs_f3F0,2026-09-03T02:08:06Z,commit:5c97d16a
Almost Familiar,Pretty Lights,Taking up Your Precious Time,False,INDIFFERENT,4:14,254,7hma1cIGB2o,2026-09-03T02:03:52Z,commit:5c97d16a
Roustabout (Bassnectar REMIX),Beats Antique,Collide,False,LIKE,3:06,186,u8AD4rVEqno,2026-09-03T02:00:46Z,commit:5c97d16a
The Errant Path - Sirius #67,Jon Fishman,The Errant Path,,INDIFFERENT,2:01:03,7263,qvyKjLODRJM,2026-09-02T23:59:43Z,commit:5c97d16a
Life,MasaH,"The State of Underground Sa, Vol. 2",False,INDIFFERENT,6:46,406,4_oTVi2R3Wk,2026-09-02T23:52:57Z,commit:5c97d16a
Isalak’Tshelwa,Pemza SA,"The State of Underground Sa, Vol. 2",False,INDIFFERENT,6:46,406,bUmuB8jXAVI,2026-09-02T23:46:11Z,commit:5c97d16a
Midnight Rider,The Allman Brothers Band,Idlewild South (Deluxe Edition Remastered),False,INDIFFERENT,3:01,181,O6Q40nZRRco,2026-09-02T23:43:10Z,commit:5c97d16a
Lumina,Loscil,Clara,False,INDIFFERENT,6:13,373,skk08zlT1B0,2026-09-02T23:36:57Z,commit:5c97d16a
Urmel,okuma,Urmel / Kalkutta,False,LIKE,7:50,470,p4wmAhqaIx4,2026-09-02T23:29:07Z,commit:5c97d16a
It's Raining Here This Morning,"Norman Blake, Tony Rice",Norman Blake & Tony Rice 2,False,INDIFFERENT,3:38,218,YXJHpgNymOA,2026-09-02T23:25:29Z,commit:5c97d16a
Stay Forever,Ween,White Pepper,False,INDIFFERENT,3:33,213,POvewep_wPQ,2026-09-02T23:21:56Z,commit:5c97d16a
The Carneddau,Orions Belte,The Carneddau,False,INDIFFERENT,3:52,232,K5-YOQweGiQ,2026-09-02T23:18:04Z,commit:5c97d16a
Visions,Warmth,Revenant,False,INDIFFERENT,9:08,548,6VKPoONbcqo,2026-09-02T23:08:56Z,commit:5c97d16a
Georgia Bound (1929 Version),Blind Blake,Back To The Crossroads: The Roots Of Robert Johnson,False,INDIFFERENT,3:24,204,8ateKBTzYd8,2026-09-02T23:05:32Z,commit:5c97d16a
I'm Waiting For The Man,"Nico, The Velvet Underground",The Velvet Underground & Nico (45th Anniversary / Super Deluxe Edition),False,INDIFFERENT,4:40,280,YbigVkiAe0s,2026-09-02T23:00:52Z,commit:5c97d16a
Surge (Two Fingers remix),Amon Tobin,ISAM Live,,INDIFFERENT,4:59,299,uVA5Qlj_Xv8,2026-09-02T22:55:53Z,commit:5c97d16a
31 SOAM (8-15-04).mp3,Phish,Grit and Grime,,INDIFFERENT,7:23,443,0665RHYfs1Q,2026-09-02T22:48:30Z,commit:5c97d16a
Fast Enough for You,Phish,"2019/06/30 Camden, NJ",,INDIFFERENT,6:00,360,Gi1H9q6XloI,2026-09-02T22:42:30Z,commit:5c97d16a
Evolve,Phish,Evolve,False,LIKE,4:13,253,Qbx7oNFmv-s,2026-09-02T22:38:17Z,commit:5c97d16a
"It Takes a Lot to Laugh, It Takes a Train to Cry",Bob Dylan,Highway 61 Revisited,False,LIKE,4:06,246,MUHgQohCsao,2026-09-02T22:34:11Z,commit:5c97d16a
En el viento (feat. Philip Eidam),Seba Campos,En el viento,False,INDIFFERENT,3:32,212,HJ_Ao1z7agY,2026-09-02T22:30:39Z,commit:5c97d16a
The Cobbler's Kid Goes Barefoot,The Clark McLane Band,Cut to Fit,False,LIKE,3:08,188,qix0nzVTuws,2026-09-02T22:27:31Z,commit:5c97d16a
Moo Doggies,The Clark McLane Band,Cut to Fit,False,INDIFFERENT,3:00,180,nFufb4pudR0,2026-09-02T22:24:31Z,commit:5c97d16a
My Hope's Tossed into the Wind,The Clark McLane Band,Cut to Fit,False,INDIFFERENT,3:46,226,Dp0ikhDP814,2026-09-02T22:20:45Z,commit:5c97d16a
Eternity's Eve,The Clark McLane Band,Cut to Fit,False,LIKE,2:27,147,m89u5N35uoM,2026-09-02T22:18:18Z,commit:5c97d16a
In The Third Heaven,Soaking in His Presence,In The Third Heaven,False,INDIFFERENT,1:02:58,3778,jZBLV0md_Vg,2026-09-02T21:15:20Z,commit:5c97d16a
Endless Falls,loscil,Endless Falls,False,INDIFFERENT,7:56,476,xxxpnfRi4Tw,2026-09-02T21:07:24Z,commit:5c97d16a
No Depression (In Heaven) (feat. The Carter Family),Blind Willie Johnson,"The Old Time Music Radio Show Bluegrass, Blues & Gospel",False,LIKE,2:59,179,NOVRYpNS8vY,2026-09-02T21:04:25Z,commit:5c97d16a
Leila (Anatolian Sessions Remix),Ephlum,Andalusia,False,INDIFFERENT,8:02,482,PAQTXAlwKXA,2026-09-02T20:56:23Z,commit:5c97d16a
Niv,Geju,Niv (Remixes),False,LIKE,6:49,409,9fvNi6OmAbU,2026-09-02T20:49:34Z,commit:5c97d16a
Lluvia (feat. Nicola Cruz & Mohanad Zohair),Klik & Frik,Telepat,False,INDIFFERENT,4:10,250,S85xONzkGEI,2026-09-02T20:45:24Z,commit:5c97d16a
Darjeeling Train,"Dole & Kom, Seth Schwarz",Darjeeling Train,False,INDIFFERENT,8:12,492,LC0jj38zP1o,2026-09-02T20:37:12Z,commit:5c97d16a
American Dreaming,Sierra Ferrell,American Dreaming (Single Edit),False,INDIFFERENT,4:18,258,MARPEvw2Prw,2026-09-02T20:32:54Z,commit:5c97d16a
$10 Cowboy,Charley Crockett,$10 Cowboy,False,INDIFFERENT,3:36,216,mwT-smk8VOA,2026-09-02T20:29:18Z,commit:5c97d16a
Solace,Thabza De Soul,Solace,False,INDIFFERENT,6:37,397,BLxGXjMqdC0,2026-09-02T20:22:41Z,commit:5c97d16a
When Talk Is Expensive (Nostalgic Mix),"T'TimeZer011, The Godfathers of Deep House SA",The Arabic Journey,False,INDIFFERENT,6:50,410,N0X_oqz1umc,2026-09-02T20:15:51Z,commit:5c97d16a
We R 1,"China Charmeleon, Hypaphonik",Ubuntu,False,INDIFFERENT,7:07,427,moHSzH_PjWU,2026-09-02T20:08:44Z,commit:5c97d16a
Alone in a Strange Place (Addictive Mix),"AquaReece, Da Real Emkay",Alone in a Strange Place,False,INDIFFERENT,6:56,416,NIRS-b_DP6c,2026-09-02T20:01:48Z,commit:5c97d16a
Deep Melodies,D33P KR,Clouds of Love,False,INDIFFERENT,6:15,375,cLvu4jkWX34,2026-09-02T19:55:33Z,commit:5c97d16a
Who Stole My Sax (feat. Gundo Sax),Da Gifto,Grateful EP vol.2,False,INDIFFERENT,7:26,446,LceVKMtZ2SQ,2026-09-02T19:48:07Z,commit:5c97d16a
Let It Be,De-Spho,Ep of 4,False,INDIFFERENT,6:40,400,ZVFrgRMoRt4,2026-09-02T19:41:27Z,commit:5c97d16a
Hosh (M.PATRICK Nostalgic Sos Mix),The Godfathers Of Deep House SA,Before the Sun Sets (Saudade Selections II),False,INDIFFERENT,7:36,456,LMNd_vTPSok,2026-09-02T19:33:51Z,commit:5c97d16a
Promotional Song,Cee En,"The State of Underground Sa, Vol. 2",False,INDIFFERENT,5:43,343,wBHyP2Ijgh8,2026-09-02T19:28:08Z,commit:5c97d16a
Nightmare,DoskiWaAfrika,"The State of Underground Sa, Vol. 2",False,INDIFFERENT,5:56,356,RfuGAT8cWmg,2026-09-02T19:22:12Z,commit:5c97d16a
Aliens,Bernie Cue,"The State of Underground Sa, Vol. 2",False,INDIFFERENT,6:41,401,Fzp6NxWKEnM,2026-09-02T19:15:31Z,commit:5c97d16a
White Flower,Klangphonics,Songs to Try,False,INDIFFERENT,7:10,430,O5SXOaauKpE,2026-09-02T19:08:21Z,commit:5c97d16a
Glitter,Arch Elixir,"The State of Underground Sa, Vol. 2",False,INDIFFERENT,7:09,429,SGg8hwbPqjM,2026-09-02T19:01:12Z,commit:5c97d16a
Life,MasaH,"The State of Underground Sa, Vol. 2",False,INDIFFERENT,6:46,406,4_oTVi2R3Wk,2026-09-02T18:54:26Z,commit:5c97d16a
Isalak’Tshelwa,Pemza SA,"The State of Underground Sa, Vol. 2",False,INDIFFERENT,6:46,406,bUmuB8jXAVI,2026-09-02T18:47:40Z,commit:5c97d16a
Distilled Spirits,AdriatiqueBoy SA,"The State of Underground Sa, Vol. 2",False,INDIFFERENT,8:01,481,VGvVqkJy2rs,2026-09-02T18:39:39Z,commit:5c97d16a
Tasty City,Rone,Spanish Breakfast,False,INDIFFERENT,5:06,306,f41PsUJNI_o,2026-09-02T18:34:33Z,commit:5c97d16a
Invocacion,Nicola Cruz,Invocacion,False,INDIFFERENT,3:47,227,41ONhBlfiYE,2026-09-02T18:30:46Z,commit:5c97d16a
No Sferics & Tweaks (Dwig Remix),Ninze,Comode 01,False,INDIFFERENT,7:34,454,tqJYBh4gMCs,2026-09-02T18:23:12Z,commit:5c97d16a
Henchman,Cue-Pine,"Sounds So Good!, Vol.2",False,INDIFFERENT,4:59,299,QbYIjTgtCKo,2026-09-02T18:18:13Z,commit:5c97d16a
Something Beautiful feat. Appolonie (feat. Appolonie),Margee,Something Beautiful,False,INDIFFERENT,7:53,473,KPfBYjgVCLg,2026-09-02T18:10:20Z,commit:5c97d16a
Dim Sum,El Búho,Cenotes,False,INDIFFERENT,5:14,314,Gcvg1KCEkxo,2026-09-02T18:05:06Z,commit:5c97d16a
Sonnenblut Am Platz Der Perlen,Dürerstuben,Met Chin in Moo's Eak,False,INDIFFERENT,7:30,450,sGBPsbuCGY4,2026-09-02T17:57:36Z,commit:5c97d16a
Pire,"Ilhan Ersahin, Oceanvs Orientalis",Pire,False,INDIFFERENT,7:44,464,_CTX5f4YZKc,2026-09-02T17:49:52Z,commit:5c97d16a
Free Your Mind,ARTHEUS,Free Your Mind,False,INDIFFERENT,7:34,454,snompuCiQN8,2026-09-02T17:42:18Z,commit:5c97d16a
We Ain't Done (Nostalgic Mix),The Godfathers Of Deep House SA,"Go Nostalgic or Go Home, Vol. 17",False,INDIFFERENT,8:20,500,Ixnv7W6Uw8o,2026-09-02T17:33:58Z,commit:5c97d16a
I Dont Care,C-Moody,The Cumbersome Collection Vol. 3- Compiled By British S.A (Metamorphosis),False,INDIFFERENT,7:53,473,EKTh2x89Wzc,2026-09-02T17:26:05Z,commit:5c97d16a
Lovely (Soulful Mix),Da Gifto,Lovely (Soulful Mix),False,INDIFFERENT,7:29,449,sFndxJmX5cE,2026-09-02T17:18:36Z,commit:5c97d16a
What You Doing? (Mixed) (feat. Amelia Fox),"Faithless, R Plus","For Lovers, Not Killers",False,INDIFFERENT,6:23,383,KBOxfBtMYsg,2026-09-02T17:12:13Z,commit:5c97d16a
Killing Time (feat. Boy Wolf),Helsloot,Killing Time,False,INDIFFERENT,5:32,332,W75vm1DjF9A,2026-09-02T17:06:41Z,commit:5c97d16a
Syria (Satori Remix) (feat. Satori (NL) & Satori),Unders,Syria,False,INDIFFERENT,8:07,487,9i4x2L5_smA,2026-09-02T16:58:34Z,commit:5c97d16a
Aparde - Varia,Aparde,Dim,False,INDIFFERENT,7:44,464,3kZeDt-e5xw,2026-09-02T16:50:50Z,commit:5c97d16a
Scarecrow,"AYAWAKE, Be Svendsen",Twilight in Tankwa,False,INDIFFERENT,9:05,545,UtOfmfa0zLg,2026-09-02T16:41:45Z,commit:5c97d16a
Don't hide,Da Africa Deep,4th Moon,False,INDIFFERENT,7:09,429,62wI7ejSkck,2026-09-02T16:34:36Z,commit:5c97d16a
SHIP HER OFF,Destroy Lonely,LOVE LASTS FOREVER,False,INDIFFERENT,2:19,139,9ZZ0sT7btak,2026-09-02T16:32:17Z,commit:5c97d16a
Running Up That Hill (A Deal With God),Kate Bush,Hounds Of Love,False,INDIFFERENT,4:59,299,D1Fw6CbGAX4,2026-09-02T16:27:18Z,commit:5c97d16a
Everybody Wants To Rule The World (Single Version),Tears For Fears,Songs From The Big Chair (Super Deluxe),False,INDIFFERENT,4:13,253,Qs-8xYwYJAQ,2026-09-02T16:23:05Z,commit:5c97d16a
Englishman In New York,Sting,...Nothing Like The Sun,False,INDIFFERENT,4:28,268,hgGlDovNMog,2026-09-02T16:18:37Z,commit:5c97d16a
Raspberry Beret,Prince,Around The World In A Day,False,INDIFFERENT,3:36,216,owJ8QR_qWRw,2026-09-02T16:15:01Z,commit:5c97d16a
Ain't No Sunshine,Lighthouse Family,Greatest Hits,False,INDIFFERENT,3:42,222,hErsfPUJ-QQ,2026-09-02T16:11:19Z,commit:5c97d16a
Paradise,Sade,Stronger Than Pride,False,INDIFFERENT,4:03,243,SLbvyz_Hk9E,2026-09-02T16:07:16Z,commit:5c97d16a
Don't Dream It's Over,Crowded House,Crowded House,False,INDIFFERENT,3:57,237,H7UMRkp7m80,2026-09-02T16:03:19Z,commit:5c97d16a
Tonight I Celebrate My Love,"Peabo Bryson, Roberta Flack",Born To Love,False,INDIFFERENT,3:31,211,SJq2-uSIQ5w,2026-09-02T15:59:48Z,commit:5c97d16a
Lovely Day,Bill Withers,Menagerie,False,INDIFFERENT,4:15,255,QCgeitX5xg0,2026-09-02T15:55:33Z,commit:5c97d16a
More Than A Woman,Bee Gees,Saturday Night Fever (The Original Movie Soundtrack Deluxe Edition),False,INDIFFERENT,3:17,197,zwyKQnbDJRg,2026-09-02T15:52:16Z,commit:5c97d16a
"What's Love Got to Do with It (Extended 12"" Remix) (Extended 12"" Remix; 2015 Remaster)",Tina Turner,Private Dancer (30th Anniversary Issue),False,INDIFFERENT,5:44,344,-6e4QiMKfwI,2026-09-02T15:46:32Z,commit:5c97d16a
Missing,Everything But The Girl,Amplified Heart (Deluxe Edition),False,INDIFFERENT,4:08,248,Ak2b39YMrEQ,2026-09-02T15:42:24Z,commit:5c97d16a
I Got The... (2006 Remaster),Labi Siffre,Remember My Song,False,INDIFFERENT,6:36,396,A4JWkW0oROg,2026-09-02T15:35:48Z,commit:5c97d16a
Every Breath You Take,The Police,Synchronicity (Remastered 2003),False,INDIFFERENT,4:14,254,-SaUrDhp034,2026-09-02T15:31:34Z,commit:5c97d16a
The Sweetest Taboo,Sade,Promise,False,INDIFFERENT,4:38,278,RcejfvTXusM,2026-09-02T15:26:56Z,commit:5c97d16a
Out of Touch,Daryl Hall & John Oates,The Very Best of Daryl Hall / John Oates,False,INDIFFERENT,4:10,250,DCkJ5lGPqFs,2026-09-02T15:22:46Z,commit:5c97d16a
True (2003 Remaster),Spandau Ballet,True (Special Edition),False,INDIFFERENT,6:34,394,ITX-SEsyGRg,2026-09-02T15:16:12Z,commit:5c97d16a
Sacrifice,Elton John,Sleeping With The Past,False,INDIFFERENT,5:05,305,RvbjcIQNZJ8,2026-09-02T15:11:07Z,commit:5c97d16a
Thank You,Dido,No Angel,False,INDIFFERENT,3:38,218,Yj8ZufvGfvk,2026-09-02T15:07:29Z,commit:5c97d16a
Everything She Wants,Wham!,Twenty Five,False,INDIFFERENT,6:33,393,OtVuivhlwEg,2026-09-02T15:00:56Z,commit:5c97d16a
Waiting for a Girl like You,Foreigner,4 (Expanded),False,INDIFFERENT,4:53,293,RIdfPBmUAXc,2026-09-02T14:56:03Z,commit:5c97d16a
Come Undone,Duran Duran,Duran Duran,False,INDIFFERENT,4:17,257,5X5KweDhsaI,2026-09-02T14:51:46Z,commit:5c97d16a
Eye in the Sky (Single Edit),The Alan Parsons Project,Eye In The Sky (Sessions),False,INDIFFERENT,3:57,237,TMrD_evZorw,2026-09-02T14:47:49Z,commit:5c97d16a
"Forget Me Nots (12"" Version)",Patrice Rushen,Straight From The Heart,False,INDIFFERENT,7:15,435,Hm2sy3Tx8QM,2026-09-02T14:40:34Z,commit:5c97d16a
Don't Look Any Further (Single Version) (feat. Siedah Garrett),Dennis Edwards,"Hitsville USA, The Motown Collection 1972-1992",False,INDIFFERENT,4:05,245,rgXTTYFCFmY,2026-09-02T14:36:29Z,commit:5c97d16a
Give Me the Night,George Benson,Give Me the Night,False,INDIFFERENT,5:02,302,Omnpu8mzX4c,2026-09-02T14:31:27Z,commit:5c97d16a
Kiss,Prince & The Revolution,Parade - Music from the Motion Picture Under the Cherry Moon,False,INDIFFERENT,3:47,227,rH9CZuuKpSg,2026-09-02T14:27:40Z,commit:5c97d16a
Don't Stop 'Til You Get Enough (2003 Edit),Michael Jackson,Number Ones,False,INDIFFERENT,3:57,237,m_O25dOQpCQ,2026-09-02T14:23:43Z,commit:5c97d16a
Sign Your Name,Sananda Maitreya,Introducing The Hardline According To Sananda Maitreya,False,INDIFFERENT,4:38,278,Si_-a1Ct3Mw,2026-09-02T14:19:05Z,commit:5c97d16a
All Around the World,Lisa Stansfield,Affection,False,INDIFFERENT,4:26,266,3SxItW8M3UI,2026-09-02T14:14:39Z,commit:5c97d16a
When Doves Cry (2015 Paisley Park Remaster),Prince & The Revolution,Purple Rain (Deluxe Expanded Edition),False,INDIFFERENT,5:54,354,MtHV9ti4W34,2026-09-02T14:08:45Z,commit:5c97d16a
Baby Come Back,Player,Best of Player,False,INDIFFERENT,4:15,255,tjBs4pKwzhU,2026-09-02T14:04:30Z,commit:5c97d16a
Ain't Nobody,"Chaka Khan, Rufus",Stompin' At The Savoy,False,INDIFFERENT,4:46,286,uBnISf3Rjx8,2026-09-02T13:59:44Z,commit:5c97d16a
Eyes Without A Face,Billy Idol,Rebel Yell,False,INDIFFERENT,5:00,300,e7U1YZNgwnY,2026-09-02T13:54:44Z,commit:5c97d16a
I Would Die 4 U,Prince & The Revolution,Purple Rain,False,INDIFFERENT,2:50,170,iGCIdHrRXW0,2026-09-02T13:51:54Z,commit:5c97d16a
The Chain (2004 Remaster),Fleetwood Mac,Rumours,False,INDIFFERENT,4:30,270,FhgFtXESdPk,2026-09-02T13:47:24Z,commit:5c97d16a
In the Air Tonight,Phil Collins,Face Value,False,INDIFFERENT,5:36,336,NX39p_UMJ_0,2026-09-02T13:41:48Z,commit:5c97d16a
Take on Me,a-ha,Hunting High and Low,False,INDIFFERENT,3:46,226,HzdD8kbDzZA,2026-09-02T13:38:02Z,commit:5c97d16a
Diamonds and Pearls (2023 remaster),Prince,Diamonds And Pearls (Super Deluxe Edition),False,INDIFFERENT,4:43,283,sH8jWy21WO4,2026-09-02T13:33:19Z,commit:5c97d16a
How Deep Is Your Love,Bee Gees,Saturday Night Fever (The Original Movie Soundtrack Deluxe Edition),False,INDIFFERENT,4:04,244,jwikdkqYw6o,2026-09-02T13:29:15Z,commit:5c97d16a
Careless Whisper,George Michael,The Final,False,INDIFFERENT,5:03,303,gTwn_LoH7ig,2026-09-02T13:24:12Z,commit:5c97d16a
Shape Of My Heart,Sting,Ten Summoner's Tales (Expanded Edition),False,INDIFFERENT,4:40,280,RVfGFmBFgoc,2026-09-02T13:19:32Z,commit:5c97d16a
The Logical Song,Supertramp,The Logical Song,False,LIKE,4:10,250,pP8iUyb9Gn8,2026-09-02T13:15:22Z,commit:5c97d16a
Maneater,Daryl Hall & John Oates,"Greatest Hits--Rock 'n' Soul, Part 1",False,INDIFFERENT,4:33,273,Scd35orIrks,2026-09-02T13:10:49Z,commit:5c97d16a
Smooth Operator (Single Version),Sade,The Best of Sade,False,INDIFFERENT,4:19,259,mRNcPbCJNJ8,2026-09-02T13:06:30Z,commit:5c97d16a
I Want You,Marvin Gaye,"Hitsville USA, The Motown Collection 1972-1992",False,INDIFFERENT,3:56,236,xOS0XbQiOfg,2026-09-02T13:02:34Z,commit:5c97d16a
What You Won't Do for Love,Bobby Caldwell,What You Won't Do for Love,False,INDIFFERENT,4:47,287,n9DmdAwUbxc,2026-09-02T12:57:47Z,commit:5c97d16a
Your Song,Elton John,Elton John,False,INDIFFERENT,4:02,242,FT3D1Cu6g10,2026-09-02T12:53:45Z,commit:5c97d16a
Holding Back the Years (Extended Single Mix) [2008 Remaster] (Extended Single Mix; 2008 Remaster),Simply Red,Picture Book (Expanded Version),False,INDIFFERENT,5:41,341,4Zq-kkrKJF0,2026-09-02T12:48:04Z,commit:5c97d16a
Isn't She Lovely,Stevie Wonder,The Definitive Collection (Deluxe Edition),False,INDIFFERENT,3:20,200,oE56g61mW44,2026-09-02T12:44:44Z,commit:5c97d16a
Just the Two of Us (Edit) (feat. Bill Withers),"Grover Washington, Jr.",Lean on Me: The Best of Bill Withers,False,INDIFFERENT,3:58,238,KYwA5k00p2I,2026-09-02T12:40:46Z,commit:5c97d16a
Sara,Fleetwood Mac,Tusk (Expanded),False,INDIFFERENT,6:31,391,vfs6X7boS1s,2026-09-02T12:34:15Z,commit:5c97d16a
Purple Rain,Prince & The Revolution,Purple Rain,False,INDIFFERENT,8:42,522,347vCib_lMs,2026-09-02T12:25:33Z,commit:5c97d16a
Father Figure (Remastered - featured in 'Babygirl'),George Michael,Faith,False,INDIFFERENT,5:37,337,2WNVNAOQWCE,2026-09-02T12:19:56Z,commit:5c97d16a
Don't hide,Da Africa Deep,4th Moon,False,INDIFFERENT,7:09,429,62wI7ejSkck,2026-09-02T12:12:47Z,commit:5c97d16a
Distilled Spirits,AdriatiqueBoy SA,"The State of Underground Sa, Vol. 2",False,INDIFFERENT,8:01,481,VGvVqkJy2rs,2026-09-02T12:04:46Z,commit:5c97d16a
Tasty City,Rone,Spanish Breakfast,False,INDIFFERENT,5:06,306,f41PsUJNI_o,2026-09-02T11:59:40Z,commit:5c97d16a
Invocacion,Nicola Cruz,Invocacion,False,INDIFFERENT,3:47,227,41ONhBlfiYE,2026-09-02T11:55:53Z,commit:5c97d16a
Cherry Blossom,Stimming,Stimming,False,INDIFFERENT,6:41,401,KxMnM-hhw-g,2026-09-02T11:49:12Z,commit:5c97d16a
hold on,upsidedownhead,hold on,False,INDIFFERENT,3:26,206,V2r5DHG6ZQ4,2026-09-02T11:45:46Z,commit:5c97d16a
Metamorphosis (feat. ITAI),Roderic,Café del Mar - Terrace Mix 9,False,INDIFFERENT,8:16,496,JThN2ZU6yYw,2026-09-02T11:37:30Z,commit:5c97d16a
Hold On (Talul Remix),HRRSN,Hold On,False,INDIFFERENT,6:51,411,AlEQDb397yI,2026-09-02T11:30:39Z,commit:5c97d16a
Sevdah,Tebra,Buddha Bar Elements,False,INDIFFERENT,5:23,323,Bfsff5or0SA,2026-09-02T11:25:16Z,commit:5c97d16a
Untitled (Late Sun) [Another Shade of Dwig Remix],Kerala Dust,Late Sun,False,LIKE,7:29,449,SA13_NSM8cQ,2026-09-02T11:17:47Z,commit:5c97d16a
Stand In Line,okuma,Bi Ba Bü,False,LIKE,7:27,447,3mdt8AR8gcU,2026-09-02T11:10:20Z,commit:5c97d16a
Jellydish,okuma,Bi Ba Bü,False,INDIFFERENT,8:26,506,tAduyj4-uRc,2026-09-02T11:01:54Z,commit:5c97d16a
Kalkutta,okuma,Bi Ba Bü,False,INDIFFERENT,8:31,511,qdKmlN-qZwM,2026-09-02T10:53:23Z,commit:5c97d16a
Atmosfer (Dr. Parnassus Remix),Beyhude,Mikrokozmos,False,INDIFFERENT,7:00,420,khEGLFhvzt4,2026-09-02T10:46:23Z,commit:5c97d16a
Kerala Dust - Dance Me to the End of Love (Dude Skywalker Latin Love Edit),"710K views, Dude Skywalker",,False,INDIFFERENT,8:06,486,4Oly2nsNcmA,2026-09-02T10:38:17Z,commit:5c97d16a
Vayu,Kora (CA),Fragile,False,INDIFFERENT,7:07,427,4_MvoXkG9dk,2026-09-02T10:31:10Z,commit:5c97d16a
Last Day (David August Revision),"DAVID AUGUST, Kollektiv Turmstrasse",Diynamic Revisited (By David August),False,INDIFFERENT,6:45,405,zaNpqa2LOzU,2026-09-02T10:24:25Z,commit:5c97d16a
Twilight in Tankwa,Be Svendsen,Twilight in Tankwa,False,INDIFFERENT,8:04,484,0CYfZza_Khk,2026-09-02T10:16:21Z,commit:5c97d16a
Meine,Daso,Meine Idee,False,INDIFFERENT,7:56,476,npW6AEW8Kow,2026-09-02T10:08:25Z,commit:5c97d16a
Moontide Theory (Hugo Kant remix),"8.7M views, Hugo Kant",,False,INDIFFERENT,7:07,427,ZFI7xoIHt-Q,2026-09-02T10:01:18Z,commit:5c97d16a
Gazel,Zuma Dionys,Gazel,False,INDIFFERENT,7:34,454,VZ2dasmRoWw,2026-09-02T09:53:44Z,commit:5c97d16a
Niv,Geju,Niv (Remixes),False,LIKE,6:49,409,9fvNi6OmAbU,2026-09-02T09:46:55Z,commit:5c97d16a
Miniyamba,"Yeahman, Hajna, & Mina Shankha",Shika Shika / Botanas Series,False,INDIFFERENT,4:11,251,HZlofxCghnQ,2026-09-02T09:42:44Z,commit:5c97d16a
dwig have to go before you're gone [unreleased],"417K views, Anesthetise",,False,INDIFFERENT,8:30,510,ID7-SHwZ4-g,2026-09-02T09:34:14Z,commit:5c97d16a
In Mindibu,Stavroz,Mindibu,False,INDIFFERENT,5:09,309,JqiKfXd8QnQ,2026-09-02T09:29:05Z,commit:5c97d16a
Yamaha,Aleksandir,Yamaha,False,INDIFFERENT,6:29,389,IK3Xb0hlDc8,2026-09-02T09:22:36Z,commit:5c97d16a
Camomille,Kermesse,A Tribe Called Kotori - Chapter 2,False,INDIFFERENT,6:54,414,VeH2xkYe1Q4,2026-09-02T09:15:42Z,commit:5c97d16a
Radiohead - Everything In Its Right Place (NTO Unofficial Remix),"226K views, NTO",,False,INDIFFERENT,6:24,384,SvG_dtpNk8g,2026-09-02T09:09:18Z,commit:5c97d16a
Untitled (Late Sun) [Another Shade of Dwig Remix],Kerala Dust,Late Sun,False,LIKE,7:29,449,SA13_NSM8cQ,2026-09-02T09:01:49Z,commit:5c97d16a
Pride of Cucamonga,Grateful Dead,From the Mars Hotel,False,INDIFFERENT,4:18,258,Si_T0tUzLNU,2026-09-02T08:57:31Z,commit:5c97d16a
Live Well,Palace,So Long Forever,False,INDIFFERENT,4:10,250,z-vFSFZ-h2o,2026-09-02T08:53:21Z,commit:5c97d16a
drifting,Night Tapes,drifting,False,INDIFFERENT,3:33,213,DMZh7YZFXsA,2026-09-02T08:49:48Z,commit:5c97d16a
Soulful,L'Indécis,Playtime,False,INDIFFERENT,3:41,221,fs0BCIUQ7Ws,2026-09-02T08:46:07Z,commit:5c97d16a
Have You Fed Baby Huey Today,Surprise Chef,All News Is Good News,False,INDIFFERENT,4:22,262,FHcRhSKZJkI,2026-09-02T08:41:45Z,commit:5c97d16a
Basilisk,Orgone,Basilisk,False,LIKE,4:30,270,alUNFofyIHg,2026-09-02T08:37:15Z,commit:5c97d16a
Mahal,Glass Beams,Mahal,False,INDIFFERENT,3:22,202,Byzhrg7oW58,2026-09-02T08:33:53Z,commit:5c97d16a
Up From the South,The Budos Band,The Budos Band,False,INDIFFERENT,3:27,207,rNYUdeG6q4A,2026-09-02T08:30:26Z,commit:5c97d16a
Call Your Mom,Delvon Lamarr Organ Trio,I Told You So,False,INDIFFERENT,4:00,240,eAKMuxB1ynU,2026-09-02T08:26:26Z,commit:5c97d16a
Haggis Express,The Haggis Horns,Haggis Express,False,INDIFFERENT,3:59,239,xZZsAM7-c8Q,2026-09-02T08:22:27Z,commit:5c97d16a
Rattlesnake,Glass Beams,Mirage,False,INDIFFERENT,4:45,285,KFUfL1cAL6c,2026-09-02T08:17:42Z,commit:5c97d16a
Get With It,Orgone,Get With It,False,INDIFFERENT,3:07,187,Xu2eELq1lzU,2026-09-02T08:14:35Z,commit:5c97d16a
I Didn't Know,Skinshape,Filoxiny,False,INDIFFERENT,3:39,219,mCgorrefSDA,2026-09-02T08:10:56Z,commit:5c97d16a
All News Is Good News,Surprise Chef,All News Is Good News,False,INDIFFERENT,4:22,262,F4XWzJCLwBE,2026-09-02T08:06:34Z,commit:5c97d16a
She's Knocking,Ikebe Shakedown,The Way Home,False,INDIFFERENT,3:15,195,5gXrbaDHMrM,2026-09-02T08:03:19Z,commit:5c97d16a
Blyth Street Nocturne,Surprise Chef,All News Is Good News,False,INDIFFERENT,4:54,294,ce0YtxpOUTs,2026-09-02T07:58:25Z,commit:5c97d16a
Saturn,The Olympians,The Olympians,False,INDIFFERENT,3:38,218,Yj1VHGIwZUI,2026-09-02T07:54:47Z,commit:5c97d16a
Don't Call My Name,Skinshape,Life & Love,False,INDIFFERENT,4:10,250,T3f8UJlwf2o,2026-09-02T07:50:37Z,commit:5c97d16a
Gun Metal Grey,The Budos Band,Long in the Tooth,False,INDIFFERENT,3:17,197,kS_NQ7Y5TE8,2026-09-02T07:47:20Z,commit:5c97d16a
Esperanza,Hermanos Gutiérrez,Esperanza,False,LIKE,5:29,329,mlIMIJIcpn8,2026-09-02T07:41:51Z,commit:5c97d16a
Aces,Delvon Lamarr Organ Trio,I Told You So,False,INDIFFERENT,4:42,282,aZPOUq9-11w,2026-09-02T07:37:09Z,commit:5c97d16a
Mirage,Glass Beams,Mirage,False,INDIFFERENT,4:51,291,dr8kFKEowh0,2026-09-02T07:32:18Z,commit:5c97d16a
"High Tide, Storm Rising",Skinshape,"High Tide, Storm Rising",False,LIKE,3:57,237,2t1EiWjHFt8,2026-09-02T07:28:21Z,commit:5c97d16a
Taurus,Glass Beams,Mirage,False,INDIFFERENT,4:33,273,S6jgzL2Cjbc,2026-09-02T07:23:48Z,commit:5c97d16a
One Inch Punch,Yin Yin,One Inch Punch,False,INDIFFERENT,5:10,310,j9sPnp8dFQQ,2026-09-02T07:18:38Z,commit:5c97d16a
The Winner Is,"DeVotchKa, Mychael Danna",Little Miss Sunshine (Original Motion Picture Soundtrack),False,LIKE,3:05,185,leZsqe2w5AY,2026-09-02T07:15:33Z,commit:5c97d16a
"Dear Mr. Fantasy (Live in New Jersey, April 1, 1988)",Grateful Dead,Road Trips Vol. 4 No. 2: April Fools '88 (Live),False,LIKE,4:21,261,F655kSbb9zo,2026-09-02T07:11:12Z,commit:5c97d16a
Have You Fed Baby Huey Today,Surprise Chef,All News Is Good News,False,INDIFFERENT,4:22,262,FHcRhSKZJkI,2026-09-02T07:06:50Z,commit:5c97d16a
Sahara Cowboy,Arc De Soleil,Chameleon Sunday,False,INDIFFERENT,3:05,185,sk1j6cg2p3k,2026-09-02T07:03:45Z,commit:5c97d16a
Love Of The Common People,Waylon Jennings,Love Of The Common People,False,INDIFFERENT,2:54,174,IYU9W9xFe0Y,2026-09-02T07:00:51Z,commit:5c97d16a
"New Horizons (Live) (Live) (feat. Jeff Austin, Danton Boller, Nicky Sanders & Jay Starling)",Keller Williams,"Thanksforgrassgiving (Live 11/26/16 Richmond, VA)",False,INDIFFERENT,12:04,724,ck-Z0gZps2c,2026-09-02T06:48:47Z,commit:5c97d16a
Stand In Line,okuma,Bi Ba Bü,False,LIKE,7:27,447,3mdt8AR8gcU,2026-09-02T06:41:20Z,commit:5c97d16a
"High Tide, Storm Rising",Skinshape,"High Tide, Storm Rising",False,LIKE,3:57,237,2t1EiWjHFt8,2026-09-02T06:37:23Z,commit:5c97d16a
Back In The U.S.S.R. (Remastered 2009),The Beatles,The Beatles,False,INDIFFERENT,2:44,164,0ArlUSVDQIw,2026-09-02T06:34:39Z,commit:5c97d16a
Herbie Hemphill,Surprise Chef,All News Is Good News,False,INDIFFERENT,4:06,246,paKS7sMFIpU,2026-09-02T06:30:33Z,commit:5c97d16a
I'll Be All Smiles Tonight,Chuck Darwin & the Knuckle Draggers,Poor Man's Rain,False,LIKE,2:57,177,3liGMcGc81k,2026-09-02T06:27:36Z,commit:5c97d16a
Close but No Cigar,Delvon Lamarr Organ Trio,Close but No Cigar,False,INDIFFERENT,3:31,211,2AeejiyGum8,2026-09-02T06:24:05Z,commit:5c97d16a
Yennicita,El Michels Affair,Sounding Out the City,False,LIKE,3:09,189,LDoF53xmjVc,2026-09-02T06:20:56Z,commit:5c97d16a
Basilisk,Orgone,Basilisk,False,LIKE,4:30,270,alUNFofyIHg,2026-09-02T06:16:26Z,commit:5c97d16a
In The Waiting Line,"Sophie Barker, Zero 7",Simple Things,False,INDIFFERENT,4:32,272,G5KbL4LAUL8,2026-09-02T06:11:54Z,commit:5c97d16a
Don't Stop 'Til You Get Enough,Michael Jackson,Off the Wall,False,LIKE,6:06,366,n3qQtSRmHxo,2026-09-02T06:05:48Z,commit:5c97d16a
White Sands,Tommy Guerrero,Road to Knowhere,False,INDIFFERENT,3:00,180,AAHjDgtYTiI,2026-09-02T06:02:48Z,commit:5c97d16a
Get With It,Orgone,Get With It,False,INDIFFERENT,3:07,187,Xu2eELq1lzU,2026-09-02T05:59:41Z,commit:5c97d16a
Amarillo Highway (for Dave Hickey),Terry Allen,Lubbock (on everything),False,LIKE,4:01,241,j0yS6Jc-vw0,2026-09-02T05:55:40Z,commit:5c97d16a
Sisyphus,Andrew Bird,My Finest Work Yet,False,LIKE,4:08,248,OsgUQrKTTtc,2026-09-02T05:51:32Z,commit:5c97d16a
I Shall Be Released (Live) (feat. Jerry Garcia Band),Jerry Garcia Band,Jerry Garcia Band,False,LIKE,9:27,567,T-jk5DIF7js,2026-09-02T05:42:05Z,commit:5c97d16a
Tombstone Blues,Bob Dylan,Highway 61 Revisited,False,LIKE,5:57,357,J6yWZUv9QJA,2026-09-02T05:36:08Z,commit:5c97d16a
You're Lucky She's Lonely,"Colter Wall, Summer Dean",You're Lucky She's Lonely,False,LIKE,3:27,207,vcR2WJh8Eyg,2026-09-02T05:32:41Z,commit:5c97d16a
The New Normal,"Shpongle, Simon Posford",Flux & Contemplation - Portrait of an Artist in Isolation,False,LIKE,10:42,642,xwyK3XGQvqI,2026-09-02T05:21:59Z,commit:5c97d16a
I'm So Tired (Remastered 2009),The Beatles,The Beatles,False,LIKE,2:04,124,7cqHtGb9WYM,2026-09-02T05:19:55Z,commit:5c97d16a
Heart To Heart,Mac DeMarco,Here Comes The Cowboy,False,LIKE,3:32,212,qBoQzo98EpQ,2026-09-02T05:16:23Z,commit:5c97d16a
Meditation,Turu Anasi,Meditation,False,LIKE,8:30,510,O8det02XaIA,2026-09-02T05:07:53Z,commit:5c97d16a
I Hear Them All,Old Crow Medicine Show,Big Iron World,False,INDIFFERENT,3:04,184,l2VonU4siBE,2026-09-02T05:04:49Z,commit:5c97d16a
Starry Nights (feat. Neal Francis),Adrian Quesada,Jaguar Sound,False,LIKE,3:26,206,5uKc4C9T5ZQ,2026-09-02T05:01:23Z,commit:5c97d16a
Dust Bowl Blues,Woody Guthrie,Dust Bowl Ballads,False,INDIFFERENT,3:25,205,HBGQuX_1Cvo,2026-09-02T04:57:58Z,commit:5c97d16a
Wrestle a Live Nude Girl,Leo Sidran,Cool School (The Music of Michael Franks),False,LIKE,4:44,284,vr996jU1Kpg,2026-09-02T04:53:14Z,commit:5c97d16a
Pride of Cucamonga,Grateful Dead,From the Mars Hotel,False,INDIFFERENT,4:18,258,Si_T0tUzLNU,2026-09-02T04:48:56Z,commit:5c97d16a
No Depression (In Heaven) (Single Version),The Carter Family,The Best Of The Carter Family 20th Century Masters The Millennium Collection,False,LIKE,2:52,172,itfO6GZKqgY,2026-09-02T04:46:04Z,commit:5c97d16a
With Him in The Fire,Soaking in His Presence,With Him in The Fire,False,INDIFFERENT,56:30,3390,qlkFzHyFZBY,2026-09-02T03:49:34Z,commit:5c97d16a
Reflector,Warmth,Parallel,False,INDIFFERENT,8:23,503,x9V9YAITih0,2026-09-02T03:41:11Z,commit:5c97d16a
#3,Aphex Twin,Selected Ambient Works Volume II,False,INDIFFERENT,7:45,465,75O11W5EZAU,2026-09-02T03:33:26Z,commit:5c97d16a
Nothing Will Change,Celer,Nothing Will Change,False,INDIFFERENT,42:36,2556,n4Pd8WkORdU,2026-09-02T02:50:50Z,commit:5c97d16a
Kamouraska,Loscil,Umbel,False,INDIFFERENT,6:35,395,mGvuBRAFKC8,2026-09-02T02:44:15Z,commit:5c97d16a
Cyme,Loscil,Umbel,False,INDIFFERENT,7:26,446,nY1gfVP-00I,2026-09-02T02:36:49Z,commit:5c97d16a
"Babylon (Live) (Live) (feat. Jeff Austin, Danton Boller, Nicky Sanders & Jay Starling)",Keller Williams,"Thanksforgrassgiving (Live 11/26/16 Richmond, VA)",False,INDIFFERENT,5:15,315,fy-M3bq_r50,2026-09-02T02:31:34Z,commit:5c97d16a
"No Expectations (Live) (Live) (feat. Jeff Austin, Danton Boller, Nicky Sanders & Jay Starling)",Keller Williams,"Thanksforgrassgiving (Live 11/26/16 Richmond, VA)",False,INDIFFERENT,8:59,539,yDlJJo9Of50,2026-09-02T02:22:35Z,commit:5c97d16a
"Closer (Live) (Live) (feat. Jeff Austin, Danton Boller, Nicky Sanders & Jay Starling)",Keller Williams,"Thanksforgrassgiving (Live 11/26/16 Richmond, VA)",False,INDIFFERENT,7:52,472,Zk4C63O3Ky4,2026-09-02T02:14:43Z,commit:5c97d16a
"Samson and Delilah (Live) (Live) (feat. Jeff Austin, Danton Boller, Nicky Sanders & Jay Starling)",Keller Williams,"Thanksforgrassgiving (Live 11/26/16 Richmond, VA)",False,INDIFFERENT,6:35,395,GKaDHsfKKx4,2026-09-02T02:08:08Z,commit:5c97d16a
"Blanant Ripoff (Live) (Live) (feat. Jeff Austin, Danton Boller, Nicky Sanders & Jay Starling)",Keller Williams,"Thanksforgrassgiving (Live 11/26/16 Richmond, VA)",False,INDIFFERENT,3:07,187,ko_X89NSXW0,2026-09-02T02:05:01Z,commit:5c97d16a
"Island in the Sun (Live) (Live) (feat. Jeff Austin, Danton Boller, Nicky Sanders & Jay Starling)",Keller Williams,"Thanksforgrassgiving (Live 11/26/16 Richmond, VA)",False,INDIFFERENT,5:25,325,Yn7dViX1Adg,2026-09-02T01:59:36Z,commit:5c97d16a
"Best Feeling (Live) (Live) (feat. Jeff Austin, Danton Boller, Nicky Sanders & Jay Starling)",Keller Williams,"Thanksforgrassgiving (Live 11/26/16 Richmond, VA)",False,INDIFFERENT,9:14,554,JMfA6yJVJSo,2026-09-02T01:50:22Z,commit:5c97d16a
"New Horizons (Live) (Live) (feat. Jeff Austin, Danton Boller, Nicky Sanders & Jay Starling)",Keller Williams,"Thanksforgrassgiving (Live 11/26/16 Richmond, VA)",False,INDIFFERENT,12:04,724,ck-Z0gZps2c,2026-09-02T01:38:18Z,commit:5c97d16a
"Lonesome L.A. Cowboy (Live) (Live) (feat. Jeff Austin, Danton Boller, Nicky Sanders & Jay Starling)",Keller Williams,"Thanksforgrassgiving (Live 11/26/16 Richmond, VA)",False,INDIFFERENT,4:46,286,zJCLB0febpY,2026-09-02T01:33:32Z,commit:5c97d16a
Don't Stop 'Til You Get Enough,Michael Jackson,Off the Wall,False,LIKE,6:06,366,n3qQtSRmHxo,2026-09-02T01:27:26Z,commit:5c97d16a
Calypso,Jackson Lundy,Calypso,False,INDIFFERENT,4:05,245,ZpZ24mDqY6A,2026-09-02T01:23:21Z,commit:5c97d16a
Wrestle a Live Nude Girl,Leo Sidran,Cool School (The Music of Michael Franks),False,LIKE,4:44,284,vr996jU1Kpg,2026-09-02T01:18:37Z,commit:5c97d16a
Chan Chan,Buena Vista Social Club,Buena Vista Social Club,False,INDIFFERENT,4:19,259,V0FoYUcq9FQ,2026-09-02T01:14:18Z,commit:5c97d16a
Je cherche après Titine - Les yeux noirs,Opa Tsupa,Inédits,False,LIKE,5:25,325,p38QeFhXxEs,2026-09-02T01:08:53Z,commit:5c97d16a
Flambee Montalbanaise,Pearl Django,Mystery Pacific,False,INDIFFERENT,3:13,193,yiLT991gWvI,2026-09-02T01:05:40Z,commit:5c97d16a
A little Waltz for Mischa,The Hot Club of San Francisco,Swing This,False,INDIFFERENT,4:07,247,34x8vBXFRYc,2026-09-02T01:01:33Z,commit:5c97d16a
Moon River,Cafe Accordion Orcherstra,Cinema,False,INDIFFERENT,3:10,190,ecF95H0bdN8,2026-09-02T00:58:23Z,commit:5c97d16a
Take 5,Gypsy Jazz Caravan,Gypsy Jazz Caravan III,False,INDIFFERENT,3:10,190,lBDTNfPSauM,2026-09-02T00:55:13Z,commit:5c97d16a
"Bistro Fada (from the Motion Picture ""Midnight in Paris"")",Stephane Wrembel,Bistro Fada,False,LIKE,3:04,184,SWLJXnmzIDo,2026-09-02T00:52:09Z,commit:5c97d16a
Chez les Ye Ye,Cafe Accordion Orchestra,Le Disque Francais,False,INDIFFERENT,4:07,247,VyGXloE4Ki0,2026-09-02T00:48:02Z,commit:5c97d16a
Ton Amour C'est Ma Vie,Cafe Accordion Orchestra,Le Disque Francais,False,INDIFFERENT,4:55,295,co8Sf2oKzmc,2026-09-02T00:43:07Z,commit:5c97d16a
Swing 42,Cafe Accordion Orchestra,Le Disque Francais,False,INDIFFERENT,3:29,209,6JmYH4SLkf4,2026-09-02T00:39:38Z,commit:5c97d16a
Jardin d'Hiver,Cafe Accordion Orchestra,Le Disque Francais,False,INDIFFERENT,4:51,291,w1CIn3eSWok,2026-09-02T00:34:47Z,commit:5c97d16a
Jim's Tango,Cafe Accordion Orchestra,Le Disque Francais,False,INDIFFERENT,5:58,358,o5Lb323H7fw,2026-09-02T00:28:49Z,commit:5c97d16a
Sheik of Araby,Cafe Accordion Orchestra,Le Disque Francais,False,INDIFFERENT,2:49,169,06Z_b-o0GgI,2026-09-02T00:26:00Z,commit:5c97d16a
Meprise,Cafe Accordion Orchestra,Le Disque Francais,False,LIKE,2:51,171,M0_ZQpnw2rY,2026-09-02T00:23:09Z,commit:5c97d16a
La Mer,Cafe Accordion Orchestra,Le Disque Francais,False,INDIFFERENT,3:51,231,7HvjA7r2BK0,2026-09-02T00:19:18Z,commit:5c97d16a
Elaeudanla Teiteia,Cafe Accordion Orchestra,Le Disque Francais,False,INDIFFERENT,2:14,134,5NvdTjngujg,2026-09-02T00:17:04Z,commit:5c97d16a
C'est Si Bon,Cafe Accordion Orchestra,Le Disque Francais,False,INDIFFERENT,3:40,220,ymU7ALaPIWQ,2026-09-02T00:13:24Z,commit:5c97d16a
Nuages,Cafe Accordion Orchestra,Le Disque Francais,False,INDIFFERENT,5:11,311,e0quQf3GnF4,2026-09-02T00:08:13Z,commit:5c97d16a
Indifference,Cafe Accordion Orchestra,Le Disque Francais,False,LIKE,5:17,317,QG6jpHSJkpc,2026-09-02T00:02:56Z,commit:5c97d16a
The Continuing Story Of Bungalow Bill (Remastered 2009),The Beatles,The Beatles,False,INDIFFERENT,3:15,195,J39DC9t0I5o,2026-09-01T23:59:41Z,commit:5c97d16a
Wild Honey Pie (Remastered 2009),The Beatles,The Beatles,False,INDIFFERENT,0:53,53,l-ekNlk5VDM,2026-09-01T23:58:48Z,commit:5c97d16a
"Ob-La-Di, Ob-La-Da (Remastered 2009)",The Beatles,The Beatles,False,INDIFFERENT,3:09,189,_J9NpHKrKMw,2026-09-01T23:55:39Z,commit:5c97d16a
Glass Onion (Remastered 2009),The Beatles,The Beatles,False,INDIFFERENT,2:18,138,2tSIZLuCKUI,2026-09-01T23:53:21Z,commit:5c97d16a
Dear Prudence (Remastered 2009),The Beatles,The Beatles,False,INDIFFERENT,3:56,236,wQA59IkCF5I,2026-09-01T23:49:25Z,commit:5c97d16a
Back In The U.S.S.R. (Remastered 2009),The Beatles,The Beatles,False,INDIFFERENT,2:44,164,0ArlUSVDQIw,2026-09-01T23:46:41Z,commit:5c97d16a
Soul Vibrations (Alternate Take),Dorothy Ashby,Afro-Harping (Deluxe),False,INDIFFERENT,4:27,267,XuOA4cKag80,2026-09-01T23:42:14Z,commit:5c97d16a
I Hadn't Anyone Till You,Thelonious Monk,Solo Monk (Expanded Edition),False,INDIFFERENT,3:19,199,QzNBQqASHKI,2026-09-01T23:38:55Z,commit:5c97d16a
Romance,Hiroshi Suzuki,Cat,False,INDIFFERENT,5:54,354,MBsQD-7pwgQ,2026-09-01T23:33:01Z,commit:5c97d16a
The Message,Cymande,Cymande,False,INDIFFERENT,4:18,258,S4k7XugH9B8,2026-09-01T23:28:43Z,commit:5c97d16a
Peri's Scope,Bill Evans Trio,Portrait In Jazz,False,INDIFFERENT,3:13,193,uSo9X7dCmjg,2026-09-01T23:25:30Z,commit:5c97d16a
Summer Days,"Lonnie Liston Smith, The Cosmic Echoes",Expansions,False,INDIFFERENT,5:52,352,cN3plwuwd8A,2026-09-01T23:19:38Z,commit:5c97d16a
Moon And Sand,Kenny Burrell,Guitar Forms,False,INDIFFERENT,4:15,255,56v9mNUHxMk,2026-09-01T23:15:23Z,commit:5c97d16a
Sophisticated Honky,Orgone,The Killion Floor,False,INDIFFERENT,4:57,297,_iZwLW6o4X8,2026-09-01T23:10:26Z,commit:5c97d16a
'Round Midnight,Wes Montgomery Trio,The Wes Montgomery Trio (Expanded Edition),False,INDIFFERENT,4:54,294,nA___-b3Fn4,2026-09-01T23:05:32Z,commit:5c97d16a
Jimmy's Groove,Delvon Lamarr Organ Trio,Jimmy's Groove,False,INDIFFERENT,6:18,378,X08lwt0ZzIY,2026-09-01T22:59:14Z,commit:5c97d16a
Cafe Musica,"Bossa Nova Jazz, Jazz Bossa Nova, Jazz Playlist",Relaxing Bossa Nova Music,False,INDIFFERENT,3:13,193,RUp1cCl2dbw,2026-09-01T22:56:01Z,commit:5c97d16a
Afro-Harping,Dorothy Ashby,Afro-Harping (Deluxe),False,INDIFFERENT,3:03,183,2WRh0RKiOy8,2026-09-01T22:52:58Z,commit:5c97d16a
Embarcadero,Paul Desmond,Take Ten,False,INDIFFERENT,4:09,249,k4uvlHw_AMg,2026-09-01T22:48:49Z,commit:5c97d16a
Across the Atlantic,The Budos Band,The Budos Band,False,INDIFFERENT,3:28,208,rFktja8OV8c,2026-09-01T22:45:21Z,commit:5c97d16a
Action Line (Take 2),Dorothy Ashby,"Theme From ""Valley Of The Dolls"" (Take 2)",False,INDIFFERENT,4:05,245,I2wR-urTsEA,2026-09-01T22:41:16Z,commit:5c97d16a
"Theme From ""Valley Of The Dolls"" (Take 2)",Dorothy Ashby,"Theme From ""Valley Of The Dolls"" (Take 2)",False,INDIFFERENT,3:56,236,pLgq9YGsYeo,2026-09-01T22:37:20Z,commit:5c97d16a
Starry Nights (feat. Neal Francis),Adrian Quesada,Jaguar Sound,False,LIKE,3:26,206,5uKc4C9T5ZQ,2026-09-01T22:33:54Z,commit:5c97d16a
Tieduprightnow,Parcels,Tieduprightnow,False,LIKE,4:10,250,JYHH0ogYN8M,2026-09-01T22:29:44Z,commit:5c97d16a
Old Engine Oil,The Budos Band,V,False,INDIFFERENT,3:12,192,_jfXXTVh0t4,2026-09-01T22:26:32Z,commit:5c97d16a
Thin Brown Layer,Tommy Guerrero,Soul Food Taqueria,False,INDIFFERENT,4:40,280,2xOPkdtFeHM,2026-09-01T22:21:52Z,commit:5c97d16a
"High Tide, Storm Rising",Skinshape,"High Tide, Storm Rising",False,LIKE,3:57,237,2t1EiWjHFt8,2026-09-01T22:17:55Z,commit:5c97d16a
Sisyphus,Andrew Bird,My Finest Work Yet,False,LIKE,4:08,248,OsgUQrKTTtc,2026-09-01T22:13:47Z,commit:5c97d16a
Perfect Combination,L.A.,Heavenly Hell,False,INDIFFERENT,3:45,225,VCSN_Lh1F6s,2026-09-01T22:10:02Z,commit:5c97d16a
Afro Cubanism,Yussef Dayes,Black Classical Music,False,INDIFFERENT,2:46,166,qyB6AKqc200,2026-09-01T22:07:16Z,commit:5c97d16a
Wrestle a Live Nude Girl,Leo Sidran,Cool School (The Music of Michael Franks),False,LIKE,4:44,284,vr996jU1Kpg,2026-09-01T22:02:32Z,commit:5c97d16a
Heart To Heart,Mac DeMarco,Here Comes The Cowboy,False,LIKE,3:32,212,qBoQzo98EpQ,2026-09-01T21:59:00Z,commit:5c97d16a
Wonderful Life,Katie Melua,Wonderful Life,False,INDIFFERENT,4:07,247,Aen0tiK4nV0,2026-09-01T21:54:53Z,commit:5c97d16a
Fly Me to the Moon / Lucky (Mash-Up) (feat. Breea Guttery),Rick Hale,Fly Me to the Moon / Lucky (Mash-Up) [feat. Breea Guttery],False,INDIFFERENT,3:15,195,1w5kYuUlqL4,2026-09-01T21:51:38Z,commit:5c97d16a
Siempre me quedará,Bebe,Pafuera Telarañas,False,INDIFFERENT,3:50,230,xcV1PFqFa6Q,2026-09-01T21:47:48Z,commit:5c97d16a
Cómo Te Quiero,Khruangbin,Con Todo El Mundo,False,INDIFFERENT,4:03,243,qqsWuk7DuVI,2026-09-01T21:43:45Z,commit:5c97d16a
Tainted Love,"Karen Souza, Stella Starlight Trio",Jazz and 80s - Part Two,False,INDIFFERENT,3:14,194,X_jMKg_F6w0,2026-09-01T21:40:31Z,commit:5c97d16a
Death by Chocolate,De-Phazz,Death by Chocolate,False,INDIFFERENT,4:43,283,NsXx1TweGMk,2026-09-01T21:35:48Z,commit:5c97d16a
Wonderful Life,Katie Melua,Wonderful Life,False,INDIFFERENT,4:07,247,Aen0tiK4nV0,2026-09-01T21:31:41Z,commit:5c97d16a
Fly Me to the Moon / Lucky (Mash-Up) (feat. Breea Guttery),Rick Hale,Fly Me to the Moon / Lucky (Mash-Up) [feat. Breea Guttery],False,INDIFFERENT,3:15,195,1w5kYuUlqL4,2026-09-01T21:28:26Z,commit:5c97d16a
Siempre me quedará,Bebe,Pafuera Telarañas,False,INDIFFERENT,3:50,230,xcV1PFqFa6Q,2026-09-01T21:24:36Z,commit:5c97d16a
Wrestle a Live Nude Girl,Leo Sidran,Cool School (The Music of Michael Franks),False,LIKE,4:44,284,vr996jU1Kpg,2026-09-01T21:19:52Z,commit:5c97d16a
Cómo Te Quiero,Khruangbin,Con Todo El Mundo,False,INDIFFERENT,4:03,243,qqsWuk7DuVI,2026-09-01T21:15:49Z,commit:5c97d16a
Tainted Love,"Karen Souza, Stella Starlight Trio",Jazz and 80s - Part Two,False,INDIFFERENT,3:14,194,X_jMKg_F6w0,2026-09-01T21:12:35Z,commit:5c97d16a
Heart To Heart,Mac DeMarco,Here Comes The Cowboy,False,LIKE,3:32,212,qBoQzo98EpQ,2026-09-01T21:09:03Z,commit:5c97d16a
Death by Chocolate,De-Phazz,Death by Chocolate,False,INDIFFERENT,4:43,283,NsXx1TweGMk,2026-09-01T21:04:20Z,commit:5c97d16a
Wrestle a Live Nude Girl,Leo Sidran,Cool School (The Music of Michael Franks),False,LIKE,4:44,284,vr996jU1Kpg,2026-09-01T20:59:36Z,commit:5c97d16a
Wrestle a Live Nude Girl,Michael Franks,Burchfield Nines,False,LIKE,4:35,275,hOXtETWgTHQ,2026-09-01T20:55:01Z,commit:5c97d16a
Sara Smile,Daryl Hall & John Oates,The Very Best of Daryl Hall / John Oates,False,INDIFFERENT,3:08,188,Op8nAB_JMkE,2026-09-01T20:51:53Z,commit:5c97d16a
When the Cookie Jar Is Empty,Michael Franks,Burchfield Nines,False,INDIFFERENT,5:11,311,mTQeKESR_AA,2026-09-01T20:46:42Z,commit:5c97d16a
Inner City Blues (Make Me Wanna Holler),Marvin Gaye,What's Going On,False,INDIFFERENT,5:28,328,WRLwTO_T52U,2026-09-01T20:41:14Z,commit:5c97d16a
Up and Down World,The California Honeydrops,Up and Down World,False,INDIFFERENT,3:29,209,Xq9up1VvL04,2026-09-01T20:37:45Z,commit:5c97d16a
Sun Touch,Herbie Hancock,Man-Child,False,INDIFFERENT,5:08,308,i79YGW9Ihz0,2026-09-01T20:32:37Z,commit:5c97d16a
It Must Have Been the Roses (Live),Grateful Dead,Reckoning (Live),False,INDIFFERENT,7:00,420,tvXQ7r-n-Go,2026-09-01T20:25:37Z,commit:5c97d16a
Freedom of '76,Ween,Chocolate and Cheese,False,INDIFFERENT,2:51,171,-BifEoVgxT8,2026-09-01T20:22:46Z,commit:5c97d16a
Bossa Antigua,Paul Desmond,Bossa Antigua,False,INDIFFERENT,4:43,283,sO8_NGzO39g,2026-09-01T20:18:03Z,commit:5c97d16a
Só Danço Samba,"Luiz Bonfá, Stan Getz",Jazz Samba Encore!,False,INDIFFERENT,3:37,217,f6e6W304LhA,2026-09-01T20:14:26Z,commit:5c97d16a
Late in the Evening,Paul Simon,One-Trick Pony,False,INDIFFERENT,4:03,243,fKWW4ll0YzI,2026-09-01T20:10:23Z,commit:5c97d16a
50 Ways to Leave Your Lover,Paul Simon,Still Crazy After All These Years,False,INDIFFERENT,3:38,218,B1V1varByWI,2026-09-01T20:06:45Z,commit:5c97d16a
Reflection,Brian Eno,Reflection,False,INDIFFERENT,1:05:25,3925,FywSUDTohGI,2026-09-01T19:01:20Z,commit:5c97d16a
Cyme,Loscil,Umbel,False,INDIFFERENT,7:26,446,nY1gfVP-00I,2026-09-01T18:53:54Z,commit:5c97d16a
Endless Falls,loscil,Endless Falls,False,INDIFFERENT,7:56,476,xxxpnfRi4Tw,2026-09-01T18:45:58Z,commit:5c97d16a
Tidal Wave,Butcher Brown,Tidal Wave,False,INDIFFERENT,3:31,211,0aVoug_08qc,2026-09-01T18:42:27Z,commit:5c97d16a
Sahara Cowboy,Arc De Soleil,Chameleon Sunday,False,INDIFFERENT,3:05,185,sk1j6cg2p3k,2026-09-01T18:39:22Z,commit:5c97d16a
Haggis Express,The Haggis Horns,Haggis Express,False,INDIFFERENT,3:59,239,xZZsAM7-c8Q,2026-09-01T18:35:23Z,commit:5c97d16a
Up From the South,The Budos Band,The Budos Band,False,INDIFFERENT,3:27,207,rNYUdeG6q4A,2026-09-01T18:31:56Z,commit:5c97d16a
Soulful,L'Indécis,Playtime,False,INDIFFERENT,3:41,221,fs0BCIUQ7Ws,2026-09-01T18:28:15Z,commit:5c97d16a
Close but No Cigar,Delvon Lamarr Organ Trio,Close but No Cigar,False,INDIFFERENT,3:31,211,2AeejiyGum8,2026-09-01T18:24:44Z,commit:5c97d16a
Herbie Hemphill,Surprise Chef,All News Is Good News,False,INDIFFERENT,4:06,246,paKS7sMFIpU,2026-09-01T18:20:38Z,commit:5c97d16a
Hole In One,Delvon Lamarr Organ Trio,I Told You So,False,INDIFFERENT,4:35,275,aCDIJy4LvDY,2026-09-01T18:16:03Z,commit:5c97d16a
Flip Shelton,Surprise Chef,All News Is Good News,False,INDIFFERENT,6:36,396,piaeeZp78ss,2026-09-01T18:09:27Z,commit:5c97d16a
Esperanza,Hermanos Gutiérrez,Esperanza,False,LIKE,5:29,329,mlIMIJIcpn8,2026-09-01T18:03:58Z,commit:5c97d16a
Have You Fed Baby Huey Today,Surprise Chef,All News Is Good News,False,INDIFFERENT,4:22,262,FHcRhSKZJkI,2026-09-01T17:59:36Z,commit:5c97d16a
Don't Call My Name,Skinshape,Life & Love,False,INDIFFERENT,4:10,250,T3f8UJlwf2o,2026-09-01T17:55:26Z,commit:5c97d16a
Even If You're Never Awake,Stars of the Lid,And Their Refinement of the Decline,False,INDIFFERENT,9:21,561,7Oc7-vlTP08,2026-09-01T17:46:05Z,commit:5c97d16a
Time after time,Hiroshi Yoshimura,Surround,False,INDIFFERENT,11:05,665,2z2nzne8fFQ,2026-09-01T17:35:00Z,commit:5c97d16a
Endless Falls,loscil,Endless Falls,False,INDIFFERENT,7:56,476,xxxpnfRi4Tw,2026-09-01T17:27:04Z,commit:5c97d16a
A Meaningful Moment Through a Meaning(less) Process,Stars of the Lid,And Their Refinement of the Decline,False,INDIFFERENT,4:33,273,T9lV5-wbPqw,2026-09-01T17:22:31Z,commit:5c97d16a
Arabesque,Claude Debussy,Classical Piano Chillout 2,False,INDIFFERENT,3:42,222,GVm5ZsuIPGI,2026-09-01T17:18:49Z,commit:5c97d16a
Clair de Lune (Studio Version),Johann Debussy,Clair de Lune (Studio Version),False,INDIFFERENT,5:12,312,JGJPVl7iQUM,2026-09-01T17:13:37Z,commit:5c97d16a
Liebesträume No. 3,Franz Liszt,Classical Piano Chillout,False,INDIFFERENT,5:06,306,8wIluSCpTaY,2026-09-01T17:08:31Z,commit:5c97d16a
La Verdad,Hermanos Gutiérrez,El Bueno Y El Malo,False,INDIFFERENT,3:59,239,oMk4fVjrfwc,2026-09-01T17:04:32Z,commit:5c97d16a
Capricorn,Vampire Weekend,Capricorn / Gen-X Cops,False,INDIFFERENT,4:10,250,_H6Kq24CHUU,2026-09-01T17:00:22Z,commit:5c97d16a
The Winner Is... (DeVotchKa Version),DeVotchKa,The Winner Is... (DeVotchKa Version),False,INDIFFERENT,3:16,196,PEC6dITILJ8,2026-09-01T16:57:06Z,commit:5c97d16a
No Surprises,Radiohead,OK Computer OKNOTOK 1997 2017,False,INDIFFERENT,3:49,229,7374CZQoS2Y,2026-09-01T16:53:17Z,commit:5c97d16a
The Winner Is,"DeVotchKa, Mychael Danna",Little Miss Sunshine (Original Motion Picture Soundtrack),False,LIKE,3:05,185,leZsqe2w5AY,2026-09-01T16:50:12Z,commit:5c97d16a
You Can Call Me Al,Paul Simon,Graceland (25th Anniversary Deluxe Edition),False,INDIFFERENT,4:40,280,OMbfT3Wppjo,2026-09-01T16:45:32Z,commit:5c97d16a
9 to 5,Dolly Parton,The Essential Dolly Parton,False,INDIFFERENT,3:01,181,E4OzdyxbOuU,2026-09-01T16:42:31Z,commit:5c97d16a
Dreams,Fleetwood Mac,50 Years - Don't Stop,False,INDIFFERENT,4:18,258,m8i5WiWCN-c,2026-09-01T16:38:13Z,commit:5c97d16a
Don't Go Breaking My Heart,"Elton John, Kiki Dee",Rock Of The Westies,False,INDIFFERENT,4:36,276,VHK5k2ieudc,2026-09-01T16:33:37Z,commit:5c97d16a
Southern Nights,Glen Campbell,Southern Nights,False,LIKE,3:01,181,X6-sU7pVJ3k,2026-09-01T16:30:36Z,commit:5c97d16a
The Logical Song,Supertramp,The Logical Song,False,LIKE,4:10,250,pP8iUyb9Gn8,2026-09-01T16:26:26Z,commit:5c97d16a
Escape (The Pina Colada Song),Rupert Holmes,Greatest Hits,False,INDIFFERENT,4:34,274,FXG_I_tf_i4,2026-09-01T16:21:52Z,commit:5c97d16a
Ritual In The Hall,Ivan the Tolerable,Ritual In Transfigured Time,False,INDIFFERENT,8:16,496,k3OicDH7YJc,2026-09-01T16:13:36Z,commit:5c97d16a
Another Veil,Ivan the Tolerable,Ritual In Transfigured Time,False,INDIFFERENT,6:20,380,bemYgwXcj1Y,2026-09-01T16:07:16Z,commit:5c97d16a
Across The Room,Ivan the Tolerable,Ritual In Transfigured Time,False,INDIFFERENT,5:08,308,VuGhJQAa-wU,2026-09-01T16:02:08Z,commit:5c97d16a
Statues/Bodies,Ivan the Tolerable,Ritual In Transfigured Time,False,INDIFFERENT,4:48,288,B_9bscWvWzY,2026-09-01T15:57:20Z,commit:5c97d16a
The Spiritualist,Ivan the Tolerable,Ritual In Transfigured Time,False,INDIFFERENT,4:20,260,10n0tVDYtPM,2026-09-01T15:53:00Z,commit:5c97d16a
Into The Ocean,Ivan the Tolerable,Ritual In Transfigured Time,False,INDIFFERENT,6:10,370,u16UnI6sA_4,2026-09-01T15:46:50Z,commit:5c97d16a
String To Ball,Ivan the Tolerable,Ritual In Transfigured Time,False,INDIFFERENT,4:36,276,UoOKAAvmrdk,2026-09-01T15:42:14Z,commit:5c97d16a
The Living End,Vetiver,Up On High,False,INDIFFERENT,4:48,288,0RUMrZMVvao,2026-09-01T15:37:26Z,commit:5c97d16a
Blue Moon,Beck,Morning Phase,False,INDIFFERENT,4:03,243,Iph0Nv3Eljk,2026-09-01T15:33:23Z,commit:5c97d16a
Everything Is Free,"Flock Of Dimes, Sylvan Esso",Don't Dream It's Over / Everything Is Free,False,INDIFFERENT,4:18,258,xCh1UGqMuKk,2026-09-01T15:29:05Z,commit:5c97d16a
Monsters,Angus Stone,Broken Brights,False,INDIFFERENT,5:21,321,ckFnAsQqyYM,2026-09-01T15:23:44Z,commit:5c97d16a
I Wish I Was the Moon,Neko Case,Blacklisted,False,INDIFFERENT,3:35,215,uGYwmewN6-U,2026-09-01T15:20:09Z,commit:5c97d16a
Do Not Claim Them Anymore (Radio Edit),Balthazar,Do Not Claim Them Anymore,False,INDIFFERENT,3:19,199,O_zIogeA-9M,2026-09-01T15:16:50Z,commit:5c97d16a
Rule My World,Kings Of Convenience,Declaration Of Dependence,False,INDIFFERENT,3:32,212,RHX-_bmoWmA,2026-09-01T15:13:18Z,commit:5c97d16a
Everything I Am Is Yours,Villagers,Darling Arithmetic,False,INDIFFERENT,3:31,211,jtrckbumPY4,2026-09-01T15:09:47Z,commit:5c97d16a
Monday Morning 5.19,Rialto,Rialto,False,INDIFFERENT,4:51,291,Wr4Aoua8-qg,2026-09-01T15:04:56Z,commit:5c97d16a
Postcards from Italy,Beirut,Gulag Orkestar,False,INDIFFERENT,4:18,258,bQJrVkUiaOY,2026-09-01T15:00:38Z,commit:5c97d16a
Sisyphus,Andrew Bird,My Finest Work Yet,False,LIKE,4:08,248,OsgUQrKTTtc,2026-09-01T14:56:30Z,commit:5c97d16a
Tu Y Yo,Hermanos Gutiérrez,Hoy Como Ayer,False,INDIFFERENT,3:11,191,lJh4a31lJkw,2026-09-01T14:53:19Z,commit:5c97d16a
Fire (Reworked by Blackjoy),Thomas Naïm,Sounds of Jimi (Reworks),False,LIKE,4:58,298,NMw5wQp89g4,2026-09-01T14:48:21Z,commit:5c97d16a
Bower,Offthewally,Bower,False,INDIFFERENT,2:55,175,H6kyjTy8KOE,2026-09-01T14:45:26Z,commit:5c97d16a
Espejos,Soultade,Espejos,False,INDIFFERENT,3:30,210,KPCGZMNGBM0,2026-09-01T14:41:56Z,commit:5c97d16a
Between,Vraell,Between,False,INDIFFERENT,3:37,217,uEmLnuMZi2I,2026-09-01T14:38:19Z,commit:5c97d16a
Got Caught in Amsterdam,Arc De Soleil,The Thief in Marrakesh Got Caught in Amsterdam Trying to Escape,False,INDIFFERENT,2:51,171,SuvVK76HAPE,2026-09-01T14:35:28Z,commit:5c97d16a
Mahal (Edit),Glass Beams,Mahal,False,INDIFFERENT,2:17,137,YjBrFYdz-aw,2026-09-01T14:33:11Z,commit:5c97d16a
Chicago Falcon,The Budos Band,The Budos Band II,False,INDIFFERENT,2:54,174,WV9axjWCAUY,2026-09-01T14:30:17Z,commit:5c97d16a
Sun Colored Eyes,BALTHVS,Harvest,False,INDIFFERENT,3:55,235,OcrvZoiJt8E,2026-09-01T14:26:22Z,commit:5c97d16a
View from Above,Ikebe Shakedown,Assassin,False,INDIFFERENT,3:59,239,wLtXKYz3v48,2026-09-01T14:22:23Z,commit:5c97d16a
After Midnight,Skinshape,Filoxiny,False,INDIFFERENT,4:44,284,ykLDsIWMZ8g,2026-09-01T14:17:39Z,commit:5c97d16a
Abrazos De Una Rosa,Hermanos Gutiérrez,El Camino De Mi Alma,False,INDIFFERENT,4:31,271,fqXEgTKdbO8,2026-09-01T14:13:08Z,commit:5c97d16a
Loop,Thakara,Loop,False,INDIFFERENT,4:00,240,mkDp5XwEcRU,2026-09-01T14:09:08Z,commit:5c97d16a
Long Way Home,Bad Magic,Long Way Home,False,INDIFFERENT,4:08,248,0ZytzPN5iT8,2026-09-01T14:05:00Z,commit:5c97d16a
Snake Oil,Glass Beams,Mahal,False,INDIFFERENT,4:56,296,qcraR6poCHk,2026-09-01T14:00:04Z,commit:5c97d16a
Float On,Modest Mouse,Good News For People Who Love Bad News,False,INDIFFERENT,3:29,209,88XhEqgmRhM,2026-09-01T13:56:35Z,commit:5c97d16a
New Slang,The Shins,"Oh, Inverted World",False,INDIFFERENT,3:52,232,1veF_lrvij8,2026-09-01T13:52:43Z,commit:5c97d16a
Pale Blue Eyes,The Velvet Underground,The Velvet Underground (45th Anniversary / Deluxe Edition),False,INDIFFERENT,5:40,340,MA3aKUwu-Dk,2026-09-01T13:47:03Z,commit:5c97d16a
Step,Vampire Weekend,Modern Vampires of the City,False,INDIFFERENT,4:12,252,JBjwW5iwXkk,2026-09-01T13:42:51Z,commit:5c97d16a
Good Luck,Broken Bells,Good Luck,False,INDIFFERENT,3:27,207,HhLw84Y9LvM,2026-09-01T13:39:24Z,commit:5c97d16a
Rocky Trail,Kings Of Convenience,Peace Or Love,False,INDIFFERENT,3:31,211,zUhQ1W1YYJI,2026-09-01T13:35:53Z,commit:5c97d16a
Deep Red Bells,Neko Case,Blacklisted,False,INDIFFERENT,4:04,244,QK2LfWAzDIY,2026-09-01T13:31:49Z,commit:5c97d16a
California Dreamin',Amason,California Airport Love,False,INDIFFERENT,3:09,189,MkpEckt9q-o,2026-09-01T13:28:40Z,commit:5c97d16a
Mahal,Glass Beams,Mahal,False,INDIFFERENT,3:22,202,Byzhrg7oW58,2026-09-01T13:25:18Z,commit:5c97d16a
Decency,Balthazar,Thin Walls,False,INDIFFERENT,4:00,240,ncAqwXMwnok,2026-09-01T13:21:18Z,commit:5c97d16a
Nothing but Everything,Jon and Roy,The Road Ahead Is Golden,False,INDIFFERENT,3:35,215,ujF0O0lsi5E,2026-09-01T13:17:43Z,commit:5c97d16a
Le vent nous portera,Sophie Hunger,1983,False,INDIFFERENT,3:47,227,TGuAIGStets,2026-09-01T13:13:56Z,commit:5c97d16a
Working Titles,Damien Jurado,Maraqopa,False,INDIFFERENT,3:48,228,t5m2b3spyUY,2026-09-01T13:10:08Z,commit:5c97d16a
Ecstasy,Crooked Still,Shaken By A Low Sound,False,INDIFFERENT,6:14,374,iqXuHxoB9Ig,2026-09-01T13:03:54Z,commit:5c97d16a
Truth,Alex Ebert,Alexander,False,INDIFFERENT,4:21,261,LlrJa_O-g2k,2026-09-01T12:59:33Z,commit:5c97d16a
This Must Be the Place (Naive Melody) [2005 Remaster],Talking Heads,Speaking in Tongues (Deluxe Version),False,INDIFFERENT,4:57,297,fsccjsW8bSY,2026-09-01T12:54:36Z,commit:5c97d16a
California Stars,"Billy Bragg, Wilco",Mermaid Avenue,False,INDIFFERENT,4:59,299,lWQ4IPPXz2k,2026-09-01T12:49:37Z,commit:5c97d16a
Clay Pigeons,John Prine,Fair and Square,False,INDIFFERENT,4:28,268,4LfZJMIs3BI,2026-09-01T12:45:09Z,commit:5c97d16a
How Long Must I Wait,Dr. Dog,Be The Void (Deluxe Edition),False,INDIFFERENT,3:41,221,EE1VxbdsvF4,2026-09-01T12:41:28Z,commit:5c97d16a
Strange Overtones,"Brian Eno, David Byrne",Everything That Happens Will Happen Today,False,INDIFFERENT,4:18,258,GvZhpCYWFzs,2026-09-01T12:37:10Z,commit:5c97d16a
Going To The Country,Pokey LaFarge,Manic Revelations,False,INDIFFERENT,4:06,246,uMJpvAlfHPc,2026-09-01T12:33:04Z,commit:5c97d16a
The Winner Is,"DeVotchKa, Mychael Danna",Little Miss Sunshine (Original Motion Picture Soundtrack),False,LIKE,3:05,185,leZsqe2w5AY,2026-09-01T12:29:59Z,commit:5c97d16a
La Verdad,Hermanos Gutiérrez,El Bueno Y El Malo,False,INDIFFERENT,3:59,239,oMk4fVjrfwc,2026-09-01T12:26:00Z,commit:5c97d16a
Capricorn,Vampire Weekend,Capricorn / Gen-X Cops,False,INDIFFERENT,4:10,250,_H6Kq24CHUU,2026-09-01T12:21:50Z,commit:5c97d16a
Sisyphus,Andrew Bird,My Finest Work Yet,False,LIKE,4:08,248,OsgUQrKTTtc,2026-09-01T12:17:42Z,commit:5c97d16a
Dying Alone,Hammock,Dying Alone,False,INDIFFERENT,3:55,235,LFE7JeF56SY,2026-09-01T12:13:47Z,commit:5c97d16a
A Meaningful Moment Through a Meaning(less) Process,Stars of the Lid,And Their Refinement of the Decline,False,INDIFFERENT,4:33,273,T9lV5-wbPqw,2026-09-01T12:09:14Z,commit:5c97d16a
Ends,Líom,Coast,False,INDIFFERENT,5:56,356,6NXhKJm3KYI,2026-09-01T12:03:18Z,commit:5c97d16a
Fromme,Loscil,Coast / Range / Arc,False,INDIFFERENT,7:36,456,86K_KPnNiNw,2026-09-01T11:55:42Z,commit:5c97d16a
Dusk Gale,Loscil,Umbel,False,INDIFFERENT,7:36,456,W76Tf2OJrWE,2026-09-01T11:48:06Z,commit:5c97d16a
Ciliegi in fiore,Piero Umiliani,Paesaggi,False,INDIFFERENT,2:56,176,QPXC4WShltM,2026-09-01T11:45:10Z,commit:5c97d16a
Just A Joke,Yurie Kokubu,Relief 72 Hours,False,INDIFFERENT,3:10,190,FVikHLyW500,2026-09-01T11:42:00Z,commit:5c97d16a
I knew i was,Jun Miyake,June Night Love,False,INDIFFERENT,3:06,186,nVSdIUczERg,2026-09-01T11:38:54Z,commit:5c97d16a
Cosmic Surfin',Haruomi Hosono,PACIFIC,False,LIKE,5:03,303,HQcc8a2cwKM,2026-09-01T11:33:51Z,commit:5c97d16a
Kiska,Tatsuro Yamashita,PACIFIC,False,INDIFFERENT,5:26,326,9DVYNklXcX0,2026-09-01T11:28:25Z,commit:5c97d16a
Noa Noa,Shigeru Suzuki,PACIFIC,False,INDIFFERENT,4:10,250,D5EB-Jy23k8,2026-09-01T11:24:15Z,commit:5c97d16a
Passion Flower,Shigeru Suzuki,PACIFIC,False,INDIFFERENT,3:35,215,vKIfJVdVbJw,2026-09-01T11:20:40Z,commit:5c97d16a
Slack Key Rumba,Haruomi Hosono,PACIFIC,False,INDIFFERENT,3:02,182,oaIpqX_Rs3I,2026-09-01T11:17:38Z,commit:5c97d16a
Nostalgia of Island,Tatsuro Yamashita,PACIFIC,False,INDIFFERENT,9:36,576,SnEPavjpSAo,2026-09-01T11:08:02Z,commit:5c97d16a
Coral Reef,Shigeru Suzuki,PACIFIC,False,INDIFFERENT,3:45,225,-5-kykUC-Zw,2026-09-01T11:04:17Z,commit:5c97d16a
最後の楽園 - Saigono Rakuen,Haruomi Hosono,PACIFIC,False,LIKE,4:03,243,vJZ40a5rhAM,2026-09-01T11:00:14Z,commit:5c97d16a
Ice Ice Baby (Radio Edit),Vanilla Ice,Ice Ice Baby,False,INDIFFERENT,3:52,232,Mx2_qGupJEk,2026-09-01T10:56:22Z,commit:5c97d16a
"What Is Love (7"" Mix)",Haddaway,The Album,False,INDIFFERENT,4:31,271,dEOmR6b0IqM,2026-09-01T10:51:51Z,commit:5c97d16a
I Feel Love,Donna Summer,On The Radio: Greatest Hits Volumes I & II,False,INDIFFERENT,3:22,202,nTNcCKq6V2c,2026-09-01T10:48:29Z,commit:5c97d16a
Pump Up The Jam,Technotronic,Pump Up The Jam,False,LIKE,5:21,321,y_-SP55sRig,2026-09-01T10:43:08Z,commit:5c97d16a
Strange Planet,"Astrix, Shpongle",Codex VI,False,INDIFFERENT,8:56,536,Lt2SceJdeOQ,2026-09-01T10:34:12Z,commit:5c97d16a
Yug,Tebra,Yug,False,INDIFFERENT,7:24,444,J3oIDWHWkoI,2026-09-01T10:26:48Z,commit:5c97d16a
Souq,Viken Arman,Sireli,False,INDIFFERENT,6:22,382,Zz-ntfRLYKE,2026-09-01T10:20:26Z,commit:5c97d16a
Alma,Alef,Alma,False,INDIFFERENT,6:18,378,CLGrIBEwdkw,2026-09-01T10:14:08Z,commit:5c97d16a
Free Your Mind,ARTHEUS,Free Your Mind,False,INDIFFERENT,7:34,454,ZkommBuIspc,2026-09-01T10:06:34Z,commit:5c97d16a
Dancing Blossoms (Sidereal Remix) (feat. Bahramji),Elea,Fall,False,INDIFFERENT,8:18,498,xTTGuZTf2oc,2026-09-01T09:58:16Z,commit:5c97d16a
Rattlesnake,Glass Beams,Mirage,False,INDIFFERENT,4:45,285,KFUfL1cAL6c,2026-09-01T09:53:31Z,commit:5c97d16a
Divine Moments of Truth (Original Russian Bootleg Mix),Shpongle,Divine Moments of Truth,False,INDIFFERENT,10:11,611,lU7zg4llie4,2026-09-01T09:43:20Z,commit:5c97d16a
Pulse Antique,Oceanvs Orientalis,Portrait of the Obscure,False,INDIFFERENT,4:19,259,ArH5ztqoy4o,2026-09-01T09:39:01Z,commit:5c97d16a
Reflections,Monolink,Under Darkening Skies,False,INDIFFERENT,4:46,286,rbjh9EVpGT4,2026-09-01T09:34:15Z,commit:5c97d16a
Let Me Out,Einmusik & Diana Miro,Let Me Out,False,INDIFFERENT,5:14,314,nlBtNkmjpH4,2026-09-01T09:29:01Z,commit:5c97d16a
Castanias,Kermesse,Kermesse,False,INDIFFERENT,5:47,347,SPNQC-dg5o0,2026-09-01T09:23:14Z,commit:5c97d16a
Pagan Dream Machine (Vibrasphere Remix),Entheogenic,Dialogue Of The Speakers,False,INDIFFERENT,8:35,515,rxiHzKqcG0Y,2026-09-01T09:14:39Z,commit:5c97d16a
Endless,Portico Quartet,Art in the Age of Automation,False,INDIFFERENT,4:26,266,sc-sc9ewn14,2026-09-01T09:10:13Z,commit:5c97d16a
Eye Nyam Nam 'A' Mensuro (Henrik Schwarz Blend),Ebo Taylor / Pat Thomas / Henrik Schwarz,Ene Nyame (Henrik Schwarz Blend),False,INDIFFERENT,9:24,564,peRso_QItLk,2026-09-01T09:00:49Z,commit:5c97d16a
Atlas,"Acid Arab, Cem Yıldız",Atlas,False,INDIFFERENT,3:05,185,uPYFevf9OQc,2026-09-01T08:57:44Z,commit:5c97d16a
Jardines (feat. Lido Pimienta),Chancha Via Circuito,Amansara,False,INDIFFERENT,4:47,287,v2VTa8hZRD4,2026-09-01T08:52:57Z,commit:5c97d16a
Babel (Hraach Remix),Bernstein (CH),Babel,False,INDIFFERENT,6:38,398,PkEpbHtrjT0,2026-09-01T08:46:19Z,commit:5c97d16a
31 Bloom,Four Tet,Three,False,INDIFFERENT,5:53,353,XwFvnS9R6Qg,2026-09-01T08:40:26Z,commit:5c97d16a
Soul Provider,Grouch,Soul Provider,False,INDIFFERENT,7:22,442,0xIoZKC7Cdo,2026-09-01T08:33:04Z,commit:5c97d16a
Pelota (Cut a Rug Mix),"Khruangbin, Quantic",Mordechai Remixes,False,INDIFFERENT,5:02,302,frDnbMdoVCE,2026-09-01T08:28:02Z,commit:5c97d16a
Melancholia,Hugo Kant,Far From Home,False,INDIFFERENT,5:34,334,6y4KaXl1BRM,2026-09-01T08:22:28Z,commit:5c97d16a
Salamander,Drumspyder,Sound Sigils,False,INDIFFERENT,5:28,328,O9YNY5M2YRI,2026-09-01T08:17:00Z,commit:5c97d16a
Sunrise Projector,Tycho,Past Is Prologue,False,INDIFFERENT,3:05,185,2-aIiUvsbCQ,2026-09-01T08:13:55Z,commit:5c97d16a
Resynthesis 3D (Binaural Version - Headphones Only),Max Cooper,3D Reworks 001,False,INDIFFERENT,4:57,297,Kbx6RBlZlIs,2026-09-01T08:08:58Z,commit:5c97d16a
Guidance,Thievery Corporation,Treasures From The Temple,False,INDIFFERENT,4:23,263,X9gmqUC7sjc,2026-09-01T08:04:35Z,commit:5c97d16a
Darkside Lovers,"Dense, Mystic Crock",Lost Particles,False,INDIFFERENT,8:12,492,fDTbqW1F324,2026-09-01T07:56:23Z,commit:5c97d16a
Isolation,"Darles Flow, Gentleman (DJ)",Isolation,False,INDIFFERENT,5:53,353,ethf0QUHjGk,2026-09-01T07:50:30Z,commit:5c97d16a
Relax Shiva,Red Axes,Relax Shiva,False,INDIFFERENT,3:57,237,U5LHHc3LWXU,2026-09-01T07:46:33Z,commit:5c97d16a
"Moonbeam, Midnight, Howl",Kerala Dust,Violet Drive,False,INDIFFERENT,5:42,342,5sB5PaaGBSY,2026-09-01T07:40:51Z,commit:5c97d16a
Myth,Tor,Blue Book,False,INDIFFERENT,4:20,260,ZhE3tvebLgM,2026-09-01T07:36:31Z,commit:5c97d16a
It All Depends (Aguacate Version),Roderic,It All Depends (Aguacate Version),False,INDIFFERENT,6:57,417,7oZ7Zi1KA-k,2026-09-01T07:29:34Z,commit:5c97d16a
Of Things to Come,Tommy Guerrero,Sunshine Radio,False,INDIFFERENT,3:02,182,d2uunx-wLRk,2026-09-01T07:26:32Z,commit:5c97d16a
Once Upon the Sea of Blissful Awareness,Shpongle,Tales of the Inexpressible,False,INDIFFERENT,7:31,451,izxx1tTVkZE,2026-09-01T07:19:01Z,commit:5c97d16a
Kanasi,Solidmind,Kanasi,False,INDIFFERENT,6:28,388,IDS21WhWRUY,2026-09-01T07:12:33Z,commit:5c97d16a
Louna,Sam Shure,Louna,False,LIKE,8:36,516,RrQdkMUHgac,2026-09-01T07:03:57Z,commit:5c97d16a
Malibu (Live From Malibu),Yussef Dayes,The Yussef Dayes Experience (Live From Malibu),False,INDIFFERENT,3:17,197,hZVnQi_NvBM,2026-09-01T07:00:40Z,commit:5c97d16a
Burned the Strings,Hraach,"Ararat, Vol. 1",False,INDIFFERENT,7:08,428,5C-WdWZoCn8,2026-09-01T06:53:32Z,commit:5c97d16a
Bamboo (Arkay Koo Remix),Turu Anasi,Vsi Tyt Remixes,False,INDIFFERENT,6:21,381,BrGWhyAkJlQ,2026-09-01T06:47:11Z,commit:5c97d16a
This Time Tomorrow (Stereo;2014 Remaster),The Kinks,"Lola Versus Powerman and the Moneygoround, Pt. One + Percy (Super Deluxe)",False,INDIFFERENT,3:25,205,jW1FYmr92h8,2026-09-01T06:43:46Z,commit:5c97d16a
Fat Man in the Bathtub (2023 Remaster),Little Feat,Dixie Chicken (Deluxe Edition),False,LIKE,4:33,273,f3DPIzTjU_8,2026-09-01T06:39:13Z,commit:5c97d16a
Up On Cripple Creek,The Band,The Band,False,INDIFFERENT,4:31,271,zFFGkDmjRlo,2026-09-01T06:34:42Z,commit:5c97d16a
Positively 4th Street,Bob Dylan,Bob Dylan's Greatest Hits,False,INDIFFERENT,3:54,234,SsovdtBgz3Q,2026-09-01T06:30:48Z,commit:5c97d16a
Thunderstorms and Neon Signs,Wayne Hancock,Thunderstorms and Neon Signs,False,INDIFFERENT,3:43,223,4Sx2PtajajU,2026-09-01T06:27:05Z,commit:5c97d16a
Fish and Whistle,John Prine,Bruised Orange,False,INDIFFERENT,3:15,195,QYxlxYSCvFg,2026-09-01T06:23:50Z,commit:5c97d16a
Honky Tonk Heroes (Like Me),Waylon Jennings,Wanted! The Outlaws,False,LIKE,3:30,210,8LIDR2ySLlo,2026-09-01T06:20:20Z,commit:5c97d16a
Sin City,The Flying Burrito Brothers,The Gilded Palace Of Sin,False,LIKE,4:10,250,UcU04NGMQb8,2026-09-01T06:16:10Z,commit:5c97d16a
The Harder They Come (Live),"Bill Vitt, Jerry Garcia, John Kahn, Merl Saunders","Live At Keystone, Volume 1",False,INDIFFERENT,6:22,382,Ckns613oo48,2026-09-01T06:09:48Z,commit:5c97d16a
Pride of Cucamonga,Grateful Dead,From the Mars Hotel,False,INDIFFERENT,4:18,258,Si_T0tUzLNU,2026-09-01T06:05:30Z,commit:5c97d16a
When I Think of You,Ex Confusion,Embrace,False,INDIFFERENT,5:25,325,RQcjcUDeMAU,2026-09-01T06:00:05Z,commit:5c97d16a
Ethereal,Punch Deck,Ethereal,False,INDIFFERENT,3:37,217,3R43jVf4fwc,2026-09-01T05:56:28Z,commit:5c97d16a
Cascades (Loopable Brown Noise),Ambient Dreamer,Cascades (Loopable Brown Noise),False,INDIFFERENT,3:12,192,6Jnq6MJ8Axg,2026-09-01T05:53:16Z,commit:5c97d16a
#3,Aphex Twin,Selected Ambient Works Volume II (Expanded Edition),False,INDIFFERENT,7:45,465,UoNlG9g1E2E,2026-09-01T05:45:31Z,commit:5c97d16a
Dust Breeding (1.316)+,Stars of the Lid,Avec Laudenum,False,INDIFFERENT,9:09,549,YjN3kcfrMAo,2026-09-01T05:36:22Z,commit:5c97d16a
Reaktion,Carbon Based Lifeforms,Alt:01,False,INDIFFERENT,5:54,354,slQe0jN9bwc,2026-09-01T05:30:28Z,commit:5c97d16a
Guiding Lights,Spacecraft,Guiding Lights,False,INDIFFERENT,3:44,224,jfz0dhrGYWc,2026-09-01T05:26:44Z,commit:5c97d16a
Andriven,Mystic Crock,Clear Water,False,INDIFFERENT,8:16,496,DB76DgbEH7c,2026-09-01T05:18:28Z,commit:5c97d16a
Under The Moon,Brian Eno,Apollo: Atmospheres And Soundtracks (Extended Edition),False,INDIFFERENT,3:11,191,x6PgRT9qgIc,2026-09-01T05:15:17Z,commit:5c97d16a
Valse Pour Le Fin Du Temps,Harold Budd,Lovely Thunder,False,INDIFFERENT,4:51,291,uvPfhN09hAg,2026-09-01T05:10:26Z,commit:5c97d16a
In Motion,Ann Annie,Wander Into,False,INDIFFERENT,3:58,238,z42Up1OIxUQ,2026-09-01T05:06:28Z,commit:5c97d16a
An Afternoon (feat. Alexey),Matt Correa,An Afternoon,False,INDIFFERENT,6:39,399,mcv8aUSnmeA,2026-09-01T04:59:49Z,commit:5c97d16a
Opal,The Sunchasers,Opal,False,INDIFFERENT,5:23,323,HPR81vBsZXU,2026-09-01T04:54:26Z,commit:5c97d16a
Night Bell (Arizona),Kerala Dust,"Light, West",False,LIKE,7:29,449,02oAFRwUPNw,2026-09-01T04:46:57Z,commit:5c97d16a
Stand In Line,okuma,Bi Ba Bü,False,LIKE,7:27,447,3mdt8AR8gcU,2026-09-01T04:39:30Z,commit:5c97d16a
Meat's In The Freezer (Let's Go Skiing),David Walburn,MONTANA: Life Under The Big Sky,False,LIKE,4:18,258,6xpyrA5yIOk,2026-09-01T04:35:12Z,commit:5c97d16a
Live Jam in Polynesia,Arc De Soleil,Libertalia,False,INDIFFERENT,3:07,187,bHhet-GCZzw,2026-09-01T04:32:05Z,commit:5c97d16a
Black Sand,Glass Beams,Mahal,False,INDIFFERENT,4:39,279,v_mpRUw_JDk,2026-09-01T04:27:26Z,commit:5c97d16a
Snake Oil,Glass Beams,Mahal,False,INDIFFERENT,4:56,296,qcraR6poCHk,2026-09-01T04:22:30Z,commit:5c97d16a
Orb,Glass Beams,Mahal,False,LIKE,4:54,294,-476mGZVl8I,2026-09-01T04:17:36Z,commit:5c97d16a
Mahal,Glass Beams,Mahal,False,LIKE,3:22,202,0kzzdmyiND0,2026-09-01T04:14:14Z,commit:5c97d16a
Horizon,Glass Beams,Mahal,False,INDIFFERENT,0:43,43,vzro-uV8Fl4,2026-09-01T04:13:31Z,commit:5c97d16a
Also Sprach Zarathustra,Phish,"1998.08.16 Limestone, ME - Lemmonwheel",,INDIFFERENT,18:14,1094,juAXBFBZaIU,2026-09-01T03:55:17Z,commit:5c97d16a
MBNN & Rowald Steyn - ilomilo (Billie Eilish),"152M views, Sos Music",,False,INDIFFERENT,3:00,180,udHq9Mg14Os,2026-09-01T03:52:17Z,commit:5c97d16a
Pure Desire feat. Ellie Lust (feat. Ellie Lust),Narcisse (Mex),Pure Desire,False,INDIFFERENT,6:15,375,kn4opV-fglk,2026-09-01T03:46:02Z,commit:5c97d16a
The Game (Rundfunk3000 Remix),Dole & Kom,Trompetenkrähe,False,INDIFFERENT,6:47,407,WNP0QCEt6e0,2026-09-01T03:39:15Z,commit:5c97d16a
Desert Mungs,Jarl Flamar,Desert Mungs,False,INDIFFERENT,7:28,448,A-6Yb_rAMow,2026-09-01T03:31:47Z,commit:5c97d16a
Cumbia Lunar,Hermanos Gutiérrez,Sonido Cósmico,False,INDIFFERENT,2:38,158,TqlAAzqH-Js,2026-09-01T03:29:09Z,commit:5c97d16a
Ghombu,okuma,Traj Traj,False,LIKE,7:17,437,GVyA-jzWZgM,2026-09-01T03:21:52Z,commit:5c97d16a
Juno Love,Nico Morano,Juno Love,False,INDIFFERENT,7:27,447,1e8mzCW0nlU,2026-09-01T03:14:25Z,commit:5c97d16a
What I Need,"Naarly, Sickluv, Thabza De Soul",What I Need,False,INDIFFERENT,4:05,245,uGfqdcRgzho,2026-09-01T03:10:20Z,commit:5c97d16a
Let Your Body Fly,MAISON ROYALE,Let Your Body Fly,False,INDIFFERENT,3:25,205,dUbnvxB7WtA,2026-09-01T03:06:55Z,commit:5c97d16a
Consent to Use and Abuse,"Narcisse (Mex), Pauline Marie-Antoinette, & Cafe De Anatolia",This Side of Paradise,False,INDIFFERENT,6:21,381,mla42Ayyhf8,2026-09-01T03:00:34Z,commit:5c97d16a
Fugitivo (feat. Monique),Paax (Tulum),Sounds of Sirin: Earth,False,INDIFFERENT,7:27,447,zerzfO8rrwU,2026-09-01T02:53:07Z,commit:5c97d16a
Consent to Use and Abuse,"Narcisse (Mex), Pauline Marie-Antoinette, & Cafe De Anatolia",This Side of Paradise,False,INDIFFERENT,6:21,381,mla42Ayyhf8,2026-09-01T02:46:46Z,commit:5c97d16a
Siriema,Xique-Xique,Na Lagoa,False,INDIFFERENT,5:38,338,XnKiwMCE2JU,2026-09-01T02:41:08Z,commit:5c97d16a
Apunians (Seba Campos Lo Que Tu Me Das Version),"J.Pool, Lemurian, Seba Campos",On the Road to Lemuria,False,INDIFFERENT,7:40,460,M6iqW2f7EDM,2026-09-01T02:33:28Z,commit:5c97d16a
m@kossa — Kolkul (Lukas Endhardt Remix),"224K views, Tekla DuDu CDA",,False,INDIFFERENT,8:14,494,PZGTeUo9ji4,2026-09-01T02:25:14Z,commit:5c97d16a
The Secret Drums of Bwiti (Turu Anasi Remix),Nhii,The Secret Drums of Bwiti,False,INDIFFERENT,6:03,363,2y1VLfcHCbY,2026-09-01T02:19:11Z,commit:5c97d16a
Holographic Universe,Thievery Corporation,The Cosmic Game,False,INDIFFERENT,3:43,223,d5CPA8YBnCY,2026-09-01T02:15:28Z,commit:5c97d16a
Alongside,Omeria,Alongside,False,INDIFFERENT,7:12,432,GBmhQqTUVuk,2026-09-01T02:08:16Z,commit:5c97d16a
Solidmind - El Bahari (ft. tānāshāh) EXCLUSIVE,"289K views, Tekla DuDu CDA",,False,INDIFFERENT,6:25,385,mgXBGHz-rmw,2026-09-01T02:01:51Z,commit:5c97d16a
Gato Negro (Daniel Hokum & okuma Remix),Klik & Frik,Gato Negro (Daniel Hokum & Okuma Remix),False,INDIFFERENT,6:36,396,rj38Kn1dzQk,2026-09-01T01:55:15Z,commit:5c97d16a
Feather feat. Pippermint (okuma Remix) (feat. Pippermint),Nhii,Feather (The Remixes),False,INDIFFERENT,7:14,434,bQJaQcffDV0,2026-09-01T01:48:01Z,commit:5c97d16a
Toot,T-Puse,Parousia 3,False,INDIFFERENT,5:04,304,3YPLXpvw1CU,2026-09-01T01:42:57Z,commit:5c97d16a
Liberta,Omeria,Liberta,False,INDIFFERENT,7:20,440,EHPWzgbRJ60,2026-09-01T01:35:37Z,commit:5c97d16a
Basoa (Kermesse Remix),okuma,Traj Traj,False,INDIFFERENT,5:31,331,YhTTJ5qJGqM,2026-09-01T01:30:06Z,commit:5c97d16a
T'zunun,Yemanjo,T'zunun,False,LIKE,5:59,359,RwVBQ3YXIFs,2026-09-01T01:24:07Z,commit:5c97d16a
Flames,Rapossa,Mystic Flavor,False,INDIFFERENT,6:53,413,nThfHcRNQI0,2026-09-01T01:17:14Z,commit:5c97d16a
Krasnapolyana,Kermesse,Bar 25 Music presents: Sounds of Sirin Vol.4,False,INDIFFERENT,5:04,304,1KL4YfdeTwM,2026-09-01T01:12:10Z,commit:5c97d16a
In The Garden (okuma Remix),Kusht,Restate,False,INDIFFERENT,8:10,490,AWHRQZTkmPM,2026-09-01T01:04:00Z,commit:5c97d16a
In The Garden (okuma Remix),Kusht,Restate,False,INDIFFERENT,8:10,490,AWHRQZTkmPM,2026-09-01T00:55:50Z,commit:5c97d16a
Carnavalito,Pulli & Chomba,Walüng II,False,INDIFFERENT,7:43,463,HkBBrAl591I,2026-09-01T00:48:07Z,commit:5c97d16a
Oceanvs Orientalis - Yol (Edit),"3.6M views, Tekla DuDu CDA",,False,INDIFFERENT,7:06,426,28KzG9m45cE,2026-09-01T00:41:01Z,commit:5c97d16a
Hipnagogia,"Cafe De Anatolia, Narcisse (Mex)",This Side of Paradise,False,INDIFFERENT,6:33,393,pB4kPT8-rP8,2026-09-01T00:34:28Z,commit:5c97d16a
Medusa,Jarl Flamar,Medusa,False,INDIFFERENT,6:41,401,rMB5xjwlLKo,2026-09-01T00:27:47Z,commit:5c97d16a
Shamaqam,Turu Anasi,Mundo Maravilloso,False,INDIFFERENT,7:47,467,vJntvpg0A6k,2026-09-01T00:20:00Z,commit:5c97d16a
Tête Sage (Sahalé in the forest Remix),okuma,Restate,False,INDIFFERENT,7:13,433,MxjZcAp-56w,2026-09-01T00:12:47Z,commit:5c97d16a
Jellydish,okuma,Bi Ba Bü,False,INDIFFERENT,8:26,506,tAduyj4-uRc,2026-09-01T00:04:21Z,commit:5c97d16a
title,artist,album,inLibrary,likeStatus,duration,duration_seconds,video_id,,commit:5c97d16a
title,artist,album,inLibrary,likeStatus,duration,duration_seconds,link,,commit:5c97d16a
Give Me Cornbread When I'm Hungry,John Fahey,The Dance Of Death & Other Plantation Favorites,False,INDIFFERENT,3:09,189,MDLOYZ0kgoQ,2026-09-12T06:41:49Z,gh-6748
16 Tons,Merle Travis,The Very Best,False,INDIFFERENT,2:10,130,Jaqe5nsV_Ck,2026-09-12T06:39:39Z,gh-6748
That's All Right,Blind Snooks Eaglin,That's All Right,True,LIKE,2:09,129,1O2vGcl3M4g,2026-09-12T06:37:30Z,gh-6748
Wildwood Flower,Chet Atkins & His Galloping Guitar,"The Early Years, CD C: 1952-1954",False,INDIFFERENT,2:13,133,eiRmT1UiYqc,2026-09-12T06:35:17Z,gh-6748
Snowbird,Chet Atkins,The Essential Chet Atkins,False,INDIFFERENT,2:14,134,Dim2pQtGlaI,2026-09-12T06:33:03Z,gh-6748
You Was Born To Die,Curley Weaver,Curley Weaver (1933-1935),False,INDIFFERENT,2:52,172,b5WCOm8wu8E,2026-09-12T06:30:11Z,gh-6748
Delia,Elizabeth Cotten,Shake Sugaree,False,INDIFFERENT,2:13,133,hNiGTtC01CY,2026-09-12T06:27:58Z,gh-6748
Back In the Saddle Again,Gene Autry,"Always Your Pal, Gene Autry",False,INDIFFERENT,2:45,165,kVoctNl4n00,2026-09-12T06:25:13Z,gh-6748
Hard Traveling,Woody Guthrie,"Hard Travelin': The Asch Recordings, Vol. 3",False,INDIFFERENT,2:33,153,busZs8xUUqs,2026-09-12T06:22:40Z,gh-6748
Phil Eddings - Okechobee Stomp - Country 45,"83K views, CheesebrewWaxArchive",,False,INDIFFERENT,2:35,155,YsvKk3pWO30,2026-09-12T06:20:05Z,gh-6748
Moon Over Montana (Mono),Jimmy Wakely,Vintage Collections,False,INDIFFERENT,2:58,178,GUR2C1S6Ryg,2026-09-12T06:17:07Z,gh-6748
That's How the Yodel Was Born,Elton Britt,Presenting Elton Britt,False,INDIFFERENT,3:14,194,jVzNBiF8bbM,2026-09-12T06:13:53Z,gh-6748
Western Island,Archie Fisher,The Man with a Rhyme,False,INDIFFERENT,2:00,120,b_dO7sUZI9g,2026-09-12T06:11:53Z,gh-6748
Railroad Bill,Etta Baker,Railroad Bill,False,INDIFFERENT,2:42,162,AbzlrVXqM_0,2026-09-12T06:09:11Z,gh-6748
Singing My Troubles Away,The Delmore Brothers,From Dust to Diamonds - Early and Rare Delmore Brothers,False,INDIFFERENT,2:32,152,tU2E0DAzvtc,2026-09-12T06:06:39Z,gh-6748
Brown's Ferry Blues,The Delmore Brothers,"The Old Time Music Radio Show Bluegrass, Blues & Gospel",False,INDIFFERENT,2:39,159,XuP5qm3qxls,2026-09-12T06:04:00Z,gh-6748
Blue Railroad Train,The Delmore Brothers,Epic Americana,False,INDIFFERENT,3:00,180,3LTKl7jyk_g,2026-09-12T06:01:00Z,gh-6748
The Fugitive's Lament,The Delmore Brothers,"When I Was A Cowboy, Vol. 2",False,INDIFFERENT,2:45,165,W7pQDf2CNPI,2026-09-12T05:58:15Z,gh-6748
Hillbilly Boogie,The Delmore Brothers,16 All Time Favorite Songs,False,INDIFFERENT,2:46,166,pXX8Fv34-uo,2026-09-12T05:55:29Z,gh-6748
Freight Train Boogie,The Delmore Brothers,Inducted Into The Hall Of Fame 2001,False,INDIFFERENT,2:45,165,k95uy_XvMeI,2026-09-12T05:52:44Z,gh-6748
Blues Stay Away From Me,Delmore Brothers,The Greatest Country Music Recordings Of All Time Vol. 2,False,INDIFFERENT,2:52,172,-Vu3ZIMcKnI,2026-09-12T05:49:52Z,gh-6748
Vanille fraise,L'Impératrice,Vanille fraise,False,INDIFFERENT,3:59,239,hQ5PFlYU9sk,2026-09-12T05:45:53Z,gh-6748
Bill,Isaac Birituro & The Rail Abandon,Bill,False,INDIFFERENT,4:04,244,E5Vjf4HbOZA,2026-09-12T05:41:49Z,gh-6748
Tezeta,"Hailu Mergia, The Walias",Tezeta,False,INDIFFERENT,4:31,271,rfojy3Xm9aI,2026-09-12T05:37:18Z,gh-6748
Snakes,"El Michels Affair, Lee Fields",Return To The 37th Chamber,False,INDIFFERENT,2:08,128,VnHZe_wwzdU,2026-09-12T05:35:10Z,gh-6748
Asc. Scorpio,Oracle Sisters,Asc. Scorpio,True,LIKE,2:47,167,TvhHgYcaRBs,2026-09-12T05:32:23Z,gh-6748
Pluto's Lament,The Olympians,The Olympians,False,INDIFFERENT,2:46,166,3ZanKCDvCUo,2026-09-12T05:29:37Z,gh-6748
Mermaid,"Alan Hawkshaw, Brian Bennett",Kpm 1000 Series: Synthesis,False,INDIFFERENT,3:57,237,CTEY3LVrKh0,2026-09-12T05:25:40Z,gh-6748
Coffee Cold,Galt MacDermot,Shapes of Rhythm/Woman Is Sweeter,False,INDIFFERENT,3:26,206,1Oe06936C0c,2026-09-12T05:22:14Z,gh-6748
Kingdom of D'mt,Karl Hector & The Malcouns,Ka Rica-Tar,False,LIKE,3:16,196,ostLm4eaqr4,2026-09-12T05:18:58Z,gh-6748
Rage Room,"Braxton Cook, Ornithology, ROHO, juniorodeo",Rage Room,False,INDIFFERENT,2:07,127,Oe7uUQht6fo,2026-09-12T05:16:51Z,gh-6748
Don't Call My Name,Skinshape,Life & Love,False,INDIFFERENT,4:10,250,T3f8UJlwf2o,2026-09-12T05:12:41Z,gh-6748
Ewnèt yèt lagegnesh,"Girma Bèyènè, Tèklè Adhanom, Haylu Kèbèdè, Girmay Asmarom, and Tèsfa-Maryam Kidané",Ethiopian Modern Instrumentals Hits,False,INDIFFERENT,2:47,167,H2cm16iNVLI,2026-09-12T05:09:54Z,gh-6748
Nyajondere,Extra Golden,Ok-Oyot System,False,INDIFFERENT,12:10,730,5wydbMzoj88,2026-09-12T04:57:44Z,gh-6748
Tussin and Fightin',Extra Golden,Ok-Oyot System,False,INDIFFERENT,7:06,426,0frMTs2YqpI,2026-09-12T04:50:38Z,gh-6748
Osama Rach,Extra Golden,Ok-Oyot System,False,INDIFFERENT,6:15,375,PQmSL0aQNKs,2026-09-12T04:44:23Z,gh-6748
Ok-Oyot System,Extra Golden,Ok-Oyot System,False,INDIFFERENT,6:23,383,UldKkstNtT0,2026-09-12T04:38:00Z,gh-6748
It's Not Easy,Extra Golden,Ok-Oyot System,False,INDIFFERENT,7:12,432,0o6JgRNd_Lc,2026-09-12T04:30:48Z,gh-6748
Ilando Gima Onge,Extra Golden,Ok-Oyot System,False,INDIFFERENT,11:07,667,xO7OQtz_hLU,2026-09-12T04:19:41Z,gh-6748
Trancespotter,Hallucinogen,The Lone Deranger,False,INDIFFERENT,8:36,516,HtkvoIHbU2I,2026-09-12T04:11:05Z,gh-6748
Shakey Shaker,Hallucinogen,The Lone Deranger,False,INDIFFERENT,6:23,383,k5Lv5tjyxzU,2026-09-12T04:04:42Z,gh-6748
Demention,Hallucinogen,The Lone Deranger,False,INDIFFERENT,7:18,438,XuyKFjg2bAY,2026-09-12T03:57:24Z,gh-6748
Sapiential,Entheogenic,Dreamtime Physics,False,INDIFFERENT,7:31,451,_wVqOQi3lPc,2026-09-12T03:49:53Z,gh-6748
Navigation VII,Flore Laurentienne,Volume III,False,INDIFFERENT,6:31,391,kC7RDTcjzek,2026-09-12T03:43:22Z,gh-6748
Fleuve VIII,Flore Laurentienne,Volume III,False,INDIFFERENT,1:48,108,0zqwK6Zdnkw,2026-09-12T03:41:34Z,gh-6748
Fleuve VII,Flore Laurentienne,Volume III,False,INDIFFERENT,5:49,349,ln8gMjuqvFs,2026-09-12T03:35:45Z,gh-6748
Le temps,Flore Laurentienne,Volume III,False,INDIFFERENT,2:07,127,HBhucWqCR74,2026-09-12T03:33:38Z,gh-6748
Petit matin,Flore Laurentienne,Volume III,False,INDIFFERENT,4:10,250,bOhe37zN7tM,2026-09-12T03:29:28Z,gh-6748
Régate,Flore Laurentienne,Volume III,False,INDIFFERENT,4:45,285,aymaN-1ekx4,2026-09-12T03:24:43Z,gh-6748
Fleurs,Flore Laurentienne,Volume III,False,INDIFFERENT,3:10,190,rJQQnC1ofEs,2026-09-12T03:21:33Z,gh-6748
What's Going Through Your Mind,Phish,"2026/09/05 Commerce City, CO",False,INDIFFERENT,24:42,1482,OVvuZE0osEE,2026-09-12T02:56:51Z,gh-6748
Most Events Aren't Planned,Phish,"2026/09/05 Commerce City, CO",False,INDIFFERENT,10:12,612,UZtdLCbTKcA,2026-09-12T02:46:39Z,gh-6748
Chalk Dust Torture,Phish,"2026/09/05 Commerce City, CO",False,INDIFFERENT,10:28,628,VoW3nwDJzY0,2026-09-12T02:36:11Z,gh-6748
Run Like an Antelope,Phish,2026-09-04 Dick’s Sporting Goods Park; Commerce City CO (48-24),False,INDIFFERENT,11:00,660,BtAkogZ11bY,2026-09-12T02:25:11Z,gh-6748
Lonely Trip,Phish,2026-09-04 Dick’s Sporting Goods Park; Commerce City CO (48-24),False,INDIFFERENT,6:50,410,bNjMhXLImzQ,2026-09-12T02:18:21Z,gh-6748
Life Saving Gun,Phish,2026-09-04 Dick’s Sporting Goods Park; Commerce City CO (48-24),False,INDIFFERENT,18:23,1103,rVG4W69NGyU,2026-09-12T01:59:58Z,gh-6748
Down with Disease,Phish,2026-09-04 Dick’s Sporting Goods Park; Commerce City CO (48-24),False,INDIFFERENT,35:30,2130,5GrVouvWnlk,2026-09-12T01:24:28Z,gh-6748
46 Days,Phish,2026-09-04 Dick’s Sporting Goods Park; Commerce City CO (48-24),False,INDIFFERENT,6:56,416,CvNd-rCiEv0,2026-09-12T01:17:32Z,gh-6748
Under Orion,Rudy Adrian,MoonWater,False,INDIFFERENT,5:18,318,wP1RiDmq4kQ,2026-09-12T01:12:14Z,gh-6748
The Slow Descent Has Begun (feat. Adam Wiltzie & Dustin O'Halloran),A Winged Victory For The Sullen,The Undivided Five,False,INDIFFERENT,4:56,296,wMXO6vP7CWo,2026-09-12T01:07:18Z,gh-6748
Freeze I,Chihei Hatakeyama,Ghost Woods,False,INDIFFERENT,7:37,457,-Gcv6lBx1hE,2026-09-12T00:59:41Z,gh-6748
Semena Mertvykh,Boards of Canada,Tomorrow's Harvest,False,INDIFFERENT,3:31,211,4RhMavTAtLU,2026-09-12T00:56:10Z,gh-6748
Three Sparrows,Rest You Sleeping Giant,Celestial Orchestra,False,INDIFFERENT,6:13,373,CWpy915ir1k,2026-09-12T00:49:57Z,gh-6748
Morning Repose,Endel,Relax: Easy Morning,False,INDIFFERENT,3:47,227,ZXXcGqeRzrM,2026-09-12T00:46:10Z,gh-6748
Day 1,Joel Shearer,Morning Loops,False,INDIFFERENT,11:53,713,RIK3lxlBkbc,2026-09-12T00:34:17Z,gh-6748
Some,Nils Frahm,Solo Remains,False,INDIFFERENT,4:15,255,jKBP-2egVf8,2026-09-12T00:30:02Z,gh-6748
Abrazo 2020,Suso Sáiz,Resonant Bodies,False,INDIFFERENT,1:23,83,sLwOua_xx6o,2026-09-12T00:28:39Z,gh-6748
Displacement,Rafael Anton Irisarri,A Fragile Geography,False,INDIFFERENT,4:12,252,l2QKkABbFPk,2026-09-12T00:24:27Z,gh-6748
The River of Snow,Gallery Six,The Inner World,False,INDIFFERENT,5:49,349,VIcZWkWTnYk,2026-09-12T00:18:38Z,gh-6748
Waits Dreaming,Innesti,Filament and Place,False,INDIFFERENT,5:19,319,jSyGNZcyGSQ,2026-09-12T00:13:19Z,gh-6748
God I'm Just Grateful / Sure Been Good,Elevation Worship,Promise & Presence,False,INDIFFERENT,7:45,465,59UWuebscbs,2026-09-12T00:05:34Z,gh-6748
Fairy Light,EIRLYS,Fairy Light,False,INDIFFERENT,2:47,167,xHTLZkpzOls,2026-09-12T00:02:47Z,gh-6748
Black Tusk Descent,loscil,coast/range/arc//,False,INDIFFERENT,7:15,435,ZheAgv6symk,2026-09-11T23:55:32Z,gh-6748
Mysterium,Hammock,Mysterium,False,INDIFFERENT,7:12,432,Pe5Q9xN63nk,2026-09-11T23:48:20Z,gh-6748
You Wish (Abbey Road Fuzz Gospel Version),Nightmares On Wax & Mozez,You Wish (Abbey Road Fuzz Gospel Version),False,INDIFFERENT,4:49,289,69MPmFKtCtk,2026-09-11T23:43:31Z,gh-6748
GAME OVER (you fools),Union Specific,GAME OVER (you fools),True,LIKE,5:23,323,3wiyIbZtYGY,2026-09-11T23:38:08Z,gh-6748
Indifference,Cafe Accordion Orchestra,Le Disque Francais,False,LIKE,5:17,317,QG6jpHSJkpc,2026-09-11T23:32:51Z,gh-6748
The Ever Present Silent Observer,Captain Hook & Tetrameth,Origin,False,INDIFFERENT,8:09,489,KOSO8Xb2b34,2026-09-11T23:24:42Z,gh-6748
Infinity,Captain Hook & Ritmo,Origin,False,INDIFFERENT,9:07,547,l22TTIAWyWE,2026-09-11T23:15:35Z,gh-6748
Time & Space,Captain Hook,Origin,False,INDIFFERENT,12:47,767,IH-LFA2Lyfo,2026-09-11T23:02:48Z,gh-6748
Let There Be Light,Captain Hook,Origin,False,INDIFFERENT,13:03,783,kdZcdD8GcFw,2026-09-11T22:49:45Z,gh-6748
Bundadji,Interpulse,Weapons of Mass Connection,False,INDIFFERENT,9:31,571,BSB4YS5u24o,2026-09-11T22:40:14Z,gh-6748
Deep into Nature,Captain Hook,Origin,False,INDIFFERENT,13:47,827,aI5DQBfCwOA,2026-09-11T22:26:27Z,gh-6748
Liquid Hook,Captain Hook & Liquid Soul,Banel 25 Years Anniversary,False,INDIFFERENT,7:50,470,6oRcm8LZMHA,2026-09-11T22:18:37Z,gh-6748
Roll Um Easy (2023 Remaster),Little Feat,Dixie Chicken (Deluxe Edition),False,INDIFFERENT,2:34,154,4PhgD7etInI,2026-09-11T22:16:03Z,gh-6748
Snow On The Pines >,Yonder Mountain String Band,"2012-06-30 - Bloom Heavy River Romp, Arrowhead Campgrounds",False,INDIFFERENT,8:00,480,Rhs71_UeGnU,2026-09-11T22:08:03Z,gh-6748
Traffic Jam >,Yonder Mountain String Band,"2012-06-30 - Bloom Heavy River Romp, Arrowhead Campgrounds",False,INDIFFERENT,9:39,579,iqAY-5wBLbo,2026-09-11T21:58:24Z,gh-6748
Out Of The Pan,Yonder Mountain String Band,Get Yourself Outside,False,INDIFFERENT,2:13,133,lQvqnUvLp_w,2026-09-11T21:56:11Z,gh-6748
Peace of Mind / Follow Me Down to the Riverside / Peace of Mind (Live),Yonder Mountain String Band,"Mountain Tracks, Vol. 2 (Live)",False,LIKE,26:21,1581,1bVueNiKmK0,2026-09-11T21:29:50Z,gh-6748
Full-On Psytrance Mix (April 2025) - Eclipse Sound Syndicate!,"816K views, Eclipse Sound Syndicate",,False,INDIFFERENT,1:27:56,5276,MhaE4T6yO1g,2026-09-11T20:01:54Z,gh-6748
Joseph's Dream,John Hartford,Nobody Knows What You Do,False,INDIFFERENT,4:25,265,7hTvyV7Qc-g,2026-09-11T19:57:29Z,gh-6748
Back in the Goodle Days,John Hartford,Aereo-Plain,False,INDIFFERENT,3:40,220,UcF0SY0m3sU,2026-09-11T19:53:49Z,gh-6748
One Thing,Peter And Kerry,Late Night Tales (Mixed),False,INDIFFERENT,3:28,208,KAlnLrrmlDw,2026-09-11T19:50:21Z,gh-6748
Essence Of Sapphire,Dorothy Ashby,Late Night Tales (Mixed),False,INDIFFERENT,3:10,190,bcZ1lSNNmWc,2026-09-11T19:47:11Z,gh-6748
Sailing Out To Sea,Matthew Halsall,Late Night Tales (Mixed),False,INDIFFERENT,1:30,90,nZCqLkRDkkE,2026-09-11T19:45:41Z,gh-6748
South Congress,Airhead,Late Night Tales (Mixed),False,INDIFFERENT,3:26,206,bikf64q3wlc,2026-09-11T19:42:15Z,gh-6748
VIII. Juliette,Matthew Bourne,Late Night Tales (Mixed),False,INDIFFERENT,3:21,201,gJf2c0toli8,2026-09-11T19:38:54Z,gh-6748
So It Goes (feat. Ken Voita),Aurelia Anne Cohen,Chrysalis,False,INDIFFERENT,5:12,312,XDG3T7Y-iow,2026-09-11T19:33:42Z,gh-6748
When The Next Whistle Blows,Aurelia Anne Cohen,The Magnolia Sessions,False,INDIFFERENT,3:29,209,FCRnl8SJq0s,2026-09-11T19:30:13Z,gh-6748
Carry It With You,Aurelia Anne Cohen,The Magnolia Sessions,False,INDIFFERENT,4:54,294,vOYwcaey5Io,2026-09-11T19:25:19Z,gh-6748
Bluemont Waltz,Aurelia Anne Cohen,The Magnolia Sessions,False,INDIFFERENT,2:34,154,Lt_1zDSBLiY,2026-09-11T19:22:45Z,gh-6748
Lonesome,Aurelia Anne Cohen,Chrysalis,False,INDIFFERENT,3:17,197,fSlMKEoSPs0,2026-09-11T19:19:28Z,gh-6748
Tumbleweed,Aurelia Anne Cohen,Tumbleweed,False,INDIFFERENT,3:04,184,ZDE8xiXDLYY,2026-09-11T19:16:24Z,gh-6748
Amari Szi Amari,Aurelia Anne Cohen,The Magnolia Sessions,False,INDIFFERENT,4:50,290,Oaxz99Bq_EE,2026-09-11T19:11:34Z,gh-6748
I Know You're Hurting.,RAYE,THIS MUSIC MAY CONTAIN HOPE.,False,INDIFFERENT,6:18,378,8R9z3AS5SLg,2026-09-11T19:05:16Z,gh-6748
I Hate The Way I Look Today.,RAYE,THIS MUSIC MAY CONTAIN HOPE.,False,LIKE,3:29,209,BjqAX_cCNwY,2026-09-11T19:01:47Z,gh-6748
Winter Woman.,RAYE,THIS MUSIC MAY CONTAIN HOPE.,False,INDIFFERENT,4:21,261,doZN3wGUqEQ,2026-09-11T18:57:26Z,gh-6748
Joy.,"Absolutely, Amma, RAYE",THIS MUSIC MAY CONTAIN HOPE.,False,INDIFFERENT,4:24,264,taHYtEGxLnw,2026-09-11T18:53:02Z,gh-6748
The WhatsApp Shakespeare.,RAYE,THIS MUSIC MAY CONTAIN HOPE.,False,INDIFFERENT,3:56,236,22JOUliNzxs,2026-09-11T18:49:06Z,gh-6748
Fields. (feat. Grandad Michael),RAYE,THIS MUSIC MAY CONTAIN HOPE.,False,INDIFFERENT,4:11,251,VDwiXjJI4Lg,2026-09-11T18:44:55Z,gh-6748
No Surprises,Radiohead,OK Computer OKNOTOK 1997 2017,False,INDIFFERENT,3:49,229,7374CZQoS2Y,2026-09-11T18:41:06Z,gh-6748
Stay All Night (Stay A Little Longer) (feat. The Texas Playboys),Bob Wills,For The Last Time,False,INDIFFERENT,3:07,187,KZBVAGBYPos,2026-09-11T18:37:59Z,gh-6748
Howard Hughes Blues,Robert Ellis & Courtney Hartman,Dear John,False,LIKE,2:51,171,dRQMM47WlW0,2026-09-11T18:35:08Z,gh-6748
Workin' Man Blues (Live),Merle Haggard,"Live From Austin, TX '78",False,INDIFFERENT,4:21,261,XtGNp_9yOuQ,2026-09-11T18:30:47Z,gh-6748
I Don't Wanna Leave You on the Farm,Ween,12 Golden Country Greats,False,INDIFFERENT,2:45,165,MfJj5pypPSU,2026-09-11T18:28:02Z,gh-6748
Fat Man in the Bathtub (2023 Remaster),Little Feat,Dixie Chicken (Deluxe Edition),True,LIKE,4:33,273,f3DPIzTjU_8,2026-09-11T18:23:29Z,gh-6748
The Letter,Frank Solivan & Dirty Kitchen,On the Edge,True,LIKE,3:49,229,UM5do8-S5dQ,2026-09-11T18:19:40Z,gh-6748
Ya Ya Ringe Ringe Raja,Goran Bregović & Kolic Zlatko,Underground,False,INDIFFERENT,2:30,150,QkOKVsMVvTI,2026-09-11T18:17:10Z,gh-6748
Gaida,Mahala Rai Banda,Mahala Rai Banda,False,INDIFFERENT,4:41,281,DE3Aj_kCW5o,2026-09-11T18:12:29Z,gh-6748
Maruska,Boban i Marko Markovic Orkestar,Devla,False,INDIFFERENT,3:07,187,XhdwgH3lPwk,2026-09-11T18:09:22Z,gh-6748
Di Naie Chuppe,Amsterdam Klezmer Band,LIMONCHIKI,False,INDIFFERENT,2:30,150,TSiFwDzdmdI,2026-09-11T18:06:52Z,gh-6748
A Journey to Moldavia,Klezmer Festival Band,Klezmer Festival Band: Gregori Schechter and the Wandering Few - Klezmer,False,INDIFFERENT,6:50,410,xN3llki6fSo,2026-09-11T18:00:02Z,gh-6748
"Kustino Oro (BOF ""Le temps des gitans"")",Goran Bregovic,Le Temps Des Gitans & Kuduz,False,INDIFFERENT,3:15,195,3IgIiO5SbD4,2026-09-11T17:56:47Z,gh-6748
On the Beach,Jafunk,On the Beach,False,INDIFFERENT,2:56,176,bL5dgENup9A,2026-09-11T17:53:51Z,gh-6748
Hora din Batrani,Chernobxg,DIN OGRADA Vol.1 : Pasarea Maiastra,False,INDIFFERENT,2:08,128,_qGVV4G9V5s,2026-09-11T17:51:43Z,gh-6748
OPA TSUPA : Bei mir bist du schon,"206K views, Nicolas Moro",,False,INDIFFERENT,3:34,214,EDv8i65ME9A,2026-09-11T17:48:09Z,gh-6748
Booty Swing,Parov Stelar,The Paris Swing Box,False,INDIFFERENT,3:17,197,QfQYtnM4a4E,2026-09-11T17:44:52Z,gh-6748
Одесская,Феликс Шиндер,Золото Древних Одесситов,False,INDIFFERENT,3:11,191,DdxAClsW24s,2026-09-11T17:41:41Z,gh-6748
Yossel,Klezmer Festival Band,Klezmer Festival Band: Gregori Schechter and the Wandering Few - Klezmer,False,INDIFFERENT,2:19,139,dxF6nXzRIaw,2026-09-11T17:39:22Z,gh-6748
Borino Oro (itunes exclusiv),Shantel,Mixtape Vol. 1,False,INDIFFERENT,3:07,187,hOXKX0muDb0,2026-09-11T17:36:15Z,gh-6748
Borino Oro,"Aleksandar Kashtanov, Bubamara Brass Band",Zivot U Ime Ljubavi,False,INDIFFERENT,2:43,163,1gusasPsxYU,2026-09-11T17:33:32Z,gh-6748
Panama Cardoon - Moliendo Café,"8.2M views, Never skip the intro.",,False,INDIFFERENT,3:17,197,NNfzIgFsXEA,2026-09-11T17:30:15Z,gh-6748
Mahalageasca,Mahala Rai Banda,Mahala Rai Banda,False,INDIFFERENT,4:07,247,pz3AoKi5d-4,2026-09-11T17:26:08Z,gh-6748
Drunk n Space,OMFO,We Are The Shepherds,True,LIKE,2:34,154,eDvY7E9gbJE,2026-09-11T17:23:34Z,gh-6748
Gutusl Electro,OMFO,Gutsul Electro (The Remixes),True,LIKE,3:43,223,8ENtHOVKWLM,2026-09-11T17:19:51Z,gh-6748
Balkan Beast,Gypsy Hill,Balkan Beast (Remixes),True,LIKE,4:20,260,9WeLC7Wmnc8,2026-09-11T17:15:31Z,gh-6748
Balcumbia,Balkan Beat Box,Blue Eyed Black Boy,False,INDIFFERENT,3:23,203,j6Xxnu-VkA4,2026-09-11T17:12:08Z,gh-6748
Bubamara,Fanfare Ciocarlia,Iag Bari,False,INDIFFERENT,1:56,116,KiBoZJnEquo,2026-09-11T17:10:12Z,gh-6748
Kolomeika,Amsterdam Klezmer Band,De Amsterdam Klezmer Band,True,LIKE,3:12,192,7QrqQ6aURT8,2026-09-11T17:07:00Z,gh-6748
Sadagora Hot Dub - Remixed by Shantel,Amsterdam Klezmer Band,Remixed,False,LIKE,5:12,312,AZZoa8YC19w,2026-09-11T17:01:48Z,gh-6748
Paul Cantelon - Sunflowers,"71K views, World Music Legacy",,False,INDIFFERENT,1:33,93,D-0BCdsP7jw,2026-09-11T17:00:15Z,gh-6748
The Con Artist Feat. Pete Miser - Ya-takoy (Everything Is Illuminated Soundtrack),"71K views, Lonimera",,False,LIKE,2:43,163,9wX8Es4MUMo,2026-09-11T16:57:32Z,gh-6748
"Songs from Liquid Days: No. 3, Freezing","Kronos Quartet, Linda Ronstadt, Michael Riesman, Philip Glass Ensemble",Glass: Songs from Liquid Days,False,INDIFFERENT,3:16,196,boKifx85haE,2026-09-11T16:54:16Z,gh-6748
Prologue Babushka (Paul Cantelon),"260K views, tharuuk",,False,INDIFFERENT,4:49,289,THSJ4DZAVTc,2026-09-11T16:49:27Z,gh-6748
Звезда рок-н-ролла,Ленинград,Мат без электричества,False,INDIFFERENT,2:10,130,UezbBNMbkh0,2026-09-11T16:47:17Z,gh-6748
Belladone,"Gaspard Augé, Justice",Belladone,False,INDIFFERENT,4:17,257,jIuwnN9UTME,2026-09-11T16:43:00Z,gh-6748
Phantom Pt. II (Live / AAA),Justice,Access All Arenas,False,INDIFFERENT,7:59,479,bPGXPRSnZZY,2026-09-11T16:35:01Z,gh-6748
On'n'On (Live / AAA),Justice,Access All Arenas,False,INDIFFERENT,5:35,335,pqYte3N87UQ,2026-09-11T16:29:26Z,gh-6748
Encore (Live / AAA),Justice,Access All Arenas,False,INDIFFERENT,0:47,47,VTdVR2MifZ8,2026-09-11T16:28:39Z,gh-6748
"Audio, Video, Disco. (Live / AAA)",Justice,Access All Arenas,False,INDIFFERENT,9:59,599,kEf2KzdxIsQ,2026-09-11T16:18:40Z,gh-6748
Waters Of Nazareth (Live / AAA),Justice,Access All Arenas,False,INDIFFERENT,6:53,413,Z-wz0RIkeXk,2026-09-11T16:11:47Z,gh-6748
Stress (Live / AAA),Justice,Access All Arenas,False,INDIFFERENT,5:36,336,B2UGFHP1zj8,2026-09-11T16:06:11Z,gh-6748
Panama Red,Old & In The Way,Breakdown,False,INDIFFERENT,2:42,162,vHzDvXhJ_Ug,2026-09-11T16:03:29Z,gh-6748
'til The End Of The World Rolls 'round,Old & In The Way,Breakdown,False,INDIFFERENT,2:15,135,A0CnMBv83bU,2026-09-11T16:01:14Z,gh-6748
Old & In The Way Breakdown,Old & In The Way,Breakdown,False,INDIFFERENT,3:48,228,bdvB52XnAgk,2026-09-11T15:57:26Z,gh-6748
The Hobo Song,Old & In The Way,Breakdown,False,INDIFFERENT,4:58,298,Ljkdj8koUN4,2026-09-11T15:52:28Z,gh-6748
On And On,Old & In The Way,Breakdown,False,INDIFFERENT,3:26,206,0_cNhDAGNGg,2026-09-11T15:49:02Z,gh-6748
Down Where The River Bends,Old & In The Way,Breakdown,False,INDIFFERENT,4:36,276,8eZ3ZEgDHCA,2026-09-11T15:44:26Z,gh-6748
Home Is Where The Heart Is,Old & In The Way,Breakdown,False,INDIFFERENT,3:37,217,K7EUy4oaL7c,2026-09-11T15:40:49Z,gh-6748
Captain Hook @ Boom Festival 2025 [Full Set Movie],"561K views, Captain Hook Official",,False,INDIFFERENT,2:58:02,10682,vMYgD8AVyTk,2026-09-11T12:42:47Z,gh-6748
Raspberry Beret,"85M views, Prince & The Revolution",,False,INDIFFERENT,4:21,261,l7vRSu_wsNc,2026-09-11T12:38:26Z,gh-6748
Bayakhala,The Brother Moves On,Bayakhala,False,INDIFFERENT,5:31,331,yJRsdBBTNIg,2026-09-11T12:32:55Z,gh-6748
Still Foggy,Minami Deutsch,Fortune Goodies,False,INDIFFERENT,4:49,289,_Q3k3mUGWVk,2026-09-11T12:28:06Z,gh-6748
Girl Please (feat. Troy Cash),Blu Cantrell,From L.a. To L.O.,False,INDIFFERENT,3:51,231,NGBuJTZm5is,2026-09-11T12:24:15Z,gh-6748
Hit 'Em Up Style (Oops!),Blu Cantrell,Bittersweet,False,INDIFFERENT,4:11,251,5D-d2gBxWf0,2026-09-11T12:20:04Z,gh-6748
Hit 'Em up Style,Carolina Chocolate Drops,Genuine Negro Jig,False,INDIFFERENT,3:58,238,ZbDpY1dOCog,2026-09-11T12:16:06Z,gh-6748
Your Baby Ain't Sweet Like Mine,Carolina Chocolate Drops,Genuine Negro Jig,False,INDIFFERENT,3:01,181,gnY9iT2bjJw,2026-09-11T12:13:05Z,gh-6748
Trouble in Your Mind,Carolina Chocolate Drops,Genuine Negro Jig,False,INDIFFERENT,2:57,177,eE6YcL7k9_A,2026-09-11T12:10:08Z,gh-6748
Rain Jacket,Omni Gardens,Golden Pear,False,INDIFFERENT,2:55,175,niU1NXpncVU,2026-09-11T12:07:13Z,gh-6748
Like Two Strangers,Trentemøller,The Last Resort,False,INDIFFERENT,3:39,219,WSoLOZImD2E,2026-09-11T12:03:34Z,gh-6748
Nightwalker,Trentemøller,The Last Resort,False,LIKE,5:50,350,4_S9Z-kevzY,2026-09-11T11:57:44Z,gh-6748
New Eyes,Julien Mier,Untangle the Roots,False,INDIFFERENT,3:48,228,BwJZuFvsLj0,2026-09-11T11:53:56Z,gh-6748
Slow Stride,YOUTH 83,Slow Stride,False,INDIFFERENT,2:55,175,SxeFCp1-NiY,2026-09-11T11:51:01Z,gh-6748
Preface,Sundial Aeon,Analysis,False,INDIFFERENT,4:15,255,JRrpoqVxM-c,2026-09-11T11:46:46Z,gh-6748
Moon Dust,The Ambientalist,Moon Dust,False,INDIFFERENT,4:00,240,yBizzmlyXQg,2026-09-11T11:42:46Z,gh-6748
Porch Noodles,Luke Sanger,World Of Inherent Noise,False,INDIFFERENT,4:12,252,HUPrLaUqBNI,2026-09-11T11:38:34Z,gh-6748
Lost In Thought,Jon Hopkins,Opalescent,False,INDIFFERENT,6:17,377,NT1aFEDdAQU,2026-09-11T11:32:17Z,gh-6748
Back to the Start,The Album Leaf,Between Waves (Deluxe Edition),False,INDIFFERENT,4:47,287,sFAgLiDcOiM,2026-09-11T11:27:30Z,gh-6748
Guardian of Time,Toni Verde,Guardian of Time,False,INDIFFERENT,1:40,100,jP02qu9zRYg,2026-09-11T11:25:50Z,gh-6748
At Your Gamut,Caterina Barbieri,Spirit Exit,False,INDIFFERENT,7:07,427,zUuAfMcaPro,2026-09-11T11:18:43Z,gh-6748
Silence,E-Mantra,Silence,False,INDIFFERENT,5:45,345,6rTcdOeedSg,2026-09-11T11:12:58Z,gh-6748
Tulips,"Cloudchord, Ian Ewing",Tulips,False,INDIFFERENT,3:02,182,eRPjcpwOkF0,2026-09-11T11:09:56Z,gh-6748
Turquoise Hexagon Sun,Boards of Canada,Music Has The Right To Children,False,INDIFFERENT,5:08,308,2SvTeJrAlV0,2026-09-11T11:04:48Z,gh-6748
Tundra,Squarepusher,Feed Me Weird Things,False,INDIFFERENT,7:56,476,DeEZAbK2QxM,2026-09-11T10:56:52Z,gh-6748
Silent walking (Origin 2004) (2022 Remaster),Solar Fields,Origin # 01 (2022 Remaster),False,INDIFFERENT,6:39,399,eH4iZuiqkac,2026-09-11T10:50:13Z,gh-6748
Memory Arc,Rival Consoles,Persona,False,INDIFFERENT,2:14,134,fDyCzVkKv8k,2026-09-11T10:47:59Z,gh-6748
Secret Garden,Mystic Crock,Secret Garden,False,INDIFFERENT,7:29,449,sn6Wca2Jpn8,2026-09-11T10:40:30Z,gh-6748
Replicant / Human,STRANGE MEMORY,Replicant / Human,False,INDIFFERENT,3:07,187,-ltp2jC0tq8,2026-09-11T10:37:23Z,gh-6748
Embraced (Origin 2004) (2022 Remaster),Solar Fields,Origin # 01 (2022 Remaster),False,INDIFFERENT,5:25,325,ToKussxu8kU,2026-09-11T10:31:58Z,gh-6748
The Return (Bonus Track),Solar Fields,Movements,False,INDIFFERENT,7:50,470,VRmxhrdiyY4,2026-09-11T10:24:08Z,gh-6748
Breeze,Solar Fields,Movements,False,INDIFFERENT,8:31,511,Wm4ZhzmXJ68,2026-09-11T10:15:37Z,gh-6748
The Road To Nothingness,Solar Fields,Movements,False,INDIFFERENT,6:59,419,Y1EAHEM5rXI,2026-09-11T10:08:38Z,gh-6748
Patterns,Solar Fields,Movements,False,INDIFFERENT,4:40,280,SOZxyrJO62I,2026-09-11T10:03:58Z,gh-6748
Feelings (Edit / 2018 Remaster),Solar Fields,Movements,False,INDIFFERENT,7:23,443,Ne6AMprWCkw,2026-09-11T09:56:35Z,gh-6748
Das Bungalow,Solar Fields,Movements,False,INDIFFERENT,6:48,408,hrjvq5U6Z1s,2026-09-11T09:49:47Z,gh-6748
Dust,Solar Fields,Movements,False,INDIFFERENT,6:04,364,_wzDtZ7I1aY,2026-09-11T09:43:43Z,gh-6748
The Stones Are Not Too Busy,Solar Fields,Movements,False,INDIFFERENT,10:31,631,bvaL_ohykUg,2026-09-11T09:33:12Z,gh-6748
title,artist,album,inLibrary,likeStatus,duration,duration_seconds,video_id,,gh-85
title,artist,album,inLibrary,likeStatus,duration,duration_seconds,link,,commit:bbb614e9
