videoId,title,artists,album,duration,duration_seconds,first_seen,last_seen,times_recommended,latest_position,likeStatus,inLibrary
_ORrftU6sGA,Maybellene,Chuck Berry,Berry Is On Top,2:24,144,2026-10-04T09:50:15Z,2026-10-04T09:50:15Z,1,2,INDIFFERENT,False
0VJ1NuAbEBI,Great Balls Of Fire,Jerry Lee Lewis,Great Balls Of Fire,2:34,154,2026-10-04T09:50:15Z,2026-10-04T09:50:15Z,1,34,INDIFFERENT,False
imMjQa27vlc,Long Tall Sally (The Thing),Little Richard,Here's Little Richard (Deluxe Edition),2:08,128,2026-10-04T09:50:15Z,2026-10-04T09:50:15Z,1,41,INDIFFERENT,False
_S5CQQPXxL4,I Drink Alone,George Thorogood & The Destroyers,Maverick,4:36,276,2026-10-04T09:50:15Z,2026-10-04T09:50:15Z,1,45,INDIFFERENT,False
GKZwJ1fOXsI,Teleport (Antinomy remix),Man With No Name,Teleport (Antinomy Remix),6:47,407,2026-10-04T09:50:15Z,2026-10-04T09:50:15Z,1,48,INDIFFERENT,False
J0EF7rs7wqY,Flowstate,"Protonica, Zen Mechanics",Flowstate,9:37,577,2026-10-04T09:50:15Z,2026-10-04T09:50:15Z,1,51,INDIFFERENT,False
MS7iu9paGoo,Layla,Derek & The Dominos,¡Geniuses Working! Vol. 2,2:44,164,2026-10-04T09:50:15Z,2026-10-04T09:50:15Z,1,54,INDIFFERENT,False
5_0gZuiEiUE,Rockin' Robin (2022 Remastered),Bobby Day,Rockin' Robin (2022 Remastered),2:32,152,2026-10-04T09:50:15Z,2026-10-04T09:50:15Z,1,55,INDIFFERENT,False
nLXtIzTIF4I,The Only Process (Ovnimoon Remix),Atmos,The Only Process (Ovnimoon Remix),8:37,517,2026-10-04T09:50:15Z,2026-10-04T09:50:15Z,1,56,INDIFFERENT,False
H4PRjvRFHvc,In the Jungle,Starlab (IN) & Shivatree,"Universal Frequencies, Vol. 20",7:06,426,2026-10-04T09:50:15Z,2026-10-04T09:50:15Z,1,62,INDIFFERENT,False
E84bFPpM6qo,april 9th,jonabug,"big ego, no self esteem",3:05,185,2026-10-04T09:50:15Z,2026-10-04T09:50:15Z,1,69,INDIFFERENT,False
GUJ-PFnXZvI,Wake Up To Reality,Tao Andra,Move / Wake Up To Reality,5:30,330,2026-10-04T09:50:15Z,2026-10-04T09:50:15Z,1,78,INDIFFERENT,False
JRGTqhrxiYg,School's Out (2023 Remaster),Alice Cooper,School's Out (Expanded & Remastered),3:30,210,2026-10-04T09:50:15Z,2026-10-04T09:50:15Z,1,85,INDIFFERENT,False
xCNl9KWy2No,Roll Over Beethoven,Chuck Berry,Berry Is On Top,2:25,145,2026-10-04T09:50:15Z,2026-10-04T09:50:15Z,1,102,INDIFFERENT,False
XEEQ1pbGakM,Railroad of Sin,Sturgill Simpson,High Top Mountain,2:05,125,2026-10-04T09:50:15Z,2026-10-04T09:50:15Z,1,103,INDIFFERENT,False
valVixMpzQY,One Way Or Another,Blondie,Parallel Lines,3:38,218,2026-10-04T09:50:15Z,2026-10-04T09:50:15Z,1,113,INDIFFERENT,False
7uRYcVkldco,Heartbreaker (Rough Mix with Vocal),Led Zeppelin,Led Zeppelin II (Deluxe Edition),4:26,266,2026-10-04T09:50:15Z,2026-10-04T09:50:15Z,1,116,INDIFFERENT,False
2sgWJQkd3YA,Pink Nightmares,Infected Mushroom,Pink Nightmares,6:07,367,2026-10-04T09:50:15Z,2026-10-04T09:50:15Z,1,123,INDIFFERENT,False
GORfy1oG05k,Muffin Man,Frank Zappa,"You Can't Do That On Stage Anymore, Vol. 6",2:25,145,2026-10-04T09:50:15Z,2026-10-04T09:50:15Z,1,125,INDIFFERENT,False
o284JiI4j8w,I Don't Live Today,The Jimi Hendrix Experience,Are You Experienced,3:55,235,2026-10-04T09:50:15Z,2026-10-04T09:50:15Z,1,142,INDIFFERENT,False
enUVfF_JBqM,Goody Two Shoes (Chris Huges  Single Version),Adam Ant,Friend Or Foe,3:22,202,2026-10-04T09:50:15Z,2026-10-04T09:50:15Z,1,154,INDIFFERENT,False
13Dvi1h2pek,Coconut,"Antinomy, Ritmo",Coconut,6:47,407,2026-10-04T09:50:15Z,2026-10-04T09:50:15Z,1,172,INDIFFERENT,False
dkRi0jJOFmo,Smoke on the Water,Deep Purple,Machine Head (2016 Version),5:40,340,2026-10-04T09:50:15Z,2026-10-04T09:50:15Z,1,174,INDIFFERENT,False
OGX8GIvpCaA,MOLLY,Ecca Vandal,MOLLY,4:33,273,2026-10-04T09:50:15Z,2026-10-04T09:50:15Z,1,188,INDIFFERENT,False
T8JKM_BjuSY,Hound Dog,Elvis Presley,Elvis' Golden Records,2:17,137,2026-10-04T09:50:15Z,2026-10-04T09:50:15Z,1,192,INDIFFERENT,False
eaF_K5gqTOQ,Game of Life,Metronome,Game of Life,8:07,487,2026-10-04T09:50:15Z,2026-10-04T09:50:15Z,1,194,INDIFFERENT,False
E-aHfryLVCQ,"Proud Mary (At The Royal Albert Hall / London, UK / April 14, 1970)",Creedence Clearwater Revival,"Proud Mary (At The Royal Albert Hall / London, UK / April 14, 1970)",3:01,181,2026-10-04T09:50:15Z,2026-10-04T09:50:15Z,1,204,INDIFFERENT,False
sRNRIJ-3F9s,Bar-B-Q Pope (Live),Butthole Surfers,Butthole Surfers + PCPpep,3:10,190,2026-10-04T09:50:15Z,2026-10-04T09:50:15Z,1,209,INDIFFERENT,False
rCkmxJs3ym8,Prologue,Sturgill Simpson,The Ballad of Dood & Juanita,1:02,62,2026-10-04T09:50:15Z,2026-10-04T09:50:15Z,1,212,INDIFFERENT,False
e0XXBFLgs5Q,Protonica • Earthrise,"Ace Ventura, Protonica",,7:09,429,2026-10-04T09:50:15Z,2026-10-04T09:50:15Z,1,219,INDIFFERENT,False
3XhrtNTGwRk,Calling for Peace,Electric Universe & Faders,Calling for Peace,9:00,540,2026-10-04T09:50:15Z,2026-10-04T09:50:15Z,1,222,INDIFFERENT,False
6ul8rJaSXnA,Chemical Process,"Ajja, Mekkanikka",Ultrasonic,7:34,454,2026-10-04T09:50:15Z,2026-10-04T09:50:15Z,1,249,INDIFFERENT,False
ZR-3r5Z9kqw,My Sharona,The Knack,Get the Knack,4:56,296,2026-10-04T09:50:15Z,2026-10-04T09:50:15Z,1,269,INDIFFERENT,False
iEktt3wSaeA,Boris Brejcha - Yellow Star (Intro Edit - Unreleased),kawa82,,7:12,432,2026-10-04T09:50:15Z,2026-10-04T09:50:15Z,1,278,INDIFFERENT,False
qAnw-lLDJ5s,Sacred Planet,MoRsei,Sacred Planet,7:57,477,2026-10-04T09:50:15Z,2026-10-04T09:50:15Z,1,279,INDIFFERENT,False
v7YaObBp68M,Free Soul,"Avan7, Br1sa",Free Soul,8:33,513,2026-10-04T09:50:15Z,2026-10-04T09:50:15Z,1,289,INDIFFERENT,False
nz7C7Qo6tDU,Poor Rambler,Sturgill Simpson,High Top Mountain,3:46,226,2026-10-04T09:50:15Z,2026-10-04T09:50:15Z,1,304,INDIFFERENT,False
LlGbpSX2YnE,bc she cares,Bupin,essence.,1:22,82,2026-10-04T09:50:15Z,2026-10-04T09:50:15Z,1,319,INDIFFERENT,False
Scm4TS4eaJw,Baianá (Ikøn Remix),Barbatuques,Baianá,8:25,505,2026-10-04T09:50:15Z,2026-10-04T09:50:15Z,1,355,INDIFFERENT,False
vVoYvKffjF4,Providance,"Darwish, Twina",Providance,8:18,498,2026-10-04T09:50:15Z,2026-10-04T09:50:15Z,1,368,INDIFFERENT,False
I-BK8FJwOys,"Pumpin' for the Man [Live at the Phoenix Concert Theatre, Toronto, Canada 10/23/1996] (feat. Shit Creek Boys)",Ween,Live in Toronto Canada,2:18,138,2026-10-04T09:50:15Z,2026-10-04T09:50:15Z,1,380,INDIFFERENT,False
dwilfVoL-mo,BLUES AWAY,FUZZRIDER,DESERT BOOGIE,5:31,331,2026-10-04T09:50:15Z,2026-10-04T09:50:15Z,1,386,INDIFFERENT,False
ZxABFouuQVA,I'm Ready,The Band,Moondog Matinee (Expanded Edition),3:29,209,2026-10-04T09:50:15Z,2026-10-04T09:50:15Z,1,406,INDIFFERENT,False
Clm2LwFz8As,Electro Panic (Eitan Reiter Remix),"Infected Mushroom, Yahel",Mushrooms in Orbit,5:42,342,2026-10-04T09:50:15Z,2026-10-04T09:50:15Z,1,407,INDIFFERENT,False
agMx7UADq4M,Egypt (Land Of The Pharoahs),1200 Micrograms,The Time Machine,7:16,436,2026-10-04T09:50:15Z,2026-10-04T09:50:15Z,1,414,INDIFFERENT,False
-xFZWZOeH-w,Dark Weald (Live),Thee Oh Sees,Live At The Broad,4:52,292,2026-10-04T09:50:15Z,2026-10-04T09:50:15Z,1,415,INDIFFERENT,False
qC18o6zyX1A,Rock into the Future,1200 Micrograms,Hard Dance 101 Hard Dance Hits 2014,6:24,384,2026-10-04T09:50:15Z,2026-10-04T09:50:15Z,1,440,INDIFFERENT,False
bIVSwq6X7JE,Kabalah,Astral Projection,Trust In Trance,9:30,570,2026-10-04T09:50:15Z,2026-10-04T09:50:15Z,1,455,INDIFFERENT,False
UJ5TvKGSIxw,Where Do I Belong,"Hatikva 6, Infected Mushroom","Friends on Mushrooms, Vol.1",3:27,207,2026-10-04T09:50:15Z,2026-10-04T09:50:15Z,1,457,INDIFFERENT,False
IyXLg1MQ-Bc,Solid Electronics,Astral Projection,Trust In Trance - The Next Millennium,7:45,465,2026-10-04T09:50:15Z,2026-10-04T09:50:15Z,1,464,INDIFFERENT,False
N8ReGBS854g,Slowly,Infected Mushroom,Legend of the Black Shawarma,9:01,541,2026-10-04T09:50:15Z,2026-10-04T09:50:15Z,1,466,INDIFFERENT,False
MCmkQPeUqCU,Shakawkaw (VIbe Tribe Remix),Infected Mushroom,20 Years Back Catalog Collection,7:55,475,2026-10-04T09:50:15Z,2026-10-04T09:50:15Z,1,469,INDIFFERENT,False
_7P6O_iAh20,Mahadeva 99',Astral Projection,Another World,8:23,503,2026-10-04T09:50:15Z,2026-10-04T09:50:15Z,1,479,INDIFFERENT,False
jfjHYNY3gHc,Turkish Nights (feat. Joseph E-Shine),Infected Mushroom,IM25,5:27,327,2026-10-04T09:50:15Z,2026-10-04T09:50:15Z,1,500,INDIFFERENT,False
TFVP7lOqw0c,All Day and All of the Night,The Kinks,Kinks (Deluxe Edition),2:23,143,2026-10-03T09:10:54Z,2026-10-04T09:50:15Z,2,23,INDIFFERENT,False
QwU2jFvTWpY,Suliman,Infected Mushroom,Vicious Delicious,6:11,371,2026-10-03T09:10:54Z,2026-10-04T09:50:15Z,2,442,INDIFFERENT,False
Oc7wxLF4u1A,Excited Delirium,Johnny Blue Skies,Mutiny After Midnight (Extended Edition),2:02,122,2026-10-03T09:10:54Z,2026-10-04T09:50:15Z,2,11,INDIFFERENT,False
cJqmthOHi9Q,Rumble And Sway,Jamie N Commons,Rumble And Sway EP,3:06,186,2026-10-03T09:10:54Z,2026-10-03T09:10:54Z,1,25,INDIFFERENT,False
l-JUCqppU1I,Source,Djantrix,Source,6:47,407,2026-10-03T09:10:54Z,2026-10-04T09:50:15Z,2,91,INDIFFERENT,False
lsZG7n7ries,Good Times Bad Times (Remaster),Led Zeppelin,Led Zeppelin (Remaster),2:47,167,2026-10-03T09:10:54Z,2026-10-03T09:10:54Z,1,40,LIKE,False
Phc7dJde34M,Gone Daddy Gone / I Just Want to Make Love to You,"CeeLo Green, Danger Mouse, Gnarls Barkley",St. Elsewhere,2:29,149,2026-10-03T09:10:54Z,2026-10-03T09:10:54Z,1,52,INDIFFERENT,False
liRMxUT8A2c,Somebody Told Me,The Killers,Hot Fuss,3:18,198,2026-10-03T09:10:54Z,2026-10-04T09:50:15Z,2,200,INDIFFERENT,False
Ba9SuZCCs04,Anoxia,King Gizzard & The Lizard Wizard,Flying Microtonal Banana,3:05,185,2026-10-03T09:10:54Z,2026-10-04T09:50:15Z,2,26,INDIFFERENT,False
dTKJcZhrn6A,Black Cadillacs,Modest Mouse,Good News For People Who Love Bad News,2:44,164,2026-10-03T09:10:54Z,2026-10-03T09:10:54Z,1,60,INDIFFERENT,False
Vpwjf6QXVPE,Liquid Soul - Hypnotic Energy (Static Movement Remix),Static Movement,,9:01,541,2026-10-03T09:10:54Z,2026-10-04T09:50:15Z,2,381,INDIFFERENT,False
0LtJFQSgpDY,Severed,The Decemberists,I'll Be Your Girl,4:04,244,2026-10-03T09:10:54Z,2026-10-04T09:50:15Z,2,37,INDIFFERENT,False
0NWYXJ04KCM,Crosstown Traffic,The Jimi Hendrix Experience,Electric Ladyland,2:27,147,2026-10-03T09:10:54Z,2026-10-04T09:50:15Z,2,242,INDIFFERENT,False
pOy-SDN3PE8,Take It All Back 2.0,Judah & The Lion,Folk Hop n' Roll (Deluxe),3:39,219,2026-10-03T09:10:54Z,2026-10-03T09:10:54Z,1,91,INDIFFERENT,False
07JX7U3Jxr8,Duty Calls,Rod Kim,Duty Calls,1:43,103,2026-10-03T09:10:54Z,2026-10-04T09:50:15Z,2,28,INDIFFERENT,False
WzjLln_aI2U,Day Tripper (2023 Mix),The Beatles,The Beatles 1962 – 1966 (2023 Edition),2:50,170,2026-10-03T09:10:54Z,2026-10-03T09:10:54Z,1,102,INDIFFERENT,False
3ndE__G64uQ,Vagabond,Wolfmother,Wolfmother,3:51,231,2026-10-03T09:10:54Z,2026-10-03T09:10:54Z,1,109,INDIFFERENT,False
ubdbiXtNXpo,Sinister Kid,The Black Keys,Brothers (Deluxe Remastered Anniversary Edition),3:45,225,2026-10-03T09:10:54Z,2026-10-03T09:10:54Z,1,110,INDIFFERENT,False
ZwRXxtwcJus,Jet,"Paul McCartney, Wings",Band On The Run,4:09,249,2026-10-03T09:10:54Z,2026-10-03T09:10:54Z,1,117,INDIFFERENT,False
ygWReGmz2ZU,Billy on Mushrooms,"Infected Mushroom, Mr. Bill",IM25,4:42,282,2026-10-03T09:10:54Z,2026-10-04T09:50:15Z,2,430,INDIFFERENT,False
0imMf5rAcZE,Field of Vision,King Gizzard & The Lizard Wizard,Flight b741,3:36,216,2026-10-03T09:10:54Z,2026-10-03T09:10:54Z,1,130,INDIFFERENT,False
BUgLFayjDis,Paul Oakenfold - Tranceport - 05 Someone,sikori123,,6:37,397,2026-10-03T09:10:54Z,2026-10-04T09:50:15Z,2,137,INDIFFERENT,False
N2FoFs-C9aQ,Ain't Nice,Viagra Boys,Welfare Jazz,3:33,213,2026-10-03T09:10:54Z,2026-10-03T09:10:54Z,1,150,INDIFFERENT,False
6a6dctE-ZLU,California,Delta Spirit,Delta Spirit,3:40,220,2026-10-03T09:10:54Z,2026-10-03T09:10:54Z,1,156,INDIFFERENT,False
Bn-lcvrMOlc,Last Nite,The Strokes,Is This It,3:14,194,2026-10-03T09:10:54Z,2026-10-03T09:10:54Z,1,161,INDIFFERENT,False
ZPBCPdiaTfk,Bob's Party Time Lounge,Primus,Brown Album,4:44,284,2026-10-03T09:10:54Z,2026-10-03T09:10:54Z,1,191,INDIFFERENT,False
TsRvbnQVI6I,Weapon Of Choice,Fatboy Slim,Halfway Between The Gutter And The Stars,5:46,346,2026-10-03T09:10:54Z,2026-10-04T09:50:15Z,2,82,INDIFFERENT,False
K2NnvhS9kuA,Yin Yarn,Alex Gramm,Yin Yarn,3:15,195,2026-10-03T09:10:54Z,2026-10-04T09:50:15Z,2,351,INDIFFERENT,False
8J1vbmB_I7I,Sgt. Pepper's Lonely Hearts Club Band (Reprise) (2017 Mix),The Beatles,Sgt. Pepper's Lonely Hearts Club Band (Super Deluxe Edition),1:21,81,2026-10-03T09:10:54Z,2026-10-03T09:10:54Z,1,197,INDIFFERENT,False
dhdOPhTHeoE,Birthday (Remastered 2009),The Beatles,The Beatles,2:44,164,2026-10-03T09:10:54Z,2026-10-03T09:10:54Z,1,208,INDIFFERENT,False
1eL8j_B0F28,Back Stabbin' Betty,Cage The Elephant,Cage The Elephant (Expanded Edition),3:39,219,2026-10-03T09:10:54Z,2026-10-03T09:10:54Z,1,209,INDIFFERENT,False
9QUQz7xRQDA,Smashing the Opponent (feat. Jonathan Davis),Infected Mushroom,Legend of the Black Shawarma,4:10,250,2026-10-03T09:10:54Z,2026-10-04T09:50:15Z,2,487,INDIFFERENT,False
MSKsYeWWZ3Q,People,AWOLNATION,Megalithic Symphony,3:59,239,2026-10-03T09:10:54Z,2026-10-04T09:50:15Z,2,444,INDIFFERENT,False
8LiUx-7WKQY,Zero,Yeah Yeah Yeahs,It's Blitz!,4:26,266,2026-10-03T09:10:54Z,2026-10-04T09:50:15Z,2,259,INDIFFERENT,False
E1i34e0sDt8,I Believe In A Thing Called Love,The Darkness,Permission to Land,3:37,217,2026-10-03T09:10:54Z,2026-10-03T09:10:54Z,1,222,INDIFFERENT,False
KR13r55Avjc,Highway Chile,The Jimi Hendrix Experience,Are You Experienced,3:33,213,2026-10-03T09:10:54Z,2026-10-03T09:10:54Z,1,224,INDIFFERENT,False
l0Yp2tcToy8,I'm a Man,Black Strobe,Burn Your Own Church,4:36,276,2026-10-03T09:10:54Z,2026-10-04T09:50:15Z,2,201,INDIFFERENT,False
hW1wVTac64c,Do You Believe (Astral Projection Remix),X-Dream,Do You Believe Remixed,10:53,653,2026-10-03T09:10:54Z,2026-10-04T09:50:15Z,2,357,INDIFFERENT,False
IHbdFfs12zU,Buttons,The Weeks,Comeback Cadillac (Expanded Edition),5:18,318,2026-10-03T09:10:54Z,2026-10-03T09:10:54Z,1,242,INDIFFERENT,False
T1Io3BNE5cw,Pure Crystal,Isyti,bootleg (+),2:18,138,2026-10-03T09:10:54Z,2026-10-04T09:50:15Z,2,358,INDIFFERENT,False
oxwAB3SECtc,I Saw Her Standing There (Remastered 2009),The Beatles,Please Please Me,2:54,174,2026-10-03T09:10:54Z,2026-10-04T09:50:15Z,2,118,INDIFFERENT,False
97oD2QEs3lA,Merlin (Blastoyz Remix),"Blastoyz, Infected Mushroom",Breathe Underwater,7:50,470,2026-10-03T09:10:54Z,2026-10-03T09:10:54Z,1,274,INDIFFERENT,False
DmgCy__eUa8,It's Only Rock'n'Roll (But I Like It) (Remastered 2009),The Rolling Stones,It's Only Rock 'N' Roll (2009 Re-Mastered),5:08,308,2026-10-03T09:10:54Z,2026-10-04T09:50:15Z,2,211,INDIFFERENT,False
0ArlUSVDQIw,Back In The U.S.S.R. (Remastered 2009),The Beatles,The Beatles,2:44,164,2026-10-03T09:10:54Z,2026-10-04T09:50:15Z,2,218,INDIFFERENT,False
3s2yKvkJWgc,Forgive Me,Infected Mushroom,Vicious Delicious,3:30,210,2026-10-03T09:10:54Z,2026-10-04T09:50:15Z,2,490,INDIFFERENT,False
XIiu0JI3I5g,Black Dog (Remaster),Led Zeppelin,Led Zeppelin IV (Deluxe Edition),4:56,296,2026-10-03T09:10:54Z,2026-10-04T09:50:15Z,2,323,INDIFFERENT,False
ABzRfeD7PmY,Cobrastyle (feat. Mad Cobra),Teddybears,Cobrastyle Featuring Mad Cobra (6-94401),3:00,180,2026-10-03T09:10:54Z,2026-10-04T09:50:15Z,2,77,INDIFFERENT,False
Q2elSNrRxus,Comfort Eagle,CAKE,Comfort Eagle,3:41,221,2026-10-03T09:10:54Z,2026-10-04T09:50:15Z,2,20,INDIFFERENT,False
vWW2SzoAXMo,Helter Skelter (Remastered 2009),The Beatles,The Beatles,4:30,270,2026-10-03T09:10:54Z,2026-10-03T09:10:54Z,1,308,INDIFFERENT,False
deWB1OvlFS0,Thalassocracy,Frank Black,Teenager of the Year,1:34,94,2026-10-03T09:10:54Z,2026-10-04T09:50:15Z,2,239,INDIFFERENT,False
ErXJzNI9N_c,Movie Star,Cracker,Kerosene Hat,3:34,214,2026-10-03T09:10:54Z,2026-10-04T09:50:15Z,2,166,INDIFFERENT,False
m-V0LpGO3Pw,I Wanna Get Better,Bleachers,I Wanna Get Better,3:25,205,2026-10-03T09:10:54Z,2026-10-04T09:50:15Z,2,71,INDIFFERENT,False
40fXE4lwB0g,Aberdeen,Cage The Elephant,Thank You Happy Birthday,3:13,193,2026-10-03T09:10:54Z,2026-10-04T09:50:15Z,2,112,INDIFFERENT,False
EDGIE-XW_1c,Sweet Dreams (Are Made of This),Weezer,Weezer (Teal Album),3:35,215,2026-10-03T09:10:54Z,2026-10-03T09:10:54Z,1,323,INDIFFERENT,False
xgdqwY8Xn0g,Seeing Stars,BØRNS,Seeing Stars,3:10,190,2026-10-03T09:10:54Z,2026-10-04T09:50:15Z,2,96,INDIFFERENT,False
WwiJKNL_jAY,Harlem,New Politics,A Bad Girl In Harlem,2:44,164,2026-10-03T09:10:54Z,2026-10-04T09:50:15Z,2,135,INDIFFERENT,False
Fp8RBwPnnPY,Celestial Groove,"Astral Projection, SFX",Trust In Trance 2,10:16,616,2026-10-03T09:10:54Z,2026-10-04T09:50:15Z,2,470,INDIFFERENT,False
xf6BpV06DOA,Deleter,GROUPLOVE,Healer,3:55,235,2026-10-03T09:10:54Z,2026-10-04T09:50:15Z,2,89,INDIFFERENT,False
gP0BRG-oN54,Anna Sun,WALK THE MOON,Walk The Moon,5:22,322,2026-10-03T09:10:54Z,2026-10-04T09:50:15Z,2,191,INDIFFERENT,False
Le-xhTSySm0,Let There Be Light (2023 Remix),Astral Projection,Let There Be Light (2023 Remix),9:52,592,2026-10-03T09:10:54Z,2026-10-04T09:50:15Z,2,421,INDIFFERENT,False
sZ76zPqcaAQ,Woman Woman,AWOLNATION,Run,3:38,218,2026-10-03T09:10:54Z,2026-10-04T09:50:15Z,2,399,INDIFFERENT,False
_2P74I7ecgw,Tamashii,"DJ YAGI, Tsuyoshi Suzuki",Kamui,6:50,410,2026-10-03T09:10:54Z,2026-10-04T09:50:15Z,2,383,INDIFFERENT,False
qtKibMQ1s-o,Koffiepauze,"Damaxy, Missy",Koffiepauze,2:33,153,2026-10-03T09:10:54Z,2026-10-03T09:10:54Z,1,391,INDIFFERENT,False
MVn2slBndOA,I Wish,Infected Mushroom,Converting Vegetarians,3:03,183,2026-10-03T09:10:54Z,2026-10-04T09:50:15Z,2,306,INDIFFERENT,False
G8s3Stq0ato,Perihelion,King Gizzard & The Lizard Wizard,Infest The Rats' Nest,3:12,192,2026-10-03T09:10:54Z,2026-10-04T09:50:15Z,2,140,INDIFFERENT,False
0Xjlf2jLx84,The Feelings,Astral Projection,Trust In Trance,7:24,444,2026-10-03T09:10:54Z,2026-10-04T09:50:15Z,2,240,INDIFFERENT,False
rRXORlT0xu8,Burn It Down,AWOLNATION,Megalithic Symphony,2:46,166,2026-10-03T09:10:54Z,2026-10-04T09:50:15Z,2,377,INDIFFERENT,False
Uzyii85rwqo,Saeed,Infected Mushroom,Legend of the Black Shawarma,7:04,424,2026-10-03T09:10:54Z,2026-10-03T09:10:54Z,1,405,INDIFFERENT,False
la-zf2TgCjw,Nobody's Fault but Mine (Remaster),Led Zeppelin,Presence (Remaster),6:29,389,2026-10-03T09:10:54Z,2026-10-03T09:10:54Z,1,408,INDIFFERENT,False
JSlmlon_1Ic,Radial Blur,Astral Projection,Trust In Trance,7:41,461,2026-10-03T09:10:54Z,2026-10-03T09:10:54Z,1,410,INDIFFERENT,False
W1s5T_Uzn2k,"Doctor Rock [Live at the Phoenix Concert Theatre, Toronto, Canada 10/23/1996] (feat. Shit Creek Boys)",Ween,Live in Toronto Canada,5:16,316,2026-10-03T09:10:54Z,2026-10-03T09:10:54Z,1,412,INDIFFERENT,False
DODjKHsLH5k,Tune Up,Electric Universe,Silence In Action,8:07,487,2026-10-03T09:10:54Z,2026-10-04T09:50:15Z,2,446,INDIFFERENT,False
aNjwDd50LVQ,Encrypted Bounce (Live),OSEES,Levitation Sessions Vol. II (Live),8:48,528,2026-10-03T09:10:54Z,2026-10-03T09:10:54Z,1,416,INDIFFERENT,False
LbJnnfusdTI,DVNO (Live Version),Justice,A Cross The Universe,2:58,178,2026-10-03T09:10:54Z,2026-10-04T09:50:15Z,2,429,INDIFFERENT,False
vGlfuSfSMZA,Leftovers,Infected Mushroom,Shroomeez,5:39,339,2026-10-03T09:10:54Z,2026-10-03T09:10:54Z,1,420,INDIFFERENT,False
y-5o2f9wzmw,How Many More Times (Remaster),Led Zeppelin,Led Zeppelin (Remaster),8:28,508,2026-10-03T09:10:54Z,2026-10-03T09:10:54Z,1,421,INDIFFERENT,False
3V_NqvGsFDk,Zero,Astral Projection,The Astral Files,5:57,357,2026-10-03T09:10:54Z,2026-10-04T09:50:15Z,2,445,INDIFFERENT,False
ZEcqJ3E9USA,Eat It Raw,Infected Mushroom,Vicious Delicious,6:31,391,2026-10-03T09:10:54Z,2026-10-03T09:10:54Z,1,429,INDIFFERENT,False
XAB80XeE0s8,Still Dreaming (Anything Can Happen),Astral Projection,Trust In Trance,7:50,470,2026-10-03T09:10:54Z,2026-10-04T09:50:15Z,2,461,INDIFFERENT,False
hPO41148OGU,Gila Monster,King Gizzard & The Lizard Wizard,"PetroDragonic Apocalypse; or, Dawn of Eternal Night: An Annihilation of Planet Earth and the Beginning of Merciless Damnation",4:36,276,2026-10-03T09:10:54Z,2026-10-04T09:50:15Z,2,454,INDIFFERENT,False
159m5C3ISV0,Free Tibet,Astral Projection,"Spiritual Trance, Vol. 2",7:23,443,2026-10-03T09:10:54Z,2026-10-03T09:10:54Z,1,435,INDIFFERENT,False
5Dp3A2qNk_A,Nothing Comes Easy,Infected Mushroom,Classical Mushroom,7:57,477,2026-10-03T09:10:54Z,2026-10-03T09:10:54Z,1,442,INDIFFERENT,False
MvWkY0nhDW0,Another World (2017 Remix),Astral Projection,Let There Be Light,9:22,562,2026-10-03T09:10:54Z,2026-10-03T09:10:54Z,1,443,INDIFFERENT,False
zqzagEvG60Q,Deeply Disturbed,Infected Mushroom,Converting Vegetarians,8:25,505,2026-10-03T09:10:54Z,2026-10-03T09:10:54Z,1,446,INDIFFERENT,False
sSFFSjqcFlY,We have the tecnology,Astral Projection,Open Society - The EP.,7:50,470,2026-10-03T09:10:54Z,2026-10-03T09:10:54Z,1,447,INDIFFERENT,False
9mW7ewtDTmY,Unbalanced (Baby Killer Remix),Infected Mushroom,B.P.Empire,7:16,436,2026-10-03T09:10:54Z,2026-10-03T09:10:54Z,1,449,INDIFFERENT,False
YDjBHjCF8ns,Ionized,Astral Projection,The Astral Files,7:25,445,2026-10-03T09:10:54Z,2026-10-03T09:10:54Z,1,450,INDIFFERENT,False
CiS4fgplQQo,Kababies,Infected Mushroom,Kababies,5:38,338,2026-10-03T09:10:54Z,2026-10-03T09:10:54Z,1,452,INDIFFERENT,False
HAka3y1qG-U,Dancing Galaxy,Astral Projection,Dancing Galaxy,9:19,559,2026-10-03T09:10:54Z,2026-10-04T09:50:15Z,2,433,INDIFFERENT,False
HwA0zo9mBek,Meduzz,Infected Mushroom,IM The Supervisor,6:43,403,2026-10-03T09:10:54Z,2026-10-04T09:50:15Z,2,301,INDIFFERENT,False
DQGt0QhkqJ4,No One Ever Dreams,Astral Projection,Dancing Galaxy,8:25,505,2026-10-03T09:10:54Z,2026-10-04T09:50:15Z,2,80,INDIFFERENT,False
AOWk6h3ffwM,Nilaya,Astral Projection,Another World,9:26,566,2026-10-03T09:10:54Z,2026-10-04T09:50:15Z,2,482,INDIFFERENT,False
ykYN0ZSwdns,Newjack,Justice,Cross,3:37,217,2026-10-03T09:10:54Z,2026-10-04T09:50:15Z,2,495,INDIFFERENT,False
8LwVgqTT0Wg,Chaos,Astral Projection,Amen,8:41,521,2026-10-03T09:10:54Z,2026-10-04T09:50:15Z,2,485,INDIFFERENT,False
duzdpc50wBo,Black Velvet (feat. Ninet Tayeb),Infected Mushroom,Black Velvet,4:09,249,2026-10-03T09:10:54Z,2026-10-04T09:50:15Z,2,475,INDIFFERENT,False
yjBnALjg5_M,Anything Is Possible,Astral Projection,Amen,8:28,508,2026-10-03T09:10:54Z,2026-10-04T09:50:15Z,2,488,INDIFFERENT,False
Zj-zh6hzAto,Scorpion Frog,Infected Mushroom,Converting Vegetarians,7:59,479,2026-10-03T09:10:54Z,2026-10-03T09:10:54Z,1,467,INDIFFERENT,False
RydM33AJEDA,Enlightened Evolution,Astral Projection,Trust In Trance,8:04,484,2026-10-03T09:10:54Z,2026-10-04T09:50:15Z,2,467,INDIFFERENT,False
w3sTFRRLYRQ,Chorus,Justice,Woman,7:10,430,2026-10-03T09:10:54Z,2026-10-04T09:50:15Z,2,489,INDIFFERENT,False
WSjnIuHVwoQ,People Can Fly (Outsiders Remix),Astral Projection,People Can Fly (Outsiders Remix),8:57,537,2026-10-03T09:10:54Z,2026-10-03T09:10:54Z,1,471,INDIFFERENT,False
mFyd2N0fQGQ,Black & White,Astral Projection,Trust In Trance,7:30,450,2026-10-03T09:10:54Z,2026-10-04T09:50:15Z,2,476,INDIFFERENT,False
GtlaDxArzJ4,Genesis (Live / AAA),Justice,Access All Arenas,7:46,466,2026-10-03T09:10:54Z,2026-10-04T09:50:15Z,2,105,INDIFFERENT,False
Do_pFlmby4s,The Missed Symphony,Infected Mushroom,Classical Mushroom,10:23,623,2026-10-03T09:10:54Z,2026-10-03T09:10:54Z,1,476,INDIFFERENT,False
8NEDvPZSAy0,Dracul,Infected Mushroom,Classical Mushroom,8:01,481,2026-10-03T09:10:54Z,2026-10-03T09:10:54Z,1,484,INDIFFERENT,False
TUqhK359UzM,Mesumpelet,Infected Mushroom,IM30,4:55,295,2026-10-03T09:10:54Z,2026-10-04T09:50:15Z,2,214,INDIFFERENT,False
v2CRL2gNUvE,Carpates,Justice,Waters of Nazareth,5:14,314,2026-10-03T09:10:54Z,2026-10-03T09:10:54Z,1,487,INDIFFERENT,False
PgHBlG1OsHo,Freedom Bill,"Freedom Fighters, Infected Mushroom, Mr. Bill",Freedom Bill,6:13,373,2026-10-03T09:10:54Z,2026-10-03T09:10:54Z,1,488,INDIFFERENT,False
4zIaTRigB8I,S is here REBORN,Infected Mushroom,REBORN,9:06,546,2026-10-03T09:10:54Z,2026-10-03T09:10:54Z,1,490,INDIFFERENT,False
Im0MpHCmJ6U,Can't Stop,Infected Mushroom,Legend of the Black Shawarma,7:24,444,2026-10-03T09:10:54Z,2026-10-04T09:50:15Z,2,463,INDIFFERENT,False
JQmvPQ0MmiY,Franks,Infected Mushroom,Legend of the Black Shawarma,8:06,486,2026-10-03T09:10:54Z,2026-10-03T09:10:54Z,1,495,INDIFFERENT,False
8VG4nt3HKPg,Horus The Chorus,Infected Mushroom,IM The Supervisor,7:40,460,2026-10-03T09:10:54Z,2026-10-03T09:10:54Z,1,496,INDIFFERENT,False
hBy7Nk9U5Fo,Dancing with Kadafi REBORN,Infected Mushroom,REBORN,10:23,623,2026-10-03T09:10:54Z,2026-10-04T09:50:15Z,2,460,INDIFFERENT,False
x_LDpzo3diQ,Bombat,Infected Mushroom,IM The Supervisor,8:18,498,2026-10-03T09:10:54Z,2026-10-04T09:50:15Z,2,449,INDIFFERENT,False
STaQVsZ6PGo,Cream,Infected Mushroom,Cream,7:49,469,2026-10-03T09:10:54Z,2026-10-04T09:50:15Z,2,492,INDIFFERENT,False
cMhN6w33yHA,Dracul REBORN,Infected Mushroom,REBORN,7:49,469,2026-10-03T09:10:54Z,2026-10-03T09:10:54Z,1,500,INDIFFERENT,False
GgNBxfAbVqc,You Wanna Stay,Infected Mushroom,Shroomeez,6:31,391,2026-10-03T09:10:54Z,2026-10-03T09:10:54Z,1,501,INDIFFERENT,False
jC-nG5l93HA,Spaniard (Out of Orbit & Ido Segal Remix),Infected Mushroom,Mushrooms in Orbit,6:33,393,2026-10-03T09:10:54Z,2026-10-03T09:10:54Z,1,502,INDIFFERENT,False
yhN1fQRjXrM,Bust A Move,Infected Mushroom,Classical Mushroom,8:25,505,2026-10-03T09:10:54Z,2026-10-04T09:50:15Z,2,373,INDIFFERENT,False
8MQ1NIY6TxU,Lightweight,Infected Mushroom,Lightweight,9:30,570,2026-10-03T09:10:54Z,2026-10-03T09:10:54Z,1,504,INDIFFERENT,False
T2iJ4UK3ZQo,Selecta,Infected Mushroom,Converting Vegetarians,5:30,330,2026-10-03T09:10:54Z,2026-10-03T09:10:54Z,1,505,INDIFFERENT,False
rm94ioBfo3g,Yanko Pitch,Infected Mushroom,Converting Vegetarians,8:14,494,2026-10-03T09:10:54Z,2026-10-04T09:50:15Z,2,453,INDIFFERENT,False
eXl9Vb_iEcQ,Echonomix,Infected Mushroom,Converting Vegetarians,7:42,462,2026-10-03T09:10:54Z,2026-10-03T09:10:54Z,1,507,INDIFFERENT,False
NuJpkKzX6d0,It's Behind Me Now,Infected Mushroom,IM25,7:51,471,2026-10-03T09:10:54Z,2026-10-03T09:10:54Z,1,508,INDIFFERENT,False
90hxoq9sMpk,End of the Road,Infected Mushroom,Legend of the Black Shawarma,6:48,408,2026-10-03T09:10:54Z,2026-10-03T09:10:54Z,1,509,INDIFFERENT,False
wcIWepBrmPo,Semi Nice,Infected Mushroom,Converting Vegetarians,6:08,368,2026-10-03T09:10:54Z,2026-10-03T09:10:54Z,1,510,INDIFFERENT,False
jp0p3AN9AT4,Kill Your Heroes,AWOLNATION,Megalithic Symphony,2:59,179,2026-10-02T09:48:13Z,2026-10-04T09:50:15Z,3,52,INDIFFERENT,False
qnrc7ZNkkEg,Nan,Ween,God Ween Satan: The Oneness [Anniversary Edition],2:56,176,2026-10-02T09:48:13Z,2026-10-04T09:50:15Z,3,101,INDIFFERENT,False
yhaHjndMZ3c,Julius,Phish,Hoist,4:43,283,2026-10-02T09:48:13Z,2026-10-04T09:50:15Z,3,7,INDIFFERENT,False
8GEObTEFEeo,"Baddadan (feat. IRAH, Flowdan, Trigga & Takura)","Bou, Chase & Status",Baddadan,2:58,178,2026-10-02T09:48:13Z,2026-10-04T09:50:15Z,3,272,INDIFFERENT,False
SQOVeBcvCRc,Marea,"Durs, Sighter",Marea,3:38,218,2026-10-02T09:48:13Z,2026-10-02T09:48:13Z,1,12,INDIFFERENT,False
zqBCGmqgbHU,Long Cool Woman (In a Black Dress) (1999 Remaster),The Hollies,Distant Light (Expanded Edition),3:20,200,2026-10-02T09:48:13Z,2026-10-04T09:50:15Z,2,9,INDIFFERENT,False
t9i38jDstiY,"Moksha Beat (Official) — Mystic Indian Psytrance | Sitar, Tabla & Bansuri Fusion 🔥",NIRAE,,5:49,349,2026-10-02T09:48:13Z,2026-10-02T09:48:13Z,1,21,INDIFFERENT,False
x7PCMLknWRU,The Golden Road (2001 Remaster),Grateful Dead,The Very Best of the Grateful Dead,2:11,131,2026-10-02T09:48:13Z,2026-10-04T09:50:15Z,3,207,INDIFFERENT,False
xAgv1mAyxr8,Levels (Radio Edit),Avicii,Levels,3:20,200,2026-10-02T09:48:13Z,2026-10-02T09:48:13Z,1,25,INDIFFERENT,False
GvD0wGF0gP8,I'm the Ocean,Neil Young,Mirror Ball,7:06,426,2026-10-02T09:48:13Z,2026-10-04T09:50:15Z,3,221,INDIFFERENT,False
OQA2k0gPx00,Horizons (Phaxe Remix),"Aura Vortex, Blazy",Horizons (Phaxe Remix),9:16,556,2026-10-02T09:48:13Z,2026-10-04T09:50:15Z,3,257,INDIFFERENT,False
NXiadwKM-bA,Where You Are,"HAYLA, John Summit",Where You Are,3:56,236,2026-10-02T09:48:13Z,2026-10-02T09:48:13Z,1,36,INDIFFERENT,False
zQRzEOP1NnA,"Steady, As She Goes",The Raconteurs,Broken Boy Soldiers,3:36,216,2026-10-02T09:48:13Z,2026-10-04T09:50:15Z,3,19,INDIFFERENT,False
9sqHcMeQtL8,Trepidation,Stan Christ,Trepidation,4:23,263,2026-10-02T09:48:13Z,2026-10-04T09:50:15Z,3,198,INDIFFERENT,False
d7oWBVN0h38,Solstice,Maromaro,Full Moon,4:11,251,2026-10-02T09:48:13Z,2026-10-04T09:50:15Z,2,75,INDIFFERENT,False
37XIArRQGx0,Rental Car,Beck,Guero,3:06,186,2026-10-02T09:48:13Z,2026-10-04T09:50:15Z,3,309,INDIFFERENT,False
1AnkRYFhSh4,Paul Oakenfold - Tranceport - 01 Time,sikori123,,6:37,397,2026-10-02T09:48:13Z,2026-10-04T09:50:15Z,3,87,INDIFFERENT,False
sHELqpVLUlo,Mahadeva,Astral Projection,TRUST IN TRANCE VOL. 2,9:26,566,2026-10-02T09:48:13Z,2026-10-04T09:50:15Z,3,451,INDIFFERENT,False
a9-cCaC_Gz8,Space Vibration,Crocoloko,Space Vibration,5:35,335,2026-10-02T09:48:13Z,2026-10-04T09:50:15Z,3,256,INDIFFERENT,False
LzAiAcf2R90,I Wish (Skazi Edit),"Infected Mushroom, Skazi",I Wish (Skazi Edit),4:49,289,2026-10-02T09:48:13Z,2026-10-04T09:50:15Z,3,27,INDIFFERENT,False
cQzMHhRCTYw,Buddy Holly,Weezer,Weezer (Blue Album),2:40,160,2026-10-02T09:48:13Z,2026-10-04T09:50:15Z,3,42,INDIFFERENT,False
VWQ-e0qXX0M,In My Mind,"Dynoro, Gigi D'Agostino",In My Mind,3:05,185,2026-10-02T09:48:13Z,2026-10-04T09:50:15Z,3,302,INDIFFERENT,False
mTuPZUbWQe0,Howlin' for You,The Black Keys,Brothers (Deluxe Remastered Anniversary Edition),3:12,192,2026-10-02T09:48:13Z,2026-10-04T09:50:15Z,3,325,INDIFFERENT,False
Y7_6J8tdMJo,Believe,The Bravery,The Sun And The Moon,3:47,227,2026-10-02T09:48:13Z,2026-10-04T09:50:15Z,3,35,INDIFFERENT,False
6l6aXxqfedo,Lampshades on Fire,Modest Mouse,Strangers to Ourselves,3:08,188,2026-10-02T09:48:13Z,2026-10-04T09:50:15Z,3,60,INDIFFERENT,False
-jiPLpbx70M,Shake Me Down,Cage The Elephant,Thank You Happy Birthday,3:32,212,2026-10-02T09:48:13Z,2026-10-04T09:50:15Z,3,238,INDIFFERENT,False
XHMlnAMEUOg,Doschitai,Locked Club,Irak,4:42,282,2026-10-02T09:48:13Z,2026-10-04T09:50:15Z,3,57,INDIFFERENT,False
ewOYL30dS3I,Nightlight,Silversun Pickups,Better Nature,4:53,293,2026-10-02T09:48:13Z,2026-10-04T09:50:15Z,3,187,INDIFFERENT,False
NRtnUVaRwXM,INVISIBLE,Duran Duran,FUTURE PAST,3:12,192,2026-10-02T09:48:13Z,2026-10-04T09:50:15Z,3,158,INDIFFERENT,False
nu_il703l2E,Blade,D'Angello & Francis,Blade,2:49,169,2026-10-02T09:48:13Z,2026-10-04T09:50:15Z,3,76,INDIFFERENT,False
F4kLWq9S3uM,Massano - The Feeling (BODA Hard Techno/Schranz Edit),BODA,,3:53,233,2026-10-02T09:48:13Z,2026-10-04T09:50:15Z,3,79,INDIFFERENT,False
CpTr4USXjQw,Don't Let Me Down (feat. Daya),The Chainsmokers,Collage,3:29,209,2026-10-02T09:48:13Z,2026-10-04T09:50:15Z,3,343,INDIFFERENT,False
zHtafMyFXpk,Little Faces,Oysterhead,The Grand Pecking Order,4:56,296,2026-10-02T09:48:13Z,2026-10-04T09:50:15Z,2,316,INDIFFERENT,False
w8cUSFCYuMU,Greece 2000 (Mixed),Three Drives On A Vinyl,Tranceport,6:31,391,2026-10-02T09:48:13Z,2026-10-04T09:50:15Z,3,193,INDIFFERENT,False
nvdYll1euGU,Heat Of The Moment,Asia,Asia,3:48,228,2026-10-02T09:48:13Z,2026-10-02T09:48:13Z,1,77,INDIFFERENT,False
X8CiJ6Y7yDc,Insect Hospital,They Might Be Giants,Nanobots,1:31,91,2026-10-02T09:48:13Z,2026-10-02T09:48:13Z,1,80,INDIFFERENT,False
dDVusslNRZw,Itchin' on a Photograph,GROUPLOVE,Never Trust a Happy Song,4:20,260,2026-10-02T09:48:13Z,2026-10-04T09:50:15Z,3,164,INDIFFERENT,False
HwBDjrQ3JkU,"El Niño (Matt Darey 12"" Mix) (Mixed)",Agnelli & Nelson,Tranceport,8:03,483,2026-10-02T09:48:13Z,2026-10-04T09:50:15Z,3,275,INDIFFERENT,False
G1WzTgYi--k,Highly Suspicious,My Morning Jacket,Evil Urges,3:05,185,2026-10-02T09:48:13Z,2026-10-04T09:50:15Z,3,196,INDIFFERENT,False
IpPOCL53tvk,Up on Cripple Creek (Concert Version),The Band,The Last Waltz (Deluxe Version),5:32,332,2026-10-02T09:48:13Z,2026-10-04T09:50:15Z,3,205,INDIFFERENT,False
Y5bq4Ow4Gqs,Mountain Man,Crash Kings,Mountain Man,3:19,199,2026-10-02T09:48:13Z,2026-10-04T09:50:15Z,3,14,INDIFFERENT,False
pFzwL7EkK5U,Stimuli (Astral Projection Remix),The Infinity Project,Goa Classics Remixed,7:30,450,2026-10-02T09:48:13Z,2026-10-03T09:10:54Z,2,359,INDIFFERENT,False
T2Nigb_H3z8,Residual Stress,Tzusing,绿帽 Green Hat,4:09,249,2026-10-02T09:48:13Z,2026-10-04T09:50:15Z,3,227,INDIFFERENT,False
h2gwCvIRTQM,Existencial Question,Ital,Reiki,6:58,418,2026-10-02T09:48:13Z,2026-10-04T09:50:15Z,3,267,INDIFFERENT,False
jUQ7G39YBXA,Flower Tower,Junju,"Stash Bag, Vol. 6",7:40,460,2026-10-02T09:48:13Z,2026-10-03T09:10:54Z,2,75,INDIFFERENT,False
a7PaIt1ht1U,stay here don't go,I'm loam,stay here don't go,2:58,178,2026-10-02T09:48:13Z,2026-10-02T09:48:13Z,1,101,INDIFFERENT,False
Cderj2ZTGHM,life gets hard,iilliaa,life gets hard,2:06,126,2026-10-02T09:48:13Z,2026-10-02T09:48:13Z,1,102,INDIFFERENT,False
F18wq3LcaLg,So Good,Nosi,So Good,3:40,220,2026-10-02T09:48:13Z,2026-10-02T09:48:13Z,1,103,INDIFFERENT,False
91ArCmT8cF0,Edge of Desire,"Jonas Blue, Malive",Edge of Desire,2:15,135,2026-10-02T09:48:13Z,2026-10-02T09:48:13Z,1,104,INDIFFERENT,False
8ralk9Ngqag,"One More Saturday Night (Live at Barton Hall, Cornell University, Ithaca, NY 5/8/77)",Grateful Dead,Cornell 5/8/77 (Live),5:11,311,2026-10-02T09:48:13Z,2026-10-02T09:48:13Z,1,105,INDIFFERENT,False
py2lxyMg-lo,PUT IT DOWN,Angrybaby,PUT IT DOWN,2:11,131,2026-10-02T09:48:13Z,2026-10-02T09:48:13Z,1,106,INDIFFERENT,False
bibNhm7RxUQ,Take Me Away,Ween,Chocolate and Cheese,3:01,181,2026-10-02T09:48:13Z,2026-10-04T09:50:15Z,3,292,INDIFFERENT,False
dFtimf9U5Ho,Pool (Gravagerz Version),"Gravagerz, kiki wera",Pool (Gravagerz Version),2:06,126,2026-10-02T09:48:13Z,2026-10-02T09:48:13Z,1,110,INDIFFERENT,False
2HDHevUh7aM,Fake ID (Coke & Rum Remix),"GEE LEE, Kah-Lo, Riton",Fake ID (Coke & Rum Remix),2:07,127,2026-10-02T09:48:13Z,2026-10-02T09:48:13Z,1,111,INDIFFERENT,False
0mIgsQCsml0,Summertime Blues,"Chris Lake, Nathan Nicholson, Sammy Virji",Summertime Blues,4:12,252,2026-10-02T09:48:13Z,2026-10-02T09:48:13Z,1,112,INDIFFERENT,False
HEbcscDHNok,Cortez,ATRIP,Cortez,2:26,146,2026-10-02T09:48:13Z,2026-10-02T09:48:13Z,1,113,INDIFFERENT,False
zUxJP8IiN5g,adore u,"Fred again.., Obongjayar",ten days,3:41,221,2026-10-02T09:48:13Z,2026-10-02T09:48:13Z,1,114,INDIFFERENT,False
oWRc_RRn-xU,No Bad Vibes,"Jazzy, KILIMANJARO",No Bad Vibes,2:43,163,2026-10-02T09:48:13Z,2026-10-02T09:48:13Z,1,116,INDIFFERENT,False
xU6LYReBjQM,Bel Mercy (BEAUZ Hard Techno Remix) feat. Nokia,"BEAUZ, MYLK",,2:00,120,2026-10-02T09:48:13Z,2026-10-04T09:50:15Z,3,190,INDIFFERENT,False
Qua-oaPjmJg,Where Do I Belong?,"Disco Lines, Ship Wrek",Where Do I Belong?,3:40,220,2026-10-02T09:48:13Z,2026-10-02T09:48:13Z,1,118,INDIFFERENT,False
kMrLDGxdd-4,IM30 Album Mini Mix,Infected Mushroom,,12:16,736,2026-10-02T09:48:13Z,2026-10-04T09:50:15Z,3,391,INDIFFERENT,False
PQarBAujRdY,Gold Lion,Yeah Yeah Yeahs,Show Your Bones,3:08,188,2026-10-02T09:48:13Z,2026-10-04T09:50:15Z,3,122,INDIFFERENT,False
pRgPL7WAdLs,Welfare Mothers,"Crazy Horse, Neil Young",Rust Never Sleeps,3:50,230,2026-10-02T09:48:13Z,2026-10-04T09:50:15Z,3,115,INDIFFERENT,False
meDk3gD1-Fg,"She’s Gone, Dance On",Disclosure,"She’s Gone, Dance On",3:47,227,2026-10-02T09:48:13Z,2026-10-02T09:48:13Z,1,124,INDIFFERENT,False
0cn3NVpR1Sw,Campeón,ZULAN,Campeón,2:54,174,2026-10-02T09:48:13Z,2026-10-02T09:48:13Z,1,125,INDIFFERENT,False
P1jK0yKj5jI,(It Goes Like) Nanana (Edit),Peggy Gou,(It Goes Like) Nanana (Edit),3:52,232,2026-10-02T09:48:13Z,2026-10-02T09:48:13Z,1,132,INDIFFERENT,False
eonhnGdE2uk,Hit and Run (Novi Maschilton Remix),Symphonix,Hit and Run (Novi Maschilton Remix),5:42,342,2026-10-02T09:48:13Z,2026-10-04T09:50:15Z,3,352,INDIFFERENT,False
qp30QMCqo7M,Windows,AWOLNATION,Run,3:38,218,2026-10-02T09:48:13Z,2026-10-04T09:50:15Z,3,210,INDIFFERENT,False
BQT0OfDFyRg,Feels Like Summer,Weezer,Pacific Daydream,3:16,196,2026-10-02T09:48:13Z,2026-10-04T09:50:15Z,3,252,INDIFFERENT,False
JlmDIBX4224,Irak,Locked Club,Irak,4:56,296,2026-10-02T09:48:13Z,2026-10-04T09:50:15Z,3,184,INDIFFERENT,False
kgRUlDjyzaw,In One Ear,Cage The Elephant,Cage The Elephant (Expanded Edition),4:02,242,2026-10-02T09:48:13Z,2026-10-04T09:50:15Z,3,81,INDIFFERENT,False
S4jL5l_F0jU,Changing,The Airborne Toxic Event,All At Once,3:21,201,2026-10-02T09:48:13Z,2026-10-04T09:50:15Z,3,95,INDIFFERENT,False
P5d2ED3D30Y,This Is It,Karry G,Ti La La,4:04,244,2026-10-02T09:48:13Z,2026-10-04T09:50:15Z,3,367,INDIFFERENT,False
B2OO8RSxymU,First,Cold War Kids,Hold My Home,3:21,201,2026-10-02T09:48:13Z,2026-10-04T09:50:15Z,3,208,INDIFFERENT,False
KaAordAtTHs,Headache,Frank Black,Teenager of the Year,2:53,173,2026-10-02T09:48:13Z,2026-10-04T09:50:15Z,3,178,INDIFFERENT,False
kH0c71-PMiY,Tighten Up,The Black Keys,Brothers,3:32,212,2026-10-02T09:48:13Z,2026-10-04T09:50:15Z,3,106,INDIFFERENT,False
E6-Q-XbKIgs,Good Time,Leroy,Leroy,3:31,211,2026-10-02T09:48:13Z,2026-10-04T09:50:15Z,3,148,INDIFFERENT,False
UkRaeGtEELY,Who Do You Love [Concert Version] (feat. Ronnie Hawkins),The Band,The Last Waltz (Deluxe Version),4:52,292,2026-10-02T09:48:13Z,2026-10-04T09:50:15Z,3,129,INDIFFERENT,False
Y7h53j7s_40,Anubis Awakens,Ariel SprayPaint,Anubis Awakens,6:00,360,2026-10-02T09:48:13Z,2026-10-02T09:48:13Z,1,155,INDIFFERENT,False
1q1-wf-E8Ik,Martyr,Rusted Root,When I Woke,4:27,267,2026-10-02T09:48:13Z,2026-10-04T09:50:15Z,3,134,INDIFFERENT,False
CBiv_TQ6Wmg,Acid Mantra | Spiritual Psytrance 🌀⚡ | feat. Just4Techno,Just4Techno,,7:59,479,2026-10-02T09:48:13Z,2026-10-02T09:48:13Z,1,160,INDIFFERENT,False
1HUqreTtn-A,Ocean Breathes Salty,Modest Mouse,Good News For People Who Love Bad News,3:45,225,2026-10-02T09:48:13Z,2026-10-04T09:50:15Z,3,155,INDIFFERENT,False
iR5RY7pnMGI,Joker And The Thief,Wolfmother,Wolfmother (10th Anniversary Deluxe Edition),4:41,281,2026-10-02T09:48:13Z,2026-10-04T09:50:15Z,3,92,INDIFFERENT,False
T95arrUeHH4,My Body (2020 Remaster),Young the Giant,Young The Giant (10th Anniversary Edition),4:05,245,2026-10-02T09:48:13Z,2026-10-04T09:50:15Z,3,183,INDIFFERENT,False
-IQqqdKLh1M,UMBRA,DISHYPE,UMBRA,5:28,328,2026-10-02T09:48:13Z,2026-10-02T09:48:13Z,1,168,INDIFFERENT,False
H9MnCXG9zhg,Ain't No Love In Oklahoma (From Twisters: The Album),Luke Combs,Ain't No Love In Oklahoma (From Twisters: The Album),3:31,211,2026-10-02T09:48:13Z,2026-10-02T09:48:13Z,1,171,INDIFFERENT,False
avE7n1ef1MU,Icky Thump,The White Stripes,Greatest Hits,4:15,255,2026-10-02T09:48:13Z,2026-10-04T09:50:15Z,3,185,INDIFFERENT,False
Cam1UKgvPgs,Minus,Beck,Odelay (Deluxe Edition),2:33,153,2026-10-02T09:48:13Z,2026-10-04T09:50:15Z,3,139,INDIFFERENT,False
BwuQYYfsCjM,Shiva's India (Outsiders Remix),1200 Micrograms,Juice EP,8:10,490,2026-10-02T09:48:13Z,2026-10-04T09:50:15Z,3,246,INDIFFERENT,False
cZw4kgCZLDQ,The W.A.N.D.,The Flaming Lips,At War with the Mystics,3:43,223,2026-10-02T09:48:13Z,2026-10-04T09:50:15Z,3,223,INDIFFERENT,False
lhphAN8qCQM,Tall Boy (Live),Widespread Panic,Panic In The Streets,7:56,476,2026-10-02T09:48:13Z,2026-10-04T09:50:15Z,2,437,INDIFFERENT,False
atTo1pT6z8s,Pseudo Suicide,Oysterhead,The Grand Pecking Order,4:53,293,2026-10-02T09:48:13Z,2026-10-04T09:50:15Z,3,152,LIKE,False
oog1f6vUOPI,"Wilson (Live at Madison Square Garden, New York, NY, 12/30/1994)",Phish,A Live One,5:08,308,2026-10-02T09:48:13Z,2026-10-04T09:50:15Z,3,121,INDIFFERENT,False
Dl21qHxyrwc,PSY-TRANCE-  Experimental Psytrance Ritual Chant #AraMaya  #ExperimentalPsytrance #RitualBass,DJ.7Leven,,9:27,567,2026-10-02T09:48:13Z,2026-10-04T09:50:15Z,3,366,INDIFFERENT,False
SsUaC_Nw3BA,Love for Sale,Talking Heads,True Stories,4:32,272,2026-10-02T09:48:13Z,2026-10-04T09:50:15Z,3,146,INDIFFERENT,False
Yvd9caAaVME,Road Train,King Gizzard & The Lizard Wizard,Nonagon Infinity,4:19,259,2026-10-02T09:48:13Z,2026-10-04T09:50:15Z,3,431,INDIFFERENT,False
B33R1dKzxok,Kiss This,The Struts,Everybody Wants,2:58,178,2026-10-02T09:48:13Z,2026-10-04T09:50:15Z,3,162,INDIFFERENT,False
HmR2IZjuMVc,Walking On Sunshine,Katrina & The Waves,Katrina & The Waves,3:59,239,2026-10-02T09:48:13Z,2026-10-02T09:48:13Z,1,196,INDIFFERENT,False
qawxdJ4_er4,Night Speaks to a Woman,Trey Anastasio,Trey Anastasio (U.S. Version),4:02,242,2026-10-02T09:48:13Z,2026-10-04T09:50:15Z,2,337,INDIFFERENT,False
7SX3L7SFdaI,Rainbow,ATRIP,Rainbow,2:57,177,2026-10-02T09:48:13Z,2026-10-02T09:48:13Z,1,201,INDIFFERENT,False
KCinZ0S5zwQ,Eat Me Better,nimino,Eat Me Better,3:09,189,2026-10-02T09:48:13Z,2026-10-02T09:48:13Z,1,206,INDIFFERENT,False
HkEXfVsQpUQ,Sedan Delivery,"Crazy Horse, Neil Young",Rust Never Sleeps,4:40,280,2026-10-02T09:48:13Z,2026-10-04T09:50:15Z,3,308,INDIFFERENT,False
9ssQKlLxBdQ,Thunder,Imagine Dragons,Evolve,3:08,188,2026-10-02T09:48:13Z,2026-10-04T09:50:15Z,3,180,INDIFFERENT,False
6MkRkHlZmBc,Ecstasy,Rusted Root,When I Woke,5:03,303,2026-10-02T09:48:13Z,2026-10-04T09:50:15Z,3,230,INDIFFERENT,False
Yd-De6ad3-M,Nayana,"Flegma, Melicia",Nayana,6:08,368,2026-10-02T09:48:13Z,2026-10-04T09:50:15Z,3,286,INDIFFERENT,False
Ru6OXuhcpNk,Miracle Mile,Cold War Kids,Dear Miss Lonelyhearts,3:01,181,2026-10-02T09:48:13Z,2026-10-04T09:50:15Z,3,131,INDIFFERENT,False
iuLKkjrLni8,Percussion Gun,White Rabbits,It's Frightening,3:09,189,2026-10-02T09:48:13Z,2026-10-04T09:50:15Z,3,93,INDIFFERENT,False
uXbEjJfptho,Take A Trip,"Raja Ram, Tristan",The Tristan Collection,6:37,397,2026-10-02T09:48:13Z,2026-10-03T09:10:54Z,2,291,INDIFFERENT,False
uVQctBVhRPw,power general,Astral Projection,TRUST IN TRANCE VOL. 2,7:29,449,2026-10-02T09:48:13Z,2026-10-04T09:50:15Z,3,473,INDIFFERENT,False
Hy4T6zvQ6jk,Firestarter (Empirion Mix),The Prodigy,Firestarter,7:52,472,2026-10-02T09:48:13Z,2026-10-04T09:50:15Z,3,297,INDIFFERENT,False
9RevF8XywSE,Dyin' Man,Widespread Panic,Til the Medicine Takes,4:34,274,2026-10-02T09:48:13Z,2026-10-04T09:50:15Z,2,409,INDIFFERENT,False
tz6u9suVNlY,Carry on Wayward Son,Kansas,Leftoverture (Expanded Edition),5:23,323,2026-10-02T09:48:13Z,2026-10-04T09:50:15Z,3,376,INDIFFERENT,False
XquaN-ANDt4,Painted Soldiers (Live Europaturnén MCMXCVII),Pavement,Live Europaturnén MCMXCVII,2:39,159,2026-10-02T09:48:13Z,2026-10-02T09:48:13Z,1,229,INDIFFERENT,False
t3kqrNxJLPw,The Gene,Ibojima,"Stash Bag, Vol. 6",7:18,438,2026-10-02T09:48:13Z,2026-10-04T09:50:15Z,3,350,INDIFFERENT,False
rXZAlfoGV-A,I Am Afraid of Nothing,Talamasca,Psychonaut,7:24,444,2026-10-02T09:48:13Z,2026-10-04T09:50:15Z,3,344,INDIFFERENT,False
47uE4JP50Ag,THISKIDSNOTALRIGHT,AWOLNATION,Megalithic Symphony Deluxe,2:42,162,2026-10-02T09:48:13Z,2026-10-04T09:50:15Z,3,408,INDIFFERENT,False
dWvdY-j0_Kw,"Johnny B. Goode (Live at Winterland, San Francisco, CA, March 24, 1971)",Grateful Dead,Grateful Dead (Skull & Roses) (Live),3:42,222,2026-10-02T09:48:13Z,2026-10-04T09:50:15Z,3,104,INDIFFERENT,False
cqIMimr3r2o,Fat Lenny,Ween,God Ween Satan: The Oneness [Anniversary Edition],1:57,117,2026-10-02T09:48:13Z,2026-10-04T09:50:15Z,3,5,INDIFFERENT,False
w9LiOOVQ12U,Somedays,"D.O.D, Jazzy, Sonny Fodera",can we do it all again?,3:28,208,2026-10-02T09:48:13Z,2026-10-02T09:48:13Z,1,246,INDIFFERENT,False
mwYLGtjFG_8,Silver Sands,Hujaboy,"Stash Bag, Vol. 6",7:33,453,2026-10-02T09:48:13Z,2026-10-03T09:10:54Z,2,238,INDIFFERENT,False
MzXTPsQ9c2w,Burning Stones (ASOT 840),"Astrix & Freedom Fighters, Freedom Fighters",A State Of Trance Episode 840,3:43,223,2026-10-02T09:48:13Z,2026-10-04T09:50:15Z,3,175,INDIFFERENT,False
1-rxr66y1NU,Closer to Reality (Outsiders Remix),Altruism,Trance for Nations 14 (Compiled by Astrix),7:47,467,2026-10-02T09:48:13Z,2026-10-04T09:50:15Z,3,61,INDIFFERENT,False
1r930W1zZDM,Mystery Train [Concert Version] (feat. Paul Butterfield),The Band,The Last Waltz (Deluxe Version),5:04,304,2026-10-02T09:48:13Z,2026-10-04T09:50:15Z,3,379,INDIFFERENT,False
jWJuIsWnrZ0,Theia,King Gizzard & The Lizard Wizard,The Silver Cord,3:25,205,2026-10-02T09:48:13Z,2026-10-04T09:50:15Z,3,443,INDIFFERENT,False
MmUhZBVgqt4,1000 Trips,CosaNostra,"Stash Bag, Vol. 6",7:11,431,2026-10-02T09:48:13Z,2026-10-04T09:50:15Z,3,186,INDIFFERENT,False
mefphJwWl9U,The Pretender,Foo Fighters,The Essential Foo Fighters,4:28,268,2026-10-02T09:48:13Z,2026-10-02T09:48:13Z,1,261,INDIFFERENT,False
iyVrZ191K_k,Aurora Borealis,Astral Projection,Trust In Trance,8:06,486,2026-10-02T09:48:13Z,2026-10-04T09:50:15Z,3,328,INDIFFERENT,False
tMNT8GUB2nI,Universe Inside Me,"Liquid Soul & Vini Vici, Vini Vici",A State Of Trance Episode 776 (Who’s Afraid Of 138?! Special),5:29,329,2026-10-02T09:48:13Z,2026-10-04T09:50:15Z,3,419,INDIFFERENT,False
Ze0Wuc7_xqA,Primary Level (Morsei & Karmalogic Remix),Hinap,Primary Level (Morsei & Karmalogic Remix),7:20,440,2026-10-02T09:48:13Z,2026-10-04T09:50:15Z,3,359,INDIFFERENT,False
O0AMQrmageI,The Escape,"Phaxe, Sighter",The Escape,7:04,424,2026-10-02T09:48:13Z,2026-10-04T09:50:15Z,3,335,INDIFFERENT,False
ADSjf3RWQa8,Carbon Based Simulation,Frqnc,Carbon Based Simulation,5:50,350,2026-10-02T09:48:13Z,2026-10-04T09:50:15Z,3,195,INDIFFERENT,False
UsdGgRL1xHc,Separate Ways (Worlds Apart)  [2024 Remaster],Journey,Greatest Hits (2024 Remaster),5:27,327,2026-10-02T09:48:13Z,2026-10-02T09:48:13Z,1,272,INDIFFERENT,False
jIp818ddjFA,Everything Is Illusion,"Narkissi, X-Noize",Everything Is Illusion,6:27,387,2026-10-02T09:48:13Z,2026-10-04T09:50:15Z,3,345,INDIFFERENT,False
I3H7aFAG53g,Everything Vibrates,Imaginarium,Everything Vibrates,6:48,408,2026-10-02T09:48:13Z,2026-10-04T09:50:15Z,3,168,INDIFFERENT,False
Vvz8G62p3ds,Web of Life,Morsei,Web Of Life,7:14,434,2026-10-02T09:48:13Z,2026-10-04T09:50:15Z,3,378,INDIFFERENT,False
wbH42gWS6HY,Paradigm Shift,Egorythmia,Paradigm Shift,7:54,474,2026-10-02T09:48:13Z,2026-10-04T09:50:15Z,3,197,INDIFFERENT,False
_36WCqLgv2g,Thalassophobia,APHØTIC,Thalassophobia,5:38,338,2026-10-02T09:48:13Z,2026-10-04T09:50:15Z,3,228,INDIFFERENT,False
1os-hoqirWI,Floating Free,Vibrasphere,Lime Light 2 (compiled by DJ Slater),8:09,489,2026-10-02T09:48:13Z,2026-10-04T09:50:15Z,3,397,INDIFFERENT,False
NPVZdV7wC7g,Frequency Modulation,Psy TRS,The Flying Phoenix,8:13,493,2026-10-02T09:48:13Z,2026-10-02T09:48:13Z,1,284,INDIFFERENT,False
aLlCrFj2pH4,Psynova,Fractal Frequency UA,Psynova,8:33,513,2026-10-02T09:48:13Z,2026-10-04T09:50:15Z,3,341,INDIFFERENT,False
p8FL1xjfkrc,Reminding (feat. Rosa Anschütz),Anyma,Sentient EP,5:24,324,2026-10-02T09:48:13Z,2026-10-04T09:50:15Z,3,353,INDIFFERENT,False
2KptmywYDnA,Time Collapses,Klanglos,Time Collapses,6:39,399,2026-10-02T09:48:13Z,2026-10-02T09:48:13Z,1,288,INDIFFERENT,False
k_yK4XPTcPM,Great Plains (Franky Klassen Remix),"Franky Klassen, Klangphonics",Great Plains (Franky Klassen Remix),8:21,501,2026-10-02T09:48:13Z,2026-10-02T09:48:13Z,1,290,INDIFFERENT,False
us6Z8_u9zbI,One Giant Leap,"Avalon, Electric Universe",Lucas Presents Avant Garden,7:45,465,2026-10-02T09:48:13Z,2026-10-04T09:50:15Z,3,334,INDIFFERENT,False
wlEa7c49-tE,Y-Salem (Astral Projection Remix),SFX,Y-Salem,8:38,518,2026-10-02T09:48:13Z,2026-10-04T09:50:15Z,3,273,INDIFFERENT,False
a8fU4Ug-nP8,Freakedelic,"Chronosphere, Inner Lux","Universal Frequencies, Vol. 22",7:18,438,2026-10-02T09:48:13Z,2026-10-04T09:50:15Z,3,342,INDIFFERENT,False
SamPmLCbBuw,Overbloody Flood (Astral Projection Remix),Blue Planet Corporation,Goa Classics Remixed,8:39,519,2026-10-02T09:48:13Z,2026-10-03T09:10:54Z,2,237,INDIFFERENT,False
6GO9S60-sBE,Children of the Sun,MORF3US,Children of the Sun,5:08,308,2026-10-02T09:48:13Z,2026-10-02T09:48:13Z,1,297,INDIFFERENT,False
huWTQ6nTDAQ,Drive Back,"Crazy Horse, Neil Young",Zuma,3:33,213,2026-10-02T09:48:13Z,2026-10-04T09:50:15Z,3,29,INDIFFERENT,False
DP1srvLYfMA,Wider REBORN,Infected Mushroom,REBORN,5:45,345,2026-10-02T09:48:13Z,2026-10-03T09:10:54Z,2,493,INDIFFERENT,False
a2L7SrUWZWY,Life Is a Carnival (Concert Version),The Band,The Last Waltz (Deluxe Version),4:26,266,2026-10-02T09:48:13Z,2026-10-04T09:50:15Z,3,312,INDIFFERENT,False
ipeWjZCTUBA,High 5 (Rock The Catskills),Beck,Odelay (Deluxe Edition),4:12,252,2026-10-02T09:48:13Z,2026-10-04T09:50:15Z,3,413,INDIFFERENT,False
TiKRkAew2gU,Real Psychedelic,Tron,REAL PSYCHEDELIC,7:13,433,2026-10-02T09:48:13Z,2026-10-04T09:50:15Z,3,361,INDIFFERENT,False
1LQV8LCadn4,Don't Worry,Suntree,Lotus,7:29,449,2026-10-02T09:48:13Z,2026-10-04T09:50:15Z,3,265,INDIFFERENT,False
aqZJerIASrI,NYE,Georgiana Vagina,NYE,3:06,186,2026-10-02T09:48:13Z,2026-10-02T09:48:13Z,1,325,INDIFFERENT,False
m98S5Cd7Jiw,Titanium (feat. Sia),David Guetta,Nothing but the Beat,4:06,246,2026-10-02T09:48:13Z,2026-10-02T09:48:13Z,1,332,INDIFFERENT,False
FcRBUd_gJBg,6 Foot 7 Foot (feat. Cory Gunz),Lil Wayne,Tha Carter IV,4:09,249,2026-10-02T09:48:13Z,2026-10-02T09:48:13Z,1,333,INDIFFERENT,False
Vuq6Zg5afow,The Bomb,Quadra,"Stash Bag, Vol. 6",7:03,423,2026-10-02T09:48:13Z,2026-10-04T09:50:15Z,3,346,INDIFFERENT,False
P9mkpP5UZ60,Artificial Consciousness,Mindbenderz,Artificial Consciousness,7:51,471,2026-10-02T09:48:13Z,2026-10-04T09:50:15Z,3,276,INDIFFERENT,False
XUO3aRzkUPQ,The Prayer,Electric Universe,Cosmic Experience,8:50,530,2026-10-02T09:48:13Z,2026-10-04T09:50:15Z,3,111,INDIFFERENT,False
xFCLrhUzplo,Chilly Water,Widespread Panic,Panic In The Streets,9:01,541,2026-10-02T09:48:13Z,2026-10-04T09:50:15Z,3,332,INDIFFERENT,False
IQOiY83OysI,Iyogi,"Arcana, Digicult, MoRsei",Iyogi,7:41,461,2026-10-02T09:48:13Z,2026-10-04T09:50:15Z,3,271,INDIFFERENT,False
2Wh2Kqxy9UU,Keep on Dreaming,Funky Dragon,Keep On Dreaming,7:50,470,2026-10-02T09:48:13Z,2026-10-02T09:48:13Z,1,345,INDIFFERENT,False
BV9rqdTE4LI,Mugen (Astral Projection Remix),Prana,Goa Classics Remixed,9:25,565,2026-10-02T09:48:13Z,2026-10-04T09:50:15Z,3,281,INDIFFERENT,False
I1HR2pN9PUw,Moaner,Underworld,Beaucoup Fish,7:42,462,2026-10-02T09:48:13Z,2026-10-04T09:50:15Z,3,375,INDIFFERENT,False
LvyHVgocP_0,Ocean Avenue,Yellowcard,Ocean Avenue,3:19,199,2026-10-02T09:48:13Z,2026-10-02T09:48:13Z,1,348,INDIFFERENT,False
wQL_9Es_gbE,Skywalker (Filteria Remix),Power Source,Ten Spins Around The Sun,8:51,531,2026-10-02T09:48:13Z,2026-10-04T09:50:15Z,3,291,INDIFFERENT,False
5ONDeUAN68Y,Rest Easy,nimino,Rest Easy,2:48,168,2026-10-02T09:48:13Z,2026-10-02T09:48:13Z,1,351,INDIFFERENT,False
JbmYfMVGv3M,Talk of the Town,"Fred again.., Reggie, Sammy Virji",Talk of the Town,3:14,194,2026-10-02T09:48:13Z,2026-10-02T09:48:13Z,1,352,INDIFFERENT,False
myRz4hZCU-0,Maximum Klezmer (Extended Version),The Institute of Quackology,Maximum Klezmer (Extended Version),3:01,181,2026-10-02T09:48:13Z,2026-10-04T09:50:15Z,3,270,INDIFFERENT,False
WEpN5UMjoxA,Purple (Sasha vs. The Light) (Mixed),Gus Gus,Tranceport,8:15,495,2026-10-02T09:48:13Z,2026-10-04T09:50:15Z,3,348,INDIFFERENT,False
UmbHNz_ziEw,Special Place,Infected Mushroom,Vicious Delicious,6:54,414,2026-10-02T09:48:13Z,2026-10-03T09:10:54Z,2,438,INDIFFERENT,False
sLlgQP5LzwY,Gimme Shelter (Live),The Rolling Stones,Licked Live In NYC,7:11,431,2026-10-02T09:48:13Z,2026-10-02T09:48:13Z,1,360,INDIFFERENT,False
ck3Xu76NrOU,Jump on My Shoulders,AWOLNATION,Megalithic Symphony,4:09,249,2026-10-02T09:48:13Z,2026-10-04T09:50:15Z,3,307,INDIFFERENT,False
8SEa9JqWq0c,The Yeah Yeah Yeah Song,The Flaming Lips,At War with the Mystics,3:53,233,2026-10-02T09:48:13Z,2026-10-04T09:50:15Z,3,133,INDIFFERENT,False
oMfMUfgjiLg,Sweet Child O' Mine,Guns N' Roses,Appetite For Destruction,5:57,357,2026-10-02T09:48:13Z,2026-10-02T09:48:13Z,1,364,INDIFFERENT,False
Aqc3VTpz9HQ,You Give Love A Bad Name,Bon Jovi,Slippery When Wet,3:43,223,2026-10-02T09:48:13Z,2026-10-02T09:48:13Z,1,366,INDIFFERENT,False
ryfG1YS4ul8,Do It Like Me,nimino,Creek,3:16,196,2026-10-02T09:48:13Z,2026-10-02T09:48:13Z,1,368,INDIFFERENT,False
H-opYpd8ROs,Guitarmass,Infected Mushroom,Head of NASA and the 2 Amish Boys,6:39,399,2026-10-02T09:48:13Z,2026-10-04T09:50:15Z,3,496,INDIFFERENT,False
L6f2joqWxE8,Into the Void,Astral Projection,Into the Void,7:23,443,2026-10-02T09:48:13Z,2026-10-04T09:50:15Z,3,458,INDIFFERENT,False
PbYNe86-n-4,Divine Imperfection,"Block Device, Polaris (FR)",Divine Imperfection,7:01,421,2026-10-02T09:48:13Z,2026-10-04T09:50:15Z,3,387,INDIFFERENT,False
hY0UIE-GRjY,Certain Mushrooms,Second Side,"Y.S.E. in the Box, Vol. 33",8:35,515,2026-10-02T09:48:13Z,2026-10-04T09:50:15Z,2,425,INDIFFERENT,False
t4019LkiyFI,Soul Wars,AWOLNATION,Megalithic Symphony,3:38,218,2026-10-02T09:48:13Z,2026-10-04T09:50:15Z,3,432,INDIFFERENT,False
QB7nS31aFjI,Stamp and Shout (Let It Out),Firelight Tavern,Stamp and Shout (Let It Out),3:10,190,2026-10-02T09:48:13Z,2026-10-02T09:48:13Z,1,379,INDIFFERENT,False
KEKIYJXGKSo,Steam Engenius,Modest Mouse,We Were Dead Before The Ship Even Sank,4:27,267,2026-10-02T09:48:13Z,2026-10-04T09:50:15Z,3,233,INDIFFERENT,False
jECIe37J33M,My Head Feels Like A Frisbee,Shpongle,Tales of the Inexpressible,8:53,533,2026-10-02T09:48:13Z,2026-10-04T09:50:15Z,3,405,INDIFFERENT,False
UgBQD5v-Qm4,Stroker Ace,Ween,White Pepper,2:09,129,2026-10-02T09:48:13Z,2026-10-04T09:50:15Z,3,310,INDIFFERENT,False
a9bo2gQkviI,Elsewhere,"Emok, Liquid Soul, Martin Vice",Elsewhere,6:58,418,2026-10-02T09:48:13Z,2026-10-04T09:50:15Z,3,447,INDIFFERENT,False
1bi98-BMhPY,Sweet Sunshine,Beck,Mellow Gold,4:14,254,2026-10-02T09:48:13Z,2026-10-04T09:50:15Z,3,374,INDIFFERENT,False
weqK155M_4o,"You're Gonna Go Far, Kid",The Offspring,"Rise And Fall, Rage And Grace",2:58,178,2026-10-02T09:48:13Z,2026-10-02T09:48:13Z,1,393,INDIFFERENT,False
3gKXVm8btOQ,Rise Again,"Digicult, West Galaxy",Rise Again,7:44,464,2026-10-02T09:48:13Z,2026-10-04T09:50:15Z,3,392,INDIFFERENT,False
teWASCY4R8c,Rain (Astral Projection Remix),Electric Universe,Goa Classics Remixed,8:48,528,2026-10-02T09:48:13Z,2026-10-04T09:50:15Z,3,416,INDIFFERENT,False
g1tXKgj8BSg,Turn It On,The Flaming Lips,Transmissions From the Satellite Heart,4:42,282,2026-10-02T09:48:13Z,2026-10-04T09:50:15Z,3,411,INDIFFERENT,False
e757Pt-r8qQ,Canon x Love S.O.S. (WWW),Justice,Woman Worldwide,4:48,288,2026-10-02T09:48:13Z,2026-10-04T09:50:15Z,3,491,INDIFFERENT,False
kf5G_06hnQA,Shaking Things Up,nimino,Shaking Things Up,3:37,217,2026-10-02T09:48:13Z,2026-10-02T09:48:13Z,1,400,INDIFFERENT,False
uV_QtFVDV-0,Baby again..,"Four Tet, Fred again.., Skrillex",USB,5:20,320,2026-10-02T09:48:13Z,2026-10-02T09:48:13Z,1,402,INDIFFERENT,False
2R1PwicRURA,Breakdown,Seether,Finding Beauty In Negative Spaces (Bonus Track Version),3:30,210,2026-10-01T10:10:21Z,2026-10-01T10:10:21Z,1,48,INDIFFERENT,False
0rQWhmLL0co,Flashbacks,Ram Di Dam,A Liar To Admire EP,2:36,156,2026-10-01T10:10:21Z,2026-10-01T10:10:21Z,1,103,INDIFFERENT,False
iwMvTQNS7Gk,Echoes,Digitalism,Idealism,3:40,220,2026-10-01T10:10:21Z,2026-10-01T10:10:21Z,1,105,INDIFFERENT,False
4MKpUqLz82I,Hello,"Dragonette, Martin Solveig",Smash,4:42,282,2026-10-01T10:10:21Z,2026-10-01T10:10:21Z,1,106,INDIFFERENT,False
ReqXJHK-9Fk,Like Eating Glass,Bloc Party,Silent Alarm,4:21,261,2026-10-01T10:10:21Z,2026-10-01T10:10:21Z,1,107,INDIFFERENT,False
UlqhskMnPbE,Come Find Me,Caribou,Honey,3:57,237,2026-10-01T10:10:21Z,2026-10-01T10:10:21Z,1,112,INDIFFERENT,False
Dl_C6hPPa2Y,Cigarettes in the Theatre,Two Door Cinema Club,Tourist History,3:35,215,2026-10-01T10:10:21Z,2026-10-01T10:10:21Z,1,114,INDIFFERENT,False
tpxhgujNhts,Between Us & Them,Moving Units,Moving Units,3:07,187,2026-10-01T10:10:21Z,2026-10-01T10:10:21Z,1,115,INDIFFERENT,False
kZwS4e5xMp8,"Kiss, Kiss",Yeah Yeah Yeahs,IS IS,2:45,165,2026-10-01T10:10:21Z,2026-10-01T10:10:21Z,1,120,INDIFFERENT,False
humkJklMsoo,L.E.S. Artistes,Santigold,Santigold,3:25,205,2026-10-01T10:10:21Z,2026-10-01T10:10:21Z,1,125,INDIFFERENT,False
-fmomjFNhvg,You Are The One,Shiny Toy Guns,We Are Pilots,4:31,271,2026-10-01T10:10:21Z,2026-10-01T10:10:21Z,1,128,INDIFFERENT,False
jtXaCN4UZXA,Quiet Little Voices,We Were Promised Jetpacks,These Four Walls (10 Year Anniversary Edition),4:22,262,2026-10-01T10:10:21Z,2026-10-01T10:10:21Z,1,132,INDIFFERENT,False
s52WIWWxwVo,On Fire,Neon Plastix,Dream/On Fire,3:57,237,2026-10-01T10:10:21Z,2026-10-01T10:10:21Z,1,136,INDIFFERENT,False
zWRyX5QZ-ac,Atlantis To Interzone,Klaxons,Myths Of The Near Future,3:16,196,2026-10-01T10:10:21Z,2026-10-01T10:10:21Z,1,142,INDIFFERENT,False
el3zJ_yAKB4,A Blast Beat,Dúné,We Are in There You Are out Here,3:06,186,2026-10-01T10:10:21Z,2026-10-01T10:10:21Z,1,147,INDIFFERENT,False
6LJ6tIY2Zpc,In Taberna Secundus (Single Edit),Corvus Corax,In Taberna Secundus,3:41,221,2026-10-01T10:10:21Z,2026-10-01T10:10:21Z,1,172,INDIFFERENT,False
brj4BGkbOUw,Meant to Live,Switchfoot,The Beautiful Letdown (Deluxe Version),3:22,202,2026-10-01T10:10:21Z,2026-10-01T10:10:21Z,1,184,INDIFFERENT,False
wvyMUWxNKcg,Honky Tonk Women (Live),The Rolling Stones,Some Girls: Live In Texas '78,3:39,219,2026-10-01T10:10:21Z,2026-10-02T09:48:13Z,2,71,INDIFFERENT,False
Od9vIc_Qzgo,Chrome.exe,Digitalism,JPEG,2:47,167,2026-10-01T10:10:21Z,2026-10-01T10:10:21Z,1,204,INDIFFERENT,False
oaJ0FIX45s8,Resurrection,Morten Granau,Resurrection,4:18,258,2026-10-01T10:10:21Z,2026-10-01T10:10:21Z,1,229,INDIFFERENT,False
f9ic0NozWqg,Thunder of the Clans — Highland War Pipes Unleashed,Mist & Drone — Celtic Bagpipe Music,Thunder of the Clans — Highland War Pipes Unleashed,4:10,250,2026-10-01T10:10:21Z,2026-10-02T09:48:13Z,2,283,INDIFFERENT,False
nIxxdRaWoBs,The Kill,Thirty Seconds To Mars,A Beautiful Lie,3:52,232,2026-10-01T10:10:21Z,2026-10-01T10:10:21Z,1,247,INDIFFERENT,False
EC8H2ikgKuw,I want to do nothing,Josay,I want to do nothing,1:31,91,2026-10-01T10:10:21Z,2026-10-01T10:10:21Z,1,285,INDIFFERENT,False
QZowF8zsMsE,Romantic Rights,Death From Above 1979,"You're A Woman, I'm A Machine",3:16,196,2026-10-01T10:10:21Z,2026-10-01T10:10:21Z,1,291,INDIFFERENT,False
DLrAGO42yAY,Digitalism in Cairo,Digitalism,Idealism,4:49,289,2026-10-01T10:10:21Z,2026-10-01T10:10:21Z,1,301,INDIFFERENT,False
W9mcWYM-I68,Arena,Digitalism,Mirage,3:01,181,2026-10-01T10:10:21Z,2026-10-01T10:10:21Z,1,305,INDIFFERENT,False
U3JTs1xhUeU,Roll Me Up and Smoke Me When I Die (Live),"Emmylou Harris, Jimmy Buffett, Sheryl Crow, Willie Nelson",Willie Nelson American Outlaw (Live),2:15,135,2026-10-01T10:10:21Z,2026-10-04T09:50:15Z,4,50,INDIFFERENT,False
IsYPVEZfv-U,Faith,Limp Bizkit,"Three Dollar Bill, Y'all $",2:27,147,2026-10-01T10:10:21Z,2026-10-01T10:10:21Z,1,360,INDIFFERENT,False
ysho2xTWUYo,Animal I Have Become,Three Days Grace,One-X,3:52,232,2026-10-01T10:10:21Z,2026-10-01T10:10:21Z,1,372,INDIFFERENT,False
qB8IUUePS3Y,Emerge,Fischerspooner,Emerge 2020,4:47,287,2026-10-01T10:10:21Z,2026-10-01T10:10:21Z,1,406,INDIFFERENT,False
ph9KP2_lT5Q,I Hate Everything About You,Three Days Grace,Three Days Grace,3:52,232,2026-10-01T10:10:21Z,2026-10-02T09:48:13Z,2,237,INDIFFERENT,False
ns57C0m2_E4,Planet Rhythm,Digitalism,Optimism,4:16,256,2026-10-01T10:10:21Z,2026-10-01T10:10:21Z,1,442,INDIFFERENT,False
-bBJZs3RdKY,DAYLIGHT DOOM,MOTO BANDIT,DAYLIGHT DOOM,2:55,175,2026-09-30T09:44:01Z,2026-09-30T09:44:01Z,1,2,INDIFFERENT,False
B827pl48xkU,Movin' To The Sun,"HUGEL, Imael Angel, Ultra Naté",Twenty One,2:23,143,2026-09-30T09:44:01Z,2026-09-30T09:44:01Z,1,103,INDIFFERENT,False
XOsY3W3dlI0,(It Goes Like) Nanana (Edit),Peggy Gou,I Hear You,3:52,232,2026-09-30T09:44:01Z,2026-09-30T09:44:01Z,1,115,INDIFFERENT,False
a0nPjZkxCzQ,B.O.T.A. (Baddest Of Them All) [Edit],"Eliza Rose, Interplanetary Criminal",B.O.T.A. (Baddest Of Them All),3:47,227,2026-09-30T09:44:01Z,2026-09-30T09:44:01Z,1,132,INDIFFERENT,False
v9rcAWs42kw,Silence,"Going Deeper, Sylvie, Tom Ferry",Silence,3:43,223,2026-09-30T09:44:01Z,2026-09-30T09:44:01Z,1,194,INDIFFERENT,False
1PBv_PHIzCc,Baxter (these are my friends),"Baxter Dury, Fred again..",Baxter (these are my friends),4:05,245,2026-09-30T09:44:01Z,2026-09-30T09:44:01Z,1,205,INDIFFERENT,False
7A6l749SvSI,TN's,Lance Savali,TN's,3:17,197,2026-09-30T09:44:01Z,2026-09-30T09:44:01Z,1,213,INDIFFERENT,False
jZjnMAS10NA,In This World,GRiZ,Ouroboros,4:25,265,2026-09-30T09:44:01Z,2026-09-30T09:44:01Z,1,286,INDIFFERENT,False
4UMGQZ9Au7o,ItsNotREEAALLLLLLLL,"Duoteque, Fred again.., Orion Sun",USB,5:28,328,2026-09-30T09:44:01Z,2026-10-02T09:48:13Z,2,310,INDIFFERENT,False
6RDpRgBmODI,Tanya (maybe life),Fred again..,Actual Life 2 (February 2 - October 15 2021),5:17,317,2026-09-30T09:44:01Z,2026-09-30T09:44:01Z,1,306,INDIFFERENT,False
yKtRVoM6F_w,BBFL,GRiZ,BBFL,3:15,195,2026-09-30T09:44:01Z,2026-09-30T09:44:01Z,1,349,INDIFFERENT,False
d1Gq5jItM28,Cheeky Darky,Grouch,Further,8:45,525,2026-09-30T09:44:01Z,2026-09-30T09:44:01Z,1,367,INDIFFERENT,False
DastsuAwDZE,The Phone Works Both Ways,The Jazz June,The Medicine,3:53,233,2026-09-30T09:44:01Z,2026-09-30T09:44:01Z,1,372,INDIFFERENT,False
H9AMT5Zyknw,Sail (Feed Me Remix),AWOLNATION,Megalithic Symphony (10th Anniversary Deluxe Edition),3:30,210,2026-09-30T09:44:01Z,2026-10-04T09:50:15Z,5,109,INDIFFERENT,False
dEyPelEU4IE,leavemealone,"Baby Keem, Fred again..",USB,3:43,223,2026-09-30T09:44:01Z,2026-10-02T09:48:13Z,2,369,INDIFFERENT,False
rFmVqbQ9ajY,Rebirth (Faders & Blazy remix),Ace Ventura,Rebirth (Faders & Blazy Remix),7:23,443,2026-09-30T09:44:01Z,2026-09-30T09:44:01Z,1,416,INDIFFERENT,False
J6yWZUv9QJA,Tombstone Blues,Bob Dylan,Highway 61 Revisited,5:57,357,2026-09-30T09:44:01Z,2026-10-04T09:50:15Z,5,313,LIKE,False
mFOc_rebVK4,Oh so Cool,Bootleg Rascal,"Collaborations of Very Isolated Delinquents ""19",2:19,139,2026-09-30T09:44:01Z,2026-09-30T09:44:01Z,1,480,INDIFFERENT,False
fcIUh4OCym8,Not Your Fault,AWOLNATION,Megalithic Symphony,4:03,243,2026-09-30T09:44:01Z,2026-10-04T09:50:15Z,4,300,INDIFFERENT,False
0tFq0bxEysw,Old' On,Jack Marlow,Tastes Like The 90s,3:22,202,2026-09-29T09:51:34Z,2026-09-30T09:44:01Z,2,8,INDIFFERENT,False
8H43_XEsnjg,Devotion,Lance Savali,Devotion,2:17,137,2026-09-29T09:51:34Z,2026-09-30T09:44:01Z,2,17,INDIFFERENT,False
bPGXPRSnZZY,Phantom Pt. II (Live / AAA),Justice,Access All Arenas,7:59,479,2026-09-29T09:51:34Z,2026-09-29T09:51:34Z,1,102,INDIFFERENT,False
DwwcwdBwAP0,Feel the Same,Battle Tapes,Sweatshop Boys,4:37,277,2026-09-29T09:51:34Z,2026-09-29T09:51:34Z,1,112,INDIFFERENT,False
0_Jpp4B56-4,Speaking In Tongues,Eagles of Death Metal,Peace Love Death Metal,2:50,170,2026-09-29T09:51:34Z,2026-09-29T09:51:34Z,1,115,INDIFFERENT,False
jAAiEo6nXdM,Send Me A Postcard,Shocking Blue,Scorpio's Dance,2:41,161,2026-09-29T09:51:34Z,2026-09-29T09:51:34Z,1,125,INDIFFERENT,False
ZKp1TjP__rg,Los Angeles,X,Los Angeles,2:25,145,2026-09-29T09:51:34Z,2026-09-29T09:51:34Z,1,131,INDIFFERENT,False
6dLqGwzzCFQ,Dog Dribble,"Benjamin Sadler, Getdown Services, Joshua Law",Dog Dribble,4:15,255,2026-09-29T09:51:34Z,2026-09-29T09:51:34Z,1,135,INDIFFERENT,False
0ac5IMAuxfg,Glitter,Ghostland Observatory,Codename: Rondo,3:07,187,2026-09-29T09:51:34Z,2026-09-29T09:51:34Z,1,137,INDIFFERENT,False
jn8fQpzRUa8,Nothing but Pleasure,Tom Rowlands,Through Me,8:21,501,2026-09-29T09:51:34Z,2026-09-29T09:51:34Z,1,165,INDIFFERENT,False
jcz2bsD_bvo,House Of Jealous Lovers,The Rapture,Echoes,5:05,305,2026-09-29T09:51:34Z,2026-09-29T09:51:34Z,1,184,INDIFFERENT,False
njsnBQDTy0c,Take It with a Kiss,The Pistolas,Take It with a Kiss,3:00,180,2026-09-29T09:51:34Z,2026-09-29T09:51:34Z,1,189,INDIFFERENT,False
YTQXm_F3Nnc,"Whorehoppin' (Shit, Goddam)",Eagles of Death Metal,Peace Love Death Metal,3:35,215,2026-09-29T09:51:34Z,2026-09-29T09:51:34Z,1,216,INDIFFERENT,False
3h7Rqmva_8U,"Speedline Miracle Masterpiece (feat. Sal P, Sinkane & Sal P and Sinkane)",Tunde Adebimpe,The Alchemist and Oh No Present Welcome to Los Santos,4:11,251,2026-09-29T09:51:34Z,2026-09-29T09:51:34Z,1,265,INDIFFERENT,False
plDT5MIwbeQ,Olio,The Rapture,Echoes,5:21,321,2026-09-29T09:51:34Z,2026-09-29T09:51:34Z,1,297,INDIFFERENT,False
nof3EZ2IAk0,Renegades Of Funk,Rage Against The Machine,Renegades,4:35,275,2026-09-29T09:51:34Z,2026-09-29T09:51:34Z,1,299,INDIFFERENT,False
LgFwhbmtUIs,Easy Love,MSTRKRFT,The Looks,5:33,333,2026-09-29T09:51:34Z,2026-09-29T09:51:34Z,1,325,INDIFFERENT,False
le6Af2nnoHc,No Sex For Ben,The Rapture,The Music of Grand Theft Auto IV,4:06,246,2026-09-29T09:51:34Z,2026-09-29T09:51:34Z,1,354,INDIFFERENT,False
NJJgfUU2KqM,Hustler,Simian Mobile Disco,Hustler,3:43,223,2026-09-29T09:51:34Z,2026-09-29T09:51:34Z,1,369,INDIFFERENT,False
xWIhjDgZ2hg,Fuck the Pain Away,Peaches,The Teaches of Peaches,4:11,251,2026-09-29T09:51:34Z,2026-09-29T09:51:34Z,1,375,INDIFFERENT,False
LkjRmmEVd1s,Pony,Teenager,13,2:45,165,2026-09-29T09:51:34Z,2026-09-29T09:51:34Z,1,379,INDIFFERENT,False
XEA6-RlhSb4,Heads Will Roll (A-Trak Remix),Yeah Yeah Yeahs,Heads Will Roll (A-Trak Remix EP),6:24,384,2026-09-29T09:51:34Z,2026-09-29T09:51:34Z,1,394,INDIFFERENT,False
SOctyXxCm-4,Dragula,Rob Zombie,Hellbilly Deluxe,3:43,223,2026-09-29T09:51:34Z,2026-09-29T09:51:34Z,1,398,INDIFFERENT,False
cxskUsJff3E,High Voltage / It's A Long Way To The Top (If You Wanna Rock 'N' Roll),Eagles Of Death Metal,EODM Presents Boots Electric Performing The Best Songs We Never Wrote,5:26,326,2026-09-29T09:51:34Z,2026-09-29T09:51:34Z,1,399,INDIFFERENT,False
kEf2KzdxIsQ,"Audio, Video, Disco. (Live / AAA)",Justice,Access All Arenas,9:59,599,2026-09-29T09:51:34Z,2026-10-04T09:50:15Z,3,499,INDIFFERENT,False
X_dKxK4Etww,Driftin' Too Far from Shore,Bob Dylan,Knocked Out Loaded,3:41,221,2026-09-29T09:51:34Z,2026-09-29T09:51:34Z,1,425,INDIFFERENT,False
ooU56B9bx8I,Uptown Girl,The Beths,Future Me Hates Me,2:31,151,2026-09-29T09:51:34Z,2026-09-29T09:51:34Z,1,453,INDIFFERENT,False
sucbbgEsHA4,Imaginary Afternoon In 94,Maty Owl,Violeta EP,4:44,284,2026-09-29T09:51:34Z,2026-09-29T09:51:34Z,1,461,INDIFFERENT,False
G3H8Uf57AUo,Backwater,Meat Puppets,Too High To Die,3:41,221,2026-09-29T09:51:34Z,2026-09-29T09:51:34Z,1,465,INDIFFERENT,False
ewtewrjIPxU,We Want Your Soul,Adam Freeland,Now & Them,5:08,308,2026-09-29T09:51:34Z,2026-09-29T09:51:34Z,1,480,INDIFFERENT,False
TGO1vHRYJFk,Creature Comfort,Arcade Fire,Everything Now,4:44,284,2026-09-29T09:51:34Z,2026-09-29T09:51:34Z,1,490,INDIFFERENT,False
y_u1eu6Lpds,Sunshine Of Your Love,Cream,Disraeli Gears (Deluxe Edition),4:11,251,2026-09-28T09:49:05Z,2026-10-04T09:50:15Z,3,36,INDIFFERENT,False
-raLbf592wc,Shiva Valley,PiNUS,Shiva Valley,6:09,369,2026-09-28T09:49:05Z,2026-09-28T09:49:05Z,1,116,INDIFFERENT,False
EW0KdltY5Hs,Indian Spirit,Out Of Silence,Indian Spirit,7:41,461,2026-09-28T09:49:05Z,2026-09-28T09:49:05Z,1,127,INDIFFERENT,False
rEbHnyaKLAk,Sacred Plants (Transient Disorder Remix),Lyktum,Sacred Plants,7:17,437,2026-09-28T09:49:05Z,2026-09-28T09:49:05Z,1,132,INDIFFERENT,False
WkjHTmaQqGE,Runaway,Timix,Runaway,4:39,279,2026-09-28T09:49:05Z,2026-09-28T09:49:05Z,1,139,INDIFFERENT,False
1mn-IhyFwLs,Alien Tribes (PsyMagic Remix),Ara (DE),Alien Tribes,9:14,554,2026-09-28T09:49:05Z,2026-09-28T09:49:05Z,1,148,INDIFFERENT,False
uBzWiSy-6PY,Samskara,Atacama,Somewhere,8:00,480,2026-09-28T09:49:05Z,2026-09-28T09:49:05Z,1,156,INDIFFERENT,False
1fVm8-rx3J0,"The Promised Land (Live at Winterland, San Francisco, CA 10/16-20/74) [2026 Remaster]",Grateful Dead,Steal Your Face (50th Anniversary Remaster) (Live),3:19,199,2026-09-28T09:49:05Z,2026-09-28T09:49:05Z,1,169,INDIFFERENT,False
V9Z27ZHyHr0,Juvenile,Lauge,Dawn,9:39,579,2026-09-28T09:49:05Z,2026-09-28T09:49:05Z,1,185,INDIFFERENT,False
w_cpYEjM330,Run Through The Jungle,Creedence Clearwater Revival,Cosmo's Factory (Expanded Edition),3:05,185,2026-09-28T09:49:05Z,2026-10-04T09:50:15Z,3,296,INDIFFERENT,False
O2Liido3xPE,"All Right Now (BBC ""Sounds Of The Seventies"" Sessions 23/06/1970)",Free,Fire And Water (Deluxe Edition),5:27,327,2026-09-28T09:49:05Z,2026-09-28T09:49:05Z,1,193,INDIFFERENT,False
tAT4gr75BFw,Signs of Light,Antinomy,Signs of Light,7:54,474,2026-09-28T09:49:05Z,2026-09-28T09:49:05Z,1,236,INDIFFERENT,False
qGnCyMc_X-4,Jungle Love,Steve Miller Band,Book Of Dreams,3:08,188,2026-09-28T09:49:05Z,2026-09-28T09:49:05Z,1,275,INDIFFERENT,False
KabskY4osBw,Pump It Up (2021 Remaster),Elvis Costello & The Attractions,This Year's Model (2021 Remaster),3:17,197,2026-09-28T09:49:05Z,2026-09-28T09:49:05Z,1,282,INDIFFERENT,False
TXK_cQ4xtN4,You Are the Vortex,Sonic Species,The Awakening,6:19,379,2026-09-28T09:49:05Z,2026-09-28T09:49:05Z,1,305,INDIFFERENT,False
ZuNCDKYVctg,Burning Stones (Extended Version),"Astrix, Freedom Fighters",Burning Stones (Extended Version),8:09,489,2026-09-28T09:49:05Z,2026-09-28T09:49:05Z,1,312,INDIFFERENT,False
Z0xuFICONtE,Instant Karma! (We All Shine On) (Ultimate Mix),"John Lennon, Yoko Ono",Plastic Ono Band (The Ultimate Collection),3:21,201,2026-09-28T09:49:05Z,2026-09-28T09:49:05Z,1,349,INDIFFERENT,False
nCFTL4IO6t4,Dancing In the Dark,Bruce Springsteen,Born In The U.S.A.,4:00,240,2026-09-28T09:49:05Z,2026-09-28T09:49:05Z,1,351,INDIFFERENT,False
seHlHzYpWBU,Rebel Yell,Billy Idol,Rebel Yell,4:49,289,2026-09-28T09:49:05Z,2026-10-04T09:50:15Z,2,130,INDIFFERENT,False
Bar7SzNLnY0,Brown Sugar (Remastered 2009),The Rolling Stones,Sticky Fingers,3:49,229,2026-09-28T09:49:05Z,2026-09-28T09:49:05Z,1,367,INDIFFERENT,False
xbfkZy13cNc,Abracadabra,Steve Miller Band,Helloween Playlist,5:08,308,2026-09-28T09:49:05Z,2026-09-28T09:49:05Z,1,378,INDIFFERENT,False
xqN87pAWRzo,Ramblin',The Red Clay Strays,Made by These Moments,2:33,153,2026-09-28T09:49:05Z,2026-09-28T09:49:05Z,1,433,INDIFFERENT,False
o-VoZCc2cZE,Enduring Spirit,Eliyahu (IL),Enduring Spirit,8:21,501,2026-09-28T09:49:05Z,2026-10-04T09:50:15Z,2,181,INDIFFERENT,False
qc6MVcd0bw8,Baba O Riley,The Who,Discover More Classic Rock,4:59,299,2026-09-28T09:49:05Z,2026-09-28T09:49:05Z,1,444,INDIFFERENT,False
5eYjNtK7Ir0,Burning Love,Elvis Presley,Elvis (Fool),2:51,171,2026-09-28T09:49:05Z,2026-10-04T09:50:15Z,2,72,INDIFFERENT,False
Nm7AA78Vq8o,"Burning Heart (From ""Rocky IV"" Soundtrack)",Survivor,Rocky IV,3:51,231,2026-09-28T09:49:05Z,2026-09-28T09:49:05Z,1,454,INDIFFERENT,False
-8QAaoSDdGE,Hades Pleads,Parker Millsap,The Very Last Day,2:37,157,2026-09-28T09:49:05Z,2026-10-03T09:10:54Z,2,7,INDIFFERENT,False
E5gkdaArs9w,Screaming at the Wailing Wall,Flogging Molly,Within a Mile of Home,3:42,222,2026-09-28T09:49:05Z,2026-10-01T10:10:21Z,2,295,INDIFFERENT,False
QJ4-9tAf9UQ,Tom Sawyer,Rush,Moving Pictures,4:37,277,2026-09-28T09:49:05Z,2026-09-28T09:49:05Z,1,478,INDIFFERENT,False
aqYCP_t0eWk,The Riverboat Song,Ocean Colour Scene,Moseley Shoals,4:53,293,2026-09-28T09:49:05Z,2026-09-28T09:49:05Z,1,487,INDIFFERENT,False
IPq9p3vtULs,Distant Lonesome Train,Joe Bonamassa,Blues Of Desperation,5:54,354,2026-09-27T09:17:15Z,2026-09-27T09:17:15Z,1,47,INDIFFERENT,False
LwcVJuT6QK4,Here's The Thing,Fontaines D.C.,Here's The Thing,2:44,164,2026-09-27T09:17:15Z,2026-09-27T09:17:15Z,1,96,INDIFFERENT,False
uDGJ9DyF25I,The Weekend (Radio Edit),Michael Gray,The Weekend,3:13,193,2026-09-27T09:17:15Z,2026-09-27T09:17:15Z,1,109,INDIFFERENT,False
E8kEYzHrZMM,I Feel So Bad (feat. Ephemerals),Kungs,Layers,3:27,207,2026-09-27T09:17:15Z,2026-09-30T09:44:01Z,3,48,INDIFFERENT,False
9ltjCEwqsTg,Starlight (20th Anniversary),"Mani Hoffman, The Supermen Lovers",Starlight (20th Anniversary),6:02,362,2026-09-27T09:17:15Z,2026-09-27T09:17:15Z,1,117,INDIFFERENT,False
j7f0WP30HUk,Fly By Night,Rush,Fly By Night,3:23,203,2026-09-27T09:17:15Z,2026-10-04T09:50:15Z,2,86,INDIFFERENT,False
_yusSEeZu04,Move Your Body,"Marshall Jefferson, Solardo",Move Your Body,3:17,197,2026-09-27T09:17:15Z,2026-09-27T09:17:15Z,1,146,INDIFFERENT,False
T62yVzUktFY,If I Ever Feel Better (I'd Go to the Disco),Phoenix,If I Ever Feel Better,6:10,370,2026-09-27T09:17:15Z,2026-09-27T09:17:15Z,1,151,INDIFFERENT,False
0Za0EvwxFCs,Intro (Alan Braxe Remix),Fred Falke,Intro (25th Anniversary),3:59,239,2026-09-27T09:17:15Z,2026-09-27T09:17:15Z,1,166,INDIFFERENT,False
IKAW8ghbw4A,Music Sounds Better With You,MoodBlast,Dance Hits 1990-2000 : Essential Club Anthems,4:28,268,2026-09-27T09:17:15Z,2026-09-27T09:17:15Z,1,178,INDIFFERENT,False
3Qxf4lnuG5A,The Grobe,Ween,White Pepper,3:33,213,2026-09-27T09:17:15Z,2026-10-04T09:50:15Z,8,395,INDIFFERENT,False
NCmYUSrioZI,World of the Future,Grouch,Corpus Callosum,8:48,528,2026-09-27T09:17:15Z,2026-09-29T09:51:34Z,3,288,INDIFFERENT,False
-VmeIRMwPU0,F__K with the Android,"Electrypnose, Hypogeo",Edges,7:06,426,2026-09-27T09:17:15Z,2026-09-30T09:44:01Z,4,266,INDIFFERENT,False
oJK-tC8IHaQ,New Year's Day,U2,War,5:36,336,2026-09-27T09:17:15Z,2026-09-27T09:17:15Z,1,194,INDIFFERENT,False
5TkKA-VOWRQ,Good Clean Fun,The Allman Brothers Band,Seven Turns,5:09,309,2026-09-27T09:17:15Z,2026-09-27T09:17:15Z,1,195,INDIFFERENT,False
fSM9zc3SsuM,Living Loving Maid (She's Just a Woman) [Remaster],Led Zeppelin,Led Zeppelin II (Deluxe Edition),2:40,160,2026-09-27T09:17:15Z,2026-09-27T09:17:15Z,1,196,INDIFFERENT,False
xbxeT2Zawo0,Paul Johnson - White Winds,Crydajam,,5:51,351,2026-09-27T09:17:15Z,2026-09-27T09:17:15Z,1,210,INDIFFERENT,False
v-4pqHjpguE,Walkin' On The Sun,Smash Mouth,Fush Yu Mang (20th Anniversary Edition),3:28,208,2026-09-27T09:17:15Z,2026-09-28T09:49:05Z,2,286,INDIFFERENT,False
M9MeV8u_2YE,Gym Tonic,Bob Sinclar,Paradise,6:13,373,2026-09-27T09:17:15Z,2026-09-27T09:17:15Z,1,246,INDIFFERENT,False
uyk9rt-ZUSQ,Y Control,Yeah Yeah Yeahs,Fever To Tell (Deluxe Remastered),4:01,241,2026-09-27T09:17:15Z,2026-09-27T09:17:15Z,1,251,INDIFFERENT,False
S-VVD85pXWA,Collard Greens (feat. Kendrick Lamar),ScHoolboy Q,Oxymoron,5:00,300,2026-09-27T09:17:15Z,2026-09-27T09:17:15Z,1,261,INDIFFERENT,False
1K9Rf2BkZDY,Can You See Me,The Jimi Hendrix Experience,Are You Experienced,2:33,153,2026-09-27T09:17:15Z,2026-09-27T09:17:15Z,1,349,INDIFFERENT,False
8eB2d_saQo4,Time is Running Out,Muse,Absolution,3:57,237,2026-09-27T09:17:15Z,2026-09-27T09:17:15Z,1,358,INDIFFERENT,False
ddKKAL2P704,Thomas Bangalter - Colossus (Trax on Da Rocks Vol. 2 EP) [Roulé 306] 1998,Skull F*ck Records,,4:21,261,2026-09-27T09:17:15Z,2026-09-27T09:17:15Z,1,409,INDIFFERENT,False
GJAt8bqW00E,HOT TO GO!,Chappell Roan,The Rise and Fall of a Midwest Princess,3:05,185,2026-09-27T09:17:15Z,2026-09-28T09:49:05Z,2,488,INDIFFERENT,False
fOTJKg3V90E,Sailing In The Sea Of Mushroom,Infected Mushroom,Classical Mushroom,8:19,499,2026-09-27T09:17:15Z,2026-09-27T09:17:15Z,1,424,INDIFFERENT,False
MrvPLbuHInM,Cinderella Man,Rush,A Farewell To Kings,4:20,260,2026-09-27T09:17:15Z,2026-09-27T09:17:15Z,1,453,INDIFFERENT,False
MNMqyrhPrXY,Them Bones (2022 Remaster),Alice In Chains,Dirt (2022 Remaster),2:30,150,2026-09-27T09:17:15Z,2026-09-27T09:17:15Z,1,459,INDIFFERENT,False
bchn3c-5CCM,Alan Braxe - Vertigo [Roulé 303] 1997,Skull F*ck Records,,7:03,423,2026-09-27T09:17:15Z,2026-09-27T09:17:15Z,1,465,INDIFFERENT,False
8KciRaANKmo,Bad To The Bone,George Thorogood & The Destroyers,BAD TO THE BONE,4:53,293,2026-09-27T09:17:15Z,2026-10-03T09:10:54Z,3,337,INDIFFERENT,False
Vl0X1WtQUIg,Spoonman,Soundgarden,Superunknown (Super Deluxe),4:07,247,2026-09-27T09:17:15Z,2026-09-27T09:17:15Z,1,498,INDIFFERENT,False
9pVgMHVq7Uc,This is Not Jazz,Oak (BR),This is Not Jazz,5:01,301,2026-09-26T08:37:40Z,2026-10-04T09:50:15Z,4,182,INDIFFERENT,False
LrSK_K3QGiA,Freaky Trippy,"Perception, Wanted",Freaky Trippy,5:58,358,2026-09-26T08:37:40Z,2026-09-26T08:37:40Z,1,130,INDIFFERENT,False
S_RY9fdm8W8,16Bit Masterchef,Headroom,16Bit Masterchef,6:31,391,2026-09-26T08:37:40Z,2026-09-26T08:37:40Z,1,157,INDIFFERENT,False
vRN_s8gfvHo,Sleeve Slave,Shtuby,Sleeve Slave,11:23,683,2026-09-26T08:37:40Z,2026-09-26T08:37:40Z,1,165,INDIFFERENT,False
3tIUdiDrxU4,The Overload,Yard Act,The Overload,3:17,197,2026-09-26T08:37:40Z,2026-09-27T09:17:15Z,2,163,INDIFFERENT,False
aaO-vWyXNbo,Pachamama,Sonic Massala,Pachamama,9:01,541,2026-09-26T08:37:40Z,2026-09-26T08:37:40Z,1,270,INDIFFERENT,False
xWk-extYHsw,One of These Days,Pink Floyd,Meddle,5:55,355,2026-09-26T08:37:40Z,2026-09-28T09:49:05Z,3,137,INDIFFERENT,False
lsB4rNfLGXA,Far Over (ETN Mix),"ETN, Slip Hypnotic",Zenon Records: 20 Years,9:14,554,2026-09-26T08:37:40Z,2026-09-26T08:37:40Z,1,276,INDIFFERENT,False
AVez4RS7IJw,Love Me Two Times,The Doors,Strange Days,3:16,196,2026-09-26T08:37:40Z,2026-10-04T09:50:15Z,3,43,INDIFFERENT,False
dC-CmjY57bU,U Should Not Be Doing That,Amyl and The Sniffers,Cartoon Darkness,3:25,205,2026-09-26T08:37:40Z,2026-09-26T08:37:40Z,1,298,INDIFFERENT,False
y5mYmkZBDF4,Station 42 (Zen Mechanics Remix),LOUD,Loud Remixes Vol 2,9:03,543,2026-09-26T08:37:40Z,2026-09-26T08:37:40Z,1,321,INDIFFERENT,False
dwetUHJfOhA,Deep Circles,Adama,Deep Circles,8:29,509,2026-09-26T08:37:40Z,2026-09-26T08:37:40Z,1,344,INDIFFERENT,False
1jJnMORREaM,The Lamb of Dog,HypoGeo,Tree of Lies,9:50,590,2026-09-26T08:37:40Z,2026-09-26T08:37:40Z,1,345,INDIFFERENT,False
6fpyKYeh27g,March on for Pax Romana,Psychedelic Porn Crumpets,March on for Pax Romana,4:34,274,2026-09-26T08:37:40Z,2026-09-26T08:37:40Z,1,432,INDIFFERENT,False
lrHe11Fqgjk,Crash & Burn,Blues Traveler,Four,3:00,180,2026-09-26T08:37:40Z,2026-09-26T08:37:40Z,1,433,INDIFFERENT,False
kjgc90Yf0as,All My Rowdy Friends Are Coming Over Tonight,"Hank Williams, Jr.",Major Moves,2:59,179,2026-09-26T08:37:40Z,2026-09-28T09:49:05Z,2,452,INDIFFERENT,False
_NzLs-xSss0,Won't Get Fooled Again,The Who,Who's Next (Deluxe Edition),8:32,512,2026-09-26T08:37:40Z,2026-09-26T08:37:40Z,1,477,INDIFFERENT,False
JrCDCQTASBU,Silicone Grown,Faces,Ooh La La,3:09,189,2026-09-26T08:37:40Z,2026-10-03T09:10:54Z,3,85,INDIFFERENT,False
1UjLFMg18cY,Don't Stop Me Now,Queen,Jazz (Deluxe Edition),3:30,210,2026-09-26T08:37:40Z,2026-10-04T09:50:15Z,3,327,INDIFFERENT,False
KLRO4W9pNrQ,Runnin' with the Devil,Van Halen,Van Halen,3:35,215,2026-09-26T08:37:40Z,2026-09-28T09:49:05Z,2,442,INDIFFERENT,False
j7sGD-6x2vI,Cosmologia Indigena,Zen Mechanics,Cosmologia Indigena,8:35,515,2026-09-25T08:51:12Z,2026-09-25T08:51:12Z,1,134,INDIFFERENT,False
ASyyV9QgvDg,Are You Alive,"Avalon, Mad Maxx",Are You Alive,8:28,508,2026-09-25T08:51:12Z,2026-09-25T08:51:12Z,1,139,INDIFFERENT,False
wlil7I4Lpsc,Turn On The World,Dickster & Space Tribe,Turn On The World,7:16,436,2026-09-25T08:51:12Z,2026-09-25T08:51:12Z,1,165,INDIFFERENT,False
tV4luxGYmo0,Sunglasses 2025 [Wukileak - Beats I Can't Release],Wuki,,2:10,130,2026-09-25T08:51:12Z,2026-09-25T08:51:12Z,1,181,INDIFFERENT,False
Om1h7dpwgDU,R U Awake,Mekkanikka & Michele Adamson,R U Awake,7:26,446,2026-09-25T08:51:12Z,2026-09-25T08:51:12Z,1,194,INDIFFERENT,False
ll7MMMvNDYA,Context High,Ajja,Oddular,7:24,444,2026-09-25T08:51:12Z,2026-09-25T08:51:12Z,1,195,INDIFFERENT,False
j6pNORZBaIw,Magic Portal (Electric Universe Remix),"Alpha Portal, Magik",Dimension 005 (Compiled by Alpha Portal),7:34,454,2026-09-25T08:51:12Z,2026-09-25T08:51:12Z,1,200,INDIFFERENT,False
XfV8fXloPhI,Universe Inside Me,Liquid Soul & Vini Vici,Universe Inside Me,3:13,193,2026-09-25T08:51:12Z,2026-09-25T08:51:12Z,1,202,INDIFFERENT,False
8cSXXxPNrBQ,I Am Alien,Tristan & ManMadeMan,I Am Alien,7:34,454,2026-09-25T08:51:12Z,2026-09-25T08:51:12Z,1,208,INDIFFERENT,False
GEIKi_BMzx8,Quantum Entanglement,Ingrained Instincts,Quantum Entanglement,7:28,448,2026-09-25T08:51:12Z,2026-09-25T08:51:12Z,1,214,INDIFFERENT,False
YMPfP0Fatvc,Moments of Ecstasy,Ace Ventura & Animato,Moments of Ecstasy,7:26,446,2026-09-25T08:51:12Z,2026-09-28T09:49:05Z,2,498,INDIFFERENT,False
tQ5jWE6ZnXc,The God Molecule,"Altruism, Avalon, Burn In Noise, Tristan",The God Molecule,6:55,415,2026-09-25T08:51:12Z,2026-10-04T09:50:15Z,4,237,INDIFFERENT,False
TQdtVzrYE6s,Mind Is God,"Mad Maxx, Space Tribe",Mind Is God,9:00,540,2026-09-25T08:51:12Z,2026-09-25T08:51:12Z,1,259,INDIFFERENT,False
c_QB94F8yQA,Cosmic Raas,Beckmantra,Cosmic Raas,7:30,450,2026-09-25T08:51:12Z,2026-09-25T08:51:12Z,1,265,INDIFFERENT,False
xx2kPmOLY6A,Tommy Knocker,"Boogie T, Dirt Monkey",Joint Force 2 EP,2:45,165,2026-09-25T08:51:12Z,2026-09-25T08:51:12Z,1,267,INDIFFERENT,False
JOmmOWd8wO8,Flow Rider,Sonic Species,Flow Rider,8:00,480,2026-09-25T08:51:12Z,2026-09-25T08:51:12Z,1,319,INDIFFERENT,False
OUsd7JmPA98,Mystical Experiences (GMS Remix),Electric Universe,Mystical Experiences (GMS Remix),7:31,451,2026-09-25T08:51:12Z,2026-10-04T09:50:15Z,4,438,INDIFFERENT,False
4kNfgGbutB8,Avalon & Mad Maxx - Om,Nano Records,,7:23,443,2026-09-25T08:51:12Z,2026-10-04T09:50:15Z,3,277,INDIFFERENT,False
p1cOMK3yndQ,Om,"Avalon, Mad Maxx",Om,7:23,443,2026-09-25T08:51:12Z,2026-09-25T08:51:12Z,1,323,INDIFFERENT,False
psPEhznnhQk,Namaste,Vini Vici,Future Classics,7:43,463,2026-09-25T08:51:12Z,2026-09-25T08:51:12Z,1,324,INDIFFERENT,False
ONtrDwz54pQ,Dynamo,"Cyk, Karev",Jungle Palace,6:53,413,2026-09-25T08:51:12Z,2026-09-25T08:51:12Z,1,331,INDIFFERENT,False
VEDsjVm2wqg,Immaculate Deception,Petran,Sonic Quagmire,7:45,465,2026-09-25T08:51:12Z,2026-09-25T08:51:12Z,1,347,INDIFFERENT,False
YLO-vcFDaS8,"Touch, Peel And Stand",Days Of The New,Days Of The New,4:58,298,2026-09-25T08:51:12Z,2026-09-26T08:37:40Z,2,373,INDIFFERENT,False
ZIXmCWbDvcc,Backstage Boys,Earthling vs KIM,Psy-Fi Book of Changes Compiled by Astrix,8:01,481,2026-09-25T08:51:12Z,2026-09-25T08:51:12Z,1,386,INDIFFERENT,False
KwN_f0fTHoE,One Step Closer,Linkin Park,Hybrid Theory,2:38,158,2026-09-25T08:51:12Z,2026-09-25T08:51:12Z,1,387,INDIFFERENT,False
qpyPaPPo2KI,supadupakulavibe,GRiZ,Bangers[3].Zip,3:07,187,2026-09-25T08:51:12Z,2026-09-25T08:51:12Z,1,398,INDIFFERENT,False
z6Vk6nDGutY,CLOUD10 (Vincent Antone Remix),"CloZee, LSDREAM",LSZEE (Remixes),3:14,194,2026-09-24T08:29:18Z,2026-09-24T08:29:18Z,1,12,INDIFFERENT,False
fkl2l60RHJE,Pressure Zone,Beck,Midnite Vultures,3:07,187,2026-09-24T08:29:18Z,2026-10-04T09:50:15Z,4,213,INDIFFERENT,False
soPSfI6llW0,Chaos in Order,"Ajja, Freedom Fighters","Blank Friday, Vol. 7",7:01,421,2026-09-24T08:29:18Z,2026-09-24T08:29:18Z,1,112,INDIFFERENT,False
d6Bc8Y1XwG8,Time,Oxiv,Time,9:36,576,2026-09-24T08:29:18Z,2026-09-24T08:29:18Z,1,132,INDIFFERENT,False
Ma1P6wYpjpE,Bloom,"Dekel, Shtuby",Sol,8:57,537,2026-09-24T08:29:18Z,2026-09-24T08:29:18Z,1,206,INDIFFERENT,False
rUjISpHrCUo,In Between Silly and Clever,Spacey Koala,Twistedelik Funky Activating Grooves,7:02,422,2026-09-24T08:29:18Z,2026-09-24T08:29:18Z,1,276,INDIFFERENT,False
A1XMQGmysyI,Too Loud (feat. Phantogram),Big Wild,Too Loud,2:51,171,2026-09-24T08:29:18Z,2026-09-24T08:29:18Z,1,277,INDIFFERENT,False
5fa1oU-nHGc,2-step Nassau,GRiZ,GEMiNI EP,2:35,155,2026-09-24T08:29:18Z,2026-09-30T09:44:01Z,2,467,INDIFFERENT,False
3PMG_f1Qh5s,Astrix on Mushrooms,Infected Mushroom,"Friends on Mushrooms, Vol. 1",9:57,597,2026-09-24T08:29:18Z,2026-09-29T09:51:34Z,4,348,INDIFFERENT,False
Xvovfsf6ccI,Raindrop,DEKEL,Raindrop,8:14,494,2026-09-24T08:29:18Z,2026-09-26T08:37:40Z,2,314,INDIFFERENT,False
xW17jtkjvvg,Smack My Bitch Up,The Prodigy,The Fat of the Land - Expanded Edition,5:43,343,2026-09-24T08:29:18Z,2026-09-24T08:29:18Z,1,327,INDIFFERENT,False
V4xeIux3BcI,Abdução (Major7 & Rexalted Remix) (feat. Major7 & Rexalted),Invasion,Abdução (Major7 & Rexalted Remix),5:18,318,2026-09-24T08:29:18Z,2026-09-24T08:29:18Z,1,343,INDIFFERENT,False
rpvMqqpb7tE,Dream Theater REBORN,Infected Mushroom,Dream Theater REBORN,8:15,495,2026-09-24T08:29:18Z,2026-10-04T09:50:15Z,6,498,INDIFFERENT,False
MzGIi1fNlFE,Dun Dun,DEKEL & SHTUBY,Dun Dun,8:50,530,2026-09-24T08:29:18Z,2026-09-26T08:37:40Z,2,122,INDIFFERENT,False
InalB3tNW-w,I'm In Your Mind,King Gizzard & The Lizard Wizard,I'm In Your Mind Fuzz,3:34,214,2026-09-24T08:29:18Z,2026-09-24T08:29:18Z,1,431,INDIFFERENT,False
C3LXkdpHNOQ,Waiting Room,Fugazi,13 Songs,2:54,174,2026-09-24T08:29:18Z,2026-09-24T08:29:18Z,1,446,INDIFFERENT,False
TMoiGYFZE6Q,Fire Walk with Me,The Black Keys,"""Let's Rock""",2:59,179,2026-09-23T08:36:35Z,2026-09-29T09:51:34Z,2,406,INDIFFERENT,False
2te_h2MNrSY,If U Need It,Sammy Virji,If U Need It,3:00,180,2026-09-23T08:36:35Z,2026-09-23T08:36:35Z,1,104,INDIFFERENT,False
fFU3VEimqe0,Rumble,"Flowdan, Fred again.., Skrillex",Quest For Fire,2:27,147,2026-09-23T08:36:35Z,2026-09-23T08:36:35Z,1,105,INDIFFERENT,False
tr-0ESxliZA,Go,Flume,Palaces,3:36,216,2026-09-23T08:36:35Z,2026-09-23T08:36:35Z,1,106,INDIFFERENT,False
AEA9V1zQyYI,On & On (nimino Remix),"Sub Focus, bbyclose",On & On (nimino Remix),3:00,180,2026-09-23T08:36:35Z,2026-10-02T09:48:13Z,2,304,INDIFFERENT,False
_19M9RnSyO8,You & Me (Flume Remix) (feat. Eliza Doolittle),Disclosure,Flume: Deluxe Edition,4:43,283,2026-09-23T08:36:35Z,2026-09-23T08:36:35Z,1,167,INDIFFERENT,False
7mSOJ_ynNVY,Two Tone,IDLES,Welcome,3:46,226,2026-09-23T08:36:35Z,2026-09-24T08:29:18Z,2,271,INDIFFERENT,False
cKCykk6u6rU,Vasoline,Stone Temple Pilots,Purple,2:55,175,2026-09-23T08:36:35Z,2026-09-27T09:17:15Z,2,211,INDIFFERENT,False
2S5Ku0mVkzI,Miss You (Bonus Track),"Oliver Tree, Robin Schulz",Alone In A Crowd,3:26,206,2026-09-23T08:36:35Z,2026-09-23T08:36:35Z,1,183,INDIFFERENT,False
AikdY8pgE5w,Jungle,Fred again..,USB,3:19,199,2026-09-23T08:36:35Z,2026-10-02T09:48:13Z,2,202,INDIFFERENT,False
PRxzWR6sxMY,925,"Chris Lake, RoRo, Sammy Virji",925,2:49,169,2026-09-23T08:36:35Z,2026-09-30T09:44:01Z,3,51,INDIFFERENT,False
giTcktVailc,You Got to Lose,The Black Keys,Peaches!,3:18,198,2026-09-23T08:36:35Z,2026-09-23T08:36:35Z,1,212,INDIFFERENT,False
ZMwJ6R9BE48,ten,"Fred again.., Jozzy",ten days,3:02,182,2026-09-23T08:36:35Z,2026-10-02T09:48:13Z,3,239,INDIFFERENT,False
m49lQXbKaxo,Try Listening from Your Heart,Captain Hook,Try Listening from Your Heart,7:54,474,2026-09-23T08:36:35Z,2026-09-23T08:36:35Z,1,317,INDIFFERENT,False
28adFKXWoOY,Constant Headache,Joyce Manor,Joyce Manor,3:07,187,2026-09-23T08:36:35Z,2026-09-23T08:36:35Z,1,329,INDIFFERENT,False
j-uQtd9bHmE,Orla,nimino,Orla,3:26,206,2026-09-23T08:36:35Z,2026-10-02T09:48:13Z,2,109,INDIFFERENT,False
fg_68MBzpzQ,Hash Pipe,Weezer,Weezer (Green Album),3:07,187,2026-09-23T08:36:35Z,2026-09-23T08:36:35Z,1,440,INDIFFERENT,False
sBwlK73wzQ0,Spring,Rites of Spring,Rites of Spring,2:10,130,2026-09-23T08:36:35Z,2026-09-23T08:36:35Z,1,447,INDIFFERENT,False
UWBNno0ZElA,Shake Me Like a Monkey,Dave Matthews Band,Big Whiskey and the GrooGrux King (Expanded Edition),4:01,241,2026-09-23T08:36:35Z,2026-10-01T10:10:21Z,2,385,INDIFFERENT,False
FrZ1bZDPqYk,Kelly (end of a nightmare),Fred again,Actual Life 3 (January 1 - September 9 2022),4:18,258,2026-09-22T08:34:19Z,2026-09-22T08:34:19Z,1,19,INDIFFERENT,False
Q6MhT4n9nKI,Delilah (pull me out of this),"Delilah Montagu, Fred again",Actual Life 3 (January 1 - September 9 2022),4:11,251,2026-09-22T08:34:19Z,2026-10-02T09:48:13Z,4,128,INDIFFERENT,False
6u3M-j1ZZBQ,Color Of Your Soul,"CloZee, GRiZ",Color Of Your Soul,3:23,203,2026-09-22T08:34:19Z,2026-09-22T08:34:19Z,1,24,INDIFFERENT,False
WxfkPdxP-Po,Kool Thing,Sonic Youth,Goo,4:07,247,2026-09-22T08:34:19Z,2026-09-25T08:51:12Z,2,9,INDIFFERENT,False
3WrZNQCCGns,It's So Good,Jamie xx,It's So Good,4:39,279,2026-09-22T08:34:19Z,2026-09-22T08:34:19Z,1,64,INDIFFERENT,False
_JI8vop4lOw,Rabid Dog,DJ YAGI,PSYCHEDELIC LABORATORY Vol.2,7:47,467,2026-09-22T08:34:19Z,2026-09-27T09:17:15Z,2,452,INDIFFERENT,False
9Zo8jqTqju0,Better,"Manta, nimino",Better,3:59,239,2026-09-22T08:34:19Z,2026-10-02T09:48:13Z,5,309,INDIFFERENT,False
O06-PTQYyVk,Baianá,Bakermat,The Ringmaster,3:01,181,2026-09-22T08:34:19Z,2026-10-02T09:48:13Z,2,133,INDIFFERENT,False
pjnl2E-W8dM,People Ain't Dancing (feat. Kah-Lo),Billen Ted,People Ain't Dancing,2:35,155,2026-09-22T08:34:19Z,2026-09-22T08:34:19Z,1,105,INDIFFERENT,False
O3GONS2o1sM,I'll Take Care of You (feat. Yebba),"Tyler, The Creator",DON'T TAP THE GLASS,3:21,201,2026-09-22T08:34:19Z,2026-09-22T08:34:19Z,1,106,INDIFFERENT,False
UJWjNLtJhwM,we should go,"Vin Damato, warner case",we should go,2:39,159,2026-09-22T08:34:19Z,2026-09-22T08:34:19Z,1,107,INDIFFERENT,False
BpOfoi9NZbg,Hell,"Max Kaluza, Ole Sturm",Hell,2:40,160,2026-09-22T08:34:19Z,2026-09-22T08:34:19Z,1,110,INDIFFERENT,False
hRvrj_diWYQ,Music Sounds Better With You (Radio Edit),Stardust,Music Sounds Better With You,4:21,261,2026-09-22T08:34:19Z,2026-09-27T09:17:15Z,2,105,INDIFFERENT,False
OK6lXn63bW4,Wicked Garden,Stone Temple Pilots,Core (Super Deluxe Edition),4:06,246,2026-09-22T08:34:19Z,2026-09-22T08:34:19Z,1,152,INDIFFERENT,False
Ho_2xO-UpFA,Danielle (smile on my face),Fred again,Actual Life 3 (January 1 - September 9 2022),3:22,202,2026-09-22T08:34:19Z,2026-09-30T09:44:01Z,2,393,INDIFFERENT,False
4raDa3829ak,Talk Too Much,COIN,How Will You Know If You Never Try,3:08,188,2026-09-22T08:34:19Z,2026-09-22T08:34:19Z,1,169,INDIFFERENT,False
2LSr3qJCNV0,Purple Hat,SOFI TUKKER,Purple Hat,2:59,179,2026-09-22T08:34:19Z,2026-10-02T09:48:13Z,4,129,INDIFFERENT,False
OPOzcIr61QM,The Lovers (Extended Mix),Max Kaluza,The Lovers,5:45,345,2026-09-22T08:34:19Z,2026-09-22T08:34:19Z,1,207,INDIFFERENT,False
otOtKMeB2vk,Ava Adore,Smashing Pumpkins,Adore,4:31,271,2026-09-22T08:34:19Z,2026-09-23T08:36:35Z,2,199,INDIFFERENT,False
pEte7EmZqgg,Firestarter (Edit),The Prodigy,Firestarter,3:48,228,2026-09-22T08:34:19Z,2026-09-22T08:34:19Z,1,226,INDIFFERENT,False
ZkRtdXSSuC0,Go With The Flow,Queens Of The Stone Age,Songs For The Deaf,3:08,188,2026-09-22T08:34:19Z,2026-09-22T08:34:19Z,1,268,INDIFFERENT,False
L0hruKZ-2gA,San Francisco,The Mowgli's,Waiting For The Dawn,2:54,174,2026-09-22T08:34:19Z,2026-10-04T09:50:15Z,10,44,INDIFFERENT,False
EeYEdBIYU_0,Down,311,311,2:53,173,2026-09-22T08:34:19Z,2026-09-22T08:34:19Z,1,365,INDIFFERENT,False
3MutXUvS37k,Alive,Pearl Jam,Ten,5:41,341,2026-09-22T08:34:19Z,2026-10-01T10:10:21Z,2,145,INDIFFERENT,False
BBZrELBT8sI,Beverly Hills,Weezer,Make Believe,3:17,197,2026-09-22T08:34:19Z,2026-09-22T08:34:19Z,1,464,INDIFFERENT,False
Lr-bElRe7-Y,Smile Back,Mac Miller,Blue Slide Park,2:43,163,2026-09-22T08:34:19Z,2026-09-22T08:34:19Z,1,470,INDIFFERENT,False
RgJCjOJwD40,iLLest In The Game,"GRiZ, ProbCause",Future Funk Volume 1,2:24,144,2026-09-22T08:34:19Z,2026-09-30T09:44:01Z,4,189,INDIFFERENT,False
ZGhZ0L_x1IU,"Same Team, No Games (feat. NYG'z & H. Stax)",Gang Starr,The Ownerz,3:46,226,2026-09-22T08:34:19Z,2026-09-22T08:34:19Z,1,477,INDIFFERENT,False
XKAbUaBtFDQ,The Language Computer,Alaskan Rhino,The Language Computer,4:52,292,2026-09-22T08:34:19Z,2026-09-22T08:34:19Z,1,490,INDIFFERENT,False
Pws6Trj0UyM,Bubblin,Anderson .Paak,Bubblin,3:30,210,2026-09-22T08:34:19Z,2026-09-22T08:34:19Z,1,492,INDIFFERENT,False
EV4J_UrUTnI,Work It (Soulwax Remix),Marie Davidson,Work It (Soulwax Remix),4:47,287,2026-09-21T08:58:47Z,2026-09-21T08:58:47Z,1,54,INDIFFERENT,False
oQeTxIzHRg0,Can't Get Through to My Head,The Mystery Lights,Too Much Tension!,2:44,164,2026-09-21T08:58:47Z,2026-09-21T08:58:47Z,1,94,INDIFFERENT,False
mPwysZxY9yg,Vocoder [Club Mix],Floating Points,Cascade,7:32,452,2026-09-21T08:58:47Z,2026-09-21T08:58:47Z,1,95,INDIFFERENT,False
KZy0XuqN1Us,DNA,HENGE,Alpha Test 4,3:42,222,2026-09-21T08:58:47Z,2026-09-21T08:58:47Z,1,105,INDIFFERENT,False
ULws0SVwsxg,Chop and Change,The Black Keys,Brothers (Deluxe Remastered Anniversary Edition),2:26,146,2026-09-21T08:58:47Z,2026-09-21T08:58:47Z,1,117,INDIFFERENT,False
LNQE5ZDWcdQ,Jet Set Ratio,Een Glish,Jet Set Ratio,1:36,96,2026-09-21T08:58:47Z,2026-10-04T09:50:15Z,3,25,INDIFFERENT,False
9ufAE-skaA4,John the Fisherman,Primus,Frizzle Fry,3:38,218,2026-09-21T08:58:47Z,2026-09-21T08:58:47Z,1,125,INDIFFERENT,False
Yoi2lX36Z84,Cocaine,"OXEN, Ziro",Cocaine,4:58,298,2026-09-21T08:58:47Z,2026-09-27T09:17:15Z,2,6,INDIFFERENT,False
h2qT7b2sqEU,So Tied Up (feat. Bishop Briggs),Cold War Kids,LA DIVINE,3:10,190,2026-09-21T08:58:47Z,2026-09-29T09:51:34Z,8,149,INDIFFERENT,False
VXqbVerI9u4,Goofy Foot,The Lively Ones,Surf Rider,3:03,183,2026-09-21T08:58:47Z,2026-09-21T08:58:47Z,1,158,INDIFFERENT,False
CFtYd0RNRwI,No Burka!,Burka Band,Burka Blue,3:34,214,2026-09-21T08:58:47Z,2026-09-28T09:49:05Z,2,492,INDIFFERENT,False
uh1H_FPObBg,She's So Cold (Remastered 2009),The Rolling Stones,Emotional Rescue (2009 Re-Mastered),4:14,254,2026-09-21T08:58:47Z,2026-10-04T09:50:15Z,3,127,INDIFFERENT,False
ZD6URv4Q77w,Butterfly Effect,Uto Karem,Maschine Love,6:02,362,2026-09-21T08:58:47Z,2026-09-30T09:44:01Z,2,49,INDIFFERENT,False
a1lvU4fwIX0,It's Gonna Be A Long Night,Ween,Quebec,2:51,171,2026-09-21T08:58:47Z,2026-10-03T09:10:54Z,2,12,INDIFFERENT,False
0zqKPH89b-k,Fat Bottomed Girls (Single Version),Queen,Jazz (Deluxe Edition),3:24,204,2026-09-21T08:58:47Z,2026-09-21T08:58:47Z,1,208,INDIFFERENT,False
TxzENmD0UIE,Neighborhood Bully,Bob Dylan,Infidels,4:36,276,2026-09-21T08:58:47Z,2026-10-04T09:50:15Z,8,298,INDIFFERENT,False
tNT5sYheayM,Fabienk (deadmau5 remake),deadmau5,Fabienk (deadmau5 remake),5:31,331,2026-09-21T08:58:47Z,2026-09-21T08:58:47Z,1,227,INDIFFERENT,False
d7vQP_83S2U,Wynona's Big Brown Beaver,Primus,Tales From The Punchbowl,4:22,262,2026-09-21T08:58:47Z,2026-09-21T08:58:47Z,1,230,INDIFFERENT,False
tuw1ziytBDk,Schism,TOOL,Lateralus,6:44,404,2026-09-21T08:58:47Z,2026-09-21T08:58:47Z,1,233,INDIFFERENT,False
GvsNLoEU3DE,Ascending (Fusion Version),HENGE,Journey to Voltus B,4:25,265,2026-09-21T08:58:47Z,2026-09-21T08:58:47Z,1,258,INDIFFERENT,False
DD9a3Gh1qjY,Liquid Hook (Victor Ruiz Remix),"Captain Hook, Liquid Soul",Liquid Hook (Victor Ruiz Remix),6:39,399,2026-09-21T08:58:47Z,2026-10-04T09:50:15Z,14,40,INDIFFERENT,False
XAXixfiJpTE,Glitterball,FC Kahuna,Machine Says Yes,5:47,347,2026-09-21T08:58:47Z,2026-09-21T08:58:47Z,1,301,INDIFFERENT,False
cTwKP1eeKOw,Sapience,King Gizzard & the Lizard Wizard,Alien Metal,4:42,282,2026-09-21T08:58:47Z,2026-09-21T08:58:47Z,1,309,INDIFFERENT,False
lBpDFjau-Ps,Too Many Puppies,Primus,Frizzle Fry,3:57,237,2026-09-21T08:58:47Z,2026-09-21T08:58:47Z,1,313,INDIFFERENT,False
aFIwUqEiEnw,The Beautiful People,Marilyn Manson,Antichrist Superstar,3:39,219,2026-09-21T08:58:47Z,2026-10-01T10:10:21Z,2,274,INDIFFERENT,False
xNExSpY3EWY,Chains,Iggy Pop,New Values,2:44,164,2026-09-21T08:58:47Z,2026-09-29T09:51:34Z,5,434,INDIFFERENT,False
qV1MG4uJXq8,APART,OVERWERK,MORE,5:56,356,2026-09-21T08:58:47Z,2026-10-01T10:10:21Z,2,339,INDIFFERENT,False
NdOwDxGuPGM,Good Mouse (From the MOUSE: P.I. FOR HIRE Soundtrack),Caravan Palace,Good Mouse (From the MOUSE: P.I. FOR HIRE Soundtrack),2:31,151,2026-09-21T08:58:47Z,2026-09-21T08:58:47Z,1,349,INDIFFERENT,False
wzX1W6jAImE,For a Second,newhaven,For a Second,2:51,171,2026-09-21T08:58:47Z,2026-09-21T08:58:47Z,1,366,INDIFFERENT,False
wVfAky_D1tY,Sada'a,Acid Arab,Resonance,4:24,264,2026-09-21T08:58:47Z,2026-09-21T08:58:47Z,1,367,INDIFFERENT,False
gcodkugMIrQ,Medicine,Channel Tres,Medicine,2:35,155,2026-09-21T08:58:47Z,2026-09-21T08:58:47Z,1,382,INDIFFERENT,False
6EnbcigtB4Y,DOOM GONG III,DOOM GONG,MEGAGONG,8:47,527,2026-09-21T08:58:47Z,2026-09-21T08:58:47Z,1,385,INDIFFERENT,False
-206erZYyBo,The Pot,TOOL,"10,000 Days",6:22,382,2026-09-21T08:58:47Z,2026-09-21T08:58:47Z,1,389,INDIFFERENT,False
C9DYXyAoqbE,Ho Hey (Live from Wrigley Field),The Lumineers,Live From Wrigley Field,2:35,155,2026-09-21T08:58:47Z,2026-09-23T08:36:35Z,3,364,INDIFFERENT,False
Ph5qTBZAjGs,Smoko,The Chats,Get This In Ya,3:00,180,2026-09-21T08:58:47Z,2026-09-21T08:58:47Z,1,410,INDIFFERENT,False
nqcvEPebbNY,Peaches,The Presidents of The United States of America,The Presidents of The United States of America: Ten Year Super Bonus Special Anniversary Edition,2:52,172,2026-09-21T08:58:47Z,2026-09-21T08:58:47Z,1,413,INDIFFERENT,False
vQbQgqc0QYo,Florida Water Blues,Twisted Teens,Florida Water Blues,3:45,225,2026-09-21T08:58:47Z,2026-09-21T08:58:47Z,1,415,INDIFFERENT,False
U0AcBryPUxY,Motor Spirit,King Gizzard & The Lizard Wizard,"PetroDragonic Apocalypse; or, Dawn of Eternal Night: An Annihilation of Planet Earth and the Beginning of Merciless Damnation",8:33,513,2026-09-21T08:58:47Z,2026-09-21T08:58:47Z,1,430,INDIFFERENT,False
-y5Nx__LI_s,La Caravane,Caravan Palace,Caravan Palace,5:06,306,2026-09-21T08:58:47Z,2026-09-21T08:58:47Z,1,432,INDIFFERENT,False
O9k5LTh7L0Q,A Thing For Me,Metronomy,Nights Out,3:31,211,2026-09-21T08:58:47Z,2026-09-21T08:58:47Z,1,435,INDIFFERENT,False
0C1kijuRx7M,The Rabbit (Stuart Price Remix),Miike Snow,The Rabbit (Remixes),3:23,203,2026-09-21T08:58:47Z,2026-09-30T09:44:01Z,2,487,INDIFFERENT,False
WWGu85ie0sM,Tear It Down,Greta Van Fleet,Tear It Down,4:24,264,2026-09-21T08:58:47Z,2026-09-21T08:58:47Z,1,460,INDIFFERENT,False
JGKo9O_oeRk,When Midnight Comes,"Mou5EmO, Mou5ZyZZ",When Midnight Comes,4:05,245,2026-09-21T08:58:47Z,2026-09-21T08:58:47Z,1,465,INDIFFERENT,False
m9iu4xdef_I,Maximum RAM,HotTub,Maximum RAM,2:28,148,2026-09-21T08:58:47Z,2026-09-21T08:58:47Z,1,468,INDIFFERENT,False
1hZ1xkYSHBw,Silver grave,Unholy,Silver grave,4:44,284,2026-09-21T08:58:47Z,2026-09-21T08:58:47Z,1,475,INDIFFERENT,False
OReM7TkvKJo,Afro Left,Leftfield,Leftism (Remastered),7:34,454,2026-09-21T08:58:47Z,2026-09-21T08:58:47Z,1,489,INDIFFERENT,False
-k75AOsVHW4,Reflection of the Sun,"Dellucht, ELEVIN",Reflection of the Sun,6:15,375,2026-09-21T08:58:47Z,2026-09-21T08:58:47Z,1,491,INDIFFERENT,False
TjiSsdtkIT8,Steppe Ritual,SNA Music,Steppe Ritual,5:33,333,2026-09-21T08:58:47Z,2026-09-21T08:58:47Z,1,493,INDIFFERENT,False
B-fKKQWwBuk,Yearning (Faster Horses Remix),"Faster Horses, TWOFACED",Yearning (Faster Horses Remix),4:30,270,2026-09-21T08:58:47Z,2026-09-21T08:58:47Z,1,498,INDIFFERENT,False
ua_GksjEIZ0,Ted Amber - Instrula,Rayzeh,,8:17,497,2026-09-21T08:58:47Z,2026-09-21T08:58:47Z,1,499,INDIFFERENT,False
bkk6SHPOVWY,Jumpin' Jack Flash,The Rolling Stones,70s Classic Rock,3:43,223,2026-09-20T08:37:04Z,2026-10-03T09:10:54Z,6,58,INDIFFERENT,False
hnno3h-ZW_8,Want You Bad,The Offspring,Conspiracy Of One,3:23,203,2026-09-20T08:37:04Z,2026-10-01T10:10:21Z,2,256,INDIFFERENT,False
w_KU2ZLhlYA,Statesboro Blues (Session Outtake Remix),The Allman Brothers Band,Idlewild South (Deluxe Edition Remastered),4:11,251,2026-09-20T08:37:04Z,2026-10-02T09:48:13Z,5,251,INDIFFERENT,False
KPBWZ-y0nqg,Datura,Gorovich,Datura,8:04,484,2026-09-20T08:37:04Z,2026-09-20T08:37:04Z,1,106,INDIFFERENT,False
kwQXPmxj-Uk,Scrambled Sequence,Modus,The Future Is Behind Us,8:27,507,2026-09-20T08:37:04Z,2026-09-20T08:37:04Z,1,107,INDIFFERENT,False
SSvqjLNnWzI,Iron Velvet,"Rising Dust & Shayman, Shayman",Arba,6:45,405,2026-09-20T08:37:04Z,2026-09-20T08:37:04Z,1,110,INDIFFERENT,False
prUtnHY8Ar8,Technotricks,OXIV,Technotricks,8:29,509,2026-09-20T08:37:04Z,2026-09-20T08:37:04Z,1,123,INDIFFERENT,False
-k-XMX74Cg4,Neurochemistry,"Ace Ventura & Liquid Soul, Liquid Soul",Grotesque Winter Edition,8:00,480,2026-09-20T08:37:04Z,2026-09-20T08:37:04Z,1,207,INDIFFERENT,False
XXCEcrTYmOQ,Bound Too Long,The Crystal Method,Legion of Boom,6:24,384,2026-09-20T08:37:04Z,2026-09-20T08:37:04Z,1,256,INDIFFERENT,False
PeDCA1P1ws8,Dollar Bill,Jack White,Dollar Bill,2:43,163,2026-09-20T08:37:04Z,2026-09-20T08:37:04Z,1,271,INDIFFERENT,False
dLLjKOdhTaI,So Cold,Breaking Benjamin,Shallow Bay: The Best Of Breaking Benjamin (Clean),4:34,274,2026-09-20T08:37:04Z,2026-10-01T10:10:21Z,2,391,INDIFFERENT,False
1o6Cf-o-LYs,Union Sundown,Bob Dylan,Infidels,5:23,323,2026-09-20T08:37:04Z,2026-09-30T09:44:01Z,5,156,INDIFFERENT,False
1ysSCtUqVSI,David Watts,The Kinks,Something Else,2:30,150,2026-09-20T08:37:04Z,2026-10-01T10:10:21Z,5,174,INDIFFERENT,False
YGV88CaCebU,Nova,"Ace Ventura, Protonica",Nova,8:09,489,2026-09-20T08:37:04Z,2026-09-20T08:37:04Z,1,388,INDIFFERENT,False
L5O0rPsfFmM,Let's Work Together,Canned Heat,The Best Of Canned Heat,2:50,170,2026-09-20T08:37:04Z,2026-10-04T09:50:15Z,7,305,INDIFFERENT,False
ORQu34pFzoE,Magneto,Dekel,Magneto,7:40,460,2026-09-20T08:37:04Z,2026-09-20T08:37:04Z,1,409,INDIFFERENT,False
VprJwT4JDWo,Saved,Bob Dylan,Saved,4:03,243,2026-09-20T08:37:04Z,2026-09-29T09:51:34Z,2,346,INDIFFERENT,False
BOtAuwwB7ow,The Dream,Thee Oh Sees,Carrion Crawler / The Dream,6:53,413,2026-09-20T08:37:04Z,2026-09-27T09:17:15Z,5,440,INDIFFERENT,False
kiw_VxQ2oXo,Du hast,Rammstein,Sehnsucht,3:55,235,2026-09-20T08:37:04Z,2026-09-20T08:37:04Z,1,457,INDIFFERENT,False
wPBinohXHLc,The Spirit Of Radio,Rush,Permanent Waves,4:57,297,2026-09-20T08:37:04Z,2026-09-20T08:37:04Z,1,464,INDIFFERENT,False
C6uqTWHzHvo,Like a Stone,Audioslave,Audioslave,4:54,294,2026-09-20T08:37:04Z,2026-10-01T10:10:21Z,5,171,INDIFFERENT,False
bX9RMdcFQAw,Jump,Van Halen,1984,4:02,242,2026-09-20T08:37:04Z,2026-10-02T09:48:13Z,2,334,INDIFFERENT,False
zP_vVYO8bgU,The Power of Now (Dekel Remix),Captain Hook,The Power of Now Remixes 2018,8:50,530,2026-09-20T08:37:04Z,2026-09-29T09:51:34Z,5,408,INDIFFERENT,False
J2z8s09VVcE,Glow (feat. Darla Jade),"Ferry Corsten, Tom Staar",Glow,3:58,238,2026-09-19T08:04:47Z,2026-09-19T08:04:47Z,1,5,INDIFFERENT,False
L38Yii9UCFQ,Enjoy The Ride,Infected Mushroom,IM30,6:55,415,2026-09-19T08:04:47Z,2026-10-04T09:50:15Z,14,472,INDIFFERENT,False
ASL04LfozZU,Another World,"HAYLA, MEDUZA",Another World,2:24,144,2026-09-19T08:04:47Z,2026-09-19T08:04:47Z,1,44,INDIFFERENT,False
0ndJe3SVnQE,Lay Low,Tiësto,DRIVE,2:34,154,2026-09-19T08:04:47Z,2026-09-19T08:04:47Z,1,59,INDIFFERENT,False
igUu1VQYmPo,Mercury And Solace,BT,Movement In Still Life,7:43,463,2026-09-19T08:04:47Z,2026-09-19T08:04:47Z,1,68,INDIFFERENT,False
akYZR1q398U,Free Diving,DEKEL & Satcha,Ancient Future,7:57,477,2026-09-19T08:04:47Z,2026-09-20T08:37:04Z,2,111,INDIFFERENT,False
C5Z1X67pTZI,Dust,Freedom Fighters & Outsiders,Lost & Found,6:09,369,2026-09-19T08:04:47Z,2026-09-26T08:37:40Z,4,113,INDIFFERENT,False
hihUEfm0FsY,Fake Guru,Mad Tribe,Fake Guru,8:00,480,2026-09-19T08:04:47Z,2026-09-25T08:51:12Z,3,245,INDIFFERENT,False
1AbUb1i9HNM,"Wormhole (feat. Kromagon, Ryanosaurus & Tijah)",Pspiralife,Play With Me,7:36,456,2026-09-19T08:04:47Z,2026-09-26T08:37:40Z,3,201,INDIFFERENT,False
9Zbxni_t6sA,Eden,"Oforia, Out of Orbit",Eden,7:16,436,2026-09-19T08:04:47Z,2026-09-20T08:37:04Z,2,104,INDIFFERENT,False
4PkSruWFA2U,Inside,Gorovich,Creative Acts,7:03,423,2026-09-19T08:04:47Z,2026-09-24T08:29:18Z,3,145,INDIFFERENT,False
Pfw4Qlz4UTA,Psy Spy,Empirikal,Psy Spy EP,9:37,577,2026-09-19T08:04:47Z,2026-09-19T08:04:47Z,1,168,INDIFFERENT,False
PJ64UqivSWo,My Uzi Weighs A Ton,Captain Hook & Atmos,Psy-Fi Book of Changes Compiled by Astrix,8:24,504,2026-09-19T08:04:47Z,2026-09-19T08:04:47Z,1,190,INDIFFERENT,False
CnJPIxFeKb0,Everlight,"Mathame, Tiësto",Everlight,2:48,168,2026-09-19T08:04:47Z,2026-09-19T08:04:47Z,1,196,INDIFFERENT,False
ifJxwoDmQqY,Too Long / Steam Machine,Daft Punk,Alive 2007,7:02,422,2026-09-19T08:04:47Z,2026-09-30T09:44:01Z,5,402,INDIFFERENT,False
TUW41AxaX0g,Floyd,Dekel,Sol,10:00,600,2026-09-19T08:04:47Z,2026-09-19T08:04:47Z,1,207,INDIFFERENT,False
xq8ZBu_SYI0,Release Me REBORN,Infected Mushroom,Release Me REBORN,6:36,396,2026-09-19T08:04:47Z,2026-10-04T09:50:15Z,11,484,INDIFFERENT,False
Sj0IIpsxurM,Wait So Long (Why Do I Have To),Swedish House Mafia,Wait So Long (Why Do I Have To),3:20,200,2026-09-19T08:04:47Z,2026-09-19T08:04:47Z,1,243,INDIFFERENT,False
HVa7V0UBoGc,Secrets of the Universe,"Mind Spin, Ranji",Secrets of the Universe,8:11,491,2026-09-19T08:04:47Z,2026-09-19T08:04:47Z,1,244,INDIFFERENT,False
Zioovfq9EIY,Psychedelic Doctor,"Javier Bussola, Stryker",Psychedelic Doctor,7:35,455,2026-09-19T08:04:47Z,2026-09-25T08:51:12Z,2,128,INDIFFERENT,False
YVFmVdgeivo,Blessings (Extended Mix) (feat. Clementine Douglas),Calvin Harris,Blessings (Extended Mix),5:31,331,2026-09-19T08:04:47Z,2026-09-19T08:04:47Z,1,329,INDIFFERENT,False
cANwZtj4zIQ,Be My Lover (2023 Mix - Extended Mix) (feat. La Bouche),"David Guetta, Hypaton",Be My Lover (2023 Mix - Extended Mix),3:59,239,2026-09-19T08:04:47Z,2026-09-19T08:04:47Z,1,341,INDIFFERENT,False
J6687fRHxO4,Where You Are,"HAYLA, John Summit",Comfort In Chaos,3:57,237,2026-09-19T08:04:47Z,2026-09-19T08:04:47Z,1,375,INDIFFERENT,False
N-_mHedypEU,Supermassive Black Hole,Muse,Black Holes and Revelations,3:33,213,2026-09-19T08:04:47Z,2026-09-30T09:44:01Z,2,142,INDIFFERENT,False
IMdz_M0Ux5s,Bear Line,Dekel,Sol,9:38,578,2026-09-19T08:04:47Z,2026-10-04T09:50:15Z,3,39,INDIFFERENT,False
zPtcugPPXQU,DARE (Soulwax Remix),Gorillaz,DARE,5:49,349,2026-09-19T08:04:47Z,2026-09-19T08:04:47Z,1,414,INDIFFERENT,False
WzUxV1QZosQ,Follow Me,Ritmo,Phrase - A,8:55,535,2026-09-19T08:04:47Z,2026-09-19T08:04:47Z,1,418,INDIFFERENT,False
DxWk6_l2NVg,Thank You (Not So Bad),"Dido, Dimitri Vegas & Like Mike, Tiësto, W&W",Thank You (Not So Bad),2:20,140,2026-09-19T08:04:47Z,2026-09-19T08:04:47Z,1,421,INDIFFERENT,False
_Pdb6lYPOFs,"It Takes a Lot to Laugh, It Takes a Train to Cry",Timothée Chalamet,A Complete Unknown (Original Motion Picture Soundtrack),2:21,141,2026-09-18T08:16:45Z,2026-10-04T09:50:15Z,16,110,INDIFFERENT,False
TjWBm-rCWWY,Devotion,Liquid Soul,Devotion,7:46,466,2026-09-18T08:16:45Z,2026-09-18T08:16:45Z,1,12,INDIFFERENT,False
RAut3N1uZuI,Black Sheep (Brie Larson Vocal Version) (feat. Brie Larson),Metric,Black Sheep (Brie Larson Vocal Version),4:55,295,2026-09-18T08:16:45Z,2026-09-18T08:16:45Z,1,24,INDIFFERENT,False
f5MJXvxc6mM,None Of This Is Real,Infected Mushroom,Classical Mushroom,6:23,383,2026-09-18T08:16:45Z,2026-10-01T10:10:21Z,11,322,INDIFFERENT,False
SxovibU0kEE,Typhoons,Royal Blood,Typhoons,3:57,237,2026-09-18T08:16:45Z,2026-09-18T08:16:45Z,1,48,INDIFFERENT,False
wYx18ngL_Ss,Applause,Lady Gaga,Applause,3:33,213,2026-09-18T08:16:45Z,2026-09-18T08:16:45Z,1,53,INDIFFERENT,False
eIxfeCb8-vk,Sweet Talk,Saint Motel,saintmotelevision,3:13,193,2026-09-18T08:16:45Z,2026-09-18T08:16:45Z,1,64,INDIFFERENT,False
HCPDaYn84Gc,Na Le (Phaxe Remix),Omiki,Na Le (Phaxe Remix),6:59,419,2026-09-18T08:16:45Z,2026-10-01T10:10:21Z,4,288,INDIFFERENT,False
NK7uy__8Tog,Box Full of Letters,Wilco,A.M.,3:06,186,2026-09-18T08:16:45Z,2026-09-18T08:16:45Z,1,83,INDIFFERENT,False
616VCMzBH-A,Political World,Bob Dylan,Oh Mercy,3:49,229,2026-09-18T08:16:45Z,2026-10-01T10:10:21Z,12,209,INDIFFERENT,False
EbSlCrleDgE,Pain,Jimmy Eat World,Futures,3:02,182,2026-09-18T08:16:45Z,2026-09-18T08:16:45Z,1,90,INDIFFERENT,False
wVwQYSVNJVM,Becoming Insane,Infected Mushroom,Vicious Delicious,7:21,441,2026-09-18T08:16:45Z,2026-10-03T09:10:54Z,4,491,INDIFFERENT,False
gXjAVqLhXuo,Highway 61 Revisited,Bob Dylan,Highway 61 Revisited,3:26,206,2026-09-18T08:16:45Z,2026-10-04T09:50:15Z,12,33,INDIFFERENT,False
JNKb_YD2aZA,People Hatin',The Red Clay Strays,People Hatin',4:09,249,2026-09-18T08:16:45Z,2026-09-29T09:51:34Z,12,217,INDIFFERENT,False
wOsgj4rG0d4,Shamanic Tea (Ajja Remix),Tripswitch,Oddular,6:38,398,2026-09-18T08:16:45Z,2026-10-03T09:10:54Z,5,94,INDIFFERENT,False
C3tISlBIX6k,Boogie Woogie,One Rusty Band,Voodoo Queen,4:19,259,2026-09-18T08:16:45Z,2026-09-29T09:51:34Z,12,167,INDIFFERENT,False
GsNsdb-PGUA,Cosmic Field,Vandeta,Cosmic Field,5:45,345,2026-09-18T08:16:45Z,2026-09-18T08:16:45Z,1,189,INDIFFERENT,False
TCVkGmOvE_Q,We Are Between,Modest Mouse,The Golden Casket,3:53,233,2026-09-18T08:16:45Z,2026-10-04T09:50:15Z,4,398,INDIFFERENT,False
VNMfZ2A41BA,So Many Times,Metronome,So Many Times,6:10,370,2026-09-18T08:16:45Z,2026-09-30T09:44:01Z,3,399,INDIFFERENT,False
8CXsCJoSm_o,Jackie and Wilson,Hozier,Hozier (Expanded Edition),3:44,224,2026-09-18T08:16:45Z,2026-09-18T08:16:45Z,1,249,INDIFFERENT,False
32Rz7RLKUWA,"Maggie's Farm (Live at Newport Folk Festival, Newport, RI - July 1965)",Bob Dylan,No Direction Home: Bootleg Volume 7 (Movie Soundtrack),5:04,304,2026-09-18T08:16:45Z,2026-10-04T09:50:15Z,16,120,INDIFFERENT,False
pkV5Lh2dZ_A,Tongue Tied,GROUPLOVE,Never Trust a Happy Song,3:39,219,2026-09-18T08:16:45Z,2026-09-18T08:16:45Z,1,264,INDIFFERENT,False
Rh5mz4fqCb8,Waste A Moment,Kings Of Leon,WALLS,3:04,184,2026-09-18T08:16:45Z,2026-09-18T08:16:45Z,1,268,INDIFFERENT,False
s2gtQJiM5Zg,When You Were Young,The Killers,Sam's Town,3:41,221,2026-09-18T08:16:45Z,2026-09-18T08:16:45Z,1,273,INDIFFERENT,False
LibjUBlLX6o,Rollercoaster,Bleachers,Rollercoaster,3:09,189,2026-09-18T08:16:45Z,2026-09-18T08:16:45Z,1,283,INDIFFERENT,False
lftR8Otbmig,Sun is coming,Roots&Ragas,Sun is coming,7:54,474,2026-09-18T08:16:45Z,2026-10-03T09:10:54Z,5,95,INDIFFERENT,False
ilYjFej28YU,Blame Brett,The Beaches,Blame My Ex,2:58,178,2026-09-18T08:16:45Z,2026-09-26T08:37:40Z,3,45,INDIFFERENT,False
vFvVCVM6fZ4,Pedestrian at Best,Courtney Barnett,"Sometimes I Sit and Think, and Sometimes I Just Sit",3:51,231,2026-09-18T08:16:45Z,2026-09-18T08:16:45Z,1,293,INDIFFERENT,False
eDrZ1KphAiM,My LSD Song,Bliss,My LSD Song,7:33,453,2026-09-18T08:16:45Z,2026-09-18T08:16:45Z,1,334,INDIFFERENT,False
9ZtIFqAjZQw,So Put Out,Nathaniel Rateliff & The Night Sweats,The Future,3:02,182,2026-09-18T08:16:45Z,2026-09-29T09:51:34Z,12,103,INDIFFERENT,False
9dxdjurxcvw,"A Hard Rain's A-Gonna Fall (Live at Montreal Forum, Montreal, Quebec - December 1975)",Bob Dylan,"The Bootleg Series, Vol. 5 - Bob Dylan Live 1975: The Rolling Thunder Revue",5:17,317,2026-09-18T08:16:45Z,2026-10-04T09:50:15Z,5,206,INDIFFERENT,False
cFrODc9IgdM,Kid,The Revivalists,Kid,3:29,209,2026-09-18T08:16:45Z,2026-09-29T09:51:34Z,9,438,INDIFFERENT,False
oz_YNxaaVsM,Are You Gonna Be My Girl,Jet,Are You Gonna Be My Girl,3:34,214,2026-09-18T08:16:45Z,2026-09-28T09:49:05Z,2,383,INDIFFERENT,False
OCLgRVRLZXo,Geronimo,Sheppard,Bombs Away,3:39,219,2026-09-18T08:16:45Z,2026-09-18T08:16:45Z,1,371,INDIFFERENT,False
CE7oO6elCmw,Foggy Notion,The Velvet Underground,The Velvet Underground (45th Anniversary / Super Deluxe),6:59,419,2026-09-18T08:16:45Z,2026-10-04T09:50:15Z,7,299,INDIFFERENT,False
sKaMlLT3tro,The Great Divide,Noah Kahan,The Great Divide,5:18,318,2026-09-18T08:16:45Z,2026-09-18T08:16:45Z,1,373,INDIFFERENT,False
3EH7QMVnSRI,Communication Breakdown (Remaster),Led Zeppelin,Led Zeppelin (Remaster),2:31,151,2026-09-18T08:16:45Z,2026-10-03T09:10:54Z,2,131,INDIFFERENT,False
qumO-vBey2Q,Hungry Like the Wolf,Duran Duran,Hungry Like the Wolf,3:30,210,2026-09-18T08:16:45Z,2026-09-18T08:16:45Z,1,382,INDIFFERENT,False
1UojmwABQU0,LSDance,"Essence (Br), Sonic Massala",LSDance,8:00,480,2026-09-18T08:16:45Z,2026-09-18T08:16:45Z,1,385,INDIFFERENT,False
vfazlNVy8NI,No More Happy Endings,Infected Mushroom,IM30,6:09,369,2026-09-18T08:16:45Z,2026-10-03T09:10:54Z,3,470,INDIFFERENT,False
V6Qj61ieiYo,Quicksand (Don’t Go) [ABGT622] (Mixed),"Above & Beyond, Zoë Johnston",Group Therapy 622 (DJ Mix),4:19,259,2026-09-18T08:16:45Z,2026-09-18T08:16:45Z,1,403,INDIFFERENT,False
AUAxlOfw2O0,All These Things That I've Done,The Killers,Hot Fuss,5:02,302,2026-09-18T08:16:45Z,2026-10-01T10:10:21Z,3,83,INDIFFERENT,False
EuDwZX5KzBc,The Groom's Still Waiting at the Altar,Bob Dylan,Shot Of Love,4:03,243,2026-09-18T08:16:45Z,2026-09-23T08:36:35Z,3,375,INDIFFERENT,False
C3Tib3DOj8Y,Maggie's Farm,Timothée Chalamet,A Complete Unknown (Original Motion Picture Soundtrack),3:08,188,2026-09-18T08:16:45Z,2026-10-04T09:50:15Z,17,18,INDIFFERENT,False
Jk5vaSoFLJ0,All That I'm Craving,Aidan Bissett,I'm Alright If You're Ok,3:13,193,2026-09-18T08:16:45Z,2026-09-29T09:51:34Z,9,287,INDIFFERENT,False
Sqnw_kPh9-8,False Dichotomy,Metric,Formentera,3:40,220,2026-09-18T08:16:45Z,2026-09-22T08:34:19Z,2,194,INDIFFERENT,False
rS3Q_0s2jfo,The Woodpile,Frightened Rabbit,The Woodpile,3:28,208,2026-09-18T08:16:45Z,2026-09-18T08:16:45Z,1,450,INDIFFERENT,False
AWT-s1Deh4k,North American Scum,LCD Soundsystem,North American Scum,5:29,329,2026-09-18T08:16:45Z,2026-09-27T09:17:15Z,2,439,INDIFFERENT,False
84J_XmGkX48,Papercut,Linkin Park,Hybrid Theory (Bonus Edition),3:05,185,2026-09-18T08:16:45Z,2026-09-21T08:58:47Z,2,384,INDIFFERENT,False
veAAyfPpA3U,This Town (Extended Club Mix),"Giuseppe de Luca, ilan Bluestone",This Town (Club Mix),6:27,387,2026-09-18T08:16:45Z,2026-10-04T09:50:15Z,5,403,INDIFFERENT,False
f_K_0SNaRk0,We Are Young (feat. Janelle Monáe),fun.,Some Nights,4:11,251,2026-09-18T08:16:45Z,2026-10-02T09:48:13Z,3,156,INDIFFERENT,False
J_bQMsqUoD4,Rock & Roll (Full Length Version; 2015 Remaster),The Velvet Underground,Loaded,4:43,283,2026-09-18T08:16:45Z,2026-10-01T10:10:21Z,12,352,INDIFFERENT,False
HJMLLKgknvk,Learn to Fly,Foo Fighters,There Is Nothing Left To Lose,3:56,236,2026-09-18T08:16:45Z,2026-09-18T08:16:45Z,1,475,INDIFFERENT,False
1VPotzhpAGE,Misery Business,Paramore,Riot!,3:32,212,2026-09-18T08:16:45Z,2026-09-18T08:16:45Z,1,476,INDIFFERENT,False
b7diuCvuM5o,Go To Her,Jefferson Airplane,Surrealistic Pillow,4:02,242,2026-09-18T08:16:45Z,2026-10-04T09:50:15Z,17,97,INDIFFERENT,False
38DzgoMQGeg,Ready To Let Go,Cage The Elephant,Social Cues,3:08,188,2026-09-18T08:16:45Z,2026-09-18T08:16:45Z,1,484,INDIFFERENT,False
TQH2E8BdTvI,Modern Girl,Bleachers,Modern Girl,3:44,224,2026-09-18T08:16:45Z,2026-09-29T09:51:34Z,10,301,INDIFFERENT,False
eQz5bxrq0WY,Off The Ground,The Record Company,Give It Back To You,4:14,254,2026-09-18T08:16:45Z,2026-09-29T09:51:34Z,12,68,INDIFFERENT,False
jT7WU1KjW3Q,Almost Crimes (Radio Kills Remix),Broken Social Scene,You Forgot It In People,4:23,263,2026-09-18T08:16:45Z,2026-09-18T08:16:45Z,1,497,INDIFFERENT,False
l3kg5lTswA0,Highway Tune,Greta Van Fleet,From The Fires,3:01,181,2026-09-18T08:16:45Z,2026-10-02T09:48:13Z,4,87,INDIFFERENT,False
gBcdOFehNCg,Paperback Writer (2022 Stereo Mix),The Beatles,Revolver (Deluxe),2:19,139,2026-09-17T08:41:05Z,2026-10-04T09:50:15Z,3,8,INDIFFERENT,False
g6BTBYLxq4Q,Gabrielle,Ween,"Shinola, Vol. 1",3:30,210,2026-09-17T08:41:05Z,2026-10-04T09:50:15Z,9,202,INDIFFERENT,False
N2mSUVCCyZc,Too Many Losers (feat. Bob Weir),Bobby & The Midnites,Bobby & The Midnites,3:49,229,2026-09-17T08:41:05Z,2026-09-18T08:16:45Z,2,486,INDIFFERENT,False
JTzFh1dCoGg,25 or 6 to 4 (2002 Remaster),Chicago,Chicago II,4:50,290,2026-09-17T08:41:05Z,2026-10-02T09:48:13Z,3,93,INDIFFERENT,False
edOXpZlNdsk,Fox On The Run,Sweet,Desolation Boulevard,3:28,208,2026-09-17T08:41:05Z,2026-10-04T09:50:15Z,5,165,INDIFFERENT,False
n6fBQRaygeo,Misty Mountain Hop (Remaster),Led Zeppelin,Led Zeppelin IV (Deluxe Edition),4:39,279,2026-09-17T08:41:05Z,2026-09-20T08:37:04Z,2,463,INDIFFERENT,False
0cPXwc-5Kw8,Jumpin' Jack Flash ((Original Single Mono Version)),The Rolling Stones,Singles 1968-1971,3:38,218,2026-09-17T08:41:05Z,2026-10-04T09:50:15Z,5,74,INDIFFERENT,False
R1j67_UrRR0,OVERWERK - 12:30,Tasty,,5:14,314,2026-09-17T08:41:05Z,2026-09-17T08:41:05Z,1,124,INDIFFERENT,False
2G9_5ZQYXVY,Starlight,Muse,Black Holes and Revelations,4:04,244,2026-09-17T08:41:05Z,2026-09-18T08:16:45Z,2,361,INDIFFERENT,False
N0g1sIIxCTc,Tame Impala - Dracula (OMNOM Remix),OMNOM,,3:14,194,2026-09-17T08:41:05Z,2026-09-17T08:41:05Z,1,159,INDIFFERENT,False
WRKOxZCJuPI,Don't Stop Me Now,Queen,Jazz,3:30,210,2026-09-17T08:41:05Z,2026-09-17T08:41:05Z,1,189,INDIFFERENT,False
YjepIgJu4rM,Need (alt),OVERWERK,Altered State,5:14,314,2026-09-17T08:41:05Z,2026-09-17T08:41:05Z,1,203,INDIFFERENT,False
sJMMj89IxFw,Albibeno,Infected Mushroom,Converting Vegetarians,7:02,422,2026-09-17T08:41:05Z,2026-10-04T09:50:15Z,6,481,INDIFFERENT,False
eUpb-ALfUzc,(I Can't Get No) Satisfaction (Mono),The Rolling Stones,Out Of Our Heads,3:43,223,2026-09-17T08:41:05Z,2026-09-28T09:49:05Z,2,430,INDIFFERENT,False
92VaDXVzIRM,Muse Breaks RMX,Infected Mushroom,IM The Supervisor,7:10,430,2026-09-17T08:41:05Z,2026-09-17T08:41:05Z,1,359,INDIFFERENT,False
jDk9ySTpwAA,Chem-Farmer,Thee Oh Sees,Carrion Crawler / The Dream,4:08,248,2026-09-17T08:41:05Z,2026-10-04T09:50:15Z,4,231,INDIFFERENT,False
gS86jipcKzw,Basket Case,Green Day,Dookie,3:02,182,2026-09-17T08:41:05Z,2026-10-04T09:50:15Z,2,266,INDIFFERENT,False
83kf4Dqu1ls,Clone High Theme,Abandoned Pools,Clone High (Official Soundtrack),1:03,63,2026-09-16T08:37:24Z,2026-09-16T08:37:24Z,1,2,INDIFFERENT,False
AuGfAJ_6BRw,Harvest,Mergence,Harvest • Wintertime,2:03,123,2026-09-16T08:37:24Z,2026-10-01T10:10:21Z,6,116,INDIFFERENT,False
Aoc2hHVgbcU,Hey Boy Hey Girl,The Chemical Brothers,Surrender,4:51,291,2026-09-16T08:37:24Z,2026-09-16T08:37:24Z,1,15,INDIFFERENT,False
d4lbEzIBq3k,Melchior’s Dance,Weval,Straf (Soundtrack),4:15,255,2026-09-16T08:37:24Z,2026-09-27T09:17:15Z,4,370,INDIFFERENT,False
GEVYyIMDxYo,Finger Back,Vampire Weekend,Modern Vampires of the City,3:26,206,2026-09-16T08:37:24Z,2026-09-30T09:44:01Z,8,374,INDIFFERENT,False
IR9MKhEwn48,Mule Skinner Blues (Blue Yodel No. 8),Dolly Parton,The Essential Dolly Parton,3:09,189,2026-09-16T08:37:24Z,2026-09-16T08:37:24Z,1,66,INDIFFERENT,False
_RjfRICu8UI,The Outsider,A Perfect Circle,Thirteenth Step,4:06,246,2026-09-16T08:37:24Z,2026-09-16T08:37:24Z,1,77,INDIFFERENT,False
IxsUGOQm6qQ,Third Uncle (Remastered 2004),Brian Eno,Taking Tiger Mountain (By Strategy) (2004 Remaster),4:48,288,2026-09-16T08:37:24Z,2026-09-16T08:37:24Z,1,89,INDIFFERENT,False
ysY_uTor_0c,Symphonatic (Infected Mushroom & Astrix Remix),Infected Mushroom,More than Just a Name,8:27,507,2026-09-16T08:37:24Z,2026-09-18T08:16:45Z,2,306,INDIFFERENT,False
uoqN-VUaAk8,Valley of Stevie,Astrix & Ace Ventura,Astrix - He.art,8:42,522,2026-09-16T08:37:24Z,2026-09-16T08:37:24Z,1,147,INDIFFERENT,False
Ne_EWSEBgzs,Breakfast,Jijah,Recollection,7:41,461,2026-09-16T08:37:24Z,2026-09-24T08:29:18Z,2,331,INDIFFERENT,False
fid78ktHTi8,Dancing With Myself (EP Version),"Billy Idol, Generation X",Don't Stop EP,4:55,295,2026-09-16T08:37:24Z,2026-10-04T09:50:15Z,4,241,INDIFFERENT,False
RBC8zsADapQ,I Did It (Live),Nathaniel Rateliff & The Night Sweats,Live At Red Rocks,2:38,158,2026-09-16T08:37:24Z,2026-09-27T09:17:15Z,6,204,INDIFFERENT,False
X-Y2BL_g3lY,E-Pro (CapeLion V2 Remix),Beck,E-Pro (CapeLion Remix V2),2:05,125,2026-09-16T08:37:24Z,2026-10-04T09:50:15Z,6,53,INDIFFERENT,False
XefyYEa1APQ,Vitamin R (Leading Us Along),Chevelle,This Type Of Thinking (Could Do Us In),3:44,224,2026-09-16T08:37:24Z,2026-09-16T08:37:24Z,1,369,INDIFFERENT,False
vGtaDvhSxaI,Deutschland,Rammstein,Rammstein,5:23,323,2026-09-16T08:37:24Z,2026-09-16T08:37:24Z,1,380,INDIFFERENT,False
NvI5B_6umN8,Original Prankster (feat. Redman),The Offspring,Conspiracy Of One,3:41,221,2026-09-16T08:37:24Z,2026-10-02T09:48:13Z,3,259,INDIFFERENT,False
WPzYLv3wb0s,This Moment,"Kelli-Leigh, Wilkinson",This Moment,3:38,218,2026-09-16T08:37:24Z,2026-09-16T08:37:24Z,1,394,INDIFFERENT,False
DHRIzOYFsOM,Soma (Veda Mix),Entheogenic,Soma (Veda Mix),11:23,683,2026-09-16T08:37:24Z,2026-10-04T09:50:15Z,8,290,INDIFFERENT,False
Cty3jkKCD7I,The Legend of the Black Shawarma,Infected Mushroom,Legend of the Black Shawarma,7:12,432,2026-09-16T08:37:24Z,2026-09-16T08:37:24Z,1,405,INDIFFERENT,False
mcQUF8_Xcys,Say The Word (feat. Clementine Douglas),Chase & Status,Say The Word,3:58,238,2026-09-16T08:37:24Z,2026-09-16T08:37:24Z,1,411,INDIFFERENT,False
GId2LOR72rU,LA Beast,"Bliss, Infected Mushroom",LA Beast,8:17,497,2026-09-16T08:37:24Z,2026-10-04T09:50:15Z,4,478,INDIFFERENT,False
xajo95rvfAs,Gated,Marsh,Another Planet EP,4:13,253,2026-09-16T05:17:39Z,2026-09-16T08:37:24Z,2,142,INDIFFERENT,False
nEbbPM_Xl14,Blade,"Bounce Inc., DJ Kuba, Neitan",Blade,3:10,190,2026-09-16T05:17:39Z,2026-09-19T08:04:47Z,3,300,INDIFFERENT,False
XiG5suyBxzs,LSD (Live Mix),Hallucinogen,The Singles (Remastered 2024),9:10,550,2026-09-16T05:17:39Z,2026-09-20T08:37:04Z,3,2,INDIFFERENT,False
nM10Ar6A02Y,Arrival (Extended Mix),KREAM,Arrival (Extended Mix),4:25,265,2026-09-16T05:17:39Z,2026-09-16T08:37:24Z,2,53,INDIFFERENT,False
AgHHMqVKukw,Oracle,Prophecy,Oracle,3:16,196,2026-09-16T05:17:39Z,2026-10-02T09:48:13Z,3,31,INDIFFERENT,False
rijxNPxpxIQ,Cola (ARTBAT Extended Remix),"CamelPhat, Elderbrook",Cola (ARTBAT Remix),5:06,306,2026-09-16T05:17:39Z,2026-09-16T05:17:39Z,1,24,INDIFFERENT,False
-k8gZml-hYY,Nightshapes (feat. Tyoz),"Korolova, MotherEarth",Nightshapes,3:26,206,2026-09-16T05:17:39Z,2026-09-16T08:37:24Z,2,294,INDIFFERENT,False
IQZqh-OkjGc,Dark & Long (Dark Train / Remastered 2014),Underworld,Dubnobasswithmyheadman (Super Deluxe / 20th Anniversary Remaster),9:55,595,2026-09-16T05:17:39Z,2026-09-16T08:37:24Z,2,280,INDIFFERENT,False
VeGBIjyA40M,Tell Me Why (MEDUZA Remix),Supermode & MEDUZA,Tell Me Why (MEDUZA Remix),2:52,172,2026-09-16T05:17:39Z,2026-10-02T09:48:13Z,4,16,INDIFFERENT,False
dQGjazSjALk,Dancing Thing,VisionV,Dancing Thing,3:05,185,2026-09-16T05:17:39Z,2026-10-02T09:48:13Z,3,17,INDIFFERENT,False
TRkd3IkYt6c,Balance,"NORTH, Wilkinson",Balance,3:14,194,2026-09-16T05:17:39Z,2026-10-02T09:48:13Z,3,5,INDIFFERENT,False
gSey2Nvy8qU,Gravity,Metrik,Ex Machina,4:31,271,2026-09-16T05:17:39Z,2026-09-16T08:37:24Z,2,93,INDIFFERENT,False
7t5gyG_FU1c,James L. Venable - Jack In The Rave (Extended Cut),KarlBaath,,8:00,480,2026-09-16T05:17:39Z,2026-09-17T08:41:05Z,2,187,INDIFFERENT,False
dpqf9MQj3GM,Every Night,"Deomid, Max Styler",Every Night,3:55,235,2026-09-16T05:17:39Z,2026-09-16T05:17:39Z,1,73,INDIFFERENT,False
ckiLrx82zJY,The Mirage,Agents Of Time,The Mirage EP,6:12,372,2026-09-16T05:17:39Z,2026-09-16T08:37:24Z,2,37,INDIFFERENT,False
b4OVDr9SrSM,Dr. Rock,Ween,The Pod,3:11,191,2026-09-16T05:17:39Z,2026-09-17T08:41:05Z,2,362,INDIFFERENT,False
cBzYlAtNudU,City Cook (Shiny Mob Remix) (Mixed),Caravan Palace,Dusty House Mix,2:11,131,2026-09-16T05:17:39Z,2026-09-17T08:41:05Z,2,209,INDIFFERENT,False
CuiYeISYlNo,After All,"GOLD, 苦ferry",After All,2:23,143,2026-09-16T05:17:39Z,2026-09-16T05:17:39Z,1,97,INDIFFERENT,False
RI3_3YwHszU,"Never Gonna Stop (The Red, Red Kroovy)",Rob Zombie,The Sinister Urge,3:10,190,2026-09-16T05:17:39Z,2026-09-16T08:37:24Z,2,425,INDIFFERENT,False
bNMxMtiv3aY,Mush Mushi,Infected Mushroom,Classical Mushroom,7:48,468,2026-09-16T05:17:39Z,2026-09-28T09:49:05Z,9,318,INDIFFERENT,False
NQT3dyE4qPc,Beside Of Me,"Maverick Sabre, nimino",Beside Of Me,3:28,208,2026-09-16T05:17:39Z,2026-09-30T09:44:01Z,6,101,INDIFFERENT,False
YQZuXCkBvuQ,Rainfall (Praise You),Tom Santa,Rainfall (Praise You),2:47,167,2026-09-16T05:17:39Z,2026-09-30T09:44:01Z,6,79,INDIFFERENT,False
wfnT3N5d60Y,Yes! (Radio Edit),Steve Levi,Yes!,3:51,231,2026-09-16T05:17:39Z,2026-09-16T08:37:24Z,2,150,INDIFFERENT,False
WPm66jw6BcU,Hymn,Marsh,Endless,4:28,268,2026-09-16T05:17:39Z,2026-09-16T08:37:24Z,2,28,INDIFFERENT,False
WZyiHdp1YBw,Shining (feat. Ekko),Korolova,Shining,3:40,220,2026-09-16T05:17:39Z,2026-10-02T09:48:13Z,5,7,INDIFFERENT,False
N40iQhWx3vI,Come With Me,Will Sparks,Come With Me,3:51,231,2026-09-16T05:17:39Z,2026-09-16T08:37:24Z,2,190,INDIFFERENT,False
kbM3-OK2mCA,Atmosphere,"Anyma, Chris Avantgarde",The End Of Genesys,3:44,224,2026-09-16T05:17:39Z,2026-09-19T08:04:47Z,3,238,INDIFFERENT,False
zkJe9xbUuf4,Breathe In (Short Mix),"ARTBAT, Another Life, CAY (DE)",Breathe In (Short Mix),4:08,248,2026-09-16T05:17:39Z,2026-10-02T09:48:13Z,3,29,INDIFFERENT,False
RRg9aXhZawk,Awake the Snake (Volcano on Mars Remix),"Astrix, Tristan",Awake the Snake,8:20,500,2026-09-16T05:17:39Z,2026-09-16T08:37:24Z,2,443,INDIFFERENT,False
WSM7vM8-pUw,Global lllumination,Liquid Soul,"Masters Of Psytrance, Vol. 10",7:32,452,2026-09-16T05:17:39Z,2026-09-28T09:49:05Z,8,406,INDIFFERENT,False
BCQ36YgzYdI,Super Taranta!,Gogol Bordello,Super Taranta!,6:45,405,2026-09-16T05:17:39Z,2026-10-03T09:10:54Z,3,115,INDIFFERENT,False
YnDBW3f-9so,What You Know You Know You Know,Infected Mushroom,What You Know You Know You Know,7:22,442,2026-09-16T05:17:39Z,2026-10-04T09:50:15Z,4,494,INDIFFERENT,False
mCjt9RSK_Mg,Rudra (SHNKR Remix) (feat. SHNKR),N1RVAAN,Rudra (SHNKR Remix),5:00,300,2026-09-16T05:17:39Z,2026-09-16T08:37:24Z,2,320,INDIFFERENT,False
h8rAlCpqW5g,Ameonna,deadmau5,Ameonna,7:23,443,2026-09-16T05:17:39Z,2026-09-16T08:37:24Z,2,178,INDIFFERENT,False
G04IwcJ2ZF4,Bells Of Eternity,Boris Brejcha,Reflections,8:06,486,2026-09-16T05:17:39Z,2026-09-16T08:37:24Z,2,60,INDIFFERENT,False
agByml2PVeY,Changa Falls,ZEN MECHANICS,Changa Falls,9:57,597,2026-09-16T05:17:39Z,2026-10-04T09:50:15Z,18,159,INDIFFERENT,False
Q266UWljhlc,It's My Life,Dr. Alban,One Love,4:00,240,2026-09-16T05:17:39Z,2026-09-16T05:17:39Z,1,182,INDIFFERENT,False
QrbBEom0mRE,36-24-36,Violent Femmes,Add It Up (1981-1993),1:49,109,2026-09-16T05:17:39Z,2026-10-04T09:50:15Z,4,31,INDIFFERENT,False
IU5R8EKsomA,Wish,Nine Inch Nails,Broken,3:47,227,2026-09-16T05:17:39Z,2026-09-16T05:17:39Z,1,199,INDIFFERENT,False
NwZn16MMOWI,When Worlds Collide,Powerman 5000,Tonight The Stars Revolt,2:58,178,2026-09-16T05:17:39Z,2026-09-16T08:37:24Z,2,357,INDIFFERENT,False
WF4pGrPfXFU,Save Me,"Anyma, Cassian, Poppy Baskcomb",Genesys,3:10,190,2026-09-16T05:17:39Z,2026-09-16T05:17:39Z,1,211,INDIFFERENT,False
bDcLmkl38tw,Vicious Delicious,Infected Mushroom,Vicious Delicious,7:25,445,2026-09-16T05:17:39Z,2026-10-03T09:10:54Z,2,377,INDIFFERENT,False
Uxe_q9vXrYM,Python,Boris Brejcha,XOXO,7:53,473,2026-09-16T05:17:39Z,2026-09-16T08:37:24Z,2,136,INDIFFERENT,False
Y4R6k8_iIkE,Uprising,Muse,The Resistance,5:05,305,2026-09-16T05:17:39Z,2026-10-01T10:10:21Z,3,179,INDIFFERENT,False
SuFE3U7q5BY,Adhana,Vini Vici & Astrix,Adhana,7:41,461,2026-09-16T05:17:39Z,2026-09-25T08:51:12Z,5,227,INDIFFERENT,False
DhMv5WVOli4,Sober,TOOL,Undertow,5:07,307,2026-09-16T05:17:39Z,2026-09-20T08:37:04Z,3,487,INDIFFERENT,False
NsNdyrXvDYM,Do Your Best,"Kah-Lo, Peking Duk",Do Your Best,2:35,155,2026-09-16T05:17:39Z,2026-09-16T05:17:39Z,1,271,INDIFFERENT,False
3onDCeEp2mI,Swagger,Flogging Molly,Drunken Lullabies,2:06,126,2026-09-16T05:17:39Z,2026-09-16T05:17:39Z,1,277,INDIFFERENT,False
uVXEs6Yx8kw,Noyla Menoyla (Darwish Remix),"Darwish, Rising Dust",Noyla Menoyla,7:28,448,2026-09-16T05:17:39Z,2026-10-02T09:48:13Z,3,339,INDIFFERENT,False
H7hK23fxQqM,Need You Tonight (Extended),Max Styler,Need You Tonight EP,5:00,300,2026-09-16T05:17:39Z,2026-09-16T05:17:39Z,1,291,INDIFFERENT,False
5NmJPzJNt0o,Stress,Justice,Cross,4:59,299,2026-09-16T05:17:39Z,2026-10-04T09:50:15Z,9,483,INDIFFERENT,False
OKQHag8Jb_U,B.P. Empire (Out of Orbit & Ido Segal Remix),Infected Mushroom,Mushrooms in Orbit,7:20,440,2026-09-16T05:17:39Z,2026-09-18T08:16:45Z,4,408,INDIFFERENT,False
E-uyjpRp5wM,Forest Families,The Knife,Silent Shout,4:09,249,2026-09-16T05:17:39Z,2026-09-16T05:17:39Z,1,328,INDIFFERENT,False
_VfJF0Aq4QU,Keep Away,Godsmack,Godsmack,4:51,291,2026-09-16T05:17:39Z,2026-09-16T05:17:39Z,1,353,INDIFFERENT,False
IKf87MF4MxE,Don't Fake This,Chevelle,Wonder What's Next (Expanded Edition),3:40,220,2026-09-16T05:17:39Z,2026-09-16T05:17:39Z,1,359,INDIFFERENT,False
90VsYwkMdYY,Timelapse,Boris Brejcha,Timelapse,8:14,494,2026-09-16T05:17:39Z,2026-09-16T05:17:39Z,1,362,INDIFFERENT,False
WlNtnZmgbAI,Return of the Pistolero (feat. Amir John Haddad – El Amir),Juno Reactor,The Mutant Theatre,11:10,670,2026-09-16T05:17:39Z,2026-10-03T09:10:54Z,5,301,INDIFFERENT,False
qG79ur_-Mew,Gravity Waves (Infected Mushroom 2017 remix),Xerox,Return to the Sauce,8:37,517,2026-09-16T05:17:39Z,2026-09-16T08:37:24Z,2,261,INDIFFERENT,False
G_ztQYJB0UM,New World Order,Infected Mushroom,IM30,6:16,376,2026-09-16T05:17:39Z,2026-10-04T09:50:15Z,5,12,INDIFFERENT,False
6-78xjN418c,Cowgirl,Underworld,Dubnobasswithmyheadman (Deluxe / 20th Anniversary Edition),8:30,510,2026-09-16T05:17:39Z,2026-09-16T08:37:24Z,2,359,INDIFFERENT,False
2NKWW42G1b8,Aerodynamic (Daft Punk Remix),Daft Punk,Daft Club,6:11,371,2026-09-16T05:17:39Z,2026-09-16T05:17:39Z,1,395,INDIFFERENT,False
7B5kO25UgjU,The God Particle,Shpongle,The God Particle,10:44,644,2026-09-16T05:17:39Z,2026-10-04T09:50:15Z,14,382,INDIFFERENT,False
r9PeqYpnLhQ,Milosh,Infected Mushroom,Return to the Sauce,10:50,650,2026-09-16T05:17:39Z,2026-10-03T09:10:54Z,2,458,INDIFFERENT,False
2q5DjsmeWOQ,Dancer,"IDLES, LCD Soundsystem",TANGK,3:10,190,2026-09-16T05:17:39Z,2026-09-16T05:17:39Z,1,411,INDIFFERENT,False
LI170pTTfQQ,Reactor,Protonica,Reactor,7:43,463,2026-09-16T05:17:39Z,2026-09-30T09:44:01Z,15,368,INDIFFERENT,False
4_2ygqc4uNw,PROFESSIONAL RACIST,oranjate,PROFESSIONAL RACIST,2:42,162,2026-09-16T05:17:39Z,2026-09-17T08:41:05Z,2,326,INDIFFERENT,False
RD7u-1LfMDs,Pure Delight,Synthaurion,Pure Delight,3:23,203,2026-09-16T05:17:39Z,2026-09-22T08:34:19Z,4,489,INDIFFERENT,False
kZFWfwxmpUs,Guess I'm Fallin In Love,Spoon,Guess I'm Fallin In Love,4:04,244,2026-09-16T05:17:39Z,2026-09-29T09:51:34Z,5,278,INDIFFERENT,False
d3iir269rd4,Swfdhnb,Sir John Bradman,Subliminal Stimu,3:09,189,2026-09-16T05:17:39Z,2026-10-04T09:50:15Z,17,244,INDIFFERENT,False
dqAEav51YxY,School Days Over (feat. Billy Bragg),Dropkick Murphys,For The People (Expanded Edition),3:29,209,2026-09-16T05:17:39Z,2026-09-16T05:17:39Z,1,451,INDIFFERENT,False
ziWUnnFLol4,Your God (God’s Dick),Laura Jane Grace,Your God (God's Dick),2:08,128,2026-09-16T05:17:39Z,2026-09-16T05:17:39Z,1,457,INDIFFERENT,False
Bs0I_FTG9vs,We're In This Together,Nine Inch Nails,The Fragile,7:16,436,2026-09-16T05:17:39Z,2026-09-16T05:17:39Z,1,461,INDIFFERENT,False
nTr8qCds5Vc,LET'S DO IT AGAIN (Radio Edit),Jamie xx,LET'S DO IT AGAIN,3:46,226,2026-09-16T05:17:39Z,2026-09-16T05:17:39Z,1,473,INDIFFERENT,False
zJV2qvVmy-o,Mass Romantic,The New Pornographers,Mass Romantic,4:05,245,2026-09-16T05:17:39Z,2026-09-19T08:04:47Z,3,70,INDIFFERENT,False
6g5Ra3un4hI,Right Here,Bob Vylan,Humble As The Sun,2:50,170,2026-09-16T05:17:39Z,2026-09-16T05:17:39Z,1,481,INDIFFERENT,False
0mqHCCes5FA,Poquito Mas,Infected Mushroom,Legend of the Black Shawarma,3:40,220,2026-09-16T05:17:39Z,2026-09-16T05:17:39Z,1,496,INDIFFERENT,False
8CXhYAiPIZY,"Shpongle - Divine Moments Of Truth (Astrix, Loud & L.S.D Remix)","Astrix, Rising Dust",,10:01,601,2026-09-16T05:17:39Z,2026-10-04T09:50:15Z,4,217,INDIFFERENT,False
WvnIJlWqRD8,Store Policy,Viagra Boys,viagr aboys,3:36,216,2026-09-16T05:17:39Z,2026-09-16T05:17:39Z,1,498,INDIFFERENT,False
Q1O7t-B4Aj0,Glue,"Rialians On Earth, Cafe De Anatolia, & Aodion",Glue,6:01,361,2026-09-15T08:42:48Z,2026-10-02T09:48:13Z,4,35,INDIFFERENT,False
znvu2yiTkQg,Alive,RÜFÜS DU SOL,Surrender,5:35,335,2026-09-15T08:42:48Z,2026-09-15T08:42:48Z,1,17,INDIFFERENT,False
A__CS2suS6c,Touch Me (Radio Edit) (feat. Cassandra),Rui Da Silva,Kismet Records Presents Touch Me,3:34,214,2026-09-15T08:42:48Z,2026-09-15T08:42:48Z,1,19,INDIFFERENT,False
hGBX04xsuFQ,TEMPORARY FRIENDS,"Charlotte Plank, NOTION",TEMPORARY FRIENDS,3:02,182,2026-09-15T08:42:48Z,2026-09-15T08:42:48Z,1,20,INDIFFERENT,False
wFbgPmxh8mY,Firestarter,The Prodigy,PAY CLOSE ATTENTION: XL Recordings,4:41,281,2026-09-15T08:42:48Z,2026-09-15T08:42:48Z,1,31,INDIFFERENT,False
zKyvxk4QkZg,COYOTE,"CloZee, LSDREAM",LSZEE: ENIGMA MIXTAPE,2:00,120,2026-09-15T08:42:48Z,2026-09-24T08:29:18Z,2,398,INDIFFERENT,False
Ji2LhEuT5xc,We Come in Peace Vini Vici Remix,Liquid Soul & Zyce,Future Classics,7:38,458,2026-09-15T08:42:48Z,2026-09-19T08:04:47Z,2,307,INDIFFERENT,False
TkgDHsvxhlo,Black Out Days (Stay Away),"Ian Asher, Phantogram",Black Out Days (Stay Away),2:53,173,2026-09-15T08:42:48Z,2026-09-22T08:34:19Z,2,40,INDIFFERENT,False
Px_MF-OM5cI,I Want (Radio Edit),Astrohertz,I Want,3:06,186,2026-09-15T08:42:48Z,2026-09-15T08:42:48Z,1,75,INDIFFERENT,False
5d-AUUkkKj4,We Don't Know What Tomorrow Brings,The Smile,A Light for Attracting Attention,3:17,197,2026-09-15T08:42:48Z,2026-09-15T08:42:48Z,1,84,INDIFFERENT,False
o96Do5VDwEU,SPIT IN MY FACE!,ThxSoMch,SPIT IN MY FACE!,2:28,148,2026-09-15T08:42:48Z,2026-09-15T08:42:48Z,1,88,INDIFFERENT,False
tJp1beSCmK0,Let It Go,"MA:RK, NOTSOBAD",Let It Go,3:17,197,2026-09-15T08:42:48Z,2026-10-02T09:48:13Z,12,18,INDIFFERENT,False
0K6v9ZIP0Mw,Monument (The Inevitable End Version) (feat. Robyn),Röyksopp,The Inevitable End,4:47,287,2026-09-15T08:42:48Z,2026-09-15T08:42:48Z,1,99,INDIFFERENT,False
Hf244LCkkLc,Music Sounds Better With You,Stardust,Music Sounds Better With You,6:44,404,2026-09-15T08:42:48Z,2026-09-28T09:49:05Z,2,178,LIKE,False
9ytcZ1wM8WU,Hold It Down (DARE) (Extended Mix),Layton Giordani,Hold It Down (DARE),5:03,303,2026-09-15T08:42:48Z,2026-09-15T08:42:48Z,1,114,INDIFFERENT,False
FfxjerdCmPA,Fishbait,"PSYKOTIC, Xiiav",Fishbait,3:38,218,2026-09-15T08:42:48Z,2026-09-15T08:42:48Z,1,117,INDIFFERENT,False
SHUAwlOHsJM,Baiana (CloZee Remix),"Barbatuques, CloZee",Baiana (CloZee Remix),4:14,254,2026-09-15T08:42:48Z,2026-09-15T08:42:48Z,1,118,INDIFFERENT,False
GJigNwc_1vY,Not Exactly,deadmau5,Random Album Title,8:01,481,2026-09-15T08:42:48Z,2026-09-15T08:42:48Z,1,133,INDIFFERENT,False
CuutEyzvUWw,ReAnimation,Ezequiel Arias,ReAnimation EP,4:21,261,2026-09-15T08:42:48Z,2026-09-23T08:36:35Z,3,242,INDIFFERENT,False
9PK3T7Y_PE8,So Hï,KREAM,So Hï,3:33,213,2026-09-15T08:42:48Z,2026-09-30T09:44:01Z,5,68,INDIFFERENT,False
wxGuwOkawJE,Only Way In,Magic Sword,Volume 1,5:30,330,2026-09-15T08:42:48Z,2026-09-15T08:42:48Z,1,157,INDIFFERENT,False
fLrSEVa8hi0,New Gold [Dom Dolla Remix] (feat. Tame Impala & Bootie Brown),Gorillaz,Cracker Island (Deluxe),4:35,275,2026-09-15T08:42:48Z,2026-09-15T08:42:48Z,1,166,INDIFFERENT,False
KKimLtMvpbs,Shuffle,Deluxo,Shuffle,3:56,236,2026-09-15T08:42:48Z,2026-09-15T08:42:48Z,1,180,INDIFFERENT,False
6rb23e_tka8,Somebody To Love,"Ben Kim, LP Giobbi",Somebody To Love,3:43,223,2026-09-15T08:42:48Z,2026-09-29T09:51:34Z,3,230,INDIFFERENT,False
sB5W46Iqsd4,Shere Khan,GIØ,"Gulli Gang VA, Vol. 4",4:27,267,2026-09-15T08:42:48Z,2026-09-25T08:51:12Z,4,403,INDIFFERENT,False
UzUPFRILKcI,Planisphere Part. I,Justice,Planisphere,7:23,443,2026-09-15T08:42:48Z,2026-10-03T09:10:54Z,3,433,LIKE,False
rGNi_GBSTzI,Strange Feelings,Vintage Culture,Promised Land,3:30,210,2026-09-15T08:42:48Z,2026-09-15T08:42:48Z,1,206,INDIFFERENT,False
qx46kmIqhEA,I Wanna Do,"Chemical Surf, Dubdisko",I Wanna Do,3:05,185,2026-09-15T08:42:48Z,2026-09-15T08:42:48Z,1,215,INDIFFERENT,False
kexT5Yhv6g0,Tek Tek Tek,"Ishimaru, Juicce",Tek Tek Tek,2:38,158,2026-09-15T08:42:48Z,2026-09-15T08:42:48Z,1,216,INDIFFERENT,False
Wk8RQFPaSKA,BOBA,SOFI TUKKER,BOBA,3:01,181,2026-09-15T08:42:48Z,2026-09-15T08:42:48Z,1,232,INDIFFERENT,False
HRhOhs5TxYA,Demon Time,AYYBO,Demon Time,3:22,202,2026-09-15T08:42:48Z,2026-09-15T08:42:48Z,1,244,INDIFFERENT,False
ySx897NPUNE,Patience,deadmau5,Error5 EP,5:29,329,2026-09-15T08:42:48Z,2026-09-15T08:42:48Z,1,246,INDIFFERENT,False
JJKh9TNzNJI,In the Moment (Adriatique Remix),RÜFÜS DU SOL,In the Moment (Adriatique Remix),4:11,251,2026-09-15T08:42:48Z,2026-09-15T08:42:48Z,1,258,INDIFFERENT,False
6i0HqJ1tRn8,Beggin',"Aluna, Chris Lake",Beggin',3:04,184,2026-09-15T08:42:48Z,2026-10-02T09:48:13Z,2,203,INDIFFERENT,False
k4muvutdmYk,London's On Fire,"Audio Bullys, Chris Lorenzo, Max Styler",London's On Fire,3:00,180,2026-09-15T08:42:48Z,2026-09-15T08:42:48Z,1,271,INDIFFERENT,False
6iyiTyomC7Y,Barricade,Interpol,Interpol,4:10,250,2026-09-15T08:42:48Z,2026-09-15T08:42:48Z,1,275,INDIFFERENT,False
VYPgjx-EWXA,Lifetime (Extended Mix),J Ribbon,Lifetime,7:05,425,2026-09-15T08:42:48Z,2026-10-02T09:48:13Z,4,245,INDIFFERENT,False
4j5jxoQ2Ows,We Are One,Ranji,Amarasya (Party Edition),6:33,393,2026-09-15T08:42:48Z,2026-10-01T10:10:21Z,18,221,INDIFFERENT,False
ljQprvTZtJQ,Cannonball,The Breeders,Last Splash,3:34,214,2026-09-15T08:42:48Z,2026-09-28T09:49:05Z,3,194,INDIFFERENT,False
I3B61A66xR4,The Reward Is Cheese (Ciauru Remix),"Ciauru, deadmau5",The Reward Is Cheese (Ciauru Remix),3:39,219,2026-09-15T08:42:48Z,2026-09-15T08:42:48Z,1,317,INDIFFERENT,False
DMJgiky90pE,Children (Dream Version),Robert Miles,Dreamland,7:07,427,2026-09-15T08:42:48Z,2026-09-15T08:42:48Z,1,323,INDIFFERENT,False
J5EBj0XlTyQ,RUBICON,MN Beats,RUBICON,4:37,277,2026-09-15T08:42:48Z,2026-09-30T09:44:01Z,7,231,INDIFFERENT,False
1aPGjEObFXY,High and I Like it,"Evalyn, it's murph",High and I Like it,3:44,224,2026-09-15T08:42:48Z,2026-10-02T09:48:13Z,2,127,INDIFFERENT,False
5Kvyus4w_-c,C'mere,Interpol,Antics,3:12,192,2026-09-15T08:42:48Z,2026-09-30T09:44:01Z,2,77,INDIFFERENT,False
pVQKwuPefF0,Atmosphere,"FISHER, Kita Alexander",Atmosphere,3:03,183,2026-09-15T08:42:48Z,2026-09-15T08:42:48Z,1,380,INDIFFERENT,False
RpSi-K5GGl0,Take Me To America,"Dubioza Kolektiv, Salvatore Ganacci",Take Me To America,3:52,232,2026-09-15T08:42:48Z,2026-09-15T08:42:48Z,1,391,INDIFFERENT,False
w6O56Ad_JyQ,Céu Azul (Vintage Culture & Santti Remix) (feat. Charlie Brown Jr.),"Santti, Vintage Culture",Vintage Culture & Friends 2,4:22,262,2026-09-15T08:42:48Z,2026-09-15T08:42:48Z,1,402,INDIFFERENT,False
ie-9-XogZjk,Rock The Casbah,Vintage Culture,Rock The Casbah,3:06,186,2026-09-15T08:42:48Z,2026-09-15T08:42:48Z,1,409,INDIFFERENT,False
4uGGhQU6ahM,Fine Day Anthem,"Boys Noize, Opus III, Skrillex",Fine Day Anthem,3:14,194,2026-09-15T08:42:48Z,2026-09-23T08:36:35Z,2,210,INDIFFERENT,False
zsDCnu7vWb8,Earth Reloading,"Talamasca, Chrizzlix, & Psyfiction",Earth Reloading,7:04,424,2026-09-15T08:42:48Z,2026-09-15T08:42:48Z,1,422,INDIFFERENT,False
m5brBz2t4Vs,The Days (NOTION Remix),CHRYSTAL,The Days (NOTION Remix),3:54,234,2026-09-15T08:42:48Z,2026-09-23T08:36:35Z,2,143,INDIFFERENT,False
reC9eKKXfWM,Don't Be Afraid (feat. AVALAN ROKSTON),Mathame,Don't Be Afraid,3:13,193,2026-09-15T08:42:48Z,2026-09-15T08:42:48Z,1,445,INDIFFERENT,False
J7y0AG4PHJc,Sweetness,Jimmy Eat World,Bleed American,3:41,221,2026-09-15T08:42:48Z,2026-09-15T08:42:48Z,1,450,INDIFFERENT,False
jhqiGyWTK9k,All the Rage Back Home,Interpol,El Pintor,4:23,263,2026-09-15T08:42:48Z,2026-09-15T08:42:48Z,1,452,INDIFFERENT,False
FFLcQEOHe5g,Metagalactic,"INZO, Mersiv",Out of Bounds,3:38,218,2026-09-15T08:42:48Z,2026-09-15T08:42:48Z,1,472,INDIFFERENT,False
6ulgc2Ykg5w,POP,Goose,BIG MODERN!,3:47,227,2026-09-15T08:42:48Z,2026-10-01T10:10:21Z,9,127,INDIFFERENT,False
TA5kvZ9aqDI,Destruction,Joywave,How Do You Feel Now?,3:05,185,2026-09-15T08:42:48Z,2026-09-15T08:42:48Z,1,477,INDIFFERENT,False
KlWBO9m52Fk,All My Life,Foo Fighters,One By One,4:23,263,2026-09-15T08:42:48Z,2026-10-01T10:10:21Z,4,233,INDIFFERENT,False
XjvkxXblpz8,Sandstorm (Radio Edit),Darude,Sandstorm,3:47,227,2026-09-15T08:42:48Z,2026-09-15T08:42:48Z,1,487,INDIFFERENT,False
-rKy8k_B0R8,Run Rabbit,ALT BLK ERA,Rave Immortal,3:07,187,2026-09-15T08:42:48Z,2026-09-15T08:42:48Z,1,493,INDIFFERENT,False
FORo1NAfwS0,Out of Space,The Prodigy,Experience: Expanded (Remixes & B-sides),5:03,303,2026-09-14T08:57:25Z,2026-09-14T08:57:25Z,1,28,INDIFFERENT,False
FClPu5aA8EE,Birth4000,Floating Points,Cascade,4:47,287,2026-09-14T08:57:25Z,2026-09-27T09:17:15Z,6,216,INDIFFERENT,False
MoQV6CDfgGE,High Paradise,"Bhaskar, D-Nox",High Paradise,3:16,196,2026-09-14T08:57:25Z,2026-09-29T09:51:34Z,3,67,INDIFFERENT,False
NF_JMkZpuLg,Slow Hands,Interpol,Antics (The Twentieth Anniversary Edition),3:05,185,2026-09-14T08:57:25Z,2026-09-14T08:57:25Z,1,63,INDIFFERENT,False
4y4CELGOwH8,Stop the Rock,Apollo 440,Gettin' High On Your Own Supply,3:33,213,2026-09-14T08:57:25Z,2026-09-14T08:57:25Z,1,78,INDIFFERENT,False
k1NItBqCMOw,eurolife,dreamloader,under.net compilation vol. 3,3:01,181,2026-09-14T08:57:25Z,2026-09-19T08:04:47Z,4,374,INDIFFERENT,False
Jt_zvXX25F0,"Hey Man, Nice Shot (Remastered Version 2025)",Filter,Short Bus,5:15,315,2026-09-14T08:57:25Z,2026-09-27T09:17:15Z,6,287,INDIFFERENT,False
U2TBfh5I0CE,Busy Child,The Crystal Method,Vegas,7:25,445,2026-09-14T08:57:25Z,2026-09-22T08:34:19Z,2,191,INDIFFERENT,False
Wo7XxlXU3XQ,Breathe (Edit),The Prodigy,Breathe,4:01,241,2026-09-14T08:57:25Z,2026-09-30T09:44:01Z,5,98,INDIFFERENT,False
oz7-7ouXUJU,Ghosts 'n' Stuff,deadmau5,For Lack of a Better Name,3:15,195,2026-09-14T08:57:25Z,2026-09-23T08:36:35Z,2,126,INDIFFERENT,False
92ytrKRNmOs,Sh5b0mbe,Boys Noize,HYYTUP / Sh5b0mbe,3:06,186,2026-09-14T08:57:25Z,2026-09-29T09:51:34Z,8,443,INDIFFERENT,False
qmQS6rVi2_M,Second Lives,Vitalic,Flashmob,4:25,265,2026-09-14T08:57:25Z,2026-09-14T08:57:25Z,1,156,INDIFFERENT,False
aEl7aZkfqJ8,La Route,Kangding Ray,Sirāt - Original Motion Picture Soundtrack,3:22,202,2026-09-14T08:57:25Z,2026-09-14T08:57:25Z,1,158,INDIFFERENT,False
T8b0Oap7snA,Subterranean (ABGT549) (feat. LUNA),"AVIRA, Miss Monique",Group Therapy 549,4:35,275,2026-09-14T08:57:25Z,2026-10-04T09:50:15Z,9,247,INDIFFERENT,False
UtGEfiUqDHQ,Apoplexy,j316 & Bee Hunter,"Knights of Badassery Official Soundtrack, Vol. 1",2:20,140,2026-09-14T08:57:25Z,2026-09-16T08:37:24Z,3,35,INDIFFERENT,False
y_-SP55sRig,Pump Up The Jam,Technotronic,Pump Up The Jam,5:21,321,2026-09-14T08:57:25Z,2026-09-14T08:57:25Z,1,190,LIKE,False
BoFt7GuCG5E,Gunk,Overmono,Gunk,5:15,315,2026-09-14T08:57:25Z,2026-09-14T08:57:25Z,1,213,INDIFFERENT,False
tZr-SE_V7ZE,Ambery,"Floating Points, Fred again..",Ambery,7:32,452,2026-09-14T08:57:25Z,2026-09-15T08:42:48Z,2,481,INDIFFERENT,False
HnBK0LI4giA,Gigabot,Waveshaper,Gigabot,3:49,229,2026-09-14T08:57:25Z,2026-09-14T08:57:25Z,1,228,INDIFFERENT,False
y7wyG8VCNiY,Triangulum (Trance Mix),Alimba,Resonance,5:38,338,2026-09-14T08:57:25Z,2026-09-14T08:57:25Z,1,236,INDIFFERENT,False
IfpMknlL-pg,Born Too Slow,The Crystal Method,Legion of Boom,3:00,180,2026-09-14T08:57:25Z,2026-09-30T09:44:01Z,7,27,INDIFFERENT,False
zUhf9oeWl28,Yah,Jonathan Kaspar,Twofold - Ignite,6:25,385,2026-09-14T08:57:25Z,2026-09-27T09:17:15Z,2,36,INDIFFERENT,False
L_aaRh96OWE,Let Me Hear You (Scream),Paul Kalkbrenner,Let Me Hear You (Scream),3:48,228,2026-09-14T08:57:25Z,2026-09-14T08:57:25Z,1,257,INDIFFERENT,False
SJM8z80zXwA,Trommelmaschine,Der Dritte Raum,Wellenbad,6:56,416,2026-09-14T08:57:25Z,2026-09-14T08:57:25Z,1,264,INDIFFERENT,False
AqI3fCYshBQ,Halcyon,Orbital,Orbital 2 (The Brown Album Expanded),11:07,667,2026-09-14T08:57:25Z,2026-09-14T08:57:25Z,1,265,INDIFFERENT,False
21oks06J5Wk,The Hand That Feeds,Nine Inch Nails,The Hand That Feeds,3:37,217,2026-09-14T08:57:25Z,2026-09-30T09:44:01Z,4,362,INDIFFERENT,False
Z-hv5ImQFPQ,Minus/Orange 1,Richie Hawtin,Minus Orange,8:02,482,2026-09-14T08:57:25Z,2026-09-19T08:04:47Z,2,417,INDIFFERENT,False
pm3sP0n7F-M,Personal Jesus,Depeche Mode,Violator (Deluxe),4:56,296,2026-09-14T08:57:25Z,2026-10-03T09:10:54Z,6,47,INDIFFERENT,False
IGKukMBAlgE,Taramul Lestrigoniilor,E-Mantra,Drifting 2,6:55,415,2026-09-14T08:57:25Z,2026-10-04T09:50:15Z,7,422,INDIFFERENT,False
RaLBan1UUe0,Rival Dealer,Burial,Rival Dealer,10:46,646,2026-09-14T08:57:25Z,2026-09-14T08:57:25Z,1,299,INDIFFERENT,False
OW6ieURcW4g,Dodecahedron,"Mandy, Indiana",URGH,3:23,203,2026-09-14T08:57:25Z,2026-09-18T08:16:45Z,4,380,INDIFFERENT,False
LcZxuhDV8co,Everything Connected,Jon Hopkins,Singularity,10:31,631,2026-09-14T08:57:25Z,2026-09-14T08:57:25Z,1,312,INDIFFERENT,False
WJygzzTfNkw,Another Breakdown,Above & Beyond,Tranquility Base Vol. 2,3:31,211,2026-09-14T08:57:25Z,2026-10-04T09:50:15Z,8,347,INDIFFERENT,False
bomiK_K7aIc,Poison (95EQ),The Prodigy,Poison,4:02,242,2026-09-14T08:57:25Z,2026-09-22T08:34:19Z,2,333,INDIFFERENT,False
YjlfFQFAZP0,Hachi Roku,Alimba,Temporal Distortion,3:14,194,2026-09-14T08:57:25Z,2026-09-30T09:44:01Z,8,186,INDIFFERENT,False
8gJilBWeQ8o,Channel 43 (Radio Edit),"Wolfgang Gartner, deadmau5",Channel 43,3:05,185,2026-09-14T08:57:25Z,2026-10-01T10:10:21Z,2,241,INDIFFERENT,False
UzR2aZ8dpx8,Escape Velocity,The Chemical Brothers,Further,11:57,717,2026-09-14T08:57:25Z,2026-09-14T08:57:25Z,1,328,INDIFFERENT,False
8ptON-N7k0Q,Something Memorable,Kn1ght,Furi (Original Game Soundtrack),6:00,360,2026-09-14T08:57:25Z,2026-09-19T08:04:47Z,3,396,INDIFFERENT,False
QBCP7J6xrd8,Weak And Powerless,A Perfect Circle,Thirteenth Step,3:16,196,2026-09-14T08:57:25Z,2026-09-30T09:44:01Z,4,350,INDIFFERENT,False
rVU0e7P9GYg,TTHHEE PPAARRTTYY (Demo),Justice,† (Anniversary Edition),3:33,213,2026-09-14T08:57:25Z,2026-10-04T09:50:15Z,2,459,INDIFFERENT,False
Cr0eOmVcokA,dr3mc0r3exp,"LXXVEME, ccrymun",dr3amc0r3.exp,1:59,119,2026-09-14T08:57:25Z,2026-09-15T08:42:48Z,2,301,INDIFFERENT,False
s9UO0uAVtrE,One Perfect Sunrise,Orbital,Blue Album,8:45,525,2026-09-14T08:57:25Z,2026-09-24T08:29:18Z,4,52,INDIFFERENT,False
dDqRMJNFaX8,Black Is The New Yellow (Simon Gregory Remix),"Super8 & Tab, SØNIN",Black Is The New Yellow (Simon Gregory Remix),3:50,230,2026-09-14T08:57:25Z,2026-09-19T08:04:47Z,3,184,INDIFFERENT,False
m0dKa43yEkk,Shaman,Zyce,Shaman,6:57,417,2026-09-13T08:20:16Z,2026-09-25T08:51:12Z,2,242,INDIFFERENT,False
AxuTd9rwEHQ,Everlong,Foo Fighters,The Colour And The Shape,4:11,251,2026-09-13T08:20:16Z,2026-09-30T09:44:01Z,7,173,INDIFFERENT,False
3xZzGtDW2p4,Pinball Wizard,The Who,Tommy (Deluxe Edition),3:01,181,2026-09-13T08:20:16Z,2026-10-04T09:50:15Z,7,24,INDIFFERENT,False
7neXnf7sJNw,Testarossa Autodrive,Kavinsky,OutRun,3:38,218,2026-09-13T08:20:16Z,2026-09-25T08:51:12Z,6,377,INDIFFERENT,False
3_Y5J0ka4_k,Shattered,The Rolling Stones,Some Girls,3:47,227,2026-09-13T08:20:16Z,2026-10-04T09:50:15Z,2,384,INDIFFERENT,False
QPXQyks5d2Q,Jerk It Out,Caesars,Love For The Streets,3:16,196,2026-09-13T08:20:16Z,2026-10-01T10:10:21Z,6,6,INDIFFERENT,False
-G1ghDyD35k,California Resonance Pt 2,Gorovich,California Resonance Pt 2,8:45,525,2026-09-13T08:20:16Z,2026-09-13T08:20:16Z,1,110,INDIFFERENT,False
tgnayFGke3c,2020,Gaudium,2020,7:19,439,2026-09-13T08:20:16Z,2026-09-13T08:20:16Z,1,136,INDIFFERENT,False
oNq8i8I3VaY,We Called It Techno,Mekkanikka,We Called It Techno,9:21,561,2026-09-13T08:20:16Z,2026-09-25T08:51:12Z,2,282,INDIFFERENT,False
jNY1hSOiqCU,Chamelion,Grouch,Further,7:56,476,2026-09-13T08:20:16Z,2026-09-13T08:20:16Z,1,151,INDIFFERENT,False
Mn4buZkM6w8,Acoustic Crumpet,Smilk,Last Rainforest,7:57,477,2026-09-13T08:20:16Z,2026-09-26T08:37:40Z,2,289,INDIFFERENT,False
Nmal0Vd100g,India Spirit (Out of Orbit Remix),"Out of Orbit, Shiva Shidapu",India Spirit,7:08,428,2026-09-13T08:20:16Z,2026-09-13T08:20:16Z,1,216,INDIFFERENT,False
3ARTECh-CBc,Divine Moments of Truth (Shpongle Trance Remix),Shpongle,Divine Moments of Truth,7:46,466,2026-09-13T08:20:16Z,2026-09-13T08:20:16Z,1,218,INDIFFERENT,False
at0i6uOFDXA,"Acid Trip (Out of Orbit, Sasi Remix)","Out of Orbit, Sasi",Acid Trip,7:33,453,2026-09-13T08:20:16Z,2026-10-04T09:50:15Z,4,268,INDIFFERENT,False
Ff--dm0GHT8,Some Dispute Over T-Shirt Sales,Butthole Surfers,Independent Worm Saloon,2:07,127,2026-09-13T08:20:16Z,2026-10-04T09:50:15Z,6,149,INDIFFERENT,False
UgIxiUn_DQU,Bad Days (Aurally Excited Version),The Flaming Lips,Clouds Taste Metallic,4:41,281,2026-09-13T08:20:16Z,2026-10-04T09:50:15Z,4,333,INDIFFERENT,False
qmhXdEIHOig,"Stay With Me (Live on Sounds For Saturday, BBC, 4/1/72)",Faces,"Stay With Me (Live on Sounds For Saturday, BBC, 4/1/72)",5:56,356,2026-09-13T08:20:16Z,2026-09-26T08:37:40Z,2,343,INDIFFERENT,False
v-nhTNE9Z2U,Analog Ascent,"Roddy Lima, Vintage Culture","Vintage Culture & Friends, Vol. 6 (Pt. II)",3:18,198,2026-09-13T01:23:15Z,2026-09-29T09:51:34Z,7,3,INDIFFERENT,False
hg_ZeMSlKN0,MOST NORMAL AMERICAN VOTER:,Genesis Owusu,REDSTAR WU & THE WORLDWIDE SCOURGE,2:37,157,2026-09-13T01:23:15Z,2026-09-13T01:23:15Z,1,54,INDIFFERENT,False
Af7PJT19ng4,wtf am i gonna do with lemons,"DJ SOLO, Fernandez, Jorda",wtf am i gonna do with lemons,1:43,103,2026-09-13T01:23:15Z,2026-09-13T01:23:15Z,1,101,INDIFFERENT,False
WU7OG6cdsGk,ZIPLOCK,Roddy Lima,ZIPLOCK,3:31,211,2026-09-13T01:23:15Z,2026-09-15T08:42:48Z,2,110,INDIFFERENT,False
CEi1LDNEuPw,Kelis - Bossy  (Vintage Culture & Beltran) Extended Mix,Mugi,,5:13,313,2026-09-13T01:23:15Z,2026-09-15T08:42:48Z,2,307,INDIFFERENT,False
ArGGeIWGGHc,Like Wooh Wooh,Rnbstylerz,Like Wooh Wooh,3:17,197,2026-09-13T01:23:15Z,2026-09-13T01:23:15Z,1,110,INDIFFERENT,False
k9AtLju2u_s,Too Close,KamJam & Dario,Too Close,3:33,213,2026-09-13T01:23:15Z,2026-09-13T01:23:15Z,1,112,INDIFFERENT,False
fCDnSRynFvA,Anytime,FatSync,Anytime,2:30,150,2026-09-13T01:23:15Z,2026-09-15T08:42:48Z,2,175,INDIFFERENT,False
6gq-MlQGkOY,Da Fonk (feat. Joni),Mochakk,Da Fonk,6:07,367,2026-09-13T01:23:15Z,2026-09-15T08:42:48Z,2,108,INDIFFERENT,False
FOzFhUmpNXE,SKAL,"Ricckbr, Zaark",SKAL,3:51,231,2026-09-13T01:23:15Z,2026-09-15T08:42:48Z,2,143,INDIFFERENT,False
0Dvnd4ePdNk,Caramelle,Mesto,Caramelle,2:00,120,2026-09-13T01:23:15Z,2026-09-22T08:34:19Z,5,6,INDIFFERENT,False
ecKnKOQS8Qk,You & Me,Max Styler,You & Me,3:35,215,2026-09-13T01:23:15Z,2026-10-02T09:48:13Z,4,126,INDIFFERENT,False
M8f2FJ-1mlY,RIZZ,AYYBO,RIZZ,3:21,201,2026-09-13T01:23:15Z,2026-09-15T08:42:48Z,2,131,INDIFFERENT,False
Pn98X6lYPSc,Last Night,Loofy,Last Night,2:50,170,2026-09-13T01:23:15Z,2026-09-15T08:42:48Z,2,239,INDIFFERENT,False
tIaWD5iZ_q0,Bongoloco,Bruno Furlan,Bongoloco,3:27,207,2026-09-13T01:23:15Z,2026-09-15T08:42:48Z,2,124,INDIFFERENT,False
gSVjkL9nbA0,Coolio,Astrix,Coolio,8:15,495,2026-09-13T01:23:15Z,2026-09-24T08:29:18Z,4,30,INDIFFERENT,False
U6dtZH9zbxA,Pick Up The Phone,"Nonô, Sofi Tukker",Pick Up The Phone,3:32,212,2026-09-13T01:23:15Z,2026-09-15T08:42:48Z,2,151,INDIFFERENT,False
FRhpoolvlSA,Holding On,Jungle,Volcano,3:17,197,2026-09-13T01:23:15Z,2026-09-30T09:44:01Z,6,136,INDIFFERENT,False
NKILp9sGmPw,Unknown,Roddy Lima,Unknown,3:46,226,2026-09-13T01:23:15Z,2026-09-15T08:42:48Z,2,213,INDIFFERENT,False
2Am3qQo2iAY,Spring Girl (Vintage Culture Remix),"Adam Ten, Maori, Vintage Culture",Spring Girl (Vintage Culture Remix),3:49,229,2026-09-13T01:23:15Z,2026-09-13T01:23:15Z,1,204,INDIFFERENT,False
ghAEFnxCqdY,Sorry I Am Late (Extended),Kollektiv Turmstrasse,Sorry I Am Late (Extended),8:10,490,2026-09-13T01:23:15Z,2026-09-29T09:51:34Z,3,441,INDIFFERENT,False
hdY2ttfjWKM,Rock the Beat,"OMRI., Vintage Culture",I Need It EP,3:17,197,2026-09-13T01:23:15Z,2026-09-15T08:42:48Z,2,104,INDIFFERENT,False
vjiPdnwOOG0,Space,Vintage Culture,Do You EP,4:15,255,2026-09-13T01:23:15Z,2026-09-13T01:23:15Z,1,298,INDIFFERENT,False
jpxnlFXGv_E,You & Me (Vintage Culture Remix),"Max Styler, Vintage Culture",You & Me (Vintage Culture Remix),3:55,235,2026-09-13T01:23:15Z,2026-09-13T01:23:15Z,1,301,INDIFFERENT,False
uqwlT18UO_s,E-Mantra - Shamanita,E-Mantra,,5:55,355,2026-09-13T01:23:15Z,2026-10-04T09:50:15Z,10,336,INDIFFERENT,False
BZwSHU-8G7Q,Marijuana,Reverend Horton Heat,Smoke 'em if You Got 'em,4:50,290,2026-09-13T01:23:15Z,2026-09-13T01:23:15Z,1,348,INDIFFERENT,False
qPQWltspCxg,Do You,Vintage Culture,Do You EP,3:42,222,2026-09-13T01:23:15Z,2026-09-13T01:23:15Z,1,350,INDIFFERENT,False
0qmlsWsCsvQ,Beto’s Horns (fred remix),"CA7RIEL & Paco Amoroso, Fred again..",Beto’s Horns (fred remix),3:47,227,2026-09-13T01:23:15Z,2026-09-29T09:51:34Z,4,373,INDIFFERENT,False
cHnan6BCfHA,Unda Di Blood (Under the Blood),"Pastor Gregory Mitchell, The Kiffness",Unda Di Blood (Under the Blood),2:35,155,2026-09-12T20:31:33Z,2026-09-12T20:31:33Z,1,32,INDIFFERENT,False
k0FmIMbSGbw,Gimme the Light,Sean Paul,Dutty Rock (20th Anniversary),3:48,228,2026-09-12T20:31:33Z,2026-09-12T20:31:33Z,1,48,INDIFFERENT,False
EDQAia2Gdss,Balkanika,Relativ,"Universal Frequencies, Vol. 18",8:22,502,2026-09-12T20:31:33Z,2026-09-12T20:31:33Z,1,91,INDIFFERENT,False
XkJUJFp_oFw,Call Me (Whatever You Like),Nathaniel Rateliff & The Night Sweats,South of Here,3:01,181,2026-09-12T20:31:33Z,2026-09-21T08:58:47Z,4,206,INDIFFERENT,False
V962jVihJLc,"Where There's Smoke, There's Fire",The Black Keys,Peaches!,5:01,301,2026-09-12T20:31:33Z,2026-09-12T20:31:33Z,1,107,INDIFFERENT,False
JWqK8L03A-g,Another Way to Die,Jack White,As I Am (Expanded Edition),4:23,263,2026-09-12T20:31:33Z,2026-09-12T20:31:33Z,1,174,INDIFFERENT,False
vgTjCd3P4No,Mental Help,MEUTE,Tumult,5:04,304,2026-09-12T20:31:33Z,2026-10-02T09:48:13Z,7,79,INDIFFERENT,False
KgXDuRsl_5A,Iguana,Man Man,Carrot On Strings,4:56,296,2026-09-12T20:31:33Z,2026-10-04T09:50:15Z,5,144,INDIFFERENT,False
poB12fNGK28,Off the Books (feat. Big Pun & Cuban Link),The Beatnuts,Endangered Species,2:49,169,2026-09-12T20:31:33Z,2026-09-12T20:31:33Z,1,260,INDIFFERENT,False
r5MR7_INQwg,The Real Slim Shady,Eminem,The Marshall Mathers LP,4:45,285,2026-09-12T20:31:33Z,2026-09-12T20:31:33Z,1,269,INDIFFERENT,False
wo0m-A2TG8E,Another Kind Of Blues,Fluke,Puppy,4:38,278,2026-09-12T20:31:33Z,2026-09-21T08:58:47Z,4,154,INDIFFERENT,False
lEkcc4V0Cs8,Tibet (Extended Mix),Nora En Pure,Tibet,5:56,356,2026-09-12T20:31:33Z,2026-09-30T09:44:01Z,6,188,INDIFFERENT,False
H4RELGc9su8,HUMBLE.,Kendrick Lamar,DAMN. COLLECTORS EDITION.,2:57,177,2026-09-12T20:31:33Z,2026-09-27T09:17:15Z,4,497,INDIFFERENT,False
3tPGWd0m4v0,B.O.B. (Bombs Over Baghdad),Outkast,Stankonia,5:05,305,2026-09-12T20:31:33Z,2026-09-12T20:31:33Z,1,386,INDIFFERENT,False
czO7qlxNOAM,Audio Dust,i_o,Rootkit,5:23,323,2026-09-12T20:31:33Z,2026-09-30T09:44:01Z,6,485,INDIFFERENT,False
RHMXmXB37V4,I Need Never Get Old (Live),Nathaniel Rateliff & The Night Sweats,Live At Red Rocks,5:59,359,2026-09-12T20:31:33Z,2026-09-12T20:31:33Z,1,397,INDIFFERENT,False
SpaueGKyQNs,Origin Eitan Reiter remix,Captain Hook,Ouroboros - Past,5:56,356,2026-09-12T20:31:33Z,2026-10-01T10:10:21Z,2,315,INDIFFERENT,False
Xcp0l_YiU2w,Time Makes Fools of Us All,Nathaniel Rateliff & The Night Sweats,South of Here,2:35,155,2026-09-12T20:31:33Z,2026-09-29T09:51:34Z,8,305,INDIFFERENT,False
4DMzDW-PAoE,No Problem,Lil Scrappy,The King Of Crunk & BME Recordings Present: Lil Scrappy,3:34,214,2026-09-12T20:31:33Z,2026-09-12T20:31:33Z,1,435,INDIFFERENT,False
ZAwIaSCk1xM,Game On (Ananda Shake Remix),"Electra, System Nipel",Thank You for Flying Utopia,7:51,471,2026-09-12T20:31:33Z,2026-10-04T09:50:15Z,5,362,INDIFFERENT,False
aZR3B3hLKr8,Get Down (feat. Mike Mictlan),"Mike Mictlan, P.O.S",We Don't Even Live Here,3:40,220,2026-09-12T20:31:33Z,2026-10-03T09:10:54Z,2,376,INDIFFERENT,False
lm0mEp2v-t8,Backseat Freestyle,Kendrick Lamar,"good kid, m.A.A.d. city",3:33,213,2026-09-12T20:31:33Z,2026-09-12T20:31:33Z,1,438,INDIFFERENT,False
phELKuqnaS4,Sugar On My Tongue,"Tyler, The Creator",DON'T TAP THE GLASS,2:34,154,2026-09-12T20:31:33Z,2026-09-27T09:17:15Z,7,444,INDIFFERENT,False
4OkI3PLvm7Y,You Can Do It,"Ice Cube, Mack 10, Ms. Toi",War & Peace Vol. 2 (The Peace Disc),4:20,260,2026-09-12T20:31:33Z,2026-09-12T20:31:33Z,1,461,INDIFFERENT,False
6K16Y895WvQ,All There (feat. Bankroll Fresh),Jeezy,Trap Or Die 3,3:19,199,2026-09-12T20:31:33Z,2026-09-12T20:31:33Z,1,463,INDIFFERENT,False
DRqIl5oKAgs,Yeern 101,ScHoolboy Q,BLUE LIPS,2:21,141,2026-09-12T20:31:33Z,2026-09-12T20:31:33Z,1,464,INDIFFERENT,False
DQjJ0canjgI,Bear Hill,Raekwon,The Emperor's New Clothes,2:25,145,2026-09-12T20:31:33Z,2026-09-12T20:31:33Z,1,468,INDIFFERENT,False
HuMlwKyDwTE,Dirty Rat,"Orbital, Sleaford Mods",Optical Delusion,5:17,317,2026-09-12T20:31:33Z,2026-09-24T08:29:18Z,7,468,INDIFFERENT,False
j21AR05jUSU,Mix Harder Better (Daft Punk).,Leo Jackman Proyect,Mix Harder Better (Daft Punk).,5:12,312,2026-09-12T20:31:33Z,2026-09-12T20:31:33Z,1,477,INDIFFERENT,False
4zIZI7M4GBk,Did You Hear the Rain?,George Ezra,Did You Hear the Rain?,2:58,178,2026-09-12T20:31:33Z,2026-10-01T10:10:21Z,3,234,INDIFFERENT,False
UdfYlkSFXIM,Warning,i_o,"We Are Friends, Vol. 7",3:23,203,2026-09-12T20:31:33Z,2026-10-02T09:48:13Z,6,212,INDIFFERENT,False
pnNuUx6kQMc,BRAZZIER,Future,MIXTAPE PLUTO,3:09,189,2026-09-12T20:31:33Z,2026-09-12T20:31:33Z,1,481,INDIFFERENT,False
tKCqmiTGNLY,What's My Name,DMX,...And Then There Was X,3:53,233,2026-09-12T20:31:33Z,2026-09-12T20:31:33Z,1,482,INDIFFERENT,False
j6Pr6-Iw8CE,Antartica,Asia 2001,Ama Zone,8:13,493,2026-09-12T20:31:33Z,2026-10-04T09:50:15Z,4,199,INDIFFERENT,False
QVG6VY-PFGk,HELICOPTER,A$AP Rocky,Don't Be Dumb,2:41,161,2026-09-12T20:31:33Z,2026-10-03T09:10:54Z,5,390,INDIFFERENT,False
RpFwXfOpwoc,Stay Fly (feat. Young Buck & Eightball & MJG),Three 6 Mafia,Stay Fly (4 Pack),3:59,239,2026-09-12T20:31:33Z,2026-09-12T20:31:33Z,1,492,INDIFFERENT,False
ftXz7aMQNTY,Blueberry Yum Yum (feat. Sleepy Brown),Ludacris,The Red Light District,3:56,236,2026-09-12T20:31:33Z,2026-09-12T20:31:33Z,1,493,INDIFFERENT,False
uUvT8J_9AMI,Get Your Roll On,Big Tymers,I Got That Work,4:03,243,2026-09-12T20:31:33Z,2026-09-12T20:31:33Z,1,494,INDIFFERENT,False
MOlwobnYKAI,We Gonna Make It (feat. Styles P),Jadakiss,Kiss Tha Game Goodbye,3:34,214,2026-09-12T20:31:33Z,2026-09-12T20:31:33Z,1,497,INDIFFERENT,False
6ZdYDm1CSMA,Somewhere Only We Go,Tom Grennan,"Everywhere I Went, Led Me to Where I Didn't Want to Be",3:00,180,2026-09-12T20:31:33Z,2026-10-01T10:10:21Z,8,223,INDIFFERENT,False
n5FA1ReVRN0,Outshined,Soundgarden,Badmotorfinger (25th Anniversary Remaster),5:11,311,2026-09-12T20:18:18Z,2026-10-01T10:10:21Z,4,415,INDIFFERENT,False
4PgA0IWMwhs,Lalala,"Method Man, Redman",Muddy Waters Too,3:19,199,2026-09-12T20:18:18Z,2026-09-22T08:34:19Z,3,440,INDIFFERENT,False
FpEl3AvpcoE,Cellophane,King Gizzard & The Lizard Wizard,I'm In Your Mind Fuzz,3:11,191,2026-09-12T20:18:18Z,2026-09-12T20:18:18Z,1,53,INDIFFERENT,False
G5WoUma-NyE,Prayer Knees,Tijuana Panthers,Max Baker,3:08,188,2026-09-12T20:18:18Z,2026-09-29T09:51:34Z,4,69,INDIFFERENT,False
ecbj4JIT9kg,ASTRAL FANG (feat. WIZAX),UFO,ASTRAL FANG,7:24,444,2026-09-12T20:18:18Z,2026-10-04T09:50:15Z,3,64,INDIFFERENT,False
gdfEIQ7QdLw,Aerodynamite,Daft Punk,Aerodynamic,7:49,469,2026-09-12T20:18:18Z,2026-09-12T20:18:18Z,1,199,INDIFFERENT,False
cO7SYC0zxCE,Goa Syndrome - Vimana,trancemedia1,,8:42,522,2026-09-12T20:18:18Z,2026-09-12T20:18:18Z,1,229,INDIFFERENT,False
CSSSc1ZVk2g,The Silence,"Monolink, Stephan Jolk",The Silence,4:24,264,2026-09-12T20:18:18Z,2026-10-01T10:10:21Z,16,290,INDIFFERENT,False
pu8Xf1OHVhA,Brutal (Edit),Oliver Huntemann,Brutal,3:02,182,2026-09-12T20:18:18Z,2026-09-27T09:17:15Z,7,400,INDIFFERENT,False
sYxRIbrtDPM,It's a Monster (Mystic Remix),Rising Dust,Reef,8:04,484,2026-09-12T20:18:18Z,2026-10-04T09:50:15Z,4,73,INDIFFERENT,False
h459IftF-pU,Ch-Check It Out,Beastie Boys,To The 5 Boroughs,3:13,193,2026-09-12T20:18:18Z,2026-09-24T08:29:18Z,2,356,INDIFFERENT,False
9xVSCy4b4sA,Shamanix (Remix),Hallucinogen,The Singles (Remastered 2024),8:10,490,2026-09-12T20:18:18Z,2026-09-12T20:18:18Z,1,303,INDIFFERENT,False
rhy9te4wnbc,En La Noche,Kangding Ray,Sirāt - Original Motion Picture Soundtrack,4:47,287,2026-09-12T20:18:18Z,2026-09-19T08:04:47Z,5,172,INDIFFERENT,False
JYJ6QJqy92s,Killing in the Name,Rage Against The Machine,Rock: The Train Kept A Rollin',5:14,314,2026-09-12T20:18:18Z,2026-09-26T08:37:40Z,2,481,INDIFFERENT,False
71bjGbroIUk,Looking at Your Pager (Extended),KH,Looking At Your Pager,5:51,351,2026-09-12T20:18:18Z,2026-09-21T08:58:47Z,7,162,INDIFFERENT,False
SvIDKeetkrs,Ruthless,Amon Tobin,Chaos Theory,5:16,316,2026-09-12T20:18:18Z,2026-10-04T09:50:15Z,9,100,INDIFFERENT,False
fnwsWmj5RG0,Origin (Bliss Remix),Captain Hook,Origin (Bliss Remix),10:04,604,2026-09-12T20:18:18Z,2026-09-29T09:51:34Z,14,214,INDIFFERENT,False
Rd27sUfd8gM,"Scenario (LP Mix) (feat. Busta Rhymes, Dinco D & Charlie Brown)",A Tribe Called Quest,The Low End Theory,4:11,251,2026-09-12T20:18:18Z,2026-09-12T20:18:18Z,1,451,INDIFFERENT,False
ZP657058PbQ,Unsung,Helmet,Meantime,3:57,237,2026-09-12T20:18:18Z,2026-09-12T20:18:18Z,1,467,INDIFFERENT,False
X5sZDaszA4Q,Minilogue ‎– Deep Motions,Progressive Classics,,10:19,619,2026-09-12T20:18:18Z,2026-09-21T08:58:47Z,3,457,INDIFFERENT,False
DkNcKOQCmfw,"Going, Going, Gone",Knox,"Going, Going, Gone",2:56,176,2026-09-12T19:59:58Z,2026-09-12T19:59:58Z,1,12,INDIFFERENT,False
ub8YU5Upe3Y,Heavyweight,"ArrDee, K Motionz, Riko Dan",Heavyweight,2:29,149,2026-09-12T19:59:58Z,2026-09-12T19:59:58Z,1,27,INDIFFERENT,False
qgX_3OY-pq4,Dreamin (feat. Daya),Dom Dolla,Dreamin,2:52,172,2026-09-12T19:59:58Z,2026-09-12T19:59:58Z,1,29,INDIFFERENT,False
R75HDop86sk,Body Shake,Max Styler,I Don't Think I Can Stop,3:47,227,2026-09-12T19:59:58Z,2026-09-13T08:20:16Z,2,31,INDIFFERENT,False
SQrKCytWbj8,Song 2,Blur,Blur,2:02,122,2026-09-12T19:59:58Z,2026-09-28T09:49:05Z,4,267,INDIFFERENT,False
9YBCqdbuKrQ,Help Is On The Way (Maybe Midnight),TobyMac,Life After Death,3:02,182,2026-09-12T19:59:58Z,2026-09-12T19:59:58Z,1,51,INDIFFERENT,False
OqYG87oxlGo,Another Night,Real McCoy,Another Night,3:57,237,2026-09-12T19:59:58Z,2026-09-12T19:59:58Z,1,53,INDIFFERENT,False
c1Q_ynDkprQ,Apocalypse,Sighter,Apocalypse,7:02,422,2026-09-12T19:59:58Z,2026-09-12T19:59:58Z,1,68,INDIFFERENT,False
Mpm_B2C3vkc,Sedona,"Anickan, Vin Jay",Sedona,2:39,159,2026-09-12T19:59:58Z,2026-09-12T19:59:58Z,1,78,INDIFFERENT,False
sd5Ewokyo5E,Forbidden,DJ DEMON,Forbidden,4:54,294,2026-09-12T19:59:58Z,2026-09-12T19:59:58Z,1,90,INDIFFERENT,False
uGi-q0irHlE,Break Your Heart (feat. Ludacris),Taio Cruz,Rokstarr (Special Edition),3:06,186,2026-09-12T19:59:58Z,2026-09-12T19:59:58Z,1,94,INDIFFERENT,False
mA5wkxDyAEE,Temperature,Sean Paul,The Trinity,3:37,217,2026-09-12T19:59:58Z,2026-09-12T19:59:58Z,1,100,INDIFFERENT,False
nGMZDFCZCNQ,L.s.dance (LOUD Remix),Psysex,L.s.dance Remixes,7:54,474,2026-09-12T19:59:58Z,2026-09-12T19:59:58Z,1,104,INDIFFERENT,False
06IAV_ZAFIw,Drip Code,FJAAK,SPANDAU20 012,4:51,291,2026-09-12T19:59:58Z,2026-09-12T19:59:58Z,1,110,INDIFFERENT,False
sqsyXuc-lXE,Jazzed Up,Bellaire,Jazzed Up,2:50,170,2026-09-12T19:59:58Z,2026-09-29T09:51:34Z,7,16,INDIFFERENT,False
Idxn_Ctg8t4,Poor Queen,Thee Oh Sees,Mutilator Defeated at Last,2:21,141,2026-09-12T19:59:58Z,2026-09-12T19:59:58Z,1,116,INDIFFERENT,False
aFbIWCr_6jM,Future Starts Slow,The Kills,Blood Pressures,4:05,245,2026-09-12T19:59:58Z,2026-09-29T09:51:34Z,6,263,INDIFFERENT,False
R9Oo7wv28to,Agony of Discipline,Ivort,A Pinch of Thoughts,10:45,645,2026-09-12T19:59:58Z,2026-09-25T08:51:12Z,2,333,INDIFFERENT,False
PDtEjOki87E,Borrowed Time,Parquet Courts,Light Up Gold,2:33,153,2026-09-12T19:59:58Z,2026-09-29T09:51:34Z,8,99,INDIFFERENT,False
sKSLJXcBLOw,JOY (Life Goes On),"Ezra Collective, Joy Anonymous, Sampa the Great",Where I'm Meant To Be (Deluxe Edition),3:42,222,2026-09-12T19:59:58Z,2026-09-29T09:51:34Z,6,478,INDIFFERENT,False
ApiSnfd4Srk,More of Just the Same,"Infected Mushroom, WHITENO1SE",More than Just a Name,7:09,429,2026-09-12T19:59:58Z,2026-09-12T19:59:58Z,1,130,INDIFFERENT,False
0hdQi2_HzAc,Heartbreaker (Remaster),Led Zeppelin,Led Zeppelin II (Deluxe Edition),4:15,255,2026-09-12T19:59:58Z,2026-10-03T09:10:54Z,6,216,INDIFFERENT,False
8jxhpOYNcDY,Rebel Rebel,David Bowie,Diamond Dogs,4:35,275,2026-09-12T19:59:58Z,2026-10-04T09:50:15Z,3,262,INDIFFERENT,False
E6SbPv1Fu80,In Bloom,Nirvana,Nevermind (Deluxe Edition),4:16,256,2026-09-12T19:59:58Z,2026-10-01T10:10:21Z,8,266,INDIFFERENT,False
qvEsCDEXqAA,Elephant,Fai Laci,Elephant,4:10,250,2026-09-12T19:59:58Z,2026-09-12T19:59:58Z,1,148,INDIFFERENT,False
2RicaUqd9Hg,Twist And Shout (Remastered 2009),The Beatles,Please Please Me,2:36,156,2026-09-12T19:59:58Z,2026-10-04T09:50:15Z,5,315,INDIFFERENT,False
2QVLtL4PnhE,Story of My Life,Social Distortion,Social Distortion,5:47,347,2026-09-12T19:59:58Z,2026-09-13T08:20:16Z,2,396,INDIFFERENT,False
Q9HMSr-5_p8,Santa Monica (Remastered 2004),Everclear,Class of '95,3:12,192,2026-09-12T19:59:58Z,2026-10-01T10:10:21Z,14,8,INDIFFERENT,False
tgj2br-teu4,Limelight,Rush,Moving Pictures,4:20,260,2026-09-12T19:59:58Z,2026-09-28T09:49:05Z,3,362,INDIFFERENT,False
rubpIfLPzvU,The Middle,Jimmy Eat World,Bleed American,2:46,166,2026-09-12T19:59:58Z,2026-10-01T10:10:21Z,5,149,INDIFFERENT,False
fJWf8_ZEi2s,"Dust, Whiskey & Redemption",Andrei AI Music,"Dust, Whiskey & Redemption",3:26,206,2026-09-12T19:59:58Z,2026-09-12T19:59:58Z,1,184,INDIFFERENT,False
hegodAykvY4,Archbishop Harold Holmes,Jack White,No Name,2:52,172,2026-09-12T19:59:58Z,2026-09-12T19:59:58Z,1,187,INDIFFERENT,False
z0jOyz222qc,Techno Lilith (Melodic Dark Techno Mix),RTTWLR,Techno Lilith,56:02,3362,2026-09-12T19:59:58Z,2026-09-12T19:59:58Z,1,206,INDIFFERENT,False
8RXUB-Q27tk,Return of the Sentinels (Abandoned Armory Theme),2XKO & Joe Ford,Don't Fear the Dark (Original Soundtrack from 2XKO),3:25,205,2026-09-12T19:59:58Z,2026-09-12T19:59:58Z,1,226,INDIFFERENT,False
Yx-cab5KGgU,Barael's Blade,The Sword,Age of Winters,2:49,169,2026-09-12T19:46:51Z,2026-09-28T09:49:05Z,4,486,INDIFFERENT,False
SDYW9oX3XDU,The Eliath Symphony,Ballarak,ARTCORE DUO XVI,3:07,187,2026-09-12T19:46:51Z,2026-09-12T19:59:58Z,2,80,INDIFFERENT,False
de2kIbkAMWs,E-Pro,Beck,E-Pro,3:24,204,2026-09-12T19:46:51Z,2026-09-30T09:44:01Z,8,421,INDIFFERENT,False
PWVnhMylOEA,Closer (Adriatique x GENESI),"Adriatique, Emmit Fenn, & GENESI",Closer (Adriatique x GENESI),3:08,188,2026-09-12T19:46:51Z,2026-09-12T19:59:58Z,2,64,INDIFFERENT,False
ueYHmwuQMLY,Endless Wish,"Ktrina, Pop Art",Endless Wish,5:44,344,2026-09-12T19:46:51Z,2026-09-12T19:46:51Z,1,73,INDIFFERENT,False
Duk2mGm6Hto,No Light Theory (Xipe Totecs Remix),Spectra Sonics,No Light Theory / Samurai Remixes,7:19,439,2026-09-12T19:46:51Z,2026-09-12T19:46:51Z,1,78,INDIFFERENT,False
Xh1xRiuteHE,Mysterious Ways (Avan7 Remix),Sesto Sento,Mysterious Ways (Avan7 Remix),8:30,510,2026-09-12T19:46:51Z,2026-10-04T09:50:15Z,5,253,INDIFFERENT,False
pAgb9NdNuyA,Galactic Mantra (Liquid Soul remix),Ovnimoon,Extrasensory Perception part 3,9:41,581,2026-09-12T19:46:51Z,2026-09-29T09:51:34Z,4,96,INDIFFERENT,False
-7jWhMKuOeU,In Phase,Gorovich,In Phase,7:53,473,2026-09-12T19:46:51Z,2026-09-13T08:20:16Z,2,207,INDIFFERENT,False
ojfUicl2Wus,Luna,Dekel,Sol,11:43,703,2026-09-12T19:46:51Z,2026-09-13T08:20:16Z,2,309,INDIFFERENT,False
niaFeC59UtE,Hypnotize Pt. 2,DEKEL & Out Of Orbit,Ancient Future,7:36,456,2026-09-12T19:46:51Z,2026-09-26T08:37:40Z,3,427,INDIFFERENT,False
B00_0aJxSu4,"...But Nothing Is Lost (Remastered, 2019)",Shpongle,"Nothing Lasts...but Nothing Is Lost (Remastered, 2019)",4:39,279,2026-09-12T19:46:51Z,2026-09-12T20:18:18Z,2,306,INDIFFERENT,False
TkAr8wzvWhQ,Tandu -  Alien Pump (LOUD & Oforia Remix),Loud,,6:46,406,2026-09-12T19:46:51Z,2026-09-12T19:46:51Z,1,141,INDIFFERENT,False
EIlaJ6VdbqM,summer on the inside,"Jean Tonique, Max Kaluza, warner case",summer on the inside,3:26,206,2026-09-12T19:46:51Z,2026-10-03T09:10:54Z,12,5,INDIFFERENT,False
0932M7RRZT0,Tribalrave,OXIV,Tribalrave,9:16,556,2026-09-12T19:46:51Z,2026-09-12T19:46:51Z,1,151,INDIFFERENT,False
x4P7J6LXyBg,Galaxians,Sensient,Way of the Sloth,11:08,668,2026-09-12T19:46:51Z,2026-09-26T08:37:40Z,3,350,INDIFFERENT,False
GnAzMHLif9M,The Great Venusian Apocalypse,HENGE,Cosmic Dross,3:18,198,2026-09-12T19:46:51Z,2026-09-12T19:46:51Z,1,162,INDIFFERENT,False
MeDMd70DVh8,Join Together (Original Single A-Side Mix),The Who,Who’s Next : Life House (Super Deluxe),4:23,263,2026-09-12T19:46:51Z,2026-10-03T09:10:54Z,4,132,INDIFFERENT,False
wM4sFtAokjs,Gelatinous Cube,Thee Oh Sees,A Weird Exits,3:28,208,2026-09-12T19:46:51Z,2026-10-03T09:10:54Z,3,29,INDIFFERENT,False
DAYQhuTQt0E,The Gutter,ALEXSUCKS,The Gutter,2:50,170,2026-09-12T19:46:51Z,2026-09-30T09:44:01Z,7,24,INDIFFERENT,False
tt8ZpdL3F7M,Robotrikim,Psysex,Fantasmagorie,9:08,548,2026-09-12T19:46:51Z,2026-09-12T19:46:51Z,1,238,INDIFFERENT,False
LhOjN4t0YsY,Breathe,The Prodigy,The Fat of the Land - Expanded Edition,5:35,335,2026-09-12T19:46:51Z,2026-10-01T10:10:21Z,9,294,INDIFFERENT,False
HQ1VXw_cdRA,What?! (2022 Edition),SHTUBY,What?! (2022 Edition),7:59,479,2026-09-12T19:46:51Z,2026-09-12T19:46:51Z,1,257,INDIFFERENT,False
IHf9yeEDADA,Why Won't You Make Up Your Mind? (Live),Tame Impala,Live Versions,4:22,262,2026-09-12T19:46:51Z,2026-09-30T09:44:01Z,4,375,INDIFFERENT,False
ZgoE-brDKHo,Ratio Shmatio,Infected Mushroom,IM The Supervisor,6:30,390,2026-09-12T19:46:51Z,2026-09-29T09:51:34Z,8,121,INDIFFERENT,False
tk5m_TAD_AM,Fever,The Black Keys,Turn Blue,4:07,247,2026-09-12T19:46:51Z,2026-10-01T10:10:21Z,5,108,INDIFFERENT,False
kcxK1Tnwy5M,"Around the World / Harder, Better, Faster, Stronger",Daft Punk,Alive 2007,5:43,343,2026-09-12T19:46:51Z,2026-10-01T10:10:21Z,10,202,INDIFFERENT,False
qcUlBIn8j9Y,Where Are You Now?,Royal Blood,How Did We Get So Dark?,2:47,167,2026-09-12T19:46:51Z,2026-09-12T20:18:18Z,2,483,INDIFFERENT,False
283DRSGOFgU,Pac-Man Theory (Cronocops Remix),Modus,The Future Is Behind Us (Visitors Edition),9:30,570,2026-09-12T19:46:51Z,2026-09-13T08:20:16Z,2,118,INDIFFERENT,False
Ye9hGotPPVk,I'm Still Standing,Elton John,Too Low For Zero,3:04,184,2026-09-12T19:46:51Z,2026-10-04T09:50:15Z,8,30,INDIFFERENT,False
DYDT165LGBY,The Lost Art Of Keeping A Secret,Queens Of The Stone Age,Rated R - Deluxe Edition,3:37,217,2026-09-12T19:46:51Z,2026-09-29T09:51:34Z,6,268,INDIFFERENT,False
wj_kpf-fuHk,The Jolly Roger,"Ace Ventura, Captain Hook",Jolly Roger,10:00,600,2026-09-12T19:46:51Z,2026-09-30T09:44:01Z,5,54,INDIFFERENT,False
0-nv9tlLr64,Heavy Doctor,Thee Oh Sees,Carrion Crawler / The Dream,3:07,187,2026-09-12T19:46:51Z,2026-09-12T19:46:51Z,1,450,INDIFFERENT,False
170sceOWWXc,Paint It Black,The Rolling Stones,Aftermath,3:23,203,2026-09-12T19:46:51Z,2026-09-12T19:46:51Z,1,476,INDIFFERENT,False
DxQK_ARQmMY,Don't Stop Me Now,Queen,Jazz (Deluxe Remastered Version),3:30,210,2026-09-12T19:29:28Z,2026-09-14T08:57:25Z,2,393,LIKE,True
uUOMQzQdU34,Evil,Interpol,Antics (The Special Edition),3:36,216,2026-09-12T19:29:28Z,2026-10-03T09:10:54Z,11,62,INDIFFERENT,False
ma5hQm-IVD8,Paper Machete,Queens of the Stone Age,In Times New Roman...,3:23,203,2026-09-12T19:29:28Z,2026-09-30T09:44:01Z,4,216,INDIFFERENT,False
UPphO_ibuV8,23 Times,"Javiis, Munkler",Paradox,6:06,366,2026-09-12T19:29:28Z,2026-09-21T08:58:47Z,5,467,INDIFFERENT,False
PAHAbW-eAJs,Liquid Hook (Second Remix),"Captain Hook, Liquid Soul",Universo Paralello 13,7:53,473,2026-09-12T19:29:28Z,2026-09-16T08:37:24Z,3,438,INDIFFERENT,False
-YQ8IbVIwPM,Somewhere I Belong,Linkin Park,Meteora,3:34,214,2026-09-12T19:29:28Z,2026-10-01T10:10:21Z,5,71,INDIFFERENT,False
GG4aNiGswNQ,Cold Cold Man,Saint Motel,My Type EP,3:51,231,2026-09-12T19:29:28Z,2026-10-02T09:48:13Z,8,147,INDIFFERENT,False
21euaOPVneM,Dashboard,Modest Mouse,We Were Dead Before The Ship Even Sank,4:07,247,2026-09-12T19:29:28Z,2026-10-04T09:50:15Z,8,322,INDIFFERENT,False
9-2m07d2Neo,Fire,The Jimi Hendrix Experience,Are You Experienced,2:44,164,2026-09-12T19:29:28Z,2026-10-04T09:50:15Z,3,67,INDIFFERENT,False
yJD8ABf5jbY,Already Gone,Eagles,On the Border,4:16,256,2026-09-12T19:29:28Z,2026-10-04T09:50:15Z,10,138,INDIFFERENT,False
rt5bybIbgjI,Lupine Dominus,Thee Oh Sees,Putrifiers II,3:29,209,2026-09-12T19:29:28Z,2026-09-12T19:29:28Z,1,97,INDIFFERENT,False
aleaJs2yawk,Stress (WWW),Justice,Woman Worldwide,5:49,349,2026-09-12T19:29:28Z,2026-10-02T09:48:13Z,8,350,INDIFFERENT,False
PJdJ2J4bi4A,Ressentiment,DJ YAGI,Ressentiment,7:02,422,2026-09-12T19:29:28Z,2026-09-25T08:51:12Z,9,270,INDIFFERENT,False
tiZyT3VIhFc,Cat Spirit (Extended Mix),Spectra Sonics & DJ KATO,Cat Spirit,6:58,418,2026-09-12T19:29:28Z,2026-10-04T09:50:15Z,9,400,INDIFFERENT,False
0AOiQ6vppx0,Astral Way,Etnica,30 Years,8:03,483,2026-09-12T19:29:28Z,2026-09-12T19:29:28Z,1,164,INDIFFERENT,False
H8bVaTW6UCU,The Ocean (Remaster),Led Zeppelin,Houses of the Holy (Deluxe Edition),4:32,272,2026-09-12T19:29:28Z,2026-10-04T09:50:15Z,6,274,INDIFFERENT,False
u-uE6m9zZ-E,Limitless Dimension (Gate 3),Dimension 5,Second Phaze,7:44,464,2026-09-12T19:29:28Z,2026-09-12T19:29:28Z,1,174,INDIFFERENT,False
TWhQ9ZjBZWE,Feed The Addiction,ILS,Bohemia,4:39,279,2026-09-12T19:29:28Z,2026-09-20T08:37:04Z,5,266,INDIFFERENT,False
CguH8vCmPnk,All I Hear (is a funky bassline),The Sponges & Father Funk,All I Hear (is a funky bassline),3:37,217,2026-09-12T19:29:28Z,2026-09-27T09:17:15Z,12,237,INDIFFERENT,False
WC4B1hOgRX8,Ain't That A Lot Of Love,Taj Mahal,The Rolling Stones Rock And Roll Circus (Expanded),3:50,230,2026-09-12T19:29:28Z,2026-10-04T09:50:15Z,17,58,INDIFFERENT,False
2a_xi9WHJps,Nitro,Dick Dale,Tribal Thunder,3:20,200,2026-09-12T19:29:28Z,2026-09-12T19:29:28Z,1,193,INDIFFERENT,False
6LbIU56moBw,Wild Child,The Black Keys,Dropout Boogie,2:45,165,2026-09-12T19:29:28Z,2026-10-04T09:50:15Z,8,10,INDIFFERENT,False
YiY6LGmDoMY,Kees & Kamiel In De Disco,Kamiel On Hashied,Kees & Kamiel In De Disco,4:00,240,2026-09-12T19:29:28Z,2026-09-17T08:41:05Z,4,87,INDIFFERENT,False
p10Ajc66JVw,Echotron,Maksim Dark,UNDERPULSE,6:49,409,2026-09-12T19:29:28Z,2026-09-25T08:51:12Z,8,366,INDIFFERENT,False
h_msJNjouqw,Travelin' Band,Creedence Clearwater Revival,Cosmo's Factory (Expanded Edition),2:08,128,2026-09-12T19:29:28Z,2026-10-04T09:50:15Z,8,114,INDIFFERENT,False
TTAa2oEUfGs,Totem,Ummet Ozcan,Totem,4:40,280,2026-09-12T19:29:28Z,2026-09-13T01:23:15Z,3,242,INDIFFERENT,False
KHn0jXvRhL8,Rainbow (Koastle & Beauvais Remix),Koastle,,2:42,162,2026-09-12T19:29:28Z,2026-09-30T09:44:01Z,12,282,INDIFFERENT,False
hG-_cZ2fN5o,Bad Kids,Black Lips,Good Bad Not Evil,2:09,129,2026-09-12T19:29:28Z,2026-09-12T20:31:33Z,3,62,INDIFFERENT,False
hWGNJYNDBd0,Hang Me Up To Dry,Cold War Kids,Robbers & Cowards,3:39,219,2026-09-12T19:29:28Z,2026-10-04T09:50:15Z,17,16,INDIFFERENT,False
QQsf8wRiEoc,Mona Lisa Overdrive,Juno Reactor,Labyrinth,4:46,286,2026-09-12T19:29:28Z,2026-09-19T08:04:47Z,7,36,INDIFFERENT,False
oTmWW5CgWj8,Pulp Friction,Jade,Jade Presents The Venom LP,4:55,295,2026-09-12T19:29:28Z,2026-09-29T09:51:34Z,12,486,INDIFFERENT,False
bcSYeDDBPWg,Justin Simmons – Helga Möller (New Aluminists Remix),Late Night Workout,,6:24,384,2026-09-12T19:29:28Z,2026-09-22T08:34:19Z,5,308,INDIFFERENT,False
9UK3IiNyfiU,Schöneberg,"Marcos López, Marmion, Mijk Van Dijk",Berlin E.P.,6:26,386,2026-09-12T19:29:28Z,2026-09-27T09:17:15Z,10,434,INDIFFERENT,False
GMyJd36z80I,Nobody,Psyko Disko,"Psy-Harmonics, Vol. 3: Hacking the Reality Myth",8:15,495,2026-09-12T19:29:28Z,2026-09-12T20:18:18Z,2,248,INDIFFERENT,False
J_Zm45-2u5k,Better Place,"Jack August, Twin Diplomacy",Better Place,3:21,201,2026-09-12T19:29:28Z,2026-10-04T09:50:15Z,15,280,INDIFFERENT,False
Lj_xjlGGOLw,Digeridoo,Aphex Twin,Digeridoo,7:12,432,2026-09-12T19:29:28Z,2026-09-24T08:29:18Z,12,348,INDIFFERENT,False
5XnkLA4pz-c,Miller Boll Breakers,Deavid Soul,Sparkling Music,5:32,332,2026-09-12T19:29:28Z,2026-09-12T19:29:28Z,1,369,INDIFFERENT,False
FY-WftMUQ94,Pork And Beans,Weezer,Weezer (Red Album),3:10,190,2026-09-12T19:29:28Z,2026-10-03T09:10:54Z,11,155,INDIFFERENT,False
9DYPfItb2fk,Lonely Boy,The Black Keys,El Camino,3:14,194,2026-09-12T19:29:28Z,2026-10-04T09:50:15Z,14,215,INDIFFERENT,False
Th8v0EZiDik,Fluorescent Adolescent,Arctic Monkeys,Favourite Worst Nightmare,2:54,174,2026-09-12T19:29:28Z,2026-09-24T08:29:18Z,5,384,INDIFFERENT,False
2ywuTHikEeQ,I Am A Freak,Younger Brother,The Last Days Of Gravity,9:01,541,2026-09-12T19:29:28Z,2026-09-12T20:18:18Z,2,348,INDIFFERENT,False
-BHhMD12ILM,DVNO (Radio Edit),Justice & DVNO,DVNO,3:12,192,2026-09-12T19:29:28Z,2026-09-12T19:29:28Z,1,405,INDIFFERENT,False
p2-xzHSOlAU,Summertime (Bonus Track),Beck,Summertime,2:10,130,2026-09-12T19:29:28Z,2026-10-04T09:50:15Z,9,434,INDIFFERENT,False
12fJAnaif34,I Was Made For Lovin' You,Kiss,Dynasty,4:32,272,2026-09-12T19:29:28Z,2026-10-04T09:50:15Z,11,254,INDIFFERENT,False
j2R6uT7uLFg,Last Resort,Papa Roach,Infest,3:20,200,2026-09-12T19:29:28Z,2026-09-12T19:29:28Z,1,488,INDIFFERENT,False
8jVGuRaHpyg,Stomp The Floor (Hard Mix),Hyper State,Stomp The Floor Remix Album,4:26,266,2026-09-12T19:29:28Z,2026-09-12T19:29:28Z,1,492,INDIFFERENT,False
DeXKIImngSw,that friend who can always catch your tune (FANMADE EXTENDED VERSION),FionaIsTired,,2:06,126,2026-09-12T19:29:28Z,2026-10-04T09:50:15Z,8,329,INDIFFERENT,False
Bewcw1PWtHY,Killin' It,Foxy Shazam,Foxy Shazam,3:59,239,2026-09-12T11:25:40Z,2026-09-12T11:25:40Z,1,40,LIKE,False
AMX24gEtRzQ,Answer From The Stars,Vegas (Brazil),Answer From The Stars,6:50,410,2026-09-12T11:25:40Z,2026-09-12T11:25:40Z,1,58,INDIFFERENT,False
UyP6U2UqbZw,Free My Soul,"CERES, Space 92, Vini Vici",Free My Soul,3:34,214,2026-09-12T11:25:40Z,2026-09-13T08:20:16Z,2,23,INDIFFERENT,False
udRjdNGfVG0,The Power of Now (Shanti V Deedrah remix),Captain Hook,The Power of Now Remixes 2018,6:40,400,2026-09-12T11:25:40Z,2026-09-12T11:25:40Z,1,113,INDIFFERENT,False
tnfhaPPwOjg,Lost Paradise,GroundBass,Lost Paradise,9:17,557,2026-09-12T11:25:40Z,2026-09-15T08:42:48Z,9,53,INDIFFERENT,False
H8N_fixIoGY,Liquid Hook (Gorovich Remix),"Captain Hook, Liquid Soul",Liquid Hook (Gorovich Remix),6:58,418,2026-09-12T11:25:40Z,2026-09-26T08:37:40Z,7,410,INDIFFERENT,False
EU79S-pFmn0,Can't Get You Out of My Head,Kylie Minogue,Can't Get You Out of My Head,3:52,232,2026-09-12T11:25:40Z,2026-10-02T09:48:13Z,3,144,INDIFFERENT,False
f-wEJgEq2f8,Dont Stop Now,Monococ,Lost,6:19,379,2026-09-12T11:18:11Z,2026-09-12T11:18:11Z,1,9,INDIFFERENT,False
ci3FiZM7_mg,Astral Pancakes (Remastered 2024),Hallucinogen,The Singles (Remastered 2024),8:03,483,2026-09-12T11:18:11Z,2026-10-01T10:10:21Z,6,212,INDIFFERENT,False
S8nGzjrvQNM,Love Forever,Max Styler & Kuuda,I Don't Think I Can Stop,3:39,219,2026-09-12T11:18:11Z,2026-09-12T11:18:11Z,1,26,INDIFFERENT,False
mae2-JoQ6Tc,Heavy Metal x DVNO (WWW),Justice,Woman Worldwide,4:44,284,2026-09-12T11:18:11Z,2026-10-04T09:50:15Z,3,203,INDIFFERENT,False
PTvzWTBhOs0,Spiral Code,Techflex,Hypnosis 1,5:33,333,2026-09-12T11:18:11Z,2026-09-12T19:46:51Z,2,40,INDIFFERENT,False
OK5fh05Ov5A,MandelBrock,"Boogie T, Mr. Bill",StepBroStep EP,4:42,282,2026-09-12T11:18:11Z,2026-09-26T08:37:40Z,5,493,INDIFFERENT,False
7r16zOMQXek,Napoleon,$uicideboy$,THY KINGDOM COME,2:37,157,2026-09-12T11:18:11Z,2026-09-12T11:18:11Z,1,93,INDIFFERENT,False
pZ_zeodlRRY,Marea (we’ve lost dancing),"Fred again.., The Blessed Madonna",Actual Life (April 14 - December 17 2020),4:46,286,2026-09-12T11:18:11Z,2026-10-02T09:48:13Z,15,30,INDIFFERENT,False
sG_etTHdrBc,L.S.D.,Hallucinogen,Twisted,6:44,404,2026-09-12T11:18:11Z,2026-10-04T09:50:15Z,17,70,INDIFFERENT,False
pL52ZxoxePE,The Power of Now,Captain Hook,Mr. Gold,8:24,504,2026-09-12T11:18:11Z,2026-09-30T09:44:01Z,2,394,INDIFFERENT,False
DfpwjfR-JOQ,We Come In Peace (Talpa Remix) (feat. Solar Kid),"Liquid Soul, Zyce",The Remixes,5:52,352,2026-09-12T11:18:11Z,2026-09-12T11:18:11Z,1,312,INDIFFERENT,False
RajNPCC7sDY,Flashback,"Pixel, Vini Vici",Part of the Dream - Compiled by Vini Vici,8:01,481,2026-09-12T11:18:11Z,2026-10-01T10:10:21Z,13,262,INDIFFERENT,False
cJ87A-NaSLk,I'm Against the Government,Defiance Ohio,The Calling - EP,2:34,154,2026-09-12T11:08:41Z,2026-09-30T09:44:01Z,10,458,INDIFFERENT,False
A9NgTtn2SzQ,Alakazam ! x Fire (WWW),Justice,Woman Worldwide,6:10,370,2026-09-12T11:08:41Z,2026-10-04T09:50:15Z,5,480,INDIFFERENT,False
l4SFUztLWOA,Too Long / Steam Machine,Daft Punk,,7:02,422,2026-09-12T11:08:41Z,2026-09-28T09:49:05Z,9,495,INDIFFERENT,False
g6qs87o89pM,Forest Cure,Ajja,Oddular,7:57,477,2026-09-12T11:08:41Z,2026-09-12T19:46:51Z,4,131,INDIFFERENT,False
9vNu5qwXIL0,Six Feet Under (Captain Hook Remix),Perfect Stranger,Rocky Tilbor - Best of My Set Vol.17,10:24,624,2026-09-12T11:08:41Z,2026-09-19T08:04:47Z,3,215,INDIFFERENT,False
bTF98DAUHUs,One Song,"Freedom Fighters, Merkaba",Leave Babylon,9:32,572,2026-09-12T11:08:41Z,2026-09-26T08:37:40Z,6,319,INDIFFERENT,False
qaz35PH3LoQ,Fastest Horse in Town,Sturgill Simpson,SOUND & FURY,7:06,426,2026-09-12T11:08:41Z,2026-09-29T09:51:34Z,9,418,INDIFFERENT,False
z6TiO8mbtlY,A Brief History Of Goa-Trance Juno Reactor,Talamasca,A Brief History Of Goa-Trance,8:28,508,2026-09-12T11:08:41Z,2026-09-30T09:44:01Z,23,348,INDIFFERENT,False
lBCImCqSZBE,Right on Time,"12th Planet, Kill The Noise, Skrillex",Bangarang EP,4:06,246,2026-09-12T11:08:41Z,2026-09-28T09:49:05Z,7,353,INDIFFERENT,False
rAxWHgjnWBA,Strike A Match,"Daily Bread, Obeah",Across The Burning Sky,3:32,212,2026-09-12T11:08:41Z,2026-09-25T08:51:12Z,3,393,INDIFFERENT,False
NfEJAc904Yc,Just Lay Still,John Congleton and the Nighty Nite,Until the Horror Goes,3:27,207,2026-09-12T11:08:41Z,2026-10-04T09:50:15Z,12,288,INDIFFERENT,False
v1fUdD2ToPU,Nearly Lost You,Screaming Trees,Sweet Oblivion,4:08,248,2026-09-12T11:08:41Z,2026-09-29T09:51:34Z,5,199,INDIFFERENT,False
yleZidoUR4o,Compendium,Elder,Lore,10:40,640,2026-09-12T11:08:41Z,2026-09-13T08:20:16Z,3,448,INDIFFERENT,False
UjWZGLi-1jM,Kryptonite,3 Doors Down,The Better Life,3:54,234,2026-09-12T11:08:41Z,2026-10-02T09:48:13Z,9,185,INDIFFERENT,False
FqNRT8P7JUQ,Saw Lightning,Beck,Hyperspace,4:02,242,2026-09-12T11:08:41Z,2026-09-12T20:31:33Z,2,427,INDIFFERENT,False
cHhd23jzx6Y,PUT A HIT ON,MUTTLEE,PUT A HIT ON,2:55,175,2026-09-12T11:08:41Z,2026-09-12T11:25:40Z,2,463,INDIFFERENT,False
bVIMTFPcdEI,The Djembe is rising,"DJ N3M3ZIZ, Dusty Strings",The Djembe is rising,5:25,325,2026-09-12T11:08:41Z,2026-10-04T09:50:15Z,6,393,INDIFFERENT,False
Lq4K9xj-ioM,Melt Away (Curse Mackey Remix) (feat. Curse Mackey),Jet Cemetery,Melt Away (Curse Mackey Remix),5:08,308,2026-09-12T11:08:41Z,2026-10-04T09:50:15Z,9,426,INDIFFERENT,False
LlcyW90KbcA,Rage of the Universe,The Enigma Tng,Nightmares in Paradise,6:32,392,2026-09-12T11:08:41Z,2026-10-04T09:50:15Z,11,396,INDIFFERENT,False
ZP69PLBqFUo,Hold the Line,Toto,Toto,3:56,236,2026-09-12T11:08:41Z,2026-10-04T09:50:15Z,15,251,INDIFFERENT,False
l6c5FK2OUhY,Wearing Black,Laura Jane Grace,Wearing Black,3:01,181,2026-09-12T11:08:41Z,2026-09-12T11:08:41Z,1,199,INDIFFERENT,False
ck8sg0SfcOI,A Walk In The Alley,Evan Rion,A Walk In The Alley,3:15,195,2026-09-12T11:08:41Z,2026-09-12T19:59:58Z,2,209,INDIFFERENT,False
E6ksLTFW8xk,RAUCHERPAUSE,"Brecher ex Stromschienen Syndikat, lykia, staplegun",RAUCHERPAUSE,1:28,88,2026-09-12T11:08:41Z,2026-09-16T08:37:24Z,4,84,INDIFFERENT,False
AYRil3cbnwk,Mi-Loony-Um!,Hallucinogen,Mi-Loony-Um!,10:55,655,2026-09-12T11:08:41Z,2026-09-29T09:51:34Z,5,254,INDIFFERENT,False
tB2LU_L4Zdc,Consciousness,Liquid Soul,"Masters Of Psytrance, Vol. 10",9:04,544,2026-09-12T11:08:41Z,2026-09-17T08:41:05Z,5,205,INDIFFERENT,False
GrYm-w1tnkw,Sapana,Astrix,Astrix - He.art,8:38,518,2026-09-12T11:08:41Z,2026-09-20T08:37:04Z,6,319,INDIFFERENT,False
e1Nxe50Gv0w,Lost,"Morten Granau, Phaxe",Lost,9:21,561,2026-09-12T11:08:41Z,2026-10-01T10:10:21Z,13,56,INDIFFERENT,False
O-A7It0bZ2w,By the Way,Red Hot Chili Peppers,By the Way (Deluxe Edition),3:37,217,2026-09-12T11:08:41Z,2026-10-01T10:10:21Z,12,217,INDIFFERENT,False
U_-mFRAjsAo,Head Like a Hole (Clay),Nine Inch Nails,Head Like a Hole,4:35,275,2026-09-12T11:08:41Z,2026-10-01T10:10:21Z,10,384,INDIFFERENT,False
UcOUJM08bYk,Survival,Muse,The 2nd Law,4:18,258,2026-09-12T11:08:41Z,2026-09-28T09:49:05Z,8,426,INDIFFERENT,False
fsHj9YrSt0M,New American,Rancid,Tomorrow Never Comes,2:38,158,2026-09-12T11:08:41Z,2026-09-12T11:08:41Z,1,219,INDIFFERENT,False
m2zUrruKjDQ,Mr. Brightside,The Killers,Hot Fuss,3:43,223,2026-09-12T11:08:41Z,2026-09-21T08:58:47Z,2,273,INDIFFERENT,False
ffVyXM1qatE,Lost Son 2,The Enigma Tng,Z Themes,5:05,305,2026-09-12T11:08:41Z,2026-10-04T09:50:15Z,7,283,INDIFFERENT,False
kGNHwLicV2g,Cowboys from Hell,Pantera,Cowboys from Hell,4:04,244,2026-09-12T11:08:41Z,2026-09-12T11:08:41Z,1,225,INDIFFERENT,False
v8uJoLJJP70,Rain When I Die (2022 Remaster),Alice In Chains,Dirt (2022 Remaster),6:02,362,2026-09-12T11:08:41Z,2026-09-22T08:34:19Z,2,298,INDIFFERENT,False
ikFFVfObwss,Highway to Hell,AC/DC,Highway to Hell,3:29,209,2026-09-12T11:08:41Z,2026-10-03T09:10:54Z,3,137,INDIFFERENT,False
l4ciFmOCqIE,Reptile's Theme,Skrillex,Mortal Kombat (Songs Inspired by the Warriors),3:57,237,2026-09-12T11:08:41Z,2026-09-27T09:17:15Z,5,399,INDIFFERENT,False
bwikj_lQLT0,Halo Theme Mjolnir Mix,"Halo, Martin O'Donnell, Michael Salvatori","Halo 2, Vol. 1 (Original Soundtrack)",4:12,252,2026-09-12T11:08:41Z,2026-10-01T10:10:21Z,12,423,INDIFFERENT,False
C-_cx7KrR10,Itlug,Raps Tutorial,Itlug,4:35,275,2026-09-12T11:08:41Z,2026-10-04T09:50:15Z,7,401,INDIFFERENT,False
fvuTYadfBQA,Lovin On Me,Jack Harlow,Lovin On Me,2:19,139,2026-09-12T11:08:41Z,2026-10-04T09:50:15Z,13,293,INDIFFERENT,False
zM5LQX-s2Ms,Take Shape (feat. Billy Corgan),Code Orange,The Above,3:25,205,2026-09-12T11:08:41Z,2026-10-04T09:50:15Z,3,363,INDIFFERENT,False
MQzFOMII8lA,The Matriarch’s Rebirth (Juke Joint Stomp),Crossroads Legends,Mama Carter : Legend of the Delta (Full Album),2:50,170,2026-09-12T11:08:41Z,2026-09-23T08:36:35Z,5,493,INDIFFERENT,False
lRgH75ceSjM,Need Somebody,311,Need Somebody,3:08,188,2026-09-12T11:08:41Z,2026-09-12T11:08:41Z,1,235,INDIFFERENT,False
kGTPz3uneGU,Broken Leg,Bluejuice,Head of The Hawk,3:13,193,2026-09-12T11:08:41Z,2026-10-03T09:10:54Z,2,258,INDIFFERENT,False
TD-_KAidaRc,Carnival Of Death,"Damaxy, Unmute",Carnival Of Death,2:37,157,2026-09-12T11:08:41Z,2026-09-12T11:08:41Z,1,237,INDIFFERENT,False
WFpeLtDYODI,Deadweight,Disfear,Live the Storm,2:53,173,2026-09-12T11:08:41Z,2026-10-04T09:50:15Z,3,360,INDIFFERENT,False
AnKgkhH8Uug,Shake the Timber,Firelight Tavern,Shake the Timber,3:15,195,2026-09-12T11:08:41Z,2026-09-12T11:08:41Z,1,239,INDIFFERENT,False
RZx4e1pdq1Y,Sol Niger Within,Fredrik Thordendal's Special Defects,Sol Niger Within,43:29,2609,2026-09-12T11:08:41Z,2026-10-04T09:50:15Z,4,424,INDIFFERENT,False
Kx7B-XvmFtE,Believer,Imagine Dragons,Evolve,3:25,205,2026-09-12T11:08:41Z,2026-10-04T09:50:15Z,9,261,INDIFFERENT,False
qUTYWFSVkZ0,"Artist Block (feat. Milk In The Microwave, Chi-Chi, AXIE & Viridihart)",St4ticFilms,Artist Block,3:52,232,2026-09-12T11:08:41Z,2026-10-04T09:50:15Z,3,428,INDIFFERENT,False
R2MoRdSnQdw,Jiggle of the Sphinx,Hallucinogen,The Lone Deranger,6:41,401,2026-09-12T11:08:41Z,2026-09-26T08:37:40Z,6,328,INDIFFERENT,False
Fjfjw6zjjkM,"Audio, Video, Disco (WWW)",Justice,Woman Worldwide,6:13,373,2026-09-12T11:08:41Z,2026-09-13T01:23:15Z,5,300,INDIFFERENT,False
F6e2rM2-oLY,Television Rules the Nation / Crescendolls,Daft Punk,Alive 2007,4:51,291,2026-09-12T11:08:41Z,2026-10-01T10:10:21Z,17,101,INDIFFERENT,False
thPlblCAkQc,Shamanic Tales,Astrix,Astrix - He.art,13:02,782,2026-09-12T11:08:41Z,2026-09-18T08:16:45Z,4,398,INDIFFERENT,False
lhg9bYNLvOg,Thunderstruck,AC/DC,The Razors Edge,4:53,293,2026-09-12T11:08:41Z,2026-10-02T09:48:13Z,2,361,INDIFFERENT,False
-5Pr_niim-0,Horsepower,Justice,"Audio, Video, Disco.",3:40,220,2026-09-12T11:08:41Z,2026-10-04T09:50:15Z,6,452,INDIFFERENT,False
wDhhD-0GvAg,Adagio for TRON (Remixed by Teddybears),Daft Punk,TRON: Legacy Reconfigured,5:35,335,2026-09-12T11:08:41Z,2026-09-26T08:37:40Z,3,396,INDIFFERENT,False
60mjizHLbW4,Bungee Jump Protonica Remix,Captain Hook & Astrix,Bungee Jump,8:14,494,2026-09-12T11:08:41Z,2026-09-26T08:37:40Z,5,111,INDIFFERENT,False
3aJdgbJvn-o,I Am,Liquid Soul,,8:02,482,2026-09-12T11:08:41Z,2026-10-04T09:50:15Z,5,255,INDIFFERENT,False
ODuYLJobqMg,Black,The Enigma Tng,Z Themes,7:32,452,2026-09-12T11:08:41Z,2026-10-04T09:50:15Z,3,427,INDIFFERENT,False
gOCVNO2OeVI,TTHHEE PPAARRTTYY (Live Version),Justice,A Cross The Universe,2:47,167,2026-09-12T11:08:41Z,2026-10-03T09:10:54Z,4,428,INDIFFERENT,False
0fllyJTBsRU,"Around the World / Harder, Better, Faster, Stronger (Live)",Daft Punk,,5:43,343,2026-09-12T11:08:41Z,2026-09-28T09:49:05Z,10,207,INDIFFERENT,False
l22TTIAWyWE,Infinity,Captain Hook & Ritmo,Origin,9:07,547,2026-09-12T11:08:41Z,2026-10-01T10:10:21Z,5,405,INDIFFERENT,False
3_Z6zz2SciA,Dharma (Off Limits Remix),Astrix,Dharma (Off Limits Remix),7:56,476,2026-09-12T11:08:41Z,2026-10-01T10:10:21Z,13,435,INDIFFERENT,False
Qq2Am2NVUbA,Pleasure x Newjack x Civilization (WWW),Justice,Woman Worldwide,5:39,339,2026-09-12T11:08:41Z,2026-10-04T09:50:15Z,9,456,INDIFFERENT,False
VRPCW_9R4dk,Deep into Nature Ajja remix,Captain Hook,Ouroboros - Past,9:34,574,2026-09-12T11:08:41Z,2026-09-24T08:29:18Z,3,304,INDIFFERENT,False
hy8RjWY5pkQ,Out of the Blue (One Function Remix),Liquid Soul,Out of the Blue (One Function Remix),8:42,522,2026-09-12T11:08:41Z,2026-09-12T19:46:51Z,2,410,INDIFFERENT,False
bz68yrZW3vU,DVNO,Justice & DVNO,Cross,3:57,237,2026-09-12T11:08:41Z,2026-09-25T08:51:12Z,7,184,INDIFFERENT,False
aP_GsUh4uNE,The Grid (Remixed by The Crystal Method),Daft Punk,TRON: Legacy Reconfigured,4:28,268,2026-09-12T11:08:41Z,2026-09-14T08:57:25Z,4,102,INDIFFERENT,False
J80cgPG_Xdk,Polished Chrome,Captain Hook & Liquid Soul,"Captain Hook - Best of My Sets, Vol. 09",8:57,537,2026-09-12T11:08:41Z,2026-09-19T08:04:47Z,5,305,INDIFFERENT,False
3Cxotz66ds4,Snarling Black Mabel,Hallucinogen,Twisted,7:46,466,2026-09-12T11:08:41Z,2026-09-29T09:51:34Z,8,332,INDIFFERENT,False
b3CB_uwC6ig,D.A.N.C.E Part 2 (Live Version),Justice,A Cross The Universe,2:40,160,2026-09-12T11:08:41Z,2026-10-04T09:50:15Z,4,465,INDIFFERENT,False
FgILRynkeNg,Alive,Daft Punk,Homework,5:17,317,2026-09-12T11:08:41Z,2026-09-13T01:23:15Z,2,293,INDIFFERENT,False
9XkqnDROnlQ,Perfect Hook,Captain Hook & Perfect Stranger,Set: 12,8:51,531,2026-09-12T11:08:41Z,2026-09-15T08:42:48Z,3,105,INDIFFERENT,False
PlARWNqyTKc,Grow More Pot,"Hallucinogen, Tristan",Unusual Suspects 2,7:51,471,2026-09-12T11:08:41Z,2026-09-12T11:08:41Z,1,285,INDIFFERENT,False
wYzJxM2bvdo,Genesis x Phantom (WWW),Justice,Woman Worldwide,4:46,286,2026-09-12T11:08:41Z,2026-10-04T09:50:15Z,8,404,INDIFFERENT,False
ADdaooPZG50,Phoenix,Daft Punk,Homework,4:58,298,2026-09-12T11:08:41Z,2026-09-30T09:44:01Z,3,387,INDIFFERENT,False
4ZmHzX-hmUM,The Lost Diamond,"Captain Hook, Skizologic",The Lost Diamond,11:21,681,2026-09-12T11:08:41Z,2026-09-27T09:17:15Z,2,135,INDIFFERENT,False
i2U-pI_UVg4,Waters of Nazareth x We Are your Friends x Phantom 2 (WWW),Justice,Woman Worldwide,6:27,387,2026-09-12T11:08:41Z,2026-09-26T08:37:40Z,6,497,INDIFFERENT,False
8716uiRxlWY,Human After All,Daft Punk,Human After All,5:20,320,2026-09-12T11:08:41Z,2026-10-01T10:10:21Z,3,439,INDIFFERENT,False
IjCWiFzqeoQ,Oasis,Liquid Soul & E-Clip,Oasis,7:43,463,2026-09-12T11:08:41Z,2026-10-04T09:50:15Z,12,439,INDIFFERENT,False
Qs5uZRIFENM,Thugs in Tye-Dye,Hallucinogen,Space Pussy,7:13,433,2026-09-12T11:08:41Z,2026-09-12T11:08:41Z,1,295,INDIFFERENT,False
10JPFw0ieqI,Helix (Live / AAA),Justice,Access All Arenas,4:07,247,2026-09-12T11:08:41Z,2026-10-04T09:50:15Z,6,390,INDIFFERENT,False
u0Mb-cLYbio,Vertebra L2 Perfect Stranger Remix,Captain Hook,Akashic Library,9:11,551,2026-09-12T11:08:41Z,2026-09-23T08:36:35Z,2,412,INDIFFERENT,False
6wketJkKYCo,I See You (feat. Solar Kid),"Liquid Soul, Zyce",Time,7:13,433,2026-09-12T11:08:41Z,2026-09-12T11:08:41Z,1,299,INDIFFERENT,False
tz-FCzxV1yk,I See the Spirit,Liquid Soul,Summer Never Ends Festival,6:56,416,2026-09-12T11:08:41Z,2026-09-12T11:08:41Z,1,371,INDIFFERENT,False
uhTbpdhVL04,Phantom Part 1 (Live Version),Justice,A Cross The Universe,2:51,171,2026-09-12T11:08:41Z,2026-10-04T09:50:15Z,6,486,INDIFFERENT,False
BX5r0hN3s64,Spiked (Remastered 2024),Hallucinogen,The Singles (Remastered 2024),6:58,418,2026-09-12T11:08:41Z,2026-09-12T19:46:51Z,2,294,INDIFFERENT,False
16k1G4nEJR8,Only in Dreams,Liquid Soul,Set: 39,7:40,460,2026-09-12T11:08:41Z,2026-09-14T08:57:25Z,4,361,INDIFFERENT,False
Jb6gcoR266U,Around the World,Daft Punk,Homework,7:10,430,2026-09-12T11:08:41Z,2026-09-16T08:37:24Z,2,202,LIKE,False
zvHkOJjoSTE,D.A.N.C.E (Live Version),Justice,A Cross The Universe,2:45,165,2026-09-12T11:08:41Z,2026-10-04T09:50:15Z,7,294,INDIFFERENT,False
fMdNbpb09QA,Spiritual Antiseptic,Hallucinogen,Dementertainment,8:50,530,2026-09-12T11:08:41Z,2026-09-12T11:08:41Z,1,399,INDIFFERENT,False
b1tMei_WRHY,Canon (Live / AAA),Justice,Access All Arenas,4:11,251,2026-09-12T11:08:41Z,2026-10-04T09:50:15Z,3,493,INDIFFERENT,False
yJV-YEC56JQ,Snarling (Remix),Hallucinogen,The Lone Deranger,6:48,408,2026-09-12T11:08:41Z,2026-09-12T11:08:41Z,1,408,INDIFFERENT,False
HCkIymTmQCM,Awakening Dreams,Liquid Soul & Phanatic,Awakening Dreams,7:51,471,2026-09-12T11:08:41Z,2026-09-29T09:51:34Z,5,209,INDIFFERENT,False
R5uHYAIkzgU,Technologic,Daft Punk,Human After All,4:45,285,2026-09-12T11:08:41Z,2026-09-12T11:08:41Z,1,412,INDIFFERENT,False
zfe3ef1TMwE,Alpha Centauri,Hallucinogen,Twisted,10:17,617,2026-09-12T11:08:41Z,2026-09-23T08:36:35Z,3,316,INDIFFERENT,False
kdZcdD8GcFw,Let There Be Light,Captain Hook,Origin,13:03,783,2026-09-12T11:08:41Z,2026-09-30T09:44:01Z,2,407,INDIFFERENT,False
H1zdxloRUJw,Robot Rock / Oh Yeah,Daft Punk,Alive 2007,6:28,388,2026-09-12T11:08:41Z,2026-10-01T10:10:21Z,8,399,INDIFFERENT,False
1TtkRbDk6IA,New Lands (Live / AAA),Justice,Access All Arenas,4:32,272,2026-09-12T11:08:41Z,2026-10-04T09:50:15Z,5,477,INDIFFERENT,False
y9ukfGMavg4,Liquid Dream (Sean Tyas Remix),Liquid Soul,Liquid Dream (Sean Tyas Remix),7:47,467,2026-09-12T11:08:41Z,2026-09-12T11:08:41Z,1,421,INDIFFERENT,False
mSVBwwAZKkI,Rollin' & Scratchin',Daft Punk,Homework,7:29,449,2026-09-12T11:08:41Z,2026-09-12T11:08:41Z,1,422,INDIFFERENT,False
96nFF5MqpRQ,Let There Be Lite (Live Version),Justice,A Cross The Universe,3:26,206,2026-09-12T11:08:41Z,2026-10-03T09:10:54Z,2,264,INDIFFERENT,False
wopuHsfwc8o,Desert Adventure,Captain Hook,Desert Adventure,12:54,774,2026-09-12T11:08:41Z,2026-09-24T08:29:18Z,3,126,INDIFFERENT,False
LILZ8OtroMk,Fall (Remixed by M83 VS Big Black Delta),Daft Punk,TRON: Legacy Reconfigured,3:55,235,2026-09-12T11:08:41Z,2026-09-12T11:08:41Z,1,427,INDIFFERENT,False
JbRnd0AWDiY,Stretch Tastic,"Hallucinogen, Tristan",Unusual Suspects 2,7:36,456,2026-09-12T11:08:41Z,2026-09-12T11:08:41Z,1,428,INDIFFERENT,False
Y5oNC5k7dw0,One Minute To Midnight (Live Version),Justice,A Cross The Universe,3:53,233,2026-09-12T11:08:41Z,2026-10-04T09:50:15Z,3,303,INDIFFERENT,False
k-YXSkgYqJ4,Arcadia (Captain Hook Remix),Captain Hook,Arcadia (Captain Hook Remix),12:19,739,2026-09-12T11:08:41Z,2026-09-15T08:42:48Z,3,298,INDIFFERENT,False
dOHwkmuH4XQ,The Brainwasher,Daft Punk,Human After All,4:09,249,2026-09-12T11:08:41Z,2026-09-12T11:08:41Z,1,431,INDIFFERENT,False
sQjLFKCqnSg,Horrorgram,Hallucinogen,The Lone Deranger,7:33,453,2026-09-12T11:08:41Z,2026-09-16T08:37:24Z,2,5,INDIFFERENT,False
RwawV855lQA,We Are Your Friends (Reprise) (Live Version),Justice,A Cross The Universe,3:43,223,2026-09-12T11:08:41Z,2026-10-04T09:50:15Z,3,471,INDIFFERENT,False
GMjJT6C0ZdA,Bungee Jump Perfect Stranger Remix,Captain Hook & Astrix,Bungee Jump,8:16,496,2026-09-12T11:08:41Z,2026-09-12T11:08:41Z,1,434,INDIFFERENT,False
6u9xMu1Jqs4,Human After All / Together / One More Time / Music Sounds Better with You,Daft Punk - Stardust,Alive 2007,9:59,599,2026-09-12T11:08:41Z,2026-09-12T19:46:51Z,3,305,INDIFFERENT,False
2YwNNBXJKsM,"Gamma Goblins, Pt. 2",Hallucinogen,The Lone Deranger,8:48,528,2026-09-12T11:08:41Z,2026-09-12T11:08:41Z,1,436,INDIFFERENT,False
wqxTUxphn8o,Final (Live Version - Rappel),Justice,A Cross The Universe,2:56,176,2026-09-12T11:08:41Z,2026-10-03T09:10:54Z,2,489,INDIFFERENT,False
569SqjEz9as,Marshmallows (Symphonix Remix),"Captain Hook, Freedom Fighters",Marshmallows,7:40,460,2026-09-12T11:08:41Z,2026-09-12T11:08:41Z,1,438,INDIFFERENT,False
Cnm5UZlcJzU,The Son of Flynn (Remixed by Ki:Theory),Daft Punk,TRON: Legacy Reconfigured,4:52,292,2026-09-12T11:08:41Z,2026-09-12T19:46:51Z,2,401,INDIFFERENT,False
KAnWhKWRVy0,Trancespotter,Hallucinogen,Space Pussy,8:39,519,2026-09-12T11:08:41Z,2026-09-12T11:08:41Z,1,440,INDIFFERENT,False
FKJfSK7e50g,Time & Space Perfect Stranger remix,Captain Hook,Ouroboros - Past,9:57,597,2026-09-12T11:08:41Z,2026-09-28T09:49:05Z,2,307,INDIFFERENT,False
_31V-hEPCXU,The Prime Time of Your Life,Daft Punk,Human After All,4:24,264,2026-09-12T11:08:41Z,2026-09-12T11:08:41Z,1,442,INDIFFERENT,False
k5Lv5tjyxzU,Shakey Shaker,Hallucinogen,The Lone Deranger,6:23,383,2026-09-12T11:08:41Z,2026-09-28T09:49:05Z,6,415,INDIFFERENT,False
tRsNrkBhiEc,Human Design,Captain Hook,Dance Computer,8:10,490,2026-09-12T11:08:41Z,2026-09-14T08:57:25Z,3,346,INDIFFERENT,False
XuyKFjg2bAY,Demention,Hallucinogen,The Lone Deranger,7:18,438,2026-09-12T11:08:41Z,2026-09-30T09:44:01Z,8,313,INDIFFERENT,False
YKd0wRh3DQg,Space Tube 25 ill.Gates remix,Captain Hook,Ouroboros - Past,7:27,447,2026-09-12T11:08:41Z,2026-09-12T11:08:41Z,1,446,INDIFFERENT,False
081pT0SD64c,Superheroes / Human After All / Rock'n Roll,Daft Punk,Alive 2007,5:42,342,2026-09-12T11:08:41Z,2026-09-12T11:08:41Z,1,447,INDIFFERENT,False
qH1Il8Lif9Y,"He's a Pirate (148 Bpm - from ""Pirates Of The Caribbean"")",Captain Hook,Cinemania Workout Hits (112-160 BPM),6:02,362,2026-09-12T11:08:41Z,2026-09-12T11:08:41Z,1,448,INDIFFERENT,False
gmiLaV2CcXQ,Steam Machine,Daft Punk,Human After All,5:22,322,2026-09-12T11:08:41Z,2026-09-12T11:08:41Z,1,449,INDIFFERENT,False
aI5DQBfCwOA,Deep into Nature,Captain Hook,Origin,13:47,827,2026-09-12T11:08:41Z,2026-09-12T11:08:41Z,1,450,INDIFFERENT,False
xDbRd2lvVCg,Oh Yeah,Daft Punk,Homework,2:02,122,2026-09-12T11:08:41Z,2026-09-12T11:08:41Z,1,451,INDIFFERENT,False
vzJ5tLnJXK0,Let There Be Light,Captain Hook,ASOT 902 - A State Of Trance Episode 902,3:47,227,2026-09-12T11:08:41Z,2026-09-14T08:57:25Z,4,426,INDIFFERENT,False
JS384DOoDEE,Believe (Bellatrix Remix),Liquid Soul & Neodyne,GOA Kingdom 2022.2 - Psychedelic Movement,8:00,480,2026-09-12T11:08:41Z,2026-09-12T20:31:33Z,2,123,INDIFFERENT,False
aJvwcYoxGDI,C.L.U. (Remixed by Paul Oakenfold),Daft Punk,TRON: Legacy Reconfigured,4:36,276,2026-09-12T11:08:41Z,2026-09-12T19:59:58Z,2,102,INDIFFERENT,False
tInpbi9EZeY,Daft Punk - Da Funk (NightmareOwl Remix),NightmareOwl,,4:22,262,2026-09-12T11:08:41Z,2026-09-28T09:49:05Z,5,111,INDIFFERENT,False
FleH0-6wjmM,Rock'n Roll,Daft Punk,Homework,7:34,454,2026-09-12T11:08:41Z,2026-09-12T11:08:41Z,1,504,INDIFFERENT,False
MNVcs2RSG60,One More Time / Aerodynamic,Daft Punk,Alive 2007,6:11,371,2026-09-12T11:08:41Z,2026-09-12T11:08:41Z,1,505,INDIFFERENT,False
IH-LFA2Lyfo,Time & Space,Captain Hook,Origin,12:47,767,2026-09-12T11:05:11Z,2026-09-26T08:37:40Z,13,1,INDIFFERENT,False
GOSTlT691O8,Wait and Bleed,Slipknot,Slipknot (10th Anniversary Edition),2:28,148,2026-09-12T11:05:11Z,2026-09-20T08:37:04Z,4,467,INDIFFERENT,False
32J7bZHva9M,Da Funk,Daft Punk,Da Funk,5:35,335,2026-09-12T11:05:11Z,2026-09-21T08:58:47Z,10,404,INDIFFERENT,False
sJd6FzVICzA,THINK ABOUT U,NOTION,THINK ABOUT U,3:29,209,2026-09-12T11:05:11Z,2026-09-15T08:42:48Z,4,330,INDIFFERENT,False
RNYHM178lBQ,Don’t Mess With Us,"Kaufmann (DE), Victor Ruiz",Don’t Mess With Us,6:44,404,2026-09-12T11:05:11Z,2026-09-13T08:20:16Z,2,86,INDIFFERENT,False
UCjNPQfkT4o,Templo Disko,Max Styler,I Don't Think I Can Stop,4:18,258,2026-09-12T11:05:11Z,2026-09-12T19:46:51Z,2,45,INDIFFERENT,False
HtOU-aQ6z_Y,Misil,Franco Smith,Misil,4:37,277,2026-09-12T11:05:11Z,2026-09-12T11:05:11Z,1,51,INDIFFERENT,False
LFlWkdRZNTg,Captain Hook - Desert Adventure (Modus Remix) [TAS Visuals / 4K],Captain Hook Official,,7:30,450,2026-09-12T11:05:11Z,2026-09-24T08:29:18Z,7,135,INDIFFERENT,False
qV4nN5J1Hpo,Civilization (Live / AAA),Justice,Access All Arenas,6:06,366,2026-09-12T11:05:11Z,2026-10-04T09:50:15Z,7,372,INDIFFERENT,False
93AiMdYJ3iE,Voices Of Israel,Technical Hitch,Voices Of Israel,7:44,464,2026-09-12T11:05:11Z,2026-09-30T09:44:01Z,17,344,INDIFFERENT,False
g3SxHORGk68,Chocolate Cat,"NO SPOON, Space Cat",Psychonaut,5:52,352,2026-09-12T11:05:11Z,2026-09-12T11:25:40Z,2,33,INDIFFERENT,False
q4QyEUsAuuQ,Disco Valley (Interactive Noise Remix),Astrix,The Nine Stories,6:56,416,2026-09-12T11:05:11Z,2026-09-16T08:37:24Z,8,408,INDIFFERENT,False
yQaVvu1QlYI,Light Code,"Dekel, Psysex",2020,9:33,573,2026-09-12T11:05:11Z,2026-09-19T08:04:47Z,5,308,INDIFFERENT,False
KrYOlLL6Jyk,ProtoSyntheticNeuroCoreWave,"Electrypnose, HypoGeo",Protocol Zero,6:10,370,2026-09-12T11:05:11Z,2026-09-26T08:37:40Z,5,234,INDIFFERENT,False
pot42HZO83o,DMT (Volcano On Mars & Spacenoize remix),1200 Micrograms,DMT (Volcano On Mars & Spacenoize remix),8:30,510,2026-09-12T11:05:11Z,2026-10-01T10:10:21Z,23,349,INDIFFERENT,False
sLabWAzQYdI,Vertebra L2 (Pitchbend Remix),Captain Hook,Vertebra L2,7:54,474,2026-09-12T11:05:11Z,2026-09-28T09:49:05Z,8,404,INDIFFERENT,False
ke2y6WQ8urM,Jungle Sunrise,"Out of Orbit, Space Cat",Jungle Sunrise,7:43,463,2026-09-12T11:05:11Z,2026-09-13T08:20:16Z,4,114,INDIFFERENT,False
nZkhyZIU9w0,Oxygen Session,AIRI,Zenon Records: 20 Years,6:58,418,2026-09-12T11:05:11Z,2026-09-26T08:37:40Z,5,186,INDIFFERENT,False
F-pK9KHoCsg,Signatune (Thomas Bangalter Edit),DJ Mehdi,Lucky Girl,6:20,380,2026-09-12T11:05:11Z,2026-09-28T09:49:05Z,7,51,INDIFFERENT,False
T6KdsPyJvFk,Yalla Habibi,Kolter,Yalla Habibi,3:55,235,2026-09-12T11:05:11Z,2026-09-12T11:05:11Z,1,136,LIKE,False
lvga5E_K6Xk,Talking with U.F.O's,Vini Vici,Future Classics,7:47,467,2026-09-12T11:05:11Z,2026-09-12T11:25:40Z,3,321,INDIFFERENT,False
jRXL0ne3Esg,Psychic Experience (Captain Hook Remix),Ace Ventura & Liquid Soul,Psychic Experience,8:09,489,2026-09-12T11:05:11Z,2026-09-29T09:51:34Z,21,341,INDIFFERENT,False
gc5TgDStbv8,The Universe Is Sound (feat. Ryanosaurus),Pspiralife,Wabi Sabi,7:23,443,2026-09-12T11:05:11Z,2026-09-13T08:20:16Z,4,135,INDIFFERENT,False
iWozJGBjTMc,Believe Phanatic & Static Movement Remix,Liquid Soul & Neodyne,Liquid Soul Remixed,7:52,472,2026-09-12T11:05:11Z,2026-09-14T08:57:25Z,8,308,INDIFFERENT,False
ZD3kCxMqjuk,Paralyzer,Finger Eleven,Them vs. You vs. Me,3:29,209,2026-09-12T11:05:11Z,2026-10-01T10:10:21Z,4,201,INDIFFERENT,False
8jxz6Auj424,Off the Geiger Meter,Grouch,Rare Specimens,7:17,437,2026-09-12T11:05:11Z,2026-09-12T11:25:40Z,3,264,INDIFFERENT,False
_N2jswscOy8,Lonely Forest,Hatikwa,Life Cycle - Emergence,8:07,487,2026-09-12T11:05:11Z,2026-09-12T11:25:40Z,3,352,INDIFFERENT,False
_QWla5g_ozY,Violently Happy (original mix),Talpa,Serbian Brasil Conection,7:03,423,2026-09-12T11:05:11Z,2026-09-26T08:37:40Z,5,173,INDIFFERENT,False
mlBDtNWrLXY,Expect What,Neelix,Nerd,8:13,493,2026-09-12T11:05:11Z,2026-09-12T11:25:40Z,3,174,INDIFFERENT,False
6SEhU-e6YCs,Flowers Are Speakers,Smilk,Floorless,11:43,703,2026-09-12T11:05:11Z,2026-09-26T08:37:40Z,9,185,INDIFFERENT,False
shIDKO1aFdw,Dawn 'till Dusk,Freedom Fighters & Ryanosaurus,Era,9:00,540,2026-09-12T11:05:11Z,2026-09-26T08:37:40Z,9,413,INDIFFERENT,False
KYWXpWFviuM,Fibonacci,Dekel,Fibonacci,9:01,541,2026-09-12T11:05:11Z,2026-09-20T08:37:04Z,3,308,INDIFFERENT,False
rg2FV_vQzm0,Angels of Destruction (Neelix Remix) (feat. Caroline Harrison),Phaxe,Angels of Destruction (Neelix Remix),7:59,479,2026-09-12T11:05:11Z,2026-09-20T08:37:04Z,4,412,INDIFFERENT,False
VDweRnNLg7M,Sin City,Hatikwa,Life Cycle - Evolution,9:29,569,2026-09-12T11:05:11Z,2026-09-13T08:20:16Z,4,282,INDIFFERENT,False
z8-Mp4LPVNw,Padrino,Smash Mouth,Fush Yu Mang (20th Anniversary Edition),3:46,226,2026-09-12T11:05:11Z,2026-09-12T11:25:40Z,2,254,LIKE,False
v3ReIIRWh44,Phantom Part 1.5 (Live Version),Justice,A Cross The Universe,4:46,286,2026-09-12T11:05:11Z,2026-10-04T09:50:15Z,6,474,INDIFFERENT,False
hYP2g75M6KY,Lek Nevel,Grouch,Rare Specimens,8:18,498,2026-09-12T11:05:11Z,2026-09-12T19:46:51Z,4,107,INDIFFERENT,False
HNJFQ-ODV7s,Primordial Black Hole,DEKEL,Ancient Future,9:28,568,2026-09-12T11:05:11Z,2026-09-12T19:46:51Z,4,220,INDIFFERENT,False
A0zvOiOeuIU,I Believe,Technical Hitch,I Believe,11:03,663,2026-09-12T11:05:11Z,2026-09-30T09:44:01Z,19,439,INDIFFERENT,False
COOJUh2whcI,Free Tibet (Vini Vici Remix),Hilight Tribe,Free Tibet (Vini Vici Remix),7:55,475,2026-09-12T11:05:11Z,2026-09-25T08:51:12Z,6,175,INDIFFERENT,False
Rh3bJKkEhk8,tv off (feat. Lefty Gunplay),Kendrick Lamar,GNX,3:41,221,2026-09-12T11:05:11Z,2026-09-22T08:34:19Z,4,287,INDIFFERENT,False
-K1YYGo-dG0,Orphic Thrench,Hallucinogen,Twisted,7:23,443,2026-09-12T11:05:11Z,2026-09-29T09:51:34Z,11,424,INDIFFERENT,False
GeleTOdrP6c,Waters Of Nazareth (Live Version),Justice,A Cross The Universe,6:47,407,2026-09-12T11:05:11Z,2026-09-12T11:18:11Z,2,403,INDIFFERENT,False
mZdfvOuRvFc,Superheroes,Daft Punk,Discovery,3:58,238,2026-09-12T11:05:11Z,2026-10-01T10:10:21Z,10,303,INDIFFERENT,False
6oRcm8LZMHA,Liquid Hook,Captain Hook & Liquid Soul,Banel 25 Years Anniversary,7:50,470,2026-09-12T11:05:11Z,2026-09-16T08:37:24Z,2,206,INDIFFERENT,False
2dQnh8LIhpA,Gamma Goblins (Outsiders & Space Cat Remix),Hallucinogen,Gamma Goblins (Outsiders & SpaceCat remix),8:17,497,2026-09-12T11:05:11Z,2026-09-15T08:42:48Z,8,408,INDIFFERENT,False
IkuSBOnF6aY,Chorus (WWW),Justice,Chorus (WWW),6:05,365,2026-09-12T11:05:11Z,2026-09-13T08:20:16Z,4,302,INDIFFERENT,False
NWLqDdYaBp4,The Jolly Roger (NOK Remix),"Ace Ventura, Captain Hook",Jolly Roger,8:01,481,2026-09-12T11:05:11Z,2026-09-13T01:23:15Z,3,24,INDIFFERENT,False
nFnKwggB7Kc,Revolution (Inner Sphere Remix),Liquid Soul,Revolution,6:45,405,2026-09-12T11:05:11Z,2026-09-17T08:41:05Z,5,302,INDIFFERENT,False
Ov4IIING7M0,Drumville,"Freedom Fighters , modus",Drumville,6:31,391,2026-09-12T11:05:11Z,2026-09-24T08:29:18Z,5,205,INDIFFERENT,False
qbD_0W3ACz8,Peace Pipe (Dekel Remix),LOUD,Loud Remixes Vol 2,9:45,585,2026-09-12T11:05:11Z,2026-09-26T08:37:40Z,4,430,INDIFFERENT,False
VHb_XIql_gU,Kids,MGMT,Oracular Spectacular,5:03,303,2026-09-12T11:05:11Z,2026-10-01T10:10:21Z,18,57,INDIFFERENT,False
WAMM0gBV0b0,Pacific Coast Highway (Jackson Remix),Kavinsky,Nightcall,8:26,506,2026-09-12T11:05:11Z,2026-09-29T09:51:34Z,10,470,INDIFFERENT,False
uqvjL7W2f7A,Chemical (feat. Henderman),IgorMoraix,Chemical,4:31,271,2026-09-12T11:05:11Z,2026-09-14T08:57:25Z,7,415,INDIFFERENT,False
L8F_Q0BCAqg,Clouds,"BUNT., Nate Traveller",Clouds,2:39,159,2026-09-12T11:03:22Z,2026-10-02T09:48:13Z,12,115,INDIFFERENT,False
lWQPBaswYMw,Hanumam,Pandora,Essência,3:52,232,2026-09-12T11:03:22Z,2026-09-17T08:41:05Z,13,23,INDIFFERENT,False
mp9Zd2krvF4,Anjuna (Radio Edit) (feat. Solar Kid),"Liquid Soul, Zyce",Anjuna,3:53,233,2026-09-12T11:03:22Z,2026-09-14T08:57:25Z,10,427,INDIFFERENT,False
fNKpC29QTLc,Muddy Water,King Gizzard & The Lizard Wizard,Gumboot Soup,3:39,219,2026-09-12T11:03:22Z,2026-10-04T09:50:15Z,17,394,INDIFFERENT,False
6-DS941f7YM,Fundamentally Unlovable,Tiger Really,Fundamentally Unlovable,3:58,238,2026-09-12T11:03:22Z,2026-09-12T11:08:41Z,3,99,INDIFFERENT,False
zonurBhuZzE,Drain You,Nirvana,Nevermind (Deluxe Edition),3:44,224,2026-09-12T11:03:22Z,2026-09-24T08:29:18Z,6,86,INDIFFERENT,False
ZA8jAoAqg58,Family,Drew Holcomb & The Neighbors,Dragons,2:20,140,2026-09-12T11:03:22Z,2026-10-01T10:10:21Z,4,191,INDIFFERENT,False
tImti6vu0mE,Blessings (feat. Clementine Douglas),Calvin Harris,Blessings,3:40,220,2026-09-12T11:03:22Z,2026-10-02T09:48:13Z,15,27,INDIFFERENT,False
bRWpSRA62Eg,LSD (Astral Projection Remix),Hallucinogen,Goa Classics Remixed,8:45,525,2026-09-12T11:03:22Z,2026-09-30T09:44:01Z,9,129,INDIFFERENT,False
DrqkZ0fOYFY,Indo Silver Club,Daft Punk,Homework,4:35,275,2026-09-12T11:03:22Z,2026-09-12T20:31:33Z,3,399,INDIFFERENT,False
-NYyQ6CvUTk,Ebe,Captain Hook & Ace Ventura,E.b.e,8:57,537,2026-09-12T11:03:22Z,2026-09-12T11:08:41Z,2,378,INDIFFERENT,False
wnGZAWd6KF4,Tranceform,Liquid Soul & Alchimyst,Tranceform,7:02,422,2026-09-12T11:03:22Z,2026-09-28T09:49:05Z,13,120,INDIFFERENT,False
o9QiAUySS84,Cydonia,Liquid Soul,"Joof DJ Sessions, Vol. 4",7:24,444,2026-09-12T11:03:22Z,2026-10-01T10:10:21Z,6,237,INDIFFERENT,False
EOrtwUOvUT8,Octopus (Man With No Name Remix) (feat. Man With No Name),Art Of Trance,Octopus,7:16,436,2026-09-12T11:03:22Z,2026-09-12T11:03:22Z,1,124,INDIFFERENT,False
_2q8IZjvySY,Nightwind,"Side Effects, Timelock",Nightwind,7:17,437,2026-09-12T11:03:22Z,2026-09-13T08:20:16Z,7,449,INDIFFERENT,False
TNPkb9JebFU,Power of Acid (Out Now Remix),Ranji,Power of Acid (Out Now Remix),6:52,412,2026-09-12T11:03:22Z,2026-09-14T08:57:25Z,6,321,INDIFFERENT,False
0dBk19Cq_b4,Atarishii,Inner Lux,Atarishii,7:08,428,2026-09-12T11:03:22Z,2026-10-04T09:50:15Z,18,243,INDIFFERENT,False
QN01dSaYFp4,In Your Brain,Liquid Soul & Silent Sphere,In Your Brain,7:43,463,2026-09-12T11:03:22Z,2026-09-17T08:41:05Z,11,45,INDIFFERENT,False
Q_aNjrkycLM,The Beautiful Garden,"Raja Ram, Tristan",Nano Sonic Sound System 2014,6:50,410,2026-09-12T11:03:22Z,2026-09-15T08:42:48Z,12,129,INDIFFERENT,False
1VAVFXtD9vY,Energy,TERRA,Energy,5:44,344,2026-09-12T11:03:22Z,2026-09-17T08:41:05Z,12,184,INDIFFERENT,False
6iFv5gVjFHs,Little Sister,Queens Of The Stone Age,Little Sister,2:55,175,2026-09-12T11:03:22Z,2026-09-30T09:44:01Z,9,325,INDIFFERENT,False
ATeIOEqbzPc,Euphoria,IgorMoraix,Euphoria,4:45,285,2026-09-12T11:03:22Z,2026-09-13T08:20:16Z,7,430,INDIFFERENT,False
Px7d23QWS08,Danda Pani,ATARA,Danda Pani,7:03,423,2026-09-12T11:03:22Z,2026-09-17T08:41:05Z,12,315,INDIFFERENT,False
mQJczSYaJMk,Chimera,"Blazy, Faders",Chimera,8:07,487,2026-09-12T11:03:22Z,2026-09-30T09:44:01Z,12,464,INDIFFERENT,False
RAb4NaHCoIg,Orphic Resonance (Remastered 2024),Hallucinogen,The Singles (Remastered 2024),7:11,431,2026-09-12T11:03:22Z,2026-09-12T11:03:22Z,1,202,INDIFFERENT,False
3kmMgmtbAiY,Liquid Universe,Liquid Soul & Electric Universe,Liquid Universe (Volcano Remix),7:41,461,2026-09-12T11:03:22Z,2026-10-04T09:50:15Z,8,98,INDIFFERENT,False
DUK54BoiXZw,Liquid Gold,Astrix,High On Mel,7:38,458,2026-09-12T11:03:22Z,2026-09-14T08:57:25Z,8,216,INDIFFERENT,False
k62KonzIfAs,Crazy People (Victor Ruiz Remix),Liquid Soul,Crazy People (Victor Ruiz Remix),7:15,435,2026-09-12T11:03:22Z,2026-09-17T08:41:05Z,12,305,INDIFFERENT,False
9e5g2YC9GVU,Cor! (Edit),Green Nuns of the Revolution,Rock Bitch Mafia,7:48,468,2026-09-12T11:03:22Z,2026-09-12T11:03:22Z,1,258,INDIFFERENT,False
naOzftxOKig,Just What I Needed,The Cars,The Cars,3:46,226,2026-09-12T11:03:22Z,2026-10-04T09:50:15Z,16,143,INDIFFERENT,False
zMqlCx3nOl8,Eigengrau,"KOBI, Migdalor",Eigengrau,8:55,535,2026-09-12T11:03:22Z,2026-09-12T11:25:40Z,4,133,INDIFFERENT,False
UHcw1sZM9_w,Rock Me Right,Susan Tedeschi,Just Won't Burn (25th Anniversary Deluxe Edition),4:28,268,2026-09-12T11:03:22Z,2026-10-02T09:48:13Z,10,216,INDIFFERENT,False
D_5vus91OfM,Homebrew,311,Grassroots,3:04,184,2026-09-12T11:03:22Z,2026-09-12T11:03:22Z,1,280,INDIFFERENT,False
nBcjBzs4F9o,Graviton II (feat. Shanti People),Psycrain,Graviton II,5:59,359,2026-09-12T11:03:22Z,2026-09-24T08:29:18Z,10,350,INDIFFERENT,False
G5ZWShLC6eg,Nitro Bong (Wanted Remix),WEBRA,Nitro Bong (Remixes),5:31,331,2026-09-12T11:03:22Z,2026-09-14T08:57:25Z,11,181,INDIFFERENT,False
_jurG237PWQ,Open Water,King Gizzard & The Lizard Wizard,Flying Microtonal Banana,7:14,434,2026-09-12T11:03:22Z,2026-10-04T09:50:15Z,8,450,INDIFFERENT,False
pvP_YJTpt44,Hypnotize,System Of A Down,Hypnotize,3:10,190,2026-09-12T11:03:22Z,2026-10-01T10:10:21Z,10,96,INDIFFERENT,False
jsO4EV8NgqI,Gothic (Shpongle Static Mix),"Eat Static, Shpongle","Shpongle Static (Live at Ozora, 2019)",5:20,320,2026-09-12T11:03:22Z,2026-09-12T20:18:18Z,3,107,INDIFFERENT,False
Qn6HrBh59do,Pranava (Volcano on Mars Remix),Ace Ventura & Astrix,Pranava (Volcano on Mars Remix),8:56,536,2026-09-12T11:03:22Z,2026-10-04T09:50:15Z,12,420,INDIFFERENT,False
qn2fXoSaYp0,Long Story Short (Static Movement Remix),"Morten Granau, Phaxe",Long Story Short Remixed,8:28,508,2026-09-12T11:03:22Z,2026-09-30T09:44:01Z,23,332,INDIFFERENT,False
KjNCI2uiCYw,Waters Of Nazareth (Prelude) (Live Version),Justice,A Cross The Universe,2:15,135,2026-09-12T11:03:22Z,2026-10-01T10:10:21Z,9,304,INDIFFERENT,False
2AKfICpiPHo,CRIMSONBREAKER,Lunar Amethyst,CRIMSONBREAKER,4:58,298,2026-09-12T11:03:22Z,2026-09-15T08:42:48Z,6,486,INDIFFERENT,False
YWSkr6NgnrY,The Future (Polaris Extended Remix),Liquid Soul & Zyrus 7,The Future,7:27,447,2026-09-12T11:03:22Z,2026-09-13T08:20:16Z,8,484,INDIFFERENT,False
ZZle4z5LzAU,My Love Is (Basscannon & Sighter Remix) (feat. Ellie Ka),"Bruce Leroys, Luthier",My Love Is (Basscannon & Sighter Remix),5:36,336,2026-09-12T11:03:22Z,2026-09-14T08:57:25Z,11,115,INDIFFERENT,False
KGoPC3QpBTQ,Again,Alice In Chains,Alice In Chains,4:05,245,2026-09-12T11:03:22Z,2026-09-22T08:34:19Z,5,148,INDIFFERENT,False
RN5qRJE8qtM,Mrs. Robinson (2022 Remastered Edition),The Lemonheads,It's a Shame About Ray (Expanded Edition),3:45,225,2026-09-12T11:03:22Z,2026-10-04T09:50:15Z,19,32,LIKE,False
PPe3mtq9I9s,Deep Melodies,"OneNoise, Pounding Dwarf",Deep Melodies,4:28,268,2026-09-12T11:03:22Z,2026-09-14T08:57:25Z,9,229,INDIFFERENT,False
fJXZkLZT5D0,CRUISING TO SELF SOOTHE,Ecca Vandal,CRUISING TO SELF SOOTHE,2:33,153,2026-09-12T11:03:22Z,2026-09-29T09:51:34Z,7,468,INDIFFERENT,False
S9lqnF1rbeI,Dopamine Kush,"DoctorSpook, Mou5ZyZZ",Dopamine Kush,7:28,448,2026-09-12T11:03:22Z,2026-10-04T09:50:15Z,12,354,INDIFFERENT,False
a748-dgSB10,Two Princes,Spin Doctors,Pocket Full Of Kryptonite,4:17,257,2026-09-12T11:03:22Z,2026-10-03T09:10:54Z,12,159,INDIFFERENT,False
lQuln0tbgDA,Got My Mind Set on You,George Harrison,Cloud Nine,3:55,235,2026-09-12T11:03:22Z,2026-10-04T09:50:15Z,12,107,INDIFFERENT,False
-bDgtxQvHC0,Phantom Part 2 (Live Version),Justice,A Cross The Universe,9:55,595,2026-09-12T11:03:22Z,2026-10-04T09:50:15Z,5,497,INDIFFERENT,False
mfRtZTDP-kA,Be Right (Asgard Remix),"Liquid Soul, Ritmo",PROGRESSIVE LIFE SUPPORTED BY IBOGA RECORDS COMPLIED BY DJ YAGI,8:21,501,2026-09-12T11:03:22Z,2026-09-14T08:57:25Z,3,210,INDIFFERENT,False
KOSO8Xb2b34,The Ever Present Silent Observer,Captain Hook & Tetrameth,Origin,8:09,489,2026-09-12T11:03:22Z,2026-09-17T08:41:05Z,6,388,INDIFFERENT,False
qtDF3TvPfgU,Speed Of Light (Dynamic Remix),1200 Micrograms,The Beach 2009,5:59,359,2026-09-12T11:03:22Z,2026-09-13T08:20:16Z,5,421,INDIFFERENT,False
4CeXMZpCMrM,No Lights Without Darkness,Etnica,Trance De Eivissa,9:16,556,2026-09-12T11:03:22Z,2026-09-13T08:20:16Z,6,393,INDIFFERENT,False
rUQxmCe8134,It Might Have Been,Mandragora,Disc 2,3:57,237,2026-09-12T11:03:22Z,2026-09-30T09:44:01Z,16,333,INDIFFERENT,False
xi_3GtQN2IA,Spirit In The Sky (Deluxe Edition),Norman Greenbaum,Spirit In The Sky (Deluxe Edition),4:03,243,2026-09-12T11:03:22Z,2026-10-01T10:10:21Z,20,65,INDIFFERENT,False
xj7ZM6V64yI,I Choose Me,3rd Secret,3rd Secret,4:31,271,2026-09-12T11:03:22Z,2026-09-13T08:20:16Z,4,27,INDIFFERENT,False
x_y3ImPszjo,Let Go,Liquid Ace,Let Go,8:45,525,2026-09-12T11:03:22Z,2026-09-13T08:20:16Z,9,253,INDIFFERENT,False
UA7QL8cLydw,My Wave,Soundgarden,Superunknown (Deluxe Edition),5:13,313,2026-09-12T11:03:22Z,2026-09-27T09:17:15Z,3,324,INDIFFERENT,False
2o9aoL0NWpw,Killing In the Name,Rage Against The Machine,Rage Against The Machine,5:14,314,2026-09-12T11:03:22Z,2026-10-03T09:10:54Z,5,368,INDIFFERENT,False
VRwn2DeXhLs,Start Me Up (Remastered 2009),The Rolling Stones,Tattoo You (2009 Re-Mastered),3:34,214,2026-09-12T11:03:22Z,2026-10-04T09:50:15Z,19,311,INDIFFERENT,False
hJ5IF9D80kM,All Right Now,Free,Into the wild,4:15,255,2026-09-12T11:03:22Z,2026-10-03T09:10:54Z,9,65,INDIFFERENT,False
YpdmdpZTH_0,Ruffneck (Flex),Skrillex,More Monsters and Sprites EP,4:44,284,2026-09-12T11:03:22Z,2026-09-28T09:49:05Z,8,441,INDIFFERENT,False
XZLnd3uwars,Pardon Me,Incubus,Make Yourself,3:44,224,2026-09-12T11:03:22Z,2026-09-22T08:34:19Z,6,162,INDIFFERENT,False
ulCaDAZQlO0,Synthesizzler,Hallucinogen,Deranger,6:04,364,2026-09-12T11:03:22Z,2026-09-24T08:29:18Z,3,4,INDIFFERENT,False
x3f3FlkMbqU,Please Please Please (Workout Remix 128 BPM),Power Music Workout,Please Please Please,2:53,173,2026-09-12T11:03:22Z,2026-09-12T11:03:22Z,1,496,LIKE,True
9JVVLm0bYJo,Astral Pancakes (Soundaholix Remix),Hallucinogen,Raw Material,7:39,459,2026-09-12T10:40:53Z,2026-09-30T09:44:01Z,14,29,INDIFFERENT,False
m_5bDlvHj_Q,Planisphere Part. II,Justice,Planisphere,2:18,138,2026-09-12T10:40:53Z,2026-10-04T09:50:15Z,25,462,INDIFFERENT,False
m-wDiCRMl_c,Miami Showdown,Digitalism,"I Love You, Dude",3:27,207,2026-09-12T10:40:53Z,2026-09-30T09:44:01Z,31,106,INDIFFERENT,False
Fpzgs-4JLb8,Aloo,Devochka,No Sense,3:48,228,2026-09-12T10:40:53Z,2026-09-15T08:42:48Z,16,40,INDIFFERENT,False
fELlbbm3DbA,Don't Speak (I Came To Make A Bang!),Eagles of Death Metal,Death By Sexy,2:48,168,2026-09-12T10:40:53Z,2026-10-01T10:10:21Z,28,265,INDIFFERENT,False
9EKYcapTlM8,Trying So Hard Not To Know,Nathaniel Rateliff & The Night Sweats,Nathaniel Rateliff & The Night Sweats,2:51,171,2026-09-12T10:40:53Z,2026-10-01T10:10:21Z,30,19,INDIFFERENT,False
j6wlCvkx3CI,Push To Start,"No/Me, Noizu, Westend",Push To Start,3:02,182,2026-09-12T10:40:53Z,2026-10-02T09:48:13Z,21,119,INDIFFERENT,False
aZLo6DCLTj0,Sahardnieh,Angine de Poitrine,Vol.1,4:14,254,2026-09-12T10:40:53Z,2026-10-01T10:10:21Z,31,306,INDIFFERENT,False
f_TJvjc4e-I,À cause des garçons (Tepr Remix Edit),Yelle,Pop-Up (Extended Version),2:55,175,2026-09-12T10:40:53Z,2026-10-01T10:10:21Z,32,55,INDIFFERENT,False
8Aoa8pOIpMY,¼ Dead,Rudimentary Peni,Death Church,1:28,88,2026-09-12T10:40:53Z,2026-09-30T09:44:01Z,13,179,INDIFFERENT,False
z3uLFiWLvHA,Intro,"Alan Braxe, Fred Falke",Running,4:55,295,2026-09-12T10:40:53Z,2026-10-01T10:10:21Z,32,47,INDIFFERENT,False
YSAqXEcgoZ4,Boys Don't Cry (Single Version),The Cure,Three Imaginary Boys (Deluxe Edition),2:38,158,2026-09-12T10:40:53Z,2026-09-12T10:43:54Z,2,13,INDIFFERENT,False
59_L9Qj5n0Y,Mojo,Phaxe & Gaudium & Emok & Martin Vice,Mojo,8:13,493,2026-09-12T10:40:53Z,2026-09-15T08:42:48Z,16,6,INDIFFERENT,False
LxgnIhjQFuE,"Harder, Better, Faster, Stronger (Alive Radio Edit 2007)",Daft Punk,Harder Better Faster Stronger (Alive Radio Edit 2007),3:25,205,2026-09-12T10:40:53Z,2026-09-25T08:51:12Z,12,307,INDIFFERENT,False
UVD8t63Ql8Q,I Only Smoke When I Drink,nimino,I Only Smoke When I Drink,3:19,199,2026-09-12T10:40:53Z,2026-10-02T09:48:13Z,22,1,INDIFFERENT,False
_ScRYaQqFqM,C'mon C'mon,The Von Bondies,"C'mon, C'mon",2:14,134,2026-09-12T10:40:53Z,2026-10-01T10:10:21Z,31,7,INDIFFERENT,False
kMy0wBHNB14,Stamina,Vitalic,Rave Age,3:43,223,2026-09-12T10:40:53Z,2026-10-01T10:10:21Z,32,13,INDIFFERENT,False
D6BrBxB-i9o,Alarm,Boys Noize,Alarm,3:15,195,2026-09-12T10:40:53Z,2026-10-01T10:10:21Z,32,95,INDIFFERENT,False
XN7iEFVLf5c,London Calling,The Clash,London Calling,3:21,201,2026-09-12T10:40:53Z,2026-10-04T09:50:15Z,26,6,INDIFFERENT,False
Q5Wfs9kLAU0,Abernathy,Rattlesnake Milk,Rattlesnake Milk,3:35,215,2026-09-12T10:40:53Z,2026-09-29T09:51:34Z,12,110,INDIFFERENT,False
ee9_oMs2_5Y,Flux Capacitor,"GMS, Shanti V Deedrah",Trance for Nations 14 (Compiled by Astrix),6:27,387,2026-09-12T10:40:53Z,2026-10-01T10:10:21Z,32,94,INDIFFERENT,False
U5I6CNZI7mI,Spiral of Change,IKØN & MoRsei,Spiral of Change,7:27,447,2026-09-12T10:40:53Z,2026-09-15T08:42:48Z,15,181,INDIFFERENT,False
zqmbAN_q3x8,DEFIANT ORDER,Birdy Nam Nam,Defiant Order,3:42,222,2026-09-12T10:40:53Z,2026-10-01T10:10:21Z,33,33,INDIFFERENT,False
2sOlt8vddwo,Finale (feat. Nicholas Petricca),Madeon,Adventure (Deluxe),3:25,205,2026-09-12T10:40:53Z,2026-10-01T10:10:21Z,30,44,INDIFFERENT,False
A0vVCpAp3ek,Synrise (Soulwax Remix),GOOSE,Synrise (10 Year Anniversary Edition),3:43,223,2026-09-12T10:40:53Z,2026-10-01T10:10:21Z,32,24,INDIFFERENT,False
J8fMAXnDocs,Cassius 1999 (Radio Edit),Cassius,1999 (Deluxe Edition),3:42,222,2026-09-12T10:40:53Z,2026-10-01T10:10:21Z,32,138,INDIFFERENT,False
Mu9FEcU3Iu0,Somebody New,The Amplifetes,The Amplifetes,3:37,217,2026-09-12T10:40:53Z,2026-10-01T10:10:21Z,33,155,INDIFFERENT,False
boMZLcKycro,A Name I Don't Know,After Cooking,A Name I Don't Know,2:43,163,2026-09-12T10:40:53Z,2026-10-04T09:50:15Z,32,22,INDIFFERENT,False
JYRm1XW3LQY,Broken Boy,Cage The Elephant,Social Cues,2:44,164,2026-09-12T10:40:53Z,2026-10-01T10:10:21Z,33,52,INDIFFERENT,False
EWQ1ENJzsMM,Echoes,The Rapture,Echoes,3:07,187,2026-09-12T10:40:53Z,2026-10-01T10:10:21Z,31,31,INDIFFERENT,False
d3buxWUSJZ4,Pacific Coast Highway,Fukkk Offf,Pacific Coast Highway,3:25,205,2026-09-12T10:40:53Z,2026-10-01T10:10:21Z,32,66,INDIFFERENT,False
KtuGqCKM-BM,The Order,Kick Puncher,LiveDieRepeat,3:47,227,2026-09-12T10:40:53Z,2026-10-01T10:10:21Z,33,185,INDIFFERENT,False
nqCcJlATZTo,"One More Saturday Night (Live in England, 1972) [2001 Remaster] (Live in England, 1972; 2001 Remaster) (feat. David Nelson, Debbie Eisenberg, Marma-Duke & Merle Saunders)",Grateful Dead,Europe '72 (Live; 2001 Remaster),4:48,288,2026-09-12T10:40:53Z,2026-10-04T09:50:15Z,22,13,INDIFFERENT,False
ha68yWbzIFY,It's Time,Avalon,Rise,6:38,398,2026-09-12T10:40:53Z,2026-09-15T08:42:48Z,15,261,INDIFFERENT,False
tbA8Nj8iV5g,1987 (Symphonix Remix),"Symphonix, Ticon",1987 (Symphonix Remix),5:48,348,2026-09-12T10:40:53Z,2026-10-01T10:10:21Z,32,91,INDIFFERENT,False
2Z-lzB4A52w,Reach Out,Marc Rebillet,Loop Daddy,2:57,177,2026-09-12T10:40:53Z,2026-10-01T10:10:21Z,31,40,INDIFFERENT,False
tUTXb5pevm8,Robot Tune,French Class,French Class,2:11,131,2026-09-12T10:40:53Z,2026-10-04T09:50:15Z,34,318,INDIFFERENT,False
IyfhnuuOWMs,Sea of Trees,King Gizzard and The Lizard Wizard,12 Bar Bruise,3:15,195,2026-09-12T10:40:53Z,2026-10-04T09:50:15Z,26,220,INDIFFERENT,False
ulMfZ5MLZxo,"Levitation Nation (Remastered, 2019)",Shpongle,"Nothing Lasts...but Nothing Is Lost (Remastered, 2019)",3:41,221,2026-09-12T10:40:53Z,2026-10-04T09:50:15Z,24,17,INDIFFERENT,False
SxcJhHJZSuM,Your Touch,The Black Keys,Magic Potion,2:43,163,2026-09-12T10:40:53Z,2026-10-03T09:10:54Z,14,200,INDIFFERENT,False
cYT325Fe9zU,Freaks,Surf Curse,Freaks,2:28,148,2026-09-12T10:40:53Z,2026-10-04T09:50:15Z,30,15,INDIFFERENT,False
tTCp30S8MPA,Alien Alert,1200 Micrograms,"Stash Bag, Vol. 6",6:33,393,2026-09-12T10:40:53Z,2026-10-04T09:50:15Z,32,160,INDIFFERENT,False
P2VF_xla2QM,Lucid Dreams,Franz Ferdinand,Hits To The Head,3:45,225,2026-09-12T10:40:53Z,2026-10-01T10:10:21Z,31,3,INDIFFERENT,False
yI7Xi-Ma96E,The Deathlife,Fiddlehead,Death is Nothing to Us,1:08,68,2026-09-12T10:40:53Z,2026-09-13T08:20:16Z,7,331,INDIFFERENT,False
7rrHv-bFgsA,Sadhu,Static Movement Entima,Sadhu,7:46,466,2026-09-12T10:40:53Z,2026-10-04T09:50:15Z,32,224,INDIFFERENT,False
FOKI5hDtH90,Disco Valley (Outsiders & Volcano Remix),Astrix,Dimension 005 (Compiled by Alpha Portal),8:52,532,2026-09-12T10:40:53Z,2026-10-01T10:10:21Z,17,345,INDIFFERENT,False
foQkz4JjArA,how would you know,second thoughts,how would you know,2:58,178,2026-09-12T10:40:53Z,2026-10-01T10:10:21Z,33,62,INDIFFERENT,False
OvQoZ7cC3ZM,BUBBAZ,"CloZee, LSDREAM",LSZEE: ENIGMA MIXTAPE,1:53,113,2026-09-12T10:40:53Z,2026-10-04T09:50:15Z,31,248,INDIFFERENT,False
hrdw52m7kHw,Orck,Gesaffelstein,Novo Sonic System,3:09,189,2026-09-12T10:40:53Z,2026-10-01T10:10:21Z,32,134,INDIFFERENT,False
wAFNG099JGo,Hoffman's Legacy,A-Tech & Overdrive,Hoffman's Legacy,7:04,424,2026-09-12T10:40:53Z,2026-09-30T09:44:01Z,32,283,INDIFFERENT,False
p0xBGLOVWhU,Cloud Passing,"Pettra, Ritmo",Goa Festival Sounds 2024,7:58,478,2026-09-12T10:40:53Z,2026-09-22T08:34:19Z,24,52,INDIFFERENT,False
IaAXldK4ifM,Gold Guns Girls,Metric,Fantasies,4:06,246,2026-09-12T10:40:53Z,2026-10-01T10:10:21Z,30,41,INDIFFERENT,False
WxLBOwdTKjI,"NIAMOS! (Chandrilian Club Mix) (From ""Andor (Season 2)"")","Brandon Roberts, Nicholas Britell","NIAMOS! (Chandrilian Club Mix) (From ""Andor (Season 2)"")",4:15,255,2026-09-12T10:40:53Z,2026-10-01T10:10:21Z,31,199,INDIFFERENT,False
-nk0BacuWDM,Miracle,"Blazy, Durs, Neelix",Miracle,6:38,398,2026-09-12T10:40:53Z,2026-10-04T09:50:15Z,35,83,INDIFFERENT,False
Ca6xSPQ8VLQ,Cyber Space,Symbolic,Psychedelic Awakening,8:07,487,2026-09-12T10:40:53Z,2026-10-01T10:10:21Z,32,394,INDIFFERENT,False
i2MrAn5lYvs,Lady Sweet Dream (Megatone Remix),Talamasca,Lady Sweet Dream (Megatone Remix),7:18,438,2026-09-12T10:40:53Z,2026-09-15T08:42:48Z,13,123,INDIFFERENT,False
C1h_SYc_OkA,Signatune,DJ Mehdi,Lucky Boy,1:05,65,2026-09-12T10:40:53Z,2026-10-01T10:10:21Z,25,32,INDIFFERENT,False
zpopTIaVFQg,I Know You,St. Julien,I Know You,2:28,148,2026-09-12T10:40:53Z,2026-10-01T10:10:21Z,22,188,INDIFFERENT,False
yz3OroC3MPo,Testarossa (SebastiAn Remix),Kavinsky,1986,4:59,299,2026-09-12T10:40:53Z,2026-10-01T10:10:21Z,27,99,INDIFFERENT,False
6kNsckwa0w0,Bound For The Floor,Local H,As Good As Dead,3:43,223,2026-09-12T10:40:53Z,2026-10-02T09:48:13Z,18,97,INDIFFERENT,False
48yR03AX75o,Lex,Ratatat,Classics,4:30,270,2026-09-12T10:40:53Z,2026-10-01T10:10:21Z,32,11,INDIFFERENT,False
l66x7HWmyhs,Zen Ninja,Ajja,Trance for Nations 14 (Compiled by Astrix),8:09,489,2026-09-12T10:40:53Z,2026-09-30T09:44:01Z,27,57,INDIFFERENT,False
opn4DAbw_YQ,Hydrogen,M|O|O|N,MOON E.P.,4:50,290,2026-09-12T10:40:53Z,2026-10-01T10:10:21Z,32,193,INDIFFERENT,False
fauXU4xKLV8,Light & Love,Static Movement,Sian,9:23,563,2026-09-12T10:40:53Z,2026-10-01T10:10:21Z,28,80,INDIFFERENT,False
qOf0NfN1SCs,Lost Paradise,U-Recken,Aquatic Serenade (Digital Re-Release),7:25,445,2026-09-12T10:40:53Z,2026-10-02T09:48:13Z,30,292,INDIFFERENT,False
zSj9CwEfNIQ,Wings Of Time (From the Motion Picture Dungeons & Dragons: Honor Among Thieves),Tame Impala,Wings Of Time (From the Motion Picture Dungeons & Dragons: Honor Among Thieves),2:49,169,2026-09-12T10:40:53Z,2026-10-01T10:10:21Z,33,111,INDIFFERENT,False
RUh6u7wJ3Ns,Spirit in the Sky,Norman Greenbaum,Spirit in the Sky - The Best of Norman Greenbaum,4:01,241,2026-09-12T10:40:53Z,2026-10-04T09:50:15Z,11,63,INDIFFERENT,False
JfuzK6oSo_M,Shamanic (Symphonix Remix),Ghost Rider,Psychedelic Energy,7:44,464,2026-09-12T10:40:53Z,2026-10-01T10:10:21Z,32,362,INDIFFERENT,False
5WloHlh44r0,The Answer,Ace Ventura & Interactive Noise,The Answer,7:03,423,2026-09-12T10:40:53Z,2026-10-01T10:10:21Z,25,244,INDIFFERENT,False
SBXnK-AfdOM,Vagabond (Liberty City Mix),Greenskeepers,Vagabond Remixes,3:01,181,2026-09-12T10:40:53Z,2026-10-01T10:10:21Z,33,16,INDIFFERENT,False
OSyv2UL7iq8,Don't Be Afraid,"Ferry Corsten, Joris Voorn, Moonman","A State of Trance Radio Top 50 - 2026, Vol. 1 (Selected by Armin van Buuren)",3:07,187,2026-09-12T10:40:53Z,2026-10-04T09:50:15Z,25,339,INDIFFERENT,False
cvc9TqFDSTY,u dont kno me,Yot Club,off the grid,4:00,240,2026-09-12T10:40:53Z,2026-10-01T10:10:21Z,20,67,INDIFFERENT,False
Am-_3efmbko,Life,Normalize,Life,8:18,498,2026-09-12T10:40:53Z,2026-09-15T08:42:48Z,14,337,INDIFFERENT,False
BNxUbIHcp4c,Imouha,Etran de L'Aïr,Imouha,6:05,365,2026-09-12T10:40:53Z,2026-10-04T09:50:15Z,21,59,INDIFFERENT,False
Z3hvVzfW1sk,Wish You Were Here,Incubus,Wish You Were Here,3:34,214,2026-09-12T10:40:53Z,2026-10-02T09:48:13Z,19,233,INDIFFERENT,False
w0VI1zByJ3s,Green River,Creedence Clearwater Revival,Green River (Expanded Edition),2:35,155,2026-09-12T10:40:53Z,2026-10-04T09:50:15Z,27,4,INDIFFERENT,False
ceGuYDGwPfM,Whatever,Godsmack,Godsmack,3:27,207,2026-09-12T10:40:53Z,2026-10-01T10:10:21Z,19,431,INDIFFERENT,False
mgaVa6J7Fag,Garbage Truck (Bonus Track),Beck,Scott Pilgrim Vs. The World (Original Motion Picture Soundtrack Expanded Edition),1:50,110,2026-09-12T10:40:53Z,2026-10-01T10:10:21Z,30,109,INDIFFERENT,False
c23DShdel5Y,Stay In Your Lane,Courtney Barnett,Creature of Habit,3:15,195,2026-09-12T10:40:53Z,2026-10-01T10:10:21Z,18,113,INDIFFERENT,False
sCGiK4Oi57Y,Center Of The Universe,Mandragora,Disc 1,6:12,372,2026-09-12T10:40:53Z,2026-10-01T10:10:21Z,31,159,INDIFFERENT,False
I85wLH35f2I,My Name Is Thunder,"Jet, The Bloody Beetroots",My Name Is Thunder,2:48,168,2026-09-12T10:40:53Z,2026-10-01T10:10:21Z,17,276,INDIFFERENT,False
xZl-ssLKyPE,Wolf Like Me,TV on the Radio,Return To Cookie Mountain,4:48,288,2026-09-12T10:40:53Z,2026-10-04T09:50:15Z,32,66,INDIFFERENT,False
dZ-cxh1zYTQ,Technoaid,DEKEL,Initiation,9:30,570,2026-09-12T10:40:53Z,2026-09-30T09:44:01Z,27,200,INDIFFERENT,False
L6RD7kAChx4,Virginia,The Bends,Leeward Drive,3:02,182,2026-09-12T10:40:53Z,2026-10-01T10:10:21Z,22,238,INDIFFERENT,False
NUog6Yx2_ks,Over and over Again,Uncle Acid & The Deadbeats,Blood Lust,3:21,201,2026-09-12T10:40:53Z,2026-09-12T11:25:40Z,5,236,INDIFFERENT,False
P_jNZNplI7M,Resonance (Inner Sphere remix),Divination,Resonance (Inner Sphere Remix),7:31,451,2026-09-12T10:40:53Z,2026-10-01T10:10:21Z,33,332,INDIFFERENT,False
rF3r9Knc6Vc,Spirit Molecule,Mekkanikka,Spirit Molecule,7:50,470,2026-09-12T10:40:53Z,2026-10-01T10:10:21Z,31,392,INDIFFERENT,False
ee9yP9aJbXM,Man Made of Meat,Viagra Boys,Man Made of Meat,3:10,190,2026-09-12T10:40:53Z,2026-10-04T09:50:15Z,13,150,INDIFFERENT,False
qztMfQm2r6Q,Psilocybin (Satori Remix),Visua,Psilocybin (Satori Remix),8:02,482,2026-09-12T10:40:53Z,2026-10-01T10:10:21Z,31,370,INDIFFERENT,False
AD655XLjXXQ,Infinity (Anna Remix),"Captain Hook, Ritmo",Infinity (Anna Remix),6:42,402,2026-09-12T10:40:53Z,2026-10-01T10:10:21Z,28,73,INDIFFERENT,False
pO6C3xTrZi8,Mr. Croissant Taker,Transistorcake,Mr. Croissant Taker,4:29,269,2026-09-12T10:40:53Z,2026-10-01T10:10:21Z,33,46,LIKE,False
tNBxRNPNoiQ,I Am,Liquid Soul & Kalki,I Am,8:02,482,2026-09-12T10:40:53Z,2026-10-04T09:50:15Z,32,229,INDIFFERENT,False
pf7uueiK8ec,Genesis,Justice,Cross,3:55,235,2026-09-12T10:40:53Z,2026-09-30T09:44:01Z,24,21,INDIFFERENT,False
ci2SZJPPIUY,Sarniezz,Angine de Poitrine,Vol.II,4:36,276,2026-09-12T10:40:53Z,2026-10-01T10:10:21Z,31,18,INDIFFERENT,False
VqGFV63HgXs,Mindshift,Ace Ventura & GMS,Mindshift,8:12,492,2026-09-12T10:40:53Z,2026-10-04T09:50:15Z,35,365,INDIFFERENT,False
F3hKIbSjBT0,Galactic Mantra (Killerwatts Remix),Ovnimoon,Galactic Mantra (Killerwatts Remix),8:13,493,2026-09-12T10:40:53Z,2026-10-01T10:10:21Z,28,275,INDIFFERENT,False
-FWrwbHqu5w,I Need Never Get Old,Nathaniel Rateliff & The Night Sweats,Nathaniel Rateliff & The Night Sweats,4:14,254,2026-09-12T10:40:53Z,2026-10-03T09:10:54Z,33,57,LIKE,False
IVagMZ8fS4E,Inside Your Head,Vertical Mode,Psy-Fi Book of Changes Compiled by Astrix,7:55,475,2026-09-12T10:40:53Z,2026-10-01T10:10:21Z,30,387,INDIFFERENT,False
aNK2wfuiks0,Rude Alert,Ajja,Tulpa,6:58,418,2026-09-12T10:40:53Z,2026-10-01T10:10:21Z,31,20,INDIFFERENT,False
eOfVCEyyhOs,We Are Awakening,Symbolic & Lifeforms,One of a Kind,7:57,477,2026-09-12T10:40:53Z,2026-10-01T10:10:21Z,31,430,INDIFFERENT,False
2RYw2uwW1RE,Moonshine,Astrix & Avalon,Psy-Fi Book of Changes Compiled by Astrix,7:47,467,2026-09-12T10:40:53Z,2026-10-04T09:50:15Z,25,330,INDIFFERENT,False
XRjVsYXylfM,Best Clockmaker on Mars,Sturgill Simpson,SOUND & FURY,3:55,235,2026-09-12T10:40:53Z,2026-10-01T10:10:21Z,28,76,INDIFFERENT,False
8sfSJrPgvns,The Beyond,"GMS, Legohead",Dimension 005 (Compiled by Alpha Portal),7:57,477,2026-09-12T10:40:53Z,2026-10-01T10:10:21Z,32,353,INDIFFERENT,False
hg-sUW8WOxg,Free Your Soul,"Ace Ventura, Outsiders",Free Your Soul,8:28,508,2026-09-12T10:40:53Z,2026-09-30T09:44:01Z,18,233,INDIFFERENT,False
OhUJEfU2mzg,Home Is Not a Place,Hinap,Home Is Not a Place,6:43,403,2026-09-12T10:40:53Z,2026-10-01T10:10:21Z,33,419,INDIFFERENT,False
FibcGsZpPaM,Limbic Resonance,Altruism,Psychedelic Awakening,6:39,399,2026-09-12T10:40:53Z,2026-10-01T10:10:21Z,31,355,INDIFFERENT,False
jYEWwOfSxHE,Mind Control,Side Effects,Mind Control,8:18,498,2026-09-12T10:40:53Z,2026-09-30T09:44:01Z,31,336,INDIFFERENT,False
RT1zCzBO48I,Eternal Valley,Asgard,Trance for Nations 14 (Compiled by Astrix),8:25,505,2026-09-12T10:40:53Z,2026-10-04T09:50:15Z,32,46,INDIFFERENT,False
_b6YP9I9iro,Power of God,Berg,Aurora,6:38,398,2026-09-12T10:40:53Z,2026-09-15T08:42:48Z,15,419,INDIFFERENT,False
QSWzLGgRF8c,Micro Music,Sonic Species & Relativ,Micro Music,7:47,467,2026-09-12T10:40:53Z,2026-09-30T09:44:01Z,24,83,INDIFFERENT,False
Gdv3Zn20Fec,Dirty Beat Drop,Querox,How Life Goes On,7:22,442,2026-09-12T10:40:53Z,2026-09-30T09:44:01Z,27,422,INDIFFERENT,False
1DjOhjuRVNI,The Sixth Revelation,1200 Micrograms,The Secret Of The Thirteen Crystal Skulls,10:02,602,2026-09-12T10:40:53Z,2026-09-13T08:20:16Z,7,322,INDIFFERENT,False
NFeUko-lQHg,Break on Through (To the Other Side),The Doors,The Doors,2:28,148,2026-09-12T10:40:53Z,2026-10-04T09:50:15Z,11,117,INDIFFERENT,False
e31a-RDrWaE,Digital Reality,Sonic Species & yushi,Digital Reality,7:44,464,2026-09-12T10:40:53Z,2026-10-04T09:50:15Z,21,260,INDIFFERENT,False
vjxU0mJplnI,Agate,Astrix & Ritmo,Astrix - He.art,8:44,524,2026-09-12T10:40:53Z,2026-10-01T10:10:21Z,32,51,INDIFFERENT,False
3cM0gN90AH8,We Are One,Ranji,Anyone Can Fly,6:33,393,2026-09-12T10:40:53Z,2026-09-14T08:57:25Z,13,222,INDIFFERENT,False
MiGXcaalNe0,On Fire,Tristan,Psychedelic Awakening,5:58,358,2026-09-12T10:40:53Z,2026-09-24T08:29:18Z,23,199,INDIFFERENT,False
C3yCnfYN9bI,Land Of Freedom (Liquid Soul Remix),Transwave,Land Of Freedom (Liquid Soul Remix),8:09,489,2026-09-12T10:40:53Z,2026-10-01T10:10:21Z,31,279,INDIFFERENT,False
R-bw-mjAbSE,The Darkness That You Fear (Edit),The Chemical Brothers,The Darkness That You Fear,3:58,238,2026-09-12T10:40:53Z,2026-10-01T10:10:21Z,28,216,INDIFFERENT,False
Mv05ckyuFEk,Magic Portal,"Alpha Portal, Magik",Full Throttle,6:47,407,2026-09-12T10:40:53Z,2026-10-01T10:10:21Z,30,414,INDIFFERENT,False
yNUSt39VzlE,Golden Hour,Dekel & Modus,Golden Hour,9:05,545,2026-09-12T10:40:53Z,2026-10-01T10:10:21Z,31,183,INDIFFERENT,False
hDZsAPst7oA,Duties of the Hearts,Lifeforms,Trance for Nations 14 (Compiled by Astrix),6:53,413,2026-09-12T10:40:53Z,2026-10-01T10:10:21Z,32,284,INDIFFERENT,False
hngyBkMM5RA,Northern Stars,"Static Movement,Cosmic Tone",Northern Stars,7:33,453,2026-09-12T10:40:53Z,2026-10-01T10:10:21Z,32,325,INDIFFERENT,False
7IQCsdcMevk,Tantra,Fmesier,Tantra,7:51,471,2026-09-12T10:40:53Z,2026-10-01T10:10:21Z,31,264,INDIFFERENT,False
zF9BVQVCfIo,5 Billion Stars (Captain Hook Remix),LOUD,Loud Remixes Vol 2,9:30,570,2026-09-12T10:40:53Z,2026-10-01T10:10:21Z,31,21,INDIFFERENT,False
gJQJ7YP9QEo,Idealistic,Digitalism,Idealism,4:11,251,2026-09-12T10:40:53Z,2026-10-01T10:10:21Z,31,402,INDIFFERENT,False
OOaovThubr8,Flashback (Freedom Fighters Remix),Vini Vici & Pixel,Life Is a Remix,8:39,519,2026-09-12T10:40:53Z,2026-09-30T09:44:01Z,16,246,INDIFFERENT,False
tz4r7mYVPqc,Shiva,Avalon & Waio,Shiva,6:40,400,2026-09-12T10:40:53Z,2026-10-01T10:10:21Z,31,231,INDIFFERENT,False
gUZXU2JRSQI,We Are Underground,"Groundbass, Synthatic, Tijah",We Are Underground,8:21,501,2026-09-12T10:40:53Z,2026-09-30T09:44:01Z,14,370,INDIFFERENT,False
0J2SVEzWew4,Rolling,Mandragora,Aladin,5:19,319,2026-09-12T10:40:53Z,2026-09-15T08:42:48Z,16,430,INDIFFERENT,False
j-DVZKKFqqc,Cyberion - Strange Signals,Mignon15,,9:15,555,2026-09-12T10:40:53Z,2026-09-14T08:57:25Z,13,138,INDIFFERENT,False
KIMyqKdbHX8,Hops of Hades Vini Vici Remix,Ticon,Future Classics,6:53,413,2026-09-12T10:40:53Z,2026-10-01T10:10:21Z,32,363,INDIFFERENT,False
E5AFlTjeqT8,Techno Shaman,Ummet Ozcan,Techno Shaman,4:14,254,2026-09-12T10:40:53Z,2026-10-03T09:10:54Z,30,353,INDIFFERENT,False
IWY7eV-deQ0,Chunky,Trampsta,Chunky,5:09,309,2026-09-12T10:40:53Z,2026-10-01T10:10:21Z,31,375,INDIFFERENT,False
Kvjob00JYf0,Butterfly,Vegas (Brazil),Butterfly,5:08,308,2026-09-12T10:40:53Z,2026-10-01T10:10:21Z,32,90,INDIFFERENT,False
kv6PGv_Cbao,Human Heart,"Antinomy, Symbolic",Trance for Nations 14 (Compiled by Astrix),7:44,464,2026-09-12T10:40:53Z,2026-10-01T10:10:21Z,32,180,INDIFFERENT,False
CbbFYyK1qUE,Black Hole Original Mix,Egorythmia,"Goa X, Vol. 3",7:25,445,2026-09-12T10:40:53Z,2026-10-01T10:10:21Z,29,100,INDIFFERENT,False
2Ul3oPwdsQI,Del Tango Original Mix,Phaxe,Del Tango,7:23,443,2026-09-12T10:40:53Z,2026-10-01T10:10:21Z,27,350,INDIFFERENT,False
258QqS6gTXc,Dreams We Have,Symphonix,Dreams We Have,5:44,344,2026-09-12T10:40:53Z,2026-09-15T08:42:48Z,14,241,INDIFFERENT,False
HidQeN_DxtQ,New World Order,Morten Granau,New World Order,6:57,417,2026-09-12T10:40:53Z,2026-10-01T10:10:21Z,30,410,INDIFFERENT,False
e_kIXeB9jeg,Feeling for You,Cassius,1999 (Deluxe Edition),4:38,278,2026-09-12T10:40:53Z,2026-10-01T10:10:21Z,31,45,INDIFFERENT,False
ayjwJ7StyCw,Food Jujutsu,Neon Bones,Food Jujutsu,1:47,107,2026-09-12T10:40:53Z,2026-10-04T09:50:15Z,25,284,INDIFFERENT,False
cscAcMcfeuc,Magic Monkey Juice,Younger Brother,A Flock of Bleeps,7:00,420,2026-09-12T10:40:53Z,2026-09-30T09:44:01Z,18,455,INDIFFERENT,False
mSaEB9LSfg8,Neurochemistry (Indianix Remix),Liquid Ace,Neurochemistry (Indianix Remix),5:58,358,2026-09-12T10:40:53Z,2026-09-30T09:44:01Z,30,240,INDIFFERENT,False
taHYtEGxLnw,Joy.,"Absolutely, Amma, RAYE",THIS MUSIC MAY CONTAIN HOPE.,4:24,264,2026-09-12T10:40:53Z,2026-10-01T10:10:21Z,31,5,INDIFFERENT,False
WnC2s257-bs,Green Light District,Flexus & Morten Granau,"Christiania Selection, Vol. 3",7:16,436,2026-09-12T10:40:53Z,2026-10-01T10:10:21Z,30,92,INDIFFERENT,False
VmVBxOeBTRU,Land of 2 Suns (Liquid Soul Remix),Aqualize,Land of 2 Suns (Liquid Soul Remix),8:16,496,2026-09-12T10:40:53Z,2026-10-01T10:10:21Z,32,269,INDIFFERENT,False
bJV2ChvIm7g,Om namaha,Gammaepsilon,Om namaha,6:42,402,2026-09-12T10:40:53Z,2026-10-04T09:50:15Z,29,369,INDIFFERENT,False
P9pipEPQ1p0,Organic Rhythm,Ritmo,Organic Rhythm,8:25,505,2026-09-12T10:40:53Z,2026-10-01T10:10:21Z,31,258,INDIFFERENT,False
hhOSoyriFLg,Colorblind,Mythospheric,Colorblind,8:13,493,2026-09-12T10:40:53Z,2026-09-29T09:51:34Z,29,356,INDIFFERENT,False
MC8vL4dSTto,One Species,Bellatrix,One Species,7:54,474,2026-09-12T10:40:53Z,2026-09-30T09:44:01Z,31,461,INDIFFERENT,False
Dvxtn4LvGFw,All We Have Is Now,Nevo,Between Heaven and Hell,9:50,590,2026-09-12T10:40:53Z,2026-09-30T09:44:01Z,27,383,INDIFFERENT,False
mJC4_ENo_IU,Psychedelic Woods,Omiki,Psychedelic Woods,7:26,446,2026-09-12T10:40:53Z,2026-09-30T09:44:01Z,29,454,INDIFFERENT,False
G6aNYV8B5wc,Tribulations,LCD Soundsystem,LCD Soundsystem,4:59,299,2026-09-12T10:40:53Z,2026-10-01T10:10:21Z,31,255,INDIFFERENT,False
9R40wDpOxEo,Orientation Station,Grouch,Corpus Callosum,8:55,535,2026-09-12T10:40:53Z,2026-09-30T09:44:01Z,30,426,INDIFFERENT,False
aw21KTFPTOg,Tomorrow,"Capital Monkey, Klopfgeister",Tomorrow,7:33,453,2026-09-12T10:40:53Z,2026-09-15T08:42:48Z,14,28,INDIFFERENT,False
NWn8TPbMXLk,Can't You Hear Me Knocking,Marcus King,Stoned Cold Country,5:18,318,2026-09-12T10:40:53Z,2026-10-01T10:10:21Z,24,175,INDIFFERENT,False
pAmyMW95yUg,Overthrow,Boys Noize,Mayday,4:46,286,2026-09-12T10:40:53Z,2026-10-01T10:10:21Z,30,161,INDIFFERENT,False
XEVBRIA-4tA,Gabriel (Soulwax Remix),"Joe Goddard, Valentina",Gabriel Remixes II,4:31,271,2026-09-12T10:40:53Z,2026-10-01T10:10:21Z,32,64,INDIFFERENT,False
bmjROkH6xtE,Elysium - Subconsciousness,Amatria7,,8:55,535,2026-09-12T10:40:53Z,2026-09-14T08:57:25Z,13,68,INDIFFERENT,False
qYG0tKyz0lo,Viol,Gesaffelstein,Conspiracy Pt.2,5:44,344,2026-09-12T10:40:53Z,2026-10-01T10:10:21Z,30,270,INDIFFERENT,False
_R0fmXGJzRA,Can't Stop,"Major7, Rexalted",Can't Stop,7:07,427,2026-09-12T10:40:53Z,2026-09-15T08:42:48Z,14,296,INDIFFERENT,False
nYX-wygZfhs,Plant Medicine,"Avalon, Electric Universe",Plant Medicine,9:43,583,2026-09-12T10:40:53Z,2026-10-04T09:50:15Z,31,250,INDIFFERENT,False
-njMAzRYuUk,Mental Hotline,Space Buddha,Full Circle,7:19,439,2026-09-12T10:40:53Z,2026-10-01T10:10:21Z,31,268,INDIFFERENT,False
L8AOva2GPws,Glitter Freeze (feat. Mark E Smith),Gorillaz,Plastic Beach,4:04,244,2026-09-12T10:40:53Z,2026-10-01T10:10:21Z,27,246,INDIFFERENT,False
92auKZHxJC8,Genetic Lottery,Astrix & Loud,High On Mel,8:14,494,2026-09-12T10:40:53Z,2026-10-01T10:10:21Z,31,366,INDIFFERENT,False
bPiQZfuhBew,Discovery,Protonica,Discovery,7:20,440,2026-09-12T10:40:53Z,2026-10-01T10:10:21Z,30,39,INDIFFERENT,False
FFMyMwjWqXs,Guerrilla Radio,Rage Against The Machine,The Battle Of Los Angeles,3:27,207,2026-09-12T10:40:53Z,2026-10-03T09:10:54Z,12,164,INDIFFERENT,False
j6PklMxZeFI,"if you wanna party, come over to my house (Eli Escobar Remix)",Fcukers,"if you wanna party, come over to my house (Eli Escobar Remix)",5:15,315,2026-09-12T10:40:53Z,2026-09-18T08:16:45Z,18,322,INDIFFERENT,False
uAVfLArZ2uA,"Turn Up the Silence (Remastered, 2019)",Shpongle,"Nothing Lasts...but Nothing Is Lost (Remastered, 2019)",3:23,203,2026-09-12T10:40:53Z,2026-10-01T10:10:21Z,19,34,INDIFFERENT,False
bxUI0AXsy8I,Aiha,Burn in Noise,Dimension 005 (Compiled by Alpha Portal),7:47,467,2026-09-12T10:40:53Z,2026-10-01T10:10:21Z,29,390,INDIFFERENT,False
-QpdI2yutjE,Starfall,Ajja,Raja Rams Stashbag Vol. 5,8:21,501,2026-09-12T10:40:53Z,2026-10-01T10:10:21Z,31,198,INDIFFERENT,False
j_set46fRhg,Psychomachine (Remaster 2002),X-Dream,The Best 1991-2001,8:30,510,2026-09-12T10:40:53Z,2026-09-30T09:44:01Z,17,154,INDIFFERENT,False
wuCN2ghqT6I,Rice,Slomosa,Tundra Rock,5:26,326,2026-09-12T10:40:53Z,2026-10-01T10:10:21Z,16,277,INDIFFERENT,False
6ywIjjj3YuA,Cherub Rock,Smashing Pumpkins,Siamese Dream (Deluxe Edition),4:59,299,2026-09-12T10:40:53Z,2026-10-01T10:10:21Z,18,354,INDIFFERENT,False
HKbXxXTULEU,Sky High,Mad Tribe & Alpha Portal,Sky High,7:58,478,2026-09-12T10:40:53Z,2026-10-04T09:50:15Z,33,388,INDIFFERENT,False
Stcw-pXUdBM,Ceremony,Side Effects,Brain Signal,6:39,399,2026-09-12T10:40:53Z,2026-10-01T10:10:21Z,32,296,INDIFFERENT,False
GjE_yNPbcCY,Let it Burn,Goat,Let it Burn,6:04,364,2026-09-12T10:40:53Z,2026-10-03T09:10:54Z,16,192,INDIFFERENT,False
ieMRw8nthso,Sing Along,Sturgill Simpson,SOUND & FURY,2:55,175,2026-09-12T10:40:53Z,2026-10-01T10:10:21Z,28,213,INDIFFERENT,False
ioXjjM7MT_M,Power of Acid,Ranji,Power of Acid,9:09,549,2026-09-12T10:40:53Z,2026-10-01T10:10:21Z,27,383,INDIFFERENT,False
jYBX-O4sD3I,Sherpa,Angine de Poitrine,Sherpa,5:44,344,2026-09-12T10:40:53Z,2026-10-01T10:10:21Z,31,214,INDIFFERENT,False
744NnRExh00,Love Don’t,Nathaniel Rateliff & The Night Sweats,The Future,5:11,311,2026-09-12T10:40:53Z,2026-10-01T10:10:21Z,19,409,INDIFFERENT,False
6rg0si_QdaQ,Just An Imagination,"Yestermorrow, Zyce",Just An Imagination,6:47,407,2026-09-12T10:40:53Z,2026-09-15T08:42:48Z,14,153,INDIFFERENT,False
f3k3_yxaImg,Ratchet,Bloc Party,FOUR (Deluxe Version),3:19,199,2026-09-12T10:40:53Z,2026-09-30T09:44:01Z,25,221,INDIFFERENT,False
TbV6kpl6yl0,Wayfarer,Kavinsky,1986,4:30,270,2026-09-12T10:40:53Z,2026-10-01T10:10:21Z,32,151,INDIFFERENT,False
BGlWw2B_FOU,Deep Vibrations Astrix Remix,Vertical Mode,Type 1,7:43,463,2026-09-12T10:40:53Z,2026-10-01T10:10:21Z,29,421,INDIFFERENT,False
67Ir5k02Z2s,I Want to Die,Marc Rebillet,I Want to Die,4:59,299,2026-09-12T10:40:53Z,2026-10-01T10:10:21Z,32,143,INDIFFERENT,False
jd2rtmAevl4,Sacramental,"Tristan, Pogo",Dimension 005 (Compiled by Alpha Portal),7:19,439,2026-09-12T10:40:53Z,2026-10-01T10:10:21Z,32,361,INDIFFERENT,False
IoeMVlD6ufs,Dimension of Music,"Symphonix, Taylor Marie",Dimension of Music,7:39,459,2026-09-12T10:40:53Z,2026-10-01T10:10:21Z,31,302,INDIFFERENT,False
GNtlKZ8CQ4g,Universal Language,"Astral Projection, Outsiders","Stash Bag, Vol. 6",8:04,484,2026-09-12T10:40:53Z,2026-10-04T09:50:15Z,29,147,INDIFFERENT,False
GPPJsRILcP8,Shiva Tandava Stotram,Technical Hitch,Shiva Tandava Stotram,6:54,414,2026-09-12T10:40:53Z,2026-09-30T09:44:01Z,28,288,INDIFFERENT,False
PxSUgsoij0Q,Heart Beat (Extended Mix),"Animato, Gaudium",Heart Beat,7:40,460,2026-09-12T10:40:53Z,2026-09-30T09:44:01Z,26,38,INDIFFERENT,False
-0aHruIp2xg,The Perfect Parts,Shakey Graves,And The War Came,3:57,237,2026-09-12T10:40:53Z,2026-09-30T09:44:01Z,22,224,INDIFFERENT,False
Da7GZqXEfyU,Jerk It Out (New Brauer Mix),Caesars,Paper Tigers,3:15,195,2026-09-12T10:40:53Z,2026-09-28T09:49:05Z,25,264,INDIFFERENT,False
5eHkjPCGXKQ,Immigrant Song (Remaster),Led Zeppelin,Led Zeppelin III (Remaster),2:27,147,2026-09-12T10:40:53Z,2026-10-04T09:50:15Z,20,436,INDIFFERENT,False
FN_PSKxTl9A,Do It Again,The Chemical Brothers,We Are The Night,5:33,333,2026-09-12T10:40:53Z,2026-10-01T10:10:21Z,31,416,INDIFFERENT,False
1lMnOlb5v20,The Way,Sonic Species,The Way,7:28,448,2026-09-12T10:40:53Z,2026-10-01T10:10:21Z,29,192,INDIFFERENT,False
TSd33Gz_fvs,Positive Visualisation,Talamasca,Positive Visualization,7:32,452,2026-09-12T10:40:53Z,2026-10-01T10:10:21Z,30,68,INDIFFERENT,False
3TkQ4qtIzDs,Interplanetary Soul,Alienatic,Creative Soul,9:40,580,2026-09-12T10:40:53Z,2026-10-04T09:50:15Z,21,287,INDIFFERENT,False
f7-6rqZOf_s,Cool for You,Haiku Hands,Cool for You,3:19,199,2026-09-12T10:40:53Z,2026-10-01T10:10:21Z,30,367,INDIFFERENT,False
NfpwKs1REg0,Stinkfist,TOOL,Ænima,5:13,313,2026-09-12T10:40:53Z,2026-09-29T09:51:34Z,12,381,INDIFFERENT,False
SK7QPSHm0gI,Say Goodbye,Querox,How Life Goes On,8:44,524,2026-09-12T10:40:53Z,2026-10-01T10:10:21Z,28,289,INDIFFERENT,False
4L56DPmFl8w,Would? (2022 Remaster),Alice In Chains,Dirt (2022 Remaster),3:27,207,2026-09-12T10:40:53Z,2026-09-30T09:44:01Z,14,469,INDIFFERENT,False
29o0_sz3QRI,Consciousness,Altruism,Consciousness,8:14,494,2026-09-12T10:40:53Z,2026-10-01T10:10:21Z,30,272,INDIFFERENT,False
b2NtYi8KdRk,Atlantic Spirit (2018 Remix),Static Movement & Impact,Speed of Light,7:22,442,2026-09-12T10:40:53Z,2026-10-01T10:10:21Z,31,408,INDIFFERENT,False
QmnvzLDHLdk,Sheyba - Ganesh [1995],stkthree03,,7:12,432,2026-09-12T10:40:53Z,2026-09-14T08:57:25Z,13,62,INDIFFERENT,False
EKAX1jukwU0,Ghosts 'n' Stuff (Original Instrumental Mix),deadmau5,Ghosts N Stuff (Original Instrumental Mix),6:11,371,2026-09-12T10:40:53Z,2026-10-01T10:10:21Z,29,377,INDIFFERENT,False
Zjo8dCFbgMU,Jiboya,Vegas (Brazil),Jiboya,6:33,393,2026-09-12T10:40:53Z,2026-09-30T09:44:01Z,28,434,INDIFFERENT,False
crI88tZxKO0,Colors,Beck,Colors,4:22,262,2026-09-12T10:40:53Z,2026-10-01T10:10:21Z,27,211,INDIFFERENT,False
G1ozSoBSKw4,Infinite Horizon,Chronosphere,Infinite Horizon,7:57,477,2026-09-12T10:40:53Z,2026-10-04T09:50:15Z,28,258,INDIFFERENT,False
xjqanC6zfxU,Sounds of Madness (Perception Remix),Groundbass & Tijah,Sounds of Madness (Perception Remix),8:11,491,2026-09-12T10:40:53Z,2026-09-30T09:44:01Z,30,265,INDIFFERENT,False
KbIKIjo5Nck,Intestellar Space,Hinap,"Beach Atmosphere, Vol.3",8:12,492,2026-09-12T10:40:53Z,2026-10-01T10:10:21Z,31,77,INDIFFERENT,False
RRngXQ6TZ2o,Altered Beast II,King Gizzard & The Lizard Wizard,Murder of the Universe,4:29,269,2026-09-12T10:40:53Z,2026-10-04T09:50:15Z,15,410,INDIFFERENT,False
aZ49Hoea9IU,Silver Screen (Shower Scene),Felix Da Housecat,Kittenz and Thee Glitz,4:41,281,2026-09-12T10:40:53Z,2026-10-01T10:10:21Z,31,261,INDIFFERENT,False
SThNigU52hY,Take Yer Meds,"Brent Cobb, The Fixin's",Take Yer Meds,3:44,224,2026-09-12T10:40:53Z,2026-10-04T09:50:15Z,27,171,INDIFFERENT,False
p6v6wWmEYvY,Barracuda,Heart,Little Queen,4:22,262,2026-09-12T10:40:53Z,2026-10-04T09:50:15Z,27,124,INDIFFERENT,False
bhz1QcTMnfo,Eyes (Radio Edit),Jay Benson,Eyes,3:12,192,2026-09-12T10:40:53Z,2026-10-04T09:50:15Z,16,21,INDIFFERENT,False
7aMfyY-t2bg,Shadows of Light,Asgard,Shadows of Light,7:34,454,2026-09-12T10:40:53Z,2026-09-15T08:42:48Z,15,85,INDIFFERENT,False
1YY7UkOVvB0,F For You,Disclosure,Settle (Special Edition),4:29,269,2026-09-12T10:40:53Z,2026-10-01T10:10:21Z,31,176,INDIFFERENT,False
cmsRvmY1R6E,Daft Punk Is Playing at My House (Soulwax Shibuya Mix),LCD Soundsystem,Daft Punk Is Playing at My House,6:52,412,2026-09-12T10:40:53Z,2026-09-30T09:44:01Z,20,369,INDIFFERENT,False
IPeJ7iM55hc,Brain Stew,Green Day,Insomniac,3:13,193,2026-09-12T10:40:53Z,2026-10-01T10:10:21Z,13,121,INDIFFERENT,False
l4y_Hw0lneA,I Feel Better,Hot Chip,One Life Stand,4:41,281,2026-09-12T10:40:53Z,2026-10-01T10:10:21Z,23,328,INDIFFERENT,False
R723w9CWkX0,Born Slippy (Nuxx / Remastered),Underworld,Second Toughest In The Infants (Deluxe / Remastered),11:46,706,2026-09-12T10:40:53Z,2026-09-30T09:44:01Z,28,471,INDIFFERENT,False
_leY_k2A0SM,Voodoo,Interactive Noise,The Nine Stories,5:31,331,2026-09-12T10:40:53Z,2026-10-01T10:10:21Z,31,320,INDIFFERENT,False
1eAC3aClrfI,Trainwreck 1979 (Moulder Mix with in/out fades),Death From Above 1979,Trainwreck 1979,3:47,227,2026-09-12T10:40:53Z,2026-09-12T11:08:41Z,4,159,INDIFFERENT,False
8tPsaSPraks,Gold on the Ceiling,The Black Keys,El Camino,3:45,225,2026-09-12T10:40:53Z,2026-10-03T09:10:54Z,22,281,INDIFFERENT,False
W2M_7Et8o2c,We Got the Power (feat. Jehnny Beth),Gorillaz,Humanz,2:20,140,2026-09-12T10:40:53Z,2026-10-01T10:10:21Z,13,412,INDIFFERENT,False
tRIiHQwMOgQ,100 Billion Galaxies,Egorythmia,100 Billion Galaxies,8:17,497,2026-09-12T10:40:53Z,2026-09-30T09:44:01Z,28,63,INDIFFERENT,False
n7ftQ2lPgF0,Rocksteady,The Bloody Beetroots,Rocksteady,3:42,222,2026-09-12T10:40:53Z,2026-10-01T10:10:21Z,25,348,INDIFFERENT,False
FhM948Dc7_0,Long Cool Woman in a Black Dress,Hollies,Listen to Me - Hollies - Best,3:15,195,2026-09-12T10:40:53Z,2026-10-03T09:10:54Z,10,74,INDIFFERENT,False
1-KU3MqR06g,Star 6 9,Snõõper,Worldwide,3:12,192,2026-09-12T10:40:53Z,2026-10-04T09:50:15Z,17,225,INDIFFERENT,False
WvvDJJJjJW0,Saturday Night Special,Lynyrd Skynyrd,Nuthin' Fancy (Expanded Edition),5:10,310,2026-09-12T10:40:53Z,2026-09-27T09:17:15Z,4,286,INDIFFERENT,False
i7IlPwFbY8U,Circles,Digitalism,"I Love You, Dude",3:47,227,2026-09-12T10:40:53Z,2026-09-30T09:44:01Z,27,215,INDIFFERENT,False
DQLb0lKE7XA,hooked on jungle,Merkaba,Awaken,11:12,672,2026-09-12T10:40:53Z,2026-10-01T10:10:21Z,32,239,INDIFFERENT,False
EjfNkXfPLWM,3rd Eye (Symbolic & Waio Remix),GMS & Space Tribe,Psy-Fi Book of Changes Compiled by Astrix,8:01,481,2026-09-12T10:40:53Z,2026-10-01T10:10:21Z,30,286,INDIFFERENT,False
MMSUbiqOGwk,sampling scott pilgrim,disctr4k,sampling scott pilgrim,3:46,226,2026-09-12T10:40:53Z,2026-10-04T09:50:15Z,20,161,INDIFFERENT,False
KUnGExQX80A,Colors,Avalon & Tristan & Vini Vici,Colors,8:08,488,2026-09-12T10:40:53Z,2026-10-01T10:10:21Z,31,338,INDIFFERENT,False
JMMlHk7wLsw,Pukebox,Psychedelic Porn Crumpets,Shyga! The Sunlight Mound,3:09,189,2026-09-12T10:40:53Z,2026-10-03T09:10:54Z,20,93,INDIFFERENT,False
1wTJ0wX6hNY,Eya (Rexalted Remix),Omiki,"The Remixes, Pt. 1",6:27,387,2026-09-12T10:40:53Z,2026-10-01T10:10:21Z,28,422,INDIFFERENT,False
DAgms55PA8M,Levitate,Liquid Soul & Protonica,Levitate,7:55,475,2026-09-12T10:40:53Z,2026-10-01T10:10:21Z,20,58,INDIFFERENT,False
c3KaBLLstgs,Subconscious,"Freedom Fighters, Pspiralife, Hypogeo",Crocadelia,7:40,460,2026-09-12T10:40:53Z,2026-10-01T10:10:21Z,31,365,INDIFFERENT,False
wjbLuDhO3lQ,Speaking in Tongues I,Jade Cicada & Sheila Chandra,Brood VII,2:18,138,2026-09-12T10:40:53Z,2026-10-03T09:10:54Z,16,259,INDIFFERENT,False
uO1vFqKCKd8,Mata Zyklek,Angine de Poitrine,Vol.II,6:10,370,2026-09-12T10:40:53Z,2026-10-01T10:10:21Z,32,148,INDIFFERENT,False
N8Pzy04zKww,3rd Eye,"Morten Granau, Emok",3rd Eye,7:24,444,2026-09-12T10:40:53Z,2026-10-01T10:10:21Z,24,357,INDIFFERENT,False
FB2yz0UQeSw,Time & Space (Lifeforms & Kali Remix),"Avalon, Burn In Noise",London Landscapes 2,7:50,470,2026-09-12T10:40:53Z,2026-09-30T09:44:01Z,29,365,INDIFFERENT,False
d-KAZjNmHpg,Prime Time of Your Life / Brainwasher / Rollin' & Scratchin' / Alive,Daft Punk,Alive 2007,10:23,623,2026-09-12T10:40:53Z,2026-09-14T08:57:25Z,4,1,INDIFFERENT,False
4-rDzvcrBA4,Bebopper,Ajja,Tulpa,7:38,458,2026-09-12T10:40:53Z,2026-10-01T10:10:21Z,28,317,INDIFFERENT,False
jmnurN4Sb3U,Bungee Jump,"Astrix, Captain Hook",Akashic Library,8:39,519,2026-09-12T10:40:53Z,2026-09-30T09:44:01Z,24,331,INDIFFERENT,False
nCKzSbBdhxk,A Good Look,Sturgill Simpson,SOUND & FURY,4:02,242,2026-09-12T10:40:53Z,2026-09-30T09:44:01Z,21,431,INDIFFERENT,False
wP2f97DNSBA,Exoplanet,Protonica,Symmetry,8:42,522,2026-09-12T10:40:53Z,2026-09-15T08:42:48Z,14,138,INDIFFERENT,False
0ZJ9PNtmRCs,Up All Night,Beck,Colors,3:11,191,2026-09-12T10:40:53Z,2026-10-01T10:10:21Z,27,30,INDIFFERENT,False
E6qCnRe3KDw,DLZ,TV on the Radio,Dear Science,3:49,229,2026-09-12T10:40:53Z,2026-10-01T10:10:21Z,29,42,INDIFFERENT,False
HKfAV4fqYhI,380 Volt (Sun Project Remix),Sun Project,Remixes II,8:24,504,2026-09-12T10:40:53Z,2026-09-13T08:20:16Z,11,385,INDIFFERENT,False
CoKt6atQFNQ,Cousins,Vampire Weekend,Contra,2:26,146,2026-09-12T10:40:53Z,2026-10-01T10:10:21Z,31,197,INDIFFERENT,False
1ExdigjJmaA,Pursuit,Gesaffelstein,Aleph,4:08,248,2026-09-12T10:40:53Z,2026-10-01T10:10:21Z,30,26,INDIFFERENT,False
T0oWQH8Q_X0,Sol,Static Movement,Sol,9:16,556,2026-09-12T10:40:53Z,2026-10-01T10:10:21Z,24,287,INDIFFERENT,False
uKtqyyVG-IQ,Universe Inside Me (Ghost Rider & Ranji Remix),Vini Vici & Liquid Soul,Life Is a Remix,6:00,360,2026-09-12T10:40:53Z,2026-10-01T10:10:21Z,30,417,INDIFFERENT,False
Vlv7gDbFjIg,The Last Kiss,Querox,The Last Kiss,7:22,442,2026-09-12T10:40:53Z,2026-10-01T10:10:21Z,31,72,INDIFFERENT,False
yuD6enwjoLY,So What'Cha Want (Remastered 2009),Beastie Boys,Check Your Head (Deluxe Edition/Remastered/2009),3:37,217,2026-09-12T10:40:53Z,2026-10-04T09:50:15Z,12,99,INDIFFERENT,False
XkibcVeSqOs,True Reality (Interactive Noise Remix),"Symphonix, Venes",The Usual Suspects Remixes Part 1,7:04,424,2026-09-12T10:40:53Z,2026-10-01T10:10:21Z,30,368,INDIFFERENT,False
P-i0jw61niE,Banquet,Bloc Party,Silent Alarm,3:17,197,2026-09-12T10:40:53Z,2026-10-01T10:10:21Z,32,307,INDIFFERENT,False
BEvDhhfuQo4,Purple Yellow Red and Blue,Portugal. The Man,Evil Friends,4:10,250,2026-09-12T10:40:53Z,2026-10-01T10:10:21Z,20,118,INDIFFERENT,False
bgfdI106IbA,Escape (The Bloody Beetroots Remix),The Toxic Avenger,Superheroes,4:41,281,2026-09-12T10:40:53Z,2026-09-30T09:44:01Z,24,324,INDIFFERENT,False
C3Sxc03PYA4,Greenhouse Heat Death,King Gizzard & The Lizard Wizard,Gumboot Soup,4:14,254,2026-09-12T10:40:53Z,2026-10-02T09:48:13Z,12,315,INDIFFERENT,False
V6FjFdP70Dg,The Collective,"Morten Granau, Phaxe",Progressive Psy Trance Picks Vol.20,8:22,502,2026-09-12T10:40:53Z,2026-09-29T09:51:34Z,25,180,INDIFFERENT,False
JUUNHisjb0s,Pogo,Digitalism,Idealism,3:47,227,2026-09-12T10:40:53Z,2026-10-01T10:10:21Z,30,1,INDIFFERENT,False
FLvlaqe6908,A Brief History Of Goa-Trance Hallucinogen,Talamasca,A Brief History Of Goa-Trance,8:14,494,2026-09-12T10:40:53Z,2026-10-01T10:10:21Z,28,424,INDIFFERENT,False
TOotlMMW7E0,Lost Paradise (Tijah Remix),Groundbass,Lost Paradise (Tijah Remix),8:51,531,2026-09-12T10:40:53Z,2026-10-01T10:10:21Z,22,429,INDIFFERENT,False
6h2ls6LkjYM,Blood On The Bluegrass,Legendary Shack Shakers,Cockadoodledon't,3:44,224,2026-09-12T10:40:53Z,2026-10-02T09:48:13Z,20,181,INDIFFERENT,False
VJx7Et20OI0,Cold Cold Cold,Cage The Elephant,Tell Me I'm Pretty,3:35,215,2026-09-12T10:40:53Z,2026-10-01T10:10:21Z,9,124,INDIFFERENT,False
8MUg8mpnhvQ,Runnin' Down A Dream,Tom Petty,Full Moon Fever,4:52,292,2026-09-12T10:40:53Z,2026-10-04T09:50:15Z,18,176,INDIFFERENT,False
OPUQqaINY7s,Professional Griefers (Vocal Mix) (feat. Gerard Way),deadmau5,> album title goes here <,4:04,244,2026-09-12T10:40:53Z,2026-09-30T09:44:01Z,24,359,INDIFFERENT,False
pJ_ONFOx7Ds,Epic Hair,Younger Brother,Unusual Suspects 2,7:50,470,2026-09-12T10:40:53Z,2026-09-30T09:44:01Z,17,384,INDIFFERENT,False
iuu5eN8_AnA,Deadcruiser,Kavinsky,OutRun,3:34,214,2026-09-12T10:40:53Z,2026-10-01T10:10:21Z,30,260,INDIFFERENT,False
7TDeBi34OtE,Smells Like Teen Spirit,Nirvana,Nevermind (Deluxe Edition),5:02,302,2026-09-12T10:40:53Z,2026-10-01T10:10:21Z,4,335,INDIFFERENT,False
ED7CcGByFJM,DARE (Junior Sanchez Remix),Gorillaz,D-Sides,5:27,327,2026-09-12T10:40:53Z,2026-09-30T09:44:01Z,22,452,INDIFFERENT,False
XpK0mjZBGJE,The Medicine,Darwish & Adirøs,The Medicine,7:57,477,2026-09-12T10:40:53Z,2026-10-01T10:10:21Z,29,434,INDIFFERENT,False
a4_uaE3DQXs,Krishna (feat. Ankit Sharda),"Omiki, Planet 6",Krishna,6:42,402,2026-09-12T10:40:53Z,2026-09-30T09:44:01Z,28,95,INDIFFERENT,False
-nlZ-UBnRXU,World Rebirth Party,Zyce,Alignment,7:28,448,2026-09-12T10:40:53Z,2026-10-01T10:10:21Z,30,200,INDIFFERENT,False
PnBa8pj4X1E,Shake Your Coconuts,Junior Senior,D-D-Don't Don't Stop The Beat,2:27,147,2026-09-12T10:40:53Z,2026-10-01T10:10:21Z,31,165,INDIFFERENT,False
-Hs7HVl7P-k,Atlas,Battles,Mirrored,7:07,427,2026-09-12T10:40:53Z,2026-10-01T10:10:21Z,30,257,INDIFFERENT,False
YUo8LhA97lo,Vibrancy (Kos:mo Remix),UMEK,Vibrancy (Kos:mo Remix),6:39,399,2026-09-12T10:40:53Z,2026-09-30T09:44:01Z,26,378,INDIFFERENT,False
zN3mo5T0h-I,Sol,Dekel,Sol,9:27,567,2026-09-12T10:40:53Z,2026-10-01T10:10:21Z,30,340,INDIFFERENT,False
i795i2WdzJA,9-2-5,Boko Yout,9-2-5,3:13,193,2026-09-12T10:40:53Z,2026-09-22T08:34:19Z,9,481,INDIFFERENT,False
1K34tUud318,Bonfire,Knife Party,Rage Valley,4:33,273,2026-09-12T10:40:53Z,2026-09-28T09:49:05Z,22,241,INDIFFERENT,False
NwVwsW0XZvY,Tick Tick Boom,The Hives,The Black and White album,3:26,206,2026-09-12T10:40:53Z,2026-10-01T10:10:21Z,25,162,INDIFFERENT,False
SjAgP7GwsGA,I Alone,Live,Throwing Copper (25th Anniversary),3:51,231,2026-09-12T10:40:53Z,2026-10-01T10:10:21Z,5,218,INDIFFERENT,False
6QL_bUCuhvo,Electric Feel (Justice Remix),MGMT,Electric Feel (Justice Remix),5:28,328,2026-09-12T10:40:53Z,2026-09-30T09:44:01Z,26,440,INDIFFERENT,False
fVZZmhY7TD0,People Can Fly,Astral Projection,Trust In Trance,9:56,596,2026-09-12T10:40:53Z,2026-10-04T09:50:15Z,14,418,INDIFFERENT,False
Rtj6ES2bOVE,Witch Hunter (feat. Annina Giannini),Vermont (Br) & 8th Sin,Witch Hunter (feat. Annina Giannini),7:57,477,2026-09-12T10:40:53Z,2026-09-30T09:44:01Z,28,382,INDIFFERENT,False
-3xghQwvRLw,3's & 7's,Queens Of The Stone Age,Era Vulgaris,3:35,215,2026-09-12T10:40:53Z,2026-10-01T10:10:21Z,28,27,INDIFFERENT,False
vamReLUOlrA,Trampled Under Foot (1990 Remaster),Led Zeppelin,Physical Graffiti (1994 Remaster),5:36,336,2026-09-12T10:40:53Z,2026-10-04T09:50:15Z,9,402,INDIFFERENT,False
r-_Cz9TKCa0,Chem Farmer / Nite Expo (Live),Thee Oh Sees,Levitation Sessions (Live),4:03,243,2026-09-12T10:40:53Z,2026-10-04T09:50:15Z,12,324,INDIFFERENT,False
HE1Y1z-qe7A,Dreaming of Life,Grouch,Corpus Callosum,7:43,463,2026-09-12T10:40:53Z,2026-10-01T10:10:21Z,31,297,INDIFFERENT,False
C1yqRXC5FTs,Final Frontier,Juno Reactor,The Golden Sun of the Great East,10:03,603,2026-09-12T10:40:53Z,2026-09-13T08:20:16Z,12,169,INDIFFERENT,False
vDgUTnIyDtQ,Zero,The Smashing Pumpkins,Mellon Collie And The Infinite Sadness (Deluxe Edition),2:41,161,2026-09-12T10:40:53Z,2026-10-01T10:10:21Z,14,228,INDIFFERENT,False
5HLImwTx7Vc,Lava Lava,Boys Noize,Oi Oi Oi,4:01,241,2026-09-12T10:40:53Z,2026-10-01T10:10:21Z,22,396,INDIFFERENT,False
o_oAh1n8Als,Fire Like This,Hardknox,Hardknox,4:39,279,2026-09-12T10:40:53Z,2026-09-30T09:44:01Z,18,448,INDIFFERENT,False
n4lGd0KVmZo,Not In Love (Radio Version) (feat. Robert Smith),Crystal Castles,(II),3:47,227,2026-09-12T10:40:53Z,2026-10-01T10:10:21Z,31,84,INDIFFERENT,False
6vPS1G3U37c,Fade Away (feat. Joe Reeves),Vitalic,Rave Age,4:29,269,2026-09-12T10:40:53Z,2026-10-01T10:10:21Z,32,139,INDIFFERENT,False
_ANy44svbts,Crucifire,Desert Sessions,Vols. 11 & 12,1:45,105,2026-09-12T10:40:53Z,2026-10-04T09:50:15Z,28,234,INDIFFERENT,False
KMTpEiLPCK4,thePotatoeyo - dramatic tumbleweed,ThePotatoeyo,,2:42,162,2026-09-12T10:40:53Z,2026-10-04T09:50:15Z,16,263,INDIFFERENT,False
H6G-M-5SbH8,The Age of Giants,Outsiders,Psychedelic Awakening,7:20,440,2026-09-12T10:40:53Z,2026-09-30T09:44:01Z,29,441,INDIFFERENT,False
zm-QI2_i2oQ,Possum Kingdom,The Toadies,Rubberneck,5:09,309,2026-09-12T10:40:53Z,2026-10-04T09:50:15Z,26,245,INDIFFERENT,False
A7X4v45rnos,I Did It,Nathaniel Rateliff & The Night Sweats,Nathaniel Rateliff & The Night Sweats (Deluxe Edition),2:42,162,2026-09-12T10:40:53Z,2026-10-01T10:10:21Z,20,205,INDIFFERENT,False
bz2tDlXmPZI,Into the Spell,1000mods,Repeated Exposure To...,7:50,470,2026-09-12T10:40:53Z,2026-09-28T09:49:05Z,6,445,INDIFFERENT,False
dNTwvW7Py7M,As Alive As You Need Me To Be,Nine Inch Nails,As Alive As You Need Me To Be,3:54,234,2026-09-12T10:40:53Z,2026-09-30T09:44:01Z,20,457,INDIFFERENT,False
uLUNzp0k5S0,Klapp Klapp,Little Dragon,Nabuma Rubberband,3:38,218,2026-09-12T10:40:53Z,2026-10-04T09:50:15Z,21,88,INDIFFERENT,False
gEeHOOudKOw,Bang a Gong (Get It On) [2003 Remaster],T. Rex,Electric Warrior [Expanded & Remastered],4:27,267,2026-09-12T10:40:53Z,2026-10-04T09:50:15Z,21,49,INDIFFERENT,False
YxHAS9Ietco,The Dude,Kronfeld,The Freaks,7:19,439,2026-09-12T10:40:53Z,2026-09-30T09:44:01Z,25,484,INDIFFERENT,False
aP1PrVeBiIA,Flat Beat (Radio Edit),Mr. Oizo,Analog Worms Attack,5:17,317,2026-09-12T10:40:53Z,2026-10-01T10:10:21Z,30,74,INDIFFERENT,False
uaumM3VcjoA,Da Funk / Daftendirekt,Daft Punk,Alive 2007,6:37,397,2026-09-12T10:40:53Z,2026-10-01T10:10:21Z,16,299,INDIFFERENT,False
8IKvipqh_L8,A Long Way Down,Le Castle Vania,Himmel und Hölle (From John Wick: Chapter 4 Original Motion Picture Soundtrack),3:50,230,2026-09-12T10:40:53Z,2026-10-01T10:10:21Z,27,413,INDIFFERENT,False
BsdXUx61un8,Interstate Love Song,Stone Temple Pilots,Purple,3:14,194,2026-09-12T10:40:53Z,2026-10-02T09:48:13Z,17,49,INDIFFERENT,False
UWQFVjQ0h7w,Heartbreaker (feat. John Legend),MSTRKRFT,Heartbreaker,3:13,193,2026-09-12T10:40:53Z,2026-10-01T10:10:21Z,28,35,INDIFFERENT,False
-bp4hUSH0s4,MEDIA,Goose,BIG MODERN!,2:53,173,2026-09-12T10:40:53Z,2026-10-04T09:50:15Z,20,94,INDIFFERENT,False
8Q7e7YdjIpw,Full Measure,DJ YAGI,PSYCHEDELIC LABORATORY Vol.2,8:10,490,2026-09-12T10:40:53Z,2026-09-30T09:44:01Z,26,479,INDIFFERENT,False
DywnXl4UYy4,Stillness Blues,YHWH Nailgun,Magazine,1:19,79,2026-09-12T10:40:53Z,2026-09-16T08:37:24Z,12,340,INDIFFERENT,False
s5hNz9aLU1E,Consciousness,Captain Hook & DJ Gula K,Consciousness,6:39,399,2026-09-12T10:40:53Z,2026-10-01T10:10:21Z,21,131,INDIFFERENT,False
Wp2L-3Q2Hhs,The Reeling,Passion Pit,Manners,4:48,288,2026-09-12T10:40:53Z,2026-10-01T10:10:21Z,27,251,INDIFFERENT,False
LpaXAbIJX10,Power of Ayahuasca,Aioaska,Into The Cosmic Jungle,9:11,551,2026-09-12T10:40:53Z,2026-10-01T10:10:21Z,30,298,INDIFFERENT,False
oVWwskO-650,Cheap And Cheerful (Sebastian remix),The Kills,Cheap And Cheerful (Remixes),5:57,357,2026-09-12T10:40:53Z,2026-10-01T10:10:21Z,30,282,INDIFFERENT,False
m5wRcnhpIRM,Girlfriend,Ty Segall,Melted,2:13,133,2026-09-12T10:40:53Z,2026-10-04T09:50:15Z,12,264,INDIFFERENT,False
a7Wask21bew,"Derezzed (From ""TRON: Legacy""/Score)",Daft Punk,TRON: Legacy,1:45,105,2026-09-12T10:40:53Z,2026-10-01T10:10:21Z,26,2,INDIFFERENT,False
LUR3_HJwGy8,Matthews Bridge,Totorro,Sofa So Good,2:42,162,2026-09-12T10:40:53Z,2026-10-04T09:50:15Z,30,167,INDIFFERENT,False
HNxAXF6CHsg,Edge of Sanity,Alpha Portal,Psychedelic Awakening,7:16,436,2026-09-12T10:40:53Z,2026-09-30T09:44:01Z,28,281,INDIFFERENT,False
ZqndMIHv0Kk,Horizon,Protonica,Horizon,9:31,571,2026-09-12T10:40:53Z,2026-10-01T10:10:21Z,31,280,INDIFFERENT,False
x3MDFT73_sw,Digital Animal,Honey Claws,Honey Claws,3:47,227,2026-09-12T10:40:53Z,2026-09-30T09:44:01Z,24,447,INDIFFERENT,False
xCmA1uC0r9A,Bullet With Butterfly Wings,The Smashing Pumpkins,Mellon Collie And The Infinite Sadness (Deluxe Edition),4:19,259,2026-09-12T10:40:53Z,2026-10-01T10:10:21Z,16,194,INDIFFERENT,False
JPb0xixZXXg,Alteza,Vini Vici,Future Classics,7:53,473,2026-09-12T10:40:53Z,2026-09-30T09:44:01Z,25,364,INDIFFERENT,False
8901V1M5lDk,Otherside,Red Hot Chili Peppers,Californication (Deluxe Version),4:16,256,2026-09-12T10:40:53Z,2026-10-02T09:48:13Z,10,78,INDIFFERENT,False
f4ZKprjMPmc,Withered Branch of Fury,Metal Scar Radio & Anti-General,"Old Deep Water Dies, by Rising Tide It is Denied Original Soundtrack",2:28,148,2026-09-12T10:40:53Z,2026-10-04T09:50:15Z,21,236,INDIFFERENT,False
9klLpmU5BLo,Walk Idiot Walk,The Hives,Tyrannosaurus Hives,3:32,212,2026-09-12T10:40:53Z,2026-10-01T10:10:21Z,26,245,INDIFFERENT,False
-iC9S-FwDSA,Won't Get Fooled Again (Remix),The Who,Who's Next (Expanded Edition),8:33,513,2026-09-12T10:40:53Z,2026-10-04T09:50:15Z,10,179,INDIFFERENT,False
VRrxdYiRx8s,In Between Captain Hook Remix,"Ace Ventura, Gaudium",In Between,7:18,438,2026-09-12T10:40:53Z,2026-10-01T10:10:21Z,28,333,INDIFFERENT,False
RfV9JmLytXI,Make Art Not Friends,Sturgill Simpson,SOUND & FURY,5:52,352,2026-09-12T10:40:53Z,2026-10-01T10:10:21Z,29,316,INDIFFERENT,False
jU3ANUXdB9s,Wake Up,Liquid Soul,Wake Up,7:34,454,2026-09-12T10:40:53Z,2026-10-01T10:10:21Z,13,374,INDIFFERENT,False
oi3QmAmrG6M,Knights of Cydonia,Muse,Black Holes and Revelations,6:08,368,2026-09-12T10:40:53Z,2026-09-30T09:44:01Z,18,73,INDIFFERENT,False
pORTdLf_8P8,When Hitch Goes Slow,Technical Hitch,Let's Go Faster,7:24,444,2026-09-12T10:40:53Z,2026-10-01T10:10:21Z,29,321,INDIFFERENT,False
fw0YSEszQdI,Want You to Know,Animato,Want You to Know,7:19,439,2026-09-12T10:40:53Z,2026-10-01T10:10:21Z,32,397,INDIFFERENT,False
1d42D629FT0,Light Beings,Sonic Species,Light Beings,6:06,366,2026-09-12T10:40:53Z,2026-09-30T09:44:01Z,26,232,INDIFFERENT,False
xEt-m8ccRuA,A Storm of Wings,SLIFT,Fantasia,6:26,386,2026-09-12T10:40:53Z,2026-10-04T09:50:15Z,22,371,INDIFFERENT,False
B8CD2Rco8cQ,Sabotage,Beastie Boys,Ill Communication,2:59,179,2026-09-12T10:40:53Z,2026-10-04T09:50:15Z,34,119,INDIFFERENT,False
VitGoB06nWQ,Dreams,Beck,Colors,5:15,315,2026-09-12T10:40:53Z,2026-10-01T10:10:21Z,21,314,INDIFFERENT,False
Z40azBQ4hzo,6am,Channel Tres,6am,3:42,222,2026-09-12T10:40:53Z,2026-10-01T10:10:21Z,30,141,INDIFFERENT,False
T4DwP6d8YHM,Tribal Journey,Talamasca,Tribal Jouney,8:59,539,2026-09-12T10:40:53Z,2026-09-13T08:20:16Z,7,461,INDIFFERENT,False
5E1Fg8w_TMg,Vector,Noosphere,Bass Monster,6:33,393,2026-09-12T10:40:53Z,2026-10-01T10:10:21Z,17,267,INDIFFERENT,False
X2bDlt9uSK0,Warp 1.9 (feat. Steve Aoki),The Bloody Beetroots,ROMBORAMA,3:24,204,2026-09-12T10:40:53Z,2026-09-29T09:51:34Z,23,499,INDIFFERENT,False
KCNOe7s1lD0,Chateau,Rob Dougan,The Matrix Reloaded: The Album,3:24,204,2026-09-12T10:40:53Z,2026-10-01T10:10:21Z,27,79,INDIFFERENT,False
mYLqpUBOWTQ,Girl's Club,Marc Rebillet,Loop Daddy III,1:46,106,2026-09-12T10:40:53Z,2026-10-01T10:10:21Z,29,210,INDIFFERENT,False
2-F5_QlAxxg,Jellyhead,"Phaxe, Morten Granau",Calm Under Pressure,7:42,462,2026-09-12T10:40:53Z,2026-10-01T10:10:21Z,24,418,INDIFFERENT,False
cif1SK3t1Ag,Hashish (Faders Remix),1200 Micrograms,Hashish (Faders Remix),6:57,417,2026-09-12T10:40:53Z,2026-10-04T09:50:15Z,30,349,INDIFFERENT,False
wNPnbzptCRY,Beautiful Disaster,311,Transistor,3:59,239,2026-09-12T10:40:53Z,2026-09-30T09:44:01Z,19,32,INDIFFERENT,False
kWaAVbmJSTs,Instant Enlightenment,"Raja Ram, Mad Tribe",Bigger Bang,9:43,583,2026-09-12T10:40:53Z,2026-10-01T10:10:21Z,31,381,INDIFFERENT,False
MlcJQYON2Go,Chop Suey!,System Of A Down,Toxicity,3:31,211,2026-09-12T10:40:53Z,2026-09-12T11:25:40Z,5,261,INDIFFERENT,False
NnksieEEzbI,Take Me Out (Daft Punk Remix),Franz Ferdinand,Take Me Out (Remixes),4:33,273,2026-09-12T10:40:53Z,2026-10-01T10:10:21Z,26,152,INDIFFERENT,False
KK9ReEJ4tW0,The Jean Genie,David Bowie,Aladdin Sane,4:09,249,2026-09-12T10:40:53Z,2026-10-04T09:50:15Z,12,364,INDIFFERENT,False
4d_vkvE3Iys,You & Me (Rivo Remix) (feat. Eliza Doolittle),"Disclosure, Rivo",You & Me (Rivo Remix),3:29,209,2026-09-12T10:40:53Z,2026-10-02T09:48:13Z,19,19,INDIFFERENT,False
iUhoOQdNAKQ,The Day I Tried To Live,Soundgarden,Superunknown (20th Anniversary),5:21,321,2026-09-12T10:40:53Z,2026-10-01T10:10:21Z,14,168,INDIFFERENT,False
-9dsrmGG4_o,Confusion (Pump Panel Reconstruction Mix),New Order,The Rest of New Order,10:13,613,2026-09-12T10:40:53Z,2026-09-29T09:51:34Z,19,476,INDIFFERENT,False
UpEAQEz-EN8,On The Road Again (Live),"Bobby Bare, Chris Stapleton, The Avett Brothers, Willie Nelson",On The Road Again (Live),2:37,157,2026-09-12T10:40:53Z,2026-10-04T09:50:15Z,4,177,INDIFFERENT,False
3GR3a0YF7JA,5:45 Am (Not Fun),Macseal,Macseal - EP,2:45,165,2026-09-12T10:40:53Z,2026-10-01T10:10:21Z,9,129,INDIFFERENT,False
D9IVHdsn3Yw,Strange Timez (feat. Robert Smith),Gorillaz,"Song Machine, Season One: Strange Timez (Deluxe)",3:48,228,2026-09-12T10:40:53Z,2026-10-01T10:10:21Z,27,330,INDIFFERENT,False
hl8JLyhgZRE,Over And Over,Hot Chip,The Warning,5:48,348,2026-09-12T10:40:53Z,2026-10-01T10:10:21Z,29,253,INDIFFERENT,False
R5RlvkrBK6M,Walkman,SebastiAn,Ross Ross Ross,5:00,300,2026-09-12T10:40:53Z,2026-10-01T10:10:21Z,28,177,INDIFFERENT,False
WMl1xKJeuuQ,Message In A Bottle,The Police,Reggatta De Blanc (Remastered 2003),4:51,291,2026-09-12T10:40:53Z,2026-10-03T09:10:54Z,22,124,INDIFFERENT,False
FqpNjmcu-RQ,Tripical Moon,Querox And Phaxe,Tripical Moon,7:19,439,2026-09-12T10:40:53Z,2026-10-01T10:10:21Z,31,313,INDIFFERENT,False
xpM59e6lyws,Paranoid,Black Sabbath,Paranoid,2:49,169,2026-09-12T10:40:53Z,2026-10-04T09:50:15Z,20,84,INDIFFERENT,False
8tq2NGmK9HY,Everlong,Foo Fighters,The Essential Foo Fighters,4:11,251,2026-09-12T10:40:53Z,2026-10-03T09:10:54Z,22,63,INDIFFERENT,False
tqjOrkMHUkk,Ænema,TOOL,Ænima,6:40,400,2026-09-12T10:40:53Z,2026-09-29T09:51:34Z,13,482,INDIFFERENT,False
O9QgHF1gtC8,Cosmic Freight Train,promptgenix,Starlight Revival,3:24,204,2026-09-12T10:40:53Z,2026-10-04T09:50:15Z,18,232,INDIFFERENT,False
S7CzDx3jtdw,Letsagetabitarockin' (feat. Joe Strummer),The 101ers,Elgin Avenue Breakdown (Revisited),2:09,129,2026-09-12T10:40:53Z,2026-09-17T08:41:05Z,9,410,INDIFFERENT,False
0NDfK2aq3aU,A Song Of Liberty,Flogging Molly,Anthem,3:38,218,2026-09-12T10:40:53Z,2026-09-12T10:43:54Z,2,474,INDIFFERENT,False
xCAutUrA5J0,Bellbottoms,The Jon Spencer Blues Explosion,Orange,5:18,318,2026-09-12T10:40:53Z,2026-10-01T10:10:21Z,31,186,INDIFFERENT,False
7iJU-S8T0-k,Detachable Penis,King Missile,Happy Hour,3:24,204,2026-09-12T10:40:53Z,2026-10-04T09:50:15Z,13,145,INDIFFERENT,False
-XEGlWgWTlQ,Red Dressed (Ben Böhmer Remix) (feat. Eivør),Worakls,Red Dressed (Ben Böhmer Remix),5:59,359,2026-09-12T10:40:53Z,2026-10-01T10:10:21Z,22,82,INDIFFERENT,False
PAyOcwZggnA,Sharp Dressed Man (2008 Remaster),ZZ Top,Eliminator,4:19,259,2026-09-12T10:40:53Z,2026-10-04T09:50:15Z,8,282,INDIFFERENT,False
ZzW-8nQdkXo,Miss You,Foster The People,Torches,3:33,213,2026-09-12T10:40:53Z,2026-10-01T10:10:21Z,22,318,INDIFFERENT,False
3vEiqil5d3Q,Notion,The Rare Occasions,Notion,3:16,196,2026-09-12T10:40:53Z,2026-10-04T09:50:15Z,27,47,INDIFFERENT,False
EN-Zyf1MGUs,Fat Bottomed Girls,Queen,Jazz (Deluxe Remastered Version),4:16,256,2026-09-12T10:40:53Z,2026-09-12T19:29:28Z,3,478,INDIFFERENT,False
aaYdFaYigEQ,Blitz,Digitalism,"I Love You, Dude",4:18,258,2026-09-12T10:40:53Z,2026-09-30T09:44:01Z,28,397,INDIFFERENT,False
3d-D5bLDZSk,I CAN'T STOP ME,TWICE,Eyes wide open,3:26,206,2026-09-12T10:40:53Z,2026-10-04T09:50:15Z,15,226,INDIFFERENT,False
eqENgBFB0eE,Diamonds in the Rough,Dead Moon,Nervous Sooner Changes,3:41,221,2026-09-12T10:40:53Z,2026-09-30T09:44:01Z,8,498,INDIFFERENT,False
jd_HmLEhVqA,Break Stuff,Limp Bizkit,Significant Other,2:47,167,2026-09-12T10:40:53Z,2026-10-04T09:50:15Z,13,389,INDIFFERENT,False
LB7PIZHX1KM,& Down,Boys Noize,Oi Oi Oi,4:19,259,2026-09-12T10:40:53Z,2026-10-01T10:10:21Z,24,425,INDIFFERENT,False
r5NzAksjfDI,Fortunate Son,Creedence Clearwater Revival,Willy And The Poor Boys (Expanded Edition),2:21,141,2026-09-12T10:40:53Z,2026-10-04T09:50:15Z,24,314,INDIFFERENT,False
LbzLUDxVUs4,Happy People,Joe P,Happy People,3:05,185,2026-09-12T10:40:53Z,2026-10-01T10:10:21Z,15,242,INDIFFERENT,False
tykf2xYPNdc,Call Me,Blondie,Call Me,3:33,213,2026-09-12T10:40:53Z,2026-10-04T09:50:15Z,14,216,INDIFFERENT,False
wWk-uDrGxL0,Black Betty,Ram Jam,Ram Jam,3:59,239,2026-09-12T10:40:53Z,2026-10-04T09:50:15Z,12,136,INDIFFERENT,False
yc9WfD6pAKs,Green Star Movement (Astrix & Loud Remix),LOUD,Loud Remixes Vol 2,9:03,543,2026-09-12T10:40:53Z,2026-09-30T09:44:01Z,28,358,INDIFFERENT,False
wjZMcWaniA4,Should I Stay or Should I Go,The Clash,Combat Rock,3:09,189,2026-09-12T10:40:53Z,2026-10-04T09:50:15Z,7,156,INDIFFERENT,False
uyOHa5kOBVg,Oblivion,"Durs, Morten Granau",Oblivion,6:01,361,2026-09-12T10:40:53Z,2026-10-01T10:10:21Z,25,163,INDIFFERENT,False
MBExyI9rdOs,Repetition Is Where We Find the Truth,Ryan Lott,"Marathon, Vol. I: Somewhere in the Heavens (Original Game Soundtrack)",1:55,115,2026-09-12T10:40:53Z,2026-10-04T09:50:15Z,20,320,INDIFFERENT,False
5vmm6GSn2A4,GLASS WINDOW,Thee Oh Sees,ABOMINATION REVEALED AT LAST,2:54,174,2026-09-12T10:40:53Z,2026-10-04T09:50:15Z,16,169,INDIFFERENT,False
vfsg12xVUVo,milk of the madonna,Deftones,private music,4:09,249,2026-09-12T10:43:54Z,2026-09-30T09:44:01Z,8,463,INDIFFERENT,False
8S2LKUj759A,Time To Dance (SebastiAn Remix),"Anthonin Ternant, The Shoes",Crack My Bones,3:25,205,2026-09-12T10:43:54Z,2026-10-01T10:10:21Z,22,15,INDIFFERENT,False
g5PPj15z_Rs,Call to Arms,Sturgill Simpson,Cuttin' Grass - Vol. 2 (Cowboy Arms Sessions),3:03,183,2026-09-12T10:43:54Z,2026-10-04T09:50:15Z,13,1,INDIFFERENT,False
s2yyedPlqk0,Omnia,Alpha Portal & Burn in Noise,Omnia,10:01,601,2026-09-12T10:43:54Z,2026-10-01T10:10:21Z,11,346,INDIFFERENT,False
MFmhftOjiA8,Somewhere I Belong,Linkin Park,Meteora 20th Anniversary Edition,3:35,215,2026-09-12T10:43:54Z,2026-10-02T09:48:13Z,10,15,INDIFFERENT,False
erCTmazM_Cg,I Believe in Dragons,Liquid Soul,I Believe in Dragons,5:59,359,2026-09-12T10:43:54Z,2026-10-04T09:50:15Z,17,170,INDIFFERENT,False
geb0Da6d5rE,The Power of Now (Shayman Remix),Captain Hook,The Power of Now (Shayman Remix),8:11,491,2026-09-12T10:43:54Z,2026-09-25T08:51:12Z,16,125,INDIFFERENT,False
uk1QhN2EjQw,Crystal Vision,Sonic Species & Mad Maxx,Crystal Vision,8:17,497,2026-09-12T10:43:54Z,2026-09-29T09:51:34Z,20,250,INDIFFERENT,False
KnTtXAV40zQ,Magik (Remastered 2024),Hallucinogen,The Singles (Remastered 2024),7:32,452,2026-09-12T10:43:54Z,2026-09-16T05:17:39Z,9,494,INDIFFERENT,False
sP8pIospPig,"Aerodynamic Beats / Gabrielle , Forget About the World",Daft Punk,Alive 2007,3:32,212,2026-09-12T10:43:54Z,2026-09-30T09:44:01Z,24,294,INDIFFERENT,False
J4-ft9TGcLA,"Periscopes of Consciousness (Remastered, 2019)",Shpongle,"Nothing Lasts...but Nothing Is Lost (Remastered, 2019)",1:54,114,2026-09-12T10:43:54Z,2026-09-12T11:03:22Z,2,303,INDIFFERENT,False
YAszKsWBpKs,Salvation,Liquid Soul,,8:00,480,2026-09-12T10:43:54Z,2026-10-04T09:50:15Z,18,340,INDIFFERENT,False
RYAGGwGazvY,Double Zero,Hypnoxock,Rewritten By Shiva,7:14,434,2026-09-12T10:43:54Z,2026-09-12T11:03:22Z,2,262,INDIFFERENT,False
d5aaisita1k,Space Tube 25 Indira Paganotto Remix,Captain Hook,Space Tube 25 Indira Paganotto Remix,6:30,390,2026-09-12T10:43:54Z,2026-10-01T10:10:21Z,24,219,INDIFFERENT,False
N8898foWPV4,Delirium Sky,Shivatree,Delirium Sky,7:00,420,2026-09-12T10:43:54Z,2026-09-12T11:03:22Z,2,189,INDIFFERENT,False
UGrxeNxLMgc,Man With no Name - Lunar Cycle,subcoudss,,6:44,404,2026-09-12T10:43:54Z,2026-10-04T09:50:15Z,5,132,INDIFFERENT,False
E04tCD-xm0Q,Conversations,"Outsiders, Volcano On Mars",Conversations,8:58,538,2026-09-12T10:43:54Z,2026-09-12T11:25:40Z,4,116,INDIFFERENT,False
W_12jJHqL1g,Phenomena,Miranda,Cosmic Treasure Vol. 1: Best Of 1995-2000 Remastered,8:55,535,2026-09-12T10:43:54Z,2026-09-12T10:43:54Z,1,123,INDIFFERENT,False
WO0mopAhT3M,Pulsate,Akudra & Scionaugh,Hidden Impulse,7:33,453,2026-09-12T10:43:54Z,2026-09-12T11:03:22Z,2,103,INDIFFERENT,False
vksqdGOJonM,Lsd Visions,Psybie Project,Lsd Visions,6:58,418,2026-09-12T10:43:54Z,2026-09-29T09:51:34Z,8,492,INDIFFERENT,False
RWUZssV5f7Q,No Light Theory (UNI & Tsuyoshi Suzuki Remix),Spectra Sonics,No Light Theory / Samurai Remixes,7:36,456,2026-09-12T10:43:54Z,2026-10-04T09:50:15Z,8,356,INDIFFERENT,False
7Qh_T_dYERU,Spawn,Beast,Dementertainment,9:07,547,2026-09-12T10:43:54Z,2026-09-26T08:37:40Z,11,86,INDIFFERENT,False
fJMuNcC39yo,Eagle Horizon (Ilai rmx),Zyce,Eagle Horizon (Ilai rmx),7:57,477,2026-09-12T10:43:54Z,2026-10-01T10:10:21Z,27,343,INDIFFERENT,False
QXsGB67iL5k,IN LAK'ECH,"Durs, Odd Lottus, Who Knows?",IN LAK'ECH,4:49,289,2026-09-12T10:43:54Z,2026-10-01T10:10:21Z,30,206,INDIFFERENT,False
J2Npzak6C54,Feeling Very Weird (Astral Projection Remix High Freakage Cut) (feat. Raja Ram),The Infinity Project,Feeling Very Weird,10:21,621,2026-09-12T10:43:54Z,2026-09-13T08:20:16Z,8,355,INDIFFERENT,False
1xteudBUJzg,Assimilated,"Freedom Fighters, Evil Oil Man",Edge,6:30,390,2026-09-12T10:43:54Z,2026-09-30T09:44:01Z,27,124,INDIFFERENT,False
km3lJVvMVpg,Weirder,Burn in Noise,Trance for Nations 14 (Compiled by Astrix),7:51,471,2026-09-12T10:43:54Z,2026-10-01T10:10:21Z,29,86,INDIFFERENT,False
U0KTVVMvcc4,squabble up,Kendrick Lamar,GNX,2:38,158,2026-09-12T10:43:54Z,2026-10-04T09:50:15Z,10,285,INDIFFERENT,False
SNqar0UNBrA,Lady Sweet Dream,Talamasca,The Experiment,9:16,556,2026-09-12T10:43:54Z,2026-10-01T10:10:21Z,20,380,INDIFFERENT,False
yYXNR2y6T-E,Out of My Brain,Sun Project,Paranormal,8:00,480,2026-09-12T10:43:54Z,2026-09-12T11:03:22Z,2,259,INDIFFERENT,False
tgzUvNjjPVo,Free tibet,Hilight Tribe,Love medicine & natural trance,5:59,359,2026-09-12T10:43:54Z,2026-10-01T10:10:21Z,16,37,INDIFFERENT,False
gzQws46SYzU,Dark Magus,Hallucinogen,Twisted,7:32,452,2026-09-12T10:43:54Z,2026-10-01T10:10:21Z,8,312,INDIFFERENT,False
zB9NWgAD8Uw,Shamanix (Domestic & Spacecat Remix),Hallucinogen,Shamanix (Domestic & Spacecat Remix),8:22,502,2026-09-12T10:43:54Z,2026-09-30T09:44:01Z,10,408,INDIFFERENT,False
xHcPUTfPuk0,Waters of Nazareth,Justice,Cross,4:26,266,2026-09-12T10:43:54Z,2026-10-04T09:50:15Z,13,3,INDIFFERENT,False
pHWj-hRP-cY,Touch It / Technologic,Daft Punk,Alive 2007,5:30,330,2026-09-12T10:43:54Z,2026-09-30T09:44:01Z,10,497,INDIFFERENT,False
_Uxs0-_9a1w,Lost Gravity (Silent Sphere Remix),Liquid Soul,Lost Gravity,9:14,554,2026-09-12T10:43:54Z,2026-09-28T09:49:05Z,7,397,INDIFFERENT,False
5uUaudoEYnA,The Changa Zone,1200 Micrograms,The Changa Sessions,5:32,332,2026-09-12T10:43:54Z,2026-09-12T11:25:40Z,5,418,INDIFFERENT,False
F3oXKLRJvaw,Gravity,Protonica,Gravity,7:20,440,2026-09-12T10:43:54Z,2026-09-29T09:51:34Z,28,242,INDIFFERENT,False
AMt7cxsfJv0,Maana,"Ace Ventura, Starlab (IN)",Maana,10:00,600,2026-09-12T10:43:54Z,2026-10-04T09:50:15Z,18,338,INDIFFERENT,False
EiM9kgtq34o,Space Tube 25 Ace Ventura remix,Captain Hook,Ouroboros - Past,11:39,699,2026-09-12T10:43:54Z,2026-09-27T09:17:15Z,5,500,INDIFFERENT,False
wnxN3X8VmpI,Seven Gates,Astrix & Vertical Mode,Seven Gates,9:14,554,2026-09-12T10:43:54Z,2026-10-04T09:50:15Z,10,412,INDIFFERENT,False
v25At4s7AOo,Tribute,Etnica,Retrodelic Vibes 3,8:20,500,2026-09-12T10:43:54Z,2026-09-12T11:03:22Z,2,331,INDIFFERENT,False
Eqsg3rZOEL4,Anything & Everything,Vini Vici & Pixel,"Best of My Sets, Vol. 12",7:26,446,2026-09-12T10:43:54Z,2026-09-28T09:49:05Z,19,417,INDIFFERENT,False
dSoKVyxl2ts,The Other Side,Alpha Portal & Ajja,The Other Side,8:20,500,2026-09-12T10:43:54Z,2026-10-01T10:10:21Z,29,283,INDIFFERENT,False
CS2dDd7BSOE,Cosmic Ritual,E-mov,Cosmic Ritual,7:42,462,2026-09-12T10:43:54Z,2026-10-04T09:50:15Z,32,90,INDIFFERENT,False
oiAS1nRvwuE,Hijacked FM Station,Killatk & Popek,Hijacked FM Station,5:28,328,2026-09-12T10:43:54Z,2026-09-25T08:51:12Z,6,217,INDIFFERENT,False
U8nW4vNHkiY,Night Lead Me Astray (Younger Brother Remix),Younger Brother,Night Lead Me Astray,7:58,478,2026-09-12T10:43:54Z,2026-09-13T08:20:16Z,10,453,INDIFFERENT,False
ST-R2rF9By8,Multiple Futures,"Flegma, Volcano",Multiple Futures,6:55,415,2026-09-12T10:43:54Z,2026-10-04T09:50:15Z,32,326,INDIFFERENT,False
hGiVOboWZNM,We Are Thoughts,"GroundBass, Perception, Tijah",We Are Thoughts,6:12,372,2026-09-12T10:43:54Z,2026-09-30T09:44:01Z,24,466,INDIFFERENT,False
90tJfA-A-r4,Eye Am the I,Chi Ad,Dream Creation - Sound of Freedom,8:45,525,2026-09-12T10:43:54Z,2026-09-12T20:18:18Z,3,267,INDIFFERENT,False
n5x0j2ln7_k,L.S.D. (Oliver Lieb Remix),Hallucinogen,Mi-Loony-Um!,7:53,473,2026-09-12T10:43:54Z,2026-09-13T08:20:16Z,2,19,INDIFFERENT,False
ALO80-Jj_M4,Planisphere Part. IV,Justice,Planisphere,4:28,268,2026-09-12T10:43:54Z,2026-10-04T09:50:15Z,7,441,INDIFFERENT,False
Jh_Zpg1bveE,"Shnitzled in the Negev (Remastered, 2019)",Shpongle,"Nothing Lasts...but Nothing Is Lost (Remastered, 2019)",4:18,258,2026-09-12T10:43:54Z,2026-09-12T10:43:54Z,1,292,INDIFFERENT,False
IUpgPigGJ5s,High Life,Daft Punk,Discovery,3:22,202,2026-09-12T10:43:54Z,2026-09-27T09:17:15Z,8,202,INDIFFERENT,False
WwyqnV01mlM,Sexdrugs & Acidtrance II,Sun Project,Macrophage,8:44,524,2026-09-12T10:43:54Z,2026-09-14T08:57:25Z,11,406,INDIFFERENT,False
wfEUjkhqXeE,Origin,Captain Hook,Origin,10:11,611,2026-09-12T10:43:54Z,2026-10-01T10:10:21Z,8,43,INDIFFERENT,False
r6EBfbFiybI,John Wick Mode,Le Castle Vania,John Wick: Chapter 2 (Original Motion Picture Soundtrack),3:08,188,2026-09-12T10:43:54Z,2026-10-01T10:10:21Z,24,359,INDIFFERENT,False
OsdTcuQbcv0,Pipeworm (Loud & Domestic Remix),Hallucinogen &Lucas O'Brien,Pipeworm,8:16,496,2026-09-12T10:43:54Z,2026-09-15T08:42:48Z,4,400,INDIFFERENT,False
_en9n1pVHek,A Real Good Time,"Burn In Noise, Loud",Regan Presents Origin 5,8:45,525,2026-09-12T10:43:54Z,2026-09-15T08:42:48Z,11,225,INDIFFERENT,False
e65V3byiJa0,"Schmaltz Herring (Remastered, 2019)",Shpongle,"Nothing Lasts...but Nothing Is Lost (Remastered, 2019)",2:21,141,2026-09-12T10:43:54Z,2026-09-18T08:16:45Z,6,103,INDIFFERENT,False
VyXvextvrYw,Phantom (Live / AAA),Justice,Access All Arenas,4:42,282,2026-09-12T10:43:54Z,2026-10-02T09:48:13Z,9,365,INDIFFERENT,False
7NrXxzrzScg,Frankie's Wish,Captain Hook & Lish,Origin,9:20,560,2026-09-12T10:43:54Z,2026-09-28T09:49:05Z,6,102,INDIFFERENT,False
gXpmOi2R6B8,Liquid Hook (Interactive Noise Remix),Liquid Soul & Captain Hook,Liquid Hook (Interactive Noise Remix),6:54,414,2026-09-12T10:43:54Z,2026-09-29T09:51:34Z,11,173,INDIFFERENT,False
zkPyW0J73z4,Ecstasy,1200 Micrograms,The Remixes,7:15,435,2026-09-12T10:43:54Z,2026-09-12T20:31:33Z,6,490,INDIFFERENT,False
q3urnWeErkE,Creatures,Alpha Portal,Psy-Fi Book of Changes Compiled by Astrix,7:27,447,2026-09-12T10:43:54Z,2026-09-30T09:44:01Z,27,55,INDIFFERENT,False
FgDvgxGDYoA,Bigger Bang,"Raja Ram, Mad Tribe",Bigger Bang,10:08,608,2026-09-12T10:43:54Z,2026-09-30T09:44:01Z,24,392,INDIFFERENT,False
io7IlDiGmv0,Come with Us (Asgard Remix),Ace Ventura & Zen Mechanics,Come with Us (Asgard Remix),10:26,626,2026-09-12T10:43:54Z,2026-10-01T10:10:21Z,16,407,INDIFFERENT,False
Y_MQ5GB5_uk,Spice Travel,"Sonic Species,Zen Mechanics",Unleash the Beat,9:45,585,2026-09-12T10:43:54Z,2026-10-01T10:10:21Z,20,437,INDIFFERENT,False
7OL8xavogtE,Mama India (Out Now Remix),Technical Hitch,Mama India (Out Now Remix),6:56,416,2026-09-12T10:43:54Z,2026-09-30T09:44:01Z,27,81,INDIFFERENT,False
BYxJC4tds2o,Mind Storm,Animato & Pettra,Mind Storm,7:42,462,2026-09-12T10:43:54Z,2026-09-30T09:44:01Z,29,341,INDIFFERENT,False
J09FQxX_yBQ,"Control Me, Pt. 2","Groundbass, Perception","Control Me, Pt. 2",8:53,533,2026-09-12T10:43:54Z,2026-09-30T09:44:01Z,25,268,INDIFFERENT,False
Et4wZBxIsNQ,Anything is Possible,"Astro-D, Etnica",Party Alien,9:34,574,2026-09-12T10:43:54Z,2026-09-13T08:20:16Z,6,454,INDIFFERENT,False
JB0sTn3rNa4,Orchid,Ritmo & Lifeforms,Orchid,7:50,470,2026-09-12T10:43:54Z,2026-10-01T10:10:21Z,29,85,INDIFFERENT,False
LZ-bkTG30Ns,The 2nd Law: Unsustainable,Muse,The 2nd Law,3:49,229,2026-09-12T10:43:54Z,2026-09-30T09:44:01Z,8,449,INDIFFERENT,False
tSBveJNxPVM,Deranger,Hallucinogen,Deranger,7:46,466,2026-09-12T10:43:54Z,2026-09-21T08:58:47Z,4,259,INDIFFERENT,False
m9XwEoSzYqQ,Stress (Live Version),Justice,ED REC Vol.3,6:25,385,2026-09-12T10:43:54Z,2026-09-13T01:23:15Z,4,345,INDIFFERENT,False
mV4DoTQmP8M,Sahara,Astrix,Psychedelic Awakening,8:49,529,2026-09-12T10:43:54Z,2026-09-29T09:51:34Z,15,31,INDIFFERENT,False
imJdPOsWe2M,"Outer Shpongolia (Remastered, 2019)",Shpongle,"Nothing Lasts...but Nothing Is Lost (Remastered, 2019)",2:33,153,2026-09-12T10:43:54Z,2026-10-04T09:50:15Z,5,126,INDIFFERENT,False
PCxVUTpz3uU,White Tunnel,Egorythmia & Ace Ventura,Forensic Science,10:55,655,2026-09-12T10:43:54Z,2026-09-30T09:44:01Z,29,352,INDIFFERENT,False
ImNYPEQkmGg,Fluoro Neuro Sponge,Hallucinogen,Twisted,6:42,402,2026-09-12T10:43:54Z,2026-09-27T09:17:15Z,11,443,INDIFFERENT,False
nsLv6lVyvgw,Before The Big Bang,Shpongle,The God Particle,6:24,384,2026-09-12T10:43:54Z,2026-10-04T09:50:15Z,6,435,INDIFFERENT,False
vxw60P4mfyM,Angelic Particles (Remastered 2024),Hallucinogen,The Singles (Remastered 2024),7:25,445,2026-09-12T10:43:54Z,2026-10-01T10:10:21Z,17,404,INDIFFERENT,False
YsWnWA0PXqI,Planisphere Part. III,Justice,Planisphere,3:31,211,2026-09-12T10:43:54Z,2026-10-04T09:50:15Z,5,468,INDIFFERENT,False
OzFP1pxCWQA,Coolio (Darwish Remix),Astrix,Coolio,6:40,400,2026-09-12T10:43:54Z,2026-09-28T09:49:05Z,13,410,INDIFFERENT,False
T3YpgYwYPCI,Time & Space Fabio Florido remix,Captain Hook,Ouroboros - Past,7:01,421,2026-09-12T10:43:54Z,2026-09-24T08:29:18Z,14,207,INDIFFERENT,False
0FGSCJXgs1g,Cosmic Void,Aion & Agmon,Cosmic Void,7:06,426,2026-09-12T10:43:54Z,2026-09-30T09:44:01Z,29,127,INDIFFERENT,False
5VhokOvIUKQ,Bazinga,Ajja,Tulpa,8:17,497,2026-09-12T10:43:54Z,2026-10-01T10:10:21Z,25,235,INDIFFERENT,False
YqNGmksX4eY,The Floating Fire,King Gizzard & The Lizard Wizard,Murder of the Universe,1:55,115,2026-09-12T10:43:54Z,2026-10-04T09:50:15Z,14,331,INDIFFERENT,False
JVUCBsywI10,Authority Song,John Mellencamp,Uh-HUH!,3:50,230,2026-09-12T10:43:54Z,2026-09-25T08:51:12Z,3,402,INDIFFERENT,False
bLbd5MtWews,Stranger (feat. Daya),Kliment,Path To Extinction,7:10,430,2026-09-12T10:43:54Z,2026-09-28T09:49:05Z,17,356,INDIFFERENT,False
ohDQ1FUUjPs,Houses of the Holy (1990 Remaster),Led Zeppelin,Physical Graffiti (1994 Remaster),4:03,243,2026-09-12T10:43:54Z,2026-09-27T09:17:15Z,5,285,INDIFFERENT,False
ZqEW72IefXg,Sexual Distortion,Symphonix,Sexual Distortion,6:24,384,2026-09-12T10:43:54Z,2026-09-30T09:44:01Z,20,435,INDIFFERENT,False
Offrab8s5sw,Rage,Static Movement & Zyce,Simin,6:51,411,2026-09-12T10:43:54Z,2026-09-29T09:51:34Z,20,464,INDIFFERENT,False
gYED_UYMaXQ,Happy?,Mudvayne,Lost and Found,3:37,217,2026-09-12T10:43:54Z,2026-10-02T09:48:13Z,4,356,INDIFFERENT,False
40UaaSJbCt4,Plastic Bed,"Eric Borgo, Oxia",Toolroom Knights (Mixed by Mark Knight 3.0),7:59,479,2026-09-12T10:43:54Z,2026-09-12T11:18:11Z,2,233,INDIFFERENT,False
tk2fi7Dh-YI,Upgrade,"Day Din, Klopfgeister",Upgrade,7:47,467,2026-09-12T10:43:54Z,2026-10-01T10:10:21Z,26,433,INDIFFERENT,False
ZdWyWGscm3Q,Swoon,The Chemical Brothers,Further,6:06,366,2026-09-12T10:43:54Z,2026-10-01T10:10:21Z,20,182,INDIFFERENT,False
Gt4xZnBBOHQ,When I'm Gone,3 Doors Down,Away From The Sun,4:21,261,2026-09-12T10:43:54Z,2026-10-02T09:48:13Z,2,298,INDIFFERENT,False
BTnKIAxWG7I,CREATOR,"Hyperversus, Mou5EmO, Mou5ZyZZ",CREATOR,7:54,474,2026-09-12T10:43:54Z,2026-10-04T09:50:15Z,9,423,INDIFFERENT,False
tUNwIsXkNWY,Kids (Soulwax Mix),MGMT,Kids (Soulwax Mix),5:39,339,2026-09-12T10:43:54Z,2026-09-30T09:44:01Z,9,390,INDIFFERENT,False
VbxyY8UMU1E,The Man (Jacques Lu Cont Remix),The Killers,Wonderful Wonderful (Deluxe),4:16,256,2026-09-12T10:43:54Z,2026-09-29T09:51:34Z,10,183,INDIFFERENT,False
2P-h57Z7cKY,I know that I know that I know that I know that I know that I know that I know that I know that I know that I know that I know that I know that,Dudiish,Delírio Coletivo,3:32,212,2026-09-12T10:43:54Z,2026-10-03T09:10:54Z,20,296,INDIFFERENT,False
mPf4v9LGF30,Wherever I May Roam,Metallica,Metallica,6:45,405,2026-09-12T10:43:54Z,2026-09-12T10:43:54Z,1,482,INDIFFERENT,False
CprkskUlA9c,Let Go,The Japanese Popstars,Let Go,5:23,323,2026-09-12T10:43:54Z,2026-09-29T09:51:34Z,22,160,INDIFFERENT,False
ggAsyW26phk,BLAOW!,"DJ Hoppa, Herbal T, Jarv, Wax",Highway Hotel,2:51,171,2026-09-12T10:43:54Z,2026-09-12T11:08:41Z,2,169,INDIFFERENT,False
7AsaeZor-gE,Miserable Failure,Iron Reagan,The Tyranny of Will,2:16,136,2026-09-12T10:43:54Z,2026-09-12T11:08:41Z,2,196,INDIFFERENT,False
Z26l5PmwQmI,Time To Dance,"Anthonin Ternant, The Shoes",Crack My Bones,3:17,197,2026-09-12T10:40:53Z,2026-09-30T09:44:01Z,12,47,INDIFFERENT,False
BKVC79XmN4A,In & Out (Liquid Soul Remix),"Emok, Martin Vice, Off Limits, Vini Vici",In & Out (Liquid Soul Remix),7:41,461,2026-09-12T10:40:53Z,2026-10-01T10:10:21Z,25,358,INDIFFERENT,False
tJGIFpEIVDs,No Light Theory (T4N Edit),Spectra Sonics,Trance for Nations 14 (Compiled by Astrix),7:08,428,2026-09-12T10:40:53Z,2026-10-01T10:10:21Z,24,379,INDIFFERENT,False
rD4eFA4MZXs,NEW HEART DESIGN,Turnstile,GLOW ON,2:28,148,2026-09-12T10:40:53Z,2026-09-30T09:44:01Z,16,228,INDIFFERENT,False
UL1JVD7BygI,Liquid Connective,Sonic Species & Divination,Liquid Connective,8:07,487,2026-09-12T10:40:53Z,2026-10-01T10:10:21Z,28,250,INDIFFERENT,False
2OPwoN28s5c,Heavy Is the Crown,Linkin Park,Heavy Is the Crown,2:48,168,2026-09-12T10:40:53Z,2026-10-04T09:50:15Z,22,163,INDIFFERENT,False
mHIwg6Tv6xg,The Power of Now Talpa & Zyce Remix,Critical Choice,The Power of Now Remix,8:23,503,2026-09-12T10:40:53Z,2026-10-01T10:10:21Z,25,428,INDIFFERENT,False
4K5nf1y7QSw,Bang Bang,Totorro,Sofa So Good,2:21,141,2026-09-12T10:40:53Z,2026-09-12T10:40:53Z,1,102,INDIFFERENT,False
Fr7rMHzAaAc,Chameleon,High Fade,Chameleon,3:41,221,2026-09-12T10:40:53Z,2026-09-12T10:40:53Z,1,103,INDIFFERENT,False
MaQtgEni5xk,Tati - Valse funèbre aérobique prestissimo en cinq temps intitulée salut moi Lean j'ai on c'est Charles assis sur ses Lauriers dans le salon avec la barre à Clue,La Poexe,POEX,5:42,342,2026-09-12T10:40:53Z,2026-09-21T08:58:47Z,2,109,INDIFFERENT,False
C3i8gmaifnI,We Are Your Friends (Justice Vs. Simian Edit),"Justice, Simian",We Are Your Friends,2:45,165,2026-09-12T10:40:53Z,2026-09-27T09:17:15Z,15,205,INDIFFERENT,False
DYNQUUT2dVY,Nobody Wants To Party With Me,Natural Child,Bodyswitchers,2:41,161,2026-09-12T10:40:53Z,2026-09-12T10:40:53Z,1,106,INDIFFERENT,False
gfKJgVADv1o,Smoko,The Chats,Get This In Ya,3:00,180,2026-09-12T10:40:53Z,2026-09-12T11:18:11Z,4,84,INDIFFERENT,False
KvRJqPzjJeA,Crying Game 1998,Nekropsi,Nekropsi 1998,3:45,225,2026-09-12T10:40:53Z,2026-09-21T08:58:47Z,2,101,INDIFFERENT,False
sjv5knfjrHc,Solstice (Early Mix),Hallucinogen,The Singles (Remastered 2024),5:54,354,2026-09-12T10:40:53Z,2026-10-01T10:10:21Z,17,14,LIKE,False
-Z1208MwueQ,The Ol' Grizz,Primus,A Handful of Nuggs,5:23,323,2026-09-12T10:40:53Z,2026-09-21T08:58:47Z,2,422,INDIFFERENT,False
PgeluJltn8w,How You Like Me Now,The Heavy,The House That Dirt Built,3:38,218,2026-09-12T10:40:53Z,2026-10-04T09:50:15Z,10,68,INDIFFERENT,False
ZE-XgagUE8M,Roots Radical,Rancid,...And Out Come The Wolves,2:48,168,2026-09-12T10:40:53Z,2026-09-12T20:18:18Z,5,4,INDIFFERENT,False
P8X9ESwV0b0,Borehole,Russian Circles,Nine,5:49,349,2026-09-12T10:40:53Z,2026-09-12T10:40:53Z,1,145,INDIFFERENT,False
2XuhnyOVN00,An Honest Mistake,The Bravery,The Bravery,3:40,220,2026-09-12T10:40:53Z,2026-10-01T10:10:21Z,30,75,INDIFFERENT,False
gBnalcSi138,Forty Six & 2,TOOL,Ænima,6:04,364,2026-09-12T10:40:53Z,2026-09-12T10:40:53Z,1,158,INDIFFERENT,False
kPt3qY0Sl_w,Life on the Nickel,Foster The People,Torches,3:36,216,2026-09-12T10:40:53Z,2026-10-01T10:10:21Z,19,208,INDIFFERENT,False
mUEsqQpact0,Toxicity,System Of A Down,Toxicity,3:39,219,2026-09-12T10:40:53Z,2026-10-01T10:10:21Z,15,187,INDIFFERENT,False
EJBXUB61Op0,3rd Time Lucky (Ritmo Remix),"Astrix, John Fleming",3rd Time Lucky (Ritmo Remix),7:58,478,2026-09-12T10:40:53Z,2026-10-04T09:50:15Z,14,65,INDIFFERENT,False
tMhZizgTnj0,Gimme All Your Lovin',ZZ Top,Eliminator,4:02,242,2026-09-12T10:40:53Z,2026-10-04T09:50:15Z,14,151,INDIFFERENT,False
BXHjmxwvNNc,Turn On The Light,All Them Witches,House Of Mirrors,4:29,269,2026-09-12T10:40:53Z,2026-10-04T09:50:15Z,8,235,INDIFFERENT,False
32Gp9WH9leI,Oblivion,"Interactive Noise, Liquid Soul",Oblivion,6:57,417,2026-09-12T10:40:53Z,2026-09-30T09:44:01Z,15,113,INDIFFERENT,False
CQU-98QkHQU,Phantom,Justice,Cross,4:23,263,2026-09-12T10:40:53Z,2026-10-04T09:50:15Z,21,448,INDIFFERENT,False
VuiR4AtH1fc,Call to Arms,Sturgill Simpson,A Sailor's Guide to Earth,5:30,330,2026-09-12T10:40:53Z,2026-10-01T10:10:21Z,21,117,LIKE,False
cawY4hXfe0o,The Price Of Smokes,The Chats,Get Fucked,3:43,223,2026-09-12T10:40:53Z,2026-09-12T10:40:53Z,1,210,INDIFFERENT,False
u80b9Y-mkgM,Bubble'n Tweak (Remastered 2024),Hallucinogen,The Singles (Remastered 2024),6:25,385,2026-09-12T10:40:53Z,2026-09-14T08:57:25Z,6,345,INDIFFERENT,False
hDb9OUGKuFY,Tada - Le nerf de la guerre,La Poexe,POEX,3:40,220,2026-09-12T10:40:53Z,2026-09-12T10:40:53Z,1,218,INDIFFERENT,False
nNPSSs1xnpY,Assassin,Muse,Black Holes and Revelations,3:32,212,2026-09-12T10:40:53Z,2026-10-01T10:10:21Z,22,311,INDIFFERENT,False
0BS5lRJfJgQ,The Man,The Killers,Wonderful Wonderful,4:11,251,2026-09-12T10:40:53Z,2026-10-01T10:10:21Z,15,167,INDIFFERENT,False
2LLxIhRGYFM,Minor Acts of Cannibalism,I'm Glad It's You,June,2:32,152,2026-09-12T10:40:53Z,2026-10-04T09:50:15Z,11,38,INDIFFERENT,False
EOjm4SEDMu8,Sex on Fire,Kings Of Leon,Only By The Night,3:24,204,2026-09-12T10:40:53Z,2026-10-04T09:50:15Z,29,128,INDIFFERENT,False
dO4-olHx0IE,08-Liquid_Soul_Zyce-We_Come_in_Peace.wav,"Liquid Soul, Zyce, Solar Kid",We Come in Peace,7:15,435,2026-09-12T10:40:53Z,2026-09-30T09:44:01Z,14,410,INDIFFERENT,False
FPsLvqlh_JA,The Jolly Roger (Zen Mechanics Remix),"Ace Ventura, Captain Hook",Jolly Roger,8:53,533,2026-09-12T10:40:53Z,2026-09-13T08:20:16Z,2,109,INDIFFERENT,False
-uQi0vJK9lk,The Kids Aren't Alright,The Offspring,Americana,3:01,181,2026-09-12T10:40:53Z,2026-10-03T09:10:54Z,26,177,INDIFFERENT,False
cPtw_Cd3zTk,Keep Your Hands to Yourself,Georgia Satellites,Georgia Satellites,3:25,205,2026-09-12T10:40:53Z,2026-10-04T09:50:15Z,8,141,INDIFFERENT,False
kW0HZy8J0v0,Don't Bring Me Down,Electric Light Orchestra,Discovery,4:04,244,2026-09-12T10:40:53Z,2026-10-04T09:50:15Z,17,108,INDIFFERENT,False
I85VSB8xzv4,I Am You,Shpongle,Ineffable Mysteries From Shpongleland,11:37,697,2026-09-12T10:40:53Z,2026-10-04T09:50:15Z,16,321,INDIFFERENT,False
cMMxXF33Wpw,Love In Motion (feat. Mayer Hawthorne),SebastiAn,Total,3:06,186,2026-09-12T10:40:53Z,2026-10-01T10:10:21Z,26,225,INDIFFERENT,False
jEEa5D6KtmI,Are You What You Want to Be?,Foster The People,Supermodel,4:31,271,2026-09-12T10:40:53Z,2026-10-01T10:10:21Z,17,153,INDIFFERENT,False
Yh75ydSENN0,Ruby Soho,Rancid,...And Out Come The Wolves,2:38,158,2026-09-12T10:40:53Z,2026-10-04T09:50:15Z,10,189,INDIFFERENT,False
ufrUJyAEF8g,Trekking Through the Dawning Wasteland,Liquify,Illusionary Reality,13:48,828,2026-09-12T10:40:53Z,2026-10-01T10:10:21Z,6,347,INDIFFERENT,False
gZ7poFTDkeY,Big Bear,Steak,Feasting on Famine,2:41,161,2026-09-12T10:40:53Z,2026-10-04T09:50:15Z,15,157,INDIFFERENT,False
deM4ueJpMbY,Helicopter,Bloc Party,Silent Alarm,3:41,221,2026-09-12T10:40:53Z,2026-10-01T10:10:21Z,30,207,INDIFFERENT,False
gPM1HCOBFgc,Another Bag of Bricks,Flogging Molly,Drunken Lullabies,3:46,226,2026-09-12T10:40:53Z,2026-10-01T10:10:21Z,6,344,INDIFFERENT,False
pkkEGSnRvGs,Star Guitar,The Chemical Brothers,Come With Us,6:28,388,2026-09-12T10:40:53Z,2026-10-01T10:10:21Z,28,319,INDIFFERENT,False
r3iA80Dykgo,Negev,"Animato, Pettra",Negev,8:00,480,2026-09-12T10:40:53Z,2026-09-30T09:44:01Z,25,201,INDIFFERENT,False
5P1iHVgbqbY,Tyler,The Toadies,Rubberneck,4:14,254,2026-09-12T10:40:53Z,2026-09-30T09:44:01Z,6,62,INDIFFERENT,False
kDfejbzHp_U,Mothership Reconnection [(Daft Punk Remix)] (feat. Parliament & Funkadelic),Scott Grooves,"Musique, Vol. 1",4:01,241,2026-09-12T10:40:53Z,2026-10-04T09:50:15Z,29,317,INDIFFERENT,False
N5GUm_kuKrM,Bro Hymn (2005 Remaster),Pennywise,Full Circle (2005 Remaster),5:11,311,2026-09-12T10:40:53Z,2026-09-12T19:59:58Z,3,171,INDIFFERENT,False
DvdeE6KzrTc,Bulls On Parade,Rage Against The Machine,Evil Empire,3:50,230,2026-09-12T10:40:53Z,2026-10-03T09:10:54Z,10,220,INDIFFERENT,False
iHlzPFucJuI,Hiroshima Bay Sunset,Bams,Back from Japan,2:48,168,2026-09-12T10:40:53Z,2026-09-13T08:20:16Z,2,93,INDIFFERENT,False
p205pSR1oaU,The Village,SLIFT,Fantasia,5:25,325,2026-09-12T10:40:53Z,2026-10-02T09:48:13Z,12,301,INDIFFERENT,False
7VZxSatyBKs,One by Metallica,I Hate Sex,Circle Thinking,1:59,119,2026-09-12T10:40:53Z,2026-10-04T09:50:15Z,8,370,INDIFFERENT,False
PvIblybT_No,Angor,Angine de Poitrine,Vol.II,6:17,377,2026-09-12T10:40:53Z,2026-09-21T08:58:47Z,2,407,INDIFFERENT,False
A0PMTkimc8c,Cicada,Hallucinogen in Dub,Live,3:27,207,2026-09-12T10:40:53Z,2026-10-01T10:10:21Z,4,146,INDIFFERENT,False
Qr0FWqr-UQs,Rattlesnake,King Gizzard & The Lizard Wizard,Flying Microtonal Banana,7:49,469,2026-09-12T10:40:53Z,2026-09-21T08:58:47Z,2,110,INDIFFERENT,False
0bcIjILqORM,Whole Lotta Love (Remaster),Led Zeppelin,Led Zeppelin II (Deluxe Edition),5:35,335,2026-09-12T10:40:53Z,2026-10-04T09:50:15Z,16,417,LIKE,False
5EQJ_wUB800,Liquid Hook (Interactive Noise Remix) (Mixed),"Captain Hook, Liquid Soul & Captain Hook",Full On Fluoro Vol. 5 mixed by Liquid Soul & Magnus (DJ Mix),5:01,301,2026-09-12T10:40:53Z,2026-09-30T09:44:01Z,10,309,INDIFFERENT,False
9sXfXWVZqwQ,"Divine Moments of Truth (Astrix, Loud & The Lost Secret Door Remix)",Shpongle,"Divine Moments of Truth (Astrix, Loud & The Lost Secret Door Remix)",10:01,601,2026-09-12T10:40:53Z,2026-10-01T10:10:21Z,27,254,INDIFFERENT,False
Og8TDbfIAWY,Corrupted Sky,SLIFT,Fantasia,6:14,374,2026-09-12T10:40:53Z,2026-09-17T08:41:05Z,6,394,INDIFFERENT,False
wcBqQ9Ta1h8,Biological Computer (Shanti V Deedrah Remix),Ace Ventura & Ritmo,Biological Computer,6:34,394,2026-09-12T10:40:53Z,2026-09-29T09:51:34Z,20,11,INDIFFERENT,False
FRURmhFE6BI,Pneuma,TOOL,Fear Inoculum,11:54,714,2026-09-12T10:40:53Z,2026-09-21T08:58:47Z,2,137,INDIFFERENT,False
2K9POBRgC08,Acid Rain,Alpha Portal,Dimension 005 (Compiled by Alpha Portal),8:09,489,2026-09-12T10:40:53Z,2026-09-30T09:44:01Z,22,437,INDIFFERENT,False
CWnVXvLwxIU,Green State,Phaxe & Querox,Green State,7:21,441,2026-09-12T10:40:53Z,2026-10-01T10:10:21Z,23,220,INDIFFERENT,False
TaQwW5eQZeY,How We Do (feat. 50 Cent),The Game,The Documentary,3:56,236,2026-09-12T10:40:53Z,2026-09-16T08:37:24Z,2,185,INDIFFERENT,False
_v8zDNNaWak,Take a Bow,Muse,Black Holes and Revelations,4:36,276,2026-09-12T10:40:53Z,2026-10-01T10:10:21Z,23,236,INDIFFERENT,False
G6jz_eQGTXk,Tobacco Island,Flogging Molly,Within a Mile of Home,5:18,318,2026-09-12T10:40:53Z,2026-09-13T08:20:16Z,3,52,INDIFFERENT,False
6TgTXYFHlfk,Intergalactic (Remastered 2009),Beastie Boys,Hello Nasty (Deluxe Edition/Remastered),3:52,232,2026-09-12T10:40:53Z,2026-10-03T09:10:54Z,10,125,INDIFFERENT,False
Opp9P6k9z-I,Little Things,Bush,Sixteen Stone,4:25,265,2026-09-12T10:40:53Z,2026-09-12T10:40:53Z,1,358,INDIFFERENT,False
JVqis0eXeOk,High Road (Instrumental),Mastodon,Once More 'Round the Sun (Instrumentals),4:16,256,2026-09-12T10:40:53Z,2026-09-12T11:08:41Z,2,234,INDIFFERENT,False
z_59a_hnYdU,No One Knows,Queens Of The Stone Age,Songs For The Deaf,4:39,279,2026-09-12T10:40:53Z,2026-10-04T09:50:15Z,10,173,INDIFFERENT,False
Sku74urw_W8,Shadow Of A Smile,Day Din & Klopfgeister,Sync Yourself,8:20,500,2026-09-12T10:40:53Z,2026-10-01T10:10:21Z,31,326,INDIFFERENT,False
jowwi6LXVyQ,Symmetry,Protonica,Symmetry,8:59,539,2026-09-12T10:40:53Z,2026-10-01T10:10:21Z,19,336,INDIFFERENT,False
-PwOyNbnWEk,Shaman Moss (Live at Canyon Park) (Live),Tunnels,Shaman Moss (Live at Canyon Park) (Live),14:17,857,2026-09-12T10:40:53Z,2026-09-12T10:40:53Z,1,381,INDIFFERENT,False
VDEkUiOYNuU,Holy Diver (feat. Puddles Pity Party),Primus & Puddles Pity Party,A Handful of Nuggs,4:17,257,2026-09-12T10:40:53Z,2026-09-26T08:37:40Z,2,490,INDIFFERENT,False
K8_0YFXGROU,Here & There Original Mix,"Astrix, Pixel",Here & There,7:40,460,2026-09-12T10:40:53Z,2026-10-01T10:10:21Z,20,278,INDIFFERENT,False
2ionVMJfnmM,Fantasy,Scowl,Are We All Angels,3:30,210,2026-09-12T10:40:53Z,2026-10-04T09:50:15Z,6,295,INDIFFERENT,False
D4INE2zO9OU,Can't Stop,Red Hot Chili Peppers,By the Way (Deluxe Edition),4:29,269,2026-09-12T10:40:53Z,2026-10-04T09:50:15Z,16,153,INDIFFERENT,False
F_3HFCILZKM,Time's Running Out,Cirrus,Back on a Mission,5:14,314,2026-09-12T10:40:53Z,2026-10-01T10:10:21Z,25,263,INDIFFERENT,False
06HcqK2vvlw,When I Come Around,Green Day,Dookie,2:58,178,2026-09-12T10:40:53Z,2026-10-01T10:10:21Z,8,222,INDIFFERENT,False
BMMGwtklEeE,The Pretender,Foo Fighters,"Echoes, Silence, Patience & Grace",4:30,270,2026-09-12T10:40:53Z,2026-10-01T10:10:21Z,9,342,INDIFFERENT,False
KzLlVKXKnyU,Robot Rock,Daft Punk,Human After All,4:48,288,2026-09-12T10:40:53Z,2026-09-12T20:31:33Z,5,301,INDIFFERENT,False
Dn-WFH6tpCU,Phantom Pt. II,Justice,Cross,3:21,201,2026-09-12T10:40:53Z,2026-10-01T10:10:21Z,10,203,LIKE,False
bR3RBWZy6LY,Gamma Goblins,Hallucinogen,Deranger,7:03,423,2026-09-12T10:40:53Z,2026-09-16T08:37:24Z,2,404,INDIFFERENT,False
GmZl5ymzYLY,Mr. Gold,Captain Hook,Mr. Gold,7:12,432,2026-09-12T10:40:53Z,2026-09-21T08:58:47Z,10,124,INDIFFERENT,False
z1ndFL1v34E,The Red,Chevelle,Wonder What's Next (Expanded Edition),3:59,239,2026-09-12T10:40:53Z,2026-10-02T09:48:13Z,13,222,INDIFFERENT,False
SRQ7-eSGBWc,Rock and Roll (Remaster),Led Zeppelin,Led Zeppelin IV (Deluxe Edition),3:41,221,2026-09-12T10:40:53Z,2026-10-04T09:50:15Z,18,385,INDIFFERENT,False
GTcgFVnwVP4,Pentagram Ring,Chavez,Gone Glimmering,2:27,147,2026-09-12T10:40:53Z,2026-10-01T10:10:21Z,5,371,INDIFFERENT,False
gw92JUfLaPI,Speed Freak,1200 Micrograms,Ritualism EP,6:51,411,2026-09-12T10:40:53Z,2026-09-30T09:44:01Z,24,312,INDIFFERENT,False
5M6JPlPmF1A,Machinehead,Bush,Sixteen Stone,4:17,257,2026-09-12T10:40:53Z,2026-09-28T09:49:05Z,5,483,INDIFFERENT,False
h6Jql0ZvC24,FRESH BAKED BREAD,"Daily Bread, EAZYBAKED",FRESH BAKED BREAD,3:01,181,2026-09-12T10:40:53Z,2026-09-27T09:17:15Z,11,379,INDIFFERENT,False
LMsBHDoC51c,My Way,Limp Bizkit,Chocolate Starfish And The Hot Dog Flavored Water,4:33,273,2026-09-12T10:40:53Z,2026-10-01T10:10:21Z,7,249,INDIFFERENT,False
PJqViNPI0dE,Hands,The Ting Tings,Sounds From Nowheresville,3:20,200,2026-09-12T10:40:53Z,2026-10-01T10:10:21Z,26,240,INDIFFERENT,False
V8Ffhvjl46E,Remedy,Seether,Karma and Effect,3:28,208,2026-09-12T10:40:53Z,2026-10-02T09:48:13Z,9,358,INDIFFERENT,False
_7CdugjjDfc,Thunder Kiss '65,White Zombie,La Sexorcisto: Devil Music Volume 1,3:55,235,2026-09-12T10:40:53Z,2026-10-01T10:10:21Z,8,420,INDIFFERENT,False
MOV-dObhpcY,Rattle,Kliment,Path To Extinction,8:04,484,2026-09-12T10:40:53Z,2026-09-28T09:49:05Z,18,281,INDIFFERENT,False
g_9rnnkRX0g,Hurts So Good,John Mellencamp,American Fool,3:39,219,2026-09-12T10:40:53Z,2026-10-03T09:10:54Z,11,142,INDIFFERENT,False
hQ_Z-10dXSE,Crazy Train,Ozzy Osbourne,Blizzard Of Ozz (40th Anniversary Expanded Edition),4:54,294,2026-09-12T10:40:53Z,2026-09-21T08:58:47Z,2,150,INDIFFERENT,False
IhLLaU1nf7I,Pink Evil Fusion,The Enigma Tng,Z Themes,3:23,203,2026-09-12T10:40:53Z,2026-10-01T10:10:21Z,8,281,INDIFFERENT,False
nBMgEpyQk8c,The Devil's Den,"Skrillex, Wolfgang Gartner",Bangarang EP,4:53,293,2026-09-12T10:40:53Z,2026-09-12T11:08:41Z,2,252,INDIFFERENT,False
KKd0eVQ5X_4,Revolution 909,Daft Punk,Homework,5:36,336,2026-09-12T10:40:53Z,2026-09-27T09:17:15Z,11,304,INDIFFERENT,False
