videoId,title,artists,album,duration,duration_seconds,first_seen,last_seen,times_recommended,latest_position,likeStatus,inLibrary
eNQNVuw0i6I,High On A Mountain,"Del McCoury, The Dixie Pals",High On A Mountain,2:52,172,2026-09-26T08:37:40Z,2026-09-26T08:37:40Z,1,33,INDIFFERENT,False
vfxQ1oDiEJM,Penny Lane (Remastered 2009),The Beatles,Magical Mystery Tour,3:01,181,2026-09-26T08:37:40Z,2026-09-26T08:37:40Z,1,71,INDIFFERENT,False
GLS4e2ov_ic,Nighthawk,Jarrod Walker,Nighthawk,2:49,169,2026-09-26T08:37:40Z,2026-09-26T08:37:40Z,1,97,INDIFFERENT,False
dM7W-Nig8GQ,High On A Mountain,Hot Rize,Hot Rize,3:07,187,2026-09-26T08:37:40Z,2026-09-26T08:37:40Z,1,118,INDIFFERENT,False
HII6dq663PA,"Hello, Little Girl","Danielle Ferland, Original Broadway Cast of Into the Woods, Robert Westenberg",Into the Woods (Original Broadway Cast Recording),2:34,154,2026-09-26T08:37:40Z,2026-09-26T08:37:40Z,1,170,INDIFFERENT,False
2xHhWkz5aMc,"Gypsys, Tramps & Thieves",Cher,"Gypsys, Tramps & Thieves",2:38,158,2026-09-26T08:37:40Z,2026-09-26T08:37:40Z,1,171,INDIFFERENT,False
N5V5HktI4Kg,I Saw the Light,Todd Rundgren,Something / Anything?,3:01,181,2026-09-26T08:37:40Z,2026-09-26T08:37:40Z,1,178,INDIFFERENT,False
vU-byRojuQU,Heard It in a Love Song,The Marshall Tucker Band,Carolina Dreams,4:58,298,2026-09-26T08:37:40Z,2026-09-26T08:37:40Z,1,193,INDIFFERENT,False
O9G0emfp87E,Panama Red,New Riders Of The Purple Sage,The Adventures Of Panama Red,2:47,167,2026-09-26T08:37:40Z,2026-09-26T08:37:40Z,1,201,INDIFFERENT,False
rBrdaqDrWao,Highwayman,The Infamous Stringdusters,Undercover,3:23,203,2026-09-26T08:37:40Z,2026-09-26T08:37:40Z,1,204,INDIFFERENT,False
7ZJhs2bEVtI,Buckaroo,Buck Owens,"The Buck Owens Story, Volume 2: 1964-1968",2:01,121,2026-09-26T08:37:40Z,2026-09-26T08:37:40Z,1,206,INDIFFERENT,False
69P166wiYyw,Truckin' (Single Version) [2001 Remaster] (Single Version; 2001 Remaster),Grateful Dead,Complete Studio Rarities Collection,3:14,194,2026-09-26T08:37:40Z,2026-09-26T08:37:40Z,1,220,INDIFFERENT,False
_cXgsnE7pdk,"Good Luck ""N' Good Truckin' Tonite",Dale Watson,The Truckin' Sessions,2:19,139,2026-09-26T08:37:40Z,2026-09-26T08:37:40Z,1,235,INDIFFERENT,False
Wk7tgpTfBeo,A Dime At A Time,Del Reeves,The Original UA Hits,2:06,126,2026-09-26T08:37:40Z,2026-09-26T08:37:40Z,1,237,INDIFFERENT,False
J39DC9t0I5o,The Continuing Story Of Bungalow Bill (Remastered 2009),The Beatles,The Beatles,3:15,195,2026-09-26T08:37:40Z,2026-09-26T08:37:40Z,1,247,INDIFFERENT,False
2luuGVWE02o,Up on the Hill Where They Do the Boogie,John Hartford,Aereo-Plain,2:44,164,2026-09-26T08:37:40Z,2026-09-26T08:37:40Z,1,248,INDIFFERENT,False
S3ta4T9tIUM,Listen to the Music,The Doobie Brothers,Toulouse Street,3:48,228,2026-09-26T08:37:40Z,2026-09-26T08:37:40Z,1,259,INDIFFERENT,False
gvh__taTu1I,Don't Let Go,Commander Cody And His Lost Planet Airmen,Commander Cody & His Lost Planet Airmen,2:41,161,2026-09-26T08:37:40Z,2026-09-26T08:37:40Z,1,260,INDIFFERENT,False
J64RG2YD6gk,Old Number Seven,The Devil Makes Three,Live at Red Rocks,3:23,203,2026-09-26T08:37:40Z,2026-09-26T08:37:40Z,1,272,INDIFFERENT,False
MKUqbx_cqL4,Don't Wait Too Long,Madeleine Peyroux,Careless Love,3:12,192,2026-09-26T08:37:40Z,2026-09-26T08:37:40Z,1,276,INDIFFERENT,False
XCGuWOfR0dg,If Not for You (2020 Mix),George Harrison,All Things Must Pass (50th Anniversary;Super Deluxe),3:31,211,2026-09-26T08:37:40Z,2026-09-26T08:37:40Z,1,279,INDIFFERENT,False
2bvl2QcxkaA,Midnight Shift,Commander Cody And His Lost Planet Airmen,Lost In The Ozone,2:32,152,2026-09-26T08:37:40Z,2026-09-26T08:37:40Z,1,282,INDIFFERENT,False
OvGfQCsfzUo,Suite: Judy Blue Eyes (2005 Remaster),"Crosby, Stills & Nash","Crosby, Stills & Nash",7:25,445,2026-09-26T08:37:40Z,2026-09-26T08:37:40Z,1,289,INDIFFERENT,False
7tXgAiLpMbQ,Dogs In Burlington,John Prine,Dogs In Burlington,3:28,208,2026-09-26T08:37:40Z,2026-09-26T08:37:40Z,1,295,INDIFFERENT,False
KOZJwJkhw_Q,Don't Cuss the Fiddle,"Waylon Jennings, Willie Nelson",Waylon & Willie,3:04,184,2026-09-26T08:37:40Z,2026-09-26T08:37:40Z,1,303,INDIFFERENT,False
jpiB7zcHi_g,Gotta' Sell Them Chickens,"Hank Thompson, Junior Brown",Hank Thompson And Friends,2:58,178,2026-09-26T08:37:40Z,2026-09-26T08:37:40Z,1,318,INDIFFERENT,False
RhoprlMxteE,Yellow Submarine (Remastered 2009),The Beatles,Revolver,2:39,159,2026-09-26T08:37:40Z,2026-09-26T08:37:40Z,1,322,INDIFFERENT,False
GIOkyDXAglw,Black Sheep,John Anderson,All The People Are Talkin',2:58,178,2026-09-26T08:37:40Z,2026-09-26T08:37:40Z,1,333,INDIFFERENT,False
0cPXwc-5Kw8,Jumpin' Jack Flash ((Original Single Mono Version)),The Rolling Stones,Singles 1968-1971,3:38,218,2026-09-26T08:37:40Z,2026-09-26T08:37:40Z,1,350,INDIFFERENT,False
FHhpa_XqOcE,Roll Your Own,Commander Cody And His Lost Planet Airmen,Tales From The Ozone (US Internet Release),3:22,202,2026-09-26T08:37:40Z,2026-09-26T08:37:40Z,1,367,INDIFFERENT,False
3UZ4ZTIG4ig,I Can't Explain (Stereo Version),The Who,My Generation (Stereo Version),2:06,126,2026-09-26T08:37:40Z,2026-09-26T08:37:40Z,1,368,INDIFFERENT,False
p5lmn9dvC7w,Feed Me (Git It),"Levi Stubbs, Michelle Weeks, Rick Moranis, Tichina Arnold",Little Shop Of Horrors (Original Motion Picture Soundtrack),3:28,208,2026-09-26T08:37:40Z,2026-09-26T08:37:40Z,1,375,INDIFFERENT,False
uPbQIj6alF4,Wild Night,Van Morrison,The Essential Van Morrison,3:35,215,2026-09-26T08:37:40Z,2026-09-26T08:37:40Z,1,379,INDIFFERENT,False
qsAzFv-DCSU,So Long Dearie,Barbra Streisand,"Hello, Dolly!",2:41,161,2026-09-26T08:37:40Z,2026-09-26T08:37:40Z,1,388,INDIFFERENT,False
UlnZ6Oa-CNM,I Wish I Could Go Travelling Again,"Jim Tomlinson, John Parricelli, Matt Skelton, Stacey Kent",Breakfast on the Morning Tram (Bonus Edition),4:07,247,2026-09-26T08:37:40Z,2026-09-26T08:37:40Z,1,403,INDIFFERENT,False
hDQRtvu2sXc,Freeborn Man,Junior Brown,12 Shades Of Brown,4:26,266,2026-09-26T08:37:40Z,2026-09-26T08:37:40Z,1,413,INDIFFERENT,False
col432idAJM,One Way Rider,Ricky Skaggs,Highways And Heartaches,5:28,328,2026-09-26T08:37:40Z,2026-09-26T08:37:40Z,1,436,INDIFFERENT,False
Bar7SzNLnY0,Brown Sugar (Remastered 2009),The Rolling Stones,Sticky Fingers,3:49,229,2026-09-26T08:37:40Z,2026-09-26T08:37:40Z,1,440,INDIFFERENT,False
IiLSblAa_Ak,Out On The Road,Norah Jones,Little Broken Hearts,3:29,209,2026-09-26T08:37:40Z,2026-09-26T08:37:40Z,1,451,INDIFFERENT,False
WwUBEeI6gbE,Lightnin-Bar Blues,Commander Cody And His Lost Planet Airmen,Tales From The Ozone (US Internet Release),2:36,156,2026-09-26T08:37:40Z,2026-09-26T08:37:40Z,1,455,INDIFFERENT,False
edOXpZlNdsk,Fox On The Run,Sweet,Desolation Boulevard,3:28,208,2026-09-26T08:37:40Z,2026-09-26T08:37:40Z,1,476,INDIFFERENT,False
DaK-Ex38g4c,We Can Do It,"Matthew Broderick, Nathan Lane, Original Broadway Cast of The Producers",The Producers (Original Broadway Cast Recording),3:36,216,2026-09-26T08:37:40Z,2026-09-26T08:37:40Z,1,493,INDIFFERENT,False
4npdirXI_3c,My Sweet Lord,Damian Marley,My Sweet Lord,5:05,305,2026-09-26T08:37:40Z,2026-09-26T08:37:40Z,1,498,INDIFFERENT,False
rpfDK8F98C4,Big River,The Infamous Stringdusters,Undercover,5:16,316,2026-09-25T08:51:12Z,2026-09-25T08:51:12Z,1,78,INDIFFERENT,False
Vz6fCj1zLSg,1952 Vincent Black Lightning,Del McCoury Band,Del & The Boys,4:03,243,2026-09-25T08:51:12Z,2026-09-26T08:37:40Z,2,128,LIKE,True
7tTLDOiJQ1M,Kick It,"Marina P, The Co-Operators",Know Nothing About,2:55,175,2026-09-25T08:51:12Z,2026-09-25T08:51:12Z,1,98,INDIFFERENT,False
ZikMZpg4b0I,Waylon's Guitar,"Hank Williams, Jr.",I'm One Of You,3:13,193,2026-09-25T08:51:12Z,2026-09-26T08:37:40Z,2,409,INDIFFERENT,False
uGeFEIR3b5o,La Danse De Mardi Gras,"Balfa Brothers, Dewey Balfa",Cajun Saturday Night,2:24,144,2026-09-25T08:51:12Z,2026-09-25T08:51:12Z,1,147,INDIFFERENT,False
1TfcBG86NPg,I Wish We Had Our Time Again,John Hartford,Down On The River,2:55,175,2026-09-25T08:51:12Z,2026-09-26T08:37:40Z,2,166,INDIFFERENT,False
giDM83CNMuw,Fraulein,David Allan Coe,Once Upon a Rhyme,2:42,162,2026-09-25T08:51:12Z,2026-09-26T08:37:40Z,2,328,INDIFFERENT,False
jomnOpb-KFk,Give It Up or Let Me Go (2008 Remaster),Bonnie Raitt,Give It Up (2008 Remaster),4:31,271,2026-09-25T08:51:12Z,2026-09-26T08:37:40Z,2,167,INDIFFERENT,False
Xe-w_sWnKvA,Some Day I'll Be a Farmer,Melanie,Gather Me,2:52,172,2026-09-25T08:51:12Z,2026-09-26T08:37:40Z,2,34,INDIFFERENT,False
T7LYz03jSUY,Midnight On The Stormy Deep,The Tony Rice Unit,Manzanita,4:05,245,2026-09-25T08:51:12Z,2026-09-25T08:51:12Z,1,224,INDIFFERENT,False
3I-m-xAhTEs,Fifteen Beers,Johnny Paycheck,Biggest Hits,2:41,161,2026-09-25T08:51:12Z,2026-09-25T08:51:12Z,1,237,INDIFFERENT,False
KT3dL6TUqIY,Up Above My Head,Rhiannon Giddens,Tomorrow Is My Turn,3:10,190,2026-09-25T08:51:12Z,2026-09-26T08:37:40Z,2,369,INDIFFERENT,False
flwUGLybtzc,Wild About My Lovin',Imelda May,No Turning Back,2:52,172,2026-09-25T08:51:12Z,2026-09-26T08:37:40Z,2,397,INDIFFERENT,False
N8T7MlrKduI,Home Is Where the Heart Is,Old & In The Way,The Complete Boarding House Shows,2:15,135,2026-09-25T08:51:12Z,2026-09-25T08:51:12Z,1,297,INDIFFERENT,False
AcAitBiE99c,Señor (Tales of Yankee Power) [Live],Hayde Bluegrass Orchestra,The Broken Circle Sessions,4:27,267,2026-09-25T08:51:12Z,2026-09-26T08:37:40Z,2,277,INDIFFERENT,False
OMFq2e5X1gQ,After The Ball,Waylon Jennings,Songbird,3:11,191,2026-09-25T08:51:12Z,2026-09-25T08:51:12Z,1,303,INDIFFERENT,False
bPZToR5mFc0,Whispers Of The North,Tony Rice,Tony Rice Sings Gordon Lightfoot,4:21,261,2026-09-25T08:51:12Z,2026-09-25T08:51:12Z,1,334,INDIFFERENT,False
5TG_0qnfKNE,I Washed My Hands in Muddy Water,Robert Hale,I Washed My Hands in Muddy Water,3:07,187,2026-09-25T08:51:12Z,2026-09-25T08:51:12Z,1,341,INDIFFERENT,False
eloWY6o7LOI,Candy,Caravan of Thieves,The Funhouse,4:04,244,2026-09-25T08:51:12Z,2026-09-26T08:37:40Z,2,278,INDIFFERENT,False
6wSvpGvSbhc,Devil In Disguise,The Bluegrass Album Band,"The Bluegrass Album, Vol. 3: California Connection",3:16,196,2026-09-25T08:51:12Z,2026-09-25T08:51:12Z,1,353,INDIFFERENT,False
kOwgoRoDBMM,Añoranza en las Yungas,Lagartijeando,Jallalla,5:39,339,2026-09-25T08:51:12Z,2026-09-25T08:51:12Z,1,366,LIKE,True
PLZM92ymD1I,Uncle Pen,Old & In The Way,That High Lonesome Sound,2:58,178,2026-09-25T08:51:12Z,2026-09-25T08:51:12Z,1,376,INDIFFERENT,False
bnXlPmc8qco,Dusty Road,Oi Va Voi,Travelling The Face Of The Globe,3:18,198,2026-09-25T08:51:12Z,2026-09-26T08:37:40Z,2,341,INDIFFERENT,False
XhWvFRNIfag,Dust On The Bottle,David Lee Murphy,Out With A Bang,3:45,225,2026-09-25T08:51:12Z,2026-09-25T08:51:12Z,1,386,INDIFFERENT,False
Tpbo7P_VUPk,Lay Down (Candles In the Rain),Melanie,Candles In The Rain,3:50,230,2026-09-25T08:51:12Z,2026-09-26T08:37:40Z,2,362,INDIFFERENT,False
2e4wS_BkPOw,La Danse de Mardi Gras,Steve Riley & The Mamou Playboys,Best Of Steve Riley And The Mamou Playboys,3:56,236,2026-09-25T08:51:12Z,2026-09-26T08:37:40Z,2,456,INDIFFERENT,False
moPdZxRc12A,Look At Me I'm Sandra Dee (From “Grease”),Stockard Channing,Grease (The Original Motion Picture Soundtrack),1:41,101,2026-09-25T08:51:12Z,2026-09-26T08:37:40Z,2,450,INDIFFERENT,False
L8b5VMC0cYs,I Feel the Blues Movin' In,Del McCoury Band,Celebrating 50 Years of Del McCoury,3:54,234,2026-09-25T08:51:12Z,2026-09-25T08:51:12Z,1,395,INDIFFERENT,False
PK5-p90WWtw,Stars Fell on Alabama,Renee Olstead,Skylark (Std. Version),3:16,196,2026-09-25T08:51:12Z,2026-09-26T08:37:40Z,2,458,INDIFFERENT,False
G7F5UraDRtQ,There Ain’t No Sweet Man That's Worth The Salt Of My Tears,Diana Krall,Glad Rag Doll,4:30,270,2026-09-25T08:51:12Z,2026-09-26T08:37:40Z,2,443,INDIFFERENT,False
MCjXP4xQ2ls,Rise Sun,The Infamous Stringdusters,Rise Sun,3:27,207,2026-09-25T08:51:12Z,2026-09-25T08:51:12Z,1,408,INDIFFERENT,False
NHb_BNA3fn8,Hello!,"Andrew Rannells, Josh Gad, Kevin Duda, Rory O'Malley",The Book Of Mormon (Original Broadway Cast Recording),2:53,173,2026-09-25T08:51:12Z,2026-09-26T08:37:40Z,2,255,INDIFFERENT,False
bATDsjRpyqI,Miracle of Miracles,"Alfred Molina, Jerry Bock, John Cariani, Sheldon Harnick",Fiddler on the Roof (New Broadway Cast Recording),2:15,135,2026-09-25T08:51:12Z,2026-09-25T08:51:12Z,1,447,INDIFFERENT,False
cqrhqagUzBg,"Gary, Indiana",Eddie Hodges,The Music Man (Original Broadway Cast),1:26,86,2026-09-25T08:51:12Z,2026-09-26T08:37:40Z,2,396,INDIFFERENT,False
KaTVeRN6yeg,Land of the Navajo,Old & In The Way,The Complete Boarding House Shows,7:22,442,2026-09-25T08:51:12Z,2026-09-25T08:51:12Z,1,463,INDIFFERENT,False
72ebBwb3i3Q,Cabaret,Liza Minnelli,Cabaret (Original Soundtrack Recording),3:32,212,2026-09-25T08:51:12Z,2026-09-26T08:37:40Z,2,468,INDIFFERENT,False
4-kZZ3qt_YA,Ibari Koru Wa,Cardinal Rex Lawson,African Global Beatz Vol.14,3:01,181,2026-09-25T08:51:12Z,2026-09-25T08:51:12Z,1,472,INDIFFERENT,False
9gK6VDBAvpQ,Freddy My Love (From “Grease”),Cindy Bullens,Grease (The Original Motion Picture Soundtrack),2:49,169,2026-09-25T08:51:12Z,2026-09-25T08:51:12Z,1,491,INDIFFERENT,False
483YNp3vCMk,Jazz Is My Life,Woongsan,Jazz Is My Life,4:08,248,2026-09-25T08:51:12Z,2026-09-26T08:37:40Z,2,490,INDIFFERENT,False
ej06Lw96yCw,Jingle Jangle Jingle,Carly Ritter,Jingle Jangle Jingle,3:28,208,2026-09-25T08:51:12Z,2026-09-26T08:37:40Z,2,460,INDIFFERENT,False
q92hQTrU2fA,Did Ya Know?,"Joey Quiñones, Thee Sinseers",Love Stories,3:41,221,2026-09-24T08:29:18Z,2026-09-24T08:29:18Z,1,105,INDIFFERENT,False
3aHMndcxhtA,It's Alright,The Mystery Lights,Too Much Tension!,2:51,171,2026-09-24T08:29:18Z,2026-09-24T08:29:18Z,1,111,INDIFFERENT,False
D0a4vuKQR5w,Saudade Vem Correndo (feat. Maria Toledo),"Luiz Bonfá, Stan Getz",Jazz Samba Encore!,3:40,220,2026-09-24T08:29:18Z,2026-09-26T08:37:40Z,3,284,INDIFFERENT,False
RdzNt-pvaZU,Who's That Guy?,The Cast Of Grease 2,Grease 2 (Original Motion Picture Soundtrack),5:12,312,2026-09-24T08:29:18Z,2026-09-26T08:37:40Z,2,471,INDIFFERENT,False
DOGgKzmkop8,Maita Ukana,IANÄWA,Maita Ukana,6:51,411,2026-09-24T08:29:18Z,2026-09-24T08:29:18Z,1,378,INDIFFERENT,False
tD9J_0OHgYA,Pennies From Heaven,Robyn Adele Anderson,OMG I Love Jazz,2:26,146,2026-09-24T08:29:18Z,2026-09-26T08:37:40Z,3,395,INDIFFERENT,False
okUH50P_tI0,There Ain't No Good Chain Gang (feat. Waylon Jennings),Johnny Cash,I Would Like to See You Again,3:17,197,2026-09-24T08:29:18Z,2026-09-24T08:29:18Z,1,397,INDIFFERENT,False
dxharcGiUqA,Longneck Blues,"Junior Sisk, Ramblers Choice",Poor Boy's Pleasure,2:57,177,2026-09-24T08:29:18Z,2026-09-25T08:51:12Z,2,268,INDIFFERENT,False
13fVW_j2K4o,Kingston Town,UB40,Labour Of Love II,3:49,229,2026-09-24T08:29:18Z,2026-09-24T08:29:18Z,1,436,INDIFFERENT,False
_znPZ7BeEFs,Beleza Pula,Masayoshi Takanaka,Brasilian Skies,7:54,474,2026-09-24T08:29:18Z,2026-09-25T08:51:12Z,2,95,INDIFFERENT,False
nbtEkZIvMAg,Alabama Song (Whisky Bar),The Doors,The Doors,3:18,198,2026-09-24T08:29:18Z,2026-09-26T08:37:40Z,3,445,LIKE,True
Nb-SFlpVU5g,Mama Say,Vulfmon,Mama Say,3:04,184,2026-09-23T08:36:35Z,2026-09-26T08:37:40Z,3,8,INDIFFERENT,False
UU_rwkp35mQ,It'll Be Alright,The Infamous Stringdusters,Things That Fly,3:22,202,2026-09-23T08:36:35Z,2026-09-24T08:29:18Z,2,120,INDIFFERENT,False
cDijfMUVnrE,Fishin' in the Dark,AJ Lee & Blue Summit,Fishin' in the Dark,4:50,290,2026-09-23T08:36:35Z,2026-09-23T08:36:35Z,1,131,INDIFFERENT,False
nUXcyEWcgEQ,"Scenery (feat. Jack Dunlevie, Tom Amend, Jean-Luc Davis & Kevin Matthews)",Adam Gang,Relieved Beyond Words,4:53,293,2026-09-23T08:36:35Z,2026-09-26T08:37:40Z,4,387,INDIFFERENT,False
w7gwL9YekIY,Never Comin' Home,Dan Tyminski,God Fearing Heathen,3:21,201,2026-09-23T08:36:35Z,2026-09-26T08:37:40Z,4,83,INDIFFERENT,False
9dxf6CywgLQ,Just Good Ol' Boys (2012 Recording),Moe Bandy,Greatest Hits Volume 1 (2012 Recording),2:34,154,2026-09-23T08:36:35Z,2026-09-24T08:29:18Z,2,98,INDIFFERENT,False
cDHFOdlN4Fs,Little Cabin Home On The Hill,Billy Strings,Me / And / Dad,3:23,203,2026-09-23T08:36:35Z,2026-09-26T08:37:40Z,4,317,INDIFFERENT,False
s68RWoyKrkA,Brothers,The Brothers Comatose,City Painted Gold,3:33,213,2026-09-23T08:36:35Z,2026-09-26T08:37:40Z,4,361,INDIFFERENT,False
0qIXi_a2zN8,Down from the Mountain,The Infamous Stringdusters,Toward the Fray,4:37,277,2026-09-23T08:36:35Z,2026-09-26T08:37:40Z,4,112,INDIFFERENT,False
nhH6nYb_glw,Poor Boy's Pleasure,"Junior Sisk, Ramblers Choice",Poor Boy's Pleasure,3:35,215,2026-09-23T08:36:35Z,2026-09-26T08:37:40Z,4,285,INDIFFERENT,False
yJOqtpWr5a4,Franklin's Tower (2006 Remaster),Grateful Dead,The Very Best of the Grateful Dead,4:32,272,2026-09-23T08:36:35Z,2026-09-26T08:37:40Z,3,437,INDIFFERENT,False
4MY15PQcewo,Black Rose,Waylon Jennings,Honky Tonk Heroes,2:29,149,2026-09-23T08:36:35Z,2026-09-23T08:36:35Z,1,274,INDIFFERENT,False
FX5h9K4T_5E,Blue Ridge Cabin Home,The Infamous Stringdusters,A Tribute to Flatt & Scruggs,3:34,214,2026-09-23T08:36:35Z,2026-09-26T08:37:40Z,3,305,INDIFFERENT,False
dy7Z5qbI5T4,The Bargain Store,Dolly Parton,The Bargain Store,2:42,162,2026-09-23T08:36:35Z,2026-09-23T08:36:35Z,1,285,INDIFFERENT,False
1vTgksuZtkI,Omaha,Waylon Jennings,Honky Tonk Heroes,2:39,159,2026-09-23T08:36:35Z,2026-09-23T08:36:35Z,1,303,INDIFFERENT,False
6F217pE5-fg,You Can't Handle The Truth,The Infamous Stringdusters,The Infamous Stringdusters,3:24,204,2026-09-23T08:36:35Z,2026-09-23T08:36:35Z,1,307,INDIFFERENT,False
FZQO1TQrepk,Little White Church,Billy Strings,Me / And / Dad,3:22,202,2026-09-23T08:36:35Z,2026-09-26T08:37:40Z,3,5,INDIFFERENT,False
ncWVa3da6jM,Hills Of Mexico,"Bruce Hornsby, Ricky Skaggs",Ricky Skaggs & Bruce Hornsby,3:50,230,2026-09-23T08:36:35Z,2026-09-26T08:37:40Z,4,256,INDIFFERENT,False
ZPamUgQkHGw,Oh Lovin' Babe,Appalachian Road Show,Barry Abernathy & Darrell Webb Present Appalachian Road Show,3:40,220,2026-09-23T08:36:35Z,2026-09-26T08:37:40Z,4,465,INDIFFERENT,False
ifMadYrjfjg,Down the Road,The Infamous Stringdusters,Down the Road,3:16,196,2026-09-23T08:36:35Z,2026-09-26T08:37:40Z,3,61,INDIFFERENT,False
yGvOI1qRXdU,Are You Ready for the Country,Waylon Jennings,Are You Ready For The Country,3:13,193,2026-09-23T08:36:35Z,2026-09-23T08:36:35Z,1,404,INDIFFERENT,False
Bz0TGop4npE,Hard Line,The Infamous Stringdusters,Hard Line,3:41,221,2026-09-23T08:36:35Z,2026-09-26T08:37:40Z,3,408,INDIFFERENT,False
UzPHsYMFja8,Traveling Man,Dolly Parton,Coat Of Many Colors,2:40,160,2026-09-23T08:36:35Z,2026-09-23T08:36:35Z,1,409,INDIFFERENT,False
kEuw7NPHZBY,Hard Times,Jerry Reed,The Bird,3:49,229,2026-09-23T08:36:35Z,2026-09-26T08:37:40Z,3,129,INDIFFERENT,False
Zhu6SwkKjbM,Ballad Of Hank Williams,"Don Helms, Hank Williams, Jr.",The Pressure Is On,3:22,202,2026-09-23T08:36:35Z,2026-09-26T08:37:40Z,2,70,INDIFFERENT,False
KBkSsJDXs5I,What I Am,Edie Brickell & New Bohemians,Shooting Rubberbands At The Stars,4:57,297,2026-09-23T08:36:35Z,2026-09-23T08:36:35Z,1,469,INDIFFERENT,False
pDIPnG5DS1s,The Aggie Song (The Best Little Whorehouse In Texas/1978 Original Broadway Cast/Remastered),"Jay Bursky, Jerry Yoder, Michael Scott, Paul Ukena Jr.",Best Little Whorehouse In Texas,5:17,317,2026-09-23T08:36:35Z,2026-09-23T08:36:35Z,1,470,INDIFFERENT,False
V024KaF49H8,Convoy,Laurie Driver & The Big Rigs,Trucking Greats,3:53,233,2026-09-23T08:36:35Z,2026-09-26T08:37:40Z,3,186,INDIFFERENT,False
dsgz8QXqZvM,Matchmaker,"Alfred Molina, Jerry Bock, Laura Michelle Kelly, Sheldon Harnick",Fiddler on the Roof (New Broadway Cast Recording),4:22,262,2026-09-23T08:36:35Z,2026-09-23T08:36:35Z,1,494,INDIFFERENT,False
oqEG0zKUnD8,pretty girls burn sage,Fred Irie,pretty girls burn sage,3:15,195,2026-09-22T08:34:19Z,2026-09-24T08:29:18Z,2,6,INDIFFERENT,False
XM9RHvOym1I,Pineapple (feat. Moses Boyd & Nérija),Blue Lab Beats,Pineapple,3:17,197,2026-09-22T08:34:19Z,2026-09-22T08:34:19Z,1,8,INDIFFERENT,False
VjMjje_4-U4,Muy Tranquilo,Gramatik,SB3,3:54,234,2026-09-22T08:34:19Z,2026-09-22T08:34:19Z,1,13,INDIFFERENT,False
Vmgn-u2_G-U,Don't Mean Nothin',The Infamous Stringdusters,Silver Sky,2:39,159,2026-09-22T08:34:19Z,2026-09-25T08:51:12Z,2,229,INDIFFERENT,False
S7yqP8xZyis,Dixie On My Mind,"Hank Williams, Jr.",Rowdy,2:37,157,2026-09-22T08:34:19Z,2026-09-25T08:51:12Z,2,426,INDIFFERENT,False
rC9gTAef0P4,I Heard a Sigh,Cortex,Inedit 79,3:30,210,2026-09-22T08:34:19Z,2026-09-22T08:34:19Z,1,23,INDIFFERENT,False
RxHEYiSQByU,Retro Rhythm Cats (Live),jij ~ Cat Jazz ~,Black Cats Retro Piano & Deep Bass Live,2:57,177,2026-09-22T08:34:19Z,2026-09-22T08:34:19Z,1,25,INDIFFERENT,False
oh0hzeXvmb4,The Lonesome Blues,Shannon Slaughter,The Lonesome Blues,2:59,179,2026-09-22T08:34:19Z,2026-09-26T08:37:40Z,5,59,INDIFFERENT,False
VsMK7grhj-c,All the Good Times Never Die (feat. Night Tapes),LEISURE,All the Good Times Never Die,3:09,189,2026-09-22T08:34:19Z,2026-09-22T08:34:19Z,1,32,INDIFFERENT,False
iUTPdbFFMxU,Joy,FKJ,French Kiwi Juice,3:59,239,2026-09-22T08:34:19Z,2026-09-22T08:34:19Z,1,34,INDIFFERENT,False
G6vr4a4e3RA,Lay 'Em Down (feat. Wayne Benson & Kristin Scott Benson),Benson,Lay 'Em Down,3:05,185,2026-09-22T08:34:19Z,2026-09-26T08:37:40Z,5,257,INDIFFERENT,False
oGpFGs9R6iU,Lies & Money,Wood & Wire,North of Despair,3:37,217,2026-09-22T08:34:19Z,2026-09-26T08:37:40Z,5,79,INDIFFERENT,False
Zbq2Fztfp_o,Keen Mountain Prison,Blue Highway,Midnight Storm,3:05,185,2026-09-22T08:34:19Z,2026-09-26T08:37:40Z,5,2,INDIFFERENT,False
suhxeM6d0Sw,The Four,Greensky Bluegrass,If Sorrows Swim,3:34,214,2026-09-22T08:34:19Z,2026-09-26T08:37:40Z,5,159,INDIFFERENT,False
2crzzHJs_-E,Carry Me Home,Kokoroko,Carry Me Home,5:28,328,2026-09-22T08:34:19Z,2026-09-22T08:34:19Z,1,81,INDIFFERENT,False
aAUrXWqPBOg,Je Me Suis Fait Tout Petit (feat. John Schroeder),Pomplamoose,Je Me Suis Fait Tout Petit,2:59,179,2026-09-22T08:34:19Z,2026-09-22T08:34:19Z,1,82,INDIFFERENT,False
DdPqp4Z2nUg,Hooked On Bluegrass,Junior Sisk,Load The Wagon,2:49,169,2026-09-22T08:34:19Z,2026-09-26T08:37:40Z,5,92,INDIFFERENT,False
spR2bjyrhmQ,Earth Garden,Fred Irie,Earth Garden,2:54,174,2026-09-22T08:34:19Z,2026-09-22T08:34:19Z,1,101,INDIFFERENT,False
flhysVGjpWg,"{FREE} Kaytranada x Bossa Nova Type Beat ""ALICIA!""",Fred Rosa (fka Fred Irie),,2:57,177,2026-09-22T08:34:19Z,2026-09-22T08:34:19Z,1,103,INDIFFERENT,False
1V9WOxtNBOM,Just Woke Up Here,Richard Houghten,Quantum Flow,2:29,149,2026-09-22T08:34:19Z,2026-09-22T08:34:19Z,1,108,INDIFFERENT,False
LwARTvsTZoQ,"{FREE} Fleetwood Mac x Psychedelic Soul Type Beat ""Sirenita del Sol""",Fred Rosa (fka Fred Irie),,3:29,209,2026-09-22T08:34:19Z,2026-09-22T08:34:19Z,1,110,INDIFFERENT,False
jxjjoThGN68,You're The Reason,Hank Williams III,Risin' Outlaw,2:52,172,2026-09-22T08:34:19Z,2026-09-22T08:34:19Z,1,115,INDIFFERENT,False
yiLT991gWvI,Flambee Montalbanaise,Pearl Django,Mystery Pacific,3:13,193,2026-09-22T08:34:19Z,2026-09-22T08:34:19Z,1,119,INDIFFERENT,False
sq-WkgefGNI,Nothing Lost,Coyote Island,Shadow Magic,2:36,156,2026-09-22T08:34:19Z,2026-09-24T08:29:18Z,2,113,INDIFFERENT,False
zdus_PcfQ7Q,I Gotta Get Drunk,Willie Nelson,Both Sides Now,2:15,135,2026-09-22T08:34:19Z,2026-09-26T08:37:40Z,2,24,INDIFFERENT,False
dCGX78JWEKU,As It Was,The Infamous Stringdusters,As It Was,3:20,200,2026-09-22T08:34:19Z,2026-09-22T08:34:19Z,1,140,INDIFFERENT,False
61OuUkWgjQQ,"Luna, Agua, Tierra, Sol",Al Fredo,"Luna, Agua, Tierra, Sol",4:09,249,2026-09-22T08:34:19Z,2026-09-22T08:34:19Z,1,141,INDIFFERENT,False
CPGz5muxGhQ,The Jamestown Ferry,Tanya Tucker,Delta Dawn,2:57,177,2026-09-22T08:34:19Z,2026-09-22T08:34:19Z,1,164,INDIFFERENT,False
mTG5puuCfYs,Mind Your Own Business,"Hank Williams, The Drifting Cowboys",Honky Tonkin (Expanded Undubbed Edition),2:57,177,2026-09-22T08:34:19Z,2026-09-22T08:34:19Z,1,166,INDIFFERENT,False
pPym7Az7Heo,Coconut,Harry Nilsson,Nilsson Schmilsson,3:52,232,2026-09-22T08:34:19Z,2026-09-22T08:34:19Z,1,173,INDIFFERENT,False
r4TdEG2drsU,When Will I Be Loved,Linda Ronstadt,Heart Like A Wheel,2:05,125,2026-09-22T08:34:19Z,2026-09-22T08:34:19Z,1,175,INDIFFERENT,False
ric5My5sDz4,Iron Ore Betty,The Wooks,Flyin' High,3:04,184,2026-09-22T08:34:19Z,2026-09-26T08:37:40Z,5,153,INDIFFERENT,False
9kchmuemt0c,Tiden Der Forstår,Jacob Gurevitsch,Lovers in Paris (Deluxe),4:50,290,2026-09-22T08:34:19Z,2026-09-22T08:34:19Z,1,211,INDIFFERENT,False
xHUezmDsJg8,All American Country Boy,Jerry Reed,Ready,2:40,160,2026-09-22T08:34:19Z,2026-09-22T08:34:19Z,1,213,INDIFFERENT,False
ZyTSeC-95Vc,Carry Me Back to the Lone Prairie,Eddy Arnold,Cattle Call,2:19,139,2026-09-22T08:34:19Z,2026-09-22T08:34:19Z,1,215,INDIFFERENT,False
id993MqPGtw,Night on the River,The Infamous Stringdusters,Silver Sky,3:34,214,2026-09-22T08:34:19Z,2026-09-23T08:36:35Z,2,297,INDIFFERENT,False
xtl80FWOueY,Let It Ride,The Wooks,Glory Bound,4:02,242,2026-09-22T08:34:19Z,2026-09-26T08:37:40Z,5,65,INDIFFERENT,False
gcZN9x4q4kg,Blue Ridge Cabin Home,Flatt & Scruggs,Foggy Mountain Jamboree (Expanded Edition),2:56,176,2026-09-22T08:34:19Z,2026-09-22T08:34:19Z,1,235,INDIFFERENT,False
CxrsVV5N06I,Signs,Five Man Electrical Band,Class Reunion '71: Greatest Hits Of 1971,3:06,186,2026-09-22T08:34:19Z,2026-09-22T08:34:19Z,1,236,INDIFFERENT,False
_23zdGnEa7k,Day & Night,Tonique & Man,Day & Night,4:04,244,2026-09-22T08:34:19Z,2026-09-22T08:34:19Z,1,238,INDIFFERENT,False
GHBJdrTZHbw,Way Downtown,Billy Strings,Me / And / Dad,3:08,188,2026-09-22T08:34:19Z,2026-09-26T08:37:40Z,5,211,INDIFFERENT,False
Fw9yKIZSaDw,Bandy the Rodeo Clown,Moe Bandy,Bandy the Rodeo Clown,2:53,173,2026-09-22T08:34:19Z,2026-09-22T08:34:19Z,1,241,INDIFFERENT,False
mI8PiGi17sw,Ol' Hank's Lovesick Blues,Gary Stewart,Battleground,3:07,187,2026-09-22T08:34:19Z,2026-09-22T08:34:19Z,1,246,INDIFFERENT,False
cFZ2hsqqt5A,Ballad of Thunder Road,Jim & Jesse,Y'all Come: The Essential Jim & Jesse,2:37,157,2026-09-22T08:34:19Z,2026-09-22T08:34:19Z,1,248,INDIFFERENT,False
GF729JIHb_A,"Willie, Waylon And Me",David Allan Coe,Greatest Hits,3:21,201,2026-09-22T08:34:19Z,2026-09-25T08:51:12Z,2,314,INDIFFERENT,False
3UmTdW3bncI,Body Language (feat. Sasha Keable),Ezra Collective,Body Language,4:03,243,2026-09-22T08:34:19Z,2026-09-22T08:34:19Z,1,264,INDIFFERENT,False
Yca5PX1zrK4,Verano en Cacaués,Fred Irie,Verano en Cacaués,4:16,256,2026-09-22T08:34:19Z,2026-09-22T08:34:19Z,1,265,INDIFFERENT,False
2Jf9WgtRXbg,Tears of the Earth,The Infamous Stringdusters,Silver Sky,4:29,269,2026-09-22T08:34:19Z,2026-09-22T08:34:19Z,1,266,INDIFFERENT,False
FEv6AvoZxEA,Semi-Happy,Jerry Reed,Texas Bound and Flyin',3:09,189,2026-09-22T08:34:19Z,2026-09-22T08:34:19Z,1,267,INDIFFERENT,False
tFRTlq7lMWU,SLOW POLKA,mbongeni nqomfe,SLOW POLKA,5:16,316,2026-09-22T08:34:19Z,2026-09-22T08:34:19Z,1,270,INDIFFERENT,False
SiPIXW-7JyI,Make-Up And Faded Blue Jeans,Merle Haggard,Back To The Barrooms,4:05,245,2026-09-22T08:34:19Z,2026-09-26T08:37:40Z,2,30,INDIFFERENT,False
GDr4jFRfHGU,I'd Probably Kill You,Greensky Bluegrass,Handguns,4:37,277,2026-09-22T08:34:19Z,2026-09-26T08:37:40Z,5,265,INDIFFERENT,False
mxk84TMAInM,If I Keep On Going Crazy,Mel McDaniel,I'm Countryfied,2:39,159,2026-09-22T08:34:19Z,2026-09-22T08:34:19Z,1,285,INDIFFERENT,False
ErAFvUgPGhw,Witty Fellow,Gerhard Trede,Archive Selection 1,2:21,141,2026-09-22T08:34:19Z,2026-09-22T08:34:19Z,1,302,INDIFFERENT,False
rQawUpHzvQs,Stillness in Time (Radio Edit),Jamiroquai,Stillness in Time,3:44,224,2026-09-22T08:34:19Z,2026-09-22T08:34:19Z,1,316,INDIFFERENT,False
DhDVxCvvsYY,Son Of A Preacher Man,Bobbie Gentry,Touch 'Em With Love,2:08,128,2026-09-22T08:34:19Z,2026-09-22T08:34:19Z,1,320,INDIFFERENT,False
35V-r47U8wg,Sugar Mama,Town Mountain,Steady Operator,3:22,202,2026-09-22T08:34:19Z,2026-09-26T08:37:40Z,5,262,INDIFFERENT,False
fnVHbv_kNRk,Slow Rollin' Low,Waylon Jennings,This Time,2:46,166,2026-09-22T08:34:19Z,2026-09-26T08:37:40Z,4,103,INDIFFERENT,False
7kX4RdwVIEk,A Hard Life Makes A Good Song,The Infamous Stringdusters,Laws of Gravity,3:50,230,2026-09-22T08:34:19Z,2026-09-23T08:36:35Z,2,20,INDIFFERENT,False
48eW3VL-95g,Truckin',Grateful Dead,American Beauty,5:07,307,2026-09-22T08:34:19Z,2026-09-25T08:51:12Z,2,412,INDIFFERENT,False
3hhaRz3BwUY,Upside Down (Candy Crush),Thundercat,Upside Down (Candy Crush),3:30,210,2026-09-22T08:34:19Z,2026-09-22T08:34:19Z,1,368,INDIFFERENT,False
3c7RHb2nkS0,Shape Up or Ship Out,"Junior Sisk, Ramblers Choice",The Mountains Are Calling Me Home,3:03,183,2026-09-22T08:34:19Z,2026-09-26T08:37:40Z,4,161,INDIFFERENT,False
LKPZ4Qjc07E,Quemada,"Orsso, Yeahman",Transborda,4:28,268,2026-09-22T08:34:19Z,2026-09-22T08:34:19Z,1,374,INDIFFERENT,False
KpRW6IGBAdo,Me And Bobby McGee (Single Version),Roger Miller,Roger Miller,4:04,244,2026-09-22T08:34:19Z,2026-09-24T08:29:18Z,3,431,INDIFFERENT,False
7LsSWSI4ffk,No Confusion (feat. Kojey Radical),Ezra Collective,Where I'm Meant To Be,3:15,195,2026-09-22T08:34:19Z,2026-09-24T08:29:18Z,3,39,INDIFFERENT,False
Q-ed91onS20,Warm Pavement,BrownHouse,BrownHouse room 16,3:12,192,2026-09-22T08:34:19Z,2026-09-22T08:34:19Z,1,397,INDIFFERENT,False
5kg0GaG_erY,Attitude Adjustment,"Hank Williams, Jr.",Major Moves,2:58,178,2026-09-22T08:34:19Z,2026-09-26T08:37:40Z,3,134,INDIFFERENT,False
U1aK3kKFjPA,"God, That's Good!","Angela Lansbury, Ken Jennings, Len Cariou, Original Broadway Cast of Sweeney Todd: The Demon Barber of Fleet Street",Sweeney Todd: The Demon Barber of Fleet Street (Original Broadway Cast Recording),6:28,388,2026-09-22T08:34:19Z,2026-09-22T08:34:19Z,1,421,INDIFFERENT,False
6oeKxOlDwQ4,Penn Station,"Felice County Fair, Old Crow Medicine Show",Penn Station,3:16,196,2026-09-21T08:58:47Z,2026-09-21T08:58:47Z,1,38,INDIFFERENT,False
C5zPHZ3i_FU,I Saw the Light,Todd Rundgren,Something / Anything?,3:01,181,2026-09-21T08:58:47Z,2026-09-21T08:58:47Z,1,129,INDIFFERENT,False
FdnXmKh070A,In the Jailhouse Now,Webb Pierce,Jailhouse Blues & Murder Ballads,2:06,126,2026-09-21T08:58:47Z,2026-09-21T08:58:47Z,1,137,INDIFFERENT,False
NbrB4B5FoBQ,Bloody Mary Morning,Willie Nelson,Phases And Stages,2:49,169,2026-09-21T08:58:47Z,2026-09-25T08:51:12Z,3,407,INDIFFERENT,False
wz7JbjQX2Ms,Country Gold,Hunter Quinn,Rambles,3:06,186,2026-09-21T08:58:47Z,2026-09-21T08:58:47Z,1,151,INDIFFERENT,False
OXjSljf3VYI,El Show del Perro Salchicha,Las Taradas,Son y Se Hacen,3:34,214,2026-09-21T08:58:47Z,2026-09-24T08:29:18Z,4,476,INDIFFERENT,False
QacclTKD9cY,Afternoon Soul,Gramatik,Coffee Shop Selection,4:16,256,2026-09-21T08:58:47Z,2026-09-21T08:58:47Z,1,173,INDIFFERENT,False
jOcCrvzqVnk,It's All Over Now (Mono Version),The Rolling Stones,12 X 5,3:27,207,2026-09-21T08:58:47Z,2026-09-21T08:58:47Z,1,233,INDIFFERENT,False
eEOFQfXYbBM,Rainbow Stew,Merle Haggard,"From The King To The Barrooms, The Ultimate Collection",2:50,170,2026-09-21T08:58:47Z,2026-09-26T08:37:40Z,3,299,INDIFFERENT,False
ZBEAZczuLBk,Tell Me,Fortunate Youth,Love For The Music,4:19,259,2026-09-21T08:58:47Z,2026-09-21T08:58:47Z,1,258,INDIFFERENT,False
ob6plxqu-vw,Dead Man's Bones,Howlin Jackson,Dead Man's Bones,4:16,256,2026-09-21T08:58:47Z,2026-09-21T08:58:47Z,1,288,INDIFFERENT,False
G6lvHDiSUls,You Got to Move,Dirtwire,,3:31,211,2026-09-21T08:58:47Z,2026-09-25T08:51:12Z,3,498,INDIFFERENT,False
tUBDC6taS0I,El Son Convidando (Instrumental),"Conjunto Guantanamo, Putumayo",Latin Dance Party by Putumayo,3:48,228,2026-09-21T08:58:47Z,2026-09-21T08:58:47Z,1,310,INDIFFERENT,False
UEG-HP1IjmU,Spirits,The Devil Makes Three,Spirits,3:39,219,2026-09-21T08:58:47Z,2026-09-21T08:58:47Z,1,335,INDIFFERENT,False
vzd_DfGGx0I,The Ballad Of John And Yoko (Remastered 2009),The Beatles,The Beatles 1967 - 1970,3:02,182,2026-09-21T08:58:47Z,2026-09-21T08:58:47Z,1,363,INDIFFERENT,False
sYu3e6XtjH8,Don't The Girls All Get Prettier At Closing Time,Mickey Gilley,Ten Years Of Hits,2:58,178,2026-09-21T08:58:47Z,2026-09-26T08:37:40Z,4,78,INDIFFERENT,False
Ogq_A6LmVZg,The Sadder-But-Wiser Girl For Me,Robert Preston,The Music Man (Original Broadway Cast),1:42,102,2026-09-21T08:58:47Z,2026-09-25T08:51:12Z,4,443,INDIFFERENT,False
kbYfu3AV9Lg,Intensity,"Liniker, Sofi Tukker",butter,3:15,195,2026-09-21T08:58:47Z,2026-09-21T08:58:47Z,1,391,INDIFFERENT,False
w3fRBzRngdc,You Ain't Seen Nothing Yet,Bachman-Turner Overdrive,Not Fragile,3:55,235,2026-09-21T08:58:47Z,2026-09-21T08:58:47Z,1,402,INDIFFERENT,False
_l6LBIK6y5s,Cracker Jack,Dolly Parton,Jolene (Expanded Edition),3:12,192,2026-09-21T08:58:47Z,2026-09-21T08:58:47Z,1,409,INDIFFERENT,False
9WPmR8AGKI8,Can't You See,Hank Williams Jr.,"Hank Williams, Jr. & Friends",4:42,282,2026-09-21T08:58:47Z,2026-09-24T08:29:18Z,3,333,INDIFFERENT,False
CZnvHyS0gMg,A Song I'd Like To Sing,"Kris Kristofferson, Rita Coolidge",Full Moon,4:02,242,2026-09-21T08:58:47Z,2026-09-24T08:29:18Z,3,129,INDIFFERENT,False
cJHvvuADhDA,He Reigns,Newsboys,Adoration,4:56,296,2026-09-21T08:58:47Z,2026-09-21T08:58:47Z,1,438,INDIFFERENT,False
eVHqPwJawFM,"Monks Chant / He Is Not Dead Yet (From ""Spamalot"" Original Broadway Cast Recording)","Christian Borle, David Hyde Pierce, Ensemble, Hank Azaria",Monty Python's Spamalot (Original Broadway Cast Recording / 20th Anniversary Edition),2:52,172,2026-09-21T08:58:47Z,2026-09-26T08:37:40Z,2,479,INDIFFERENT,False
DpZ660VTdcM,Shipoopi,"Iggie Wolfington, Original Broadway Cast Of The Music Man",The Music Man (Original Broadway Cast),2:12,132,2026-09-21T08:58:47Z,2026-09-26T08:37:40Z,3,469,INDIFFERENT,False
k2wO2vNuRr4,I'm So Blessed,CAIN,Rise Up,2:56,176,2026-09-21T08:58:47Z,2026-09-21T08:58:47Z,1,467,INDIFFERENT,False
-Xw7yNnszZI,I Magliari (Boogie Woogie),Piero Piccioni,I Magliari - The Swindlers (Original Motion Picture Soundtrack),2:37,157,2026-09-21T08:58:47Z,2026-09-21T08:58:47Z,1,475,INDIFFERENT,False
DudsVrzXlwY,Finders Keepers,Martí Brom,"The Best of Ripsaw Records, Vol. 1",2:20,140,2026-09-21T08:58:47Z,2026-09-26T08:37:40Z,4,149,INDIFFERENT,False
th4FMmNQpAk,Everyone's a Little Bit Racist,"John Tartaglia, Jordan Gelber, Natalie Venetia Belcon, Stephanie D'Abruzzo",Avenue Q (Original Broadway Cast Recording),5:28,328,2026-09-21T08:58:47Z,2026-09-21T08:58:47Z,1,479,INDIFFERENT,False
A4B6FX2mSe8,You're the Top,"Colin Donnell, Sutton Foster",Anything Goes (New Broadway Cast Recording),5:02,302,2026-09-21T08:58:47Z,2026-09-21T08:58:47Z,1,481,INDIFFERENT,False
T_gcxqrFNXU,Prologue (Little Shop Of Horrors),"Bill Mitchell, Michelle Weeks, Tichina Arnold, Tisha Campbell",Little Shop Of Horrors (Original Motion Picture Soundtrack),3:29,209,2026-09-21T08:58:47Z,2026-09-26T08:37:40Z,2,435,INDIFFERENT,False
VfBuIxMw67c,Manu,El Búho,Natura Sonora,4:38,278,2026-09-21T08:58:47Z,2026-09-21T08:58:47Z,1,492,INDIFFERENT,False
7yfBBD2CH8Y,Help!,Dolly Parton,Great Balls Of Fire,2:45,165,2026-09-21T08:58:47Z,2026-09-21T08:58:47Z,1,493,INDIFFERENT,False
A4fnJLZnzJo,Ya Got Trouble / Seventy-Six Trombones,Robert Preston,The Music Man (Original Soundtrack),2:51,171,2026-09-21T08:58:47Z,2026-09-21T08:58:47Z,1,499,INDIFFERENT,False
sJP-iuBJdWQ,"Texas Bound and Flyin' (from the Motion Picture ""Smokey and the Bandit II"")",Jerry Reed,Texas Bound and Flyin',3:21,201,2026-09-21T08:58:47Z,2026-09-21T08:58:47Z,1,500,INDIFFERENT,False
_WO1PGuN6bE,I'm a Ramblin' Man,Waylon Jennings,The Ramblin' Man,2:47,167,2026-09-20T08:37:04Z,2026-09-26T08:37:40Z,4,202,LIKE,True
DzQERSDGZ5s,I Been to Georgia on a Fast Train,Commander Cody And His Lost Planet Airmen,Tales From The Ozone (US Internet Release),2:48,168,2026-09-20T08:37:04Z,2026-09-20T08:37:04Z,1,4,INDIFFERENT,False
QRHjQJMMeig,Drinkin' and Drivin',Johnny Paycheck,Biggest Hits,3:03,183,2026-09-20T08:37:04Z,2026-09-26T08:37:40Z,6,47,INDIFFERENT,False
dbCKt_gcuGA,"Tell Ole I Ain't Here, He Better Get On Home","Joe Stampley, Moe Bandy",Just Good Ol' Boys,2:25,145,2026-09-20T08:37:04Z,2026-09-26T08:37:40Z,6,49,INDIFFERENT,False
8Goxw7VgxfA,I Feel Fine (Remastered 2009),The Beatles,The Beatles 1962 - 1966,2:21,141,2026-09-20T08:37:04Z,2026-09-26T08:37:40Z,3,120,INDIFFERENT,False
dIO0m2AgbTw,That's Right (You're Not From Texas),Lyle Lovett,The Road To Ensenada,4:55,295,2026-09-20T08:37:04Z,2026-09-20T08:37:04Z,1,45,INDIFFERENT,False
fsHEfTOZW58,I Love My Truck,Glen Campbell,Super Hits,2:59,179,2026-09-20T08:37:04Z,2026-09-26T08:37:40Z,6,89,INDIFFERENT,False
bQRev7fml5c,Am I Gonna Have to Burn Atlanta Down,Ed Bruce,The Tennessean,2:30,150,2026-09-20T08:37:04Z,2026-09-26T08:37:40Z,7,17,INDIFFERENT,False
A-1uXKxQUYQ,I Don’t Wanna,Caravan of Thieves,The Funhouse,3:08,188,2026-09-20T08:37:04Z,2026-09-26T08:37:40Z,6,349,INDIFFERENT,False
ByVYVvnYOiw,Flowers On The Wall,The Statler Brothers,The Best Of The Statler Brothers,2:28,148,2026-09-20T08:37:04Z,2026-09-20T08:37:04Z,1,76,INDIFFERENT,False
BEd7IsO_hi0,I Gotta Get Drunk,"George Jones, Willie Nelson",Walking the Line,2:10,130,2026-09-20T08:37:04Z,2026-09-26T08:37:40Z,7,410,INDIFFERENT,False
58GyD6Py3Ps,Budapest,The Stolen Sweets,Budapest,3:11,191,2026-09-20T08:37:04Z,2026-09-26T08:37:40Z,6,339,INDIFFERENT,False
Ugyq_IOn09A,Slurf Song,"Jeffrey Frederick & The Clamtones, Michael Hurley, Unholy Modal Rounders",Have Moicy!,3:19,199,2026-09-20T08:37:04Z,2026-09-21T08:58:47Z,2,463,INDIFFERENT,False
y4T5yCfDZtY,Back On My Mind Again,Ronnie Milsap,Only One Love In My Life,3:16,196,2026-09-20T08:37:04Z,2026-09-26T08:37:40Z,7,250,INDIFFERENT,False
ZoEidrMac2o,Shine,Waylon Jennings,Black On Black,2:52,172,2026-09-20T08:37:04Z,2026-09-21T08:58:47Z,2,488,INDIFFERENT,False
BhVq4Pgwn8s,Rooster Jones,Jerry Reed,Both Barrels,2:18,138,2026-09-20T08:37:04Z,2026-09-22T08:34:19Z,3,136,INDIFFERENT,False
PpEEmLjRZ5Y,I'm the Only Hell (Mama Ever Raised),Johnny Paycheck,Slide off Your Satin Sheets,3:10,190,2026-09-20T08:37:04Z,2026-09-26T08:37:40Z,7,154,INDIFFERENT,False
POQSe33WQ58,Nine Pound Hammer,"Earl Scruggs, Lester Flatt",Folk Songs Of Our Land,2:26,146,2026-09-20T08:37:04Z,2026-09-20T08:37:04Z,1,116,INDIFFERENT,False
YvFMH3QWQcw,King Of The Road,Roger Miller,Kings & Queens Of Country,2:26,146,2026-09-20T08:37:04Z,2026-09-26T08:37:40Z,3,304,INDIFFERENT,False
A2z6i54d7m4,There Ain't No Good Chain Gang,Johnny Cash,The Legend,3:17,197,2026-09-20T08:37:04Z,2026-09-26T08:37:40Z,5,217,INDIFFERENT,False
m2-HKlTuoqg,The Race Is On,George Jones,All-Time Greatest Hits Vol. 1,2:16,136,2026-09-20T08:37:04Z,2026-09-23T08:36:35Z,3,243,INDIFFERENT,False
kjLDPgPJLrc,Welfare Line,The Highwaymen,Highwayman,2:35,155,2026-09-20T08:37:04Z,2026-09-26T08:37:40Z,7,215,INDIFFERENT,False
KP1-ItXU-bU,Family Tradition,"Hank Williams, Jr.",Family Tradition,4:03,243,2026-09-20T08:37:04Z,2026-09-20T08:37:04Z,1,135,INDIFFERENT,False
Frf9rUH6ruA,We Got A Bad Thing Goin',Gene Watson,Between This Time And The Next Time,2:45,165,2026-09-20T08:37:04Z,2026-09-26T08:37:40Z,7,99,INDIFFERENT,False
Z04r2p-hHEY,"Readin', Rightin', Rt. 23",Dwight Yoakam,Hillbilly Deluxe,3:34,214,2026-09-20T08:37:04Z,2026-09-26T08:37:40Z,7,156,INDIFFERENT,False
q2CVDUIlsqA,Guitar Town,Steve Earle,Guitar Town,2:36,156,2026-09-20T08:37:04Z,2026-09-26T08:37:40Z,6,189,INDIFFERENT,False
_sh_m3tMtTA,"Willie, Waylon and Me",David Allan Coe,David Allan Coe - 16 Biggest Hits,3:13,193,2026-09-20T08:37:04Z,2026-09-26T08:37:40Z,4,146,INDIFFERENT,False
3tApfBdTvOg,(Is Anybody Going To) San Antone [Single Version],Doug Sahm,The Best Of Doug Sahm's Atlantic Sessions,3:10,190,2026-09-20T08:37:04Z,2026-09-26T08:37:40Z,7,239,INDIFFERENT,False
g0MNk00far8,Maximum Living On A Minimum Wage,Mel McDaniel,Naturally Country,2:58,178,2026-09-20T08:37:04Z,2026-09-26T08:37:40Z,7,222,INDIFFERENT,False
PVjXYjyxWTg,Leaving Louisiana In The Broad Daylight,The Oak Ridge Boys,The Oak Ridge Boys Have Arrived,3:00,180,2026-09-20T08:37:04Z,2026-09-26T08:37:40Z,4,100,INDIFFERENT,False
PcCm0lcktUo,Time Bomb,Rancid,...And Out Come The Wolves,2:25,145,2026-09-20T08:37:04Z,2026-09-20T08:37:04Z,1,169,INDIFFERENT,False
OGRBu-27YCU,Wild and Blue,John Anderson,Wild And Blue,2:51,171,2026-09-20T08:37:04Z,2026-09-26T08:37:40Z,7,225,INDIFFERENT,False
nhXT0fUx06Y,Clyde,Waylon Jennings,Music Man,2:42,162,2026-09-20T08:37:04Z,2026-09-23T08:36:35Z,4,289,INDIFFERENT,False
27nelE9BuHo,Don't You Think This Outlaw Bit's Done Got out of Hand,Waylon Jennings,I've Always Been Crazy,2:59,179,2026-09-20T08:37:04Z,2026-09-24T08:29:18Z,3,123,INDIFFERENT,False
KDPy74YoA_s,Working Man Blues,Merle Haggard,A Portrait Of,2:38,158,2026-09-20T08:37:04Z,2026-09-26T08:37:40Z,4,308,INDIFFERENT,False
ENt3-lCCBxA,Backwoods Barbie,Dolly Parton,Backwoods Barbie,3:22,202,2026-09-20T08:37:04Z,2026-09-20T08:37:04Z,1,209,INDIFFERENT,False
lNSW6oo8eVI,Cajun Baby,Hank Williams Jr.,Living Proof: The MGM Recordings 1963 - 1975,2:42,162,2026-09-20T08:37:04Z,2026-09-26T08:37:40Z,6,126,INDIFFERENT,False
AVzooGQNaO8,Jackson,"Johnny Cash, June Carter Cash",Carryin' On With Johnny Cash And June Carter,2:46,166,2026-09-20T08:37:04Z,2026-09-20T08:37:04Z,1,215,INDIFFERENT,False
NRIuW-ISJaI,Haunted House,John Anderson,All The People Are Talkin',3:14,194,2026-09-20T08:37:04Z,2026-09-26T08:37:40Z,6,150,INDIFFERENT,False
4RIaXt3fJWw,Take This job And Shove It,Johnny Paycheck,Biggest Hits,2:36,156,2026-09-20T08:37:04Z,2026-09-20T08:37:04Z,1,217,INDIFFERENT,False
1cGeNhPVr3s,On The Road Again,Willie Nelson,Country Super Hits,2:33,153,2026-09-20T08:37:04Z,2026-09-20T08:37:04Z,1,219,INDIFFERENT,False
Lumg9Q4ubSg,Are You Sure Hank Done It This Way,"Hank Williams, Jr.",Rowdy,3:06,186,2026-09-20T08:37:04Z,2026-09-24T08:29:18Z,5,222,INDIFFERENT,False
Z675V_b1jD8,Hillbilly Highway,Steve Earle,Guitar Town,3:39,219,2026-09-20T08:37:04Z,2026-09-26T08:37:40Z,7,84,INDIFFERENT,False
bjA4NjXkSio,Merle and Me,David Allan Coe,Compass Point,3:40,220,2026-09-20T08:37:04Z,2026-09-26T08:37:40Z,7,223,INDIFFERENT,False
XCylJvbcaGM,Big Ole Brew,Mel McDaniel,Greatest Hits,2:48,168,2026-09-20T08:37:04Z,2026-09-26T08:37:40Z,6,58,INDIFFERENT,False
06djV1MTHjg,Walkin' My Cat Named Dog,Norma Tanega,Walkin' My Cat Named Dog,2:19,139,2026-09-20T08:37:04Z,2026-09-22T08:34:19Z,3,307,INDIFFERENT,False
j8_T1jLNHN0,Don't the Girls All Get Prettier At Closing Time,Mickey Gilley,Urban Cowboy,3:01,181,2026-09-20T08:37:04Z,2026-09-24T08:29:18Z,3,80,INDIFFERENT,False
oE-VGAaAl7I,Watermelon Time In Georgia,Levon Helm,American Son,3:53,233,2026-09-20T08:37:04Z,2026-09-26T08:37:40Z,7,184,INDIFFERENT,False
7s5cXYAfumE,Going up the Country,Kitty Daisy & Lewis,"Kitty, Daisy & Lewis",3:18,198,2026-09-20T08:37:04Z,2026-09-21T08:58:47Z,2,66,INDIFFERENT,False
IPlegLj2tgw,High Time (You Quit Your Lowdown Ways),Waylon Jennings,Dreaming My Dreams,2:44,164,2026-09-20T08:37:04Z,2026-09-26T08:37:40Z,4,6,INDIFFERENT,False
CEK8TtQLq4A,"Caffein, Nicotine, Benzedrine (And Wish Me Luck)",Jerry Reed,Texas Bound and Flyin',2:27,147,2026-09-20T08:37:04Z,2026-09-20T08:37:04Z,1,290,INDIFFERENT,False
OJL-EMQvFpI,Ramblin' In My Shoes,"Hank Williams, Jr.",The Pressure Is On,3:14,194,2026-09-20T08:37:04Z,2026-09-26T08:37:40Z,6,234,INDIFFERENT,False
IoHbm41io_A,Laid Back Country Picker,Waylon Jennings,"Lonesome, On'ry & Mean (Expanded Edition)",3:14,194,2026-09-20T08:37:04Z,2026-09-25T08:51:12Z,3,2,INDIFFERENT,False
Uwh-jIUymMQ,You Never Can Tell (C'est La Vie),"Jessi Colter, Waylon Jennings",Leather and Lace,3:17,197,2026-09-20T08:37:04Z,2026-09-20T08:37:04Z,1,303,INDIFFERENT,False
RYkAmTx8fgE,Oney,Johnny Cash,Any Old Wind That Blows,3:06,186,2026-09-20T08:37:04Z,2026-09-26T08:37:40Z,5,323,INDIFFERENT,False
NUBflOTXKsU,Roll Me Up,"Jamey Johnson, Kris Kristofferson, Snoop Dogg, Willie Nelson",Heroes,3:26,206,2026-09-20T08:37:04Z,2026-09-20T08:37:04Z,1,309,INDIFFERENT,False
muqkIgQC3CQ,(I'm Just a) Redneck In a Rock and Roll Bar,Jerry Reed,Rides Again,2:48,168,2026-09-20T08:37:04Z,2026-09-20T08:37:04Z,1,310,INDIFFERENT,False
QYsp6fUyhaw,I'm A White Boy,"Merle Haggard, The Strangers",A Working Man Can't Get Nowhere,2:05,125,2026-09-20T08:37:04Z,2026-09-24T08:29:18Z,3,325,INDIFFERENT,False
bFfTK2n-u9A,Sueño de planta,Lagartijeando,El Gran Poder,3:02,182,2026-09-20T08:37:04Z,2026-09-24T08:29:18Z,3,401,INDIFFERENT,False
oMAKMl3amO8,Tennessee River,"Hank Williams, Jr.",Rowdy,3:07,187,2026-09-20T08:37:04Z,2026-09-26T08:37:40Z,7,313,INDIFFERENT,False
71wqzRoWSyg,Drunk and Crazy,Bobby Bare,Drunk & Crazy,3:02,182,2026-09-20T08:37:04Z,2026-09-26T08:37:40Z,6,354,INDIFFERENT,False
nv_N5l-qzWo,Lonesome Yodel Blues,The Delmore Brothers,Alton & Rabon,2:38,158,2026-09-20T08:37:04Z,2026-09-21T08:58:47Z,2,471,INDIFFERENT,False
txMhvKgFcw8,Del Rio Boogie,Wayne Raney,That Real Hot Boogie Boy - The King Anthology,2:46,166,2026-09-20T08:37:04Z,2026-09-21T08:58:47Z,2,491,INDIFFERENT,False
IzDkIXxQBXU,Lately I've Been Thinking Too Much Lately,David Allan Coe,Greatest Hits,3:21,201,2026-09-20T08:37:04Z,2026-09-26T08:37:40Z,7,80,INDIFFERENT,False
o2r5Ya-gWQA,Fit to Kill and Going Out In Style,Billy Joe Shaver,I'm Just an Old Chunk of Coal...But I'm Gonna Be a Diamond Someday,2:49,169,2026-09-20T08:37:04Z,2026-09-26T08:37:40Z,6,351,INDIFFERENT,False
xXKqAcw6YeE,(Stay Away From) The Cocaine Train,Johnny Paycheck,The Essential Johnny Paycheck,3:09,189,2026-09-20T08:37:04Z,2026-09-26T08:37:40Z,6,227,INDIFFERENT,False
xnu-F9q7s_g,White Lightnin' (feat. Mark Knopfler),George Jones,Bradley Barn Sessions,3:32,212,2026-09-20T08:37:04Z,2026-09-26T08:37:40Z,7,185,INDIFFERENT,False
kcvfOQeqmKs,"Baby, I'm In The Mood For You",Odetta,Odetta Sings Dylan,2:49,169,2026-09-20T08:37:04Z,2026-09-21T08:58:47Z,2,378,INDIFFERENT,False
0Fohoawphzw,Uneasy Rider '88,The Charlie Daniels Band,Homesick Heroes,4:25,265,2026-09-20T08:37:04Z,2026-09-26T08:37:40Z,5,191,INDIFFERENT,False
GaH25Sghoqc,Reelin' In The Years,Steely Dan,Can't Buy A Thrill,4:36,276,2026-09-20T08:37:04Z,2026-09-20T08:37:04Z,1,358,INDIFFERENT,False
VWKlgSURWYs,"Genesis, pt. iii",RAYE,Genesis.,2:23,143,2026-09-20T08:37:04Z,2026-09-26T08:37:40Z,3,429,INDIFFERENT,False
eIY-_CbLfEE,Ridin' Old Paint,Patsy Montana,Presenting Patsy Montana,2:55,175,2026-09-20T08:37:04Z,2026-09-24T08:29:18Z,3,481,INDIFFERENT,False
SUYMcSxggpk,I Ain't Living Long Like This,Rodney Crowell,Ain't Living Long Like This,5:05,305,2026-09-20T08:37:04Z,2026-09-26T08:37:40Z,6,327,INDIFFERENT,False
onULCwS0MTI,Please Go Easy With Me,S.E. Rogie,The Sounds of S.E. Rogie,3:21,201,2026-09-20T08:37:04Z,2026-09-26T08:37:40Z,7,422,INDIFFERENT,False
CB-9FchV7mA,Heartaches By The Number,Ray Price,"Grand Old Country, Vol. 6",2:59,179,2026-09-20T08:37:04Z,2026-09-24T08:29:18Z,4,462,INDIFFERENT,False
kVoctNl4n00,Back In the Saddle Again,Gene Autry,"Always Your Pal, Gene Autry",2:45,165,2026-09-20T08:37:04Z,2026-09-21T08:58:47Z,2,133,INDIFFERENT,False
d0_d21qzTvQ,The King of Names,"Peter, Paul and Mary","Peter, Paul and Mary Album",4:10,250,2026-09-20T08:37:04Z,2026-09-20T08:37:04Z,1,381,INDIFFERENT,False
6ccJ-rnZgj0,Brown Eyed Handsome Man,Waylon Jennings,The Lost Nashville Sessions,2:44,164,2026-09-20T08:37:04Z,2026-09-20T08:37:04Z,1,395,INDIFFERENT,False
CYXOliWGLMQ,I Think I'll Just Stay Here And Drink,Merle Haggard,Back To The Barrooms,4:32,272,2026-09-20T08:37:04Z,2026-09-20T08:37:04Z,1,403,INDIFFERENT,False
65fFu7MgJKA,I'm A Lone Gone Daddy,"Hank Williams, Hank Williams III, Hank Williams, Jr., Hank Williams and Hank Williams III",Men With Broken Hearts,2:56,176,2026-09-20T08:37:04Z,2026-09-20T08:37:04Z,1,413,INDIFFERENT,False
O6IxU_CRf_E,A Working Man Can't Get Nowhere Today,Merle Haggard,A Working Man Can't Get Nowhere,2:57,177,2026-09-20T08:37:04Z,2026-09-26T08:37:40Z,5,106,INDIFFERENT,False
k2ys_DOZfl8,Beer:30,Johnny Paycheck,Beer:30,2:51,171,2026-09-20T08:37:04Z,2026-09-26T08:37:40Z,4,324,INDIFFERENT,False
r4AgUo33zvk,A Week In A Country Jail,Tom T. Hall,Tom T. Hall's Greatest Hits,3:06,186,2026-09-20T08:37:04Z,2026-09-26T08:37:40Z,3,321,INDIFFERENT,False
nxjvo4BRf-Y,Box of Rain,Grateful Dead,American Beauty,5:19,319,2026-09-20T08:37:04Z,2026-09-20T08:37:04Z,1,424,INDIFFERENT,False
Fr_gHeOtyZc,Old Mountain Dew,The Delmore Brothers,"Old Country Songs from Down On the Farm, Vol. 2",2:35,155,2026-09-20T08:37:04Z,2026-09-21T08:58:47Z,2,337,INDIFFERENT,False
tJPCju7Ek5E,Why You Been Gone So Long,David Allan Coe,"Darlin', Darlin'",4:19,259,2026-09-20T08:37:04Z,2026-09-26T08:37:40Z,6,427,INDIFFERENT,False
yLNc-sZ_6V0,Don't Get Above Your Raising,Ricky Skaggs,16 Biggest Hits,3:07,187,2026-09-20T08:37:04Z,2026-09-26T08:37:40Z,7,338,INDIFFERENT,False
MsgDog5caSY,Back To The Hills Of Home,Carson Peters and Iron Mountain,Gotta Lotta Lonesome,3:01,181,2026-09-20T08:37:04Z,2026-09-25T08:51:12Z,6,197,INDIFFERENT,False
r6ptTOsxBp8,The Good Stuff,Old Crow Medicine Show,Volunteer,2:43,163,2026-09-20T08:37:04Z,2026-09-26T08:37:40Z,2,463,INDIFFERENT,False
HrLyfN421GU,"Up Against The Wall, Red Neck (Live In Luckenbach, TX/1973)",Jerry Jeff Walker,20th Century Masters: The Best Of Jerry Jeff Walker - The Millennium Collection,4:18,258,2026-09-20T08:37:04Z,2026-09-26T08:37:40Z,6,434,INDIFFERENT,False
0DGkuXPPg_Q,Atmetalegnem Woi,"Hailu Mergia, The Walias",Tezeta,3:40,220,2026-09-20T08:37:04Z,2026-09-25T08:51:12Z,5,55,INDIFFERENT,False
9fwLdcg7Mao,My Last Drink Of Wine,Charley Crockett,Age of the Ram,3:21,201,2026-09-20T08:37:04Z,2026-09-26T08:37:40Z,5,378,INDIFFERENT,False
3MSYrswhAvg,Chains Are Broken,The Devil Makes Three,Chains Are Broken,3:19,199,2026-09-20T08:37:04Z,2026-09-24T08:29:18Z,4,339,INDIFFERENT,False
u0adIDNVl3c,I Think I'm Gonna Kill Myself,Waylon Jennings,Ol' Waylon,2:24,144,2026-09-20T08:37:04Z,2026-09-20T08:37:04Z,1,475,INDIFFERENT,False
LpugbSyGVwc,"""44""",Jerry Reed,The Man with the Golden Thumb,3:56,236,2026-09-20T08:37:04Z,2026-09-26T08:37:40Z,5,405,INDIFFERENT,False
ZBJhSSNhmn4,Almendra,Tito Puente,Mucho Puente,2:44,164,2026-09-20T08:37:04Z,2026-09-21T08:58:47Z,2,277,INDIFFERENT,False
XB6nImjKOi4,Serra Nene,Cardinal Rex Jim Lawson,Rex Lawson's Greatest Hits,3:07,187,2026-09-20T08:37:04Z,2026-09-25T08:51:12Z,4,475,INDIFFERENT,False
nhtNKOkV22o,Why'd You Come in Here Lookin' Like That,Dolly Parton,White Limozeen,2:33,153,2026-09-20T08:37:04Z,2026-09-25T08:51:12Z,2,323,INDIFFERENT,False
hhr8WFk1IKE,Miniature Disasters,KT Tunstall,False Alarm EP,3:28,208,2026-09-20T08:37:04Z,2026-09-26T08:37:40Z,5,286,INDIFFERENT,False
VNK3WPgHzTg,Islands in the Stream,"Dolly Parton, Kenny Rogers",,4:11,251,2026-09-19T08:04:47Z,2026-09-20T08:37:04Z,2,476,INDIFFERENT,False
FA5ZeaaQWjY,The Odd Couple,The TV Theme Players,Tv Theme Songs of the Past,1:17,77,2026-09-19T08:04:47Z,2026-09-19T08:04:47Z,1,13,INDIFFERENT,False
T8s-iX_N63w,It's a Lovely Day Today,The Midland Radio Orchestra,Muzak (Music of the 80's),2:45,165,2026-09-19T08:04:47Z,2026-09-19T08:04:47Z,1,32,INDIFFERENT,False
Y-zhTlOcAMU,Wonderland Romance,"Gerhard Trede, THE GERHARD TREDE FILM ORCHESTRA","Archival, Vol. 5: Newsreel 2",3:07,187,2026-09-19T08:04:47Z,2026-09-19T08:04:47Z,1,50,INDIFFERENT,False
6k9d1C2ku0c,Scoobidoo Love,Choir and Orchestra Charlie Steinmann,Singin' Easy,2:39,159,2026-09-19T08:04:47Z,2026-09-19T08:04:47Z,1,75,INDIFFERENT,False
fSjH_GDJtYE,Klaymen Shuffle,Terry Scott Taylor,"Imaginarium, Vol. 1 (Songs from the Neverhood) [Original Video Game Soundtrack]",1:45,105,2026-09-19T08:04:47Z,2026-09-19T08:04:47Z,1,91,INDIFFERENT,False
NBXYKmuPRTg,La Línea del Río,Rumbo Tumba,Madera Sur,3:08,188,2026-09-19T08:04:47Z,2026-09-19T08:04:47Z,1,103,INDIFFERENT,False
IR9MKhEwn48,Mule Skinner Blues (Blue Yodel No. 8),Dolly Parton,The Essential Dolly Parton,3:09,189,2026-09-19T08:04:47Z,2026-09-19T08:04:47Z,1,108,INDIFFERENT,False
7sznJlIgUJI,It's You,The Buffalo Bills,The Music Man (Original Broadway Cast),1:25,85,2026-09-19T08:04:47Z,2026-09-26T08:37:40Z,3,291,INDIFFERENT,False
kk8tFtdHqtw,Where Did Our Love Go,The Supremes,Where Did Our Love Go,2:34,154,2026-09-19T08:04:47Z,2026-09-19T08:04:47Z,1,133,INDIFFERENT,False
CBVO9U1JYNY,Me dejo llevar,"Pahua, Sotomayor, Tonga Conga",WABI SABI,4:25,265,2026-09-19T08:04:47Z,2026-09-21T08:58:47Z,2,106,INDIFFERENT,False
e5SUh1OmnOY,Low Rider,War (band),Modern Art of Music: The Best Dance Album,3:14,194,2026-09-19T08:04:47Z,2026-09-19T08:04:47Z,1,169,INDIFFERENT,False
gHVVnVKCq9I,La Cumbia de la Muerte,Lagartijeando,La Tercera Vision,4:20,260,2026-09-19T08:04:47Z,2026-09-21T08:58:47Z,2,304,INDIFFERENT,False
7XV6LqSN4m4,Magic // I Get It,Freak Slug,I'm In Love,3:01,181,2026-09-19T08:04:47Z,2026-09-19T08:04:47Z,1,223,INDIFFERENT,False
i_hQvDt9Lyc,The Flower Called Nowhere,Stereolab,Dots And Loops,5:16,316,2026-09-19T08:04:47Z,2026-09-19T08:04:47Z,1,240,INDIFFERENT,False
3LTKl7jyk_g,Blue Railroad Train,The Delmore Brothers,Epic Americana,3:00,180,2026-09-19T08:04:47Z,2026-09-19T08:04:47Z,1,291,INDIFFERENT,False
8UoBAFxlBPw,"March (From ""A Clockwork Orange"")",Mark Ayres,Kubrick,5:39,339,2026-09-19T08:04:47Z,2026-09-19T08:04:47Z,1,296,INDIFFERENT,False
RMhMd9OWWi4,El Buho  - Pescado Negro,Le Cyclone,,4:03,243,2026-09-19T08:04:47Z,2026-09-19T08:04:47Z,1,303,INDIFFERENT,False
s4bnZ3TvHcw,My Blue Tears,Dolly Parton,Coat Of Many Colors,2:18,138,2026-09-19T08:04:47Z,2026-09-23T08:36:35Z,3,312,INDIFFERENT,False
sKzvEThmqxE,What Is Life,George Harrison,All Things Must Pass,4:25,265,2026-09-19T08:04:47Z,2026-09-19T08:04:47Z,1,309,INDIFFERENT,False
dapZpLzUoUc,Crawlspace Polka,Freshman Biology,Crawlspace,3:57,237,2026-09-19T08:04:47Z,2026-09-19T08:04:47Z,1,345,INDIFFERENT,False
D5Bu8CkITtk,Fresh,Kool & The Gang,Emergency,4:27,267,2026-09-19T08:04:47Z,2026-09-19T08:04:47Z,1,360,INDIFFERENT,False
tZ6jKLa3yUY,Hard to Kill,Bleached,Don’t You Think You’ve Had Enough?,3:27,207,2026-09-19T08:04:47Z,2026-09-19T08:04:47Z,1,392,INDIFFERENT,False
32Oc2d_3yEk,Take It Easy,Eagles,Eagles,3:32,212,2026-09-19T08:04:47Z,2026-09-26T08:37:40Z,3,342,INDIFFERENT,False
_qLrcTzUkGo,Razzle Dazzle,"Ensemble - Broadway Cast of Chicago The Musical (1997), James Naughton",Chicago The Musical (New Broadway Cast Recording (1997)),4:19,259,2026-09-19T08:04:47Z,2026-09-26T08:37:40Z,5,392,INDIFFERENT,False
LQjMCKq87N0,Coat of Many Colors,Dolly Parton,Coat Of Many Colors,3:04,184,2026-09-19T08:04:47Z,2026-09-21T08:58:47Z,2,205,INDIFFERENT,False
2CzwSCuIa0o,Ebb and Flow,Larry and His Flask,All That We Know,5:04,304,2026-09-19T08:04:47Z,2026-09-19T08:04:47Z,1,416,INDIFFERENT,False
DknZK7LgeUI,unhappy (remix),"Yopo, s0rrow",unhappy (remix),2:12,132,2026-09-19T08:04:47Z,2026-09-19T08:04:47Z,1,421,INDIFFERENT,False
QhAt4RdROok,Dusty Old Dust (So Long It's Been Good to Know Yuh),Woody Guthrie,Dust Bowl Ballads,3:06,186,2026-09-19T08:04:47Z,2026-09-26T08:37:40Z,8,111,INDIFFERENT,False
UldKkstNtT0,Ok-Oyot System,Extra Golden,Ok-Oyot System,6:23,383,2026-09-19T08:04:47Z,2026-09-24T08:29:18Z,2,488,INDIFFERENT,False
jdXhiow0a3k,To Life,"""Fiddler On The Roof” Motion Picture Chorus, Chaim Topol, John Williams, Paul Mann",Fiddler On The Roof (Original Motion Picture Soundtrack),6:15,375,2026-09-19T08:04:47Z,2026-09-23T08:36:35Z,2,480,INDIFFERENT,False
pl0q1x7nRf8,Baby I'm Burnin',Dolly Parton,Heartbreaker,2:37,157,2026-09-18T08:16:45Z,2026-09-18T08:16:45Z,1,8,INDIFFERENT,False
moMwnKohZSo,Here I Go Again,The Sextones,Here I Go Again,2:32,152,2026-09-18T08:16:45Z,2026-09-26T08:37:40Z,9,95,INDIFFERENT,False
sCkOg5h0ewI,Hold On,Sons Of The East,Hold On,3:51,231,2026-09-18T08:16:45Z,2026-09-18T08:16:45Z,1,49,INDIFFERENT,False
IgpY6GrCLPk,What To Make Of Me,Olive Klug,Taking Punches From The Breeze,2:58,178,2026-09-18T08:16:45Z,2026-09-22T08:34:19Z,2,86,INDIFFERENT,False
JRXOlEVzpV0,Curses,The Crane Wives,Foxlore,3:49,229,2026-09-18T08:16:45Z,2026-09-18T08:16:45Z,1,80,INDIFFERENT,False
lQJyChiuuqs,Southern Star,Brent Cobb,Southern Star,3:07,187,2026-09-18T08:16:45Z,2026-09-18T08:16:45Z,1,84,INDIFFERENT,False
5XVdgcxDXjo,"Camp Granada (Hello Muddah, Hello Fadduh)",Allan Sherman,My Son The Nut,2:55,175,2026-09-18T08:16:45Z,2026-09-19T08:04:47Z,2,371,INDIFFERENT,False
cC_9nc4QOgQ,Killer Queen,Queen,Sheer Heart Attack,3:01,181,2026-09-18T08:16:45Z,2026-09-20T08:37:04Z,2,126,INDIFFERENT,False
B1V1varByWI,50 Ways to Leave Your Lover,Paul Simon,Still Crazy After All These Years,3:38,218,2026-09-18T08:16:45Z,2026-09-21T08:58:47Z,3,186,INDIFFERENT,False
IV1gR0WY7wY,Tainted Love,Soft Cell,Tainted Love / Where Did Our Love Go? E.P.,2:40,160,2026-09-18T08:16:45Z,2026-09-18T08:16:45Z,1,119,INDIFFERENT,False
h-oOVb8Ew9Y,Goodnite,Melody Gardot,Worrisome Heart,3:05,185,2026-09-18T08:16:45Z,2026-09-26T08:37:40Z,9,60,INDIFFERENT,False
QLMYs0vmzqE,Nato & Sahalé - Jelassi,DLoaw,,6:25,385,2026-09-18T08:16:45Z,2026-09-22T08:34:19Z,2,132,INDIFFERENT,False
44shTTKqfU0,On The 45,DOPE LEMON,Golden Wolf,3:15,195,2026-09-18T08:16:45Z,2026-09-24T08:29:18Z,5,134,INDIFFERENT,False
6qtMHIvBL5E,Jolly Days,"Gerhard Trede, THE GERHARD TREDE FILM ORCHESTRA","Archival, Vol. 1: Newsreel",1:44,104,2026-09-18T08:16:45Z,2026-09-19T08:04:47Z,2,174,INDIFFERENT,False
rfojy3Xm9aI,Tezeta,"Hailu Mergia, The Walias",Tezeta,4:31,271,2026-09-18T08:16:45Z,2026-09-26T08:37:40Z,9,389,INDIFFERENT,False
zdk7JbqdNDM,Peach Fuzz,Caamp,Peach Fuzz,3:45,225,2026-09-18T08:16:45Z,2026-09-25T08:51:12Z,2,302,INDIFFERENT,False
0_BWvLB3UFk,Harmony Hall,Vampire Weekend,Father of the Bride,5:09,309,2026-09-18T08:16:45Z,2026-09-25T08:51:12Z,2,287,INDIFFERENT,False
M3f3mrwxX_A,Do I Ever Cross Your Mind?,Dolly Parton,Heartbreak Express,4:04,244,2026-09-18T08:16:45Z,2026-09-23T08:36:35Z,3,116,INDIFFERENT,False
852A78TnZGM,Taylor,Jack Johnson,On And On,4:00,240,2026-09-18T08:16:45Z,2026-09-18T08:16:45Z,1,222,INDIFFERENT,False
oITcKJpM9UQ,The Good Times Are Killing Me,Modest Mouse,Good News For People Who Love Bad News,4:17,257,2026-09-18T08:16:45Z,2026-09-18T08:16:45Z,1,227,INDIFFERENT,False
-TDZgGmY_yU,Sinkin' Soon,Norah Jones,Not Too Late,4:39,279,2026-09-18T08:16:45Z,2026-09-18T08:16:45Z,1,235,INDIFFERENT,False
hUjqWLoZcDU,A la mar,Natalia Doco,A la mar,4:03,243,2026-09-18T08:16:45Z,2026-09-21T08:58:47Z,2,262,INDIFFERENT,False
W2Wroa1VHvI,Finale,"Barbara Cook, Original Broadway Cast Of The Music Man, Robert Preston",The Music Man (Original Broadway Cast),2:18,138,2026-09-18T08:16:45Z,2026-09-18T08:16:45Z,1,239,INDIFFERENT,False
STX3H2sNOqY,Sol Clap,Quantic,"Nickodemus Presents Turntables on the Hudson, Vol. 8: Reflecting Cielo",3:52,232,2026-09-18T08:16:45Z,2026-09-18T08:16:45Z,1,245,INDIFFERENT,False
l_foa0DjG5k,The Devil Went Down to Georgia,The Charlie Daniels Band,Million Mile Reflections,3:36,216,2026-09-18T08:16:45Z,2026-09-26T08:37:40Z,5,400,INDIFFERENT,False
x4ZDBpLoRGA,Your Love (All That I'm Missin'),The Bellfuries,Just Plain Lonesome,3:54,234,2026-09-18T08:16:45Z,2026-09-26T08:37:40Z,9,110,INDIFFERENT,False
qbs3aAxha70,Don't Rain On My Parade,Barbra Streisand,Funny Girl - Original Soundtrack Recording,2:45,165,2026-09-18T08:16:45Z,2026-09-19T08:04:47Z,2,370,INDIFFERENT,False
bt6RYf5ocfo,"Man of La Mancha (I, Don Quixote) (Man Of La Mancha/1965 Original Broadway Cast/Remastered 2000)","Irving Jacobson, Richard Kiley",Man Of La Mancha,2:45,165,2026-09-18T08:16:45Z,2026-09-26T08:37:40Z,8,275,INDIFFERENT,False
JZZWHnK6piM,La Isla Bonita,Madonna,True Blue,4:03,243,2026-09-18T08:16:45Z,2026-09-18T08:16:45Z,1,281,INDIFFERENT,False
9Fxfzqn--GU,Home,Phillip Phillips,The World From The Side Of The Moon,3:31,211,2026-09-18T08:16:45Z,2026-09-18T08:16:45Z,1,286,INDIFFERENT,False
zFzQMviW1Mw,When You're Good To Mama,"Queen Latifah, Taye Diggs",Chicago - Music From The Miramax Motion Picture,3:20,200,2026-09-18T08:16:45Z,2026-09-26T08:37:40Z,6,466,INDIFFERENT,False
n21JmcvxKL8,Miracle Of Miracles,"""Fiddler On The Roof” Motion Picture Orchestra, John Williams, Leonard Frey",Fiddler On The Roof (Original Motion Picture Soundtrack),2:05,125,2026-09-18T08:16:45Z,2026-09-25T08:51:12Z,5,446,INDIFFERENT,False
159ntDy27so,Love Me Like You Used To,Lord Huron,Long Lost,3:41,221,2026-09-18T08:16:45Z,2026-09-18T08:16:45Z,1,300,INDIFFERENT,False
QHtAKpkOtYg,Loneliest Girl,Kacey Musgraves,Middle of Nowhere,4:17,257,2026-09-18T08:16:45Z,2026-09-18T08:16:45Z,1,301,INDIFFERENT,False
jQs2dbRXs3w,Wells Fargo Wagon,"Eddie Hodges, Original Broadway Cast Of The Music Man",The Music Man (Original Broadway Cast),2:13,133,2026-09-18T08:16:45Z,2026-09-25T08:51:12Z,4,72,INDIFFERENT,False
5hD_jT-yFk8,"Pick-A-Little, Talk-A-Little/Goodnight Ladies","Adnia Rice, Elaine Swann, Helen Raymond, Peggy Mondo",The Music Man (Original Broadway Cast),1:57,117,2026-09-18T08:16:45Z,2026-09-26T08:37:40Z,4,383,INDIFFERENT,False
Z08BT6ewXO4,Solitario,Mitú,Balnear,3:34,214,2026-09-18T08:16:45Z,2026-09-23T08:36:35Z,2,484,INDIFFERENT,False
eX7lFYAaO-c,Suddenly I See,KT Tunstall,Eye To The Telescope,3:22,202,2026-09-18T08:16:45Z,2026-09-18T08:16:45Z,1,339,INDIFFERENT,False
ieU4Am0t0tc,Make 'Em Laugh,Donald O'Connor,Singin' in the Rain (Original Motion Picture Soundtrack) (Deluxe Version),3:19,199,2026-09-18T08:16:45Z,2026-09-26T08:37:40Z,5,432,INDIFFERENT,False
xoGq2Pj6AME,Elegance,"Company, Michael Crawford","Hello, Dolly!",3:08,188,2026-09-18T08:16:45Z,2026-09-26T08:37:40Z,8,488,INDIFFERENT,False
pL3y3wVdTkc,broken,lovelytheband,everything i could never say...,3:25,205,2026-09-18T08:16:45Z,2026-09-18T08:16:45Z,1,344,INDIFFERENT,False
_mVXZdPgGUY,The Other Side of This Life,"Peter, Paul & Mary","Peter, Paul and Mary Album",3:04,184,2026-09-18T08:16:45Z,2026-09-26T08:37:40Z,7,312,LIKE,False
ugAg9mFCKjk,Silver Haired Daddy of Mine,"Billie Joe Armstrong, Norah Jones",Foreverly,3:16,196,2026-09-18T08:16:45Z,2026-09-26T08:37:40Z,7,402,INDIFFERENT,False
siHGNU5pifs,All That Jazz,"Chicago Ensemble, Chita Rivera",Chicago: A Musical Vaudeville (Original Broadway Cast Recording),3:13,193,2026-09-18T08:16:45Z,2026-09-18T08:16:45Z,1,352,INDIFFERENT,False
P5SDIM8DPdY,Bless Yore Beautiful Hide,Howard Keel,Seven Brides For Seven Brothers (Original Motion Picture Soundtrack) (Deluxe Version),2:30,150,2026-09-18T08:16:45Z,2026-09-22T08:34:19Z,3,221,INDIFFERENT,False
7Tyr4uiT2fE,It Takes Two,"Chip Zien, Joanna Gleason, Original Broadway Cast of Into the Woods",Into the Woods (Original Broadway Cast Recording),2:49,169,2026-09-18T08:16:45Z,2026-09-26T08:37:40Z,8,373,INDIFFERENT,False
S6-YJCqWeIk,Nights Like These,Nerin,Favourite Places,2:01,121,2026-09-18T08:16:45Z,2026-09-22T08:34:19Z,2,315,INDIFFERENT,False
45uKl0IYuM0,Kansas City,Charlotte Greenwood,Oklahoma! (Expanded Edition/Original Motion Picture Soundtrack),2:31,151,2026-09-18T08:16:45Z,2026-09-26T08:37:40Z,8,370,INDIFFERENT,False
icOs_A7ulhU,Lida Rose / Will I Ever Tell You?,"Shirley Jones, The Buffalo Bills",The Music Man (Original Soundtrack),4:17,257,2026-09-18T08:16:45Z,2026-09-19T08:04:47Z,2,355,INDIFFERENT,False
xXByD-zF3qY,You're Never Fully Dressed Without a Smile,"Donald Craig, Edie Cowan, Laurie Beechman, Penny Worth",There's No Business Like Show Business: Broadway Showstoppers,3:05,185,2026-09-18T08:16:45Z,2026-09-19T08:04:47Z,2,372,INDIFFERENT,False
gPmW_RgcZXA,I Get a Kick out of You,Sutton Foster,Anything Goes (New Broadway Cast Recording),2:25,145,2026-09-18T08:16:45Z,2026-09-26T08:37:40Z,6,454,INDIFFERENT,False
NHGzD5e7c30,Wedding Dance,"Alfred Molina, Fiddler On The Roof Company, Jerry Bock, Sheldon Harnick",Fiddler on the Roof (New Broadway Cast Recording),4:14,254,2026-09-18T08:16:45Z,2026-09-20T08:37:04Z,2,491,INDIFFERENT,False
Hbd736_nviA,Money,"Alan Cumming, Cabaret Ensemble (1998)",The Only Broadway CD/Cassette You'll Ever Need,3:20,200,2026-09-18T08:16:45Z,2026-09-19T08:04:47Z,2,378,INDIFFERENT,False
WDvGfV1xjLA,She Loves Me,Zachary Levi,She Loves Me (2016 Broadway Cast Recording),2:51,171,2026-09-18T08:16:45Z,2026-09-25T08:51:12Z,3,452,INDIFFERENT,False
tYUAEwac-Bs,Shipoopi,Buddy Hackett,The Music Man (Original Soundtrack),2:25,145,2026-09-18T08:16:45Z,2026-09-26T08:37:40Z,9,301,INDIFFERENT,False
UjHm27oU-m4,Take me back,HAIM,I quit,3:46,226,2026-09-18T08:16:45Z,2026-09-18T08:16:45Z,1,376,INDIFFERENT,False
U0KdR986p60,The Siamese Cat Song/What's Going on Down There,"Oliver Wallace, Peggy Lee",Walt Disney Records The Legacy Collection: Lady and the Tramp,2:36,156,2026-09-18T08:16:45Z,2026-09-18T08:16:45Z,1,377,INDIFFERENT,False
svA7RywbbDI,Three Little Maids From School Are We  from The Mikado (Voice),"Carl Davis, Cathy Sara, Dorothy Atkinson, Shirley Henderson",Topsy-Turvy Original Motion Picture Soundtrack,1:35,95,2026-09-18T08:16:45Z,2026-09-18T08:16:45Z,1,378,INDIFFERENT,False
tFUhN6Hpzz0,Po Atarau - Now Is The Hour,St Joseph's Maori Girls College,Haere Mai - Welcome,2:42,162,2026-09-18T08:16:45Z,2026-09-23T08:36:35Z,2,466,INDIFFERENT,False
6CrTwwl3khI,I Am the Very Model of a Modern,The Pirates Of Penzance,The Pirates Of Penzance,5:56,356,2026-09-18T08:16:45Z,2026-09-26T08:37:40Z,6,96,LIKE,False
XWhc_nWDO_I,The Sadder But Wiser Girl for Me,"Hugh Jackman, Shuler Hensley",The Music Man (The 2022 Broadway Cast Recording),3:05,185,2026-09-18T08:16:45Z,2026-09-18T08:16:45Z,1,387,INDIFFERENT,False
P9sItHdehrM,Matchmaker,"John Williams, Michele Marsh, Neva Small, Rosalind Harris",Fiddler On The Roof (Original Motion Picture Soundtrack),3:57,237,2026-09-18T08:16:45Z,2026-09-24T08:29:18Z,3,497,INDIFFERENT,False
znR1fje9WkM,Opening: I Hope I Get It,A Chorus Line Ensemble,A Chorus Line - 40th Anniversary Celebration (Original Broadway Cast Recording),4:59,299,2026-09-18T08:16:45Z,2026-09-18T08:16:45Z,1,389,INDIFFERENT,False
TcxL8VGxiY4,The One Feather Tail Of Miss Gertrude McFuzz (Original Broadway Cast Recording),Janine LaManna,Seussical,1:17,77,2026-09-18T08:16:45Z,2026-09-18T08:16:45Z,1,391,INDIFFERENT,False
SuJ50E2l_rA,"Pick-a-Little, Talk-a-Little","Hermione Gingold, The Biddys",The Music Man (Original Soundtrack),2:04,124,2026-09-18T08:16:45Z,2026-09-19T08:04:47Z,2,391,INDIFFERENT,False
4mn5MF4Swq8,By the Sea,"Angela Lansbury, Len Cariou, Original Broadway Cast of Sweeney Todd: The Demon Barber of Fleet Street",Sweeney Todd: The Demon Barber of Fleet Street (Original Broadway Cast Recording),3:33,213,2026-09-18T08:16:45Z,2026-09-21T08:58:47Z,3,458,INDIFFERENT,False
ERL2YtAcAdM,The Sadder but Wiser Girl,Robert Preston,The Music Man (Original Soundtrack),1:51,111,2026-09-18T08:16:45Z,2026-09-26T08:37:40Z,3,497,INDIFFERENT,False
Xi0c2clOqp0,Streets of Baltimore (2007 Remaster),Gram Parsons,GP,2:56,176,2026-09-18T08:16:45Z,2026-09-23T08:36:35Z,2,255,INDIFFERENT,False
-vzNZKk67vU,"Sit Down, You're Rockin' the Boat","Guys and Dolls Ensemble (1992), Walter Bobbie",Guys and Dolls (New Broadway Cast Recording (1992)),2:58,178,2026-09-18T08:16:45Z,2026-09-26T08:37:40Z,2,457,INDIFFERENT,False
r0kvTBbBbbY,Look On The Bright Side Of Life (All Things Dull And Ugly),Monty Python,Monty Python's Life Of Brian,3:59,239,2026-09-18T08:16:45Z,2026-09-19T08:04:47Z,2,295,LIKE,True
AGQDIVGcjOc,Live Before We Die (2010 Original Cast Recording from The Addams Family Musical on Broadway),"Bebe Neuwirth, Nathan Lane",The Addams Family (Original Cast Recording),2:49,169,2026-09-18T08:16:45Z,2026-09-25T08:51:12Z,2,485,INDIFFERENT,False
v3p7nEK6vew,Moses,"Donald O'Connor, Gene Kelly",Singin' in the Rain (Original Motion Picture Soundtrack) (Deluxe Version),3:06,186,2026-09-18T08:16:45Z,2026-09-26T08:37:40Z,5,359,INDIFFERENT,False
SoK9iteiSKw,Tevye's Monologue,"Alfred Molina, Jerry Bock, Sally Murphy, Sheldon Harnick",Fiddler on the Roof (New Broadway Cast Recording),3:09,189,2026-09-18T08:16:45Z,2026-09-18T08:16:45Z,1,433,INDIFFERENT,False
ibayKwOHbfk,Wouldn't It Be Loverly,"Glenn Kezer, James Morris, Julie Andrews, Reid Shelton",My Fair Lady,3:55,235,2026-09-18T08:16:45Z,2026-09-26T08:37:40Z,3,481,INDIFFERENT,False
Ewfzb7kwYvk,"You're Nothing Without Me (From ""City of Angels"")","City of Angels Original Broadway Cast, Gordon Lowry Harrell, Gregg Edelman, James Naughton",City of Angels (Original Broadway Cast Recording),3:23,203,2026-09-18T08:16:45Z,2026-09-19T08:04:47Z,2,441,INDIFFERENT,False
j5fCqKbSC7M,If I Were A Rich Man,"""Fiddler On The Roof” Motion Picture Orchestra, Chaim Topol, John Williams",Fiddler On The Roof (Original Motion Picture Soundtrack),5:25,325,2026-09-18T08:16:45Z,2026-09-19T08:04:47Z,2,300,INDIFFERENT,False
MwkanjhLCUg,Someone Like You (feat. The Travelin' McCourys & Sierra Ferrell),Lukas Nelson,Someone Like You,5:02,302,2026-09-18T08:16:45Z,2026-09-18T08:16:45Z,1,440,INDIFFERENT,False
zxFxl5NjBzc,Private Eyes,Daryl Hall & John Oates,Private Eyes (Expanded Edition),3:38,218,2026-09-18T08:16:45Z,2026-09-21T08:58:47Z,4,434,INDIFFERENT,False
G1G499A1mJk,For Now,"Ann Harada, Jordan Gelber, Natalie Venetia Belcon, Stephanie D'Abruzzo",Avenue Q (Original Broadway Cast Recording),3:13,193,2026-09-18T08:16:45Z,2026-09-24T08:29:18Z,2,498,INDIFFERENT,False
mjSwQH1EDSs,Just Leave Everything To Me,Barbra Streisand,"Hello, Dolly!",3:25,205,2026-09-18T08:16:45Z,2026-09-26T08:37:40Z,5,473,INDIFFERENT,False
nXYJeWXhWlk,Bye Bye Birdie,Ann-Margret,Bye Bye Birdie (Original Motion Picture Soundtrack),1:30,90,2026-09-18T08:16:45Z,2026-09-26T08:37:40Z,6,329,INDIFFERENT,False
05KUEgxOHLg,I Move On,"Catherine Zeta-Jones, Renée Zellweger",Chicago - Music From The Miramax Motion Picture,3:59,239,2026-09-18T08:16:45Z,2026-09-26T08:37:40Z,4,441,INDIFFERENT,False
OK8v1_Mp3k8,Piano Lesson,"Barbara Cook, Pert Kelton",The Music Man (Original Broadway Cast),1:57,117,2026-09-18T08:16:45Z,2026-09-25T08:51:12Z,4,476,INDIFFERENT,False
9OfT8y9XqjA,Razzle Dazzle,Richard Gere,Chicago - Music From The Miramax Motion Picture,3:46,226,2026-09-18T08:16:45Z,2026-09-26T08:37:40Z,6,499,INDIFFERENT,False
VUOsHeWL8sA,I've Decided to Marry You,"Bryce Pinkham, Lauren Worsham, Lisa O'Hare",A Gentleman's Guide to Love and Murder (Original Broadway Cast Recording),4:04,244,2026-09-18T08:16:45Z,2026-09-18T08:16:45Z,1,455,INDIFFERENT,False
gjjODtg_lng,Sisters Act 2 - Ain't No Mountain High Enough,ColdSupreme,,3:04,184,2026-09-18T08:16:45Z,2026-09-19T08:04:47Z,2,418,INDIFFERENT,False
nmrWI8vQ1CI,Score Tonight (feat. Lorna Luft & The Cast Of Grease 2),Adrian Zmed,Grease 2 (Original Motion Picture Soundtrack),2:52,172,2026-09-18T08:16:45Z,2026-09-18T08:16:45Z,1,462,INDIFFERENT,False
VepUJlQ_W5c,I Wanna Be a Producer,"Matthew Broderick, Original Broadway Cast of The Producers, The Producers Ensemble",The Producers (Original Broadway Cast Recording),6:47,407,2026-09-18T08:16:45Z,2026-09-19T08:04:47Z,2,431,INDIFFERENT,False
YZOy_-Vn7BQ,The Wells Fargo Wagon,The Ensemble,The Music Man (Original Soundtrack),2:39,159,2026-09-18T08:16:45Z,2026-09-19T08:04:47Z,2,379,INDIFFERENT,False
3Esb-kvE_iE,Poor Pirates,"Jason Michael Snow, Pirates","SpongeBob SquarePants, The New Musical (Original Cast Recording)",3:50,230,2026-09-18T08:16:45Z,2026-09-18T08:16:45Z,1,470,INDIFFERENT,False
oCSdUvjlGuk,"Many A New Day (From ""Oklahoma!"" Soundtrack)",Shirley Jones,Oklahoma! (Expanded Edition/Original Motion Picture Soundtrack),3:07,187,2026-09-18T08:16:45Z,2026-09-18T08:16:45Z,1,471,INDIFFERENT,False
0MI_34Itfv8,"I Could Have Danced All Night (From ""My Fair Lady"")","André Previn, Marni Nixon, Mona Washbourne, My Fair Lady Original Motion Picture Cast",My Fair Lady,3:56,236,2026-09-18T08:16:45Z,2026-09-19T08:04:47Z,2,422,INDIFFERENT,False
NDhPBN747HI,It's De-Lovely,"Colin Donnell, Laura Osnes",Anything Goes (New Broadway Cast Recording),5:00,300,2026-09-18T08:16:45Z,2026-09-26T08:37:40Z,6,491,INDIFFERENT,False
2nroaoWEXIA,Never Let You Go (2008 Remaster),Third Eye Blind,Blue,3:58,238,2026-09-18T08:16:45Z,2026-09-18T08:16:45Z,1,475,INDIFFERENT,False
JRY_3f3c3Gw,Little Boxes,The Womenfolk,The Womenfolk Vol. 2: (1964),1:07,67,2026-09-18T08:16:45Z,2026-09-19T08:04:47Z,2,400,INDIFFERENT,False
QQjNNa93wCI,Skid Row (Downtown),"Ellen Greene, Michelle Weeks, Tichina Arnold, Tisha Campbell",Little Shop Of Horrors (Original Motion Picture Soundtrack),4:18,258,2026-09-18T08:16:45Z,2026-09-19T08:04:47Z,2,430,INDIFFERENT,False
q5eBlmWwnVw,Guys and Dolls,"J.K. Simmons, Walter Bobbie",Guys and Dolls (New Broadway Cast Recording (1992)),2:59,179,2026-09-18T08:16:45Z,2026-09-18T08:16:45Z,1,478,INDIFFERENT,False
C8J5hNqELzI,"Matchmaker, Matchmaker","Joanna Merlin, Julia Migenes, Milton Greene, Tanya Everett",Fiddler on the Roof (Original Broadway Cast Recording),3:43,223,2026-09-18T08:16:45Z,2026-09-25T08:51:12Z,7,495,INDIFFERENT,False
NMis4v3-eQ8,Main Title / Rock Island / Iowa Stubborn,The Travelling Salesmen,The Music Man (Original Soundtrack),7:15,435,2026-09-18T08:16:45Z,2026-09-21T08:58:47Z,2,395,INDIFFERENT,False
4vnPHKjwoCE,Let's Not Talk About Anything Else But Love,"Kevin Chamberlin, Nathan Lane, Terrence Mann",The Addams Family (Original Cast Recording),3:20,200,2026-09-18T08:16:45Z,2026-09-18T08:16:45Z,1,481,INDIFFERENT,False
voc4YFNDTMs,Good Enough to Eat,"Alan Cumming, Kristin Chenoweth, The Cast of Schmigadoon! Season 2",Schmigadoon! Season 2 (Apple TV+ Original Series Soundtrack),4:09,249,2026-09-18T08:16:45Z,2026-09-18T08:16:45Z,1,482,INDIFFERENT,False
M4ZmkOyHKRU,If I Were a Rich Man,Danny Burstein,Fiddler on the Roof (2016 Broadway Cast Recording),4:40,280,2026-09-18T08:16:45Z,2026-09-18T08:16:45Z,1,484,INDIFFERENT,False
sr98uS9grnE,Marian the Librarian,Robert Preston,The Music Man (Original Soundtrack),2:43,163,2026-09-18T08:16:45Z,2026-09-19T08:04:47Z,2,440,INDIFFERENT,False
Fplgu4VVb94,Stargazing,Myles Smith,Stargazing,2:53,173,2026-09-18T08:16:45Z,2026-09-18T08:16:45Z,1,487,INDIFFERENT,False
HQJoabiye8o,"Pick-A-Little, Talk-A-Little / Goodnight Ladies","Garrett Long, Jayne Houdyshell, Jessica Sheridan, Linda Mugleston",The Music Man (The 2022 Broadway Cast Recording),2:52,172,2026-09-18T08:16:45Z,2026-09-18T08:16:45Z,1,489,INDIFFERENT,False
PPGG46QIXEw,Pirelli's Miracle Elixir,"Angela Lansbury, Joaquin Romaguera, Ken Jennings, Len Cariou",Sweeney Todd: The Demon Barber of Fleet Street (Original Broadway Cast Recording),3:50,230,2026-09-18T08:16:45Z,2026-09-25T08:51:12Z,2,494,INDIFFERENT,False
o9e7Aw166fc,The Streak,Ray Stevens,Laughter Is The Best Medicine,3:19,199,2026-09-18T08:16:45Z,2026-09-26T08:37:40Z,8,190,INDIFFERENT,False
ePBaRWyNFc4,I am the very model of a modern Major-General,"David Hyde Pierce, The Pirates of Penzance Original Broadway Company",Pirates! The Penzance Musical (Original Broadway Cast Recording),3:30,210,2026-09-18T08:16:45Z,2026-09-18T08:16:45Z,1,494,INDIFFERENT,False
l3ODpqVUmWc,Company - Original Broadway Cast: Company,"Company Ensemble, Company Orchestra, Dean Jones",Company (Original Broadway Cast Recording),5:48,348,2026-09-18T08:16:45Z,2026-09-18T08:16:45Z,1,495,INDIFFERENT,False
dBTs2rqiMVc,Sunshine,OneRepublic,Artificial Paradise (Deluxe),2:44,164,2026-09-18T08:16:45Z,2026-09-18T08:16:45Z,1,496,INDIFFERENT,False
XpJuBh7UrUk,Seventy-Six Trombones,"Hugh Jackman, The Music Man 2022 Company",The Music Man (The 2022 Broadway Cast Recording),6:57,417,2026-09-18T08:16:45Z,2026-09-18T08:16:45Z,1,497,INDIFFERENT,False
C99m7uy3lcA,Grease Got a Hold,"Brent Comer, Daryl Tofa, Jason Schmidt, Joshua Boone",The Outsiders - A New Musical (Original Broadway Cast Recording),4:41,281,2026-09-18T08:16:45Z,2026-09-18T08:16:45Z,1,498,INDIFFERENT,False
MqMaK6C2sIM,I'm Not a Loser,"Gavin Lee, Sea Anemones","SpongeBob SquarePants, The New Musical (Original Cast Recording)",4:39,279,2026-09-18T08:16:45Z,2026-09-18T08:16:45Z,1,499,INDIFFERENT,False
BImIddIGFo8,Shipoopi,Cast - Family Guy,The Family Guy 25th Anniversary EP,2:23,143,2026-09-18T08:16:45Z,2026-09-18T08:16:45Z,1,500,INDIFFERENT,False
FoZ7cy_PJkU,Titiwanacu,Lagartijeando,Jallalla,4:32,272,2026-09-17T08:41:05Z,2026-09-26T08:37:40Z,3,426,INDIFFERENT,False
k0ynTKJZirg,Brasilian Skies,Masayoshi Takanaka,Brasilian Skies,5:54,354,2026-09-17T08:41:05Z,2026-09-19T08:04:47Z,2,12,INDIFFERENT,False
IKJqecxswCA,Get Back (Remastered 2009),The Beatles,Let It Be,3:10,190,2026-09-17T08:41:05Z,2026-09-26T08:37:40Z,5,419,INDIFFERENT,False
otkytn8L-Cw,Six Days On The Road,Dave Dudley,20th Century Masters: The Millennium Collection: Best Of Dave Dudley,2:15,135,2026-09-17T08:41:05Z,2026-09-26T08:37:40Z,5,107,LIKE,False
udiM4fW9esA,Someday,Ezra Collective,Here Because of Hope,5:48,348,2026-09-17T08:41:05Z,2026-09-17T08:41:05Z,1,47,INDIFFERENT,False
Vk3OEp9DyYY,Do You Think About Me At All,Bella White,Just Like Leaving,3:17,197,2026-09-17T08:41:05Z,2026-09-24T08:29:18Z,7,169,INDIFFERENT,False
DkjwyAk2GRw,Don't Stop 'Til You Get Enough,Michael Jackson,"HIStory: PAST, PRESENT AND FUTURE, BOOK I",6:05,365,2026-09-17T08:41:05Z,2026-09-17T08:41:05Z,1,60,INDIFFERENT,False
u8pVZ5hTGJQ,Goodbye Stranger,Supertramp,Breakfast In America,5:51,351,2026-09-17T08:41:05Z,2026-09-17T08:41:05Z,1,62,INDIFFERENT,False
stUgPKqQXaA,It Could Happen To You,Laufey,Bewitched: The Goddess Edition,2:08,128,2026-09-17T08:41:05Z,2026-09-17T08:41:05Z,1,73,INDIFFERENT,False
VRIHW-aQl-k,You Don't Mess Around with Jim,Jim Croce,You Don't Mess Around With Jim,3:03,183,2026-09-17T08:41:05Z,2026-09-22T08:34:19Z,3,244,LIKE,False
TX4crFTnwYw,Sincere,The Buffalo Bills,The Music Man (Original Broadway Cast),1:40,100,2026-09-17T08:41:05Z,2026-09-26T08:37:40Z,10,46,INDIFFERENT,False
GM5j0diXkxo,Most of What I Like,King Gizzard & The Lizard Wizard,Paper Mâché Dream Balloon,3:18,198,2026-09-17T08:41:05Z,2026-09-20T08:37:04Z,2,335,INDIFFERENT,False
DkkQ8dCPiwA,Take A Chance On Me,ABBA,The Album,4:04,244,2026-09-17T08:41:05Z,2026-09-17T08:41:05Z,1,102,INDIFFERENT,False
aGm_X6viE0A,Star Wars Samba,Masayoshi Takanaka,Brasilian Skies,3:46,226,2026-09-17T08:41:05Z,2026-09-19T08:04:47Z,3,336,INDIFFERENT,False
RqjXn2NflqU,You Make Loving Fun (2004 Remaster),Fleetwood Mac,Rumours,3:34,214,2026-09-17T08:41:05Z,2026-09-17T08:41:05Z,1,107,INDIFFERENT,False
KBR8-2OrtT4,But Not For Me (Vocal Version),Chet Baker,Chet Baker Sings,3:05,185,2026-09-17T08:41:05Z,2026-09-17T08:41:05Z,1,114,INDIFFERENT,False
OSYoVZioNz0,Love Will Turn You Around,Kenny Rogers,Love Will Turn You Around,3:42,222,2026-09-17T08:41:05Z,2026-09-26T08:37:40Z,8,331,INDIFFERENT,False
RUGKx_kWaVk,Ooh La La,Faces,Ooh La La,3:33,213,2026-09-17T08:41:05Z,2026-09-26T08:37:40Z,2,39,INDIFFERENT,False
ctsLFINNHjw,Rhinestone Cowboy (Extended Version),Glen Campbell,Meet Glen Campbell,3:28,208,2026-09-17T08:41:05Z,2026-09-26T08:37:40Z,9,180,INDIFFERENT,False
low6Coqrw9Y,The Logical Song,Supertramp,The Very Best Of Supertramp,4:10,250,2026-09-17T08:41:05Z,2026-09-17T08:41:05Z,1,139,INDIFFERENT,False
A9lK_RInD6M,Sunshine (Go Away Today),Jonathan Edwards,Jonathan Edwards,2:19,139,2026-09-17T08:41:05Z,2026-09-26T08:37:40Z,3,139,INDIFFERENT,False
JHa1hiFYbFQ,Jet Airliner,Steve Miller Band,Book Of Dreams,4:26,266,2026-09-17T08:41:05Z,2026-09-17T08:41:05Z,1,163,INDIFFERENT,False
6sOxemcvOTk,Ac-Cent-Tchu-Ate The Positive (Single Version) (feat. Vic Schoen & His Orchestra),"Bing Crosby, The Andrews Sisters",Their Complete Recordings Together,2:41,161,2026-09-17T08:41:05Z,2026-09-19T08:04:47Z,2,95,INDIFFERENT,False
iQAQgE6jiPs,Ole Yegg Lee,Lost Dog Street Band,Rage and Tragedy,3:22,202,2026-09-17T08:41:05Z,2026-09-17T08:41:05Z,1,185,INDIFFERENT,False
-38yJGUvBD8,Canned Heat,Jamiroquai,Synkronized,5:32,332,2026-09-17T08:41:05Z,2026-09-17T08:41:05Z,1,186,INDIFFERENT,False
CVsLEI-hCXw,Long Train Runnin',The Doobie Brothers,The Captain and Me,3:28,208,2026-09-17T08:41:05Z,2026-09-26T08:37:40Z,4,198,INDIFFERENT,False
vg4sGkehWBw,Years,Sierra Ferrell,Years,3:00,180,2026-09-17T08:41:05Z,2026-09-24T08:29:18Z,7,315,INDIFFERENT,False
5mHzaIehRTE,Lay All Your Love On Me,ABBA,Super Trouper,4:35,275,2026-09-17T08:41:05Z,2026-09-17T08:41:05Z,1,204,INDIFFERENT,False
vCSaDQJtblA,Don't Stop (2004 Remaster),Fleetwood Mac,Rumours (Deluxe Edition),3:14,194,2026-09-17T08:41:05Z,2026-09-17T08:41:05Z,1,205,INDIFFERENT,False
UGDQVZ4caR0,Oh! Tengo Suerte,Masayoshi Takanaka,Seychelles,4:13,253,2026-09-17T08:41:05Z,2026-09-19T08:04:47Z,3,123,INDIFFERENT,False
4K0M_E3PvSg,Cash on the Barrelhead,Dolly Parton,The Grass Is Blue,3:08,188,2026-09-17T08:41:05Z,2026-09-17T08:41:05Z,1,208,INDIFFERENT,False
X6-sU7pVJ3k,Southern Nights,Glen Campbell,Southern Nights,3:01,181,2026-09-17T08:41:05Z,2026-09-17T08:41:05Z,1,219,LIKE,False
HticMenXwzM,"Cocaine Blues (Live at Folsom State Prison, Folsom, CA (1st Show) - January 1968)",Johnny Cash,At Folsom Prison (Legacy Edition),2:50,170,2026-09-17T08:41:05Z,2026-09-17T08:41:05Z,1,223,INDIFFERENT,False
tnV7dTXlXxs,Ventura Highway,America,Homecoming,3:32,212,2026-09-17T08:41:05Z,2026-09-26T08:37:40Z,3,72,INDIFFERENT,False
yJVRjunioQA,Brighter Shade,Lost Dog Street Band,SURVIVED,3:05,185,2026-09-17T08:41:05Z,2026-09-25T08:51:12Z,3,244,INDIFFERENT,False
5I32ft4Sse4,It Don't Mean a Thing (If It Ain't Got That Swing) [1990 Remaster],"Duke Ellington, Louis Armstrong",The Great Summit - The Master Tapes,3:59,239,2026-09-17T08:41:05Z,2026-09-17T08:41:05Z,1,252,INDIFFERENT,False
mQYJYY4VkWA,Why Don't You Get A Job,The Offspring,Americana,2:53,173,2026-09-17T08:41:05Z,2026-09-17T08:41:05Z,1,263,INDIFFERENT,False
g9v8rXuhAMM,We Are Free,Satsang,The Story of You,4:38,278,2026-09-17T08:41:05Z,2026-09-17T08:41:05Z,1,268,INDIFFERENT,False
_EYURMSqjug,Australia,The Shins,Wincing The Night Away,3:57,237,2026-09-17T08:41:05Z,2026-09-21T08:58:47Z,5,134,INDIFFERENT,False
JUSzOeYufrU,(I've Got A Gal In) Kalamazoo,Glenn Miller & His Orchestra,The Essential Glenn Miller,3:15,195,2026-09-17T08:41:05Z,2026-09-17T08:41:05Z,1,280,INDIFFERENT,False
MvPslWvWHjA,Experimental Film,They Might Be Giants,The Spine,2:57,177,2026-09-17T08:41:05Z,2026-09-18T08:16:45Z,2,463,INDIFFERENT,False
BSvORvIjZiU,Sixteen Tons,Tennessee Ernie Ford,Sixteen Tons,2:36,156,2026-09-17T08:41:05Z,2026-09-17T08:41:05Z,1,284,INDIFFERENT,False
CxMcD8QHVag,SOS,ABBA,Abba,3:23,203,2026-09-17T08:41:05Z,2026-09-17T08:41:05Z,1,289,INDIFFERENT,False
sETikORFxec,Funky Holo Holo Bird,Masayoshi Takanaka,Brasilian Skies,6:16,376,2026-09-17T08:41:05Z,2026-09-18T08:16:45Z,2,151,INDIFFERENT,False
sFBQSx_xc2o,Ripple,Grateful Dead,American Beauty,4:10,250,2026-09-17T08:41:05Z,2026-09-20T08:37:04Z,4,401,INDIFFERENT,False
yaGFwKIJR7c,Hold Me,Fleetwood Mac,Mirage,3:46,226,2026-09-17T08:41:05Z,2026-09-17T08:41:05Z,1,302,INDIFFERENT,False
7gncH7WOQvY,Turn to Stone,Electric Light Orchestra,Out of the Blue,3:50,230,2026-09-17T08:41:05Z,2026-09-17T08:41:05Z,1,314,INDIFFERENT,False
qrU1Zg0wugE,Say You Love Me,Fleetwood Mac,Fleetwood Mac,4:10,250,2026-09-17T08:41:05Z,2026-09-17T08:41:05Z,1,327,INDIFFERENT,False
KMViJKmAV4M,Mamma Mia,ABBA,Abba,3:34,214,2026-09-17T08:41:05Z,2026-09-17T08:41:05Z,1,330,INDIFFERENT,False
MLs17vZqrBg,I Don't Want to Know (2004 Remaster),Fleetwood Mac,Rumours,3:17,197,2026-09-17T08:41:05Z,2026-09-17T08:41:05Z,1,337,INDIFFERENT,False
yUwtdjG3g7Y,Say You Love Me (Early Version),Fleetwood Mac,Fleetwood Mac (Deluxe Edition),4:19,259,2026-09-17T08:41:05Z,2026-09-17T08:41:05Z,1,338,INDIFFERENT,False
E3HBwtJNplQ,Blue Lagoon,Masayoshi Takanaka,Jolly Jive,5:05,305,2026-09-17T08:41:05Z,2026-09-19T08:04:47Z,3,230,INDIFFERENT,False
b-3mh1ApWG8,Tie Our Love (In A Double Knot),Dolly Parton,Real Love,3:28,208,2026-09-17T08:41:05Z,2026-09-17T08:41:05Z,1,340,INDIFFERENT,False
dCB-FwjEMPU,"Sunrise, Sunset","Jerry Bock, Sheldon Harnick, Alfred Molina, Randy Graff, and Fiddler On The Roof Company",Fiddler on the Roof (New Broadway Cast Recording),3:32,212,2026-09-17T08:41:05Z,2026-09-26T08:37:40Z,8,442,INDIFFERENT,False
9tScSVv3KaU,Ya Got Trouble / Seventy-Six Trombones,Robert Preston,The Music Man (Motion-Picture Soundtrack),2:50,170,2026-09-17T08:41:05Z,2026-09-18T08:16:45Z,2,426,INDIFFERENT,False
n2aAGsYxlkw,Vyoch Tyoch Tyoch,The Barry Sisters,Their Greatest Yiddish Hits,3:11,191,2026-09-17T08:41:05Z,2026-09-19T08:04:47Z,3,426,INDIFFERENT,False
aqxtf28noNw,Iowa Stubborn,Original Broadway Cast Of The Music Man,The Music Man (Original Broadway Cast),2:00,120,2026-09-17T08:41:05Z,2026-09-20T08:37:04Z,4,469,INDIFFERENT,False
gWgxikK7WJQ,Horses,Jesse Welles,Horses,3:36,216,2026-09-17T08:41:05Z,2026-09-17T08:41:05Z,1,379,INDIFFERENT,False
8Z2E37iNV0w,Monday Morning,Fleetwood Mac,Fleetwood Mac,2:48,168,2026-09-17T08:41:05Z,2026-09-17T08:41:05Z,1,382,INDIFFERENT,False
5BBoymr8sfA,U.S. Blues (Take 8),Grateful Dead,From the Mars Hotel: The Angel's Share,4:49,289,2026-09-17T08:41:05Z,2026-09-21T08:58:47Z,3,13,INDIFFERENT,False
pa2j0Bh83ms,Gimme! Gimme! Gimme! (A Man After Midnight),ABBA,Voulez-Vous,4:53,293,2026-09-17T08:41:05Z,2026-09-17T08:41:05Z,1,387,INDIFFERENT,False
IdIdqyO8fb8,E. S. P.,Masayoshi Takanaka,An Insatiable High,4:11,251,2026-09-17T08:41:05Z,2026-09-18T08:16:45Z,2,410,INDIFFERENT,False
2WnHz3_mjr8,Ever After,"Into the Woods Ensemble, Original Broadway Cast of Into the Woods, Tom Aldredge",Into the Woods (Original Broadway Cast Recording),2:21,141,2026-09-17T08:41:05Z,2026-09-26T08:37:40Z,9,487,INDIFFERENT,False
SLlYUlS_Awo,Second Hand News (2004 Remaster),Fleetwood Mac,Rumours,2:57,177,2026-09-17T08:41:05Z,2026-09-17T08:41:05Z,1,399,INDIFFERENT,False
cBjAZvpJDQs,Super Trouper,ABBA,Super Trouper,4:13,253,2026-09-17T08:41:05Z,2026-09-17T08:41:05Z,1,401,INDIFFERENT,False
QX8heDDTK64,Rumba Juankita (History of Colour Interpretation) (feat. Barrio Lindo & El Búho),History of Colour,Calidoso,6:29,389,2026-09-17T08:41:05Z,2026-09-25T08:51:12Z,6,449,INDIFFERENT,False
IAsz3Venbeo,God Of The Sun,"Skinshape, The Horus All Stars",Skinshape X Horus,3:11,191,2026-09-16T08:37:24Z,2026-09-16T08:37:24Z,1,14,INDIFFERENT,False
fKWW4ll0YzI,Late in the Evening,Paul Simon,One-Trick Pony,4:03,243,2026-09-16T08:37:24Z,2026-09-20T08:37:04Z,3,29,INDIFFERENT,False
qiFkisrbyxo,Deela - El Mechánico,Beats & Culture,,3:34,214,2026-09-16T08:37:24Z,2026-09-16T08:37:24Z,1,31,INDIFFERENT,False
i_6iKKoKyBM,Turn It Off,"Scott Barnhardt, Justin Bohon, Jason Michael Snow, Kevin Duda, Josh Gad, Brian Sears, Rory O'Malley, Andrew Rannells, Benjamin Schrader, and Clark Johnsen",The Book Of Mormon (Original Broadway Cast Recording),5:04,304,2026-09-16T08:37:24Z,2026-09-16T08:37:24Z,1,62,INDIFFERENT,False
-l75gXwvAwM,Wishful Thinking,Dan Lebowitz,Wishful Thinking,1:40,100,2026-09-16T08:37:24Z,2026-09-19T08:04:47Z,2,181,INDIFFERENT,False
4yRxiQ7AxKw,Harvest Moon (feat. AJ Lee & Blue Summit),The Brothers Comatose,Harvest Moon,4:42,282,2026-09-16T08:37:24Z,2026-09-26T08:37:40Z,4,449,INDIFFERENT,False
OUGsBFXzsqM,Hambone,Pokey LaFarge,Hambone,2:40,160,2026-09-16T08:37:24Z,2026-09-16T08:37:24Z,1,99,INDIFFERENT,False
XBzA4UHqxao,Light Me Up,Ween,The Friends EP,3:29,209,2026-09-16T08:37:24Z,2026-09-16T08:37:24Z,1,101,INDIFFERENT,False
OPoSuyu0dsY,9 to 5,Dolly Parton,9 To 5 And Odd Jobs,2:43,163,2026-09-16T08:37:24Z,2026-09-26T08:37:40Z,5,213,INDIFFERENT,False
JD6Zq505pnM,Kodachrome,Paul Simon,There Goes Rhymin' Simon,3:36,216,2026-09-16T08:37:24Z,2026-09-26T08:37:40Z,4,296,LIKE,False
Silkq4Rk9QY,"Me, I Get High on Reefer",The Two Man Gentlemen Band,"¡Dos Amigos, Una Fiesta!",2:18,138,2026-09-16T08:37:24Z,2026-09-16T08:37:24Z,1,131,INDIFFERENT,False
xk0pnf6D6Ss,Wu-Tang,They Might Be Giants,The World Is to Dig,3:09,189,2026-09-16T08:37:24Z,2026-09-16T08:37:24Z,1,142,INDIFFERENT,False
52oIeBe3Xf8,Rich People,Carsie Blanton,Rich People,2:39,159,2026-09-16T08:37:24Z,2026-09-19T08:04:47Z,2,125,INDIFFERENT,False
wRQyaRdNS0Q,I Dig Rock and Roll Music,"Peter, Paul and Mary",Album 1700,2:32,152,2026-09-16T08:37:24Z,2026-09-17T08:41:05Z,2,242,INDIFFERENT,False
GicJqy3F6o4,i made this for a school project,BaconJeezbrgr,i made this for a school project,2:08,128,2026-09-16T08:37:24Z,2026-09-19T08:04:47Z,2,41,INDIFFERENT,False
l4l5Uv84nWo,Mockingbird,"Peter, Paul and Mary","Peter, Paul and Mommy",1:22,82,2026-09-16T08:37:24Z,2026-09-16T08:37:24Z,1,224,INDIFFERENT,False
9L9Z9eGvmKY,Ween - Don't Let The Moon Catch You Cryin' (Remastered 2.0),Ween Archived,,3:28,208,2026-09-16T08:37:24Z,2026-09-16T08:37:24Z,1,246,INDIFFERENT,False
CUUZC_iB2b8,Trinity River,Charley Crockett,The Man from Waco,4:30,270,2026-09-16T08:37:24Z,2026-09-16T08:37:24Z,1,248,INDIFFERENT,False
6ul0QCa2z88,Joshua,Dolly Parton,Joshua,3:06,186,2026-09-16T08:37:24Z,2026-09-26T08:37:40Z,7,127,INDIFFERENT,False
1cs6U097kNQ,Me and Julio Down by the Schoolyard,Paul Simon,Paul Simon,2:45,165,2026-09-16T08:37:24Z,2026-09-18T08:16:45Z,3,19,INDIFFERENT,False
BF_u-3taz9k,Footbridge Ballet,The Music Man 2022 Orchestra,The Music Man (The 2022 Broadway Cast Recording),1:56,116,2026-09-16T08:37:24Z,2026-09-16T08:37:24Z,1,295,INDIFFERENT,False
6DhWv0cglh4,Harper Valley PTA,Dolly Parton,In the Good Old Days (When Times Were Bad),3:13,193,2026-09-16T08:37:24Z,2026-09-20T08:37:04Z,2,304,INDIFFERENT,False
4DRCSrBI6v4,"Columbia, The Gem of the Ocean",Jayne Houdyshell & The Music Man 2022 Company,The Music Man (The 2022 Broadway Cast Recording),1:07,67,2026-09-16T08:37:24Z,2026-09-16T08:37:24Z,1,307,INDIFFERENT,False
WGTHzdP64HQ,Berry Pie,Dolly Parton,Backwoods Barbie,2:55,175,2026-09-16T08:37:24Z,2026-09-16T08:37:24Z,1,318,INDIFFERENT,False
nARvgr5nN64,Sneakin' Around,"Burt Reynolds, Dolly Parton",The Best Little Whorehouse In Texas,1:59,119,2026-09-16T08:37:24Z,2026-09-16T08:37:24Z,1,328,INDIFFERENT,False
WH5WVmaZFNE,Graceland,Paul Simon,Graceland (25th Anniversary Deluxe Edition),4:52,292,2026-09-16T08:37:24Z,2026-09-16T08:37:24Z,1,335,INDIFFERENT,False
GylmMVT5C8Q,Ana Ng,They Might Be Giants,Lincoln,3:23,203,2026-09-16T08:37:24Z,2026-09-16T08:37:24Z,1,356,INDIFFERENT,False
W7ACfTINtv4,Overture,The Music Man 2022 Orchestra,The Music Man (The 2022 Broadway Cast Recording),1:13,73,2026-09-16T08:37:24Z,2026-09-19T08:04:47Z,3,398,INDIFFERENT,False
8QZyHTbQ2C4,Piano Lesson / If You Don't Mind My Saying So,"Sutton Foster, Marie McMullen, & Emily Jewel Hode",The Music Man (The 2022 Broadway Cast Recording),1:49,109,2026-09-16T08:37:24Z,2026-09-16T08:37:24Z,1,395,INDIFFERENT,False
0PQ6VDnFfpc,Splish Splash,"Jonathan Groff, Original Broadway Cast of Just In Time",Splish Splash,2:45,165,2026-09-16T08:37:24Z,2026-09-16T08:37:24Z,1,400,INDIFFERENT,False
PozatLCTzws,Buckets of Blood,The Great Malarkey,Badly Stuffed Animals,2:36,156,2026-09-16T08:37:24Z,2026-09-19T08:04:47Z,3,429,INDIFFERENT,False
91ArCmT8cF0,Edge of Desire,"Jonas Blue, Malive",Edge of Desire,2:15,135,2026-09-16T05:17:39Z,2026-09-16T05:17:39Z,1,5,INDIFFERENT,False
hx9O7PzdfT8,My Tennessee Mountain Home,Dolly Parton,My Tennessee Mountain Home,3:08,188,2026-09-16T05:17:39Z,2026-09-21T08:58:47Z,4,110,INDIFFERENT,False
y-ndMMYhmi0,Soul Bossa Nova,Quincy Jones,Big Band Bossa Nova,2:47,167,2026-09-16T05:17:39Z,2026-09-17T08:41:05Z,3,67,INDIFFERENT,False
Cc6dQPFKh28,I Know What I Know (feat. General M.D.Shirinda & The Gaza Sisters),Paul Simon,Graceland (25th Anniversary Deluxe Edition),3:14,194,2026-09-16T05:17:39Z,2026-09-16T05:17:39Z,1,26,INDIFFERENT,False
l_UpqPpacR8,"Bound to Ride (feat. Alison Brown, Becky Buller, Sierra Hull & Missy Raines)",Dolly Parton & The First Ladies of Bluegrass,Bound to Ride,3:23,203,2026-09-16T05:17:39Z,2026-09-16T08:37:24Z,2,18,INDIFFERENT,False
ulhc9yJwJqM,deja vu,"Joe la panic, aron!",deja vu,2:44,164,2026-09-16T05:17:39Z,2026-09-16T05:17:39Z,1,72,INDIFFERENT,False
QPXQyks5d2Q,Jerk It Out,Caesars,Love For The Streets,3:16,196,2026-09-16T05:17:39Z,2026-09-25T08:51:12Z,7,480,INDIFFERENT,False
gJvXUZwNByE,Wherever I Go (feat. Lawrence & Michael McDonald),Jacob Collier,Djesse Vol. 4,2:46,166,2026-09-16T05:17:39Z,2026-09-16T05:17:39Z,1,75,INDIFFERENT,False
w4RvskuFnPY,The Gambler,Kenny Rogers,The Gambler,3:35,215,2026-09-16T05:17:39Z,2026-09-26T08:37:40Z,10,216,INDIFFERENT,False
PdOH_d5B7fg,Boulangerie,Jeremy Sherman,Music of the Prohibition Era (1920-1940),1:34,94,2026-09-16T05:17:39Z,2026-09-23T08:36:35Z,6,369,INDIFFERENT,False
oTO7jL-Fv8M,That Old Feeling,Chet Baker,Chet Baker Sings,3:04,184,2026-09-16T05:17:39Z,2026-09-25T08:51:12Z,4,22,INDIFFERENT,False
GQ6Gp_WybNM,Never Been to Spain,Waylon Jennings,Ladies Love Outlaws,2:38,158,2026-09-16T05:17:39Z,2026-09-25T08:51:12Z,7,203,INDIFFERENT,False
MKUex3fci5c,Help! (Remastered 2009),The Beatles,Help!,2:20,140,2026-09-16T05:17:39Z,2026-09-18T08:16:45Z,4,180,INDIFFERENT,False
mNlswqBZ7u4,Coward Of The County,Kenny Rogers,Kenny,4:19,259,2026-09-16T05:17:39Z,2026-09-26T08:37:40Z,9,168,INDIFFERENT,False
-rgDjQ8fY0E,King Tut (45 Version),Steve Martin and the Toot Uncommons,King Tut / Sally Goodin / Hoedown at Alice's (45 Version),2:11,131,2026-09-16T05:17:39Z,2026-09-16T05:17:39Z,1,175,INDIFFERENT,False
ZCwWAD6ZuPk,Jolene,Dolly Parton,Jolene,2:42,162,2026-09-16T05:17:39Z,2026-09-26T08:37:40Z,5,319,INDIFFERENT,False
UD8ytadaNI8,Faster Horses (The Cowboy And The Poet),Tom T. Hall,"Tom T. Hall - Storyteller, Poet, Philosopher",2:53,173,2026-09-16T05:17:39Z,2026-09-26T08:37:40Z,7,300,INDIFFERENT,False
N7IjwKuKBV0,The Last Thing on My Mind,"Dolly Parton, Porter Wagoner",Just Between You and Me,2:35,155,2026-09-16T05:17:39Z,2026-09-23T08:36:35Z,3,403,INDIFFERENT,False
XV1COYkMAmQ,"Gypsy, Joe and Me",Dolly Parton,My Blue Ridge Mountain Boy,3:11,191,2026-09-16T05:17:39Z,2026-09-23T08:36:35Z,3,301,INDIFFERENT,False
bUVK8Y2Yd_8,Pennies From Heaven,"Louis Prima, Sam Butera & The Witnesses",The Call Of The Wildest (Expanded Edition),2:22,142,2026-09-16T05:17:39Z,2026-09-16T05:17:39Z,1,235,INDIFFERENT,False
zHA1AA3rTNA,Bound and Determined,Nick Shoulders,"Okay, Crawdad",3:19,199,2026-09-16T05:17:39Z,2026-09-22T08:34:19Z,3,253,INDIFFERENT,False
IHMvfaZ9N7U,The Race Is On,George Jones,I Get Lonely In A Hurry,2:08,128,2026-09-16T05:17:39Z,2026-09-26T08:37:40Z,5,68,INDIFFERENT,False
mv0tOznYOKE,Changes (Radio Mix),"FAUL & WAD AD, PNAU",Changes,3:23,203,2026-09-16T05:17:39Z,2026-09-16T08:37:24Z,2,244,INDIFFERENT,False
iQ1f_L8Sb4Q,Ain't We Got Fun?,"Liz Gillies, Seth MacFarlane",Liz Gillies and Seth MacFarlane: Songs From Home,2:17,137,2026-09-16T05:17:39Z,2026-09-16T05:17:39Z,1,278,INDIFFERENT,False
wWChc2TeYU0,Two Doors Down,Dolly Parton,Here You Come Again,3:09,189,2026-09-16T05:17:39Z,2026-09-25T08:51:12Z,6,67,INDIFFERENT,False
qaOwnSnJWj8,Rocky Top (Live),Dolly Parton,Live and Well,2:56,176,2026-09-16T05:17:39Z,2026-09-16T05:17:39Z,1,308,INDIFFERENT,False
L0OH5I62tgo,A Wonderful Guy,Tex Beneke,Presenting Tex Beneke,1:56,116,2026-09-16T05:17:39Z,2026-09-19T08:04:47Z,3,281,INDIFFERENT,False
-ImiHzmG78w,Boot Scootin' Boogie,Brooks & Dunn,Brand New Man,3:18,198,2026-09-16T05:17:39Z,2026-09-26T08:37:40Z,6,475,INDIFFERENT,False
A-H-0p5RKc8,Hungry Like the Wolf,Duran Duran,Decade,3:26,206,2026-09-16T05:17:39Z,2026-09-18T08:16:45Z,2,394,INDIFFERENT,False
wLvgAvkk-9U,Angelina,Harry Belafonte,Jump Up Calypso,3:55,235,2026-09-16T05:17:39Z,2026-09-16T05:17:39Z,1,349,INDIFFERENT,False
8Mpe4hdOhSU,I'll Be Here Awhile,311,From Chaos,3:30,210,2026-09-16T05:17:39Z,2026-09-16T05:17:39Z,1,358,INDIFFERENT,False
ESBGY8v9-iQ,"December 1963 (Oh, What a Night) (feat. Tituss Burgess)","Daniel Reichard, Ensemble feat. Tituss Burgess",Jersey Boys Original Broadway Cast Recording,2:29,149,2026-09-16T05:17:39Z,2026-09-16T05:17:39Z,1,360,INDIFFERENT,False
z_QC_3X3wEk,Mister Sandman,Emmylou Harris,Evangeline,2:23,143,2026-09-16T05:17:39Z,2026-09-23T08:36:35Z,7,343,INDIFFERENT,False
tapA8seYxks,Swucca Chust,Gramatik,Water 4 The Soul,4:07,247,2026-09-16T05:17:39Z,2026-09-16T08:37:24Z,2,236,INDIFFERENT,False
EUjUNCDPc70,Take A Sexy Picture Of Me,CMAT,EURO-COUNTRY,3:50,230,2026-09-16T05:17:39Z,2026-09-18T08:16:45Z,2,382,INDIFFERENT,False
JJwhsLkm_II,Saving Up,Dom Dolla,Saving Up,3:28,208,2026-09-16T05:17:39Z,2026-09-16T08:37:24Z,2,299,INDIFFERENT,False
kgF847ynjPM,River of Happiness,Dolly Parton,Jolene,2:19,139,2026-09-16T05:17:39Z,2026-09-23T08:36:35Z,5,210,INDIFFERENT,False
n0RNYKk3fp8,Cocaine Carolina,Johnny Cash,John R. Cash,2:41,161,2026-09-16T05:17:39Z,2026-09-16T05:17:39Z,1,412,INDIFFERENT,False
WsiSCsNM55c,The Sidestep,Charles Durning,The Best Little Whorehouse In Texas,3:49,229,2026-09-16T05:17:39Z,2026-09-26T08:37:40Z,2,374,LIKE,True
Zo1HwibQrlw,Watchdog Report / Texas Has A Whorehouse In It,Dom DeLuise & Dogettes,The Best Little Whorehouse In Texas,3:09,189,2026-09-16T05:17:39Z,2026-09-26T08:37:40Z,4,428,INDIFFERENT,False
4EQH__jtfhs,"Gary, Indiana","Benjamin Pajak, Hugh Jackman, Marie McMullen, and Sutton Foster",The Music Man (The 2022 Broadway Cast Recording),1:16,76,2026-09-16T05:17:39Z,2026-09-16T05:17:39Z,1,449,INDIFFERENT,False
OI6ahVc4aIE,Your Magic Is Working,of Montreal,Satanic Panic In The Attic,3:43,223,2026-09-16T05:17:39Z,2026-09-16T05:17:39Z,1,452,INDIFFERENT,False
F4MVMVb9zgU,Make You Better,The Decemberists,"What A Terrible World, What A Beautiful World",5:08,308,2026-09-16T05:17:39Z,2026-09-16T05:17:39Z,1,460,INDIFFERENT,False
ZrWXzXZx-ek,Death Valley High,"Beck, Orville Peck",Stampede,2:41,161,2026-09-16T05:17:39Z,2026-09-20T08:37:04Z,5,497,INDIFFERENT,False
gvLMhpzYic0,Girls Just Want to Have Fun,Cyndi Lauper,She's So Unusual,3:59,239,2026-09-16T05:17:39Z,2026-09-19T08:04:47Z,2,387,INDIFFERENT,False
TZq3eINPbwY,Rose Garden,Lynn Anderson,Rose Garden,2:52,172,2026-09-16T05:17:39Z,2026-09-23T08:36:35Z,8,396,INDIFFERENT,False
wKYDLGfow3U,Fired,Remi Wolf,Juno (Deluxe),3:18,198,2026-09-16T05:17:39Z,2026-09-16T05:17:39Z,1,476,INDIFFERENT,False
Tw-F-U5qNnU,Pants,Here Come The Mummies,Single Entendre,3:24,204,2026-09-16T05:17:39Z,2026-09-16T05:17:39Z,1,477,INDIFFERENT,False
km3XiGwTD6I,Iowa Stubborn,The Music Man 2022 Company,The Music Man (The 2022 Broadway Cast Recording),3:26,206,2026-09-16T05:17:39Z,2026-09-16T05:17:39Z,1,480,INDIFFERENT,False
CzOXmSdNnsY,Clean Slate,The Mountain Goats,Jenny from Thebes,3:49,229,2026-09-16T05:17:39Z,2026-09-16T05:17:39Z,1,481,INDIFFERENT,False
Jt-1SCWg3sM,Finally Ready For Shipment,Hugo Kant,Can't Be Done,5:02,302,2026-09-16T05:17:39Z,2026-09-22T08:34:19Z,3,277,INDIFFERENT,False
lac1Gh6cP8M,Factory Girls (feat. Lucinda Williams),Flogging Molly,Within a Mile of Home,3:52,232,2026-09-16T05:17:39Z,2026-09-21T08:58:47Z,3,362,INDIFFERENT,False
uPxDW_SsQ3s,Rock Island,"Eddie Korbich, Nick Alvino, Jordan Beall, Ronnie S. Bowman Jr., Phillip Boykin, Curtis Holland, Drew Minard, Sean Montgomery, Lance Roberts, Daniel Torres, Nicholas Ward, and Branch Woodman",The Music Man (The 2022 Broadway Cast Recording),3:50,230,2026-09-16T05:17:39Z,2026-09-16T05:17:39Z,1,490,INDIFFERENT,False
xwc4zbtFpHU,Here You Come Again,Dolly Parton,Here You Come Again,3:00,180,2026-09-16T05:17:39Z,2026-09-25T08:51:12Z,5,410,INDIFFERENT,False
Rq8RUTsQOjM,Misread,Kings Of Convenience,Riot On An Empty Street,3:09,189,2026-09-15T08:42:48Z,2026-09-15T08:42:48Z,1,13,INDIFFERENT,False
G8FB5PZPWhk,Blow Your Trumpet,Ezra Collective,Here Because of Hope,4:21,261,2026-09-15T08:42:48Z,2026-09-17T08:41:05Z,2,83,INDIFFERENT,False
SCPWguH9rRE,La Luna,"Sito Reno, Yapo",La Luna,4:51,291,2026-09-15T08:42:48Z,2026-09-15T08:42:48Z,1,31,INDIFFERENT,False
8nDzcEJsEbs,Don't Speak,Loaded Honey,Don't Speak,3:15,195,2026-09-15T08:42:48Z,2026-09-23T08:36:35Z,3,64,INDIFFERENT,False
pfT6KIPOSvU,AEIOU,"Empire Of The Sun, PNAU",Ask That God,3:15,195,2026-09-15T08:42:48Z,2026-09-15T08:42:48Z,1,50,INDIFFERENT,False
O06-PTQYyVk,Baianá,Bakermat,The Ringmaster,3:01,181,2026-09-15T08:42:48Z,2026-09-15T08:42:48Z,1,69,INDIFFERENT,False
ZFAvPMrUYXs,Last Train to London,Rikas,Last Train to London,2:59,179,2026-09-15T08:42:48Z,2026-09-15T08:42:48Z,1,93,INDIFFERENT,False
jMvW-TIkOJs,Something Good Can Work,Two Door Cinema Club,Tourist History,2:45,165,2026-09-15T08:42:48Z,2026-09-15T08:42:48Z,1,94,INDIFFERENT,False
O4Uuaih7twQ,Cita,Diabi,Cita,2:44,164,2026-09-15T08:42:48Z,2026-09-26T08:37:40Z,4,41,INDIFFERENT,False
sQwXrK1xKIQ,Beach Walk,Tierra Negra,Ritmo Del Mar,2:30,150,2026-09-15T08:42:48Z,2026-09-15T08:42:48Z,1,105,INDIFFERENT,False
VEKpWc-WQDQ,Balanço de Amor,"Béesau, Curandeira, Leo Middea",Balanço de Amor,3:20,200,2026-09-15T08:42:48Z,2026-09-15T08:42:48Z,1,108,INDIFFERENT,False
oGBLviu_W18,Brazilian Soul [Acoustic Bossa Version] (feat. Sofi Tukker),The Knocks,Brazilian Soul (Remixes),4:11,251,2026-09-15T08:42:48Z,2026-09-22T08:34:19Z,2,105,INDIFFERENT,False
o-6_Fp7N5Lk,Lima,Ours Samplus,Lima,3:45,225,2026-09-15T08:42:48Z,2026-09-15T08:42:48Z,1,127,INDIFFERENT,False
vumCGIprPZo,Okay,Khaim,Okay,4:42,282,2026-09-15T08:42:48Z,2026-09-15T08:42:48Z,1,134,INDIFFERENT,False
Wsufw6yJxCU,Ile Penaro,Ignacio Maria Gomez,Belesia,5:28,328,2026-09-15T08:42:48Z,2026-09-18T08:16:45Z,2,97,INDIFFERENT,False
qHHiCyT6Obc,Yougotmefeeling,Parcels,LOVED,3:04,184,2026-09-15T08:42:48Z,2026-09-22T08:34:19Z,2,137,INDIFFERENT,False
sOv0hENoQnE,"Soldier, Poet, King",The Oh Hellos,Dear Wormwood,2:46,166,2026-09-15T08:42:48Z,2026-09-18T08:16:45Z,2,142,INDIFFERENT,False
CnmBKiyqBts,Tenessee Stud,The Little Willies,The Little Willies,3:50,230,2026-09-15T08:42:48Z,2026-09-26T08:37:40Z,6,246,INDIFFERENT,False
OMwacgV2flA,Soy yo,Diabi,Soy yo,3:06,186,2026-09-15T08:42:48Z,2026-09-15T08:42:48Z,1,207,INDIFFERENT,False
l5GT00Sw3fw,I'm Workin',Charley Crockett,In the Night,2:33,153,2026-09-15T08:42:48Z,2026-09-15T08:42:48Z,1,218,INDIFFERENT,False
zeHR-awIOKo,Colorbars (feat. Chris Thile),Brad Mehldau,Ride into the Sun,5:24,324,2026-09-15T08:42:48Z,2026-09-22T08:34:19Z,4,207,INDIFFERENT,False
BBpzg38GIXU,A-Punk,Vampire Weekend,Vampire Weekend,2:18,138,2026-09-15T08:42:48Z,2026-09-15T08:42:48Z,1,231,INDIFFERENT,False
vz7Ju8dhe2c,Humility (feat. George Benson),Gorillaz,The Now Now,3:18,198,2026-09-15T08:42:48Z,2026-09-15T08:42:48Z,1,233,INDIFFERENT,False
BI9HQCzpDgQ,Earrings,Malcolm Todd,Sweet Boy,2:32,152,2026-09-15T08:42:48Z,2026-09-22T08:34:19Z,2,262,INDIFFERENT,False
zKAMxTeSTh4,Undercover Martyn,Two Door Cinema Club,Tourist History,2:48,168,2026-09-15T08:42:48Z,2026-09-25T08:51:12Z,2,351,INDIFFERENT,False
in2iah7ajXA,Holding,Yonder Mountain String Band,"Mountain Tracks, Vol. 3",8:58,538,2026-09-15T08:42:48Z,2026-09-16T05:17:39Z,2,430,INDIFFERENT,False
l-m6Cqu1OCQ,Antofogasta de la Sierra (El Búho's Noctural Remix),Lagartijeando,Antofogasta de la Sierra,5:26,326,2026-09-15T08:42:48Z,2026-09-24T08:29:18Z,6,118,INDIFFERENT,False
T0ksWCeHMwY,Best Feeling (feat. The String Cheese Incident),Keller Williams,Breathe,5:56,356,2026-09-15T08:42:48Z,2026-09-16T08:37:24Z,3,196,LIKE,False
RCtTDJgxPDA,Murder On The Dancefloor,Sophie Ellis-Bextor,Murder On The Dancefloor,3:52,232,2026-09-15T08:42:48Z,2026-09-15T08:42:48Z,1,349,INDIFFERENT,False
-UlrorsaQbY,Trojans,Atlas Genius,When It Was Now,3:38,218,2026-09-15T08:42:48Z,2026-09-18T08:16:45Z,2,345,INDIFFERENT,False
emUurTmoQQk,Brush,Caamp,Copper Changes Color,2:26,146,2026-09-15T08:42:48Z,2026-09-26T08:37:40Z,5,381,INDIFFERENT,False
fInN1Zyk4Xg,Isla Del Sol,Lagartijeando,La Tercera Vision,4:05,245,2026-09-15T08:42:48Z,2026-09-24T08:29:18Z,8,500,INDIFFERENT,False
5XIHgt3WpKY,Capoeira,Lagartijeando,Cardos Rodando,4:04,244,2026-09-15T08:42:48Z,2026-09-17T08:41:05Z,3,391,INDIFFERENT,False
zliSPPDcoI0,La Revedere (feat. Amsterdam Klezmer Band),[dunkelbunt],Morgenlandfahrt (Tour Edition),4:17,257,2026-09-15T08:42:48Z,2026-09-15T08:42:48Z,1,411,INDIFFERENT,False
M4T_k33CI1M,Cake By The Ocean,DNCE,DNCE,3:40,220,2026-09-15T08:42:48Z,2026-09-15T08:42:48Z,1,453,INDIFFERENT,False
xqOY5iQ0DeU,Baby Britain,Elliott Smith,XO,3:14,194,2026-09-15T08:42:48Z,2026-09-15T08:42:48Z,1,457,INDIFFERENT,False
s6GIT4RhFv0,Snow (Hey Oh),Red Hot Chili Peppers,Stadium Arcadium,5:35,335,2026-09-15T08:42:48Z,2026-09-19T08:04:47Z,4,427,INDIFFERENT,False
fTMo7z8W000,The Sun Leads the Dance,Bards of Ethernia,The Sun Leads the Dance,4:45,285,2026-09-15T08:42:48Z,2026-09-15T08:42:48Z,1,469,INDIFFERENT,False
_GWKkqNoyEA,Counting Stars,OneRepublic,Native,4:18,258,2026-09-15T08:42:48Z,2026-09-15T08:42:48Z,1,472,INDIFFERENT,False
-OIJfNy9p7w,ARROWS,Joe McLeod,ARROWS,3:29,209,2026-09-15T08:42:48Z,2026-09-18T08:16:45Z,2,459,INDIFFERENT,False
bL3fW0-m67o,Santee Alley,LA LOM,La Lom,3:24,204,2026-09-15T08:42:48Z,2026-09-26T08:37:40Z,8,376,INDIFFERENT,False
IJ8olffRTxk,Old Yazoo,The Boswell Sisters,The Boswell Sisters Collection Pt. 3,3:09,189,2026-09-15T08:42:48Z,2026-09-26T08:37:40Z,7,448,INDIFFERENT,False
RiNuekHyikg,The Booger Man (feat. Willie Tee),The Gaturs,Wasted,2:34,154,2026-09-15T08:42:48Z,2026-09-21T08:58:47Z,3,148,INDIFFERENT,False
Dim2pQtGlaI,Snowbird,Chet Atkins,The Essential Chet Atkins,2:14,134,2026-09-15T08:42:48Z,2026-09-15T08:42:48Z,1,491,INDIFFERENT,False
pXX8Fv34-uo,Hillbilly Boogie,The Delmore Brothers,16 All Time Favorite Songs,2:46,166,2026-09-15T08:42:48Z,2026-09-19T08:04:47Z,3,363,INDIFFERENT,False
pMjfI1iHWSw,Mind Your Own Business,Hank Willams,Hank Williams The Greatest Hits Collection,2:26,146,2026-09-15T08:42:48Z,2026-09-15T08:42:48Z,1,494,INDIFFERENT,False
gCnh-faB6Jk,Invisible Stripes,Eddie Noack,Presenting Eddie Noack,2:21,141,2026-09-15T08:42:48Z,2026-09-15T08:42:48Z,1,496,INDIFFERENT,False
BzLOTHciIKI,Lindbergh,Woody Guthrie,"This Land is Your Land: The Asch Recordings, Vol. 1",3:13,193,2026-09-15T08:42:48Z,2026-09-26T08:37:40Z,7,283,INDIFFERENT,False
5zdqdTnd_-A,Tom Cruise Loves His Space Raiders,shaboingboings,Tom Cruise Loves His Space Raiders,1:09,69,2026-09-15T08:42:48Z,2026-09-15T08:42:48Z,1,499,INDIFFERENT,False
EkXPllJY3KQ,Sunrayz,Richard Houghten,Quantum Flow,2:59,179,2026-09-14T08:57:25Z,2026-09-15T08:42:48Z,2,128,INDIFFERENT,False
J63P1jXr4N8,Antofogasta de la Sierra,Lagartijeando,Antofogasta de la Sierra,3:45,225,2026-09-14T08:57:25Z,2026-09-26T08:37:40Z,7,73,INDIFFERENT,False
lQTkJ5bUHcU,Sinnerman (Sofi Tukker Remix),"Nina Simone, SOFI TUKKER",Sinnerman (Sofi Tukker Remix),3:53,233,2026-09-14T08:57:25Z,2026-09-16T08:37:24Z,4,317,INDIFFERENT,False
H08UZ2_avpk,Salento,René Aubry,Plaisirs d'amour,5:46,346,2026-09-14T08:57:25Z,2026-09-14T08:57:25Z,1,33,INDIFFERENT,False
ZReJILqJB4M,Fruta,Sandra Bernardo,Gardenia,4:08,248,2026-09-14T08:57:25Z,2026-09-26T08:37:40Z,11,477,INDIFFERENT,False
uTmewerD7xs,Alta Magia,Rumbo Tumba,Madera Sur,4:16,256,2026-09-14T08:57:25Z,2026-09-26T08:37:40Z,10,290,INDIFFERENT,False
bFQKkFQPodk,Iansã,Danit,Aliento,4:28,268,2026-09-14T08:57:25Z,2026-09-26T08:37:40Z,10,162,INDIFFERENT,False
08XnovUzVRw,You Could Be More As You Are,Saâda Bonaire,Saâda Bonaire,5:57,357,2026-09-14T08:57:25Z,2026-09-14T08:57:25Z,1,59,INDIFFERENT,False
TEDAKLTIwOE,Starship Syncopation,"Cory Wong, Metropole Orkest, & Jules Buckley",Starship Syncopation,3:51,231,2026-09-14T08:57:25Z,2026-09-15T08:42:48Z,2,6,INDIFFERENT,False
NJ5N1kFwQCk,Ghost Town,Portugal. The Man,Chris Black Changed My Life,3:20,200,2026-09-14T08:57:25Z,2026-09-14T08:57:25Z,1,89,INDIFFERENT,False
I-HgNMh4Ezc,Eu Quero,Kid Francescoli & Samantha Alma Real,Eu Quero,3:07,187,2026-09-14T08:57:25Z,2026-09-14T08:57:25Z,1,96,INDIFFERENT,False
8iKWecPgPyw,Lomas de Salomón,Lagartijeando,La Tercera Vision,4:36,276,2026-09-14T08:57:25Z,2026-09-23T08:36:35Z,6,417,INDIFFERENT,False
SutnIAkGk4w,Gran Espíritu,Nación Ekeko,Gran Espíritu,4:32,272,2026-09-14T08:57:25Z,2026-09-26T08:37:40Z,10,393,INDIFFERENT,False
9fXPv1vkct4,Never Could Toe the Mark,Waylon Jennings,Never Could Toe the Mark,2:58,178,2026-09-14T08:57:25Z,2026-09-26T08:37:40Z,6,404,INDIFFERENT,False
Ua1vbOeZZp0,I'm Just a Clown,Charley Crockett,The Man from Waco,4:14,254,2026-09-14T08:57:25Z,2026-09-21T08:58:47Z,3,321,INDIFFERENT,False
YkLLcIKhJ64,Dancing Queen,ABBA,Arrival,3:51,231,2026-09-14T08:57:25Z,2026-09-26T08:37:40Z,4,470,INDIFFERENT,False
AZvQIKzZhJk,Wasted Summers,juju<3,Wasted Summers,2:11,131,2026-09-14T08:57:25Z,2026-09-14T08:57:25Z,1,166,INDIFFERENT,False
AYU_nuMogow,Ragged Old Truck,Johnny Paycheck,The Soul & The Edge: The Best Of Johnny Paycheck,3:06,186,2026-09-14T08:57:25Z,2026-09-14T08:57:25Z,1,172,INDIFFERENT,False
prYDxBnkq-Y,E Ma S'eka,"Bola Johnson, His Easy Life Top Beats","Nigeria 70 - Sweet Times: Afro-Funk, Highlife & Juju from 1970s Lagos",3:05,185,2026-09-14T08:57:25Z,2026-09-22T08:34:19Z,3,261,INDIFFERENT,False
nUY5eNwu8S8,Killer Queen,Queen,Sheer Heart Attack,3:00,180,2026-09-14T08:57:25Z,2026-09-14T08:57:25Z,1,176,INDIFFERENT,False
3QjcFdqpuDY,I Think I Need a New Heart,The Magnetic Fields,69 Love Songs,2:33,153,2026-09-14T08:57:25Z,2026-09-16T08:37:24Z,2,242,INDIFFERENT,False
lP02ew_7Or4,He Needs Me,Punch-Drunk Love,Punch-Drunk Love (Music from the Motion Picture Soundtrack),3:32,212,2026-09-14T08:57:25Z,2026-09-19T08:04:47Z,3,83,INDIFFERENT,False
iYpEvnrlxu8,Koop Island Blues (feat. Ane Brun),Koop,Koop Islands,4:33,273,2026-09-14T08:57:25Z,2026-09-14T08:57:25Z,1,191,INDIFFERENT,False
5ZiIQJcl7ZA,The Elevator Bossa Nova,Bensound,The Elevator Bossa Nova,4:15,255,2026-09-14T08:57:25Z,2026-09-19T08:04:47Z,4,215,INDIFFERENT,False
QbT-nNRHTNI,I Guess the Lord Must Be in New York City,Harry Nilsson,Harry,2:42,162,2026-09-14T08:57:25Z,2026-09-16T08:37:24Z,3,380,INDIFFERENT,False
Bj_kqaCkiS8,I Been to Georgia on a Fast Train,Billy Joe Shaver,The Complete Columbia Recordings ('81-'87),2:57,177,2026-09-14T08:57:25Z,2026-09-26T08:37:40Z,7,11,INDIFFERENT,False
XgGAeeKXGXY,lovers’ carvings,Bibio,Ambivalence Avenue,3:59,239,2026-09-14T08:57:25Z,2026-09-22T08:34:19Z,2,7,INDIFFERENT,False
r02mYOlfcCw,We Are The People,Empire Of The Sun,Walking On A Dream (10th Anniversary Edition),4:28,268,2026-09-14T08:57:25Z,2026-09-19T08:04:47Z,6,200,INDIFFERENT,False
VbClX9AAYr4,Shantel - Bucovina,charliefamous,,3:23,203,2026-09-14T08:57:25Z,2026-09-14T08:57:25Z,1,257,INDIFFERENT,False
jgOSGVmPgeY,The Big Hurt (Alternate Take),Toni Fisher,The Big Hurt,2:20,140,2026-09-14T08:57:25Z,2026-09-22T08:34:19Z,5,375,INDIFFERENT,False
EW3WluZRC2E,"Torquay [From the Motion Picture from Dusk Till Dawn] (feat. Tito & Tarantula, Robert Rodriguez, Tito & Tarantula)",The Leftovers,Tarantism,2:45,165,2026-09-14T08:57:25Z,2026-09-21T08:58:47Z,3,115,INDIFFERENT,False
AlyFY0imh6M,Air À Danser (Remastered 2008),Penguin Cafe Orchestra,Penguin Café Orchestra,4:31,271,2026-09-14T08:57:25Z,2026-09-14T08:57:25Z,1,264,INDIFFERENT,False
BH4nJ2r0DJ8,Countryfied,Mel McDaniel,I'm Countryfied,2:39,159,2026-09-14T08:57:25Z,2026-09-26T08:37:40Z,8,148,INDIFFERENT,False
GupTamW4vqY,My Beauty (feat. Malee),Beauty Freak,My Beauty,3:07,187,2026-09-14T08:57:25Z,2026-09-14T08:57:25Z,1,267,INDIFFERENT,False
0hnghuXN7qE,Gone Daddy Gone,Violent Femmes,Violent Femmes,3:07,187,2026-09-14T08:57:25Z,2026-09-14T08:57:25Z,1,268,INDIFFERENT,False
jX37gji1n_M,There Ain't No Good Chain Gang,Ed Bruce,The Tennessean,2:32,152,2026-09-14T08:57:25Z,2026-09-26T08:37:40Z,8,182,INDIFFERENT,False
j6Ods4uvFDY,Samba Tranquille (Remastered 2022),Thievery Corporation,Mirror Conspiracy (Remastered 2022),3:07,187,2026-09-14T08:57:25Z,2026-09-14T08:57:25Z,1,277,INDIFFERENT,False
gfUtNI-g8G4,"Akelarre (feat. Amaia Aberasturi, Garazi Urkola, Yune Nogueiras & Jone Laspiur)","Aránzazu Calleja, Maite Arroitajauregi",Akelarre (Original Motion Picture Soundtrack),2:52,172,2026-09-14T08:57:25Z,2026-09-14T08:57:25Z,1,282,INDIFFERENT,False
nLrwQHSz0WU,Just Good Ol' Boys,"Joe Stampley, Moe Bandy",Just Good Ol' Boys,2:39,159,2026-09-14T08:57:25Z,2026-09-26T08:37:40Z,5,197,INDIFFERENT,False
hPXCwmZd9-o,Nah Neh Nah,Vaya Con Dios,Night Owls,2:55,175,2026-09-14T08:57:25Z,2026-09-14T08:57:25Z,1,292,INDIFFERENT,False
VHLUwt2IZrw,I'm Just an Old Chunk of Coal (But I'm Gonna Be a Diamond Some Day),John Anderson,John Anderson 2,3:48,228,2026-09-14T08:57:25Z,2026-09-26T08:37:40Z,8,31,INDIFFERENT,False
4D7u5KF7SP8,Get Lucky (feat. Pharrell Williams and Nile Rodgers),"Daft Punk, Nile Rodgers, Pharrell Williams",Random Access Memories,6:10,370,2026-09-14T08:57:25Z,2026-09-15T08:42:48Z,2,265,INDIFFERENT,False
-sBnS1Cqz4s,Hazey Jane II,Nick Drake,Bryter Layter,3:46,226,2026-09-14T08:57:25Z,2026-09-14T08:57:25Z,1,296,INDIFFERENT,False
ggKdy2n_DXA,Take Pills,Panda Bear,Person Pitch,5:24,324,2026-09-14T08:57:25Z,2026-09-14T08:57:25Z,1,297,INDIFFERENT,False
jrpBM6Fl24E,Words,The Real Group,In the Middle of Life,3:05,185,2026-09-14T08:57:25Z,2026-09-22T08:34:19Z,6,330,INDIFFERENT,False
OQ1b1QuIZb8,Summer Sun,Koop,Waltz for Koop,3:48,228,2026-09-14T08:57:25Z,2026-09-14T08:57:25Z,1,324,INDIFFERENT,False
hu6EoQtpHcM,Meu Nego (feat. Karina Zeviani),Thievery Corporation,Saudade,3:22,202,2026-09-14T08:57:25Z,2026-09-14T08:57:25Z,1,331,INDIFFERENT,False
tzwOEmonU_k,Bossa for Noa,"Gustav Lundgren, Martin Landström",Night Howl,3:30,210,2026-09-14T08:57:25Z,2026-09-14T08:57:25Z,1,332,INDIFFERENT,False
3vVSBLkpO-8,Baby I'm Yours (feat. Irfane),Breakbot,Baby I'm Yours,3:36,216,2026-09-14T08:57:25Z,2026-09-15T08:42:48Z,2,369,INDIFFERENT,False
aSNZ76kF_gM,I'm Dancing in the Show Tonight,Ween,The Mollusk,1:56,116,2026-09-14T08:57:25Z,2026-09-16T05:17:39Z,3,202,INDIFFERENT,False
riOJw7-MJ0w,Stay a Little Longer,Bob Wills and His Texas Playboys,The Essential Bob Wills & His Texas Playboys,2:46,166,2026-09-14T08:57:25Z,2026-09-21T08:58:47Z,3,19,INDIFFERENT,False
6asgoho6tcM,Le Coeur (feat. Lou Lou Ghelickhani),Thievery Corporation,Saudade,3:05,185,2026-09-14T08:57:25Z,2026-09-14T08:57:25Z,1,379,INDIFFERENT,False
Pdbg44M37Q4,The Sign,Ace of Base,Happy Nation (U.S. Version),3:12,192,2026-09-14T08:57:25Z,2026-09-20T08:37:04Z,2,419,INDIFFERENT,False
lu9aG340FsQ,Seasons,Prawd Wunder,South,6:45,405,2026-09-14T08:57:25Z,2026-09-23T08:36:35Z,7,454,INDIFFERENT,False
Ln0VtI_tbag,Give It All You've Got,"Brian Wade, Oswin John Falquero, & Tony Cliff",Bruton BRH11: Pop Vocals,2:34,154,2026-09-14T08:57:25Z,2026-09-22T08:34:19Z,4,412,INDIFFERENT,False
CxzHeY-GtDw,El Origen,Rodrigo Gallardo,El Origen,6:14,374,2026-09-14T08:57:25Z,2026-09-26T08:37:40Z,12,467,INDIFFERENT,False
EU79S-pFmn0,Can't Get You Out of My Head,Kylie Minogue,Can't Get You Out of My Head,3:52,232,2026-09-14T08:57:25Z,2026-09-18T08:16:45Z,5,229,INDIFFERENT,False
pShn8Ug9R5U,Stardust,Charlie Spivak and His Orchestra,"Charlie Spivak And His Orchestra, 1943-46",5:08,308,2026-09-14T08:57:25Z,2026-09-19T08:04:47Z,4,194,INDIFFERENT,False
T2ShTIcETEs,Winters Love,Animal Collective,Sung Tongs,4:56,296,2026-09-14T08:57:25Z,2026-09-14T08:57:25Z,1,408,INDIFFERENT,False
RYb76H2au_Y,Lysergic Bliss,of Montreal,Satanic Panic In The Attic,4:05,245,2026-09-14T08:57:25Z,2026-09-14T08:57:25Z,1,410,INDIFFERENT,False
EgY1IrXw_G0,Are We Lonesome Yet,Charley Crockett,Music City USA,2:54,174,2026-09-13T08:20:16Z,2026-09-13T08:20:16Z,1,9,INDIFFERENT,False
_nPBuSaHYhs,Mirando El Fuego (feat. Joaquín Cornejo & Minuk),El Búho,Camino de Flores,5:42,342,2026-09-13T08:20:16Z,2026-09-25T08:51:12Z,13,4,INDIFFERENT,False
92s034CwP5A,Musiquita,"Cuervo Cuervo, Cyma, Loli Cosmica",Musiquita,5:46,346,2026-09-13T08:20:16Z,2026-09-26T08:37:40Z,14,51,INDIFFERENT,False
A7SpZTp9FmI,Remolino,Natalia Doco,El Buen Gualicho,3:46,226,2026-09-13T08:20:16Z,2026-09-25T08:51:12Z,11,17,INDIFFERENT,False
yLl2XMqvvmA,La Cumbia de la Selva,Lagartijeando,La Cumbia de la Selva,3:18,198,2026-09-13T08:20:16Z,2026-09-22T08:34:19Z,6,203,INDIFFERENT,False
fHfoAckO1lo,Que Suelte,Wana,Portales,4:13,253,2026-09-13T08:20:16Z,2026-09-22T08:34:19Z,2,184,INDIFFERENT,False
Jq8ZnjkFSJI,Luchando,"LA LOM, Los Mirlos",Luchando,3:04,184,2026-09-13T08:20:16Z,2026-09-21T08:58:47Z,3,228,INDIFFERENT,False
R4xWbRBLj2I,Here's to you (feat. Joan Baez),Ennio Morricone,Sacco e Vanzetti (Original Motion Picture Soundtrack),3:09,189,2026-09-13T08:20:16Z,2026-09-13T08:20:16Z,1,98,INDIFFERENT,False
LXA3UGcbZFI,Old Home Place,J.D. Crowe & The New South,J.D. Crowe & the New South,2:49,169,2026-09-13T08:20:16Z,2026-09-26T08:37:40Z,3,121,INDIFFERENT,False
sIAUW5MqKGk,This Land Is Your Land,"Peter, Paul and Mary",Moving,2:27,147,2026-09-13T08:20:16Z,2026-09-13T08:20:16Z,1,116,INDIFFERENT,False
0pcKDsovtUQ,Head Over Heels,The Bluegrass Album Band,"The Bluegrass Album, Vol. 4",2:36,156,2026-09-13T08:20:16Z,2026-09-25T08:51:12Z,2,477,INDIFFERENT,False
MuGPKIoL6Wc,7 Caminos,Lagartijeando,7 Caminos,4:09,249,2026-09-13T08:20:16Z,2026-09-26T08:37:40Z,11,353,INDIFFERENT,False
79TAyvMXDSs,Ma Le Gambe,Enzo Orefice trio,Ma Le Gambe,4:39,279,2026-09-13T08:20:16Z,2026-09-23T08:36:35Z,3,24,INDIFFERENT,False
22ibvZ85u-Y,Semilla Solar,Huaira,Ñuka Shunku,4:46,286,2026-09-13T08:20:16Z,2026-09-26T08:37:40Z,15,62,INDIFFERENT,False
B5PVUmwUOFo,Zorzal,Campo,Campo,3:10,190,2026-09-13T08:20:16Z,2026-09-26T08:37:40Z,15,74,INDIFFERENT,False
hmtOPePBvJU,Lucia,LA LOM,The Los Angeles League Of Musicians,2:11,131,2026-09-13T08:20:16Z,2026-09-26T08:37:40Z,14,258,INDIFFERENT,False
Pnnb34xkdks,Streets Of Baltimore,The Little Willies,The Little Willies,3:07,187,2026-09-13T08:20:16Z,2026-09-25T08:51:12Z,10,414,INDIFFERENT,False
ySkgj9DZCg0,Amazonas a Los Andes,Lagartijeando,Cardos Rodando,3:52,232,2026-09-13T08:20:16Z,2026-09-13T08:20:16Z,1,209,INDIFFERENT,False
dJDu80_XboE,Corazón de Rubí (feat. Minük),El Búho,Corazón de Rubí,4:15,255,2026-09-13T08:20:16Z,2026-09-26T08:37:40Z,14,459,INDIFFERENT,False
_KFRhLJ0QDU,Sueño Contigo,"Aluminé Guerrero, Yeahman",Ostriconi,4:32,272,2026-09-13T08:20:16Z,2026-09-26T08:37:40Z,13,372,INDIFFERENT,False
6hhyQSoMjJo,Infinito Tren (feat. Tula Ben Ari),Amos Ever Hadani,Palmira,3:43,223,2026-09-13T08:20:16Z,2026-09-23T08:36:35Z,8,300,INDIFFERENT,False
pJ1uVZJlbLI,Eres el viento,Josefa Ibarra,Eres el viento,3:11,191,2026-09-13T08:20:16Z,2026-09-26T08:37:40Z,14,57,INDIFFERENT,False
aA7mXnkf85A,Café sans horloge,Lunera,Café sans horloge,3:57,237,2026-09-13T08:20:16Z,2026-09-16T05:17:39Z,4,438,INDIFFERENT,False
P6bbT5HUe_Q,Cardos Rodando,Lagartijeando,Cardos Rodando,3:57,237,2026-09-13T08:20:16Z,2026-09-24T08:29:18Z,11,404,INDIFFERENT,False
C9Qu3HNWQaE,Criançada (con Castello Branco),Nicola Cruz,Siku,5:08,308,2026-09-13T08:20:16Z,2026-09-26T08:37:40Z,15,40,INDIFFERENT,False
0PzxkQU3Xqg,Wicked Fascinations,Circus Contraption,Grand American Traveling Dime Museum,3:29,209,2026-09-13T08:20:16Z,2026-09-24T08:29:18Z,9,290,INDIFFERENT,False
I04G23amrPY,Ochiemay,Huaira,Ñuka Shunku,5:34,334,2026-09-13T08:20:16Z,2026-09-26T08:37:40Z,14,398,INDIFFERENT,False
pkXAqArk6v4,Uno Resuena,Lulacruza,Orcas,5:36,336,2026-09-13T08:20:16Z,2026-09-25T08:51:12Z,13,74,INDIFFERENT,False
SgMdr6Qk8is,"Corcovado (feat. Scott Hamilton, Ignasi Terraza, Esteve Pi & Josep Traver)","Andrea Motis, Joan Chamorro",Live at Jamboree - Barcelona,5:19,319,2026-09-13T08:20:16Z,2026-09-19T08:04:47Z,6,67,INDIFFERENT,False
qoDI1yARce4,Muerto Mi Abuelo,Umoja,Vuelo Nocturno,5:37,337,2026-09-13T08:20:16Z,2026-09-26T08:37:40Z,14,194,INDIFFERENT,False
ZS-SeGAbwbs,Santa Rosa de los Andes,Lagartijeando,Cardos Rodando,3:33,213,2026-09-13T08:20:16Z,2026-09-25T08:51:12Z,10,440,INDIFFERENT,False
0-n96j7C2SM,Ay Palomita,Rodrigo Gallardo,Ay Palomita,6:32,392,2026-09-13T08:20:16Z,2026-09-25T08:51:12Z,13,428,INDIFFERENT,False
LUYZvyOJvJU,Baixi Baixi,"Aluna Project, Yeahman",Baixi Baixi,3:40,220,2026-09-13T08:20:16Z,2026-09-25T08:51:12Z,14,200,INDIFFERENT,False
TFY1_zZ5Nc4,Stomp!,The Brothers Johnson,Light Up The Night,6:21,381,2026-09-13T08:20:16Z,2026-09-25T08:51:12Z,5,261,INDIFFERENT,False
-T3qT4ezviY,Bored,Waxahatchee,Tigers Blood,2:56,176,2026-09-13T08:20:16Z,2026-09-26T08:37:40Z,7,98,INDIFFERENT,False
JMXeUdyyakw,Chambacú,"Flowering Inferno, Quantic",1000 Watts,3:20,200,2026-09-13T08:20:16Z,2026-09-24T08:29:18Z,11,381,INDIFFERENT,False
MUp-qExcU-k,Rua do Arvoredo (feat. Feu Marinho),"Putumayo, Saravá",Café Nomadica by Putumayo,3:36,216,2026-09-13T08:20:16Z,2026-09-24T08:29:18Z,9,170,INDIFFERENT,False
32faUlvDxCw,My Type,Saint Motel,My Type,3:27,207,2026-09-13T08:20:16Z,2026-09-25T08:51:12Z,2,479,INDIFFERENT,False
4oWhtLSGYbE,Jack Johnson - Escape (The Pina Colada Song) - The Secret Life of Water Mitty OST,Ariel0130,,4:01,241,2026-09-13T08:20:16Z,2026-09-13T08:20:16Z,1,498,INDIFFERENT,False
fA3u6-EUe5s,The Marvelous Toy,"Peter, Paul and Mary",Around the Campfire,3:08,188,2026-09-13T01:23:15Z,2026-09-15T08:42:48Z,3,335,INDIFFERENT,False
n-odtha0f8g,Silver Dagger,Charley Crockett,In the Night,2:27,147,2026-09-13T01:23:15Z,2026-09-13T01:23:15Z,1,5,INDIFFERENT,False
edpCYeZi9lw,I'm Still Here,John Hartford,Gum Tree Canoe,3:25,205,2026-09-13T01:23:15Z,2026-09-20T08:37:04Z,3,32,LIKE,True
tle4ET-2O8A,Three Times Seven,Doc & Merle Watson,Elementary Doctor Watson,2:21,141,2026-09-13T01:23:15Z,2026-09-13T08:20:16Z,2,74,INDIFFERENT,False
hgBJErIEbZw,El Paraíso,Nación Ekeko & Julieta Venegas,El Paraíso,3:52,232,2026-09-13T01:23:15Z,2026-09-26T08:37:40Z,16,20,INDIFFERENT,False
zDKG9LhxjFQ,Sailor Song,Gigi Perez,Sailor Song,3:32,212,2026-09-13T01:23:15Z,2026-09-25T08:51:12Z,10,335,INDIFFERENT,False
VFE9A9KLGYE,El Coyote,"Kris Kristofferson, The Borderlords",Repossessed,2:41,161,2026-09-13T01:23:15Z,2026-09-20T08:37:04Z,2,414,INDIFFERENT,False
yPHXbYugykM,Meet You Again,"Ebony Loren, Jason LaPierre",Meet You Again,3:08,188,2026-09-13T01:23:15Z,2026-09-13T08:20:16Z,2,43,INDIFFERENT,False
fNW5foKh9ck,La Frontera (feat. Minük),Lagartijeando,La Frontera,5:41,341,2026-09-13T01:23:15Z,2026-09-26T08:37:40Z,4,269,INDIFFERENT,False
-SZW7sk-UpY,The Sea,Sierra Ferrell,Long Time Coming,3:33,213,2026-09-13T01:23:15Z,2026-09-24T08:29:18Z,4,122,INDIFFERENT,False
KaX6H1usRRE,Harlem River Blues,Justin Townes Earle,Harlem River Blues,2:49,169,2026-09-13T01:23:15Z,2026-09-13T01:23:15Z,1,96,INDIFFERENT,False
jX1FtDmMnRU,"I Know You Rider (Live at Musikhalle, Hamburg, West Germany 4/29/1972) (feat. David Nelson, Debbie Eisenberg, Marma-Duke & Merle Saunders)",Grateful Dead,"Europe '72 Vol. 10: Musikhalle, Hamburg, West Germany 4/29/72 (Live)",5:36,336,2026-09-13T01:23:15Z,2026-09-13T01:23:15Z,1,102,INDIFFERENT,False
cC0IMwqGWWM,Paruma (feat. History of Colour),Nicola Cruz,Confluencias II: Montaña,4:18,258,2026-09-13T01:23:15Z,2026-09-26T08:37:40Z,16,447,INDIFFERENT,False
6qVmuzMXnG8,La Cumbia Del Cafe Martinez,El Búho,Cumbias Imaquinarias - EP,3:58,238,2026-09-13T01:23:15Z,2026-09-26T08:37:40Z,16,244,INDIFFERENT,False
-B_cMrQr8w8,Buzzing Bee,Gabi Hartmann,Gabi Hartmann,3:22,202,2026-09-13T01:23:15Z,2026-09-24T08:29:18Z,5,156,INDIFFERENT,False
IzD6TjlYTb8,Cariñito,"Hajna, Mina Shankha, Yeahman",Ostriconi,5:35,335,2026-09-13T01:23:15Z,2026-09-26T08:37:40Z,16,452,INDIFFERENT,False
oZfwSSMwQsU,Sunday Breakfast,Anthony Lazaro,Sunday Breakfast,3:00,180,2026-09-13T01:23:15Z,2026-09-25T08:51:12Z,13,137,INDIFFERENT,False
h8DeZSB2o-c,From The Start,Laufey,Bewitched,2:50,170,2026-09-13T01:23:15Z,2026-09-22T08:34:19Z,5,111,INDIFFERENT,False
ct-UIzkedUM,A la Muerte,Rodrigo Gallardo,El Origen,4:41,281,2026-09-13T01:23:15Z,2026-09-26T08:37:40Z,16,32,INDIFFERENT,False
kC1geVZLw-4,Cover My Trail Tonight,Charley Crockett,Age of the Ram,3:43,223,2026-09-13T01:23:15Z,2026-09-13T01:23:15Z,1,201,INDIFFERENT,False
m-xy86mFF8g,Jack-A-Roe (Live),Grateful Dead,Reckoning (Live),4:14,254,2026-09-13T01:23:15Z,2026-09-13T01:23:15Z,1,202,INDIFFERENT,False
XEEQ1pbGakM,Railroad of Sin,Sturgill Simpson,High Top Mountain,2:05,125,2026-09-13T01:23:15Z,2026-09-13T01:23:15Z,1,212,INDIFFERENT,False
uZv_k-bKMhE,If Only My Heart Could Speak (Acoustic Sessions / Live From Nashville),Cody Fry,Acoustic Sessions: Live From Nashville,3:48,228,2026-09-13T01:23:15Z,2026-09-25T08:51:12Z,7,219,INDIFFERENT,False
Dqv_BSk0eBA,The Fish Aren't Bitin' Today,David Allan Coe,Compass Point,3:09,189,2026-09-13T01:23:15Z,2026-09-14T08:57:25Z,2,192,INDIFFERENT,False
-lHgQRPcH3I,Billie Bossa Nova,Baila Nova,Coração Vagabundo,3:15,195,2026-09-13T01:23:15Z,2026-09-16T08:37:24Z,4,33,INDIFFERENT,False
3cKtSlsYVEU,September,"Earth, Wind & Fire","The Best Of Earth, Wind & Fire Vol. 1",3:36,216,2026-09-13T01:23:15Z,2026-09-14T08:57:25Z,2,271,INDIFFERENT,False
pmi-lv67HH4,Tlacotlan,El Búho,Balance,4:09,249,2026-09-13T01:23:15Z,2026-09-26T08:37:40Z,14,15,INDIFFERENT,False
sXapEUwww0k,Sea Stories,Sturgill Simpson,Cuttin' Grass - Vol. 2 (Cowboy Arms Sessions),3:12,192,2026-09-13T01:23:15Z,2026-09-13T01:23:15Z,1,251,INDIFFERENT,False
rakANGJoFQs,I've Got You Under My Skin,"Lady Gaga, Tony Bennett",Love For Sale (Deluxe),3:06,186,2026-09-13T01:23:15Z,2026-09-13T08:20:16Z,2,291,INDIFFERENT,False
BDSJYTtaOFk,Live Forever,Billy Joe Shaver,Tramp On Your Street,2:50,170,2026-09-13T01:23:15Z,2026-09-26T08:37:40Z,9,210,INDIFFERENT,False
o-UgZbaPE54,Graveyard's Full,The Growlers,Hot Tropics,2:07,127,2026-09-13T01:23:15Z,2026-09-13T08:20:16Z,2,343,INDIFFERENT,False
17GtrA32HPM,Sometimes,Luke Bell,Luke Bell,4:08,248,2026-09-13T01:23:15Z,2026-09-13T01:23:15Z,1,289,INDIFFERENT,False
GVbsYbrCq3M,Me & Shooter,Charley Crockett,Age of the Ram,3:13,193,2026-09-13T01:23:15Z,2026-09-16T08:37:24Z,2,107,INDIFFERENT,False
1fkALB4-MCU,Texas Moon,Vincent Neil Emerson,Texas Moon,3:26,206,2026-09-13T01:23:15Z,2026-09-13T01:23:15Z,1,308,INDIFFERENT,False
eIXR3bZanbM,Kentucky Too Long,Charley Crockett,Age of the Ram,3:39,219,2026-09-13T01:23:15Z,2026-09-21T08:58:47Z,2,230,INDIFFERENT,False
6kwKTqpQ5k8,Breakers Roar,Sturgill Simpson,Cuttin' Grass - Vol. 1 (Butcher Shoppe Sessions),2:30,150,2026-09-13T01:23:15Z,2026-09-13T01:23:15Z,1,331,INDIFFERENT,False
fNKpC29QTLc,Muddy Water,King Gizzard & The Lizard Wizard,Gumboot Soup,3:39,219,2026-09-13T01:23:15Z,2026-09-24T08:29:18Z,4,97,INDIFFERENT,False
hNFn_j3ybYg,Gone Away,Honahlei,Gone Away,3:04,184,2026-09-12T20:31:33Z,2026-09-12T20:31:33Z,1,5,INDIFFERENT,False
U6FI-_6Ysr0,N'Téro (feat. Modou Touré & Andy Platt),"Skinshape, The Horus All Stars",N'Téro,2:28,148,2026-09-12T20:31:33Z,2026-09-12T20:31:33Z,1,25,INDIFFERENT,False
4nhuxkDRKJ4,Vamos Vente (Bossa Version),"Bea, iván fergón",Vamos Vente (Bossa Version),3:16,196,2026-09-12T20:31:33Z,2026-09-12T20:31:33Z,1,28,INDIFFERENT,False
CU0Vv4vRa1U,Hanging On,Monophonics,Sound of Sinning,3:35,215,2026-09-12T20:31:33Z,2026-09-12T20:31:33Z,1,44,INDIFFERENT,False
01pQgdIfhAM,"Bad, Bad Leroy Brown",Jim Croce,Life & Times,3:03,183,2026-09-12T20:31:33Z,2026-09-26T08:37:40Z,10,226,INDIFFERENT,False
oVwtFH3lbUw,Gotta Cheer Up,Cotton Jones,Paranoid Cocoon,3:13,193,2026-09-12T20:31:33Z,2026-09-12T20:31:33Z,1,56,INDIFFERENT,False
ySf30dxLBXY,Borrowed Time,Charley Crockett,The Valley,2:33,153,2026-09-12T20:31:33Z,2026-09-24T08:29:18Z,3,250,INDIFFERENT,False
DWfpR9dxzo0,Shelter,Alice Phoebe Lou,Shelter,3:18,198,2026-09-12T20:31:33Z,2026-09-12T20:31:33Z,1,92,INDIFFERENT,False
8RfJvQGS_hQ,Brown Skin,Richie Spice,In The Streets To Africa,3:40,220,2026-09-12T20:31:33Z,2026-09-12T20:31:33Z,1,100,INDIFFERENT,False
-mXlW9LytYo,Brand New Key,Melanie,Gather Me,2:28,148,2026-09-12T20:31:33Z,2026-09-26T08:37:40Z,4,271,LIKE,False
SOJlKdlGt5M,Instant Playa,Boztown,Where You Go,1:42,102,2026-09-12T20:31:33Z,2026-09-24T08:29:18Z,4,112,INDIFFERENT,False
c0dvabcWVo0,"Take Me Home, Country Roads",John Denver,"Poems, Prayers and Promises",3:11,191,2026-09-12T20:31:33Z,2026-09-26T08:37:40Z,13,155,INDIFFERENT,False
9iayJ8u4Qew,Respect,Aretha Franklin,I Never Loved a Man the Way I Love You,2:29,149,2026-09-12T20:31:33Z,2026-09-12T20:31:33Z,1,128,INDIFFERENT,False
YDldlpDYy38,Siente,BALTHVS,Siente,4:03,243,2026-09-12T20:31:33Z,2026-09-12T20:31:33Z,1,135,INDIFFERENT,False
n3qQtSRmHxo,Don't Stop 'Til You Get Enough,Michael Jackson,Off the Wall,6:06,366,2026-09-12T20:31:33Z,2026-09-12T20:31:33Z,1,142,LIKE,True
MGsML0e9QGQ,Tokyo Disko,YĪN YĪN,Mount Matsu,4:49,289,2026-09-12T20:31:33Z,2026-09-12T20:31:33Z,1,150,INDIFFERENT,False
rkhL-4-BVF4,No Fear,Inflo,No Fear,4:12,252,2026-09-12T20:31:33Z,2026-09-12T20:31:33Z,1,152,INDIFFERENT,False
jNHVJMx_qf8,Music City USA,Charley Crockett,Music City USA,3:03,183,2026-09-12T20:31:33Z,2026-09-12T20:31:33Z,1,156,INDIFFERENT,False
aN3FSkh_LN8,Window Eyes,Veni Sun,Window Eyes,3:49,229,2026-09-12T20:31:33Z,2026-09-22T08:34:19Z,2,109,INDIFFERENT,False
G-AO9hyD19k,Completely,Caro Emerald,The Shocking Miss Emerald,2:30,150,2026-09-12T20:31:33Z,2026-09-12T20:31:33Z,1,175,INDIFFERENT,False
DO0pCnHhNoE,Zeitgeist,Babe Rainbow,Zeitgeist,4:16,256,2026-09-12T20:31:33Z,2026-09-12T20:31:33Z,1,179,INDIFFERENT,False
IQPGNh_2vtw,Trinity: titoli (feat. Annibale & I Cantori Moderni Di Alessandroni),Franco Micalizzi,Lo chiamavano Trinità... (Original Motion Picture Soundtrack),3:06,186,2026-09-12T20:31:33Z,2026-09-13T08:20:16Z,2,94,INDIFFERENT,False
vqMQ0gkEyt0,My Name is Nobody (Main Title),Ennio Morricone,My Name is Nobody (Original Motion Picture Soundtrack),3:12,192,2026-09-12T20:31:33Z,2026-09-13T08:20:16Z,2,169,LIKE,True
oB9JIz72BoM,Ain't No Mountain High Enough,"Marvin Gaye, Tammi Terrell",United,2:32,152,2026-09-12T20:31:33Z,2026-09-12T20:31:33Z,1,200,INDIFFERENT,False
jUdM0oguxSM,País Azucar,Blundetto,Good Good Things,3:56,236,2026-09-12T20:31:33Z,2026-09-12T20:31:33Z,1,201,INDIFFERENT,False
Th8JyYl0Q1A,Betty & DuPree,"Peter, Paul and Mary",See What Tomorrow Brings,3:17,197,2026-09-12T20:31:33Z,2026-09-13T08:20:16Z,2,307,INDIFFERENT,False
KfzQ-krLl5Q,Never Let You Go (feat. Patrizia Ferrara),Waldeck,Atlantic Ballroom,3:14,194,2026-09-12T20:31:33Z,2026-09-12T20:31:33Z,1,248,INDIFFERENT,False
EFPs-CPk7AA,Close To You,Maxi Priest,Bonafide,5:26,326,2026-09-12T20:31:33Z,2026-09-12T20:31:33Z,1,341,INDIFFERENT,False
hfq2ECXlgqw,Leave Me Alone,Michael Jackson,Bad (25th Anniversary),4:41,281,2026-09-12T20:31:33Z,2026-09-12T20:31:33Z,1,362,INDIFFERENT,False
B0oSQuR-eu8,On the Road Again (Live),Grateful Dead,Reckoning (Live),3:14,194,2026-09-12T20:31:33Z,2026-09-12T20:31:33Z,1,369,INDIFFERENT,False
7Z3uhIRkBNw,Hooked On A Feeling,"Björn Skifs, Blue Swede",Pinewood Rally,2:53,173,2026-09-12T20:31:33Z,2026-09-25T08:51:12Z,7,451,INDIFFERENT,False
RAYQTfFh4xk,Le Freak,Chic,C'est Chic,5:28,328,2026-09-12T20:31:33Z,2026-09-13T08:20:16Z,2,493,INDIFFERENT,False
P5NWs_qaaTI,Push th' Little Daisies,Ween,Pure Guava,2:50,170,2026-09-12T20:31:33Z,2026-09-12T20:31:33Z,1,387,INDIFFERENT,False
jdsqht1m1rE,We Are Family (1995 Remaster),Sister Sledge,We Are Family (1995 Remaster),3:37,217,2026-09-12T20:31:33Z,2026-09-12T20:31:33Z,1,400,INDIFFERENT,False
8Rn7YZWtZEo,Hit 'Em up Style,Carolina Chocolate Drops,Genuine Negro Jig,3:58,238,2026-09-12T20:31:33Z,2026-09-26T08:37:40Z,6,187,INDIFFERENT,False
1fVm8-rx3J0,"The Promised Land (Live at Winterland, San Francisco, CA 10/16-20/74) [2026 Remaster]",Grateful Dead,Steal Your Face (50th Anniversary Remaster) (Live),3:19,199,2026-09-12T20:31:33Z,2026-09-13T01:23:15Z,2,312,INDIFFERENT,False
RcejfvTXusM,The Sweetest Taboo,Sade,Promise,4:38,278,2026-09-12T20:31:33Z,2026-09-12T20:31:33Z,1,419,INDIFFERENT,False
wmR7JWPMdoQ,Stomp!,The Brothers Johnson,The Best Of Disco Funk (Disco Nights Vol.2),6:00,360,2026-09-12T20:31:33Z,2026-09-12T20:31:33Z,1,430,INDIFFERENT,False
NDN5PD00CpQ,He's the Greatest Dancer (1995 Remaster),Sister Sledge,We Are Family (1995 Remaster),6:16,376,2026-09-12T20:31:33Z,2026-09-12T20:31:33Z,1,436,INDIFFERENT,False
gelwwYuYGn0,Just the Two of Us,"Grover Washington, Jr.",Winelight,7:24,444,2026-09-12T20:31:33Z,2026-09-12T20:31:33Z,1,453,INDIFFERENT,False
XhdwgH3lPwk,Maruska,Boban i Marko Markovic Orkestar,Devla,3:07,187,2026-09-12T20:31:33Z,2026-09-19T08:04:47Z,6,367,INDIFFERENT,False
yNujU3vJYng,Rock Away,Beres Hammond,Music Is Life,4:00,240,2026-09-12T20:31:33Z,2026-09-12T20:31:33Z,1,495,INDIFFERENT,False
Hs0U1wyxF4Y,Step Into The Sun,Slightly Stoopid,Step Into The Sun,4:01,241,2026-09-12T20:31:33Z,2026-09-24T08:29:18Z,3,486,INDIFFERENT,False
TBS6gAtj8gE,Celebration,Kool & The Gang,Celebrate!,4:59,299,2026-09-12T20:31:33Z,2026-09-12T20:31:33Z,1,500,INDIFFERENT,False
jyCrSvoNB-g,Asiyo Bellema feat. Frank Holder & Niaaza Alsherif (feat. Frank Holder & Niaaza Alsherif),Mulatu Astatke,New York - Addis - London: The Story of Ethio Jazz 1965-1975,2:53,173,2026-09-12T20:18:18Z,2026-09-12T20:18:18Z,1,38,INDIFFERENT,False
noiy7ajORtA,What You Know,Two Door Cinema Club,Tourist History,3:12,192,2026-09-12T20:18:18Z,2026-09-24T08:29:18Z,8,217,INDIFFERENT,False
WEnmT5Q8bg4,Loves Me Like a Rock,Paul Simon,There Goes Rhymin' Simon,3:34,214,2026-09-12T20:18:18Z,2026-09-25T08:51:12Z,8,373,INDIFFERENT,False
o3sBKBqwYso,Looking Out for You,Joy Again,Looking Out for You,3:00,180,2026-09-12T20:18:18Z,2026-09-24T08:29:18Z,8,193,INDIFFERENT,False
ROwIRNvPbVM,Helmet,Steve Lacy,Gemini Rights,3:22,202,2026-09-12T20:18:18Z,2026-09-12T20:18:18Z,1,90,INDIFFERENT,False
sy-Yixzr85I,Travelin' Man,Dick Curless,Travelin' Man,2:16,136,2026-09-12T20:18:18Z,2026-09-12T20:18:18Z,1,108,INDIFFERENT,False
JqsOILLRUbo,Act Naturally,Buck Owens,"The Buck Owens Story, Volume 1: 1956-1964",2:23,143,2026-09-12T20:18:18Z,2026-09-26T08:37:40Z,3,311,INDIFFERENT,False
phCX0E8avxs,Sea of Heartbreak,Don Gibson,RCA Country Legends: Don Gibson,2:36,156,2026-09-12T20:18:18Z,2026-09-12T20:18:18Z,1,122,INDIFFERENT,False
XBt845vjzq0,Marie Laveau,Bobby Bare,"Bobby Bare Sings Lullabys, Legends And Lies (And More)",3:10,190,2026-09-12T20:18:18Z,2026-09-12T20:18:18Z,1,158,INDIFFERENT,False
ln7Vn_WKkWU,Stuck In The Middle With You,Stealers Wheel,Stealers Wheel,3:29,209,2026-09-12T20:18:18Z,2026-09-26T08:37:40Z,12,245,INDIFFERENT,False
s3LguO0H2rI,All Of The Time,Jungle,Loving In Stereo,3:03,183,2026-09-12T20:18:18Z,2026-09-24T08:29:18Z,8,332,INDIFFERENT,False
LoqVPcXDtUs,North To Alaska*,Johnny Horton,Johnny Horton'S Greatest Hits,2:50,170,2026-09-12T20:18:18Z,2026-09-12T20:18:18Z,1,217,INDIFFERENT,False
_ogpa3bYwu4,Dippin' Snuff,Marvin Jackson,Dippin' Snuff / Money Problems,2:37,157,2026-09-12T20:18:18Z,2026-09-12T20:18:18Z,1,233,INDIFFERENT,False
l_9USuFmfl4,Orange Blossom Special,Johnny Cash,Orange Blossom Special,3:07,187,2026-09-12T20:18:18Z,2026-09-12T20:18:18Z,1,234,INDIFFERENT,False
pz3AoKi5d-4,Mahalageasca,Mahala Rai Banda,Mahala Rai Banda,4:07,247,2026-09-12T20:18:18Z,2026-09-16T08:37:24Z,4,189,INDIFFERENT,False
mllzzUjMezU,Shooting Stars,Bag Raiders,Bag Raiders (Deluxe),3:56,236,2026-09-12T20:18:18Z,2026-09-23T08:36:35Z,7,472,INDIFFERENT,False
Mh-4IYSXbvM,Chug-A-Lug,Roger Miller,Roger And Out,2:02,122,2026-09-12T20:18:18Z,2026-09-12T20:18:18Z,1,316,INDIFFERENT,False
UnSbnHUkP0U,I Truly Understand That You Love Another Man,Carolina Chocolate Drops,Leaving Eden,2:35,155,2026-09-12T20:18:18Z,2026-09-12T20:18:18Z,1,326,INDIFFERENT,False
lZ3X_ExZWvY,Norman Normal,"Peter, Paul and Mary","Peter, Paul and Mary Album",2:12,132,2026-09-12T20:18:18Z,2026-09-26T08:37:40Z,3,141,INDIFFERENT,False
g0aySWmckhs,No One's Watching Me (feat. Olivia Dean),Ezra Collective,"Dance, No One's Watching",4:23,263,2026-09-12T20:18:18Z,2026-09-22T08:34:19Z,8,30,INDIFFERENT,False
d9BWlGP_DJw,Convoy,C.W. McCall,C.W. McCall's Greatest Hits,3:51,231,2026-09-12T20:18:18Z,2026-09-12T20:18:18Z,1,333,INDIFFERENT,False
EXD12wc-g7Q,Ho's,Pepper,Kona Town,3:28,208,2026-09-12T20:18:18Z,2026-09-12T20:18:18Z,1,369,INDIFFERENT,False
ltjio4AM2uw,Let's Groove,"Earth, Wind & Fire",Raise!,5:40,340,2026-09-12T20:18:18Z,2026-09-15T08:42:48Z,4,386,INDIFFERENT,False
KZBVAGBYPos,Stay All Night (Stay A Little Longer) (feat. The Texas Playboys),Bob Wills,For The Last Time,3:07,187,2026-09-12T20:18:18Z,2026-09-26T08:37:40Z,8,415,INDIFFERENT,False
JZJNP08bx70,There Ain't No Easy Run,Dave Dudley,20th Century Masters: The Millennium Collection: Best Of Dave Dudley,2:53,173,2026-09-12T20:18:18Z,2026-09-12T20:18:18Z,1,399,INDIFFERENT,False
kvzl6cBHkaA,Hey Porter,Johnny Cash,I Walk the Line,2:21,141,2026-09-12T20:18:18Z,2026-09-12T20:18:18Z,1,408,INDIFFERENT,False
G5VV-em2J2A,Nine Pound Hammer,Tennessee Ernie Ford,This Lusty Land!,2:08,128,2026-09-12T20:18:18Z,2026-09-12T20:18:18Z,1,411,INDIFFERENT,False
Qkp54Q6SLwc,Oogum Boogum Song,Brenton Wood,Oogum Boogum,3:07,187,2026-09-12T20:18:18Z,2026-09-12T20:18:18Z,1,413,INDIFFERENT,False
y9wdyHiUagY,"You Don't Love Me (No, No, No) [Extended Mix]",Dawn Penn,"No, No, No",4:38,278,2026-09-12T20:18:18Z,2026-09-24T08:29:18Z,3,289,INDIFFERENT,False
s7-B-JXmhOs,Pass The Dutchie,Musical Youth,The Youth Of Today,3:25,205,2026-09-12T20:18:18Z,2026-09-15T08:42:48Z,2,141,INDIFFERENT,False
KP0V15PgFaQ,"Get Up, Stand Up",Bob Marley & The Wailers,Burnin' (Deluxe Edition),3:18,198,2026-09-12T20:18:18Z,2026-09-12T20:18:18Z,1,428,INDIFFERENT,False
xLSsL6iQaT8,Shaking Body,Ezra Collective,"Dance, No One's Watching",3:13,193,2026-09-12T20:18:18Z,2026-09-12T20:18:18Z,1,440,INDIFFERENT,False
CBGZ9Xaq7qs,Black Disciples,Ernest Ranglin,Below The Bassline,6:07,367,2026-09-12T20:18:18Z,2026-09-25T08:51:12Z,6,280,INDIFFERENT,False
67CN8FOCc84,Dancing in the Moonlight,Toploader,Onka's Big Moka,3:53,233,2026-09-12T20:18:18Z,2026-09-18T08:16:45Z,5,365,INDIFFERENT,False
-sYoKM2gPJY,Pebble Beach,Vince Guaraldi Trio,A Boy Named Charlie Brown,2:50,170,2026-09-12T20:18:18Z,2026-09-24T08:29:18Z,11,18,INDIFFERENT,False
zWmSJVBL1SE,Soundbwoy,"L'Entourloop, The Architect, Troy Berkley",Le savoir faire,3:55,235,2026-09-12T20:18:18Z,2026-09-12T20:18:18Z,1,476,INDIFFERENT,False
SRc_xfHN8ZU,Woof (butter version),"Kah-Lo, Sofi Tukker",butter,3:02,182,2026-09-12T20:18:18Z,2026-09-22T08:34:19Z,9,220,INDIFFERENT,False
UqHkSFKcFwo,Golden (feat. Cody Fry),Cory Wong,Golden,3:33,213,2026-09-12T20:18:18Z,2026-09-22T08:34:19Z,5,148,INDIFFERENT,False
DfHvCrGAo1A,Totally Nude (2005 Remaster),Talking Heads,Naked,4:12,252,2026-09-12T19:59:58Z,2026-09-12T20:31:33Z,2,458,INDIFFERENT,False
-DenZhMCbC4,Out of Time Man,Mano Negra,King Of Bongo,3:25,205,2026-09-12T19:59:58Z,2026-09-24T08:29:18Z,2,63,INDIFFERENT,False
qU9faHioQUU,Mexicali Blues,Bobby Weir,Ace,3:29,209,2026-09-12T19:59:58Z,2026-09-12T19:59:58Z,1,90,INDIFFERENT,False
s1Qxpwh8nLo,Obi Agye Me Dofo,VIS-A-VIS,Obi Agye Me Dɔfo,8:22,502,2026-09-12T19:59:58Z,2026-09-12T19:59:58Z,1,98,INDIFFERENT,False
KOEnd_TclzM,Stranger,Kris Kristofferson,Who's To Bless And Who's To Blame,3:11,191,2026-09-12T19:59:58Z,2026-09-22T08:34:19Z,4,9,INDIFFERENT,False
qckDY9NRc4c,Last Day In The Mines (Single Version),Dave Dudley,20th Century Masters: The Millennium Collection: Best Of Dave Dudley,2:13,133,2026-09-12T19:59:58Z,2026-09-12T19:59:58Z,1,220,INDIFFERENT,False
7jIVt-0L_3Y,The Golden Road,Grateful Dead,The Grateful Dead,2:13,133,2026-09-12T19:59:58Z,2026-09-12T19:59:58Z,1,223,INDIFFERENT,False
pTBdCxhFbwc,Coy Jackson - Lookout Heart - Country Bop 45,CheesebrewWaxArchive,,2:41,161,2026-09-12T19:59:58Z,2026-09-12T19:59:58Z,1,225,INDIFFERENT,False
_vLa86y59no,Get with It,Charlie Feathers,Gone Gone Gone,1:58,118,2026-09-12T19:59:58Z,2026-09-12T19:59:58Z,1,226,INDIFFERENT,False
4leCtyy-1hM,Walk in the Sunshine,Bobby Weir,Ace,3:06,186,2026-09-12T19:59:58Z,2026-09-12T20:31:33Z,2,262,INDIFFERENT,False
v1R8WxLkq9o,El Paso City,Marty Robbins,El Paso City,4:16,256,2026-09-12T19:59:58Z,2026-09-25T08:51:12Z,6,345,INDIFFERENT,False
lQuln0tbgDA,Got My Mind Set on You,George Harrison,Cloud Nine,3:55,235,2026-09-12T19:59:58Z,2026-09-25T08:51:12Z,4,401,INDIFFERENT,False
dBWTZF38Hxc,Buffalo Soldier,Bob Marley & The Wailers,Confrontation,4:16,256,2026-09-12T19:59:58Z,2026-09-22T08:34:19Z,5,357,INDIFFERENT,False
hBP2W4czrQ8,"Turn It On, Turn It On, Turn It On",Tom T. Hall,"Tom T. Hall - Storyteller, Poet, Philosopher",4:13,253,2026-09-12T19:59:58Z,2026-09-26T08:37:40Z,7,417,INDIFFERENT,False
PEnFhezylBI,Gumegum,"Hailu Mergia, The Walias",Gumegum,4:27,267,2026-09-12T19:59:58Z,2026-09-12T20:31:33Z,2,448,INDIFFERENT,False
eKm2asQL1ME,Raindrops Keep Fallin' on My Head (Rerecorded),B.J. Thomas,B.J. Thomas,3:00,180,2026-09-12T19:59:58Z,2026-09-25T08:51:12Z,8,372,INDIFFERENT,False
efwQI313UY0,Vesoul (feat. John Tegmeyer),Pomplamoose,Impossible à prononcer,3:11,191,2026-09-12T19:59:58Z,2026-09-12T20:31:33Z,2,373,INDIFFERENT,False
19XVKWanPaQ,One Hand Loose,Charlie Feathers,His Complete King Recordings,2:25,145,2026-09-12T19:59:58Z,2026-09-12T19:59:58Z,1,282,INDIFFERENT,False
YeTKmdn_IHY,A Visit from the Devil,Jack Leonard,"Hillbillies in Hell: Select Curios from the Dank Hayseed Dungeon, Vol. 1",2:55,175,2026-09-12T19:59:58Z,2026-09-12T19:59:58Z,1,284,INDIFFERENT,False
JxEgBL0wAkc,Exodus,Bob Marley & The Wailers,Exodus,7:41,461,2026-09-12T19:59:58Z,2026-09-12T19:59:58Z,1,287,INDIFFERENT,False
U2UyUq4ibew,Iag Bari,Fanfare Ciocarlia,Iag Bari,4:35,275,2026-09-12T19:59:58Z,2026-09-14T08:57:25Z,5,168,INDIFFERENT,False
v03FCIP5APU,Get Along Home Cindy,Bob Wills,"The Very Best of Bob Wills and His Texas Playboys, Anthology, Vol. 2: 1936-1937 (Country Legends)",2:50,170,2026-09-12T19:59:58Z,2026-09-12T19:59:58Z,1,300,INDIFFERENT,False
7Y6SYqwu3To,Deadstick,King Gizzard & The Lizard Wizard,Phantom Island,3:34,214,2026-09-12T19:59:58Z,2026-09-17T08:41:05Z,2,193,INDIFFERENT,False
DL-lXXFSAtI,"Sugar Magnolia (Live in Paris, 1972) [2001 Remaster] (Live in Paris, 1972; 2001 Remaster)",Grateful Dead,Europe '72 (Live; 2001 Remaster),7:11,431,2026-09-12T19:59:58Z,2026-09-26T08:37:40Z,5,18,INDIFFERENT,False
PDGUwVs-Z9w,Around The Sun – Body Music Remix (feat. Xavier Smith),"Amo Amo, Poolside",Around The Sun (Body Music Remix),3:57,237,2026-09-12T19:59:58Z,2026-09-12T19:59:58Z,1,310,INDIFFERENT,False
zzICMIu5zFY,Big Iron,Marty Robbins,Gunfighter Ballads And Trail Songs,3:56,236,2026-09-12T19:59:58Z,2026-09-20T08:37:04Z,4,408,INDIFFERENT,False
9WeLC7Wmnc8,Balkan Beast,Gypsy Hill,Balkan Beast (Remixes),4:20,260,2026-09-12T19:59:58Z,2026-09-24T08:29:18Z,9,456,LIKE,True
5D-d2gBxWf0,Hit 'Em Up Style (Oops!),Blu Cantrell,Bittersweet,4:11,251,2026-09-12T19:59:58Z,2026-09-26T08:37:40Z,11,494,INDIFFERENT,False
TvhHgYcaRBs,Asc. Scorpio,Oracle Sisters,Asc. Scorpio,2:47,167,2026-09-12T19:59:58Z,2026-09-26T08:37:40Z,11,174,LIKE,True
j6Xxnu-VkA4,Balcumbia,Balkan Beat Box,Blue Eyed Black Boy,3:23,203,2026-09-12T19:59:58Z,2026-09-15T08:42:48Z,2,477,INDIFFERENT,False
KWP7uw5mK-8,Poor Old Dirt Farmer,Levon Helm,Dirt Farmer,3:53,233,2026-09-12T19:59:58Z,2026-09-12T19:59:58Z,1,331,INDIFFERENT,False
z63wb0LpDfQ,Dixieland,"Steve Earle, The Del McCoury Band",The Mountain,2:57,177,2026-09-12T19:59:58Z,2026-09-12T20:18:18Z,2,162,INDIFFERENT,False
jrK0l3B08v8,No Man's Mama,Carolina Chocolate Drops,Leaving Eden,4:01,241,2026-09-12T19:59:58Z,2026-09-12T19:59:58Z,1,335,INDIFFERENT,False
-5OPCewaLp0,In The Jailhouse Now,Harley Allen,"O Brother, Where Art Thou? (Music From The Motion Picture / Deluxe Edition)",3:06,186,2026-09-12T19:59:58Z,2026-09-12T20:18:18Z,2,200,INDIFFERENT,False
9_WY06V48kk,Hank Williams Said It Best,Guy Clark,Dublin Blues,4:44,284,2026-09-12T19:59:58Z,2026-09-12T19:59:58Z,1,337,INDIFFERENT,False
xSb2LVnGAIM,Never Trust A Woman,Tex Williams,Vintage Collections,2:55,175,2026-09-12T19:59:58Z,2026-09-12T20:18:18Z,2,173,INDIFFERENT,False
hdlRXjRTr4U,All I Want,the Almanac Singers,Talking Union and Other Union Songs,3:00,180,2026-09-12T19:59:58Z,2026-09-12T20:18:18Z,2,357,INDIFFERENT,False
sZ0zgaNkhdU,Tides of Time,Happy Vibe Tunes,Mellow Bossa Nova Jazz for a Calm Day,3:48,228,2026-09-12T19:59:58Z,2026-09-22T08:34:19Z,2,356,INDIFFERENT,False
Hx4nWW9z0ig,Dance Monkey,Tones And I,Dance Monkey,3:30,210,2026-09-12T19:59:58Z,2026-09-24T08:29:18Z,8,499,INDIFFERENT,False
k95uy_XvMeI,Freight Train Boogie,The Delmore Brothers,Inducted Into The Hall Of Fame 2001,2:45,165,2026-09-12T19:59:58Z,2026-09-21T08:58:47Z,4,268,INDIFFERENT,False
OD6KEwrhaNQ,Iag Bari (Shantel DUB),Shantel & Fanfare Ciocarlia,Shantology // The Bucovina Club Years,5:07,307,2026-09-12T19:59:58Z,2026-09-15T08:42:48Z,2,482,INDIFFERENT,False
YsvKk3pWO30,Phil Eddings - Okechobee Stomp - Country 45,CheesebrewWaxArchive,,2:35,155,2026-09-12T19:59:58Z,2026-09-21T08:58:47Z,4,300,INDIFFERENT,False
Mz_eTswlAvM,Do I Ever Cross Your Mind,"Chet Atkins, Dolly Parton",Best of Chet Atkins and Friends,2:40,160,2026-09-12T19:59:58Z,2026-09-24T08:29:18Z,3,322,INDIFFERENT,False
XMP0BvKJvFQ,Palm Trees,Jungle,Volcano,3:20,200,2026-09-12T19:46:51Z,2026-09-24T08:29:18Z,9,21,INDIFFERENT,False
2UuGRmUE9rU,Lagos Sisi,Bola Johnson,Man No Die,3:24,204,2026-09-12T19:46:51Z,2026-09-12T20:18:18Z,3,60,INDIFFERENT,False
cCjtomr5w3o,Someday We Will Dream About Today,The Sways,Someday We Will Dream About Today,3:00,180,2026-09-12T19:46:51Z,2026-09-24T08:29:18Z,6,104,INDIFFERENT,False
sS5l7tdBvIA,Corrine Corrina (78rpm Version),Bob Wills and His Texas Playboys,Legends Of Country Music:  The Best Of Bob Wills And His Texas Playboys,2:51,171,2026-09-12T19:46:51Z,2026-09-16T05:17:39Z,2,497,INDIFFERENT,False
nUFy0BFApeA,Kulunmanqueleshi (Stereo Master),Mulatu Astatke,Mulatu Of Ethiopia,2:12,132,2026-09-12T19:46:51Z,2026-09-12T20:31:33Z,2,58,INDIFFERENT,False
WtCfx1djUhY,24HR Fling (feat. Wolfgang Valbrun),Kraak & Smaak,24HR Fling,3:47,227,2026-09-12T19:46:51Z,2026-09-12T20:31:33Z,3,367,INDIFFERENT,False
duRWC81Nhzs,Seabird,Innovations,"Down At Tiffany, Vol. 2",3:08,188,2026-09-12T19:46:51Z,2026-09-22T08:34:19Z,7,219,INDIFFERENT,False
JzCJXn-6N3E,Man Stupid Being,S.E. Rogie,The Sounds of S.E. Rogie,5:17,317,2026-09-12T19:46:51Z,2026-09-12T20:31:33Z,3,302,INDIFFERENT,False
3hNKrgD2Qag,Nothing From Nothing,Billy Preston,The Kids & Me,2:37,157,2026-09-12T19:46:51Z,2026-09-17T08:41:05Z,2,64,INDIFFERENT,False
a8MtVjSGRmY,If I Had My Way,"Peter, Paul and Mary","Peter, Paul and Mary",2:26,146,2026-09-12T19:46:51Z,2026-09-12T20:18:18Z,2,431,INDIFFERENT,False
GJI6zBMmAUY,If You Want Me To,Roger Miller,Roger And Out,1:53,113,2026-09-12T19:46:51Z,2026-09-12T19:46:51Z,1,103,INDIFFERENT,False
GtAZRFM0rXE,Tore up,Eddie Bond,Memphis Rockabilly King,1:55,115,2026-09-12T19:46:51Z,2026-09-12T19:46:51Z,1,107,INDIFFERENT,False
rt7PPidlIvg,Funnel Of Love,Wanda Jackson,The Capitol Singles 1959-1961,2:09,129,2026-09-12T19:46:51Z,2026-09-12T19:46:51Z,1,109,INDIFFERENT,False
Q8Cliuo-55Q,Phillip Atkinson - Gonna Take A Walk - Rockabilly 45,CheesebrewWaxArchive,,2:02,122,2026-09-12T19:46:51Z,2026-09-12T19:46:51Z,1,111,INDIFFERENT,False
p1rniDzuCSY,Big River,Johnny Cash,I Walk the Line,2:20,140,2026-09-12T19:46:51Z,2026-09-12T20:18:18Z,2,109,INDIFFERENT,False
2q_tg7z6q5A,I'll Get Along Somehow,Ernest Tubb,The Very Best Of Ernest Tubb,2:21,141,2026-09-12T19:46:51Z,2026-09-12T19:46:51Z,1,114,INDIFFERENT,False
aE3rhk2iSfU,My Baby Don't Dance To Nothing But Ernest Tubb,Junior Brown,12 Shades Of Brown,2:13,133,2026-09-12T19:46:51Z,2026-09-26T08:37:40Z,2,224,INDIFFERENT,False
8YMdCmOlW8E,Act Naturally,Loretta Lynn,Loretta Lynn Sings,2:29,149,2026-09-12T19:46:51Z,2026-09-12T19:46:51Z,1,119,INDIFFERENT,False
3M7_gfmw00k,Fool About You,Hank Williams,Hank Williams,1:48,108,2026-09-12T19:46:51Z,2026-09-12T19:46:51Z,1,121,INDIFFERENT,False
KF7SV5Wu-F8,Six Foot Under,Bob Fryfogle,Six Foot Under,1:55,115,2026-09-12T19:46:51Z,2026-09-12T20:18:18Z,2,154,INDIFFERENT,False
T4KcsUCeoE4,Dear Old Dixie,Flatt & Scruggs,Foggy Mountain Jamboree (Expanded Edition),2:31,151,2026-09-12T19:46:51Z,2026-09-12T20:18:18Z,2,144,INDIFFERENT,False
NzW51SHtOR0,Shot Four Times and Dyin',Bill Carter,California Country,2:10,130,2026-09-12T19:46:51Z,2026-09-12T19:46:51Z,1,129,INDIFFERENT,False
fWFdZKwipbk,Don't Pay The Ransom,Nat Stuckey,Forgive Me for Calling You Darling,2:11,131,2026-09-12T19:46:51Z,2026-09-12T19:46:51Z,1,131,INDIFFERENT,False
co4_v_O7beM,My Lovely Elizabeth,S.E. Rogie,Rhythms of Africa,3:02,182,2026-09-12T19:46:51Z,2026-09-12T20:31:33Z,3,210,INDIFFERENT,False
v-R0pzVe1tw,Belles Of Southern Bell,Del Reeves,The Original UA Hits,2:38,158,2026-09-12T19:46:51Z,2026-09-12T19:46:51Z,1,142,INDIFFERENT,False
T7K4MEXDSRw,Jimmy Jay - Run Wild (While You're Young) (Starday 470) [1959 teener],Vinyl and shellac by Starday,,2:12,132,2026-09-12T19:46:51Z,2026-09-12T19:46:51Z,1,146,INDIFFERENT,False
tCrVGmEiHGw,Truman Mulkey - Turn Around And Run - Country Bop 45,CheesebrewWaxArchive,,2:39,159,2026-09-12T19:46:51Z,2026-09-12T19:46:51Z,1,147,INDIFFERENT,False
I0VEqOGp2sw,Blazing Smokestack,Willis Brothers,Road Music Four - 20 Truckin' Favorites,2:03,123,2026-09-12T19:46:51Z,2026-09-12T20:18:18Z,2,147,INDIFFERENT,False
2uTOtb-AfN0,The Fool,Sanford Clark,Country Rockabilly Fool,2:43,163,2026-09-12T19:46:51Z,2026-09-12T19:46:51Z,1,157,INDIFFERENT,False
B2mmDEv0OEk,September,"Earth, Wind & Fire",Feel Good Friday,3:38,218,2026-09-12T19:46:51Z,2026-09-23T08:36:35Z,4,435,INDIFFERENT,False
Mi6MPxJjFyQ,"Diesel Smoke, Dangerous Curves",Red Simpson,Truck Drivin' Fool,2:41,161,2026-09-12T19:46:51Z,2026-09-12T20:18:18Z,2,306,INDIFFERENT,False
1CkWSnv6GRw,Spokane Motel Blues (Single Version),Tom T. Hall,"Tom T. Hall - Storyteller, Poet, Philosopher",2:43,163,2026-09-12T19:46:51Z,2026-09-12T19:46:51Z,1,175,INDIFFERENT,False
79QSpBJR7mY,The Banjo Am the Instrument,Grandpa Jones,"Grandpa Jones Sings Hits from ""Hee Haw""",2:03,123,2026-09-12T19:46:51Z,2026-09-12T20:18:18Z,2,334,INDIFFERENT,False
42ftuByPJ0I,Charlie Thompson - I've Got It Again,So Rockabilly,,2:31,151,2026-09-12T19:46:51Z,2026-09-12T19:46:51Z,1,198,INDIFFERENT,False
7NAKSw-u_aA,The Time for Loving Is Now,Mustangs,Cult Cargo: Grand Bahama Goombay,5:20,320,2026-09-12T19:46:51Z,2026-09-12T20:31:33Z,3,446,INDIFFERENT,False
KLR7Zi7ItjQ,Lou's Got The Flu,Roger Miller,Roger And Out,1:46,106,2026-09-12T19:46:51Z,2026-09-12T19:46:51Z,1,206,INDIFFERENT,False
9QY5PS28ShA,Motivatin' Man,Red Simpson,"Roll, Truck, Roll",2:01,121,2026-09-12T19:46:51Z,2026-09-12T19:46:51Z,1,214,INDIFFERENT,False
eTWsMGJjMfU,Eddie Noack - He's Getting Smaller (With Each Drink) (Wide World 1017) [1971],Vinyl and shellac by Starday,,2:37,157,2026-09-12T19:46:51Z,2026-09-12T19:46:51Z,1,233,INDIFFERENT,False
jKxBdpvS5-g,Lover Please,"Kris Kristofferson, Rita Coolidge",Breakaway,3:05,185,2026-09-12T19:46:51Z,2026-09-12T19:46:51Z,1,234,INDIFFERENT,False
7nsd0-5X5is,Cumbia Sobre el Mar (El Búho Remix),El Búho,Tributaries: A Remix Album (El Búho Remixes),5:13,313,2026-09-12T19:46:51Z,2026-09-26T08:37:40Z,15,335,INDIFFERENT,False
Xa9XfQZWdC4,Sunflower (feat. Steve Lacy),Vampire Weekend,Father of the Bride,2:18,138,2026-09-12T19:46:51Z,2026-09-15T08:42:48Z,4,151,INDIFFERENT,False
QAqUnhdcQY8,Wide Open Road,The Little Willies,For The Good Times,2:32,152,2026-09-12T19:46:51Z,2026-09-26T08:37:40Z,4,439,INDIFFERENT,False
wWNNDbSNYUI,Evil Woman,Electric Light Orchestra,Face the Music,4:30,270,2026-09-12T19:46:51Z,2026-09-26T08:37:40Z,10,446,INDIFFERENT,False
KVsBqi4EXEA,Reincarnation,Roger Miller,King Of The Road: The Genius Of Roger Miller,2:02,122,2026-09-12T19:46:51Z,2026-09-12T19:46:51Z,1,305,INDIFFERENT,False
Ht_BfhweF4I,Touch of Grey,Grateful Dead,In the Dark,5:51,351,2026-09-12T19:46:51Z,2026-09-21T08:58:47Z,4,256,INDIFFERENT,False
-1z455Fks-I,Come On Home,The Lijadu Sisters,Horizon Unlimited,5:15,315,2026-09-12T19:46:51Z,2026-09-12T20:31:33Z,4,274,INDIFFERENT,False
9OGUO3Oc84I,Sunshine Superman,Donovan,Sunshine Superman,3:15,195,2026-09-12T19:46:51Z,2026-09-19T08:04:47Z,6,157,INDIFFERENT,False
uBpqYT8irig,Will You Promise,Ebo Taylor,My Love and Music,3:47,227,2026-09-12T19:46:51Z,2026-09-12T20:31:33Z,3,291,INDIFFERENT,False
YhVctfNeTgU,Modern Love,David Bowie,Let's Dance,4:49,289,2026-09-12T19:46:51Z,2026-09-19T08:04:47Z,6,161,INDIFFERENT,False
OyTuO0FkeTs,Rita Ballou,Guy Clark,Old No. 1,2:51,171,2026-09-12T19:46:51Z,2026-09-19T08:04:47Z,6,197,INDIFFERENT,False
a0T4nyB9k88,Cold as Ice,Foreigner,Foreigner (Expanded),3:24,204,2026-09-12T19:46:51Z,2026-09-12T19:46:51Z,1,361,INDIFFERENT,False
PbpIyn70t8c,Boogie Wonderland,"Earth, Wind & Fire",I Am,4:49,289,2026-09-12T19:46:51Z,2026-09-24T08:29:18Z,8,485,INDIFFERENT,False
6bpd7Gkg0MQ,Night Fever (Serban Mix),Bee Gees,Saturday Night Fever (The Original Movie Soundtrack Deluxe Edition),3:34,214,2026-09-12T19:46:51Z,2026-09-19T08:04:47Z,4,344,INDIFFERENT,False
lT1btnxWwCs,Castle,Benny Sings,22 Durnham Dew,2:51,171,2026-09-12T19:46:51Z,2026-09-12T19:59:58Z,2,118,INDIFFERENT,False
dIeFSqdag4w,Voodoo Lady,Ween,Chocolate and Cheese,3:49,229,2026-09-12T19:46:51Z,2026-09-16T08:37:24Z,4,300,INDIFFERENT,False
UUYiMV-36m8,San Antonio Rose (Live 1944),Bob Wills,San Antonio Rose (Live 1944),2:13,133,2026-09-12T19:46:51Z,2026-09-19T08:04:47Z,5,207,LIKE,True
MR3uP7IYz44,Lady (Hear Me Tonight),Modjo,Modjo,5:08,308,2026-09-12T19:46:51Z,2026-09-24T08:29:18Z,14,215,INDIFFERENT,False
7bVzgnEgVYU,Taxi Cab Driver,Dave Dudley,Six Days On The Road,2:07,127,2026-09-12T19:46:51Z,2026-09-12T19:59:58Z,2,131,INDIFFERENT,False
j1WS55ipGxI,Can't Stop The Stars,Jungle,Loving In Stereo,3:42,222,2026-09-12T19:46:51Z,2026-09-12T20:18:18Z,3,422,INDIFFERENT,False
kk6aMp7XvjE,Settle Down (Goin' Down That Highway),"Peter, Paul and Mary",Moving,1:45,105,2026-09-12T19:46:51Z,2026-09-16T08:37:24Z,5,330,INDIFFERENT,False
6zVh-K-DHMA,"Wrinkled, Crinkled, Wadded Dollar Bill",Dick Curless,The Long Lonesome Road,2:49,169,2026-09-12T19:46:51Z,2026-09-12T19:59:58Z,2,161,INDIFFERENT,False
09BkiVna3d4,The Devil's Right Hand,The Highwaymen,The Road Goes On Forever,3:12,192,2026-09-12T19:46:51Z,2026-09-18T08:16:45Z,8,341,INDIFFERENT,False
mRNcPbCJNJ8,Smooth Operator (Single Version),Sade,The Best of Sade,4:19,259,2026-09-12T19:46:51Z,2026-09-24T08:29:18Z,5,234,INDIFFERENT,False
rXiJKZCaeEo,Easy,Tahiti 80,"The Past, The Present & The Possible",3:12,192,2026-09-12T19:46:51Z,2026-09-12T20:31:33Z,3,452,INDIFFERENT,False
M9TvLw08fDw,Disko Boy (Radio Single Edit),Shantel,Disko Boy,3:28,208,2026-09-12T19:46:51Z,2026-09-23T08:36:35Z,7,448,INDIFFERENT,False
dHdwS5rvXKY,Disco Snails,Vulfmon & Zachary Barker,Dot,3:14,194,2026-09-12T19:46:51Z,2026-09-21T08:58:47Z,3,485,INDIFFERENT,False
_aXxqdO3XfQ,Alvarado,LA LOM,La Lom,2:40,160,2026-09-12T19:29:28Z,2026-09-15T08:42:48Z,7,111,INDIFFERENT,False
oTN1GbLWnvQ,Devil in a Sleepin' Bag,Willie Nelson,Shotgun Willie,2:39,159,2026-09-12T19:29:28Z,2026-09-25T08:51:12Z,17,213,INDIFFERENT,False
Yj1VHGIwZUI,Saturn,The Olympians,The Olympians,3:38,218,2026-09-12T19:29:28Z,2026-09-12T20:31:33Z,4,30,INDIFFERENT,False
n1_qtDrpqDg,Canto De Ossanha,Dorothy Ashby,Dorothy's Harp,3:36,216,2026-09-12T19:29:28Z,2026-09-12T20:18:18Z,3,20,INDIFFERENT,False
LlY81YVF2BA,Stack O'lee,Doc & Merle Watson,Ballads From Deep Gap,3:56,236,2026-09-12T19:29:28Z,2026-09-12T20:18:18Z,3,141,INDIFFERENT,False
AFI2uFz-CgI,Old Home Place,The Dillards,Back Porch Bluegrass,2:11,131,2026-09-12T19:29:28Z,2026-09-12T20:18:18Z,3,111,INDIFFERENT,False
EYuP7-dKl0k,Turkish Coffee,BALTHVS,Turkish Coffee,3:38,218,2026-09-12T19:29:28Z,2026-09-22T08:34:19Z,9,171,INDIFFERENT,False
HzyqMXsteG0,Foggy Mountain Breakdown,Nitty Gritty Dirt Band,Will The Circle Be Unbroken,2:40,160,2026-09-12T19:29:28Z,2026-09-12T19:46:51Z,2,127,INDIFFERENT,False
K2bPkL2y2m4,K33 Momi,Jembaa Groove,Susuma,5:37,337,2026-09-12T19:29:28Z,2026-09-16T05:17:39Z,3,413,INDIFFERENT,False
eud7a_TcnhI,Cogito,Akusmi,Fleeting Future,3:30,210,2026-09-12T19:29:28Z,2026-09-15T08:42:48Z,3,2,INDIFFERENT,False
m0sgXpW6g58,What Did You Learn In School Today?,Pete Seeger,Pete Seeger: A Link In The Chain,1:42,102,2026-09-12T19:29:28Z,2026-09-12T20:18:18Z,3,323,INDIFFERENT,False
KrwcMZCTJQ0,New Wind,richard houghten,New Wind,3:14,194,2026-09-12T19:29:28Z,2026-09-15T08:42:48Z,7,212,INDIFFERENT,False
8mRLjuiDdno,Foggy Mountain Special,Flatt & Scruggs,Foggy Mountain Jamboree (Expanded Edition),2:02,122,2026-09-12T19:29:28Z,2026-09-12T20:18:18Z,3,328,INDIFFERENT,False
DRtNXfwIn3Y,"Ruby, Are You Mad At Your Man? (Edit)",Osborne Brothers,Country Bluegrass,3:03,183,2026-09-12T19:29:28Z,2026-09-12T20:18:18Z,3,364,INDIFFERENT,False
VHK5k2ieudc,Don't Go Breaking My Heart,"Elton John, Kiki Dee",Rock Of The Westies,4:36,276,2026-09-12T19:29:28Z,2026-09-25T08:51:12Z,8,69,INDIFFERENT,False
n8lld158BMM,It Don't Take Much,"Taylor Olin, The Something Specials",It Don't Take Much,3:54,234,2026-09-12T19:29:28Z,2026-09-12T20:18:18Z,3,449,INDIFFERENT,False
yn1XU_vgjag,Cantaloop (Flip Fantasia) (feat. Rahsaan & Gerard Presencer),Us3,Hand On The Torch,4:40,280,2026-09-12T19:29:28Z,2026-09-23T08:36:35Z,7,362,INDIFFERENT,False
4c_i_JmttKg,Sirens of Jupiter,The Olympians,The Olympians,3:43,223,2026-09-12T19:29:28Z,2026-09-24T08:29:18Z,9,31,INDIFFERENT,False
BaFmaw5VtTU,Hold Whatcha Got,The Tony Rice Unit,Manzanita,2:49,169,2026-09-12T19:29:28Z,2026-09-25T08:51:12Z,3,411,INDIFFERENT,False
JWzwTm2NfIE,Grateful Dawg,"David Grisman, Jerry Garcia",Jerry Garcia & David Grisman,3:40,220,2026-09-12T19:29:28Z,2026-09-13T08:20:16Z,2,24,INDIFFERENT,False
IjzsNxmKsZU,Travellin' Man,Doc & Merle Watson,Ballads From Deep Gap,3:31,211,2026-09-12T19:29:28Z,2026-09-12T19:29:28Z,1,112,INDIFFERENT,False
WU764hR3I7Q,Cakewalk into Town,Taj Mahal,Recycling the Blues & Other Related Stuff,2:33,153,2026-09-12T19:29:28Z,2026-09-12T20:31:33Z,4,124,INDIFFERENT,False
hA4-0gRgzAI,Fee,Phish,Junta,5:25,325,2026-09-12T19:29:28Z,2026-09-12T20:31:33Z,3,211,INDIFFERENT,False
WtygqVEimUk,Old and in the Way,Old & In The Way,The Complete Boarding House Shows,3:06,186,2026-09-12T19:29:28Z,2026-09-25T08:51:12Z,2,5,INDIFFERENT,False
Mzup2mT3TBg,Odyssée,L'Impératrice,Odyssée - EP,4:49,289,2026-09-12T19:29:28Z,2026-09-12T20:31:33Z,4,218,INDIFFERENT,False
3IoxTGxSex0,A Walk in Marais,The Fly Guy Five,Walkin' & Talkin',2:05,125,2026-09-12T19:29:28Z,2026-09-12T19:29:28Z,1,135,INDIFFERENT,False
8Ps-AEP0YA4,The Ballad of Jed Clampett,"Earl Scruggs, Lester Flatt",Columbia Country Classics Volume 3:  Americana,2:02,122,2026-09-12T19:29:28Z,2026-09-12T19:29:28Z,1,136,INDIFFERENT,False
bZ4uGV6Goy0,You Really Got Me,The Kinks,Kinks (Deluxe Edition),2:14,134,2026-09-12T19:29:28Z,2026-09-26T08:37:40Z,8,337,INDIFFERENT,False
TgehoIgtDtE,Fever,Peggy Lee,Things Are Swingin',3:20,200,2026-09-12T19:29:28Z,2026-09-12T20:31:33Z,3,121,INDIFFERENT,False
UCBdO4w6jAs,Big Chief,Dr. John,Dr. John's Gumbo,3:27,207,2026-09-12T19:29:28Z,2026-09-23T08:36:35Z,7,92,INDIFFERENT,False
-lBuSqH8VrU,'72 Monte Carlo,LA LOM,The Los Angeles League Of Musicians,2:59,179,2026-09-12T19:29:28Z,2026-09-26T08:37:40Z,18,45,INDIFFERENT,False
jzedF-SEnkc,Tape,Parcels,Parcels,3:44,224,2026-09-12T19:29:28Z,2026-09-12T20:31:33Z,4,392,INDIFFERENT,False
K7jgZTDLeIs,Ain't That A Kick In The Head (feat. Nelson Riddle),Dean Martin,Capitol Collectors Series,2:32,152,2026-09-12T19:29:28Z,2026-09-25T08:51:12Z,8,115,INDIFFERENT,False
3gKnnb24Eso,Midnight at the Oasis,Maria Muldaur,Maria Muldaur,3:50,230,2026-09-12T19:29:28Z,2026-09-26T08:37:40Z,14,252,INDIFFERENT,False
M4tN3s7EOsk,"Night Fever (From ""Saturday Night Fever"" Soundtrack)",Bee Gees,Saturday Night Fever (The Original Movie Soundtrack),3:32,212,2026-09-12T19:29:28Z,2026-09-21T08:58:47Z,5,381,INDIFFERENT,False
mSZXWdKSQNM,A Horse with No Name,America,America,4:13,253,2026-09-12T19:29:28Z,2026-09-26T08:37:40Z,8,360,INDIFFERENT,False
GJQAgkWgJig,Beyond The Blue Horizon,George Olson & His Music,The Very Best Of,3:00,180,2026-09-12T19:29:28Z,2026-09-22T08:34:19Z,2,346,INDIFFERENT,False
rbDf4sutxUU,Swing 51,David Grisman,The David Grisman Quintet,4:29,269,2026-09-12T19:29:28Z,2026-09-13T08:20:16Z,2,138,INDIFFERENT,False
QPArqGOdCQM,Alabama Jubilee,Doc Watson,Good Deal!,2:12,132,2026-09-12T19:29:28Z,2026-09-13T01:23:15Z,2,18,INDIFFERENT,False
KNhqxC7LSkU,Never Meant to Be,Tony Rice,Night Flyer: The Singer Songwriter Collection,4:08,248,2026-09-12T19:29:28Z,2026-09-25T08:51:12Z,3,111,INDIFFERENT,False
ScdxaTL2-JA,Ida Red,Bob Wills & His Texas Playboys,Asteroid City (Original Soundtrack),2:39,159,2026-09-12T19:29:28Z,2026-09-12T19:29:28Z,1,208,INDIFFERENT,False
PHvWumlLeLQ,Sua Alma (feat. D'Alma),Skinshape,Sua Alma,4:43,283,2026-09-12T19:29:28Z,2026-09-12T20:31:33Z,4,102,INDIFFERENT,False
SL5x0PP2RQs,Mestirawi Debdabe,"Hailu Mergia, The Walias",Mestirawi Debdabe,4:37,277,2026-09-12T19:29:28Z,2026-09-15T08:42:48Z,6,320,INDIFFERENT,False
732g2a7pmpM,The Wreck of the Old 97,"Earl Scruggs, Lester Flatt",Hard Travelin',2:31,151,2026-09-12T19:29:28Z,2026-09-22T08:34:19Z,10,274,INDIFFERENT,False
YyTaiqX0BfQ,Hurricane,Levon Helm,American Son,4:05,245,2026-09-12T19:29:28Z,2026-09-21T08:58:47Z,5,87,INDIFFERENT,False
rXxo1ZP85Bk,There She Goes,John Prine,Bruised Orange,3:25,205,2026-09-12T19:29:28Z,2026-09-26T08:37:40Z,16,21,INDIFFERENT,False
9A8YFbMe3SI,Born at the Right Time,Paul Simon,The Rhythm Of The Saints,3:49,229,2026-09-12T19:29:28Z,2026-09-19T08:04:47Z,11,148,INDIFFERENT,False
MdX1MDmQbEs,Lincoln and Liberty,Matthew Sabatella and the Rambling String Band,Songs in the Life of Abraham Lincoln (Ballad of America Vol. 3),2:20,140,2026-09-12T19:29:28Z,2026-09-16T08:37:24Z,7,399,INDIFFERENT,False
i5h3l8QfEH4,Ain't That Peculiar (Single Version),Marvin Gaye,Moods Of Marvin Gaye,3:00,180,2026-09-12T19:29:28Z,2026-09-12T19:29:28Z,1,254,INDIFFERENT,False
GN87hfxuuxI,Llorar,la lom,Llorar,3:10,190,2026-09-12T19:29:28Z,2026-09-15T08:42:48Z,7,314,INDIFFERENT,False
St9v5tAjbKM,Steely Dad,Drug Cabin,Wiggle Room,3:06,186,2026-09-12T19:29:28Z,2026-09-12T20:31:33Z,4,268,INDIFFERENT,False
tSSjbJ4mqnE,Loving You,Jackie Mittoo and The Soul Vendors,Evening Time,4:22,262,2026-09-12T19:29:28Z,2026-09-12T19:59:58Z,2,271,INDIFFERENT,False
PrJEdmiOpZ4,Séquences,L'Impératrice,Séquences,4:55,295,2026-09-12T19:29:28Z,2026-09-12T20:31:33Z,4,414,INDIFFERENT,False
hxA3pMRkXQ4,Why You Wanna,Poolside,Pacific Standard Time,4:59,299,2026-09-12T19:29:28Z,2026-09-12T19:59:58Z,3,211,INDIFFERENT,False
deWcQjLa8G0,Big Spike Hammer,"Bobby Hicks, Doyle Lawson, J.D. Crowe, Jerry Douglas","The Bluegrass Album, Vol. 3: California Connection",3:02,182,2026-09-12T19:29:28Z,2026-09-12T19:29:28Z,1,285,INDIFFERENT,False
GzhiiVW_t6s,Windy And Warm (Instrumental),Doc Watson,Southbound,2:15,135,2026-09-12T19:29:28Z,2026-09-25T08:51:12Z,3,101,INDIFFERENT,False
GWG49ospRjE,Cross The Street,Junior Varsity,Cross The Street,2:48,168,2026-09-12T19:29:28Z,2026-09-15T08:42:48Z,4,96,INDIFFERENT,False
z5-6j2_5SI8,Sweetie,Kokoroko,Sweetie,4:05,245,2026-09-12T19:29:28Z,2026-09-24T08:29:18Z,9,79,INDIFFERENT,False
cWTrt00Vtm0,Down Yonder,Willie Nelson,Red Headed Stranger,1:54,114,2026-09-12T19:29:28Z,2026-09-24T08:29:18Z,10,320,INDIFFERENT,False
ERWz1DAq1Zk,Birthday at the Waldorf,Muzak Orchestra,"Stimulus Progression 6 - Muzak: 40 Years, More Than a Name",2:49,169,2026-09-12T19:29:28Z,2026-09-19T08:04:47Z,7,289,INDIFFERENT,False
1e_Jc2mo1xI,Ginseng Sullivan,The Tony Rice Unit,Manzanita,3:11,191,2026-09-12T19:29:28Z,2026-09-26T08:37:40Z,8,117,LIKE,False
w1q5J_jHFBY,John Wilkes Booth,Tony Rice,Native American,3:53,233,2026-09-12T19:29:28Z,2026-09-13T08:20:16Z,2,406,INDIFFERENT,False
HwR_ombEIdI,Yikirta Lemminalehu,"Hailu Mergia, The Walias",Tche Belew,3:36,216,2026-09-12T19:29:28Z,2026-09-15T08:42:48Z,9,129,INDIFFERENT,False
Gx0hccGYnMw,Bluebird Wine (2003 Remaster),Emmylou Harris,Pieces of the Sky (Expanded & Remastered),3:18,198,2026-09-12T19:29:28Z,2026-09-26T08:37:40Z,16,196,INDIFFERENT,False
QAd8VQXgH4E,Charlie Brown,The Kim Sisters,Their First Album,2:36,156,2026-09-12T19:29:28Z,2026-09-12T19:59:58Z,2,250,INDIFFERENT,False
-7--1R2qE5o,Don't Give Your Heart to A Rambler,Tony Rice,Tony Rice,3:50,230,2026-09-12T19:29:28Z,2026-09-12T19:29:28Z,1,346,INDIFFERENT,False
by7NMLLWKfs,Aya Belew Belew,"Hailu Mergia, The Walias",Tezeta,4:25,265,2026-09-12T19:29:28Z,2026-09-15T08:42:48Z,9,409,INDIFFERENT,False
C7T4aQMxTTM,Sugar Sugar,The Archies,Everything's Archie,2:48,168,2026-09-12T19:29:28Z,2026-09-26T08:37:40Z,4,484,INDIFFERENT,False
2JPPMDrMFCM,Abusey Junction,Kokoroko,We Out Here,7:10,430,2026-09-12T19:29:28Z,2026-09-24T08:29:18Z,9,153,INDIFFERENT,False
GZKTxVSaR2A,Beat 54 (All Good Now),Jungle,For Ever,4:07,247,2026-09-12T19:29:28Z,2026-09-12T20:31:33Z,3,315,INDIFFERENT,False
Ph0p0_Ecy3A,Where Did the Time Go,Joshu,Lines of Time,3:52,232,2026-09-12T19:29:28Z,2026-09-13T01:23:15Z,3,273,INDIFFERENT,False
x6AGCwVK1Xk,Tropical Heartache,Poolside,Heat,4:15,255,2026-09-12T19:29:28Z,2026-09-12T20:31:33Z,4,447,INDIFFERENT,False
GEbJx7NIoFU,Oxamit,OMFO,We Are The Shepherds,3:34,214,2026-09-12T19:29:28Z,2026-09-19T08:04:47Z,2,149,INDIFFERENT,False
cgLN0IRoyrw,Love Letters,Metronomy,Love Letters,5:16,316,2026-09-12T19:29:28Z,2026-09-12T20:31:33Z,5,451,INDIFFERENT,False
idELBPdA-qc,Banks of the Ohio,Tony Rice,Tony Rice,4:13,253,2026-09-12T19:29:28Z,2026-09-12T19:29:28Z,1,397,INDIFFERENT,False
9usZGXU3GMo,I Can't Wait,Nu Shooz,Poolside,5:27,327,2026-09-12T19:29:28Z,2026-09-24T08:29:18Z,5,390,INDIFFERENT,False
xXoOU2D8vFc,Why You Been Gone So Long,Tony Rice,Native American,3:23,203,2026-09-12T19:29:28Z,2026-09-13T08:20:16Z,2,303,INDIFFERENT,False
Omnpu8mzX4c,Give Me the Night,George Benson,Give Me the Night,5:02,302,2026-09-12T19:29:28Z,2026-09-12T20:31:33Z,3,417,INDIFFERENT,False
XeeUn7KolYY,Public Domain,Jerry Jeff Walker,Ridin' High,3:32,212,2026-09-12T19:29:28Z,2026-09-19T08:04:47Z,9,164,INDIFFERENT,False
70VEfXd5E_4,Sweet Niobrara,The Wildwoods,Sweet Niobrara,3:30,210,2026-09-12T19:29:28Z,2026-09-23T08:36:35Z,12,272,INDIFFERENT,False
Y8EuT1tJoDE,Escoutas (Diga Diga Diga),"Carolina Chocolate Drops, Luminescent Orchestrii",Carolina Chocolate Drops / Luminescent Orchestrii,4:40,280,2026-09-12T11:25:40Z,2026-09-12T11:25:40Z,1,21,INDIFFERENT,False
o6hDoZf85-A,Munteanul 2000,OMFO,Trans Balkan Express,3:36,216,2026-09-12T11:25:40Z,2026-09-12T11:25:40Z,1,22,INDIFFERENT,False
bJ8Sz8CJY5g,Mr. Blue Sky,Electric Light Orchestra,Out of the Blue,5:04,304,2026-09-12T11:25:40Z,2026-09-26T08:37:40Z,17,382,INDIFFERENT,False
SE6IV8ZSgS4,El Paso,Marty Robbins,Legends of Country Music: The Best Of Austin City Limits,5:08,308,2026-09-12T11:25:40Z,2026-09-26T08:37:40Z,4,438,INDIFFERENT,False
P7U-J1DBBGs,Joppa Road,Ween,Chocolate and Cheese,3:03,183,2026-09-12T11:25:40Z,2026-09-17T08:41:05Z,4,303,INDIFFERENT,False
ebdd_egaHI4,I'm Confessin',Peggy Lee,The Capitol Transcriptions 1946-1949,3:24,204,2026-09-12T11:25:40Z,2026-09-25T08:51:12Z,10,83,INDIFFERENT,False
anmdxRCgZME,Bomba,Amsterdam Klezmer Band,Bomba,3:22,202,2026-09-12T11:25:40Z,2026-09-13T01:23:15Z,5,316,INDIFFERENT,False
w0gJXVxF6dM,Palm Wine,Ezra Collective,"Dance, No One's Watching",5:14,314,2026-09-12T11:25:40Z,2026-09-24T08:29:18Z,5,310,INDIFFERENT,False
2xq9bp2ZBls,Japanese Cowboy,Ween,12 Golden Country Greats,3:02,182,2026-09-12T11:25:40Z,2026-09-26T08:37:40Z,9,23,INDIFFERENT,False
799jxGt1F9I,If You're Into It,Flight of The Conchords,The Distant Future,1:46,106,2026-09-12T11:25:40Z,2026-09-12T11:25:40Z,1,412,INDIFFERENT,False
1chOrXgLfd4,Herefore (Roisto Remix),Parcels,Herefore (Roisto Remix),5:20,320,2026-09-12T11:25:40Z,2026-09-12T19:59:58Z,3,17,INDIFFERENT,False
XmLaN1LNbNs,Аликин Чёче,Amsterdam Klezmer Band,Oyoyoy,4:28,268,2026-09-12T11:25:40Z,2026-09-13T08:20:16Z,2,419,INDIFFERENT,False
TbhHTgpBF3U,No Part of Nothin',The Stray Birds,The Stray Birds,3:06,186,2026-09-12T11:25:40Z,2026-09-12T19:29:28Z,2,272,LIKE,False
YGWaJC-SNME,In Water,Bay Ledges,In Water,3:48,228,2026-09-12T11:25:40Z,2026-09-25T08:51:12Z,10,473,INDIFFERENT,False
f31VXsoJbew,Smokin' Love (with Collie Buddz),Collie Buddz & Stick Figure,Set in Stone,3:35,215,2026-09-12T11:25:40Z,2026-09-12T20:31:33Z,2,68,INDIFFERENT,False
K79OuCwkkVQ,Welcome To My World,Ezra Collective,Where I'm Meant To Be,7:15,435,2026-09-12T11:25:40Z,2026-09-24T08:29:18Z,10,243,INDIFFERENT,False
n4cjAwQ-hpo,It's All Right With Me,"Bobo Facchinetti, Davide Palladin, Massimo Faraò, Nicola Barbon",Massimo Farao' plays The Great American Jazz Composers -Cole Porter Vol 2,6:32,392,2026-09-12T11:25:40Z,2026-09-15T08:42:48Z,3,200,INDIFFERENT,False
x98Par09AHY,Come and Go with Me,"Peter, Paul and Mary",A Song Will Rise,3:09,189,2026-09-12T11:18:11Z,2026-09-12T11:18:11Z,1,11,LIKE,False
TSiFwDzdmdI,Di Naie Chuppe,Amsterdam Klezmer Band,LIMONCHIKI,2:30,150,2026-09-12T11:18:11Z,2026-09-16T08:37:24Z,4,291,INDIFFERENT,False
8K4Z-hx_1Ms,Twin Guitar Boogie,Bob Wills & His Texas Playboys,For The Last Time,3:20,200,2026-09-12T11:18:11Z,2026-09-24T08:29:18Z,8,305,INDIFFERENT,False
euYQzVULhBk,Wheels,Chet Atkins,Travelin',2:29,149,2026-09-12T11:18:11Z,2026-09-17T08:41:05Z,2,80,INDIFFERENT,False
Q9kRWuZwA0Q,Lightenup (Breakbot Remix),Parcels,Lightenup (Breakbot Remix),4:35,275,2026-09-12T11:18:11Z,2026-09-12T20:31:33Z,2,231,INDIFFERENT,False
ti_1tyj7dG0,Wabash Cannonball,Boxcar Willie,Up Country - The Country Collection,2:19,139,2026-09-12T11:18:11Z,2026-09-26T08:37:40Z,16,179,INDIFFERENT,False
CTkfPvcNMa0,If You Could See Her,"Alan Cumming, Joyce Chittick",Cabaret (New Broadway Cast Recording),3:41,221,2026-09-12T11:18:11Z,2026-09-12T11:18:11Z,1,56,INDIFFERENT,False
QKDLGzU0OWY,Tequila,The Revels,Presenting The Revels,2:53,173,2026-09-12T11:18:11Z,2026-09-12T11:18:11Z,1,71,INDIFFERENT,False
aGXgGyk9YMc,The Creator Has a Masterplan,The Dynamics,Version Excursions,4:54,294,2026-09-12T11:18:11Z,2026-09-12T11:18:11Z,1,158,LIKE,False
G2WKdAF5IW8,Chykh Pykh,Amsterdam Klezmer Band,Fortuna,3:11,191,2026-09-12T11:18:11Z,2026-09-12T11:18:11Z,1,195,INDIFFERENT,False
Sd7ckqwjuvI,Cumberland Blues,Grateful Dead,Workingman's Dead,3:18,198,2026-09-12T11:18:11Z,2026-09-20T08:37:04Z,4,203,INDIFFERENT,False
gHUBI5RDMvY,Good Hearted Woman (Live),Willie Nelson,Willie and Family Live,2:59,179,2026-09-12T11:18:11Z,2026-09-15T08:42:48Z,7,428,INDIFFERENT,False
2wUUc5oj_5M,Till the Morning Comes,Grateful Dead,American Beauty,3:09,189,2026-09-12T11:18:11Z,2026-09-12T11:18:11Z,1,271,INDIFFERENT,False
DsAx3DvPCI0,Pandy Fackler,Ween,White Pepper,3:58,238,2026-09-12T11:18:11Z,2026-09-14T08:57:25Z,3,301,INDIFFERENT,False
rPcyAZ_5Oik,Bird's Lament,Moondog,Sax Pax For A Sax,2:04,124,2026-09-12T11:18:11Z,2026-09-12T20:18:18Z,4,319,LIKE,True
T1CvhMaMd-Q,A Kiss Is Not A Contract,Flight of the Conchords,Flight Of The Conchords,1:55,115,2026-09-12T11:18:11Z,2026-09-16T05:17:39Z,2,301,INDIFFERENT,False
EQQLO0YjmjI,Tryin' to Win,"Peter, Paul and Mary",See What Tomorrow Brings,2:39,159,2026-09-12T11:18:11Z,2026-09-12T19:59:58Z,2,315,INDIFFERENT,False
0Aj0BgiJCc4,Miles On My Shoes,Jarrod Walker,Nighthawk,2:36,156,2026-09-12T11:18:11Z,2026-09-26T08:37:40Z,8,343,INDIFFERENT,False
av7UV8MwKc0,Don't Laugh (i Love You),Ween,God Ween Satan: The Oneness [Anniversary Edition],2:50,170,2026-09-12T11:18:11Z,2026-09-14T08:57:25Z,2,101,INDIFFERENT,False
A1GamHCNkqw,Forbidden Love / Fire in Your Heart,Madleen Kane,Cheri,5:09,309,2026-09-12T11:18:11Z,2026-09-12T20:18:18Z,2,465,LIKE,True
f1-QRk2GYtE,Deep In The Heart Of Texas,Bob Wills & His Texas Playboys,From The Heart Of Texas (Expanded Edition),2:14,134,2026-09-12T11:18:11Z,2026-09-16T08:37:24Z,5,202,INDIFFERENT,False
k8tuw0kz32U,Sandy Boys,Carolina Chocolate Drops,Genuine Negro Jig,2:25,145,2026-09-12T11:18:11Z,2026-09-12T19:59:58Z,2,234,INDIFFERENT,False
qGvzLn8CV1s,House Of My Soul (You Light The Rooms),Langhorne Slim,Lost At Last Vol. 1,2:54,174,2026-09-12T11:08:41Z,2026-09-18T08:16:45Z,5,31,INDIFFERENT,False
Ij1gsqSFHE4,If You Don't Like Hank Williams,Kris Kristofferson,Surreal Thing,3:32,212,2026-09-12T11:08:41Z,2026-09-25T08:51:12Z,8,9,INDIFFERENT,False
NyxzTWWgtlo,I Remember Carolina,Margo Cilker,Valley Of Heart's Delight,4:55,295,2026-09-12T11:08:41Z,2026-09-23T08:36:35Z,2,319,LIKE,False
iSjcO-Fmlqw,Love's Pilot,Tejon Street Corner Thieves,Love's Pilot,2:58,178,2026-09-12T11:08:41Z,2026-09-12T19:46:51Z,2,149,LIKE,True
rnuJgq_UWiQ,Wasn't That a Time,"Peter, Paul and Mary",A Song Will Rise,2:24,144,2026-09-12T11:08:41Z,2026-09-12T20:31:33Z,3,393,INDIFFERENT,False
UEDkBtt9590,Money Train,Sierra Ferrell,Trail Of Flowers,2:41,161,2026-09-12T11:08:41Z,2026-09-24T08:29:18Z,9,403,LIKE,False
7VcTN8lG0_4,It's Been Wrong,The Lostines,The Lostines EP,3:28,208,2026-09-12T11:08:41Z,2026-09-12T11:08:41Z,1,111,INDIFFERENT,False
WnX0NyK0EBw,Wanton Way of Loving,Esther Rose,This Time Last Night,3:27,207,2026-09-12T11:08:41Z,2026-09-12T11:08:41Z,1,114,INDIFFERENT,False
UdwLKk5yKgI,In the Mornin',Emily Nenni,In the Mornin',2:42,162,2026-09-12T11:08:41Z,2026-09-12T11:08:41Z,1,123,INDIFFERENT,False
N5SGg7Q9aIk,Everybody Wants to Go to Heaven,The Local Honeys,The Gospel,4:04,244,2026-09-12T11:08:41Z,2026-09-12T11:08:41Z,1,133,INDIFFERENT,False
e6oFHWKCcIc,Foux Du Fafa,Flight of the Conchords,Flight Of The Conchords,2:47,167,2026-09-12T11:08:41Z,2026-09-12T11:25:40Z,3,320,INDIFFERENT,False
OrgNR04JtDY,When It Snows In Texas,"Chaparelle, Sierra Ferrell",When It Snows In Texas,2:47,167,2026-09-12T11:08:41Z,2026-09-23T08:36:35Z,3,202,INDIFFERENT,False
pzXRmFsYXpE,At The End Of The Rainbow,Sierra Ferrell,Long Time Coming,3:41,221,2026-09-12T11:08:41Z,2026-09-23T08:36:35Z,3,295,INDIFFERENT,False
C6lHiBA_UGo,Archipelago,"Antonio Sánchez, Béla Fleck, Edmar Castañeda",Archipelago,5:49,349,2026-09-12T11:08:41Z,2026-09-12T11:08:41Z,1,269,INDIFFERENT,False
xUNqsfFUwhY,Here Comes The Sun (Remastered 2009),The Beatles,Abbey Road,3:06,186,2026-09-12T11:08:41Z,2026-09-25T08:51:12Z,13,362,INDIFFERENT,False
LGjPMLGqkPk,Friends,Flight of the Conchords,I Told You I Was Freaky,2:04,124,2026-09-12T11:08:41Z,2026-09-12T11:08:41Z,1,348,INDIFFERENT,False
Gp7NDHjgYJM,Why Haven’t You Loved Me Yet,Sierra Ferrell,Trail Of Flowers,2:16,136,2026-09-12T11:08:41Z,2026-09-24T08:29:18Z,9,413,LIKE,False
MImlxfgaVE8,What Deaner Was Talkin' About,Ween,Chocolate and Cheese,2:00,120,2026-09-12T11:08:41Z,2026-09-16T05:17:39Z,8,304,INDIFFERENT,False
CuJH8d5w5ZM,I’ll Come Off The Mountain,Sierra Ferrell,Trail Of Flowers,1:45,105,2026-09-12T11:08:41Z,2026-09-24T08:29:18Z,9,40,INDIFFERENT,False
ufXAxHaHPHc,"Jane, Jane","Peter, Paul and Mary",See What Tomorrow Brings,2:55,175,2026-09-12T11:08:41Z,2026-09-16T05:17:39Z,5,414,INDIFFERENT,False
5Zdb8fZafq4,Tell It on the Mountain,"Peter, Paul and Mary",In the Wind,2:59,179,2026-09-12T11:08:41Z,2026-09-17T08:41:05Z,4,196,INDIFFERENT,False
cpqBhRymiEU,Sunrise,Norah Jones,Feels Like Home (Deluxe Edition),3:21,201,2026-09-12T11:08:41Z,2026-09-26T08:37:40Z,20,160,INDIFFERENT,False
NrZoFeaurbc,Ween - Cornbread Red,destr100,,4:03,243,2026-09-12T11:08:41Z,2026-09-12T11:08:41Z,1,473,INDIFFERENT,False
XnwD_H8VKg4,What Makes Bob Holler (feat. Leon McAuliffe),Bob Wills & His Texas Playboys,For The Last Time,2:35,155,2026-09-12T11:08:41Z,2026-09-13T08:20:16Z,7,208,INDIFFERENT,False
-KAR2lgOZgQ,Cannonball Rag,"Chet Atkins, Jerry Reed",Me And Jerry,2:14,134,2026-09-12T11:05:11Z,2026-09-12T11:05:11Z,1,11,INDIFFERENT,False
i_B7yPMv3J0,Bad Day In Brownsville,Ween,12 Golden Country Greats (Deluxe Edition),1:11,71,2026-09-12T11:05:11Z,2026-09-12T20:18:18Z,3,392,INDIFFERENT,False
BdkCkoh4Qgw,Ces petits riens,"Stacey Kent, Matt Skelton, John Parricelli, and Dave Chamberlain",Breakfast on the Morning Tram (Bonus Edition),3:22,202,2026-09-12T11:05:11Z,2026-09-13T08:20:16Z,5,34,INDIFFERENT,False
4LkgsHsIQkk,Minor Swing,"Django Reinhardt, Stephane Grappelli",Minor Swing,3:18,198,2026-09-12T11:05:11Z,2026-09-12T11:08:41Z,2,61,INDIFFERENT,False
Qo-LLn7jXGQ,Cowboy Boots,Dave Dudley,Six Days On the Road,2:12,132,2026-09-12T11:05:11Z,2026-09-12T20:18:18Z,3,300,INDIFFERENT,False
tfBV-0PrXBk,Six Days On the Road,Red Sovine,Road Music Four - 20 Truckin' Favorites,2:17,137,2026-09-12T11:05:11Z,2026-09-12T20:18:18Z,2,119,INDIFFERENT,False
N7PYYcPq0Ws,Chick Inspector (That's Where My Money Goes),Dick Curless,Capitol Collectors Series,2:37,157,2026-09-12T11:05:11Z,2026-09-12T20:18:18Z,3,212,INDIFFERENT,False
11OFQ6q_ImM,That's Truck Drivin',Slim Jacobs,16 Greatest Truck Driver Hits,2:40,160,2026-09-12T11:05:11Z,2026-09-12T20:18:18Z,2,130,INDIFFERENT,False
ta0Vd9uaqVU,Ghost Trains,Hank Snow,Railroad Man,2:39,159,2026-09-12T11:05:11Z,2026-09-12T20:18:18Z,2,104,INDIFFERENT,False
5FNG4GbD3cQ,Truck Driver's Queen,The Willis Brothers,20 Great Truck Drivin' Songs,2:07,127,2026-09-12T11:05:11Z,2026-09-12T11:05:11Z,1,129,INDIFFERENT,False
dbw_gwGvt0E,The Legend,"Bill Justis, Jerry Reed",Smokey And The Bandit (Original Motion Picture Soundtrack),2:08,128,2026-09-12T11:05:11Z,2026-09-21T08:58:47Z,3,423,INDIFFERENT,False
roLjZDnv6JE,The Auctioneer,Leroy Van Dyke,Leroy Van Dyke's Precious Memories,2:47,167,2026-09-12T11:05:11Z,2026-09-12T11:05:11Z,1,141,INDIFFERENT,False
5sz7SrLwvh0,Old Home Filler-Up An' Keep On A-Truckin' Cafe,C.W. McCall,C.W. McCall's Greatest Hits,2:58,178,2026-09-12T11:05:11Z,2026-09-12T20:18:18Z,2,165,INDIFFERENT,False
WmaQuXVHDm0,"Cigareetes, Whusky and Wild, Wild Women",Sons Of The Pioneers,RCA Country Legends,2:55,175,2026-09-12T11:05:11Z,2026-09-12T19:29:28Z,2,155,INDIFFERENT,False
t4GBCUJ7KWc,Tillsonburg,Stompin' Tom Connors,My Stompin' Grounds,3:26,206,2026-09-12T11:05:11Z,2026-09-12T11:05:11Z,1,157,INDIFFERENT,False
eE0ciBe3_34,Doudou prend patience,Honoré Coppet et son Orchestre Antillais,"Around the world, Vol. 2: Beguin the Biguine",3:07,187,2026-09-12T11:05:11Z,2026-09-14T08:57:25Z,3,276,LIKE,False
J5Zz9F37ZU0,Little Pink Mack,Kay Adams,The Girl In The Little Pink Mack,1:52,112,2026-09-12T11:05:11Z,2026-09-12T11:05:11Z,1,176,INDIFFERENT,False
0nphg-GVkec,Keep On Truckin',Dave Dudley,Truck Drivin' Son Of A Gun: Country Traveling Tunes,2:02,122,2026-09-12T11:05:11Z,2026-09-12T19:59:58Z,2,301,INDIFFERENT,False
ElVZFCwVlCY,Truck Drivin' Son Of A Gun,Red Sovine,Truck Drivin' Son Of A Gun,1:57,117,2026-09-12T11:05:11Z,2026-09-12T19:46:51Z,2,137,INDIFFERENT,False
hdOOvYNbigM,The Heartline Special,Dick Curless,The Long Lonesome Road,2:53,173,2026-09-12T11:05:11Z,2026-09-12T20:18:18Z,2,335,INDIFFERENT,False
urR8GDBQ0rQ,"Kitty Wells,Truckdrivers Sweetheart.",Lilly's Vintage Country Music,,2:14,134,2026-09-12T11:05:11Z,2026-09-12T11:05:11Z,1,199,INDIFFERENT,False
ujxirrigR4k,You Can't Roller Skate In A Buffalo Herd,Roger Miller,Golden Hits,1:55,115,2026-09-12T11:05:11Z,2026-09-26T08:37:40Z,9,219,INDIFFERENT,False
bCUtXG5pi_U,Women Do Funny Things To Me,Del Reeves,The Original UA Hits,2:30,150,2026-09-12T11:05:11Z,2026-09-12T19:46:51Z,2,309,INDIFFERENT,False
zTiIGk2tKb0,"Hard, Hard Traveling Man",Dick Curless,Capitol Collectors Series,2:34,154,2026-09-12T11:05:11Z,2026-09-12T20:18:18Z,3,417,INDIFFERENT,False
7ZzdjS_wrMo,Gotta Get Up Every Morning,Junior Brown,Semi Crazy,2:00,120,2026-09-12T11:05:11Z,2026-09-12T19:46:51Z,2,209,INDIFFERENT,False
A85galPwRVQ,Freightliner Fever,Red Sovine,Road Music - 23 Truckin' Hits,2:44,164,2026-09-12T11:05:11Z,2026-09-14T08:57:25Z,2,274,INDIFFERENT,False
o0C2g1Ll2Is,Give Me 40 Acres (To Turn This Rig Around) (Rerecorded),The Willis Brothers,Super 16 Hits: Keep On Truckin',2:31,151,2026-09-12T11:05:11Z,2026-09-12T20:18:18Z,2,337,INDIFFERENT,False
w5O7bhuguwA,Runaway Truck,Red Simpson,"Roll, Truck, Roll",2:10,130,2026-09-12T11:05:11Z,2026-09-12T11:05:11Z,1,219,INDIFFERENT,False
5iluQCCroSI,Truck Driving Man,Boxcar Willie,Road Music,3:15,195,2026-09-12T11:05:11Z,2026-09-14T08:57:25Z,2,144,INDIFFERENT,False
e0quQf3GnF4,Nuages,Cafe Accordion Orchestra,Le Disque Francais,5:11,311,2026-09-12T11:05:11Z,2026-09-12T20:31:33Z,4,408,INDIFFERENT,False
QZGN_PEOV4w,Sasquatch Song,Stompin' Tom Connors,Move Along With Stompin' Tom,3:11,191,2026-09-12T11:05:11Z,2026-09-12T11:05:11Z,1,235,INDIFFERENT,False
0ldLckCNfIw,18 Wheels A Rolling,Betty Amos,Road Music Vol 2 - 20 Truckin' Favorites,1:55,115,2026-09-12T11:05:11Z,2026-09-12T11:05:11Z,1,242,INDIFFERENT,False
F1uPSAFr2gs,Horsethief Moon,Ian Tyson,Eighteen Inches Of Rain,3:17,197,2026-09-12T11:05:11Z,2026-09-23T08:36:35Z,8,421,INDIFFERENT,False
sM4LRq1xWU8,Four Wheel Drive,C.W. McCall,C.W. McCall's Greatest Hits,3:05,185,2026-09-12T11:05:11Z,2026-09-12T20:18:18Z,2,433,INDIFFERENT,False
U7bgDZ9Tf18,Magic Mamaliga,OMFO,Trans Balkan Express,2:11,131,2026-09-12T11:05:11Z,2026-09-19T08:04:47Z,4,37,INDIFFERENT,False
JuAMm2Ub-60,Long Haired Country Boy,The Charlie Daniels Band,Fire On The Mountain,4:01,241,2026-09-12T11:05:11Z,2026-09-26T08:37:40Z,9,233,INDIFFERENT,False
XFTMwZJ4ybQ,Take Me Back To Tulsa,Bob Wills and His Texas Playboys,Columbia Country Classics Volume 1: The Golden Age,2:38,158,2026-09-12T11:05:11Z,2026-09-26T08:37:40Z,13,214,INDIFFERENT,False
JbojMhSDFp8,Big Wheel Cannonball,Dick Curless,Capitol Collectors Series,2:33,153,2026-09-12T11:05:11Z,2026-09-12T11:05:11Z,1,283,INDIFFERENT,False
aA88X-2lehA,A Tombstone Every Mile,Red Simpson,Truck Drivin' Fool,2:32,152,2026-09-12T11:05:11Z,2026-09-12T20:18:18Z,3,148,INDIFFERENT,False
VUMCmcsPNY0,Give Me Forty Acres,The Willis Brothers,20 Great Truck Drivin' Songs,2:37,157,2026-09-12T11:05:11Z,2026-09-12T20:18:18Z,2,231,INDIFFERENT,False
UKK8v1aBZbc,Big Wheels Cannonball,Smokey River Boys,20 Greatest Hits of Bluegrass,3:04,184,2026-09-12T11:05:11Z,2026-09-12T11:05:11Z,1,295,INDIFFERENT,False
ICZoFTvspEo,Juke Box Man,Dick Curless,Capitol Collectors Series,2:39,159,2026-09-12T11:05:11Z,2026-09-12T19:46:51Z,2,242,INDIFFERENT,False
evZkKDXZhGQ,Me and Ole C.B.,Red Simpson,Red Simpson: Studio 102 Essentials,2:53,173,2026-09-12T11:05:11Z,2026-09-12T11:05:11Z,1,301,INDIFFERENT,False
ghq-En9H3h8,Dave Dudley- Truck Drivin' Man (Original 1966),Dave Dudley Fan,,2:16,136,2026-09-12T11:05:11Z,2026-09-12T11:05:11Z,1,303,INDIFFERENT,False
IdKRUBjwZ-s,Phantom 309 (Rerecorded),Red Sovine,"The Country Music Collection, Vol. 1",3:27,207,2026-09-12T11:05:11Z,2026-09-12T11:05:11Z,1,308,INDIFFERENT,False
1_u8QtYcEo0,I'm a Truck,Red Simpson,Lost Country Hits Of The 70s,3:09,189,2026-09-12T11:05:11Z,2026-09-12T11:05:11Z,1,312,INDIFFERENT,False
2mHKEcsEKvI,The Silverton,C.W. McCall,C.W. McCall's Greatest Hits,2:57,177,2026-09-12T11:05:11Z,2026-09-12T11:05:11Z,1,315,INDIFFERENT,False
Rw9wq8qUNg0,Bud The Spud,Stompin' Tom Connors,Bud The Spud,2:28,148,2026-09-12T11:05:11Z,2026-09-12T20:18:18Z,2,242,INDIFFERENT,False
06Z_b-o0GgI,Sheik of Araby,Cafe Accordion Orchestra,Le Disque Francais,2:49,169,2026-09-12T11:05:11Z,2026-09-12T11:05:11Z,1,322,INDIFFERENT,False
UcfNUNgyTe0,September,"Earth, Wind & Fire",Upbeat Summer Hits,3:37,217,2026-09-12T11:05:11Z,2026-09-12T11:05:11Z,1,345,INDIFFERENT,False
aIRh5ggf4V8,White Knight,T. H. Music Festival,Road Music - 23 Truckin' Hits,4:10,250,2026-09-12T11:05:11Z,2026-09-12T11:05:11Z,1,373,INDIFFERENT,False
CmrtvnssGeQ,All About Me,Jalen Ngonda,All About Me,4:24,264,2026-09-12T11:05:11Z,2026-09-12T11:05:11Z,1,380,INDIFFERENT,False
8OBcdNv2f44,Chachak,OMFO,Trans Balkan Express,1:25,85,2026-09-12T11:05:11Z,2026-09-19T08:04:47Z,3,318,INDIFFERENT,False
drgxWoNjyYA,Boston Chicken,Ween,12 Golden Country Greats (Deluxe Edition),2:39,159,2026-09-12T11:05:11Z,2026-09-16T05:17:39Z,2,298,INDIFFERENT,False
Kdivcw6IqbU,Freightliner Fever,Dave Dudley,Interstate Gold,2:57,177,2026-09-12T11:05:11Z,2026-09-12T20:18:18Z,4,310,INDIFFERENT,False
5W92hJwJXoQ,"Sleeper, Five-By-Two",Red Simpson,Truck Drivin' Fool,3:29,209,2026-09-12T11:05:11Z,2026-09-26T08:37:40Z,5,320,INDIFFERENT,False
uwui4U9XKR0,Georgie Buck (feat. Joe Thompson),Carolina Chocolate Drops,Birthright: A Black Roots Music Compendium,4:15,255,2026-09-12T11:05:11Z,2026-09-12T19:59:58Z,2,288,INDIFFERENT,False
a26WPapWNiI,Windy Bill,Ian Tyson,Old Corrals And Sagebrush & Other Cowboy Culture Classics,3:04,184,2026-09-12T11:05:11Z,2026-09-17T08:41:05Z,6,307,INDIFFERENT,False
R-xqfqcgNAE,Wolf Creek Pass,C.W. McCall,C.W. McCall's Greatest Hits,4:01,241,2026-09-12T11:05:11Z,2026-09-12T11:05:11Z,1,424,INDIFFERENT,False
MPyl42P_do0,Chupino,OMFO,Trans Balkan Express,2:40,160,2026-09-12T11:05:11Z,2026-09-19T08:04:47Z,2,217,INDIFFERENT,False
q_zi74u-_B8,Why Can't We Be Friends,Smash Mouth,Fush Yu Mang (20th Anniversary Edition),4:48,288,2026-09-12T11:05:11Z,2026-09-12T11:05:11Z,1,466,LIKE,False
wyQA5SYzZ6E,Roll On (Eighteen Wheeler),Alabama,Roll On,4:23,263,2026-09-12T11:05:11Z,2026-09-12T11:05:11Z,1,480,INDIFFERENT,False
_hxQD4jpee4,Janita,Ruggero Passarini,Fisarmoniche alla bolognese,3:39,219,2026-09-12T11:05:11Z,2026-09-12T20:18:18Z,5,471,INDIFFERENT,False
L3Gv99wrmOk,We Made It (feat. Celisse),Sammy Rae & The Friends,We Made It,2:25,145,2026-09-12T11:05:11Z,2026-09-16T05:17:39Z,4,372,INDIFFERENT,False
1qj4vys73xk,You're Gonna Make Me Lonesome When You Go,Madeleine Peyroux,Careless Love,3:28,208,2026-09-12T11:05:11Z,2026-09-15T08:42:48Z,4,345,INDIFFERENT,False
gb_zQXF3_WM,Cannock Chase,Labi Siffre,Crying Laughing Loving Lying,4:07,247,2026-09-12T11:03:22Z,2026-09-12T19:29:28Z,3,27,LIKE,False
D6UZ0aMtnk4,Cannonball Rag (Instrumental),Merle Travis,Strictly Guitar,2:05,125,2026-09-12T11:03:22Z,2026-09-26T08:37:40Z,6,105,INDIFFERENT,False
H-iwHIlkj_k,Mister Sandman,Chet Atkins,Eclectic Guitar,2:21,141,2026-09-12T11:03:22Z,2026-09-12T11:25:40Z,3,51,INDIFFERENT,False
JFK36ok9Bg8,Gild the Lily,Billy Strings,Highway Prayers,5:06,306,2026-09-12T11:03:22Z,2026-09-26T08:37:40Z,8,169,INDIFFERENT,False
thFRjY9al4w,Minor Blues,Joscho Stephan,Django Forever,3:14,194,2026-09-12T11:03:22Z,2026-09-12T11:25:40Z,3,89,INDIFFERENT,False
0rd7yRl8bwg,Mala Reputación (feat. Paloma Pradal),La Caravane Passe,Nomadic Spirit,3:14,194,2026-09-12T11:03:22Z,2026-09-12T20:31:33Z,3,460,INDIFFERENT,False
2AkoPCXZ_K4,Little Boxes,Pete Seeger,Headlines and Footnotes: A Collection of Topical Songs,1:55,115,2026-09-12T11:03:22Z,2026-09-12T20:18:18Z,6,192,INDIFFERENT,False
st26TiI6LpU,Diesel on My Tail,Jim & Jesse,Bluegrass Hall of Fame,2:23,143,2026-09-12T11:03:22Z,2026-09-16T08:37:24Z,6,215,INDIFFERENT,False
5IMWuj_rEKA,Turnaround / Suis-Moi,Janet Evra,Meet Me in Paris,3:07,187,2026-09-12T11:03:22Z,2026-09-12T11:25:40Z,5,73,INDIFFERENT,False
3gMSzkHF_VY,Settin' the woods on fire,Hank Willams,Hank Williams The Greatest Hits Collection,2:35,155,2026-09-12T11:03:22Z,2026-09-12T11:03:22Z,1,101,INDIFFERENT,False
uzrnL-DpuSg,Sourwood Mountain,Carolina Chocolate Drops,We Are the Music Makers!,3:23,203,2026-09-12T11:03:22Z,2026-09-12T20:18:18Z,7,237,INDIFFERENT,False
xtr1WARU0MY,Blue (Live Version),"Peter, Paul and Mary","Peter, Paul and Mary: In Concert (Live)",4:08,248,2026-09-12T11:03:22Z,2026-09-12T11:03:22Z,1,139,INDIFFERENT,False
yD1naKNQuF4,Uncle John's Band,Grateful Dead,Workingman's Dead,4:45,285,2026-09-12T11:03:22Z,2026-09-26T08:37:40Z,13,136,INDIFFERENT,False
0ErfWUcIp8Q,Blister In The Sun,Violent Femmes,Violent Femmes,2:26,146,2026-09-12T11:03:22Z,2026-09-26T08:37:40Z,19,298,INDIFFERENT,False
5lqICas0WzI,Sally Goodin (2019 - Remaster),"Hank Williams, Jerry Rivers, Cousin Louis Buck, and The Drifting Cowboys",Pictures From Life's Other Side: The Man and His Music In Rare Recordings and Photos (2019 - Remaster),1:05,65,2026-09-12T11:03:22Z,2026-09-12T11:03:22Z,1,191,INDIFFERENT,False
UjBdwlKRcFo,In The Gravel Yard,Blue Highway,"It's A Long, Long Road",3:06,186,2026-09-12T11:03:22Z,2026-09-25T08:51:12Z,7,96,INDIFFERENT,False
1KGmiOaGhwU,Big River (Live in Ireland),"Johnny Cash, Kris Kristofferson",Johnny Cash Live In Ireland,2:43,163,2026-09-12T11:03:22Z,2026-09-19T08:04:47Z,2,343,INDIFFERENT,False
dP28DIewLMk,Roly Poly,Bob Wills and His Texas Playboys,The Essential Bob Wills & His Texas Playboys,2:50,170,2026-09-12T11:03:22Z,2026-09-20T08:37:04Z,5,485,INDIFFERENT,False
4jOzPrnAVcU,When the Ship Comes In,"Peter, Paul and Mary",A Song Will Rise,2:39,159,2026-09-12T11:03:22Z,2026-09-12T19:59:58Z,2,303,INDIFFERENT,False
ywZqBGHDTlA,"Hello, Goodbye (Remastered 2009)",The Beatles,Magical Mystery Tour,3:29,209,2026-09-12T11:03:22Z,2026-09-25T08:51:12Z,17,441,INDIFFERENT,False
kORVVi2h5vM,Hiphopopotamus vs. Rhymenoceros,Flight of the Conchords,Flight Of The Conchords,2:10,130,2026-09-12T11:03:22Z,2026-09-12T11:18:11Z,3,500,INDIFFERENT,False
ICjlGNXwjkE,These Boots Are Made for Walkin',Nancy Sinatra,Boots,2:48,168,2026-09-12T11:03:22Z,2026-09-26T08:37:40Z,7,288,INDIFFERENT,False
apOvI8V6DhY,Navajo Rug,Jerry Jeff Walker,Navajo Rug,3:02,182,2026-09-12T11:03:22Z,2026-09-26T08:37:40Z,10,330,INDIFFERENT,False
A-bSe0i69yA,Ramblin' Man,The Allman Brothers Band,Brothers And Sisters (Super Deluxe),4:49,289,2026-09-12T11:03:22Z,2026-09-24T08:29:18Z,11,377,INDIFFERENT,False
iF00AUr8I8g,Miss Modular,Stereolab,Serene Velocity - A Stereolab Anthology,4:13,253,2026-09-12T11:03:22Z,2026-09-26T08:37:40Z,19,88,INDIFFERENT,False
KUZ77IZxTME,Waiting On A Friend (Remastered 2009),The Rolling Stones,Tattoo You (2009 Re-Mastered),4:35,275,2026-09-12T11:03:22Z,2026-09-25T08:51:12Z,12,274,INDIFFERENT,False
_U3E8Z9HFbk,Honky Tonk Blues,"Hank Williams, The Drifting Cowboys",Moanin' The Blues (Expanded Edition),2:42,162,2026-09-12T11:03:22Z,2026-09-12T11:03:22Z,1,283,INDIFFERENT,False
Y86v9_c1jc8,Move It On Over,Hank Williams,Memorial Album (Expanded Edition),2:47,167,2026-09-12T11:03:22Z,2026-09-12T11:03:22Z,1,298,INDIFFERENT,False
bhcGcnlD0Z8,Moanin' The Blues,"Hank Williams, The Drifting Cowboys",Moanin' The Blues (Expanded Edition),2:26,146,2026-09-12T11:03:22Z,2026-09-12T11:03:22Z,1,303,INDIFFERENT,False
PrzIjiEplt4,Quit Your Low Down Ways,"Peter, Paul and Mary",In the Wind,2:08,128,2026-09-12T11:03:22Z,2026-09-16T08:37:24Z,6,84,INDIFFERENT,False
eTx-8NjHqzg,Hobo's Blues,Paul Simon,Paul Simon,1:21,81,2026-09-12T11:03:22Z,2026-09-12T19:29:28Z,3,107,LIKE,False
4eccnzZmay4,Please Please Please (Sped Up),Sabrina Carpenter,Please Please Please,2:33,153,2026-09-12T11:03:22Z,2026-09-12T11:03:22Z,1,327,LIKE,True
ikYgXDuKKOs,Jah Give Us Life to Live,The Wailing Souls,Love Round the Corner,3:23,203,2026-09-12T11:03:22Z,2026-09-16T08:37:24Z,6,340,INDIFFERENT,False
WjGiUVrQEB0,Is This Love (Kaya 40 Mix),"Bob Marley, The Wailers",Kaya (40th Anniversary Edition),3:54,234,2026-09-12T11:03:22Z,2026-09-20T08:37:04Z,7,258,INDIFFERENT,False
FpkawF5GWMI,All That She Wants,Ace of Base,Happy Nation,3:32,212,2026-09-12T11:03:22Z,2026-09-20T08:37:04Z,9,365,INDIFFERENT,False
Y8-EZqbS8-4,Lonesome Armadillo,"Jan Fabricius, Tim O'Brien",Lonesome Armadillo,3:30,210,2026-09-12T11:03:22Z,2026-09-12T11:25:40Z,2,270,LIKE,True
3y44BJgkdZs,Wouldn't It Be Nice (Mono),The Beach Boys,Pet Sounds (Original Mono & Stereo Mix),2:26,146,2026-09-12T11:03:22Z,2026-09-26T08:37:40Z,12,444,INDIFFERENT,False
aJwkmg3_6Lo,It Runs Through Me (feat. De La Soul),"De La Soul, Tom Misch",Geography,4:22,262,2026-09-12T11:03:22Z,2026-09-25T08:51:12Z,19,161,INDIFFERENT,False
6ydrdWG15aE,Dance,Chuck Darwin & the Knuckle Draggers,Three Car Pileup,3:03,183,2026-09-12T11:03:22Z,2026-09-12T11:03:22Z,1,398,LIKE,False
tykf2xYPNdc,Call Me,Blondie,Call Me,3:33,213,2026-09-12T11:03:22Z,2026-09-19T08:04:47Z,7,314,INDIFFERENT,False
CVN3mtGaVjQ,Why Don't You Love Me (Like You Used to Do)',Hank Williams,The Lost Highway,2:26,146,2026-09-12T11:03:22Z,2026-09-12T11:03:22Z,1,404,INDIFFERENT,False
W_V7A-NN3MI,Even If You Don't,Ween,White Pepper,3:26,206,2026-09-12T11:03:22Z,2026-09-17T08:41:05Z,6,207,INDIFFERENT,False
Hjwu_l245Yk,Read 'Em John,Carolina Chocolate Drops,Leaving Eden,1:55,115,2026-09-12T11:03:22Z,2026-09-12T20:31:33Z,3,418,INDIFFERENT,False
sE8yMTcUpjY,Manouche Cafe,Cafe Accordion Orchestra,CAO 10,4:13,253,2026-09-12T11:03:22Z,2026-09-13T08:20:16Z,3,315,INDIFFERENT,False
2RicaUqd9Hg,Twist And Shout (Remastered 2009),The Beatles,Please Please Me,2:36,156,2026-09-12T11:03:22Z,2026-09-20T08:37:04Z,10,428,INDIFFERENT,False
2DTrMa-r56Y,Red Red Wine,UB40,Labour Of Love,5:21,321,2026-09-12T11:03:22Z,2026-09-24T08:29:18Z,13,398,INDIFFERENT,False
trlqa_9UVbk,Fall Moon,St. Paul & The Broken Bones,Fall Moon,3:17,197,2026-09-12T11:03:22Z,2026-09-12T19:59:58Z,4,216,INDIFFERENT,False
o0vUppC58V8,And She Was (2005 Remaster),Talking Heads,Little Creatures (Deluxe Version),3:39,219,2026-09-12T11:03:22Z,2026-09-12T19:46:51Z,4,263,INDIFFERENT,False
YrB1__ApBYc,Oldsmobile,Hogslop String Band & Sierra Ferrell,Oldsmobile,4:22,262,2026-09-12T11:03:22Z,2026-09-26T08:37:40Z,13,399,INDIFFERENT,False
osCPSKIti80,Jerusalem (2010 Remastered Edition),"Alpha Blondy, The Wailers",Jerusalem (2010 Remastered Edition),7:50,470,2026-09-12T11:03:22Z,2026-09-12T11:25:40Z,2,492,INDIFFERENT,False
8MB8ZMGZkHc,Finale,"Alan Cumming, John Benjamin Hickey",Cabaret (New Broadway Cast Recording),4:30,270,2026-09-12T11:03:22Z,2026-09-12T11:03:22Z,1,468,INDIFFERENT,False
x3f3FlkMbqU,Please Please Please (Workout Remix 128 BPM),Power Music Workout,Please Please Please,2:53,173,2026-09-12T11:03:22Z,2026-09-12T11:03:22Z,1,471,LIKE,True
KQoQyakbp48,Cherry Bomb,John Mellencamp,The Lonesome Jubilee,4:48,288,2026-09-12T11:03:22Z,2026-09-25T08:51:12Z,3,434,INDIFFERENT,False
zMt6aAuDbns,Your Wildest Dreams,The Moody Blues,The Other Side Of Life,4:51,291,2026-09-12T11:03:22Z,2026-09-26T08:37:40Z,12,363,INDIFFERENT,False
Agjc3XDPDDQ,Let The Good Times Roll,Harry Nilsson,Nilsson Schmilsson,2:44,164,2026-09-12T11:03:22Z,2026-09-16T08:37:24Z,9,285,INDIFFERENT,False
fqk-QzilChQ,Next Spring,Lucy Yeghiazaryan,Next Spring,3:02,182,2026-09-12T11:03:22Z,2026-09-26T08:37:40Z,6,495,INDIFFERENT,False
QAo_Ycocl1E,Africa,Toto,Toto IV,4:56,296,2026-09-12T11:03:22Z,2026-09-26T08:37:40Z,19,500,INDIFFERENT,False
GbpnAGajyMc,Come On Eileen,Dexys Midnight Runners,Too Rye Ay,4:48,288,2026-09-12T11:03:22Z,2026-09-21T08:58:47Z,4,480,INDIFFERENT,False
muIwdHJo5L4,Magic Woman,Diggan d'Adesky,Magic Woman,3:23,203,2026-09-12T11:03:22Z,2026-09-23T08:36:35Z,8,475,INDIFFERENT,False
QrEDi2nybAs,Planet Paprika,Shantel,Planet Paprika,4:31,271,2026-09-12T11:03:22Z,2026-09-15T08:42:48Z,5,449,INDIFFERENT,False
7kcPBaUWrAI,Honeypot,Rebelution,Peace Of Mind (Deluxe),3:16,196,2026-09-12T11:03:22Z,2026-09-25T08:51:12Z,4,435,INDIFFERENT,False
x1PWTYYqGuY,Ajala,Ezra Collective,"Dance, No One's Watching",4:15,255,2026-09-12T11:03:22Z,2026-09-24T08:29:18Z,10,155,INDIFFERENT,False
pxBvg6QSZZw,Bros,Panda Bear,Person Pitch,12:31,751,2026-09-12T11:03:22Z,2026-09-24T08:29:18Z,7,475,INDIFFERENT,False
Gl33G5wZvAU,Thanks A Lot,Ernest Tubb,20th Century Masters: The Millennium Collection: Best Of Ernest Tubb,2:33,153,2026-09-12T10:40:53Z,2026-09-26T08:37:40Z,27,26,INDIFFERENT,False
kKCImOgRUv8,How Glad I Am,The Greyboy Allstars,What Happened to Television?,2:51,171,2026-09-12T10:40:53Z,2026-09-26T08:37:40Z,28,261,INDIFFERENT,False
vaIvDy-tG0Y,Honky Tonkin',"Hank Williams, The Drifting Cowboys",The Original Singles Collection . . . Plus,2:46,166,2026-09-12T10:40:53Z,2026-09-16T08:37:24Z,11,337,INDIFFERENT,False
IquxiII_chc,Yene Nesh Wey (Amalele),"Dahlak Band, Hailu Mergia",Wede Harer Guzo,4:39,279,2026-09-12T10:40:53Z,2026-09-16T08:37:24Z,17,269,INDIFFERENT,False
JRn6zJgG8WU,Old Train,The Tony Rice Unit,Manzanita,2:11,131,2026-09-12T10:40:53Z,2026-09-15T08:42:48Z,16,297,INDIFFERENT,False
IH7JpGt0Eyc,The Wave,Jungle,The Wave,3:23,203,2026-09-12T10:40:53Z,2026-09-24T08:29:18Z,24,409,INDIFFERENT,False
JLyg2scuZMo,I Can Get off on You,"Waylon Jennings, Willie Nelson",Waylon & Willie,2:23,143,2026-09-12T10:40:53Z,2026-09-26T08:37:40Z,14,294,INDIFFERENT,False
N2mUZo-WQSU,Samuel Colt,Billy Walker,"The Gun, the Gold and the Girl Cross the Brazos at Waco",2:37,157,2026-09-12T10:40:53Z,2026-09-16T08:37:24Z,11,90,INDIFFERENT,False
JxS0H8lv8Rk,La Flambée Montalbanaise,"Achilles Liarmakopoulos, Cordeone, & Giovanni Colletti",La Flambée Montalbanaise,2:47,167,2026-09-12T10:40:53Z,2026-09-16T05:17:39Z,17,442,INDIFFERENT,False
AJbShe2zEqI,If You've Got the Money I've Got the Time,Lefty Frizzell,Listen to Lefty,2:58,178,2026-09-12T10:40:53Z,2026-09-26T08:37:40Z,28,16,INDIFFERENT,False
0WQRh6qx8jc,Truck Drivin' Son Of A Gun,Dave Dudley,20th Century Masters: The Millennium Collection: Best Of Dave Dudley,2:13,133,2026-09-12T10:40:53Z,2026-09-26T08:37:40Z,27,332,INDIFFERENT,False
J7f7evuZJ8A,Skin & Bones.,RAYE,THIS MUSIC MAY CONTAIN HOPE.,3:15,195,2026-09-12T10:40:53Z,2026-09-26T08:37:40Z,27,316,INDIFFERENT,False
UuXkjrFz2Ww,Pretty Girl,Ween,12 Golden Country Greats,2:36,156,2026-09-12T10:40:53Z,2026-09-26T08:37:40Z,14,203,INDIFFERENT,False
JSJ1WwaAqWo,Navajo Rug,Ian Tyson,Cowboyography,2:54,174,2026-09-12T10:40:53Z,2026-09-24T08:29:18Z,20,426,INDIFFERENT,False
F3MqfhzHJ60,Fidjos d'Africa,Cretcheu,Africanas Na Lisboa (Sodad Serie 4 - Vol. 1),3:48,228,2026-09-12T10:40:53Z,2026-09-17T08:41:05Z,18,69,INDIFFERENT,False
7p2-TKipaME,Chittlin’ Cookin’ Time In Cheatham County,Sierra Ferrell,Trail Of Flowers,3:02,182,2026-09-12T10:40:53Z,2026-09-26T08:37:40Z,20,280,LIKE,False
qlPYFZl0M3Q,Bubbles In My Beer (feat. The Texas Playboys),Bob Wills,For The Last Time,2:55,175,2026-09-12T10:40:53Z,2026-09-25T08:51:12Z,18,304,INDIFFERENT,False
zqgvT_bvMVo,Miles And Miles Of Texas,Asleep At The Wheel,Wheelin' And Dealin',3:08,188,2026-09-12T10:40:53Z,2026-09-26T08:37:40Z,27,82,INDIFFERENT,False
TM8xfIQdPNA,High Shelf Booze,Eilen Jewell,Letters from Sinners and Strangers,3:39,219,2026-09-12T10:40:53Z,2026-09-26T08:37:40Z,25,152,INDIFFERENT,False
EkeuSe_Y6f4,Blue Field,Stonewall Jackson,The Real Thing,2:51,171,2026-09-12T10:40:53Z,2026-09-16T08:37:24Z,11,123,INDIFFERENT,False
JaDLjEjF2XU,Jackknife,Red Simpson,Truck Drivin' Fool,2:44,164,2026-09-12T10:40:53Z,2026-09-26T08:37:40Z,28,29,INDIFFERENT,False
m_9tqndgIlc,(The Day I Jumped) From Uncle Harvey's Plane,Roger Miller,The Best Of Roger Miller Volume Two: King Of The Road,2:36,156,2026-09-12T10:40:53Z,2026-09-26T08:37:40Z,26,416,INDIFFERENT,False
9zGHocZRdx8,Trouble in Your Mind,Carolina Chocolate Drops,Genuine Negro Jig,2:57,177,2026-09-12T10:40:53Z,2026-09-26T08:37:40Z,22,266,INDIFFERENT,False
NUckzzDMk-E,Wabash Cannonball,Boxcar Willie,King of the Railroad,3:29,209,2026-09-12T10:40:53Z,2026-09-13T08:20:16Z,8,64,INDIFFERENT,False
Sxzz17fcza0,The Class Of '57,The Statler Brothers,Country Music Then And Now,2:38,158,2026-09-12T10:40:53Z,2026-09-16T08:37:24Z,10,170,INDIFFERENT,False
9q0sEeGDFH8,The Sheik Of Araby (Instrumental),Merle Travis,The Merle Travis Guitar,2:06,126,2026-09-12T10:40:53Z,2026-09-12T10:43:54Z,2,31,INDIFFERENT,False
7P_ufKydB7Y,La vraie valse musette,Paris Musette,Paris Musette (French Accordion),2:28,148,2026-09-12T10:40:53Z,2026-09-16T05:17:39Z,16,41,INDIFFERENT,False
AzrfJws6l_o,Elk River Blues,Erynn Marshall,Calico,3:09,189,2026-09-12T10:40:53Z,2026-09-12T10:43:54Z,2,33,INDIFFERENT,False
uoZh6GkACMA,Qu'est-ce qu'on attend pour être heureux?,Avalon Jazz Band,I Wish You Love,2:11,131,2026-09-12T10:40:53Z,2026-09-16T05:17:39Z,16,62,INDIFFERENT,False
0w1hryCUmfA,Interstellar,"Skinshape, The Horus All Stars",Skinshape X Horus,3:27,207,2026-09-12T10:40:53Z,2026-09-26T08:37:40Z,23,357,INDIFFERENT,False
u_Leyi_BST0,The Wreck of the Old 97 (Stereo; 2009 Remaster),The Seekers,All Bound for Morningtown (Their EMI Recordings 1964-1968),3:13,193,2026-09-12T10:40:53Z,2026-09-12T19:59:58Z,6,231,LIKE,True
abrbZOb3Ne0,Who's Gonna Feed Them Hogs,Tom T. Hall,In Search Of A Song,2:37,157,2026-09-12T10:40:53Z,2026-09-26T08:37:40Z,25,102,INDIFFERENT,False
bBTGe52GwzE,May The Bird Of Paradise Fly Up Your Nose,Little Jimmy Dickens,"Grand Old Country, Vol. 4",2:28,148,2026-09-12T10:40:53Z,2026-09-22T08:34:19Z,12,296,INDIFFERENT,False
fW2TG8rOSbI,Paris Musette,Dan Newton,Afternoon in Paris,3:22,202,2026-09-12T10:40:53Z,2026-09-16T05:17:39Z,14,445,INDIFFERENT,False
Wvd6jNsdMZI,Ramblin' Fever,Merle Haggard,Ramblin' Fever,3:12,192,2026-09-12T10:40:53Z,2026-09-26T08:37:40Z,22,407,INDIFFERENT,False
d8yA8rx9roY,Guajiru,Toco,Guajiru,2:55,175,2026-09-12T10:40:53Z,2026-09-22T08:34:19Z,15,406,INDIFFERENT,False
ihSo8ZOqSrA,Café Montparnasse,Paris Café Society,French Café: A Parisian Gypsy Jazz Swing Experience,2:51,171,2026-09-12T10:40:53Z,2026-09-16T05:17:39Z,17,63,INDIFFERENT,False
hUhGwP3zcIE,Tennessee Stud,Eddy Arnold,RCA Country Legends: Eddy Arnold,3:07,187,2026-09-12T10:40:53Z,2026-09-26T08:37:40Z,27,35,INDIFFERENT,False
pI0sfsunaL4,"Gettin' By, High and Strange",Kris Kristofferson,Border Lord,2:35,155,2026-09-12T10:40:53Z,2026-09-26T08:37:40Z,26,140,INDIFFERENT,False
miJzUH-lTEo,EL DIREC TV - AFRICANO,SP África Verbena y Rescate,,2:58,178,2026-09-12T10:40:53Z,2026-09-17T08:41:05Z,18,38,INDIFFERENT,False
c44Am3AhJ7w,Diesel On My Tail,Jim & Jesse,Diesel On My Tail,2:26,146,2026-09-12T10:40:53Z,2026-09-16T08:37:24Z,8,168,INDIFFERENT,False
NHBhZNojv6I,Looking At The World Through A Windshield,Del Reeves,The Original UA Hits,2:28,148,2026-09-12T10:40:53Z,2026-09-26T08:37:40Z,26,53,INDIFFERENT,False
Eo4RY5iZv24,Passion,Eric Bouvelle Et Son Orchestre,Les Classiques De L'Accordéon Vol. 7,3:00,180,2026-09-12T10:40:53Z,2026-09-15T08:42:48Z,15,261,INDIFFERENT,False
-n3HNVvezbY,Frontline (feat. The Wizards),Mo'kalamity,Freedom of the Soul,4:04,244,2026-09-12T10:40:53Z,2026-09-26T08:37:40Z,21,453,INDIFFERENT,False
TanbRkJxvag,Hangover Tavern,Hank Thompson,A Six Pack To Go,2:39,159,2026-09-12T10:40:53Z,2026-09-26T08:37:40Z,27,13,INDIFFERENT,False
iHzpg03jvJ8,Time For Love,Mayer Hawthorne,Party Of One,3:35,215,2026-09-12T10:40:53Z,2026-09-25T08:51:12Z,22,193,INDIFFERENT,False
IMkEDjv5_gA,I'm Movin' On,Hank Snow and his Rainbow Ranch Boys,Country Classics (Expanded Edition),2:51,171,2026-09-12T10:40:53Z,2026-09-26T08:37:40Z,28,281,INDIFFERENT,False
nIm37NvuCkY,Streets Of Bakersfield,Buck Owens And The Buckaroos,"Ain't It Amazing, Gracie",2:39,159,2026-09-12T10:40:53Z,2026-09-26T08:37:40Z,27,109,INDIFFERENT,False
dzYe6O5IJWs,"Oh, Lonesome Me",Don Gibson,Oh Lonesome Me,2:31,151,2026-09-12T10:40:53Z,2026-09-16T08:37:24Z,11,77,INDIFFERENT,False
yOad7gNImac,Bowling Green,The Kossoy Sisters,Bowling Green and Other Folk Songs from the Southern Mountains,2:14,134,2026-09-12T10:40:53Z,2026-09-23T08:36:35Z,17,54,INDIFFERENT,False
WkkyqpnIUP8,Oklahoma Hills,Hank Thompson & His Brazos Valley Boys,Vintage Collections,2:47,167,2026-09-12T10:40:53Z,2026-09-26T08:37:40Z,28,44,INDIFFERENT,False
JpxO3b2ml_w,The Same Old Tale the Crow Told Me,Johnny Horton,The Unforgettable,2:29,149,2026-09-12T10:40:53Z,2026-09-16T08:37:24Z,10,344,INDIFFERENT,False
aF3nNI47aO0,Les Yeux Noirs (Dark Eyes),Pomplamoose,Les Yeux Noirs (Dark Eyes),2:50,170,2026-09-12T10:40:53Z,2026-09-26T08:37:40Z,28,56,LIKE,True
XRRP7EaP978,The Ballad of Jed Clampett,"Earl Scruggs, Lester Flatt",Hard Travelin',2:03,123,2026-09-12T10:40:53Z,2026-09-26T08:37:40Z,26,135,INDIFFERENT,False
wzLfcQ0DIJU,See The Big Man Cry,Charlie Louvin,Less And Less And I Don't Love You Anymore,2:26,146,2026-09-12T10:40:53Z,2026-09-16T08:37:24Z,11,66,INDIFFERENT,False
FaieoS6sPpI,Why You Been Gone so Long,Jessi Colter,A Country Star Is Born,3:06,186,2026-09-12T10:40:53Z,2026-09-26T08:37:40Z,18,264,INDIFFERENT,False
fQUJnzDlb3w,Mahalageasca,The Balkanistas,Party-Zani,4:37,277,2026-09-12T10:40:53Z,2026-09-26T08:37:40Z,28,270,INDIFFERENT,False
XrBYGAwnJDY,I've Been Everywhere,Hank Snow,I've Been Everywhere,2:47,167,2026-09-12T10:40:53Z,2026-09-26T08:37:40Z,28,241,INDIFFERENT,False
S6U3oeJvo3k,Kisses Sweeter Than Wine,"Peter, Paul and Mary","Peter, Paul and Mary Album",3:05,185,2026-09-12T10:40:53Z,2026-09-26T08:37:40Z,21,209,INDIFFERENT,False
QbNpl9Bqdys,I've Never Gone to Bed with an Ugly Woman,Bobby Bare,Drunk & Crazy,2:01,121,2026-09-12T10:40:53Z,2026-09-26T08:37:40Z,25,75,INDIFFERENT,False
OSRlegwWnoc,Blue Moon Of Kentucky,Bill Monroe & The Bluegrass Boys,Country Music Hall Of Fame,2:08,128,2026-09-12T10:40:53Z,2026-09-26T08:37:40Z,27,19,INDIFFERENT,False
uaO65rrdV_Y,Wabash Cannonball,Jerry Reed,Nashville Underground,2:30,150,2026-09-12T10:40:53Z,2026-09-25T08:51:12Z,25,128,INDIFFERENT,False
WuZek1hlYq8,I Want To Lay With You,Shira Small,The Line Of Time And The Plane Of Now,2:14,134,2026-09-12T10:40:53Z,2026-09-19T08:04:47Z,4,77,INDIFFERENT,False
L_2VjO9UyD4,Sous Le Ciel De Paris,Duo Gadjo and their Hot Friends,Meet me in Paris,4:02,242,2026-09-12T10:40:53Z,2026-09-22T08:34:19Z,17,227,INDIFFERENT,False
SR16XcVokZ4,Put Another Log on the Fire,Tompall Glaser and Band,Wanted! The Outlaws,2:21,141,2026-09-12T10:40:53Z,2026-09-16T08:37:24Z,11,91,INDIFFERENT,False
39iCgeO3aYE,Opendoors,Jitwam,Honeycomb,2:43,163,2026-09-12T10:40:53Z,2026-09-26T08:37:40Z,28,69,INDIFFERENT,False
iyzMJ3f2XeQ,Boney Fingers,Hoyt Axton,Life Machine,3:09,189,2026-09-12T10:40:53Z,2026-09-26T08:37:40Z,25,66,INDIFFERENT,False
ZeymQ9UQXrI,El Plomero (Champeta Africana),Dj Diezysiete,El Plomero (Champeta Africana),2:52,172,2026-09-12T10:40:53Z,2026-09-17T08:41:05Z,12,150,INDIFFERENT,False
yrX0eGiKJfc,Khelipe Cheasa,Boban i Marko Markovic Orkestar,Devla,3:46,226,2026-09-12T10:40:53Z,2026-09-26T08:37:40Z,27,492,INDIFFERENT,False
TjimjJt50Bw,Fool's Tango,Gypsy Jazz Caravan,Gypsy Jazz Caravan III,3:49,229,2026-09-12T10:40:53Z,2026-09-16T05:17:39Z,16,426,INDIFFERENT,False
AStZ34JUqNA,Under Paris Skies,Pearl Django,Under Paris Skies,3:14,194,2026-09-12T10:40:53Z,2026-09-16T05:17:39Z,16,331,INDIFFERENT,False
r8T71f-Oc4c,Run Horse Run,Charley Crockett,Welcome to Hard Times,2:42,162,2026-09-12T10:40:53Z,2026-09-26T08:37:40Z,21,176,INDIFFERENT,False
ub1xfytVNf8,Saving A Life,richard houghten,Sonata De Grillo,2:40,160,2026-09-12T10:40:53Z,2026-09-24T08:29:18Z,19,91,INDIFFERENT,False
ywCj0j3BMqc,Balkan Qoulou,Watcha Clan,Diaspora Hi-Fi A Mediterranean Caravan,3:48,228,2026-09-12T10:40:53Z,2026-09-26T08:37:40Z,24,195,INDIFFERENT,False
A9QWOH9sxfY,Plastic Jesus,"Allison Young, Joshua Lee Turner, The Bygones",May 9-12,2:02,122,2026-09-12T10:40:53Z,2026-09-26T08:37:40Z,24,50,INDIFFERENT,False
Yjb_Nr9p9ls,Manea-k,Max Pashm,BalkanBeats,4:48,288,2026-09-12T10:40:53Z,2026-09-26T08:37:40Z,28,394,INDIFFERENT,False
I0f-dCMSVKQ,Shady Grove,Doc Watson,Good Deal!,2:59,179,2026-09-12T10:40:53Z,2026-09-16T08:37:24Z,17,5,INDIFFERENT,False
h2RMJ3t-IOo,The Frying Pan,John Prine,Diamonds in the Rough,1:53,113,2026-09-12T10:40:53Z,2026-09-26T08:37:40Z,24,411,LIKE,True
fwlkSDX-JT8,Not Gentle On My Mind,Chuck Darwin & the Knuckle Draggers,For Educational Purposes Only,2:11,131,2026-09-12T10:40:53Z,2026-09-13T08:20:16Z,13,132,LIKE,False
wNxNwvjzGM0,54-46 Was My Number,Toots & The Maytals,In The Dark,3:25,205,2026-09-12T10:40:53Z,2026-09-26T08:37:40Z,17,137,INDIFFERENT,False
GYYWc_VXJ4A,"Live Fast, Love Hard, Die Young",Faron Young,The Complete Capitol Hits Of Faron Young,2:19,139,2026-09-12T10:40:53Z,2026-09-26T08:37:40Z,27,12,INDIFFERENT,False
qDoeYDeNw6Y,Koya Blues,Abou Diarra,Koya,3:04,184,2026-09-12T10:40:53Z,2026-09-16T08:37:24Z,18,69,INDIFFERENT,False
BzISbZtRYHU,Is Anybody Goin' to San Antone,Charley Pride,Charley Pride's 10th Album,2:14,134,2026-09-12T10:40:53Z,2026-09-16T08:37:24Z,10,230,INDIFFERENT,False
MvhoseYhhtc,Grand Ole Opry Song (feat. Jimmy Martin),Nitty Gritty Dirt Band,Will The Circle Be Unbroken,3:11,191,2026-09-12T10:40:53Z,2026-09-26T08:37:40Z,26,28,INDIFFERENT,False
0BSlxLe3KwQ,Gentrification,"Joe Yorke, The Co-Operators",Gentrification,3:27,207,2026-09-12T10:40:53Z,2026-09-26T08:37:40Z,11,365,INDIFFERENT,False
oYyoUFjqB9U,Highway 40 Blues,Ricky Skaggs,Highways And Heartaches,3:11,191,2026-09-12T10:40:53Z,2026-09-26T08:37:40Z,19,188,INDIFFERENT,False
WaPTl-C5ExY,Mexican Margarita,Jacob Gurevitsch,Lovers in Paris (Deluxe),4:38,278,2026-09-12T10:40:53Z,2026-09-25T08:51:12Z,27,356,INDIFFERENT,False
qNUSRcB2OnM,Lone Star Beer and Bob Wills Music,Red Steagall,Lone Star Beer and Bob Wills Music,2:13,133,2026-09-12T10:40:53Z,2026-09-15T08:42:48Z,15,167,INDIFFERENT,False
rDGANk5FGuc,I Ain't Never (Single Version),Webb Pierce,Grand Ole Opry 75 Years Volume Two,1:56,116,2026-09-12T10:40:53Z,2026-09-16T08:37:24Z,11,64,INDIFFERENT,False
UnqQo1vT3m8,Settin' The Woods On Fire,Hank Williams,Memorial Album (Expanded Edition),2:39,159,2026-09-12T10:40:53Z,2026-09-16T08:37:24Z,10,50,INDIFFERENT,False
IHCZ7TwlaEo,Mexicali Blues,Grateful Dead,Skeletons from the Closet: The Best of the Grateful Dead,3:27,207,2026-09-12T10:40:53Z,2026-09-13T01:23:15Z,7,233,INDIFFERENT,False
gb3rnEbidRM,Me and Paul,Willie Nelson,Yesterday's Wine,3:49,229,2026-09-12T10:40:53Z,2026-09-24T08:29:18Z,23,199,INDIFFERENT,False
pPFwFqDoYos,Do Re Mi,Woody Guthrie,Dust Bowl Ballads,2:33,153,2026-09-12T10:40:53Z,2026-09-12T20:18:18Z,10,304,INDIFFERENT,False
mmlxlqOSWdQ,Best of All Possible Worlds,Kris Kristofferson,Kristofferson,2:59,179,2026-09-12T10:40:53Z,2026-09-26T08:37:40Z,19,310,LIKE,True
rGmw44_ZsPw,Six Days On The Road,Dave Dudley,Six Days On the Road,2:21,141,2026-09-12T10:40:53Z,2026-09-25T08:51:12Z,22,13,INDIFFERENT,False
7wjN0aqKnes,I Washed My Hands In Muddy Water,Stonewall Jackson,The Best Of Stonewall Jackson,2:43,163,2026-09-12T10:40:53Z,2026-09-26T08:37:40Z,27,43,INDIFFERENT,False
4KMh_gzrehA,Do-Wacka-Do,Roger Miller,Golden Hits,1:46,106,2026-09-12T10:40:53Z,2026-09-26T08:37:40Z,27,113,INDIFFERENT,False
8_c1dkh9YKQ,I've Got a Tiger By the Tail,Buck Owens & His Buckaroos,I've Got a Tiger By the Tail,2:14,134,2026-09-12T10:40:53Z,2026-09-26T08:37:40Z,27,25,INDIFFERENT,False
qKTOUG4PNgc,Big Rock Candy Mountain,Norman Blake,"O Brother, Where Art Thou? (Music From The Motion Picture / Deluxe Edition)",2:19,139,2026-09-12T10:40:53Z,2026-09-26T08:37:40Z,23,91,INDIFFERENT,False
PseT8EVStQI,Mahalla,Carolina Chocolate Drops,Leaving Eden,1:54,114,2026-09-12T10:40:53Z,2026-09-26T08:37:40Z,28,42,INDIFFERENT,False
AmOVEehbeEM,Train Medley: Fire Ball Mail / Train of Love / Walking Cane / Wreck of the Old '97/ Orange Blossom Special / Wabash Cannonball / Night Train to Memphis,Boxcar Willie,King of the Railroad,3:22,202,2026-09-12T10:40:53Z,2026-09-26T08:37:40Z,27,54,INDIFFERENT,False
KgRJkZmmqVA,Honky-Tonk Man,Johnny Horton,Johnny Horton'S Greatest Hits,2:12,132,2026-09-12T10:40:53Z,2026-09-26T08:37:40Z,27,123,INDIFFERENT,False
XyRCvukVv6w,Mama Tried (Remastered 2001),Merle Haggard & The Strangers,Mama Tried,2:13,133,2026-09-12T10:40:53Z,2026-09-20T08:37:04Z,17,193,INDIFFERENT,False
CD67Sr0VLKk,Take an Old Cold 'Tater (and Wait),"""Little"" Jimmy Dickens",Columbia Country Classics               Volume 2:  Honky Tonk Heroes,2:47,167,2026-09-12T10:40:53Z,2026-09-19T08:04:47Z,21,85,INDIFFERENT,False
-b0fwfhaak8,L'Indifference,Pearl Django,Modern Times,3:31,211,2026-09-12T10:40:53Z,2026-09-22T08:34:19Z,17,202,INDIFFERENT,False
3ov13L5Uiqc,Mule Skinner Blues (Blue Yodel No. 8),Jerry Reed,Georgia Sunshine,3:12,192,2026-09-12T10:40:53Z,2026-09-26T08:37:40Z,25,309,INDIFFERENT,False
bumdb4c8zTM,Semi-Crazy,"Junior Brown, Red Simpson",Semi Crazy,3:26,206,2026-09-12T10:40:53Z,2026-09-26T08:37:40Z,22,130,INDIFFERENT,False
Jk34tdkp_F8,Glory of True Love,John Prine,Fair and Square,4:13,253,2026-09-12T10:40:53Z,2026-09-26T08:37:40Z,22,131,INDIFFERENT,False
OLX-XZvz9iI,Love Me Tonight,Tom Jones,The Best Of ... Tom Jones,3:11,191,2026-09-12T10:40:53Z,2026-09-16T08:37:24Z,17,16,INDIFFERENT,False
qvweTRMmzCM,In The Jailhouse Now,Webb Pierce,20th Century Masters: The Millennium Collection: Best Of Webb Pierce,2:06,126,2026-09-12T10:40:53Z,2026-09-26T08:37:40Z,26,9,INDIFFERENT,False
isUlOQn5u-4,Ménilmontant,Avalon Jazz Band,I Wish You Love,3:46,226,2026-09-12T10:40:53Z,2026-09-26T08:37:40Z,23,253,INDIFFERENT,False
nD5MPI2trmM,Ballad Of Forty Dollars,Tom T. Hall,Tom T. Hall's Greatest Hits,3:06,186,2026-09-12T10:40:53Z,2026-09-25T08:51:12Z,23,312,INDIFFERENT,False
_voAYaRjvag,A Six Pack To Go,Hank Thompson & The Brazos,A Six Pack To Go,2:12,132,2026-09-12T10:40:53Z,2026-09-26T08:37:40Z,28,173,INDIFFERENT,False
1wfJhgcxrMI,San Francisco Bay Blues,"Peter, Paul and Mary",A Song Will Rise,3:03,183,2026-09-12T10:40:53Z,2026-09-26T08:37:40Z,16,430,LIKE,False
tpuCOTxTiFI,White Lightning (Single Version),George Jones,Best Of,2:46,166,2026-09-12T10:40:53Z,2026-09-16T08:37:24Z,11,208,INDIFFERENT,False
z-7YjIkEKKg,Bettina,"Skinshape, The Horus All Stars",Skinshape X Horus,3:44,224,2026-09-12T10:40:53Z,2026-09-26T08:37:40Z,27,199,LIKE,False
j0yS6Jc-vw0,Amarillo Highway (for Dave Hickey),Terry Allen,Lubbock (on everything),4:01,241,2026-09-12T10:40:53Z,2026-09-26T08:37:40Z,24,143,LIKE,False
hro4HvYOglI,Gettin' By,Jerry Jeff Walker,Viva Terlingua,4:14,254,2026-09-12T10:40:53Z,2026-09-26T08:37:40Z,23,172,INDIFFERENT,False
BOeksMXBN8s,Wreck of the Old 97,Johnny Cash,I Walk the Line,2:48,168,2026-09-12T10:40:53Z,2026-09-22T08:34:19Z,19,319,INDIFFERENT,False
7Tc1GUXxr2o,M.T.A.,The Kingston Trio,Kingston Trio At Large,3:14,194,2026-09-12T10:40:53Z,2026-09-26T08:37:40Z,18,267,INDIFFERENT,False
SRJhsYf-jok,Honky Tonk Heroes,Waylon Jennings,Honky Tonk Heroes,3:36,216,2026-09-12T10:40:53Z,2026-09-19T08:04:47Z,21,19,INDIFFERENT,False
SWLJXnmzIDo,"Bistro Fada (from the Motion Picture ""Midnight in Paris"")",Stephane Wrembel,Bistro Fada,3:04,184,2026-09-12T10:40:53Z,2026-09-16T05:17:39Z,16,52,LIKE,False
g7FteKFF_2A,Whoopee Ti Yi Yo,Ian Tyson,Old Corrals And Sagebrush & Other Cowboy Culture Classics,3:14,194,2026-09-12T10:40:53Z,2026-09-24T08:29:18Z,22,230,INDIFFERENT,False
Eds4vCwaN28,Squaws Along The Yukon,Hank Thompson & His Brazos Valley Boys,Most Of All,2:32,152,2026-09-12T10:40:53Z,2026-09-22T08:34:19Z,12,162,INDIFFERENT,False
wgTuoE35Eh8,La valse Niglos,Opa Tsupa,Inédits,3:12,192,2026-09-12T10:40:53Z,2026-09-15T08:42:48Z,14,146,INDIFFERENT,False
tc0iHcHUCKI,New Cut Road,Bobby Bare,As Is,3:29,209,2026-09-12T10:40:53Z,2026-09-26T08:37:40Z,22,122,INDIFFERENT,False
ZWuViMR_A1o,Little Lies,Fleetwood Mac,Tango in the Night,3:42,222,2026-09-12T10:40:53Z,2026-09-25T08:51:12Z,14,424,INDIFFERENT,False
mRNze9Lkgbo,I Never Picked Cotton,Roy Clark,Greatest Hits,2:34,154,2026-09-12T10:40:53Z,2026-09-26T08:37:40Z,28,124,INDIFFERENT,False
1O2zQqdljr4,Girl On The Billboard (Rerecorded),Del Reeves,"The Country Music Collection, Vol. 1",2:49,169,2026-09-12T10:40:53Z,2026-09-26T08:37:40Z,28,115,INDIFFERENT,False
Wewb33DJSz0,"Don't Think Twice, It's All Right",The Infamous Stringdusters,Undercover,4:26,266,2026-09-12T10:40:53Z,2026-09-25T08:51:12Z,17,313,LIKE,False
ARwlJPyuNQE,I Gotta Get Drunk,The Little Willies,The Little Willies,2:28,148,2026-09-12T10:40:53Z,2026-09-26T08:37:40Z,24,315,LIKE,True
LdQHW8Kanek,"Richard Petty (Live at State Farm Arena, Atlanta, GA 3/1/24)",Billy Strings,Live Vol. 1,2:12,132,2026-09-12T10:40:53Z,2026-09-21T08:58:47Z,21,453,INDIFFERENT,False
ES048AXHpNY,Live Forever,The Highwaymen,The Road Goes On Forever,2:47,167,2026-09-12T10:40:53Z,2026-09-26T08:37:40Z,18,114,INDIFFERENT,False
HqMRbHy1q7w,Carry On,Jungle,Carry On,2:49,169,2026-09-12T10:40:53Z,2026-09-26T08:37:40Z,27,356,INDIFFERENT,False
rrpqghCbZcc,Let the Good Times Roll,Sam Butera,The Louis Prima Sound,2:20,140,2026-09-12T10:40:53Z,2026-09-16T05:17:39Z,8,437,INDIFFERENT,False
u4S0OzdpQfE,Howard Hughes' Blues,John Hartford,Morning Bugle,2:52,172,2026-09-12T10:40:53Z,2026-09-15T08:42:48Z,14,392,INDIFFERENT,False
2qIJv6XGejc,Yèkèrmo Sèw,Mulatu Astatke,Ethiopian Modern Instrumentals Hits,4:16,256,2026-09-12T10:40:53Z,2026-09-26T08:37:40Z,27,4,INDIFFERENT,False
A-ZmXCbsn4c,Black Rose,Billy Joe Shaver,Old Five And Dimers Like Me,2:45,165,2026-09-12T10:40:53Z,2026-09-26T08:37:40Z,25,108,INDIFFERENT,False
kt6ULcZxwRo,Minor Swing,"Django Reinhardt, Quintette du Hot Club de France, Stéphane Grappelli",The Best Of Django Reinhardt,3:17,197,2026-09-12T10:40:53Z,2026-09-16T05:17:39Z,14,54,INDIFFERENT,False
fyyTPsSTM7U,Flowers on the Wall,The Statler Brothers,Flowers on the Wall,2:20,140,2026-09-12T10:40:53Z,2026-09-26T08:37:40Z,26,77,INDIFFERENT,False
-oWhYRFiL20,Silver and Gold,Trampled By Turtles,Blue Sky and the Devil,2:48,168,2026-09-12T10:40:53Z,2026-09-26T08:37:40Z,27,157,INDIFFERENT,False
EKQQwKmUKfA,I Won't Go Huntin' with You Jake (But I'll Go Chasin' Wimmin),Jimmy Dean,Big Bad John and Other Fabulous Songs and Tales,2:49,169,2026-09-12T10:40:53Z,2026-09-26T08:37:40Z,26,87,INDIFFERENT,False
PbgQITWRTbQ,We,The Roches,The Roches,2:36,156,2026-09-12T10:40:53Z,2026-09-26T08:37:40Z,24,183,LIKE,False
9mrz5Wb-rTE,Fireworks,The Whitest Boy Alive,Dreams,3:13,193,2026-09-12T10:40:53Z,2026-09-12T20:31:33Z,11,255,INDIFFERENT,False
OxskaztSCzg,Beyond the Sea (La Mer),Gypsy Jazz Caravan,Gypsy Jazz Caravan III,4:28,268,2026-09-12T10:40:53Z,2026-09-16T05:17:39Z,7,277,INDIFFERENT,False
GKdl-GCsNJ0,Here Comes The Sun (2019 Mix),The Beatles,Abbey Road (Super Deluxe Edition),3:06,186,2026-09-12T10:40:53Z,2026-09-21T08:58:47Z,12,42,INDIFFERENT,False
fT7F3bswH3w,Abilene,George Hamilton IV,Abilene,2:14,134,2026-09-12T10:40:53Z,2026-09-16T08:37:24Z,11,85,INDIFFERENT,False
6pC0nhqtmqU,Dark and Stormy,The Brudi Brothers,Dark and Stormy,3:08,188,2026-09-12T10:40:53Z,2026-09-18T08:16:45Z,20,181,INDIFFERENT,False
F3Wi5qok-AY,Cotton-Eyed Joe,Bill Monroe & The Blue Grass Boys,Live Recordings 1956-1969: Off the Record Volume 1,3:27,207,2026-09-12T10:40:53Z,2026-09-25T08:51:12Z,18,371,INDIFFERENT,False
362ymTDuTr4,Agitations tropicales,L'Impératrice,Odyssée - EP,4:09,249,2026-09-12T10:40:53Z,2026-09-13T08:20:16Z,13,164,INDIFFERENT,False
-4urI6xO8cI,Good Old Mountain Dew,Grandpa Jones,Mountain Dew and Other Classics,2:23,143,2026-09-12T10:40:53Z,2026-09-26T08:37:40Z,27,63,INDIFFERENT,False
-sUB6EFBOvI,Biff,Huntertones,Biff,4:03,243,2026-09-12T10:40:53Z,2026-09-23T08:36:35Z,13,81,INDIFFERENT,False
r6dVH6rhIOo,In The Jailhouse Now (feat. Tim Blake Nelson),The Soggy Bottom Boys,"O Brother, Where Art Thou? (Original Motion Picture Soundtrack)",3:37,217,2026-09-12T10:40:53Z,2026-09-16T08:37:24Z,8,234,INDIFFERENT,False
8o19PCXwm6c,Falling Out,Ween,White Pepper,2:29,149,2026-09-12T10:40:53Z,2026-09-12T20:31:33Z,11,202,LIKE,False
2onV5L_1kt0,Howlin' At The Moon,"Hank Williams, The Drifting Cowboys",Honky Tonkin (Expanded Undubbed Edition),2:45,165,2026-09-12T10:40:53Z,2026-09-26T08:37:40Z,28,22,INDIFFERENT,False
jqwGzhBgUxE,Why’d Ya Do It,Sierra Ferrell,Long Time Coming,3:38,218,2026-09-12T10:40:53Z,2026-09-26T08:37:40Z,17,38,INDIFFERENT,False
gPeB7HXnTlw,Better World A-Comin',Woody Guthrie,"Hard Travelin': The Asch Recordings, Vol. 3",3:07,187,2026-09-12T10:40:53Z,2026-09-12T20:18:18Z,8,118,INDIFFERENT,False
PzofC1lws8s,Stay All Night (Stay a Little Longer),Willie Nelson,Shotgun Willie,2:35,155,2026-09-12T10:40:53Z,2026-09-26T08:37:40Z,23,221,INDIFFERENT,False
KpdFYybTsIw,I Heard The Bluebirds Sing,"Kris Kristofferson, Rita Coolidge",Full Moon,2:52,172,2026-09-12T10:40:53Z,2026-09-24T08:29:18Z,12,412,INDIFFERENT,False
lY2WLzZ6m9g,Mad (Single Version),Dave Dudley,20th Century Masters: The Millennium Collection: Best Of Dave Dudley,2:44,164,2026-09-12T10:40:53Z,2026-09-26T08:37:40Z,25,85,INDIFFERENT,False
zmMTLplSZWc,Cumberland Blues (2023 Mickey Hart Mix),Grateful Dead,Workingman’s Dead (2023 Mickey Hart Mix),3:21,201,2026-09-12T10:40:53Z,2026-09-12T20:31:33Z,6,488,INDIFFERENT,False
kiMrXfxPUyE,Blowin' Down This Road (I Ain't Going to Be Treated This Way),Woody Guthrie,Dust Bowl Ballads,3:02,182,2026-09-12T10:40:53Z,2026-09-12T20:18:18Z,9,394,INDIFFERENT,False
Rcg9ybnyb5s,She's Gone Gone Gone,Lefty Frizzell,The Sad Side of Love,2:24,144,2026-09-12T10:40:53Z,2026-09-19T08:04:47Z,18,170,INDIFFERENT,False
wL54kBsWUhU,Jambalaya (On The Bayou),Hank Williams,Honky Tonkin (Expanded Undubbed Edition),2:55,175,2026-09-12T10:40:53Z,2026-09-26T08:37:40Z,17,218,INDIFFERENT,False
ogb2RcayIgI,Out Behind the Barn,"""Little"" Jimmy Dickens",16 Biggest Hits,2:23,143,2026-09-12T10:40:53Z,2026-09-26T08:37:40Z,27,125,INDIFFERENT,False
IWrYNcv7fPk,Bananas and Blow,Ween,White Pepper,3:35,215,2026-09-12T10:40:53Z,2026-09-26T08:37:40Z,13,462,INDIFFERENT,False
8PCEDB1YjYI,Dang Me,Roger Miller,Roger And Out,1:49,109,2026-09-12T10:40:53Z,2026-09-26T08:37:40Z,28,10,INDIFFERENT,False
8HkiMkGp_Jo,I Like Beer,Tom T. Hall,"Greatest Hits, Vol. 2",2:57,177,2026-09-12T10:40:53Z,2026-09-16T08:37:24Z,9,332,INDIFFERENT,False
QAwsYEX0sCU,Still Not Dead,Willie Nelson,God's Problem Child,2:33,153,2026-09-12T10:40:53Z,2026-09-12T11:25:40Z,6,415,INDIFFERENT,False
i9ugVJ2S-Uw,Two Six Packs Away (Single Version),Dave Dudley,20th Century Masters: The Millennium Collection: Best Of Dave Dudley,2:15,135,2026-09-12T10:40:53Z,2026-09-26T08:37:40Z,27,208,INDIFFERENT,False
8vym-lrmLl4,Jim Bridger,Johnny Horton,Johnny Horton'S Greatest Hits,2:29,149,2026-09-12T10:40:53Z,2026-09-16T08:37:24Z,11,115,INDIFFERENT,False
P3XujXxbp44,I Take A Lot Of Pride In What I Am (2005 Remaster),"Merle Haggard, The Strangers",Mama Tried/ Pride In What I Am,2:50,170,2026-09-12T10:40:53Z,2026-09-25T08:51:12Z,21,160,INDIFFERENT,False
wLSUDSNqLgQ,Everywhere,Fleetwood Mac,Tango in the Night,3:47,227,2026-09-12T10:40:53Z,2026-09-26T08:37:40Z,16,151,INDIFFERENT,False
2P-ChPdgc50,Rocky Top,Buck Owens & His Buckaroos,Ruby & Other Bluegrass Specials,2:31,151,2026-09-12T10:40:53Z,2026-09-26T08:37:40Z,28,302,INDIFFERENT,False
E4OzdyxbOuU,9 to 5,Dolly Parton,The Essential Dolly Parton,3:01,181,2026-09-12T10:40:53Z,2026-09-24T08:29:18Z,18,151,INDIFFERENT,False
n-dVUJ7NRLE,Understand Your Man,Johnny Cash,I Walk the Line,2:45,165,2026-09-12T10:40:53Z,2026-09-26T08:37:40Z,26,81,INDIFFERENT,False
dBg835ytdfA,Dooley,The Dillards,Back Porch Bluegrass,2:05,125,2026-09-12T10:40:53Z,2026-09-16T08:37:24Z,11,88,INDIFFERENT,False
vA-aqXGIFLk,Travelin' Man (Live At The American Legion Post 82),"Billy Strings, Bryan Sutton",Live At The Legion,3:18,198,2026-09-12T10:40:53Z,2026-09-26T08:37:40Z,17,418,INDIFFERENT,False
46Psiez96a4,Doggone Cowboy,Marty Robbins,Return of the Gunfighter,2:10,130,2026-09-12T10:40:53Z,2026-09-23T08:36:35Z,25,189,INDIFFERENT,False
2xb0cuWTYAQ,Indian War Whoop,John Hartford,"O Brother, Where Art Thou? (Original Motion Picture Soundtrack)",1:31,91,2026-09-12T10:40:53Z,2026-09-16T08:37:24Z,17,109,INDIFFERENT,False
2i0O8xm3hr4,Nitro Express,Red Simpson,"Roll, Truck, Roll",2:40,160,2026-09-12T10:40:53Z,2026-09-26T08:37:40Z,25,406,INDIFFERENT,False
tXGQt7SdbIE,P.T. 109,Jimmy Dean,"Grand Old Country, Vol. 1",3:14,194,2026-09-12T10:40:53Z,2026-09-16T08:37:24Z,11,297,INDIFFERENT,False
0wFVsbbrEHQ,Real Love Baby,Father John Misty,Real Love Baby,3:10,190,2026-09-12T10:40:53Z,2026-09-26T08:37:40Z,27,414,INDIFFERENT,False
S-VZUCb-A38,Venom Wearin' Denim,Junior Brown,Semi Crazy,2:38,158,2026-09-12T10:40:53Z,2026-09-26T08:37:40Z,27,1,INDIFFERENT,False
-CKSqZJdOTI,Guitar Man,Jerry Reed,The Unbelievable Guitar & Voice of Jerry Reed,2:28,148,2026-09-12T10:40:53Z,2026-09-26T08:37:40Z,22,240,INDIFFERENT,False
G1DQDevGS5Y,Early Mornin' Rain,"Peter, Paul and Mary",See What Tomorrow Brings,3:09,189,2026-09-12T10:40:53Z,2026-09-17T08:41:05Z,16,347,INDIFFERENT,False
Pkgotxp5avk,You Must Come In At The Door,Doc Watson,On Praying Ground,2:16,136,2026-09-12T10:40:53Z,2026-09-15T08:42:48Z,15,117,INDIFFERENT,False
cIznomQuQlg,Fox Hunt,Sierra Ferrell,Trail Of Flowers,3:18,198,2026-09-12T10:40:53Z,2026-09-26T08:37:40Z,23,336,INDIFFERENT,False
5eq1m2s3rzE,Will The Circle Be Unbroken (feat. Mother Maybelle Carter),Nitty Gritty Dirt Band,Will The Circle Be Unbroken,4:49,289,2026-09-12T10:40:53Z,2026-09-26T08:37:40Z,22,177,INDIFFERENT,False
k9PFpzecOl0,Flashback Blues,John Prine,John Prine,2:33,153,2026-09-12T10:40:53Z,2026-09-26T08:37:40Z,23,212,INDIFFERENT,False
dxqF023UIt0,Cornbread and Butterbeans,Carolina Chocolate Drops,Genuine Negro Jig,3:11,191,2026-09-12T10:40:53Z,2026-09-26T08:37:40Z,24,421,INDIFFERENT,False
20y47KYgen0,The Conversation (feat. Ron Peters),Pearl Django,Modern Times,2:58,178,2026-09-12T10:40:53Z,2026-09-26T08:37:40Z,27,27,LIKE,True
GzwJGu1vVos,Silver Wave,The Brudi Brothers,Dark and Stormy,3:14,194,2026-09-12T10:40:53Z,2026-09-26T08:37:40Z,23,274,INDIFFERENT,False
2za-wgmPqHI,Got My Own Thing Now,Squirrel Nut Zippers,Hot (Remastered / 20th Anniversary Edition),2:31,151,2026-09-12T10:40:53Z,2026-09-24T08:29:18Z,23,291,INDIFFERENT,False
s4l66xmq4D4,Smoke Along the Track,Stonewall Jackson,The Dynamic Stonewall Jackson,2:42,162,2026-09-12T10:40:53Z,2026-09-16T08:37:24Z,11,76,INDIFFERENT,False
0Z1cezvESrA,Gringo In Belize,Jerry Jeff Walker,Cowboy Boots and Bathin' Suits,3:43,223,2026-09-12T10:40:53Z,2026-09-26T08:37:40Z,21,254,INDIFFERENT,False
s6JJ1qoS_0w,Drivin' My Life Away,Eddie Rabbitt,Horizon,3:17,197,2026-09-12T10:40:53Z,2026-09-20T08:37:04Z,10,114,INDIFFERENT,False
uTAfOticKUg,La Vie Joyeuse,The Paris Musette,The Music Of France,2:20,140,2026-09-12T10:40:53Z,2026-09-16T05:17:39Z,15,447,INDIFFERENT,False
kXeIqgZTKIw,Truck Drivin' Man,Conway Twitty,Sings,2:59,179,2026-09-12T10:40:53Z,2026-09-16T08:37:24Z,13,86,INDIFFERENT,False
k_Bkf5d_xFk,Big River,The Highwaymen,Highwayman,2:48,168,2026-09-12T10:40:53Z,2026-09-26T08:37:40Z,22,314,INDIFFERENT,False
K5mF14ue4r0,Ringo,Lorne Greene,Nipper's Greatest Hits 60's Vol. 2,3:34,214,2026-09-12T10:40:53Z,2026-09-16T08:37:24Z,10,325,INDIFFERENT,False
iRCYp9Lft8c,Buona Sera (Remastered 2002) (feat. Keely Smith & Sam Butera And The Witnesses),Louis Prima,The Wildest! (Expanded Edition),3:01,181,2026-09-12T10:40:53Z,2026-09-13T08:20:16Z,11,385,INDIFFERENT,False
vT3Ch6nt2mA,Odessa Bulgarish,Amsterdam Klezmer Band,LIMONCHIKI,3:06,186,2026-09-12T10:40:53Z,2026-09-16T08:37:24Z,15,57,INDIFFERENT,False
SJPCeUAV23I,Lola (2020 Stereo Remaster),The Kinks,"Lola Versus Powerman and the Moneygoround, Pt. 1",4:02,242,2026-09-12T10:40:53Z,2026-09-26T08:37:40Z,25,242,INDIFFERENT,False
PeGQjAgJeYk,The Lord Knows I'm Drinking,Hank Thompson,"Pathway of My Life 1966 - 1986, Pt. 4 of 8",2:54,174,2026-09-12T10:40:53Z,2026-09-16T08:37:24Z,11,126,INDIFFERENT,False
jM8hmwp2tWM,Singin' in the Kitchen,Bobby Bare,Singin' in the Kitchen,3:39,219,2026-09-12T10:40:53Z,2026-09-16T08:37:24Z,11,381,INDIFFERENT,False
zHamgwlQ1yo,I Am A Man Of Constant Sorrow (With Band) (feat. Dan Tyminski),The Soggy Bottom Boys,"O Brother, Where Art Thou? (Original Motion Picture Soundtrack)",4:17,257,2026-09-12T10:40:53Z,2026-09-21T08:58:47Z,11,94,INDIFFERENT,False
OpeaILsddHc,Sandy,Allah-Las,Allah-Las,2:45,165,2026-09-12T10:40:53Z,2026-09-26T08:37:40Z,26,366,INDIFFERENT,False
CWPo5SC3zik,God Only Knows (Mono),The Beach Boys,Pet Sounds (Original Mono & Stereo Mix),2:54,174,2026-09-12T10:40:53Z,2026-09-26T08:37:40Z,16,67,INDIFFERENT,False
MJ1MDa3pxJw,Summertime,Doc & Merle Watson,Elementary Doctor Watson,3:28,208,2026-09-12T10:40:53Z,2026-09-25T08:51:12Z,21,121,INDIFFERENT,False
W0UiBKvT64c,The Battle Of Kookamonga (Digitally Mastered 1988),Homer & Jethro,Nippers 50's-Vol.2,2:38,158,2026-09-12T10:40:53Z,2026-09-16T08:37:24Z,10,112,INDIFFERENT,False
uFjfnwx5H8o,Problemz,Jungle,Volcano,3:05,185,2026-09-12T10:40:53Z,2026-09-26T08:37:40Z,23,48,INDIFFERENT,False
acxfOgPWUls,Ticket To Ride (Remastered 2009),The Beatles,Help!,3:10,190,2026-09-12T10:40:53Z,2026-09-25T08:51:12Z,23,183,INDIFFERENT,False
Oe5hm0v67zM,Wagon Wheel,Old Crow Medicine Show,O.C.M.S.,3:53,233,2026-09-12T10:40:53Z,2026-09-25T08:51:12Z,16,445,INDIFFERENT,False
IL_LiGCV82g,Rich Girl,Daryl Hall & John Oates,Bigger Than Both Of Us,2:23,143,2026-09-12T10:40:53Z,2026-09-15T08:42:48Z,13,370,INDIFFERENT,False
9hWplzikpnE,Trinity River (Live from the Ryman),Charley Crockett,Trinity River (Live from the Ryman),4:16,256,2026-09-12T10:40:53Z,2026-09-26T08:37:40Z,19,93,INDIFFERENT,False
RWACmdpqxHA,table for two,aron!,Jazz para cocinar,1:52,112,2026-09-12T10:40:53Z,2026-09-26T08:37:40Z,19,292,INDIFFERENT,False
aBKEt3MhNMM,Starman,David Bowie,The Rise and Fall of Ziggy Stardust and the Spiders from Mars,4:15,255,2026-09-12T10:40:53Z,2026-09-26T08:37:40Z,26,355,INDIFFERENT,False
kljpsW9u-Bk,Best Of All Possible Worlds,The Little Willies,The Little Willies,3:11,191,2026-09-12T10:40:53Z,2026-09-25T08:51:12Z,24,211,INDIFFERENT,False
BjqAX_cCNwY,I Hate The Way I Look Today.,RAYE,THIS MUSIC MAY CONTAIN HOPE.,3:29,209,2026-09-12T10:40:53Z,2026-09-25T08:51:12Z,26,320,LIKE,False
7kyg6F-E4fg,Jamming,Bob Marley & The Wailers,Exodus,3:31,211,2026-09-12T10:40:53Z,2026-09-26T08:37:40Z,21,346,INDIFFERENT,False
OsgUQrKTTtc,Sisyphus,Andrew Bird,My Finest Work Yet,4:08,248,2026-09-12T10:40:53Z,2026-09-26T08:37:40Z,27,37,LIKE,False
ogRIHuKuK3I,Homegrown Tomatoes,Guy Clark,Better Days,2:59,179,2026-09-12T10:40:53Z,2026-09-26T08:37:40Z,22,90,INDIFFERENT,False
fQ312iZf7DA,Old King Cole,Boxcar Willie,Heart Breakin' Hillbilly Songs,3:27,207,2026-09-12T10:40:53Z,2026-09-16T08:37:24Z,14,368,INDIFFERENT,False
OYYZFx7_DS8,This Charming Man,The Smiths,The Smiths,2:43,163,2026-09-12T10:40:53Z,2026-09-26T08:37:40Z,21,472,INDIFFERENT,False
K28hQ3o3VcQ,Leaving Louisiana in the Broad Daylight (2003 Remaster),Emmylou Harris,Quarter Moon in a Ten Cent Town (Expanded & Remastered),4:20,260,2026-09-12T10:40:53Z,2026-09-26T08:37:40Z,24,14,INDIFFERENT,False
Hz5SFQsLzAg,Carol Brown,Flight of the Conchords,I Told You I Was Freaky,3:27,207,2026-09-12T10:40:53Z,2026-09-26T08:37:40Z,28,52,LIKE,True
b6LmYn9LlZA,Presente grego,Arthur Verocai,Arthur Verocai,2:33,153,2026-09-12T10:40:53Z,2026-09-15T08:42:48Z,16,155,INDIFFERENT,False
trJcxc55YvM,"Me & My Uncle (Live at The Fillmore East, New York, NY, April 29, 1971) [2021 Remaster]",Grateful Dead,Grateful Dead (Skull & Roses) [2021 Remaster] (Live),3:04,184,2026-09-12T10:40:53Z,2026-09-12T20:31:33Z,6,101,INDIFFERENT,False
Kn9t8Yp-Fe0,Carolina in My Mind,John Denver,Take Me To Tomorrow,2:43,163,2026-09-12T10:40:53Z,2026-09-15T08:42:48Z,12,166,INDIFFERENT,False
SGn_YqYyLZI,Hecate,"Dirty Rotten Vipers, Johanna Rose",Hecate,3:55,235,2026-09-12T10:40:53Z,2026-09-13T08:20:16Z,8,391,INDIFFERENT,False
1XM_lkXbCto,San Antonio Rose (feat. The Texas Playboys),Bob Wills,For The Last Time,3:11,191,2026-09-12T10:40:53Z,2026-09-26T08:37:40Z,18,7,INDIFFERENT,False
vzVmWAfwf_g,Big Jilm,Ween,Pure Guava,2:11,131,2026-09-12T10:40:53Z,2026-09-16T08:37:24Z,11,326,INDIFFERENT,False
vghpamGIgsw,On the Sunny Side of the Street,Willie Nelson,Stardust,2:35,155,2026-09-12T10:40:53Z,2026-09-16T05:17:39Z,11,419,INDIFFERENT,True
U29H5TAuIaA,You Can't Roller Skate In A Buffalo Herd (Re-Recorded In Stereo),Roger Miller,Best Of Roger Miller,1:52,112,2026-09-12T10:40:53Z,2026-09-24T08:29:18Z,19,223,INDIFFERENT,False
ykfCYGdQW5E,Lovesick Blues (Health & Happiness Show Six),Hank Williams,Health & Happiness Shows,3:31,211,2026-09-12T10:40:53Z,2026-09-26T08:37:40Z,24,334,INDIFFERENT,False
tXbpu8tX4CE,Café Accordeon,Dan Newton,A Stroll in Paris,3:18,198,2026-09-12T10:40:53Z,2026-09-15T08:42:48Z,15,426,INDIFFERENT,False
Tmo0s2ynZHI,Too Old To Cut The Mustard,"Ernest Tubb, Red Foley",Retrospective (Volume 2),2:52,172,2026-09-12T10:40:53Z,2026-09-26T08:37:40Z,27,164,INDIFFERENT,False
Ye9hGotPPVk,I'm Still Standing,Elton John,Too Low For Zero,3:04,184,2026-09-12T10:40:53Z,2026-09-20T08:37:04Z,11,260,INDIFFERENT,False
deWbbJJNnH0,I Like To Hear 'Em Preach It,Jimmy Martin,The King Of Bluegrass,3:04,184,2026-09-12T10:40:53Z,2026-09-24T08:29:18Z,12,380,INDIFFERENT,False
cVUHd0H0XAk,Movin' On,Merle Haggard,Keep Movin On,2:17,137,2026-09-12T10:40:53Z,2026-09-26T08:37:40Z,25,205,INDIFFERENT,False
7m1AfDNXSBg,Matahari,L'Impératrice,Matahari (French Version),3:09,189,2026-09-12T10:40:53Z,2026-09-12T20:31:33Z,11,377,INDIFFERENT,False
T51zt_-zJCk,It's a Good Day (feat. Ray Benson & Jason Roberts),"Asleep at the Wheel, Leon Rausch",It's a Good Day,2:58,178,2026-09-12T10:40:53Z,2026-09-17T08:41:05Z,17,272,INDIFFERENT,False
Ek9Uyh_2Hmk,Caballo Viejo (Bamboleo),Martin Zarzar,El Jardín de Mi Abuela,5:03,303,2026-09-12T10:40:53Z,2026-09-26T08:37:40Z,27,64,INDIFFERENT,False
JksEW_XezLI,La Vie En Rose,Gypsy Jazz Caravan,Gypsy Jazz Caravan III,3:49,229,2026-09-12T10:40:53Z,2026-09-16T05:17:39Z,16,356,LIKE,False
Si_T0tUzLNU,Pride of Cucamonga,Grateful Dead,From the Mars Hotel,4:18,258,2026-09-12T10:40:53Z,2026-09-12T20:31:33Z,5,203,INDIFFERENT,False
ZZmXTGysai8,I'm Confessin' (That I Love You),Thelonious Monk,Solo Monk (Expanded Edition),2:38,158,2026-09-12T10:40:53Z,2026-09-15T08:42:48Z,16,165,INDIFFERENT,False
ycft8XnEbFc,Embuwa Bey Lamitu,"Dahlak Band, Hailu Mergia",Wede Harer Guzo,6:06,366,2026-09-12T10:40:53Z,2026-09-16T08:37:24Z,16,362,INDIFFERENT,False
CLPQznD11xU,Piss up a Rope,Ween,12 Golden Country Greats,3:34,214,2026-09-12T10:40:53Z,2026-09-16T05:17:39Z,3,491,INDIFFERENT,False
t3uDyI6dw5g,Le Dénicheur,Eric Bouvelle Et Son Orchestre,Les Classiques De L'Accordéon Vol. 7,2:46,166,2026-09-12T10:40:53Z,2026-09-16T05:17:39Z,9,456,INDIFFERENT,False
F2DwAcDZF4Y,Monkey and the Engineer (Live),Grateful Dead,Reckoning (Live),2:56,176,2026-09-12T10:40:53Z,2026-09-12T20:31:33Z,5,473,INDIFFERENT,False
MfJj5pypPSU,I Don't Wanna Leave You on the Farm,Ween,12 Golden Country Greats,2:45,165,2026-09-12T10:40:53Z,2026-09-26T08:37:40Z,20,297,INDIFFERENT,False
LKFh8shOYlE,Good Hearted Woman,Willie Nelson,Words Don't Fit The Picture,3:00,180,2026-09-12T10:40:53Z,2026-09-16T08:37:24Z,9,259,INDIFFERENT,False
w-O0pu_Gu7U,Help Me Make It Through the Night,Kris Kristofferson,Kristofferson,2:22,142,2026-09-12T10:40:53Z,2026-09-26T08:37:40Z,23,229,INDIFFERENT,False
IMbazqH9uHg,Ole Slew Foot,Johnny Horton,The Essential Johnny Horton,2:20,140,2026-09-12T10:40:53Z,2026-09-26T08:37:40Z,27,236,INDIFFERENT,False
sjLu-_Xj2gE,A Six Pack To Go,Hank Thompson & His Brazos Valley Boys,Vintage Collections,2:10,130,2026-09-12T10:40:53Z,2026-09-16T08:37:24Z,11,219,INDIFFERENT,False
WSK8-MNRAXE,Tupelo Mississippi Flash,Jerry Reed,Nashville Underground,2:45,165,2026-09-12T10:40:53Z,2026-09-25T08:51:12Z,18,231,INDIFFERENT,False
3DR8qJlzOcc,Saddle Tramp,Marty Robbins,Gunfighter Ballads And Trail Songs,2:04,124,2026-09-12T10:40:53Z,2026-09-24T08:29:18Z,21,321,INDIFFERENT,False
Ks1EyAuVuWY,Fox On The Run,Tom T. Hall,The Magnificent Music Machine,2:05,125,2026-09-12T10:40:53Z,2026-09-26T08:37:40Z,26,207,INDIFFERENT,False
N1adTDSz4LU,Act Naturally,Buck Owens & His Buckaroos,Carnegie Hall Concert,3:41,221,2026-09-12T10:40:53Z,2026-09-26T08:37:40Z,26,423,INDIFFERENT,False
eKjIyktKFww,The Sunny Side of Life,Country Gentlemen,On The Road (And More),2:34,154,2026-09-12T10:40:53Z,2026-09-15T08:42:48Z,13,397,LIKE,False
KNkPIeCklGU,Sixteen Tons,Lorne Greene,The Man,3:11,191,2026-09-12T10:40:53Z,2026-09-16T08:37:24Z,11,194,INDIFFERENT,False
vHzDvXhJ_Ug,Panama Red,Old & In The Way,Breakdown,2:42,162,2026-09-12T10:40:53Z,2026-09-17T08:41:05Z,18,375,INDIFFERENT,False
y-A6KMq0YeI,Tennessee Stud (feat. Doc Watson),Nitty Gritty Dirt Band,Will The Circle Be Unbroken,4:51,291,2026-09-12T10:40:53Z,2026-09-26T08:37:40Z,25,232,INDIFFERENT,False
bLNEGvMkUUI,Country Boy,"""Little"" Jimmy Dickens",Columbia Country Classics               Volume 2:  Honky Tonk Heroes,2:55,175,2026-09-12T10:40:53Z,2026-09-16T08:37:24Z,9,359,INDIFFERENT,False
D_qFj6aRScw,Awful Lot To Learn About Truck Drivin',Red Simpson,Capitol Collectors Series,2:53,173,2026-09-12T10:40:53Z,2026-09-26T08:37:40Z,24,228,INDIFFERENT,False
8Z6Wce_b16M,Banana Split For My Baby (feat. Keely Smith & Sam Butera And The Witnesses),Louis Prima,The Wildest! (Expanded Edition),2:32,152,2026-09-12T10:40:53Z,2026-09-16T05:17:39Z,10,323,INDIFFERENT,False
4ukE3jwmOcA,Big Bad John,Jimmy Dean,Big Bad John and Other Fabulous Songs and Tales,3:01,181,2026-09-12T10:40:53Z,2026-09-16T08:37:24Z,9,240,INDIFFERENT,False
GEMd1ANMKrU,Put A Lid On It,Squirrel Nut Zippers,The Best of Squirrel Nut Zippers,2:38,158,2026-09-12T10:40:53Z,2026-09-18T08:16:45Z,6,95,INDIFFERENT,False
EhfVLjykYag,Bossa Nouveau,The Paris Musette,The Music Of France,3:06,186,2026-09-12T10:40:53Z,2026-09-16T05:17:39Z,17,377,INDIFFERENT,False
O4BU4zKkSzs,Murder Steer,Ian Tyson,Old Corrals And Sagebrush & Other Cowboy Culture Classics,3:58,238,2026-09-12T10:40:53Z,2026-09-24T08:29:18Z,15,364,INDIFFERENT,False
rgiYjSQ3EWU,You Got Gold,John Prine,The Missing Years,4:39,279,2026-09-12T10:40:53Z,2026-09-26T08:37:40Z,18,364,INDIFFERENT,False
e95AYrvZIno,Lightenup,Parcels,Parcels,3:58,238,2026-09-12T10:40:53Z,2026-09-23T08:36:35Z,14,268,INDIFFERENT,False
psG9hPSkqJg,"Orange County (feat. Bizarrap, Kara Jackson, Anoushka Shankar & Kara Jackson and Anoushka Shankar)",Gorillaz,The Mountain,3:29,209,2026-09-12T10:40:53Z,2026-09-22T08:34:19Z,23,158,INDIFFERENT,False
aqTzkd0yMAg,I'll Never Get Out Of This World Alive,The Little Willies,The Little Willies,3:23,203,2026-09-12T10:40:53Z,2026-09-25T08:51:12Z,21,327,INDIFFERENT,False
jAdBJu7qWwQ,Satisfy My Soul,"Bob Marley, The Wailers",Kaya,4:31,271,2026-09-12T10:40:53Z,2026-09-25T08:51:12Z,20,76,INDIFFERENT,False
a7vy7FUx7k8,Que reste-t-il de nos amours?,Avalon Jazz Band,I Wish You Love,3:48,228,2026-09-12T10:40:53Z,2026-09-16T05:17:39Z,16,340,INDIFFERENT,False
3IgIiO5SbD4,"Kustino Oro (BOF ""Le temps des gitans"")",Goran Bregovic,Le Temps Des Gitans & Kuduz,3:15,195,2026-09-12T10:40:53Z,2026-09-21T08:58:47Z,20,482,INDIFFERENT,False
uZj032MNIx4,You Can't Hurry Love,The Supremes,The Supremes A' Go-Go (Expanded Edition),2:48,168,2026-09-12T10:40:53Z,2026-09-25T08:51:12Z,18,344,INDIFFERENT,False
4W_MaZbvY2U,La Vie En Rose,Duo Gadjo and their Hot Friends,Meet me in Paris,4:50,290,2026-09-12T10:40:53Z,2026-09-22T08:34:19Z,17,150,LIKE,False
OBM0DO8Xt1c,September,"Earth, Wind & Fire",September (sped up + slowed),3:37,217,2026-09-12T10:40:53Z,2026-09-26T08:37:40Z,18,200,INDIFFERENT,False
xgG4Z9vKrH4,Bucovina,Shantel,Shantology // The Bucovina Club Years,3:22,202,2026-09-12T10:40:53Z,2026-09-25T08:51:12Z,24,487,INDIFFERENT,False
fsuq8pKVjkg,Cheap Cocaine,Willi Carlisle,Too Nice to Mean Much,3:34,214,2026-09-12T10:40:53Z,2026-09-26T08:37:40Z,20,192,INDIFFERENT,False
PVgDmI4Bvr8,eggs in the morning,aron!,cozy you (and other nice songs),2:28,148,2026-09-12T10:40:53Z,2026-09-26T08:37:40Z,22,158,INDIFFERENT,False
lBDTNfPSauM,Take 5,Gypsy Jazz Caravan,Gypsy Jazz Caravan III,3:10,190,2026-09-12T10:40:53Z,2026-09-16T05:17:39Z,17,61,INDIFFERENT,False
rv095IprpW4,Sushi and Coca-Cola,St. Paul & The Broken Bones,Sushi and Coca-Cola,2:38,158,2026-09-12T10:40:53Z,2026-09-26T08:37:40Z,11,401,INDIFFERENT,False
CSFr0ljI5fY,I Love You,Daniel Kamau,Kenya Dance Mania,4:06,246,2026-09-12T10:40:53Z,2026-09-17T08:41:05Z,16,169,INDIFFERENT,False
4djpwBnum3M,El Comadrejo Africano,"DJ DEMOLEDOR, Jose Paez",El Comadrejo Africano,2:49,169,2026-09-12T10:40:53Z,2026-09-17T08:41:05Z,18,35,INDIFFERENT,False
kgzJTrcJUKQ,Georgia On A Fast Train,Billy Joe Shaver,Tramp On Your Street,3:14,194,2026-09-12T10:40:53Z,2026-09-20T08:37:04Z,17,31,INDIFFERENT,False
6wHBsMoHFWs,My Sweet Lord,George Harrison,All Things Must Pass,4:42,282,2026-09-12T10:40:53Z,2026-09-25T08:51:12Z,24,260,INDIFFERENT,False
JTaZ9v3qqGw,Tequila Sheila,Bobby Bare,Down & Dirty,4:16,256,2026-09-12T10:40:53Z,2026-09-26T08:37:40Z,24,263,INDIFFERENT,False
NlvU-EHk4Nc,My Life,Billy Joel,52nd Street,4:44,284,2026-09-12T10:40:53Z,2026-09-21T08:58:47Z,6,297,INDIFFERENT,False
uLuZRJRW1vk,Puff of Smoke,The Wood Brothers,Puff of Smoke,3:42,222,2026-09-12T10:40:53Z,2026-09-26T08:37:40Z,20,165,INDIFFERENT,False
FkIRAwUfjbM,Autumn Dream (Reve L'automne),Dan Newton,Afternoon in Paris,4:23,263,2026-09-12T10:40:53Z,2026-09-16T05:17:39Z,15,386,INDIFFERENT,False
Pcby4aF1tPk,Driver's Seat,Sniff 'n' The Tears,A Best Of,4:00,240,2026-09-12T10:40:53Z,2026-09-19T08:04:47Z,4,302,INDIFFERENT,False
EDv8i65ME9A,OPA TSUPA : Bei mir bist du schon,Nicolas Moro,,3:34,214,2026-09-12T10:40:53Z,2026-09-24T08:29:18Z,25,214,INDIFFERENT,False
jC3UtqgDK-w,Happier Times Ahead.,RAYE,THIS MUSIC MAY CONTAIN HOPE.,4:31,271,2026-09-12T10:40:53Z,2026-09-26T08:37:40Z,25,145,INDIFFERENT,False
3xZzGtDW2p4,Pinball Wizard,The Who,Tommy (Deluxe Edition),3:01,181,2026-09-12T10:40:53Z,2026-09-26T08:37:40Z,16,482,INDIFFERENT,False
BqZ6sRHpWIk,Happy Together,The Turtles,Happy Together,2:57,177,2026-09-12T10:40:53Z,2026-09-26T08:37:40Z,24,385,INDIFFERENT,False
_PH5OMW4oU4,Anniversaire,Vaudou Game,Tata fatiguée,4:32,272,2026-09-12T10:40:53Z,2026-09-17T08:41:05Z,17,125,INDIFFERENT,False
Vu4D8CHCkcw,Tres Lagrimas,Guitarra Azul,Mariposa,4:41,281,2026-09-12T10:40:53Z,2026-09-26T08:37:40Z,28,76,INDIFFERENT,False
wVI9iEbqFyo,In the Summertime,Mungo Jerry,In the Summertime,3:36,216,2026-09-12T10:40:53Z,2026-09-26T08:37:40Z,23,138,INDIFFERENT,False
POvewep_wPQ,Stay Forever,Ween,White Pepper,3:33,213,2026-09-12T10:40:53Z,2026-09-16T05:17:39Z,14,399,INDIFFERENT,False
SnQEheD1YoA,Blue Bonnet Lane (feat. The Texas Playboys),Bob Wills,For The Last Time,2:18,138,2026-09-12T10:40:53Z,2026-09-12T20:31:33Z,5,374,INDIFFERENT,False
nIizEKmHrJg,The Devil With The Devil,Golden Gate Jubilee Quartet,Golden Gate Quartet Vol. 3 (1939),3:05,185,2026-09-12T10:40:53Z,2026-09-14T08:57:25Z,11,317,INDIFFERENT,False
CkIsxq44S0Y,Que mapa?,Arthur Verocai,Arthur Verocai,2:43,163,2026-09-12T10:40:53Z,2026-09-16T05:17:39Z,16,14,INDIFFERENT,False
83eiLdHXp6w,Daddy Frank (The Guitar Man),Merle Haggard & The Strangers,Let Me Tell You About A Song,3:24,204,2026-09-12T10:40:53Z,2026-09-16T08:37:24Z,8,211,INDIFFERENT,False
c_gDacyICcU,Mack The Knife,"Elsa Armengou, Joan Chamorro, Jon-Erik Kellso, Matt Munisteri",Joan Chamorro presenta Elsa Armengou,6:00,360,2026-09-12T10:40:53Z,2026-09-15T08:42:48Z,12,198,INDIFFERENT,False
puy90SDpbmA,I'm in Love With a Big Blue Frog,"Peter, Paul and Mary",Album 1700,2:09,129,2026-09-12T10:40:53Z,2026-09-14T08:57:25Z,12,122,INDIFFERENT,False
z2qoihbzc3E,Stayin Alive,Bee Gees,The Ultimate Bee Gees,4:44,284,2026-09-12T10:40:53Z,2026-09-25T08:51:12Z,17,486,INDIFFERENT,False
_qGVV4G9V5s,Hora din Batrani,Chernobxg,DIN OGRADA Vol.1 : Pasarea Maiastra,2:08,128,2026-09-12T10:40:53Z,2026-09-15T08:42:48Z,16,84,INDIFFERENT,False
r8bwAXAjHpE,Long Time Ago,Eek-A-Mouse,Wa-Do-Dem,3:26,206,2026-09-12T10:40:53Z,2026-09-24T08:29:18Z,10,100,INDIFFERENT,False
a1swkqvISJg,The Race Is On (Live),Grateful Dead,Reckoning (Live),3:01,181,2026-09-12T10:40:53Z,2026-09-17T08:41:05Z,7,210,INDIFFERENT,False
pPcn2ZiKTwI,Make It Snappy,Craig Sharmat,I Love Paris! Classic Gypsy Swing & French Accordion Jazz,1:36,96,2026-09-12T10:40:53Z,2026-09-16T05:17:39Z,15,478,INDIFFERENT,False
JXfTbjjctC4,Mister Richard Smoker,Ween,12 Golden Country Greats,2:43,163,2026-09-12T10:40:53Z,2026-09-26T08:37:40Z,24,307,INDIFFERENT,False
n-RgKW5rIJM,Sunshine,Jungle,Sunshine,3:12,192,2026-09-12T10:40:53Z,2026-09-26T08:37:40Z,21,433,INDIFFERENT,False
KBdfL1zssQc,Balkan Reggae,Mahala Rai Banda,Ghetto Blasters,3:43,223,2026-09-12T10:40:53Z,2026-09-15T08:42:48Z,16,22,INDIFFERENT,False
XN7iEFVLf5c,London Calling,The Clash,London Calling,3:21,201,2026-09-12T10:40:53Z,2026-09-23T08:36:35Z,10,357,INDIFFERENT,False
AFJRj0j9GR8,La Susana Coleta,Dj Diezysiete & Organización Musical El León,La Susana Coleta,3:23,203,2026-09-12T10:40:53Z,2026-09-17T08:41:05Z,15,81,INDIFFERENT,False
XtGNp_9yOuQ,Workin' Man Blues (Live),Merle Haggard,"Live From Austin, TX '78",4:21,261,2026-09-12T10:40:53Z,2026-09-24T08:29:18Z,19,235,INDIFFERENT,False
nafezOHiF1E,Little Georgia Rose,The Seldom Scene with Tom Gray,Long Time... Seldom Scene,2:54,174,2026-09-12T10:40:53Z,2026-09-16T08:37:24Z,15,404,INDIFFERENT,False
WeBzCEQeP4I,London Homesick Blues (Home With the Armadillo),Gary P. Nunn,Home With the Armadillo,6:04,364,2026-09-12T10:40:53Z,2026-09-26T08:37:40Z,24,251,INDIFFERENT,False
O2KDaPmefks,Najituliza,Simba Wanyika,Mombasa Kisiwani,4:30,270,2026-09-12T10:40:53Z,2026-09-17T08:41:05Z,12,183,INDIFFERENT,False
hylE_GwLFCM,Walk of Life,Dire Straits,Brothers in Arms,4:13,253,2026-09-12T10:40:53Z,2026-09-25T08:51:12Z,6,497,INDIFFERENT,False
hcFupGbHAPY,16 Tons,Dirty Rotten Vipers,16 Tons,4:22,262,2026-09-12T10:40:53Z,2026-09-26T08:37:40Z,23,496,INDIFFERENT,False
mYVCQ3KmdqU,Ugly Woman,Jerry Reed,Georgia Sunshine,2:14,134,2026-09-12T10:40:53Z,2026-09-24T08:29:18Z,21,204,INDIFFERENT,False
aXfuQqkwa5I,The Battle Of New Orleans,Johnny Horton,Johnny Horton'S Greatest Hits,2:32,152,2026-09-12T10:40:53Z,2026-09-16T05:17:39Z,7,225,INDIFFERENT,False
2jj-wO7L2V8,Badfish,Sublime,Jah Won't Pay The Bills,3:09,189,2026-09-12T10:40:53Z,2026-09-25T08:51:12Z,25,249,INDIFFERENT,False
dpDN2Fx319k,Sweet My Ear,Jembaa Groove & K.O.G.,Sweet My Ear,4:39,279,2026-09-12T10:40:53Z,2026-09-25T08:51:12Z,27,97,INDIFFERENT,False
UvG_Ff0w7vg,The Taker,Kris Kristofferson,The Silver Tongued Devil and I,3:15,195,2026-09-12T10:40:53Z,2026-09-24T08:29:18Z,10,211,INDIFFERENT,False
TJ9glM-JMo8,Older,Parcels,Hideout,3:28,208,2026-09-12T10:40:53Z,2026-09-23T08:36:35Z,14,79,INDIFFERENT,False
SIA4AcjOK00,Song of the South,"Earl Scruggs, Tom T. Hall",The Storyteller and the Banjo Man,2:52,172,2026-09-12T10:40:53Z,2026-09-26T08:37:40Z,21,55,INDIFFERENT,False
gFEAaOm0W68,Son,Amsterdam Klezmer Band,Son,5:15,315,2026-09-12T10:40:53Z,2026-09-15T08:42:48Z,10,193,INDIFFERENT,False
YGx4dnbwhG8,Roly Poly,The Little Willies,Handcrafted Music,2:34,154,2026-09-12T10:40:53Z,2026-09-22T08:34:19Z,13,333,INDIFFERENT,False
UsakmV7S7tQ,"On the Road Again (Live at Nassau Coliseum, Uniondale, NY - March 1990)",The Highwaymen,Live - American Outlaws,3:39,219,2026-09-12T10:40:53Z,2026-09-26T08:37:40Z,19,424,INDIFFERENT,False
i1jwad88aCo,Sea Of Heartbreak,Johnny Cash,American II: Unchained,2:43,163,2026-09-12T10:40:53Z,2026-09-26T08:37:40Z,19,133,INDIFFERENT,False
1JjTGSipQTA,The Coyote & The Cowboy,Ian Tyson,Cowboyography,3:45,225,2026-09-12T10:40:53Z,2026-09-24T08:29:18Z,14,86,INDIFFERENT,False
ALZe2CtfwsM,Jardin D 'hiver,Duo Gadjo and their Hot Friends,Meet me in Paris,4:24,264,2026-09-12T10:40:53Z,2026-09-15T08:42:48Z,16,209,INDIFFERENT,False
zXEDsGEwJjA,I Love Paris,Avalon Jazz Band,I Wish You Love,2:53,173,2026-09-12T10:40:53Z,2026-09-15T08:42:48Z,12,311,INDIFFERENT,False
uknbM3yyNvw,Bad Businessman,Squirrel Nut Zippers,Hot (Remastered / 20th Anniversary Edition),3:49,229,2026-09-12T10:40:53Z,2026-09-17T08:41:05Z,11,324,INDIFFERENT,False
eyi-LOVfvd8,You Wreck Me,Tom Petty,Wildflowers,3:23,203,2026-09-12T10:40:53Z,2026-09-26T08:37:40Z,13,340,INDIFFERENT,False
rJ5kEcLW7cY,Crabbuckit,Good Lovelies,Let The Rain Fall,2:22,142,2026-09-12T10:40:53Z,2026-09-25T08:51:12Z,23,380,INDIFFERENT,False
9Gwzd-f9Au4,Bulgarian Chicks (feat. Vlada Tomova & Kristin Espeland),Balkan Beat Box,Balkan Beat Box,5:53,353,2026-09-12T10:40:53Z,2026-09-26T08:37:40Z,27,489,INDIFFERENT,False
2t5VNI0XlwY,I Say a Little Prayer,Aretha Franklin,Aretha Now,3:37,217,2026-09-12T10:40:53Z,2026-09-25T08:51:12Z,26,143,INDIFFERENT,False
7hVcUa2ZYGA,Deep Pockets,Yonder Mountain String Band,Old Hands,3:16,196,2026-09-12T10:40:53Z,2026-09-17T08:41:05Z,15,366,LIKE,True
oOTLAt084xM,I Love Paris,Gypsy Jazz Caravan,Gypsy Jazz Caravan III,3:36,216,2026-09-12T10:40:53Z,2026-09-15T08:42:48Z,10,217,INDIFFERENT,False
6VOGMKZS9ws,Simon Was,Petrojvic Blasting Company,A History of Public Relations Dilemmae,4:26,266,2026-09-12T10:40:53Z,2026-09-24T08:29:18Z,19,327,INDIFFERENT,False
B5WK3sZA0PA,BEYOND THE SEA,Young Original,BEYOND THE SEA,3:10,190,2026-09-12T10:40:53Z,2026-09-22T08:34:19Z,18,358,INDIFFERENT,False
bkk6SHPOVWY,Jumpin' Jack Flash,The Rolling Stones,70s Classic Rock,3:43,223,2026-09-12T10:40:53Z,2026-09-25T08:51:12Z,15,467,INDIFFERENT,False
OrPKQ3n3k8o,A Lesson In Leavin’,"Nikki Lane, Sierra Ferrell",A Lesson In Leavin',3:25,205,2026-09-12T10:40:53Z,2026-09-20T08:37:04Z,6,359,INDIFFERENT,False
exiyXAV-aVQ,Sister Golden Hair,America,Hearts,3:20,200,2026-09-12T10:40:53Z,2026-09-26T08:37:40Z,24,287,INDIFFERENT,False
JnS9_-FFsRc,The Old Chisholm Trail,Michael Martin Murphey,Cowboy Songs,4:47,287,2026-09-12T10:40:53Z,2026-09-26T08:37:40Z,20,293,INDIFFERENT,False
OHBzH0dAokQ,Your House,Steel Pulse,True Democracy,3:43,223,2026-09-12T10:40:53Z,2026-09-12T20:31:33Z,9,181,INDIFFERENT,False
MlPla8k1E18,Retour Des Cigognes (Valse),Cyrille Renaut,Bal Vosgien Vol. 2,3:14,194,2026-09-12T10:40:53Z,2026-09-15T08:42:48Z,10,468,INDIFFERENT,False
tTuoLdIZsrk,Low Rider,War,21 Grams (Original Motion Picture Soundtrack),3:09,189,2026-09-12T10:40:53Z,2026-09-26T08:37:40Z,24,344,INDIFFERENT,False
Zl9o1QWHXko,Livin' Thing,Electric Light Orchestra,A New World Record,3:33,213,2026-09-12T10:40:53Z,2026-09-25T08:51:12Z,21,430,INDIFFERENT,False
BBkVybVheSA,All That I Need Is Love,Melody Gardot,Worrisome Heart,2:37,157,2026-09-12T10:40:53Z,2026-09-26T08:37:40Z,26,268,INDIFFERENT,False
Yvv4NvMSwyY,Spoitoresa,Mahala Rai Banda,Mahala Rai Banda,4:53,293,2026-09-12T10:40:53Z,2026-09-15T08:42:48Z,12,360,INDIFFERENT,False
dq85HfAH95g,Birds of Paradise,Ennio Máno,Light Dance,3:26,206,2026-09-12T10:40:53Z,2026-09-16T05:17:39Z,14,294,INDIFFERENT,False
7XaW2Mm1v-w,Paris Paris,Tatiana Eva-Marie,Moongirl,4:10,250,2026-09-12T10:40:53Z,2026-09-16T05:17:39Z,16,493,INDIFFERENT,False
UwlUY3AQd2Q,1865 (96º In The Shade),Third World,96 Degrees In The Shade,4:28,268,2026-09-12T10:40:53Z,2026-09-24T08:29:18Z,8,128,INDIFFERENT,False
TSIYgJjaGMs,Nafirikiria Nitakujibu,Simba Wanyika,Mombasa Kisiwani,4:58,298,2026-09-12T10:40:53Z,2026-09-17T08:41:05Z,13,275,INDIFFERENT,False
gZ7poFTDkeY,Big Bear,Steak,Feasting on Famine,2:41,161,2026-09-12T10:40:53Z,2026-09-26T08:37:40Z,16,474,INDIFFERENT,False
m1uotHKYHIg,Disko Boy,ShanteL Polska,Disko Partizani,4:20,260,2026-09-12T10:40:53Z,2026-09-24T08:29:18Z,19,385,INDIFFERENT,False
JCtQfzn-Jgk,Balaka,Gypsy Hill Feat. Besh O Drom,Balkan Fever London,4:20,260,2026-09-12T10:40:53Z,2026-09-15T08:42:48Z,16,282,INDIFFERENT,False
ZHd_mRlXa2Q,Adagio,Σtella,Adagio,2:57,177,2026-09-12T10:40:53Z,2026-09-26T08:37:40Z,18,36,INDIFFERENT,False
q3JaX_SqALQ,Mabele Makambo,Docteur Limanne,Les affaires sont les affaires,7:44,464,2026-09-12T10:40:53Z,2026-09-17T08:41:05Z,12,359,INDIFFERENT,False
pNPw1PZboWI,Swing and Jump,Alba Lamar,Mujer Divina,3:11,191,2026-09-12T10:40:53Z,2026-09-15T08:42:48Z,8,363,INDIFFERENT,False
wQ1NHLrgboc,Siesta,Kevin Laliberte,Siesta: Soothing Spanish Guitar,7:16,436,2026-09-12T10:40:53Z,2026-09-16T05:17:39Z,16,383,INDIFFERENT,False
5QH6Uoee9Bc,Dunarea,Shantel,Shantology // The Bucovina Club Years,3:18,198,2026-09-12T10:40:53Z,2026-09-15T08:42:48Z,15,279,INDIFFERENT,False
qGBohd0V2Mo,Video Killed The Radio Star,The Buggles,The Age Of Plastic,4:14,254,2026-09-12T10:40:53Z,2026-09-25T08:51:12Z,16,298,INDIFFERENT,False
eGzR9x9DGw0,El Choclo,Destiny Quartet,Scent of a Woman,3:31,211,2026-09-12T10:40:53Z,2026-09-16T05:17:39Z,12,390,INDIFFERENT,False
24HcO-KfYO0,A Reasonable Man (Killdozer),Bowregard,Arrows,3:38,218,2026-09-12T10:40:53Z,2026-09-26T08:37:40Z,19,181,INDIFFERENT,False
8U-Y-Jw4gR0,Run from the Sun,The Bridge City Sinners,Here's to the Devil,3:22,202,2026-09-12T10:40:53Z,2026-09-13T08:20:16Z,5,453,INDIFFERENT,False
rnO-MflYxCw,Pumped Up Kicks,Foster The People,Torches,4:00,240,2026-09-12T10:40:53Z,2026-09-25T08:51:12Z,19,468,INDIFFERENT,False
-pMofo3slGk,Doowoppin',Erich Cawalla,Doowoppin',2:53,173,2026-09-12T10:40:53Z,2026-09-26T08:37:40Z,16,480,INDIFFERENT,False
JVUCBsywI10,Authority Song,John Mellencamp,Uh-HUH!,3:50,230,2026-09-12T10:40:53Z,2026-09-20T08:37:04Z,9,474,INDIFFERENT,False
UE2Z5vAq2ZI,Do Your Balls Hang Low?,Iris and Rose Wild and Thorny,Two in the Bush,1:59,119,2026-09-12T10:40:53Z,2026-09-18T08:16:45Z,10,492,INDIFFERENT,False
4h-GZYFTKRI,Balkaneros (feat. Gipsy Kings),Goran Bregović,Champagne For Gypsies,3:51,231,2026-09-12T10:40:53Z,2026-09-15T08:42:48Z,10,462,INDIFFERENT,False
4P4oi_WpiM4,Donna Diaspora,ShanteL Polska,Disko Partizani,4:50,290,2026-09-12T10:40:53Z,2026-09-15T08:42:48Z,16,356,INDIFFERENT,False
W826pSbYFJ4,The Veil,ShanteL Polska,Disko Partizani,3:59,239,2026-09-12T10:40:53Z,2026-09-15T08:42:48Z,12,354,INDIFFERENT,False
BFfAiOC5HhI,Time,Don Carlos,7 Days A Week,4:04,244,2026-09-12T10:40:53Z,2026-09-12T19:59:58Z,3,302,INDIFFERENT,False
5WEjz2YoH80,Every Little Thing She Does Is Magic,The Police,Ghost In The Machine (Remastered 2003),4:21,261,2026-09-12T10:40:53Z,2026-09-25T08:51:12Z,17,388,INDIFFERENT,False
e2vLWbaOITw,Upside Down,Jack Johnson,Upside Down,3:30,210,2026-09-12T10:40:53Z,2026-09-25T08:51:12Z,22,181,INDIFFERENT,False
GSA_kQzqHP0,Zion Town (feat. Queen Sparrow),Ras Sparrow,Zion Town,5:11,311,2026-09-12T10:40:53Z,2026-09-24T08:29:18Z,4,192,INDIFFERENT,False
xxTZ5q0h2Y0,Room On The Porch (feat. Ruby Amanfu),"Keb' Mo', Taj Mahal",Room On The Porch,4:06,246,2026-09-12T10:40:53Z,2026-09-25T08:51:12Z,16,469,INDIFFERENT,False
Deh1Hxdm720,2am,Slightly Stoopid,Chronchitis,5:00,300,2026-09-12T10:40:53Z,2026-09-26T08:37:40Z,8,348,INDIFFERENT,False
PvheubKIJz8,Night Nurse,Gregory Isaacs,Night Nurse,4:07,247,2026-09-12T10:40:53Z,2026-09-12T10:43:54Z,2,483,INDIFFERENT,False
ONASXXnp3Dk,Séquences (Parcels Remix),L'Impératrice,Séquences (Remixes),4:26,266,2026-09-12T10:40:53Z,2026-09-26T08:37:40Z,18,486,LIKE,False
gC69p4eLS0E,Good Times (Roll On),Fortunate Youth,Good Times (Roll On),3:46,226,2026-09-12T10:40:53Z,2026-09-26T08:37:40Z,9,485,INDIFFERENT,False
RKCUiEpaahI,Beware.. The South London Lover Boy.,RAYE,THIS MUSIC MAY CONTAIN HOPE.,3:27,207,2026-09-12T10:40:53Z,2026-09-25T08:51:12Z,14,35,INDIFFERENT,False
U4aRguwFF44,Immigrant Child,ShanteL Polska,Disko Partizani,4:10,250,2026-09-12T10:40:53Z,2026-09-15T08:42:48Z,9,275,INDIFFERENT,False
iix2GrmVR2k,Hava Is the Future,Shantel,Shantology // The Bucovina Club Years,3:33,213,2026-09-12T10:40:53Z,2026-09-15T08:42:48Z,15,274,INDIFFERENT,False
QfQYtnM4a4E,Booty Swing,Parov Stelar,The Paris Swing Box,3:17,197,2026-09-12T10:40:53Z,2026-09-21T08:58:47Z,20,254,INDIFFERENT,False
hfmxO-HQ5rU,Down Under,Men At Work,Business As Usual,3:43,223,2026-09-12T10:40:53Z,2026-09-25T08:51:12Z,16,461,INDIFFERENT,False
yJD8ABf5jbY,Already Gone,Eagles,On the Border,4:16,256,2026-09-12T10:40:53Z,2026-09-26T08:37:40Z,18,478,INDIFFERENT,False
8tPsaSPraks,Gold on the Ceiling,The Black Keys,El Camino,3:45,225,2026-09-12T10:40:53Z,2026-09-24T08:29:18Z,18,358,INDIFFERENT,False
KwnwDMei36c,Oh Jah Jah,Eddie Murphy,Oh Jah Jah,3:53,233,2026-09-12T10:40:53Z,2026-09-23T08:36:35Z,14,368,INDIFFERENT,False
7Lk5ByPl9Zo,Run-Around,Blues Traveler,Four,4:40,280,2026-09-12T10:40:53Z,2026-09-25T08:51:12Z,13,385,INDIFFERENT,False
__f5Y4-k_PY,Disko Partizani,ShanteL Polska,Disko Partizani,4:55,295,2026-09-12T10:40:53Z,2026-09-25T08:51:12Z,24,488,INDIFFERENT,False
hHd8dKSLPRo,Cool and Calm - Baco Session (Live),"Israel Vibration, Roots Radics",Baco Sessions (Live),4:31,271,2026-09-12T10:40:53Z,2026-09-12T11:25:40Z,5,382,INDIFFERENT,False
FMEtwoSzGW0,Run for the Roses,Jerry Garcia,Run for the Roses,3:42,222,2026-09-12T10:43:54Z,2026-09-23T08:36:35Z,6,134,INDIFFERENT,False
W5Is5vYRPoM,Scarlet Begonias (Alternate Mix),Grateful Dead,From the Mars Hotel: The Angel's Share,4:28,268,2026-09-12T10:43:54Z,2026-09-12T19:29:28Z,2,398,INDIFFERENT,False
NfAVXMet7nE,All I Have To Do Is Dream,The Osborne Brothers,From Rocky Top to Muddy Bottom: The Songs of Boudleaux and Felice Bryant,2:43,163,2026-09-12T10:43:54Z,2026-09-12T11:25:40Z,4,7,INDIFFERENT,False
QTfCjhXGoqU,The World Is Waiting For The Sunrise,"Les Paul, Mary Ford",The Hit Makers,2:13,133,2026-09-12T10:43:54Z,2026-09-12T11:18:11Z,5,82,INDIFFERENT,False
zRaQkARhlUI,Saturday Night Shuffle,Marcel Dadi,"La guitare à Dadi, vol.2",2:13,133,2026-09-12T10:43:54Z,2026-09-12T11:18:11Z,5,65,INDIFFERENT,False
KNmV98ULXl4,St James' Infirmary,Cab Calloway,Presenting Cab Calloway,3:06,186,2026-09-12T10:43:54Z,2026-09-12T11:25:40Z,6,48,INDIFFERENT,False
FHePPxbb0YY,"Smoke, Smoke, Smoke That Cigarette",Jimmy Dean,Big Bad John and Other Fabulous Songs and Tales,2:46,166,2026-09-12T10:43:54Z,2026-09-26T08:37:40Z,18,144,INDIFFERENT,False
bBvkAn8ReeE,Moroka,"Amsterdam Klezmer Band, Söndörgő",Szikra,3:32,212,2026-09-12T10:43:54Z,2026-09-16T08:37:24Z,5,139,INDIFFERENT,False
uIRSg6oo4HA,Gypsy,Fleetwood Mac,Mirage (Deluxe Edition),4:52,292,2026-09-12T10:43:54Z,2026-09-25T08:51:12Z,9,251,INDIFFERENT,False
5NvdTjngujg,Elaeudanla Teiteia,Cafe Accordion Orchestra,Le Disque Francais,2:14,134,2026-09-12T10:43:54Z,2026-09-16T05:17:39Z,13,244,INDIFFERENT,False
SKFkFf2r6_g,Brazil,Django Reinhardt,Presenting Django Reinhardt,2:49,169,2026-09-12T10:43:54Z,2026-09-12T11:25:40Z,2,56,INDIFFERENT,False
QmVkosOiFy0,The Golden Rocket,Hank Snow,The Essential Hank Snow,2:46,166,2026-09-12T10:43:54Z,2026-09-12T10:43:54Z,1,102,INDIFFERENT,False
dGfqwlo4b6M,Talking To Casey,"Doc Watson, Merle Watson",Doc & Merle Watson's Guitar Album,2:32,152,2026-09-12T10:43:54Z,2026-09-26T08:37:40Z,8,104,INDIFFERENT,False
Cvq6lHDatNs,Islands In the Stream,"Dolly Parton, Kenny Rogers",Greatest Hits,4:12,252,2026-09-12T10:43:54Z,2026-09-26T08:37:40Z,5,412,LIKE,True
vA9B4VU8FlM,Help Me Scrape the Mucus off My Brain,Ween,12 Golden Country Greats,2:46,166,2026-09-12T10:43:54Z,2026-09-26T08:37:40Z,17,101,INDIFFERENT,False
SCJw_Wf66dY,Much Too Young to Die,Ray Price,"The Complete Singles As & Bs 1950-62, Vol. 1",2:08,128,2026-09-12T10:43:54Z,2026-09-12T10:43:54Z,1,109,INDIFFERENT,False
peOVd9RmojA,If You Call That Gone Goodbye,Ernest Tubb,The Ernest Tubb Story,2:48,168,2026-09-12T10:43:54Z,2026-09-12T10:43:54Z,1,110,INDIFFERENT,False
64D5u0ycf1s,Pistol Packin' Mama,Al Dexter & His Troopers,Columbia Country Classics Volume 1: The Golden Age,2:46,166,2026-09-12T10:43:54Z,2026-09-12T10:43:54Z,1,111,INDIFFERENT,False
69wv3j1Y88A,Hangin' Around,The Honkytonk Wranglers,Hangin' Around,2:32,152,2026-09-12T10:43:54Z,2026-09-12T19:46:51Z,2,160,INDIFFERENT,False
pKOZ0TvIxas,If You Can Spare the Time (I Won't Miss the Money),Lefty Frizzell,Listen to Lefty,2:32,152,2026-09-12T10:43:54Z,2026-09-12T11:03:22Z,2,114,INDIFFERENT,False
ehnxV5SL2Cw,Steel Guitar Rag,Bob Wills and His Texas Playboys,The Essential Bob Wills & His Texas Playboys,2:34,154,2026-09-12T10:43:54Z,2026-09-22T08:34:19Z,16,146,INDIFFERENT,False
f2LS9FSQs5M,Playboy,Wynn Stewart,I'd Rather Have America,2:22,142,2026-09-12T10:43:54Z,2026-09-12T19:46:51Z,2,128,INDIFFERENT,False
d14k4ZnnFig,I'm Not Broke But I'm Badly Bent,Lattie Moore,I'm Not Broke But I'm Badly Bent,2:23,143,2026-09-12T10:43:54Z,2026-09-12T19:46:51Z,2,135,INDIFFERENT,False
ASRUxOllgHs,Rubin And Cherise (feat. Jerry Garcia Band),Jerry Garcia Band,Cats Under the Stars (Expanded),5:18,318,2026-09-12T10:43:54Z,2026-09-23T08:36:35Z,8,62,INDIFFERENT,False
JHbmbEH9CJU,El Paso,Marty Robbins,Gunfighter Ballads And Trail Songs,4:20,260,2026-09-12T10:43:54Z,2026-09-24T08:29:18Z,9,263,INDIFFERENT,False
ndmIUqGsfd0,"Blackjack Davy (feat. Andrew Marlin, Noam Pikelny, Chris Eldridge & Alex Hargreaves)",Mighty Poplar,Mighty Poplar,3:07,187,2026-09-12T10:43:54Z,2026-09-12T11:25:40Z,3,310,LIKE,False
vjIpGbOsDb4,Beer Drinkin' Blues,Eddie Noack,Presenting Eddie Noack,2:48,168,2026-09-12T10:43:54Z,2026-09-12T20:18:18Z,3,116,INDIFFERENT,False
oupFignu6H4,Be Honest With Me,Gene Autry,Paradise In The Moonlight,2:45,165,2026-09-12T10:43:54Z,2026-09-12T10:43:54Z,1,142,INDIFFERENT,False
o7jeN1D_uVI,Chattanoogie Shoe Shine Boy,Red Foley,The Greatest Country Music Recordings Of All Time Vol. 1,2:47,167,2026-09-12T10:43:54Z,2026-09-12T11:03:22Z,2,126,INDIFFERENT,False
sXFG5KCbl8k,"There Is a Time (Recorded at the Mecca, Los Angeles)",The Dillards,Live!!! Almost!!!,2:49,169,2026-09-12T10:43:54Z,2026-09-12T20:18:18Z,3,345,INDIFFERENT,False
wj4yGwsgPFE,Rather Low,Nick Shoulders,"Okay, Crawdad",3:01,181,2026-09-12T10:43:54Z,2026-09-16T08:37:24Z,5,22,INDIFFERENT,False
nnfWMnlel6s,Shame On You,Spade Cooley,Columbia Country Classics Volume 1: The Golden Age,2:51,171,2026-09-12T10:43:54Z,2026-09-12T10:43:54Z,1,164,INDIFFERENT,False
ETD4YkkD_dg,Mexicali Blues (2022 Remaster),Bobby Weir,Ace (50th Anniversary Deluxe Edition),3:29,209,2026-09-12T10:43:54Z,2026-09-12T20:31:33Z,5,444,INDIFFERENT,False
5wKLXLkVJzY,La Partida,Cafe Accordion Orchestra,La Zingara,3:19,199,2026-09-12T10:43:54Z,2026-09-16T05:17:39Z,9,56,INDIFFERENT,False
WhENzrnToiU,Black Diamond Bay,Bob Dylan,Desire,7:29,449,2026-09-12T10:43:54Z,2026-09-12T11:25:40Z,3,87,LIKE,False
l0DMhqlH20k,Wildwood Flower,The Carter Family,Can The Circle Be Unbroken: Country Music's First Family,3:16,196,2026-09-12T10:43:54Z,2026-09-12T10:43:54Z,1,187,INDIFFERENT,False
LoOgBSDG7H8,Don't Ease Me In,Grateful Dead,Complete Studio Rarities Collection,1:59,119,2026-09-12T10:43:54Z,2026-09-12T11:25:40Z,2,191,INDIFFERENT,False
_d7-9ZIyVAc,Cryin' In The Deep Blue Sea,The Honkytonk Wranglers,Hangin' Around,2:31,151,2026-09-12T10:43:54Z,2026-09-12T10:43:54Z,1,194,INDIFFERENT,False
rmDiy6XpiA4,The Yellow Rose Of Texas (Single Version),Ernest Tubb,The Definitive Collection,2:25,145,2026-09-12T10:43:54Z,2026-09-12T10:43:54Z,1,196,INDIFFERENT,False
3tQ5wp266Ms,Smoke on the Water,Bob Wills & His Texas Playboys,The Bob Wills Collection 1935-50,2:57,177,2026-09-12T10:43:54Z,2026-09-16T05:17:39Z,7,299,INDIFFERENT,False
dXmygtQ01Jg,Foot-Stompin Music,Bohannon,Insides Out,7:18,438,2026-09-12T10:43:54Z,2026-09-12T11:25:40Z,3,329,LIKE,False
Kvg0efpRWHo,Ernest Tubb - Lots Of Luck,Pat Halsted,,2:37,157,2026-09-12T10:43:54Z,2026-09-12T19:46:51Z,2,210,INDIFFERENT,False
DOi-h3kGo9E,Cotton Eyed Joe (Single Version),Bob Wills and His Texas Playboys,Columbia Historic Edition,2:38,158,2026-09-12T10:43:54Z,2026-09-26T08:37:40Z,13,116,INDIFFERENT,False
frVK05b8r5s,Jesus Was a Capricorn (Owed to John Prine),Kris Kristofferson,Jesus Was a Capricorn,2:30,150,2026-09-12T10:43:54Z,2026-09-26T08:37:40Z,21,3,INDIFFERENT,False
UTCBt5l_fZY,(I've Got A) Humpty Dumpty Heart,Hank Thompson & His Brazos Valley Boys,Vintage Collections,2:27,147,2026-09-12T10:43:54Z,2026-09-12T11:03:22Z,2,120,INDIFFERENT,False
JYHH0ogYN8M,Tieduprightnow,Parcels,Tieduprightnow,4:10,250,2026-09-12T10:43:54Z,2026-09-25T08:51:12Z,21,269,LIKE,False
f2rz3LdRGXE,Gimme a Ride to Heaven Boy,"Terry Allen, The Panhandle Mystery Band",Bloodlines,5:00,300,2026-09-12T10:43:54Z,2026-09-26T08:37:40Z,11,249,LIKE,True
yN6DLF9Ieg8,Sierra Peaks,Ian Tyson,Old Corrals And Sagebrush & Other Cowboy Culture Classics,3:38,218,2026-09-12T10:43:54Z,2026-09-22T08:34:19Z,6,395,INDIFFERENT,False
cKw38eqVyNI,"Foggy Mountain Breakdown (feat. Vince Gill, Steve Martin, Albert Lee & Glen Duncan)",Earl Scruggs,Earl Scruggs And Friends,4:50,290,2026-09-12T10:43:54Z,2026-09-26T08:37:40Z,15,238,INDIFFERENT,False
9Wp2rLMo9H0,Brise Picarde,Cafe Accordion Orchestra,Germaine,3:00,180,2026-09-12T10:43:54Z,2026-09-13T08:20:16Z,10,412,INDIFFERENT,False
4u4f8HPsWsM,Bonjour sourire,Avalon Jazz Band,I Wish You Love,2:42,162,2026-09-12T10:43:54Z,2026-09-16T05:17:39Z,15,435,INDIFFERENT,False
x2qMZd1VIMM,Home In San Antone,Bob Wills and His Texas Playboys,The Essential Bob Wills & His Texas Playboys,2:32,152,2026-09-12T10:43:54Z,2026-09-12T10:43:54Z,1,302,INDIFFERENT,False
PDo5pClxNxc,Playboy Theme (feat. Merle Haggard),Bob Wills & His Texas Playboys,For The Last Time,1:33,93,2026-09-12T10:43:54Z,2026-09-16T08:37:24Z,11,247,INDIFFERENT,False
jGUq7XAx7rU,Answer to Walking the Floor Over You,Ernest Tubb,Souvenir Album,3:02,182,2026-09-12T10:43:54Z,2026-09-12T10:43:54Z,1,307,INDIFFERENT,False
ITXCxwtXKwE,Because All Men Are Brothers,"Peter, Paul and Mary",See What Tomorrow Brings,2:09,129,2026-09-12T10:43:54Z,2026-09-13T01:23:15Z,6,205,INDIFFERENT,False
ip6iwkLywE0,Your Baby Ain't Sweet Like Mine,Carolina Chocolate Drops,Genuine Negro Jig,3:01,181,2026-09-12T10:43:54Z,2026-09-24T08:29:18Z,11,251,INDIFFERENT,False
0VZuA7iJY4Y,"Cocaine Blues (Live at Folsom State Prison, Folsom, CA - January 1968)",Johnny Cash,At Folsom Prison,3:04,184,2026-09-12T10:43:54Z,2026-09-12T10:43:54Z,1,319,INDIFFERENT,False
-SjjUm7jorw,Chassid in Amsterdam,Amsterdam Klezmer Band,Mokum,3:16,196,2026-09-12T10:43:54Z,2026-09-13T08:20:16Z,10,332,INDIFFERENT,False
oeF32GNl6gw,The Twentieth Century Is Almost Over,The Highwaymen,Highwayman,3:36,216,2026-09-12T10:43:54Z,2026-09-21T08:58:47Z,13,352,INDIFFERENT,False
6JmYH4SLkf4,Swing 42,Cafe Accordion Orchestra,Le Disque Francais,3:29,209,2026-09-12T10:43:54Z,2026-09-15T08:42:48Z,7,500,INDIFFERENT,False
DnVCsR9bmEM,The Fox And The Bee,The Duhks,Migrations,3:27,207,2026-09-12T10:43:54Z,2026-09-12T19:59:58Z,5,344,LIKE,False
AqYQDpKjjtk,Blackbird,Giacomo Bondi,Relounged and Regrooved Beatles Songs by Giacomo Bondi (35 Songs Special Edition),4:29,269,2026-09-12T10:43:54Z,2026-09-12T10:43:54Z,1,351,LIKE,False
-LeE86jZEXo,Wouldn't It Be Nice (Stereo),The Beach Boys,Pet Sounds (50th Anniversary Edition),2:35,155,2026-09-12T10:43:54Z,2026-09-19T08:04:47Z,3,155,INDIFFERENT,False
vwMMDJfH_fE,Greatest Story Ever Told (2022 Remaster),Bobby Weir,Ace (50th Anniversary Deluxe Edition),3:52,232,2026-09-12T10:43:54Z,2026-09-12T20:31:33Z,4,347,INDIFFERENT,False
pDAefI9XiIE,So What?,Mary Louise Wilson,Cabaret (New Broadway Cast Recording),3:14,194,2026-09-12T10:43:54Z,2026-09-12T11:05:11Z,3,477,INDIFFERENT,False
3MZeol_aMAM,Operator,Grateful Dead,American Beauty,2:26,146,2026-09-12T10:43:54Z,2026-09-12T19:29:28Z,2,415,INDIFFERENT,False
Z5f7tK8lIVo,I Got Rhythm,Willie Nelson,Summertime: Willie Nelson Sings Gershwin,2:47,167,2026-09-12T10:43:54Z,2026-09-22T08:34:19Z,10,310,INDIFFERENT,False
HtBm1hPcYkQ,Don't Cuss the Fiddle,Kris Kristofferson,Who's To Bless And Who's To Blame,3:25,205,2026-09-12T10:43:54Z,2026-09-23T08:36:35Z,6,277,INDIFFERENT,False
uE1NSGUkhQI,Spill The Wine,"Eric Burdon, WAR",Eric Burdon Declares War,4:55,295,2026-09-12T10:43:54Z,2026-09-21T08:58:47Z,8,119,INDIFFERENT,False
mdO0sVlfhd0,Tumbling Tumbleweeds,Bob Wills,SING ALONG WITH THE SINGING COWBOYS,2:25,145,2026-09-12T10:43:54Z,2026-09-12T10:43:54Z,1,388,INDIFFERENT,False
GJaXW8Uvn-Q,City of New Orleans,Willie Nelson,City Of New Orleans,4:47,287,2026-09-12T10:43:54Z,2026-09-26T08:37:40Z,2,132,INDIFFERENT,False
aIabehuKOZw,Kaw-Liga,Marty Robbins,Marty Robbins' All-Time Greatest Hits,2:30,150,2026-09-12T10:43:54Z,2026-09-26T08:37:40Z,17,119,INDIFFERENT,False
8RsMqR3iT4U,I May Smoke Too Much,Kris Kristofferson,Spooky Lady's Sideshow,3:09,189,2026-09-12T10:43:54Z,2026-09-23T08:36:35Z,6,305,INDIFFERENT,False
5OfbIPbDZ-8,Moliendo Café,Fanfare Ciocarlia,Iag Bari,2:28,148,2026-09-12T10:43:54Z,2026-09-26T08:37:40Z,19,163,INDIFFERENT,False
Ilizz9_ybHU,"Promised Land (Live in Veneta, Oregon 8/27/72)",Grateful Dead,"Veneta, OR 8/27/72: The Complete Sunshine Daydream Concert (Live)",3:24,204,2026-09-12T10:43:54Z,2026-09-12T19:59:58Z,3,277,INDIFFERENT,False
XivozzkfrEU,I Saw Gener Cryin' in His Sleep,Ween,Pure Guava,1:50,110,2026-09-12T10:43:54Z,2026-09-15T08:42:48Z,10,474,INDIFFERENT,False
w3M2_JZdGUA,Yearning Just For You (feat. The Texas Playboys),Bob Wills,For The Last Time,2:41,161,2026-09-12T10:43:54Z,2026-09-13T01:23:15Z,5,9,INDIFFERENT,False
ftetdzHNtgI,The Cowboy In The Continental Suit (Single Version),Marty Robbins,The Drifter,2:58,178,2026-09-12T10:43:54Z,2026-09-26T08:37:40Z,17,243,INDIFFERENT,False
PPzye9MQBQs,Rocky Road,"Peter, Paul and Mary",In the Wind,3:43,223,2026-09-12T10:43:54Z,2026-09-12T10:43:54Z,1,409,INDIFFERENT,False
zai0FlRDXmM,East Bound and Down,Jerry Reed,East Bound and Down,2:49,169,2026-09-12T10:43:54Z,2026-09-20T08:37:04Z,6,186,INDIFFERENT,False
P8mf8dMPJKw,Ernest Tubb ~ Big City,2packs4sure,,2:12,132,2026-09-12T10:43:54Z,2026-09-12T10:43:54Z,1,413,INDIFFERENT,False
QdnhFtnnzzY,Riro's House,Carolina Chocolate Drops,Leaving Eden,2:04,124,2026-09-12T10:43:54Z,2026-09-25T08:51:12Z,8,262,INDIFFERENT,False
sbMS0XAMM5I,Daniel Saw The Stone,Golden Gate Jubilee Quartet,Golden Gate Quartet Vol. 4 (1939-1943),2:45,165,2026-09-12T10:43:54Z,2026-09-15T08:42:48Z,10,396,INDIFFERENT,False
2FN5gq-fFRk,La Belle et le Manouche,Cafe Accordion Orchestra,Germaine,4:04,244,2026-09-12T10:43:54Z,2026-09-26T08:37:40Z,17,377,INDIFFERENT,False
zBqW6yKz8WA,Could You Be Loved,Bob Marley,Uprising,3:57,237,2026-09-12T10:43:54Z,2026-09-26T08:37:40Z,18,425,INDIFFERENT,False
RjlvdcBAKdg,Band On The Run,"Paul McCartney, Wings",Band On The Run,5:14,314,2026-09-12T10:43:54Z,2026-09-26T08:37:40Z,13,175,INDIFFERENT,False
f-teg-O2Zsk,It Couldn't Please Me More,"Mary Louise Wilson, Ron Rifkin",Cabaret (New Broadway Cast Recording),3:33,213,2026-09-12T10:43:54Z,2026-09-12T11:03:22Z,2,438,INDIFFERENT,False
SVE98UUVU5g,Appalachian Smoke,Mountain Grass Unit,Mountain Grass Unit,3:25,205,2026-09-12T10:43:54Z,2026-09-26T08:37:40Z,10,386,INDIFFERENT,False
VE-A5JULvRM,Uptown Top Ranking (Remastered 2001),Althea & Donna,Uptown Top Ranking,3:50,230,2026-09-12T10:43:54Z,2026-09-12T20:18:18Z,5,434,INDIFFERENT,False
0_cNhDAGNGg,On And On,Old & In The Way,Breakdown,3:26,206,2026-09-12T10:43:54Z,2026-09-21T08:58:47Z,16,351,INDIFFERENT,False
H0NbTXq4B0M,Que Dolor (feat. Kaloome),Fanfare Ciocarlia,Queens and Kings,3:56,236,2026-09-12T10:43:54Z,2026-09-25T08:51:12Z,19,92,INDIFFERENT,False
dHaH2Yiq5lg,Johnny B. Goode,Peter Tosh,The Toughest,4:03,243,2026-09-12T10:43:54Z,2026-09-12T10:43:54Z,1,458,INDIFFERENT,False
kPnNqBeH1LU,Sangria Wine,Jerry Jeff Walker,Viva Terlingua,4:28,268,2026-09-12T10:43:54Z,2026-09-25T08:51:12Z,14,245,INDIFFERENT,False
hm2rrNEIK00,Willkommen,Alan Cumming & Cabaret Ensemble (1998),Cabaret (New Broadway Cast Recording),7:32,452,2026-09-12T10:43:54Z,2026-09-12T20:31:33Z,3,486,LIKE,True
wyTFoCf42pM,La Samba Coleta (Champeta Africana),"Dj Diezysiete, Dj Jordy, Wilmer Africa",La Samba Coleta (Champeta Africana),2:18,138,2026-09-12T10:43:54Z,2026-09-17T08:41:05Z,6,236,INDIFFERENT,False
A5rohNXvVSc,Home,Edward Sharpe & The Magnetic Zeros,Up From Below - 10th Anniversary Edition,5:07,307,2026-09-12T10:43:54Z,2026-09-18T08:16:45Z,3,315,INDIFFERENT,False
xfiBtfe37FI,Perfectly Marvelous,"John Benjamin Hickey, Natasha Richardson",Cabaret (New Broadway Cast Recording),2:47,167,2026-09-12T10:43:54Z,2026-09-12T10:43:54Z,1,495,INDIFFERENT,False
En_6WWOWh8E,Riptide,Vance Joy,Dream Your Life Away (Deluxe Edition),3:25,205,2026-09-12T10:43:54Z,2026-09-24T08:29:18Z,9,359,INDIFFERENT,False
Dp33HRatAJ8,Big Modern!,Goose,BIG MODERN!,6:29,389,2026-09-12T10:43:54Z,2026-09-24T08:29:18Z,10,345,INDIFFERENT,False
PWKwTkL-gvY,"Mama Tried (Live at Fillmore East, New York, NY, April 26, 1971)",Grateful Dead,Grateful Dead (Skull & Roses) (Live),2:43,163,2026-09-12T10:40:53Z,2026-09-13T01:23:15Z,9,1,LIKE,False
Bu6c3rDdnCE,This Wicked Path Of Sin,The Stanley Brothers,Traditional Bluegrass Gospel,2:43,163,2026-09-12T10:40:53Z,2026-09-12T19:59:58Z,3,325,INDIFFERENT,False
Q5_azrHdkdQ,Swan's Splashdown,Perrey And Kingsley,The In Sound From Way Out,2:20,140,2026-09-12T10:40:53Z,2026-09-12T11:18:11Z,4,111,LIKE,False
MlzjlLVS0CU,Caravan,"Chet Atkins, Les Paul",Chester & Lester,3:18,198,2026-09-12T10:40:53Z,2026-09-12T10:40:53Z,1,22,INDIFFERENT,False
5Q9bAWGEkcE,El Paso,Marty Robbins,Gunfighter Ballads And Trail Songs,4:39,279,2026-09-12T10:40:53Z,2026-09-15T08:42:48Z,4,85,INDIFFERENT,False
5pvUqeH24_E,Asfalt Tango,Fanfare Ciocarlia,Baro Biao,6:13,373,2026-09-12T10:40:53Z,2026-09-16T08:37:24Z,3,177,INDIFFERENT,False
0bctXoFpO3c,Rasta Love Feat. Ky-Mani Marley (feat. Ky-Mani Marley),"Ky-Mani Marley, Protoje",The Seven Year Itch,3:06,186,2026-09-12T10:40:53Z,2026-09-24T08:29:18Z,7,388,INDIFFERENT,False
uUw7lzPAea4,Faded Love (feat. Leon Rausch),Bob Wills & His Texas Playboys,For The Last Time,3:19,199,2026-09-12T10:40:53Z,2026-09-24T08:29:18Z,9,203,INDIFFERENT,False
1AVxBedMP4I,Get Down On It,Kool & The Gang,Something Special,4:54,294,2026-09-12T10:40:53Z,2026-09-26T08:37:40Z,17,464,INDIFFERENT,False
GttDqsPt8zA,Yetesfa tezeta,Tèsfa-Maryam Kidané,Ethiopian Modern Instrumentals Hits,2:40,160,2026-09-12T10:40:53Z,2026-09-13T08:20:16Z,10,32,INDIFFERENT,False
gL290FmuH7U,Ciganka Medley,Shantel & Bucovina Club Orkestar,Mixtape Vol. 1,4:03,243,2026-09-12T10:40:53Z,2026-09-15T08:42:48Z,8,348,INDIFFERENT,False
4KeRvqM6oYw,Munaye,Mulatu Astatke,Ethiopian Modern Instrumentals Hits,5:04,304,2026-09-12T10:40:53Z,2026-09-12T11:25:40Z,5,309,INDIFFERENT,False
zjQZJk4J-FU,When They Ring Them Golden Bells,Tuba Skinny,Hot Town,4:29,269,2026-09-12T10:40:53Z,2026-09-12T11:08:41Z,4,48,INDIFFERENT,False
AZZoa8YC19w,Sadagora Hot Dub - Remixed by Shantel,Amsterdam Klezmer Band,Remixed,5:12,312,2026-09-12T10:40:53Z,2026-09-26T08:37:40Z,15,371,LIKE,False
4JUIfgIApPg,Hit 'Em up Style,"Carolina Chocolate Drops, Luminescent Orchestrii",Carolina Chocolate Drops / Luminescent Orchestrii,4:53,293,2026-09-12T10:40:53Z,2026-09-12T10:40:53Z,1,87,INDIFFERENT,False
_9FGx0hjmC8,Gypsy,Fleetwood Mac,Mirage,4:28,268,2026-09-12T10:40:53Z,2026-09-26T08:37:40Z,19,230,INDIFFERENT,False
y1HE8ug0N_g,Sola,"Dr. Chaii, Henri PFR",Sola,2:34,154,2026-09-12T10:40:53Z,2026-09-12T10:40:53Z,1,92,INDIFFERENT,False
_G3MhNgaRns,1901,Phoenix,Wolfgang Amadeus Phoenix,3:14,194,2026-09-12T10:40:53Z,2026-09-26T08:37:40Z,23,352,INDIFFERENT,False
B7KLIi2AALo,Johnny B. Goode (2002 Remaster),Peter Tosh,Mama Africa,4:05,245,2026-09-12T10:40:53Z,2026-09-25T08:51:12Z,15,392,INDIFFERENT,False
QLO0MrqDLXk,Movin (To The Top),Don Carlos,7 Days A Week,3:38,218,2026-09-12T10:40:53Z,2026-09-12T10:40:53Z,1,99,INDIFFERENT,False
qFAPOtnE-iM,Mètché Dershé,Mulatu Astatke,Ethiopian Modern Instrumentals Hits,4:01,241,2026-09-12T10:40:53Z,2026-09-12T19:59:58Z,7,14,INDIFFERENT,False
sc2yDWouuE4,Pack up Your Sorrows,"Peter, Paul and Mary","Peter, Paul and Mary Album",3:06,186,2026-09-12T10:40:53Z,2026-09-25T08:51:12Z,11,106,INDIFFERENT,False
DUCsULR6ODA,Smoke! Smoke! Smoke! (That Cigarette),Tex Williams,Vintage Collections,2:55,175,2026-09-12T10:40:53Z,2026-09-16T08:37:24Z,10,9,INDIFFERENT,False
FQQy5yMyLkE,Papa Chajes,Amsterdam Klezmer Band,Katla,3:10,190,2026-09-12T10:40:53Z,2026-09-15T08:42:48Z,14,238,INDIFFERENT,False
p38QeFhXxEs,Je cherche après Titine - Les yeux noirs,Opa Tsupa,Inédits,5:25,325,2026-09-12T10:40:53Z,2026-09-16T05:17:39Z,14,357,LIKE,False
ymU7ALaPIWQ,C'est Si Bon,Cafe Accordion Orchestra,Le Disque Francais,3:40,220,2026-09-12T10:40:53Z,2026-09-15T08:42:48Z,9,219,INDIFFERENT,False
f9ZrArVg14o,Acceleration,Spaceface,Lunar Manor,3:28,208,2026-09-12T10:40:53Z,2026-09-26T08:37:40Z,21,358,INDIFFERENT,False
a4IILmBqaD8,That's All Right,Arthur 'Big Boy' Crudup,That's All Right Mama,2:57,177,2026-09-12T10:40:53Z,2026-09-13T01:23:15Z,12,157,INDIFFERENT,False
zKzfcRUL_kk,Memories of Paris,Dan Newton,Afternoon in Paris,2:33,153,2026-09-12T10:40:53Z,2026-09-16T05:17:39Z,11,78,INDIFFERENT,False
3JIhUnD1SJg,Along the Navajo Trail,Bob Wills & His Texas Playboys,"Tiffany Transcriptions, Vol. 4",3:09,189,2026-09-12T10:40:53Z,2026-09-23T08:36:35Z,9,406,INDIFFERENT,False
XKx3W-1XVM4,Sugar Magnolia,Grateful Dead,American Beauty,3:20,200,2026-09-12T10:40:53Z,2026-09-21T08:58:47Z,7,109,INDIFFERENT,False
NnYpFrja4gU,This Train,"Peter, Paul and Mary","Peter, Paul and Mary",2:11,131,2026-09-12T10:40:53Z,2026-09-16T05:17:39Z,5,329,INDIFFERENT,False
KuGn5FCWvMs,"Ruby, Are You Mad at Your Man?",Carolina Chocolate Drops,Leaving Eden,3:47,227,2026-09-12T10:40:53Z,2026-09-26T08:37:40Z,9,326,INDIFFERENT,False
7HvjA7r2BK0,La Mer,Cafe Accordion Orchestra,Le Disque Francais,3:51,231,2026-09-12T10:40:53Z,2026-09-26T08:37:40Z,18,142,INDIFFERENT,False
2U91ELKMNlE,Natural Mystic,Bob Marley & The Wailers,Exodus,3:28,208,2026-09-12T10:40:53Z,2026-09-25T08:51:12Z,19,438,INDIFFERENT,False
d9rk01JpGHY,Satta Massagana,The Abyssinians,Satta Massagana,3:30,210,2026-09-12T10:40:53Z,2026-09-12T10:40:53Z,1,231,INDIFFERENT,False
ooel-79wV-c,Comedown,Parcels,Parcels,3:09,189,2026-09-12T10:40:53Z,2026-09-12T20:31:33Z,8,316,INDIFFERENT,False
C_b9dWLnf-0,Big Iron,Bobby Weir,Kingfish,4:30,270,2026-09-12T10:40:53Z,2026-09-12T11:25:40Z,3,333,INDIFFERENT,False
jifb-DuqrbE,Nobody Knows,Pastor T.L. Barrett & The Youth For Christ Choir,Like a Ship (Without a Sail),6:31,391,2026-09-12T10:40:53Z,2026-09-13T08:20:16Z,4,171,LIKE,True
v8VcdXUjT6o,School Boy Heart,Jimmy Buffett,Banana Wind,4:36,276,2026-09-12T10:40:53Z,2026-09-18T08:16:45Z,4,213,LIKE,True
yGFO1hRM3Pc,"Winken', Blinken And Nod",The Irish Rovers,Greatest Hits,3:15,195,2026-09-12T10:40:53Z,2026-09-12T19:46:51Z,3,339,LIKE,False
hZbOBaZ8KaY,María la Curandera,Natalia Lafourcade,De Todas las Flores,6:14,374,2026-09-12T10:40:53Z,2026-09-15T08:42:48Z,4,51,INDIFFERENT,False
aI7MtgFFwqw,Tag Along,Wayne Hancock,Thunderstorms and Neon Signs,2:19,139,2026-09-12T10:40:53Z,2026-09-26T08:37:40Z,20,384,INDIFFERENT,False
0KPQ8MszhxU,Izaura,Stan Getz,The Best Of Two Worlds,4:36,276,2026-09-12T10:40:53Z,2026-09-12T10:40:53Z,1,280,INDIFFERENT,False
oU6uUEwZ8FM,California Dreamin' (Single Version),The Mamas & The Papas,If You Can Believe Your Eyes & Ears,2:43,163,2026-09-12T10:40:53Z,2026-09-26T08:37:40Z,16,273,INDIFFERENT,False
JgaObOlFB2g,And When She Smiles (She Makes the Sun Shine),Matthews Southern Comfort,Later That Same Year,2:14,134,2026-09-12T10:40:53Z,2026-09-26T08:37:40Z,12,391,INDIFFERENT,False
0LByr0Qf4x8,Cherokee Maiden,Bob Wills,Columbia Historic Edition,2:59,179,2026-09-12T10:40:53Z,2026-09-26T08:37:40Z,2,306,LIKE,False
0jNcsO_4IJM,Miss Molly (feat. The Texas Playboys),Bob Wills,For The Last Time,2:21,141,2026-09-12T10:40:53Z,2026-09-12T20:31:33Z,6,406,INDIFFERENT,False
g5X6yGWNm3Y,Smokey Put the Sweat On Me,Kris Kristofferson,Border Lord,3:09,189,2026-09-12T10:40:53Z,2026-09-21T08:58:47Z,10,146,INDIFFERENT,False
YU-CPfOABJk,Utah Carol,Marty Robbins,Gunfighter Ballads And Trail Songs,3:14,194,2026-09-12T10:40:53Z,2026-09-23T08:36:35Z,7,82,INDIFFERENT,False
Vdyb_pK8UZs,Nothing I Can Do About It Now,Willie Nelson,A Horse Called Music,3:20,200,2026-09-12T10:40:53Z,2026-09-25T08:51:12Z,14,306,INDIFFERENT,False
e2ad7O8-5Xg,One Love / People Get Ready,Bob Marley & The Wailers,Exodus,2:53,173,2026-09-12T10:40:53Z,2026-09-12T10:40:53Z,1,325,INDIFFERENT,False
59HIAFE8G5w,Golden Days,Fanfare Ciocarlia,Gili Garabdi,3:58,238,2026-09-12T10:40:53Z,2026-09-15T08:42:48Z,10,418,INDIFFERENT,False
N2mkHHEdZGw,Songe d'Automne,Cafe Accordion Orchestra,Berets and Bongos,3:51,231,2026-09-12T10:40:53Z,2026-09-26T08:37:40Z,16,431,INDIFFERENT,False
-VHMoS903XI,Mahalageasca (Bucovina Dub),Mahala Rai Banda,Crammed Goes to the Movies,4:19,259,2026-09-12T10:40:53Z,2026-09-16T05:17:39Z,15,385,INDIFFERENT,False
Ei_g8u_jgto,Disko (Friends of Boban Mix) (feat. Boban Markovic Orkestar),Shantel,Disko,4:41,281,2026-09-12T10:40:53Z,2026-09-15T08:42:48Z,10,270,INDIFFERENT,False
fCMHa0J8eBk,Fly Me to the Moon,RAYE,Fly Me to the Moon,3:12,192,2026-09-12T10:40:53Z,2026-09-26T08:37:40Z,23,231,INDIFFERENT,False
JmHXXf3p9lI,Me Gustas Tu,Manu chao,Próxima Estación: Esperanza,4:00,240,2026-09-12T10:40:53Z,2026-09-16T08:37:24Z,5,322,INDIFFERENT,False
zayamXIjE8A,Boys Club,Ween,"Shinola, Vol. 1",3:07,187,2026-09-12T10:40:53Z,2026-09-12T11:18:11Z,4,3,INDIFFERENT,False
5sB8znHkquE,A Big Ball In Cowtown (We'll Dance Around),Bob Wills & His Texas Playboys,From The Heart Of Texas (Expanded Edition),2:12,132,2026-09-12T10:40:53Z,2026-09-16T08:37:24Z,5,313,INDIFFERENT,False
Yd9K-WgWDyM,Weed & Tings,"Protoje, Zion I Kings",In Search Of Zion,4:42,282,2026-09-12T10:40:53Z,2026-09-12T20:31:33Z,3,339,INDIFFERENT,False
AbcHbAFxUHI,Can't Stand Losing You,The Police,Outlandos D'Amour (Remastered 2003),2:59,179,2026-09-12T10:40:53Z,2026-09-26T08:37:40Z,8,390,INDIFFERENT,False
j1e5PxOXDVk,It Sure Was (Love) (feat. Rita Coolidge),Kris Kristofferson,Jesus Was a Capricorn,2:53,173,2026-09-12T10:40:53Z,2026-09-12T10:40:53Z,1,396,INDIFFERENT,False
tRD3se1sKiw,Bei mir bist Du Schoen,O Sister!,Stompin' in Joy,4:47,287,2026-09-12T10:40:53Z,2026-09-26T08:37:40Z,20,380,INDIFFERENT,False
Zk--7dzoRDU,A' Soalin',"Peter, Paul and Mary",Moving,3:17,197,2026-09-12T10:40:53Z,2026-09-15T08:42:48Z,5,412,INDIFFERENT,False
3ZmEueHHGL0,Learnin' To Love,Ween,La Cucaracha,2:25,145,2026-09-12T10:40:53Z,2026-09-16T08:37:24Z,5,201,INDIFFERENT,False
rYgy5gOy2ho,Dire Wolf (Live),Grateful Dead,Reckoning (Live),3:21,201,2026-09-12T10:40:53Z,2026-09-12T10:40:53Z,1,405,INDIFFERENT,False
hSk7ONMVsJw,"Out of Mind, Out of Sight",Kris Kristofferson,Jesus Was a Capricorn,3:01,181,2026-09-12T10:40:53Z,2026-09-26T08:37:40Z,11,420,INDIFFERENT,False
BKxoJKtoHP8,That's What I Like 'Bout The South (feat. The Texas Playboys),Bob Wills,For The Last Time,2:46,166,2026-09-12T10:40:53Z,2026-09-23T08:36:35Z,8,286,INDIFFERENT,False
PisLvog87PQ,Run Mountain,Carolina Chocolate Drops,Leaving Eden,2:04,124,2026-09-12T10:40:53Z,2026-09-12T19:46:51Z,4,164,INDIFFERENT,False
Ri35OpRDBTo,Runnin' Wild,Avalon Jazz Band,I Wish You Love,2:46,166,2026-09-12T10:40:53Z,2026-09-15T08:42:48Z,9,490,INDIFFERENT,False
Ui4Bzh_0OCs,If You've Got The Money I've Got The Time,The Little Willies,For The Good Times,1:47,107,2026-09-12T10:40:53Z,2026-09-26T08:37:40Z,13,147,INDIFFERENT,False
wBiRZ080AHg,I Ain't Gonna Give Nobody None...,"Asleep at the Wheel, Willie Nelson",Willie and the Wheel,3:12,192,2026-09-12T10:40:53Z,2026-09-17T08:41:05Z,4,404,INDIFFERENT,False
aRgwMp6-hBo,Devil Woman,Marty Robbins,The Story Of My Life: The Best Of Marty Robbins 1952-1965,2:53,173,2026-09-12T10:40:53Z,2026-09-26T08:37:40Z,19,325,INDIFFERENT,False
AMdJ8-fv0vo,Benja Ouverture,Amsterdam Klezmer Band,Benja,6:26,386,2026-09-12T10:40:53Z,2026-09-15T08:42:48Z,2,316,INDIFFERENT,False
KQBzlPcpRoY,Bohemienne,Cafe Accordion Orchestra,Dancing On the Moon,4:23,263,2026-09-12T10:40:53Z,2026-09-26T08:37:40Z,14,94,INDIFFERENT,False
tDcA7m8IyNk,Overnight,Parcels,Overnight,3:40,220,2026-09-12T10:40:53Z,2026-09-12T20:18:18Z,9,172,INDIFFERENT,False
uSOUHMd87T8,Respira,Natalia Doco,El Buen Gualicho,4:09,249,2026-09-12T10:40:53Z,2026-09-16T08:37:24Z,6,284,INDIFFERENT,False
LYRlm_oc8mM,Tu Romnie,Fanfare Ciocarlia,Iag Bari,3:36,216,2026-09-12T10:40:53Z,2026-09-15T08:42:48Z,10,324,INDIFFERENT,False
YnIBlnzJGLA,Rapper's Delight/Chandelier Mash Up,The Puppini Sisters,The High Life,2:40,160,2026-09-12T10:40:53Z,2026-09-25T08:51:12Z,17,460,INDIFFERENT,False
h-XSA405U90,Agradezco,"LovLenka, Xuqutopi",Templo de Amor,7:18,438,2026-09-12T10:40:53Z,2026-09-26T08:37:40Z,18,86,INDIFFERENT,False
uYh9MwKQnb8,"The Legend of John Henry's Hammer (Live at Folsom State Prison, Folsom, CA (1st Show) - January 1968)",Johnny Cash,At Folsom Prison (Legacy Edition),7:06,426,2026-09-12T10:40:53Z,2026-09-26T08:37:40Z,14,461,INDIFFERENT,False
MFIpx1wbIBY,Mahalageasca (Bucovina Dub),Shantel feat. Mahala Rai Banda,Mixtape Vol. 1,4:22,262,2026-09-12T10:40:53Z,2026-09-24T08:29:18Z,14,492,LIKE,True
bSiGt3TgcmE,Wild World,Maxi Priest,The Best Of Me,3:36,216,2026-09-12T10:40:53Z,2026-09-24T08:29:18Z,11,176,INDIFFERENT,False
Hd3Nuch-DFc,"Usti, Usti Baba",Shantel,Planet Paprika,4:16,256,2026-09-12T10:40:53Z,2026-09-15T08:42:48Z,8,475,INDIFFERENT,False
ibvF9FPqfUs,Ya Rayah,Shantel,Mixtape Vol. 1,4:08,248,2026-09-12T10:40:53Z,2026-09-15T08:42:48Z,7,440,INDIFFERENT,False
cleCtBP0o5Y,You're So Vain,Carly Simon,No Secrets,4:19,259,2026-09-12T10:40:53Z,2026-09-26T08:37:40Z,11,345,INDIFFERENT,False
ZlCcq7MyVfA,Bad Boys,Inner Circle,Sweat (A La La La La Long),3:52,232,2026-09-12T10:40:53Z,2026-09-16T05:17:39Z,7,455,INDIFFERENT,False
nbU3Alw5GRQ,Andante Levante,ShanteL Polska,Disko Partizani,5:38,338,2026-09-12T10:40:53Z,2026-09-24T08:29:18Z,14,487,INDIFFERENT,False
Rish18_5O9A,Go Marko Go (Remix),Boban i Marko Markovic Orkestar,Golden Horns - Best of Boban i Marko Markovic Orkestar,3:20,200,2026-09-12T10:40:53Z,2026-09-12T19:59:58Z,4,274,INDIFFERENT,False
KCW_VhYMFTE,Bring Me Your Cup (Edit),UB40,The Very Best Of,4:10,250,2026-09-12T10:40:53Z,2026-09-12T10:40:53Z,1,483,INDIFFERENT,False
hOXKX0muDb0,Borino Oro (itunes exclusiv),Shantel,Mixtape Vol. 1,3:07,187,2026-09-12T10:40:53Z,2026-09-21T08:58:47Z,6,393,INDIFFERENT,False
wnKc4zi0MLA,Super Freak,Rick James,Street Songs (Expanded Edition),3:25,205,2026-09-12T10:40:53Z,2026-09-25T08:51:12Z,12,456,INDIFFERENT,False
bWyYEjHsoYU,Kiss You Forever,Poolside,Pacific Standard Time,5:33,333,2026-09-12T10:40:53Z,2026-09-12T19:59:58Z,3,275,INDIFFERENT,False
Jn4QCvxzsqw,Paradise,Stick Figure,Paradise,4:11,251,2026-09-12T10:40:53Z,2026-09-26T08:37:40Z,12,483,INDIFFERENT,False
cyBqEaI204g,Ailili (Shantel DUB),Shantel & Fanfare Ciocarlia,Shantology // The Bucovina Club Years,4:10,250,2026-09-12T10:40:53Z,2026-09-15T08:42:48Z,7,197,INDIFFERENT,False
ZS4m67ElJzU,Send Me On My Way,Rusted Root,When I Woke,4:24,264,2026-09-12T10:40:53Z,2026-09-24T08:29:18Z,16,454,INDIFFERENT,False
ZHLNudYcQ0c,The Zephyr Song,Red Hot Chili Peppers,By the Way (Deluxe Edition),3:52,232,2026-09-12T10:40:53Z,2026-09-25T08:51:12Z,13,481,INDIFFERENT,False
tXgReZFB1SY,Friend of the Devil,Grateful Dead,American Beauty,3:25,205,2026-09-12T10:40:53Z,2026-09-26T08:37:40Z,15,347,INDIFFERENT,False
